phase,frame,frameMs,cpuFrameMs,mainThreadMs,gpuMs,drawCalls,gcBytes,unityGraphicsBytes,focused,damagedPending,exploded,escaped,beams,reactorEffects
FleetPanorama,1,13.23960,12.39690,13.23640,4.27110,,,,1,0,0,0,0,0
FleetPanorama,2,12.89750,12.95330,12.89530,3.70176,,,,1,0,0,0,0,0
FleetPanorama,3,13.43890,15.71520,13.43530,4.47181,,,,1,0,0,0,0,0
FleetPanorama,4,13.54590,13.23900,13.54020,4.19226,,,,1,0,0,0,0,0
FleetPanorama,5,12.09370,12.90030,12.09410,4.23014,,,,1,0,0,0,0,0
FleetPanorama,6,12.29750,13.43920,12.28560,4.19635,,,,1,0,0,0,0,0
FleetPanorama,7,11.63920,13.54280,11.63900,4.25062,,,,1,0,0,0,0,0
FleetPanorama,8,14.54820,12.10370,14.53990,4.26701,,,,1,0,0,0,0,0
FleetPanorama,9,13.80110,12.28810,13.79850,4.33664,,,,1,0,0,0,0,0
FleetPanorama,10,13.81910,11.64490,13.81530,4.19328,,,,1,0,0,0,0,0
FleetPanorama,11,14.80980,14.54240,14.80720,4.18714,,,,1,0,0,0,0,0
FleetPanorama,12,9.82590,13.80160,9.82640,4.89370,,,,1,0,0,0,0,0
FleetPanorama,13,13.31910,13.81860,13.30600,4.18714,,,,1,0,0,0,0,0
FleetPanorama,14,12.53980,14.81060,12.53630,4.19942,,,,1,0,0,0,0,0
FleetPanorama,15,10.19290,9.83600,10.19650,4.41344,,,,1,0,0,0,0,0
FleetPanorama,16,11.52520,13.30900,11.50090,4.17280,,,,1,0,0,0,0,0
FleetPanorama,17,12.24100,12.54000,12.23360,4.18099,,,,1,0,0,0,0,0
FleetPanorama,18,12.78760,10.21570,12.77900,4.18099,,,,1,0,0,0,0,0
FleetPanorama,19,13.22210,11.50830,13.21980,4.24858,,,,1,0,0,0,0,0
FleetPanorama,20,13.45570,12.24040,13.44530,4.16563,,,,1,0,0,0,0,0
FleetPanorama,21,12.34710,12.78210,12.34410,4.14413,,,,1,0,0,0,0,0
FleetPanorama,22,12.66250,13.22920,12.65960,4.16154,,,,1,0,0,0,0,0
FleetPanorama,23,13.74190,13.44820,13.73860,4.16154,,,,1,0,0,0,0,0
FleetPanorama,24,14.74470,12.34720,14.74110,4.18714,,,,1,0,0,0,0,0
FleetPanorama,25,13.42040,12.66280,13.41740,4.03968,,,,1,0,0,0,0,0
FleetPanorama,26,15.66490,13.74210,15.66060,4.08166,,,,1,0,0,0,0,0
FleetPanorama,27,13.13630,14.74420,14.05830,4.23936,,,,1,0,0,0,0,0
FleetPanorama,28,11.97200,13.42130,11.73100,4.15539,,,,1,0,0,0,0,0
FleetPanorama,29,12.60760,15.66470,12.04460,4.06221,,,,1,0,0,0,0,0
FleetPanorama,30,13.19290,14.06280,13.13860,4.06221,,,,1,0,0,0,0,0
FleetPanorama,31,12.42740,11.73920,12.45060,4.09805,,,,1,0,0,0,0,0
FleetPanorama,32,10.97560,12.04650,10.98750,4.02637,,,,1,0,0,0,0,0
FleetPanorama,33,11.48130,13.14050,11.52330,4.04480,,,,1,0,0,0,0,0
FleetPanorama,34,12.11550,12.45270,12.12560,4.07142,,,,1,0,0,0,0,0
FleetPanorama,35,12.59810,10.99160,12.43540,4.09293,,,,1,0,0,0,0,0
FleetPanorama,36,12.19180,11.52860,12.19010,4.03354,,,,1,0,0,0,0,0
FleetPanorama,37,12.68130,12.12650,12.68020,4.03456,,,,1,0,0,0,0,0
FleetPanorama,38,12.69850,12.43710,12.97830,4.08576,,,,1,0,0,0,0,0
FleetPanorama,39,11.81720,12.19200,11.53600,4.03046,,,,1,0,0,0,0,0
FleetPanorama,40,10.31740,12.68280,10.34800,4.04480,,,,1,0,0,0,0,0
FleetPanorama,41,12.92690,12.98160,12.99060,4.20659,,,,1,0,0,0,0,0
FleetPanorama,42,12.81010,11.53750,12.69880,4.07424,,,,1,0,0,0,0,0
FleetPanorama,43,13.91860,10.35270,14.01580,3.98746,,,,1,0,0,0,0,0
FleetPanorama,44,13.66700,12.99340,13.57510,4.01408,,,,1,0,0,0,0,0
FleetPanorama,45,11.94840,12.70050,11.94510,3.38432,,,,1,0,0,0,0,0
FleetPanorama,46,10.91460,14.01770,10.93560,3.38534,,,,1,0,0,0,0,0
FleetPanorama,47,11.02749,13.57650,11.07590,3.37510,,,,1,0,0,0,0,0
FleetPanorama,48,12.86271,11.94670,12.78540,4.03661,,,,1,0,0,0,0,0
FleetPanorama,49,13.04380,10.93950,13.03360,4.05709,,,,1,0,0,0,0,0
FleetPanorama,50,12.20110,11.08230,12.24450,3.38534,,,,1,0,0,0,0,0
FleetPanorama,51,12.43520,12.78720,12.41480,4.01306,,,,1,0,0,0,0,0
FleetPanorama,52,12.81171,13.03560,13.20240,4.02534,,,,1,0,0,0,0,0
FleetPanorama,53,11.34260,12.25050,10.97030,4.00077,,,,1,0,0,0,0,0
FleetPanorama,54,10.77170,12.41780,10.73580,4.24653,,,,1,0,0,0,0,0
FleetPanorama,55,11.12190,13.20670,11.14440,4.06938,,,,1,0,0,0,0,0
FleetPanorama,56,11.92700,10.98260,12.83440,3.34234,,,,1,0,0,0,0,0
FleetPanorama,57,13.23861,10.74440,12.28310,4.02330,,,,1,0,0,0,0,0
FleetPanorama,58,12.77970,11.15280,12.99730,4.01510,,,,1,0,0,0,0,0
FleetPanorama,59,13.18820,12.84780,12.92130,3.38022,,,,1,0,0,0,0,0
FleetPanorama,60,12.61120,12.29210,12.60990,4.02330,,,,1,0,0,0,0,0
FleetPanorama,61,13.25220,13.00310,13.30930,4.02637,,,,1,0,0,0,0,0
FleetPanorama,62,12.28150,12.92270,12.38810,4.05402,,,,1,0,0,0,0,0
FleetPanorama,63,12.79110,12.61250,12.62020,4.25779,,,,1,0,0,0,0,0
FleetPanorama,64,12.93270,13.31280,12.98840,4.02432,,,,1,0,0,0,0,0
FleetPanorama,65,13.51360,12.39020,13.45750,4.04173,,,,1,0,0,0,0,0
FleetPanorama,66,13.94330,12.62210,13.93900,4.01510,,,,1,0,0,0,0,0
FleetPanorama,67,12.48630,12.99020,12.52900,3.34746,,,,1,0,0,0,0,0
FleetPanorama,68,10.87890,13.45910,12.03960,4.02534,,,,1,0,0,0,0,0
FleetPanorama,69,12.25031,13.94070,11.24060,4.05606,,,,1,0,0,0,0,0
FleetPanorama,70,12.14870,12.53140,12.02840,4.04890,,,,1,0,0,0,0,0
FleetPanorama,71,10.88850,12.04320,11.05600,4.08678,,,,1,0,0,0,0,0
FleetPanorama,72,9.90660,11.24580,9.96400,4.03661,,,,1,0,0,0,0,0
FleetPanorama,73,14.44709,12.02990,14.22470,3.36691,,,,1,0,0,0,0,0
FleetPanorama,74,12.37740,11.05950,12.36880,4.00998,,,,1,0,0,0,0,0
FleetPanorama,75,11.39030,9.96690,11.54400,4.29363,,,,1,0,0,0,0,0
FleetPanorama,76,11.24100,14.22790,11.23140,4.72678,,,,1,0,0,0,0,0
FleetPanorama,77,13.09800,12.37230,14.04550,4.04480,,,,1,0,0,0,0,0
FleetPanorama,78,14.91980,11.54540,13.80920,3.96288,,,,1,0,0,0,0,0
FleetPanorama,79,12.55430,11.23650,12.46260,4.09293,,,,1,0,0,0,0,0
FleetPanorama,80,12.00480,14.05270,12.09440,4.07040,,,,1,0,0,0,0,0
FleetPanorama,81,12.18030,13.81130,12.15010,4.04787,,,,1,0,0,0,0,0
FleetPanorama,82,11.61760,12.46430,12.50410,4.03456,,,,1,0,0,0,0,0
FleetPanorama,83,10.89700,12.09690,10.29330,4.03558,,,,1,0,0,0,0,0
FleetPanorama,84,12.98770,12.15230,12.67240,4.02637,,,,1,0,0,0,0,0
FleetPanorama,85,11.72130,12.50690,11.75800,4.06221,,,,1,0,0,0,0,0
FleetPanorama,86,10.94290,10.29660,11.48000,4.04787,,,,1,0,0,0,0,0
FleetPanorama,87,11.48240,12.67440,11.04380,4.06221,,,,1,0,0,0,0,0
FleetPanorama,88,12.60790,11.75960,12.50450,3.90861,,,,1,0,0,0,0,0
FleetPanorama,89,13.78810,11.48490,13.73550,3.24096,,,,1,0,0,0,0,0
FleetPanorama,90,13.30429,11.04690,13.40150,4.54349,,,,1,0,0,0,0,0
FleetPanorama,91,13.33790,12.50830,13.22530,3.94138,,,,1,0,0,0,0,0
FleetPanorama,92,12.31420,13.73730,12.33260,3.91066,,,,1,0,0,0,0,0
FleetPanorama,93,11.77389,13.40300,11.80050,3.90554,,,,1,0,0,0,0,0
FleetPanorama,94,11.94530,13.22760,11.86290,3.91782,,,,1,0,0,0,0,0
FleetPanorama,95,9.91630,12.33430,9.97710,3.92090,,,,1,0,0,0,0,0
FleetPanorama,96,13.03710,11.80650,12.97510,3.90758,,,,1,0,0,0,0,0
FleetPanorama,97,12.78990,11.86490,12.78730,3.96800,,,,1,0,0,0,0,0
FleetPanorama,98,11.69050,9.98180,11.69360,4.08883,,,,1,0,0,0,0,0
FleetPanorama,99,12.40490,12.97630,12.39380,3.91578,,,,1,0,0,0,0,0
FleetPanorama,100,11.53960,12.79020,11.65840,3.92397,,,,1,0,0,0,0,0
FleetPanorama,101,13.17600,11.69560,13.05340,3.93728,,,,1,0,0,0,0,0
FleetPanorama,102,12.15330,12.39720,12.13720,3.93728,,,,1,0,0,0,0,0
FleetPanorama,103,12.92230,11.66050,12.90990,3.98848,,,,1,0,0,0,0,0
FleetPanorama,104,12.33150,13.05480,12.32870,3.90042,,,,1,0,0,0,0,0
FleetPanorama,105,11.95790,12.14090,11.96260,3.88096,,,,1,0,0,0,0,0
FleetPanorama,106,11.99780,12.91200,11.97830,3.88096,,,,1,0,0,0,0,0
FleetPanorama,107,12.26150,12.33190,12.26160,3.90246,,,,1,0,0,0,0,0
FleetPanorama,108,13.53350,11.97590,13.52640,3.90246,,,,1,0,0,0,0,0
FleetPanorama,109,14.26030,11.98190,14.25420,3.86560,,,,1,0,0,0,0,0
FleetPanorama,110,12.03780,12.26450,12.03970,3.94854,,,,1,0,0,0,0,0
FleetPanorama,111,13.36300,13.53240,13.35070,3.93830,,,,1,0,0,0,0,0
FleetPanorama,112,12.62610,14.25670,12.62110,3.93830,,,,1,0,0,0,0,0
FleetPanorama,113,12.44941,12.04820,12.44600,3.89530,,,,1,0,0,0,0,0
FleetPanorama,114,11.99200,13.35480,11.99020,3.92294,,,,1,0,0,0,0,0
FleetPanorama,115,12.76900,12.62430,12.76360,3.90349,,,,1,0,0,0,0,0
FleetPanorama,116,12.77380,12.44970,12.76850,3.90144,,,,1,0,0,0,0,0
FleetPanorama,117,12.87080,11.99530,12.86540,3.90861,,,,1,0,0,0,0,0
FleetPanorama,118,14.75870,12.76790,14.75500,3.93216,,,,1,0,0,0,0,0
FleetPanorama,119,10.99920,12.77370,11.00010,3.90144,,,,1,0,0,0,0,0
FleetPanorama,120,12.55110,12.86940,12.54350,3.24915,,,,1,0,0,0,0,0
FleetPanorama,121,14.36870,14.75800,14.35560,3.91885,,,,1,0,0,0,0,0
FleetPanorama,122,12.87170,11.00870,12.86710,3.92806,,,,1,0,0,0,0,0
FleetPanorama,123,13.53260,12.55260,13.53040,3.87379,,,,1,0,0,0,0,0
FleetPanorama,124,12.27800,14.35920,12.27260,3.88608,,,,1,0,0,0,0,0
FleetPanorama,125,13.35470,12.87010,13.35280,4.09088,,,,1,0,0,0,0,0
FleetPanorama,126,13.67670,13.53450,13.67350,3.25222,,,,1,0,0,0,0,0
FleetPanorama,127,14.54940,12.27480,14.54380,3.21843,,,,1,0,0,0,0,0
FleetPanorama,128,12.74070,13.35630,12.73910,3.91270,,,,1,0,0,0,0,0
FleetPanorama,129,12.62261,13.67830,12.61680,3.92806,,,,1,0,0,0,0,0
FleetPanorama,130,12.78570,14.54670,12.77980,3.89632,,,,1,0,0,0,0,0
FleetPanorama,131,11.56050,12.74520,11.56480,4.17997,,,,1,0,0,0,0,0
FleetPanorama,132,10.61520,12.62130,10.60710,3.34541,,,,1,0,0,0,0,0
FleetPanorama,133,13.23110,12.78270,13.21910,3.91168,,,,1,0,0,0,0,0
FleetPanorama,134,14.33130,11.57220,14.31480,3.92704,,,,1,0,0,0,0,0
FleetPanorama,135,13.27650,10.61770,13.27380,3.92704,,,,1,0,0,0,0,0
FleetPanorama,136,14.29510,13.23060,14.29300,4.15334,,,,1,0,0,0,0,0
FleetPanorama,137,13.73750,14.31740,13.73260,3.90451,,,,1,0,0,0,0,0
FleetPanorama,138,10.97300,13.27660,10.97480,3.93114,,,,1,0,0,0,0,0
FleetPanorama,139,12.74070,14.29680,12.72620,3.23891,,,,1,0,0,0,0,0
FleetPanorama,140,12.23009,13.73650,12.22780,3.91066,,,,1,0,0,0,0,0
FleetPanorama,141,11.91441,10.98420,11.91270,3.88710,,,,1,0,0,0,0,0
FleetPanorama,142,12.77890,12.72900,12.77200,3.32083,,,,1,0,0,0,0,0
FleetPanorama,143,11.54650,12.23160,11.54360,3.89632,,,,1,0,0,0,0,0
FleetPanorama,144,13.03500,11.91750,13.02680,3.25734,,,,1,0,0,0,0,0
FleetPanorama,145,11.97971,12.77590,11.97840,3.92704,,,,1,0,0,0,0,0
FleetPanorama,146,11.65680,11.55060,11.65510,3.93011,,,,1,0,0,0,0,0
FleetPanorama,147,11.99830,13.02990,11.98730,3.92192,,,,1,0,0,0,0,0
FleetPanorama,148,14.52360,11.98330,14.50760,3.92192,,,,1,0,0,0,0,0
FleetPanorama,149,12.23870,11.66600,12.24010,3.88710,,,,1,0,0,0,0,0
FleetPanorama,150,14.50050,11.99850,14.48630,3.94854,,,,1,0,0,0,0,0
FleetPanorama,151,13.35890,14.51110,13.35450,3.89939,,,,1,0,0,0,0,0
FleetPanorama,152,12.13350,12.25000,12.13110,3.98438,,,,1,0,0,0,0,0
FleetPanorama,153,11.36480,14.48910,11.36370,3.94240,,,,1,0,0,0,0,0
FleetPanorama,154,11.92190,13.35760,11.91560,3.90861,,,,1,0,0,0,0,0
FleetPanorama,155,12.14560,12.13400,12.13910,3.89939,,,,1,0,0,0,0,0
FleetPanorama,156,12.60830,11.36960,12.60130,3.89939,,,,1,0,0,0,0,0
FleetPanorama,157,11.52540,11.92230,11.52300,3.93011,,,,1,0,0,0,0,0
FleetPanorama,158,14.65900,12.14500,14.64910,3.21741,,,,1,0,0,0,0,0
FleetPanorama,159,12.24490,12.60500,12.24720,3.91578,,,,1,0,0,0,0,0
FleetPanorama,160,12.54800,11.53130,12.41200,3.91578,,,,1,0,0,0,0,0
FleetPanorama,161,12.55490,14.65120,12.55410,3.88608,,,,1,0,0,0,0,0
FleetPanorama,162,13.20620,12.37830,13.20150,3.90349,,,,1,0,0,0,0,0
FleetPanorama,163,12.43350,12.41400,12.42990,3.87277,,,,1,0,0,0,0,0
FleetPanorama,164,9.25530,12.55780,9.25660,3.90246,,,,1,0,0,0,0,0
FleetPanorama,165,14.75150,13.20530,14.73790,3.86560,,,,1,0,0,0,0,0
FleetPanorama,166,14.06849,12.43350,14.06320,3.87789,,,,1,0,0,0,0,0
FleetPanorama,167,10.56340,9.26730,10.56030,4.07142,,,,1,0,0,0,0,0
FleetPanorama,168,10.17540,14.74120,10.17560,3.84410,,,,1,0,0,0,0,0
FleetPanorama,169,13.15730,14.06620,13.14710,3.21536,,,,1,0,0,0,0,0
FleetPanorama,170,12.11110,10.56770,12.10510,3.21536,,,,1,0,0,0,0,0
FleetPanorama,171,12.95270,10.18320,12.94630,3.84512,,,,1,0,0,0,0,0
FleetPanorama,172,11.19600,13.14940,11.19370,3.86355,,,,1,0,0,0,0,0
FleetPanorama,173,10.69770,12.11020,10.70100,3.86970,,,,1,0,0,0,0,0
FleetPanorama,174,13.46280,12.94890,13.42790,3.86970,,,,1,0,0,0,0,0
FleetPanorama,175,14.17190,11.20080,14.16610,3.87072,,,,1,0,0,0,0,0
FleetPanorama,176,12.35930,10.72600,12.35580,3.85536,,,,1,0,0,0,0,0
FleetPanorama,177,14.14610,13.43300,14.14360,4.08474,,,,1,0,0,0,0,0
FleetPanorama,178,11.68000,14.16910,11.67640,3.23482,,,,1,0,0,0,0,0
FleetPanorama,179,10.99730,12.35890,10.99580,3.21331,,,,1,0,0,0,0,0
FleetPanorama,180,13.28410,14.14640,13.27100,3.88608,,,,1,0,0,0,0,0
FleetPanorama,181,13.99440,11.68050,13.99090,3.87686,,,,1,0,0,0,0,0
FleetPanorama,182,15.10400,11.00740,15.10710,3.86458,,,,1,0,0,0,0,0
FleetPanorama,183,10.61130,13.27390,10.60130,3.86458,,,,1,0,0,0,0,0
FleetPanorama,184,14.48140,13.99370,14.47100,3.86867,,,,1,0,0,0,0,0
FleetPanorama,185,10.11220,15.11240,10.11120,3.86765,,,,1,0,0,0,0,0
FleetPanorama,186,11.36610,10.61060,11.35840,3.88813,,,,1,0,0,0,0,0
FleetPanorama,187,12.32700,14.47450,12.31650,3.87072,,,,1,0,0,0,0,0
FleetPanorama,188,11.86300,10.11910,11.86500,3.87482,,,,1,0,0,0,0,0
FleetPanorama,189,11.56570,11.36620,11.55880,3.85843,,,,1,0,0,0,0,0
FleetPanorama,190,16.84430,12.31810,16.82810,3.85843,,,,1,0,0,0,0,0
FleetPanorama,191,12.01470,11.87370,12.01450,3.86867,,,,1,0,0,0,0,0
FleetPanorama,192,12.04550,11.57080,12.03480,3.96288,,,,1,0,0,0,0,0
FleetPanorama,193,11.38970,16.83180,11.38660,3.22150,,,,1,0,0,0,0,0
FleetPanorama,194,11.98900,12.02080,11.98250,3.97517,,,,1,0,0,0,0,0
FleetPanorama,195,10.07840,12.03830,10.07050,3.87686,,,,1,0,0,0,0,0
FleetPanorama,196,12.80220,11.39250,12.79830,3.86150,,,,1,0,0,0,0,0
FleetPanorama,197,11.06010,11.99210,11.05320,3.88710,,,,1,0,0,0,0,0
FleetPanorama,198,11.29560,10.07420,11.28320,3.92806,,,,1,0,0,0,0,0
FleetPanorama,199,13.49760,12.80940,13.48650,3.88096,,,,1,0,0,0,0,0
FleetPanorama,200,13.94970,11.06500,13.94610,3.90861,,,,1,0,0,0,0,0
FleetPanorama,201,12.90630,11.28940,12.90380,3.83386,,,,1,0,0,0,0,0
FleetPanorama,202,12.52760,13.48940,12.52370,3.91987,,,,1,0,0,0,0,0
FleetPanorama,203,13.23180,13.94960,13.22850,3.88813,,,,1,0,0,0,0,0
FleetPanorama,204,12.11910,12.90680,12.12140,3.87891,,,,1,0,0,0,0,0
FleetPanorama,205,12.49980,12.52690,12.48740,3.86765,,,,1,0,0,0,0,0
FleetPanorama,206,12.28660,13.23150,12.28330,3.94035,,,,1,0,0,0,0,0
FleetPanorama,207,12.69800,12.12990,12.69470,3.90451,,,,1,0,0,0,0,0
FleetPanorama,208,12.99230,12.48990,12.98750,3.89120,,,,1,0,0,0,0,0
FleetPanorama,209,13.05150,12.28700,13.05360,3.87994,,,,1,0,0,0,0,0
FleetPanorama,210,10.97870,12.69830,10.96840,3.90656,,,,1,0,0,0,0,0
FleetPanorama,211,14.83000,12.99010,14.81250,3.88403,,,,1,0,0,0,0,0
FleetPanorama,212,13.28220,13.06560,13.27950,3.90758,,,,1,0,0,0,0,0
FleetPanorama,213,12.60450,10.98020,12.59900,3.87686,,,,1,0,0,0,0,0
FleetPanorama,214,11.72171,14.81510,11.72040,3.91475,,,,1,0,0,0,0,0
FleetPanorama,215,11.87630,13.28480,11.86940,3.87789,,,,1,0,0,0,0,0
FleetPanorama,216,13.07860,12.60210,13.07380,4.03149,,,,1,0,0,0,0,0
FleetPanorama,217,14.21060,11.72570,14.20740,4.14720,,,,1,0,0,0,0,0
FleetPanorama,218,12.75200,11.87420,12.74850,3.90349,,,,1,0,0,0,0,0
FleetPanorama,219,11.25510,13.07710,11.25620,3.89530,,,,1,0,0,0,0,0
FleetPanorama,220,11.76270,14.21070,11.74900,3.88608,,,,1,0,0,0,0,0
FleetPanorama,221,11.99200,12.75210,11.97600,3.88915,,,,1,0,0,0,0,0
FleetPanorama,222,11.74330,11.26920,11.74040,3.88915,,,,1,0,0,0,0,0
FleetPanorama,223,10.11170,11.76360,10.10260,3.20410,,,,1,0,0,0,0,0
FleetPanorama,224,11.69350,11.98180,11.68810,3.88710,,,,1,0,0,0,0,0
FleetPanorama,225,11.11170,11.74770,11.09930,3.89734,,,,1,0,0,0,0,0
FleetPanorama,226,12.66920,10.10950,12.66150,3.89734,,,,1,0,0,0,0,0
FleetPanorama,227,9.96880,11.69700,9.96950,3.87789,,,,1,0,0,0,0,0
FleetPanorama,228,13.99080,11.10470,13.98230,4.07552,,,,1,0,0,0,0,0
FleetPanorama,229,12.65210,12.66480,12.64870,3.99872,,,,1,0,0,0,0,0
FleetPanorama,230,14.03421,9.97450,14.03240,3.99872,,,,1,0,0,0,0,0
FleetPanorama,231,12.35280,13.98600,12.35070,3.87686,,,,1,0,0,0,0,0
FleetPanorama,232,12.33490,12.65040,12.32840,3.71917,,,,1,0,0,0,0,0
FleetPanorama,233,11.96500,14.03620,11.96880,3.71917,,,,1,0,0,0,0,0
FleetPanorama,234,14.47440,12.35620,14.46300,3.96288,,,,1,0,0,0,0,0
FleetPanorama,235,13.74790,12.33120,13.74450,3.70893,,,,1,0,0,0,0,0
FleetPanorama,236,12.09410,11.97250,12.09760,3.78880,,,,1,0,0,0,0,0
FleetPanorama,237,12.11440,14.46650,12.09580,3.72122,,,,1,0,0,0,0,0
FleetPanorama,238,12.31620,13.74780,12.30070,3.79392,,,,1,0,0,0,0,0
FleetPanorama,239,11.17580,12.11350,11.17600,3.76525,,,,1,0,0,0,0,0
FleetPanorama,240,11.97240,12.10810,11.96250,3.72838,,,,1,0,0,0,0,0
FleetPanorama,241,11.73280,12.30370,11.72750,3.86355,,,,1,0,0,0,0,0
FleetPanorama,242,11.03060,11.18290,11.03330,3.72736,,,,1,0,0,0,0,0
FleetPanorama,243,12.89690,11.96600,12.88140,3.71200,,,,1,0,0,0,0,0
FleetPanorama,244,10.26550,11.73000,10.26300,3.71200,,,,1,0,0,0,0,0
FleetPanorama,245,14.67790,11.04470,14.67020,3.73146,,,,1,0,0,0,0,0
FleetPanorama,246,11.76520,12.88530,11.76240,3.68640,,,,1,0,0,0,0,0
FleetPanorama,247,10.94041,10.26890,10.94210,3.71814,,,,1,0,0,0,0,0
FleetPanorama,248,11.44540,14.67260,11.43950,3.06586,,,,1,0,0,0,0,0
FleetPanorama,249,10.26010,11.76590,10.25030,3.80902,,,,1,0,0,0,0,0
FleetPanorama,250,11.37800,10.94850,11.37500,3.68026,,,,1,0,0,0,0,0
FleetPanorama,251,12.74780,11.44640,12.73260,3.06790,,,,1,0,0,0,0,0
FleetPanorama,252,12.66230,10.25720,12.65970,3.66694,,,,1,0,0,0,0,0
FleetPanorama,253,12.01499,11.38490,12.01110,3.89120,,,,1,0,0,0,0,0
FleetPanorama,254,10.17140,12.73440,10.17180,3.71712,,,,1,0,0,0,0,0
FleetPanorama,255,12.23050,12.66330,12.22370,3.73248,,,,1,0,0,0,0,0
FleetPanorama,256,12.64550,12.01360,12.62620,3.73248,,,,1,0,0,0,0,0
FleetPanorama,257,11.74980,10.18570,11.74680,3.69869,,,,1,0,0,0,0,0
FleetPanorama,258,10.90770,12.23400,10.90490,3.79494,,,,1,0,0,0,0,0
FleetPanorama,259,11.38090,12.62900,11.37740,3.74272,,,,1,0,0,0,0,0
FleetPanorama,260,12.54550,11.75070,12.53350,3.74272,,,,1,0,0,0,0,0
FleetPanorama,261,12.76981,10.91210,12.75680,3.72224,,,,1,0,0,0,0,0
FleetPanorama,262,15.81900,11.38720,15.81430,3.09555,,,,1,0,0,0,0,0
FleetPanorama,263,13.71580,12.54490,13.70730,3.09555,,,,1,0,0,0,0,0
FleetPanorama,264,10.49310,12.76150,10.52290,3.73965,,,,1,0,0,0,0,0
FleetPanorama,265,12.60990,15.82140,12.57050,3.73965,,,,1,0,0,0,0,0
FleetPanorama,266,12.24080,13.71020,12.23970,3.68845,,,,1,0,0,0,0,0
FleetPanorama,267,12.43260,10.52940,12.42680,3.68845,,,,1,0,0,0,0,0
FleetPanorama,268,11.82100,12.57290,11.81470,3.78163,,,,1,0,0,0,0,0
FleetPanorama,269,11.64140,12.24600,11.62950,3.84000,,,,1,0,0,0,0,0
FleetPanorama,270,11.34220,12.43430,11.33670,3.11808,,,,1,0,0,0,0,0
FleetPanorama,271,12.96060,11.82670,12.94640,3.85331,,,,1,0,0,0,0,0
FleetPanorama,272,12.21990,11.63760,12.22050,3.69152,,,,1,0,0,0,0,0
FleetPanorama,273,16.10670,11.34630,16.09670,3.69152,,,,1,0,0,0,0,0
FleetPanorama,274,11.69280,12.94940,11.68910,3.71507,,,,1,0,0,0,0,0
FleetPanorama,275,13.50260,12.22680,13.49600,3.26246,,,,1,0,0,0,0,0
FleetPanorama,276,10.78660,16.10090,10.79010,3.72941,,,,1,0,0,0,0,0
FleetPanorama,277,13.14930,11.69460,13.13070,3.73862,,,,1,0,0,0,0,0
FleetPanorama,278,11.84040,13.49950,11.84020,3.73862,,,,1,0,0,0,0,0
FleetPanorama,279,10.00060,10.80180,9.98510,3.70688,,,,1,0,0,0,0,0
FleetPanorama,280,12.42380,13.13710,12.41130,3.73555,,,,1,0,0,0,0,0
FleetPanorama,281,11.32950,11.85430,11.32900,3.70893,,,,1,0,0,0,0,0
FleetPanorama,282,9.84200,9.99270,9.84010,3.69152,,,,1,0,0,0,0,0
FleetPanorama,283,13.46950,12.41320,13.45090,3.69152,,,,1,0,0,0,0,0
FleetPanorama,284,13.73999,11.33350,13.73210,3.75194,,,,1,0,0,0,0,0
FleetPanorama,285,12.59450,9.85520,12.59110,3.68845,,,,1,0,0,0,0,0
FleetPanorama,286,14.21610,13.45770,14.21270,3.17542,,,,1,0,0,0,0,0
FleetPanorama,287,13.39190,13.73540,13.38990,3.69152,,,,1,0,0,0,0,0
FleetPanorama,288,11.67390,12.59450,11.67300,3.77242,,,,1,0,0,0,0,0
FleetPanorama,289,12.46680,14.21570,12.45960,3.69664,,,,1,0,0,0,0,0
FleetPanorama,290,13.30069,13.39320,13.29700,3.11091,,,,1,0,0,0,0,0
FleetPanorama,291,16.50741,11.67800,16.50450,3.69459,,,,1,0,0,0,0,0
FleetPanorama,292,12.06460,12.46220,12.06060,3.34336,,,,1,0,0,0,0,0
FleetPanorama,293,13.22250,13.30000,13.22190,3.72634,,,,1,0,0,0,0,0
FleetPanorama,294,11.57200,16.50840,11.56990,3.68947,,,,1,0,0,0,0,0
FleetPanorama,295,12.51590,12.06310,12.49630,3.68947,,,,1,0,0,0,0,0
FleetPanorama,296,14.34480,13.22890,14.34280,4.44621,,,,1,0,0,0,0,0
FleetPanorama,297,15.14460,11.58350,15.14050,3.12525,,,,1,0,0,0,0,0
FleetPanorama,298,13.91060,12.49800,13.90710,3.31981,,,,1,0,0,0,0,0
FleetPanorama,299,12.62180,14.34630,12.61840,3.92499,,,,1,0,0,0,0,0
FleetPanorama,300,12.79830,15.14430,12.79560,3.12115,,,,1,0,0,0,0,0
FleetPanorama,301,12.18630,13.91040,12.18250,3.72429,,,,1,0,0,0,0,0
FleetPanorama,302,12.03710,12.62140,12.03520,3.68640,,,,1,0,0,0,0,0
FleetPanorama,303,11.55800,12.79890,11.55430,3.76320,,,,1,0,0,0,0,0
FleetPanorama,304,12.98941,12.18580,12.98040,3.71405,,,,1,0,0,0,0,0
FleetPanorama,305,12.61890,12.04090,12.61810,3.71200,,,,1,0,0,0,0,0
FleetPanorama,306,12.89910,11.56090,12.89170,3.71200,,,,1,0,0,0,0,0
FleetPanorama,307,11.67860,12.98280,11.67950,3.71712,,,,1,0,0,0,0,0
FleetPanorama,308,11.99900,12.62440,11.98380,3.71712,,,,1,0,0,0,0,0
FleetPanorama,309,12.77030,12.89490,12.76770,3.70176,,,,1,0,0,0,0,0
FleetPanorama,310,12.84481,11.68980,12.84140,3.77754,,,,1,0,0,0,0,0
FleetPanorama,311,11.39680,11.98610,11.39810,3.70176,,,,1,0,0,0,0,0
FleetPanorama,312,12.83430,12.77090,12.82160,3.72326,,,,1,0,0,0,0,0
FleetPanorama,313,11.96830,12.84360,11.96700,3.71610,,,,1,0,0,0,0,0
FleetPanorama,314,12.80890,11.40720,12.80290,3.72224,,,,1,0,0,0,0,0
FleetPanorama,315,13.93020,12.82480,13.92680,3.68435,,,,1,0,0,0,0,0
FleetPanorama,316,12.81060,11.97140,12.80630,3.69562,,,,1,0,0,0,0,0
FleetPanorama,317,13.07669,12.80630,13.07460,3.77242,,,,1,0,0,0,0,0
FleetPanorama,318,14.35320,13.93060,14.35000,3.75910,,,,1,0,0,0,0,0
FleetPanorama,319,13.80270,12.80860,13.79970,3.68230,,,,1,0,0,0,0,0
FleetPanorama,320,12.51330,13.07800,12.51530,3.80314,,,,1,0,0,0,0,0
FleetPanorama,321,9.99940,14.35350,9.98030,3.10682,,,,1,0,0,0,0,0
FleetPanorama,322,14.49050,13.80410,14.48620,3.08019,,,,1,0,0,0,0,0
FleetPanorama,323,12.66510,12.52990,12.65770,3.69050,,,,1,0,0,0,0,0
FleetPanorama,324,12.11610,9.98370,12.11310,3.05562,,,,1,0,0,0,0,0
FleetPanorama,325,13.51949,14.49280,13.51680,3.70483,,,,1,0,0,0,0,0
FleetPanorama,326,13.30191,12.65980,13.29880,3.71712,,,,1,0,0,0,0,0
FleetPanorama,327,12.34269,12.11610,12.33950,3.71917,,,,1,0,0,0,0,0
FleetPanorama,328,11.81070,13.51970,11.81350,3.81440,,,,1,0,0,0,0,0
FleetPanorama,329,11.97470,13.30150,11.96100,3.71200,,,,1,0,0,0,0,0
FleetPanorama,330,13.35300,12.34200,13.34950,3.73018,,,,1,0,0,0,0,0
FleetPanorama,331,13.04170,11.82280,13.03850,3.75194,,,,1,0,0,0,0,0
FleetPanorama,332,12.47560,11.96460,12.47760,3.75194,,,,1,0,0,0,0,0
FleetPanorama,333,15.38350,13.35320,15.36160,3.69357,,,,1,0,0,0,0,0
FleetPanorama,334,13.19041,13.04250,13.18690,3.77446,,,,1,0,0,0,0,0
FleetPanorama,335,12.47010,12.49300,12.46740,3.74272,,,,1,0,0,0,0,0
FleetPanorama,336,12.83330,15.36490,12.82860,3.86560,,,,1,0,0,0,0,0
FleetPanorama,337,12.31600,13.19030,12.31480,3.73350,,,,1,0,0,0,0,0
FleetPanorama,338,12.69250,12.47080,12.68670,3.73350,,,,1,0,0,0,0,0
FleetPanorama,339,11.66940,12.83170,11.66910,3.07174,,,,1,0,0,0,0,0
FleetPanorama,340,11.33750,12.31880,11.33310,3.77037,,,,1,0,0,0,0,0
FleetPanorama,341,12.91790,12.68970,12.90630,3.35872,,,,1,0,0,0,0,0
FleetPanorama,342,12.67100,11.67740,12.66460,3.35872,,,,1,0,0,0,0,0
FleetPanorama,343,10.93910,11.34140,10.93200,3.09453,,,,1,0,0,0,0,0
FleetPanorama,344,13.44050,12.91250,13.43680,3.09965,,,,1,0,0,0,0,0
FleetPanorama,345,12.11760,12.67160,12.10790,3.70688,,,,1,0,0,0,0,0
FleetPanorama,346,12.87800,10.93940,12.87570,3.74477,,,,1,0,0,0,0,0
FleetPanorama,347,12.71190,13.43980,12.70940,3.11603,,,,1,0,0,0,0,0
FleetPanorama,348,14.34090,12.11040,14.33730,3.75398,,,,1,0,0,0,0,0
FleetPanorama,349,14.05979,12.87860,14.05640,3.70176,,,,1,0,0,0,0,0
FleetPanorama,350,13.72130,12.71330,13.71750,3.73965,,,,1,0,0,0,0,0
FleetPanorama,351,13.27050,14.34040,13.27380,3.70688,,,,1,0,0,0,0,0
FleetPanorama,352,15.26550,14.05970,15.25140,3.10784,,,,1,0,0,0,0,0
FleetPanorama,353,11.38999,13.72100,11.38800,3.76832,,,,1,0,0,0,0,0
FleetPanorama,354,12.35631,13.28200,12.34440,3.76832,,,,1,0,0,0,0,0
FleetPanorama,355,11.58770,15.25610,11.58620,3.70790,,,,1,0,0,0,0,0
FleetPanorama,356,13.82570,11.39720,13.80690,3.71405,,,,1,0,0,0,0,0
FleetPanorama,357,12.03980,12.34830,12.03720,3.68026,,,,1,0,0,0,0,0
FleetPanorama,358,11.31390,11.60270,11.31520,3.73658,,,,1,0,0,0,0,0
FleetPanorama,359,13.73220,13.80960,13.71460,3.69766,,,,1,0,0,0,0,0
FleetPanorama,360,12.10300,12.04030,12.09940,3.17235,,,,1,0,0,0,0,0
FleetPanorama,361,11.07450,11.32790,11.07310,3.07405,,,,1,0,0,0,0,0
FleetPanorama,362,12.39600,13.71830,12.38730,3.68947,,,,1,0,0,0,0,0
FleetPanorama,363,12.58860,12.10310,12.58010,3.68947,,,,1,0,0,0,0,0
FleetPanorama,364,11.96240,11.08070,11.95960,3.68742,,,,1,0,0,0,0,0
FleetPanorama,365,10.71700,12.39410,10.71740,3.06688,,,,1,0,0,0,0,0
FleetPanorama,366,12.17340,12.58290,12.16520,3.71917,,,,1,0,0,0,0,0
FleetPanorama,367,11.82200,11.96240,11.81180,3.71200,,,,1,0,0,0,0,0
FleetPanorama,368,12.34370,10.72480,12.33980,3.74374,,,,1,0,0,0,0,0
FleetPanorama,369,10.78540,12.17390,10.78620,3.11808,,,,1,0,0,0,0,0
FleetPanorama,370,11.42360,11.81490,11.41500,3.74989,,,,1,0,0,0,0,0
FleetPanorama,371,12.35390,12.34320,12.34050,3.71712,,,,1,0,0,0,0,0
FleetPanorama,372,12.13250,10.79580,12.12920,3.70995,,,,1,0,0,0,0,0
FleetPanorama,373,12.56930,11.42310,12.56550,3.70278,,,,1,0,0,0,0,0
FleetPanorama,374,11.82961,12.34390,11.82790,3.86765,,,,1,0,0,0,0,0
FleetPanorama,375,14.10380,12.13240,14.10060,3.68435,,,,1,0,0,0,0,0
FleetPanorama,376,13.00050,12.56830,12.99620,3.83693,,,,1,0,0,0,0,0
FleetPanorama,377,12.02200,11.83070,12.01910,4.07757,,,,1,0,0,0,0,0
FleetPanorama,378,9.81440,14.10440,9.81510,3.23789,,,,1,0,0,0,0,0
FleetPanorama,379,14.81660,12.99960,14.80350,3.82157,,,,1,0,0,0,0,0
FleetPanorama,380,13.03680,12.02240,13.03280,3.14163,,,,1,0,0,0,0,0
FleetPanorama,381,12.83180,9.82410,12.82960,3.82874,,,,1,0,0,0,0,0
FleetPanorama,382,13.98710,14.80710,13.98360,3.82157,,,,1,0,0,0,0,0
FleetPanorama,383,13.53840,13.03550,13.53580,3.84614,,,,1,0,0,0,0,0
FleetPanorama,384,11.58470,12.83270,11.58530,3.87584,,,,1,0,0,0,0,0
FleetPanorama,385,11.60300,13.98690,11.59320,3.81645,,,,1,0,0,0,0,0
FleetPanorama,386,13.10680,13.53910,13.09790,3.89939,,,,1,0,0,0,0,0
FleetPanorama,387,11.89960,11.59330,11.89550,4.47590,,,,1,0,0,0,0,0
FleetPanorama,388,12.20390,11.59980,12.20070,3.82874,,,,1,0,0,0,0,0
FleetPanorama,389,12.15720,13.10160,12.15950,3.80416,,,,1,0,0,0,0,0
FleetPanorama,390,12.98170,11.89840,12.96890,3.96902,,,,1,0,0,0,0,0
FleetPanorama,391,13.74819,12.20320,13.74390,3.81645,,,,1,0,0,0,0,0
FleetPanorama,392,14.12970,12.16850,14.12640,3.21741,,,,1,0,0,0,0,0
FleetPanorama,393,14.21880,12.97270,14.21520,3.22150,,,,1,0,0,0,0,0
FleetPanorama,394,13.57050,13.74750,13.56620,3.88403,,,,1,0,0,0,0,0
FleetPanorama,395,12.93480,14.12970,12.93170,3.80314,,,,1,0,0,0,0,0
FleetPanorama,396,13.87340,14.21950,13.87080,3.19795,,,,1,0,0,0,0,0
FleetPanorama,397,15.54630,13.56920,15.54290,3.84614,,,,1,0,0,0,0,0
FleetPanorama,398,12.95410,12.93450,12.94950,3.82464,,,,1,0,0,0,0,0
FleetPanorama,399,13.98570,13.87450,13.98270,3.85638,,,,1,0,0,0,0,0
FleetPanorama,400,14.27440,15.54700,14.26900,3.84410,,,,1,0,0,0,0,0
FleetPanorama,401,12.99970,12.95350,12.99690,3.86355,,,,1,0,0,0,0,0
FleetPanorama,402,11.72120,13.98680,11.71890,3.89530,,,,1,0,0,0,0,0
FleetPanorama,403,10.41250,14.27190,10.41500,3.23277,,,,1,0,0,0,0,0
FleetPanorama,404,11.86790,12.99940,11.84930,3.83488,,,,1,0,0,0,0,0
FleetPanorama,405,11.82200,11.72200,11.81400,3.15392,,,,1,0,0,0,0,0
FleetPanorama,406,11.54880,10.43050,11.54290,3.85638,,,,1,0,0,0,0,0
FleetPanorama,407,10.31740,11.85580,10.31280,3.85638,,,,1,0,0,0,0,0
FleetPanorama,408,12.42430,11.82000,12.40620,3.80314,,,,1,0,0,0,0,0
FleetPanorama,409,11.66140,11.55070,11.65030,3.80314,,,,1,0,0,0,0,0
FleetPanorama,410,11.78780,10.33180,11.77810,3.77856,,,,1,0,0,0,0,0
FleetPanorama,411,9.63220,12.41500,9.62440,3.81338,,,,1,0,0,0,0,0
FleetPanorama,412,12.40410,11.66220,12.38650,3.82362,,,,1,0,0,0,0,0
FleetPanorama,413,11.73680,11.78770,11.73090,3.87072,,,,1,0,0,0,0,0
FleetPanorama,414,11.26940,9.63790,11.25480,3.87072,,,,1,0,0,0,0,0
FleetPanorama,415,12.17970,12.39580,12.17060,3.87072,,,,1,0,0,0,0,0
FleetPanorama,416,10.39050,11.74080,10.38730,3.20614,,,,1,0,0,0,0,0
FleetPanorama,417,12.69060,11.26490,12.67980,3.78573,,,,1,0,0,0,0,0
FleetPanorama,418,12.49870,12.17390,12.49590,3.80928,,,,1,0,0,0,0,0
FleetPanorama,419,11.76120,10.39580,11.76190,3.99155,,,,1,0,0,0,0,0
FleetPanorama,420,10.55250,12.68290,10.54350,3.84819,,,,1,0,0,0,0,0
FleetPanorama,421,12.65720,12.49910,12.64630,3.81440,,,,1,0,0,0,0,0
FleetPanorama,422,12.06590,11.77010,12.06280,3.85229,,,,1,0,0,0,0,0
FleetPanorama,423,12.63000,10.55130,12.62580,3.85434,,,,1,0,0,0,0,0
FleetPanorama,424,10.95870,12.64990,10.96100,3.86560,,,,1,0,0,0,0,0
FleetPanorama,425,12.72460,12.06610,12.70820,3.83283,,,,1,0,0,0,0,0
FleetPanorama,426,12.92910,12.62870,12.93210,3.81440,,,,1,0,0,0,0,0
FleetPanorama,427,10.18410,10.97220,10.17840,3.81440,,,,1,0,0,0,0,0
FleetPanorama,428,13.01790,12.71160,13.00600,3.79904,,,,1,0,0,0,0,0
FleetPanorama,429,12.55191,12.93620,12.53480,3.93216,,,,1,0,0,0,0,0
FleetPanorama,430,12.40959,10.19290,12.40540,3.93216,,,,1,0,0,0,0,0
FleetPanorama,431,11.11110,13.01670,11.10940,3.87994,,,,1,0,0,0,0,0
FleetPanorama,432,12.08880,12.53760,12.08130,3.77651,,,,1,0,0,0,0,0
FleetPanorama,433,11.86300,12.40850,11.86860,3.81747,,,,1,0,0,0,0,0
FleetPanorama,434,13.28300,11.11610,13.25960,3.81747,,,,1,0,0,0,0,0
FleetPanorama,435,15.77670,12.08500,15.77570,3.80826,,,,1,0,0,0,0,0
FleetPanorama,436,14.56740,11.88320,14.55860,3.86867,,,,1,0,0,0,0,0
FleetPanorama,437,13.20110,13.26210,13.19670,3.78982,,,,1,0,0,0,0,0
FleetPanorama,438,9.64740,15.78240,9.64800,4.03661,,,,1,0,0,0,0,0
FleetPanorama,439,14.71250,14.56270,14.70030,3.79776,,,,1,0,0,0,0,0
FleetPanorama,440,11.02840,13.20030,11.02730,3.79494,,,,1,0,0,0,0,0
FleetPanorama,441,11.58190,9.65650,11.57100,3.87789,,,,1,0,0,0,0,0
FleetPanorama,442,11.80540,14.70340,11.80670,3.84717,,,,1,0,0,0,0,0
FleetPanorama,443,11.71880,11.03650,11.71070,3.82259,,,,1,0,0,0,0,0
FleetPanorama,444,11.96440,11.57310,11.95290,3.82259,,,,1,0,0,0,0,0
FleetPanorama,445,13.85300,11.81620,13.84440,3.80621,,,,1,0,0,0,0,0
FleetPanorama,446,12.43780,11.72080,12.43350,3.84102,,,,1,0,0,0,0,0
FleetPanorama,447,12.74090,11.95770,12.73710,3.77856,,,,1,0,0,0,0,0
FleetPanorama,448,12.28100,13.84800,12.28500,3.80109,,,,1,0,0,0,0,0
FleetPanorama,449,9.20320,12.43690,9.19440,3.81030,,,,1,0,0,0,0,0
FleetPanorama,450,13.70520,12.73970,13.68980,3.81235,,,,1,0,0,0,0,0
FleetPanorama,451,11.23610,12.29360,11.23500,3.81235,,,,1,0,0,0,0,0
FleetPanorama,452,11.08270,9.20460,11.07530,3.81235,,,,1,0,0,0,0,0
FleetPanorama,453,12.94670,13.69430,12.93720,3.78061,,,,1,0,0,0,0,0
FleetPanorama,454,12.69630,11.24150,12.69240,3.83488,,,,1,0,0,0,0,0
FleetPanorama,455,14.19330,11.08280,14.18990,3.82464,,,,1,0,0,0,0,0
FleetPanorama,456,11.68989,12.94020,11.68760,3.81338,,,,1,0,0,0,0,0
FleetPanorama,457,10.54070,12.69600,10.53720,3.81747,,,,1,0,0,0,0,0
FleetPanorama,458,12.96060,14.19350,12.94680,3.77754,,,,1,0,0,0,0,0
FleetPanorama,459,13.13900,11.69330,13.13440,3.79290,,,,1,0,0,0,0,0
FleetPanorama,460,12.09800,10.54870,12.09620,3.78061,,,,1,0,0,0,0,0
FleetPanorama,461,9.74070,12.94960,9.73680,3.80211,,,,1,0,0,0,0,0
FleetPanorama,462,13.00140,13.13760,12.98930,3.77037,,,,1,0,0,0,0,0
FleetPanorama,463,12.51610,12.10240,12.51120,3.80314,,,,1,0,0,0,0,0
FleetPanorama,464,11.73850,9.74710,11.73290,3.80211,,,,1,0,0,0,0,0
FleetPanorama,465,12.97351,12.99500,12.97040,3.87891,,,,1,0,0,0,0,0
FleetPanorama,466,12.57020,12.51520,12.56670,3.77242,,,,1,0,0,0,0,0
FleetPanorama,467,12.09860,11.73560,12.09530,3.80109,,,,1,0,0,0,0,0
FleetPanorama,468,13.45980,12.97430,13.45350,3.78573,,,,1,0,0,0,0,0
FleetPanorama,469,12.50490,12.57090,12.50180,3.78573,,,,1,0,0,0,0,0
FleetPanorama,470,12.69170,12.09980,12.68830,3.95571,,,,1,0,0,0,0,0
FleetPanorama,471,9.48650,13.45700,9.48310,3.77651,,,,1,0,0,0,0,0
FleetPanorama,472,12.73890,12.50510,12.73260,3.77344,,,,1,0,0,0,0,0
FleetPanorama,473,13.10940,12.69400,13.09960,3.77344,,,,1,0,0,0,0,0
FleetPanorama,474,12.37570,9.48920,12.37310,3.17235,,,,1,0,0,0,0,0
FleetPanorama,475,14.10320,12.73990,14.09850,3.77651,,,,1,0,0,0,0,0
FleetPanorama,476,12.84150,13.10250,12.83920,3.77651,,,,1,0,0,0,0,0
FleetPanorama,477,12.31710,12.37690,12.31370,3.86355,,,,1,0,0,0,0,0
FleetPanorama,478,12.47180,14.10140,12.46840,3.81030,,,,1,0,0,0,0,0
FleetPanorama,479,12.33861,12.84240,12.33690,3.83590,,,,1,0,0,0,0,0
FleetPanorama,480,13.66430,12.31690,13.66050,3.89939,,,,1,0,0,0,0,0
FleetPanorama,481,13.66319,12.47140,13.65980,3.80109,,,,1,0,0,0,0,0
NearLaserCombat,1,2.25111,2.20540,2.24950,0.57139,,,,1,0,0,0,0,0
NearLaserCombat,2,5.87790,2.15370,5.87730,0.62054,,,,1,0,0,0,0,0
NearLaserCombat,3,2.30910,3.70680,2.30650,0.60416,,,,1,0,0,0,0,0
NearLaserCombat,4,2.38010,2.25030,2.37900,0.62464,,,,1,0,0,0,0,0
NearLaserCombat,5,2.31849,5.87960,2.31760,0.56525,,,,1,0,0,0,0,0
NearLaserCombat,6,2.24190,2.30740,2.24090,0.63078,,,,1,0,0,0,0,0
NearLaserCombat,7,3.36420,2.38010,3.36420,0.64512,,,,1,0,0,0,0,0
NearLaserCombat,8,5.30580,2.31870,5.30390,0.62669,,,,1,0,0,0,0,0
NearLaserCombat,9,6.48920,2.24170,6.48810,0.59085,,,,1,0,0,0,0,0
NearLaserCombat,10,2.18330,3.36530,2.18160,0.61542,,,,1,0,0,0,0,0
NearLaserCombat,11,2.19750,5.30520,2.19650,0.64205,,,,1,0,0,0,0,0
NearLaserCombat,12,2.47290,6.48940,2.47200,0.64205,,,,1,0,0,0,0,0
NearLaserCombat,13,2.17940,2.18260,2.17770,0.61235,,,,1,0,0,0,0,0
NearLaserCombat,14,2.19830,2.19750,2.19720,0.62157,,,,1,0,0,0,0,0
NearLaserCombat,15,5.52160,2.47360,5.52080,0.62464,,,,1,0,0,0,0,0
NearLaserCombat,16,2.17460,2.17880,2.17290,0.64102,,,,1,0,0,0,0,0
NearLaserCombat,17,2.25429,2.19810,2.25290,0.59494,,,,1,0,0,0,0,0
NearLaserCombat,18,2.46620,5.52230,2.46490,0.63795,,,,1,0,0,0,0,0
NearLaserCombat,19,2.21271,2.17440,2.21140,0.65024,,,,1,0,0,0,0,0
NearLaserCombat,20,2.16700,2.25430,2.16600,0.62362,,,,1,0,0,0,0,0
NearLaserCombat,21,2.16950,2.46610,2.16820,0.61542,,,,1,0,0,0,0,0
NearLaserCombat,22,6.34690,2.21240,6.34570,0.64512,,,,1,0,0,0,0,0
NearLaserCombat,23,2.42590,2.16740,2.42420,0.65126,,,,1,0,0,0,0,0
NearLaserCombat,24,2.63750,2.16950,2.63640,0.62054,,,,1,0,0,0,0,0
NearLaserCombat,25,2.23710,6.34710,2.23610,0.63053,,,,1,0,0,0,0,0
NearLaserCombat,26,2.59250,2.42530,2.59160,0.63693,,,,1,0,0,0,0,0
NearLaserCombat,27,2.34760,2.63740,2.34630,0.62976,,,,1,0,0,0,0,0
NearLaserCombat,28,2.35450,2.23710,2.35350,0.59597,,,,1,0,0,0,0,0
NearLaserCombat,29,7.55860,2.59280,7.55830,0.61747,,,,1,0,0,0,0,0
NearLaserCombat,30,2.38800,2.34730,2.38540,0.62464,,,,1,0,0,0,0,0
NearLaserCombat,31,2.29530,2.35440,2.29410,0.64819,,,,1,0,0,0,0,0
NearLaserCombat,32,2.34740,7.56080,2.34640,0.62669,,,,1,0,0,0,0,0
NearLaserCombat,33,2.43400,2.38620,2.43340,0.61440,,,,1,0,0,0,0,0
NearLaserCombat,34,2.85520,2.29530,2.85350,0.62771,,,,1,0,0,0,0,0
NearLaserCombat,35,5.83119,2.34740,5.82970,0.61747,,,,1,0,0,0,0,0
NearLaserCombat,36,2.14291,2.43490,2.14110,0.63386,,,,1,0,0,0,0,0
NearLaserCombat,37,2.13610,2.85490,2.13460,0.62976,,,,1,0,0,0,0,0
NearLaserCombat,38,2.13890,5.83140,2.13750,0.65946,,,,1,0,0,0,0,0
NearLaserCombat,39,2.25689,2.14260,2.25540,0.63078,,,,1,0,0,0,0,0
NearLaserCombat,40,2.25020,2.13580,2.24880,0.62771,,,,1,0,0,0,0,0
NearLaserCombat,41,2.21200,2.13900,2.21060,0.60928,,,,1,0,0,0,0,0
NearLaserCombat,42,5.60160,2.25680,5.60070,0.64410,,,,1,0,0,0,0,0
NearLaserCombat,43,2.16260,2.25020,2.16110,0.62464,,,,1,0,0,0,0,0
NearLaserCombat,44,2.35570,2.21150,2.35440,0.62566,,,,1,0,0,0,0,0
NearLaserCombat,45,2.20831,5.60230,2.20710,0.61952,,,,1,0,0,0,0,0
NearLaserCombat,46,2.18250,2.16220,2.18100,0.64205,,,,1,0,0,0,0,0
NearLaserCombat,47,2.18800,2.35580,2.18730,0.62054,,,,1,0,0,0,0,0
NearLaserCombat,48,2.33740,2.20840,2.33610,0.60723,,,,1,0,0,0,0,0
NearLaserCombat,49,2.17810,2.18190,2.17720,0.62259,,,,1,0,0,0,0,0
NearLaserCombat,50,6.18760,2.18850,6.18660,0.63693,,,,1,0,0,0,0,0
NearLaserCombat,51,2.33860,2.33700,2.33680,0.64512,,,,1,0,0,0,0,0
NearLaserCombat,52,2.18040,2.17820,2.17930,0.61645,,,,1,0,0,0,0,0
NearLaserCombat,53,2.30310,6.18850,2.30210,0.61747,,,,1,0,0,0,0,0
NearLaserCombat,54,2.41960,2.33770,2.41850,0.63386,,,,1,0,0,0,0,0
NearLaserCombat,55,2.24889,2.18050,2.24780,0.64000,,,,1,0,0,0,0,0
NearLaserCombat,56,2.42660,2.30310,2.42560,0.63693,,,,1,0,0,0,0,0
NearLaserCombat,57,6.06200,2.41960,6.06150,0.61235,,,,1,0,0,0,0,0
NearLaserCombat,58,2.60699,2.24880,2.60480,0.61645,,,,1,0,0,0,0,0
NearLaserCombat,59,2.33061,2.42670,2.32960,0.62566,,,,1,0,0,0,0,0
NearLaserCombat,60,2.56580,6.06310,2.56460,0.61645,,,,1,0,0,0,0,0
NearLaserCombat,61,3.06130,2.60590,3.06060,0.61952,,,,1,0,0,0,0,0
NearLaserCombat,62,2.66440,2.33060,2.66270,0.63078,,,,1,0,0,0,0,0
NearLaserCombat,63,6.23950,2.56570,6.23880,0.61338,,,,1,0,0,0,0,0
NearLaserCombat,64,2.41280,3.06210,2.41110,0.62771,,,,1,0,0,0,0,0
NearLaserCombat,65,2.79640,2.66360,2.79530,0.62874,,,,1,0,0,0,0,0
NearLaserCombat,66,2.28910,6.24020,2.28770,0.62771,,,,1,0,0,0,0,0
NearLaserCombat,67,2.40370,2.41220,2.40270,0.62464,,,,1,0,0,0,0,0
NearLaserCombat,68,2.60959,2.79680,2.60860,0.61030,,,,1,0,0,0,0,0
NearLaserCombat,69,6.09090,2.28880,6.09050,0.62157,,,,1,0,0,0,0,0
NearLaserCombat,70,2.13180,2.40360,2.13000,0.63590,,,,1,0,0,0,0,0
NearLaserCombat,71,2.32950,2.60950,2.32810,0.60723,,,,1,0,0,0,0,0
NearLaserCombat,72,2.17580,6.09170,2.17510,0.60109,,,,1,0,0,0,0,0
NearLaserCombat,73,2.17760,2.13130,2.17630,0.63693,,,,1,0,0,0,0,0
NearLaserCombat,74,2.16650,2.32900,2.16560,0.61952,,,,1,0,0,0,0,0
NearLaserCombat,75,2.15190,2.17630,2.15060,0.61542,,,,1,0,0,0,0,0
NearLaserCombat,76,2.50410,2.17740,2.50310,0.61747,,,,1,0,0,0,0,0
NearLaserCombat,77,5.97650,2.16670,5.97590,0.63488,,,,1,0,0,0,0,0
NearLaserCombat,78,2.55830,2.15150,2.55600,0.60928,,,,1,0,0,0,0,0
NearLaserCombat,79,2.37830,2.50420,2.37730,0.61440,,,,1,0,0,0,0,0
NearLaserCombat,80,2.49850,5.97810,2.49760,0.60109,,,,1,0,0,0,0,0
NearLaserCombat,81,2.30790,2.55690,2.30660,0.62874,,,,1,0,0,0,0,0
NearLaserCombat,82,2.94620,2.37820,2.94520,0.60928,,,,1,0,0,0,0,0
NearLaserCombat,83,6.29889,2.49860,6.29760,0.60416,,,,1,0,0,0,0,0
NearLaserCombat,84,2.25350,2.30790,2.25320,0.58061,,,,1,0,0,0,0,0
NearLaserCombat,85,2.25230,2.94660,2.24990,0.63181,,,,1,0,0,0,0,0
NearLaserCombat,86,2.31640,6.29900,2.31570,0.63693,,,,1,0,0,0,0,0
NearLaserCombat,87,2.24850,2.25420,2.24700,0.60723,,,,1,0,0,0,0,0
NearLaserCombat,88,2.37480,2.25090,2.37370,0.58982,,,,1,0,0,0,0,0
NearLaserCombat,89,2.27030,2.31690,2.26930,0.62976,,,,1,0,0,0,0,0
NearLaserCombat,90,5.77410,2.24810,5.77350,0.61952,,,,1,0,0,0,0,0
NearLaserCombat,91,2.34590,2.37480,2.34440,0.62259,,,,1,0,0,0,0,0
NearLaserCombat,92,2.35750,2.27010,2.35640,0.57549,,,,1,0,0,0,0,0
NearLaserCombat,93,2.38230,5.77470,2.38060,0.62464,,,,1,0,0,0,0,0
NearLaserCombat,94,2.29460,2.34590,2.29390,0.60826,,,,1,0,0,0,0,0
NearLaserCombat,95,2.38740,2.35770,2.38640,0.61030,,,,1,0,0,0,0,0
NearLaserCombat,96,2.22760,2.38160,2.22610,0.59187,,,,1,0,0,0,0,0
NearLaserCombat,97,6.13420,2.29480,6.13340,0.61338,,,,1,0,0,0,0,0
NearLaserCombat,98,2.42410,2.38770,2.42130,0.60723,,,,1,0,0,0,0,0
NearLaserCombat,99,2.23120,2.22710,2.22990,0.58675,,,,1,0,0,0,0,0
NearLaserCombat,100,2.10750,6.13620,2.10660,0.59802,,,,1,0,0,0,0,0
NearLaserCombat,101,2.13710,2.42230,2.13620,0.61850,,,,1,0,0,0,0,0
NearLaserCombat,102,2.18870,2.23080,2.18740,0.60211,,,,1,0,0,0,0,0
NearLaserCombat,103,2.19830,2.10760,2.19730,0.62874,,,,1,0,0,0,0,0
NearLaserCombat,104,2.31891,2.13750,2.31810,0.59085,,,,1,0,0,0,0,0
NearLaserCombat,105,6.34950,2.18840,6.34800,0.61133,,,,1,0,0,0,0,0
NearLaserCombat,106,2.27090,2.19830,2.26940,0.61542,,,,1,0,0,0,0,0
NearLaserCombat,107,2.21541,2.31960,2.21410,0.57754,,,,1,0,0,0,0,0
NearLaserCombat,108,2.22270,6.34940,2.22160,0.60109,,,,1,0,0,0,0,0
NearLaserCombat,109,2.29840,2.27050,2.29750,0.61030,,,,1,0,0,0,0,0
NearLaserCombat,110,2.85340,2.21530,2.85200,0.61952,,,,1,0,0,0,0,0
NearLaserCombat,111,6.25500,2.22270,6.25380,0.59699,,,,1,0,0,0,0,0
NearLaserCombat,112,2.17749,2.29890,2.17600,0.59802,,,,1,0,0,0,0,0
NearLaserCombat,113,2.17511,2.85310,2.17400,0.61747,,,,1,0,0,0,0,0
NearLaserCombat,114,2.18270,6.25530,2.18180,0.62157,,,,1,0,0,0,0,0
NearLaserCombat,115,2.19770,2.17710,2.19650,0.61747,,,,1,0,0,0,0,0
NearLaserCombat,116,2.31970,2.17490,2.31880,0.59904,,,,1,0,0,0,0,0
NearLaserCombat,117,2.18310,2.18290,2.18210,0.60518,,,,1,0,0,0,0,0
NearLaserCombat,118,2.45340,2.19740,2.45220,0.61235,,,,1,0,0,0,0,0
NearLaserCombat,119,5.58109,2.31980,5.57980,0.61850,,,,1,0,0,0,0,0
NearLaserCombat,120,2.22971,2.18340,2.22840,0.59802,,,,1,0,0,0,0,0
NearLaserCombat,121,2.17440,2.45340,2.17330,0.61952,,,,1,0,0,0,0,0
NearLaserCombat,122,2.15320,5.58100,2.15180,0.62054,,,,1,0,0,0,0,0
NearLaserCombat,123,2.14910,2.22960,2.14800,0.59904,,,,1,0,0,0,0,0
NearLaserCombat,124,2.15850,2.17460,2.15720,0.59085,,,,1,0,0,0,0,0
NearLaserCombat,125,2.16670,2.15310,2.16520,0.60928,,,,1,0,0,0,0,0
NearLaserCombat,126,7.43020,2.14930,7.43090,0.64717,,,,1,0,0,0,0,0
NearLaserCombat,127,2.38420,2.15850,2.37890,0.60621,,,,1,0,0,0,0,0
NearLaserCombat,128,2.26560,2.16650,2.26440,0.59494,,,,1,0,0,0,0,0
NearLaserCombat,129,2.25890,7.43470,2.25770,0.61030,,,,1,0,0,0,0,0
NearLaserCombat,130,2.15990,2.38000,2.15890,0.60416,,,,1,0,0,0,0,0
NearLaserCombat,131,2.23440,2.26540,2.23320,0.61850,,,,1,0,0,0,0,0
NearLaserCombat,132,2.25650,2.25870,2.25520,0.58778,,,,1,0,0,0,0,0
NearLaserCombat,133,5.75390,2.15990,5.75350,0.61952,,,,1,0,0,0,0,0
NearLaserCombat,134,2.18369,2.23450,2.18150,0.63386,,,,1,0,0,0,0,0
NearLaserCombat,135,2.19121,2.25650,2.19040,0.61850,,,,1,0,0,0,0,0
NearLaserCombat,136,2.15349,5.75490,2.15250,0.61235,,,,1,0,0,0,0,0
NearLaserCombat,137,2.22800,2.18240,2.22670,0.60826,,,,1,0,0,0,0,0
NearLaserCombat,138,2.30290,2.19140,2.30160,0.58982,,,,1,0,0,0,0,0
NearLaserCombat,139,2.16760,2.15390,2.16630,0.61030,,,,1,0,0,0,0,0
NearLaserCombat,140,5.62980,2.22780,5.62920,0.59187,,,,1,0,0,0,0,0
NearLaserCombat,141,2.11390,2.30270,2.11220,0.62157,,,,1,0,0,0,0,0
NearLaserCombat,142,2.29480,2.16740,2.29410,0.60723,,,,1,0,0,0,0,0
NearLaserCombat,143,2.24930,5.63050,2.24810,0.61542,,,,1,0,0,0,0,0
NearLaserCombat,144,2.22310,2.11300,2.22200,0.59290,,,,1,0,0,0,0,0
NearLaserCombat,145,2.20160,2.29530,2.20080,0.61133,,,,1,0,0,0,0,0
NearLaserCombat,146,2.16460,2.24920,2.16360,0.59904,,,,1,0,0,0,0,0
NearLaserCombat,147,2.18420,2.22310,2.18260,0.60723,,,,1,0,0,0,0,0
NearLaserCombat,148,6.70150,2.20190,6.70110,0.58982,,,,1,0,0,0,0,0
NearLaserCombat,149,2.41190,2.16480,2.40930,0.61030,,,,1,0,0,0,0,0
NearLaserCombat,150,2.53650,2.18350,2.53540,0.63898,,,,1,0,0,0,0,0
NearLaserCombat,151,2.23360,6.70330,2.23200,0.64717,,,,1,0,0,0,0,0
NearLaserCombat,152,2.20620,2.41030,2.20490,0.61133,,,,1,0,0,0,0,0
NearLaserCombat,153,2.20740,2.53710,2.20650,0.64922,,,,1,0,0,0,0,0
NearLaserCombat,154,6.18530,2.23310,6.18550,0.63078,,,,1,0,0,0,0,0
NearLaserCombat,155,2.24180,2.20580,2.23810,0.64102,,,,1,0,0,0,0,0
NearLaserCombat,156,2.20519,2.20750,2.20380,0.63386,,,,1,0,0,0,0,0
NearLaserCombat,157,2.33951,6.18840,2.33800,0.65946,,,,1,0,0,0,0,0
NearLaserCombat,158,2.20950,2.23960,2.20820,0.61952,,,,1,0,0,0,0,0
NearLaserCombat,159,2.30410,2.20510,2.30330,0.63078,,,,1,0,0,0,0,0
NearLaserCombat,160,2.24710,2.33910,2.24590,0.62464,,,,1,0,0,0,0,0
NearLaserCombat,161,2.49030,2.20910,2.48930,0.64282,,,,1,0,0,0,0,0
NearLaserCombat,162,5.77820,2.30430,5.77740,0.62259,,,,1,0,0,0,0,0
NearLaserCombat,163,2.31910,2.24730,2.31680,0.65126,,,,1,0,0,0,0,0
NearLaserCombat,164,2.38950,2.49010,2.38830,0.63078,,,,1,0,0,0,0,0
NearLaserCombat,165,2.29660,5.77940,2.29570,0.65126,,,,1,0,0,0,0,0
NearLaserCombat,166,2.37670,2.31800,2.37570,0.64717,,,,1,0,0,0,0,0
NearLaserCombat,167,2.23700,2.38930,2.23580,0.62464,,,,1,0,0,0,0,0
NearLaserCombat,168,2.25050,2.29670,2.24950,0.61645,,,,1,0,0,0,0,0
NearLaserCombat,169,5.80400,2.37700,5.80400,0.66150,,,,1,0,0,0,0,0
NearLaserCombat,170,2.55721,2.23670,2.55480,0.62566,,,,1,0,0,0,0,0
NearLaserCombat,171,2.27810,2.25030,2.27630,0.65536,,,,1,0,0,0,0,0
NearLaserCombat,172,2.28250,5.80590,2.28160,0.63590,,,,1,0,0,0,0,0
NearLaserCombat,173,2.27090,2.55630,2.26990,0.63667,,,,1,0,0,0,0,0
NearLaserCombat,174,2.22710,2.27720,2.22630,0.61338,,,,1,0,0,0,0,0
NearLaserCombat,175,2.19650,2.28260,2.19570,0.63795,,,,1,0,0,0,0,0
NearLaserCombat,176,6.60370,2.27080,6.60300,0.62157,,,,1,0,0,0,0,0
NearLaserCombat,177,2.55210,2.22710,2.54970,0.63590,,,,1,0,0,0,0,0
NearLaserCombat,178,2.59690,2.19660,2.59590,0.64922,,,,1,0,0,0,0,0
NearLaserCombat,179,2.51060,6.60500,2.50930,0.63795,,,,1,0,0,0,0,0
NearLaserCombat,180,2.54450,2.55080,2.54400,0.61030,,,,1,0,0,0,0,0
NearLaserCombat,181,3.27850,2.59710,3.27720,0.67891,,,,1,0,0,0,0,0
NearLaserCombat,182,6.59330,2.51040,6.59220,0.63078,,,,1,0,0,0,0,0
NearLaserCombat,183,2.28880,2.54510,2.28660,0.61952,,,,1,0,0,0,0,0
NearLaserCombat,184,2.25040,3.27860,2.25010,0.61133,,,,1,0,0,0,0,0
NearLaserCombat,185,2.27080,6.59400,2.26850,0.64512,,,,1,0,0,0,0,0
NearLaserCombat,186,2.44899,2.28750,2.44820,0.62054,,,,1,0,0,0,0,0
NearLaserCombat,187,2.33790,2.25150,2.33730,0.62157,,,,1,0,0,0,0,0
NearLaserCombat,188,5.96820,2.26960,5.96560,0.62464,,,,1,0,0,0,0,0
NearLaserCombat,189,2.24630,2.44960,2.24440,0.65536,,,,1,0,0,0,0,0
NearLaserCombat,190,2.23780,2.33930,2.23660,0.61850,,,,1,0,0,0,0,0
NearLaserCombat,191,2.31810,5.96710,2.31680,0.64000,,,,1,0,0,0,0,0
NearLaserCombat,192,2.25830,2.24560,2.25700,0.63590,,,,1,0,0,0,0,0
NearLaserCombat,193,2.27310,2.23810,2.27200,0.64512,,,,1,0,0,0,0,0
NearLaserCombat,194,2.43490,2.31800,2.43390,0.62054,,,,1,0,0,0,0,0
NearLaserCombat,195,2.32400,2.25810,2.32290,0.64307,,,,1,0,0,0,0,0
NearLaserCombat,196,6.53940,2.27300,6.53790,0.60723,,,,1,0,0,0,0,0
NearLaserCombat,197,2.36500,2.43500,2.36320,0.63488,,,,1,0,0,0,0,0
NearLaserCombat,198,2.25040,2.32420,2.24950,0.64205,,,,1,0,0,0,0,0
NearLaserCombat,199,2.26430,6.53980,2.26320,0.64512,,,,1,0,0,0,0,0
NearLaserCombat,200,2.24900,2.36430,2.24790,0.62669,,,,1,0,0,0,0,0
NearLaserCombat,201,2.36890,2.25050,2.36800,0.65024,,,,1,0,0,0,0,0
NearLaserCombat,202,7.03010,2.26430,7.03130,0.64819,,,,1,0,0,0,0,0
NearLaserCombat,203,2.67950,2.24900,2.67290,0.63693,,,,1,0,0,0,0,0
NearLaserCombat,204,2.25920,2.36900,2.25750,0.62771,,,,1,0,0,0,0,0
NearLaserCombat,205,2.30461,7.03590,2.30350,0.65434,,,,1,0,0,0,0,0
NearLaserCombat,206,2.26890,2.67440,2.26760,0.61952,,,,1,0,0,0,0,0
NearLaserCombat,207,2.34260,2.25850,2.34150,0.64307,,,,1,0,0,0,0,0
NearLaserCombat,208,2.25510,2.30480,2.25340,0.61133,,,,1,0,0,0,0,0
NearLaserCombat,209,5.60500,2.26860,5.60450,0.63078,,,,1,0,0,0,0,0
NearLaserCombat,210,2.25710,2.34310,2.25480,0.64307,,,,1,0,0,0,0,0
NearLaserCombat,211,2.23540,2.25450,2.23420,0.63386,,,,1,0,0,0,0,0
NearLaserCombat,212,2.24550,5.60630,2.24440,0.62976,,,,1,0,0,0,0,0
NearLaserCombat,213,2.24480,2.25570,2.24390,0.63795,,,,1,0,0,0,0,0
NearLaserCombat,214,2.22701,2.23530,2.22600,0.61645,,,,1,0,0,0,0,0
NearLaserCombat,215,2.20000,2.24530,2.19890,0.62054,,,,1,0,0,0,0,0
NearLaserCombat,216,5.74730,2.24510,5.74680,0.62259,,,,1,0,0,0,0,0
NearLaserCombat,217,2.22150,2.22700,2.21940,0.63693,,,,1,0,0,0,0,0
NearLaserCombat,218,2.57400,2.19990,2.57290,0.64307,,,,1,0,0,0,0,0
NearLaserCombat,219,2.31970,5.74840,2.31780,0.62669,,,,1,0,0,0,0,0
NearLaserCombat,220,2.26910,2.22070,2.26800,0.63078,,,,1,0,0,0,0,0
NearLaserCombat,221,2.20980,2.57470,2.20890,0.60211,,,,1,0,0,0,0,0
NearLaserCombat,222,2.23680,2.31880,2.23570,0.60621,,,,1,0,0,0,0,0
NearLaserCombat,223,2.23630,2.26900,2.23530,0.61440,,,,1,0,0,0,0,0
NearLaserCombat,224,6.72050,2.20980,6.71990,0.60723,,,,1,0,0,0,0,0
NearLaserCombat,225,2.33600,2.23690,2.33310,0.61645,,,,1,0,0,0,0,0
NearLaserCombat,226,2.21250,2.23620,2.21140,0.62771,,,,1,0,0,0,0,0
NearLaserCombat,227,2.23940,6.72250,2.23820,0.64102,,,,1,0,0,0,0,0
NearLaserCombat,228,2.26271,2.33420,2.26150,0.62259,,,,1,0,0,0,0,0
NearLaserCombat,229,2.32309,2.21260,2.32220,0.64922,,,,1,0,0,0,0,0
NearLaserCombat,230,5.95940,2.23930,5.95820,0.60928,,,,1,0,0,0,0,0
NearLaserCombat,231,2.19980,2.26250,2.19770,0.63898,,,,1,0,0,0,0,0
NearLaserCombat,232,2.22340,2.32350,2.22260,0.61030,,,,1,0,0,0,0,0
NearLaserCombat,233,2.22070,5.96010,2.21950,0.63693,,,,1,0,0,0,0,0
NearLaserCombat,234,2.17550,2.19860,2.17460,0.62362,,,,1,0,0,0,0,0
NearLaserCombat,235,2.33770,2.22390,2.33670,0.63693,,,,1,0,0,0,0,0
NearLaserCombat,236,2.22020,2.22040,2.21870,0.60211,,,,1,0,0,0,0,0
NearLaserCombat,237,2.42610,2.17580,2.42540,0.62157,,,,1,0,0,0,0,0
NearLaserCombat,238,6.48640,2.33780,6.48540,0.63693,,,,1,0,0,0,0,0
NearLaserCombat,239,2.23379,2.21960,2.23180,0.62362,,,,1,0,0,0,0,0
NearLaserCombat,240,2.34820,2.42660,2.34710,0.61952,,,,1,0,0,0,0,0
NearLaserCombat,241,2.13830,6.48730,2.13610,0.62976,,,,1,0,0,0,0,0
NearLaserCombat,242,2.18630,2.23280,2.18500,0.61542,,,,1,0,0,0,0,0
NearLaserCombat,243,2.20510,2.34900,2.20400,0.62976,,,,1,0,0,0,0,0
NearLaserCombat,244,2.25900,2.13760,2.25800,0.62054,,,,1,0,0,0,0,0
NearLaserCombat,245,6.88950,2.18600,6.88870,0.64307,,,,1,0,0,0,0,0
NearLaserCombat,246,2.43460,2.20490,2.43280,0.62259,,,,1,0,0,0,0,0
NearLaserCombat,247,2.36980,2.25900,2.36860,0.62669,,,,1,0,0,0,0,0
NearLaserCombat,248,2.51260,6.89040,2.51160,0.62464,,,,1,0,0,0,0,0
NearLaserCombat,249,2.40790,2.43400,2.40700,0.64000,,,,1,0,0,0,0,0
NearLaserCombat,250,2.49940,2.36960,2.49830,0.63155,,,,1,0,0,0,0,0
NearLaserCombat,251,6.68540,2.51240,6.68490,0.62157,,,,1,0,0,0,0,0
NearLaserCombat,252,2.17380,2.40810,2.17150,0.62566,,,,1,0,0,0,0,0
NearLaserCombat,253,2.20210,2.49940,2.20110,0.62157,,,,1,0,0,0,0,0
NearLaserCombat,254,2.17840,6.68680,2.17730,0.61952,,,,1,0,0,0,0,0
NearLaserCombat,255,2.32690,2.17250,2.32600,0.64000,,,,1,0,0,0,0,0
NearLaserCombat,256,3.30000,2.20210,3.29880,0.63488,,,,1,0,0,0,0,0
NearLaserCombat,257,2.38020,2.17820,2.37920,0.63693,,,,1,0,0,0,0,0
NearLaserCombat,258,5.92919,2.32720,5.92850,0.62669,,,,1,0,0,0,0,0
NearLaserCombat,259,2.15250,3.29980,2.15080,0.63078,,,,1,0,0,0,0,0
NearLaserCombat,260,2.22840,2.38020,2.22710,0.63078,,,,1,0,0,0,0,0
NearLaserCombat,261,2.33470,5.93000,2.33350,0.65126,,,,1,0,0,0,0,0
NearLaserCombat,262,2.20370,2.15200,2.20280,0.62464,,,,1,0,0,0,0,0
NearLaserCombat,263,2.18590,2.22840,2.18510,0.62976,,,,1,0,0,0,0,0
NearLaserCombat,264,2.16690,2.33440,2.16600,0.61542,,,,1,0,0,0,0,0
NearLaserCombat,265,6.55110,2.20360,6.55040,0.64410,,,,1,0,0,0,0,0
NearLaserCombat,266,2.57990,2.18610,2.57690,0.61440,,,,1,0,0,0,0,0
NearLaserCombat,267,2.48820,2.16710,2.48700,0.64205,,,,1,0,0,0,0,0
NearLaserCombat,268,2.53170,6.55290,2.53080,0.63283,,,,1,0,0,0,0,0
NearLaserCombat,269,2.42680,2.57840,2.42610,0.63898,,,,1,0,0,0,0,0
NearLaserCombat,270,2.56800,2.48770,2.56690,0.64614,,,,1,0,0,0,0,0
NearLaserCombat,271,6.28920,2.53180,6.28810,0.63590,,,,1,0,0,0,0,0
NearLaserCombat,272,2.25520,2.42700,2.25290,0.62157,,,,1,0,0,0,0,0
NearLaserCombat,273,2.25980,2.56810,2.25870,0.61747,,,,1,0,0,0,0,0
NearLaserCombat,274,2.17370,6.29000,2.17270,0.62362,,,,1,0,0,0,0,0
NearLaserCombat,275,2.15079,2.25400,2.14970,0.65638,,,,1,0,0,0,0,0
NearLaserCombat,276,2.17980,2.25960,2.17890,0.62669,,,,1,0,0,0,0,0
NearLaserCombat,277,2.21380,2.17390,2.21250,0.64819,,,,1,0,0,0,0,0
NearLaserCombat,278,6.02580,2.15060,6.02590,0.62566,,,,1,0,0,0,0,0
NearLaserCombat,279,2.46710,2.18010,2.46380,0.62566,,,,1,0,0,0,0,0
NearLaserCombat,280,2.14280,2.21360,2.14200,0.62464,,,,1,0,0,0,0,0
NearLaserCombat,281,2.17000,6.02810,2.16870,0.64307,,,,1,0,0,0,0,0
NearLaserCombat,282,2.29449,2.46470,2.29320,0.63283,,,,1,0,0,0,0,0
NearLaserCombat,283,2.41690,2.14330,2.41520,0.63386,,,,1,0,0,0,0,0
NearLaserCombat,284,2.21830,2.16990,2.21640,0.63078,,,,1,0,0,0,0,0
NearLaserCombat,285,2.24630,2.29520,2.24470,0.65024,,,,1,0,0,0,0,0
NearLaserCombat,286,6.11820,2.41740,6.11690,0.62464,,,,1,0,0,0,0,0
NearLaserCombat,287,3.20180,2.21750,3.20030,0.63386,,,,1,0,0,0,0,0
NearLaserCombat,288,2.80160,2.24600,2.80050,0.62976,,,,1,0,0,0,0,0
NearLaserCombat,289,3.50720,6.11860,3.50540,0.64205,,,,1,0,0,0,0,0
NearLaserCombat,290,2.76250,3.20190,2.76030,0.62362,,,,1,0,0,0,0,0
NearLaserCombat,291,6.33570,2.80250,6.33470,0.65946,,,,1,0,0,0,0,0
NearLaserCombat,292,2.17890,3.50710,2.17660,0.63488,,,,1,0,0,0,0,0
NearLaserCombat,293,2.14311,2.76120,2.14240,0.66765,,,,1,0,0,0,0,0
NearLaserCombat,294,2.20609,6.33640,2.20470,0.63283,,,,1,0,0,0,0,0
NearLaserCombat,295,2.17890,2.17770,2.17780,0.63795,,,,1,0,0,0,0,0
NearLaserCombat,296,2.31650,2.14380,2.31550,0.63078,,,,1,0,0,0,0,0
NearLaserCombat,297,2.21080,2.20560,2.20990,0.65536,,,,1,0,0,0,0,0
NearLaserCombat,298,2.44630,2.17880,2.44520,0.61850,,,,1,0,0,0,0,0
NearLaserCombat,299,5.80080,2.31660,5.79970,0.63283,,,,1,0,0,0,0,0
NearLaserCombat,300,2.41440,2.21070,2.41290,0.62362,,,,1,0,0,0,0,0
NearLaserCombat,301,2.44810,2.44660,2.44730,0.64410,,,,1,0,0,0,0,0
NearLaserCombat,302,2.35940,5.80110,2.35820,0.63488,,,,1,0,0,0,0,0
NearLaserCombat,303,3.10360,2.41370,3.10300,0.62566,,,,1,0,0,0,0,0
NearLaserCombat,304,2.63490,2.44820,2.63220,0.62771,,,,1,0,0,0,0,0
NearLaserCombat,305,6.16100,2.35920,6.16020,0.64922,,,,1,0,0,0,0,0
NearLaserCombat,306,2.31410,3.10560,2.31190,0.62771,,,,1,0,0,0,0,0
NearLaserCombat,307,2.67810,2.63340,2.67530,0.66253,,,,1,0,0,0,0,0
NearLaserCombat,308,2.26330,6.16260,2.26220,0.62874,,,,1,0,0,0,0,0
NearLaserCombat,309,2.25500,2.31410,2.25390,0.66253,,,,1,0,0,0,0,0
NearLaserCombat,310,2.21080,2.67640,2.20960,0.62874,,,,1,0,0,0,0,0
NearLaserCombat,311,2.22030,2.26330,2.21940,0.64614,,,,1,0,0,0,0,0
NearLaserCombat,312,9.37530,2.25500,9.37610,0.65638,,,,1,0,0,0,0,0
NearLaserCombat,313,2.82470,2.21050,2.82040,0.65638,,,,1,0,0,0,0,0
NearLaserCombat,314,3.57480,2.22040,3.57360,0.63795,,,,1,0,0,0,0,0
NearLaserCombat,315,2.49880,9.37860,2.50390,0.63795,,,,1,0,0,0,0,0
NearLaserCombat,316,2.30240,2.82180,2.29480,0.62976,,,,1,0,0,0,0,0
NearLaserCombat,317,6.54770,3.57460,6.54660,0.64512,,,,1,0,0,0,0,0
NearLaserCombat,318,2.31850,2.50540,2.31690,0.64819,,,,1,0,0,0,0,0
NearLaserCombat,319,2.19630,2.29600,2.19550,0.63590,,,,1,0,0,0,0,0
NearLaserCombat,320,2.17120,6.54800,2.17000,0.64102,,,,1,0,0,0,0,0
NearLaserCombat,321,2.17510,2.31780,2.17410,0.66150,,,,1,0,0,0,0,0
NearLaserCombat,322,2.32569,2.19650,2.32440,0.63795,,,,1,0,0,0,0,0
NearLaserCombat,323,2.18810,2.17100,2.18700,0.63078,,,,1,0,0,0,0,0
NearLaserCombat,324,5.63810,2.17540,5.63690,0.62976,,,,1,0,0,0,0,0
NearLaserCombat,325,2.43590,2.32550,2.43480,0.63386,,,,1,0,0,0,0,0
NearLaserCombat,326,2.19280,2.18830,2.19190,0.61952,,,,1,0,0,0,0,0
NearLaserCombat,327,2.20920,5.63800,2.20820,0.64205,,,,1,0,0,0,0,0
NearLaserCombat,328,2.38310,2.43580,2.38230,0.62566,,,,1,0,0,0,0,0
NearLaserCombat,329,2.23550,2.19270,2.23390,0.66970,,,,1,0,0,0,0,0
NearLaserCombat,330,2.27020,2.20910,2.26930,0.64102,,,,1,0,0,0,0,0
NearLaserCombat,331,5.69200,2.38370,5.69170,0.61235,,,,1,0,0,0,0,0
NearLaserCombat,332,2.48630,2.23490,2.48420,0.61645,,,,1,0,0,0,0,0
NearLaserCombat,333,2.66730,2.27030,2.66640,0.62771,,,,1,0,0,0,0,0
NearLaserCombat,334,2.41680,5.69300,2.41570,0.64102,,,,1,0,0,0,0,0
NearLaserCombat,335,2.30519,2.48530,2.30410,0.63386,,,,1,0,0,0,0,0
NearLaserCombat,336,2.37320,2.66730,2.37220,0.63488,,,,1,0,0,0,0,0
NearLaserCombat,337,2.51410,2.41700,2.51310,0.65946,,,,1,0,0,0,0,0
NearLaserCombat,338,6.66350,2.30500,6.66300,0.63386,,,,1,0,0,0,0,0
NearLaserCombat,339,2.43690,2.37340,2.43520,0.62976,,,,1,0,0,0,0,0
NearLaserCombat,340,2.64830,2.51390,2.64660,0.61338,,,,1,0,0,0,0,0
NearLaserCombat,341,2.19169,6.66450,2.19070,0.66970,,,,1,0,0,0,0,0
NearLaserCombat,342,2.25520,2.43650,2.25430,0.63078,,,,1,0,0,0,0,0
NearLaserCombat,343,2.18400,2.64760,2.18280,0.63795,,,,1,0,0,0,0,0
NearLaserCombat,344,2.20260,2.19160,2.20110,0.61645,,,,1,0,0,0,0,0
NearLaserCombat,345,6.46631,2.25540,6.46560,0.64819,,,,1,0,0,0,0,0
NearLaserCombat,346,2.35609,2.18430,2.35460,0.61440,,,,1,0,0,0,0,0
NearLaserCombat,347,2.21550,2.20220,2.21380,0.62976,,,,1,0,0,0,0,0
NearLaserCombat,348,2.19600,6.46700,2.19500,0.62054,,,,1,0,0,0,0,0
NearLaserCombat,349,2.20831,2.35620,2.20750,0.64205,,,,1,0,0,0,0,0
NearLaserCombat,350,2.34600,2.21470,2.34470,0.62259,,,,1,0,0,0,0,0
NearLaserCombat,351,2.23780,2.19610,2.23700,0.64307,,,,1,0,0,0,0,0
NearLaserCombat,352,5.57180,2.20880,5.57060,0.62362,,,,1,0,0,0,0,0
NearLaserCombat,353,2.14130,2.34560,2.14020,0.64307,,,,1,0,0,0,0,0
NearLaserCombat,354,2.19990,2.23800,2.19860,0.64819,,,,1,0,0,0,0,0
NearLaserCombat,355,2.24810,5.57170,2.24740,0.64102,,,,1,0,0,0,0,0
NearLaserCombat,356,2.50880,2.14140,2.50700,0.61645,,,,1,0,0,0,0,0
NearLaserCombat,357,2.29590,2.19960,2.29500,0.65331,,,,1,0,0,0,0,0
NearLaserCombat,358,2.18390,2.24880,2.18340,0.65229,,,,1,0,0,0,0,0
NearLaserCombat,359,6.00360,2.50800,6.00190,0.63283,,,,1,0,0,0,0,0
NearLaserCombat,360,2.68110,2.29600,2.67990,0.64205,,,,1,0,0,0,0,0
NearLaserCombat,361,2.64460,2.18460,2.64370,0.64819,,,,1,0,0,0,0,0
NearLaserCombat,362,2.53280,6.00300,2.53170,0.65331,,,,1,0,0,0,0,0
NearLaserCombat,363,2.51650,2.68120,2.51550,0.66355,,,,1,0,0,0,0,0
NearLaserCombat,364,2.56910,2.64450,2.56810,0.63283,,,,1,0,0,0,0,0
NearLaserCombat,365,6.32320,2.53280,6.32240,0.63283,,,,1,0,0,0,0,0
NearLaserCombat,366,2.33960,2.51640,2.33750,0.62669,,,,1,0,0,0,0,0
NearLaserCombat,367,2.71310,2.56920,2.71190,0.64205,,,,1,0,0,0,0,0
NearLaserCombat,368,2.29120,6.32440,2.28990,0.62976,,,,1,0,0,0,0,0
NearLaserCombat,369,2.45240,2.33860,2.45100,0.65536,,,,1,0,0,0,0,0
NearLaserCombat,370,2.32680,2.71320,2.32550,0.62259,,,,1,0,0,0,0,0
NearLaserCombat,371,2.59710,2.29110,2.59630,0.64922,,,,1,0,0,0,0,0
NearLaserCombat,372,6.05670,2.45240,6.05550,0.65946,,,,1,0,0,0,0,0
NearLaserCombat,373,2.27050,2.32650,2.26890,0.65126,,,,1,0,0,0,0,0
NearLaserCombat,374,2.21419,2.59750,2.21310,0.63181,,,,1,0,0,0,0,0
NearLaserCombat,375,2.25800,6.05700,2.25690,0.64922,,,,1,0,0,0,0,0
NearLaserCombat,376,2.19460,2.26980,2.19420,0.63078,,,,1,0,0,0,0,0
NearLaserCombat,377,2.63700,2.21420,2.63500,0.65741,,,,1,0,0,0,0,0
NearLaserCombat,378,2.43870,2.25790,2.43720,0.63283,,,,1,0,0,0,0,0
NearLaserCombat,379,5.76760,2.19580,5.76630,0.62362,,,,1,0,0,0,0,0
NearLaserCombat,380,2.24830,2.63650,2.24690,0.63283,,,,1,0,0,0,0,0
NearLaserCombat,381,2.19830,2.43840,2.19740,0.64819,,,,1,0,0,0,0,0
NearLaserCombat,382,2.30890,5.76760,2.30790,0.63898,,,,1,0,0,0,0,0
NearLaserCombat,383,2.19980,2.24810,2.19910,0.64512,,,,1,0,0,0,0,0
NearLaserCombat,384,2.17770,2.19830,2.17640,0.65434,,,,1,0,0,0,0,0
NearLaserCombat,385,2.15710,2.30880,2.15580,0.63590,,,,1,0,0,0,0,0
NearLaserCombat,386,6.23170,2.20030,6.23040,0.63693,,,,1,0,0,0,0,0
NearLaserCombat,387,2.23200,2.17770,2.23020,0.65946,,,,1,0,0,0,0,0
NearLaserCombat,388,2.31730,2.15710,2.31670,0.63181,,,,1,0,0,0,0,0
NearLaserCombat,389,2.25720,6.23200,2.25520,0.64614,,,,1,0,0,0,0,0
NearLaserCombat,390,2.17620,2.23110,2.17490,0.62669,,,,1,0,0,0,0,0
NearLaserCombat,391,2.19730,2.31840,2.19620,0.65536,,,,1,0,0,0,0,0
NearLaserCombat,392,2.31050,2.25660,2.30930,0.61645,,,,1,0,0,0,0,0
NearLaserCombat,393,6.00900,2.17600,6.00800,0.64717,,,,1,0,0,0,0,0
NearLaserCombat,394,2.19520,2.19730,2.19340,0.64102,,,,1,0,0,0,0,0
NearLaserCombat,395,2.16430,2.31030,2.16360,0.64205,,,,1,0,0,0,0,0
NearLaserCombat,396,2.20750,6.00970,2.20600,0.61645,,,,1,0,0,0,0,0
NearLaserCombat,397,2.21460,2.19450,2.21380,0.64614,,,,1,0,0,0,0,0
NearLaserCombat,398,2.15870,2.16480,2.15760,0.63283,,,,1,0,0,0,0,0
NearLaserCombat,399,2.61950,2.20710,2.61850,0.64102,,,,1,0,0,0,0,0
NearLaserCombat,400,2.45959,2.21460,2.45820,0.63181,,,,1,0,0,0,0,0
NearLaserCombat,401,5.71640,2.15880,5.71530,0.65024,,,,1,0,0,0,0,0
NearLaserCombat,402,2.13780,2.61960,2.13640,0.62976,,,,1,0,0,0,0,0
NearLaserCombat,403,2.15670,2.45960,2.15540,0.66662,,,,1,0,0,0,0,0
NearLaserCombat,404,2.20540,5.71670,2.20410,0.64205,,,,1,0,0,0,0,0
NearLaserCombat,405,2.28720,2.13750,2.28650,0.64717,,,,1,0,0,0,0,0
NearLaserCombat,406,2.22470,2.15660,2.22280,0.61952,,,,1,0,0,0,0,0
NearLaserCombat,407,2.18850,2.20520,2.18740,0.62976,,,,1,0,0,0,0,0
NearLaserCombat,408,6.13870,2.28810,6.13770,0.62464,,,,1,0,0,0,0,0
NearLaserCombat,409,2.29099,2.22380,2.28960,0.66253,,,,1,0,0,0,0,0
NearLaserCombat,410,4.01420,2.18840,4.01470,0.63283,,,,1,0,0,0,0,0
NearLaserCombat,411,3.08270,6.13910,3.07850,0.63283,,,,1,0,0,0,0,0
NearLaserCombat,412,2.58930,2.29050,2.58850,0.62669,,,,1,0,0,0,0,0
NearLaserCombat,413,2.29120,4.01790,2.28990,0.66560,,,,1,0,0,0,0,0
NearLaserCombat,414,6.88090,3.07940,6.88020,0.65024,,,,1,0,0,0,0,0
NearLaserCombat,415,2.20950,2.58950,2.20670,0.62054,,,,1,0,0,0,0,0
NearLaserCombat,416,2.19530,2.29090,2.19350,0.62054,,,,1,0,0,0,0,0
NearLaserCombat,417,2.19230,6.88280,2.19130,0.66458,,,,1,0,0,0,0,0
NearLaserCombat,418,2.17431,2.20830,2.17340,0.65229,,,,1,0,0,0,0,0
NearLaserCombat,419,2.18960,2.19440,2.18820,0.64512,,,,1,0,0,0,0,0
NearLaserCombat,420,2.21910,2.19240,2.21780,0.64307,,,,1,0,0,0,0,0
NearLaserCombat,421,5.85430,2.17480,5.85310,0.65741,,,,1,0,0,0,0,0
NearLaserCombat,422,2.21360,2.18930,2.21190,0.62157,,,,1,0,0,0,0,0
NearLaserCombat,423,2.13321,2.21920,2.13220,0.63181,,,,1,0,0,0,0,0
NearLaserCombat,424,2.14300,5.85470,2.14210,0.62362,,,,1,0,0,0,0,0
NearLaserCombat,425,2.16900,2.21290,2.16760,0.62464,,,,1,0,0,0,0,0
NearLaserCombat,426,2.24500,2.13330,2.24400,0.61030,,,,1,0,0,0,0,0
NearLaserCombat,427,2.23019,2.14330,2.22920,0.64205,,,,1,0,0,0,0,0
NearLaserCombat,428,5.58290,2.16850,5.58220,0.62157,,,,1,0,0,0,0,0
NearLaserCombat,429,2.24840,2.24510,2.24660,0.63181,,,,1,0,0,0,0,0
NearLaserCombat,430,2.13941,2.23020,2.13830,0.62566,,,,1,0,0,0,0,0
NearLaserCombat,431,2.17770,5.58380,2.17670,0.62976,,,,1,0,0,0,0,0
NearLaserCombat,432,2.26329,2.24760,2.26250,0.61030,,,,1,0,0,0,0,0
NearLaserCombat,433,2.22691,2.13920,2.22570,0.63181,,,,1,0,0,0,0,0
NearLaserCombat,434,2.18310,2.17780,2.18200,0.60621,,,,1,0,0,0,0,0
NearLaserCombat,435,2.91890,2.26360,2.91810,0.60314,,,,1,0,0,0,0,0
NearLaserCombat,436,5.95610,2.22680,5.95510,0.62771,,,,1,0,0,0,0,0
NearLaserCombat,437,2.28580,2.18280,2.28420,0.63283,,,,1,0,0,0,0,0
NearLaserCombat,438,2.27209,2.91920,2.27080,0.62874,,,,1,0,0,0,0,0
NearLaserCombat,439,2.17020,5.95650,2.16930,0.62362,,,,1,0,0,0,0,0
NearLaserCombat,440,2.28220,2.28550,2.28090,0.62566,,,,1,0,0,0,0,0
NearLaserCombat,441,2.20200,2.27180,2.20090,0.61133,,,,1,0,0,0,0,0
NearLaserCombat,442,2.41700,2.17050,2.41620,0.63488,,,,1,0,0,0,0,0
NearLaserCombat,443,6.35860,2.28190,6.35740,0.63283,,,,1,0,0,0,0,0
NearLaserCombat,444,2.16510,2.20190,2.16350,0.61133,,,,1,0,0,0,0,0
NearLaserCombat,445,2.26020,2.41740,2.25920,0.62566,,,,1,0,0,0,0,0
NearLaserCombat,446,2.15850,6.35880,2.15800,0.61952,,,,1,0,0,0,0,0
NearLaserCombat,447,2.26670,2.16450,2.26550,0.63590,,,,1,0,0,0,0,0
NearLaserCombat,448,2.17780,2.26010,2.17640,0.61030,,,,1,0,0,0,0,0
NearLaserCombat,449,2.49460,2.15920,2.49380,0.66355,,,,1,0,0,0,0,0
NearLaserCombat,450,5.75110,2.26650,5.74940,0.60928,,,,1,0,0,0,0,0
NearLaserCombat,451,2.22480,2.17730,2.22310,0.64896,,,,1,0,0,0,0,0
NearLaserCombat,452,2.45860,2.49570,2.45750,0.66765,,,,1,0,0,0,0,0
NearLaserCombat,453,2.18610,5.75090,2.18530,0.65229,,,,1,0,0,0,0,0
NearLaserCombat,454,2.21940,2.22420,2.21840,0.64614,,,,1,0,0,0,0,0
NearLaserCombat,455,2.52029,2.45840,2.51960,0.62976,,,,1,0,0,0,0,0
NearLaserCombat,456,2.24620,2.18630,2.24430,0.63488,,,,1,0,0,0,0,0
NearLaserCombat,457,5.96180,2.21940,5.96100,0.65024,,,,1,0,0,0,0,0
NearLaserCombat,458,2.14880,2.52110,2.14730,0.63181,,,,1,0,0,0,0,0
NearLaserCombat,459,2.18410,2.24530,2.18270,0.62362,,,,1,0,0,0,0,0
NearLaserCombat,460,2.26170,5.96250,2.26080,0.64205,,,,1,0,0,0,0,0
NearLaserCombat,461,2.18820,2.14860,2.18690,0.63283,,,,1,0,0,0,0,0
NearLaserCombat,462,2.21390,2.18370,2.21300,0.62566,,,,1,0,0,0,0,0
NearLaserCombat,463,2.18420,2.26190,2.18320,0.63488,,,,1,0,0,0,0,0
NearLaserCombat,464,5.73240,2.18790,5.73180,0.65024,,,,1,0,0,0,0,0
NearLaserCombat,465,2.23400,2.21380,2.23240,0.66355,,,,1,0,0,0,0,0
NearLaserCombat,466,2.21170,2.18420,2.21060,0.62771,,,,1,0,0,0,0,0
NearLaserCombat,467,2.19740,5.73310,2.19650,0.61850,,,,1,0,0,0,0,0
NearLaserCombat,468,2.17990,2.23360,2.17900,0.61747,,,,1,0,0,0,0,0
NearLaserCombat,469,2.16690,2.21140,2.16580,0.64717,,,,1,0,0,0,0,0
NearLaserCombat,470,2.16810,2.19740,2.16720,0.60928,,,,1,0,0,0,0,0
NearLaserCombat,471,2.15700,2.18010,2.15580,0.62054,,,,1,0,0,0,0,0
NearLaserCombat,472,6.53770,2.16670,6.53750,0.62669,,,,1,0,0,0,0,0
NearLaserCombat,473,2.13240,2.16840,2.13060,0.63283,,,,1,0,0,0,0,0
NearLaserCombat,474,2.16380,2.15670,2.16300,0.61235,,,,1,0,0,0,0,0
NearLaserCombat,475,2.20860,6.53850,2.20730,0.65331,,,,1,0,0,0,0,0
NearLaserCombat,476,2.21550,2.13150,2.21470,0.61440,,,,1,0,0,0,0,0
NearLaserCombat,477,2.25320,2.16430,2.25180,0.64205,,,,1,0,0,0,0,0
NearLaserCombat,478,2.21460,2.20820,2.21330,0.62259,,,,1,0,0,0,0,0
NearLaserCombat,479,6.29460,2.21600,6.29360,0.64205,,,,1,0,0,0,0,0
NearLaserCombat,480,2.21430,2.25330,2.21240,0.62054,,,,1,0,0,0,0,0
NearLaserCombat,481,2.20070,2.21440,2.19980,0.63078,,,,1,0,0,0,0,0
NearLaserCombat,482,2.23490,6.29530,2.23430,0.62259,,,,1,0,0,0,0,0
NearLaserCombat,483,2.19670,2.21330,2.19590,0.62464,,,,1,0,0,0,0,0
NearLaserCombat,484,2.23420,2.20060,2.23270,0.61645,,,,1,0,0,0,0,0
NearLaserCombat,485,2.24260,2.23550,2.24160,0.61952,,,,1,0,0,0,0,0
NearLaserCombat,486,6.03410,2.19670,6.03300,0.60723,,,,1,0,0,0,0,0
NearLaserCombat,487,2.49860,2.23370,2.49740,0.61235,,,,1,0,0,0,0,0
NearLaserCombat,488,2.38800,2.24270,2.38570,0.60314,,,,1,0,0,0,0,0
NearLaserCombat,489,2.23920,6.03430,2.23770,0.63181,,,,1,0,0,0,0,0
NearLaserCombat,490,2.18330,2.49980,2.18240,0.63590,,,,1,0,0,0,0,0
NearLaserCombat,491,2.19360,2.38690,2.19260,0.63898,,,,1,0,0,0,0,0
NearLaserCombat,492,2.22050,2.23870,2.21930,0.60928,,,,1,0,0,0,0,0
NearLaserCombat,493,6.13630,2.18340,6.13550,0.66458,,,,1,0,0,0,0,0
NearLaserCombat,494,2.51080,2.19380,2.50910,0.60416,,,,1,0,0,0,0,0
NearLaserCombat,495,2.36090,2.22040,2.35990,0.62054,,,,1,0,0,0,0,0
NearLaserCombat,496,2.61350,6.13680,2.61270,0.61542,,,,1,0,0,0,0,0
NearLaserCombat,497,2.47280,2.51000,2.47150,0.62976,,,,1,0,0,0,0,0
NearLaserCombat,498,2.67900,2.36110,2.67800,0.60621,,,,1,0,0,0,0,0
NearLaserCombat,499,2.52900,2.61380,2.52800,0.63181,,,,1,0,0,0,0,0
NearLaserCombat,500,5.88070,2.47240,5.87980,0.59392,,,,1,0,0,0,0,0
NearLaserCombat,501,2.36340,2.67900,2.36190,0.63078,,,,1,0,0,0,0,0
NearLaserCombat,502,2.45670,2.52890,2.45570,0.59699,,,,1,0,0,0,0,0
NearLaserCombat,503,2.86319,5.88130,2.86210,0.62669,,,,1,0,0,0,0,0
NearLaserCombat,504,2.23780,2.36300,2.23660,0.62157,,,,1,0,0,0,0,0
NearLaserCombat,505,2.13330,2.45690,2.13210,0.63590,,,,1,0,0,0,0,0
NearLaserCombat,506,2.12470,2.86330,2.12400,0.60211,,,,1,0,0,0,0,0
NearLaserCombat,507,5.58250,2.23760,5.58140,0.60928,,,,1,0,0,0,0,0
NearLaserCombat,508,2.15910,2.13300,2.15730,0.61440,,,,1,0,0,0,0,0
NearLaserCombat,509,2.17930,2.12510,2.17830,0.64922,,,,1,0,0,0,0,0
NearLaserCombat,510,2.19170,5.58300,2.19040,0.60826,,,,1,0,0,0,0,0
NearLaserCombat,511,2.15850,2.15850,2.15780,0.60928,,,,1,0,0,0,0,0
NearLaserCombat,512,2.18480,2.17940,2.18350,0.61440,,,,1,0,0,0,0,0
NearLaserCombat,513,2.14580,2.19140,2.14440,0.63283,,,,1,0,0,0,0,0
NearLaserCombat,514,6.19660,2.15910,6.19600,0.59699,,,,1,0,0,0,0,0
NearLaserCombat,515,2.22070,2.18470,2.21900,0.62157,,,,1,0,0,0,0,0
NearLaserCombat,516,2.15790,2.14530,2.15690,0.59699,,,,1,0,0,0,0,0
NearLaserCombat,517,2.16520,6.19750,2.16380,0.64819,,,,1,0,0,0,0,0
NearLaserCombat,518,2.16460,2.22000,2.16360,0.61133,,,,1,0,0,0,0,0
NearLaserCombat,519,2.22380,2.15830,2.22270,0.63488,,,,1,0,0,0,0,0
NearLaserCombat,520,2.18810,2.16480,2.18690,0.60723,,,,1,0,0,0,0,0
NearLaserCombat,521,2.44060,2.16450,2.44010,0.65024,,,,1,0,0,0,0,0
NearLaserCombat,522,5.53510,2.22410,5.53340,0.59392,,,,1,0,0,0,0,0
NearLaserCombat,523,2.13620,2.18780,2.13520,0.59597,,,,1,0,0,0,0,0
NearLaserCombat,524,2.19950,2.44140,2.19800,0.61952,,,,1,0,0,0,0,0
NearLaserCombat,525,2.18630,5.53440,2.18540,0.64819,,,,1,0,0,0,0,0
NearLaserCombat,526,2.20850,2.13650,2.20710,0.59392,,,,1,0,0,0,0,0
NearLaserCombat,527,2.27100,2.19900,2.27000,0.61030,,,,1,0,0,0,0,0
NearLaserCombat,528,2.16450,2.18670,2.16350,0.60826,,,,1,0,0,0,1,0
NearLaserCombat,529,8.96340,2.20860,8.96230,0.65434,,,,1,0,0,0,1,0
NearLaserCombat,530,3.44850,2.27090,3.44670,0.60928,,,,1,0,0,0,1,0
NearLaserCombat,531,2.93410,2.16470,2.93240,0.61850,,,,1,0,0,0,1,0
NearLaserCombat,532,2.76900,8.96390,2.76770,0.62259,,,,1,0,0,0,1,0
NearLaserCombat,533,2.75130,3.44820,2.75030,0.65024,,,,1,0,0,0,1,0
NearLaserCombat,534,6.18660,2.93370,6.18560,0.63693,,,,1,0,0,0,1,0
NearLaserCombat,535,2.91520,2.76870,2.91320,0.62669,,,,1,0,0,0,1,0
NearLaserCombat,536,2.69459,2.75140,2.69350,0.62362,,,,1,0,0,0,1,0
NearLaserCombat,537,3.11930,6.18740,3.11820,0.65229,,,,1,0,0,0,1,0
NearLaserCombat,538,2.41300,2.91430,2.41190,0.61952,,,,1,0,0,0,1,0
NearLaserCombat,539,2.47490,2.69460,2.47430,0.63795,,,,1,0,0,0,1,0
NearLaserCombat,540,6.09570,3.11930,6.09460,0.62054,,,,1,0,0,0,1,0
NearLaserCombat,541,2.99140,2.41280,2.98960,0.64512,,,,1,0,0,0,1,0
NearLaserCombat,542,2.76430,2.47540,2.76310,0.62464,,,,1,0,0,0,1,0
NearLaserCombat,543,2.86900,6.09640,2.86780,0.62874,,,,1,0,0,0,1,0
NearLaserCombat,544,2.98430,2.99070,2.98320,0.63795,,,,1,0,0,0,1,0
NearLaserCombat,545,2.77800,2.76450,2.77640,0.66867,,,,1,0,0,0,1,0
NearLaserCombat,546,6.45380,2.86860,6.45280,0.61952,,,,1,0,0,0,1,0
NearLaserCombat,547,2.78380,2.98490,2.78230,0.63078,,,,1,0,0,0,1,0
NearLaserCombat,548,2.60000,2.77740,2.59870,0.63053,,,,1,0,0,0,1,0
NearLaserCombat,549,3.34460,6.45460,3.34530,0.64717,,,,1,0,0,0,1,0
NearLaserCombat,550,3.56740,2.78340,3.56220,0.62464,,,,1,0,0,0,1,0
NearLaserCombat,551,5.89790,2.59960,5.89670,0.62566,,,,1,0,0,0,1,0
NearLaserCombat,552,2.56460,3.34900,2.56290,0.62362,,,,1,0,0,0,1,0
NearLaserCombat,553,2.82500,3.56340,2.82450,0.65638,,,,1,0,0,0,1,0
NearLaserCombat,554,2.62730,5.89840,2.62530,0.63590,,,,1,0,0,0,1,0
NearLaserCombat,555,2.51460,2.56400,2.51370,0.62464,,,,1,0,0,0,1,0
NearLaserCombat,556,2.62350,2.82570,2.62220,0.63078,,,,1,0,0,0,1,0
NearLaserCombat,557,6.09320,2.62610,6.09220,0.65638,,,,1,0,0,0,1,0
NearLaserCombat,558,2.80270,2.51490,2.80180,0.62464,,,,1,0,0,0,1,0
NearLaserCombat,559,2.97600,2.62330,2.97480,0.63693,,,,1,0,0,0,1,0
NearLaserCombat,560,2.60120,6.09320,2.60010,0.65638,,,,1,0,0,0,1,0
NearLaserCombat,561,2.65260,2.80290,2.65170,0.67072,,,,1,0,0,0,1,0
NearLaserCombat,562,2.66890,2.97570,2.66790,0.62669,,,,1,0,0,0,1,0
NearLaserCombat,563,2.83080,2.60110,2.82990,0.61645,,,,1,0,0,0,0,0
NearLaserCombat,564,5.91470,2.65280,5.91360,0.61747,,,,1,0,0,0,0,0
NearLaserCombat,565,2.30230,2.66890,2.30020,0.64102,,,,1,0,0,0,0,0
NearLaserCombat,566,2.28000,2.83120,2.27870,0.59494,,,,1,0,0,0,0,0
NearLaserCombat,567,2.23910,5.91540,2.23800,0.61542,,,,1,0,0,0,0,0
NearLaserCombat,568,2.39600,2.30140,2.39500,0.59392,,,,1,0,0,0,0,0
NearLaserCombat,569,2.19150,2.27980,2.19060,0.65536,,,,1,0,0,0,0,0
NearLaserCombat,570,5.98200,2.23910,5.98120,0.62362,,,,1,0,0,0,0,0
NearLaserCombat,571,2.28710,2.39590,2.28530,0.62976,,,,1,0,0,0,0,0
NearLaserCombat,572,2.45020,2.19160,2.44940,0.61952,,,,1,0,0,0,0,0
NearLaserCombat,573,3.09221,5.98270,3.09150,0.63488,,,,1,0,0,0,0,0
NearLaserCombat,574,2.83880,2.28630,2.83730,0.61338,,,,1,0,0,0,0,0
NearLaserCombat,575,2.53460,2.45040,2.53350,0.62362,,,,1,0,0,0,0,0
NearLaserCombat,576,2.44270,3.09270,2.44170,0.59904,,,,1,0,0,0,0,0
NearLaserCombat,577,6.14280,2.83840,6.14230,0.62771,,,,1,0,0,0,0,0
NearLaserCombat,578,2.43909,2.53480,2.43590,0.60621,,,,1,0,0,0,0,0
NearLaserCombat,579,2.26780,2.44230,2.26650,0.62259,,,,1,0,0,0,0,0
NearLaserCombat,580,2.32720,6.14520,2.32620,0.60314,,,,1,0,0,0,0,0
NearLaserCombat,581,2.20290,2.43710,2.20180,0.63795,,,,1,0,0,0,0,0
NearLaserCombat,582,2.26030,2.26760,2.25940,0.60211,,,,1,0,0,0,0,0
NearLaserCombat,583,2.31910,2.32730,2.31830,0.60621,,,,1,0,0,0,0,0
NearLaserCombat,584,5.88300,2.20280,5.88190,0.59392,,,,1,0,0,0,0,0
NearLaserCombat,585,2.35760,2.26080,2.35440,0.65741,,,,1,0,0,0,0,0
NearLaserCombat,586,2.43080,2.31910,2.42990,0.61133,,,,1,0,0,0,0,0
NearLaserCombat,587,2.30840,5.88440,2.30720,0.61952,,,,1,0,0,0,0,0
NearLaserCombat,588,2.23020,2.35550,2.22900,0.61338,,,,1,0,0,0,0,0
NearLaserCombat,589,2.31010,2.43140,2.30910,0.64205,,,,1,0,0,0,0,0
NearLaserCombat,590,2.30530,2.30790,2.30420,0.59494,,,,1,0,0,0,0,0
NearLaserCombat,591,6.04320,2.23000,6.04160,0.62054,,,,1,0,0,0,0,0
NearLaserCombat,592,2.23360,2.31030,2.23190,0.59597,,,,1,0,0,0,0,0
NearLaserCombat,593,2.26490,2.30580,2.26410,0.60826,,,,1,0,0,0,0,0
NearLaserCombat,594,2.25150,6.04310,2.25050,0.60595,,,,1,0,0,0,0,0
NearLaserCombat,595,2.90820,2.23300,2.90760,0.61747,,,,1,0,0,0,0,0
NearLaserCombat,596,2.30730,2.26500,2.30530,0.61338,,,,1,0,0,0,0,0
NearLaserCombat,597,2.18860,2.25140,2.18760,0.63667,,,,1,0,0,0,0,0
NearLaserCombat,598,5.89680,2.90930,5.89580,0.61440,,,,1,0,0,0,0,0
NearLaserCombat,599,2.21840,2.30620,2.21650,0.60109,,,,1,0,0,0,0,0
NearLaserCombat,600,2.47620,2.18880,2.47530,0.61338,,,,1,0,0,0,0,0
NearLaserCombat,601,2.30660,5.89750,2.30500,0.65331,,,,1,0,0,0,0,0
NearLaserCombat,602,2.25730,2.21770,2.25630,0.62566,,,,1,0,0,0,0,0
NearLaserCombat,603,2.26430,2.47670,2.26330,0.61235,,,,1,0,0,0,0,0
NearLaserCombat,604,2.26240,2.30610,2.26150,0.60416,,,,1,0,0,0,0,0
NearLaserCombat,605,5.84491,2.25730,5.84410,0.65536,,,,1,0,0,0,0,0
NearLaserCombat,606,2.28330,2.26420,2.28150,0.60621,,,,1,0,0,0,0,0
NearLaserCombat,607,2.27010,2.26250,2.26900,0.62566,,,,1,0,0,0,0,0
NearLaserCombat,608,2.26981,5.84590,2.26880,0.60314,,,,1,0,0,0,0,0
NearLaserCombat,609,2.24259,2.28240,2.24170,0.61747,,,,1,0,0,0,0,0
NearLaserCombat,610,2.24160,2.26990,2.24050,0.59085,,,,1,0,0,0,0,0
NearLaserCombat,611,2.30770,2.26980,2.30670,0.62874,,,,1,0,0,0,0,0
NearLaserCombat,612,6.75550,2.24270,6.75500,0.60595,,,,1,0,0,0,0,0
NearLaserCombat,613,2.44790,2.24160,2.44550,0.61133,,,,1,0,0,0,0,0
NearLaserCombat,614,2.48331,2.30780,2.48220,0.61030,,,,1,0,0,0,0,0
NearLaserCombat,615,2.34870,6.75700,2.34690,0.62771,,,,1,0,0,0,0,0
NearLaserCombat,616,2.55040,2.44670,2.54940,0.61030,,,,1,0,0,0,0,0
NearLaserCombat,617,2.57080,2.48360,2.57000,0.61517,,,,1,0,0,0,0,0
NearLaserCombat,618,2.36300,2.34800,2.36130,0.59494,,,,1,0,0,0,0,0
NearLaserCombat,619,6.15300,2.55040,6.15200,0.63181,,,,1,0,0,0,0,0
NearLaserCombat,620,2.60710,2.57160,2.60540,0.61235,,,,1,0,0,0,0,0
NearLaserCombat,621,2.75820,2.36230,2.75690,0.61133,,,,1,0,0,0,0,0
NearLaserCombat,622,2.64590,6.15360,2.64440,0.60109,,,,1,0,0,0,0,0
NearLaserCombat,623,2.65150,2.60680,2.65030,0.62874,,,,1,0,0,0,0,0
NearLaserCombat,624,2.62650,2.75830,2.62590,0.59802,,,,1,0,0,0,0,0
NearLaserCombat,625,7.22000,2.64540,7.21920,0.61542,,,,1,0,0,0,0,0
NearLaserCombat,626,2.82280,2.65120,2.82060,0.62157,,,,1,0,0,0,0,0
NearLaserCombat,627,2.54780,2.62700,2.54660,0.63795,,,,1,0,0,0,0,0
NearLaserCombat,628,2.63390,7.22100,2.63280,0.61235,,,,1,0,0,0,0,0
NearLaserCombat,629,2.55820,2.82180,2.55720,0.60621,,,,1,0,0,0,0,0
NearLaserCombat,630,2.61830,2.54770,2.61710,0.60621,,,,1,0,0,0,0,0
NearLaserCombat,631,7.00270,2.63380,7.00290,0.63488,,,,1,0,0,0,0,0
NearLaserCombat,632,2.93530,2.55830,2.93070,0.60211,,,,1,0,0,0,0,0
NearLaserCombat,633,2.84841,2.61810,2.84730,0.63078,,,,1,0,0,0,0,0
NearLaserCombat,634,2.37200,7.00660,2.37090,0.62669,,,,1,0,0,0,0,0
NearLaserCombat,635,2.38160,2.93170,2.38020,0.61952,,,,1,0,0,0,0,0
NearLaserCombat,636,2.28549,2.84870,2.28440,0.69018,,,,1,0,0,0,0,0
NearLaserCombat,637,5.85440,2.37200,5.85340,0.62054,,,,1,0,0,0,0,0
NearLaserCombat,638,2.20990,2.38120,2.20840,0.60723,,,,1,0,0,0,0,0
NearLaserCombat,639,2.21120,2.28560,2.21000,0.61645,,,,1,0,0,0,0,0
NearLaserCombat,640,2.20000,5.85470,2.19910,0.60621,,,,1,0,0,0,0,0
NearLaserCombat,641,2.24860,2.20940,2.24750,0.61645,,,,1,0,0,0,0,0
NearLaserCombat,642,2.36430,2.21100,2.36320,0.60314,,,,1,0,0,0,0,0
NearLaserCombat,643,2.19391,2.20000,2.19290,0.63078,,,,1,0,0,0,0,0
NearLaserCombat,644,5.71340,2.24880,5.71230,0.61030,,,,1,0,0,0,0,0
NearLaserCombat,645,2.21270,2.36420,2.21140,0.63488,,,,1,0,0,0,0,0
NearLaserCombat,646,2.35380,2.19390,2.35280,0.61645,,,,1,0,0,0,0,0
NearLaserCombat,647,2.32750,5.71370,2.32640,0.62976,,,,1,0,0,0,0,0
NearLaserCombat,648,2.20360,2.21280,2.20270,0.61338,,,,1,0,0,0,0,0
NearLaserCombat,649,2.20880,2.35350,2.20770,0.60621,,,,1,0,0,0,0,0
NearLaserCombat,650,2.21380,2.32740,2.21260,0.62976,,,,1,0,0,0,0,0
NearLaserCombat,651,6.49730,2.20370,6.49710,0.61133,,,,1,0,0,0,0,0
NearLaserCombat,652,2.92000,2.20880,2.91650,0.59494,,,,1,0,0,0,0,0
NearLaserCombat,653,2.61350,2.21380,2.61160,0.61952,,,,1,0,0,0,0,0
NearLaserCombat,654,2.62530,6.50040,2.62390,0.61440,,,,1,0,0,0,0,0
NearLaserCombat,655,2.68820,2.91820,2.68700,0.61133,,,,1,0,0,0,0,0
NearLaserCombat,656,2.52460,2.61270,2.52370,0.61542,,,,1,0,0,0,0,0
NearLaserCombat,657,6.91780,2.62500,6.91740,0.62464,,,,1,0,0,0,0,0
NearLaserCombat,658,2.61150,2.68810,2.60890,0.61235,,,,1,0,0,0,0,0
NearLaserCombat,659,2.56310,2.52450,2.56200,0.62259,,,,1,0,0,0,0,0
NearLaserCombat,660,2.47410,6.91950,2.47910,0.61030,,,,1,0,0,0,0,0
NearLaserCombat,661,2.47940,2.61020,2.47190,0.61030,,,,1,0,0,0,0,0
NearLaserCombat,662,3.06070,2.56300,3.05920,0.61030,,,,1,0,0,0,0,0
NearLaserCombat,663,6.21110,2.48040,6.20860,0.61850,,,,1,0,0,0,0,0
NearLaserCombat,664,2.25060,2.47370,2.24890,0.62976,,,,1,0,0,0,0,0
NearLaserCombat,665,2.25430,3.06160,2.25270,0.61952,,,,1,0,0,0,0,0
NearLaserCombat,666,2.25390,6.21030,2.25260,0.61645,,,,1,0,0,0,0,0
NearLaserCombat,667,2.42940,2.25030,2.42850,0.61542,,,,1,0,0,0,0,0
NearLaserCombat,668,2.37900,2.25380,2.37760,0.59494,,,,1,0,0,0,0,0
NearLaserCombat,669,2.25610,2.25360,2.25530,0.61952,,,,1,0,0,0,0,0
NearLaserCombat,670,5.63780,2.43000,5.63680,0.60723,,,,1,0,0,0,0,0
NearLaserCombat,671,2.22940,2.37850,2.22790,0.60518,,,,1,0,0,0,0,0
NearLaserCombat,672,2.69619,2.25640,2.69520,0.61850,,,,1,0,0,0,0,0
NearLaserCombat,673,2.27161,5.63810,2.27040,0.62464,,,,1,0,0,0,0,0
NearLaserCombat,674,2.21499,2.22900,2.21410,0.60928,,,,1,0,0,0,0,0
NearLaserCombat,675,2.20930,2.69650,2.20820,0.62976,,,,1,0,0,0,0,0
NearLaserCombat,676,2.48710,2.27130,2.48610,0.61440,,,,1,0,0,0,0,0
NearLaserCombat,677,5.72040,2.21480,5.71940,0.61850,,,,1,0,0,0,0,0
NearLaserCombat,678,2.30140,2.20920,2.29980,0.59904,,,,1,0,0,0,0,0
NearLaserCombat,679,2.21240,2.48730,2.21130,0.61645,,,,1,0,0,0,0,0
NearLaserCombat,680,2.33970,5.72090,2.33870,0.62362,,,,1,0,0,0,0,0
NearLaserCombat,681,2.18040,2.30080,2.17940,0.63181,,,,1,0,0,0,0,0
NearLaserCombat,682,2.22560,2.21230,2.22470,0.60211,,,,1,0,0,0,0,0
NearLaserCombat,683,2.22120,2.33980,2.22000,0.63181,,,,1,0,0,0,0,0
NearLaserCombat,684,2.23160,2.18060,2.23040,0.60723,,,,1,0,0,0,0,0
NearLaserCombat,685,6.14320,2.22580,6.14270,0.63590,,,,1,0,0,0,0,0
NearLaserCombat,686,2.33520,2.22090,2.33280,0.60314,,,,1,0,0,0,0,0
NearLaserCombat,687,2.25700,2.23150,2.25610,0.62054,,,,1,0,0,0,0,0
NearLaserCombat,688,2.22640,6.14450,2.22530,0.60621,,,,1,0,0,0,0,0
NearLaserCombat,689,2.35830,2.33370,2.35730,0.64000,,,,1,0,0,0,0,0
NearLaserCombat,690,2.45750,2.25710,2.45660,0.59494,,,,1,0,0,0,0,0
NearLaserCombat,691,2.22340,2.22630,2.22240,0.62464,,,,1,0,0,0,0,0
NearLaserCombat,692,5.72170,2.35890,5.72110,0.60416,,,,1,0,0,0,0,0
NearLaserCombat,693,2.19830,2.45700,2.19700,0.63488,,,,1,0,0,0,0,0
NearLaserCombat,694,2.17760,2.22330,2.17610,0.60314,,,,1,0,0,0,0,0
NearLaserCombat,695,2.27180,5.72230,2.27090,0.62464,,,,1,0,0,0,0,0
NearLaserCombat,696,2.26880,2.19820,2.26780,0.60314,,,,1,0,0,0,0,0
NearLaserCombat,697,2.56130,2.17710,2.56030,0.60109,,,,1,0,0,0,0,0
NearLaserCombat,698,2.20060,2.27190,2.19950,0.60314,,,,1,0,0,0,0,0
NearLaserCombat,699,5.71400,2.26880,5.71310,0.61133,,,,1,0,0,0,0,0
NearLaserCombat,700,3.21170,2.56140,3.21050,0.61235,,,,1,0,0,0,0,0
NearLaserCombat,701,2.58600,2.20040,2.58460,0.63283,,,,1,0,0,0,0,0
NearLaserCombat,702,2.42560,5.71420,2.42440,0.61133,,,,1,0,0,0,0,0
NearLaserCombat,703,2.34570,3.21200,2.34480,0.60826,,,,1,0,0,0,0,0
NearLaserCombat,704,2.47700,2.58570,2.47620,0.61645,,,,1,0,0,0,0,0
NearLaserCombat,705,2.23650,2.42530,2.23570,0.61542,,,,1,0,0,0,0,0
NearLaserCombat,706,6.79730,2.34580,6.79660,0.60211,,,,1,0,0,0,0,0
NearLaserCombat,707,2.23320,2.47700,2.23050,0.61235,,,,1,0,0,0,0,0
NearLaserCombat,708,2.29630,2.23700,2.29520,0.62259,,,,1,0,0,0,0,0
NearLaserCombat,709,2.36440,6.79860,2.36350,0.65229,,,,1,0,0,0,0,0
NearLaserCombat,710,2.58490,2.23170,2.58400,0.61645,,,,1,0,0,0,0,0
NearLaserCombat,711,2.82110,2.29620,2.81990,0.61952,,,,1,0,0,0,0,0
NearLaserCombat,712,5.74440,2.36460,5.74360,0.62874,,,,1,0,0,0,0,0
NearLaserCombat,713,2.16370,2.58480,2.16210,0.61440,,,,1,0,0,0,0,0
NearLaserCombat,714,2.15130,2.82120,2.15010,0.61542,,,,1,0,0,0,0,0
NearLaserCombat,715,2.13140,5.74490,2.13000,0.62054,,,,1,0,0,0,0,0
NearLaserCombat,716,2.47770,2.16310,2.47660,0.62362,,,,1,0,0,0,0,0
NearLaserCombat,717,2.28120,2.15140,2.27980,0.62157,,,,1,0,0,0,0,0
NearLaserCombat,718,2.17520,2.13130,2.17420,0.60518,,,,1,0,0,0,0,0
NearLaserCombat,719,5.73570,2.47790,5.73590,0.63590,,,,1,0,0,0,0,0
NearLaserCombat,720,2.35020,2.28070,2.34610,0.63283,,,,1,0,0,0,0,0
NearLaserCombat,721,2.31840,2.17530,2.31740,0.63283,,,,1,0,0,0,0,0
NearLaserCombat,722,2.31470,5.73880,2.31400,0.61645,,,,1,0,0,0,0,0
NearLaserCombat,723,2.24800,2.34710,2.24670,0.60723,,,,1,0,0,0,0,0
NearLaserCombat,724,2.18320,2.31830,2.18220,0.59802,,,,1,0,0,0,0,0
NearLaserCombat,725,2.30050,2.31520,2.29950,0.62771,,,,1,0,0,0,0,0
NearLaserCombat,726,2.22000,2.24760,2.21900,0.59904,,,,1,0,0,0,0,0
NearLaserCombat,727,6.05580,2.18320,6.05510,0.61235,,,,1,0,0,0,0,0
NearLaserCombat,728,2.45990,2.30050,2.45770,0.60211,,,,1,0,0,0,0,0
NearLaserCombat,729,2.21640,2.22000,2.21530,0.63898,,,,1,0,0,0,0,0
NearLaserCombat,730,2.18750,6.05700,2.18600,0.61542,,,,1,0,0,0,0,0
NearLaserCombat,731,2.21770,2.45880,2.21680,0.60416,,,,1,0,0,0,0,0
NearLaserCombat,732,2.21220,2.21670,2.21110,0.60109,,,,1,0,0,0,0,0
NearLaserCombat,733,2.16800,2.18700,2.16670,0.61542,,,,1,0,0,0,0,0
NearLaserCombat,734,6.47780,2.21810,6.47720,0.61440,,,,1,0,0,0,0,0
NearLaserCombat,735,2.28860,2.21220,2.28660,0.61850,,,,1,0,0,0,0,0
NearLaserCombat,736,2.16590,2.16780,2.16450,0.60621,,,,1,0,0,0,0,0
NearLaserCombat,737,2.19940,6.47920,2.19800,0.63898,,,,1,0,0,0,0,0
NearLaserCombat,738,2.17020,2.28750,2.16950,0.60518,,,,1,0,0,0,0,0
NearLaserCombat,739,2.72660,2.16580,2.72510,0.64102,,,,1,0,0,0,0,0
NearLaserCombat,740,2.25390,2.19900,2.25290,0.60595,,,,1,0,0,0,0,0
NearLaserCombat,741,6.14370,2.17080,6.14240,0.64000,,,,1,0,0,0,0,0
NearLaserCombat,742,2.43480,2.72650,2.43310,0.58163,,,,1,0,0,0,0,0
NearLaserCombat,743,2.36400,2.25400,2.36300,0.58470,,,,1,0,0,0,0,0
NearLaserCombat,744,3.33230,6.14380,3.33120,0.62054,,,,1,0,0,0,0,0
NearLaserCombat,745,2.53220,2.43400,2.53030,0.64819,,,,1,0,0,0,0,0
NearLaserCombat,746,2.46740,2.36420,2.46600,0.59597,,,,1,0,0,0,0,0
NearLaserCombat,747,6.12920,3.33320,6.12870,0.63386,,,,1,0,0,0,0,0
NearLaserCombat,748,2.63870,2.53170,2.63680,0.59699,,,,1,0,0,0,0,0
NearLaserCombat,749,2.59380,2.46700,2.59280,0.66048,,,,1,0,0,0,0,0
NearLaserCombat,750,2.50510,6.13010,2.50420,0.61542,,,,1,0,0,0,0,0
NearLaserCombat,751,2.37390,2.63770,2.37290,0.62362,,,,1,0,0,0,0,0
NearLaserCombat,752,2.51810,2.59380,2.51730,0.60826,,,,1,0,0,0,0,0
NearLaserCombat,753,2.37040,2.50520,2.36930,0.63590,,,,1,0,0,0,0,0
NearLaserCombat,754,7.19050,2.37390,7.19150,0.60211,,,,1,0,0,0,0,0
NearLaserCombat,755,2.53520,2.51810,2.52920,0.60416,,,,1,0,0,0,0,0
NearLaserCombat,756,2.20530,2.37040,2.20400,0.60314,,,,1,0,0,0,0,0
NearLaserCombat,757,2.28450,7.19580,2.28360,0.65331,,,,1,0,0,0,0,0
NearLaserCombat,758,2.28730,2.53020,2.28610,0.59904,,,,1,0,0,0,0,0
NearLaserCombat,759,2.33030,2.20490,2.32930,0.61850,,,,1,0,0,0,0,0
NearLaserCombat,760,5.75950,2.28470,5.75860,0.60723,,,,1,0,0,0,0,0
NearLaserCombat,761,2.30650,2.28710,2.30470,0.63693,,,,1,0,0,0,0,0
NearLaserCombat,762,2.21370,2.33050,2.21240,0.60826,,,,1,0,0,0,0,0
NearLaserCombat,763,2.16910,5.76020,2.16830,0.62362,,,,1,0,0,0,0,0
NearLaserCombat,764,2.82090,2.30590,2.82010,0.61542,,,,1,0,0,0,0,0
NearLaserCombat,765,2.27770,2.21340,2.27590,0.65229,,,,1,0,0,0,0,0
NearLaserCombat,766,2.22010,2.16950,2.21860,0.60826,,,,1,0,0,0,0,0
NearLaserCombat,767,6.44480,2.82180,6.44380,0.63488,,,,1,0,0,0,0,0
NearLaserCombat,768,2.36290,2.27690,2.36160,0.62566,,,,1,0,0,0,0,0
NearLaserCombat,769,2.86850,2.22000,2.86720,0.64410,,,,1,0,0,0,0,0
NearLaserCombat,770,2.53900,6.44490,2.53690,0.61030,,,,1,0,0,0,0,0
NearLaserCombat,771,2.56470,2.36300,2.56390,0.62976,,,,1,0,0,0,0,0
NearLaserCombat,772,2.50820,2.86910,2.50720,0.60416,,,,1,0,0,0,0,0
NearLaserCombat,773,6.04680,2.53770,6.04720,0.65024,,,,1,0,0,0,0,0
NearLaserCombat,774,2.33520,2.56490,2.33090,0.61440,,,,1,0,0,0,0,0
NearLaserCombat,775,2.21130,2.50820,2.20940,0.60211,,,,1,0,0,0,0,0
NearLaserCombat,776,2.23810,6.05030,2.23710,0.58982,,,,1,0,0,0,0,0
NearLaserCombat,777,2.17000,2.33260,2.16900,0.64410,,,,1,0,0,0,0,0
NearLaserCombat,778,2.22350,2.21040,2.22260,0.62771,,,,1,0,0,0,0,0
NearLaserCombat,779,2.42220,2.23800,2.42140,0.60211,,,,1,0,0,0,0,0
NearLaserCombat,780,2.61620,2.17000,2.61490,0.59392,,,,1,0,0,0,0,0
NearLaserCombat,781,5.97090,2.22360,5.97010,0.63590,,,,1,0,0,0,0,0
NearLaserCombat,782,2.21870,2.42260,2.21750,0.60006,,,,1,0,0,0,0,0
NearLaserCombat,783,2.17620,2.61610,2.17480,0.62259,,,,1,0,0,0,0,0
NearLaserCombat,784,2.18170,5.97120,2.18080,0.60109,,,,1,0,0,0,0,0
NearLaserCombat,785,2.24930,2.21850,2.24830,0.65741,,,,1,0,0,0,0,0
NearLaserCombat,786,2.29920,2.17580,2.29780,0.58266,,,,1,0,0,0,0,0
NearLaserCombat,787,2.30660,2.18180,2.30520,0.62157,,,,1,0,0,0,0,0
NearLaserCombat,788,6.29930,2.24970,6.29870,0.60109,,,,1,0,0,0,0,0
NearLaserCombat,789,2.93231,2.29900,2.93040,0.64614,,,,1,0,0,0,0,0
NearLaserCombat,790,2.69650,2.30610,2.69550,0.61542,,,,1,0,0,0,0,0
NearLaserCombat,791,2.52280,6.30040,2.52180,0.62054,,,,1,0,0,0,0,0
NearLaserCombat,792,2.38850,2.93150,2.38750,0.60518,,,,1,0,0,0,0,0
NearLaserCombat,793,2.52630,2.69630,2.52540,0.64512,,,,1,0,0,0,0,0
NearLaserCombat,794,6.03020,2.52290,6.02920,0.59597,,,,1,0,0,0,0,0
NearLaserCombat,795,2.30760,2.38840,2.30620,0.61747,,,,1,0,0,0,0,0
NearLaserCombat,796,2.30180,2.52640,2.30050,0.60518,,,,1,0,0,0,0,0
NearLaserCombat,797,2.22950,6.03060,2.22820,0.62771,,,,1,0,0,0,0,0
NearLaserCombat,798,2.14730,2.30750,2.14630,0.62157,,,,1,0,0,0,0,0
NearLaserCombat,799,2.20840,2.30180,2.20710,0.61952,,,,1,0,0,0,0,0
NearLaserCombat,800,2.16700,2.22910,2.16610,0.59494,,,,1,0,0,0,0,0
NearLaserCombat,801,6.08549,2.14770,6.08440,0.63283,,,,1,0,0,0,0,0
NearLaserCombat,802,2.21070,2.20820,2.20760,0.59597,,,,1,0,0,0,0,0
NearLaserCombat,803,2.23270,2.16750,2.23150,0.63283,,,,1,0,0,0,0,0
NearLaserCombat,804,2.19320,6.08710,2.19230,0.59904,,,,1,0,0,0,0,0
NearLaserCombat,805,2.29500,2.20870,2.29440,0.63590,,,,1,0,0,0,0,0
NearLaserCombat,806,2.15940,2.23240,2.15820,0.62259,,,,1,0,0,0,0,0
NearLaserCombat,807,2.57850,2.19330,2.57700,0.64102,,,,1,0,0,0,0,0
NearLaserCombat,808,5.71420,2.29540,5.71280,0.61235,,,,1,0,0,0,0,0
NearLaserCombat,809,2.29260,2.15950,2.29060,0.62976,,,,1,0,0,0,0,0
NearLaserCombat,810,2.24430,2.57880,2.24330,0.59904,,,,1,0,0,0,0,0
NearLaserCombat,811,2.63681,5.71440,2.63590,0.61440,,,,1,0,0,0,0,0
NearLaserCombat,812,2.85900,2.29150,2.85800,0.60826,,,,1,0,0,0,0,0
NearLaserCombat,813,2.47300,2.24430,2.47130,0.63283,,,,1,0,0,0,0,0
NearLaserCombat,814,2.58009,2.63680,2.57890,0.59802,,,,1,0,0,0,0,0
NearLaserCombat,815,5.63400,2.85980,5.63320,0.61542,,,,1,0,0,0,0,0
NearLaserCombat,816,2.29460,2.47250,2.29330,0.60621,,,,1,0,0,0,0,0
NearLaserCombat,817,2.42550,2.57980,2.42440,0.64922,,,,1,0,0,0,0,0
NearLaserCombat,818,2.30410,5.63440,2.30250,0.61338,,,,1,0,0,0,0,0
NearLaserCombat,819,2.25340,2.29440,2.25250,0.61338,,,,1,0,0,0,0,0
NearLaserCombat,820,2.31010,2.42600,2.30850,0.57651,,,,1,0,0,0,0,0
NearLaserCombat,821,2.51160,2.30350,2.51070,0.64614,,,,1,0,0,0,0,0
NearLaserCombat,822,6.87849,2.25410,6.87780,0.60826,,,,1,0,0,0,0,0
NearLaserCombat,823,2.47590,2.30930,2.47480,0.60826,,,,1,0,0,0,0,0
NearLaserCombat,824,2.29200,2.51180,2.28880,0.59597,,,,1,0,0,0,0,0
NearLaserCombat,825,2.13190,6.87930,2.13100,0.62566,,,,1,0,0,0,0,0
NearLaserCombat,826,2.18710,2.47710,2.18560,0.60006,,,,1,0,0,0,0,0
NearLaserCombat,827,2.16730,2.29000,2.16630,0.61645,,,,1,0,0,0,0,0
NearLaserCombat,828,2.40360,2.13220,2.40310,0.59290,,,,1,0,0,0,0,0
NearLaserCombat,829,6.60060,2.18660,6.59980,0.64102,,,,1,0,0,0,0,0
NearLaserCombat,830,2.30670,2.16720,2.30340,0.61030,,,,1,0,0,0,0,0
NearLaserCombat,831,2.18450,2.40470,2.18320,0.60109,,,,1,0,0,0,0,0
NearLaserCombat,832,2.34790,6.60240,2.34660,0.60826,,,,1,0,0,0,0,0
NearLaserCombat,833,2.20490,2.30450,2.20410,0.63386,,,,1,0,0,0,0,0
NearLaserCombat,834,2.35840,2.18430,2.35740,0.60006,,,,1,0,0,0,0,0
NearLaserCombat,835,2.22970,2.34760,2.22850,0.61235,,,,1,0,0,0,0,0
NearLaserCombat,836,6.19350,2.20490,6.19240,0.59494,,,,1,0,0,0,0,0
NearLaserCombat,837,2.36869,2.35860,2.36700,0.64819,,,,1,0,0,0,0,0
NearLaserCombat,838,2.40741,2.22950,2.40640,0.60621,,,,1,0,0,0,0,0
NearLaserCombat,839,3.05329,6.19410,3.05260,0.60211,,,,1,0,0,0,0,0
NearLaserCombat,840,2.34640,2.36800,2.34450,0.59802,,,,1,0,0,0,0,0
NearLaserCombat,841,2.49690,2.40750,2.49590,0.63078,,,,1,0,0,0,0,0
NearLaserCombat,842,6.12120,3.05410,6.12040,0.60902,,,,1,0,0,0,0,0
NearLaserCombat,843,2.73170,2.34560,2.73050,0.61440,,,,1,0,0,0,0,0
NearLaserCombat,844,2.50570,2.49680,2.50450,0.59187,,,,1,0,0,0,0,0
NearLaserCombat,845,2.32280,6.12150,2.32200,0.64717,,,,1,0,0,0,0,0
NearLaserCombat,846,2.36480,2.73170,2.36340,0.59187,,,,1,0,0,0,0,0
NearLaserCombat,847,2.46590,2.50570,2.46460,0.61645,,,,1,0,0,0,0,0
NearLaserCombat,848,2.31110,2.32300,2.31000,0.60211,,,,1,0,0,0,0,0
NearLaserCombat,849,6.74350,2.36460,6.74370,0.64614,,,,1,0,0,0,0,0
NearLaserCombat,850,2.29230,2.46570,2.28970,0.58982,,,,1,0,0,0,0,0
NearLaserCombat,851,2.13430,2.31090,2.13330,0.61952,,,,1,0,0,0,0,0
NearLaserCombat,852,2.17320,6.74570,2.17140,0.63078,,,,1,0,0,0,0,0
NearLaserCombat,853,2.20720,2.29070,2.20630,0.64102,,,,1,0,0,0,0,0
NearLaserCombat,854,2.17290,2.13460,2.17200,0.59904,,,,1,0,0,0,0,0
NearLaserCombat,855,2.66300,2.17240,2.66180,0.62771,,,,1,0,0,0,0,0
NearLaserCombat,856,5.80850,2.20720,5.80730,0.59085,,,,1,0,0,0,0,0
NearLaserCombat,857,2.19070,2.17320,2.18930,0.63386,,,,1,0,0,0,0,0
NearLaserCombat,858,2.22750,2.66300,2.22650,0.60518,,,,1,0,0,0,0,0
NearLaserCombat,859,2.22029,5.80870,2.21900,0.60826,,,,1,0,0,0,0,0
NearLaserCombat,860,2.23810,2.19020,2.24650,0.60006,,,,1,0,0,0,0,0
NearLaserCombat,861,2.26160,2.22780,2.25110,0.63693,,,,1,0,0,0,0,0
NearLaserCombat,862,2.63800,2.22010,2.63640,0.61338,,,,1,0,0,0,0,0
NearLaserCombat,863,5.63080,2.24780,5.62960,0.60723,,,,1,0,0,0,0,0
NearLaserCombat,864,2.20130,2.25250,2.19960,0.60314,,,,1,0,0,0,0,0
NearLaserCombat,865,2.21030,2.63770,2.20960,0.62054,,,,1,0,0,0,0,0
NearLaserCombat,866,2.20580,5.63120,2.20440,0.61133,,,,1,0,0,0,0,0
NearLaserCombat,867,2.17290,2.20050,2.17190,0.60928,,,,1,0,0,0,0,0
NearLaserCombat,868,2.28860,2.21080,2.28730,0.62157,,,,1,0,0,0,0,0
NearLaserCombat,869,2.19710,2.20550,2.19590,0.62054,,,,1,0,0,0,0,0
NearLaserCombat,870,5.55370,2.17310,5.55300,0.60928,,,,1,0,0,0,0,0
NearLaserCombat,871,2.36380,2.28850,2.36210,0.61542,,,,1,0,0,0,0,0
NearLaserCombat,872,2.25670,2.19670,2.25550,0.60826,,,,1,0,0,0,0,0
NearLaserCombat,873,2.17860,5.55450,2.17750,0.61747,,,,1,0,0,0,0,0
NearLaserCombat,874,2.18760,2.36330,2.18630,0.60314,,,,1,0,0,0,0,0
NearLaserCombat,875,2.16420,2.25670,2.16340,0.59494,,,,1,0,0,0,0,0
NearLaserCombat,876,2.19490,2.17870,2.19360,0.59392,,,,1,0,0,0,0,0
NearLaserCombat,877,2.19809,2.18740,2.19710,0.61747,,,,1,0,0,0,0,0
NearLaserCombat,878,5.82630,2.16460,5.82550,0.58061,,,,1,0,0,0,0,0
NearLaserCombat,879,2.28410,2.19460,2.28230,0.61338,,,,1,0,0,0,0,0
NearLaserCombat,880,2.21280,2.19810,2.21160,0.60621,,,,1,0,0,0,0,0
NearLaserCombat,881,2.26351,5.82720,2.26240,0.64410,,,,1,0,0,0,0,0
NearLaserCombat,882,2.24979,2.28330,2.24890,0.59187,,,,1,0,0,0,0,0
NearLaserCombat,883,2.30921,2.21260,2.30790,0.61747,,,,1,0,0,0,0,0
NearLaserCombat,884,2.88270,2.26380,2.88130,0.59290,,,,1,0,0,0,0,0
NearLaserCombat,885,5.65440,2.24970,5.65320,0.61440,,,,1,0,0,0,0,0
NearLaserCombat,886,2.84480,2.30940,2.84320,0.60006,,,,1,0,0,0,0,0
NearLaserCombat,887,2.27900,2.88250,2.27820,0.60518,,,,1,0,0,0,0,0
NearLaserCombat,888,2.18170,5.65470,2.18040,0.59187,,,,1,0,0,0,0,0
NearLaserCombat,889,2.22120,2.84420,2.22000,0.62976,,,,1,0,0,0,0,0
NearLaserCombat,890,2.23280,2.27940,2.23180,0.59290,,,,1,0,0,0,0,0
NearLaserCombat,891,2.19880,2.18150,2.19790,0.61747,,,,1,0,0,0,0,0
NearLaserCombat,892,6.04899,2.22100,6.04830,0.61235,,,,1,0,0,0,0,0
NearLaserCombat,893,2.26150,2.23280,2.25990,0.63693,,,,1,0,0,0,0,0
NearLaserCombat,894,2.48000,2.19880,2.47980,0.60416,,,,1,0,0,0,0,0
NearLaserCombat,895,2.30340,6.04970,2.30120,0.63181,,,,1,0,0,0,0,0
NearLaserCombat,896,2.22250,2.26090,2.22100,0.61030,,,,1,0,0,0,0,0
NearLaserCombat,897,2.23170,2.48150,2.23070,0.61645,,,,1,0,0,0,0,0
NearLaserCombat,898,2.15960,2.30260,2.15840,0.62464,,,,1,0,0,0,0,0
NearLaserCombat,899,5.62010,2.22200,5.61900,0.62157,,,,1,0,0,0,0,0
NearLaserCombat,900,2.32760,2.23180,2.32640,0.59085,,,,1,0,0,0,0,0
NearLaserCombat,901,2.23800,2.15950,2.23660,0.62362,,,,1,0,0,0,0,0
NearLaserCombat,902,2.16610,5.62010,2.16520,0.61210,,,,1,0,0,0,0,0
NearLaserCombat,903,2.23240,2.32770,2.23090,0.63488,,,,1,0,0,0,0,0
NearLaserCombat,904,2.22331,2.23770,2.22220,0.59187,,,,1,0,0,0,0,0
NearLaserCombat,905,2.18890,2.16660,2.18810,0.61030,,,,1,0,0,0,0,0
NearLaserCombat,906,2.43370,2.23200,2.43280,0.61952,,,,1,0,0,0,0,0
NearLaserCombat,907,6.15320,2.22320,6.15210,0.62464,,,,1,0,0,0,0,0
NearLaserCombat,908,2.24661,2.18910,2.24380,0.60006,,,,1,0,0,0,0,0
NearLaserCombat,909,2.20930,2.43410,2.20840,0.63283,,,,1,0,0,0,0,0
NearLaserCombat,910,2.36140,6.15450,2.36010,0.61440,,,,1,0,0,0,0,0
NearLaserCombat,911,2.17350,2.24470,2.17260,0.62259,,,,1,0,0,0,0,0
NearLaserCombat,912,2.35070,2.20950,2.34980,0.60006,,,,1,0,0,0,0,0
NearLaserCombat,913,2.20240,2.36110,2.20130,0.62054,,,,1,0,0,0,0,0
NearLaserCombat,914,6.10820,2.17350,6.10750,0.61645,,,,1,0,0,0,0,0
NearLaserCombat,915,2.12660,2.35080,2.12490,0.62157,,,,1,0,0,0,0,0
NearLaserCombat,916,2.18310,2.20230,2.18200,0.60416,,,,1,0,0,0,0,0
NearLaserCombat,917,2.31800,6.10900,2.31680,0.60826,,,,1,0,0,0,0,0
NearLaserCombat,918,2.21290,2.12610,2.21170,0.59904,,,,1,0,0,0,0,0
NearLaserCombat,919,2.19410,2.18300,2.19280,0.60109,,,,1,0,0,0,0,0
NearLaserCombat,920,2.13790,2.31820,2.13700,0.61030,,,,1,0,0,0,0,0
NearLaserCombat,921,5.59960,2.21280,5.59880,0.64205,,,,1,0,0,0,0,0
NearLaserCombat,922,2.22890,2.19390,2.22770,0.60211,,,,1,0,0,0,0,0
NearLaserCombat,923,2.25820,2.13790,2.25680,0.61850,,,,1,0,0,0,0,0
NearLaserCombat,924,2.16890,5.59980,2.16790,0.60211,,,,1,0,0,0,0,0
NearLaserCombat,925,2.18070,2.22900,2.17950,0.61645,,,,1,0,0,0,0,0
NearLaserCombat,926,2.16130,2.25800,2.16040,0.59392,,,,1,0,0,0,0,0
NearLaserCombat,927,2.13980,2.16900,2.13830,0.61542,,,,1,0,0,0,0,0
NearLaserCombat,928,2.23420,2.18040,2.23340,0.61747,,,,1,0,0,0,0,0
NearLaserCombat,929,6.28310,2.16180,6.28250,0.61952,,,,1,0,0,0,0,0
NearLaserCombat,930,2.25670,2.13920,2.25330,0.59802,,,,1,0,0,0,0,0
NearLaserCombat,931,2.17410,2.23440,2.17310,0.60928,,,,1,0,0,0,0,0
NearLaserCombat,932,2.24840,6.28540,2.24750,0.61030,,,,1,0,0,0,0,0
NearLaserCombat,933,2.20530,2.25430,2.20440,0.62464,,,,1,0,0,0,0,0
NearLaserCombat,934,2.25730,2.17410,2.25630,0.60006,,,,1,0,0,0,0,0
NearLaserCombat,935,2.86880,2.24850,2.86730,0.60416,,,,1,0,0,0,2,0
NearLaserCombat,936,6.22020,2.20540,6.21890,0.60518,,,,1,0,0,0,2,0
NearLaserCombat,937,2.49510,2.25770,2.49310,0.62976,,,,1,0,0,0,2,0
NearLaserCombat,938,2.54640,2.86910,2.54540,0.61338,,,,1,0,0,0,2,0
NearLaserCombat,939,2.57710,6.22050,2.57610,0.65024,,,,1,0,0,0,2,0
NearLaserCombat,940,2.57430,2.49400,2.57360,0.61952,,,,1,0,0,0,2,0
NearLaserCombat,941,2.65470,2.54640,2.65250,0.63488,,,,1,0,0,0,2,0
NearLaserCombat,942,5.79240,2.57710,5.79170,0.61030,,,,1,0,0,0,2,0
NearLaserCombat,943,2.89100,2.57540,2.88950,0.65536,,,,1,0,0,0,2,0
NearLaserCombat,944,3.01660,2.65350,3.01510,0.62464,,,,1,0,0,0,2,0
NearLaserCombat,945,2.79740,5.79320,2.79630,0.61542,,,,1,0,0,0,2,0
NearLaserCombat,946,2.72600,2.89080,2.72450,0.62362,,,,1,0,0,0,2,0
NearLaserCombat,947,2.77341,3.01640,2.77210,0.68403,,,,1,0,0,0,2,0
NearLaserCombat,948,6.95360,2.79780,6.95330,0.63283,,,,1,0,0,0,2,0
NearLaserCombat,949,2.45560,2.72550,2.45310,0.63078,,,,1,0,0,0,2,0
NearLaserCombat,950,2.57320,2.77300,2.57270,0.65024,,,,1,0,0,0,2,0
NearLaserCombat,951,2.48170,6.95540,2.48000,0.65024,,,,1,0,0,0,2,0
NearLaserCombat,952,2.36560,2.45410,2.36460,0.62464,,,,1,0,0,0,2,0
NearLaserCombat,953,2.47170,2.57380,2.47080,0.63795,,,,1,0,0,0,2,0
NearLaserCombat,954,6.35070,2.48100,6.34930,0.61645,,,,1,0,0,0,2,0
NearLaserCombat,955,2.39680,2.36560,2.39590,0.62566,,,,1,0,0,0,2,0
NearLaserCombat,956,2.48030,2.47230,2.47770,0.60211,,,,1,0,0,0,2,0
NearLaserCombat,957,2.40770,6.35080,2.40680,0.64717,,,,1,0,0,0,2,0
NearLaserCombat,958,2.49670,2.39770,2.49570,0.61747,,,,1,0,0,0,2,0
NearLaserCombat,959,2.72180,2.47860,2.72030,0.61338,,,,1,0,0,0,2,0
NearLaserCombat,960,2.64650,2.40790,2.64500,0.61133,,,,1,0,0,0,2,0
NearLaserCombat,961,5.57850,2.49740,5.57770,0.64512,,,,1,0,0,0,2,0
NearLaserCombat,962,2.46430,2.72150,2.46290,0.62362,,,,1,0,0,0,2,0
NearLaserCombat,963,3.03170,2.64600,3.03050,0.63386,,,,1,0,0,0,2,0
NearLaserCombat,964,2.93350,5.57890,2.93200,0.63795,,,,1,0,0,0,2,0
NearLaserCombat,965,2.82590,2.46440,2.82470,0.65536,,,,1,0,0,0,2,0
NearLaserCombat,966,2.56360,3.03160,2.56240,0.62566,,,,1,0,0,0,2,0
NearLaserCombat,967,6.22230,2.93340,6.22160,0.65741,,,,1,0,0,0,2,0
NearLaserCombat,968,3.47780,2.82580,3.47600,0.62566,,,,1,0,0,0,2,0
NearLaserCombat,969,2.72410,2.56330,2.72290,0.65536,,,,1,0,0,0,2,0
NearLaserCombat,970,2.56040,6.22340,2.55920,0.61235,,,,1,0,0,0,2,0
NearLaserCombat,971,2.50760,3.47710,2.50670,0.63488,,,,1,0,0,0,2,0
NearLaserCombat,972,2.59230,2.72390,2.59130,0.62669,,,,1,0,0,0,0,0
NearLaserCombat,973,6.18189,2.56020,6.18140,0.64614,,,,1,0,0,0,0,0
NearLaserCombat,974,2.46010,2.50810,2.45780,0.62259,,,,1,0,0,0,0,0
NearLaserCombat,975,2.59050,2.59210,2.58950,0.62362,,,,1,0,0,0,0,0
NearLaserCombat,976,2.67420,6.18330,2.67270,0.60416,,,,1,0,0,0,0,0
NearLaserCombat,977,2.94280,2.45870,2.94190,0.60314,,,,1,0,0,0,0,0
NearLaserCombat,978,2.81860,2.59100,2.81690,0.59290,,,,1,0,0,0,0,0
NearLaserCombat,979,7.94790,2.67380,7.94840,0.64512,,,,1,0,0,0,0,0
NearLaserCombat,980,2.39510,2.94340,2.38960,0.60518,,,,1,0,0,0,0,0
NearLaserCombat,981,2.32700,2.81820,2.32550,0.63488,,,,1,0,0,0,0,0
NearLaserCombat,982,2.24520,7.95210,2.24480,0.61850,,,,1,0,0,0,0,0
NearLaserCombat,983,2.27320,2.39070,2.27180,0.60211,,,,1,0,0,0,0,0
NearLaserCombat,984,2.20160,2.32660,2.19970,0.60211,,,,1,0,0,0,0,0
NearLaserCombat,985,5.81190,2.24570,5.81110,0.62976,,,,1,0,0,0,0,0
NearLaserCombat,986,2.72780,2.27360,2.72640,0.60211,,,,1,0,0,0,0,0
NearLaserCombat,987,2.31420,2.20080,2.31210,0.59392,,,,1,0,0,0,0,0
NearLaserCombat,988,2.23780,5.81260,2.23680,0.61645,,,,1,0,0,0,0,0
NearLaserCombat,989,2.20990,2.72820,2.20900,0.62362,,,,1,0,0,0,0,0
NearLaserCombat,990,2.20710,2.31300,2.20590,0.59187,,,,1,0,0,0,0,0
NearLaserCombat,991,2.23820,2.23810,2.23710,0.62259,,,,1,0,0,0,0,0
NearLaserCombat,992,6.35030,2.20990,6.34970,0.59699,,,,1,0,0,0,0,0
NearLaserCombat,993,2.65760,2.20690,2.65500,0.61133,,,,1,0,0,0,0,0
NearLaserCombat,994,2.25630,2.23840,2.25490,0.59597,,,,1,0,0,0,0,0
NearLaserCombat,995,2.22520,6.35190,2.22430,0.63386,,,,1,0,0,0,0,0
NearLaserCombat,996,2.24360,2.65620,2.24250,0.58573,,,,1,0,0,0,0,0
NearLaserCombat,997,2.36890,2.25580,2.36810,0.61235,,,,1,0,0,0,0,0
NearLaserCombat,998,2.41670,2.22530,2.41570,0.61338,,,,1,0,0,0,0,0
NearLaserCombat,999,6.28360,2.24360,6.28240,0.61235,,,,1,0,0,0,0,0
NearLaserCombat,1000,2.66970,2.36900,2.66690,0.59904,,,,1,0,0,0,0,0
NearLaserCombat,1001,2.85320,2.41730,2.85210,0.63181,,,,1,0,0,0,0,0
NearLaserCombat,1002,3.16200,6.28500,3.16120,0.59597,,,,1,0,0,0,0,0
NearLaserCombat,1003,2.89270,2.66780,2.89020,0.60928,,,,1,0,0,0,0,0
NearLaserCombat,1004,2.49099,2.85340,2.48970,0.60314,,,,1,0,0,0,0,0
NearLaserCombat,1005,6.35561,3.16340,6.35350,0.64717,,,,1,0,0,0,0,0
NearLaserCombat,1006,2.37510,2.89170,2.37290,0.62054,,,,1,0,0,0,0,0
NearLaserCombat,1007,2.60160,2.49170,2.60510,0.63181,,,,1,0,0,0,0,0
NearLaserCombat,1008,2.35830,6.35520,2.35240,0.62362,,,,1,0,0,0,0,0
NearLaserCombat,1009,2.29540,2.37400,2.29430,0.63693,,,,1,0,0,0,0,0
NearLaserCombat,1010,2.24259,2.60650,2.24140,0.60621,,,,1,0,0,0,0,0
NearLaserCombat,1011,2.22580,2.35350,2.22500,0.60006,,,,1,0,0,0,0,0
NearLaserCombat,1012,6.02210,2.29550,6.02140,0.59187,,,,1,0,0,0,0,0
NearLaserCombat,1013,2.83480,2.24230,2.83240,0.61645,,,,1,0,0,0,0,0
NearLaserCombat,1014,2.50710,2.22590,2.50620,0.61235,,,,1,0,0,0,0,0
NearLaserCombat,1015,2.73850,6.02380,2.73750,0.62157,,,,1,0,0,0,0,0
NearLaserCombat,1016,2.47510,2.83340,2.47390,0.60211,,,,1,0,0,0,0,0
NearLaserCombat,1017,2.65160,2.50710,2.65080,0.63181,,,,1,0,0,0,0,0
NearLaserCombat,1018,6.85400,2.73860,6.85280,0.59290,,,,1,0,0,0,0,0
NearLaserCombat,1019,2.35290,2.47500,2.35070,0.62054,,,,1,0,0,0,0,0
NearLaserCombat,1020,2.41590,2.65200,2.41490,0.59494,,,,1,0,0,0,0,0
NearLaserCombat,1021,2.34300,6.85480,2.34180,0.60314,,,,1,0,0,0,0,0
NearLaserCombat,1022,2.48060,2.35170,2.47940,0.60109,,,,1,0,0,0,0,0
NearLaserCombat,1023,2.58930,2.41640,2.58750,0.61850,,,,1,0,0,0,0,0
NearLaserCombat,1024,2.33010,2.34290,2.32860,0.58982,,,,1,0,0,0,0,0
NearLaserCombat,1025,5.96800,2.48130,5.96720,0.62976,,,,1,0,0,0,0,0
NearLaserCombat,1026,2.65620,2.58880,2.65450,0.59802,,,,1,0,0,0,0,0
NearLaserCombat,1027,2.31520,2.32950,2.31380,0.63078,,,,1,0,0,0,0,0
NearLaserCombat,1028,2.30740,5.96880,2.30570,0.60314,,,,1,0,0,0,0,0
NearLaserCombat,1029,2.27000,2.65600,2.26890,0.63078,,,,1,0,0,0,0,0
NearLaserCombat,1030,2.26000,2.31500,2.25850,0.59290,,,,1,0,0,0,0,0
NearLaserCombat,1031,5.63100,2.30700,5.63010,0.63181,,,,1,0,0,0,0,0
NearLaserCombat,1032,2.30630,2.27030,2.30520,0.60723,,,,1,0,0,0,0,0
NearLaserCombat,1033,2.25940,2.25940,2.25770,0.62874,,,,1,0,0,0,0,0
NearLaserCombat,1034,2.22810,5.63140,2.22720,0.62566,,,,1,0,0,0,0,0
NearLaserCombat,1035,2.25140,2.30670,2.25050,0.58266,,,,1,0,0,0,0,0
NearLaserCombat,1036,2.28000,2.25870,2.27890,0.56934,,,,1,0,0,0,0,0
NearLaserCombat,1037,2.21140,2.22810,2.21040,0.61133,,,,1,0,0,0,0,0
NearLaserCombat,1038,2.24330,2.25130,2.24240,0.62157,,,,1,0,0,0,3,0
NearLaserCombat,1039,6.62890,2.28000,6.62830,0.61235,,,,1,0,0,0,3,0
NearLaserCombat,1040,2.60911,2.21130,2.60690,0.60518,,,,1,0,0,0,3,0
NearLaserCombat,1041,2.48700,2.24350,2.48600,0.63386,,,,1,0,0,0,3,0
NearLaserCombat,1042,2.52760,6.62990,2.52630,0.62669,,,,1,0,0,0,3,0
NearLaserCombat,1043,4.40800,2.60800,4.40730,0.62464,,,,1,0,0,0,3,0
NearLaserCombat,1044,6.15890,2.48720,6.15650,0.61235,,,,1,0,0,0,3,0
NearLaserCombat,1045,2.63220,2.52740,2.63070,0.63078,,,,1,0,0,0,3,0
NearLaserCombat,1046,2.66190,4.40980,2.66090,0.60621,,,,1,0,0,0,3,0
NearLaserCombat,1047,3.55540,6.15770,3.55410,0.61747,,,,1,0,0,0,3,0
NearLaserCombat,1048,2.77670,2.63170,2.77500,0.58778,,,,1,0,0,0,3,0
NearLaserCombat,1049,2.62320,2.66220,2.62210,0.63386,,,,1,0,0,0,3,0
NearLaserCombat,1050,5.82420,3.55570,5.82300,0.60518,,,,1,0,0,0,3,0
NearLaserCombat,1051,2.47120,2.77600,2.47000,0.61440,,,,1,0,0,0,3,0
NearLaserCombat,1052,2.63320,2.62330,2.63190,0.59187,,,,1,0,0,0,3,0
NearLaserCombat,1053,2.55960,5.82430,2.55860,0.63078,,,,1,0,0,0,3,0
NearLaserCombat,1054,2.48210,2.47120,2.48110,0.61235,,,,1,0,0,0,3,0
NearLaserCombat,1055,2.53190,2.63290,2.53080,0.62362,,,,1,0,0,0,3,0
NearLaserCombat,1056,2.47590,2.55980,2.47490,0.62054,,,,1,0,0,0,3,0
NearLaserCombat,1057,6.68060,2.48200,6.68000,0.61440,,,,1,0,0,0,3,0
NearLaserCombat,1058,3.04840,2.53190,3.04580,0.59392,,,,1,0,0,0,3,0
NearLaserCombat,1059,2.82450,2.47590,2.82330,0.61440,,,,1,0,0,0,3,0
NearLaserCombat,1060,2.68810,6.68230,2.68690,0.60416,,,,1,0,0,0,3,0
NearLaserCombat,1061,2.87100,3.04700,2.87000,0.63795,,,,1,0,0,0,3,0
NearLaserCombat,1062,2.59430,2.82430,2.59280,0.61030,,,,1,0,0,0,3,0
NearLaserCombat,1063,5.84060,2.68810,5.83980,0.62259,,,,1,0,0,0,3,0
NearLaserCombat,1064,2.66740,2.87150,2.66580,0.60211,,,,1,0,0,0,3,0
NearLaserCombat,1065,2.86210,2.59380,2.86090,0.61133,,,,1,0,0,0,3,0
NearLaserCombat,1066,3.31450,5.84120,3.31390,0.60518,,,,1,0,0,0,3,0
NearLaserCombat,1067,2.86810,2.66700,2.86590,0.59904,,,,1,0,0,0,3,0
NearLaserCombat,1068,3.37730,2.86210,3.37570,0.62464,,,,1,0,0,0,3,0
NearLaserCombat,1069,5.83900,3.31570,5.83800,0.62054,,,,1,0,0,0,3,0
NearLaserCombat,1070,2.79740,2.86730,2.79600,0.61850,,,,1,0,0,0,3,0
NearLaserCombat,1071,2.93020,3.37680,2.92900,0.63386,,,,1,0,0,0,3,0
NearLaserCombat,1072,2.92150,5.83950,2.91990,0.63283,,,,1,0,0,0,3,0
NearLaserCombat,1073,2.95170,2.79750,2.95040,0.62054,,,,1,0,0,0,0,0
NearLaserCombat,1074,6.77579,2.93030,6.77530,0.61235,,,,1,0,0,0,0,0
NearLaserCombat,1075,2.46920,2.92120,2.46670,0.61338,,,,1,0,0,0,0,0
NearLaserCombat,1076,2.26510,2.95140,2.26370,0.61440,,,,1,0,0,0,0,0
NearLaserCombat,1077,2.31480,6.77730,2.31380,0.62976,,,,1,0,0,0,0,0
NearLaserCombat,1078,2.27190,2.46790,2.27030,0.62157,,,,1,0,0,0,0,0
NearLaserCombat,1079,2.23620,2.26480,2.23520,0.61440,,,,1,0,0,0,0,0
NearLaserCombat,1080,2.28230,2.31510,2.28110,0.59290,,,,1,0,0,0,4,0
NearLaserCombat,1081,6.45670,2.27130,6.45570,0.60621,,,,1,0,0,0,4,0
NearLaserCombat,1082,2.58421,2.23650,2.58150,0.59290,,,,1,0,0,0,4,0
NearLaserCombat,1083,2.61069,2.28280,2.60970,0.58573,,,,1,0,0,0,4,0
NearLaserCombat,1084,2.48280,6.45770,2.48190,0.62054,,,,1,0,0,0,4,0
NearLaserCombat,1085,3.10250,2.58250,3.10190,0.62362,,,,1,0,0,0,4,0
NearLaserCombat,1086,2.74890,2.61090,2.74680,0.63283,,,,1,0,0,0,4,0
NearLaserCombat,1087,5.74060,2.48310,5.73960,0.63386,,,,1,0,0,0,4,0
NearLaserCombat,1088,2.55100,3.10340,2.54920,0.61952,,,,1,0,0,0,4,0
NearLaserCombat,1089,2.64311,2.74790,2.64220,0.63488,,,,1,0,0,0,4,0
NearLaserCombat,1090,3.01030,5.74110,3.00850,0.64307,,,,1,0,0,0,4,0
NearLaserCombat,1091,2.54160,2.55040,2.54060,0.65536,,,,1,0,0,0,4,0
NearLaserCombat,1092,2.59470,2.64380,2.59320,0.62669,,,,1,0,0,0,4,0
NearLaserCombat,1093,5.85020,3.00980,5.84920,0.64410,,,,1,0,0,0,4,0
NearLaserCombat,1094,3.02000,2.54160,3.01930,0.63488,,,,1,0,0,0,4,0
NearLaserCombat,1095,2.78000,2.59430,2.77780,0.66458,,,,1,0,0,0,4,0
NearLaserCombat,1096,3.14570,5.85070,3.14480,0.65843,,,,1,0,0,0,4,0
NearLaserCombat,1097,2.64221,3.02110,2.64030,0.66867,,,,1,0,0,0,4,0
NearLaserCombat,1098,2.52489,2.77880,2.52390,0.64819,,,,1,0,0,0,4,0
NearLaserCombat,1099,6.12560,3.14640,6.12510,0.65638,,,,1,0,0,0,4,0
NearLaserCombat,1100,2.94820,2.64160,2.94610,0.65229,,,,1,0,0,0,4,0
NearLaserCombat,1101,2.76530,2.52460,2.76410,0.67072,,,,1,0,0,0,4,0
NearLaserCombat,1102,3.09030,6.12660,3.08960,0.65434,,,,1,0,0,0,4,0
NearLaserCombat,1103,2.87330,2.94710,2.87220,0.65536,,,,1,0,0,0,4,0
NearLaserCombat,1104,2.76490,2.76500,2.76330,0.63693,,,,1,0,0,0,4,0
NearLaserCombat,1105,6.05460,3.09070,6.05290,0.67277,,,,1,0,0,0,4,0
NearLaserCombat,1106,2.75030,2.87400,2.74880,0.64102,,,,1,0,0,0,4,0
NearLaserCombat,1107,2.62190,2.76490,2.62080,0.63898,,,,1,0,0,0,4,0
NearLaserCombat,1108,3.46490,6.05450,3.46390,0.65126,,,,1,0,0,0,4,0
NearLaserCombat,1109,2.69970,2.74970,2.69830,0.66662,,,,1,0,0,0,4,0
NearLaserCombat,1110,2.50240,2.62170,2.50130,0.63386,,,,1,0,0,0,4,0
NearLaserCombat,1111,5.75690,3.46540,5.75580,0.65024,,,,1,0,0,0,4,0
NearLaserCombat,1112,2.60120,2.69940,2.60020,0.64205,,,,1,0,0,0,4,0
NearLaserCombat,1113,2.91510,2.50220,2.91410,0.65126,,,,1,0,0,0,4,0
NearLaserCombat,1114,2.53920,5.75690,2.53810,0.66150,,,,1,0,0,0,4,0
NearLaserCombat,1115,2.48640,2.60120,2.48550,0.64102,,,,1,0,0,0,4,0
NearLaserCombat,1116,2.45840,2.91510,2.45740,0.66355,,,,1,0,0,0,4,0
NearLaserCombat,1117,2.76520,2.53910,2.76430,0.66458,,,,1,0,0,0,0,0
NearLaserCombat,1118,6.36510,2.48640,6.36430,0.63181,,,,1,0,0,0,0,0
NearLaserCombat,1119,2.57560,2.45830,2.57330,0.65024,,,,1,0,0,0,0,0
NearLaserCombat,1120,2.44230,2.76550,2.44110,0.64102,,,,1,0,0,0,0,0
NearLaserCombat,1121,2.28200,6.36640,2.28120,0.66867,,,,1,0,0,0,0,0
NearLaserCombat,1122,2.40570,2.57430,2.40440,0.61645,,,,1,0,0,0,0,0
NearLaserCombat,1123,2.57521,2.44210,2.57430,0.63078,,,,1,0,0,0,0,0
NearLaserCombat,1124,7.24220,2.28240,7.24230,0.62259,,,,1,0,0,0,0,0
NearLaserCombat,1125,2.58080,2.40530,2.57760,0.66560,,,,1,0,0,0,0,0
NearLaserCombat,1126,2.59880,2.57530,2.59720,0.61542,,,,1,0,0,0,0,0
NearLaserCombat,1127,2.47860,7.24500,2.47800,0.63078,,,,1,0,0,0,0,0
NearLaserCombat,1128,3.56270,2.57870,3.56140,0.61850,,,,1,0,0,0,0,0
NearLaserCombat,1129,2.24100,2.59820,2.23910,0.64614,,,,1,0,0,0,0,0
NearLaserCombat,1130,5.49100,2.47920,5.49020,0.61645,,,,1,0,0,0,0,0
NearLaserCombat,1131,2.18110,3.56280,2.17970,0.63795,,,,1,0,0,0,0,0
NearLaserCombat,1132,2.19720,2.24020,2.19610,0.63386,,,,1,0,0,0,0,0
NearLaserCombat,1133,2.21900,5.49130,2.21800,0.65126,,,,1,0,0,0,0,0
NearLaserCombat,1134,2.26100,2.18080,2.26010,0.62669,,,,1,0,0,0,0,0
NearLaserCombat,1135,2.24810,2.19710,2.24730,0.61850,,,,1,0,0,0,0,0
NearLaserCombat,1136,2.70690,2.21880,2.70590,0.62157,,,,1,0,0,0,0,0
NearLaserCombat,1137,5.69750,2.26100,5.69630,0.66048,,,,1,0,0,0,0,0
NearLaserCombat,1138,2.17020,2.24830,2.16910,0.62566,,,,1,0,0,0,0,0
NearLaserCombat,1139,2.59590,2.70700,2.59460,0.64000,,,,1,0,0,0,0,0
NearLaserCombat,1140,2.28230,5.69760,2.28150,0.62976,,,,1,0,0,0,0,0
NearLaserCombat,1141,2.56541,2.17040,2.56380,0.67584,,,,1,0,0,0,0,0
NearLaserCombat,1142,2.62110,2.59570,2.62010,0.62669,,,,1,0,0,0,0,0
NearLaserCombat,1143,2.68990,2.28260,2.68880,0.65946,,,,1,0,0,0,0,0
NearLaserCombat,1144,6.41750,2.56490,6.41650,0.62771,,,,1,0,0,0,0,0
NearLaserCombat,1145,2.19410,2.62120,2.19220,0.65638,,,,1,0,0,0,0,0
NearLaserCombat,1146,2.24720,2.68990,2.24600,0.63283,,,,1,0,0,0,0,0
NearLaserCombat,1147,2.23960,6.41840,2.23860,0.63283,,,,1,0,0,0,0,0
NearLaserCombat,1148,2.19440,2.19330,2.19350,0.61747,,,,1,0,0,0,0,0
NearLaserCombat,1149,2.20800,2.24720,2.20700,0.65331,,,,1,0,0,0,0,0
NearLaserCombat,1150,2.26680,2.23940,2.26570,0.64410,,,,1,0,0,0,0,0
NearLaserCombat,1151,5.82280,2.19460,5.82200,0.63795,,,,1,0,0,0,0,0
NearLaserCombat,1152,2.18200,2.20800,2.18030,0.62362,,,,1,0,0,0,0,0
NearLaserCombat,1153,2.18850,2.26660,2.18760,0.65331,,,,1,0,0,0,0,0
NearLaserCombat,1154,2.17110,5.82350,2.17010,0.61133,,,,1,0,0,0,0,0
NearLaserCombat,1155,2.16860,2.18120,2.16750,0.65229,,,,1,0,0,0,0,0
NearLaserCombat,1156,2.31750,2.18870,2.31600,0.62157,,,,1,0,0,0,0,0
NearLaserCombat,1157,2.19350,2.17130,2.19230,0.66662,,,,1,0,0,0,0,0
NearLaserCombat,1158,5.65490,2.16880,5.65410,0.62976,,,,1,0,0,0,0,0
NearLaserCombat,1159,2.17950,2.31720,2.17790,0.63693,,,,1,0,0,0,0,0
NearLaserCombat,1160,2.23459,2.19330,2.23380,0.62874,,,,1,0,0,0,0,0
NearLaserCombat,1161,2.29590,5.65540,2.29490,0.64307,,,,1,0,0,0,0,0
NearLaserCombat,1162,2.47170,2.17880,2.47070,0.62464,,,,1,0,0,0,0,0
NearLaserCombat,1163,2.52370,2.23480,2.52270,0.62566,,,,1,0,0,0,0,0
NearLaserCombat,1164,2.83810,2.29590,2.83670,0.61542,,,,1,0,0,0,0,0
NearLaserCombat,1165,6.01650,2.47180,6.01520,0.66150,,,,1,0,0,0,0,0
NearLaserCombat,1166,2.18560,2.52390,2.18400,0.63488,,,,1,0,0,0,0,0
NearLaserCombat,1167,2.20480,2.83830,2.20340,0.63488,,,,1,0,0,0,0,0
NearLaserCombat,1168,2.22210,6.01680,2.22120,0.63283,,,,1,0,0,0,0,0
NearLaserCombat,1169,2.16980,2.18520,2.16870,0.64512,,,,1,0,0,0,0,0
NearLaserCombat,1170,2.15880,2.20450,2.15780,0.62157,,,,1,0,0,0,0,0
NearLaserCombat,1171,2.22060,2.22210,2.21910,0.62976,,,,1,0,0,0,0,0
NearLaserCombat,1172,2.25700,2.16990,2.25600,0.61747,,,,1,0,0,0,0,0
NearLaserCombat,1173,6.02230,2.15900,6.02170,0.66048,,,,1,0,0,0,0,0
NearLaserCombat,1174,2.15210,2.22010,2.15010,0.63078,,,,1,0,0,0,0,0
NearLaserCombat,1175,2.16800,2.25700,2.16690,0.64000,,,,1,0,0,0,0,0
NearLaserCombat,1176,2.18390,6.02340,2.18290,0.63181,,,,1,0,0,0,0,0
NearLaserCombat,1177,2.20330,2.15110,2.20210,0.67994,,,,1,0,0,0,0,0
NearLaserCombat,1178,2.16900,2.16800,2.16800,0.60621,,,,1,0,0,0,0,0
NearLaserCombat,1179,2.22460,2.18410,2.22310,0.64614,,,,1,0,0,0,0,0
NearLaserCombat,1180,5.75840,2.20320,5.75770,0.62874,,,,1,0,0,0,0,0
NearLaserCombat,1181,2.16570,2.16940,2.16480,0.66765,,,,1,0,0,0,0,0
NearLaserCombat,1182,2.22220,2.22410,2.22050,0.61952,,,,1,0,0,0,0,0
NearLaserCombat,1183,2.18150,5.75890,2.18060,0.63488,,,,1,0,0,0,0,0
NearLaserCombat,1184,2.25400,2.16590,2.25320,0.63488,,,,1,0,0,0,0,0
NearLaserCombat,1185,2.49610,2.22140,2.49450,0.67379,,,,1,0,0,0,0,0
NearLaserCombat,1186,2.22190,2.18160,2.22090,0.61645,,,,1,0,0,0,0,0
NearLaserCombat,1187,5.63720,2.25450,5.63660,0.61440,,,,1,0,0,0,0,0
NearLaserCombat,1188,2.22030,2.49550,2.21870,0.61850,,,,1,0,0,0,0,0
NearLaserCombat,1189,2.15630,2.22190,2.15530,0.67072,,,,1,0,0,0,0,0
NearLaserCombat,1190,2.29160,5.63790,2.29000,0.64102,,,,1,0,0,0,0,0
NearLaserCombat,1191,2.24651,2.21980,2.24530,0.62157,,,,1,0,0,0,0,0
NearLaserCombat,1192,2.16419,2.15680,2.16300,0.62669,,,,1,0,0,0,0,0
NearLaserCombat,1193,2.20060,2.29140,2.19930,0.64717,,,,1,0,0,0,0,0
NearLaserCombat,1194,2.33180,2.24640,2.33060,0.62362,,,,1,0,0,0,0,0
NearLaserCombat,1195,6.09050,2.16440,6.08980,0.63488,,,,1,0,0,0,0,0
NearLaserCombat,1196,2.28630,2.20040,2.28330,0.63283,,,,1,0,0,0,0,0
NearLaserCombat,1197,2.21540,2.33160,2.21420,0.66867,,,,1,0,0,0,0,0
NearLaserCombat,1198,2.16550,6.09250,2.16460,0.63693,,,,1,0,0,0,0,0
NearLaserCombat,1199,2.21870,2.28440,2.21730,0.63898,,,,1,0,0,0,0,0
NearLaserCombat,1200,2.27521,2.21530,2.27470,0.61645,,,,1,0,0,0,0,0
NearLaserCombat,1201,2.25490,2.16580,2.25300,0.64614,,,,1,0,0,0,0,0
NearLaserCombat,1202,5.84130,2.21840,5.84070,0.63590,,,,1,0,0,0,0,0
NearLaserCombat,1203,2.58040,2.27590,2.57820,0.61542,,,,1,0,0,0,0,0
NearLaserCombat,1204,2.33430,2.25400,2.33290,0.63590,,,,1,0,0,0,0,0
NearLaserCombat,1205,2.11320,5.84260,2.11250,0.65946,,,,1,0,0,0,0,0
NearLaserCombat,1206,2.21020,2.57950,2.20870,0.64922,,,,1,0,0,0,0,0
NearLaserCombat,1207,2.35210,2.33390,2.35110,0.63795,,,,1,0,0,0,0,0
NearLaserCombat,1208,2.26320,2.11390,2.26180,0.62464,,,,1,0,0,0,0,0
NearLaserCombat,1209,5.57910,2.20970,5.57820,0.65229,,,,1,0,0,0,0,0
NearLaserCombat,1210,2.20120,2.35230,2.20000,0.62976,,,,1,0,0,0,0,0
NearLaserCombat,1211,2.21820,2.26280,2.21710,0.64102,,,,1,0,0,0,0,0
NearLaserCombat,1212,2.38900,5.57940,2.38790,0.62362,,,,1,0,0,0,0,0
NearLaserCombat,1213,2.24090,2.20110,2.23980,0.65229,,,,1,0,0,0,0,0
NearLaserCombat,1214,2.25240,2.21810,2.25150,0.62362,,,,1,0,0,0,0,0
NearLaserCombat,1215,2.28070,2.38900,2.27980,0.63386,,,,1,0,0,0,0,0
NearLaserCombat,1216,5.70620,2.24080,5.70500,0.62157,,,,1,0,0,0,0,0
NearLaserCombat,1217,5.22210,2.25250,5.22200,0.62464,,,,1,0,0,0,0,0
NearLaserCombat,1218,2.66820,2.28090,2.66500,0.62464,,,,1,0,0,0,0,0
NearLaserCombat,1219,2.31630,5.70630,2.31540,0.63488,,,,1,0,0,0,0,0
NearLaserCombat,1220,2.25120,5.22390,2.25020,0.61030,,,,1,0,0,0,0,0
NearLaserCombat,1221,2.25280,2.66610,2.25150,0.67891,,,,1,0,0,0,0,0
NearLaserCombat,1222,6.30350,2.31620,6.30350,0.62259,,,,1,0,0,0,0,0
NearLaserCombat,1223,2.24670,2.25160,2.24390,0.62976,,,,1,0,0,0,0,0
NearLaserCombat,1224,2.25200,2.25230,2.25040,0.62157,,,,1,0,0,0,0,0
NearLaserCombat,1225,2.21230,6.30580,2.21110,0.66150,,,,1,0,0,0,0,0
NearLaserCombat,1226,2.28770,2.24540,2.28680,0.62054,,,,1,0,0,0,0,0
NearLaserCombat,1227,2.81580,2.25140,2.81480,0.61952,,,,1,0,0,0,0,0
NearLaserCombat,1228,2.72420,2.21200,2.72270,0.61542,,,,1,0,0,0,0,0
NearLaserCombat,1229,6.44590,2.28800,6.44480,0.69530,,,,1,0,0,0,0,0
NearLaserCombat,1230,2.31030,2.81620,2.30840,0.61645,,,,1,0,0,0,0,0
NearLaserCombat,1231,2.47750,2.72410,2.47660,0.64102,,,,1,0,0,0,0,0
NearLaserCombat,1232,2.91460,6.44620,2.91350,0.63898,,,,1,0,0,0,0,0
NearLaserCombat,1233,2.54120,2.30950,2.53900,0.66765,,,,1,0,0,0,0,0
NearLaserCombat,1234,2.35790,2.47790,2.35640,0.63693,,,,1,0,0,0,0,0
NearLaserCombat,1235,6.86910,2.91570,6.86830,0.64819,,,,1,0,0,0,0,0
NearLaserCombat,1236,2.96589,2.54030,2.96460,0.62054,,,,1,0,0,0,0,0
NearLaserCombat,1237,2.62040,2.35730,2.61920,0.69939,,,,1,0,0,0,0,0
NearLaserCombat,1238,2.64830,6.86960,2.64710,0.63488,,,,1,0,0,0,0,0
NearLaserCombat,1239,2.49980,2.96570,2.49860,0.64717,,,,1,0,0,0,0,0
NearLaserCombat,1240,2.75850,2.62040,2.75760,0.62669,,,,1,0,0,0,0,0
NearLaserCombat,1241,6.16970,2.64810,6.16900,0.65024,,,,1,0,0,0,0,0
NearLaserCombat,1242,2.28940,2.49960,2.28710,0.63386,,,,1,0,0,0,0,0
NearLaserCombat,1243,2.30320,2.75860,2.30220,0.62771,,,,1,0,0,0,0,0
NearLaserCombat,1244,2.24460,6.17100,2.24350,0.64102,,,,1,0,0,0,0,0
NearLaserCombat,1245,2.20240,2.28830,2.20130,0.67046,,,,1,0,0,0,0,0
NearLaserCombat,1246,2.21270,2.30330,2.21180,0.62566,,,,1,0,0,0,0,0
NearLaserCombat,1247,2.52690,2.24440,2.52570,0.65434,,,,1,0,0,0,0,0
NearLaserCombat,1248,5.83350,2.20230,5.83260,0.61645,,,,1,0,0,0,0,0
NearLaserCombat,1249,2.38650,2.21280,2.38530,0.64819,,,,1,0,0,0,0,0
NearLaserCombat,1250,2.40160,2.52670,2.40050,0.61440,,,,1,0,0,0,0,0
NearLaserCombat,1251,2.38060,5.83380,2.37930,0.64307,,,,1,0,0,0,0,0
NearLaserCombat,1252,3.55910,2.38660,3.55840,0.63590,,,,1,0,0,0,0,0
NearLaserCombat,1253,2.58150,2.40170,2.57970,0.65331,,,,1,0,0,0,0,0
NearLaserCombat,1254,2.19140,2.38010,2.19030,0.64102,,,,1,0,0,0,0,0
NearLaserCombat,1255,5.80000,3.56000,5.79920,0.63590,,,,1,0,0,0,0,0
NearLaserCombat,1256,2.16750,2.58080,2.16560,0.62771,,,,1,0,0,0,0,0
NearLaserCombat,1257,2.36800,2.19150,2.36720,0.65126,,,,1,0,0,0,0,0
NearLaserCombat,1258,2.35101,5.80070,2.34970,0.63078,,,,1,0,0,0,0,0
NearLaserCombat,1259,2.21360,2.16650,2.21230,0.64819,,,,1,0,0,0,0,0
NearLaserCombat,1260,2.23099,2.36850,2.23000,0.63386,,,,1,0,0,0,0,0
NearLaserCombat,1261,2.33920,2.35110,2.33820,0.65126,,,,1,0,0,0,0,0
NearLaserCombat,1262,5.80150,2.21310,5.80070,0.63693,,,,1,0,0,0,0,0
NearLaserCombat,1263,2.28260,2.23090,2.28100,0.65229,,,,1,0,0,0,0,0
NearLaserCombat,1264,2.48940,2.33930,2.48810,0.62976,,,,1,0,0,0,0,0
NearLaserCombat,1265,2.29950,5.80220,2.29840,0.65331,,,,1,0,0,0,0,0
NearLaserCombat,1266,2.21750,2.28230,2.21650,0.62874,,,,1,0,0,0,0,0
NearLaserCombat,1267,2.71320,2.48900,2.71220,0.64205,,,,1,0,0,0,0,0
NearLaserCombat,1268,2.18260,2.29940,2.18140,0.62362,,,,1,0,0,0,0,0
NearLaserCombat,1269,6.43280,2.21760,6.43310,0.67174,,,,1,0,0,0,0,0
NearLaserCombat,1270,2.36810,2.71340,2.36490,0.62566,,,,1,0,0,0,0,0
NearLaserCombat,1271,2.23250,2.18240,2.23120,0.62464,,,,1,0,0,0,0,0
NearLaserCombat,1272,2.25220,6.43510,2.25120,0.63181,,,,1,0,0,0,0,0
NearLaserCombat,1273,2.22960,2.36600,2.22850,0.64205,,,,1,0,0,0,0,0
NearLaserCombat,1274,2.28110,2.23220,2.28020,0.62566,,,,1,0,0,0,0,0
NearLaserCombat,1275,2.26450,2.25220,2.26330,0.63590,,,,1,0,0,0,0,0
NearLaserCombat,1276,5.68640,2.22960,5.68570,0.62259,,,,1,0,0,0,0,0
NearLaserCombat,1277,2.37380,2.28150,2.37220,0.64922,,,,1,0,0,0,0,0
NearLaserCombat,1278,2.24080,2.26410,2.23970,0.63181,,,,1,0,0,0,0,0
NearLaserCombat,1279,2.44410,5.68720,2.44320,0.63386,,,,1,0,0,0,0,0
NearLaserCombat,1280,2.78710,2.37360,2.78580,0.63795,,,,1,0,0,0,0,0
NearLaserCombat,1281,2.54030,2.24060,2.53990,0.65946,,,,1,0,0,0,0,0
NearLaserCombat,1282,2.52050,2.44440,2.51940,0.63283,,,,1,0,0,0,0,0
NearLaserCombat,1283,6.08650,2.78670,6.08440,0.65434,,,,1,0,0,0,0,0
NearLaserCombat,1284,3.17030,2.54100,3.16860,0.63283,,,,1,0,0,0,0,0
NearLaserCombat,1285,2.31720,2.52120,2.31510,0.65331,,,,1,0,0,0,0,0
NearLaserCombat,1286,2.29030,6.08580,2.28920,0.64205,,,,1,0,0,0,0,0
NearLaserCombat,1287,2.50350,3.17050,2.50270,0.60928,,,,1,0,0,0,0,0
NearLaserCombat,1288,2.48210,2.31610,2.48060,0.59802,,,,1,0,0,0,0,0
NearLaserCombat,1289,6.87070,2.29030,6.87000,0.64205,,,,1,0,0,0,0,0
NearLaserCombat,1290,2.25620,2.50420,2.25380,0.61850,,,,1,0,0,0,0,0
NearLaserCombat,1291,2.30450,2.48160,2.30370,0.60621,,,,1,0,0,0,0,0
NearLaserCombat,1292,2.56330,6.87200,2.56180,0.62976,,,,1,0,0,0,0,0
NearLaserCombat,1293,2.57820,2.25480,2.57700,0.66355,,,,1,0,0,0,0,0
NearLaserCombat,1294,2.26990,2.30520,2.26870,0.61440,,,,1,0,0,0,0,0
NearLaserCombat,1295,2.81580,2.56270,2.81470,0.64717,,,,1,0,0,0,0,0
NearLaserCombat,1296,6.29190,2.57820,6.29100,0.62362,,,,1,0,0,0,0,0
NearLaserCombat,1297,2.28750,2.26980,2.28560,0.64410,,,,1,0,0,0,0,0
NearLaserCombat,1298,2.28090,2.81610,2.27990,0.63283,,,,1,0,0,0,0,0
NearLaserCombat,1299,2.26091,6.29230,2.26000,0.65024,,,,1,0,0,0,0,0
NearLaserCombat,1300,2.26409,2.28660,2.26290,0.61850,,,,1,0,0,0,0,0
NearLaserCombat,1301,2.31780,2.28080,2.31680,0.65229,,,,1,0,0,0,0,0
NearLaserCombat,1302,6.02000,2.26120,6.01950,0.62157,,,,1,0,0,0,0,0
NearLaserCombat,1303,2.90710,2.26380,2.90490,0.62771,,,,1,0,0,0,0,0
NearLaserCombat,1304,2.86650,2.31790,2.86520,0.63795,,,,1,0,0,0,0,0
NearLaserCombat,1305,2.50740,6.02140,2.50650,0.64717,,,,1,0,0,0,0,0
NearLaserCombat,1306,2.37440,2.90600,2.37330,0.62157,,,,1,0,0,0,0,0
NearLaserCombat,1307,2.67040,2.86620,2.66950,0.65434,,,,1,0,0,0,0,0
NearLaserCombat,1308,2.13620,2.50740,2.13500,0.61645,,,,1,0,0,0,0,0
NearLaserCombat,1309,6.02560,2.37430,6.02490,0.63488,,,,1,0,0,0,0,0
NearLaserCombat,1310,2.21370,2.67060,2.21180,0.62464,,,,1,0,0,0,0,0
NearLaserCombat,1311,2.20710,2.13590,2.20620,0.64102,,,,1,0,0,0,0,0
NearLaserCombat,1312,2.21980,6.02690,2.21900,0.62464,,,,1,0,0,0,0,0
NearLaserCombat,1313,2.19840,2.21250,2.19740,0.64717,,,,1,0,0,0,0,0
NearLaserCombat,1314,2.18740,2.20720,2.18660,0.61542,,,,1,0,0,0,0,0
NearLaserCombat,1315,2.23610,2.21980,2.23440,0.64512,,,,1,0,0,0,0,0
NearLaserCombat,1316,6.16630,2.19850,6.16740,0.62464,,,,1,0,0,0,0,0
NearLaserCombat,1317,2.69130,2.18810,2.68480,0.64922,,,,1,0,0,0,0,0
NearLaserCombat,1318,2.49450,2.23520,2.49340,0.62464,,,,1,0,0,0,0,0
NearLaserCombat,1319,2.45860,6.17250,2.45740,0.66458,,,,1,0,0,0,0,0
NearLaserCombat,1320,2.23910,2.68550,2.23800,0.65434,,,,1,0,0,0,0,0
NearLaserCombat,1321,2.29359,2.49440,2.29240,0.65536,,,,1,0,0,0,0,0
NearLaserCombat,1322,2.26220,2.45860,2.26120,0.63283,,,,1,0,0,0,0,0
NearLaserCombat,1323,5.57890,2.23930,5.57810,0.62362,,,,1,0,0,0,0,0
NearLaserCombat,1324,2.23020,2.29340,2.22880,0.62976,,,,1,0,0,0,0,0
NearLaserCombat,1325,2.25471,2.26220,2.25360,0.64410,,,,1,0,0,0,0,0
NearLaserCombat,1326,2.70400,5.57940,2.70310,0.62464,,,,1,0,0,0,0,0
NearLaserCombat,1327,2.29530,2.22980,2.29380,0.63693,,,,1,0,0,0,0,0
NearLaserCombat,1328,2.21290,2.25460,2.21170,0.62054,,,,1,0,0,0,0,0
NearLaserCombat,1329,2.22830,2.70450,2.22720,0.64307,,,,1,0,0,0,0,0
NearLaserCombat,1330,5.69950,2.29490,5.69840,0.61542,,,,1,0,0,0,0,0
NearLaserCombat,1331,2.24250,2.21290,2.24160,0.65024,,,,1,0,0,0,0,0
NearLaserCombat,1332,2.29070,2.22820,2.28940,0.60518,,,,1,0,0,0,0,0
NearLaserCombat,1333,2.26310,5.69950,2.26190,0.66560,,,,1,0,0,0,0,0
NearLaserCombat,1334,2.22350,2.24270,2.22250,0.63181,,,,1,0,0,0,0,0
NearLaserCombat,1335,2.27470,2.29050,2.27370,0.65536,,,,1,0,0,0,0,0
NearLaserCombat,1336,2.24240,2.26310,2.24130,0.62874,,,,1,0,0,0,0,0
NearLaserCombat,1337,6.24300,2.22350,6.24220,0.64102,,,,1,0,0,0,0,0
NearLaserCombat,1338,2.31390,2.27470,2.31490,0.63693,,,,1,0,0,0,0,0
NearLaserCombat,1339,2.21870,2.24230,2.21450,0.64614,,,,1,0,0,0,0,0
NearLaserCombat,1340,2.26780,6.24390,2.26690,0.63078,,,,1,0,0,0,0,0
NearLaserCombat,1341,2.26920,2.31630,2.26820,0.64614,,,,1,0,0,0,0,0
NearLaserCombat,1342,2.21460,2.21530,2.21350,0.62976,,,,1,0,0,0,0,0
NearLaserCombat,1343,2.32860,2.26800,2.32770,0.63898,,,,1,0,0,0,0,0
NearLaserCombat,1344,7.46280,2.26920,7.46710,0.66048,,,,1,0,0,0,0,0
NearLaserCombat,1345,2.39179,2.21440,2.38400,0.66253,,,,1,0,0,0,0,0
NearLaserCombat,1346,2.34920,2.32930,2.34800,0.63795,,,,1,0,0,0,0,0
NearLaserCombat,1347,2.28370,7.46890,2.28270,0.67072,,,,1,0,0,0,0,0
NearLaserCombat,1348,2.43850,2.38520,2.43740,0.61645,,,,1,0,0,0,0,0
NearLaserCombat,1349,2.58790,2.34910,2.58610,0.67482,,,,1,0,0,0,0,0
NearLaserCombat,1350,2.22240,2.28370,2.22150,0.63078,,,,1,0,0,0,0,0
NearLaserCombat,1351,5.99140,2.43920,5.99050,0.64819,,,,1,0,0,0,0,0
NearLaserCombat,1352,2.23200,2.58710,2.23080,0.64205,,,,1,0,0,0,0,0
NearLaserCombat,1353,2.48970,2.22240,2.48880,0.67789,,,,1,0,0,0,0,0
NearLaserCombat,1354,2.29640,5.99180,2.29530,0.66150,,,,1,0,0,0,0,0
NearLaserCombat,1355,2.32400,2.23160,2.32320,0.65536,,,,1,0,0,0,0,0
NearLaserCombat,1356,2.24150,2.48980,2.24040,0.62976,,,,1,0,0,0,0,0
NearLaserCombat,1357,2.26350,2.29640,2.26190,0.65843,,,,1,0,0,0,0,0
NearLaserCombat,1358,6.38260,2.32430,6.38170,0.63078,,,,1,0,0,0,0,0
NearLaserCombat,1359,2.45880,2.24200,2.45720,0.63283,,,,1,0,0,0,0,0
NearLaserCombat,1360,2.64510,2.26290,2.64410,0.63590,,,,1,0,0,0,0,0
NearLaserCombat,1361,2.19620,6.38320,2.19520,0.65638,,,,1,0,0,0,0,0
NearLaserCombat,1362,2.19799,2.45800,2.19720,0.64307,,,,1,0,0,0,0,0
NearLaserCombat,1363,2.19000,2.64510,2.18870,0.65126,,,,1,0,0,0,0,0
NearLaserCombat,1364,6.44310,2.19600,6.44290,0.65024,,,,1,0,0,0,0,0
NearLaserCombat,1365,2.48771,2.19840,2.48510,0.63283,,,,1,0,0,0,0,0
NearLaserCombat,1366,2.29590,2.18980,2.29470,0.65126,,,,1,0,0,0,0,0
NearLaserCombat,1367,2.52420,6.44470,2.52270,0.66662,,,,1,0,0,0,0,0
NearLaserCombat,1368,2.23600,2.48670,2.23500,0.64307,,,,1,0,0,0,0,0
NearLaserCombat,1369,2.33380,2.29580,2.33240,0.65638,,,,1,0,0,0,0,0
NearLaserCombat,1370,2.40561,2.52390,2.40440,0.61747,,,,1,0,0,0,0,0
NearLaserCombat,1371,6.04060,2.23640,6.03960,0.64000,,,,1,0,0,0,0,0
NearLaserCombat,1372,3.31570,2.33360,3.31450,0.62669,,,,1,0,0,0,0,0
NearLaserCombat,1373,2.50320,2.40560,2.50150,0.65229,,,,1,0,0,0,0,0
NearLaserCombat,1374,3.05780,6.04100,3.05620,0.64614,,,,1,0,0,0,0,0
NearLaserCombat,1375,2.61530,3.31620,2.61460,0.63693,,,,1,0,0,0,0,0
NearLaserCombat,1376,2.42710,2.50280,2.42580,0.64819,,,,1,0,0,0,0,0
NearLaserCombat,1377,6.19571,3.05710,6.19470,0.65946,,,,1,0,0,0,0,0
NearLaserCombat,1378,2.44810,2.61560,2.44620,0.65024,,,,1,0,0,0,0,0
NearLaserCombat,1379,2.53840,2.42680,2.53730,0.63795,,,,1,0,0,0,0,0
NearLaserCombat,1380,2.31700,6.19680,2.31640,0.64000,,,,1,0,0,0,0,0
NearLaserCombat,1381,2.27630,2.44700,2.27470,0.65024,,,,1,0,0,0,0,0
NearLaserCombat,1382,2.23570,2.53850,2.23470,0.65024,,,,1,0,0,0,0,0
NearLaserCombat,1383,2.20440,2.31740,2.20320,0.67891,,,,1,0,0,0,0,0
NearLaserCombat,1384,6.81240,2.27570,6.81130,0.64000,,,,1,0,0,0,0,0
NearLaserCombat,1385,2.43220,2.23580,2.43010,0.64205,,,,1,0,0,0,0,0
NearLaserCombat,1386,2.36460,2.20450,2.36360,0.66560,,,,1,0,0,0,0,0
NearLaserCombat,1387,2.21180,6.81320,2.21040,0.64717,,,,1,0,0,0,0,0
NearLaserCombat,1388,2.22560,2.43130,2.22450,0.62874,,,,1,0,0,0,0,0
NearLaserCombat,1389,2.22740,2.36490,2.22630,0.64717,,,,1,0,0,0,0,0
NearLaserCombat,1390,2.65330,2.21150,2.65270,0.63693,,,,1,0,0,0,0,0
NearLaserCombat,1391,6.09680,2.22550,6.09610,0.62566,,,,1,0,0,0,0,0
NearLaserCombat,1392,2.53370,2.22740,2.53160,0.62669,,,,1,0,0,0,0,0
NearLaserCombat,1393,2.42630,2.65360,2.42480,0.66560,,,,1,0,0,0,0,0
NearLaserCombat,1394,2.61410,6.09800,2.61270,0.63386,,,,1,0,0,0,0,0
NearLaserCombat,1395,2.83180,2.53270,2.83070,0.64922,,,,1,0,0,0,0,0
NearLaserCombat,1396,2.93109,2.42610,2.93000,0.64410,,,,1,0,0,0,0,0
NearLaserCombat,1397,6.17820,2.61380,6.17720,0.64922,,,,1,0,0,0,0,0
NearLaserCombat,1398,2.22270,2.83180,2.22120,0.64307,,,,1,0,0,0,0,0
NearLaserCombat,1399,2.22500,2.93120,2.22380,0.63386,,,,1,0,0,0,0,0
NearLaserCombat,1400,2.35410,6.17850,2.35290,0.63693,,,,1,0,0,0,0,0
NearLaserCombat,1401,2.18780,2.22220,2.18670,0.66662,,,,1,0,0,0,0,0
NearLaserCombat,1402,2.21590,2.22510,2.21480,0.64102,,,,1,0,0,0,0,0
NearLaserCombat,1403,2.25110,2.35390,2.25010,0.65331,,,,1,0,0,0,0,0
NearLaserCombat,1404,5.78440,2.18790,5.78350,0.63386,,,,1,0,0,0,0,0
NearLaserCombat,1405,2.12140,2.21590,2.12000,0.66150,,,,1,0,0,0,0,0
NearLaserCombat,1406,2.34910,2.25100,2.34800,0.63283,,,,1,0,0,0,0,0
NearLaserCombat,1407,2.20700,5.78470,2.20560,0.64512,,,,1,0,0,0,0,0
NearLaserCombat,1408,2.24650,2.12140,2.24540,0.64102,,,,1,0,0,0,0,0
NearLaserCombat,1409,2.22690,2.34930,2.22580,0.66048,,,,1,0,0,0,0,0
NearLaserCombat,1410,2.17140,2.20670,2.17020,0.62464,,,,1,0,0,0,0,0
NearLaserCombat,1411,6.52580,2.24650,6.52480,0.64717,,,,1,0,0,0,0,0
NearLaserCombat,1412,2.74160,2.22740,2.73950,0.63386,,,,1,0,0,0,0,0
NearLaserCombat,1413,2.27810,2.17140,2.27700,0.66048,,,,1,0,0,0,0,0
NearLaserCombat,1414,2.74200,6.52630,2.74120,0.64614,,,,1,0,0,0,0,0
NearLaserCombat,1415,2.43050,2.74060,2.42940,0.64410,,,,1,0,0,0,0,0
NearLaserCombat,1416,2.79610,2.27800,2.79510,0.64000,,,,1,0,0,0,0,0
NearLaserCombat,1417,2.93150,2.74210,2.93040,0.65638,,,,1,0,0,0,0,0
NearLaserCombat,1418,6.23260,2.43050,6.23160,0.63693,,,,1,0,0,0,0,0
NearLaserCombat,1419,2.46230,2.79610,2.46040,0.62669,,,,1,0,0,0,0,0
NearLaserCombat,1420,2.44230,2.93170,2.44140,0.62874,,,,1,0,0,0,0,0
NearLaserCombat,1421,2.91560,6.23320,2.91450,0.68506,,,,1,0,0,0,0,0
NearLaserCombat,1422,2.82460,2.46150,2.82340,0.62566,,,,1,0,0,0,0,0
NearLaserCombat,1423,2.47479,2.44250,2.47290,0.63283,,,,1,0,0,0,0,0
NearLaserCombat,1424,6.26910,2.91560,6.26830,0.63693,,,,1,0,0,0,0,0
NearLaserCombat,1425,2.21240,2.82530,2.21110,0.65229,,,,1,0,0,0,0,0
NearLaserCombat,1426,2.34460,2.47390,2.34370,0.63693,,,,1,0,0,0,0,0
NearLaserCombat,1427,2.35640,6.26920,2.35560,0.65536,,,,1,0,0,0,0,0
NearLaserCombat,1428,2.31050,2.21200,2.30910,0.63283,,,,1,0,0,0,0,0
NearLaserCombat,1429,2.25210,2.34460,2.25100,0.65126,,,,1,0,0,0,0,0
NearLaserCombat,1430,2.50060,2.35690,2.49960,0.64000,,,,1,0,0,0,3,0
NearLaserCombat,1431,6.50680,2.31020,6.50640,0.62976,,,,1,0,0,0,3,0
NearLaserCombat,1432,2.63610,2.25200,2.63410,0.64102,,,,1,0,0,0,3,0
NearLaserCombat,1433,2.51049,2.50060,2.50970,0.67891,,,,1,0,0,0,3,0
NearLaserCombat,1434,2.61070,6.50780,2.60970,0.66560,,,,1,0,0,0,3,0
NearLaserCombat,1435,2.65150,2.63500,2.65030,0.66048,,,,1,0,0,0,3,0
NearLaserCombat,1436,2.57830,2.51070,2.57730,0.65126,,,,1,0,0,0,3,0
NearLaserCombat,1437,6.72660,2.61080,6.72580,0.68301,,,,1,0,0,0,3,0
NearLaserCombat,1438,3.03260,2.65150,3.03130,0.64614,,,,1,0,0,0,3,0
NearLaserCombat,1439,3.16830,2.57820,3.16640,0.69837,,,,1,0,0,0,3,0
NearLaserCombat,1440,3.29989,6.72750,3.29890,0.66970,,,,1,0,0,0,3,0
NearLaserCombat,1441,2.88030,3.03300,2.87890,0.69837,,,,1,0,0,0,3,0
NearLaserCombat,1442,6.16361,3.16740,6.16260,0.66150,,,,1,0,0,0,3,0
NearLaserCombat,1443,2.77540,3.30010,2.77350,0.65741,,,,1,0,0,0,3,0
NearLaserCombat,1444,2.82630,2.88040,2.82520,0.65741,,,,1,0,0,0,3,0
NearLaserCombat,1445,2.90680,6.16380,2.90590,0.68301,,,,1,0,0,0,3,0
NearLaserCombat,1446,2.53940,2.77450,2.53820,0.65434,,,,1,0,0,0,3,0
NearLaserCombat,1447,2.69570,2.82670,2.69450,0.69632,,,,1,0,0,0,3,0
NearLaserCombat,1448,5.88800,2.90720,5.88710,0.66253,,,,1,0,0,0,3,0
NearLaserCombat,1449,2.94110,2.53900,2.93970,0.66458,,,,1,0,0,0,3,0
NearLaserCombat,1450,2.75110,2.69560,2.74950,0.65536,,,,1,0,0,0,3,0
NearLaserCombat,1451,2.66940,5.88830,2.66830,0.66355,,,,1,0,0,0,3,0
NearLaserCombat,1452,3.08310,2.94120,3.08200,0.67174,,,,1,0,0,0,3,0
NearLaserCombat,1453,2.61500,2.75060,2.61360,0.65843,,,,1,0,0,0,3,0
NearLaserCombat,1454,6.40650,2.66940,6.40610,0.66253,,,,1,0,0,0,3,0
NearLaserCombat,1455,3.31390,3.08330,3.31150,0.66355,,,,1,0,0,0,3,0
NearLaserCombat,1456,3.06460,2.61450,3.06310,0.65229,,,,1,0,0,0,3,0
NearLaserCombat,1457,2.91360,6.40850,2.91220,0.68506,,,,1,0,0,0,3,0
NearLaserCombat,1458,2.92210,3.31270,2.92110,0.65434,,,,1,0,0,0,3,0
NearLaserCombat,1459,2.93510,3.06440,2.93430,0.66867,,,,1,0,0,0,3,0
NearLaserCombat,1460,6.10050,2.91320,6.09900,0.65024,,,,1,0,0,0,3,0
NearLaserCombat,1461,2.76510,2.92220,2.76370,0.67072,,,,1,0,0,0,3,0
NearLaserCombat,1462,2.67520,2.93570,2.67410,0.66970,,,,1,0,0,0,3,0
NearLaserCombat,1463,2.78500,6.10030,2.78420,0.66458,,,,1,0,0,0,3,0
NearLaserCombat,1464,2.78190,2.76470,2.78020,0.66253,,,,1,0,0,0,3,0
NearLaserCombat,1465,2.60860,2.67500,2.60720,0.65946,,,,1,0,0,0,0,0
NearLaserCombat,1466,5.95230,2.78570,5.95110,0.66765,,,,1,0,0,0,0,0
NearLaserCombat,1467,2.29320,2.78170,2.29200,0.66048,,,,1,0,0,0,0,0
NearLaserCombat,1468,2.60480,2.60820,2.60340,0.65638,,,,1,0,0,0,0,0
NearLaserCombat,1469,2.37190,5.95250,2.36950,0.64512,,,,1,0,0,0,0,0
NearLaserCombat,1470,2.28951,2.29330,2.28860,0.63386,,,,1,0,0,0,0,0
NearLaserCombat,1471,2.24860,2.60580,2.24660,0.62464,,,,1,0,0,0,0,0
NearLaserCombat,1472,2.27030,2.37030,2.26890,0.63898,,,,1,0,0,0,0,0
NearLaserCombat,1473,5.76800,2.29080,5.76700,0.65229,,,,1,0,0,0,0,0
NearLaserCombat,1474,2.18150,2.24790,2.18000,0.63488,,,,1,0,0,0,0,0
NearLaserCombat,1475,2.28430,2.27020,2.28320,0.66253,,,,1,0,0,0,0,0
NearLaserCombat,1476,2.23750,5.76830,2.23670,0.63488,,,,1,0,0,0,0,0
NearLaserCombat,1477,2.24430,2.18100,2.24320,0.65536,,,,1,0,0,0,0,0
NearLaserCombat,1478,2.17950,2.28410,2.17840,0.64000,,,,1,0,0,0,0,0
NearLaserCombat,1479,2.20150,2.23780,2.20030,0.64307,,,,1,0,0,0,0,0
NearLaserCombat,1480,5.76890,2.24420,5.76880,0.64000,,,,1,0,0,0,0,0
NearLaserCombat,1481,2.26820,2.17930,2.26590,0.65638,,,,1,0,0,0,0,0
NearLaserCombat,1482,2.23909,2.20160,2.23780,0.64000,,,,1,0,0,0,0,0
NearLaserCombat,1483,2.29131,5.77040,2.29040,0.65229,,,,1,0,0,0,0,0
NearLaserCombat,1484,2.19790,2.26700,2.19690,0.63283,,,,1,0,0,0,0,0
NearLaserCombat,1485,2.58330,2.23860,2.58270,0.65331,,,,1,0,0,0,0,0
NearLaserCombat,1486,2.45339,2.29140,2.45160,0.63693,,,,1,0,0,0,0,0
NearLaserCombat,1487,5.93820,2.19800,5.93730,0.64307,,,,1,0,0,0,0,0
NearLaserCombat,1488,2.28730,2.58420,2.28490,0.64000,,,,1,0,0,0,0,0
NearLaserCombat,1489,2.30030,2.45280,2.29880,0.66662,,,,1,0,0,0,0,0
NearLaserCombat,1490,2.37240,5.93950,2.37150,0.63898,,,,1,0,0,0,0,0
NearLaserCombat,1491,2.31330,2.28610,2.31230,0.65638,,,,1,0,0,0,0,0
NearLaserCombat,1492,2.46310,2.30000,2.46200,0.64102,,,,1,0,0,0,0,0
NearLaserCombat,1493,2.26980,2.37230,2.26870,0.64102,,,,1,0,0,0,0,0
NearLaserCombat,1494,5.72300,2.31340,5.72190,0.64102,,,,1,0,0,0,0,0
NearLaserCombat,1495,2.40620,2.46310,2.40510,0.65536,,,,1,0,0,0,0,0
NearLaserCombat,1496,2.24930,2.27000,2.24790,0.64205,,,,1,0,0,0,0,0
NearLaserCombat,1497,2.22970,5.72290,2.22890,0.67482,,,,1,0,0,0,0,0
NearLaserCombat,1498,2.21050,2.40650,2.20930,0.66662,,,,1,0,0,0,0,0
NearLaserCombat,1499,2.24500,2.24890,2.24400,0.63898,,,,1,0,0,0,0,0
NearLaserCombat,1500,2.19370,2.22980,2.19260,0.63693,,,,1,0,0,0,0,0
NearLaserCombat,1501,2.15620,2.21020,2.15520,0.65229,,,,1,0,0,0,0,0
NearLaserCombat,1502,7.17850,2.24510,7.17760,0.65434,,,,1,0,0,0,0,0
NearLaserCombat,1503,2.39720,2.19370,2.39480,0.64000,,,,1,0,0,0,0,0
NearLaserCombat,1504,2.26820,2.15650,2.26700,0.65843,,,,1,0,0,0,0,0
NearLaserCombat,1505,2.26750,7.17980,2.26640,0.68301,,,,1,0,0,0,0,0
NearLaserCombat,1506,2.35440,2.39610,2.35330,0.65536,,,,1,0,0,0,0,0
NearLaserCombat,1507,2.29470,2.26800,2.29380,0.63181,,,,1,0,0,0,0,0
NearLaserCombat,1508,6.53810,2.26750,6.53700,0.66765,,,,1,0,0,0,0,0
NearLaserCombat,1509,2.58030,2.35470,2.57860,0.68096,,,,1,0,0,0,0,0
NearLaserCombat,1510,2.34310,2.29460,2.34210,0.64307,,,,1,0,0,0,0,0
NearLaserCombat,1511,2.23170,6.53840,2.23070,0.65434,,,,1,0,0,0,0,0
NearLaserCombat,1512,2.28479,2.57960,2.28400,0.63590,,,,1,0,0,0,0,0
NearLaserCombat,1513,2.31320,2.34310,2.31210,0.65536,,,,1,0,0,0,0,0
NearLaserCombat,1514,2.21120,2.23150,2.20990,0.64819,,,,1,0,0,0,0,0
NearLaserCombat,1515,6.14640,2.28510,6.14540,0.67174,,,,1,0,0,0,0,0
NearLaserCombat,1516,2.29360,2.31340,2.29230,0.65638,,,,1,0,0,0,0,0
NearLaserCombat,1517,2.23940,2.21090,2.23850,0.65843,,,,1,0,0,0,0,0
NearLaserCombat,1518,2.25250,6.14650,2.25130,0.64512,,,,1,0,0,0,0,0
NearLaserCombat,1519,2.33819,2.29330,2.33700,0.63078,,,,1,0,0,0,0,0
NearLaserCombat,1520,2.21250,2.23970,2.21150,0.64614,,,,1,0,0,0,0,0
NearLaserCombat,1521,2.25190,2.25240,2.25130,0.67686,,,,1,0,0,0,0,0
NearLaserCombat,1522,5.80890,2.33800,5.80780,0.62566,,,,1,0,0,0,0,0
NearLaserCombat,1523,2.30180,2.21240,2.30040,0.65638,,,,1,0,0,0,0,0
NearLaserCombat,1524,2.24100,2.25250,2.23990,0.64410,,,,1,0,0,0,0,0
NearLaserCombat,1525,2.29060,5.80900,2.28960,0.66970,,,,1,0,0,0,0,0
NearLaserCombat,1526,2.21350,2.30130,2.21260,0.63078,,,,1,0,0,0,0,0
NearLaserCombat,1527,2.25110,2.24090,2.25010,0.66048,,,,1,0,0,0,0,0
NearLaserCombat,1528,2.42050,2.29060,2.41970,0.63693,,,,1,0,0,0,0,0
NearLaserCombat,1529,6.04460,2.21340,6.04310,0.64819,,,,1,0,0,0,0,0
NearLaserCombat,1530,2.22320,2.25120,2.22140,0.63898,,,,1,0,0,0,0,0
NearLaserCombat,1531,2.24710,2.42100,2.24630,0.65741,,,,1,0,0,0,0,0
NearLaserCombat,1532,2.28010,6.04490,2.27910,0.63693,,,,1,0,0,0,0,0
NearLaserCombat,1533,2.19899,2.22230,2.19810,0.65843,,,,1,0,0,0,0,0
NearLaserCombat,1534,2.45070,2.24720,2.45010,0.64819,,,,1,0,0,0,0,0
NearLaserCombat,1535,2.30840,2.28020,2.30710,0.64922,,,,1,0,0,0,0,0
NearLaserCombat,1536,5.69830,2.19890,5.69710,0.63283,,,,1,0,0,0,0,0
NearLaserCombat,1537,2.51210,2.45120,2.51060,0.65229,,,,1,0,0,0,0,0
NearLaserCombat,1538,2.54210,2.30810,2.54130,0.65536,,,,1,0,0,0,0,0
NearLaserCombat,1539,2.70780,5.69870,2.70660,0.67174,,,,1,0,0,0,0,0
NearLaserCombat,1540,2.97290,2.51150,2.97200,0.64819,,,,1,0,0,0,0,0
NearLaserCombat,1541,2.23410,2.54230,2.23400,0.64307,,,,1,0,0,0,0,0
NearLaserCombat,1542,2.53350,2.70750,2.53020,0.64307,,,,1,0,0,0,0,0
NearLaserCombat,1543,5.75400,2.97330,5.75330,0.66765,,,,1,0,0,0,0,0
NearLaserCombat,1544,2.49850,2.23620,2.49700,0.62874,,,,1,0,0,0,0,0
NearLaserCombat,1545,2.39500,2.53100,2.39400,0.68403,,,,1,0,0,0,0,0
NearLaserCombat,1546,2.40450,5.75470,2.40340,0.65946,,,,1,0,0,0,0,0
NearLaserCombat,1547,2.29349,2.49800,2.29270,0.63898,,,,1,0,0,0,0,0
NearLaserCombat,1548,2.36280,2.39500,2.36160,0.64307,,,,1,0,0,0,0,0
NearLaserCombat,1549,2.53860,2.40440,2.53750,0.64614,,,,1,0,0,0,0,0
NearLaserCombat,1550,6.40940,2.29370,6.40910,0.64512,,,,1,0,0,0,0,0
NearLaserCombat,1551,2.57830,2.36270,2.57560,0.65024,,,,1,0,0,0,0,0
NearLaserCombat,1552,2.30710,2.53840,2.30650,0.63590,,,,1,0,0,0,0,0
NearLaserCombat,1553,2.18990,6.41140,2.18850,0.69222,,,,1,0,0,0,0,0
NearLaserCombat,1554,2.28670,2.57650,2.28580,0.65843,,,,1,0,0,0,0,0
NearLaserCombat,1555,2.27090,2.30740,2.26990,0.64717,,,,1,0,0,0,0,0
NearLaserCombat,1556,2.49070,2.18940,2.48970,0.64410,,,,1,0,0,0,0,0
NearLaserCombat,1557,5.81680,2.28700,5.81560,0.67686,,,,1,0,0,0,0,0
NearLaserCombat,1558,2.21850,2.27080,2.21710,0.62362,,,,1,0,0,0,0,0
NearLaserCombat,1559,2.30560,2.49110,2.30460,0.65229,,,,1,0,0,0,0,0
NearLaserCombat,1560,2.29180,5.81670,2.29050,0.64819,,,,1,0,0,0,0,0
NearLaserCombat,1561,2.54420,2.21830,2.54320,0.65741,,,,1,0,0,0,0,0
NearLaserCombat,1562,2.26450,2.30560,2.26300,0.64717,,,,1,0,0,0,0,0
NearLaserCombat,1563,2.25551,2.29170,2.25460,0.65126,,,,1,0,0,0,0,0
NearLaserCombat,1564,5.85789,2.54460,5.85660,0.62976,,,,1,0,0,0,0,0
NearLaserCombat,1565,2.27080,2.26400,2.26950,0.64819,,,,1,0,0,0,0,0
NearLaserCombat,1566,2.33580,2.25600,2.33490,0.64614,,,,1,0,0,0,0,0
NearLaserCombat,1567,2.31220,5.85780,2.31080,0.66253,,,,1,0,0,0,0,0
NearLaserCombat,1568,2.30770,2.27040,2.30670,0.62771,,,,1,0,0,0,0,0
NearLaserCombat,1569,2.29860,2.33630,2.29760,0.67994,,,,1,0,0,0,0,0
NearLaserCombat,1570,2.28640,2.31180,2.28550,0.63078,,,,1,0,0,0,0,0
NearLaserCombat,1571,6.01460,2.30770,6.01390,0.67277,,,,1,0,0,0,0,0
NearLaserCombat,1572,2.39140,2.29860,2.38970,0.63488,,,,1,0,0,0,0,0
NearLaserCombat,1573,2.30270,2.28640,2.30140,0.66253,,,,1,0,0,0,0,0
NearLaserCombat,1574,2.28000,6.01520,2.27900,0.65024,,,,1,0,0,0,0,0
NearLaserCombat,1575,2.27360,2.39120,2.27270,0.67277,,,,1,0,0,0,0,0
NearLaserCombat,1576,2.45340,2.30230,2.45250,0.63795,,,,1,0,0,0,0,0
NearLaserCombat,1577,2.27800,2.27990,2.27700,0.66150,,,,1,0,0,0,0,0
NearLaserCombat,1578,6.14320,2.27380,6.14280,0.64000,,,,1,0,0,0,0,0
NearLaserCombat,1579,2.21509,2.45330,2.21270,0.65126,,,,1,0,0,0,0,0
NearLaserCombat,1580,2.21840,2.27790,2.21780,0.63386,,,,1,0,0,0,0,0
NearLaserCombat,1581,2.21310,6.14470,2.21120,0.66867,,,,1,0,0,0,0,0
NearLaserCombat,1582,2.23620,2.21380,2.23530,0.64000,,,,1,0,0,0,0,0
NearLaserCombat,1583,2.32540,2.21920,2.32430,0.64410,,,,1,0,0,0,0,0
NearLaserCombat,1584,2.67130,2.21220,2.67030,0.62771,,,,1,0,0,0,0,0
NearLaserCombat,1585,6.29390,2.23660,6.29230,0.67994,,,,1,0,0,0,0,0
NearLaserCombat,1586,2.62630,2.32530,2.62470,0.64922,,,,1,0,0,0,0,0
NearLaserCombat,1587,2.36940,2.67220,2.36820,0.65434,,,,1,0,0,0,0,0
NearLaserCombat,1588,2.94630,6.29350,2.94540,0.65434,,,,1,0,0,0,0,0
NearLaserCombat,1589,2.42800,2.62560,2.42660,0.66048,,,,1,0,0,0,0,0
NearLaserCombat,1590,2.42160,2.36930,2.42000,0.66560,,,,1,0,0,0,0,0
NearLaserCombat,1591,5.99970,2.94690,5.99880,0.65638,,,,1,0,0,0,0,0
NearLaserCombat,1592,2.33430,2.42800,2.33320,0.63795,,,,1,0,0,0,0,0
NearLaserCombat,1593,2.61380,2.42110,2.61250,0.66458,,,,1,0,0,0,0,0
NearLaserCombat,1594,2.35550,5.99990,2.35440,0.65331,,,,1,0,0,0,0,0
NearLaserCombat,1595,2.31540,2.33420,2.31410,0.66458,,,,1,0,0,0,0,0
NearLaserCombat,1596,2.28560,2.61370,2.28470,0.64819,,,,1,0,0,0,0,0
NearLaserCombat,1597,2.28770,2.35560,2.28600,0.64819,,,,1,0,0,0,0,0
NearLaserCombat,1598,6.05921,2.31520,6.05900,0.63770,,,,1,0,0,0,0,0
NearLaserCombat,1599,2.43570,2.28630,2.43290,0.66355,,,,1,0,0,0,0,0
NearLaserCombat,1600,2.26130,2.28690,2.25990,0.63283,,,,1,0,0,0,0,0
NearLaserCombat,1601,2.30680,6.06130,2.30540,0.65946,,,,1,0,0,0,0,0
NearLaserCombat,1602,2.29590,2.43420,2.29520,0.66560,,,,1,0,0,0,0,0
NearLaserCombat,1603,2.39330,2.26130,2.39150,0.64922,,,,1,0,0,0,0,0
NearLaserCombat,1604,2.22790,2.30650,2.22670,0.63590,,,,1,0,0,0,1,0
NearLaserCombat,1605,6.39000,2.29650,6.38920,0.66867,,,,1,0,0,0,1,0
NearLaserCombat,1606,2.52060,2.39260,2.51890,0.63898,,,,1,0,0,0,1,0
NearLaserCombat,1607,2.66250,2.22770,2.66080,0.64307,,,,1,0,0,0,1,0
NearLaserCombat,1608,2.70310,6.39110,2.70220,0.65229,,,,1,0,0,0,1,0
NearLaserCombat,1609,2.52170,2.52040,2.52070,0.66765,,,,1,0,0,0,1,0
NearLaserCombat,1610,2.94550,2.66180,2.94340,0.64000,,,,1,0,0,0,1,0
NearLaserCombat,1611,6.53340,2.70320,6.53230,0.65946,,,,1,0,0,0,1,0
NearLaserCombat,1612,2.53350,2.52270,2.53170,0.66867,,,,1,0,0,0,1,0
NearLaserCombat,1613,2.53360,2.94490,2.53250,0.66253,,,,1,0,0,0,1,0
NearLaserCombat,1614,2.66830,6.53370,2.66760,0.65536,,,,1,0,0,0,1,0
NearLaserCombat,1615,2.92510,2.53270,2.92340,0.65024,,,,1,0,0,0,1,0
NearLaserCombat,1616,2.42090,2.53340,2.41970,0.62874,,,,1,0,0,0,1,0
NearLaserCombat,1617,5.84800,2.66930,5.84710,0.68096,,,,1,0,0,0,1,0
NearLaserCombat,1618,3.04120,2.92430,3.03950,0.64922,,,,1,0,0,0,1,0
NearLaserCombat,1619,2.64480,2.42070,2.64340,0.65536,,,,1,0,0,0,1,0
NearLaserCombat,1620,2.48510,5.84880,2.48400,0.65741,,,,1,0,0,0,1,0
NearLaserCombat,1621,2.45720,3.04080,2.45610,0.64614,,,,1,0,0,0,1,0
NearLaserCombat,1622,2.62320,2.64450,2.62210,0.65741,,,,1,0,0,0,1,0
NearLaserCombat,1623,2.73520,2.48520,2.73410,0.66150,,,,1,0,0,0,1,0
NearLaserCombat,1624,5.93650,2.45710,5.93620,0.65024,,,,1,0,0,0,1,0
NearLaserCombat,1625,2.52540,2.62320,2.52280,0.66867,,,,1,0,0,0,1,0
NearLaserCombat,1626,2.68080,2.73540,2.67940,0.63488,,,,1,0,0,0,1,0
NearLaserCombat,1627,2.51210,5.93830,2.51080,0.65536,,,,1,0,0,0,1,0
NearLaserCombat,1628,2.59790,2.52390,2.59690,0.64512,,,,1,0,0,0,1,0
NearLaserCombat,1629,2.81840,2.68060,2.81720,0.65741,,,,1,0,0,0,1,0
NearLaserCombat,1630,6.47350,2.51190,6.47210,0.64717,,,,1,0,0,0,1,0
NearLaserCombat,1631,2.85620,2.59800,2.85420,0.65126,,,,1,0,0,0,1,0
NearLaserCombat,1632,2.76840,2.81890,2.76760,0.66867,,,,1,0,0,0,1,0
NearLaserCombat,1633,2.76860,6.47380,2.76730,0.66048,,,,1,0,0,0,1,0
NearLaserCombat,1634,2.57780,2.85520,2.57610,0.68506,,,,1,0,0,0,1,0
NearLaserCombat,1635,2.59460,2.76880,2.59350,0.67277,,,,1,0,0,0,1,0
NearLaserCombat,1636,6.00980,2.76890,6.00900,0.64819,,,,1,0,0,0,1,0
NearLaserCombat,1637,2.63790,2.57720,2.63600,0.67277,,,,1,0,0,0,1,0
NearLaserCombat,1638,2.70270,2.59460,2.70160,0.67072,,,,1,0,0,0,1,0
NearLaserCombat,1639,2.74360,6.01070,2.74230,0.66048,,,,1,0,0,0,1,0
NearLaserCombat,1640,2.60820,2.63710,2.60680,0.65843,,,,1,0,0,0,1,0
NearLaserCombat,1641,2.48180,2.70310,2.48050,0.69120,,,,1,0,0,0,0,0
NearLaserCombat,1642,6.98090,2.74350,6.98020,0.64410,,,,1,0,0,0,0,0
NearLaserCombat,1643,2.54270,2.60810,2.54020,0.64410,,,,1,0,0,0,0,0
NearLaserCombat,1644,2.39440,2.48200,2.39320,0.65229,,,,1,0,0,0,0,0
NearLaserCombat,1645,2.23400,6.98190,2.23270,0.67686,,,,1,0,0,0,0,0
NearLaserCombat,1646,2.27600,2.54140,2.27490,0.65024,,,,1,0,0,0,0,0
NearLaserCombat,1647,2.31950,2.39450,2.31850,0.65024,,,,1,0,0,0,0,0
NearLaserCombat,1648,2.42430,2.23360,2.42280,0.63488,,,,1,0,0,0,0,0
NearLaserCombat,1649,6.50770,2.27630,6.50650,0.69222,,,,1,0,0,0,0,0
NearLaserCombat,1650,2.26890,2.31980,2.26670,0.64717,,,,1,0,0,0,0,0
NearLaserCombat,1651,2.27570,2.42410,2.27450,0.66765,,,,1,0,0,0,0,0
NearLaserCombat,1652,2.24420,6.50860,2.24320,0.65536,,,,1,0,0,0,0,0
NearLaserCombat,1653,2.33130,2.26770,2.32990,0.66970,,,,1,0,0,0,0,0
NearLaserCombat,1654,2.29300,2.27570,2.29200,0.67379,,,,1,0,0,0,0,0
NearLaserCombat,1655,3.02791,2.24440,3.02780,0.67686,,,,1,0,0,0,0,0
NearLaserCombat,1656,7.52790,2.33110,7.52580,0.64512,,,,1,0,0,0,0,0
NearLaserCombat,1657,2.59180,2.29320,2.58950,0.67891,,,,1,0,0,0,0,0
NearLaserCombat,1658,2.64910,3.02960,2.64720,0.67584,,,,1,0,0,0,0,0
NearLaserCombat,1659,2.35680,7.52790,2.35540,0.66560,,,,1,0,0,0,0,0
NearLaserCombat,1660,2.35090,2.59100,2.34960,0.65229,,,,1,0,0,0,0,0
NearLaserCombat,1661,6.00810,2.64860,6.00640,0.67174,,,,1,0,0,0,0,0
NearLaserCombat,1662,2.42330,2.35680,2.42210,0.66355,,,,1,0,0,0,0,0
NearLaserCombat,1663,2.38771,2.35090,2.38680,0.65229,,,,1,0,0,0,0,0
NearLaserCombat,1664,2.31740,6.00760,2.31640,0.64922,,,,1,0,0,0,0,0
NearLaserCombat,1665,2.25450,2.42310,2.25350,0.65741,,,,1,0,0,0,0,0
NearLaserCombat,1666,2.36901,2.38790,2.36810,0.68096,,,,1,0,0,0,0,0
NearLaserCombat,1667,2.22010,2.31720,2.21890,0.66662,,,,1,0,0,0,2,0
NearLaserCombat,1668,6.63530,2.25450,6.63440,0.65126,,,,1,0,0,0,2,0
NearLaserCombat,1669,2.67910,2.36920,2.67720,0.66970,,,,1,0,0,0,2,0
NearLaserCombat,1670,2.68540,2.21990,2.68420,0.67379,,,,1,0,0,0,2,0
NearLaserCombat,1671,3.07760,6.63620,3.07670,0.70554,,,,1,0,0,0,2,0
NearLaserCombat,1672,3.14540,2.67830,3.14460,0.68506,,,,1,0,0,0,2,0
NearLaserCombat,1673,2.95270,2.68530,2.95080,0.68710,,,,1,0,0,0,2,0
NearLaserCombat,1674,6.21579,3.07780,6.21550,0.69325,,,,1,0,0,0,2,0
NearLaserCombat,1675,2.50450,3.14620,2.50230,0.68096,,,,1,0,0,0,2,0
NearLaserCombat,1676,2.53690,2.95190,2.53580,0.66867,,,,1,0,0,0,2,0
NearLaserCombat,1677,2.85620,6.21700,2.85570,0.70963,,,,1,0,0,0,2,0
NearLaserCombat,1678,2.77110,2.50330,2.76940,0.65638,,,,1,0,0,0,2,0
NearLaserCombat,1679,2.67570,2.53690,2.67370,0.66560,,,,1,0,0,0,2,0
NearLaserCombat,1680,6.47450,2.85710,6.48150,0.65434,,,,1,0,0,0,2,0
NearLaserCombat,1681,3.12251,2.77090,3.11330,0.69734,,,,1,0,0,0,2,0
NearLaserCombat,1682,2.90470,2.67500,2.90290,0.66560,,,,1,0,0,0,2,0
NearLaserCombat,1683,3.14080,6.48270,3.13860,0.66253,,,,1,0,0,0,2,0
NearLaserCombat,1684,2.73289,3.11510,2.73180,0.64000,,,,1,0,0,0,2,0
NearLaserCombat,1685,2.57280,2.90500,2.57100,0.65434,,,,1,0,0,0,2,0
NearLaserCombat,1686,6.73430,3.13980,6.73360,0.64410,,,,1,0,0,0,2,0
NearLaserCombat,1687,2.61750,2.73360,2.61470,0.64614,,,,1,0,0,0,2,0
NearLaserCombat,1688,2.65360,2.57210,2.65220,0.65024,,,,1,0,0,0,2,0
NearLaserCombat,1689,2.66400,6.73600,2.66300,0.66253,,,,1,0,0,0,2,0
NearLaserCombat,1690,2.77410,2.61590,2.77280,0.67482,,,,1,0,0,0,2,0
NearLaserCombat,1691,2.75720,2.65320,2.75580,0.65843,,,,1,0,0,0,2,0
NearLaserCombat,1692,6.02590,2.66430,6.02520,0.66560,,,,1,0,0,0,2,0
NearLaserCombat,1693,2.57060,2.77410,2.56900,0.68506,,,,1,0,0,0,2,0
NearLaserCombat,1694,2.55390,2.75680,2.55290,0.68096,,,,1,0,0,0,2,0
NearLaserCombat,1695,3.06180,6.02670,3.06090,0.66458,,,,1,0,0,0,2,0
NearLaserCombat,1696,2.59581,2.57000,2.59430,0.64717,,,,1,0,0,0,2,0
NearLaserCombat,1697,2.63500,2.55380,2.63400,0.68915,,,,1,0,0,0,2,0
NearLaserCombat,1698,5.98920,3.06240,5.98840,0.67174,,,,1,0,0,0,2,0
NearLaserCombat,1699,2.57410,2.59520,2.57200,0.68608,,,,1,0,0,0,2,0
NearLaserCombat,1700,2.89790,2.63510,2.89710,0.65946,,,,1,0,0,0,2,0
NearLaserCombat,1701,2.60490,5.99030,2.60290,0.69018,,,,1,0,0,0,2,0
NearLaserCombat,1702,3.01420,2.57280,3.01310,0.66355,,,,1,0,0,0,2,0
NearLaserCombat,1703,2.56060,2.89930,2.55920,0.67584,,,,1,0,0,0,0,0
NearLaserCombat,1704,6.16010,2.60400,6.15900,0.65946,,,,1,0,0,0,0,0
NearLaserCombat,1705,2.36950,3.01430,2.36720,0.67277,,,,1,0,0,0,0,0
NearLaserCombat,1706,2.39730,2.56050,2.39620,0.67686,,,,1,0,0,0,0,0
NearLaserCombat,1707,2.28850,6.16100,2.28730,0.65638,,,,1,0,0,0,0,0
NearLaserCombat,1708,2.60540,2.36810,2.60430,0.64410,,,,1,0,0,0,0,0
NearLaserCombat,1709,2.33380,2.39770,2.33270,0.64410,,,,1,0,0,0,0,0
NearLaserCombat,1710,2.48580,2.28820,2.48530,0.65229,,,,1,0,0,0,0,0
NearLaserCombat,1711,6.46600,2.60550,6.46430,0.65229,,,,1,0,0,0,0,0
NearLaserCombat,1712,2.36520,2.33370,2.36380,0.64819,,,,1,0,0,0,0,0
NearLaserCombat,1713,2.28070,2.48690,2.27900,0.67584,,,,1,0,0,0,0,0
NearLaserCombat,1714,2.28210,6.46610,2.28080,0.68915,,,,1,0,0,0,0,0
NearLaserCombat,1715,2.64910,2.36510,2.64810,0.66355,,,,1,0,0,0,0,0
NearLaserCombat,1716,2.64380,2.28000,2.64220,0.64102,,,,1,0,0,0,0,0
NearLaserCombat,1717,6.16050,2.28180,6.15990,0.68710,,,,1,0,0,0,0,0
NearLaserCombat,1718,2.72660,2.64960,2.72480,0.65331,,,,1,0,0,0,0,0
NearLaserCombat,1719,2.56200,2.64330,2.56070,0.68608,,,,1,0,0,0,0,0
NearLaserCombat,1720,3.28681,6.16170,3.28540,0.65126,,,,1,0,0,0,0,0
NearLaserCombat,1721,2.73209,2.72580,2.73030,0.64819,,,,1,0,0,0,0,0
NearLaserCombat,1722,2.65680,2.56210,2.65530,0.68198,,,,1,0,0,0,0,0
NearLaserCombat,1723,6.20840,3.28700,6.20760,0.65741,,,,1,0,0,0,0,0
NearLaserCombat,1724,2.82219,2.73180,2.82010,0.65741,,,,1,0,0,0,0,0
NearLaserCombat,1725,2.45260,2.65630,2.45080,0.66765,,,,1,0,0,0,0,0
NearLaserCombat,1726,2.50390,6.20960,2.50270,0.65434,,,,1,0,0,0,0,0
NearLaserCombat,1727,2.36370,2.82220,2.36250,0.65434,,,,1,0,0,0,0,0
NearLaserCombat,1728,2.43350,2.45170,2.43240,0.66355,,,,1,0,0,0,0,0
NearLaserCombat,1729,2.33780,2.50390,2.33660,0.66458,,,,1,0,0,0,0,0
NearLaserCombat,1730,6.10760,2.36360,6.10690,0.67891,,,,1,0,0,0,0,0
NearLaserCombat,1731,2.40821,2.43340,2.40650,0.65946,,,,1,0,0,0,0,0
NearLaserCombat,1732,2.30040,2.33760,2.29850,0.64000,,,,1,0,0,0,0,0
NearLaserCombat,1733,2.34270,6.10860,2.34130,0.68096,,,,1,0,0,0,0,0
NearLaserCombat,1734,2.35470,2.40820,2.35370,0.64614,,,,1,0,0,0,0,0
NearLaserCombat,1735,2.43110,2.29990,2.43010,0.66765,,,,1,0,0,0,0,0
NearLaserCombat,1736,2.27470,2.34240,2.27360,0.64205,,,,1,0,0,0,0,0
NearLaserCombat,1737,5.76760,2.35460,5.76670,0.66970,,,,1,0,0,0,0,0
NearLaserCombat,1738,2.32630,2.43120,2.32510,0.68301,,,,1,0,0,0,0,0
NearLaserCombat,1739,2.26700,2.27460,2.26620,0.66662,,,,1,0,0,0,0,0
NearLaserCombat,1740,2.30380,5.76810,2.30300,0.64614,,,,1,0,0,0,0,0
NearLaserCombat,1741,2.25410,2.32570,2.25280,0.67994,,,,1,0,0,0,0,0
NearLaserCombat,1742,2.29130,2.26700,2.29000,0.65843,,,,1,0,0,0,0,0
NearLaserCombat,1743,2.32500,2.30430,2.32390,0.65638,,,,1,0,0,0,0,0
NearLaserCombat,1744,6.07740,2.25410,6.07640,0.64819,,,,1,0,0,0,0,0
NearLaserCombat,1745,2.20020,2.29100,2.19890,0.69734,,,,1,0,0,0,0,0
NearLaserCombat,1746,2.36900,2.32500,2.36800,0.65126,,,,1,0,0,0,0,0
NearLaserCombat,1747,2.33070,6.07760,2.32970,0.66355,,,,1,0,0,0,0,0
NearLaserCombat,1748,2.48340,2.19990,2.48210,0.64614,,,,1,0,0,0,0,0
NearLaserCombat,1749,2.31650,2.36900,2.31570,0.67584,,,,1,0,0,0,0,0
NearLaserCombat,1750,2.21910,2.33080,2.21800,0.65126,,,,1,0,0,0,0,0
NearLaserCombat,1751,5.96080,2.48310,5.95990,0.66355,,,,1,0,0,0,0,0
NearLaserCombat,1752,2.34260,2.31670,2.34040,0.65638,,,,1,0,0,0,0,0
NearLaserCombat,1753,2.26300,2.21920,2.26200,0.66867,,,,1,0,0,0,0,0
NearLaserCombat,1754,2.25250,5.96180,2.25160,0.62771,,,,1,0,0,0,0,0
NearLaserCombat,1755,2.26230,2.34140,2.26110,0.65024,,,,1,0,0,0,0,0
NearLaserCombat,1756,2.27860,2.26310,2.27720,0.61542,,,,1,0,0,0,0,0
NearLaserCombat,1757,2.71150,2.25270,2.71020,0.63386,,,,1,0,0,0,0,0
NearLaserCombat,1758,6.09799,2.26240,6.09740,0.62976,,,,1,0,0,0,0,0
NearLaserCombat,1759,2.69860,2.27840,2.69640,0.63078,,,,1,0,0,0,0,0
NearLaserCombat,1760,2.42830,2.71140,2.42670,0.62669,,,,1,0,0,0,0,0
NearLaserCombat,1761,2.54640,6.09950,2.54530,0.71475,,,,1,0,0,0,0,0
NearLaserCombat,1762,2.71780,2.69760,2.71680,0.63590,,,,1,0,0,0,0,0
NearLaserCombat,1763,2.77431,2.42790,2.77320,0.65741,,,,1,0,0,0,0,0
NearLaserCombat,1764,6.35240,2.54630,6.35070,0.64717,,,,1,0,0,0,0,0
NearLaserCombat,1765,2.36560,2.71830,2.36480,0.68608,,,,1,0,0,0,0,0
NearLaserCombat,1766,2.27600,2.77460,2.27450,0.66048,,,,1,0,0,0,0,0
NearLaserCombat,1767,2.46900,6.35190,2.46800,0.67072,,,,1,0,0,0,0,0
NearLaserCombat,1768,2.24530,2.36590,2.24400,0.67686,,,,1,0,0,0,0,0
NearLaserCombat,1769,2.33480,2.27550,2.33410,0.68915,,,,1,0,0,0,0,0
NearLaserCombat,1770,2.31040,2.46910,2.30880,0.64102,,,,1,0,0,0,2,0
NearLaserCombat,1771,6.74500,2.24500,6.74410,0.67686,,,,1,0,0,0,2,0
NearLaserCombat,1772,2.67970,2.33540,2.67810,0.64410,,,,1,0,0,0,2,0
NearLaserCombat,1773,2.44770,2.30980,2.44660,0.68813,,,,1,0,0,0,2,0
NearLaserCombat,1774,2.46180,6.74570,2.46070,0.65946,,,,1,0,0,0,2,0
NearLaserCombat,1775,2.78560,2.67920,2.78460,0.66867,,,,1,0,0,0,2,0
NearLaserCombat,1776,2.43840,2.44770,2.43710,0.62874,,,,1,0,0,0,2,0
NearLaserCombat,1777,6.63180,2.46170,6.63200,0.72192,,,,1,0,0,0,2,0
NearLaserCombat,1778,2.67620,2.78610,2.67150,0.63693,,,,1,0,0,0,2,0
NearLaserCombat,1779,2.67830,2.43830,2.67710,0.65434,,,,1,0,0,0,2,0
NearLaserCombat,1780,2.66280,6.63510,2.66200,0.64614,,,,1,0,0,0,2,0
NearLaserCombat,1781,2.57960,2.67260,2.57820,0.70144,,,,1,0,0,0,2,0
NearLaserCombat,1782,3.55860,2.67840,3.55720,0.66048,,,,1,0,0,0,2,0
NearLaserCombat,1783,6.05790,2.66310,6.05620,0.65843,,,,1,0,0,0,2,0
NearLaserCombat,1784,2.53710,2.57960,2.53560,0.64512,,,,1,0,0,0,2,0
NearLaserCombat,1785,2.75760,3.55880,2.75670,0.67174,,,,1,0,0,0,2,0
NearLaserCombat,1786,3.17220,6.05760,3.17080,0.65843,,,,1,0,0,0,2,0
NearLaserCombat,1787,3.12680,2.53660,3.12550,0.66048,,,,1,0,0,0,2,0
NearLaserCombat,1788,2.45291,2.75800,2.45190,0.64205,,,,1,0,0,0,2,0
NearLaserCombat,1789,6.18330,3.17210,6.18250,0.67584,,,,1,0,0,0,2,0
NearLaserCombat,1790,2.45950,3.12650,2.45800,0.64717,,,,1,0,0,0,2,0
NearLaserCombat,1791,2.86510,2.45290,2.86420,0.66458,,,,1,0,0,0,2,0
NearLaserCombat,1792,2.48280,6.18390,2.48160,0.63898,,,,1,0,0,0,2,0
NearLaserCombat,1793,2.58090,2.45880,2.57990,0.68813,,,,1,0,0,0,2,0
NearLaserCombat,1794,2.50180,2.86550,2.50060,0.66150,,,,1,0,0,0,2,0
NearLaserCombat,1795,5.61690,2.48260,5.61590,0.65536,,,,1,0,0,0,2,0
NearLaserCombat,1796,2.68440,2.58110,2.68270,0.67482,,,,1,0,0,0,2,0
NearLaserCombat,1797,2.55410,2.50180,2.55310,0.69018,,,,1,0,0,0,2,0
NearLaserCombat,1798,2.61690,5.61740,2.61600,0.66355,,,,1,0,0,0,2,0
NearLaserCombat,1799,3.55520,2.68370,3.55440,0.65946,,,,1,0,0,0,2,0
NearLaserCombat,1800,2.58410,2.55410,2.58240,0.64922,,,,1,0,0,0,2,0
NearLaserCombat,1801,6.14900,2.61680,6.14840,0.71578,,,,1,0,0,0,2,0
NearLaserCombat,1802,2.89130,3.55600,2.88940,0.65741,,,,1,0,0,0,2,0
NearLaserCombat,1803,3.01020,2.58310,3.00920,0.66560,,,,1,0,0,0,2,0
NearLaserCombat,1804,2.77050,6.15030,2.76960,0.64922,,,,1,0,0,0,2,0
NearLaserCombat,1805,3.00890,2.89030,3.00810,0.69939,,,,1,0,0,0,2,0
NearLaserCombat,1806,3.15230,3.01020,3.15150,0.64922,,,,1,0,0,0,0,0
NearLaserCombat,1807,5.94030,2.77040,5.93900,0.65741,,,,1,0,0,0,0,0
NearLaserCombat,1808,2.25280,3.00900,2.25150,0.68915,,,,1,0,0,0,0,0
NearLaserCombat,1809,2.22820,3.15250,2.22720,0.69530,,,,1,0,0,0,0,0
NearLaserCombat,1810,2.48940,5.94030,2.48850,0.65638,,,,1,0,0,0,0,0
NearLaserCombat,1811,2.34060,2.25250,2.33880,0.65434,,,,1,0,0,0,0,0
NearLaserCombat,1812,2.32740,2.22830,2.32650,0.65331,,,,1,0,0,0,0,0
NearLaserCombat,1813,2.21600,2.49010,2.21440,0.69427,,,,1,0,0,0,0,0
NearLaserCombat,1814,6.24200,2.34000,6.24090,0.65024,,,,1,0,0,0,0,0
NearLaserCombat,1815,2.47280,2.32790,2.47170,0.67994,,,,1,0,0,0,0,0
NearLaserCombat,1816,2.44910,2.21540,2.44760,0.64307,,,,1,0,0,0,0,0
NearLaserCombat,1817,2.29401,6.24220,2.29300,0.68506,,,,1,0,0,0,0,0
NearLaserCombat,1818,2.29220,2.47310,2.29110,0.63898,,,,1,0,0,0,0,0
NearLaserCombat,1819,2.25260,2.44850,2.25170,0.65126,,,,1,0,0,0,0,0
NearLaserCombat,1820,2.25190,2.29400,2.25080,0.66765,,,,1,0,0,0,0,0
NearLaserCombat,1821,6.52730,2.29220,6.52700,0.69222,,,,1,0,0,0,0,0
NearLaserCombat,1822,2.37690,2.25260,2.37410,0.64410,,,,1,0,0,0,0,0
NearLaserCombat,1823,2.24420,2.25190,2.24320,0.68198,,,,1,0,0,0,0,0
NearLaserCombat,1824,2.28030,6.52930,2.27840,0.65024,,,,1,0,0,0,0,0
NearLaserCombat,1825,2.30310,2.37500,2.30210,0.69632,,,,1,0,0,0,0,0
NearLaserCombat,1826,2.66390,2.24500,2.66280,0.65229,,,,1,0,0,0,0,0
NearLaserCombat,1827,2.41620,2.27960,2.41500,0.65946,,,,1,0,0,0,0,0
NearLaserCombat,1828,6.07110,2.30310,6.07000,0.65126,,,,1,0,0,0,0,0
NearLaserCombat,1829,2.30500,2.66410,2.30350,0.71885,,,,1,0,0,0,0,0
NearLaserCombat,1830,2.23340,2.41590,2.23240,0.65024,,,,1,0,0,0,0,0
NearLaserCombat,1831,2.46240,6.07160,2.46150,0.65536,,,,1,0,0,0,0,0
NearLaserCombat,1832,2.44490,2.30440,2.44370,0.65229,,,,1,0,0,0,0,0
NearLaserCombat,1833,2.33510,2.23340,2.33400,0.69018,,,,1,0,0,0,0,0
NearLaserCombat,1834,2.22560,2.46280,2.22440,0.63795,,,,1,0,0,0,0,0
NearLaserCombat,1835,5.82870,2.44480,5.82800,0.65638,,,,1,0,0,0,0,0
NearLaserCombat,1836,2.15080,2.33500,2.14900,0.64000,,,,1,0,0,0,0,0
NearLaserCombat,1837,2.23700,2.22540,2.23540,0.70144,,,,1,0,0,0,0,0
NearLaserCombat,1838,2.20470,5.82970,2.20340,0.64512,,,,1,0,0,0,0,0
NearLaserCombat,1839,2.17680,2.15050,2.17590,0.65741,,,,1,0,0,0,0,0
NearLaserCombat,1840,2.19930,2.23670,2.19830,0.63693,,,,1,0,0,0,0,0
NearLaserCombat,1841,2.18890,2.20430,2.18780,0.69427,,,,1,0,0,0,0,0
NearLaserCombat,1842,5.70500,2.17700,5.70360,0.65331,,,,1,0,0,0,0,0
NearLaserCombat,1843,2.39450,2.19960,2.39300,0.65946,,,,1,0,0,0,0,0
NearLaserCombat,1844,2.28280,2.18890,2.28180,0.65434,,,,1,0,0,0,0,0
NearLaserCombat,1845,2.24230,5.70500,2.24140,0.68813,,,,1,0,0,0,0,0
NearLaserCombat,1846,2.28820,2.39400,2.28720,0.65638,,,,1,0,0,0,0,0
NearLaserCombat,1847,2.21650,2.28270,2.21550,0.65536,,,,1,0,0,0,0,0
NearLaserCombat,1848,2.34520,2.24230,2.34400,0.64922,,,,1,0,0,0,1,0
NearLaserCombat,1849,7.23600,2.28830,7.23640,0.69222,,,,1,0,0,0,1,0
NearLaserCombat,1850,2.85011,2.21660,2.84570,0.65843,,,,1,0,0,0,1,0
NearLaserCombat,1851,2.53680,2.34520,2.53530,0.66662,,,,1,0,0,0,1,0
NearLaserCombat,1852,2.65740,7.23960,2.65600,0.65741,,,,1,0,0,0,1,0
NearLaserCombat,1853,4.11870,2.84720,4.11740,0.68915,,,,1,0,0,0,1,0
NearLaserCombat,1854,6.64900,2.53670,6.64690,0.66560,,,,1,0,0,0,1,0
NearLaserCombat,1855,2.69450,2.65730,2.69340,0.65229,,,,1,0,0,0,1,0
NearLaserCombat,1856,2.49300,4.11930,2.49170,0.65843,,,,1,0,0,0,1,0
NearLaserCombat,1857,2.56720,6.64840,2.56610,0.70246,,,,1,0,0,0,1,0
NearLaserCombat,1858,2.61870,2.69450,2.61740,0.64512,,,,1,0,0,0,1,0
NearLaserCombat,1859,2.47480,2.49270,2.47400,0.66458,,,,1,0,0,0,1,0
NearLaserCombat,1860,2.63090,2.56720,2.62940,0.65229,,,,1,0,0,0,1,0
NearLaserCombat,1861,6.36670,2.61850,6.36560,0.70042,,,,1,0,0,0,1,0
NearLaserCombat,1862,3.00400,2.47530,3.00230,0.65741,,,,1,0,0,0,1,0
NearLaserCombat,1863,2.69310,2.63060,2.69230,0.65843,,,,1,0,0,0,1,0
NearLaserCombat,1864,2.70830,6.36730,2.70700,0.67789,,,,1,0,0,0,1,0
NearLaserCombat,1865,2.55030,3.00340,2.54910,0.70758,,,,1,0,0,0,1,0
NearLaserCombat,1866,3.84020,2.69330,3.83910,0.65843,,,,1,0,0,0,1,0
NearLaserCombat,1867,6.75990,2.70830,6.75930,0.65741,,,,1,0,0,0,1,0
NearLaserCombat,1868,2.48090,2.54990,2.47830,0.66355,,,,1,0,0,0,1,0
NearLaserCombat,1869,2.52580,3.84040,2.52480,0.70554,,,,1,0,0,0,1,0
NearLaserCombat,1870,2.54580,6.76120,2.54480,0.69325,,,,1,0,0,0,1,0
NearLaserCombat,1871,2.83300,2.47950,2.83190,0.65434,,,,1,0,0,0,1,0
NearLaserCombat,1872,6.00760,2.52580,6.00660,0.65331,,,,1,0,0,0,1,0
NearLaserCombat,1873,2.58550,2.54600,2.58410,0.69222,,,,1,0,0,0,1,0
NearLaserCombat,1874,2.64810,2.83330,2.64700,0.65741,,,,1,0,0,0,1,0
NearLaserCombat,1875,2.69520,6.00760,2.69430,0.66867,,,,1,0,0,0,1,0
NearLaserCombat,1876,3.01400,2.58490,3.01310,0.64614,,,,1,0,0,0,1,0
NearLaserCombat,1877,2.70940,2.64820,2.70770,0.70861,,,,1,0,0,0,1,0
NearLaserCombat,1878,5.62860,2.69560,5.62740,0.65434,,,,1,0,0,0,1,0
NearLaserCombat,1879,2.49640,3.01440,2.49530,0.66867,,,,1,0,0,0,1,0
NearLaserCombat,1880,2.68360,2.70880,2.68280,0.66150,,,,1,0,0,0,1,0
NearLaserCombat,1881,2.83260,5.62860,2.83050,0.68813,,,,1,0,0,0,1,0
NearLaserCombat,1882,2.96370,2.49660,2.96240,0.65638,,,,1,0,0,0,1,0
NearLaserCombat,1883,2.49800,2.68420,2.49640,0.64307,,,,1,0,0,0,1,0
NearLaserCombat,1884,2.37530,2.83170,2.37440,0.64102,,,,1,0,0,0,0,0
NearLaserCombat,1885,5.96320,2.96390,5.96230,0.70758,,,,1,0,0,0,0,0
NearLaserCombat,1886,2.26720,2.49750,2.26570,0.66970,,,,1,0,0,0,0,0
NearLaserCombat,1887,2.21200,2.37530,2.21050,0.70144,,,,1,0,0,0,0,0
NearLaserCombat,1888,2.24610,5.96400,2.24520,0.66355,,,,1,0,0,0,0,0
NearLaserCombat,1889,2.26330,2.26700,2.26230,0.67789,,,,1,0,0,0,0,0
NearLaserCombat,1890,2.26610,2.21150,2.26460,0.68403,,,,1,0,0,0,0,0
NearLaserCombat,1891,2.28880,2.24610,2.28790,0.66560,,,,1,0,0,0,0,0
NearLaserCombat,1892,6.37800,2.26370,6.37730,0.65843,,,,1,0,0,0,0,0
NearLaserCombat,1893,2.29990,2.26560,2.29810,0.68403,,,,1,0,0,0,0,0
NearLaserCombat,1894,2.36480,2.28880,2.36380,0.65331,,,,1,0,0,0,0,0
NearLaserCombat,1895,2.26730,6.37900,2.26630,0.64205,,,,1,0,0,0,0,0
NearLaserCombat,1896,2.25030,2.29900,2.24930,0.63488,,,,1,0,0,0,0,0
NearLaserCombat,1897,2.57710,2.36470,2.57610,0.64717,,,,1,0,0,0,0,0
NearLaserCombat,1898,2.45740,2.26750,2.45540,0.66458,,,,1,0,0,0,0,0
NearLaserCombat,1899,5.75850,2.25050,5.75810,0.67072,,,,1,0,0,0,0,0
NearLaserCombat,1900,2.35230,2.57810,2.35010,0.67584,,,,1,0,0,0,0,0
NearLaserCombat,1901,2.31140,2.45620,2.31050,0.67789,,,,1,0,0,0,0,0
NearLaserCombat,1902,2.29910,5.75960,2.29760,0.65946,,,,1,0,0,0,0,0
NearLaserCombat,1903,2.26759,2.35120,2.26680,0.67482,,,,1,0,0,0,0,0
NearLaserCombat,1904,2.45570,2.31190,2.45460,0.66662,,,,1,0,0,0,0,0
NearLaserCombat,1905,2.27540,2.29860,2.27430,0.68096,,,,1,0,0,0,0,0
NearLaserCombat,1906,6.00850,2.26770,6.00780,0.68403,,,,1,0,0,0,0,0
NearLaserCombat,1907,2.48530,2.45540,2.48380,0.67584,,,,1,0,0,0,0,0
NearLaserCombat,1908,2.24190,2.27530,2.24020,0.66253,,,,1,0,0,0,0,0
NearLaserCombat,1909,2.29920,6.00930,2.29830,0.65946,,,,1,0,0,0,0,0
NearLaserCombat,1910,2.38620,2.48530,2.38510,0.67584,,,,1,0,0,0,0,0
NearLaserCombat,1911,2.28700,2.24120,2.28620,0.67379,,,,1,0,0,0,0,0
NearLaserCombat,1912,2.23900,2.29930,2.23800,0.66765,,,,1,0,0,0,0,0
NearLaserCombat,1913,6.10820,2.38600,6.10780,0.67072,,,,1,0,0,0,0,0
NearLaserCombat,1914,2.34170,2.28720,2.33950,0.66765,,,,1,0,0,0,0,0
NearLaserCombat,1915,2.24220,2.23890,2.24050,0.68710,,,,1,0,0,0,0,0
NearLaserCombat,1916,2.23240,6.11000,2.23110,0.68710,,,,1,0,0,0,0,0
NearLaserCombat,1917,2.21140,2.34080,2.21020,0.66662,,,,1,0,0,0,0,0
NearLaserCombat,1918,2.23280,2.24190,2.23170,0.65741,,,,1,0,0,0,0,0
NearLaserCombat,1919,2.27190,2.23220,2.27100,0.67277,,,,1,0,0,0,0,0
NearLaserCombat,1920,5.96340,2.21130,5.96230,0.66867,,,,1,0,0,0,0,0
NearLaserCombat,1921,2.18320,2.23250,2.18220,0.68915,,,,1,0,0,0,0,0
NearLaserCombat,1922,2.30940,2.27210,2.30810,0.65331,,,,1,0,0,0,0,0
NearLaserCombat,1923,2.18850,5.96350,2.18760,0.67789,,,,1,0,0,0,0,0
NearLaserCombat,1924,2.31730,2.18330,2.31630,0.64410,,,,1,0,0,0,0,0
NearLaserCombat,1925,2.29580,2.30910,2.29470,0.69018,,,,1,0,0,0,0,0
NearLaserCombat,1926,2.29980,2.18850,2.29840,0.67994,,,,1,0,0,0,0,0
NearLaserCombat,1927,6.05090,2.31740,6.05000,0.66970,,,,1,0,0,0,0,0
NearLaserCombat,1928,2.25120,2.29600,2.25040,0.65536,,,,1,0,0,0,0,0
NearLaserCombat,1929,2.34870,2.29950,2.34730,0.67584,,,,1,0,0,0,0,0
NearLaserCombat,1930,2.30740,6.05120,2.30600,0.65536,,,,1,0,0,0,0,0
NearLaserCombat,1931,2.26950,2.25150,2.26860,0.67686,,,,1,0,0,0,0,0
NearLaserCombat,1932,2.38289,2.34860,2.38170,0.66560,,,,1,0,0,0,0,0
NearLaserCombat,1933,2.24910,2.30680,2.24820,0.70042,,,,1,0,0,0,0,0
NearLaserCombat,1934,5.83231,2.26970,5.83180,0.66560,,,,1,0,0,0,0,0
NearLaserCombat,1935,2.41280,2.38260,2.41050,0.67789,,,,1,0,0,0,0,0
NearLaserCombat,1936,2.27090,2.24910,2.26860,0.65946,,,,1,0,0,0,0,0
NearLaserCombat,1937,2.35920,5.83420,2.35830,0.67891,,,,1,0,0,0,0,0
NearLaserCombat,1938,2.28510,2.41230,2.28430,0.67072,,,,1,0,0,0,0,0
NearLaserCombat,1939,2.23620,2.26960,2.23530,0.68301,,,,1,0,0,0,0,0
NearLaserCombat,1940,2.28320,2.35930,2.28160,0.66560,,,,1,0,0,0,3,0
NearLaserCombat,1941,6.50260,2.28540,6.50180,0.66662,,,,1,0,0,0,3,0
NearLaserCombat,1942,2.66890,2.23650,2.66720,0.69018,,,,1,0,0,0,3,0
NearLaserCombat,1943,2.84090,2.28290,2.83950,0.67277,,,,1,0,0,0,3,0
NearLaserCombat,1944,2.43620,6.50310,2.43470,0.68506,,,,1,0,0,0,3,0
NearLaserCombat,1945,2.71360,2.66850,2.71240,0.68608,,,,1,0,0,0,3,0
NearLaserCombat,1946,3.43350,2.84100,3.43250,0.67482,,,,1,0,0,0,3,0
NearLaserCombat,1947,5.86120,2.43570,5.85970,0.69018,,,,1,0,0,0,3,0
NearLaserCombat,1948,2.99280,2.71370,2.99170,0.65024,,,,1,0,0,0,3,0
NearLaserCombat,1949,2.64460,3.43390,2.64330,0.68198,,,,1,0,0,0,3,0
NearLaserCombat,1950,2.56030,5.86090,2.55950,0.66970,,,,1,0,0,0,3,0
NearLaserCombat,1951,2.53650,2.99300,2.53510,0.67277,,,,1,0,0,0,3,0
NearLaserCombat,1952,3.10440,2.64420,3.10310,0.65434,,,,1,0,0,0,4,0
NearLaserCombat,1953,5.87350,2.56090,5.87260,0.68096,,,,1,0,0,0,4,0
NearLaserCombat,1954,2.54700,2.53620,2.54590,0.66150,,,,1,0,0,0,4,0
NearLaserCombat,1955,3.19370,3.10410,3.19320,0.66253,,,,1,0,0,0,4,0
NearLaserCombat,1956,2.59420,5.87370,2.59050,0.66253,,,,1,0,0,0,4,0
NearLaserCombat,1957,2.44750,2.54760,2.44620,0.69120,,,,1,0,0,0,4,0
NearLaserCombat,1958,2.62850,3.19580,2.62750,0.67482,,,,1,0,0,0,4,0
NearLaserCombat,1959,2.52450,2.59160,2.52390,0.69530,,,,1,0,0,0,4,0
NearLaserCombat,1960,6.22220,2.44720,6.22130,0.67174,,,,1,0,0,0,4,0
NearLaserCombat,1961,2.79570,2.62840,2.79370,0.68915,,,,1,0,0,0,4,0
NearLaserCombat,1962,2.63909,2.52500,2.63820,0.67482,,,,1,0,0,0,4,0
NearLaserCombat,1963,2.49670,6.22310,2.49540,0.67891,,,,1,0,0,0,4,0
NearLaserCombat,1964,2.60510,2.79450,2.60410,0.66048,,,,1,0,0,0,4,0
NearLaserCombat,1965,2.69989,2.63930,2.69810,0.67482,,,,1,0,0,0,4,0
NearLaserCombat,1966,6.27770,2.49650,6.27660,0.66150,,,,1,0,0,0,4,0
NearLaserCombat,1967,2.57360,2.60590,2.57230,0.69325,,,,1,0,0,0,4,0
NearLaserCombat,1968,2.55830,2.69900,2.55720,0.66253,,,,1,0,0,0,4,0
NearLaserCombat,1969,2.48380,6.27790,2.48280,0.68198,,,,1,0,0,0,4,0
NearLaserCombat,1970,3.10520,2.57350,3.10390,0.68301,,,,1,0,0,0,4,0
NearLaserCombat,1971,2.77640,2.55820,2.77540,0.68608,,,,1,0,0,0,4,0
NearLaserCombat,1972,5.88990,2.48420,5.88890,0.67482,,,,1,0,0,0,4,0
NearLaserCombat,1973,2.55280,3.10500,2.55180,0.67789,,,,1,0,0,0,4,0
NearLaserCombat,1974,2.68250,2.77630,2.68140,0.66765,,,,1,0,0,0,4,0
NearLaserCombat,1975,2.56450,5.88990,2.56300,0.67994,,,,1,0,0,0,4,0
NearLaserCombat,1976,2.99990,2.55290,2.99850,0.66355,,,,1,0,0,0,4,0
NearLaserCombat,1977,2.55270,2.68290,2.55110,0.67072,,,,1,0,0,0,1,0
NearLaserCombat,1978,5.90140,2.56450,5.90060,0.67584,,,,1,0,0,0,1,0
NearLaserCombat,1979,2.75950,3.00000,2.75810,0.66765,,,,1,0,0,0,1,0
NearLaserCombat,1980,3.27150,2.55210,3.27110,0.67174,,,,1,0,0,0,1,0
NearLaserCombat,1981,2.69390,5.90170,2.69220,0.68813,,,,1,0,0,0,1,0
NearLaserCombat,1982,2.71020,2.75900,2.70910,0.67072,,,,1,0,0,0,1,0
NearLaserCombat,1983,2.88780,3.27230,2.88700,0.68608,,,,1,0,0,0,1,0
NearLaserCombat,1984,7.48870,2.69320,7.48990,0.66662,,,,1,0,0,0,1,0
NearLaserCombat,1985,4.35170,2.71020,4.34490,0.67482,,,,1,0,0,0,1,0
NearLaserCombat,1986,2.96220,2.88840,2.95990,0.67994,,,,1,0,0,0,1,0
NearLaserCombat,1987,3.83180,7.49480,3.83110,0.69120,,,,1,0,0,0,1,0
NearLaserCombat,1988,3.05240,4.34660,3.04970,0.68608,,,,1,0,0,0,0,0
NearLaserCombat,1989,6.54140,2.96120,6.54020,0.68710,,,,1,0,0,0,0,0
NearLaserCombat,1990,2.50050,3.83310,2.49860,0.67789,,,,1,0,0,0,0,0
NearLaserCombat,1991,2.55050,3.05140,2.54910,0.68301,,,,1,0,0,0,0,0
NearLaserCombat,1992,2.43740,6.54150,2.43580,0.66253,,,,1,0,0,0,0,0
NearLaserCombat,1993,2.35959,2.50000,2.35850,0.66560,,,,1,0,0,0,0,0
NearLaserCombat,1994,2.31190,2.55050,2.31090,0.68915,,,,1,0,0,0,0,0
NearLaserCombat,1995,6.02070,2.43700,6.02000,0.67482,,,,1,0,0,0,0,0
NearLaserCombat,1996,2.23650,2.35980,2.23440,0.68096,,,,1,0,0,0,0,0
NearLaserCombat,1997,2.28580,2.31180,2.28470,0.67789,,,,1,0,0,0,0,0
NearLaserCombat,1998,2.21100,6.02170,2.21010,0.65741,,,,1,0,0,0,0,0
NearLaserCombat,1999,2.21600,2.23540,2.21530,0.67174,,,,1,0,0,0,0,0
NearLaserCombat,2000,2.15150,2.28560,2.15020,0.66662,,,,1,0,0,0,0,0
NearLaserCombat,2001,2.19140,2.21110,2.19000,0.68096,,,,1,0,0,0,0,0
NearLaserCombat,2002,7.81050,2.21640,7.81000,0.67277,,,,1,0,0,0,0,0
NearLaserCombat,2003,2.66650,2.15160,2.66270,0.66355,,,,1,0,0,0,0,0
NearLaserCombat,2004,2.40100,2.19110,2.39990,0.65741,,,,1,0,0,0,0,0
NearLaserCombat,2005,2.27251,7.81330,2.27140,0.68506,,,,1,0,0,0,0,0
NearLaserCombat,2006,2.46340,2.66370,2.47000,0.65843,,,,1,0,0,0,0,0
NearLaserCombat,2007,2.50590,2.40090,2.49670,0.66150,,,,1,0,0,0,0,0
ConcentratedDelayedExplosions,1,14.83490,1.96070,14.98600,0.62054,,,,1,2000,0,0,0,0
ConcentratedDelayedExplosions,2,5.94780,1.79460,5.78810,0.63590,,,,1,2000,0,0,0,0
ConcentratedDelayedExplosions,3,1.86470,60.33900,1.86170,49.37011,,,,1,2000,0,0,0,0
ConcentratedDelayedExplosions,4,1.97691,14.98850,1.97660,0.61440,,,,1,2000,0,0,0,0
ConcentratedDelayedExplosions,5,1.78960,5.78970,1.78620,0.61542,,,,1,2000,0,0,0,0
ConcentratedDelayedExplosions,6,1.76220,1.86320,1.76040,0.63386,,,,1,2000,0,0,0,0
ConcentratedDelayedExplosions,7,2.05889,1.97890,2.05820,0.62976,,,,1,2000,0,0,0,0
ConcentratedDelayedExplosions,8,6.38750,1.78790,6.38560,0.60518,,,,1,2000,0,0,0,0
ConcentratedDelayedExplosions,9,1.80500,1.76220,1.80270,0.58982,,,,1,2000,0,0,0,0
ConcentratedDelayedExplosions,10,2.08020,2.05950,2.07880,0.60211,,,,1,2000,0,0,0,0
ConcentratedDelayedExplosions,11,1.82320,6.38750,1.82210,0.57754,,,,1,2000,0,0,0,0
ConcentratedDelayedExplosions,12,1.87490,1.80400,1.87350,0.58982,,,,1,2000,0,0,0,0
ConcentratedDelayedExplosions,13,1.72380,2.07990,1.72250,0.61338,,,,1,2000,0,0,0,0
ConcentratedDelayedExplosions,14,3.31390,1.82350,3.31380,0.62771,,,,1,2000,0,0,0,0
ConcentratedDelayedExplosions,15,1.83160,1.87480,1.82870,0.62771,,,,1,2000,0,0,0,0
ConcentratedDelayedExplosions,16,6.02071,1.72400,6.02060,0.60186,,,,1,2000,0,0,0,0
ConcentratedDelayedExplosions,17,2.08720,3.31530,2.08450,0.60621,,,,1,2000,0,0,0,0
ConcentratedDelayedExplosions,18,2.00330,1.82950,2.00180,0.62566,,,,1,2000,0,0,0,0
ConcentratedDelayedExplosions,19,1.83490,6.02290,1.83300,0.58061,,,,1,2000,0,0,0,0
ConcentratedDelayedExplosions,20,1.87780,2.08620,1.87670,0.62234,,,,1,2000,0,0,0,0
ConcentratedDelayedExplosions,21,1.83040,2.00320,1.82970,0.58778,,,,1,2000,0,0,0,0
ConcentratedDelayedExplosions,22,1.64020,1.83410,1.63780,0.62566,,,,1,2000,0,0,0,0
ConcentratedDelayedExplosions,23,1.63460,1.87840,1.63370,0.59904,,,,1,2000,0,0,0,0
ConcentratedDelayedExplosions,24,6.31690,1.83100,6.31640,0.61030,,,,1,2000,0,0,0,0
ConcentratedDelayedExplosions,25,1.79380,1.63870,1.79090,0.59597,,,,1,2000,0,0,0,0
ConcentratedDelayedExplosions,26,1.85740,1.63490,1.85640,0.65126,,,,1,2000,0,0,0,0
ConcentratedDelayedExplosions,27,1.69780,6.31900,1.69710,0.57958,,,,1,2000,0,0,0,0
ConcentratedDelayedExplosions,28,1.76390,1.79170,1.76270,0.63795,,,,1,2000,0,0,0,0
ConcentratedDelayedExplosions,29,2.00240,1.85730,2.00070,0.60518,,,,1,2000,0,0,0,0
ConcentratedDelayedExplosions,30,1.85330,1.69850,1.85240,0.60006,,,,1,2000,0,0,0,0
ConcentratedDelayedExplosions,31,2.26580,1.76420,2.26410,0.58061,,,,1,2000,0,0,0,0
ConcentratedDelayedExplosions,32,1.90590,2.00140,1.90500,0.61440,,,,1,2000,0,0,0,0
ConcentratedDelayedExplosions,33,6.10050,1.85410,6.09960,0.58778,,,,1,2000,0,0,0,0
ConcentratedDelayedExplosions,34,1.64650,2.26510,1.64460,0.60314,,,,1,2000,0,0,0,0
ConcentratedDelayedExplosions,35,1.73549,1.90620,1.73420,0.57344,,,,1,2000,0,0,0,0
ConcentratedDelayedExplosions,36,1.79420,6.10090,1.79290,0.61952,,,,1,2000,0,0,0,0
ConcentratedDelayedExplosions,37,1.73050,1.64610,1.72920,0.59802,,,,1,2000,0,0,0,0
ConcentratedDelayedExplosions,38,1.70870,1.73530,1.70790,0.60826,,,,1,2000,0,0,0,0
ConcentratedDelayedExplosions,39,1.66400,1.79420,1.66250,0.56934,,,,1,2000,0,0,0,0
ConcentratedDelayedExplosions,40,1.75460,1.73010,1.75390,0.61030,,,,1,2000,0,0,0,0
ConcentratedDelayedExplosions,41,1.77620,1.70930,1.77480,0.58470,,,,1,2000,0,0,0,0
ConcentratedDelayedExplosions,42,6.03500,1.66340,6.03810,0.61030,,,,1,2000,0,0,0,0
ConcentratedDelayedExplosions,43,1.86260,1.75510,1.85250,0.56627,,,,1,2000,0,0,0,0
ConcentratedDelayedExplosions,44,2.00050,1.77610,2.00010,0.60826,,,,1,2000,0,0,0,0
ConcentratedDelayedExplosions,45,2.03710,6.04430,2.03500,0.57037,,,,1,2000,0,0,0,0
ConcentratedDelayedExplosions,46,1.89651,1.85340,1.89570,0.61030,,,,1,2000,0,0,0,0
ConcentratedDelayedExplosions,47,9.87569,2.00130,9.87650,0.61952,,,,1,2000,0,0,0,0
ConcentratedDelayedExplosions,48,6.22060,2.03580,6.21720,0.61952,,,,1,2000,0,0,0,0
ConcentratedDelayedExplosions,49,8.48180,1.89710,8.48460,0.62464,,,,1,2000,0,0,0,0
ConcentratedDelayedExplosions,50,2.79810,9.87800,2.78840,0.62157,,,,1,2000,0,0,0,0
ConcentratedDelayedExplosions,51,6.07130,6.22000,6.07050,0.56115,,,,1,2000,0,0,0,0
ConcentratedDelayedExplosions,52,1.81100,8.48880,1.80960,0.63078,,,,1,2000,0,0,0,0
ConcentratedDelayedExplosions,53,1.76520,2.78900,1.76440,0.54886,,,,1,2000,0,0,0,0
ConcentratedDelayedExplosions,54,1.92270,6.07200,1.92200,0.64614,,,,1,2000,0,0,0,0
ConcentratedDelayedExplosions,55,2.04680,1.81060,2.04460,0.55194,,,,1,2000,0,0,0,0
ConcentratedDelayedExplosions,56,2.04970,1.76550,2.04850,0.63693,,,,1,2000,0,0,0,0
ConcentratedDelayedExplosions,57,2.05650,1.92370,2.05570,0.55296,,,,1,2000,0,0,0,0
ConcentratedDelayedExplosions,58,6.00960,2.04570,6.00730,0.60416,,,,1,2000,0,0,0,0
ConcentratedDelayedExplosions,59,2.13830,2.04950,2.13630,0.59904,,,,1,2000,0,0,0,0
ConcentratedDelayedExplosions,60,2.00879,2.05800,2.00760,0.59494,,,,1,2000,0,0,0,0
ConcentratedDelayedExplosions,61,1.89190,6.00910,1.89030,0.55706,,,,1,2000,0,0,0,0
ConcentratedDelayedExplosions,62,1.83010,2.13750,1.82940,0.61542,,,,1,2000,0,0,0,0
ConcentratedDelayedExplosions,63,1.81500,2.00900,1.81380,0.54682,,,,1,2000,0,0,0,0
ConcentratedDelayedExplosions,64,1.85290,1.89130,1.85140,0.57856,,,,1,2000,0,0,0,0
ConcentratedDelayedExplosions,65,1.77970,1.83060,1.77840,0.54477,,,,1,2000,0,0,0,0
ConcentratedDelayedExplosions,66,1.82081,1.81510,1.81970,0.60109,,,,1,2000,0,0,0,0
ConcentratedDelayedExplosions,67,6.48530,1.85250,6.48490,0.52838,,,,1,2000,0,0,0,0
ConcentratedDelayedExplosions,68,1.96470,1.77950,1.96530,0.59494,,,,1,2000,0,0,0,0
ConcentratedDelayedExplosions,69,2.53240,1.82090,2.52700,0.55373,,,,1,2000,0,0,0,0
ConcentratedDelayedExplosions,70,2.22630,6.48770,2.22290,0.61747,,,,1,2000,0,0,0,0
ConcentratedDelayedExplosions,71,1.77920,1.96780,1.77780,0.56320,,,,1,2000,0,0,0,0
ConcentratedDelayedExplosions,72,1.72900,2.52930,1.72720,0.61850,,,,1,2000,0,0,0,0
ConcentratedDelayedExplosions,73,1.72820,2.22420,1.72750,0.56730,,,,1,2000,0,0,0,0
ConcentratedDelayedExplosions,74,1.92380,1.77950,1.92200,0.60928,,,,1,2000,0,0,0,0
ConcentratedDelayedExplosions,75,6.50870,1.72810,6.50780,0.55808,,,,1,2000,0,0,0,0
ConcentratedDelayedExplosions,76,1.87939,1.72910,1.87690,0.60826,,,,1,2000,0,0,0,0
ConcentratedDelayedExplosions,77,1.80440,1.92390,1.80310,0.54989,,,,1,2000,0,0,0,0
ConcentratedDelayedExplosions,78,1.89010,6.50980,1.88980,0.60826,,,,1,2000,0,0,0,0
ConcentratedDelayedExplosions,79,1.84910,1.87810,1.84620,0.55706,,,,1,2000,0,0,0,0
ConcentratedDelayedExplosions,80,8.19540,1.80450,8.19650,0.54272,,,,1,2000,0,0,0,0
ConcentratedDelayedExplosions,81,6.63360,1.89130,6.63020,0.54272,,,,1,2000,0,0,0,0
ConcentratedDelayedExplosions,82,8.86910,1.84700,8.86940,0.60826,,,,1,2000,0,0,0,0
ConcentratedDelayedExplosions,83,2.90130,8.19860,2.89350,0.54272,,,,1,2000,0,0,0,0
ConcentratedDelayedExplosions,84,6.66690,6.63350,6.66610,0.56525,,,,1,2000,0,0,0,0
ConcentratedDelayedExplosions,85,1.84009,8.87320,1.83890,0.55706,,,,1,2000,0,0,0,0
ConcentratedDelayedExplosions,86,1.81721,2.89430,1.81600,0.58778,,,,1,2000,0,0,0,0
ConcentratedDelayedExplosions,87,1.82060,6.66780,1.81920,0.56013,,,,1,2000,0,0,0,0
ConcentratedDelayedExplosions,88,2.05740,1.83970,2.05690,0.55398,,,,1,2000,0,0,0,0
ConcentratedDelayedExplosions,89,1.75680,1.81710,1.75430,0.55398,,,,1,2000,0,0,0,0
ConcentratedDelayedExplosions,90,1.73430,1.82080,1.73300,0.58982,,,,1,2000,0,0,0,0
ConcentratedDelayedExplosions,91,5.94940,2.05840,5.94860,0.56320,,,,1,2000,0,0,0,0
ConcentratedDelayedExplosions,92,1.94700,1.75550,1.94500,0.54579,,,,1,2000,0,0,0,0
ConcentratedDelayedExplosions,93,1.88400,1.73420,1.88250,0.56730,,,,1,2000,0,0,0,0
ConcentratedDelayedExplosions,94,1.87590,5.95030,1.87500,0.62874,,,,1,2000,0,0,0,0
ConcentratedDelayedExplosions,95,1.84100,1.94640,1.84020,0.58675,,,,1,2000,0,0,0,0
ConcentratedDelayedExplosions,96,1.80300,1.88340,1.80140,0.57139,,,,1,2000,0,0,0,0
ConcentratedDelayedExplosions,97,1.76690,1.87620,1.76550,0.58573,,,,1,2000,0,0,0,0
ConcentratedDelayedExplosions,98,2.06560,1.84160,2.06390,0.57754,,,,1,2000,0,0,0,0
ConcentratedDelayedExplosions,99,1.77270,1.80270,1.77150,0.56832,,,,1,2000,0,0,0,0
ConcentratedDelayedExplosions,100,6.16470,1.76730,6.16390,0.57754,,,,1,2000,0,0,0,0
ConcentratedDelayedExplosions,101,1.76939,2.06500,1.76720,0.57242,,,,1,2000,0,0,0,0
ConcentratedDelayedExplosions,102,1.85890,1.77230,1.85740,0.59494,,,,1,2000,0,0,0,0
ConcentratedDelayedExplosions,103,1.87910,6.16590,1.87710,0.56115,,,,1,2000,0,0,0,0
ConcentratedDelayedExplosions,104,1.98410,1.76880,1.98290,0.57651,,,,1,2000,0,0,0,0
ConcentratedDelayedExplosions,105,1.96070,1.85950,1.95990,0.57549,,,,1,2000,0,0,0,0
ConcentratedDelayedExplosions,106,1.84830,1.87810,1.84680,0.61440,,,,1,2000,0,0,0,0
ConcentratedDelayedExplosions,107,1.83780,1.98400,1.83590,0.57549,,,,1,2000,0,0,0,0
ConcentratedDelayedExplosions,108,5.82900,1.96140,5.82780,0.55808,,,,1,2000,0,0,0,0
ConcentratedDelayedExplosions,109,1.83000,1.84840,1.82790,0.55808,,,,1,2000,0,0,0,0
ConcentratedDelayedExplosions,110,2.65940,1.83730,2.65850,0.59597,,,,1,2000,0,0,0,0
ConcentratedDelayedExplosions,111,2.20180,5.82970,2.20060,0.55808,,,,1,2000,0,0,0,0
ConcentratedDelayedExplosions,112,2.05640,1.82900,2.05490,0.57856,,,,1,2000,0,0,0,0
ConcentratedDelayedExplosions,113,6.14410,2.65960,6.14520,0.60109,,,,1,2000,0,0,0,0
ConcentratedDelayedExplosions,114,6.84950,2.20190,6.84680,0.60109,,,,1,2000,0,0,0,0
ConcentratedDelayedExplosions,115,5.51620,2.05580,5.51700,0.63078,,,,1,2000,0,0,0,0
ConcentratedDelayedExplosions,116,2.76700,6.14660,2.76110,0.56218,,,,1,2000,0,0,0,0
ConcentratedDelayedExplosions,117,1.78380,6.84880,1.78270,0.57037,,,,1,2000,0,0,0,0
ConcentratedDelayedExplosions,118,1.77220,5.51970,1.77130,0.59597,,,,1,2000,0,0,0,0
ConcentratedDelayedExplosions,119,1.95670,2.76210,1.95610,0.56627,,,,1,2000,0,0,0,0
ConcentratedDelayedExplosions,120,6.07000,1.78330,6.06810,0.56422,,,,1,2000,0,0,0,0
ConcentratedDelayedExplosions,121,1.76470,1.77270,1.76240,0.56832,,,,1,2000,0,0,0,0
ConcentratedDelayedExplosions,122,1.77849,1.95780,1.77740,0.59392,,,,1,2000,0,0,0,0
ConcentratedDelayedExplosions,123,2.05011,6.07000,2.05030,0.57446,,,,1,2000,0,0,0,0
ConcentratedDelayedExplosions,124,1.77659,1.76350,1.77320,0.57446,,,,1,2000,0,0,0,0
ConcentratedDelayedExplosions,125,1.66271,1.77870,1.66110,0.56013,,,,1,2000,0,0,0,0
ConcentratedDelayedExplosions,126,1.66229,2.05220,1.66080,0.57344,,,,1,2000,0,0,0,0
ConcentratedDelayedExplosions,127,1.95480,1.77500,1.95480,0.56218,,,,1,2000,0,0,0,0
ConcentratedDelayedExplosions,128,6.06080,1.66230,6.05870,0.56013,,,,1,2000,0,0,0,0
ConcentratedDelayedExplosions,129,1.73860,1.66190,1.73690,0.56832,,,,1,2000,0,0,0,0
ConcentratedDelayedExplosions,130,1.72540,1.95630,1.72450,0.57242,,,,1,2000,0,0,0,0
ConcentratedDelayedExplosions,131,1.79570,6.06000,1.79510,0.55398,,,,1,2000,0,0,0,0
ConcentratedDelayedExplosions,132,1.94529,1.73780,1.94330,0.55808,,,,1,2000,0,0,0,0
ConcentratedDelayedExplosions,133,1.75570,1.72540,1.75460,0.56218,,,,1,2000,0,0,0,0
ConcentratedDelayedExplosions,134,2.12300,1.79690,2.12300,0.62362,,,,1,2000,0,0,0,0
ConcentratedDelayedExplosions,135,1.79430,1.94420,1.79190,0.58368,,,,1,2000,0,0,0,0
ConcentratedDelayedExplosions,136,1.76240,1.75570,1.76140,0.57446,,,,1,2000,0,0,0,0
ConcentratedDelayedExplosions,137,5.48700,2.12440,5.48600,0.54477,,,,1,2000,0,0,0,0
ConcentratedDelayedExplosions,138,1.88160,1.79290,1.87990,0.61952,,,,1,2000,0,0,0,0
ConcentratedDelayedExplosions,139,1.93790,1.76250,1.93520,0.57139,,,,1,2000,0,0,0,0
ConcentratedDelayedExplosions,140,1.74530,5.48800,1.74350,0.57958,,,,1,2000,0,0,0,0
ConcentratedDelayedExplosions,141,1.76950,1.88240,1.76790,0.53862,,,,1,2000,0,0,0,0
ConcentratedDelayedExplosions,142,1.86410,1.93700,1.86120,0.55910,,,,1,2000,0,0,0,0
ConcentratedDelayedExplosions,143,1.85990,1.74520,1.85760,0.55194,,,,1,2000,0,0,0,0
ConcentratedDelayedExplosions,144,1.66880,1.77140,1.66770,0.54989,,,,1,2000,0,0,0,0
ConcentratedDelayedExplosions,145,1.85690,1.86260,1.85610,0.52531,,,,1,2000,0,0,0,0
ConcentratedDelayedExplosions,146,11.22960,1.85870,11.23130,0.56320,,,,1,2000,0,0,0,0
ConcentratedDelayedExplosions,147,2.10870,1.66860,2.10430,0.56320,,,,1,2000,0,0,0,0
ConcentratedDelayedExplosions,148,1.74709,1.85700,1.74630,0.58368,,,,1,2000,0,0,0,0
ConcentratedDelayedExplosions,149,2.21840,11.23300,2.21770,0.53350,,,,1,2000,0,0,0,0
ConcentratedDelayedExplosions,150,1.86900,2.10520,1.86800,0.58880,,,,1,2000,0,0,0,0
ConcentratedDelayedExplosions,151,6.15080,1.74720,6.14960,0.55296,,,,1,2000,0,0,0,0
ConcentratedDelayedExplosions,152,1.68200,2.21870,1.67980,0.58982,,,,1,2000,0,0,0,0
ConcentratedDelayedExplosions,153,1.66150,1.86940,1.66040,0.54272,,,,1,2000,0,0,0,0
ConcentratedDelayedExplosions,154,1.95590,6.15120,1.95580,0.59802,,,,1,2000,0,0,0,0
ConcentratedDelayedExplosions,155,1.84900,1.68100,1.84660,0.54784,,,,1,2000,0,0,0,0
ConcentratedDelayedExplosions,156,1.85420,1.66150,1.85310,0.57856,,,,1,2000,0,0,0,0
ConcentratedDelayedExplosions,157,1.76130,1.95740,1.75960,0.53555,,,,1,2000,0,0,0,0
ConcentratedDelayedExplosions,158,1.73810,1.84780,1.73710,0.59392,,,,1,2000,0,0,0,0
ConcentratedDelayedExplosions,159,1.74491,1.85450,1.74380,0.54989,,,,1,2000,0,0,0,0
ConcentratedDelayedExplosions,160,5.91509,1.76060,5.91370,0.57344,,,,1,2000,0,0,0,0
ConcentratedDelayedExplosions,161,1.71640,1.73840,1.71450,0.53658,,,,1,2000,0,0,0,0
ConcentratedDelayedExplosions,162,1.85760,1.74570,1.86340,0.58778,,,,1,2000,0,0,0,0
ConcentratedDelayedExplosions,163,2.03440,5.91490,2.02390,0.54170,,,,1,2000,0,0,0,0
ConcentratedDelayedExplosions,164,1.74690,1.71540,1.74500,0.55603,,,,1,2000,0,0,0,0
ConcentratedDelayedExplosions,165,1.94221,1.86760,1.94200,0.52531,,,,1,2000,0,0,0,0
ConcentratedDelayedExplosions,166,1.73099,2.02550,1.72840,0.60314,,,,1,2000,0,0,0,0
ConcentratedDelayedExplosions,167,1.63730,1.74620,1.63630,0.55603,,,,1,2000,0,0,0,0
ConcentratedDelayedExplosions,168,1.66350,1.94350,1.66240,0.57754,,,,1,2000,0,0,0,0
ConcentratedDelayedExplosions,169,5.80260,1.72930,5.80190,0.56730,,,,1,2000,0,0,0,0
ConcentratedDelayedExplosions,170,1.69910,1.63740,1.69680,0.58061,,,,1,2000,0,0,0,0
ConcentratedDelayedExplosions,171,1.71820,1.66350,1.71730,0.57344,,,,1,2000,0,0,0,0
ConcentratedDelayedExplosions,172,1.78160,5.80380,1.78040,0.58778,,,,1,2000,0,0,0,0
ConcentratedDelayedExplosions,173,1.73020,1.69770,1.72920,0.54579,,,,1,2000,0,0,0,0
ConcentratedDelayedExplosions,174,1.62660,1.71860,1.62500,0.57344,,,,1,2000,0,0,0,0
ConcentratedDelayedExplosions,175,1.62299,1.78140,1.62190,0.55194,,,,1,2000,0,0,0,0
ConcentratedDelayedExplosions,176,1.64600,1.73060,1.64510,0.58675,,,,1,2000,0,0,0,0
ConcentratedDelayedExplosions,177,2.08730,1.62630,2.08720,0.54784,,,,1,2000,0,0,0,0
ConcentratedDelayedExplosions,178,6.40130,1.62280,6.39850,0.59699,,,,1,2000,0,0,0,0
ConcentratedDelayedExplosions,179,1.72130,1.64660,1.71900,0.56422,,,,1,2000,0,0,0,0
ConcentratedDelayedExplosions,180,1.73850,2.08890,1.73700,0.58573,,,,1,2000,0,0,0,0
ConcentratedDelayedExplosions,181,1.93210,6.40060,1.93170,0.58368,,,,1,2000,0,0,0,0
ConcentratedDelayedExplosions,182,1.71210,1.72030,1.70970,0.58368,,,,1,2000,0,0,0,0
ConcentratedDelayedExplosions,183,10.41310,1.73850,10.41640,0.57446,,,,1,2000,0,0,0,0
ConcentratedDelayedExplosions,184,8.64620,1.93300,8.64020,0.57446,,,,1,2000,0,0,0,0
ConcentratedDelayedExplosions,185,2.13420,1.71070,2.13240,0.56320,,,,1,2000,0,0,0,0
ConcentratedDelayedExplosions,186,1.86820,10.41880,1.86730,0.58880,,,,1,2000,0,0,0,0
ConcentratedDelayedExplosions,187,1.81160,8.64220,1.80920,0.56013,,,,1,2000,0,0,0,0
ConcentratedDelayedExplosions,188,1.77680,2.13390,1.77560,0.60314,,,,1,2000,0,0,0,0
ConcentratedDelayedExplosions,189,5.77760,1.86880,5.77600,0.55194,,,,1,2000,0,0,0,0
ConcentratedDelayedExplosions,190,1.93580,1.81000,1.93450,0.57549,,,,1,2000,0,0,0,0
ConcentratedDelayedExplosions,191,2.07180,1.77730,2.07020,0.56115,,,,1,2000,0,0,0,0
ConcentratedDelayedExplosions,192,1.97050,5.77750,1.96860,0.57958,,,,1,2000,0,0,0,0
ConcentratedDelayedExplosions,193,1.89550,1.93620,1.89430,0.55398,,,,1,2000,0,0,0,0
ConcentratedDelayedExplosions,194,1.90580,2.07160,1.90500,0.59392,,,,1,2000,0,0,0,0
ConcentratedDelayedExplosions,195,1.87129,1.96980,1.86980,0.55808,,,,1,2000,0,0,0,0
ConcentratedDelayedExplosions,196,1.85120,1.89530,1.85060,0.58368,,,,1,2000,0,0,0,0
ConcentratedDelayedExplosions,197,6.09330,1.90630,6.09170,0.56013,,,,1,2000,0,0,0,0
ConcentratedDelayedExplosions,198,2.07850,1.87070,2.07640,0.59904,,,,1,2000,0,0,0,0
ConcentratedDelayedExplosions,199,1.89920,1.85230,1.89720,0.56422,,,,1,2000,0,0,0,0
ConcentratedDelayedExplosions,200,1.98470,6.09360,1.98340,0.58573,,,,1,2000,0,0,0,0
ConcentratedDelayedExplosions,201,1.98980,2.07830,1.98900,0.56422,,,,1,2000,0,0,0,0
ConcentratedDelayedExplosions,202,1.77400,1.89840,1.77220,0.59085,,,,1,2000,0,0,0,0
ConcentratedDelayedExplosions,203,1.90200,1.98450,1.90110,0.55706,,,,1,2000,0,0,0,0
ConcentratedDelayedExplosions,204,1.98540,1.99050,1.98430,0.57754,,,,1,2000,0,0,0,0
ConcentratedDelayedExplosions,205,1.97701,1.77310,1.97540,0.57242,,,,1,2000,0,0,0,0
ConcentratedDelayedExplosions,206,6.09050,1.90230,6.09020,0.59085,,,,1,2000,0,0,0,0
ConcentratedDelayedExplosions,207,1.87080,1.98580,1.86780,0.55808,,,,1,2000,0,0,0,0
ConcentratedDelayedExplosions,208,1.93720,1.97650,1.93620,0.54682,,,,1,2000,0,0,0,0
ConcentratedDelayedExplosions,209,1.83320,6.09280,1.83070,0.54682,,,,1,2000,0,0,0,0
ConcentratedDelayedExplosions,210,1.85720,1.86960,1.85630,0.59802,,,,1,2000,0,0,0,0
ConcentratedDelayedExplosions,211,2.14640,1.93740,2.14540,0.53965,,,,1,2000,0,0,0,0
ConcentratedDelayedExplosions,212,1.98650,1.83180,1.98360,0.57037,,,,1,2000,0,0,0,0
ConcentratedDelayedExplosions,213,2.01830,1.85750,2.01750,0.57037,,,,1,2000,0,0,0,0
ConcentratedDelayedExplosions,214,5.85240,2.14800,5.85130,0.59776,,,,1,2000,0,0,0,0
ConcentratedDelayedExplosions,215,1.73890,1.98450,1.73740,0.56730,,,,1,2000,0,0,0,0
ConcentratedDelayedExplosions,216,7.52790,2.01860,7.52890,0.54272,,,,1,2000,0,0,0,0
ConcentratedDelayedExplosions,217,2.25290,5.85310,2.24890,0.54272,,,,1,2000,0,0,0,0
ConcentratedDelayedExplosions,218,8.50960,1.73840,8.51090,0.55910,,,,1,2000,0,0,0,0
ConcentratedDelayedExplosions,219,6.86710,7.53040,6.86300,0.55910,,,,1,2000,0,0,0,0
ConcentratedDelayedExplosions,220,1.88350,2.24990,1.88150,0.55910,,,,1,2000,0,0,0,0
ConcentratedDelayedExplosions,221,1.80300,8.51290,1.80190,0.55603,,,,1,2000,0,0,0,0
ConcentratedDelayedExplosions,222,2.03720,6.86500,2.03690,0.57958,,,,1,2000,0,0,0,0
ConcentratedDelayedExplosions,223,1.89770,1.88260,1.89480,0.57958,,,,1,2000,0,0,0,0
ConcentratedDelayedExplosions,224,6.96050,1.80320,6.96000,0.60416,,,,1,2000,0,0,0,0
ConcentratedDelayedExplosions,225,2.03920,2.03870,2.03620,0.55398,,,,1,2000,0,0,0,0
ConcentratedDelayedExplosions,226,1.93140,1.89580,1.92900,0.59597,,,,1,2000,0,0,0,0
ConcentratedDelayedExplosions,227,1.83550,6.96280,1.83400,0.56730,,,,1,2000,0,0,0,0
ConcentratedDelayedExplosions,228,1.91230,2.03880,1.91110,0.60006,,,,1,2000,0,0,0,0
ConcentratedDelayedExplosions,229,1.85490,1.93050,1.85440,0.56422,,,,1,2000,0,0,0,0
ConcentratedDelayedExplosions,230,1.89090,1.83510,1.88730,0.56832,,,,1,2000,0,0,0,0
ConcentratedDelayedExplosions,231,5.90570,1.91220,5.90470,0.55603,,,,1,2000,0,0,0,0
ConcentratedDelayedExplosions,232,1.80950,1.85730,1.80730,0.58266,,,,1,2000,0,0,0,0
ConcentratedDelayedExplosions,233,1.98520,1.88860,1.98500,0.57139,,,,1,2000,0,0,0,0
ConcentratedDelayedExplosions,234,1.83400,5.90650,1.83150,0.57139,,,,1,2000,0,0,0,0
ConcentratedDelayedExplosions,235,1.92270,1.80840,1.92170,0.55398,,,,1,2000,0,0,0,0
ConcentratedDelayedExplosions,236,2.10320,1.98650,2.10210,0.59187,,,,1,2000,0,0,0,0
ConcentratedDelayedExplosions,237,1.84630,1.83240,1.84360,0.54682,,,,1,2000,0,0,0,0
ConcentratedDelayedExplosions,238,1.91600,1.92320,1.91520,0.57242,,,,1,2000,0,0,0,0
ConcentratedDelayedExplosions,239,2.08370,2.10430,2.08240,0.56730,,,,1,2000,0,0,0,0
ConcentratedDelayedExplosions,240,5.76350,1.84460,5.76240,0.59699,,,,1,2000,0,0,0,0
ConcentratedDelayedExplosions,241,1.80590,1.91660,1.80410,0.54989,,,,1,2000,0,0,0,0
ConcentratedDelayedExplosions,242,1.84610,2.08370,1.84530,0.57549,,,,1,2000,0,0,0,0
ConcentratedDelayedExplosions,243,1.85810,5.76390,1.85690,0.56218,,,,1,2000,0,0,0,0
ConcentratedDelayedExplosions,244,1.91600,1.80480,1.91620,0.57651,,,,1,2000,0,0,0,0
ConcentratedDelayedExplosions,245,1.80130,1.84650,1.79900,0.57651,,,,1,2000,0,0,0,0
ConcentratedDelayedExplosions,246,1.67280,1.85780,1.67200,0.59290,,,,1,2000,0,0,0,0
ConcentratedDelayedExplosions,247,1.65340,1.91730,1.65190,0.53965,,,,1,2000,0,0,0,0
ConcentratedDelayedExplosions,248,6.14360,1.79980,6.14310,0.58266,,,,1,2000,0,0,0,0
ConcentratedDelayedExplosions,249,1.84270,1.67350,1.84000,0.55296,,,,1,2000,0,0,0,0
ConcentratedDelayedExplosions,250,1.67340,1.65300,1.67250,0.57958,,,,1,2000,0,0,0,0
ConcentratedDelayedExplosions,251,7.20440,6.14540,7.20430,0.59187,,,,1,2000,0,0,0,0
ConcentratedDelayedExplosions,252,2.02440,1.84100,2.02140,0.59187,,,,1,2000,0,0,0,0
ConcentratedDelayedExplosions,253,6.59720,1.67370,6.59940,0.55603,,,,1,2000,0,0,0,0
ConcentratedDelayedExplosions,254,8.14030,7.20610,8.13470,0.57139,,,,1,2000,0,0,0,0
ConcentratedDelayedExplosions,255,2.12440,2.02320,2.12100,0.59187,,,,1,2000,0,0,0,0
ConcentratedDelayedExplosions,256,2.41000,6.60240,2.40770,0.59187,,,,1,2000,0,0,0,0
ConcentratedDelayedExplosions,257,2.11920,8.13770,2.11630,0.56499,,,,1,2000,0,0,0,0
ConcentratedDelayedExplosions,258,6.56451,2.12310,6.56360,0.61133,,,,1,2000,0,0,0,0
ConcentratedDelayedExplosions,259,1.91769,2.41010,1.91480,0.53760,,,,1,2000,0,0,0,0
ConcentratedDelayedExplosions,260,1.99990,2.11760,1.99850,0.56832,,,,1,2000,0,0,0,0
ConcentratedDelayedExplosions,261,2.04670,6.56590,2.04590,0.57139,,,,1,2000,0,0,0,0
ConcentratedDelayedExplosions,262,1.81800,1.91600,1.81540,0.56730,,,,1,2000,0,0,0,0
ConcentratedDelayedExplosions,263,1.98140,1.99960,1.97940,0.55194,,,,1,2000,0,0,0,0
ConcentratedDelayedExplosions,264,1.67570,2.04850,1.67460,0.58982,,,,1,2000,0,0,0,0
ConcentratedDelayedExplosions,265,1.67070,1.81730,1.66960,0.55091,,,,1,2000,0,0,0,0
ConcentratedDelayedExplosions,266,1.68960,1.98030,1.68880,0.57242,,,,1,2000,0,0,0,0
ConcentratedDelayedExplosions,267,6.04160,1.67560,6.03950,0.57139,,,,1,2000,0,0,0,0
ConcentratedDelayedExplosions,268,1.72080,1.67060,1.71890,0.60826,,,,1,2000,0,0,0,0
ConcentratedDelayedExplosions,269,1.77920,1.69080,1.77740,0.54989,,,,1,2000,0,0,0,0
ConcentratedDelayedExplosions,270,1.69210,6.04130,1.69000,0.57446,,,,1,2000,0,0,0,0
ConcentratedDelayedExplosions,271,1.75900,1.72090,1.75750,0.57651,,,,1,2000,0,0,0,0
ConcentratedDelayedExplosions,272,1.74350,1.77960,1.74210,0.59290,,,,1,2000,0,0,0,0
ConcentratedDelayedExplosions,273,1.66720,1.69130,1.66650,0.56499,,,,1,2000,0,0,0,0
ConcentratedDelayedExplosions,274,1.74590,1.75900,1.74430,0.57242,,,,1,2000,0,0,0,0
ConcentratedDelayedExplosions,275,1.69571,1.74320,1.69400,0.56730,,,,1,2000,0,0,0,0
ConcentratedDelayedExplosions,276,5.71550,1.66780,5.71490,0.59674,,,,1,2000,0,0,0,0
ConcentratedDelayedExplosions,277,1.80670,1.74570,1.80400,0.53453,,,,1,2000,0,0,0,0
ConcentratedDelayedExplosions,278,2.24670,1.69500,2.24560,0.56627,,,,1,2000,0,0,0,0
ConcentratedDelayedExplosions,279,1.81040,5.71740,1.80870,0.55706,,,,1,2000,0,0,0,0
ConcentratedDelayedExplosions,280,1.85420,1.80500,1.85320,0.60006,,,,1,2000,0,0,0,0
ConcentratedDelayedExplosions,281,1.97360,2.24720,1.97260,0.54579,,,,1,2000,0,0,0,0
ConcentratedDelayedExplosions,282,1.84259,1.80970,1.84100,0.56934,,,,1,2000,0,0,0,0
ConcentratedDelayedExplosions,283,1.89760,1.85440,1.89650,0.55091,,,,1,2000,0,0,0,0
ConcentratedDelayedExplosions,284,9.64169,1.97410,9.64590,0.56320,,,,1,2000,0,0,0,0
ConcentratedDelayedExplosions,285,2.50650,1.84220,2.49840,0.56320,,,,1,2000,0,0,0,0
ConcentratedDelayedExplosions,286,10.75770,1.89860,10.76110,0.58675,,,,1,2000,0,0,0,0
ConcentratedDelayedExplosions,287,7.11990,9.64910,7.11170,0.55194,,,,1,2000,0,0,0,0
ConcentratedDelayedExplosions,288,1.95630,2.49960,1.95360,0.57856,,,,1,2000,0,0,0,0
ConcentratedDelayedExplosions,289,1.97000,10.76400,1.96870,0.55194,,,,1,2000,0,0,0,0
ConcentratedDelayedExplosions,290,1.75970,7.11400,1.75820,0.58675,,,,1,2000,0,0,0,0
ConcentratedDelayedExplosions,291,1.77370,1.95490,1.77250,0.57139,,,,1,2000,0,0,0,0
ConcentratedDelayedExplosions,292,1.83930,1.97000,1.83820,0.55501,,,,1,2000,0,0,0,0
ConcentratedDelayedExplosions,293,1.73170,1.75940,1.73010,0.56525,,,,1,2000,0,0,0,0
ConcentratedDelayedExplosions,294,6.52860,1.77360,6.52910,0.57754,,,,1,2000,0,0,0,0
ConcentratedDelayedExplosions,295,2.08150,1.83950,2.07710,0.54989,,,,1,2000,0,0,0,0
ConcentratedDelayedExplosions,296,1.85440,1.73100,1.85420,0.54374,,,,1,2000,0,0,0,0
ConcentratedDelayedExplosions,297,1.67290,6.53220,1.67080,0.57856,,,,1,2000,0,0,0,0
ConcentratedDelayedExplosions,298,1.67100,2.07840,1.66970,0.57651,,,,1,2000,0,0,0,0
ConcentratedDelayedExplosions,299,1.64180,1.85550,1.64080,0.54784,,,,1,2000,0,0,0,0
ConcentratedDelayedExplosions,300,1.68010,1.67170,1.67930,0.55091,,,,1,2000,0,0,0,0
ConcentratedDelayedExplosions,301,2.14930,1.67060,2.14780,0.55706,,,,1,2000,0,0,0,0
ConcentratedDelayedExplosions,302,6.38230,1.64200,6.38230,0.58266,,,,1,2000,0,0,0,0
ConcentratedDelayedExplosions,303,1.79730,1.68080,1.79430,0.55706,,,,1,2000,0,0,0,0
ConcentratedDelayedExplosions,304,2.13410,2.14880,2.13420,0.58163,,,,1,2000,0,0,0,0
ConcentratedDelayedExplosions,305,1.76850,6.38420,1.76630,0.57139,,,,1,2000,0,0,0,0
ConcentratedDelayedExplosions,306,1.79040,1.79510,1.78950,0.59290,,,,1,2000,0,0,0,0
ConcentratedDelayedExplosions,307,2.03470,2.13540,2.03380,0.56115,,,,1,2000,0,0,0,0
ConcentratedDelayedExplosions,308,1.76790,1.76720,1.76610,0.57549,,,,1,2000,0,0,0,0
ConcentratedDelayedExplosions,309,1.83400,1.79040,1.83320,0.56730,,,,1,2000,0,0,0,0
ConcentratedDelayedExplosions,310,6.08110,2.03560,6.08140,0.55808,,,,1,2000,0,0,0,0
ConcentratedDelayedExplosions,311,1.89500,1.76700,1.89280,0.56422,,,,1,2000,0,0,0,0
ConcentratedDelayedExplosions,312,1.77630,1.83450,1.77410,0.57651,,,,1,2000,0,0,0,0
ConcentratedDelayedExplosions,313,1.93800,6.08270,1.93720,0.56320,,,,1,2000,0,0,0,0
ConcentratedDelayedExplosions,314,1.84349,1.89420,1.84200,0.58573,,,,1,2000,0,0,0,0
ConcentratedDelayedExplosions,315,1.92280,1.77510,1.92190,0.56218,,,,1,2000,0,0,0,0
ConcentratedDelayedExplosions,316,1.87450,1.93860,1.87360,0.57754,,,,1,2000,0,0,0,0
ConcentratedDelayedExplosions,317,6.87320,1.84270,6.87310,0.58061,,,,1,2000,0,0,0,0
ConcentratedDelayedExplosions,318,7.17720,1.92290,7.17550,0.60518,,,,1,2000,0,0,0,0
ConcentratedDelayedExplosions,319,2.13740,1.87520,2.13380,0.57549,,,,1,2000,0,0,0,0
ConcentratedDelayedExplosions,320,2.31280,6.87510,2.31060,0.54886,,,,1,2000,0,0,0,0
ConcentratedDelayedExplosions,321,2.19740,7.17840,2.19480,0.54886,,,,1,2000,0,0,0,0
ConcentratedDelayedExplosions,322,2.07120,2.13610,2.06800,0.57958,,,,1,2000,0,0,0,0
ConcentratedDelayedExplosions,323,9.87890,2.31350,9.87870,0.55910,,,,1,2000,0,0,0,0
ConcentratedDelayedExplosions,324,1.94660,2.19700,1.94280,0.56422,,,,1,2000,0,0,0,0
ConcentratedDelayedExplosions,325,1.67210,2.06890,1.67030,0.55091,,,,1,2000,0,0,0,0
ConcentratedDelayedExplosions,326,1.68430,9.88200,1.68350,0.59085,,,,1,2000,0,0,0,0
ConcentratedDelayedExplosions,327,1.79730,1.94400,1.79590,0.54682,,,,1,2000,0,0,0,0
ConcentratedDelayedExplosions,328,1.72820,1.67120,1.72710,0.56422,,,,1,2000,0,0,0,0
ConcentratedDelayedExplosions,329,1.72730,1.68470,1.72660,0.55910,,,,1,2000,0,0,0,0
ConcentratedDelayedExplosions,330,6.50699,1.79690,6.50620,0.60211,,,,1,2000,0,0,0,0
ConcentratedDelayedExplosions,331,2.18620,1.72820,2.18430,0.54477,,,,1,2000,0,0,0,0
ConcentratedDelayedExplosions,332,2.02020,1.72800,2.01770,0.54886,,,,1,2000,0,0,0,0
ConcentratedDelayedExplosions,333,2.11499,6.50880,2.11420,0.56320,,,,1,2000,0,0,0,0
ConcentratedDelayedExplosions,334,2.22390,2.18530,2.22140,0.57958,,,,1,2000,0,0,0,0
ConcentratedDelayedExplosions,335,1.92260,2.01890,1.92120,0.57037,,,,1,2000,0,0,0,0
ConcentratedDelayedExplosions,336,1.91550,2.11660,1.91420,0.58675,,,,1,2000,0,0,0,0
ConcentratedDelayedExplosions,337,1.96550,2.22260,1.96490,0.54989,,,,1,2000,0,0,0,0
ConcentratedDelayedExplosions,338,6.99140,1.92260,6.99130,0.59802,,,,1,2000,0,0,0,0
ConcentratedDelayedExplosions,339,1.99400,1.91560,1.98860,0.55398,,,,1,2000,0,0,0,0
ConcentratedDelayedExplosions,340,1.95100,1.96640,1.94960,0.55194,,,,1,2000,0,0,0,0
ConcentratedDelayedExplosions,341,1.94530,6.99460,1.94370,0.55296,,,,1,2000,0,0,0,0
ConcentratedDelayedExplosions,342,1.72870,1.99000,1.72770,0.58982,,,,1,2000,0,0,0,0
ConcentratedDelayedExplosions,343,1.76130,1.95090,1.75970,0.56218,,,,1,2000,0,0,0,0
ConcentratedDelayedExplosions,344,2.20950,1.94470,2.20900,0.56218,,,,1,2000,0,0,0,0
ConcentratedDelayedExplosions,345,6.72740,1.72940,6.72620,0.55706,,,,1,2000,0,0,0,0
ConcentratedDelayedExplosions,346,2.49990,1.76110,2.49650,0.57754,,,,1,2000,0,0,0,0
ConcentratedDelayedExplosions,347,3.17400,2.21050,3.17160,0.54579,,,,1,2000,0,0,0,0
ConcentratedDelayedExplosions,348,2.59690,6.72960,2.59530,0.59392,,,,1,2000,0,0,0,0
ConcentratedDelayedExplosions,349,2.18510,2.49840,2.18300,0.57139,,,,1,2000,0,0,0,0
ConcentratedDelayedExplosions,350,2.28170,3.17360,2.27950,0.61440,,,,1,2000,0,0,0,0
ConcentratedDelayedExplosions,351,2.18010,2.59670,2.17870,0.56934,,,,1,2000,0,0,0,0
ConcentratedDelayedExplosions,352,6.71750,2.18510,6.71690,0.57037,,,,1,2000,0,0,0,0
ConcentratedDelayedExplosions,353,1.78900,2.28060,1.78620,0.55398,,,,1,2000,0,0,0,0
ConcentratedDelayedExplosions,354,1.83560,2.17980,1.83480,0.59085,,,,1,2000,0,0,0,0
ConcentratedDelayedExplosions,355,2.08990,6.71910,2.08810,0.56525,,,,1,2000,0,0,0,0
ConcentratedDelayedExplosions,356,2.07820,1.78710,2.07820,0.56115,,,,1,2000,0,0,0,0
ConcentratedDelayedExplosions,357,2.06750,1.83630,2.06560,0.58778,,,,1,2000,0,0,0,0
ConcentratedDelayedExplosions,358,2.15930,2.08920,2.15650,0.58982,,,,1,2000,0,0,0,0
ConcentratedDelayedExplosions,359,6.80910,2.08020,6.80750,0.55501,,,,1,2000,0,0,0,0
ConcentratedDelayedExplosions,360,1.85010,2.06750,1.84730,0.56525,,,,1,2000,0,0,0,0
ConcentratedDelayedExplosions,361,2.15191,2.15870,2.15000,0.56934,,,,1,2000,0,0,0,0
ConcentratedDelayedExplosions,362,1.93739,6.80940,1.93560,0.60211,,,,1,2000,0,0,0,0
ConcentratedDelayedExplosions,363,2.07470,1.84940,2.07970,0.54784,,,,1,2000,0,0,0,0
ConcentratedDelayedExplosions,364,1.94180,2.15190,1.93320,0.57856,,,,1,2000,0,0,0,0
ConcentratedDelayedExplosions,365,1.84200,1.93740,1.84110,0.55398,,,,1,2000,0,0,0,0
ConcentratedDelayedExplosions,366,1.87310,2.08130,1.87210,0.58880,,,,1,2000,0,0,0,0
ConcentratedDelayedExplosions,367,6.84170,1.93410,6.84120,0.57139,,,,1,2000,0,0,0,0
ConcentratedDelayedExplosions,368,2.04729,1.84250,2.04330,0.58163,,,,1,2000,0,0,0,0
ConcentratedDelayedExplosions,369,2.06600,1.87310,2.06570,0.54682,,,,1,2000,0,0,0,0
ConcentratedDelayedExplosions,370,1.93650,6.84430,1.93310,0.58470,,,,1,2000,0,0,0,0
ConcentratedDelayedExplosions,371,1.93180,2.04500,1.93040,0.55194,,,,1,2000,0,0,0,0
ConcentratedDelayedExplosions,372,2.20880,2.06780,2.20810,0.56730,,,,1,2000,0,0,0,0
ConcentratedDelayedExplosions,373,2.02810,1.93450,2.02650,0.55706,,,,1,2000,0,0,0,0
ConcentratedDelayedExplosions,374,7.46180,1.93140,7.46140,0.59494,,,,1,2000,0,0,0,0
ConcentratedDelayedExplosions,375,2.27800,2.20960,2.27280,0.55091,,,,1,2000,0,0,0,0
ConcentratedDelayedExplosions,376,1.91950,2.02760,1.91790,0.57754,,,,1,2000,0,0,0,0
ConcentratedDelayedExplosions,377,2.01360,7.46610,2.01250,0.54477,,,,1,2000,0,0,0,0
ConcentratedDelayedExplosions,378,1.91760,2.27400,1.91620,0.56013,,,,1,2000,0,0,0,0
ConcentratedDelayedExplosions,379,2.25990,1.91900,2.25890,0.53658,,,,1,2000,0,0,0,0
ConcentratedDelayedExplosions,380,2.42910,2.01390,2.42690,0.58266,,,,1,2000,0,0,0,0
ConcentratedDelayedExplosions,381,6.73760,1.91740,6.73600,0.55501,,,,1,2000,0,0,0,0
ConcentratedDelayedExplosions,382,2.01030,2.26110,2.00870,0.58163,,,,1,2000,0,0,0,0
ConcentratedDelayedExplosions,383,1.78870,2.42840,1.78740,0.57242,,,,1,2000,0,0,0,0
ConcentratedDelayedExplosions,384,2.08920,6.73770,2.08890,0.57139,,,,1,2000,0,0,0,0
ConcentratedDelayedExplosions,385,2.14030,2.00990,2.13930,0.56115,,,,1,2000,0,0,0,0
ConcentratedDelayedExplosions,386,2.02660,1.78850,2.02390,0.58982,,,,1,2000,0,0,0,0
ConcentratedDelayedExplosions,387,2.19980,2.09020,2.19880,0.55706,,,,1,2000,0,0,0,0
ConcentratedDelayedExplosions,388,2.13670,2.14080,2.13480,0.56730,,,,1,2000,0,0,0,0
ConcentratedDelayedExplosions,389,7.52470,2.02530,7.52370,0.57754,,,,1,2000,0,0,0,0
ConcentratedDelayedExplosions,390,2.16060,2.20050,2.15780,0.61440,,,,1,2000,0,0,0,0
ConcentratedDelayedExplosions,391,2.32800,2.13630,2.32660,0.55296,,,,1,2000,0,0,0,0
ConcentratedDelayedExplosions,392,1.88160,7.52590,1.88060,0.58778,,,,1,2000,0,0,0,0
ConcentratedDelayedExplosions,393,1.85970,2.15910,1.85830,0.55501,,,,1,2000,0,0,0,0
ConcentratedDelayedExplosions,394,1.88310,2.32760,1.88300,0.59699,,,,1,2000,0,0,0,0
ConcentratedDelayedExplosions,395,1.83140,1.88200,1.82890,0.54682,,,,1,2000,0,0,0,0
ConcentratedDelayedExplosions,396,5.99950,1.85950,5.99920,0.57344,,,,1,2000,0,0,0,0
ConcentratedDelayedExplosions,397,2.02570,1.88430,2.02290,0.54682,,,,1,2000,0,0,0,0
ConcentratedDelayedExplosions,398,2.04020,1.82980,2.03910,0.57754,,,,1,2000,0,0,0,0
ConcentratedDelayedExplosions,399,1.81920,6.00140,1.81780,0.56320,,,,1,2000,0,0,0,0
ConcentratedDelayedExplosions,400,1.84970,2.02410,1.84850,0.56218,,,,1,2000,0,0,0,0
ConcentratedDelayedExplosions,401,1.94160,2.04050,1.94320,0.53862,,,,1,2000,0,0,0,0
ConcentratedDelayedExplosions,402,1.96060,1.81900,1.95560,0.58675,,,,1,2000,0,0,0,0
ConcentratedDelayedExplosions,403,1.89710,1.84970,1.89510,0.55296,,,,1,2000,0,0,0,0
ConcentratedDelayedExplosions,404,6.33420,1.94570,6.33350,0.55398,,,,1,2000,0,0,0,0
ConcentratedDelayedExplosions,405,2.08310,1.95730,2.08070,0.56320,,,,1,2000,0,0,0,0
ConcentratedDelayedExplosions,406,1.93280,1.89690,1.92980,0.58982,,,,1,2000,0,0,0,0
ConcentratedDelayedExplosions,407,1.77440,6.33560,1.77330,0.57446,,,,1,2000,0,0,0,0
ConcentratedDelayedExplosions,408,2.05291,2.08290,2.05330,0.56934,,,,1,2000,0,0,0,0
ConcentratedDelayedExplosions,409,1.83440,1.93090,1.83160,0.54477,,,,1,2000,0,0,0,0
ConcentratedDelayedExplosions,410,1.83670,1.77430,1.83580,0.58061,,,,1,2000,0,0,0,0
ConcentratedDelayedExplosions,411,1.82251,2.05470,1.82120,0.55091,,,,1,2000,0,0,0,0
ConcentratedDelayedExplosions,412,6.39660,1.83240,6.39520,0.57549,,,,1,2000,0,0,0,0
ConcentratedDelayedExplosions,413,1.78470,1.83730,1.78330,0.55706,,,,1,2000,0,0,0,0
ConcentratedDelayedExplosions,414,2.00290,1.82250,2.00110,0.58880,,,,1,2000,0,0,0,0
ConcentratedDelayedExplosions,415,1.98930,6.39690,1.98810,0.54784,,,,1,2000,0,0,0,0
ConcentratedDelayedExplosions,416,1.91690,1.78480,1.91250,0.57242,,,,1,2000,0,0,0,0
ConcentratedDelayedExplosions,417,2.08230,2.00270,2.08060,0.56525,,,,1,2000,0,0,0,0
ConcentratedDelayedExplosions,418,1.96330,1.99220,1.96180,0.56218,,,,1,2000,0,0,0,0
ConcentratedDelayedExplosions,419,2.21620,1.91430,2.21470,0.56422,,,,1,2000,0,0,0,0
ConcentratedDelayedExplosions,420,7.35420,2.08210,7.35390,0.55398,,,,1,2000,0,0,0,0
ConcentratedDelayedExplosions,421,2.62080,1.96310,2.61900,0.55398,,,,1,2000,0,0,0,0
ConcentratedDelayedExplosions,422,2.36370,2.21580,2.35600,0.55680,,,,1,2000,0,0,0,0
ConcentratedDelayedExplosions,423,1.99170,7.35660,1.99080,0.55296,,,,1,2000,0,0,0,0
ConcentratedDelayedExplosions,424,1.96660,2.62500,1.96500,0.56422,,,,1,2000,0,0,0,0
ConcentratedDelayedExplosions,425,1.89570,2.35720,1.89460,0.55296,,,,1,2000,0,0,0,0
ConcentratedDelayedExplosions,426,1.73030,1.99210,1.72910,0.54374,,,,1,2000,0,0,0,0
ConcentratedDelayedExplosions,427,6.52580,1.96610,6.52550,0.55501,,,,1,2000,0,0,0,0
ConcentratedDelayedExplosions,428,2.13710,1.89570,2.13470,0.54682,,,,1,2000,0,0,0,0
ConcentratedDelayedExplosions,429,1.86670,1.73010,1.86480,0.54784,,,,1,2000,0,0,0,0
ConcentratedDelayedExplosions,430,2.09920,6.52730,2.09830,0.55501,,,,1,2000,0,0,0,0
ConcentratedDelayedExplosions,431,1.99170,2.13660,1.99020,0.55603,,,,1,2000,0,0,0,0
ConcentratedDelayedExplosions,432,1.79290,1.86590,1.79120,0.55501,,,,1,2000,0,0,0,0
ConcentratedDelayedExplosions,433,2.07770,2.09980,2.07660,0.56218,,,,1,2000,0,0,0,0
ConcentratedDelayedExplosions,434,2.41070,1.99170,2.40900,0.56013,,,,1,2000,0,0,0,0
ConcentratedDelayedExplosions,435,6.77010,1.79260,6.77030,0.55091,,,,1,2000,0,0,0,0
ConcentratedDelayedExplosions,436,1.96750,2.07840,1.96330,0.57242,,,,1,2000,0,0,0,0
ConcentratedDelayedExplosions,437,2.00000,2.41020,1.99910,0.57037,,,,1,2000,0,0,0,0
ConcentratedDelayedExplosions,438,2.88800,6.77260,2.88740,0.53760,,,,1,2000,0,0,0,0
ConcentratedDelayedExplosions,439,2.45410,1.96440,2.45150,0.55808,,,,1,2000,0,0,0,0
ConcentratedDelayedExplosions,440,2.35590,2.00030,2.35460,0.56218,,,,1,2000,0,0,0,0
ConcentratedDelayedExplosions,441,6.81910,2.88950,6.81840,0.55501,,,,1,2000,0,0,0,0
ConcentratedDelayedExplosions,442,1.82320,2.45260,1.82110,0.54067,,,,1,2000,0,0,0,0
ConcentratedDelayedExplosions,443,1.89010,2.35590,1.88930,0.55808,,,,1,2000,0,0,0,0
ConcentratedDelayedExplosions,444,2.29460,6.82000,2.29300,0.56115,,,,1,2000,0,0,0,0
ConcentratedDelayedExplosions,445,2.24910,1.82230,2.24670,0.56218,,,,1,2000,0,0,0,0
ConcentratedDelayedExplosions,446,2.27770,1.89100,2.27490,0.56730,,,,1,2000,0,0,0,0
ConcentratedDelayedExplosions,447,2.24480,2.29500,2.24410,0.54784,,,,1,2000,0,0,0,0
ConcentratedDelayedExplosions,448,2.25170,2.24920,2.24990,0.56422,,,,1,2000,0,0,0,0
ConcentratedDelayedExplosions,449,7.01350,2.27630,7.01350,0.55398,,,,1,2000,0,0,0,0
ConcentratedDelayedExplosions,450,2.15490,2.24560,2.15280,0.55091,,,,1,2000,0,0,0,0
ConcentratedDelayedExplosions,451,2.23400,2.25080,2.23200,0.56422,,,,1,2000,0,0,0,0
ConcentratedDelayedExplosions,452,1.94950,7.01540,1.94750,0.55501,,,,1,2000,0,0,0,0
ConcentratedDelayedExplosions,453,2.00750,2.15440,2.00610,0.54886,,,,1,2000,0,0,0,0
ConcentratedDelayedExplosions,454,1.86991,2.23370,1.86900,0.55603,,,,1,2000,0,0,0,0
ConcentratedDelayedExplosions,455,2.23460,1.94860,2.23380,0.55501,,,,1,2000,0,0,0,0
ConcentratedDelayedExplosions,456,7.36920,2.00710,7.36730,0.56627,,,,1,2000,0,0,0,0
ConcentratedDelayedExplosions,457,2.17530,1.87040,2.17190,0.56525,,,,1,2000,0,0,0,0
ConcentratedDelayedExplosions,458,2.03720,2.23660,2.03250,0.55296,,,,1,2000,0,0,0,0
ConcentratedDelayedExplosions,459,2.02520,7.37030,2.02470,0.58061,,,,1,2000,0,0,0,0
ConcentratedDelayedExplosions,460,1.98270,2.17570,1.98080,0.63078,,,,1,2000,0,0,0,0
ConcentratedDelayedExplosions,461,2.02720,2.03350,2.02690,0.55603,,,,1,2000,0,0,0,0
ConcentratedDelayedExplosions,462,2.01020,2.02600,2.00790,0.53146,,,,1,2000,0,0,0,0
ConcentratedDelayedExplosions,463,6.51070,1.98200,6.51070,0.55194,,,,1,2000,0,0,0,0
ConcentratedDelayedExplosions,464,1.91230,2.02830,1.90910,0.57446,,,,1,2000,0,0,0,0
ConcentratedDelayedExplosions,465,2.16530,2.00910,2.16450,0.53862,,,,1,2000,0,0,0,0
ConcentratedDelayedExplosions,466,2.06409,6.51260,2.06280,0.56320,,,,1,2000,0,0,0,0
ConcentratedDelayedExplosions,467,1.89280,1.91010,1.89120,0.55706,,,,1,2000,0,0,0,0
ConcentratedDelayedExplosions,468,2.49990,2.16600,2.49880,0.55091,,,,1,2000,0,0,0,0
ConcentratedDelayedExplosions,469,2.01340,2.06400,2.01230,0.56013,,,,1,2000,0,0,0,0
ConcentratedDelayedExplosions,470,6.27701,1.89230,6.27690,0.55603,,,,1,2000,0,0,0,0
ConcentratedDelayedExplosions,471,2.78810,2.49990,2.78540,0.54989,,,,1,2000,0,0,0,0
ConcentratedDelayedExplosions,472,2.78690,2.01320,2.78500,0.55706,,,,1,2000,0,0,0,0
ConcentratedDelayedExplosions,473,2.10460,6.27920,2.10230,0.55501,,,,1,2000,0,0,0,0
ConcentratedDelayedExplosions,474,2.05570,2.78730,2.05410,0.55808,,,,1,2000,0,0,0,0
ConcentratedDelayedExplosions,475,2.09870,2.78730,2.09730,0.55706,,,,1,2000,0,0,0,0
ConcentratedDelayedExplosions,476,2.02940,2.10340,2.02850,0.56627,,,,1,2000,0,0,0,0
ConcentratedDelayedExplosions,477,6.93340,2.05540,6.93270,0.54989,,,,1,2000,0,0,0,0
ConcentratedDelayedExplosions,478,1.89360,2.09840,1.88970,0.56013,,,,1,2000,0,0,0,0
ConcentratedDelayedExplosions,479,1.88280,2.02990,1.88060,0.56525,,,,1,2000,0,0,0,0
ConcentratedDelayedExplosions,480,2.04300,6.93590,2.04080,0.55910,,,,1,2000,0,0,0,0
ConcentratedDelayedExplosions,481,2.02250,1.89190,2.02160,0.55603,,,,1,2000,0,0,0,0
ConcentratedDelayedExplosions,482,1.65660,1.88260,1.65530,0.55194,,,,1,2000,0,0,0,0
ConcentratedDelayedExplosions,483,1.79950,2.04180,1.79870,0.55501,,,,1,2000,0,0,0,0
ConcentratedDelayedExplosions,484,1.79680,2.02270,1.79620,0.54784,,,,1,2000,0,0,0,0
ConcentratedDelayedExplosions,485,6.03670,1.65620,6.03510,0.55910,,,,1,2000,0,0,0,0
ConcentratedDelayedExplosions,486,1.99610,1.79970,1.99460,0.55168,,,,1,2000,0,0,0,0
ConcentratedDelayedExplosions,487,1.76990,1.79750,1.76880,0.56320,,,,1,2000,0,0,0,0
ConcentratedDelayedExplosions,488,1.94770,6.03640,1.94570,0.54579,,,,1,2000,0,0,0,0
ConcentratedDelayedExplosions,489,2.13639,1.99580,2.13600,0.57549,,,,1,2000,0,0,0,0
ConcentratedDelayedExplosions,490,2.28190,1.77070,2.27990,0.56320,,,,1,2000,0,0,0,0
ConcentratedDelayedExplosions,491,1.99670,1.94660,1.99570,0.56525,,,,1,2000,0,0,0,0
ConcentratedDelayedExplosions,492,2.01170,2.13760,2.01020,0.54682,,,,1,2000,0,0,0,0
ConcentratedDelayedExplosions,493,6.02930,2.28080,6.02810,0.55706,,,,1,2000,0,0,0,0
ConcentratedDelayedExplosions,494,1.85500,1.99720,1.85390,0.54886,,,,1,2000,0,0,0,0
ConcentratedDelayedExplosions,495,2.22480,2.01160,2.22310,0.54374,,,,1,2000,0,0,0,0
ConcentratedDelayedExplosions,496,2.25940,6.02920,2.25840,0.55398,,,,1,2000,0,0,0,0
ConcentratedDelayedExplosions,497,1.95680,1.85560,1.95570,0.54374,,,,1,2000,0,0,0,0
ConcentratedDelayedExplosions,498,1.84830,2.22420,1.84720,0.55706,,,,1,2000,0,0,0,0
ConcentratedDelayedExplosions,499,1.94150,2.25920,1.94060,0.56115,,,,1,2000,0,0,0,0
ConcentratedDelayedExplosions,500,1.75340,1.95690,1.75180,0.56218,,,,1,2000,0,0,0,0
ConcentratedDelayedExplosions,501,6.86690,1.84810,6.86560,0.55501,,,,1,2000,0,0,0,0
ConcentratedDelayedExplosions,502,1.95950,1.94220,1.95790,0.55296,,,,1,2000,0,0,0,0
ConcentratedDelayedExplosions,503,2.13580,1.75320,2.13470,0.55091,,,,1,2000,0,0,0,0
ConcentratedDelayedExplosions,504,1.94760,6.86710,1.94670,0.55501,,,,1,2000,0,0,0,0
ConcentratedDelayedExplosions,505,2.01010,1.95910,2.00870,0.56525,,,,1,2000,0,0,0,0
ConcentratedDelayedExplosions,506,1.80060,2.13580,1.79910,0.54477,,,,1,2000,0,0,0,0
ConcentratedDelayedExplosions,507,1.88970,1.94800,1.88910,0.55808,,,,1,2000,0,0,0,0
ConcentratedDelayedExplosions,508,2.32219,2.00990,2.32060,0.54989,,,,1,2000,0,0,0,0
ConcentratedDelayedExplosions,509,6.34201,1.80000,6.34110,0.55398,,,,1,2000,0,0,0,0
ConcentratedDelayedExplosions,510,1.76630,1.89060,1.76400,0.53862,,,,1,2000,0,0,0,0
ConcentratedDelayedExplosions,511,2.15920,2.32170,2.15820,0.57139,,,,1,2000,0,0,0,0
ConcentratedDelayedExplosions,512,1.96890,6.34310,1.96770,0.55501,,,,1,2000,0,0,0,0
ConcentratedDelayedExplosions,513,1.84540,1.76490,1.84410,0.55398,,,,1,2000,0,0,0,0
ConcentratedDelayedExplosions,514,1.89940,2.15960,1.89830,0.55296,,,,1,2000,0,0,0,0
ConcentratedDelayedExplosions,515,1.91860,1.96900,1.91740,0.53555,,,,1,2000,0,0,0,0
ConcentratedDelayedExplosions,516,1.94970,1.84520,1.94860,0.55706,,,,1,2000,0,0,0,0
ConcentratedDelayedExplosions,517,6.20300,1.89950,6.20220,0.56422,,,,1,2000,0,0,0,0
ConcentratedDelayedExplosions,518,1.85190,1.91830,1.85070,0.57958,,,,1,2000,0,0,0,0
ConcentratedDelayedExplosions,519,2.38220,1.94950,2.38090,0.55296,,,,1,2000,0,0,0,0
ConcentratedDelayedExplosions,520,2.44921,6.20350,2.44810,0.53862,,,,1,2000,0,0,0,0
ConcentratedDelayedExplosions,521,2.51059,1.85210,2.50770,0.56218,,,,1,2000,0,0,0,0
ConcentratedDelayedExplosions,522,1.91200,2.38320,1.90950,0.56115,,,,1,2000,0,0,0,0
ConcentratedDelayedExplosions,523,1.73570,2.45000,1.73490,0.56115,,,,1,2000,0,0,0,0
ConcentratedDelayedExplosions,524,6.32470,2.50960,6.32330,0.55296,,,,1,2000,0,0,0,0
ConcentratedDelayedExplosions,525,2.02430,1.91070,2.02280,0.53760,,,,1,2000,0,0,0,0
ConcentratedDelayedExplosions,526,2.42680,1.73610,2.42500,0.56832,,,,1,2000,0,0,0,0
ConcentratedDelayedExplosions,527,1.98960,6.32470,1.98850,0.55808,,,,1,2000,0,0,0,0
ConcentratedDelayedExplosions,528,2.09250,2.02450,2.09260,0.56832,,,,1,2000,0,0,0,0
ConcentratedDelayedExplosions,529,2.27910,2.42610,2.27550,0.55194,,,,1,2000,0,0,0,0
ConcentratedDelayedExplosions,530,1.77200,1.98960,1.77060,0.55296,,,,1,2000,0,0,0,0
ConcentratedDelayedExplosions,531,1.87850,2.09530,1.87750,0.56013,,,,1,2000,0,0,0,0
ConcentratedDelayedExplosions,532,6.71110,2.27720,6.71090,0.54989,,,,1,2000,0,0,0,0
ConcentratedDelayedExplosions,533,2.22521,1.77120,2.22110,0.55501,,,,1,2000,0,0,0,0
ConcentratedDelayedExplosions,534,2.11530,1.87860,2.11390,0.55501,,,,1,2000,0,0,0,0
ConcentratedDelayedExplosions,535,1.91600,6.71450,2.01200,0.55296,,,,1,2000,0,0,0,0
ConcentratedDelayedExplosions,536,1.93790,2.22230,1.83880,0.54579,,,,1,2000,0,0,0,0
ConcentratedDelayedExplosions,537,1.89340,2.11520,1.89240,0.57446,,,,1,2000,0,0,0,0
ConcentratedDelayedExplosions,538,1.79700,2.01360,1.79560,0.54579,,,,1,2000,0,0,0,0
ConcentratedDelayedExplosions,539,1.95250,1.83990,1.95110,0.55398,,,,1,2000,0,0,0,0
ConcentratedDelayedExplosions,540,5.76240,1.89370,5.76090,0.54784,,,,1,2000,0,0,0,0
ConcentratedDelayedExplosions,541,1.72720,1.79730,1.72480,0.56320,,,,1,2000,0,0,0,0
ConcentratedDelayedExplosions,542,1.83470,1.95270,1.83380,0.55296,,,,1,2000,0,0,0,0
ConcentratedDelayedExplosions,543,2.12820,5.76290,2.12680,0.57651,,,,1,2000,0,0,0,0
ConcentratedDelayedExplosions,544,2.08460,1.72590,2.08400,0.54272,,,,1,2000,0,0,0,0
ConcentratedDelayedExplosions,545,2.27890,1.83510,2.27700,0.55910,,,,1,2000,0,0,0,0
ConcentratedDelayedExplosions,546,2.15380,2.12770,2.15290,0.53862,,,,1,2000,0,0,0,0
ConcentratedDelayedExplosions,547,1.90320,2.08540,1.90250,0.53862,,,,1,2000,0,0,0,0
ConcentratedDelayedExplosions,548,6.79440,2.27800,6.79360,0.56013,,,,1,2000,0,0,0,0
ConcentratedDelayedExplosions,549,2.05450,2.15390,2.05230,0.55296,,,,1,2000,0,0,0,0
ConcentratedDelayedExplosions,550,1.91000,1.90370,1.90970,0.54477,,,,1,2000,0,0,0,0
ConcentratedDelayedExplosions,551,1.92720,6.79510,1.92510,0.55194,,,,1,2000,0,0,0,0
ConcentratedDelayedExplosions,552,1.78030,2.05330,1.77910,0.54579,,,,1,2000,0,0,0,0
ConcentratedDelayedExplosions,553,1.91300,1.91110,1.91170,0.55398,,,,1,2000,0,0,0,0
ConcentratedDelayedExplosions,554,1.80070,1.92630,1.79910,0.55501,,,,1,2000,0,0,0,0
ConcentratedDelayedExplosions,555,1.88019,1.78050,1.87900,0.54682,,,,1,2000,0,0,0,0
ConcentratedDelayedExplosions,556,6.16460,1.91320,6.16320,0.54963,,,,1,2000,0,0,0,0
ConcentratedDelayedExplosions,557,2.17299,1.80030,2.17090,0.53760,,,,1,2000,0,0,0,0
ConcentratedDelayedExplosions,558,2.21521,1.88090,2.21410,0.55091,,,,1,2000,0,0,0,0
ConcentratedDelayedExplosions,559,2.20910,6.16520,2.20760,0.55296,,,,1,2000,0,0,0,0
ConcentratedDelayedExplosions,560,1.97800,2.17200,1.97710,0.54374,,,,1,2000,0,0,0,0
ConcentratedDelayedExplosions,561,1.76580,2.21540,1.76280,0.56218,,,,1,2000,0,0,0,0
ConcentratedDelayedExplosions,562,2.06470,2.20920,2.06350,0.56218,,,,1,2000,0,0,0,0
ConcentratedDelayedExplosions,563,1.74980,1.97940,1.74830,0.55194,,,,1,2000,0,0,0,0
ConcentratedDelayedExplosions,564,5.80150,1.76390,5.80080,0.54477,,,,1,2000,0,0,0,0
ConcentratedDelayedExplosions,565,1.95150,2.06490,1.94820,0.56525,,,,1,2000,0,0,0,0
ConcentratedDelayedExplosions,566,1.64841,1.74980,1.64760,0.56218,,,,1,2000,0,0,0,0
ConcentratedDelayedExplosions,567,1.76280,5.80330,1.76400,0.55091,,,,1,2000,0,0,0,0
ConcentratedDelayedExplosions,568,1.92900,1.94910,1.92430,0.54170,,,,1,2000,0,0,0,0
ConcentratedDelayedExplosions,569,1.76361,1.64890,1.76260,0.53862,,,,1,2000,0,0,0,0
ConcentratedDelayedExplosions,570,1.66300,1.76620,1.66150,0.54067,,,,1,2000,0,0,0,0
ConcentratedDelayedExplosions,571,1.70140,1.92520,1.70040,0.55091,,,,1,2000,0,0,0,0
ConcentratedDelayedExplosions,572,1.68700,1.76400,1.68580,0.54784,,,,1,2000,0,0,0,0
ConcentratedDelayedExplosions,573,5.97170,1.66270,5.97070,0.55706,,,,1,2000,0,0,0,0
ConcentratedDelayedExplosions,574,1.88851,1.70160,1.88640,0.54170,,,,1,2000,0,0,0,0
ConcentratedDelayedExplosions,575,2.09979,1.68700,2.09910,0.55910,,,,1,2000,0,0,0,0
ConcentratedDelayedExplosions,576,1.74430,5.97240,1.74310,0.54579,,,,1,2000,0,0,0,0
ConcentratedDelayedExplosions,577,1.82250,1.88740,1.82160,0.57344,,,,1,2000,0,0,0,0
ConcentratedDelayedExplosions,578,2.16150,2.10000,2.16060,0.54886,,,,1,2000,0,0,0,0
ConcentratedDelayedExplosions,579,1.85280,1.74410,1.85150,0.56627,,,,1,2000,0,0,0,0
ConcentratedDelayedExplosions,580,1.93170,1.82250,1.93090,0.55501,,,,1,2000,0,0,0,0
ConcentratedDelayedExplosions,581,6.35560,2.16200,6.35470,0.54374,,,,1,2000,0,0,0,0
ConcentratedDelayedExplosions,582,2.06570,1.85230,2.06420,0.55501,,,,1,2000,0,0,0,0
ConcentratedDelayedExplosions,583,1.72600,1.93210,1.72410,0.55501,,,,1,2000,0,0,0,0
ConcentratedDelayedExplosions,584,5.91200,6.35670,5.91770,0.55194,,,,1,2000,0,0,0,0
ConcentratedDelayedExplosions,585,2.89590,2.06520,2.88680,0.55091,,,,1,2000,0,0,0,0
ConcentratedDelayedExplosions,586,6.93819,1.72500,6.93760,0.55398,,,,1,2000,0,0,0,0
ConcentratedDelayedExplosions,587,2.15240,5.92070,2.14920,0.56320,,,,1,2000,0,0,0,0
ConcentratedDelayedExplosions,588,1.95910,2.88790,1.95790,0.59904,,,,1,2000,0,0,0,0
ConcentratedDelayedExplosions,589,1.84820,6.94000,1.84690,0.56422,,,,1,2000,0,0,0,0
ConcentratedDelayedExplosions,590,2.07040,2.15020,2.06890,0.57958,,,,1,2000,0,0,0,0
ConcentratedDelayedExplosions,591,1.75900,1.95920,1.75770,0.56934,,,,1,2000,0,0,0,0
ConcentratedDelayedExplosions,592,2.08770,1.84830,2.08660,0.57856,,,,1,2000,0,0,0,0
ConcentratedDelayedExplosions,593,2.47260,2.07030,2.47080,0.57139,,,,1,2000,0,0,0,0
ConcentratedDelayedExplosions,594,6.12440,1.75890,6.12310,0.55296,,,,1,2000,0,0,0,0
ConcentratedDelayedExplosions,595,1.86600,2.08860,1.86420,0.56627,,,,1,2000,0,0,0,0
ConcentratedDelayedExplosions,596,1.88230,2.47220,1.88060,0.57139,,,,1,2000,0,0,0,0
ConcentratedDelayedExplosions,597,2.40530,6.12460,2.40430,0.58266,,,,1,2000,0,0,0,0
ConcentratedDelayedExplosions,598,2.06790,1.86600,2.06600,0.58368,,,,1,2000,0,0,0,0
ConcentratedDelayedExplosions,599,1.91930,1.88170,1.91740,0.56422,,,,1,2000,0,0,0,0
ConcentratedDelayedExplosions,600,2.00700,2.40610,2.00500,0.57754,,,,1,2000,0,0,0,0
ConcentratedDelayedExplosions,601,2.01360,2.06780,2.01210,0.56730,,,,1,2000,0,0,0,0
ConcentratedDelayedExplosions,602,6.08220,1.91950,6.08060,0.57754,,,,1,2000,0,0,0,0
ConcentratedDelayedExplosions,603,1.82030,2.00650,1.81880,0.55706,,,,1,2000,0,0,0,0
ConcentratedDelayedExplosions,604,2.47669,2.01340,2.47560,0.59802,,,,1,2000,0,0,0,0
ConcentratedDelayedExplosions,605,2.00561,6.08240,2.00400,0.56320,,,,1,2000,0,0,0,0
ConcentratedDelayedExplosions,606,2.07330,1.81990,2.07140,0.57242,,,,1,2000,0,0,0,0
ConcentratedDelayedExplosions,607,1.76900,2.47740,1.76730,0.56115,,,,1,2000,0,0,0,0
ConcentratedDelayedExplosions,608,1.81620,2.00560,1.81570,0.57754,,,,1,2000,0,0,0,0
ConcentratedDelayedExplosions,609,1.89660,2.07310,1.89470,0.57242,,,,1,2000,0,0,0,0
ConcentratedDelayedExplosions,610,6.13040,1.76820,6.12880,0.56422,,,,1,2000,0,0,0,0
ConcentratedDelayedExplosions,611,1.78890,1.81760,1.78640,0.57242,,,,1,2000,0,0,0,0
ConcentratedDelayedExplosions,612,1.77600,1.89600,1.77480,0.57754,,,,1,2000,0,0,0,0
ConcentratedDelayedExplosions,613,1.75060,6.13120,1.74980,0.56934,,,,1,2000,0,0,0,0
ConcentratedDelayedExplosions,614,1.75190,1.78750,1.75110,0.55706,,,,1,2000,0,0,0,0
ConcentratedDelayedExplosions,615,6.82180,1.77560,6.82220,0.58573,,,,1,2000,0,0,0,0
ConcentratedDelayedExplosions,616,6.55240,1.75070,6.54860,0.58573,,,,1,2000,0,0,0,0
ConcentratedDelayedExplosions,617,6.25200,1.75280,6.25900,0.58982,,,,1,2000,0,0,0,0
ConcentratedDelayedExplosions,618,3.75911,6.82450,3.84970,0.56115,,,,1,2000,0,0,0,0
ConcentratedDelayedExplosions,619,2.83660,6.55050,2.72950,0.56115,,,,1,2000,0,0,0,0
ConcentratedDelayedExplosions,620,7.17299,6.26440,7.16940,0.58470,,,,1,2000,0,0,0,0
ConcentratedDelayedExplosions,621,2.09570,3.85170,2.09340,0.54784,,,,1,2000,0,0,0,0
ConcentratedDelayedExplosions,622,2.03610,2.73330,2.03480,0.56422,,,,1,2000,0,0,0,0
ConcentratedDelayedExplosions,623,2.47520,7.17120,2.47350,0.55910,,,,1,2000,0,0,0,0
ConcentratedDelayedExplosions,624,2.40850,2.09480,2.40690,0.56730,,,,1,2000,0,0,0,0
ConcentratedDelayedExplosions,625,1.95080,2.03660,1.94870,0.58266,,,,1,2000,0,0,0,0
ConcentratedDelayedExplosions,626,2.06190,2.47520,2.06080,0.57139,,,,1,2000,0,0,0,0
ConcentratedDelayedExplosions,627,6.96700,2.40860,6.96540,0.56525,,,,1,2000,0,0,0,0
ConcentratedDelayedExplosions,628,2.46010,1.95000,2.45870,0.57549,,,,1,2000,0,0,0,0
ConcentratedDelayedExplosions,629,2.28360,2.06260,2.28140,0.56218,,,,1,2000,0,0,0,0
ConcentratedDelayedExplosions,630,2.68660,6.96700,2.68490,0.55910,,,,1,2000,0,0,0,0
ConcentratedDelayedExplosions,631,2.03150,2.46020,2.03000,0.55808,,,,1,2000,0,0,0,0
ConcentratedDelayedExplosions,632,2.04070,2.28330,2.03970,0.60006,,,,1,2000,0,0,0,0
ConcentratedDelayedExplosions,633,2.21160,2.68630,2.21040,0.56525,,,,1,2000,0,0,0,0
ConcentratedDelayedExplosions,634,6.69240,2.03090,6.69200,0.57856,,,,1,2000,0,0,0,0
ConcentratedDelayedExplosions,635,2.25040,2.04100,2.24850,0.54989,,,,1,2000,0,0,0,0
ConcentratedDelayedExplosions,636,2.03270,2.21170,2.03230,0.57037,,,,1,2000,0,0,0,0
ConcentratedDelayedExplosions,637,2.01580,6.69320,2.01390,0.57754,,,,1,2000,0,0,0,0
ConcentratedDelayedExplosions,638,1.94320,2.24960,1.94160,0.58163,,,,1,2000,0,0,0,0
ConcentratedDelayedExplosions,639,2.01160,2.03370,2.01010,0.56218,,,,1,2000,0,0,0,0
ConcentratedDelayedExplosions,640,1.82130,2.01520,1.81970,0.58880,,,,1,2000,0,0,0,0
ConcentratedDelayedExplosions,641,6.44580,1.94300,6.44500,0.57856,,,,1,2000,0,0,0,0
ConcentratedDelayedExplosions,642,1.68951,2.01150,1.68650,0.57037,,,,1,2000,0,0,0,0
ConcentratedDelayedExplosions,643,1.66669,1.82110,1.66540,0.54579,,,,1,2000,0,0,0,0
ConcentratedDelayedExplosions,644,1.70040,6.44760,1.69950,0.57856,,,,1,2000,0,0,0,0
ConcentratedDelayedExplosions,645,1.81590,1.68770,1.81440,0.57139,,,,1,2000,0,0,0,0
ConcentratedDelayedExplosions,646,2.01310,1.66630,2.01170,0.56422,,,,1,2000,0,0,0,0
ConcentratedDelayedExplosions,647,2.06020,1.70100,2.05930,0.54477,,,,1,2000,0,0,0,0
ConcentratedDelayedExplosions,648,8.43020,1.81570,8.43030,0.58880,,,,1,2000,0,0,0,0
ConcentratedDelayedExplosions,649,7.38270,2.01290,7.38050,0.58880,,,,1,2000,0,0,0,0
ConcentratedDelayedExplosions,650,9.47520,2.06120,9.47560,0.56627,,,,1,2000,0,0,0,0
ConcentratedDelayedExplosions,651,7.24340,8.43180,7.23750,0.53453,,,,1,2000,0,0,0,0
ConcentratedDelayedExplosions,652,2.46750,7.38260,2.46440,0.56525,,,,1,2000,0,0,0,0
ConcentratedDelayedExplosions,653,2.39240,9.47850,2.39140,0.56218,,,,1,2000,0,0,0,0
ConcentratedDelayedExplosions,654,2.37110,7.23970,2.36940,0.58266,,,,1,2000,0,0,0,0
ConcentratedDelayedExplosions,655,2.39230,2.46590,2.39150,0.56218,,,,1,2000,0,0,0,0
ConcentratedDelayedExplosions,656,7.48700,2.39280,7.48560,0.55706,,,,1,2000,0,0,0,0
ConcentratedDelayedExplosions,657,1.94269,2.37040,1.94010,0.58650,,,,1,2000,0,0,0,0
ConcentratedDelayedExplosions,658,1.87990,2.39310,1.87860,0.61133,,,,1,2000,0,0,0,0
ConcentratedDelayedExplosions,659,1.86040,7.48770,1.85900,0.59187,,,,1,2000,0,0,0,0
ConcentratedDelayedExplosions,660,1.86970,1.94150,1.86840,0.58266,,,,1,2000,0,0,0,0
ConcentratedDelayedExplosions,661,1.92950,1.87980,1.92830,0.57446,,,,1,2000,0,0,0,0
ConcentratedDelayedExplosions,662,2.11700,1.86050,2.11530,0.61542,,,,1,2000,0,0,0,0
ConcentratedDelayedExplosions,663,2.42220,1.86960,2.42070,0.58778,,,,1,2000,0,0,0,0
ConcentratedDelayedExplosions,664,6.68450,1.93000,6.68410,0.58470,,,,1,2000,0,0,0,0
ConcentratedDelayedExplosions,665,2.47570,2.11660,2.47260,0.59494,,,,1,2000,0,0,0,0
ConcentratedDelayedExplosions,666,1.88500,2.42170,1.88400,0.61850,,,,1,2000,0,0,0,0
ConcentratedDelayedExplosions,667,2.00670,6.68670,2.00580,0.57856,,,,1,2000,0,0,0,0
ConcentratedDelayedExplosions,668,2.12370,2.47350,2.12230,0.58368,,,,1,2000,0,0,0,0
ConcentratedDelayedExplosions,669,1.82200,1.88500,1.82070,0.58163,,,,1,2000,0,0,0,0
ConcentratedDelayedExplosions,670,1.94100,2.00730,1.94000,0.62566,,,,1,2000,0,0,0,0
ConcentratedDelayedExplosions,671,6.01900,2.12340,6.01830,0.58675,,,,1,2000,0,0,0,0
ConcentratedDelayedExplosions,672,2.05770,1.82170,2.05670,0.57651,,,,1,2000,0,0,0,0
ConcentratedDelayedExplosions,673,2.23710,1.94090,2.23600,0.59597,,,,1,2000,0,0,0,0
ConcentratedDelayedExplosions,674,1.76940,6.01940,1.76770,0.63795,,,,1,2000,0,0,0,0
ConcentratedDelayedExplosions,675,2.45930,2.05770,2.45800,0.56934,,,,1,2000,0,0,0,0
ConcentratedDelayedExplosions,676,1.74131,2.23750,1.73980,0.58675,,,,1,2000,0,0,0,0
ConcentratedDelayedExplosions,677,1.89370,1.76920,1.89370,0.58675,,,,1,2000,0,0,0,0
ConcentratedDelayedExplosions,678,2.04250,2.45920,2.03990,0.62464,,,,1,2000,0,0,0,0
ConcentratedDelayedExplosions,679,5.87950,1.74070,5.87860,0.58573,,,,1,2000,0,0,0,0
ConcentratedDelayedExplosions,680,1.91050,1.89550,1.90880,0.57549,,,,1,2000,0,0,0,0
ConcentratedDelayedExplosions,681,6.24880,2.04100,6.24920,0.62464,,,,1,2000,0,0,0,0
ConcentratedDelayedExplosions,682,1.97550,5.87990,1.97280,0.62464,,,,1,2000,0,0,0,0
ConcentratedDelayedExplosions,683,5.66150,1.90980,5.66200,0.59597,,,,1,2000,0,0,0,0
ConcentratedDelayedExplosions,684,6.86470,6.25050,6.86240,0.56218,,,,1,2000,0,0,0,0
ConcentratedDelayedExplosions,685,1.80079,1.97380,1.79770,0.57139,,,,1,2000,0,0,0,0
ConcentratedDelayedExplosions,686,1.76570,5.66390,1.76440,0.61542,,,,1,2000,0,0,0,0
ConcentratedDelayedExplosions,687,1.77210,6.86450,1.77110,0.57754,,,,1,2000,0,0,0,0
ConcentratedDelayedExplosions,688,2.07140,1.79900,2.07260,0.58778,,,,1,2000,0,0,0,0
ConcentratedDelayedExplosions,689,2.04970,1.76540,2.04430,0.57754,,,,1,2000,0,0,0,0
ConcentratedDelayedExplosions,690,1.98080,1.77260,1.97900,0.62771,,,,1,2000,0,0,0,0
ConcentratedDelayedExplosions,691,6.33320,2.07560,6.33220,0.57651,,,,1,2000,0,0,0,0
ConcentratedDelayedExplosions,692,2.07830,2.04600,2.07660,0.60518,,,,1,2000,0,0,0,0
ConcentratedDelayedExplosions,693,1.76550,1.98050,1.76310,0.57651,,,,1,2000,0,0,0,0
ConcentratedDelayedExplosions,694,1.99270,6.33360,1.99250,0.64000,,,,1,2000,0,0,0,0
ConcentratedDelayedExplosions,695,2.39290,2.07870,2.39060,0.57037,,,,1,2000,0,0,0,0
ConcentratedDelayedExplosions,696,2.40510,1.76410,2.40150,0.61338,,,,1,2000,0,0,0,0
ConcentratedDelayedExplosions,697,1.91400,1.99440,1.91310,0.57856,,,,1,2000,0,0,0,0
ConcentratedDelayedExplosions,698,1.96091,2.39360,1.95910,0.62669,,,,1,1989,11,0,0,11
ConcentratedDelayedExplosions,699,9.81240,2.40260,9.81190,0.57344,,,,1,1989,11,0,0,11
ConcentratedDelayedExplosions,700,2.91440,1.91490,2.91090,0.61338,,,,1,1989,11,0,0,11
ConcentratedDelayedExplosions,701,2.44990,1.96030,2.44850,0.57139,,,,1,1989,11,0,0,11
ConcentratedDelayedExplosions,702,2.52640,9.81490,2.52470,0.65126,,,,1,1989,11,0,0,11
ConcentratedDelayedExplosions,703,2.17280,2.91230,2.17140,0.57958,,,,1,1971,29,0,0,12
ConcentratedDelayedExplosions,704,8.83300,2.44990,8.83300,0.61030,,,,1,1971,29,0,0,12
ConcentratedDelayedExplosions,705,2.37230,2.52620,2.36890,0.57856,,,,1,1971,29,0,0,12
ConcentratedDelayedExplosions,706,2.46550,2.17270,2.46380,0.63386,,,,1,1971,29,0,0,12
ConcentratedDelayedExplosions,707,2.38060,8.83560,2.37980,0.58470,,,,1,1971,29,0,0,12
ConcentratedDelayedExplosions,708,2.27440,2.37000,2.27320,0.59699,,,,1,1971,29,0,0,12
ConcentratedDelayedExplosions,709,2.58360,2.46510,2.58160,0.56320,,,,1,1954,46,0,0,12
ConcentratedDelayedExplosions,710,9.91240,2.38090,9.91190,0.62157,,,,1,1954,46,0,0,12
ConcentratedDelayedExplosions,711,2.53080,2.27460,2.52720,0.57242,,,,1,1954,46,0,0,12
ConcentratedDelayedExplosions,712,2.63760,2.58350,2.63500,0.61235,,,,1,1954,46,0,0,12
ConcentratedDelayedExplosions,713,2.81580,9.91540,2.81400,0.58061,,,,1,1935,65,0,0,12
ConcentratedDelayedExplosions,714,8.62110,2.52910,8.62300,0.64000,,,,1,1935,65,0,0,12
ConcentratedDelayedExplosions,715,3.51640,2.63660,3.51100,0.57754,,,,1,1935,65,0,0,12
ConcentratedDelayedExplosions,716,7.63780,2.81520,7.63870,0.57242,,,,1,1922,78,0,0,12
ConcentratedDelayedExplosions,717,10.22610,8.62580,10.22100,0.57958,,,,1,1922,78,0,0,12
ConcentratedDelayedExplosions,718,3.24320,3.51230,3.24620,0.64102,,,,1,1922,78,0,0,12
ConcentratedDelayedExplosions,719,3.29240,7.64150,3.28680,0.62259,,,,1,1922,78,0,0,12
ConcentratedDelayedExplosions,720,3.11960,10.22400,3.11650,0.66662,,,,1,1911,89,0,0,12
ConcentratedDelayedExplosions,721,9.37530,3.24730,9.37550,0.66458,,,,1,1911,89,0,0,12
ConcentratedDelayedExplosions,722,3.03050,3.28840,3.02530,0.63386,,,,1,1911,89,0,0,12
ConcentratedDelayedExplosions,723,2.43200,3.11780,2.43130,0.69734,,,,1,1911,89,0,0,12
ConcentratedDelayedExplosions,724,2.89230,9.37900,2.89050,0.61542,,,,1,1911,89,0,0,12
ConcentratedDelayedExplosions,725,2.67390,3.02630,2.67180,0.68608,,,,1,1901,99,0,0,12
ConcentratedDelayedExplosions,726,6.94210,2.43290,6.94130,0.58368,,,,1,1901,99,0,0,12
ConcentratedDelayedExplosions,727,3.19630,2.89230,3.19470,0.61850,,,,1,1901,99,0,0,12
ConcentratedDelayedExplosions,728,2.28260,2.67280,2.28140,0.59187,,,,1,1901,99,0,0,12
ConcentratedDelayedExplosions,729,2.38020,6.94290,2.37910,0.64000,,,,1,1901,99,0,0,12
ConcentratedDelayedExplosions,730,2.24269,3.19550,2.24180,0.58880,,,,1,1901,99,0,0,12
ConcentratedDelayedExplosions,731,2.32701,2.28250,2.32600,0.62771,,,,1,1901,99,0,0,12
ConcentratedDelayedExplosions,732,2.44899,2.38000,2.44760,0.59187,,,,1,1873,127,0,0,12
ConcentratedDelayedExplosions,733,8.25140,2.24280,8.25120,0.62259,,,,1,1873,127,0,0,12
ConcentratedDelayedExplosions,734,2.57240,2.32760,2.56970,0.58266,,,,1,1873,127,0,0,12
ConcentratedDelayedExplosions,735,2.53920,2.44840,2.53720,0.62874,,,,1,1873,127,0,0,12
ConcentratedDelayedExplosions,736,2.29530,8.25350,2.28670,0.60826,,,,1,1873,127,0,0,12
ConcentratedDelayedExplosions,737,2.67430,2.57140,2.67340,0.64819,,,,1,1859,141,0,0,12
ConcentratedDelayedExplosions,738,7.42150,2.54570,7.42070,0.59187,,,,1,1859,141,0,0,12
ConcentratedDelayedExplosions,739,2.62940,2.28780,2.62600,0.67584,,,,1,1859,141,0,0,12
ConcentratedDelayedExplosions,740,2.41030,2.67490,2.40850,0.59392,,,,1,1859,141,0,0,12
ConcentratedDelayedExplosions,741,2.42309,7.42340,2.42170,0.64307,,,,1,1859,141,0,0,12
ConcentratedDelayedExplosions,742,2.77890,2.62770,2.77810,0.59699,,,,1,1859,141,0,0,12
ConcentratedDelayedExplosions,743,2.37970,2.40990,2.37840,0.63693,,,,1,1845,155,0,0,12
ConcentratedDelayedExplosions,744,6.89370,2.42260,6.89240,0.60518,,,,1,1845,155,0,0,12
ConcentratedDelayedExplosions,745,2.46370,2.77920,2.46240,0.63181,,,,1,1845,155,0,0,12
ConcentratedDelayedExplosions,746,2.36480,2.37970,2.36310,0.59904,,,,1,1845,155,0,0,12
ConcentratedDelayedExplosions,747,2.93920,6.89370,2.93800,0.62874,,,,1,1845,155,0,0,12
ConcentratedDelayedExplosions,748,2.82340,2.46410,2.82180,0.60006,,,,1,1845,155,0,0,12
ConcentratedDelayedExplosions,749,2.55960,2.36460,2.55830,0.65946,,,,1,1830,170,0,0,12
ConcentratedDelayedExplosions,750,7.38860,2.93950,7.38850,0.60109,,,,1,1830,170,0,0,12
ConcentratedDelayedExplosions,751,2.78780,2.82310,2.78350,0.63181,,,,1,1830,170,0,0,12
ConcentratedDelayedExplosions,752,4.67370,2.55970,4.67300,0.60928,,,,1,1830,170,0,0,12
ConcentratedDelayedExplosions,753,5.11790,7.39160,5.11660,0.60006,,,,1,1816,184,0,0,12
ConcentratedDelayedExplosions,754,8.01810,2.78490,8.01730,0.60006,,,,1,1816,184,0,0,12
ConcentratedDelayedExplosions,755,6.32670,4.67430,6.32430,0.60518,,,,1,1816,184,0,0,12
ConcentratedDelayedExplosions,756,2.86000,5.11780,2.85470,0.57549,,,,1,1816,184,0,0,12
ConcentratedDelayedExplosions,757,3.19740,8.02000,3.24760,0.58061,,,,1,1806,194,0,0,12
ConcentratedDelayedExplosions,758,7.85630,6.32790,7.80320,0.58061,,,,1,1806,194,0,0,12
ConcentratedDelayedExplosions,759,2.67951,2.85580,2.67750,0.61030,,,,1,1806,194,0,0,12
ConcentratedDelayedExplosions,760,2.37319,3.24970,2.37200,0.64717,,,,1,1806,194,0,0,12
ConcentratedDelayedExplosions,761,2.63380,7.80510,2.63280,0.58368,,,,1,1806,194,0,0,12
ConcentratedDelayedExplosions,762,2.66460,2.67870,2.66340,0.59904,,,,1,1806,194,0,0,12
ConcentratedDelayedExplosions,763,2.67200,2.37300,2.67040,0.60109,,,,1,1792,208,0,0,12
ConcentratedDelayedExplosions,764,7.22090,2.63400,7.21960,0.62669,,,,1,1792,208,0,0,12
ConcentratedDelayedExplosions,765,2.72600,2.66490,2.72480,0.58982,,,,1,1792,208,0,0,12
ConcentratedDelayedExplosions,766,2.65620,2.67190,2.65340,0.60518,,,,1,1792,208,0,0,12
ConcentratedDelayedExplosions,767,2.54200,7.22090,2.54110,0.61542,,,,1,1792,208,0,0,12
ConcentratedDelayedExplosions,768,2.66700,2.72740,2.66610,0.60109,,,,1,1792,208,0,0,12
ConcentratedDelayedExplosions,769,2.71640,2.65450,2.71410,0.59904,,,,1,1781,219,0,0,12
ConcentratedDelayedExplosions,770,7.47240,2.54200,7.47230,0.61645,,,,1,1781,219,0,0,12
ConcentratedDelayedExplosions,771,3.22330,2.66790,3.22020,0.61850,,,,1,1781,219,0,0,12
ConcentratedDelayedExplosions,772,2.88861,2.71510,2.88630,0.62259,,,,1,1781,219,0,0,12
ConcentratedDelayedExplosions,773,2.83610,7.47500,2.83490,0.61747,,,,1,1781,219,0,0,12
ConcentratedDelayedExplosions,774,3.00360,3.22210,3.00210,0.62362,,,,1,1769,231,0,0,12
ConcentratedDelayedExplosions,775,8.34830,2.88750,8.34770,0.62054,,,,1,1769,231,0,0,12
ConcentratedDelayedExplosions,776,2.41740,2.83660,2.41500,0.61235,,,,1,1769,231,0,0,12
ConcentratedDelayedExplosions,777,2.47640,3.00340,2.47510,0.59904,,,,1,1769,231,0,0,12
ConcentratedDelayedExplosions,778,2.57530,8.34980,2.57400,0.65434,,,,1,1769,231,0,0,12
ConcentratedDelayedExplosions,779,2.64340,2.41610,2.64190,0.64000,,,,1,1757,243,0,0,12
ConcentratedDelayedExplosions,780,7.45300,2.47640,7.45160,0.62771,,,,1,1757,243,0,0,12
ConcentratedDelayedExplosions,781,2.39899,2.57560,2.39770,0.60723,,,,1,1757,243,0,0,12
ConcentratedDelayedExplosions,782,2.37230,2.64310,2.37090,0.65434,,,,1,1757,243,0,0,12
ConcentratedDelayedExplosions,783,2.76830,7.45280,2.76760,0.64410,,,,1,1757,243,0,0,12
ConcentratedDelayedExplosions,784,2.64900,2.39880,2.64690,0.62054,,,,1,1757,243,0,0,12
ConcentratedDelayedExplosions,785,2.63910,2.37220,2.63900,0.61850,,,,1,1740,260,0,0,12
ConcentratedDelayedExplosions,786,7.39719,2.76930,7.39370,0.64307,,,,1,1740,260,0,0,12
ConcentratedDelayedExplosions,787,2.29751,2.64800,2.29650,0.64512,,,,1,1740,260,0,0,12
ConcentratedDelayedExplosions,788,2.64079,2.64180,2.63920,0.62669,,,,1,1740,260,0,0,12
ConcentratedDelayedExplosions,789,2.58350,7.39450,2.58240,0.59597,,,,1,1740,260,0,0,12
ConcentratedDelayedExplosions,790,2.26660,2.29840,2.26540,0.61338,,,,1,1740,260,0,0,12
ConcentratedDelayedExplosions,791,2.36621,2.64000,2.36540,0.65536,,,,1,1726,274,0,0,12
ConcentratedDelayedExplosions,792,6.73920,2.58340,6.73830,0.64717,,,,1,1726,274,0,0,12
ConcentratedDelayedExplosions,793,2.61470,2.26650,2.61350,0.59802,,,,1,1726,274,0,0,12
ConcentratedDelayedExplosions,794,3.27300,2.36640,3.27100,0.59699,,,,1,1726,274,0,0,12
ConcentratedDelayedExplosions,795,2.72010,6.74030,2.71810,0.63181,,,,1,1726,274,0,0,12
ConcentratedDelayedExplosions,796,2.54930,2.61500,2.54820,0.65434,,,,1,1726,274,0,0,12
ConcentratedDelayedExplosions,797,2.38681,3.27230,2.38650,0.59904,,,,1,1712,288,0,0,12
ConcentratedDelayedExplosions,798,8.12400,2.71930,8.12390,0.60826,,,,1,1712,288,0,0,12
ConcentratedDelayedExplosions,799,2.58800,2.54920,2.58300,0.61850,,,,1,1712,288,0,0,12
ConcentratedDelayedExplosions,800,2.49470,2.38790,2.49320,0.63898,,,,1,1712,288,0,0,12
ConcentratedDelayedExplosions,801,2.66250,8.12720,2.66140,0.59290,,,,1,1712,288,0,0,12
ConcentratedDelayedExplosions,802,2.53870,2.58430,2.53730,0.60723,,,,1,1712,288,0,0,12
ConcentratedDelayedExplosions,803,3.41589,2.49430,3.41440,0.61952,,,,1,1697,303,0,0,12
ConcentratedDelayedExplosions,804,8.26981,2.66360,8.26660,0.63898,,,,1,1697,303,0,0,12
ConcentratedDelayedExplosions,805,3.11340,2.53880,3.11200,0.59290,,,,1,1697,303,0,0,12
ConcentratedDelayedExplosions,806,3.25320,3.41750,3.24600,0.59290,,,,1,1697,303,0,0,12
ConcentratedDelayedExplosions,807,2.78950,8.26910,2.78740,0.63283,,,,1,1697,303,0,0,12
ConcentratedDelayedExplosions,808,2.38310,3.11830,2.38160,0.63283,,,,1,1691,309,0,0,12
ConcentratedDelayedExplosions,809,6.99841,3.24770,6.99710,0.58470,,,,1,1691,309,0,0,12
ConcentratedDelayedExplosions,810,2.92550,2.78850,2.92330,0.59085,,,,1,1691,309,0,0,12
ConcentratedDelayedExplosions,811,2.61700,2.38310,2.61520,0.61030,,,,1,1691,309,0,0,12
ConcentratedDelayedExplosions,812,3.06040,6.99910,3.05920,0.63283,,,,1,1691,309,0,0,12
ConcentratedDelayedExplosions,813,2.57920,2.92490,2.57800,0.59699,,,,1,1677,323,0,0,12
ConcentratedDelayedExplosions,814,7.12839,2.61640,7.12740,0.59802,,,,1,1677,323,0,0,12
ConcentratedDelayedExplosions,815,3.16570,3.06060,3.16380,0.62259,,,,1,1677,323,0,0,12
ConcentratedDelayedExplosions,816,2.94330,2.57940,2.94050,0.63283,,,,1,1677,323,0,0,12
ConcentratedDelayedExplosions,817,2.59201,7.12980,2.59070,0.59802,,,,1,1677,323,0,0,12
ConcentratedDelayedExplosions,818,2.36840,3.16570,2.36680,0.60109,,,,1,1677,323,0,0,12
ConcentratedDelayedExplosions,819,3.12040,2.94180,3.11940,0.62976,,,,1,1664,336,0,0,12
ConcentratedDelayedExplosions,820,7.52060,2.59210,7.51940,0.64102,,,,1,1664,336,0,0,12
ConcentratedDelayedExplosions,821,2.28760,2.36790,2.28500,0.59187,,,,1,1664,336,0,0,12
ConcentratedDelayedExplosions,822,2.17300,3.12100,2.17190,0.59494,,,,1,1664,336,0,0,12
ConcentratedDelayedExplosions,823,2.36630,7.52140,2.36510,0.61542,,,,1,1664,336,0,0,12
ConcentratedDelayedExplosions,824,2.66500,2.28610,2.66460,0.62874,,,,1,1664,336,0,0,12
ConcentratedDelayedExplosions,825,3.21500,2.17330,3.21240,0.59904,,,,1,1650,350,0,0,12
ConcentratedDelayedExplosions,826,6.99630,2.36590,6.99460,0.59802,,,,1,1650,350,0,0,12
ConcentratedDelayedExplosions,827,2.57029,2.66690,2.56870,0.62054,,,,1,1650,350,0,0,12
ConcentratedDelayedExplosions,828,2.71820,3.21410,2.71700,0.63386,,,,1,1650,350,0,0,12
ConcentratedDelayedExplosions,829,2.48820,6.99640,2.48650,0.61338,,,,1,1650,350,0,0,12
ConcentratedDelayedExplosions,830,2.37020,2.57000,2.36850,0.61952,,,,1,1650,350,0,0,12
ConcentratedDelayedExplosions,831,2.47000,2.71850,2.46830,0.62259,,,,1,1638,362,0,0,12
ConcentratedDelayedExplosions,832,8.54099,2.48800,8.54060,0.64512,,,,1,1638,362,0,0,12
ConcentratedDelayedExplosions,833,2.56400,2.36990,2.56110,0.59597,,,,1,1638,362,0,0,12
ConcentratedDelayedExplosions,834,2.22480,2.46970,2.22360,0.60211,,,,1,1638,362,0,0,12
ConcentratedDelayedExplosions,835,2.40330,8.54270,2.40230,0.64717,,,,1,1638,362,0,0,12
ConcentratedDelayedExplosions,836,2.37960,2.56250,2.37800,0.61850,,,,1,1638,362,0,0,12
ConcentratedDelayedExplosions,837,2.43370,2.22430,2.43240,0.58675,,,,1,1628,372,0,0,12
ConcentratedDelayedExplosions,838,7.31030,2.40390,7.30990,0.59802,,,,1,1628,372,0,0,12
ConcentratedDelayedExplosions,839,2.37800,2.37930,2.37380,0.63181,,,,1,1628,372,0,0,12
ConcentratedDelayedExplosions,840,2.44110,2.43370,2.43990,0.60928,,,,1,1628,372,0,0,12
ConcentratedDelayedExplosions,841,2.43470,7.31320,2.43340,0.58266,,,,1,1628,372,0,0,12
ConcentratedDelayedExplosions,842,2.26880,2.37510,2.26750,0.58778,,,,1,1628,372,0,0,12
ConcentratedDelayedExplosions,843,2.68851,2.44120,2.68710,0.64000,,,,1,1613,387,0,0,12
ConcentratedDelayedExplosions,844,7.17839,2.43470,7.17720,0.61338,,,,1,1613,387,0,0,12
ConcentratedDelayedExplosions,845,2.26870,2.26890,2.26740,0.60518,,,,1,1613,387,0,0,12
ConcentratedDelayedExplosions,846,2.68350,2.68840,2.68230,0.59699,,,,1,1613,387,0,0,12
ConcentratedDelayedExplosions,847,2.22700,7.17870,2.22590,0.62669,,,,1,1613,387,0,0,12
ConcentratedDelayedExplosions,848,2.61140,2.26830,2.61030,0.60518,,,,1,1613,387,0,0,12
ConcentratedDelayedExplosions,849,2.29190,2.68330,2.29070,0.58470,,,,1,1604,396,0,0,12
ConcentratedDelayedExplosions,850,6.43800,2.22710,6.43700,0.61133,,,,1,1604,396,0,0,12
ConcentratedDelayedExplosions,851,2.26070,2.61130,2.25950,0.62464,,,,1,1604,396,0,0,12
ConcentratedDelayedExplosions,852,2.86190,2.29200,2.86010,0.61030,,,,1,1604,396,0,0,12
ConcentratedDelayedExplosions,853,2.30000,6.43840,2.29750,0.59187,,,,1,1604,396,0,0,12
ConcentratedDelayedExplosions,854,2.17659,2.26120,2.17480,0.62054,,,,1,1604,396,0,0,12
ConcentratedDelayedExplosions,855,2.53390,2.86250,2.53280,0.63181,,,,1,1604,396,0,0,12
ConcentratedDelayedExplosions,856,2.29580,2.29920,2.29490,0.62054,,,,1,1593,407,0,0,12
ConcentratedDelayedExplosions,857,7.59400,2.17590,7.59330,0.60006,,,,1,1593,407,0,0,12
ConcentratedDelayedExplosions,858,2.51420,2.53360,2.51180,0.59494,,,,1,1593,407,0,0,12
ConcentratedDelayedExplosions,859,2.29460,2.29590,2.29290,0.63283,,,,1,1593,407,0,0,12
ConcentratedDelayedExplosions,860,2.21440,7.59570,2.21370,0.60928,,,,1,1593,407,0,0,12
ConcentratedDelayedExplosions,861,2.27990,2.51310,2.27790,0.60211,,,,1,1593,407,0,0,12
ConcentratedDelayedExplosions,862,2.10731,2.29410,2.10610,0.62157,,,,1,1584,416,0,0,12
ConcentratedDelayedExplosions,863,6.54970,2.21540,6.54920,0.62362,,,,1,1584,416,0,0,12
ConcentratedDelayedExplosions,864,2.31140,2.27900,2.30770,0.61133,,,,1,1584,416,0,0,12
ConcentratedDelayedExplosions,865,2.23770,2.10730,2.23670,0.60826,,,,1,1584,416,0,0,12
ConcentratedDelayedExplosions,866,2.58300,6.55220,2.58070,0.60109,,,,1,1584,416,0,0,12
ConcentratedDelayedExplosions,867,2.32860,2.30890,2.32760,0.62054,,,,1,1584,416,0,0,12
ConcentratedDelayedExplosions,868,2.52460,2.23870,2.52310,0.60928,,,,1,1584,416,0,0,12
ConcentratedDelayedExplosions,869,2.20689,2.58190,2.20550,0.59392,,,,1,1563,437,0,0,12
ConcentratedDelayedExplosions,870,6.63000,2.32900,6.62900,0.60006,,,,1,1563,437,0,0,12
ConcentratedDelayedExplosions,871,2.32970,2.52460,2.32790,0.63181,,,,1,1563,437,0,0,12
ConcentratedDelayedExplosions,872,2.34931,2.20650,2.34830,0.61747,,,,1,1563,437,0,0,12
ConcentratedDelayedExplosions,873,2.30530,6.63060,2.30430,0.60928,,,,1,1563,437,0,0,12
ConcentratedDelayedExplosions,874,2.31550,2.32890,2.31380,0.60109,,,,1,1563,437,0,0,12
ConcentratedDelayedExplosions,875,2.22740,2.34970,2.22630,0.62054,,,,1,1563,437,0,0,12
ConcentratedDelayedExplosions,876,2.17650,2.30570,2.17530,0.60621,,,,1,1549,451,0,0,12
ConcentratedDelayedExplosions,877,7.23360,2.31490,7.23230,0.59085,,,,1,1549,451,0,0,12
ConcentratedDelayedExplosions,878,2.77190,2.22740,2.77020,0.59802,,,,1,1549,451,0,0,12
ConcentratedDelayedExplosions,879,2.48650,2.17710,2.48510,0.63181,,,,1,1549,451,0,0,12
ConcentratedDelayedExplosions,880,2.40870,7.23390,2.40780,0.62054,,,,1,1549,451,0,0,12
ConcentratedDelayedExplosions,881,2.35160,2.77120,2.35060,0.58573,,,,1,1549,451,0,0,12
ConcentratedDelayedExplosions,882,2.56660,2.48610,2.56560,0.60211,,,,1,1536,464,0,0,12
ConcentratedDelayedExplosions,883,7.41340,2.40880,7.41360,0.62771,,,,1,1536,464,0,0,12
ConcentratedDelayedExplosions,884,2.55970,2.35160,2.55640,0.61133,,,,1,1536,464,0,0,12
ConcentratedDelayedExplosions,885,2.46990,2.56650,2.46880,0.59392,,,,1,1536,464,0,0,12
ConcentratedDelayedExplosions,886,2.22020,7.41580,2.21850,0.59904,,,,1,1536,464,0,0,12
ConcentratedDelayedExplosions,887,2.37630,2.55770,2.37510,0.59699,,,,1,1536,464,0,0,12
ConcentratedDelayedExplosions,888,3.05100,2.47040,3.05040,0.62464,,,,1,1521,479,0,0,12
ConcentratedDelayedExplosions,889,7.78550,2.21960,7.78300,0.60109,,,,1,1521,479,0,0,12
ConcentratedDelayedExplosions,890,2.70810,2.37640,2.70590,0.60109,,,,1,1521,479,0,0,12
ConcentratedDelayedExplosions,891,2.47880,3.05260,2.47790,0.59802,,,,1,1521,479,0,0,12
ConcentratedDelayedExplosions,892,2.31750,7.78500,2.31590,0.62669,,,,1,1521,479,0,0,12
ConcentratedDelayedExplosions,893,2.45281,2.70670,2.45130,0.59290,,,,1,1521,479,0,0,12
ConcentratedDelayedExplosions,894,2.43410,2.47950,2.43270,0.59904,,,,1,1510,490,0,0,12
ConcentratedDelayedExplosions,895,7.33860,2.31760,7.33700,0.60518,,,,1,1510,490,0,0,12
ConcentratedDelayedExplosions,896,2.68200,2.45280,2.68020,0.62157,,,,1,1510,490,0,0,12
ConcentratedDelayedExplosions,897,2.55310,2.43420,2.54970,0.60211,,,,1,1510,490,0,0,12
ConcentratedDelayedExplosions,898,2.40201,7.33870,2.40070,0.61850,,,,1,1510,490,0,0,12
ConcentratedDelayedExplosions,899,2.20969,2.68340,2.20860,0.61542,,,,1,1510,490,0,0,12
ConcentratedDelayedExplosions,900,2.38061,2.55100,2.38010,0.62874,,,,1,1496,504,0,0,12
ConcentratedDelayedExplosions,901,6.62270,2.40170,6.62130,0.60723,,,,1,1496,504,0,0,12
ConcentratedDelayedExplosions,902,2.40840,2.21000,2.40590,0.60723,,,,1,1496,504,0,0,12
ConcentratedDelayedExplosions,903,2.35349,2.38180,2.35240,0.60518,,,,1,1496,504,0,0,12
ConcentratedDelayedExplosions,904,2.60620,6.62300,2.60460,0.63590,,,,1,1496,504,0,0,12
ConcentratedDelayedExplosions,905,2.12590,2.40710,2.12490,0.60109,,,,1,1496,504,0,0,12
ConcentratedDelayedExplosions,906,2.37630,2.35370,2.37560,0.61440,,,,1,1496,504,0,0,12
ConcentratedDelayedExplosions,907,2.30920,2.60600,2.30770,0.61030,,,,1,1478,522,0,0,12
ConcentratedDelayedExplosions,908,6.98620,2.12540,6.98520,0.62259,,,,1,1478,522,0,0,12
ConcentratedDelayedExplosions,909,2.52360,2.37690,2.52210,0.59392,,,,1,1478,522,0,0,12
ConcentratedDelayedExplosions,910,2.22480,2.30900,2.22340,0.62464,,,,1,1478,522,0,0,12
ConcentratedDelayedExplosions,911,2.31920,6.98680,2.32510,0.61747,,,,1,1478,522,0,0,12
ConcentratedDelayedExplosions,912,2.90220,2.52320,2.89430,0.61440,,,,1,1478,522,0,0,12
ConcentratedDelayedExplosions,913,2.94330,2.22450,2.94190,0.59802,,,,1,1465,535,0,0,12
ConcentratedDelayedExplosions,914,6.69770,2.32630,6.69600,0.61747,,,,1,1465,535,0,0,12
ConcentratedDelayedExplosions,915,2.33510,2.89570,2.33350,0.59494,,,,1,1465,535,0,0,12
ConcentratedDelayedExplosions,916,2.30900,2.94340,2.30770,0.61133,,,,1,1465,535,0,0,12
ConcentratedDelayedExplosions,917,2.26830,6.69770,2.26700,0.61440,,,,1,1465,535,0,0,12
ConcentratedDelayedExplosions,918,2.44619,2.33480,2.44410,0.59699,,,,1,1465,535,0,0,12
ConcentratedDelayedExplosions,919,2.25080,2.30900,2.24980,0.60416,,,,1,1456,544,0,0,12
ConcentratedDelayedExplosions,920,6.64710,2.26870,6.64590,0.63283,,,,1,1456,544,0,0,12
ConcentratedDelayedExplosions,921,2.29820,2.44520,2.29680,0.61030,,,,1,1456,544,0,0,12
ConcentratedDelayedExplosions,922,2.33840,2.25120,2.33710,0.61133,,,,1,1456,544,0,0,12
ConcentratedDelayedExplosions,923,2.35030,6.64720,2.34920,0.60314,,,,1,1456,544,0,0,12
ConcentratedDelayedExplosions,924,2.57601,2.29810,2.57490,0.62259,,,,1,1456,544,0,0,12
ConcentratedDelayedExplosions,925,2.35570,2.33810,2.35450,0.60416,,,,1,1456,544,0,0,12
ConcentratedDelayedExplosions,926,2.42320,2.35040,2.42180,0.60928,,,,1,1445,555,0,0,12
ConcentratedDelayedExplosions,927,7.96940,2.57600,7.96880,0.60416,,,,1,1445,555,0,0,12
ConcentratedDelayedExplosions,928,2.27560,2.35580,2.27320,0.64000,,,,1,1445,555,0,0,12
ConcentratedDelayedExplosions,929,2.48270,2.42290,2.48070,0.60826,,,,1,1445,555,0,0,12
ConcentratedDelayedExplosions,930,2.34790,7.97100,2.34590,0.60928,,,,1,1445,555,0,0,12
ConcentratedDelayedExplosions,931,2.57780,2.27520,2.57700,0.61952,,,,1,1445,555,0,0,12
ConcentratedDelayedExplosions,932,2.34760,2.48250,2.34580,0.62157,,,,1,1431,569,0,0,12
ConcentratedDelayedExplosions,933,6.44750,2.34690,6.44530,0.60621,,,,1,1431,569,0,0,12
ConcentratedDelayedExplosions,934,2.40120,2.57860,2.39960,0.60723,,,,1,1431,569,0,0,12
ConcentratedDelayedExplosions,935,2.22219,2.34800,2.22090,0.60518,,,,1,1431,569,0,0,12
ConcentratedDelayedExplosions,936,2.21290,6.44690,2.21210,0.61747,,,,1,1431,569,0,0,12
ConcentratedDelayedExplosions,937,2.31390,2.40080,2.31300,0.59699,,,,1,1431,569,0,0,12
ConcentratedDelayedExplosions,938,2.47350,2.22190,2.47210,0.61338,,,,1,1431,569,0,0,12
ConcentratedDelayedExplosions,939,2.47000,2.21300,2.46900,0.59699,,,,1,1418,582,0,0,12
ConcentratedDelayedExplosions,940,7.12900,2.31440,7.12780,0.62464,,,,1,1418,582,0,0,12
ConcentratedDelayedExplosions,941,3.00720,2.47320,3.00500,0.61133,,,,1,1418,582,0,0,12
ConcentratedDelayedExplosions,942,2.28590,2.47050,2.28500,0.61850,,,,1,1418,582,0,0,12
ConcentratedDelayedExplosions,943,2.61940,7.12960,2.61800,0.62054,,,,1,1418,582,0,0,12
ConcentratedDelayedExplosions,944,2.38729,3.00620,2.38550,0.60826,,,,1,1418,582,0,0,12
ConcentratedDelayedExplosions,945,2.40260,2.28640,2.40180,0.61133,,,,1,1405,595,0,0,12
ConcentratedDelayedExplosions,946,7.24280,2.61940,7.24210,0.60621,,,,1,1405,595,0,0,12
ConcentratedDelayedExplosions,947,2.32940,2.38640,2.32720,0.61235,,,,1,1405,595,0,0,12
ConcentratedDelayedExplosions,948,2.24410,2.40280,2.24230,0.60928,,,,1,1405,595,0,0,12
ConcentratedDelayedExplosions,949,2.27560,7.24400,2.27440,0.59802,,,,1,1405,595,0,0,12
ConcentratedDelayedExplosions,950,2.26361,2.32890,2.26260,0.60211,,,,1,1405,595,0,0,12
ConcentratedDelayedExplosions,951,2.69520,2.24350,2.69450,0.60928,,,,1,1391,609,0,0,12
ConcentratedDelayedExplosions,952,7.42440,2.27530,7.42320,0.61235,,,,1,1391,609,0,0,12
ConcentratedDelayedExplosions,953,2.74561,2.26360,2.74310,0.61645,,,,1,1391,609,0,0,12
ConcentratedDelayedExplosions,954,2.17800,2.69600,2.17630,0.61645,,,,1,1391,609,0,0,12
ConcentratedDelayedExplosions,955,2.35790,7.42510,2.35680,0.60518,,,,1,1391,609,0,0,12
ConcentratedDelayedExplosions,956,2.32040,2.74480,2.31900,0.61952,,,,1,1391,609,0,0,12
ConcentratedDelayedExplosions,957,2.28160,2.17730,2.27960,0.61338,,,,1,1378,622,0,0,12
ConcentratedDelayedExplosions,958,7.04150,2.35850,7.04060,0.61542,,,,1,1378,622,0,0,12
ConcentratedDelayedExplosions,959,2.40520,2.32080,2.40400,0.61235,,,,1,1378,622,0,0,12
ConcentratedDelayedExplosions,960,2.82800,2.28070,2.82720,0.61645,,,,1,1378,622,0,0,12
ConcentratedDelayedExplosions,961,2.33240,7.04190,2.33060,0.61440,,,,1,1378,622,0,0,12
ConcentratedDelayedExplosions,962,2.20090,2.40510,2.20000,0.61030,,,,1,1378,622,0,0,12
ConcentratedDelayedExplosions,963,2.18620,2.82840,2.18510,0.60211,,,,1,1378,622,0,0,12
ConcentratedDelayedExplosions,964,2.11631,2.33150,2.11530,0.62157,,,,1,1364,636,0,0,12
ConcentratedDelayedExplosions,965,6.74709,2.20100,6.74660,0.58266,,,,1,1364,636,0,0,12
ConcentratedDelayedExplosions,966,2.28970,2.18610,2.28760,0.60109,,,,1,1364,636,0,0,12
ConcentratedDelayedExplosions,967,2.18130,2.11630,2.17980,0.62566,,,,1,1364,636,0,0,12
ConcentratedDelayedExplosions,968,2.06320,6.74820,2.06200,0.62054,,,,1,1364,636,0,0,12
ConcentratedDelayedExplosions,969,1.96300,2.28920,1.96210,0.59699,,,,1,1364,636,0,0,12
ConcentratedDelayedExplosions,970,2.24311,2.18090,2.24210,0.61235,,,,1,1364,636,0,0,12
ConcentratedDelayedExplosions,971,2.50770,2.06300,2.50670,0.60314,,,,1,1351,649,0,0,12
ConcentratedDelayedExplosions,972,7.34030,1.96300,7.33990,0.61850,,,,1,1351,649,0,0,12
ConcentratedDelayedExplosions,973,2.57560,2.24310,2.57250,0.59597,,,,1,1351,649,0,0,12
ConcentratedDelayedExplosions,974,2.39710,2.50780,2.39570,0.62362,,,,1,1351,649,0,0,12
ConcentratedDelayedExplosions,975,2.12780,7.34270,2.12670,0.62362,,,,1,1351,649,0,0,12
ConcentratedDelayedExplosions,976,2.21550,2.57360,2.21470,0.61952,,,,1,1351,649,0,0,12
ConcentratedDelayedExplosions,977,2.40900,2.39670,2.40800,0.61030,,,,1,1335,665,0,0,12
ConcentratedDelayedExplosions,978,6.81801,2.12770,6.81660,0.62464,,,,1,1335,665,0,0,12
ConcentratedDelayedExplosions,979,2.43810,2.21570,2.43710,0.59597,,,,1,1335,665,0,0,12
ConcentratedDelayedExplosions,980,2.27500,2.40950,2.27380,0.59802,,,,1,1335,665,0,0,12
ConcentratedDelayedExplosions,981,2.82640,6.81770,2.82550,0.59494,,,,1,1335,665,0,0,12
ConcentratedDelayedExplosions,982,2.65570,2.43840,2.65430,0.60621,,,,1,1335,665,0,0,12
ConcentratedDelayedExplosions,983,2.05210,2.27450,2.05090,0.61235,,,,1,1335,665,0,0,12
ConcentratedDelayedExplosions,984,2.06930,2.82690,2.06780,0.63181,,,,1,1325,675,0,0,12
ConcentratedDelayedExplosions,985,6.62230,2.65590,6.62110,0.60314,,,,1,1325,675,0,0,12
ConcentratedDelayedExplosions,986,2.44640,2.05200,2.44500,0.62157,,,,1,1325,675,0,0,12
ConcentratedDelayedExplosions,987,2.46370,2.06920,2.46220,0.61338,,,,1,1325,675,0,0,12
ConcentratedDelayedExplosions,988,2.32020,6.62230,2.31870,0.62259,,,,1,1325,675,0,0,12
ConcentratedDelayedExplosions,989,2.14370,2.44650,2.14280,0.60211,,,,1,1325,675,0,0,12
ConcentratedDelayedExplosions,990,2.30690,2.46360,2.30570,0.60109,,,,1,1325,675,0,0,12
ConcentratedDelayedExplosions,991,2.47550,2.31960,2.47450,0.60211,,,,1,1302,698,0,0,12
ConcentratedDelayedExplosions,992,7.20140,2.14390,7.20090,0.60621,,,,1,1302,698,0,0,12
ConcentratedDelayedExplosions,993,2.25010,2.30690,2.24800,0.60109,,,,1,1302,698,0,0,12
ConcentratedDelayedExplosions,994,2.74690,2.47550,2.74500,0.62874,,,,1,1302,698,0,0,12
ConcentratedDelayedExplosions,995,2.22511,7.20250,2.22430,0.60928,,,,1,1302,698,0,0,12
ConcentratedDelayedExplosions,996,2.17610,2.24990,2.17450,0.62976,,,,1,1302,698,0,0,12
ConcentratedDelayedExplosions,997,2.93780,2.74610,2.93670,0.61747,,,,1,1290,710,0,0,12
ConcentratedDelayedExplosions,998,6.38010,2.22540,6.37900,0.61338,,,,1,1290,710,0,0,12
ConcentratedDelayedExplosions,999,2.39880,2.17570,2.39660,0.60211,,,,1,1290,710,0,0,12
ConcentratedDelayedExplosions,1000,2.66939,2.93800,2.66830,0.62259,,,,1,1290,710,0,0,12
ConcentratedDelayedExplosions,1001,2.23180,6.38100,2.23090,0.60314,,,,1,1290,710,0,0,12
ConcentratedDelayedExplosions,1002,2.52110,2.39780,2.52200,0.62157,,,,1,1290,710,0,0,12
ConcentratedDelayedExplosions,1003,2.34210,2.66940,2.33650,0.59699,,,,1,1276,724,0,0,12
ConcentratedDelayedExplosions,1004,6.94630,2.23280,6.94560,0.63386,,,,1,1276,724,0,0,12
ConcentratedDelayedExplosions,1005,2.47740,2.52460,2.47530,0.58368,,,,1,1276,724,0,0,12
ConcentratedDelayedExplosions,1006,2.44900,2.33760,2.44810,0.61030,,,,1,1276,724,0,0,12
ConcentratedDelayedExplosions,1007,2.57940,6.94720,2.57850,0.61030,,,,1,1276,724,0,0,12
ConcentratedDelayedExplosions,1008,2.78800,2.47640,2.78720,0.62054,,,,1,1276,724,0,0,12
ConcentratedDelayedExplosions,1009,2.88450,2.44930,2.88060,0.60109,,,,1,1263,737,0,0,12
ConcentratedDelayedExplosions,1010,7.71800,2.57980,7.71710,0.61440,,,,1,1263,737,0,0,12
ConcentratedDelayedExplosions,1011,2.51310,2.79030,2.51080,0.61338,,,,1,1263,737,0,0,12
ConcentratedDelayedExplosions,1012,2.24350,2.88210,2.24280,0.62362,,,,1,1263,737,0,0,12
ConcentratedDelayedExplosions,1013,2.21180,7.71850,2.21060,0.61645,,,,1,1263,737,0,0,12
ConcentratedDelayedExplosions,1014,2.75450,2.51190,2.75320,0.60723,,,,1,1263,737,0,0,12
ConcentratedDelayedExplosions,1015,2.49410,2.24400,2.49310,0.61440,,,,1,1250,750,0,0,12
ConcentratedDelayedExplosions,1016,7.24481,2.21150,7.24440,0.62669,,,,1,1250,750,0,0,12
ConcentratedDelayedExplosions,1017,2.71490,2.75440,2.71210,0.61952,,,,1,1250,750,0,0,12
ConcentratedDelayedExplosions,1018,2.61860,2.49430,2.61320,0.61030,,,,1,1250,750,0,0,12
ConcentratedDelayedExplosions,1019,2.31340,7.24700,2.31270,0.60928,,,,1,1250,750,0,0,12
ConcentratedDelayedExplosions,1020,3.00680,2.71700,3.00470,0.63590,,,,1,1250,750,0,0,12
ConcentratedDelayedExplosions,1021,2.13790,2.61410,2.13670,0.60928,,,,1,1239,761,0,0,12
ConcentratedDelayedExplosions,1022,6.10490,2.31450,6.10900,0.61030,,,,1,1239,761,0,0,12
ConcentratedDelayedExplosions,1023,2.54580,3.00580,2.53920,0.60390,,,,1,1239,761,0,0,12
ConcentratedDelayedExplosions,1024,2.95670,2.13810,2.95370,0.60826,,,,1,1239,761,0,0,12
ConcentratedDelayedExplosions,1025,2.76711,6.11060,2.76590,0.60416,,,,1,1239,761,0,0,12
ConcentratedDelayedExplosions,1026,2.59020,2.54180,2.58860,0.62976,,,,1,1239,761,0,0,12
ConcentratedDelayedExplosions,1027,2.57250,2.95540,2.57110,0.61850,,,,1,1239,761,0,0,12
ConcentratedDelayedExplosions,1028,3.11550,2.76760,3.11460,0.63693,,,,1,1222,778,0,0,12
ConcentratedDelayedExplosions,1029,7.34980,2.58940,7.34820,0.66048,,,,1,1222,778,0,0,12
ConcentratedDelayedExplosions,1030,2.69900,2.57260,2.69730,0.62669,,,,1,1222,778,0,0,12
ConcentratedDelayedExplosions,1031,2.50580,3.11580,2.50340,0.60621,,,,1,1222,778,0,0,12
ConcentratedDelayedExplosions,1032,2.27120,7.35040,2.26970,0.62669,,,,1,1222,778,0,0,12
ConcentratedDelayedExplosions,1033,2.40820,2.69890,2.40720,0.60826,,,,1,1211,789,0,0,12
ConcentratedDelayedExplosions,1034,6.82560,2.50480,6.82460,0.61850,,,,1,1211,789,0,0,12
ConcentratedDelayedExplosions,1035,2.33210,2.27080,2.33060,0.59699,,,,1,1211,789,0,0,12
ConcentratedDelayedExplosions,1036,2.24400,2.40820,2.24250,0.62259,,,,1,1211,789,0,0,12
ConcentratedDelayedExplosions,1037,2.03520,6.82620,2.03420,0.61542,,,,1,1211,789,0,0,12
ConcentratedDelayedExplosions,1038,2.08379,2.33190,2.08290,0.62669,,,,1,1211,789,0,0,12
ConcentratedDelayedExplosions,1039,2.56160,2.24390,2.55960,0.61440,,,,1,1211,789,0,0,12
ConcentratedDelayedExplosions,1040,2.38370,2.03500,2.38260,0.63181,,,,1,1194,806,0,0,12
ConcentratedDelayedExplosions,1041,6.85210,2.08480,6.85170,0.61030,,,,1,1194,806,0,0,12
ConcentratedDelayedExplosions,1042,2.52370,2.56050,2.52190,0.63078,,,,1,1194,806,0,0,12
ConcentratedDelayedExplosions,1043,2.53560,2.38370,2.53350,0.62362,,,,1,1194,806,0,0,12
ConcentratedDelayedExplosions,1044,2.47030,6.85330,2.46880,0.62771,,,,1,1194,806,0,0,12
ConcentratedDelayedExplosions,1045,2.52350,2.52360,2.52210,0.61030,,,,1,1194,806,0,0,12
ConcentratedDelayedExplosions,1046,2.23270,2.53480,2.23180,0.61440,,,,1,1194,806,0,0,12
ConcentratedDelayedExplosions,1047,2.21340,2.47040,2.21240,0.61747,,,,1,1174,826,0,0,12
ConcentratedDelayedExplosions,1048,6.67100,2.52300,6.67010,0.62669,,,,1,1174,826,0,0,12
ConcentratedDelayedExplosions,1049,2.52600,2.23290,2.52520,0.61338,,,,1,1174,826,0,0,12
ConcentratedDelayedExplosions,1050,2.62690,2.21350,2.62530,0.62464,,,,1,1174,826,0,0,12
ConcentratedDelayedExplosions,1051,2.53951,6.67090,2.53830,0.59904,,,,1,1174,826,0,0,12
ConcentratedDelayedExplosions,1052,2.32290,2.52660,2.32200,0.63488,,,,1,1174,826,0,0,12
ConcentratedDelayedExplosions,1053,2.26080,2.62660,2.25920,0.61440,,,,1,1167,833,0,0,12
ConcentratedDelayedExplosions,1054,6.24800,2.53910,6.24700,0.62669,,,,1,1167,833,0,0,12
ConcentratedDelayedExplosions,1055,2.58400,2.32340,2.58290,0.60826,,,,1,1167,833,0,0,12
ConcentratedDelayedExplosions,1056,2.21500,2.26010,2.21320,0.64410,,,,1,1167,833,0,0,12
ConcentratedDelayedExplosions,1057,2.03340,6.24830,2.03200,0.62054,,,,1,1167,833,0,0,12
ConcentratedDelayedExplosions,1058,2.06580,2.58460,2.06500,0.61747,,,,1,1167,833,0,0,12
ConcentratedDelayedExplosions,1059,2.34920,2.21450,2.34810,0.61440,,,,1,1167,833,0,0,12
ConcentratedDelayedExplosions,1060,2.30700,2.03300,2.30590,0.62054,,,,1,1155,845,0,0,12
ConcentratedDelayedExplosions,1061,8.42560,2.06620,8.42500,0.61338,,,,1,1155,845,0,0,12
ConcentratedDelayedExplosions,1062,2.41800,2.34920,2.41490,0.62976,,,,1,1155,845,0,0,12
ConcentratedDelayedExplosions,1063,2.09670,2.30720,2.09490,0.60006,,,,1,1155,845,0,0,12
ConcentratedDelayedExplosions,1064,2.18990,8.42740,2.18900,0.64000,,,,1,1155,845,0,0,12
ConcentratedDelayedExplosions,1065,2.58630,2.41640,2.58550,0.60314,,,,1,1155,845,0,0,12
ConcentratedDelayedExplosions,1066,2.24550,2.09590,2.24400,0.61440,,,,1,1143,857,0,0,12
ConcentratedDelayedExplosions,1067,6.13870,2.19020,6.13820,0.60723,,,,1,1143,857,0,0,12
ConcentratedDelayedExplosions,1068,2.26980,2.58650,2.26790,0.65024,,,,1,1143,857,0,0,12
ConcentratedDelayedExplosions,1069,2.13500,2.24510,2.13350,0.60211,,,,1,1143,857,0,0,12
ConcentratedDelayedExplosions,1070,2.45390,6.13960,2.45220,0.62157,,,,1,1143,857,0,0,12
ConcentratedDelayedExplosions,1071,2.34240,2.26960,2.34130,0.61645,,,,1,1143,857,0,0,12
ConcentratedDelayedExplosions,1072,2.72680,2.13500,2.72510,0.61030,,,,1,1143,857,0,0,12
ConcentratedDelayedExplosions,1073,2.18170,2.45360,2.18070,0.62054,,,,1,1133,867,0,0,12
ConcentratedDelayedExplosions,1074,6.62039,2.34280,6.61970,0.62464,,,,1,1133,867,0,0,12
ConcentratedDelayedExplosions,1075,2.23890,2.72610,2.23760,0.60416,,,,1,1133,867,0,0,12
ConcentratedDelayedExplosions,1076,2.35320,2.18150,2.35100,0.64102,,,,1,1133,867,0,0,12
ConcentratedDelayedExplosions,1077,2.46340,6.62110,2.46210,0.61338,,,,1,1133,867,0,0,12
ConcentratedDelayedExplosions,1078,2.19430,2.23950,2.19320,0.61850,,,,1,1133,867,0,0,12
ConcentratedDelayedExplosions,1079,2.29390,2.35240,2.29270,0.61542,,,,1,1133,867,0,0,12
ConcentratedDelayedExplosions,1080,2.19730,2.46300,2.19630,0.60826,,,,1,1114,886,0,0,12
ConcentratedDelayedExplosions,1081,6.31590,2.19450,6.31540,0.62054,,,,1,1114,886,0,0,12
ConcentratedDelayedExplosions,1082,2.49760,2.29370,2.49520,0.63386,,,,1,1114,886,0,0,12
ConcentratedDelayedExplosions,1083,2.38649,2.19730,2.38480,0.60826,,,,1,1114,886,0,0,12
ConcentratedDelayedExplosions,1084,2.30210,6.31810,2.30090,0.63283,,,,1,1114,886,0,0,12
ConcentratedDelayedExplosions,1085,1.99410,2.49640,1.99280,0.62771,,,,1,1114,886,0,0,12
ConcentratedDelayedExplosions,1086,2.00200,2.38610,2.00100,0.62771,,,,1,1114,886,0,0,12
ConcentratedDelayedExplosions,1087,2.61880,2.30190,2.61740,0.60826,,,,1,1098,902,0,0,12
ConcentratedDelayedExplosions,1088,6.67550,1.99370,6.67430,0.64102,,,,1,1098,902,0,0,12
ConcentratedDelayedExplosions,1089,2.14690,2.00250,2.14550,0.62874,,,,1,1098,902,0,0,12
ConcentratedDelayedExplosions,1090,2.22399,2.61880,2.22270,0.63488,,,,1,1098,902,0,0,12
ConcentratedDelayedExplosions,1091,2.10300,6.67570,2.10200,0.61952,,,,1,1098,902,0,0,12
ConcentratedDelayedExplosions,1092,2.42940,2.14670,2.42850,0.62669,,,,1,1098,902,0,0,12
ConcentratedDelayedExplosions,1093,2.44910,2.22350,2.44750,0.62566,,,,1,1098,902,0,0,12
ConcentratedDelayedExplosions,1094,2.37350,2.10300,2.37240,0.62464,,,,1,1087,913,0,0,12
ConcentratedDelayedExplosions,1095,6.18110,2.43010,6.18090,0.62259,,,,1,1087,913,0,0,12
ConcentratedDelayedExplosions,1096,2.49630,2.44840,2.49400,0.63283,,,,1,1087,913,0,0,12
ConcentratedDelayedExplosions,1097,2.34420,2.37350,2.34320,0.61338,,,,1,1087,913,0,0,12
ConcentratedDelayedExplosions,1098,2.24460,6.18230,2.24360,0.62976,,,,1,1087,913,0,0,12
ConcentratedDelayedExplosions,1099,1.95990,2.49500,1.95850,0.61952,,,,1,1087,913,0,0,12
ConcentratedDelayedExplosions,1100,2.30170,2.34440,2.30020,0.63898,,,,1,1087,913,0,0,12
ConcentratedDelayedExplosions,1101,2.38000,2.24500,2.37920,0.61645,,,,1,1077,923,0,0,12
ConcentratedDelayedExplosions,1102,6.00050,1.95980,5.99960,0.62874,,,,1,1077,923,0,0,12
ConcentratedDelayedExplosions,1103,2.70310,2.30120,2.70110,0.60826,,,,1,1077,923,0,0,12
ConcentratedDelayedExplosions,1104,2.82880,2.38020,2.82610,0.63795,,,,1,1077,923,0,0,12
ConcentratedDelayedExplosions,1105,2.24760,6.00200,2.24620,0.62362,,,,1,1077,923,0,0,12
ConcentratedDelayedExplosions,1106,2.17260,2.70350,2.17150,0.62669,,,,1,1077,923,0,0,12
ConcentratedDelayedExplosions,1107,2.16110,2.82720,2.16030,0.62259,,,,1,1077,923,0,0,12
ConcentratedDelayedExplosions,1108,2.06050,2.24730,2.05890,0.65536,,,,1,1066,934,0,0,12
ConcentratedDelayedExplosions,1109,9.89210,2.17240,9.89310,0.60723,,,,1,1066,934,0,0,12
ConcentratedDelayedExplosions,1110,5.49610,2.16180,5.49310,0.62566,,,,1,1066,934,0,0,12
ConcentratedDelayedExplosions,1111,5.47560,2.05980,5.47500,0.64512,,,,1,1048,952,0,0,12
ConcentratedDelayedExplosions,1112,11.25280,9.89540,11.25020,0.63488,,,,1,1048,952,0,0,12
ConcentratedDelayedExplosions,1113,3.30690,5.49440,3.30310,0.63488,,,,1,1048,952,0,0,12
ConcentratedDelayedExplosions,1114,3.20420,5.47790,3.20140,0.62464,,,,1,1029,971,0,0,12
ConcentratedDelayedExplosions,1115,6.83030,11.25290,6.82870,0.61850,,,,1,1029,971,0,0,12
ConcentratedDelayedExplosions,1116,3.12860,3.30530,3.12650,0.61338,,,,1,1029,971,0,0,12
ConcentratedDelayedExplosions,1117,3.01040,3.20300,3.00920,0.62157,,,,1,1029,971,0,0,12
ConcentratedDelayedExplosions,1118,2.54201,6.83070,2.53960,0.62771,,,,1,1029,971,0,0,12
ConcentratedDelayedExplosions,1119,2.33590,3.12810,2.33480,0.61030,,,,1,1029,971,0,0,12
ConcentratedDelayedExplosions,1120,2.24180,3.01090,2.24080,0.64819,,,,1,1016,984,0,0,12
ConcentratedDelayedExplosions,1121,6.53630,2.54080,6.53620,0.61850,,,,1,1016,984,0,0,12
ConcentratedDelayedExplosions,1122,2.79860,2.33600,2.79610,0.62976,,,,1,1016,984,0,0,12
ConcentratedDelayedExplosions,1123,2.91040,2.24150,2.90870,0.60826,,,,1,1016,984,0,0,12
ConcentratedDelayedExplosions,1124,2.34380,6.53820,2.34250,0.64717,,,,1,1016,984,0,0,12
ConcentratedDelayedExplosions,1125,2.63350,2.79750,2.63230,0.62976,,,,1,1016,984,0,0,12
ConcentratedDelayedExplosions,1126,2.71490,2.91000,2.71340,0.62976,,,,1,1009,991,0,0,12
ConcentratedDelayedExplosions,1127,6.16840,2.34400,6.16710,0.61645,,,,1,1009,991,0,0,12
ConcentratedDelayedExplosions,1128,2.76990,2.63390,2.76820,0.64102,,,,1,1009,991,0,0,12
ConcentratedDelayedExplosions,1129,2.71670,2.71460,2.71600,0.62464,,,,1,1009,991,0,0,12
ConcentratedDelayedExplosions,1130,2.70720,6.16870,2.70520,0.62874,,,,1,1009,991,0,0,12
ConcentratedDelayedExplosions,1131,2.70700,2.76950,2.70490,0.61645,,,,1,1009,991,0,0,12
ConcentratedDelayedExplosions,1132,3.10710,2.71790,3.10520,0.64000,,,,1,997,1003,0,0,12
ConcentratedDelayedExplosions,1133,6.64660,2.70700,6.64350,0.63693,,,,1,997,1003,0,0,12
ConcentratedDelayedExplosions,1134,2.29350,2.70700,2.29200,0.62669,,,,1,997,1003,0,0,12
ConcentratedDelayedExplosions,1135,2.69900,3.10790,2.69710,0.62669,,,,1,997,1003,0,0,12
ConcentratedDelayedExplosions,1136,2.60810,6.64520,2.60730,0.63283,,,,1,997,1003,0,0,12
ConcentratedDelayedExplosions,1137,2.67690,2.29360,2.67550,0.62464,,,,1,997,1003,0,0,12
ConcentratedDelayedExplosions,1138,2.54630,2.69800,2.54520,0.63078,,,,1,981,1019,0,0,12
ConcentratedDelayedExplosions,1139,6.72440,2.60870,6.72350,0.61440,,,,1,981,1019,0,0,12
ConcentratedDelayedExplosions,1140,2.30970,2.67630,2.30810,0.63590,,,,1,981,1019,0,0,12
ConcentratedDelayedExplosions,1141,2.18370,2.54660,2.18270,0.60928,,,,1,981,1019,0,0,12
ConcentratedDelayedExplosions,1142,2.14260,6.72470,2.14140,0.63488,,,,1,981,1019,0,0,12
ConcentratedDelayedExplosions,1143,2.13930,2.30930,2.13830,0.62976,,,,1,981,1019,0,0,12
ConcentratedDelayedExplosions,1144,2.44880,2.18360,2.44780,0.64512,,,,1,981,1019,0,0,12
ConcentratedDelayedExplosions,1145,2.14770,2.14250,2.14650,0.61747,,,,1,968,1032,0,0,12
ConcentratedDelayedExplosions,1146,6.68850,2.13930,6.68830,0.62362,,,,1,968,1032,0,0,12
ConcentratedDelayedExplosions,1147,2.27880,2.44890,2.27590,0.60826,,,,1,968,1032,0,0,12
ConcentratedDelayedExplosions,1148,2.29860,2.14770,2.29710,0.65024,,,,1,968,1032,0,0,12
ConcentratedDelayedExplosions,1149,2.22370,6.69040,2.22240,0.62054,,,,1,968,1032,0,0,12
ConcentratedDelayedExplosions,1150,2.74800,2.27710,2.74710,0.63488,,,,1,968,1032,0,0,12
ConcentratedDelayedExplosions,1151,2.51190,2.29850,2.51090,0.61338,,,,1,968,1032,0,0,12
ConcentratedDelayedExplosions,1152,2.59750,2.22340,2.59620,0.64512,,,,1,949,1051,0,0,12
ConcentratedDelayedExplosions,1153,6.70100,2.74820,6.69960,0.62464,,,,1,949,1051,0,0,12
ConcentratedDelayedExplosions,1154,2.18030,2.51250,2.17800,0.64102,,,,1,949,1051,0,0,12
ConcentratedDelayedExplosions,1155,1.94320,2.59740,1.94140,0.61952,,,,1,949,1051,0,0,12
ConcentratedDelayedExplosions,1156,2.46240,6.70170,2.46140,0.65536,,,,1,949,1051,0,0,12
ConcentratedDelayedExplosions,1157,2.18530,2.17970,2.18400,0.61645,,,,1,949,1051,0,0,12
ConcentratedDelayedExplosions,1158,2.66070,1.94230,2.66080,0.62874,,,,1,949,1051,0,0,12
ConcentratedDelayedExplosions,1159,2.39850,2.46280,2.39600,0.62976,,,,1,939,1061,0,0,12
ConcentratedDelayedExplosions,1160,5.74450,2.18500,5.74350,0.64512,,,,1,939,1061,0,0,12
ConcentratedDelayedExplosions,1161,2.53570,2.66270,2.53360,0.63386,,,,1,939,1061,0,0,12
ConcentratedDelayedExplosions,1162,2.28750,2.39730,2.28680,0.63078,,,,1,939,1061,0,0,12
ConcentratedDelayedExplosions,1163,2.18140,5.74480,2.17940,0.62259,,,,1,939,1061,0,0,12
ConcentratedDelayedExplosions,1164,2.16750,2.53500,2.16640,0.65024,,,,1,939,1061,0,0,12
ConcentratedDelayedExplosions,1165,2.42980,2.28790,2.42900,0.63693,,,,1,939,1061,0,0,12
ConcentratedDelayedExplosions,1166,2.31780,2.18050,2.31680,0.62976,,,,1,922,1078,0,0,12
ConcentratedDelayedExplosions,1167,6.70840,2.16730,6.70790,0.63590,,,,1,922,1078,0,0,12
ConcentratedDelayedExplosions,1168,2.65460,2.42990,2.65220,0.64205,,,,1,922,1078,0,0,12
ConcentratedDelayedExplosions,1169,2.13500,2.31800,2.13370,0.62976,,,,1,922,1078,0,0,12
ConcentratedDelayedExplosions,1170,2.05640,6.70980,2.05550,0.64000,,,,1,922,1078,0,0,12
ConcentratedDelayedExplosions,1171,2.21860,2.65350,2.21770,0.63590,,,,1,922,1078,0,0,12
ConcentratedDelayedExplosions,1172,1.99040,2.13460,1.98950,0.63795,,,,1,922,1078,0,0,12
ConcentratedDelayedExplosions,1173,2.81850,2.05640,2.81750,0.62259,,,,1,907,1093,0,0,12
ConcentratedDelayedExplosions,1174,6.12900,2.21860,6.12760,0.63181,,,,1,907,1093,0,0,12
ConcentratedDelayedExplosions,1175,2.05709,1.99070,2.05540,0.64205,,,,1,907,1093,0,0,12
ConcentratedDelayedExplosions,1176,2.06390,2.81860,2.06310,0.65536,,,,1,907,1093,0,0,12
ConcentratedDelayedExplosions,1177,2.00270,6.12930,2.00140,0.61338,,,,1,907,1093,0,0,12
ConcentratedDelayedExplosions,1178,2.27200,2.05630,2.27110,0.64102,,,,1,907,1093,0,0,12
ConcentratedDelayedExplosions,1179,2.06160,2.06440,2.06060,0.61747,,,,1,907,1093,0,0,12
ConcentratedDelayedExplosions,1180,2.13960,2.00230,2.13850,0.64614,,,,1,892,1108,0,0,12
ConcentratedDelayedExplosions,1181,6.36810,2.27200,6.36740,0.62157,,,,1,892,1108,0,0,12
ConcentratedDelayedExplosions,1182,2.02720,2.06180,2.02630,0.64205,,,,1,892,1108,0,0,12
ConcentratedDelayedExplosions,1183,2.13740,2.13940,2.13550,0.61542,,,,1,892,1108,0,0,12
ConcentratedDelayedExplosions,1184,2.24340,6.36860,2.24200,0.64819,,,,1,892,1108,0,0,12
ConcentratedDelayedExplosions,1185,2.13370,2.02770,2.13270,0.62669,,,,1,892,1108,0,0,12
ConcentratedDelayedExplosions,1186,2.01730,2.13680,2.01630,0.63283,,,,1,892,1108,0,0,12
ConcentratedDelayedExplosions,1187,2.44221,2.24290,2.44130,0.61235,,,,1,881,1119,0,0,12
ConcentratedDelayedExplosions,1188,6.23900,2.13370,6.23820,0.65434,,,,1,881,1119,0,0,12
ConcentratedDelayedExplosions,1189,2.13061,2.01740,2.13000,0.61747,,,,1,881,1119,0,0,12
ConcentratedDelayedExplosions,1190,2.52430,2.44210,2.52090,0.61542,,,,1,881,1119,0,0,12
ConcentratedDelayedExplosions,1191,2.44530,6.23940,2.44390,0.61850,,,,1,881,1119,0,0,12
ConcentratedDelayedExplosions,1192,2.46450,2.13290,2.46360,0.64410,,,,1,881,1119,0,0,12
ConcentratedDelayedExplosions,1193,2.09470,2.52210,2.09360,0.61645,,,,1,881,1119,0,0,12
ConcentratedDelayedExplosions,1194,2.25760,2.44480,2.25660,0.63898,,,,1,870,1130,0,0,12
ConcentratedDelayedExplosions,1195,6.82350,2.46460,6.82350,0.61747,,,,1,870,1130,0,0,12
ConcentratedDelayedExplosions,1196,2.46930,2.09460,2.46650,0.63488,,,,1,870,1130,0,0,12
ConcentratedDelayedExplosions,1197,2.16510,2.25760,2.16340,0.63488,,,,1,870,1130,0,0,12
ConcentratedDelayedExplosions,1198,2.09990,6.82570,2.09920,0.63386,,,,1,870,1130,0,0,12
ConcentratedDelayedExplosions,1199,2.16400,2.46790,2.16300,0.60723,,,,1,870,1130,0,0,12
ConcentratedDelayedExplosions,1200,2.14630,2.16420,2.14530,0.64000,,,,1,870,1130,0,0,12
ConcentratedDelayedExplosions,1201,2.25080,2.10020,2.25000,0.61747,,,,1,861,1139,0,0,12
ConcentratedDelayedExplosions,1202,5.65349,2.16380,5.65280,0.62362,,,,1,861,1139,0,0,12
ConcentratedDelayedExplosions,1203,2.11670,2.14630,2.11460,0.62976,,,,1,861,1139,0,0,12
ConcentratedDelayedExplosions,1204,2.09180,2.25140,2.09070,0.64922,,,,1,861,1139,0,0,12
ConcentratedDelayedExplosions,1205,1.94620,5.65400,1.94510,0.61747,,,,1,861,1139,0,0,12
ConcentratedDelayedExplosions,1206,2.45110,2.11590,2.45020,0.63078,,,,1,861,1139,0,0,12
ConcentratedDelayedExplosions,1207,2.25020,2.09180,2.24880,0.62874,,,,1,861,1139,0,0,12
ConcentratedDelayedExplosions,1208,2.12360,1.94600,2.12260,0.64307,,,,1,861,1139,0,0,12
ConcentratedDelayedExplosions,1209,2.51030,2.45160,2.50970,0.61747,,,,1,849,1151,0,0,12
ConcentratedDelayedExplosions,1210,5.87770,2.24970,5.87690,0.62669,,,,1,849,1151,0,0,12
ConcentratedDelayedExplosions,1211,2.31230,2.12360,2.30980,0.63181,,,,1,849,1151,0,0,12
ConcentratedDelayedExplosions,1212,2.12130,2.51100,2.12030,0.64307,,,,1,849,1151,0,0,12
ConcentratedDelayedExplosions,1213,2.31520,5.87850,2.31430,0.61645,,,,1,849,1151,0,0,12
ConcentratedDelayedExplosions,1214,2.08090,2.31110,2.07990,0.62362,,,,1,849,1151,0,0,12
ConcentratedDelayedExplosions,1215,2.05580,2.12100,2.05460,0.64205,,,,1,849,1151,0,0,12
ConcentratedDelayedExplosions,1216,2.23420,2.31530,2.23290,0.64307,,,,1,834,1166,0,0,12
ConcentratedDelayedExplosions,1217,11.05530,2.08120,11.05530,0.62259,,,,1,834,1166,0,0,12
ConcentratedDelayedExplosions,1218,2.78600,2.05600,2.78190,0.60928,,,,1,834,1166,0,0,12
ConcentratedDelayedExplosions,1219,2.54500,2.23420,2.54400,0.63283,,,,1,834,1166,0,0,12
ConcentratedDelayedExplosions,1220,2.55950,11.05810,2.55800,0.66355,,,,1,834,1166,0,0,12
ConcentratedDelayedExplosions,1221,2.61370,2.78310,2.61230,0.63693,,,,1,824,1176,0,0,12
ConcentratedDelayedExplosions,1222,5.82440,2.54520,5.82380,0.65434,,,,1,824,1176,0,0,12
ConcentratedDelayedExplosions,1223,2.11150,2.55930,2.10930,0.62157,,,,1,824,1176,0,0,12
ConcentratedDelayedExplosions,1224,2.08050,2.61330,2.07950,0.64512,,,,1,824,1176,0,0,12
ConcentratedDelayedExplosions,1225,2.23610,5.82540,2.23510,0.62874,,,,1,824,1176,0,0,12
ConcentratedDelayedExplosions,1226,2.52260,2.11040,2.52120,0.62976,,,,1,824,1176,0,0,12
ConcentratedDelayedExplosions,1227,2.33360,2.08070,2.33190,0.61542,,,,1,824,1176,0,0,12
ConcentratedDelayedExplosions,1228,2.46390,2.23640,2.46240,0.63590,,,,1,807,1193,0,0,12
ConcentratedDelayedExplosions,1229,5.89780,2.52310,5.89680,0.63693,,,,1,807,1193,0,0,12
ConcentratedDelayedExplosions,1230,1.98910,2.33320,1.98760,0.63590,,,,1,807,1193,0,0,12
ConcentratedDelayedExplosions,1231,2.23940,2.46350,2.23870,0.63488,,,,1,807,1193,0,0,12
ConcentratedDelayedExplosions,1232,2.37310,5.89800,2.37150,0.66150,,,,1,807,1193,0,0,12
ConcentratedDelayedExplosions,1233,2.38240,1.98860,2.38130,0.62362,,,,1,807,1193,0,0,12
ConcentratedDelayedExplosions,1234,2.37010,2.24020,2.36910,0.62771,,,,1,807,1193,0,0,12
ConcentratedDelayedExplosions,1235,2.17280,2.37260,2.17180,0.62976,,,,1,790,1210,0,0,12
ConcentratedDelayedExplosions,1236,6.22290,2.38220,6.22250,0.65434,,,,1,790,1210,0,0,12
ConcentratedDelayedExplosions,1237,2.15120,2.37020,2.14910,0.61747,,,,1,790,1210,0,0,12
ConcentratedDelayedExplosions,1238,2.05480,2.17270,2.05140,0.64922,,,,1,790,1210,0,0,12
ConcentratedDelayedExplosions,1239,2.05060,6.22440,2.04950,0.63795,,,,1,790,1210,0,0,12
ConcentratedDelayedExplosions,1240,2.25330,2.15230,2.25150,0.65434,,,,1,790,1210,0,0,12
ConcentratedDelayedExplosions,1241,2.08130,2.05240,2.08030,0.63898,,,,1,790,1210,0,0,12
ConcentratedDelayedExplosions,1242,2.14050,2.05140,2.13960,0.64512,,,,1,781,1219,0,0,12
ConcentratedDelayedExplosions,1243,5.96330,2.25240,5.96320,0.63386,,,,1,781,1219,0,0,12
ConcentratedDelayedExplosions,1244,2.14970,2.08120,2.14700,0.65229,,,,1,781,1219,0,0,12
ConcentratedDelayedExplosions,1245,2.28390,2.14090,2.28250,0.62054,,,,1,781,1219,0,0,12
ConcentratedDelayedExplosions,1246,1.89179,5.96500,1.89060,0.64102,,,,1,781,1219,0,0,12
ConcentratedDelayedExplosions,1247,1.96271,2.14820,1.96190,0.61338,,,,1,781,1219,0,0,12
ConcentratedDelayedExplosions,1248,2.20320,2.28340,2.20230,0.65434,,,,1,781,1219,0,0,12
ConcentratedDelayedExplosions,1249,2.34470,1.89180,2.34360,0.62054,,,,1,781,1219,0,0,12
ConcentratedDelayedExplosions,1250,2.18470,1.96270,2.18320,0.63693,,,,1,775,1225,0,0,12
ConcentratedDelayedExplosions,1251,5.76320,2.20330,5.76200,0.61542,,,,1,775,1225,0,0,12
ConcentratedDelayedExplosions,1252,2.14650,2.34510,2.14450,0.64512,,,,1,775,1225,0,0,12
ConcentratedDelayedExplosions,1253,1.94080,2.18490,1.93970,0.61440,,,,1,775,1225,0,0,12
ConcentratedDelayedExplosions,1254,1.86470,5.76340,1.86360,0.61926,,,,1,775,1225,0,0,12
ConcentratedDelayedExplosions,1255,2.21130,2.14540,2.21090,0.61645,,,,1,775,1225,0,0,12
ConcentratedDelayedExplosions,1256,2.17040,1.94090,2.16850,0.65024,,,,1,775,1225,0,0,12
ConcentratedDelayedExplosions,1257,2.15530,1.86460,2.15470,0.62669,,,,1,775,1225,0,0,12
ConcentratedDelayedExplosions,1258,2.16730,2.21210,2.16590,0.63078,,,,1,744,1256,0,0,12
ConcentratedDelayedExplosions,1259,6.13450,2.16950,6.13370,0.61850,,,,1,744,1256,0,0,12
ConcentratedDelayedExplosions,1260,2.89470,2.15590,2.89370,0.63488,,,,1,744,1256,0,0,12
ConcentratedDelayedExplosions,1261,2.25990,2.16690,2.25770,0.61338,,,,1,744,1256,0,0,12
ConcentratedDelayedExplosions,1262,2.15620,6.13490,2.15420,0.62566,,,,1,744,1256,0,0,12
ConcentratedDelayedExplosions,1263,2.00869,2.89570,2.00870,0.62054,,,,1,744,1256,0,0,12
ConcentratedDelayedExplosions,1264,2.03700,2.25940,2.03490,0.65024,,,,1,744,1256,0,0,12
ConcentratedDelayedExplosions,1265,2.17720,2.15530,2.17610,0.62771,,,,1,727,1273,0,0,12
ConcentratedDelayedExplosions,1266,6.53690,2.00990,6.53700,0.61850,,,,1,727,1273,0,0,12
ConcentratedDelayedExplosions,1267,2.20350,2.03580,2.20050,0.61542,,,,1,727,1273,0,0,12
ConcentratedDelayedExplosions,1268,2.17260,2.17720,2.17160,0.63898,,,,1,727,1273,0,0,12
ConcentratedDelayedExplosions,1269,2.12520,6.53920,2.12360,0.61542,,,,1,727,1273,0,0,12
ConcentratedDelayedExplosions,1270,2.13300,2.20180,2.13240,0.62259,,,,1,727,1273,0,0,12
ConcentratedDelayedExplosions,1271,1.83170,2.17260,1.83050,0.63386,,,,1,727,1273,0,0,12
ConcentratedDelayedExplosions,1272,2.42200,2.12450,2.42140,0.65331,,,,1,710,1290,0,0,12
ConcentratedDelayedExplosions,1273,5.68320,2.13330,5.68160,0.60928,,,,1,710,1290,0,0,12
ConcentratedDelayedExplosions,1274,1.89690,1.83140,1.89530,0.63078,,,,1,710,1290,0,0,12
ConcentratedDelayedExplosions,1275,1.94200,2.42330,1.94040,0.63181,,,,1,710,1290,0,0,12
ConcentratedDelayedExplosions,1276,2.23080,5.68270,2.23020,0.63386,,,,1,710,1290,0,0,12
ConcentratedDelayedExplosions,1277,2.11330,1.89690,2.11140,0.62669,,,,1,710,1290,0,0,12
ConcentratedDelayedExplosions,1278,2.13280,1.94140,2.13190,0.62669,,,,1,710,1290,0,0,12
ConcentratedDelayedExplosions,1279,2.41470,2.23170,2.41460,0.60928,,,,1,710,1290,0,0,12
ConcentratedDelayedExplosions,1280,2.26520,2.11230,2.26180,0.63795,,,,1,698,1302,0,0,12
ConcentratedDelayedExplosions,1281,5.44580,2.13300,5.44450,0.62566,,,,1,698,1302,0,0,12
ConcentratedDelayedExplosions,1282,2.11680,2.41710,2.11560,0.64614,,,,1,698,1302,0,0,12
ConcentratedDelayedExplosions,1283,1.98570,2.26300,1.98440,0.62976,,,,1,698,1302,0,0,12
ConcentratedDelayedExplosions,1284,2.45740,5.44590,2.45660,0.66150,,,,1,698,1302,0,0,12
ConcentratedDelayedExplosions,1285,2.14280,2.11650,2.14130,0.63386,,,,1,698,1302,0,0,12
ConcentratedDelayedExplosions,1286,2.13860,1.98550,2.13780,0.63898,,,,1,698,1302,0,0,12
ConcentratedDelayedExplosions,1287,2.00580,2.45790,2.00450,0.62362,,,,1,698,1302,0,0,12
ConcentratedDelayedExplosions,1288,2.11530,2.14230,2.11420,0.65946,,,,1,687,1313,0,0,12
ConcentratedDelayedExplosions,1289,6.19030,2.13890,6.19020,0.61645,,,,1,687,1313,0,0,12
ConcentratedDelayedExplosions,1290,2.03380,2.00570,2.03100,0.62566,,,,1,687,1313,0,0,12
ConcentratedDelayedExplosions,1291,1.93030,2.11520,1.92940,0.62771,,,,1,687,1313,0,0,12
ConcentratedDelayedExplosions,1292,2.07070,6.19210,2.06970,0.64512,,,,1,687,1313,0,0,12
ConcentratedDelayedExplosions,1293,2.21270,2.03200,2.21080,0.62259,,,,1,687,1313,0,0,12
ConcentratedDelayedExplosions,1294,1.92970,1.93030,1.92870,0.63078,,,,1,687,1313,0,0,12
ConcentratedDelayedExplosions,1295,2.03350,2.07150,2.03330,0.62157,,,,1,668,1332,0,0,12
ConcentratedDelayedExplosions,1296,6.15550,2.21180,6.15370,0.61338,,,,1,668,1332,0,0,12
ConcentratedDelayedExplosions,1297,2.45250,1.92950,2.45000,0.63488,,,,1,668,1332,0,0,12
ConcentratedDelayedExplosions,1298,2.03810,2.03490,2.03700,0.64205,,,,1,668,1332,0,0,12
ConcentratedDelayedExplosions,1299,2.20480,6.15580,2.20360,0.63283,,,,1,668,1332,0,0,12
ConcentratedDelayedExplosions,1300,2.15590,2.45110,2.15500,0.63488,,,,1,668,1332,0,0,12
ConcentratedDelayedExplosions,1301,2.22771,2.03830,2.22600,0.61133,,,,1,668,1332,0,0,12
ConcentratedDelayedExplosions,1302,3.07669,2.20470,3.07640,0.63488,,,,1,660,1340,0,0,12
ConcentratedDelayedExplosions,1303,5.73700,2.15650,5.73520,0.61542,,,,1,660,1340,0,0,12
ConcentratedDelayedExplosions,1304,2.75780,2.22700,2.75580,0.66150,,,,1,660,1340,0,0,12
ConcentratedDelayedExplosions,1305,2.30730,3.07790,2.30560,0.62362,,,,1,660,1340,0,0,12
ConcentratedDelayedExplosions,1306,2.38130,5.73710,2.38020,0.64922,,,,1,660,1340,0,0,12
ConcentratedDelayedExplosions,1307,2.58220,2.75710,2.58160,0.62157,,,,1,660,1340,0,0,12
ConcentratedDelayedExplosions,1308,2.14650,2.30660,2.14460,0.64000,,,,1,660,1340,0,0,12
ConcentratedDelayedExplosions,1309,2.24570,2.38130,2.24460,0.63386,,,,1,647,1353,0,0,12
ConcentratedDelayedExplosions,1310,5.58580,2.58340,5.58500,0.63693,,,,1,647,1353,0,0,12
ConcentratedDelayedExplosions,1311,1.95450,2.14540,1.95330,0.70861,,,,1,647,1353,0,0,12
ConcentratedDelayedExplosions,1312,2.06790,2.24560,2.06710,0.64102,,,,1,647,1353,0,0,12
ConcentratedDelayedExplosions,1313,2.50201,5.58620,2.50060,0.62566,,,,1,647,1353,0,0,12
ConcentratedDelayedExplosions,1314,2.25050,1.95410,2.24930,0.62976,,,,1,647,1353,0,0,12
ConcentratedDelayedExplosions,1315,2.23760,2.06840,2.23660,0.61133,,,,1,647,1353,0,0,12
ConcentratedDelayedExplosions,1316,2.02340,2.50170,2.02220,0.63488,,,,1,647,1353,0,0,12
ConcentratedDelayedExplosions,1317,2.15011,2.25050,2.14970,0.63488,,,,1,637,1363,0,0,12
ConcentratedDelayedExplosions,1318,5.53540,2.23750,5.53290,0.63181,,,,1,637,1363,0,0,12
ConcentratedDelayedExplosions,1319,1.93310,2.02310,1.93160,0.62259,,,,1,637,1363,0,0,12
ConcentratedDelayedExplosions,1320,2.10280,2.15190,2.10200,0.64819,,,,1,637,1363,0,0,12
ConcentratedDelayedExplosions,1321,2.18231,5.53420,2.18040,0.62259,,,,1,637,1363,0,0,12
ConcentratedDelayedExplosions,1322,1.93430,1.93260,1.93340,0.63386,,,,1,637,1363,0,0,12
ConcentratedDelayedExplosions,1323,2.05660,2.10380,2.05510,0.61645,,,,1,637,1363,0,0,12
ConcentratedDelayedExplosions,1324,2.01451,2.18150,2.01350,0.65229,,,,1,637,1363,0,0,12
ConcentratedDelayedExplosions,1325,1.94480,1.93470,1.94490,0.60928,,,,1,629,1371,0,0,12
ConcentratedDelayedExplosions,1326,5.69020,2.05610,5.68840,0.63283,,,,1,629,1371,0,0,12
ConcentratedDelayedExplosions,1327,2.12140,2.01440,2.12730,0.62259,,,,1,629,1371,0,0,12
ConcentratedDelayedExplosions,1328,2.06110,1.94620,2.05220,0.65331,,,,1,629,1371,0,0,12
ConcentratedDelayedExplosions,1329,2.03730,5.68990,2.03720,0.63181,,,,1,629,1371,0,0,12
ConcentratedDelayedExplosions,1330,1.99980,2.12830,1.99760,0.63898,,,,1,629,1371,0,0,12
ConcentratedDelayedExplosions,1331,1.86230,2.05320,1.86140,0.62669,,,,1,629,1371,0,0,12
ConcentratedDelayedExplosions,1332,2.51630,2.03840,2.51580,0.63898,,,,1,629,1371,0,0,12
ConcentratedDelayedExplosions,1333,3.14210,1.99850,3.13900,0.62259,,,,1,611,1389,0,0,12
ConcentratedDelayedExplosions,1334,5.67220,1.86270,5.67130,0.63283,,,,1,611,1389,0,0,12
ConcentratedDelayedExplosions,1335,2.03050,2.51820,2.02980,0.62976,,,,1,611,1389,0,0,12
ConcentratedDelayedExplosions,1336,2.12310,3.14000,2.12140,0.63693,,,,1,611,1389,0,0,12
ConcentratedDelayedExplosions,1337,1.90110,5.67240,1.90010,0.62157,,,,1,611,1389,0,0,12
ConcentratedDelayedExplosions,1338,2.04320,2.03100,2.04250,0.63181,,,,1,611,1389,0,0,12
ConcentratedDelayedExplosions,1339,2.10519,2.12240,2.10290,0.63078,,,,1,611,1389,0,0,12
ConcentratedDelayedExplosions,1340,2.04490,1.90100,2.04380,0.65126,,,,1,599,1401,0,0,12
ConcentratedDelayedExplosions,1341,5.23590,2.04470,5.23490,0.63078,,,,1,599,1401,0,0,12
ConcentratedDelayedExplosions,1342,2.19710,2.10390,2.19570,0.63693,,,,1,599,1401,0,0,12
ConcentratedDelayedExplosions,1343,2.25140,2.04490,2.25010,0.63590,,,,1,599,1401,0,0,12
ConcentratedDelayedExplosions,1344,1.98100,5.23620,1.97960,0.63693,,,,1,599,1401,0,0,12
ConcentratedDelayedExplosions,1345,1.96030,2.19710,1.95950,0.63386,,,,1,599,1401,0,0,12
ConcentratedDelayedExplosions,1346,2.05350,2.25130,2.05720,0.61850,,,,1,599,1401,0,0,12
ConcentratedDelayedExplosions,1347,2.74131,1.98050,2.73450,0.61850,,,,1,599,1401,0,0,12
ConcentratedDelayedExplosions,1348,2.31630,1.96090,2.31460,0.66253,,,,1,580,1420,0,0,12
ConcentratedDelayedExplosions,1349,6.45610,2.05950,6.45560,0.60826,,,,1,580,1420,0,0,12
ConcentratedDelayedExplosions,1350,2.54450,2.73570,2.54180,0.63181,,,,1,580,1420,0,0,12
ConcentratedDelayedExplosions,1351,2.12250,2.31580,2.12110,0.61645,,,,1,580,1420,0,0,12
ConcentratedDelayedExplosions,1352,2.25380,6.45780,2.25250,0.65024,,,,1,580,1420,0,0,12
ConcentratedDelayedExplosions,1353,2.01360,2.54290,2.01250,0.62259,,,,1,580,1420,0,0,12
ConcentratedDelayedExplosions,1354,1.83430,2.12240,1.83300,0.64922,,,,1,580,1420,0,0,12
ConcentratedDelayedExplosions,1355,2.53250,2.25370,2.53200,0.59904,,,,1,566,1434,0,0,12
ConcentratedDelayedExplosions,1356,6.72850,2.01370,6.72730,0.64205,,,,1,566,1434,0,0,12
ConcentratedDelayedExplosions,1357,3.18830,1.83420,3.18120,0.61952,,,,1,566,1434,0,0,12
ConcentratedDelayedExplosions,1358,2.37000,2.53450,2.36830,0.62976,,,,1,566,1434,0,0,12
ConcentratedDelayedExplosions,1359,2.34460,6.73350,2.34280,0.61235,,,,1,566,1434,0,0,12
ConcentratedDelayedExplosions,1360,2.28040,3.18220,2.27810,0.62771,,,,1,566,1434,0,0,12
ConcentratedDelayedExplosions,1361,2.29780,2.37030,2.29590,0.63181,,,,1,549,1451,0,0,12
ConcentratedDelayedExplosions,1362,6.15880,2.34500,6.15750,0.62054,,,,1,549,1451,0,0,12
ConcentratedDelayedExplosions,1363,2.26570,2.27980,2.26400,0.61235,,,,1,549,1451,0,0,12
ConcentratedDelayedExplosions,1364,2.51640,2.29730,2.51510,0.64307,,,,1,549,1451,0,0,12
ConcentratedDelayedExplosions,1365,2.47700,6.15930,2.47520,0.61133,,,,1,549,1451,0,0,12
ConcentratedDelayedExplosions,1366,2.33290,2.26530,2.33140,0.62464,,,,1,549,1451,0,0,12
ConcentratedDelayedExplosions,1367,1.97700,2.51670,1.97580,0.62464,,,,1,549,1451,0,0,12
ConcentratedDelayedExplosions,1368,2.27990,2.47670,2.27870,0.64512,,,,1,537,1463,0,0,12
ConcentratedDelayedExplosions,1369,5.69690,2.33250,5.70280,0.62976,,,,1,537,1463,0,0,12
ConcentratedDelayedExplosions,1370,2.27080,1.97690,2.26210,0.62157,,,,1,537,1463,0,0,12
ConcentratedDelayedExplosions,1371,2.11480,2.28010,2.11430,0.61030,,,,1,537,1463,0,0,12
ConcentratedDelayedExplosions,1372,2.56050,5.70440,2.55910,0.62566,,,,1,537,1463,0,0,12
ConcentratedDelayedExplosions,1373,2.46570,2.26350,2.46330,0.61952,,,,1,537,1463,0,0,12
ConcentratedDelayedExplosions,1374,2.09660,2.11570,2.09510,0.61542,,,,1,537,1463,0,0,12
ConcentratedDelayedExplosions,1375,2.14690,2.56090,2.14520,0.61747,,,,1,537,1463,0,0,12
ConcentratedDelayedExplosions,1376,2.35090,2.46460,2.34930,0.63283,,,,1,519,1481,0,0,12
ConcentratedDelayedExplosions,1377,6.33300,2.09680,6.33210,0.61235,,,,1,519,1481,0,0,12
ConcentratedDelayedExplosions,1378,2.23120,2.14630,2.22960,0.60928,,,,1,519,1481,0,0,12
ConcentratedDelayedExplosions,1379,2.30440,2.35060,2.30300,0.60109,,,,1,519,1481,0,0,12
ConcentratedDelayedExplosions,1380,2.04070,6.33370,2.03950,0.61850,,,,1,519,1481,0,0,12
ConcentratedDelayedExplosions,1381,2.04230,2.23080,2.04210,0.62054,,,,1,519,1481,0,0,12
ConcentratedDelayedExplosions,1382,2.87479,2.30410,2.87350,0.60826,,,,1,511,1489,0,0,12
ConcentratedDelayedExplosions,1383,5.94211,2.04050,5.94030,0.63181,,,,1,511,1489,0,0,12
ConcentratedDelayedExplosions,1384,2.16440,2.04330,2.16250,0.62874,,,,1,511,1489,0,0,12
ConcentratedDelayedExplosions,1385,2.14870,2.87530,2.14740,0.60109,,,,1,511,1489,0,0,12
ConcentratedDelayedExplosions,1386,2.18380,5.94170,2.18250,0.62976,,,,1,511,1489,0,0,12
ConcentratedDelayedExplosions,1387,2.13520,2.16390,2.13430,0.61133,,,,1,511,1489,0,0,12
ConcentratedDelayedExplosions,1388,2.34099,2.14860,2.33990,0.64717,,,,1,511,1489,0,0,12
ConcentratedDelayedExplosions,1389,2.58270,2.18350,2.58100,0.62362,,,,1,511,1489,0,0,12
ConcentratedDelayedExplosions,1390,2.19320,2.13570,2.19220,0.63590,,,,1,497,1503,0,0,12
ConcentratedDelayedExplosions,1391,5.86950,2.34120,5.86870,0.61542,,,,1,497,1503,0,0,12
ConcentratedDelayedExplosions,1392,2.38840,2.58180,2.38750,0.62054,,,,1,497,1503,0,0,12
ConcentratedDelayedExplosions,1393,2.74070,2.19320,2.73900,0.61338,,,,1,497,1503,0,0,12
ConcentratedDelayedExplosions,1394,2.22050,5.87010,2.21920,0.63488,,,,1,497,1503,0,0,12
ConcentratedDelayedExplosions,1395,2.15830,2.38860,2.15680,0.64205,,,,1,497,1503,0,0,12
ConcentratedDelayedExplosions,1396,2.15910,2.74050,2.15800,0.64512,,,,1,497,1503,0,0,12
ConcentratedDelayedExplosions,1397,2.21200,2.22050,2.21090,0.62874,,,,1,491,1509,0,0,12
ConcentratedDelayedExplosions,1398,5.07830,2.15790,5.07740,0.62874,,,,1,491,1509,0,0,12
ConcentratedDelayedExplosions,1399,2.02971,2.15910,2.02830,0.61133,,,,1,491,1509,0,0,12
ConcentratedDelayedExplosions,1400,1.93940,2.21190,1.93770,0.64512,,,,1,491,1509,0,0,12
ConcentratedDelayedExplosions,1401,1.96180,5.07880,1.96060,0.63795,,,,1,491,1509,0,0,12
ConcentratedDelayedExplosions,1402,2.04180,2.02980,2.04080,0.62259,,,,1,491,1509,0,0,12
ConcentratedDelayedExplosions,1403,2.10290,1.93890,2.10170,0.62566,,,,1,491,1509,0,0,12
ConcentratedDelayedExplosions,1404,2.08320,1.96180,2.08170,0.64307,,,,1,491,1509,0,0,12
ConcentratedDelayedExplosions,1405,2.22010,2.04190,2.21920,0.62054,,,,1,470,1530,0,0,12
ConcentratedDelayedExplosions,1406,6.78980,2.10310,6.78980,0.61952,,,,1,470,1530,0,0,12
ConcentratedDelayedExplosions,1407,2.38880,2.08280,2.38490,0.63590,,,,1,470,1530,0,0,12
ConcentratedDelayedExplosions,1408,2.41650,2.22030,2.41480,0.64717,,,,1,470,1530,0,0,12
ConcentratedDelayedExplosions,1409,2.11460,6.79280,2.11360,0.62976,,,,1,470,1530,0,0,12
ConcentratedDelayedExplosions,1410,2.37810,2.38620,2.37780,0.63386,,,,1,470,1530,0,0,12
ConcentratedDelayedExplosions,1411,2.05080,2.41600,2.04830,0.62976,,,,1,470,1530,0,0,12
ConcentratedDelayedExplosions,1412,2.14170,2.11490,2.13980,0.64307,,,,1,459,1541,0,0,12
ConcentratedDelayedExplosions,1413,4.61200,2.37960,4.61110,0.64102,,,,1,459,1541,0,0,12
ConcentratedDelayedExplosions,1414,1.85140,2.04970,1.85040,0.62566,,,,1,459,1541,0,0,12
ConcentratedDelayedExplosions,1415,1.85820,2.14070,1.85750,0.62362,,,,1,459,1541,0,0,12
ConcentratedDelayedExplosions,1416,1.95420,4.61200,1.95340,0.64614,,,,1,459,1541,0,0,12
ConcentratedDelayedExplosions,1417,2.19920,1.85130,2.19740,0.63693,,,,1,459,1541,0,0,12
ConcentratedDelayedExplosions,1418,2.02510,1.85850,2.02380,0.62362,,,,1,459,1541,0,0,12
ConcentratedDelayedExplosions,1419,1.95050,1.95480,1.94940,0.61645,,,,1,459,1541,0,0,12
ConcentratedDelayedExplosions,1420,1.95911,2.19870,1.95820,0.65843,,,,1,459,1541,0,0,12
ConcentratedDelayedExplosions,1421,2.35280,2.02490,2.35170,0.62464,,,,1,448,1552,0,0,12
ConcentratedDelayedExplosions,1422,4.98230,1.95030,4.98130,0.62976,,,,1,448,1552,0,0,12
ConcentratedDelayedExplosions,1423,2.47250,1.95940,2.47180,0.62464,,,,1,448,1552,0,0,12
ConcentratedDelayedExplosions,1424,2.20830,2.35300,2.20620,0.64000,,,,1,448,1552,0,0,12
ConcentratedDelayedExplosions,1425,2.27350,4.98250,2.27240,0.62054,,,,1,448,1552,0,0,12
ConcentratedDelayedExplosions,1426,2.14180,2.47310,2.14060,0.61850,,,,1,448,1552,0,0,12
ConcentratedDelayedExplosions,1427,1.96589,2.20740,1.96540,0.61338,,,,1,448,1552,0,0,12
ConcentratedDelayedExplosions,1428,1.99780,2.27390,1.99620,0.63488,,,,1,433,1567,0,0,12
ConcentratedDelayedExplosions,1429,4.73880,2.14120,4.73740,0.60826,,,,1,433,1567,0,0,12
ConcentratedDelayedExplosions,1430,2.15780,1.96680,2.15760,0.63488,,,,1,433,1567,0,0,12
ConcentratedDelayedExplosions,1431,2.30910,1.99740,2.34340,0.65434,,,,1,433,1567,0,0,12
ConcentratedDelayedExplosions,1432,2.09190,4.73880,2.05320,0.65434,,,,1,433,1567,0,0,12
ConcentratedDelayedExplosions,1433,2.04870,2.15940,2.04780,0.62157,,,,1,433,1567,0,0,12
ConcentratedDelayedExplosions,1434,2.07660,2.34460,2.07560,0.62464,,,,1,433,1567,0,0,12
ConcentratedDelayedExplosions,1435,1.86280,2.05430,1.86180,0.60723,,,,1,433,1567,0,0,12
ConcentratedDelayedExplosions,1436,2.05970,2.04870,2.05900,0.63488,,,,1,433,1567,0,0,12
ConcentratedDelayedExplosions,1437,2.63350,2.07660,2.63230,0.62669,,,,1,420,1580,0,0,12
ConcentratedDelayedExplosions,1438,5.20140,1.86280,5.20000,0.61747,,,,1,420,1580,0,0,12
ConcentratedDelayedExplosions,1439,2.01440,2.06010,2.01290,0.60723,,,,1,420,1580,0,0,12
ConcentratedDelayedExplosions,1440,2.13650,2.63370,2.13560,0.64717,,,,1,420,1580,0,0,12
ConcentratedDelayedExplosions,1441,2.62150,5.20140,2.62000,0.61030,,,,1,420,1580,0,0,12
ConcentratedDelayedExplosions,1442,2.36920,2.01390,2.36830,0.62259,,,,1,420,1580,0,0,12
ConcentratedDelayedExplosions,1443,2.03300,2.13700,2.03190,0.63078,,,,1,420,1580,0,0,12
ConcentratedDelayedExplosions,1444,2.15050,2.62090,2.14960,0.63898,,,,1,407,1593,0,0,12
ConcentratedDelayedExplosions,1445,4.68050,2.36930,4.67940,0.62259,,,,1,407,1593,0,0,12
ConcentratedDelayedExplosions,1446,2.04110,2.03280,2.03980,0.62669,,,,1,407,1593,0,0,12
ConcentratedDelayedExplosions,1447,2.09830,2.15080,2.09810,0.60826,,,,1,407,1593,0,0,12
ConcentratedDelayedExplosions,1448,3.06811,4.68040,3.06680,0.65024,,,,1,407,1593,0,0,12
ConcentratedDelayedExplosions,1449,2.53800,2.04080,2.53590,0.62362,,,,1,407,1593,0,0,12
ConcentratedDelayedExplosions,1450,2.18880,2.09950,2.18770,0.61440,,,,1,407,1593,0,0,12
ConcentratedDelayedExplosions,1451,2.01390,3.06820,2.01260,0.60928,,,,1,407,1593,0,0,12
ConcentratedDelayedExplosions,1452,2.02640,2.53700,2.02550,0.64512,,,,1,393,1607,0,0,12
ConcentratedDelayedExplosions,1453,4.82299,2.18890,4.82190,0.60826,,,,1,393,1607,0,0,12
ConcentratedDelayedExplosions,1454,2.29100,2.01360,2.29020,0.61747,,,,1,393,1607,0,0,12
ConcentratedDelayedExplosions,1455,2.17650,2.02660,2.17460,0.61235,,,,1,393,1607,0,0,12
ConcentratedDelayedExplosions,1456,1.97320,4.82340,1.97230,0.64717,,,,1,393,1607,0,0,12
ConcentratedDelayedExplosions,1457,1.89190,2.29140,1.89090,0.62874,,,,1,393,1607,0,0,12
ConcentratedDelayedExplosions,1458,1.76830,2.17560,1.76740,0.62157,,,,1,393,1607,0,0,12
ConcentratedDelayedExplosions,1459,2.00090,1.97320,2.00020,0.60826,,,,1,393,1607,0,0,12
ConcentratedDelayedExplosions,1460,1.91420,1.89190,1.91220,0.63693,,,,1,384,1616,0,0,12
ConcentratedDelayedExplosions,1461,4.50310,1.76820,4.50280,0.61645,,,,1,384,1616,0,0,12
ConcentratedDelayedExplosions,1462,2.13160,2.00210,2.12910,0.62259,,,,1,384,1616,0,0,12
ConcentratedDelayedExplosions,1463,2.24430,1.91330,2.24270,0.61338,,,,1,384,1616,0,0,12
ConcentratedDelayedExplosions,1464,2.00950,4.50490,2.00800,0.63488,,,,1,384,1616,0,0,12
ConcentratedDelayedExplosions,1465,2.21091,2.13050,2.20950,0.61338,,,,1,384,1616,0,0,12
ConcentratedDelayedExplosions,1466,1.99690,2.24420,1.99560,0.61338,,,,1,384,1616,0,0,12
ConcentratedDelayedExplosions,1467,2.26330,2.00960,2.26260,0.61235,,,,1,384,1616,0,0,12
ConcentratedDelayedExplosions,1468,2.34790,2.21050,2.34650,0.62259,,,,1,384,1616,0,0,12
ConcentratedDelayedExplosions,1469,2.40740,1.99650,2.40600,0.61747,,,,1,372,1628,0,0,12
ConcentratedDelayedExplosions,1470,4.88260,2.26390,4.88130,0.62054,,,,1,372,1628,0,0,12
ConcentratedDelayedExplosions,1471,1.89269,2.34790,1.89140,0.61645,,,,1,372,1628,0,0,12
ConcentratedDelayedExplosions,1472,1.87740,2.40710,1.87610,0.64205,,,,1,372,1628,0,0,12
ConcentratedDelayedExplosions,1473,2.24970,4.88250,2.24890,0.63488,,,,1,372,1628,0,0,12
ConcentratedDelayedExplosions,1474,2.12940,1.89260,2.12730,0.63386,,,,1,372,1628,0,0,12
ConcentratedDelayedExplosions,1475,2.14900,1.87720,2.14730,0.60723,,,,1,372,1628,0,0,12
ConcentratedDelayedExplosions,1476,2.03210,2.25120,2.03050,0.64000,,,,1,372,1628,0,0,12
ConcentratedDelayedExplosions,1477,2.16560,2.12880,2.16450,0.62566,,,,1,361,1639,0,0,12
ConcentratedDelayedExplosions,1478,4.72320,2.14870,4.72250,0.62566,,,,1,361,1639,0,0,12
ConcentratedDelayedExplosions,1479,2.05170,2.03150,2.05000,0.63181,,,,1,361,1639,0,0,12
ConcentratedDelayedExplosions,1480,1.75670,2.16560,1.75560,0.62771,,,,1,361,1639,0,0,12
ConcentratedDelayedExplosions,1481,2.17171,4.72390,2.17160,0.62874,,,,1,361,1639,0,0,12
ConcentratedDelayedExplosions,1482,1.94430,2.05100,1.94250,0.63078,,,,1,361,1639,0,0,12
ConcentratedDelayedExplosions,1483,1.78910,1.75660,1.78780,0.61542,,,,1,361,1639,0,0,12
ConcentratedDelayedExplosions,1484,1.94710,2.17260,1.94600,0.63386,,,,1,361,1639,0,0,12
ConcentratedDelayedExplosions,1485,2.17250,1.94370,2.17170,0.61440,,,,1,352,1648,0,0,12
ConcentratedDelayedExplosions,1486,4.63870,1.78880,4.63800,0.62362,,,,1,352,1648,0,0,12
ConcentratedDelayedExplosions,1487,2.34090,1.94710,2.33820,0.62157,,,,1,352,1648,0,0,12
ConcentratedDelayedExplosions,1488,2.15090,2.17260,2.14950,0.62771,,,,1,352,1648,0,0,12
ConcentratedDelayedExplosions,1489,1.88980,4.64070,1.88880,0.62054,,,,1,352,1648,0,0,12
ConcentratedDelayedExplosions,1490,2.07710,2.33930,2.07600,0.62054,,,,1,352,1648,0,0,12
ConcentratedDelayedExplosions,1491,2.25280,2.15050,2.25190,0.62259,,,,1,352,1648,0,0,12
ConcentratedDelayedExplosions,1492,1.82810,1.88980,1.82680,0.63386,,,,1,352,1648,0,0,12
ConcentratedDelayedExplosions,1493,1.98110,2.07710,1.98020,0.61338,,,,1,352,1648,0,0,12
ConcentratedDelayedExplosions,1494,2.00030,2.25300,1.99940,0.63386,,,,1,336,1664,0,0,12
ConcentratedDelayedExplosions,1495,5.01330,1.82790,5.01200,0.62054,,,,1,336,1664,0,0,12
ConcentratedDelayedExplosions,1496,1.84970,1.98110,1.84850,0.61747,,,,1,336,1664,0,0,12
ConcentratedDelayedExplosions,1497,1.95840,2.00070,1.95860,0.61542,,,,1,336,1664,0,0,12
ConcentratedDelayedExplosions,1498,2.14050,5.01300,2.13750,0.64102,,,,1,336,1664,0,0,12
ConcentratedDelayedExplosions,1499,2.45630,1.84960,2.45530,0.63283,,,,1,336,1664,0,0,12
ConcentratedDelayedExplosions,1500,2.31890,1.96060,2.31710,0.61235,,,,1,336,1664,0,0,12
ConcentratedDelayedExplosions,1501,2.25130,2.13840,2.25020,0.62362,,,,1,336,1664,0,0,12
ConcentratedDelayedExplosions,1502,1.90550,2.45720,1.90460,0.63386,,,,1,327,1673,0,0,12
ConcentratedDelayedExplosions,1503,4.16520,2.31810,4.16420,0.59392,,,,1,327,1673,0,0,12
ConcentratedDelayedExplosions,1504,1.98640,2.25110,1.98530,0.64819,,,,1,327,1673,0,0,12
ConcentratedDelayedExplosions,1505,2.13210,1.90560,2.13120,0.61235,,,,1,327,1673,0,0,12
ConcentratedDelayedExplosions,1506,2.16820,4.16510,2.17620,0.62669,,,,1,327,1673,0,0,12
ConcentratedDelayedExplosions,1507,2.20380,1.98620,2.19320,0.62566,,,,1,327,1673,0,0,12
ConcentratedDelayedExplosions,1508,2.37151,2.13240,2.37020,0.62669,,,,1,327,1673,0,0,12
ConcentratedDelayedExplosions,1509,2.19840,2.17770,2.19750,0.61645,,,,1,327,1673,0,0,12
ConcentratedDelayedExplosions,1510,2.22740,2.19450,2.22580,0.62054,,,,1,319,1681,0,0,12
ConcentratedDelayedExplosions,1511,4.39640,2.37130,4.39560,0.60723,,,,1,319,1681,0,0,12
ConcentratedDelayedExplosions,1512,2.57240,2.19910,2.56990,0.62771,,,,1,319,1681,0,0,12
ConcentratedDelayedExplosions,1513,2.01470,2.22680,2.01370,0.61645,,,,1,319,1681,0,0,12
ConcentratedDelayedExplosions,1514,1.91860,4.39770,1.91740,0.62566,,,,1,319,1681,0,0,12
ConcentratedDelayedExplosions,1515,1.91070,2.57090,1.90960,0.55194,,,,1,319,1681,0,0,12
ConcentratedDelayedExplosions,1516,2.17870,2.01500,2.17790,0.57549,,,,1,319,1681,0,0,12
ConcentratedDelayedExplosions,1517,2.33360,1.91840,2.33220,0.54682,,,,1,319,1681,0,0,12
ConcentratedDelayedExplosions,1518,2.73649,1.91070,2.73530,0.58368,,,,1,310,1690,0,0,12
ConcentratedDelayedExplosions,1519,5.14980,2.17920,5.14820,0.55910,,,,1,310,1690,0,0,12
ConcentratedDelayedExplosions,1520,2.39500,2.33340,2.39320,0.58470,,,,1,310,1690,0,0,12
ConcentratedDelayedExplosions,1521,2.17530,2.73710,2.17410,0.56115,,,,1,310,1690,0,0,12
ConcentratedDelayedExplosions,1522,2.18820,5.14990,2.18710,0.56832,,,,1,310,1690,0,0,12
ConcentratedDelayedExplosions,1523,3.05740,2.39430,3.05730,0.55091,,,,1,310,1690,0,0,12
ConcentratedDelayedExplosions,1524,2.81040,2.17530,2.80710,0.57242,,,,1,310,1690,0,0,12
ConcentratedDelayedExplosions,1525,2.57440,2.18810,2.57340,0.55501,,,,1,294,1706,0,0,12
ConcentratedDelayedExplosions,1526,5.93980,3.05980,5.93920,0.57446,,,,1,294,1706,0,0,12
ConcentratedDelayedExplosions,1527,2.31400,2.80820,2.31070,0.55808,,,,1,294,1706,0,0,12
ConcentratedDelayedExplosions,1528,2.29100,2.57480,2.28870,0.55194,,,,1,294,1706,0,0,12
ConcentratedDelayedExplosions,1529,2.14380,5.94200,2.14250,0.57446,,,,1,294,1706,0,0,12
ConcentratedDelayedExplosions,1530,2.02370,2.31250,2.02280,0.57344,,,,1,294,1706,0,0,12
ConcentratedDelayedExplosions,1531,1.95040,2.28980,1.94930,0.55296,,,,1,294,1706,0,0,12
ConcentratedDelayedExplosions,1532,1.88490,2.14350,1.88430,0.56832,,,,1,294,1706,0,0,12
ConcentratedDelayedExplosions,1533,2.03290,2.02380,2.03140,0.54886,,,,1,287,1713,0,0,12
ConcentratedDelayedExplosions,1534,4.25610,1.95000,4.25530,0.56730,,,,1,287,1713,0,0,12
ConcentratedDelayedExplosions,1535,2.21030,1.88570,2.20840,0.55910,,,,1,287,1713,0,0,12
ConcentratedDelayedExplosions,1536,2.35830,2.03240,2.35620,0.55194,,,,1,287,1713,0,0,12
ConcentratedDelayedExplosions,1537,2.03140,4.25730,2.02980,0.56525,,,,1,287,1713,0,0,12
ConcentratedDelayedExplosions,1538,1.83850,2.21030,1.83690,0.57754,,,,1,287,1713,0,0,12
ConcentratedDelayedExplosions,1539,2.65680,2.35780,2.65690,0.56294,,,,1,287,1713,0,0,12
ConcentratedDelayedExplosions,1540,2.65090,2.03120,2.64760,0.56294,,,,1,287,1713,0,0,12
ConcentratedDelayedExplosions,1541,2.76310,1.83800,2.76220,0.54170,,,,1,279,1721,0,0,12
ConcentratedDelayedExplosions,1542,5.07180,2.65920,5.06970,0.55091,,,,1,279,1721,0,0,12
ConcentratedDelayedExplosions,1543,2.17130,2.64890,2.16980,0.54989,,,,1,279,1721,0,0,12
ConcentratedDelayedExplosions,1544,2.09619,2.76400,2.09510,0.55501,,,,1,279,1721,0,0,12
ConcentratedDelayedExplosions,1545,1.90281,5.07110,1.90130,0.54477,,,,1,279,1721,0,0,12
ConcentratedDelayedExplosions,1546,2.29539,2.17090,2.29420,0.56934,,,,1,279,1721,0,0,12
ConcentratedDelayedExplosions,1547,1.91060,2.09640,1.90960,0.55501,,,,1,279,1721,0,0,12
ConcentratedDelayedExplosions,1548,1.78730,1.90240,1.78580,0.55194,,,,1,279,1721,0,0,12
ConcentratedDelayedExplosions,1549,1.82890,2.29520,1.82800,0.58368,,,,1,272,1728,0,0,12
ConcentratedDelayedExplosions,1550,4.18530,1.91100,4.18450,0.56422,,,,1,272,1728,0,0,12
ConcentratedDelayedExplosions,1551,1.76050,1.78680,1.75970,0.54784,,,,1,272,1728,0,0,12
ConcentratedDelayedExplosions,1552,2.23220,1.82890,2.23070,0.55808,,,,1,272,1728,0,0,12
ConcentratedDelayedExplosions,1553,2.06000,4.18550,2.05930,0.54682,,,,1,272,1728,0,0,12
ConcentratedDelayedExplosions,1554,1.97410,1.76090,1.97310,0.56832,,,,1,272,1728,0,0,12
ConcentratedDelayedExplosions,1555,2.13290,2.23180,2.13180,0.54374,,,,1,272,1728,0,0,12
ConcentratedDelayedExplosions,1556,1.85290,2.06010,1.85210,0.55578,,,,1,272,1728,0,0,12
ConcentratedDelayedExplosions,1557,1.87290,1.97430,1.87200,0.54784,,,,1,272,1728,0,0,12
ConcentratedDelayedExplosions,1558,2.06960,2.13250,2.06840,0.54886,,,,1,261,1739,0,0,12
ConcentratedDelayedExplosions,1559,3.96240,1.85290,3.96100,0.54886,,,,1,261,1739,0,0,12
ConcentratedDelayedExplosions,1560,2.36370,1.87320,2.36240,0.56320,,,,1,261,1739,0,0,12
ConcentratedDelayedExplosions,1561,1.83690,2.07000,1.83550,0.55603,,,,1,261,1739,0,0,12
ConcentratedDelayedExplosions,1562,1.96740,3.96220,1.96650,0.59494,,,,1,261,1739,0,0,12
ConcentratedDelayedExplosions,1563,1.82470,2.36370,1.82320,0.56320,,,,1,261,1739,0,0,12
ConcentratedDelayedExplosions,1564,1.85520,1.83650,1.85490,0.56422,,,,1,261,1739,0,0,12
ConcentratedDelayedExplosions,1565,2.02440,1.96800,2.02210,0.56218,,,,1,261,1739,0,0,12
ConcentratedDelayedExplosions,1566,1.84340,1.82440,1.84240,0.56013,,,,1,261,1739,0,0,12
ConcentratedDelayedExplosions,1567,1.90250,1.85620,1.90150,0.55091,,,,1,239,1761,0,0,12
ConcentratedDelayedExplosions,1568,4.10080,2.02300,4.10020,0.55398,,,,1,239,1761,0,0,12
ConcentratedDelayedExplosions,1569,2.01330,1.84350,2.01200,0.55296,,,,1,239,1761,0,0,12
ConcentratedDelayedExplosions,1570,2.08650,1.90250,2.08490,0.57728,,,,1,239,1761,0,0,12
ConcentratedDelayedExplosions,1571,1.81780,4.10140,1.81640,0.55808,,,,1,239,1761,0,0,12
ConcentratedDelayedExplosions,1572,1.84140,2.01340,1.84060,0.56218,,,,1,239,1761,0,0,12
ConcentratedDelayedExplosions,1573,1.87770,2.08630,1.87690,0.55398,,,,1,239,1761,0,0,12
ConcentratedDelayedExplosions,1574,1.75180,1.81710,1.75030,0.56934,,,,1,239,1761,0,0,12
ConcentratedDelayedExplosions,1575,2.03860,1.84150,2.03840,0.55706,,,,1,239,1761,0,0,12
ConcentratedDelayedExplosions,1576,1.99600,1.87830,1.99430,0.59878,,,,1,227,1773,0,0,12
ConcentratedDelayedExplosions,1577,4.06260,1.75120,4.06160,0.55398,,,,1,227,1773,0,0,12
ConcentratedDelayedExplosions,1578,1.79610,2.03930,1.79460,0.56627,,,,1,227,1773,0,0,12
ConcentratedDelayedExplosions,1579,1.73300,1.99540,1.73200,0.54989,,,,1,227,1773,0,0,12
ConcentratedDelayedExplosions,1580,1.79740,4.06300,1.79620,0.56525,,,,1,227,1773,0,0,12
ConcentratedDelayedExplosions,1581,1.75991,1.79560,1.75930,0.54374,,,,1,227,1773,0,0,12
ConcentratedDelayedExplosions,1582,2.20590,1.73330,2.20520,0.56115,,,,1,227,1773,0,0,12
ConcentratedDelayedExplosions,1583,2.14570,1.79710,2.14340,0.54784,,,,1,227,1773,0,0,12
ConcentratedDelayedExplosions,1584,1.92900,1.76040,1.92780,0.57651,,,,1,227,1773,0,0,12
ConcentratedDelayedExplosions,1585,2.00240,2.20680,2.00150,0.56320,,,,1,215,1785,0,0,12
ConcentratedDelayedExplosions,1586,3.91260,2.14460,3.91160,0.55603,,,,1,215,1785,0,0,12
ConcentratedDelayedExplosions,1587,1.91670,1.92910,1.91510,0.54989,,,,1,215,1785,0,0,12
ConcentratedDelayedExplosions,1588,1.84530,2.00240,1.84500,0.57242,,,,1,215,1785,0,0,12
ConcentratedDelayedExplosions,1589,1.97610,3.91300,1.97380,0.55091,,,,1,215,1785,0,0,12
ConcentratedDelayedExplosions,1590,1.99950,1.91640,1.99840,0.57139,,,,1,215,1785,0,0,12
ConcentratedDelayedExplosions,1591,1.88440,1.84620,1.88290,0.53760,,,,1,215,1785,0,0,12
ConcentratedDelayedExplosions,1592,2.11470,1.97480,2.11400,0.57549,,,,1,215,1785,0,0,12
ConcentratedDelayedExplosions,1593,2.07090,2.00000,2.06940,0.55603,,,,1,215,1785,0,0,12
ConcentratedDelayedExplosions,1594,1.73910,1.88390,1.73820,0.56013,,,,1,215,1785,0,0,12
ConcentratedDelayedExplosions,1595,1.72980,2.11520,1.72870,0.55296,,,,1,203,1797,0,0,12
ConcentratedDelayedExplosions,1596,4.19540,2.07040,4.19490,0.55808,,,,1,203,1797,0,0,12
ConcentratedDelayedExplosions,1597,2.15390,1.73900,2.15140,0.57344,,,,1,203,1797,0,0,12
ConcentratedDelayedExplosions,1598,1.87839,1.73010,1.87700,0.55808,,,,1,203,1797,0,0,12
ConcentratedDelayedExplosions,1599,1.90140,4.19700,1.89990,0.55091,,,,1,203,1797,0,0,12
ConcentratedDelayedExplosions,1600,1.85270,2.15250,1.85150,0.58266,,,,1,203,1797,0,0,12
ConcentratedDelayedExplosions,1601,1.77030,1.87860,1.76930,0.54477,,,,1,203,1797,0,0,12
ConcentratedDelayedExplosions,1602,1.86460,1.90110,1.86360,0.55091,,,,1,203,1797,0,0,12
ConcentratedDelayedExplosions,1603,1.96150,1.85260,1.96060,0.54272,,,,1,203,1797,0,0,12
ConcentratedDelayedExplosions,1604,2.08680,1.77010,2.08590,0.55398,,,,1,185,1815,0,0,12
ConcentratedDelayedExplosions,1605,4.23520,1.86460,4.23420,0.56627,,,,1,185,1815,0,0,12
ConcentratedDelayedExplosions,1606,1.96560,1.96140,1.96410,0.55910,,,,1,185,1815,0,0,12
ConcentratedDelayedExplosions,1607,2.13660,2.08730,2.13510,0.54477,,,,1,185,1815,0,0,12
ConcentratedDelayedExplosions,1608,1.92360,4.23550,1.92240,0.56115,,,,1,185,1815,0,0,12
ConcentratedDelayedExplosions,1609,1.81510,1.96560,1.81390,0.54477,,,,1,185,1815,0,0,12
ConcentratedDelayedExplosions,1610,1.78270,2.13600,1.78190,0.56730,,,,1,185,1815,0,0,12
ConcentratedDelayedExplosions,1611,2.46390,1.92350,2.46250,0.54272,,,,1,185,1815,0,0,12
ConcentratedDelayedExplosions,1612,2.15860,1.81500,2.15740,0.56115,,,,1,185,1815,0,0,12
ConcentratedDelayedExplosions,1613,1.91670,1.78320,1.91540,0.55706,,,,1,172,1828,0,0,12
ConcentratedDelayedExplosions,1614,4.25140,2.46370,4.25010,0.54170,,,,1,172,1828,0,0,12
ConcentratedDelayedExplosions,1615,2.00420,2.15890,2.00320,0.53658,,,,1,172,1828,0,0,12
ConcentratedDelayedExplosions,1616,2.68330,1.91650,2.68230,0.55706,,,,1,172,1828,0,0,12
ConcentratedDelayedExplosions,1617,2.13681,4.25110,2.13590,0.57344,,,,1,172,1828,0,0,12
ConcentratedDelayedExplosions,1618,2.10689,2.00440,2.10490,0.55296,,,,1,172,1828,0,0,12
ConcentratedDelayedExplosions,1619,1.91200,2.68350,1.91090,0.54682,,,,1,172,1828,0,0,12
ConcentratedDelayedExplosions,1620,1.95560,2.13740,1.95430,0.54989,,,,1,172,1828,0,0,12
ConcentratedDelayedExplosions,1621,2.07870,2.10620,2.07760,0.54067,,,,1,164,1836,0,0,12
ConcentratedDelayedExplosions,1622,4.13240,1.91210,4.13130,0.55808,,,,1,164,1836,0,0,12
ConcentratedDelayedExplosions,1623,1.99780,1.95530,1.99670,0.54272,,,,1,164,1836,0,0,12
ConcentratedDelayedExplosions,1624,2.06420,2.07880,2.06330,0.57549,,,,1,164,1836,0,0,12
ConcentratedDelayedExplosions,1625,1.95150,4.13240,1.95010,0.54886,,,,1,164,1836,0,0,12
ConcentratedDelayedExplosions,1626,2.12330,1.99770,2.12220,0.55501,,,,1,164,1836,0,0,12
ConcentratedDelayedExplosions,1627,2.27380,2.06440,2.27180,0.54374,,,,1,164,1836,0,0,12
ConcentratedDelayedExplosions,1628,2.08491,1.95170,2.08320,0.54067,,,,1,164,1836,0,0,12
ConcentratedDelayedExplosions,1629,1.89819,2.12430,1.89730,0.55501,,,,1,164,1836,0,0,12
ConcentratedDelayedExplosions,1630,1.96500,2.27310,1.96390,0.54989,,,,1,144,1856,0,0,12
ConcentratedDelayedExplosions,1631,3.95450,2.08410,3.95390,0.55296,,,,1,144,1856,0,0,12
ConcentratedDelayedExplosions,1632,1.84560,1.89820,1.84360,0.56422,,,,1,144,1856,0,0,12
ConcentratedDelayedExplosions,1633,1.92251,1.96500,1.92150,0.53453,,,,1,144,1856,0,0,12
ConcentratedDelayedExplosions,1634,2.04280,3.95550,2.04230,0.55910,,,,1,144,1856,0,0,12
ConcentratedDelayedExplosions,1635,2.20259,1.84450,2.20050,0.52941,,,,1,144,1856,0,0,12
ConcentratedDelayedExplosions,1636,1.90240,1.92250,1.90160,0.56422,,,,1,144,1856,0,0,12
ConcentratedDelayedExplosions,1637,1.94940,2.04420,1.94820,0.54170,,,,1,144,1856,0,0,12
ConcentratedDelayedExplosions,1638,2.70310,2.20130,2.70310,0.55603,,,,1,144,1856,0,0,12
ConcentratedDelayedExplosions,1639,2.48000,1.90280,2.47730,0.55603,,,,1,130,1870,0,0,12
ConcentratedDelayedExplosions,1640,4.45820,1.94910,4.45630,0.57754,,,,1,130,1870,0,0,12
ConcentratedDelayedExplosions,1641,2.05520,2.70520,2.05360,0.54272,,,,1,130,1870,0,0,12
ConcentratedDelayedExplosions,1642,1.93410,2.47890,1.93250,0.54886,,,,1,130,1870,0,0,12
ConcentratedDelayedExplosions,1643,2.01280,4.45800,2.01110,0.55987,,,,1,130,1870,0,0,12
ConcentratedDelayedExplosions,1644,2.32920,2.05500,2.32830,0.56218,,,,1,130,1870,0,0,12
ConcentratedDelayedExplosions,1645,2.25650,1.93410,2.25470,0.55910,,,,1,130,1870,0,0,12
ConcentratedDelayedExplosions,1646,2.24620,2.01220,2.24510,0.55398,,,,1,130,1870,0,0,12
ConcentratedDelayedExplosions,1647,1.96220,2.32990,1.96130,0.55603,,,,1,115,1885,0,0,12
ConcentratedDelayedExplosions,1648,3.99420,2.25570,3.99310,0.56422,,,,1,115,1885,0,0,12
ConcentratedDelayedExplosions,1649,2.53530,2.24620,2.53380,0.55501,,,,1,115,1885,0,0,12
ConcentratedDelayedExplosions,1650,2.09160,1.96260,2.09080,0.55398,,,,1,115,1885,0,0,12
ConcentratedDelayedExplosions,1651,2.06230,3.99440,2.06060,0.54989,,,,1,115,1885,0,0,12
ConcentratedDelayedExplosions,1652,2.44790,2.53480,2.44720,0.56934,,,,1,115,1885,0,0,12
ConcentratedDelayedExplosions,1653,2.12320,2.09240,2.12080,0.53555,,,,1,115,1885,0,0,12
ConcentratedDelayedExplosions,1654,1.92620,2.06170,1.92580,0.55398,,,,1,115,1885,0,0,12
ConcentratedDelayedExplosions,1655,2.23000,2.44910,2.22800,0.55501,,,,1,104,1896,0,0,12
ConcentratedDelayedExplosions,1656,3.95060,2.12170,3.95050,0.57114,,,,1,104,1896,0,0,12
ConcentratedDelayedExplosions,1657,2.23010,1.92720,2.22620,0.55808,,,,1,104,1896,0,0,12
ConcentratedDelayedExplosions,1658,2.26670,2.22900,2.26530,0.55578,,,,1,104,1896,0,0,12
ConcentratedDelayedExplosions,1659,2.53109,3.95400,2.52920,0.55194,,,,1,104,1896,0,0,12
ConcentratedDelayedExplosions,1660,2.30170,2.22720,2.30000,0.53965,,,,1,104,1896,0,0,12
ConcentratedDelayedExplosions,1661,1.85310,2.26750,1.85190,0.54477,,,,1,104,1896,0,0,12
ConcentratedDelayedExplosions,1662,2.22220,2.53060,2.22110,0.54886,,,,1,104,1896,0,0,12
ConcentratedDelayedExplosions,1663,2.01190,2.30120,2.01090,0.54170,,,,1,104,1896,0,0,12
ConcentratedDelayedExplosions,1664,2.29270,1.85320,2.29180,0.55706,,,,1,96,1904,0,0,12
ConcentratedDelayedExplosions,1665,3.82220,2.22210,3.82070,0.56730,,,,1,96,1904,0,0,12
ConcentratedDelayedExplosions,1666,2.34910,2.01220,2.34750,0.55296,,,,1,96,1904,0,0,12
ConcentratedDelayedExplosions,1667,2.09899,2.29300,2.09740,0.55808,,,,1,96,1904,0,0,12
ConcentratedDelayedExplosions,1668,2.12230,3.82250,2.12110,0.57037,,,,1,96,1904,0,0,12
ConcentratedDelayedExplosions,1669,1.82630,2.34870,1.82490,0.53453,,,,1,96,1904,0,0,12
ConcentratedDelayedExplosions,1670,1.93920,2.09850,1.93840,0.57242,,,,1,96,1904,0,0,12
ConcentratedDelayedExplosions,1671,2.06770,2.12240,2.06590,0.54886,,,,1,96,1904,0,0,12
ConcentratedDelayedExplosions,1672,2.17170,1.82590,2.17060,0.55603,,,,1,80,1920,0,0,12
ConcentratedDelayedExplosions,1673,5.23550,1.94000,5.23480,0.56013,,,,1,80,1920,0,0,12
ConcentratedDelayedExplosions,1674,2.14290,2.06700,2.14160,0.56013,,,,1,80,1920,0,0,12
ConcentratedDelayedExplosions,1675,2.32170,2.17160,2.32080,0.55501,,,,1,80,1920,0,0,12
ConcentratedDelayedExplosions,1676,2.05890,5.23580,2.05810,0.54784,,,,1,80,1920,0,0,12
ConcentratedDelayedExplosions,1677,2.18640,2.14270,2.18520,0.54374,,,,1,80,1920,0,0,12
ConcentratedDelayedExplosions,1678,2.00030,2.32180,1.99870,0.54374,,,,1,80,1920,0,0,12
ConcentratedDelayedExplosions,1679,1.96480,2.05930,1.96360,0.56627,,,,1,80,1920,0,0,12
ConcentratedDelayedExplosions,1680,2.16150,2.18650,2.16060,0.54067,,,,1,61,1939,0,0,12
ConcentratedDelayedExplosions,1681,3.70110,1.99990,3.70050,0.53222,,,,1,61,1939,0,0,12
ConcentratedDelayedExplosions,1682,1.82450,1.96450,1.82390,0.57446,,,,1,61,1939,0,0,12
ConcentratedDelayedExplosions,1683,1.89470,2.16170,1.89220,0.53939,,,,1,61,1939,0,0,12
ConcentratedDelayedExplosions,1684,2.23580,3.70170,2.23480,0.57754,,,,1,61,1939,0,0,12
ConcentratedDelayedExplosions,1685,1.77151,1.82530,1.77020,0.53043,,,,1,61,1939,0,0,12
ConcentratedDelayedExplosions,1686,1.92900,1.89360,1.92790,0.56422,,,,1,61,1939,0,0,12
ConcentratedDelayedExplosions,1687,1.86120,2.23570,1.86060,0.53453,,,,1,61,1939,0,0,12
ConcentratedDelayedExplosions,1688,1.76949,1.77130,1.76750,0.56320,,,,1,61,1939,0,0,12
ConcentratedDelayedExplosions,1689,1.84190,1.92910,1.84080,0.52736,,,,1,61,1939,0,0,12
ConcentratedDelayedExplosions,1690,1.68970,1.86220,1.68830,0.56013,,,,1,55,1945,0,0,12
ConcentratedDelayedExplosions,1691,3.42870,1.76870,3.42790,0.53965,,,,1,55,1945,0,0,12
ConcentratedDelayedExplosions,1692,1.82670,1.84170,1.82480,0.54374,,,,1,55,1945,0,0,12
ConcentratedDelayedExplosions,1693,1.81640,1.68930,1.81560,0.54272,,,,1,55,1945,0,0,12
ConcentratedDelayedExplosions,1694,1.97090,3.42970,1.96990,0.56320,,,,1,55,1945,0,0,12
ConcentratedDelayedExplosions,1695,1.85190,1.82610,1.85070,0.52736,,,,1,55,1945,0,0,12
ConcentratedDelayedExplosions,1696,1.83360,1.81620,1.83260,0.53555,,,,1,55,1945,0,0,12
ConcentratedDelayedExplosions,1697,1.74880,1.97110,1.74750,0.55296,,,,1,55,1945,0,0,12
ConcentratedDelayedExplosions,1698,1.74840,1.85150,1.74740,0.55296,,,,1,55,1945,0,0,12
ConcentratedDelayedExplosions,1699,2.43270,1.83400,2.43180,0.54886,,,,1,55,1945,0,0,12
ConcentratedDelayedExplosions,1700,2.14450,1.74850,2.15070,0.54067,,,,1,40,1960,0,0,12
ConcentratedDelayedExplosions,1701,3.72730,1.74840,3.71890,0.53760,,,,1,40,1960,0,0,12
ConcentratedDelayedExplosions,1702,1.75460,2.43290,1.75320,0.56934,,,,1,40,1960,0,0,12
ConcentratedDelayedExplosions,1703,1.82290,2.15170,1.82190,0.53453,,,,1,40,1960,0,0,12
ConcentratedDelayedExplosions,1704,2.20160,3.72020,2.20090,0.56115,,,,1,40,1960,0,0,12
ConcentratedDelayedExplosions,1705,1.84530,1.75420,1.84380,0.54989,,,,1,40,1960,0,0,12
ConcentratedDelayedExplosions,1706,2.72070,1.82280,2.72010,0.55501,,,,1,40,1960,0,0,12
ConcentratedDelayedExplosions,1707,1.87650,2.20240,1.87460,0.54272,,,,1,40,1960,0,0,12
ConcentratedDelayedExplosions,1708,1.86240,1.84470,1.86130,0.57242,,,,1,40,1960,0,0,12
ConcentratedDelayedExplosions,1709,2.24030,2.72190,2.23900,0.55091,,,,1,24,1976,0,0,12
ConcentratedDelayedExplosions,1710,3.60230,1.87550,3.60090,0.54042,,,,1,24,1976,0,0,12
ConcentratedDelayedExplosions,1711,1.89290,1.86260,1.89180,0.55296,,,,1,24,1976,0,0,12
ConcentratedDelayedExplosions,1712,2.57910,2.24040,2.57760,0.56320,,,,1,24,1976,0,0,12
ConcentratedDelayedExplosions,1713,1.78160,3.60230,1.78060,0.56422,,,,1,24,1976,0,0,12
ConcentratedDelayedExplosions,1714,1.98800,1.89290,1.98660,0.56218,,,,1,24,1976,0,0,12
ConcentratedDelayedExplosions,1715,1.74790,2.57860,1.74710,0.55603,,,,1,24,1976,0,0,12
ConcentratedDelayedExplosions,1716,1.93510,1.78210,1.93360,0.57139,,,,1,24,1976,0,0,12
ConcentratedDelayedExplosions,1717,1.86679,1.98750,1.86610,0.53453,,,,1,24,1976,0,0,12
ConcentratedDelayedExplosions,1718,1.84510,1.74840,1.84320,0.56013,,,,1,19,1981,0,0,12
ConcentratedDelayedExplosions,1719,3.68060,1.93450,3.67940,0.56320,,,,1,19,1981,0,0,12
ConcentratedDelayedExplosions,1720,1.86950,1.86790,1.86820,0.54374,,,,1,19,1981,0,0,12
ConcentratedDelayedExplosions,1721,2.11160,1.84450,2.11050,0.52941,,,,1,19,1981,0,0,12
ConcentratedDelayedExplosions,1722,1.93620,3.68050,1.93500,0.58675,,,,1,19,1981,0,0,12
ConcentratedDelayedExplosions,1723,1.78890,1.86930,1.78760,0.55091,,,,1,19,1981,0,0,12
ConcentratedDelayedExplosions,1724,1.89250,2.11160,1.89140,0.56422,,,,1,19,1981,0,0,12
ConcentratedDelayedExplosions,1725,1.68560,1.93640,1.68470,0.55296,,,,1,19,1981,0,0,12
ConcentratedDelayedExplosions,1726,1.75950,1.78870,1.75810,0.54170,,,,1,19,1981,0,0,12
ConcentratedDelayedExplosions,1727,1.82881,1.89230,1.82790,0.54989,,,,1,19,1981,0,0,12
ConcentratedDelayedExplosions,1728,1.98320,1.68600,1.98230,0.55680,,,,1,0,2000,0,0,12
ConcentratedDelayedExplosions,1729,6.35310,1.75920,6.50480,0.55194,,,,1,0,2000,0,0,12
ConcentratedDelayedExplosions,1730,2.16000,1.82870,2.00540,0.55194,,,,1,0,2000,0,0,12
ConcentratedDelayedExplosions,1731,2.10710,1.98350,2.10600,0.54784,,,,1,0,2000,0,0,12
ConcentratedDelayedExplosions,1732,1.83980,6.50650,1.83880,0.58266,,,,1,0,2000,0,0,12
ConcentratedDelayedExplosions,1733,1.80240,2.00660,1.80150,0.55398,,,,1,0,2000,0,0,12
ConcentratedDelayedExplosions,1734,1.85000,2.10700,1.84860,0.54989,,,,1,0,2000,0,0,12
ConcentratedDelayedExplosions,1735,1.99780,1.83990,1.99650,0.55091,,,,1,0,2000,0,0,12
ConcentratedDelayedExplosions,1736,1.78630,1.80260,1.78600,0.55808,,,,1,0,2000,0,0,12
ConcentratedDelayedExplosions,1737,1.83370,1.84980,1.83200,0.54682,,,,1,0,2000,0,0,12
ConcentratedDelayedExplosions,1738,2.13240,1.99750,2.13170,0.56115,,,,1,0,2000,0,0,12
ConcentratedDelayedExplosions,1739,2.21100,1.78710,2.20930,0.54579,,,,1,0,2000,0,0,12
ConcentratedDelayedExplosions,1740,1.74460,1.83300,1.74350,0.56934,,,,1,0,2000,0,0,12
ConcentratedDelayedExplosions,1741,1.73330,2.13300,1.73210,0.54477,,,,1,0,2000,0,0,12
ConcentratedDelayedExplosions,1742,2.17950,2.21040,2.17830,0.57139,,,,1,0,2000,0,0,12
ConcentratedDelayedExplosions,1743,1.81550,1.74480,1.81440,0.53350,,,,1,0,2000,0,0,12
ConcentratedDelayedExplosions,1744,1.91630,1.73340,1.91520,0.55501,,,,1,0,2000,0,0,12
ConcentratedDelayedExplosions,1745,1.94550,2.17930,1.94460,0.54579,,,,1,0,2000,0,0,12
ConcentratedDelayedExplosions,1746,1.75880,1.81540,1.75760,0.54886,,,,1,0,2000,0,0,12
ConcentratedDelayedExplosions,1747,1.96750,1.91630,1.96660,0.54477,,,,1,0,2000,0,0,12
ConcentratedDelayedExplosions,1748,2.02230,1.94570,2.02140,0.55706,,,,1,0,2000,0,0,12
ConcentratedDelayedExplosions,1749,1.84661,1.75850,1.84560,0.55910,,,,1,0,2000,0,0,12
ConcentratedDelayedExplosions,1750,2.17870,1.96760,2.17690,0.56115,,,,1,0,2000,0,0,12
ConcentratedDelayedExplosions,1751,1.87940,2.02260,1.87790,0.54477,,,,1,0,2000,0,0,12
ConcentratedDelayedExplosions,1752,2.66390,1.84720,2.66300,0.56730,,,,1,0,2000,0,0,12
ConcentratedDelayedExplosions,1753,1.91340,2.17820,1.91210,0.55603,,,,1,0,2000,0,0,12
ConcentratedDelayedExplosions,1754,1.76650,1.87900,1.76620,0.57856,,,,1,0,2000,0,0,12
ConcentratedDelayedExplosions,1755,1.83850,2.66430,1.83650,0.54579,,,,1,0,2000,0,0,12
ConcentratedDelayedExplosions,1756,1.97030,1.91290,1.96930,0.56602,,,,1,0,2000,0,0,12
ConcentratedDelayedExplosions,1757,2.30079,1.76770,2.29910,0.56320,,,,1,0,2000,0,0,12
ConcentratedDelayedExplosions,1758,2.10760,1.83760,2.10610,0.54784,,,,1,0,2000,0,0,12
ConcentratedDelayedExplosions,1759,2.00090,1.97120,1.99970,0.56422,,,,1,0,2000,0,0,12
ConcentratedDelayedExplosions,1760,2.00560,2.30030,2.00440,0.57856,,,,1,0,2000,0,0,12
ConcentratedDelayedExplosions,1761,1.78340,2.10740,1.78140,0.55091,,,,1,0,2000,0,0,12
ConcentratedDelayedExplosions,1762,1.86860,2.00080,1.86700,0.56934,,,,1,0,2000,0,0,12
ConcentratedDelayedExplosions,1763,2.17680,2.00630,2.17710,0.55398,,,,1,0,2000,0,0,12
ConcentratedDelayedExplosions,1764,1.98109,1.78280,1.97830,0.56832,,,,1,0,2000,0,0,12
ConcentratedDelayedExplosions,1765,2.16621,1.86810,2.16420,0.55501,,,,1,0,2000,0,0,12
ConcentratedDelayedExplosions,1766,1.94060,2.17900,1.93950,0.56832,,,,1,0,2000,0,0,12
ConcentratedDelayedExplosions,1767,1.81920,1.98010,1.81720,0.56320,,,,1,0,2000,0,0,12
ConcentratedDelayedExplosions,1768,1.79190,2.16530,1.79080,0.55910,,,,1,0,2000,0,0,12
ConcentratedDelayedExplosions,1769,1.80960,1.94140,1.80870,0.55091,,,,1,0,2000,0,0,12
ConcentratedDelayedExplosions,1770,1.68340,1.81820,1.68220,0.54989,,,,1,0,2000,0,0,12
ConcentratedDelayedExplosions,1771,1.82500,1.79180,1.82400,0.57242,,,,1,0,2000,0,0,12
ConcentratedDelayedExplosions,1772,2.16170,1.81000,2.16070,0.57037,,,,1,0,2000,0,0,12
ConcentratedDelayedExplosions,1773,7.99950,1.68310,8.00370,0.55603,,,,1,0,2000,0,0,12
ConcentratedDelayedExplosions,1774,5.34370,1.82500,5.33770,0.63898,,,,1,0,2000,0,0,12
ConcentratedDelayedExplosions,1775,2.84050,2.16190,2.83750,0.63898,,,,1,0,2000,0,0,12
ConcentratedDelayedExplosions,1776,19.52990,8.00600,19.53310,0.61030,,,,1,0,2000,0,0,12
ConcentratedDelayedExplosions,1777,5.27310,5.33930,5.26620,0.60826,,,,1,0,2000,0,0,12
ConcentratedDelayedExplosions,1778,3.44830,2.83850,3.44510,0.58163,,,,1,0,2000,0,0,12
ConcentratedDelayedExplosions,1779,2.77340,19.53730,2.77070,0.62874,,,,1,0,2000,0,0,12
ConcentratedDelayedExplosions,1780,3.07910,5.26900,3.07870,0.60723,,,,1,0,2000,0,0,12
ConcentratedDelayedExplosions,1781,2.75080,3.44660,2.74840,0.54989,,,,1,0,2000,0,0,12
ConcentratedDelayedExplosions,1782,2.22790,2.77200,2.22640,0.59290,,,,1,0,2000,0,0,12
ConcentratedDelayedExplosions,1783,1.96940,3.08030,1.96780,0.55296,,,,1,0,2000,0,0,12
ConcentratedDelayedExplosions,1784,1.97200,2.74970,1.97070,0.55910,,,,1,0,2000,0,0,12
ConcentratedDelayedExplosions,1785,2.29180,2.22830,2.29100,0.56013,,,,1,0,2000,0,0,12
ConcentratedDelayedExplosions,1786,2.09640,1.96880,2.09470,0.53760,,,,1,0,2000,0,0,12
ConcentratedDelayedExplosions,1787,2.23890,1.97180,2.23780,0.57139,,,,1,0,2000,0,0,12
ConcentratedDelayedExplosions,1788,1.97010,2.29230,1.96890,0.52838,,,,1,0,2000,0,0,12
ConcentratedDelayedExplosions,1789,2.21050,2.09580,2.21010,0.54554,,,,1,0,2000,0,0,12
ConcentratedDelayedExplosions,1790,2.07580,2.23890,2.07400,0.53658,,,,1,0,2000,0,0,12
ConcentratedDelayedExplosions,1791,1.99140,1.97000,1.99150,0.54886,,,,1,0,2000,0,0,12
ConcentratedDelayedExplosions,1792,2.22440,2.21120,2.22170,0.56832,,,,1,0,2000,0,0,12
ConcentratedDelayedExplosions,1793,2.03640,2.07520,2.03510,0.57446,,,,1,0,2000,0,0,12
ConcentratedDelayedExplosions,1794,2.23590,1.99300,2.23540,0.55910,,,,1,0,2000,0,0,12
ConcentratedDelayedExplosions,1795,1.99890,2.22300,1.99670,0.54989,,,,1,0,2000,0,0,12
ConcentratedDelayedExplosions,1796,1.84920,2.03610,1.84780,0.58163,,,,1,0,2000,0,0,12
ConcentratedDelayedExplosions,1797,2.18110,2.23730,2.18010,0.57011,,,,1,0,2000,0,0,12
ConcentratedDelayedExplosions,1798,2.25320,1.99800,2.25230,0.53965,,,,1,0,2000,0,0,12
ConcentratedDelayedExplosions,1799,1.85620,1.84870,1.85550,0.57549,,,,1,0,2000,0,0,12
ConcentratedDelayedExplosions,1800,2.20980,2.18090,2.20820,0.53043,,,,1,0,2000,0,0,12
ConcentratedDelayedExplosions,1801,1.73770,2.25340,1.73660,0.58368,,,,1,0,2000,0,0,12
ConcentratedDelayedExplosions,1802,1.78000,1.85670,1.77910,0.55296,,,,1,0,2000,0,0,12
ConcentratedDelayedExplosions,1803,2.03051,2.20930,2.03060,0.53862,,,,1,0,2000,0,0,12
ConcentratedDelayedExplosions,1804,1.83369,1.73760,1.83130,0.58061,,,,1,0,2000,0,0,12
ConcentratedDelayedExplosions,1805,2.01150,1.78010,2.01000,0.57958,,,,1,0,2000,0,0,12
ConcentratedDelayedExplosions,1806,1.76080,2.03210,1.75940,0.53734,,,,1,0,2000,0,0,12
ConcentratedDelayedExplosions,1807,12.24800,1.83270,12.24870,0.53965,,,,1,0,2000,0,0,12
ConcentratedDelayedExplosions,1808,2.43760,2.01130,2.43460,0.53965,,,,1,0,2000,0,0,12
ConcentratedDelayedExplosions,1809,4.78410,1.76040,4.78420,0.55501,,,,1,0,2000,0,0,12
ConcentratedDelayedExplosions,1810,2.50420,12.25020,2.50180,0.55501,,,,1,0,2000,0,0,12
ConcentratedDelayedExplosions,1811,2.57030,2.43590,2.56960,0.54579,,,,1,0,2000,0,0,12
ConcentratedDelayedExplosions,1812,1.93220,4.78540,1.93000,0.54144,,,,1,0,2000,0,0,12
ConcentratedDelayedExplosions,1813,1.66340,2.50300,1.66240,0.57958,,,,1,0,2000,0,0,12
ConcentratedDelayedExplosions,1814,4.81850,2.57080,4.81800,0.57344,,,,1,0,2000,0,0,12
ConcentratedDelayedExplosions,1815,2.29510,1.93100,2.29270,0.59187,,,,1,0,2000,0,0,12
ConcentratedDelayedExplosions,1816,2.05420,1.66370,2.05290,0.57344,,,,1,0,2000,0,0,12
ConcentratedDelayedExplosions,1817,1.88070,4.82000,1.87950,0.59085,,,,1,0,2000,0,0,12
ConcentratedDelayedExplosions,1818,2.08960,2.29380,2.08910,0.56115,,,,1,0,2000,0,0,12
ConcentratedDelayedExplosions,1819,2.06830,2.05410,2.06580,0.57754,,,,1,0,2000,0,0,12
ConcentratedDelayedExplosions,1820,1.91340,1.88030,1.91240,0.56934,,,,1,0,2000,0,0,12
ConcentratedDelayedExplosions,1821,2.05680,2.09110,2.05600,0.58573,,,,1,0,2000,0,0,12
ConcentratedDelayedExplosions,1822,2.28700,2.06690,2.28640,0.56909,,,,1,0,2000,0,0,12
ConcentratedDelayedExplosions,1823,1.72810,1.91340,1.72540,0.57037,,,,1,0,2000,0,0,12
ConcentratedDelayedExplosions,1824,2.16350,2.05720,2.16290,0.56320,,,,1,0,2000,0,0,12
ConcentratedDelayedExplosions,1825,1.96590,2.28840,1.96400,0.58061,,,,1,0,2000,0,0,12
ConcentratedDelayedExplosions,1826,1.80680,1.72620,1.80530,0.56320,,,,1,0,2000,0,0,12
ConcentratedDelayedExplosions,1827,1.83750,2.16460,1.83660,0.59802,,,,1,0,2000,0,0,12
ConcentratedDelayedExplosions,1828,1.92070,1.96530,1.91920,0.55910,,,,1,0,2000,0,0,12
ConcentratedDelayedExplosions,1829,1.78750,1.80630,1.78660,0.54579,,,,1,0,2000,0,0,12
ConcentratedDelayedExplosions,1830,1.88490,1.83800,1.88400,0.57037,,,,1,0,2000,0,0,12
ConcentratedDelayedExplosions,1831,1.84620,1.92020,1.84530,0.58675,,,,1,0,2000,0,0,12
ConcentratedDelayedExplosions,1832,2.11490,1.78750,2.11370,0.56627,,,,1,0,2000,0,0,12
ConcentratedDelayedExplosions,1833,1.87950,1.88510,1.87800,0.57958,,,,1,0,2000,0,0,12
ConcentratedDelayedExplosions,1834,1.71600,1.84670,1.71530,0.56422,,,,1,0,2000,0,0,12
ConcentratedDelayedExplosions,1835,1.71720,2.11480,1.71580,0.60109,,,,1,0,2000,0,0,12
ConcentratedDelayedExplosions,1836,2.43730,1.87900,2.43720,0.56422,,,,1,0,2000,0,0,12
ConcentratedDelayedExplosions,1837,1.93530,1.71650,1.93170,0.56422,,,,1,0,2000,0,0,12
ConcentratedDelayedExplosions,1838,1.80940,1.71690,1.80750,0.57549,,,,1,0,2000,0,0,12
ConcentratedDelayedExplosions,1839,1.73130,2.44020,1.73040,0.58982,,,,1,0,2000,0,0,12
ConcentratedDelayedExplosions,1840,1.67660,1.93310,1.67560,0.58982,,,,1,0,2000,0,0,12
ConcentratedDelayedExplosions,1841,2.36650,1.80850,2.36630,0.57139,,,,1,0,2000,0,0,12
ConcentratedDelayedExplosions,1842,8.17920,1.73140,8.17960,0.60314,,,,1,0,2000,0,0,12
ConcentratedDelayedExplosions,1843,2.86330,1.67660,2.85860,0.60314,,,,1,0,2000,0,0,12
ConcentratedDelayedExplosions,1844,5.95800,2.36830,5.96250,0.54554,,,,1,0,2000,0,0,12
ConcentratedDelayedExplosions,1845,3.44500,8.18140,3.43630,0.55091,,,,1,0,2000,0,0,12
ConcentratedDelayedExplosions,1846,2.02220,2.85980,2.02110,0.54784,,,,1,0,2000,0,0,12
ConcentratedDelayedExplosions,1847,1.82260,5.96520,1.82160,0.58778,,,,1,0,2000,0,0,12
ConcentratedDelayedExplosions,1848,1.89760,3.43740,1.89660,0.57446,,,,1,0,2000,0,0,12
ConcentratedDelayedExplosions,1849,1.77050,2.02200,1.76960,0.59392,,,,1,0,2000,0,0,12
ConcentratedDelayedExplosions,1850,2.31660,1.82250,2.31540,0.53453,,,,1,0,2000,0,0,12
ConcentratedDelayedExplosions,1851,1.94760,1.89760,1.94650,0.59802,,,,1,0,2000,0,0,12
ConcentratedDelayedExplosions,1852,2.02340,1.77100,2.02140,0.55706,,,,1,0,2000,0,0,12
ConcentratedDelayedExplosions,1853,2.03940,2.31690,2.03830,0.60109,,,,1,0,2000,0,0,12
ConcentratedDelayedExplosions,1854,1.81310,1.94780,1.81200,0.59802,,,,1,0,2000,0,0,12
ConcentratedDelayedExplosions,1855,1.85850,2.02270,1.85760,0.58778,,,,1,0,2000,0,0,12
ConcentratedDelayedExplosions,1856,1.89910,2.03920,1.89810,0.57446,,,,1,0,2000,0,0,12
ConcentratedDelayedExplosions,1857,1.72820,1.81290,1.72690,0.54579,,,,1,0,2000,0,0,12
ConcentratedDelayedExplosions,1858,1.73530,1.85880,1.73440,0.55808,,,,1,0,2000,0,0,12
ConcentratedDelayedExplosions,1859,2.44900,1.89920,2.44810,0.57651,,,,1,0,2000,0,0,12
ConcentratedDelayedExplosions,1860,2.42900,1.72790,2.42700,0.58138,,,,1,0,2000,0,0,12
ConcentratedDelayedExplosions,1861,1.83000,1.73610,1.82910,0.56422,,,,1,0,2000,0,0,12
ConcentratedDelayedExplosions,1862,2.20630,2.44930,2.20490,0.58061,,,,1,0,2000,0,0,12
ConcentratedDelayedExplosions,1863,1.97570,2.42810,1.97470,0.59904,,,,1,0,2000,0,0,12
ConcentratedDelayedExplosions,1864,1.79020,1.83030,1.78930,0.57651,,,,1,0,2000,0,0,12
ConcentratedDelayedExplosions,1865,1.90840,2.20590,1.90800,0.57446,,,,1,0,2000,0,0,12
ConcentratedDelayedExplosions,1866,2.06370,1.97560,2.06210,0.56730,,,,1,0,2000,0,0,12
ConcentratedDelayedExplosions,1867,1.84070,1.79020,1.83940,0.59085,,,,1,0,2000,0,0,12
ConcentratedDelayedExplosions,1868,1.74910,1.90940,1.74820,0.56909,,,,1,0,2000,0,0,12
ConcentratedDelayedExplosions,1869,1.68830,2.06310,1.68740,0.57933,,,,1,0,2000,0,0,12
ConcentratedDelayedExplosions,1870,1.75070,1.84040,1.74910,0.56218,,,,1,0,2000,0,0,12
ConcentratedDelayedExplosions,1871,2.09360,1.74930,2.09280,0.56730,,,,1,0,2000,0,0,12
ConcentratedDelayedExplosions,1872,2.27060,1.68850,2.26960,0.60723,,,,1,0,2000,0,0,12
ConcentratedDelayedExplosions,1873,2.16280,1.75030,2.16140,0.57446,,,,1,0,2000,0,0,12
ConcentratedDelayedExplosions,1874,2.36310,2.09410,2.36260,0.59290,,,,1,0,2000,0,0,12
ConcentratedDelayedExplosions,1875,6.76560,2.27060,6.76370,0.58470,,,,1,0,2000,0,0,12
ConcentratedDelayedExplosions,1876,2.10600,2.16280,2.10300,0.58470,,,,1,0,2000,0,0,12
ConcentratedDelayedExplosions,1877,6.05130,2.36500,6.05290,0.54579,,,,1,0,2000,0,0,12
ConcentratedDelayedExplosions,1878,3.06689,6.76520,3.06260,0.56832,,,,1,0,2000,0,0,12
ConcentratedDelayedExplosions,1879,2.56181,2.10400,2.56040,0.54886,,,,1,0,2000,0,0,12
ConcentratedDelayedExplosions,1880,1.95460,6.05490,1.95390,0.57446,,,,1,0,2000,0,0,12
ConcentratedDelayedExplosions,1881,2.02940,3.06390,2.02800,0.56730,,,,1,0,2000,0,0,12
ConcentratedDelayedExplosions,1882,1.73080,2.56130,1.72990,0.55501,,,,1,0,2000,0,0,12
ConcentratedDelayedExplosions,1883,1.89780,1.95500,1.89710,0.55603,,,,1,0,2000,0,0,12
ConcentratedDelayedExplosions,1884,2.57690,2.02890,2.57570,0.57856,,,,1,0,2000,0,0,12
ConcentratedDelayedExplosions,1885,2.39870,1.73080,2.39600,0.55296,,,,1,0,2000,0,0,12
ConcentratedDelayedExplosions,1886,2.02660,1.89900,2.02580,0.59187,,,,1,0,2000,0,0,12
ConcentratedDelayedExplosions,1887,2.07510,2.57760,2.07380,0.57037,,,,1,0,2000,0,0,12
ConcentratedDelayedExplosions,1888,2.14610,2.39700,2.14490,0.55398,,,,1,0,2000,0,0,11
ConcentratedDelayedExplosions,1889,1.77610,2.02670,1.77530,0.57549,,,,1,0,2000,0,0,11
ConcentratedDelayedExplosions,1890,1.97510,2.07500,1.97350,0.51814,,,,1,0,2000,0,0,11
ConcentratedDelayedExplosions,1891,1.82030,2.14590,1.81940,0.56730,,,,1,0,2000,0,0,11
ConcentratedDelayedExplosions,1892,1.89930,1.77690,1.89770,0.54170,,,,1,0,2000,0,0,11
ConcentratedDelayedExplosions,1893,1.76640,1.97440,1.76650,0.56730,,,,1,0,2000,0,0,11
ConcentratedDelayedExplosions,1894,1.75940,1.82110,1.75670,0.53453,,,,1,0,2000,0,0,11
ConcentratedDelayedExplosions,1895,1.68570,1.89860,1.68470,0.54989,,,,1,0,2000,0,0,11
ConcentratedDelayedExplosions,1896,1.75190,1.76800,1.75080,0.55296,,,,1,0,2000,0,0,11
ConcentratedDelayedExplosions,1897,1.70260,1.75760,1.70170,0.55296,,,,1,0,2000,0,0,11
ConcentratedDelayedExplosions,1898,1.68061,1.68570,1.67960,0.55194,,,,1,0,2000,0,0,11
ConcentratedDelayedExplosions,1899,2.08919,1.75180,2.08840,0.55296,,,,1,0,2000,0,0,11
ConcentratedDelayedExplosions,1900,2.50360,1.70270,2.50410,0.56909,,,,1,0,2000,0,0,11
ConcentratedDelayedExplosions,1901,2.15220,1.68050,2.14830,0.55296,,,,1,0,2000,0,0,11
ConcentratedDelayedExplosions,1902,1.86560,2.08950,1.86480,0.56525,,,,1,0,2000,0,0,11
ConcentratedDelayedExplosions,1903,1.87370,2.50630,1.87270,0.59085,,,,1,0,2000,0,0,11
ConcentratedDelayedExplosions,1904,1.93110,2.14950,1.92900,0.57958,,,,1,0,2000,0,0,11
ConcentratedDelayedExplosions,1905,1.96920,1.86650,1.96790,0.58163,,,,1,0,2000,0,0,11
ConcentratedDelayedExplosions,1906,1.84330,1.87390,1.84220,0.54272,,,,1,0,2000,0,0,11
ConcentratedDelayedExplosions,1907,2.17770,1.93020,2.17630,0.53965,,,,1,0,2000,0,0,11
ConcentratedDelayedExplosions,1908,7.48390,1.96900,7.48370,0.55603,,,,1,0,2000,0,0,11
ConcentratedDelayedExplosions,1909,2.80930,1.84360,2.80640,0.55603,,,,1,0,2000,0,0,11
ConcentratedDelayedExplosions,1910,5.75530,2.17760,5.75840,0.53760,,,,1,0,2000,0,0,11
ConcentratedDelayedExplosions,1911,3.49670,7.48530,3.49140,0.53248,,,,1,0,2000,0,0,11
ConcentratedDelayedExplosions,1912,2.32650,2.80730,2.32450,0.55808,,,,1,0,2000,0,0,11
ConcentratedDelayedExplosions,1913,1.77770,5.76110,1.77670,0.58163,,,,1,0,2000,0,0,11
ConcentratedDelayedExplosions,1914,2.24920,3.49230,2.24810,0.58982,,,,1,0,2000,0,0,11
ConcentratedDelayedExplosions,1915,1.87750,2.32530,1.87600,0.54477,,,,1,0,2000,0,0,11
ConcentratedDelayedExplosions,1916,1.77220,1.77790,1.77080,0.56320,,,,1,0,2000,0,0,11
ConcentratedDelayedExplosions,1917,1.71030,2.24970,1.70930,0.57651,,,,1,0,2000,0,0,11
ConcentratedDelayedExplosions,1918,2.52270,1.87720,2.52200,0.58547,,,,1,0,2000,0,0,11
ConcentratedDelayedExplosions,1919,2.67020,1.77170,2.66860,0.57344,,,,1,0,2000,0,0,11
ConcentratedDelayedExplosions,1920,1.94031,1.71050,1.93850,0.56934,,,,1,0,2000,0,0,11
ConcentratedDelayedExplosions,1921,1.80339,2.52360,1.80340,0.59597,,,,1,0,2000,0,0,11
ConcentratedDelayedExplosions,1922,1.82480,2.67000,1.82240,0.57958,,,,1,0,2000,0,0,11
ConcentratedDelayedExplosions,1923,2.08670,1.93970,2.08560,0.56730,,,,1,0,2000,0,0,11
ConcentratedDelayedExplosions,1924,2.14530,1.80490,2.14400,0.53965,,,,1,0,2000,0,0,11
ConcentratedDelayedExplosions,1925,1.87610,1.82350,1.87480,0.58470,,,,1,0,2000,0,0,11
ConcentratedDelayedExplosions,1926,1.83640,2.08680,1.83530,0.57446,,,,1,0,2000,0,0,11
ConcentratedDelayedExplosions,1927,2.01050,2.14500,2.00900,0.55706,,,,1,0,2000,0,0,11
ConcentratedDelayedExplosions,1928,1.96290,1.87630,1.96100,0.55296,,,,1,0,2000,0,0,11
ConcentratedDelayedExplosions,1929,1.77190,1.83700,1.77070,0.60314,,,,1,0,2000,0,0,11
ConcentratedDelayedExplosions,1930,1.62790,2.01060,1.62700,0.57344,,,,1,0,2000,0,0,11
ConcentratedDelayedExplosions,1931,1.62300,1.96200,1.62150,0.57856,,,,1,0,2000,0,0,11
ConcentratedDelayedExplosions,1932,1.72660,1.77160,1.72570,0.54989,,,,1,0,2000,0,0,11
ConcentratedDelayedExplosions,1933,2.27100,1.62840,2.26950,0.60518,,,,1,0,2000,0,0,11
ConcentratedDelayedExplosions,1934,2.20540,1.62260,2.20480,0.58778,,,,1,0,2000,0,0,11
ConcentratedDelayedExplosions,1935,2.24570,1.72700,2.24440,0.57446,,,,1,0,2000,0,0,11
ConcentratedDelayedExplosions,1936,1.96780,2.27050,1.96660,0.60006,,,,1,0,2000,0,0,11
ConcentratedDelayedExplosions,1937,1.92940,2.20590,1.92920,0.59494,,,,1,0,2000,0,0,11
ConcentratedDelayedExplosions,1938,1.75250,2.24560,1.75060,0.58880,,,,1,0,2000,0,0,11
ConcentratedDelayedExplosions,1939,2.02140,1.96770,2.01980,0.55296,,,,1,0,2000,0,0,11
ConcentratedDelayedExplosions,1940,1.74780,1.93030,1.74650,0.54067,,,,1,0,2000,0,0,11
ConcentratedDelayedExplosions,1941,11.07540,1.75210,11.07810,0.58470,,,,1,0,2000,0,0,11
ConcentratedDelayedExplosions,1942,2.77420,2.02130,2.76810,0.58470,,,,1,0,2000,0,0,11
ConcentratedDelayedExplosions,1943,10.08680,1.74730,10.09120,0.53043,,,,1,0,2000,0,0,11
ConcentratedDelayedExplosions,1944,3.02520,11.08050,3.01860,0.53043,,,,1,0,2000,0,0,11
ConcentratedDelayedExplosions,1945,2.93450,2.76880,2.93310,0.56934,,,,1,0,2000,0,0,11
ConcentratedDelayedExplosions,1946,2.30200,10.09300,2.30050,0.56934,,,,1,0,2000,0,0,11
ConcentratedDelayedExplosions,1947,1.78300,3.01990,1.78220,0.54886,,,,1,0,2000,0,0,11
ConcentratedDelayedExplosions,1948,1.94290,2.93440,1.94320,0.53043,,,,1,0,2000,0,0,11
ConcentratedDelayedExplosions,1949,1.83580,2.30140,1.83290,0.53043,,,,1,0,2000,0,0,11
ConcentratedDelayedExplosions,1950,1.74311,1.78340,1.74240,0.61645,,,,1,0,2000,0,0,11
ConcentratedDelayedExplosions,1951,2.08950,1.94460,2.08810,0.53453,,,,1,0,2000,0,0,11
ConcentratedDelayedExplosions,1952,2.13540,1.83370,2.13400,0.55808,,,,1,0,2000,0,0,11
ConcentratedDelayedExplosions,1953,1.99340,1.74400,1.99160,0.52838,,,,1,0,2000,0,0,11
ConcentratedDelayedExplosions,1954,1.79410,2.08940,1.79320,0.58573,,,,1,0,2000,0,0,11
ConcentratedDelayedExplosions,1955,1.77760,2.13530,1.77610,0.54451,,,,1,0,2000,0,0,11
ConcentratedDelayedExplosions,1956,2.13559,1.99270,2.13590,0.53658,,,,1,0,2000,0,0,11
ConcentratedDelayedExplosions,1957,2.17230,1.79450,2.16890,0.53862,,,,1,0,2000,0,0,11
ConcentratedDelayedExplosions,1958,1.88650,1.77710,1.88540,0.57139,,,,1,0,2000,0,0,11
ConcentratedDelayedExplosions,1959,2.52680,2.13810,2.52560,0.53453,,,,1,0,2000,0,0,11
ConcentratedDelayedExplosions,1960,2.25990,2.17010,2.25850,0.54477,,,,1,0,2000,0,0,11
ConcentratedDelayedExplosions,1961,1.82470,1.88660,1.82300,0.54067,,,,1,0,2000,0,0,11
ConcentratedDelayedExplosions,1962,2.10540,2.52710,2.10430,0.57344,,,,1,0,2000,0,0,11
ConcentratedDelayedExplosions,1963,2.13400,2.25990,2.13340,0.54989,,,,1,0,2000,0,0,11
ConcentratedDelayedExplosions,1964,2.01220,1.82420,2.01110,0.54784,,,,1,0,2000,0,0,11
ConcentratedDelayedExplosions,1965,2.18180,2.10520,2.18050,0.52736,,,,1,0,2000,0,0,11
ConcentratedDelayedExplosions,1966,2.05310,2.13450,2.05150,0.60621,,,,1,0,2000,0,0,11
ConcentratedDelayedExplosions,1967,2.11100,2.01260,2.11010,0.55091,,,,1,0,2000,0,0,11
ConcentratedDelayedExplosions,1968,2.01820,2.18160,2.01710,0.55603,,,,1,0,2000,0,0,11
ConcentratedDelayedExplosions,1969,2.43760,2.05260,2.43710,0.53043,,,,1,0,2000,0,0,11
ConcentratedDelayedExplosions,1970,2.47530,2.11110,2.47300,0.57139,,,,1,0,2000,0,0,11
ConcentratedDelayedExplosions,1971,2.28100,2.01790,2.28050,0.52838,,,,1,0,2000,0,0,11
ConcentratedDelayedExplosions,1972,2.59830,2.43890,2.59650,0.55808,,,,1,0,2000,0,0,11
ConcentratedDelayedExplosions,1973,2.26620,2.47430,2.26440,0.54784,,,,1,0,2000,0,0,11
ConcentratedDelayedExplosions,1974,1.94530,2.28200,1.94370,0.58163,,,,1,0,2000,0,0,11
ConcentratedDelayedExplosions,1975,2.01210,2.59820,2.01040,0.60826,,,,1,0,2000,0,0,11
ConcentratedDelayedExplosions,1976,7.74560,2.26610,7.74640,0.54682,,,,1,0,2000,0,0,11
ConcentratedDelayedExplosions,1977,3.02130,1.94510,3.01790,0.58573,,,,1,0,2000,0,0,11
ConcentratedDelayedExplosions,1978,2.13870,2.01150,2.13630,0.54067,,,,1,0,2000,0,0,11
ConcentratedDelayedExplosions,1979,2.27510,7.74830,2.27470,0.53965,,,,1,0,2000,0,0,11
ConcentratedDelayedExplosions,1980,2.52340,3.02000,2.52200,0.53248,,,,1,0,2000,0,0,11
ConcentratedDelayedExplosions,1981,2.13790,2.13740,2.13610,0.54682,,,,1,0,2000,0,0,11
ConcentratedDelayedExplosions,1982,2.75010,2.27610,2.74850,0.55910,,,,1,0,2000,0,0,11
ConcentratedDelayedExplosions,1983,2.39600,2.52330,2.39460,0.53043,,,,1,0,2000,0,0,11
ConcentratedDelayedExplosions,1984,2.38350,2.13760,2.38170,0.53248,,,,1,0,2000,0,0,11
ConcentratedDelayedExplosions,1985,2.35590,2.75040,2.35440,0.53965,,,,1,0,2000,0,0,11
ConcentratedDelayedExplosions,1986,2.05890,2.39620,2.05790,0.52326,,,,1,0,2000,0,0,11
ConcentratedDelayedExplosions,1987,2.11510,2.38300,2.11400,0.54477,,,,1,0,2000,0,0,11
ConcentratedDelayedExplosions,1988,1.97190,2.35530,1.97040,0.53453,,,,1,0,2000,0,0,11
ConcentratedDelayedExplosions,1989,2.48140,2.05880,2.48060,0.55296,,,,1,0,2000,0,0,11
ConcentratedDelayedExplosions,1990,2.10280,2.11560,2.10120,0.53658,,,,1,0,2000,0,0,11
ConcentratedDelayedExplosions,1991,1.91240,1.97130,1.91150,0.61030,,,,1,0,2000,0,0,11
ConcentratedDelayedExplosions,1992,1.80959,2.48230,1.80820,0.53862,,,,1,0,2000,0,0,11
ConcentratedDelayedExplosions,1993,2.53620,2.10200,2.53510,0.52019,,,,1,0,2000,0,0,11
ConcentratedDelayedExplosions,1994,1.93610,1.91280,1.93470,0.53862,,,,1,0,2000,0,0,11
ConcentratedDelayedExplosions,1995,1.84140,1.80950,1.83980,0.51917,,,,1,0,2000,0,0,11
ConcentratedDelayedExplosions,1996,2.42770,2.53640,2.42690,0.53760,,,,1,0,2000,0,0,11
ConcentratedDelayedExplosions,1997,2.10230,1.93620,2.10010,0.51712,,,,1,0,2000,0,0,11
ConcentratedDelayedExplosions,1998,2.35070,1.84090,2.35010,0.54272,,,,1,0,2000,0,0,11
ConcentratedDelayedExplosions,1999,2.24600,2.42900,2.24430,0.53120,,,,1,0,2000,0,0,11
ConcentratedDelayedExplosions,2000,2.05280,2.10110,2.05150,0.52838,,,,1,0,2000,0,0,11
ConcentratedDelayedExplosions,2001,1.99170,2.35140,1.99030,0.53350,,,,1,0,2000,0,0,11
ConcentratedDelayedExplosions,2002,2.08420,2.24550,2.08330,0.52838,,,,1,0,2000,0,0,11
ConcentratedDelayedExplosions,2003,2.23550,2.05260,2.23450,0.52531,,,,1,0,2000,0,0,11
ConcentratedDelayedExplosions,2004,2.38670,1.99140,2.38590,0.54170,,,,1,0,2000,0,0,11
ConcentratedDelayedExplosions,2005,2.17770,2.08440,2.17530,0.53862,,,,1,0,2000,0,0,11
ConcentratedDelayedExplosions,2006,1.91450,2.23620,1.91330,0.53658,,,,1,0,2000,0,0,11
ConcentratedDelayedExplosions,2007,1.92110,2.38760,1.91990,0.52122,,,,1,0,2000,0,0,11
ConcentratedDelayedExplosions,2008,1.71740,2.17620,1.71660,0.53350,,,,1,0,2000,0,0,11
ConcentratedDelayedExplosions,2009,1.81660,1.91440,1.81470,0.53760,,,,1,0,2000,0,0,11
ConcentratedDelayedExplosions,2010,1.72350,1.92110,1.72250,0.52122,,,,1,0,2000,0,0,11
ConcentratedDelayedExplosions,2011,1.84680,1.71800,1.84600,0.53965,,,,1,0,2000,0,0,11
ConcentratedDelayedExplosions,2012,1.90940,1.81570,1.90840,0.54374,,,,1,0,2000,0,0,11
ConcentratedDelayedExplosions,2013,1.83360,1.72340,1.83260,0.52736,,,,1,0,2000,0,0,11
ConcentratedDelayedExplosions,2014,2.01980,1.84730,2.01800,0.53658,,,,1,0,2000,0,0,11
ConcentratedDelayedExplosions,2015,1.83570,1.90930,1.83490,0.52429,,,,1,0,2000,0,0,11
ConcentratedDelayedExplosions,2016,2.03430,1.83390,2.03280,0.53146,,,,1,0,2000,0,0,11
ConcentratedDelayedExplosions,2017,1.97650,2.01920,1.97560,0.54170,,,,1,0,2000,0,0,11
ConcentratedDelayedExplosions,2018,1.84730,1.83630,1.84600,0.51814,,,,1,0,2000,0,0,11
ConcentratedDelayedExplosions,2019,1.96010,2.03380,1.95900,0.52429,,,,1,0,2000,0,0,11
ConcentratedDelayedExplosions,2020,2.10130,1.97670,2.10120,0.53043,,,,1,0,2000,0,0,11
ConcentratedDelayedExplosions,2021,2.07590,1.84710,2.07360,0.54374,,,,1,0,2000,0,0,11
ConcentratedDelayedExplosions,2022,1.81620,1.95980,1.81500,0.55091,,,,1,0,2000,0,0,11
ConcentratedDelayedExplosions,2023,1.88300,2.10280,1.88140,0.52736,,,,1,0,2000,0,0,11
ConcentratedDelayedExplosions,2024,1.65840,2.07490,1.65740,0.55910,,,,1,0,2000,0,0,11
ConcentratedDelayedExplosions,2025,1.61190,1.81640,1.61020,0.54170,,,,1,0,2000,0,0,11
ConcentratedDelayedExplosions,2026,1.83070,1.88260,1.82960,0.54170,,,,1,0,2000,0,0,11
ConcentratedDelayedExplosions,2027,1.96330,1.65900,1.96200,0.52429,,,,1,0,2000,0,0,11
ConcentratedDelayedExplosions,2028,2.14500,1.61140,2.14440,0.58061,,,,1,0,2000,0,0,11
ConcentratedDelayedExplosions,2029,2.38230,1.83080,2.38050,0.55296,,,,1,0,2000,0,0,11
ConcentratedDelayedExplosions,2030,2.14080,1.96290,2.13910,0.53862,,,,1,0,2000,0,0,11
ConcentratedDelayedExplosions,2031,1.75750,2.14640,1.75670,0.53146,,,,1,0,2000,0,0,11
ConcentratedDelayedExplosions,2032,1.70291,2.38170,1.70180,0.56730,,,,1,0,2000,0,0,11
ConcentratedDelayedExplosions,2033,1.73850,2.14000,1.73750,0.58880,,,,1,0,2000,0,0,11
ConcentratedDelayedExplosions,2034,1.86160,1.75760,1.86150,0.55296,,,,1,0,2000,0,0,11
ConcentratedDelayedExplosions,2035,1.80880,1.70290,1.80640,0.55398,,,,1,0,2000,0,0,11
ConcentratedDelayedExplosions,2036,2.37510,1.73850,2.37380,0.55578,,,,1,0,2000,0,0,11
ConcentratedDelayedExplosions,2037,2.01420,1.86330,2.01310,0.55066,,,,1,0,2000,0,0,11
ConcentratedDelayedExplosions,2038,1.68639,1.80760,1.68550,0.53760,,,,1,0,2000,0,0,11
ConcentratedDelayedExplosions,2039,1.72890,2.37470,1.72800,0.54477,,,,1,0,2000,0,0,11
ConcentratedDelayedExplosions,2040,1.85660,2.01400,1.85570,0.53350,,,,1,0,2000,0,0,11
ConcentratedDelayedExplosions,2041,1.67330,1.68660,1.67200,0.52941,,,,1,0,2000,0,0,11
ConcentratedDelayedExplosions,2042,1.73000,1.72880,1.72910,0.56422,,,,1,0,2000,0,0,11
ConcentratedDelayedExplosions,2043,1.72170,1.85690,1.72010,0.53043,,,,1,0,2000,0,0,11
ConcentratedDelayedExplosions,2044,1.78430,1.67310,1.78340,0.56115,,,,1,0,2000,0,0,11
ConcentratedDelayedExplosions,2045,1.78590,1.73040,1.78470,0.54579,,,,1,0,2000,0,0,11
ConcentratedDelayedExplosions,2046,1.86670,1.72120,1.86550,0.54682,,,,1,0,2000,0,0,11
ConcentratedDelayedExplosions,2047,1.81430,1.78480,1.81240,0.54374,,,,1,0,2000,0,0,11
ConcentratedDelayedExplosions,2048,2.12110,1.78650,2.12030,0.54477,,,,1,0,2000,0,0,10
ConcentratedDelayedExplosions,2049,2.37820,1.86670,2.37610,0.55296,,,,1,0,2000,0,0,10
ConcentratedDelayedExplosions,2050,2.19560,1.81350,2.19400,0.56422,,,,1,0,2000,0,0,10
ConcentratedDelayedExplosions,2051,1.72060,2.12210,1.71960,0.59085,,,,1,0,2000,0,0,10
ConcentratedDelayedExplosions,2052,1.90460,2.37750,1.90360,0.55706,,,,1,0,2000,0,0,10
ConcentratedDelayedExplosions,2053,1.81550,2.19500,1.81450,0.54170,,,,1,0,2000,0,0,10
ConcentratedDelayedExplosions,2054,1.78850,1.72060,1.78770,0.58266,,,,1,0,2000,0,0,10
ConcentratedDelayedExplosions,2055,1.99340,1.90460,1.99210,0.58957,,,,1,0,2000,0,0,10
ConcentratedDelayedExplosions,2056,1.89390,1.81550,1.89230,0.55194,,,,1,0,2000,0,0,10
ConcentratedDelayedExplosions,2057,1.76800,1.78900,1.76710,0.56115,,,,1,0,2000,0,0,10
ConcentratedDelayedExplosions,2058,1.91760,1.99340,1.91630,0.56934,,,,1,0,2000,0,0,10
ConcentratedDelayedExplosions,2059,1.77830,1.89330,1.77700,0.56934,,,,1,0,2000,0,0,10
ConcentratedDelayedExplosions,2060,1.74010,1.76830,1.73930,0.56013,,,,1,0,2000,0,0,10
ConcentratedDelayedExplosions,2061,2.33760,1.91760,2.33650,0.55194,,,,1,0,2000,0,0,10
ConcentratedDelayedExplosions,2062,1.99060,1.77800,1.98920,0.57139,,,,1,0,2000,0,0,10
ConcentratedDelayedExplosions,2063,1.66910,1.74040,1.66820,0.58061,,,,1,0,2000,0,0,10
ConcentratedDelayedExplosions,2064,1.60770,2.33780,1.60680,0.58880,,,,1,0,2000,0,0,10
ConcentratedDelayedExplosions,2065,1.65370,1.99010,1.65280,0.55808,,,,1,0,2000,0,0,10
ConcentratedDelayedExplosions,2066,1.63260,1.66920,1.63150,0.57549,,,,1,0,2000,0,0,10
ConcentratedDelayedExplosions,2067,1.59560,1.60770,1.59460,0.58982,,,,1,0,2000,0,0,10
ConcentratedDelayedExplosions,2068,1.66530,1.65380,1.66390,0.57242,,,,1,0,2000,0,0,10
ConcentratedDelayedExplosions,2069,1.80920,1.63260,1.80830,0.53862,,,,1,0,2000,0,0,10
ConcentratedDelayedExplosions,2070,2.34650,1.59590,2.34500,0.56934,,,,1,0,2000,0,0,10
ConcentratedDelayedExplosions,2071,2.12790,1.66510,2.12560,0.61030,,,,1,0,2000,0,0,10
ConcentratedDelayedExplosions,2072,2.29860,1.80980,2.29700,0.57856,,,,1,0,2000,0,0,10
ConcentratedDelayedExplosions,2073,2.06980,2.34760,2.06830,0.57139,,,,1,0,2000,0,0,10
ConcentratedDelayedExplosions,2074,1.74401,2.12680,1.74320,0.60211,,,,1,0,2000,0,0,10
ConcentratedDelayedExplosions,2075,1.76310,2.29840,1.76210,0.58547,,,,1,0,2000,0,0,10
ConcentratedDelayedExplosions,2076,1.72791,2.06950,1.72630,0.59597,,,,1,0,2000,0,0,10
ConcentratedDelayedExplosions,2077,2.22590,1.74380,2.22360,0.55398,,,,1,0,2000,0,0,10
ConcentratedDelayedExplosions,2078,1.75030,1.76390,1.74870,0.57446,,,,1,0,2000,0,0,10
ConcentratedDelayedExplosions,2079,1.67760,1.72840,1.67650,0.58266,,,,1,0,2000,0,0,10
ConcentratedDelayedExplosions,2080,1.75280,2.22520,1.75230,0.57856,,,,1,0,2000,0,0,10
ConcentratedDelayedExplosions,2081,1.88070,1.74970,1.88020,0.56218,,,,1,0,2000,0,0,10
ConcentratedDelayedExplosions,2082,1.87440,1.67760,1.87210,0.56730,,,,1,0,2000,0,0,10
ConcentratedDelayedExplosions,2083,1.65020,1.75340,1.64910,0.57446,,,,1,0,2000,0,0,10
ConcentratedDelayedExplosions,2084,1.79540,1.88150,1.79390,0.58368,,,,1,0,2000,0,0,10
ConcentratedDelayedExplosions,2085,2.16480,1.87300,2.16420,0.52941,,,,1,0,2000,0,0,10
ConcentratedDelayedExplosions,2086,1.89600,1.65050,1.89460,0.55910,,,,1,0,2000,0,0,10
ConcentratedDelayedExplosions,2087,1.97840,1.79500,1.97720,0.59059,,,,1,0,2000,0,0,10
ConcentratedDelayedExplosions,2088,1.64730,2.16520,1.64620,0.58061,,,,1,0,2000,0,0,10
ConcentratedDelayedExplosions,2089,1.71880,1.89590,1.71760,0.54477,,,,1,0,2000,0,0,10
ConcentratedDelayedExplosions,2090,1.87340,1.97810,1.87130,0.57651,,,,1,0,2000,0,0,10
ConcentratedDelayedExplosions,2091,1.69540,1.64770,1.69440,0.57856,,,,1,0,2000,0,0,10
ConcentratedDelayedExplosions,2092,1.80380,1.71950,1.80290,0.57344,,,,1,0,2000,0,0,10
ConcentratedDelayedExplosions,2093,1.86490,1.87230,1.86400,0.57549,,,,1,0,2000,0,0,10
ConcentratedDelayedExplosions,2094,1.93170,1.69530,1.93120,0.55808,,,,1,0,2000,0,0,10
ConcentratedDelayedExplosions,2095,1.88990,1.80380,1.88110,0.58163,,,,1,0,2000,0,0,10
ConcentratedDelayedExplosions,2096,1.74780,1.86530,1.74660,0.59802,,,,1,0,2000,0,0,10
ConcentratedDelayedExplosions,2097,2.00510,1.93940,2.00360,0.56218,,,,1,0,2000,0,0,10
ConcentratedDelayedExplosions,2098,1.93040,1.88230,1.92890,0.57651,,,,1,0,2000,0,0,10
ConcentratedDelayedExplosions,2099,1.89670,1.74850,1.89570,0.56525,,,,1,0,2000,0,0,10
ConcentratedDelayedExplosions,2100,2.04870,2.00460,2.04740,0.57754,,,,1,0,2000,0,0,10
ConcentratedDelayedExplosions,2101,2.10020,1.93000,2.09880,0.53658,,,,1,0,2000,0,0,10
ConcentratedDelayedExplosions,2102,1.90010,1.89700,1.89900,0.58675,,,,1,0,2000,0,0,10
ConcentratedDelayedExplosions,2103,1.85250,2.04870,1.85100,0.57754,,,,1,0,2000,0,0,10
ConcentratedDelayedExplosions,2104,1.99840,2.09990,1.99740,0.59392,,,,1,0,2000,0,0,10
ConcentratedDelayedExplosions,2105,1.70210,1.90060,1.70040,0.56013,,,,1,0,2000,0,0,10
ConcentratedDelayedExplosions,2106,1.60980,1.85210,1.60880,0.57446,,,,1,0,2000,0,0,10
ConcentratedDelayedExplosions,2107,1.77150,1.99880,1.77130,0.57242,,,,1,0,2000,0,0,10
ConcentratedDelayedExplosions,2108,2.05660,1.70140,2.05450,0.56115,,,,1,0,2000,0,0,10
ConcentratedDelayedExplosions,2109,1.76850,1.60970,1.76750,0.56525,,,,1,0,2000,0,0,10
ConcentratedDelayedExplosions,2110,2.07350,1.77280,2.07250,0.52838,,,,1,0,2000,0,0,10
ConcentratedDelayedExplosions,2111,2.01560,2.05540,2.01430,0.56627,,,,1,0,2000,0,0,10
ConcentratedDelayedExplosions,2112,1.64060,1.76850,1.63970,0.57856,,,,1,0,2000,0,0,10
ConcentratedDelayedExplosions,2113,1.71810,2.07390,1.71700,0.56013,,,,1,0,2000,0,0,10
ConcentratedDelayedExplosions,2114,1.86120,2.01510,1.85980,0.52122,,,,1,0,2000,0,0,10
ConcentratedDelayedExplosions,2115,1.77050,1.64100,1.76980,0.58675,,,,1,0,2000,0,0,10
ConcentratedDelayedExplosions,2116,2.01200,1.71830,2.01080,0.54682,,,,1,0,2000,0,0,10
ConcentratedDelayedExplosions,2117,1.88480,1.86090,1.88340,0.53760,,,,1,0,2000,0,0,10
ConcentratedDelayedExplosions,2118,1.80760,1.77070,1.80690,0.53965,,,,1,0,2000,0,0,10
ConcentratedDelayedExplosions,2119,2.22180,2.01200,2.21970,0.59699,,,,1,0,2000,0,0,10
ConcentratedDelayedExplosions,2120,1.90040,1.88430,1.90020,0.56934,,,,1,0,2000,0,0,10
ConcentratedDelayedExplosions,2121,1.61540,1.80880,1.61320,0.56934,,,,1,0,2000,0,0,10
ConcentratedDelayedExplosions,2122,1.81640,2.22090,1.81540,0.57958,,,,1,0,2000,0,0,10
ConcentratedDelayedExplosions,2123,1.67081,1.90140,1.67010,0.56422,,,,1,0,2000,0,0,10
ConcentratedDelayedExplosions,2124,1.67720,1.61410,1.67580,0.58342,,,,1,0,2000,0,0,9
ConcentratedDelayedExplosions,2125,1.65390,1.81630,1.65270,0.56013,,,,1,0,2000,0,0,9
ConcentratedDelayedExplosions,2126,2.15159,1.67140,2.15050,0.55398,,,,1,0,2000,0,0,9
ConcentratedDelayedExplosions,2127,1.61811,1.67700,1.61640,0.54886,,,,1,0,2000,0,0,9
ConcentratedDelayedExplosions,2128,1.67700,1.65390,1.67560,0.56730,,,,1,0,2000,0,0,9
ConcentratedDelayedExplosions,2129,1.66990,2.15220,1.66890,0.54170,,,,1,0,2000,0,0,9
ConcentratedDelayedExplosions,2130,1.68380,1.61780,1.68290,0.53350,,,,1,0,2000,0,0,9
ConcentratedDelayedExplosions,2131,1.90290,1.67650,1.90140,0.55398,,,,1,0,2000,0,0,9
ConcentratedDelayedExplosions,2132,1.58560,1.66990,1.58470,0.57446,,,,1,0,2000,0,0,9
ConcentratedDelayedExplosions,2133,1.61830,1.68420,1.61750,0.54886,,,,1,0,2000,0,0,9
ConcentratedDelayedExplosions,2134,1.75969,1.90240,1.75960,0.54067,,,,1,0,2000,0,0,9
ConcentratedDelayedExplosions,2135,1.61801,1.58560,1.61540,0.57037,,,,1,0,2000,0,0,9
ConcentratedDelayedExplosions,2136,1.87550,1.61860,1.87450,0.59392,,,,1,0,2000,0,0,9
ConcentratedDelayedExplosions,2137,1.74140,1.77460,1.74030,0.53760,,,,1,0,2000,0,0,9
ConcentratedDelayedExplosions,2138,1.81470,1.60300,1.81370,0.54579,,,,1,0,2000,0,0,9
ConcentratedDelayedExplosions,2139,1.64040,1.87540,1.63930,0.55706,,,,1,0,2000,0,0,9
ConcentratedDelayedExplosions,2140,1.75490,1.74170,1.75360,0.55501,,,,1,0,2000,0,0,9
ConcentratedDelayedExplosions,2141,1.82590,1.81480,1.82590,0.54656,,,,1,0,2000,0,0,9
ConcentratedDelayedExplosions,2142,1.80850,1.64040,1.80610,0.55910,,,,1,0,2000,0,0,9
ConcentratedDelayedExplosions,2143,1.65440,1.75470,1.65360,0.57139,,,,1,0,2000,0,0,9
ConcentratedDelayedExplosions,2144,1.85330,1.82700,1.85270,0.55398,,,,1,0,2000,0,0,9
ConcentratedDelayedExplosions,2145,1.99750,1.80700,1.99470,0.57549,,,,1,0,2000,0,0,9
ConcentratedDelayedExplosions,2146,2.32570,1.65460,2.32350,0.59085,,,,1,0,2000,0,0,9
ConcentratedDelayedExplosions,2147,1.91150,1.85570,1.91040,0.58573,,,,1,0,2000,0,0,9
ConcentratedDelayedExplosions,2148,1.93630,1.99640,1.93470,0.58061,,,,1,0,2000,0,0,9
ConcentratedDelayedExplosions,2149,1.55620,2.32470,1.55500,0.54784,,,,1,0,2000,0,0,9
ConcentratedDelayedExplosions,2150,1.67950,1.91180,1.67850,0.56627,,,,1,0,2000,0,0,9
ConcentratedDelayedExplosions,2151,1.73720,1.93590,1.73600,0.58778,,,,1,0,2000,0,0,9
ConcentratedDelayedExplosions,2152,1.68190,1.55600,1.68070,0.56730,,,,1,0,2000,0,0,9
ConcentratedDelayedExplosions,2153,1.78520,1.67970,1.78460,0.56525,,,,1,0,2000,0,0,9
ConcentratedDelayedExplosions,2154,1.98560,1.73700,1.98320,0.55706,,,,1,0,2000,0,0,9
ConcentratedDelayedExplosions,2155,1.62120,1.68180,1.61990,0.60109,,,,1,0,2000,0,0,9
ConcentratedDelayedExplosions,2156,1.75120,1.78680,1.75050,0.57139,,,,1,0,2000,0,0,9
ConcentratedDelayedExplosions,2157,1.81040,1.98430,1.80930,0.55398,,,,1,0,2000,0,0,9
ConcentratedDelayedExplosions,2158,2.35520,1.62080,2.35440,0.53658,,,,1,0,2000,0,0,9
ConcentratedDelayedExplosions,2159,1.71750,1.75160,1.71620,0.55501,,,,1,0,2000,0,0,9
ConcentratedDelayedExplosions,2160,1.65750,1.81020,1.65600,0.59290,,,,1,0,2000,0,0,9
ConcentratedDelayedExplosions,2161,1.89580,2.35580,1.89480,0.57446,,,,1,0,2000,0,0,9
ConcentratedDelayedExplosions,2162,1.76440,1.71760,1.76350,0.54374,,,,1,0,2000,0,0,9
ConcentratedDelayedExplosions,2163,1.87640,1.65680,1.87530,0.59392,,,,1,0,2000,0,0,9
ConcentratedDelayedExplosions,2164,2.12200,1.89580,2.12100,0.57242,,,,1,0,2000,0,0,9
ConcentratedDelayedExplosions,2165,1.78760,1.76440,1.78640,0.54170,,,,1,0,2000,0,0,9
ConcentratedDelayedExplosions,2166,1.71631,1.87660,1.71530,0.57344,,,,1,0,2000,0,0,9
ConcentratedDelayedExplosions,2167,1.76679,2.12190,1.76680,0.59290,,,,1,0,2000,0,0,9
ConcentratedDelayedExplosions,2168,1.70371,1.78740,1.70070,0.59290,,,,1,0,2000,0,0,9
ConcentratedDelayedExplosions,2169,1.67560,1.71630,1.67590,0.57139,,,,1,0,2000,0,0,9
ConcentratedDelayedExplosions,2170,1.88400,1.76890,1.88200,0.53350,,,,1,0,2000,0,0,9
ConcentratedDelayedExplosions,2171,2.01650,1.70160,2.01620,0.57651,,,,1,0,2000,0,0,9
ConcentratedDelayedExplosions,2172,1.72920,1.67700,1.72690,0.58880,,,,1,0,2000,0,0,9
ConcentratedDelayedExplosions,2173,1.60630,1.88290,1.60530,0.60006,,,,1,0,2000,0,0,9
ConcentratedDelayedExplosions,2174,1.71120,2.01760,1.71010,0.56218,,,,1,0,2000,0,0,9
ConcentratedDelayedExplosions,2175,2.03280,1.72790,2.03150,0.59187,,,,1,0,2000,0,0,9
ConcentratedDelayedExplosions,2176,2.10830,1.60650,2.10730,0.53862,,,,1,0,2000,0,0,9
ConcentratedDelayedExplosions,2177,1.95590,1.71130,1.95480,0.56627,,,,1,0,2000,0,0,9
ConcentratedDelayedExplosions,2178,2.25870,2.03250,2.25730,0.55091,,,,1,0,2000,0,0,9
ConcentratedDelayedExplosions,2179,1.89449,2.10870,1.89340,0.56934,,,,1,0,2000,0,0,9
ConcentratedDelayedExplosions,2180,1.99180,1.95600,1.99100,0.59904,,,,1,0,2000,0,0,9
ConcentratedDelayedExplosions,2181,1.91700,2.25830,1.91530,0.55603,,,,1,0,2000,0,0,9
ConcentratedDelayedExplosions,2182,1.83390,1.89470,1.83300,0.56525,,,,1,0,2000,0,0,9
ConcentratedDelayedExplosions,2183,1.92340,1.99200,1.92410,0.57958,,,,1,0,2000,0,0,9
ConcentratedDelayedExplosions,2184,1.79050,1.91630,1.78750,0.57958,,,,1,0,2000,0,0,9
ConcentratedDelayedExplosions,2185,1.66180,1.83400,1.66090,0.56525,,,,1,0,2000,0,0,9
ConcentratedDelayedExplosions,2186,1.78840,1.92550,1.78750,0.55706,,,,1,0,2000,0,0,9
ConcentratedDelayedExplosions,2187,1.81500,1.78840,1.81360,0.55706,,,,1,0,2000,0,0,9
ConcentratedDelayedExplosions,2188,1.73280,1.66190,1.73810,0.57958,,,,1,0,2000,0,0,9
ConcentratedDelayedExplosions,2189,1.72399,1.78880,1.71640,0.56013,,,,1,0,2000,0,0,9
ConcentratedDelayedExplosions,2190,1.76920,1.81480,1.76820,0.56934,,,,1,0,2000,0,0,9
ConcentratedDelayedExplosions,2191,1.67950,1.73930,1.67860,0.57958,,,,1,0,2000,0,0,9
ConcentratedDelayedExplosions,2192,1.63590,1.71730,1.63510,0.56320,,,,1,0,2000,0,0,9
ConcentratedDelayedExplosions,2193,1.98310,1.76920,1.98170,0.55296,,,,1,0,2000,0,0,9
ConcentratedDelayedExplosions,2194,2.14860,1.67950,2.14700,0.54682,,,,1,0,2000,0,0,9
ConcentratedDelayedExplosions,2195,1.86830,1.63650,1.85960,0.56218,,,,1,0,2000,0,0,9
ConcentratedDelayedExplosions,2196,1.85390,1.98340,1.85140,0.58266,,,,1,0,2000,0,0,9
ConcentratedDelayedExplosions,2197,1.79099,2.15590,1.79090,0.55398,,,,1,0,2000,0,0,9
ConcentratedDelayedExplosions,2198,1.73151,1.86160,1.72940,0.57728,,,,1,0,2000,0,0,9
ConcentratedDelayedExplosions,2199,1.70180,1.85260,1.70100,0.58880,,,,1,0,2000,0,0,9
ConcentratedDelayedExplosions,2200,1.94830,1.79190,1.94680,0.57549,,,,1,0,2000,0,0,9
ConcentratedDelayedExplosions,2201,1.71750,1.73030,1.71620,0.53760,,,,1,0,2000,0,0,9
ConcentratedDelayedExplosions,2202,1.61361,1.70270,1.61250,0.58266,,,,1,0,2000,0,0,9
ConcentratedDelayedExplosions,2203,1.86460,1.94780,1.86380,0.57651,,,,1,0,2000,0,0,9
ConcentratedDelayedExplosions,2204,1.93850,1.71720,1.94220,0.55808,,,,1,0,2000,0,0,9
ConcentratedDelayedExplosions,2205,1.80070,1.61350,1.79330,0.54374,,,,1,0,2000,0,0,9
ConcentratedDelayedExplosions,2206,1.64130,1.86530,1.63920,0.56115,,,,1,0,2000,0,0,9
ConcentratedDelayedExplosions,2207,2.02270,1.94490,2.01960,0.57651,,,,1,0,2000,0,0,9
ConcentratedDelayedExplosions,2208,1.63189,1.79550,1.63090,0.55398,,,,1,0,2000,0,0,9
ConcentratedDelayedExplosions,2209,1.73790,1.64170,1.73670,0.54989,,,,1,0,2000,0,0,9
ConcentratedDelayedExplosions,2210,1.79010,2.02060,1.78860,0.55398,,,,1,0,2000,0,0,9
ConcentratedDelayedExplosions,2211,1.66310,1.63210,1.66210,0.56525,,,,1,0,2000,0,0,9
ConcentratedDelayedExplosions,2212,1.71230,1.73800,1.71140,0.54886,,,,1,0,2000,0,0,9
ConcentratedDelayedExplosions,2213,1.94010,1.78980,1.93870,0.56730,,,,1,0,2000,0,0,9
ConcentratedDelayedExplosions,2214,2.14850,1.66290,2.14730,0.54989,,,,1,0,2000,0,0,9
ConcentratedDelayedExplosions,2215,2.04000,1.71300,2.03850,0.58778,,,,1,0,2000,0,0,9
ConcentratedDelayedExplosions,2216,1.70570,1.94010,1.70450,0.56115,,,,1,0,2000,0,0,9
ConcentratedDelayedExplosions,2217,1.72740,2.14850,1.72650,0.56627,,,,1,0,2000,0,0,9
ConcentratedDelayedExplosions,2218,1.82460,2.03950,1.82380,0.56730,,,,1,0,2000,0,0,9
ConcentratedDelayedExplosions,2219,1.67890,1.70550,1.67820,0.56832,,,,1,0,2000,0,0,9
ConcentratedDelayedExplosions,2220,1.85030,1.72730,1.85350,0.57344,,,,1,0,2000,0,0,9
ConcentratedDelayedExplosions,2221,2.15320,1.82470,2.14620,0.57344,,,,1,0,2000,0,0,9
ConcentratedDelayedExplosions,2222,2.31830,1.67920,2.31630,0.56730,,,,1,0,2000,0,0,9
ConcentratedDelayedExplosions,2223,2.14680,1.85660,2.14480,0.56730,,,,1,0,2000,0,0,9
