phase,frame,renderedFrameMs,mainThreadMs,gcAllocatedBytes,focused,destroyed,effects
Near,0,2.6123016141355038,2.6059,,1,0,0
Near,1,2.3797973990440369,2.3768,,1,0,0
Near,2,2.5464002974331379,2.5419,,1,0,0
Near,3,2.4012045469135046,2.4009,,1,0,0
Near,4,2.0227963104844093,1.999,,1,0,0
Near,5,2.2636053618043661,2.2604,,1,0,0
Near,6,2.95929703861475,2.9564,,1,0,0
Near,7,2.10420205257833,2.099,,1,0,0
Near,8,2.3055979982018471,2.3056,,1,0,0
Near,9,2.2884991485625505,2.2823,,1,0,0
Near,10,2.3070010356605053,2.3064,,1,0,0
Near,11,2.1552012767642736,2.1509,,1,0,0
Near,12,2.2368975915014744,2.2364,,1,0,0
Near,13,2.2333972156047821,2.2309,,1,0,0
Near,14,2.1102041937410831,2.1099,,1,0,0
Near,15,2.333801006898284,2.3303,,1,0,0
Near,16,3.0983984470367432,3.0955,,1,0,0
Near,17,2.0378967747092247,2.0307,,1,0,0
Near,18,2.37100338563323,2.3727,,1,0,0
Near,19,2.3535997606813908,2.3446,,1,0,0
Near,20,2.3849986027926207,2.3822,,1,0,0
Near,21,2.1239016205072403,2.1213,,1,0,0
Near,22,2.6136976666748524,2.619,,1,0,0
Near,23,2.5608984287828207,2.5483,,1,0,0
Near,24,2.0526007283478975,2.0492,,1,0,0
Near,25,2.6462017558515072,2.6469,,1,0,0
Near,26,2.0633006934076548,2.0586,,1,0,0
Near,27,2.5482992641627789,2.5503999999999998,,1,0,0
Near,28,2.5678996462374926,2.5591,,1,0,0
Near,29,2.556398743763566,2.5553,,1,0,0
Near,30,1.9373015966266394,1.9334,,1,0,0
Near,31,3.1953018624335527,3.1956,,1,0,0
Near,32,2.3213010281324387,2.3177,,1,0,0
Near,33,2.3561012931168079,2.3543,,1,0,0
Near,34,2.2452948614954948,2.2414,,1,0,0
Near,35,2.6714003179222345,2.6717,,1,0,0
Near,36,2.2985048126429319,2.295,,1,0,0
Near,37,2.6099986862391233,2.6046,,1,0,0
Near,38,2.2162981331348419,2.2161,,1,0,0
Near,39,2.3428003769367933,2.341,,1,0,0
Near,40,2.4227960966527462,2.4179,,1,0,0
Near,41,2.2541028447449207,2.2521,,1,0,0
Near,42,2.4776007048785686,2.4726,,1,0,0
Near,43,2.5034013669937849,2.4993,,1,0,0
Near,44,2.2867985535413027,2.2876,,1,0,0
Near,45,2.2750000935047865,2.2708,,1,0,0
Near,46,2.66390317119658,2.6614,,1,0,0
Near,47,2.4973002728074789,2.494,,1,0,0
Near,48,3.6001983098685741,3.5968,,1,0,0
Near,49,2.5800948496907949,2.5738,,1,0,0
Near,50,2.4331065360456705,2.4612,,1,0,0
Near,51,2.4888960178941488,2.4571,,1,0,0
Near,52,2.4259991478174925,2.4235,,1,0,0
Near,53,3.1563988886773586,3.1535,,1,0,0
Near,54,2.4687997065484524,2.4633,,1,0,0
Near,55,2.3586025927215815,2.3597,,1,0,0
Near,56,2.9256022535264492,2.9207,,1,0,0
Near,57,2.62410007417202,2.6196,,1,0,0
Near,58,2.5323978625237942,2.5278,,1,0,0
Near,59,2.5290036574006081,2.5299,,1,0,0
Near,60,2.6099986862391233,2.6067,,1,0,0
Near,61,2.4740009102970362,2.4696,,1,0,0
Near,62,2.4919004645198584,2.4864,,1,0,0
Near,63,2.48789694160223,2.4872,,1,0,0
Near,64,2.7003968134522438,2.6963,,1,0,0
Near,65,2.5214003399014473,2.5172,,1,0,0
Near,66,3.1704010907560587,3.1691,,1,0,0
Near,67,2.7167021762579679,2.7127,,1,0,0
Near,68,2.2590986918658018,2.2538,,1,0,0
Near,69,2.3867983836680651,2.3859,,1,0,0
Near,70,3.4772038925439119,3.4759,,1,0,0
Near,71,2.7147959917783737,2.7103,,1,0,0
Near,72,3.0631022527813911,3.0629,,1,0,0
Near,73,2.9028982389718294,2.9003,,1,0,0
Near,74,2.3892999161034822,2.3848,,1,0,0
Near,75,2.6401006616652012,2.6374,,1,0,0
Near,76,2.3139030672609806,2.3087,,1,0,0
Near,77,3.8152991328388453,3.8158,,1,0,0
Near,78,2.9019983485341072,2.8951,,1,0,0
Near,79,2.2959040943533182,2.2944,,1,0,0
Near,80,2.7475978713482618,2.7467,,1,0,0
Near,81,2.798100933432579,2.7901,,1,0,0
Near,82,2.7439980767667294,2.7413,,1,0,0
Near,83,5.7159014977514744,5.7109,,1,0,0
Near,84,2.8412982355803251,2.8396,,1,0,0
Near,85,2.8478032909333706,2.8452,,1,0,0
Near,86,2.656200435012579,2.654,,1,0,0
Near,87,2.5868976954370737,2.5816,,1,0,0
Near,88,2.589597599580884,2.5882,,1,0,0
Near,89,3.0182043556123972,3.0189,,1,0,0
Near,90,2.7160006575286388,2.7117,,1,0,0
Near,91,3.2466978300362825,3.2417,,1,0,0
Near,92,2.8976970352232456,2.8946,,1,0,0
Near,93,2.5630032178014517,2.5599,,1,0,0
Near,94,2.614498371258378,2.6117,,1,0,0
Near,95,2.8205995913594961,2.8168,,1,0,0
Near,96,2.5066044181585312,2.5087,,1,0,0
Near,97,2.6330994442105293,2.6227,,1,0,0
Near,98,3.0166949145495892,3.0114,,1,0,0
Near,99,2.8539043851196766,2.8539,,1,0,0
Near,100,2.4889952037483454,2.4821,,1,0,0
Near,101,2.902905223891139,2.9016,,1,0,0
Near,102,2.6651998050510883,2.6588,,1,0,0
Near,103,2.4380951654165983,2.4357,,1,0,0
Near,104,3.1661989632993937,3.1647,,1,0,0
Near,105,2.8056050650775433,2.8015,,1,0,0
Near,106,2.7271967846900225,2.724,,1,0,0
Near,107,2.6090985629707575,2.6059,,1,0,0
Near,108,2.5169996079057455,2.5141,,1,0,0
Near,109,3.1142998486757278,3.1156,,1,0,0
Near,110,2.5873016566038132,2.581,,1,0,0
Near,111,2.6324051432311535,2.6335,,1,0,0
Near,112,2.7019982226192951,2.6943,,1,0,0
Near,113,2.5047974195331335,2.5012,,1,0,0
Near,114,2.5089995469897985,2.506,,1,0,0
Near,115,3.0584041960537434,3.0547,,1,0,0
Near,116,2.8964001685380936,2.8989,,1,0,0
Near,117,2.7236961759626865,2.7166,,1,0,0
Near,118,2.8388039208948612,2.8354,,1,0,0
Near,119,2.8035005088895559,2.7996,,1,0,0
Near,120,2.4297973141074181,2.4271,,1,0,0
Near,121,2.7717971242964268,2.7757,,1,0,0
Near,122,3.134304191917181,3.1291,,1,0,0
Near,123,2.8611961752176285,2.8579,,1,0,0
Near,124,2.6203019078820944,2.6101,,1,0,0
Near,125,2.5461025070399046,2.5479,,1,0,0
Near,126,2.5656959041953087,2.5585,,1,0,0
Near,127,2.879804465919733,2.8791,,1,0,0
Near,128,2.7772958856076,2.7706,,1,0,0
Near,129,2.6916028000414371,2.6856,,1,0,0
Near,130,2.6455994229763746,2.6472,,1,0,0
Near,131,2.4706986732780933,2.461,,1,0,0
Near,132,3.4112031571567059,3.4107,,1,0,0
Near,133,2.9357001185417175,2.9275,,1,0,0
Near,134,3.1604946125298738,3.1582,,1,0,0
Near,135,2.5857994332909584,2.5863,,1,0,0
Near,136,2.4963009636849165,2.4894,,1,0,0
Near,137,3.1141014769673347,3.1118,,1,0,0
Near,138,2.5882015470415354,2.5832,,1,0,0
Near,139,2.4832978378981352,2.4783,,1,0,0
Near,140,3.3276998437941074,3.3286,,1,0,0
Near,141,3.3301019575446844,3.3265,,1,0,0
Near,142,2.2327026817947626,2.2289,,1,0,0
Near,143,3.750198520720005,3.7485,,1,0,0
Near,144,2.3849986027926207,2.3782,,1,0,0
Near,145,2.9303005430847406,2.9312,,1,0,0
Near,146,2.913300646468997,2.909,,1,0,0
Near,147,2.472796244546771,2.467,,1,0,0
Near,148,2.5467048399150372,2.5498,,1,0,0
Near,149,3.7080002948641777,3.7004,,1,0,0
Near,150,2.4675950407981873,2.4645,,1,0,0
Near,151,3.3024020958691835,3.3044,,1,0,0
Near,152,2.8035996947437525,2.7951,,1,0,0
Near,153,2.6475978083908558,2.6455,,1,0,0
Near,154,3.0391013715416193,3.0395,,1,0,0
Near,155,2.7213010471314192,2.7151,,1,0,0
Near,156,2.4892999790608883,2.4883,,1,0,0
Near,157,2.7518991846591234,2.7496,,1,0,0
Near,158,2.5901005137711763,2.5865,,1,0,0
Near,159,2.7749999426305294,2.7726,,1,0,0
Near,160,3.0589995440095663,3.0546,,1,0,0
Near,161,2.5496031157672405,2.5472,,1,0,0
Near,162,2.5613945908844471,2.558,,1,0,0
Near,163,3.3079010900110006,3.306,,1,0,0
Near,164,2.9883007518947124,2.9861,,1,0,0
Near,165,3.0156036373227835,3.0025,,1,0,0
Near,166,2.9958970844745636,2.9911,,1,0,0
Near,167,2.9832979198545218,2.9766,,1,0,0
Near,168,3.0377055518329144,3.0355,,1,0,0
Near,169,2.7958971913903952,2.7961,,1,0,0
Near,170,2.8288974426686764,2.8224,,1,0,0
Near,171,2.865802263841033,2.8603,,1,0,0
Near,172,2.8208971489220858,2.822,,1,0,0
Near,173,2.4535006377846003,2.4471,,1,0,0
Near,174,2.8421059250831604,2.8434,,1,0,0
Near,175,3.6090987268835306,3.6043,,1,0,0
Near,176,3.1029975507408381,3.0972,,1,0,0
Near,177,3.4491992555558681,3.445,,1,0,0
Near,178,2.8848000802099705,2.8808,,1,0,0
Near,179,3.0973993707448244,3.0948,,1,0,0
Near,180,2.7651998680084944,2.7607,,1,0,0
Near,181,3.8327027577906847,3.8325,,1,0,0
Near,182,2.8489015530794859,2.8409,,1,0,0
Near,183,2.8033943381160498,2.8049,,1,0,0
Near,184,3.9884001016616821,3.9864,,1,0,0
Near,185,3.2922052778303623,3.2838,,1,0,0
Near,186,2.818296430632472,2.8198,,1,0,0
Near,187,2.7221017517149448,2.7115,,1,0,0
Near,188,2.8608986176550388,2.861,,1,0,0
Near,189,3.2088009174913168,3.1994,,1,0,0
Near,190,2.9972009360790253,2.9989,,1,0,0
Near,191,3.4662981051951647,3.4622,,1,0,0
Near,192,2.6642999146133661,2.6561,,1,0,0
Near,193,3.699801629409194,3.6956,,1,0,0
Near,194,3.14929848536849,3.1454,,1,0,0
Near,195,3.232504241168499,3.2292,,1,0,0
Near,196,3.1697987578809261,3.1674,,1,0,0
Near,197,2.7041949797421694,2.6966,,1,0,0
Near,198,3.4474064595997334,3.4485,,1,0,0
Near,199,2.5498936884105206,2.542,,1,0,0
Near,200,3.4157028421759605,3.4165,,1,0,0
Near,201,3.1109978444874287,3.1051,,1,0,0
Near,202,2.9192036017775536,2.9164,,1,0,0
Near,203,2.8066963423043489,2.7969,,1,0,0
Near,204,3.193799639120698,3.1901,,1,0,0
Near,205,2.8635063208639622,2.8607,,1,0,0
Near,206,3.73459467664361,3.7324,,1,0,0
Near,207,3.3019983675330877,3.2963,,1,0,0
Near,208,2.8346017934381962,2.8313,,1,0,0
Near,209,3.098504850640893,3.0965,,1,0,0
Near,210,2.9632935766130686,2.9593,,1,0,0
Near,211,3.8968040607869625,3.8948,,1,0,0
Near,212,3.1351970974355936,3.1275,,1,0,0
Near,213,3.0976049602031708,3.0966,,1,0,0
Near,214,3.2128968741744757,3.2072,,1,0,0
Near,215,3.0940971337258816,3.0903,,1,0,0
Near,216,3.8781038019806147,3.88,,1,0,0
Near,217,3.1480016186833382,3.1363,,1,0,0
Near,218,3.0931972432881594,3.0915,,1,0,0
Near,219,2.9830003622919321,2.9791,,1,0,0
Near,220,3.7481009494513273,3.7483,,1,0,0
Near,221,3.0069018248468637,3,,1,0,0
Near,222,3.0676941387355328,3.0651,,1,0,0
Near,223,3.5300028976053,3.5286,,1,0,0
Near,224,3.2006022520363331,3.1941,,1,0,0
Near,225,4.6446993947029114,4.6407,,1,0,0
Near,226,3.8522959221154451,3.8471,,1,0,0
Near,227,3.2455003820359707,3.2455,,1,0,0
Near,228,3.1328019686043262,3.1237,,1,0,0
Near,229,4.1023031808435917,4.0986,,1,0,0
Near,230,3.2821996137499809,3.2766,,1,0,0
Near,231,3.5133007913827896,3.5089,,1,0,0
Near,232,3.4803997259587049,3.4777,,1,0,0
Near,233,4.0804990567266941,4.0797,,1,0,0
Near,234,3.0221017077565193,3.016,,1,0,0
Near,235,3.4232994075864553,3.4233,,1,0,0
Near,236,3.4351970534771681,3.4261,,1,0,0
Near,237,3.426502225920558,3.4233,,1,0,0
Near,238,3.8079011719673872,3.8065,,1,0,0
Near,239,3.1473992858082056,3.1395,,1,0,0
Near,240,3.2217970583587885,3.219,,1,0,0
Near,241,3.0409013852477074,3.035,,1,0,0
Near,242,3.1321996357291937,3.1294,,1,0,0
Near,243,3.3341979142278433,3.3359,,1,0,0
Near,244,3.4169997088611126,3.4074,,1,0,0
Near,245,3.1794004607945681,3.1763,,1,0,0
Near,246,2.8973000589758158,2.8937,,1,0,0
Near,247,3.3367983996868134,3.3327,,1,0,0
Near,248,3.0960033182054758,3.0865,,1,0,0
Near,249,3.7279974203556776,3.7314,,1,0,0
Near,250,3.4811012446880341,3.4734,,1,0,0
Near,251,3.0646044760942459,3.0593,,1,0,0
Near,252,3.4031958784908056,3.4043,,1,0,0
Near,253,5.1835034973919392,5.1671,,1,0,0
Near,254,6.7612952552735806,6.7604,,1,0,0
Near,255,3.1682043336331844,3.1623,,1,0,0
Near,256,3.4969954285770655,3.4926,,1,0,0
Near,257,3.5565050784498453,3.5547,,1,0,0
Near,258,3.5000001080334187,3.4946,,1,0,0
Near,259,4.277997650206089,4.2748,,1,0,0
Near,260,3.3735970500856638,3.37,,1,0,0
Near,261,3.3884991426020861,3.3848,,1,0,0
Near,262,3.95010644569993,3.9475,,1,0,0
Near,263,3.7169004790484905,3.7112,,1,0,0
Near,264,3.4565972164273262,3.4527,,1,0,0
Near,265,3.3473994117230177,3.3454,,1,0,0
Near,266,3.4105016384273767,3.4084,,1,0,0
Near,267,3.8946995045989752,3.8885,,1,0,0
Near,268,3.3616991713643074,3.3555,,1,0,0
Near,269,3.263598307967186,3.2665,,1,0,0
Near,270,4.1552013717591763,4.1464,,1,0,0
Near,271,3.2136975787580013,3.2056,,1,0,0
Near,272,3.596300957724452,3.5923,,1,0,0
Near,273,3.473703283816576,3.4732,,1,0,0
Near,274,3.4735968802124262,3.4663,,1,0,0
Near,275,3.3989015500992537,3.3954,,1,0,0
Near,276,3.0607001390308142,3.0582,,1,0,0
Near,277,3.4217969514429569,3.4213,,1,0,0
Near,278,3.2060020603239536,3.1961,,1,0,0
Near,279,3.541099838912487,3.5381,,1,0,0
Near,280,3.3472010400146246,3.3415,,1,0,0
Near,281,4.44739917293191,4.4465,,1,0,0
Near,282,3.7309026811271906,3.7266,,1,0,0
Near,283,3.2551940530538559,3.2545,,1,0,0
Near,284,3.3104023896157742,3.3015,,1,0,0
Near,285,3.4454010892659426,3.4469,,1,0,0
Near,286,3.6127977073192596,3.6134,,1,0,0
Near,287,4.0301019325852394,4.0152,,1,0,0
Near,288,3.033800981938839,3.0283,,1,0,0
Near,289,5.5714002810418606,5.5778,,1,0,0
Near,290,4.0928996168076992,4.1336,,1,0,0
Near,291,3.8289965596050024,3.7705,,1,0,0
Near,292,3.6606008652597666,3.6496,,1,0,0
Near,293,3.5715985577553511,3.5681,,1,0,0
Near,294,3.8998015224933624,3.8977,,1,0,0
Near,295,3.4024021588265896,3.3936,,1,0,0
Near,296,3.4482001792639494,3.4437,,1,0,0
Near,297,3.699801629409194,3.6981,,1,0,0
Near,298,3.2496952917426825,3.2434,,1,0,0
Near,299,3.1514030415564775,3.1477,,1,0,0
Panorama,0,4.0987031534314156,4.0932,,1,0,0
Panorama,1,4.2886976152658463,4.2876,,1,0,0
Panorama,2,3.4030044917017221,3.3959,,1,0,0
Panorama,3,4.1546979919075966,4.1558,,1,0,0
Panorama,4,3.7248015869408846,3.7191,,1,0,0
Panorama,5,3.2056972850114107,3.1983,,1,0,0
Panorama,6,3.9023030549287796,3.8988,,1,0,0
Panorama,7,4.0687997825443745,4.0661,,1,0,0
Panorama,8,3.93329793587327,3.9298,,1,0,0
Panorama,9,4.0131025016307831,4.0066,,1,0,0
Panorama,10,3.2085955608636141,3.2032,,1,0,0
Panorama,11,3.6678996402770281,3.6632,,1,0,0
Panorama,12,4.1737030260264874,4.1719,,1,0,0
Panorama,13,3.9745960384607315,3.9691,,1,0,0
Panorama,14,3.528904402628541,3.5254,,1,0,0
Panorama,15,3.655796404927969,3.6507,,1,0,0
Panorama,16,3.9297053590416908,3.9258,,1,0,0
Panorama,17,3.7694941274821758,3.769,,1,0,0
Panorama,18,3.7713011261075735,3.7551,,1,0,0
Panorama,19,4.1417023167014122,4.1375,,1,0,0
Panorama,20,4.0121031925082207,4.0066,,1,0,0
Panorama,21,4.12929430603981,4.1244,,1,0,0
Panorama,22,4.086600150913,4.0803,,1,0,0
Panorama,23,3.4571995493024588,3.4542,,1,0,0
Panorama,24,3.8390022236853838,3.8332,,1,0,0
Panorama,25,3.4885983914136887,3.4844,,1,0,0
Panorama,26,4.4015021994709969,4.3978,,1,0,0
Panorama,27,3.2857994083315134,3.2823,,1,0,0
Panorama,28,4.4892998412251472,4.4819,,1,0,0
Panorama,29,3.4000992309302092,3.3986,,1,0,0
Panorama,30,3.5074050538241863,3.4947,,1,0,0
Panorama,31,3.4031958784908056,3.3973,,1,0,0
Panorama,32,3.9154975675046444,3.9134,,1,0,0
Panorama,33,3.6618055310100317,3.661,,1,0,0
Panorama,34,4.2861960828304291,4.2768,,1,0,0
Panorama,35,3.2628048211336136,3.2583,,1,0,0
Panorama,36,4.4288975186645985,4.4277,,1,0,0
Panorama,37,4.2490009218454361,4.2368,,1,0,0
Panorama,38,3.6743977107107639,3.6718,,1,0,0
Panorama,39,3.93900228664279,3.934,,1,0,0
Panorama,40,4.3257013894617558,4.3226,,1,0,0
Panorama,41,3.7314980290830135,3.7264,,1,0,0
Panorama,42,3.8265022449195385,3.8223,,1,0,0
Panorama,43,3.342899726703763,3.3367,,1,0,0
Panorama,44,4.8870961181819439,4.8877,,1,0,0
Panorama,45,4.4322987087070942,4.4211,,1,0,0
Panorama,46,3.8312003016471863,3.8297,,1,0,0
Panorama,47,4.62890462949872,4.6196,,1,0,0
Panorama,48,3.468998009338975,3.4647,,1,0,0
Panorama,49,3.7289964966475964,3.7207,,1,0,0
Panorama,50,4.6927011571824551,4.6914,,1,0,0
Panorama,51,3.9705000817775726,3.9664,,1,0,0
Panorama,52,3.3444019500166178,3.3383,,1,0,0
Panorama,53,4.2867986485362053,4.282,,1,0,0
Panorama,54,3.533701878041029,3.5253,,1,0,0
Panorama,55,5.0481008365750313,5.0428,,1,0,0
Panorama,56,3.9062004070729017,3.9017,,1,0,0
Panorama,57,4.5505953021347523,4.5462,,1,0,0
Panorama,58,3.8764029741287231,3.8767,,1,0,0
Panorama,59,3.7273031193763018,3.7136,,1,0,0
Panorama,60,3.56129533611238,3.5539,,1,0,0
Panorama,61,3.675099229440093,3.6695,,1,0,0
Panorama,62,3.6122023593634367,3.6086,,1,0,0
Panorama,63,4.545996431261301,4.5401,,1,0,0
Panorama,64,3.5789045505225658,3.575,,1,0,0
Panorama,65,3.9598001167178154,3.9551,,1,0,0
Panorama,66,4.1512968018651009,4.1492,,1,0,0
Panorama,67,4.4496031478047371,4.4414,,1,0,0
Panorama,68,3.5589993931353092,3.5543,,1,0,0
Panorama,69,3.6934027448296547,3.7035,,1,0,0
Panorama,70,3.9212941192090511,3.8975,,1,0,0
Panorama,71,5.0220023840665817,5.0178,,1,0,0
Panorama,72,3.897498594596982,3.8939,,1,0,0
Panorama,73,5.2972007542848587,5.2914,,1,0,0
Panorama,74,4.6366993337869644,4.6336,,1,0,0
Panorama,75,4.1116992942988873,4.1063,,1,0,0
Panorama,76,3.8447987753897905,3.8394,,1,0,0
Panorama,77,24.861302226781845,24.8607,,1,0,0
Panorama,78,3.7604025565087795,3.7525,,1,0,0
Panorama,79,3.2925950363278389,3.2891,,1,0,0
Panorama,80,4.3393070809543133,4.3362,,1,0,0
Panorama,81,3.854499664157629,3.8523,,1,0,0
Panorama,82,6.094898097217083,6.0927,,1,0,0
Panorama,83,21.822299808263779,21.8185,,1,0,0
Panorama,84,15.717899426817894,15.7155,,1,0,0
Panorama,85,4.7437003813683987,4.7346,,1,0,0
Panorama,86,5.0099985674023628,5.0067,,1,0,0
Panorama,87,4.5480015687644482,4.5422,,1,0,0
Panorama,88,3.8892007432878017,3.8864,,1,0,0
Panorama,89,4.1023949161171913,4.0953,,1,0,0
Panorama,90,4.2628045193850994,4.2527,,1,0,0
Panorama,91,4.2325961403548717,4.2347,,1,0,0
Panorama,92,3.413201542571187,3.4024,,1,0,0
Panorama,93,3.6306972615420818,3.627,,1,0,0
Panorama,94,3.2299035228788853,3.2255,,1,0,0
Panorama,95,3.8209962658584118,3.8199,,1,0,0
Panorama,96,3.952699713408947,3.9458,,1,0,0
Panorama,97,3.2316043507307768,3.2263,,1,0,0
Panorama,98,3.4652990289032459,3.4656,,1,0,0
Panorama,99,3.1394984107464552,3.1293,,1,0,0
Panorama,100,3.826098283752799,3.8212,,1,0,0
Panorama,101,7.14810099452734,7.1491,,1,0,0
Panorama,102,3.4487033262848854,3.4402,,1,0,0
Panorama,103,9.9357990548014641,9.936,,1,0,0
Panorama,104,3.6107993219047785,3.6071,,1,0,0
Panorama,105,3.2348993699997663,3.2263,,1,0,0
Panorama,106,3.6948979832232,3.6889,,1,0,0
Panorama,107,3.2598993275314569,3.2546,,1,0,0
Panorama,108,4.2014028877019882,4.1925,,1,0,0
Panorama,109,3.4723994322121143,3.4703,,1,0,0
Panorama,110,4.1444017551839352,4.1359,,1,0,0
Panorama,111,3.6724985111504793,3.6735,,1,0,0
Panorama,112,3.6662982311099768,3.6612,,1,0,0
Panorama,113,3.9039044640958309,3.8938,,1,0,0
Panorama,114,3.5903982352465391,3.5867,,1,0,0
Panorama,115,4.6357992105185986,4.6308,,1,0,0
Panorama,116,4.3037980794906616,4.2966,,1,0,0
Panorama,117,3.5882014781236649,3.5825,,1,0,0
Panorama,118,3.9879037067294121,3.9847,,1,0,0
Panorama,119,10.354194790124893,10.3549,,1,0,0
Panorama,120,3.7861040327697992,3.7762,,1,0,0
Panorama,121,4.0434948168694973,4.0373,,1,0,0
Panorama,122,3.0647038947790861,3.0603,,1,0,0
Panorama,123,3.6080002319067717,3.6062,,1,0,0
Panorama,124,3.5955002531409264,3.5849,,1,0,0
Panorama,125,3.6570010706782341,3.6493,,1,0,0
Panorama,126,3.4387968480587006,3.4343,,1,0,0
Panorama,127,3.6612031981348991,3.65,,1,0,0
Panorama,128,4.0798964910209179,4.0757,,1,0,0
Panorama,129,3.539299825206399,3.5382,,1,0,0
Panorama,130,3.9408020675182343,3.9282,,1,0,0
Panorama,131,3.8091978058218956,3.8033,,1,0,0
Panorama,132,3.7451034877449274,3.7451,,1,0,0
Panorama,133,4.38159704208374,4.3728,,1,0,0
Panorama,134,3.6321994848549366,3.6306,,1,0,0
Panorama,135,3.4930980764329433,3.4898,,1,0,0
Panorama,136,3.8560018874704838,3.8537,,1,0,0
Panorama,137,4.1591976769268513,4.1454,,1,0,0
Panorama,138,3.4509990364313126,3.4469,,1,0,0
Panorama,139,3.8922051899135113,3.8891,,1,0,0
Panorama,140,4.2037982493638992,4.2011,,1,0,0
Panorama,141,3.8206987082958221,3.8118,,1,0,0
Panorama,142,4.1170991025865078,4.1136,,1,0,0
Panorama,143,3.7378047127276659,3.737,,1,0,0
Panorama,144,3.67179699242115,3.6594,,1,0,0
Panorama,145,3.9033021312206984,3.8951,,1,0,0
Panorama,146,3.8893991149961948,3.8838,,1,0,0
Panorama,147,3.974496852606535,3.9763,,1,0,0
Panorama,148,7.6193027198314667,7.6053,,1,0,0
Panorama,149,7.3695010505616665,7.3673,,1,0,0
Panorama,150,3.7092971615493298,3.7034,,1,0,0
Panorama,151,5.0676022656261921,5.0641,,1,0,0
Panorama,152,4.0234979242086411,4.0175,,1,0,0
Panorama,153,3.5890021827071905,3.5854,,1,0,0
Panorama,154,4.276700783520937,4.2703,,1,0,0
Panorama,155,3.6150014493614435,3.6108,,1,0,0
Panorama,156,4.4643990695476532,4.4619,,1,0,0
Panorama,157,3.9795991033315659,3.9841,,1,0,0
Panorama,158,3.6858986131846905,3.6678,,1,0,0
Panorama,159,4.0419003926217556,4.0333,,1,0,0
Panorama,160,3.5456987097859383,3.5433,,1,0,0
Panorama,161,4.1276006959378719,4.1196,,1,0,0
Panorama,162,3.9153983816504478,3.9119,,1,0,0
Panorama,163,4.3820012360811234,4.3776,,1,0,0
Panorama,164,4.4108983129262924,4.4075,,1,0,0
Panorama,165,3.5668013151735067,3.5601,,1,0,0
Panorama,166,5.05760358646512,5.0539,,1,0,0
Panorama,167,3.8708969950675964,3.8677,,1,0,0
Panorama,168,4.1133998893201351,4.1081,,1,0,0
Panorama,169,3.9842049591243267,3.9774,,1,0,0
Panorama,170,3.6411990877240896,3.6392,,1,0,0
Panorama,171,4.0112952701747417,4.005,,1,0,0
Panorama,172,3.905201330780983,3.9031,,1,0,0
Panorama,173,3.5193026997148991,3.5132,,1,0,0
Panorama,174,3.7835955154150724,3.7793,,1,0,0
Panorama,175,5.1803998649120331,5.1738,,1,0,0
Panorama,176,24.013200774788857,24.0184,,1,0,0
Panorama,177,3.6839002277702093,3.6675,,1,0,0
Panorama,178,3.6973992828279734,3.6952,,1,0,0
Panorama,179,3.893799614161253,3.8998,,1,0,0
Panorama,180,3.0824050772935152,3.0635,,1,0,0
Panorama,181,3.406597301363945,3.4004,,1,0,0
Panorama,182,3.74029902741313,3.731,,1,0,0
Panorama,183,3.4590987488627434,3.4558,,1,0,0
Panorama,184,3.3639031462371349,3.3607,,1,0,0
Panorama,185,3.4202027600258589,3.4095,,1,0,0
Panorama,186,3.6668933462351561,3.6634,,1,0,0
Panorama,187,3.8071002345532179,3.8025,,1,0,0
Panorama,188,3.9891013875603676,3.9855,,1,0,0
Panorama,189,3.2480016816407442,3.2434,,1,0,0
Panorama,190,3.8947986904531717,3.8883,,1,0,0
Panorama,191,3.7590987049043179,3.7556,,1,0,0
Panorama,192,3.6051019560545683,3.6014,,1,0,0
Panorama,193,3.8553995545953512,3.8492,,1,0,0
Panorama,194,3.8620040286332369,3.8571,,1,0,0
Panorama,195,4.66919643804431,4.6652,,1,0,0
Panorama,196,3.4596016630530357,3.4548,,1,0,0
Panorama,197,4.0388959459960461,4.0314,,1,0,0
Panorama,198,3.8375991862267256,3.8367,,1,0,0
Panorama,199,4.7231009230017662,4.7078,,1,0,0
Panorama,200,3.5656036343425512,3.5611,,1,0,0
Panorama,201,3.5353954881429672,3.5291,,1,0,0
Panorama,202,3.7426019553095102,3.7529,,1,0,0
Panorama,203,4.3147038668394089,4.2905,,1,0,0
Panorama,204,3.7658943329006433,3.7615,,1,0,0
Panorama,205,3.3133006654679775,3.3099,,1,0,0
Panorama,206,4.82740206643939,4.825,,1,0,0
Panorama,207,3.770897164940834,3.7667,,1,0,0
Panorama,208,3.6428004968911409,3.64,,1,0,0
Panorama,209,3.4818027634173632,3.476,,1,0,0
Panorama,210,4.641801118850708,4.6399,,1,0,0
Panorama,211,3.9610969834029675,3.9564,,1,0,0
Panorama,212,4.58870455622673,4.5835,,1,0,0
Panorama,213,4.3512969277799129,4.3471,,1,0,0
Panorama,214,4.6326033771038055,4.6274,,1,0,0
Panorama,215,3.8573979400098324,3.8523,,1,0,0
Panorama,216,4.0597999468445778,4.0548,,1,0,0
Panorama,217,4.167899489402771,4.1653,,1,0,0
Panorama,218,3.8310019299387932,3.8213,,1,0,0
Panorama,219,3.9515942335128784,3.9474,,1,0,0
Panorama,220,4.258099477738142,4.254,,1,0,0
Panorama,221,3.9204009808599949,3.9142,,1,0,0
Panorama,222,4.9249008297920227,4.9196,,1,0,0
Panorama,223,4.1785999201238155,4.1768,,1,0,0
Panorama,224,3.650701604783535,3.6485,,1,0,0
Panorama,225,4.3339002877473831,4.3261,,1,0,0
Panorama,226,4.17989632114768,4.1703,,1,0,0
Panorama,227,3.980803769081831,3.9787,,1,0,0
Panorama,228,3.8668012712150812,3.8475,,1,0,0
Panorama,229,4.0937005542218685,4.0866,,1,0,0
Panorama,230,4.1595948860049248,4.1579,,1,0,0
Panorama,231,3.617502748966217,3.6061,,1,0,0
Panorama,232,4.830201156437397,4.8273,,1,0,0
Panorama,233,3.9208969101309776,3.9178,,1,0,0
Panorama,234,4.0446002967655659,4.0407,,1,0,0
Panorama,235,3.3116992563009262,3.3069,,1,0,0
Panorama,236,4.4396044686436653,4.4337,,1,0,0
Panorama,237,3.493395633995533,3.4912,,1,0,0
Panorama,238,3.8853033911436796,3.8816,,1,0,0
Panorama,239,4.0029976516962051,3.9994,,1,0,0
Panorama,240,3.8660005666315556,3.8664,,1,0,0
Panorama,241,3.5076034255325794,3.4966,,1,0,0
Panorama,242,25.042496621608734,25.0428,,1,0,0
Panorama,243,3.418799489736557,3.4079,,1,0,0
Panorama,244,3.9549036882817745,3.9514,,1,0,0
Panorama,245,3.28889605589211,3.2841,,1,0,0
Panorama,246,3.5270054358989,3.5201,,1,0,0
Panorama,247,3.8526998832821846,3.8508,,1,0,0
Panorama,248,3.3390943426638842,3.3313,,1,0,0
Panorama,249,3.827699925750494,3.8165,,1,0,0
Panorama,250,3.4940051846206188,3.4884,,1,0,0
Panorama,251,3.6341978702694178,3.6273,,1,0,0
Panorama,252,3.876296803355217,3.8675,,1,0,0
Panorama,253,4.1729025542736053,4.1691,,1,0,0
Panorama,254,3.6215987056493759,3.6197,,1,0,0
Panorama,255,3.9160004816949368,3.9102,,1,0,0
Panorama,256,3.3149023074656725,3.3068,,1,0,0
Panorama,257,4.556101281195879,4.5545,,1,0,0
Panorama,258,3.838095348328352,3.8283,,1,0,0
Panorama,259,4.0611037984490395,4.0569,,1,0,0
Panorama,260,3.4055979922413826,3.3989,,1,0,0
Panorama,261,4.108198918402195,4.1047,,1,0,0
Panorama,262,3.6646046210080385,3.6599,,1,0,0
Panorama,263,4.6339002437889576,4.6295,,1,0,0
Panorama,264,4.0077948942780495,4.0035,,1,0,0
Panorama,265,3.4084042999893427,3.4039,,1,0,0
Panorama,266,3.7054987624287605,3.6989,,1,0,0
Panorama,267,3.5491993185132742,3.5444,,1,0,0
Panorama,268,3.7692035548388958,3.7619,,1,0,0
Panorama,269,3.773894626647234,3.7672,,1,0,0
Panorama,270,3.7085034418851137,3.7031,,1,0,0
Panorama,271,3.8320012390613556,3.8336,,1,0,0
Panorama,272,3.2669005449861288,3.255,,1,0,0
Panorama,273,4.1167940944433212,4.112,,1,0,0
Panorama,274,4.2584040202200413,4.2555,,1,0,0
Panorama,275,4.5843962579965591,4.5803,,1,0,0
Panorama,276,4.4061010703444481,4.4004,,1,0,0
Panorama,277,3.8656038232147694,3.8619,,1,0,0
Panorama,278,3.2541949767619371,3.2508,,1,0,0
Panorama,279,4.1107991710305214,4.107,,1,0,0
Panorama,280,3.5375000443309546,3.529,,1,0,0
Panorama,281,3.6404053680598736,3.636,,1,0,0
Panorama,282,3.2300949096679688,3.2248,,1,0,0
Panorama,283,3.9437003433704376,3.9475,,1,0,0
Panorama,284,4.2012045159935951,4.1863,,1,0,0
Panorama,285,3.4232994075864553,3.4183,,1,0,0
Panorama,286,3.8660005666315556,3.862,,1,0,0
Panorama,287,3.9794007316231728,3.9795,,1,0,0
Panorama,288,3.9128968492150307,3.905,,1,0,0
Panorama,289,3.7388037890195847,3.7339,,1,0,0
Panorama,290,3.3967969939112663,3.3929,,1,0,0
Panorama,291,3.4873015247285366,3.4817,,1,0,0
Panorama,292,4.3806973844766617,4.3749,,1,0,0
Panorama,293,4.1034012101590633,4.0997,,1,0,0
Panorama,294,4.1986959986388683,4.1961,,1,0,0
Panorama,295,4.033602774143219,4.0332,,1,0,0
Panorama,296,3.5427012480795383,3.5331,,1,0,0
Panorama,297,4.4626984745264053,4.4594,,1,0,0
Panorama,298,3.5939980298280716,3.5884,,1,0,0
Panorama,299,3.8838009350001812,3.885,,1,0,0
Penetrations,0,20.309098064899445,20.3058,,1,1,1
Penetrations,1,3.844699589535594,3.8411,,1,1,1
Penetrations,2,3.0835033394396305,3.0797,,1,1,1
Penetrations,3,4.1176942177116871,4.1201,,1,1,1
Penetrations,4,3.1900014728307724,3.1785,,1,1,1
Penetrations,5,3.3720026258379221,3.3468,,1,1,1
Penetrations,6,3.2784014474600554,3.2756,,1,1,1
Penetrations,7,3.3901005517691374,3.3889,,1,1,1
Penetrations,8,3.7693949416279793,3.7653,,1,1,1
Penetrations,9,3.205201355740428,3.1997,,1,1,1
Penetrations,10,3.5844033118337393,3.5878,,1,1,1
Penetrations,11,2.963194390758872,2.9518,,1,1,1
Penetrations,12,3.6923044826835394,3.684,,1,2,2
Penetrations,13,4.15189890190959,4.1478,,1,2,2
Penetrations,14,2.9100978281348944,2.9108,,1,2,2
Penetrations,15,3.1451033428311348,3.1355,,1,2,2
Penetrations,16,3.0994969420135021,3.097,,1,2,2
Penetrations,17,3.958800807595253,3.954,,1,2,2
Penetrations,18,2.8483986388891935,2.8429,,1,2,2
Penetrations,19,3.4523031208664179,3.4496,,1,2,2
Penetrations,20,2.7801019605249166,2.7768,,1,2,2
Penetrations,21,3.5358986351639032,3.5334,,1,2,2
Penetrations,22,3.1552012078464031,3.1523,,1,2,2
Penetrations,23,2.716397400945425,2.7127,,1,2,2
Penetrations,24,25.169303640723228,25.1824,,1,3,3
Penetrations,25,3.3625001087784767,3.3445,,1,3,3
Penetrations,26,2.89689633063972,2.8909,,1,3,3
Penetrations,27,3.0675027519464493,3.064,,1,3,3
Penetrations,28,3.09820007532835,3.0929,,1,3,3
Penetrations,29,3.1098993495106697,3.1122,,1,3,3
Penetrations,30,2.8914965223520994,2.8816,,1,3,3
Penetrations,31,2.801601542159915,2.7987,,1,3,3
Penetrations,32,2.7961025480180979,2.7937,,1,3,3
Penetrations,33,2.8511974960565567,2.8509,,1,3,3
Penetrations,34,3.3044004812836647,3.2979,,1,3,3
Penetrations,35,5.8677010238170624,5.8646,,1,3,3
Penetrations,36,3.4696003422141075,3.4668,,1,4,4
Penetrations,37,2.7602962218225002,2.7587,,1,4,4
Penetrations,38,3.0674035660922527,3.0641,,1,4,4
Penetrations,39,2.9509991873055696,2.9478,,1,4,4
Penetrations,40,2.865299116820097,2.8626,,1,4,4
Penetrations,41,3.2305980566889048,3.2275,,1,4,4
Penetrations,42,3.5778982564806938,3.5751,,1,4,4
Penetrations,43,2.8895053546875715,2.8876,,1,4,4
Penetrations,44,4.4339001178741455,4.4312,,1,4,4
Penetrations,45,3.0705002136528492,3.0659,,1,4,4
Penetrations,46,2.9598001856356859,2.9549,,1,4,4
Penetrations,47,2.6531957555562258,2.6502,,1,4,4
Penetrations,48,6.6689979285001755,6.6659,,1,5,5
Penetrations,49,2.8901007026433945,2.8866,,1,5,5
Penetrations,50,2.6423044037073851,2.6396,,1,5,5
Penetrations,51,3.3377977088093758,3.334,,1,5,5
Penetrations,52,3.40780196711421,3.4049,,1,5,5
Penetrations,53,3.4741000272333622,3.4715,,1,5,5
Penetrations,54,2.629095921292901,2.6267,,1,5,5
Penetrations,55,2.8083049692213535,2.805,,1,5,5
Penetrations,56,2.7474986854940653,2.7447,,1,5,5
Penetrations,57,2.7207979001104832,2.7177,,1,5,5
Penetrations,58,3.3831987529993057,3.3822,,1,5,5
Penetrations,59,2.8837018180638552,2.879,,1,5,5
Penetrations,60,4.0319017134606838,4.029,,1,6,6
Penetrations,61,3.5976970102638006,3.5926,,1,6,6
Penetrations,62,5.6632016785442829,5.6669,,1,6,6
Penetrations,63,3.3374007325619459,3.3265,,1,6,6
Penetrations,64,3.4055979922413826,3.4016,,1,6,6
Penetrations,65,3.3267999533563852,3.3235,,1,6,6
Penetrations,66,3.5875991452485323,3.5821,,1,6,6
Penetrations,67,4.0130033157765865,4.0099,,1,6,6
Penetrations,68,3.5109976306557655,3.5069,,1,6,6
Penetrations,69,3.355605062097311,3.3514,,1,6,6
Penetrations,70,3.2482992392033339,3.2407,,1,6,6
Penetrations,71,3.6970947403460741,3.6981,,1,6,6
Penetrations,72,9.19780321419239,9.19,,1,7,7
Penetrations,73,4.4382014311850071,4.4344,,1,7,7
Penetrations,74,4.0437001734972,4.0397,,1,7,7
Penetrations,75,3.6316963378340006,3.6283,,1,7,7
Penetrations,76,3.5364015493541956,3.5323,,1,7,7
Penetrations,77,4.9851969815790653,4.9858,,1,7,7
Penetrations,78,3.5623016301542521,3.5546,,1,7,7
Penetrations,79,29.98640201985836,29.9857,,1,7,7
Penetrations,80,3.5609977785497904,3.5512,,1,7,7
Penetrations,81,3.1275013461709023,3.1201,,1,7,7
Penetrations,82,3.38239804841578,3.3781,,1,7,7
Penetrations,83,3.8855017628520727,3.8828,,1,7,7
Penetrations,84,4.2857993394136429,4.2806,,1,8,8
Penetrations,85,3.0771046876907349,3.074,,1,8,8
Penetrations,86,2.9716978315263987,2.9679,,1,8,8
Penetrations,87,4.4920989312231541,4.4938,,1,8,8
Penetrations,88,2.9811011627316475,2.9731,,1,8,8
Penetrations,89,3.4779973793774843,3.4765,,1,8,8
Penetrations,90,3.09559958986938,3.0912,,1,8,8
Penetrations,91,2.9875000473111868,2.9838,,1,8,8
Penetrations,92,3.3130031079053879,3.3093,,1,8,8
Penetrations,93,3.9837020449340343,3.9834,,1,8,8
Penetrations,94,2.963194390758872,2.9559,,1,8,8
Penetrations,95,2.9569019097834826,2.9576,,1,8,8
Penetrations,96,4.341701976954937,4.3341,,1,9,9
Penetrations,97,2.9204010497778654,2.9173,,1,9,9
Penetrations,98,3.24010057374835,3.2371,,1,9,9
Penetrations,99,2.8785998001694679,2.8742,,1,9,9
Penetrations,100,2.9033941682428122,2.9003,,1,9,9
Penetrations,101,3.6829011514782906,3.6805,,1,9,9
Penetrations,102,2.7867984026670456,2.7858,,1,9,9
Penetrations,103,3.1252054031938314,3.1175,,1,9,9
Penetrations,104,3.1426942441612482,3.1404,,1,9,9
Penetrations,105,3.0752054881304502,3.0709,,1,9,9
Penetrations,106,3.1894983258098364,3.1883,,1,9,9
Penetrations,107,3.2010984141379595,3.1966,,1,9,9
Penetrations,108,3.7287981249392033,3.7242,,1,10,10
Penetrations,109,3.1382015440613031,3.1344,,1,10,10
Penetrations,110,4.6274024061858654,4.6283,,1,10,10
Penetrations,111,2.7137966826558113,2.7068,,1,10,10
Penetrations,112,3.392502898350358,3.3889,,1,10,10
Penetrations,113,3.1774023082107306,3.1741,,1,10,10
Penetrations,114,2.7532950043678284,2.7504,,1,10,10
Penetrations,115,3.2400013878941536,3.2374,,1,10,10
Penetrations,116,3.1852039974182844,3.1845,,1,10,10
Penetrations,117,3.0154974665492773,3.0111,,1,10,10
Penetrations,118,3.3405965659767389,3.3345,,1,10,10
Penetrations,119,2.7442034333944321,2.7403,,1,10,10
Penetrations,120,4.1768993251025677,4.174,,1,11,11
Penetrations,121,3.4648030996322632,3.4614,,1,11,11
Penetrations,122,3.1613945029675961,3.1614,,1,11,11
Penetrations,123,2.9776997398585081,2.9716,,1,11,11
Penetrations,124,3.0205994844436646,3.0189,,1,11,11
Penetrations,125,2.9860048089176416,2.9784,,1,11,11
Penetrations,126,6.4181974157691,6.4169,,1,11,11
Penetrations,127,2.9513039626181126,2.944,,1,11,11
Penetrations,128,2.9971939511597157,2.9949,,1,11,11
Penetrations,129,4.2258999310433865,4.2226,,1,11,11
Penetrations,130,2.8178005013614893,2.8134,,1,11,11
Penetrations,131,2.8650013264268637,2.8634,,1,11,11
Penetrations,132,3.9268992841243744,3.9218,,1,12,12
Penetrations,133,2.6998016983270645,2.6981,,1,12,12
Penetrations,134,3.4328019246459007,3.43,,1,12,12
Penetrations,135,3.1447988003492355,3.1398,,1,12,12
Penetrations,136,2.6648030616343021,2.6595,,1,12,12
Penetrations,137,3.2655966933816671,3.2632,,1,12,12
Penetrations,138,2.7318026404827833,2.7315,,1,12,12
Penetrations,139,3.2839993946254253,3.2822,,1,12,12
Penetrations,140,3.2409012783318758,3.2313,,1,12,12
Penetrations,141,2.9080002568662167,2.9078,,1,12,12
Penetrations,142,2.725999103859067,2.7186,,1,12,12
Penetrations,143,3.3643990755081177,3.3609,,1,12,12
Penetrations,144,3.914498258382082,3.9123,,1,13,13
Penetrations,145,2.7799035888165236,2.7758,,1,13,13
Penetrations,146,2.9687995556741953,2.9694,,1,13,13
Penetrations,147,2.8039966709911823,2.7988,,1,13,13
Penetrations,148,2.83980299718678,2.8355,,1,13,13
Penetrations,149,3.1142998486757278,3.119,,1,13,13
Penetrations,150,3.2624008599668741,3.2515,,1,13,13
Penetrations,151,2.9270974919199944,2.9272,,1,13,13
Penetrations,152,3.0262968502938747,3.0168,,1,13,13
Penetrations,153,3.0113023240119219,3.0086,,1,13,13
Penetrations,154,3.43620334751904,3.4335,,1,13,13
Penetrations,155,3.1348993070423603,3.1319,,1,13,13
Penetrations,156,3.508496331050992,3.5045,,1,14,14
Penetrations,157,3.5980017855763435,3.5947,,1,14,14
Penetrations,158,2.5079010520130396,2.5056,,1,14,14
Penetrations,159,3.1816964037716389,3.1772,,1,14,14
Penetrations,160,2.8952027205377817,2.8905,,1,14,14
Penetrations,161,2.9565971344709396,2.9537,,1,14,14
Penetrations,162,2.664101542904973,2.6601,,1,14,14
Penetrations,163,2.5678996462374926,2.5653,,1,14,14
Penetrations,164,2.7791028842329979,2.7766,,1,14,14
Penetrations,165,3.4008999355137348,3.3976,,1,14,14
Penetrations,166,3.0442955903708935,3.0392,,1,14,14
Penetrations,167,3.7024021148681641,3.6981,,1,14,14
Penetrations,168,3.5375000443309546,3.5342,,1,15,15
Penetrations,169,2.634403295814991,2.6317,,1,15,15
Penetrations,170,3.3087939955294132,3.3062,,1,15,15
Penetrations,171,2.5486040394753218,2.5444,,1,15,15
Penetrations,172,2.6631022337824106,2.6597,,1,15,15
Penetrations,173,2.4977962020784616,2.4957,,1,15,15
Penetrations,174,2.63849925249815,2.6364,,1,15,15
Penetrations,175,3.2232000958174467,3.2189,,1,15,15
Penetrations,176,2.9232993256300688,2.9209,,1,15,15
Penetrations,177,2.793105086311698,2.7914,,1,15,15
Penetrations,178,2.4456987157464027,2.4403,,1,15,15
Penetrations,179,2.4997945874929428,2.4975,,1,15,15
Penetrations,180,4.2814058251678944,4.2783,,1,16,16
Penetrations,181,3.2639952842146158,3.263,,1,16,16
Penetrations,182,25.441404432058334,25.4392,,1,16,16
Penetrations,183,4.0387967601418495,4.0294,,1,16,16
Penetrations,184,3.1617984641343355,3.1582,,1,16,16
Penetrations,185,2.6480017695575953,2.6465,,1,16,16
Penetrations,186,3.0145975761115551,3.0019,,1,16,16
Penetrations,187,2.7175028808414936,2.711,,1,16,16
Penetrations,188,3.6463011056184769,3.6429,,1,16,16
Penetrations,189,3.169097239151597,3.1638,,1,16,16
Penetrations,190,2.6122024282813072,2.6091,,1,16,16
Penetrations,191,3.6742985248565674,3.6683,,1,16,16
Penetrations,192,3.6631023976951838,3.6599,,1,17,16
Penetrations,193,5.572399590164423,5.5715,,1,17,16
Penetrations,194,2.8212019242346287,2.8169,,1,17,16
Penetrations,195,3.1699971295893192,3.1652,,1,17,16
Penetrations,196,3.00170062109828,2.9976,,1,17,16
Penetrations,197,3.5346017684787512,3.5338,,1,17,16
Penetrations,198,3.4719954710453749,3.4683,,1,17,16
Penetrations,199,2.99570569768548,2.9907,,1,17,16
Penetrations,200,3.3662982750684023,3.3631,,1,17,16
Penetrations,201,3.2453017774969339,3.2423,,1,17,16
Penetrations,202,3.2152989879250526,3.2148,,1,17,16
Penetrations,203,2.7758006472140551,2.7734,,1,17,16
Penetrations,204,3.3283943776041269,3.3179,,1,18,16
Penetrations,205,2.8824049513787031,2.875,,1,18,16
Penetrations,206,3.3902989234775305,3.3869,,1,18,16
Penetrations,207,3.2031957525759935,3.1996,,1,18,16
Penetrations,208,2.8529053088277578,2.8543,,1,18,16
Penetrations,209,3.3910006750375032,3.3805,,1,18,16
Penetrations,210,2.9855938628315926,2.9811,,1,18,16
Penetrations,211,3.087606281042099,3.0829,,1,18,16
Penetrations,212,3.2215986866503954,3.2226,,1,18,16
Penetrations,213,2.5151006411761045,2.5077,,1,18,16
Penetrations,214,20.748298615217209,20.7495,,1,18,16
Penetrations,215,3.3927012700587511,3.3855,,1,18,16
Penetrations,216,3.6979946307837963,3.6933,,1,19,16
Penetrations,217,2.9198059346526861,2.9172,,1,19,16
Penetrations,218,2.62709753587842,2.6223,,1,19,16
Penetrations,219,3.0125000048428774,3.0062,,1,19,16
Penetrations,220,2.6597010437399149,2.6573,,1,19,16
Penetrations,221,3.2562003470957279,3.2522,,1,19,16
Penetrations,222,2.8378968127071857,2.8354,,1,19,16
Penetrations,223,2.7767007704824209,2.7706,,1,19,16
Penetrations,224,3.1034012790769339,3.098,,1,19,16
Penetrations,225,2.5026998482644558,2.5027,,1,19,16
Penetrations,226,3.1292021740227938,3.1228,,1,19,16
Penetrations,227,3.18069732747972,3.1765,,1,19,16
Penetrations,228,3.67750134319067,3.6748,,1,20,16
Penetrations,229,2.492198022082448,2.4888,,1,20,16
Penetrations,230,2.5449972599744797,2.5462,,1,20,16
Penetrations,231,2.5582057423889637,2.5571,,1,20,16
Penetrations,232,3.4755952656269073,3.4654,,1,20,16
Penetrations,233,2.7142006438225508,2.7123,,1,20,16
Penetrations,234,2.5655045174062252,2.5628,,1,20,16
Penetrations,235,2.6640943251550198,2.6618,,1,20,16
Penetrations,236,2.6173044461756945,2.616,,1,20,16
Penetrations,237,2.6029974687844515,2.5969,,1,20,16
Penetrations,238,2.8339002747088671,2.8337,,1,20,16
Penetrations,239,2.6357993483543396,2.6267,,1,20,16
Penetrations,240,2.6984978467226028,2.6953,,1,21,16
Penetrations,241,2.2750000935047865,2.2737,,1,21,16
Penetrations,242,2.2711025085300207,2.2661,,1,21,16
Penetrations,243,2.6305981446057558,2.6289,,1,21,16
Penetrations,244,2.4204009678214788,2.4165,,1,21,16
Penetrations,245,2.6732000987976789,2.6689,,1,21,16
Penetrations,246,2.5098994374275208,2.5078,,1,21,16
Penetrations,247,2.3344033397734165,2.3335,,1,21,16
Penetrations,248,2.6062997058033943,2.6014,,1,21,16
Penetrations,249,2.2768990602344275,2.2753,,1,21,16
Penetrations,250,2.5639031082391739,2.5643,,1,21,16
Penetrations,251,2.4760982487350702,2.4713,,1,21,16
Penetrations,252,2.8999007772654295,2.8978,,1,22,16
Penetrations,253,2.3040957748889923,2.301,,1,22,16
Penetrations,254,2.4456987157464027,2.445,,1,22,16
Penetrations,255,2.0460034720599651,2.0415,,1,22,16
Penetrations,256,2.7134991250932217,2.7136,,1,22,16
Penetrations,257,2.3115009535104036,2.3056,,1,22,16
Penetrations,258,2.2428005468100309,2.2435,,1,22,16
Penetrations,259,5.35260047763586,5.3534,,1,22,16
Penetrations,260,2.3725978098809719,2.3643,,1,22,16
Penetrations,261,2.3656038101762533,2.3621,,1,22,16
Penetrations,262,2.6861962396651506,2.6867,,1,22,16
Penetrations,263,2.4649021215736866,2.4596,,1,22,16
Penetrations,264,2.6596018578857183,2.6571,,1,23,16
Penetrations,265,2.4574971757829189,2.4544,,1,23,16
Penetrations,266,2.4560019373893738,2.4593,,1,23,16
Penetrations,267,2.4458970874547958,2.4382,,1,23,16
Penetrations,268,2.5089001283049583,2.5064,,1,23,16
Penetrations,269,2.5384000036865473,2.5386,,1,23,16
Penetrations,270,2.1680979989469051,2.1614,,1,23,16
Penetrations,271,2.5339003186672926,2.5323,,1,23,16
Penetrations,272,2.0971016492694616,2.096,,1,23,16
Penetrations,273,2.47920211404562,2.4752,,1,23,16
Penetrations,274,2.553996630012989,2.5483,,1,23,16
Penetrations,275,2.1758007351309061,2.173,,1,23,16
Penetrations,276,2.5736039970070124,2.5708,,1,24,16
Penetrations,277,2.6085954159498215,2.6097,,1,24,16
Penetrations,278,2.1057042758911848,2.0998,,1,24,16
Penetrations,279,2.1058956626802683,2.1055,,1,24,16
Penetrations,280,2.563598332926631,2.5612,,1,24,16
Penetrations,281,2.3292021360248327,2.323,,1,24,16
Penetrations,282,2.4250992573797703,2.4283,,1,24,16
Penetrations,283,2.25750426761806,2.2491,,1,24,16
Penetrations,284,2.3309949319809675,2.3318,,1,24,16
Penetrations,285,2.4723992682993412,2.4652,,1,24,16
Penetrations,286,2.1004038862884045,2.0982,,1,24,16
Penetrations,287,2.182497177273035,2.1853,,1,24,16
Penetrations,288,3.0373015906661749,3.0282,,1,25,16
Penetrations,289,2.202402101829648,2.1988,,1,25,16
Penetrations,290,2.5734978262335062,2.5713,,1,25,16
Penetrations,291,1.8970025703310966,1.8947,,1,25,16
Penetrations,292,2.1076956763863564,2.1095,,1,25,16
Penetrations,293,2.3419004864990711,2.3349,,1,25,16
Penetrations,294,2.6682042516767979,2.6665,,1,25,16
Penetrations,295,4.9147959798574448,4.9114,,1,25,16
Penetrations,296,2.0370038691908121,2.0328,,1,25,16
Penetrations,297,2.1598001476377249,2.1604,,1,25,16
Penetrations,298,2.2601969540119171,2.2558,,1,25,16
Penetrations,299,2.3639029823243618,2.3612,,1,25,16
ReflectionRefresh,0,2.78039975091815,2.7808,,1,0,0
ReflectionRefresh,1,2.5280965492129326,2.5312,,1,0,0
ReflectionRefresh,2,2.7932042721658945,2.7785,,1,0,0
ReflectionRefresh,3,3.3110969234257936,3.3131,,1,0,0
ReflectionRefresh,4,2.8660998214036226,2.8569,,1,0,0
ReflectionRefresh,5,2.5761974975466728,2.5769,,1,0,0
ReflectionRefresh,6,2.8910997789353132,2.885,,1,0,0
ReflectionRefresh,7,2.9159013647586107,2.9148,,1,0,0
ReflectionRefresh,8,2.953103743493557,2.9514,,1,0,0
ReflectionRefresh,9,3.0155966524034739,3.0082,,1,0,0
ReflectionRefresh,10,2.6995039079338312,2.6984,,1,0,0
ReflectionRefresh,11,3.3749009016901255,3.3724,,1,0,0
ReflectionRefresh,12,2.8917943127453327,2.8854,,1,0,0
ReflectionRefresh,13,3.3061010763049126,3.3031,,1,0,0
ReflectionRefresh,14,3.5348993260413408,3.5343,,1,0,0
ReflectionRefresh,15,2.7704010717570782,2.7631,,1,0,0
ReflectionRefresh,16,3.2522038090974092,3.2514,,1,0,0
ReflectionRefresh,17,2.895797835662961,2.8863,,1,0,0
ReflectionRefresh,18,4.35109855607152,4.3487,,1,0,0
ReflectionRefresh,19,3.3814979251474142,3.3748,,1,0,0
ReflectionRefresh,20,3.8279052823781967,3.8232,,1,0,0
ReflectionRefresh,21,2.9796981252729893,2.9789,,1,0,0
ReflectionRefresh,22,3.6991992965340614,3.6939,,1,0,0
ReflectionRefresh,23,2.9068028088659048,2.9034,,1,0,0
ReflectionRefresh,24,3.3481009304523468,3.3434,,1,0,0
ReflectionRefresh,25,3.1447988003492355,3.1402,,1,0,0
ReflectionRefresh,26,3.1252976041287184,3.1195,,1,0,0
ReflectionRefresh,27,3.8350978866219521,3.8312,,1,0,0
ReflectionRefresh,28,3.5735047422349453,3.5747,,1,0,0
ReflectionRefresh,29,3.0125000048428774,3.0035,,1,0,0
ReflectionRefresh,30,3.2241991721093655,3.2235,,1,0,0
ReflectionRefresh,31,3.1178004574030638,3.1124,,1,0,0
ReflectionRefresh,32,3.3232001587748528,3.3208,,1,0,0
ReflectionRefresh,33,2.9732000548392534,2.9657,,1,0,0
ReflectionRefresh,34,3.0000000260770321,3.0027,,1,0,0
ReflectionRefresh,35,3.2098994124680758,3.1994,,1,0,0
ReflectionRefresh,36,2.9870960861444473,2.9892,,1,0,0
ReflectionRefresh,37,4.1865999810397625,4.1768,,1,0,0
ReflectionRefresh,38,2.8596017509698868,2.8559,,1,0,0
ReflectionRefresh,39,3.7735968362540007,3.7755,,1,0,0
ReflectionRefresh,40,3.1849064398556948,3.1759,,1,0,0
ReflectionRefresh,41,3.6572988610714674,3.6539,,1,0,0
ReflectionRefresh,42,3.2500000670552254,3.2554,,1,0,0
ReflectionRefresh,43,3.5202947910875082,3.5102,,1,0,0
ReflectionRefresh,44,3.0121032614260912,3.0042,,1,0,0
ReflectionRefresh,45,3.3027990721166134,3.2995,,1,0,0
ReflectionRefresh,46,4.1138040833175182,4.115,,1,0,0
ReflectionRefresh,47,3.2705003395676613,3.2633,,1,0,0
ReflectionRefresh,48,2.9858986381441355,2.9837,,1,0,0
ReflectionRefresh,49,3.5277989227324724,3.5244,,1,0,0
ReflectionRefresh,50,3.763499204069376,3.7604,,1,0,0
ReflectionRefresh,51,3.5233984235674143,3.5215,,1,0,0
ReflectionRefresh,52,3.2690051011741161,3.259,,1,0,0
ReflectionRefresh,53,3.5619968548417091,3.563,,1,0,0
ReflectionRefresh,54,3.2912981696426868,3.2822,,1,0,0
ReflectionRefresh,55,4.4606011360883713,4.4566,,1,0,0
ReflectionRefresh,56,3.2346018124371767,3.2319,,1,0,0
ReflectionRefresh,57,3.2591978088021278,3.2554,,1,0,0
ReflectionRefresh,58,3.3290036953985691,3.3234,,1,0,0
ReflectionRefresh,59,3.3324970863759518,3.3299,,1,0,0
ReflectionRefresh,60,3.1607993878424168,3.1562,,1,0,0
ReflectionRefresh,61,3.1020974274724722,3.0985,,1,0,0
ReflectionRefresh,62,3.1997023615986109,3.1965,,1,0,0
ReflectionRefresh,63,2.9187996406108141,2.9161,,1,0,0
ReflectionRefresh,64,6.8244049325585365,6.8208,,1,0,0
ReflectionRefresh,65,3.6527989432215691,3.6497,,1,0,0
ReflectionRefresh,66,3.4354946110397577,3.4306,,1,0,0
ReflectionRefresh,67,4.4450042769312859,4.4403,,1,0,0
ReflectionRefresh,68,3.6948979832232,3.691,,1,0,0
ReflectionRefresh,69,3.7763039581477642,3.7728,,1,0,0
ReflectionRefresh,70,3.5043933894485235,3.4996,,1,0,0
ReflectionRefresh,71,3.9575044065713882,3.9543,,1,0,0
ReflectionRefresh,72,3.4776998218148947,3.4738,,1,0,0
ReflectionRefresh,73,3.4609977155923843,3.4572,,1,0,0
ReflectionRefresh,74,3.1987032853066921,3.196,,1,0,0
ReflectionRefresh,75,3.1098993495106697,3.1065,,1,0,0
ReflectionRefresh,76,3.7616000045090914,3.7567,,1,0,0
ReflectionRefresh,77,3.5552012268453836,3.551,,1,0,0
ReflectionRefresh,78,3.4579010680317879,3.4558,,1,0,0
ReflectionRefresh,79,3.512195311486721,3.5081,,1,0,0
ReflectionRefresh,80,3.9007016457617283,3.9008,,1,0,0
ReflectionRefresh,81,3.3140021841973066,3.314,,1,0,0
ReflectionRefresh,82,3.7682964466512203,3.7546,,1,0,0
ReflectionRefresh,83,3.5194018855690956,3.5156,,1,0,0
ReflectionRefresh,84,27.030102908611298,27.0274,,1,0,0
ReflectionRefresh,85,22.774795070290565,22.7765,,1,0,0
ReflectionRefresh,86,16.533900052309036,16.5263,,1,0,0
ReflectionRefresh,87,3.8637046236544847,3.8572,,1,0,0
ReflectionRefresh,88,3.909197635948658,3.9018,,1,0,0
ReflectionRefresh,89,3.3712019212543964,3.3665,,1,0,0
ReflectionRefresh,90,2.7758006472140551,2.7761,,1,0,0
ReflectionRefresh,91,3.9651007391512394,3.9588,,1,0,0
ReflectionRefresh,92,2.3984976578503847,2.3929,,1,0,0
ReflectionRefresh,93,5.4359976202249527,5.4374,,1,0,0
ReflectionRefresh,94,2.5732992216944695,2.5694,,1,0,0
ReflectionRefresh,95,2.7884992305189371,2.7818,,1,0,0
ReflectionRefresh,96,2.8940050397068262,2.8938,,1,0,0
ReflectionRefresh,97,2.7068948838859797,2.7054,,1,0,0
ReflectionRefresh,98,2.6913052424788475,2.6863,,1,0,0
ReflectionRefresh,99,2.5350977666676044,2.5291,,1,0,0
ReflectionRefresh,100,2.5857994332909584,2.5844,,1,0,0
ReflectionRefresh,101,2.8776999097317457,2.8729,,1,0,0
ReflectionRefresh,102,2.548497635871172,2.5475,,1,0,0
ReflectionRefresh,103,5.208900198340416,5.2081,,1,0,0
ReflectionRefresh,104,2.4625000078231096,2.4547,,1,0,0
ReflectionRefresh,105,2.5780044961720705,2.5796,,1,0,0
ReflectionRefresh,106,3.1737952958792448,3.1696,,1,0,0
ReflectionRefresh,107,3.2267007045447826,3.2233,,1,0,0
ReflectionRefresh,108,2.2161989472806454,2.2109,,1,0,0
ReflectionRefresh,109,2.7530044317245483,2.7543,,1,0,0
ReflectionRefresh,110,2.87109543569386,2.8657,,1,0,0
ReflectionRefresh,111,2.6258998550474644,2.6234,,1,0,0
ReflectionRefresh,112,3.4116001334041357,3.4393,,1,0,0
ReflectionRefresh,113,2.7615008875727654,2.723,,1,0,0
ReflectionRefresh,114,3.5343042109161615,3.5341,,1,0,0
ReflectionRefresh,115,2.578195882961154,2.5721,,1,0,0
ReflectionRefresh,116,2.6399022899568081,2.6387,,1,0,0
ReflectionRefresh,117,3.6612031981348991,3.6592,,1,0,0
ReflectionRefresh,118,2.5014951825141907,2.4946,,1,0,0
ReflectionRefresh,119,3.2670989166945219,3.2675,,1,0,0
ReflectionRefresh,120,2.2967050317674875,2.2909,,1,0,0
ReflectionRefresh,121,9.4144986942410469,9.4156,,1,0,0
ReflectionRefresh,122,2.6982992421835661,2.6957,,1,0,0
ReflectionRefresh,123,2.3946994915604591,2.3895,,1,0,0
ReflectionRefresh,124,2.6964002754539251,2.696,,1,0,0
ReflectionRefresh,125,2.17259768396616,2.1663,,1,0,0
ReflectionRefresh,126,3.6689059343189,3.6682,,1,0,0
ReflectionRefresh,127,2.3886975832283497,2.3823,,1,0,0
ReflectionRefresh,128,2.4294997565448284,2.428,,1,0,0
ReflectionRefresh,129,3.3718962222337723,3.3688,,1,0,0
ReflectionRefresh,130,2.154400572180748,2.151,,1,0,0
ReflectionRefresh,131,2.7372024487704039,2.7354,,1,0,0
ReflectionRefresh,132,3.767198184505105,3.7611,,1,0,0
ReflectionRefresh,133,2.5431050453335047,2.5404,,1,0,0
ReflectionRefresh,134,2.7135983109474182,2.7094,,1,0,0
ReflectionRefresh,135,2.4069019127637148,2.4058,,1,0,0
ReflectionRefresh,136,2.5726968888193369,2.5678,,1,0,0
ReflectionRefresh,137,2.4008008185774088,2.4008,,1,0,0
ReflectionRefresh,138,2.8777990955859423,2.8736,,1,0,0
ReflectionRefresh,139,2.6166029274463654,2.6131,,1,0,0
ReflectionRefresh,140,2.9614937957376242,2.9594,,1,0,0
ReflectionRefresh,141,2.4843041319400072,2.4784,,1,0,0
ReflectionRefresh,142,2.5464994832873344,2.5441,,1,0,0
ReflectionRefresh,143,2.9821996577084064,2.9795,,1,0,0
ReflectionRefresh,144,2.8174035251140594,2.8105,,1,0,0
ReflectionRefresh,145,2.5825963821262121,2.5815,,1,0,0
ReflectionRefresh,146,2.560097724199295,2.5568,,1,0,0
ReflectionRefresh,147,3.1093042343854904,3.1185,,1,0,0
ReflectionRefresh,148,2.5523952208459377,2.5363,,1,0,0
ReflectionRefresh,149,3.0616000294685364,3.06,,1,0,0
ReflectionRefresh,150,3.310005646198988,3.3104,,1,0,0
ReflectionRefresh,151,2.5416950229555368,2.5364,,1,0,0
ReflectionRefresh,152,3.041198942810297,3.0416,,1,0,0
ReflectionRefresh,153,2.4657030589878559,2.4631,,1,0,0
ReflectionRefresh,154,2.6178995613008738,2.6101,,1,0,0
ReflectionRefresh,155,2.9805980157107115,2.9771,,1,0,0
ReflectionRefresh,156,2.6847010012716055,2.6811,,1,0,0
ReflectionRefresh,157,2.6435020845383406,2.6394,,1,0,0
ReflectionRefresh,158,3.8743976037949324,3.8694,,1,0,0
ReflectionRefresh,159,2.6142999995499849,2.6094,,1,0,0
ReflectionRefresh,160,3.1973002478480339,3.2136,,1,0,0
ReflectionRefresh,161,3.0142005998641253,2.9814,,1,0,0
ReflectionRefresh,162,2.7451035566627979,2.7389,,1,0,0
ReflectionRefresh,163,2.6589003391563892,2.6597,,1,0,0
ReflectionRefresh,164,3.5737953148782253,3.5691,,1,0,0
ReflectionRefresh,165,2.6557042729109526,2.654,,1,0,0
ReflectionRefresh,166,2.9555980581790209,2.9464,,1,0,0
ReflectionRefresh,167,2.4813988711684942,2.4792,,1,0,0
ReflectionRefresh,168,2.6589003391563892,2.6596,,1,0,0
ReflectionRefresh,169,2.7589001692831516,2.7509,,1,0,0
ReflectionRefresh,170,2.5489015970379114,2.5489,,1,0,0
ReflectionRefresh,171,2.7939979918301105,2.7896,,1,0,0
ReflectionRefresh,172,3.6814981140196323,3.6806,,1,0,0
ReflectionRefresh,173,2.822300186380744,2.8151,,1,0,0
ReflectionRefresh,174,2.8596017509698868,2.8619,,1,0,0
ReflectionRefresh,175,2.805300522595644,2.7984,,1,0,0
ReflectionRefresh,176,2.8754039667546749,2.8691,,1,0,0
ReflectionRefresh,177,2.9923964757472277,2.9897,,1,0,0
ReflectionRefresh,178,2.6424035895615816,2.64,,1,0,0
ReflectionRefresh,179,2.5942956563085318,2.5899,,1,0,0
ReflectionRefresh,180,2.6218041311949492,2.6185,,1,0,0
ReflectionRefresh,181,2.6646966580301523,2.6616,,1,0,0
ReflectionRefresh,182,4.1196993552148342,4.1176,,1,0,0
ReflectionRefresh,183,2.455002861097455,2.4485,,1,0,0
ReflectionRefresh,184,3.6185940261930227,3.6195,,1,0,0
ReflectionRefresh,185,2.8418013826012611,2.8352,,1,0,0
ReflectionRefresh,186,2.8116991743445396,2.8121,,1,0,0
ReflectionRefresh,187,3.2747024670243263,3.2722,,1,0,0
ReflectionRefresh,188,2.4773029144853354,2.4576,,1,0,0
ReflectionRefresh,189,3.0835955403745174,3.0843,,1,0,0
ReflectionRefresh,190,2.4663051590323448,2.4622,,1,0,0
ReflectionRefresh,191,2.9232993256300688,2.9231,,1,0,0
ReflectionRefresh,192,3.0591979157179594,3.0523,,1,0,0
ReflectionRefresh,193,2.5877975858747959,2.5881,,1,0,0
ReflectionRefresh,194,2.815603744238615,2.8145,,1,0,0
ReflectionRefresh,195,2.6785004884004593,2.6734,,1,0,0
ReflectionRefresh,196,2.3832980077713728,2.3823,,1,0,0
ReflectionRefresh,197,2.9570010956376791,2.9534,,1,0,0
ReflectionRefresh,198,2.6752976700663567,2.6697,,1,0,0
ReflectionRefresh,199,2.89649935439229,2.8974,,1,0,0
ReflectionRefresh,200,2.7312994934618473,2.7241,,1,0,0
ReflectionRefresh,201,2.662301529198885,2.6625,,1,0,0
ReflectionRefresh,202,2.6123016141355038,2.6061,,1,0,0
ReflectionRefresh,203,3.3502976875752211,3.3479,,1,0,0
ReflectionRefresh,204,3.4660997334867716,3.4652,,1,0,0
ReflectionRefresh,205,2.877501305192709,2.8746,,1,0,0
ReflectionRefresh,206,3.0742983799427748,3.0693,,1,0,0
ReflectionRefresh,207,2.6180981658399105,2.611,,1,0,0
ReflectionRefresh,208,3.7275014910846949,3.7279,,1,0,0
ReflectionRefresh,209,2.6289045345038176,2.6209,,1,0,0
ReflectionRefresh,210,2.87679978646338,2.8735,,1,0,0
ReflectionRefresh,211,2.8265942819416523,2.8276,,1,0,0
ReflectionRefresh,212,2.5740007404237986,2.5678,,1,0,0
ReflectionRefresh,213,2.6439058128744364,2.643,,1,0,0
ReflectionRefresh,214,3.3965986222028732,3.3928,,1,0,0
ReflectionRefresh,215,2.6104946155101061,2.6043,,1,0,0
ReflectionRefresh,216,2.6055059861391783,2.6058,,1,0,0
ReflectionRefresh,217,2.6796981692314148,2.6772,,1,0,0
ReflectionRefresh,218,2.7281958609819412,2.724,,1,0,0
ReflectionRefresh,219,2.6030044537037611,2.6022,,1,0,0
ReflectionRefresh,220,3.0585955828428268,3.0546,,1,0,0
ReflectionRefresh,221,2.557405037805438,2.5555,,1,0,0
ReflectionRefresh,222,2.5770976208150387,2.5727,,1,0,0
ReflectionRefresh,223,3.95860243588686,3.9559,,1,0,0
ReflectionRefresh,224,2.8543013613671064,2.8503,,1,0,0
ReflectionRefresh,225,2.7711947914212942,2.7666,,1,0,0
ReflectionRefresh,226,3.4292021300643682,3.4249,,1,0,0
ReflectionRefresh,227,2.7360969688743353,2.7314,,1,0,0
ReflectionRefresh,228,2.556901890784502,2.5559,,1,0,0
ReflectionRefresh,229,2.9060018714517355,2.8986,,1,0,0
ReflectionRefresh,230,3.0116001144051552,3.0079,,1,0,0
ReflectionRefresh,231,2.4477962870150805,2.4495,,1,0,0
ReflectionRefresh,232,2.8546059038490057,2.8515,,1,0,0
ReflectionRefresh,233,2.70359986461699,2.6984,,1,0,0
ReflectionRefresh,234,2.7103954926133156,2.705,,1,0,0
ReflectionRefresh,235,2.7757014613598585,3.0381,,1,0,0
ReflectionRefresh,236,2.7741000521928072,2.5056,,1,0,0
ReflectionRefresh,237,2.688300795853138,2.6896,,1,0,0
ReflectionRefresh,238,2.6450962759554386,2.6412,,1,0,0
ReflectionRefresh,239,2.545500174164772,2.5536,,1,0,0
ReflectionRefresh,240,2.9601049609482288,2.9305,,1,0,0
ReflectionRefresh,241,2.655697287991643,2.6507,,1,0,0
ReflectionRefresh,242,5.2858986891806126,5.2822,,1,0,0
ReflectionRefresh,243,2.70930421538651,2.7073,,1,0,0
ReflectionRefresh,244,3.2173965591937304,3.2186,,1,0,0
ReflectionRefresh,245,2.8562995139509439,2.8503,,1,0,0
ReflectionRefresh,246,2.7257015462964773,2.7228,,1,0,0
ReflectionRefresh,247,4.0446994826197624,4.0458,,1,0,0
ReflectionRefresh,248,2.793898805975914,2.7856,,1,0,0
ReflectionRefresh,249,2.6742983609437943,2.6744,,1,0,0
ReflectionRefresh,250,2.6192034129053354,2.6166,,1,0,0
ReflectionRefresh,251,3.05279903113842,3.0499,,1,0,0
ReflectionRefresh,252,2.7779974043369293,2.7748,,1,0,0
ReflectionRefresh,253,2.615001518279314,2.6116,,1,0,0
ReflectionRefresh,254,2.8830994851887226,2.8784,,1,0,0
ReflectionRefresh,255,2.3127053864300251,2.3088,,1,0,0
ReflectionRefresh,256,3.5983985289931297,3.5978,,1,0,0
ReflectionRefresh,257,2.6504960842430592,2.6458,,1,0,0
ReflectionRefresh,258,2.6553997304290533,2.6482,,1,0,0
ReflectionRefresh,259,3.1178996432572603,3.1243,,1,0,0
ReflectionRefresh,260,2.8209041338413954,2.8099,,1,0,0
ReflectionRefresh,261,2.5964993983507156,2.5947,,1,0,0
ReflectionRefresh,262,2.5010984390974045,2.4947,,1,0,0
ReflectionRefresh,263,3.2554988283663988,3.2562,,1,0,0
ReflectionRefresh,264,2.5449050590395927,2.5403,,1,0,0
ReflectionRefresh,265,2.603599801659584,2.5996,,1,0,0
ReflectionRefresh,266,2.8580003418028355,2.8507,,1,0,0
ReflectionRefresh,267,2.708496293053031,2.7032,,1,0,0
ReflectionRefresh,268,2.9383008368313313,2.9384,,1,0,0
ReflectionRefresh,269,3.5812004934996367,3.5795,,1,0,0
ReflectionRefresh,270,2.8385983314365149,2.8309,,1,0,0
ReflectionRefresh,271,2.5832979008555412,2.5838,,1,0,0
ReflectionRefresh,272,2.5408021174371243,2.5356,,1,0,0
ReflectionRefresh,273,2.9816043097525835,2.9781,,1,0,0
ReflectionRefresh,274,2.5692956987768412,2.5713,,1,0,0
ReflectionRefresh,275,2.86250002682209,2.855,,1,0,0
ReflectionRefresh,276,2.646598732098937,2.6427,,1,0,0
ReflectionRefresh,277,2.8952027205377817,2.8945,,1,0,0
ReflectionRefresh,278,2.7456986717879772,2.7387,,1,0,0
ReflectionRefresh,279,2.7641013730317354,2.7639,,1,0,0
ReflectionRefresh,280,2.9483984690159559,2.9448,,1,0,0
ReflectionRefresh,281,2.4081987794488668,2.4023,,1,0,0
ReflectionRefresh,282,2.7997023425996304,2.8017,,1,0,0
ReflectionRefresh,283,3.0972009990364313,3.0872,,1,0,0
ReflectionRefresh,284,2.97629670239985,2.975,,1,0,0
ReflectionRefresh,285,3.1141014769673347,3.1112,,1,0,0
ReflectionRefresh,286,2.7652990538626909,2.7619,,1,0,0
ReflectionRefresh,287,2.8884990606456995,2.8827,,1,0,0
ReflectionRefresh,288,3.6329010035842657,3.6316,,1,0,0
ReflectionRefresh,289,2.8155045583844185,2.8085,,1,0,0
ReflectionRefresh,290,2.8774943202733994,2.8759,,1,0,0
ReflectionRefresh,291,2.6610048953443766,2.6565,,1,0,0
ReflectionRefresh,292,2.6690971571952105,2.6669,,1,0,0
ReflectionRefresh,293,2.6804988738149405,2.6764,,1,0,0
ReflectionRefresh,294,2.5788052007555962,2.572,,1,0,0
ReflectionRefresh,295,3.1613945029675961,3.1618,,1,0,0
ReflectionRefresh,296,2.5167020503431559,2.5139,,1,0,0
ReflectionRefresh,297,2.8418013826012611,2.8375,,1,0,0
ReflectionRefresh,298,2.5210955645889044,2.5201,,1,0,0
ReflectionRefresh,299,2.6486041024327278,2.6423,,1,0,0
ReflectionRefresh,300,3.20639880374074,3.2067,,1,0,0
ReflectionRefresh,301,3.0811012256890535,3.0751,,1,0,0
ReflectionRefresh,302,2.7668012771755457,2.762,,1,0,0
ReflectionRefresh,303,3.0375991482287645,3.036,,1,0,0
ReflectionRefresh,304,2.6151007041335106,2.6114,,1,0,0
ReflectionRefresh,305,2.8469953685998917,2.842,,1,0,0
ReflectionRefresh,306,3.1459042802453041,3.1465,,1,0,0
ReflectionRefresh,307,2.3999006953090429,2.3937,,1,0,0
ReflectionRefresh,308,2.855194266885519,2.8533,,1,0,0
ReflectionRefresh,309,2.9226047918200493,2.9158,,1,0,0
ReflectionRefresh,310,2.5920988991856575,2.5885,,1,0,0
ReflectionRefresh,311,3.1703019049018621,3.1674,,1,0,0
ReflectionRefresh,312,3.3815971110016108,3.3809,,1,0,0
ReflectionRefresh,313,2.6421982329338789,2.6372,,1,0,0
ReflectionRefresh,314,2.7361039537936449,2.7335,,1,0,0
ReflectionRefresh,315,3.3858984243124723,3.3847,,1,0,0
ReflectionRefresh,316,2.7229024562984705,2.7174,,1,0,0
ReflectionRefresh,317,3.3315971959382296,3.3295,,1,0,0
ReflectionRefresh,318,2.6383998338133097,2.6346,,1,0,0
ReflectionRefresh,319,2.6833971496671438,2.6813,,1,0,0
ReflectionRefresh,320,2.9288053046911955,2.9301,,1,0,0
ReflectionRefresh,321,2.9070011805742979,2.8974,,1,0,0
ReflectionRefresh,322,2.9493977781385183,2.9465,,1,0,0
ReflectionRefresh,323,2.9850977007299662,2.9873,,1,0,0
ReflectionRefresh,324,2.8384991455823183,2.8341,,1,0,0
ReflectionRefresh,325,2.7776006609201431,2.7716,,1,0,0
ReflectionRefresh,326,2.5191043969243765,2.5155,,1,0,0
ReflectionRefresh,327,3.1246952712535858,3.1258,,1,0,0
ReflectionRefresh,328,2.48480006121099,2.4783,,1,0,0
ReflectionRefresh,329,3.4880030434578657,3.4883,,1,0,0
ReflectionRefresh,330,2.6721018366515636,2.6633,,1,0,0
ReflectionRefresh,331,2.8507935348898172,2.8511,,1,0,0
ReflectionRefresh,332,2.8709042817354202,2.868,,1,0,0
ReflectionRefresh,333,3.6740007344633341,3.6691,,1,0,0
ReflectionRefresh,334,2.6249007787555456,2.6182,,1,0,0
ReflectionRefresh,335,2.888399874791503,2.8836,,1,0,0
ReflectionRefresh,336,2.8491001576185226,2.8503,,1,0,0
ReflectionRefresh,337,2.5923964567482471,2.5866,,1,0,0
ReflectionRefresh,338,2.9067036230117083,2.9056,,1,0,0
ReflectionRefresh,339,3.631094004958868,3.6272,,1,0,0
ReflectionRefresh,340,2.613704651594162,2.6073,,1,0,0
ReflectionRefresh,341,2.7954010292887688,2.796,,1,0,0
ReflectionRefresh,342,2.8341978322714567,2.8306,,1,0,0
ReflectionRefresh,343,2.8782030567526817,2.8723,,1,0,0
ReflectionRefresh,344,3.0428997706621885,3.0429,,1,0,0
ReflectionRefresh,345,2.6390943676233292,2.6374,,1,0,0
ReflectionRefresh,346,2.6675027329474688,2.6628,,1,0,0
ReflectionRefresh,347,2.9471018351614475,2.9413,,1,0,0
ReflectionRefresh,348,2.9106009751558304,2.9068,,1,0,0
ReflectionRefresh,349,3.5192957147955894,3.5201,,1,0,0
ReflectionRefresh,350,2.9625992756336927,2.9559,,1,0,0
ReflectionRefresh,351,3.1145054381340742,3.1212,,1,0,0
ReflectionRefresh,352,3.0123936012387276,2.9943,,1,0,0
ReflectionRefresh,353,2.9065050184726715,2.9035,,1,0,0
ReflectionRefresh,354,2.7500991709530354,2.7492,,1,0,0
ReflectionRefresh,355,2.6785996742546558,2.6776,,1,0,0
ReflectionRefresh,356,2.7111961971968412,2.7051,,1,0,0
ReflectionRefresh,357,2.8553004376590252,2.8541,,1,0,0
ReflectionRefresh,358,2.46220245026052,2.4554,,1,0,0
ReflectionRefresh,359,3.7692035548388958,3.7703,,1,0,0
ReflectionRefresh,360,2.552699763327837,2.5468,,1,0,0
ReflectionRefresh,361,2.9280965682119131,2.9295,,1,0,0
ReflectionRefresh,362,2.6063988916575909,2.6033,,1,0,0
ReflectionRefresh,363,2.770004328340292,2.765,,1,0,0
ReflectionRefresh,364,2.7228954713791609,2.7126,,1,0,0
ReflectionRefresh,365,3.3585033379495144,3.3572,,1,0,0
ReflectionRefresh,366,2.4605016224086285,2.4605,,1,0,0
ReflectionRefresh,367,2.7941963635385036,2.7906,,1,0,0
ReflectionRefresh,368,3.2322986517101526,3.2295,,1,0,0
ReflectionRefresh,369,2.6034014299511909,2.5998,,1,0,0
ReflectionRefresh,370,2.9128969181329012,2.9088,,1,0,0
ReflectionRefresh,371,2.7884000446647406,2.7857,,1,0,0
ReflectionRefresh,372,2.50460603274405,2.4991,,1,0,0
ReflectionRefresh,373,3.2062004320323467,3.2047,,1,0,0
ReflectionRefresh,374,2.9067955911159515,2.9025,,1,0,0
ReflectionRefresh,375,2.9608984477818012,2.952,,1,0,0
ReflectionRefresh,376,2.9962018597871065,2.9989,,1,0,0
ReflectionRefresh,377,2.7678003534674644,2.7631,,1,0,0
ReflectionRefresh,378,2.7386974543333054,2.7365,,1,0,0
ReflectionRefresh,379,2.6187996845692396,2.616,,1,0,0
ReflectionRefresh,380,2.784006530418992,2.7802,,1,0,0
ReflectionRefresh,381,4.8862951807677746,4.8874,,1,0,0
ReflectionRefresh,382,6.3098995015025139,6.2853,,1,0,0
ReflectionRefresh,383,3.1721016857773066,3.1756,,1,0,0
ReflectionRefresh,384,7.7496031299233437,7.734,,1,0,0
ReflectionRefresh,385,3.1765943858772516,3.176,,1,0,0
ReflectionRefresh,386,4.1133998893201351,4.1126,,1,0,0
ReflectionRefresh,387,3.161699278280139,3.1504,,1,0,0
ReflectionRefresh,388,3.4894060809165239,3.4891,,1,0,0
ReflectionRefresh,389,3.7033942062407732,3.6988,,1,0,0
ReflectionRefresh,390,2.9294996056705713,2.9225,,1,0,0
ReflectionRefresh,391,2.8913053683936596,2.8918,,1,0,0
ReflectionRefresh,392,2.9975976794958115,2.9868,,1,0,0
ReflectionRefresh,393,5.3348001092672348,5.336,,1,0,0
ReflectionRefresh,394,3.0687004327774048,3.0612,,1,0,0
ReflectionRefresh,395,2.6735968422144651,2.6705,,1,0,0
ReflectionRefresh,396,3.6366991698741913,3.6363,,1,0,0
ReflectionRefresh,397,3.2857002224773169,3.2804,,1,0,0
ReflectionRefresh,398,3.0692035797983408,3.0696,,1,0,0
ReflectionRefresh,399,2.620599465444684,2.6139,,1,0,0
ReflectionRefresh,400,2.8309028130024672,2.8322,,1,0,0
ReflectionRefresh,401,2.8201956301927567,2.819,,1,0,0
ReflectionRefresh,402,3.969402052462101,3.9635,,1,0,0
ReflectionRefresh,403,2.5856008287519217,2.5783,,1,0,0
ReflectionRefresh,404,2.8474985156208277,2.8463,,1,0,0
ReflectionRefresh,405,3.2892997842282057,3.2856,,1,0,0
ReflectionRefresh,406,2.8320010751485825,2.826,,1,0,0
ReflectionRefresh,407,3.2417019829154015,3.2419,,1,0,0
ReflectionRefresh,408,3.2172973733395338,3.2136,,1,0,0
ReflectionRefresh,409,2.5734978262335062,2.5677,,1,0,0
ReflectionRefresh,410,3.1642999965697527,3.1655,,1,0,0
ReflectionRefresh,411,2.7393992058932781,2.7343,,1,0,0
ReflectionRefresh,412,2.8668013401329517,2.8607,,1,0,0
ReflectionRefresh,413,3.1783021986484528,3.1766,,1,0,0
ReflectionRefresh,414,2.9712019022554159,2.9681,,1,0,0
ReflectionRefresh,415,3.0182965565472841,3.0172,,1,0,0
ReflectionRefresh,416,2.8401005547493696,2.8336,,1,0,0
ReflectionRefresh,417,2.5841977912932634,2.5853,,1,0,0
ReflectionRefresh,418,3.1456064898520708,3.1393,,1,0,0
ReflectionRefresh,419,2.8983985539525747,2.8971,,1,0,0
ReflectionRefresh,420,2.5003969203680754,2.496,,1,0,0
ReflectionRefresh,421,4.6572987921535969,4.6562,,1,0,0
ReflectionRefresh,422,2.73770559579134,2.7333,,1,0,0
ReflectionRefresh,423,3.7017997819930315,3.6999,,1,0,0
ReflectionRefresh,424,3.4002976026386023,3.3948,,1,0,0
ReflectionRefresh,425,2.6546982116997242,2.6518,,1,0,0
ReflectionRefresh,426,3.1568026170134544,3.1531,,1,0,0
ReflectionRefresh,427,2.64109973795712,2.6378,,1,0,0
ReflectionRefresh,428,3.176296828314662,3.1725,,1,0,0
ReflectionRefresh,429,2.759899478405714,2.7557,,1,0,0
ReflectionRefresh,430,2.9694018885493279,2.9676,,1,0,0
ReflectionRefresh,431,2.7952026575803757,2.7923,,1,0,0
ReflectionRefresh,432,2.7192956767976284,2.7164,,1,0,0
ReflectionRefresh,433,3.0220025219023228,3.0233,,1,0,0
ReflectionRefresh,434,2.9752976261079311,2.9684,,1,0,0
ReflectionRefresh,435,3.2436011824756861,3.2404,,1,0,0
ReflectionRefresh,436,2.9652989469468594,2.9623,,1,0,0
ReflectionRefresh,437,2.6659013237804174,2.664,,1,0,0
ReflectionRefresh,438,3.4534013830125332,3.4047,,1,0,0
ReflectionRefresh,439,3.1455003190785646,3.1399,,1,0,0
ReflectionRefresh,440,3.6991992965340614,3.698,,1,0,0
ReflectionRefresh,441,2.8268990572541952,2.8201,,1,0,0
ReflectionRefresh,442,3.2143990974873304,3.2126,,1,0,0
ReflectionRefresh,443,2.6784013025462627,2.679,,1,0,0
ReflectionRefresh,444,3.0964994803071022,3.0895,,1,0,0
ReflectionRefresh,445,2.6692035607993603,2.6656,,1,0,0
ReflectionRefresh,446,2.8475977014750242,2.8391,,1,0,0
ReflectionRefresh,447,2.5472010020166636,2.5531,,1,0,0
ReflectionRefresh,448,2.921797102317214,2.9093,,1,0,0
ReflectionRefresh,449,2.9403981752693653,2.9374,,1,0,0
ReflectionRefresh,450,3.1118055339902639,3.106,,1,0,0
ReflectionRefresh,451,2.9593962244689465,2.9492,,1,0,0
ReflectionRefresh,452,2.9401006177067757,2.9351,,1,0,0
ReflectionRefresh,453,3.2909014262259007,3.2934,,1,0,0
ReflectionRefresh,454,2.9330002143979073,2.9259,,1,0,0
ReflectionRefresh,455,3.8901006337255239,3.89,,1,0,0
ReflectionRefresh,456,2.7206987142562866,2.7145,,1,0,0
ReflectionRefresh,457,3.0050028581172228,3.0018,,1,0,0
ReflectionRefresh,458,3.1824971083551645,3.1805,,1,0,0
ReflectionRefresh,459,2.9855016618967056,2.9802,,1,0,0
ReflectionRefresh,460,2.9616991523653269,2.9552,,1,0,0
ReflectionRefresh,461,3.0181973706930876,3.0144,,1,0,0
ReflectionRefresh,462,2.5912981946021318,2.5884,,1,0,0
ReflectionRefresh,463,2.9387045651674271,2.9397,,1,0,0
ReflectionRefresh,464,3.0418012756854296,3.0347,,1,0,0
ReflectionRefresh,465,2.99599627032876,2.9865,,1,0,0
ReflectionRefresh,466,2.70620035007596,2.702,,1,0,0
ReflectionRefresh,467,2.86250002682209,2.8638,,1,0,0
ReflectionRefresh,468,3.0630030669271946,3.0559,,1,0,0
ReflectionRefresh,469,2.68949824385345,2.6893,,1,0,0
ReflectionRefresh,470,3.6083972081542015,3.608,,1,0,0
ReflectionRefresh,471,3.2668013591319323,3.256,,1,0,0
ReflectionRefresh,472,3.2136975787580013,3.2146,,1,0,0
ReflectionRefresh,473,2.7444020379334688,2.7378,,1,0,0
ReflectionRefresh,474,2.9488024301826954,2.9449,,1,0,0
ReflectionRefresh,475,4.3063987977802753,4.3072,,1,0,0
ReflectionRefresh,476,2.8454011771827936,2.8386,,1,0,0
ReflectionRefresh,477,2.8495960868895054,2.8503,,1,0,0
ReflectionRefresh,478,2.8638038784265518,2.8555,,1,0,0
ReflectionRefresh,479,3.575099166482687,3.5709,,1,0,0
ReflectionRefresh,480,2.7922973968088627,2.7895,,1,0,0
ReflectionRefresh,481,3.1824051402509212,3.1811,,1,0,0
ReflectionRefresh,482,2.9787982348352671,2.9728,,1,0,0
ReflectionRefresh,483,3.11559671536088,3.1097,,1,0,0
ReflectionRefresh,484,3.413201542571187,3.4136,,1,0,0
ReflectionRefresh,485,2.9839994385838509,2.983,,1,0,0
ReflectionRefresh,486,2.9063988476991653,2.8968,,1,0,0
ReflectionRefresh,487,2.748802537098527,2.7476,,1,0,0
ReflectionRefresh,488,3.1473000999540091,3.1443,,1,0,0
ReflectionRefresh,489,3.1919004395604134,3.1868,,1,0,0
ReflectionRefresh,490,2.9949971940368414,2.9891,,1,0,0
ReflectionRefresh,491,2.902905223891139,2.9022,,1,0,0
ReflectionRefresh,492,3.206795547157526,3.203,,1,0,0
ReflectionRefresh,493,2.9004039242863655,2.8931,,1,0,0
ReflectionRefresh,494,2.900595311075449,2.8996,,1,0,0
ReflectionRefresh,495,3.7109055556356907,3.706,,1,0,0
ReflectionRefresh,496,3.0705002136528492,3.0658,,1,0,0
ReflectionRefresh,497,2.9019983485341072,2.8952,,1,0,0
ReflectionRefresh,498,2.843501977622509,2.8399,,1,0,0
ReflectionRefresh,499,3.174695186316967,3.1766,,1,0,0
ReflectionRefresh,500,3.7978033069521189,3.7943,,1,0,0
ReflectionRefresh,501,2.9202948790043592,2.9109,,1,0,0
ReflectionRefresh,502,2.6791028212755919,2.6801,,1,0,0
ReflectionRefresh,503,3.4142998047173023,3.4136,,1,0,0
ReflectionRefresh,504,3.1240007374435663,3.1133,,1,0,0
ReflectionRefresh,505,3.0718962661921978,3.07,,1,0,0
ReflectionRefresh,506,3.5615009255707264,3.5578,,1,0,0
ReflectionRefresh,507,2.9032030142843723,2.8964,,1,0,0
ReflectionRefresh,508,2.8675028588622808,2.8658,,1,0,0
ReflectionRefresh,509,3.0807964503765106,3.0775,,1,0,0
ReflectionRefresh,510,3.3230017870664597,3.3172,,1,0,0
ReflectionRefresh,511,2.8248014859855175,2.8209,,1,0,0
ReflectionRefresh,512,2.9196995310485363,2.9181,,1,0,0
ReflectionRefresh,513,2.7637968305498362,2.7582,,1,0,0
ReflectionRefresh,514,2.8272038325667381,2.8278,,1,0,0
ReflectionRefresh,515,3.3214993309229612,3.3151,,1,0,0
ReflectionRefresh,516,3.1037982553243637,3.0994,,1,0,0
ReflectionRefresh,517,2.8705995064228773,2.8702,,1,0,0
ReflectionRefresh,518,2.7890023775398731,2.7865,,1,0,0
ReflectionRefresh,519,2.970897126942873,2.9674,,1,0,0
ReflectionRefresh,520,3.1909013632684946,3.1805,,1,0,0
ReflectionRefresh,521,2.9321995098143816,2.93,,1,0,0
ReflectionRefresh,522,2.7146968059241772,2.7122,,1,0,0
ReflectionRefresh,523,3.0102040618658066,3.0077,,1,0,0
ReflectionRefresh,524,2.7164965867996216,2.7098,,1,0,0
ReflectionRefresh,525,2.8424037154763937,2.8412,,1,0,0
ReflectionRefresh,526,3.7419996224343777,3.7385,,1,0,0
ReflectionRefresh,527,2.9707979410886765,2.9642,,1,0,0
ReflectionRefresh,528,2.9894981998950243,2.9927,,1,0,0
ReflectionRefresh,529,3.0387046281248331,3.0297,,1,0,0
ReflectionRefresh,530,2.8044998180121183,2.7991,,1,0,0
ReflectionRefresh,531,3.2416949979960918,3.2402,,1,0,0
ReflectionRefresh,532,3.8928005378693342,3.8852,,1,0,0
ReflectionRefresh,533,3.0907029286026955,3.0812,,1,0,0
ReflectionRefresh,534,3.1384991016238928,3.1373,,1,0,0
ReflectionRefresh,535,3.1379039864987135,3.1325,,1,0,0
ReflectionRefresh,536,3.5168933682143688,3.5142,,1,0,0
ReflectionRefresh,537,3.1247024890035391,3.1189,,1,0,0
ReflectionRefresh,538,2.7785997372120619,2.7765,,1,0,0
ReflectionRefresh,539,2.9586025048047304,2.9561,,1,0,0
ReflectionRefresh,540,2.7252975851297379,2.7199,,1,0,0
ReflectionRefresh,541,3.4371032379567623,3.4357,,1,0,0
ReflectionRefresh,542,2.6611960493028164,2.657,,1,0,0
ReflectionRefresh,543,3.4557043109089136,3.449,,1,0,0
ReflectionRefresh,544,2.9754959978163242,2.9746,,1,0,0
ReflectionRefresh,545,3.5838009789586067,3.5807,,1,0,0
ReflectionRefresh,546,3.010197076946497,3.0043,,1,0,0
ReflectionRefresh,547,3.0137046705931425,3.0094,,1,0,0
ReflectionRefresh,548,2.99039832316339,2.9898,,1,0,0
ReflectionRefresh,549,2.867899602279067,2.8583,,1,0,0
ReflectionRefresh,550,3.2442035153508186,3.2446,,1,0,0
ReflectionRefresh,551,2.7022960130125284,2.6957,,1,0,0
ReflectionRefresh,552,3.0050028581172228,3.0019,,1,0,0
ReflectionRefresh,553,3.1870959792286158,3.1851,,1,0,0
ReflectionRefresh,554,3.0797051731497049,3.0776,,1,0,0
ReflectionRefresh,555,3.2064979895949364,3.2041,,1,0,0
ReflectionRefresh,556,2.7492984663695097,2.7431,,1,0,0
ReflectionRefresh,557,3.5704011097550392,3.5748,,1,0,0
ReflectionRefresh,558,2.8295989613980055,2.8119,,1,0,0
ReflectionRefresh,559,3.1785005703568459,3.1721,,1,0,0
ReflectionRefresh,560,3.1775014940649271,3.1716,,1,0,0
ReflectionRefresh,561,3.3406957518309355,3.3412,,1,0,0
ReflectionRefresh,562,2.8030045796185732,2.7991,,1,0,0
ReflectionRefresh,563,2.8620960656553507,2.8615,,1,0,0
ReflectionRefresh,564,2.71789962425828,2.7074,,1,0,0
ReflectionRefresh,565,2.7962017338722944,2.7937,,1,0,0
ReflectionRefresh,566,2.9424035456031561,2.9398,,1,0,0
ReflectionRefresh,567,3.0152990948408842,3.0129,,1,0,0
ReflectionRefresh,568,3.00739798694849,3.0064,,1,0,0
ReflectionRefresh,569,3.0257015023380518,3.0195,,1,0,0
ReflectionRefresh,570,2.5973001029342413,2.5939,,1,0,0
ReflectionRefresh,571,3.2208971679210663,3.223,,1,0,0
ReflectionRefresh,572,2.6112031191587448,2.6135,,1,0,0
ReflectionRefresh,573,3.0170988757163286,3.0049,,1,0,0
ReflectionRefresh,574,2.8366993647068739,2.8309,,1,0,0
ReflectionRefresh,575,3.4752977080643177,3.4726,,1,0,0
ReflectionRefresh,576,2.7548044454306364,2.7509,,1,0,0
ReflectionRefresh,577,3.306094091385603,3.3019,,1,0,0
ReflectionRefresh,578,2.8811010997742414,2.8789,,1,0,0
ReflectionRefresh,579,3.3592048566788435,3.359,,1,0,0
ReflectionRefresh,580,2.7526007033884525,2.7452,,1,0,0
ReflectionRefresh,581,2.9052933678030968,2.9079,,1,0,0
ReflectionRefresh,582,3.8212018553167582,3.8118,,1,0,0
ReflectionRefresh,583,3.0733984895050526,3.088,,1,0,0
ReflectionRefresh,584,3.0765023548156023,3.0578,,1,0,0
ReflectionRefresh,585,2.4969032965600491,2.4887,,1,0,0
ReflectionRefresh,586,5.9629958122968674,5.9607,,1,0,0
ReflectionRefresh,587,5.3437002934515476,5.3429,,1,0,0
ReflectionRefresh,588,3.05279903113842,3.0473,,1,0,0
ReflectionRefresh,589,2.8669997118413448,2.8689,,1,0,0
ReflectionRefresh,590,4.0018991567194462,3.9945,,1,0,0
ReflectionRefresh,591,3.0862032435834408,3.085,,1,0,0
ReflectionRefresh,592,2.7401007246226072,2.7367,,1,0,0
ReflectionRefresh,593,3.0843962449580431,3.0781,,1,0,0
ReflectionRefresh,594,2.7462018188089132,2.7435,,1,0,0
ReflectionRefresh,595,3.0927013140171766,3.0905,,1,0,0
ReflectionRefresh,596,2.87120183929801,2.8724,,1,0,0
ReflectionRefresh,597,3.0571995303034782,3.0505,,1,0,0
ReflectionRefresh,598,2.8142998926341534,2.8159,,1,0,0
ReflectionRefresh,599,2.8561011422425508,2.8504,,1,0,0
ReflectionRefresh,600,3.1225976999849081,3.1186,,1,0,0
ReflectionRefresh,601,3.5072986502200365,3.5021,,1,0,0
ReflectionRefresh,602,2.875099191442132,2.8696,,1,0,0
ReflectionRefresh,603,3.5620040725916624,3.5616,,1,0,0
ReflectionRefresh,604,2.6954009663313627,2.6897,,1,0,0
ReflectionRefresh,605,3.2093962654471397,3.206,,1,0,0
ReflectionRefresh,606,4.2758998461067677,4.2711,,1,0,0
ReflectionRefresh,607,2.6960032992064953,2.6879,,1,0,0
ReflectionRefresh,608,2.8142998926341534,2.8107,,1,0,0
ReflectionRefresh,609,3.2860969658941031,3.2871,,1,0,0
ReflectionRefresh,610,2.8071003034710884,2.7997,,1,0,0
ReflectionRefresh,611,3.1920988112688065,3.1927,,1,0,0
ReflectionRefresh,612,3.2905044499784708,3.2818,,1,0,0
ReflectionRefresh,613,2.6458972133696079,2.6472,,1,0,0
ReflectionRefresh,614,2.7035006787627935,2.6984,,1,0,0
ReflectionRefresh,615,3.058198606595397,3.0532,,1,0,0
ReflectionRefresh,616,2.7910005301237106,2.7876,,1,0,0
ReflectionRefresh,617,2.9163972940295935,2.9125,,1,0,0
ReflectionRefresh,618,2.9178997501730919,2.9181,,1,0,0
ReflectionRefresh,619,2.8294997755438089,2.8228,,1,0,0
ReflectionRefresh,620,3.3550027292221785,3.3538,,1,0,0
ReflectionRefresh,621,3.2571996562182903,3.2518,,1,0,0
ReflectionRefresh,622,2.6156038511544466,2.614,,1,0,0
ReflectionRefresh,623,3.0057965777814388,3.0038,,1,0,0
ReflectionRefresh,624,2.83409864641726,2.8269,,1,0,0
ReflectionRefresh,625,2.7273029554635286,2.7268,,1,0,0
ReflectionRefresh,626,4.1745961643755436,4.1707,,1,0,0
ReflectionRefresh,627,2.9509000014513731,2.944,,1,0,0
ReflectionRefresh,628,2.9918013606220484,2.9887,,1,0,0
ReflectionRefresh,629,2.8725978918373585,2.8704,,1,0,0
ReflectionRefresh,630,2.7536067645996809,2.7524,,1,0,0
ReflectionRefresh,631,2.94529483653605,2.9381,,1,0,0
ReflectionRefresh,632,2.9130030889064074,2.9129,,1,0,0
ReflectionRefresh,633,2.6269983500242233,2.6214,,1,0,0
ReflectionRefresh,634,3.263598307967186,3.2623,,1,0,0
ReflectionRefresh,635,2.8705003205686808,2.8617,,1,0,0
ReflectionRefresh,636,3.5928003489971161,3.5901,,1,0,0
ReflectionRefresh,637,3.0848002061247826,3.0842,,1,0,0
ReflectionRefresh,638,2.8391014784574509,2.8342,,1,0,0
ReflectionRefresh,639,3.2225977629423141,3.2271,,1,0,0
ReflectionRefresh,640,3.5160004626959562,3.5013,,1,0,0
ReflectionRefresh,641,2.5549037382006645,2.5509,,1,0,0
ReflectionRefresh,642,2.9734978452324867,2.973,,1,0,0
ReflectionRefresh,643,3.3184026833623648,3.3146,,1,0,0
ReflectionRefresh,644,2.617998979985714,2.6133,,1,0,0
ReflectionRefresh,645,2.7964003384113312,2.7921,,1,0,0
ReflectionRefresh,646,2.9939981177449226,2.9908,,1,0,0
ReflectionRefresh,647,2.6757016312330961,2.6717,,1,0,0
ReflectionRefresh,648,2.87689920514822,2.8746,,1,0,0
ReflectionRefresh,649,2.6770974509418011,2.6788,,1,0,0
ReflectionRefresh,650,2.4968041107058525,2.4951,,1,0,0
ReflectionRefresh,651,2.6946994476020336,2.6867,,1,0,0
ReflectionRefresh,652,2.6077947113662958,2.6023,,1,0,0
ReflectionRefresh,653,2.7691042050719261,2.7713,,1,0,0
ReflectionRefresh,654,3.0833971686661243,3.077,,1,0,0
ReflectionRefresh,655,2.6074049528688192,2.604,,1,0,0
ReflectionRefresh,656,2.906696405261755,2.9034,,1,0,0
ReflectionRefresh,657,2.8720025438815355,2.8725,,1,0,0
ReflectionRefresh,658,2.8113946318626404,2.8065,,1,0,0
ReflectionRefresh,659,3.0153060797601938,3.0071,,1,0,0
ReflectionRefresh,660,2.5911990087479353,2.5881,,1,0,0
ReflectionRefresh,661,2.8925950173288584,2.885,,1,0,0
ReflectionRefresh,662,2.9293012339621782,2.9291,,1,0,0
ReflectionRefresh,663,2.4423045106232166,2.437,,1,0,0
ReflectionRefresh,664,3.2463010866194963,3.2465,,1,0,0
ReflectionRefresh,665,3.1538973562419415,3.1475,,1,0,0
ReflectionRefresh,666,2.5114016607403755,2.5094,,1,0,0
ReflectionRefresh,667,3.1237953808158636,3.1236,,1,0,0
ReflectionRefresh,668,2.7285006362944841,2.7208,,1,0,0
ReflectionRefresh,669,3.5227041225880384,3.5239,,1,0,0
ReflectionRefresh,670,2.4238945916295052,2.4191,,1,0,0
ReflectionRefresh,671,3.1710034236311913,3.1657,,1,0,0
ReflectionRefresh,672,2.7715987525880337,2.7653,,1,0,0
ReflectionRefresh,673,2.6122024282813072,2.614,,1,0,0
ReflectionRefresh,674,3.0859976541250944,3.0794,,1,0,0
ReflectionRefresh,675,2.8002976905554533,2.7986,,1,0,0
ReflectionRefresh,676,3.3026998862624168,3.299,,1,0,0
ReflectionRefresh,677,2.7611039113253355,2.7564,,1,0,0
ReflectionRefresh,678,2.7191964909434319,2.7161,,1,0,0
ReflectionRefresh,679,3.0118054710328579,3.0097,,1,0,0
ReflectionRefresh,680,2.9446994885802269,2.9404,,1,0,0
ReflectionRefresh,681,2.5764952879399061,2.5719,,1,0,0
ReflectionRefresh,682,2.6369048282504082,2.6353,,1,0,0
ReflectionRefresh,683,2.9270974919199944,2.9226,,1,0,0
ReflectionRefresh,684,2.6763039641082287,2.6706,,1,0,0
ReflectionRefresh,685,3.0280966311693192,3.0268,,1,0,0
ReflectionRefresh,686,2.5428005028516054,2.5385,,1,0,0
ReflectionRefresh,687,3.1531958375126123,3.1516,,1,0,0
ReflectionRefresh,688,2.6561012491583824,2.6515,,1,0,0
ReflectionRefresh,689,2.71760206669569,2.7166,,1,0,0
ReflectionRefresh,690,2.7937996201217175,2.791,,1,0,0
ReflectionRefresh,691,2.8372022788971663,2.8341,,1,0,0
ReflectionRefresh,692,2.9018991626799107,2.8989,,1,0,0
ReflectionRefresh,693,2.4669996928423643,2.4597,,1,0,0
ReflectionRefresh,694,3.1857001595199108,3.1873,,1,0,0
ReflectionRefresh,695,2.59000132791698,2.582,,1,0,0
ReflectionRefresh,696,3.1413973774760962,3.1405,,1,0,0
ReflectionRefresh,697,3.0060019344091415,3.0044,,1,0,0
ReflectionRefresh,698,2.5053005665540695,2.4981,,1,0,0
ReflectionRefresh,699,2.8794005047529936,2.88,,1,0,0
ReflectionRefresh,700,2.6727961376309395,2.6673,,1,0,0
ReflectionRefresh,701,2.8536990284919739,2.8546,,1,0,0
ReflectionRefresh,702,2.9332058038562536,2.9242,,1,0,0
ReflectionRefresh,703,3.0491000507026911,3.0491,,1,0,0
ReflectionRefresh,704,2.7515944093465805,2.7447,,1,0,0
ReflectionRefresh,705,2.7214002329856157,2.7215,,1,0,0
ReflectionRefresh,706,3.48759931512177,3.4843,,1,0,0
ReflectionRefresh,707,2.8553004376590252,2.8501,,1,0,0
ReflectionRefresh,708,2.5257014203816652,2.5257,,1,0,0
ReflectionRefresh,709,3.1349984928965569,3.1325,,1,0,0
ReflectionRefresh,710,2.6188988704234362,2.6148,,1,0,0
ReflectionRefresh,711,3.1686010770499706,3.1633,,1,0,0
ReflectionRefresh,712,2.408304950222373,2.4028,,1,0,0
ReflectionRefresh,713,3.68619617074728,3.6865,,1,0,0
ReflectionRefresh,714,2.6519983075559139,2.65,,1,0,0
ReflectionRefresh,715,2.8843041509389877,2.8773,,1,0,0
ReflectionRefresh,716,2.5458971504122019,2.5403,,1,0,0
ReflectionRefresh,717,3.0435018707066774,3.0423,,1,0,0
ReflectionRefresh,718,3.3189980313181877,3.3138,,1,0,0
ReflectionRefresh,719,3.0702026560902596,3.0717,,1,0,0
ReflectionRefresh,720,2.8905966319143772,2.8845,,1,0,0
ReflectionRefresh,721,2.7745040133595467,2.7695,,1,0,0
ReflectionRefresh,722,2.7610969264060259,2.7598,,1,0,0
ReflectionRefresh,723,2.5533020962029696,2.5476,,1,0,0
ReflectionRefresh,724,2.8833970427513123,2.8864,,1,0,0
ReflectionRefresh,725,2.9088009614497423,2.9042,,1,0,0
ReflectionRefresh,726,2.7174036949872971,2.7133,,1,0,0
ReflectionRefresh,727,2.797094639390707,2.7903,,1,0,0
ReflectionRefresh,728,2.9346018563956022,2.9343,,1,0,0
ReflectionRefresh,729,2.878798171877861,2.8764,,1,0,0
ReflectionRefresh,730,2.8597009368240833,2.8558,,1,0,0
ReflectionRefresh,731,2.7955002151429653,2.7878,,1,0,0
ReflectionRefresh,732,3.1918012537062168,3.1938,,1,0,0
ReflectionRefresh,733,2.5365008041262627,2.53,,1,0,0
ReflectionRefresh,734,3.0788974836468697,3.0795,,1,0,0
ReflectionRefresh,735,3.1228032894432545,3.1147,,1,0,0
ReflectionRefresh,736,3.0949972569942474,3.0896,,1,0,0
ReflectionRefresh,737,3.1143990345299244,3.1134,,1,0,0
ReflectionRefresh,738,2.8596017509698868,2.8525,,1,0,0
ReflectionRefresh,739,3.4178995992988348,3.4183,,1,0,0
ReflectionRefresh,740,2.772101666778326,2.7674,,1,0,0
ReflectionRefresh,741,2.625396940857172,2.6236,,1,0,0
ReflectionRefresh,742,2.7948059141635895,2.7926,,1,0,0
ReflectionRefresh,743,2.9425949323922396,2.9391,,1,0,0
ReflectionRefresh,744,2.6106010191142559,2.6079,,1,0,0
ReflectionRefresh,745,3.36529896594584,3.3585,,1,0,0
ReflectionRefresh,746,2.6629038620740175,2.6624,,1,0,0
ReflectionRefresh,747,2.9770974069833755,2.9762,,1,0,0
ReflectionRefresh,748,2.7194018475711346,2.7133,,1,0,0
ReflectionRefresh,749,4.6397959813475609,4.6405,,1,0,0
ReflectionRefresh,750,3.45580349676311,3.4487,,1,0,0
ReflectionRefresh,751,2.7047973126173019,2.7062,,1,0,0
ReflectionRefresh,752,2.9732000548392534,2.9663,,1,0,0
ReflectionRefresh,753,3.009098581969738,3.0067,,1,0,0
ReflectionRefresh,754,2.9466056730598211,2.9403,,1,0,0
ReflectionRefresh,755,3.497094614431262,3.4946,,1,0,0
ReflectionRefresh,756,2.5152990128844976,2.5103,,1,0,0
ReflectionRefresh,757,3.39340278878808,3.3904,,1,0,0
ReflectionRefresh,758,3.1696995720267296,3.1657,,1,0,0
ReflectionRefresh,759,2.5566043332219124,2.5572,,1,0,0
ReflectionRefresh,760,2.7935940306633711,2.7899,,1,0,0
ReflectionRefresh,761,3.2747024670243263,3.2671,,1,0,0
ReflectionRefresh,762,2.8958970215171576,2.8967,,1,0,0
ReflectionRefresh,763,2.6549035683274269,2.6498,,1,0,0
ReflectionRefresh,764,2.7542021125555038,2.7604,,1,0,0
ReflectionRefresh,765,3.0353954061865807,3.0245,,1,0,0
ReflectionRefresh,766,2.5836026761680841,2.573,,1,0,0
ReflectionRefresh,767,2.9596018139272928,2.9597,,1,0,0
ReflectionRefresh,768,3.2751983962953091,3.2722,,1,0,0
ReflectionRefresh,769,3.2036988995969296,3.1979,,1,0,0
ReflectionRefresh,770,2.41670198738575,2.4116,,1,0,0
ReflectionRefresh,771,4.1603953577578068,4.1623,,1,0,0
ReflectionRefresh,772,2.7281036600470543,2.7219,,1,0,0
ReflectionRefresh,773,3.2066963613033295,3.202,,1,0,0
ReflectionRefresh,774,2.6570011395961046,2.6545,,1,0,0
ReflectionRefresh,775,2.6436012703925371,2.6412,,1,0,0
ReflectionRefresh,776,3.1766013707965612,3.1785,,1,0,0
ReflectionRefresh,777,2.97030177898705,2.9601,,1,0,0
ReflectionRefresh,778,2.5773951783776283,2.5712,,1,0,0
ReflectionRefresh,779,2.6300027966499329,2.6271,,1,0,0
ReflectionRefresh,780,2.6802013162523508,2.6789,,1,0,0
ReflectionRefresh,781,2.791496692225337,2.7893,,1,0,0
ReflectionRefresh,782,3.2848992850631475,3.2809,,1,0,0
ReflectionRefresh,783,2.5334041565656662,2.526,,1,0,0
ReflectionRefresh,784,2.8447988443076611,2.8446,,1,0,0
ReflectionRefresh,785,3.1880952883511782,3.1848,,1,0,0
ReflectionRefresh,786,2.627203706651926,2.6209,,1,0,0
ReflectionRefresh,787,3.0390021856874228,3.0387,,1,0,0
ReflectionRefresh,788,2.6199971325695515,2.618,,1,0,0
ReflectionRefresh,789,2.77740228921175,2.7715,,1,0,0
ReflectionRefresh,790,3.017595037817955,3.0149,,1,0,0
ReflectionRefresh,791,2.7109056245535612,2.7029,,1,0,0
ReflectionRefresh,792,2.854400547221303,2.8551,,1,0,0
ReflectionRefresh,793,4.0928004309535027,4.0892,,1,0,0
ReflectionRefresh,794,2.5560942012816668,2.5502,,1,0,0
ReflectionRefresh,795,2.77170492336154,2.7748,,1,0,0
ReflectionRefresh,796,3.1077947933226824,3.1008,,1,0,0
ReflectionRefresh,797,3.2122023403644562,3.2048,,1,0,0
ReflectionRefresh,798,2.72930134087801,2.7299,,1,0,0
ReflectionRefresh,799,2.6155966334044933,2.6079,,1,0,0
ReflectionRefresh,800,2.8286990709602833,2.8274,,1,0,0
ReflectionRefresh,801,2.7365009300410748,2.736,,1,0,0
ReflectionRefresh,802,2.770004328340292,2.7655,,1,0,0
ReflectionRefresh,803,2.6884991675615311,2.685,,1,0,0
ReflectionRefresh,804,2.7419996913522482,2.7433,,1,0,0
ReflectionRefresh,805,2.9668014030903578,2.9599,,1,0,0
ReflectionRefresh,806,2.5942956563085318,2.5963,,1,0,0
ReflectionRefresh,807,3.7109055556356907,3.7069,,1,0,0
ReflectionRefresh,808,2.4542941246181726,2.4487,,1,0,0
ReflectionRefresh,809,2.7566042263060808,2.756,,1,0,0
ReflectionRefresh,810,2.78599769808352,2.7838,,1,0,0
ReflectionRefresh,811,2.6309026870876551,2.6238,,1,0,0
ReflectionRefresh,812,2.9026006814092398,2.9034,,1,0,0
ReflectionRefresh,813,3.3138960134238005,3.3107,,1,0,0
ReflectionRefresh,814,2.8933035209774971,2.8895,,1,0,0
ReflectionRefresh,815,3.104896517470479,3.1027,,1,0,0
ReflectionRefresh,816,2.5012046098709106,2.4953,,1,0,0
ReflectionRefresh,817,2.8443948831409216,2.843,,1,0,0
ReflectionRefresh,818,2.7894983068108559,2.7891,,1,0,0
ReflectionRefresh,819,2.7475056704133749,2.7409,,1,0,0
ReflectionRefresh,820,2.8929989784955978,2.8895,,1,0,0
ReflectionRefresh,821,2.5768990162760019,2.5742,,1,0,0
ReflectionRefresh,822,3.5758998710662127,3.5748,,1,0,0
ReflectionRefresh,823,2.8035996947437525,2.8,,1,0,0
ReflectionRefresh,824,2.8649021405726671,2.8603,,1,0,0
ReflectionRefresh,825,2.8581987135112286,2.8547,,1,0,0
ReflectionRefresh,826,2.9257014393806458,2.9192,,1,0,0
ReflectionRefresh,827,2.5131944566965103,2.5132,,1,0,0
ReflectionRefresh,828,2.7026997413486242,2.7003,,1,0,0
ReflectionRefresh,829,2.922803396359086,2.916,,1,0,0
ReflectionRefresh,830,2.8803995810449123,2.8809,,1,0,0
ReflectionRefresh,831,3.1964995432645082,3.194,,1,0,0
ReflectionRefresh,832,2.8679987881332636,2.8631,,1,0,0
ReflectionRefresh,833,2.5685019791126251,2.5624,,1,0,0
ReflectionRefresh,834,2.8830002993345261,2.8786,,1,0,0
ReflectionRefresh,835,3.2715986017137766,3.2722,,1,0,0
ReflectionRefresh,836,2.4418013636022806,2.4363,,1,0,0
ReflectionRefresh,837,2.9757015872746706,2.9728,,1,0,0
ReflectionRefresh,838,2.4144982453435659,2.4106,,1,0,0
ReflectionRefresh,839,3.0758008360862732,3.0739,,1,0,0
ReflectionRefresh,840,3.0267999973148108,3.022,,1,0,0
ReflectionRefresh,841,2.6980016846209764,2.6948,,1,0,0
ReflectionRefresh,842,2.9637967236340046,2.9584,,1,0,0
ReflectionRefresh,843,3.2175027299672365,3.2154,,1,0,0
ReflectionRefresh,844,2.7196004521101713,2.7126,,1,0,0
ReflectionRefresh,845,2.8706986922770739,2.8686,,1,0,0
ReflectionRefresh,846,3.0402990523725748,3.0399,,1,0,0
ReflectionRefresh,847,2.7951034717261791,2.7887,,1,0,0
ReflectionRefresh,848,2.7245960664004087,2.7254,,1,0,0
ReflectionRefresh,849,3.0203019268810749,3.0151,,1,0,0
ReflectionRefresh,850,2.3525014985352755,2.3477,,1,0,0
ReflectionRefresh,851,2.8956986498087645,2.8937,,1,0,0
ReflectionRefresh,852,3.6155965644866228,3.6141,,1,0,0
ReflectionRefresh,853,2.9384000226855278,2.9308,,1,0,0
ReflectionRefresh,854,2.7009991463273764,2.6996,,1,0,0
ReflectionRefresh,855,2.7986040804535151,2.7961,,1,0,0
ReflectionRefresh,856,2.7705994434654713,2.7661,,1,0,0
ReflectionRefresh,857,2.8818026185035706,2.8768,,1,0,0
ReflectionRefresh,858,2.896393183618784,2.8903,,1,0,0
ReflectionRefresh,859,2.5487032253295183,2.5424,,1,0,0
ReflectionRefresh,860,3.04139731451869,3.0448,,1,0,0
ReflectionRefresh,861,3.0971018131822348,3.0871,,1,0,0
ReflectionRefresh,862,2.7951034717261791,2.7964,,1,0,0
ReflectionRefresh,863,3.3830003812909126,3.3738,,1,0,0
ReflectionRefresh,864,2.6462939567863941,2.6404,,1,0,0
ReflectionRefresh,865,2.9263037722557783,2.9342,,1,0,0
ReflectionRefresh,866,2.9007014818489552,2.8849,,1,0,0
ReflectionRefresh,867,2.8183956164866686,2.8122,,1,0,0
ReflectionRefresh,868,2.9482992831617594,2.944,,1,0,0
ReflectionRefresh,869,2.702302997931838,2.7013,,1,0,0
ReflectionRefresh,870,2.761798445135355,2.7542,,1,0,0
ReflectionRefresh,871,2.5482000783085823,2.5467,,1,0,0
ReflectionRefresh,872,3.1267006415873766,3.1252,,1,0,0
ReflectionRefresh,873,3.5597009118646383,3.5587,,1,0,0
ReflectionRefresh,874,2.8150014113634825,2.8076,,1,0,0
ReflectionRefresh,875,2.7589001692831516,2.7601,,1,0,0
ReflectionRefresh,876,2.988399937748909,2.9826,,1,0,0
ReflectionRefresh,877,2.8629959560930729,2.8547,,1,0,0
ReflectionRefresh,878,3.6500992719084024,3.6481,,1,0,0
ReflectionRefresh,879,3.2736039720475674,3.2699,,1,0,0
ReflectionRefresh,880,3.01580224186182,3.0123,,1,0,0
ReflectionRefresh,881,2.9107993468642235,2.9067,,1,0,0
ReflectionRefresh,882,3.0919997952878475,3.088,,1,0,0
ReflectionRefresh,883,3.4419996663928032,3.4381,,1,0,0
ReflectionRefresh,884,3.3098994754254818,3.3091,,1,0,0
ReflectionRefresh,885,2.5785006582736969,2.5742,,1,0,0
ReflectionRefresh,886,3.4014952834695578,3.3972,,1,0,0
ReflectionRefresh,887,2.7678997721523046,2.7586,,1,0,0
ReflectionRefresh,888,3.193799639120698,3.1953,,1,0,0
ReflectionRefresh,889,3.0658021569252014,3.0579,,1,0,0
ReflectionRefresh,890,2.6205002795904875,2.6211,,1,0,0
ReflectionRefresh,891,2.5992984883487225,2.5918,,1,0,0
ReflectionRefresh,892,3.0031036585569382,3.0033,,1,0,0
ReflectionRefresh,893,2.5844953488558531,2.5802,,1,0,0
ReflectionRefresh,894,3.1005030032247305,3.0928,,1,0,0
ReflectionRefresh,895,2.8665037825703621,2.866,,1,0,0
ReflectionRefresh,896,2.8843963518738747,2.8787,,1,0,0
ReflectionRefresh,897,2.8205001726746559,2.816,,1,0,0
ReflectionRefresh,898,2.8526997193694115,2.8532,,1,0,0
ReflectionRefresh,899,3.07290256023407,3.0683,,1,0,0
ReflectionRefresh,900,2.6889950968325138,2.6845,,1,0,0
ReflectionRefresh,901,3.1353032682090998,3.1335,,1,0,0
ReflectionRefresh,902,2.7680981438606977,2.7615,,1,0,0
ReflectionRefresh,903,2.9224986210465431,2.9199,,1,0,0
ReflectionRefresh,904,3.0642999336123466,3.0597,,1,0,0
ReflectionRefresh,905,2.9458049684762955,2.9445,,1,0,0
ReflectionRefresh,906,2.8279975522309542,2.8259,,1,0,0
ReflectionRefresh,907,2.7955002151429653,2.7881,,1,0,0
ReflectionRefresh,908,3.0437004752457142,3.0411,,1,0,0
ReflectionRefresh,909,3.1133007723838091,3.1127,,1,0,0
ReflectionRefresh,910,3.2582979183644056,3.2532,,1,0,0
ReflectionRefresh,911,2.9830995481461287,2.977,,1,0,0
ReflectionRefresh,912,5.4870038293302059,5.4872,,1,0,0
ReflectionRefresh,913,3.8250992074608803,3.8185,,1,0,0
ReflectionRefresh,914,2.9368975665420294,2.9348,,1,0,0
ReflectionRefresh,915,2.8437995351850986,2.8541,,1,0,0
ReflectionRefresh,916,3.1549036502838135,3.14,,1,0,0
ReflectionRefresh,917,3.1529974658042192,3.1492,,1,0,0
ReflectionRefresh,918,2.9385983943939209,2.9708,,1,0,0
ReflectionRefresh,919,2.7053996454924345,2.664,,1,0,0
ReflectionRefresh,920,3.2124998979270458,3.2102,,1,0,0
ReflectionRefresh,921,2.7275013271719217,2.7248,,1,0,0
ReflectionRefresh,922,3.2616001553833485,3.2602,,1,0,0
ReflectionRefresh,923,2.7613025158643723,2.7556,,1,0,0
ReflectionRefresh,924,3.7875000853091478,3.7871,,1,0,0
ReflectionRefresh,925,2.7350978925824165,2.7286,,1,0,0
ReflectionRefresh,926,3.3449970651417971,3.3443,,1,0,0
ReflectionRefresh,927,2.5579009670764208,2.5517,,1,0,0
ReflectionRefresh,928,2.7847010642290115,2.7833,,1,0,0
ReflectionRefresh,929,3.5950043238699436,3.59,,1,0,0
ReflectionRefresh,930,2.8295989613980055,2.8256,,1,0,0
ReflectionRefresh,931,2.8511974960565567,2.8475,,1,0,0
ReflectionRefresh,932,2.7431973721832037,2.7425,,1,0,0
ReflectionRefresh,933,2.7371032629162073,2.7351,,1,0,0
ReflectionRefresh,934,3.0267999973148108,3.0199,,1,0,0
ReflectionRefresh,935,3.1394984107464552,3.1428,,1,0,0
ReflectionRefresh,936,3.165398258715868,3.1581,,1,0,0
ReflectionRefresh,937,2.4805059656500816,2.4743,,1,0,0
ReflectionRefresh,938,2.8163974639028311,2.8171,,1,0,0
ReflectionRefresh,939,2.9103031847625971,2.9092,,1,0,0
ReflectionRefresh,940,2.8539965860545635,2.8476,,1,0,0
ReflectionRefresh,941,2.6516015641391277,2.65,,1,0,0
ReflectionRefresh,942,3.0312996823340654,3.0299,,1,0,0
ReflectionRefresh,943,2.9178005643188953,2.909,,1,0,0
ReflectionRefresh,944,3.0724985990673304,3.075,,1,0,0
ReflectionRefresh,945,2.9634991660714149,2.9545,,1,0,0
ReflectionRefresh,946,2.7897038962692022,2.789,,1,0,0
ReflectionRefresh,947,2.8520976193249226,2.8471,,1,0,0
ReflectionRefresh,948,2.7927013579756021,2.7848,,1,0,0
ReflectionRefresh,949,2.691999776288867,2.6909,,1,0,0
ReflectionRefresh,950,4.0514953434467316,4.0514,,1,0,0
ReflectionRefresh,951,2.5801020674407482,2.5773,,1,0,0
ReflectionRefresh,952,3.3738024067133665,3.3688,,1,0,0
ReflectionRefresh,953,2.5180981028825045,2.5151,,1,0,0
ReflectionRefresh,954,2.8419005684554577,2.8351,,1,0,0
ReflectionRefresh,955,3.0071004293859005,3.0072,,1,0,0
ReflectionRefresh,956,3.8680981379002333,3.8635,,1,0,0
ReflectionRefresh,957,2.6400014758110046,2.632,,1,0,0
ReflectionRefresh,958,3.6600977182388306,3.6598,,1,0,0
ReflectionRefresh,959,2.864703768864274,2.8589,,1,0,0
ReflectionRefresh,960,2.9142999555915594,2.9112,,1,0,0
ReflectionRefresh,961,2.9378968756645918,2.9394,,1,0,0
ReflectionRefresh,962,2.7391014155000448,2.7327,,1,0,0
ReflectionRefresh,963,2.8463010676205158,2.8446,,1,0,0
ReflectionRefresh,964,2.9340987093746662,2.9317,,1,0,0
ReflectionRefresh,965,2.6624007150530815,2.6537,,1,0,0
ReflectionRefresh,966,3.2657028641551733,3.2619,,1,0,0
ReflectionRefresh,967,2.7947986964136362,2.7912,,1,0,0
ReflectionRefresh,968,2.7633998543024063,2.7662,,1,0,0
ReflectionRefresh,969,2.7919004205614328,2.7834,,1,0,0
ReflectionRefresh,970,2.836897736415267,2.8353,,1,0,0
ReflectionRefresh,971,3.0094033572822809,3.0084,,1,0,0
ReflectionRefresh,972,3.4664967097342014,3.4609,,1,0,0
ReflectionRefresh,973,2.8707978781312704,2.8651,,1,0,0
ReflectionRefresh,974,3.0875992961227894,3.0864,,1,0,0
ReflectionRefresh,975,2.7279052883386612,2.7203,,1,0,0
ReflectionRefresh,976,3.181894775480032,3.1877,,1,0,0
ReflectionRefresh,977,3.8865008391439915,3.8772,,1,0,0
ReflectionRefresh,978,2.4671060964465141,2.4615,,1,0,0
ReflectionRefresh,979,2.9340987093746662,2.9323,,1,0,0
ReflectionRefresh,980,2.9011976439505816,2.8957,,1,0,0
ReflectionRefresh,981,3.6134992260485888,3.611,,1,0,0
ReflectionRefresh,982,2.4489015340805054,2.4468,,1,0,0
ReflectionRefresh,983,2.8408020734786987,2.8363,,1,0,0
ReflectionRefresh,984,2.6754960417747498,2.6762,,1,0,0
ReflectionRefresh,985,2.9577026143670082,2.9518,,1,0,0
ReflectionRefresh,986,2.8910997789353132,2.8869,,1,0,0
ReflectionRefresh,987,2.6537980884313583,2.654,,1,0,0
ReflectionRefresh,988,3.1054988503456116,3.1034,,1,0,0
ReflectionRefresh,989,3.3114016987383366,3.3049,,1,0,0
ReflectionRefresh,990,2.4926019832491875,2.49,,1,0,0
ReflectionRefresh,991,3.3114016987383366,3.3079,,1,0,0
ReflectionRefresh,992,2.7352962642908096,2.7307,,1,0,0
ReflectionRefresh,993,3.0549035873264074,3.0529,,1,0,0
ReflectionRefresh,994,3.2096938230097294,3.2105,,1,0,0
ReflectionRefresh,995,2.6601047720760107,2.6532,,1,0,0
ReflectionRefresh,996,2.8803003951907158,2.8818,,1,0,0
ReflectionRefresh,997,2.9107001610100269,2.9033,,1,0,0
ReflectionRefresh,998,2.8032951522618532,2.8048,,1,0,0
ReflectionRefresh,999,2.9125991277396679,2.9075,,1,0,0
ReflectionRefresh,1000,2.8017007280141115,2.8001,,1,0,0
ReflectionRefresh,1001,2.7571003884077072,2.7495,,1,0,0
ReflectionRefresh,1002,3.296704962849617,3.2981,,1,0,0
ReflectionRefresh,1003,3.2344954088330269,3.2321,,1,0,0
ReflectionRefresh,1004,2.92789819650352,2.919,,1,0,0
ReflectionRefresh,1005,2.9892006423324347,2.9888,,1,0,0
ReflectionRefresh,1006,3.1398029532283545,3.1391,,1,0,0
ReflectionRefresh,1007,3.741702064871788,3.7329,,1,0,0
ReflectionRefresh,1008,2.6546982116997242,2.6511,,1,0,0
ReflectionRefresh,1009,3.4395975526422262,3.4394,,1,0,0
ReflectionRefresh,1010,3.1756022945046425,3.1707,,1,0,0
ReflectionRefresh,1011,2.8550028800964355,2.8513,,1,0,0
ReflectionRefresh,1012,3.3336947672069073,3.3287,,1,0,0
ReflectionRefresh,1013,2.7982993051409721,2.7951,,1,0,0
ReflectionRefresh,1014,2.9952025506645441,2.9921,,1,0,0
ReflectionRefresh,1015,2.7912980876863003,2.7886,,1,0,0
ReflectionRefresh,1016,3.1888037919998169,3.1838,,1,0,0
ReflectionRefresh,1017,2.7892007492482662,2.7855,,1,0,0
ReflectionRefresh,1018,3.52989649400115,3.5304,,1,0,0
ReflectionRefresh,1019,2.7482993900775909,2.7405,,1,0,0
ReflectionRefresh,1020,3.0220025219023228,3.022,,1,0,0
ReflectionRefresh,1021,2.6516015641391277,2.6451,,1,0,0
ReflectionRefresh,1022,2.7817955706268549,2.782,,1,0,0
ReflectionRefresh,1023,3.1008007936179638,3.0952,,1,0,0
ReflectionRefresh,1024,3.0067034531384706,3.0016,,1,0,0
ReflectionRefresh,1025,2.6540958788245916,2.6567,,1,0,0
ReflectionRefresh,1026,2.7165035717189312,2.7238,,1,0,0
ReflectionRefresh,1027,3.1236961949616671,3.1039,,1,0,0
ReflectionRefresh,1028,3.8598994724452496,3.8578,,1,0,0
ReflectionRefresh,1029,2.7629039250314236,2.7565,,1,0,0
ReflectionRefresh,1030,2.6946994476020336,2.6953,,1,0,0
ReflectionRefresh,1031,3.5653982777148485,3.5614,,1,0,0
ReflectionRefresh,1032,2.7942035812884569,2.7868,,1,0,0
ReflectionRefresh,1033,2.8669997118413448,2.8696,,1,0,0
ReflectionRefresh,1034,3.3699972555041313,3.3624,,1,0,0
ReflectionRefresh,1035,2.7999007143080235,2.794,,1,0,0
ReflectionRefresh,1036,2.9351969715207815,2.9324,,1,0,0
ReflectionRefresh,1037,2.7178004384040833,2.7164,,1,0,0
ReflectionRefresh,1038,2.9525014106184244,2.9463,,1,0,0
ReflectionRefresh,1039,2.7157028671354055,2.7087,,1,0,0
ReflectionRefresh,1040,2.8166950214654207,2.8164,,1,0,0
ReflectionRefresh,1041,2.7329011354595423,2.7312,,1,0,0
ReflectionRefresh,1042,2.8634991031140089,2.8566,,1,0,0
ReflectionRefresh,1043,2.4842049460858107,2.4807,,1,0,0
ReflectionRefresh,1044,2.8261975385248661,2.8275,,1,0,0
ReflectionRefresh,1045,3.4214993938803673,3.4186,,1,0,0
ReflectionRefresh,1046,2.5042020715773106,2.499,,1,0,0
ReflectionRefresh,1047,2.8066963423043489,2.8039,,1,0,0
ReflectionRefresh,1048,2.6540036778897047,2.6508,,1,0,0
ReflectionRefresh,1049,2.8130952268838882,2.8087,,1,0,0
ReflectionRefresh,1050,2.5010062381625175,2.4985,,1,0,0
ReflectionRefresh,1051,4.3982993811368942,4.3939,,1,0,0
ReflectionRefresh,1052,2.4723000824451447,2.4674,,1,0,0
ReflectionRefresh,1053,3.2880953513085842,3.2853,,1,0,0
ReflectionRefresh,1054,3.0660997144877911,3.0653,,1,0,0
ReflectionRefresh,1055,2.64109973795712,2.6316,,1,0,0
ReflectionRefresh,1056,2.8338010888546705,2.8314,,1,0,0
ReflectionRefresh,1057,2.7241993229836226,2.7215,,1,0,0
ReflectionRefresh,1058,2.6717048604041338,2.6701,,1,0,0
ReflectionRefresh,1059,2.8372944798320532,2.8331,,1,0,0
ReflectionRefresh,1060,2.5236040819436312,2.5211,,1,0,0
ReflectionRefresh,1061,2.8125992976129055,2.8066,,1,0,0
ReflectionRefresh,1062,3.01609979942441,3.0156,,1,0,0
ReflectionRefresh,1063,3.7714994978159666,3.77,,1,0,0
ReflectionRefresh,1064,2.5068027898669243,2.4996,,1,0,0
ReflectionRefresh,1065,2.7781957760453224,2.774,,1,0,0
ReflectionRefresh,1066,2.7997023425996304,2.8023,,1,0,0
ReflectionRefresh,1067,3.8270975928753614,3.8194,,1,0,0
ReflectionRefresh,1068,2.6817035395652056,2.6753,,1,0,0
ReflectionRefresh,1069,3.048901678994298,3.0481,,1,0,0
ReflectionRefresh,1070,2.6206986512988806,2.6137,,1,0,0
ReflectionRefresh,1071,3.0565971974283457,3.059,,1,0,0
ReflectionRefresh,1072,3.1852039974182844,3.178,,1,0,0
ReflectionRefresh,1073,2.8643989935517311,2.8608,,1,0,0
ReflectionRefresh,1074,4.2816963978111744,4.2763,,1,0,0
ReflectionRefresh,1075,20.386401563882828,20.3916,,1,0,0
ReflectionRefresh,1076,6.9386977702379227,6.9204,,1,0,0
ReflectionRefresh,1077,3.8102040998637676,3.8058,,1,0,0
ReflectionRefresh,1078,3.9375000633299351,3.935,,1,0,0
ReflectionRefresh,1079,4.3744971044361591,4.3698,,1,0,0
ReflectionRefresh,1080,3.0349986627697945,3.0399,,1,0,0
ReflectionRefresh,1081,3.1901006586849689,3.1698,,1,0,0
ReflectionRefresh,1082,4.2214994318783283,4.2215,,1,0,0
ReflectionRefresh,1083,2.8927011881023645,2.8858,,1,0,0
ReflectionRefresh,1084,2.7318026404827833,2.731,,1,0,0
ReflectionRefresh,1085,3.2192955259233713,3.2131,,1,0,0
ReflectionRefresh,1086,2.6836025062948465,2.6845,,1,0,0
ReflectionRefresh,1087,2.6873014867305756,2.6788,,1,0,0
ReflectionRefresh,1088,2.9198979027569294,2.9164,,1,0,0
ReflectionRefresh,1089,3.1711026094853878,3.1704,,1,0,0
ReflectionRefresh,1090,2.5688987225294113,2.5628,,1,0,0
ReflectionRefresh,1091,3.0546982306987047,3.052,,1,0,0
ReflectionRefresh,1092,2.9836026951670647,2.9865,,1,0,0
ReflectionRefresh,1093,5.776197649538517,5.7691,,1,0,0
ReflectionRefresh,1094,2.5408021174371243,2.5335,,1,0,0
ReflectionRefresh,1095,2.5904974900186062,2.5873,,1,0,0
ReflectionRefresh,1096,3.1390022486448288,3.1413,,1,0,0
ReflectionRefresh,1097,2.8060020413249731,2.7978,,1,0,0
ReflectionRefresh,1098,2.9642998706549406,2.9607,,1,0,0
ReflectionRefresh,1099,2.8934949077665806,2.8948,,1,0,0
ReflectionRefresh,1100,2.7861041016876698,2.7801,,1,0,0
ReflectionRefresh,1101,3.0357001814991236,3.0305,,1,0,0
ReflectionRefresh,1102,2.6359977200627327,2.6385,,1,0,0
ReflectionRefresh,1103,3.052600659430027,3.043,,1,0,0
ReflectionRefresh,1104,2.665497362613678,2.6616,,1,0,0
ReflectionRefresh,1105,2.9526997823268175,2.9524,,1,0,0
ReflectionRefresh,1106,6.7309029400348663,6.7267,,1,0,0
ReflectionRefresh,1107,2.7610969264060259,2.7554,,1,0,0
ReflectionRefresh,1108,3.4347008913755417,3.4332,,1,0,0
ReflectionRefresh,1109,3.0381022952497005,3.0348,,1,0,0
ReflectionRefresh,1110,2.3872023448348045,2.3806,,1,0,0
ReflectionRefresh,1111,10.799496434628963,10.8015,,1,0,0
ReflectionRefresh,1112,3.2170990016311407,3.2122,,1,0,0
ReflectionRefresh,1113,2.7027989272028208,2.6971,,1,0,0
ReflectionRefresh,1114,2.3718040902167559,2.3699,,1,0,0
ReflectionRefresh,1115,2.6020975783467293,2.6028,,1,0,0
ReflectionRefresh,1116,3.1017998699098825,3.0949,,1,0,0
ReflectionRefresh,1117,3.1349984928965569,3.1335,,1,0,0
ReflectionRefresh,1118,2.4045989848673344,2.3984,,1,0,0
ReflectionRefresh,1119,2.798405708745122,2.8036,,1,0,0
ReflectionRefresh,1120,2.599397674202919,2.5896,,1,0,0
ReflectionRefresh,1121,2.5990009307861328,2.597,,1,0,0
ReflectionRefresh,1122,2.7468963526189327,2.7393,,1,0,0
ReflectionRefresh,1123,2.8160004876554012,2.817,,1,0,0
ReflectionRefresh,1124,3.3347010612487793,3.3314,,1,0,0
ReflectionRefresh,1125,2.6066042482852936,2.6024,,1,0,0
ReflectionRefresh,1126,2.5317955296486616,2.5324,,1,0,0
ReflectionRefresh,1127,2.4552012328058481,2.4534,,1,0,0
ReflectionRefresh,1128,3.9431974291801453,3.9377,,1,0,0
ReflectionRefresh,1129,2.3455002810806036,2.339,,1,0,0
ReflectionRefresh,1130,3.1477040611207485,3.1486,,1,0,0
ReflectionRefresh,1131,2.5627976283431053,2.5579,,1,0,0
ReflectionRefresh,1132,2.621697960421443,2.6175,,1,0,0
ReflectionRefresh,1133,2.6752054691314697,2.6712,,1,0,0
ReflectionRefresh,1134,3.763499204069376,3.7628,,1,0,0
ReflectionRefresh,1135,2.5285996962338686,2.5229,,1,0,0
ReflectionRefresh,1136,2.7834963984787464,2.7848,,1,0,0
ReflectionRefresh,1137,3.3643990755081177,3.3611,,1,0,0
ReflectionRefresh,1138,2.3142998106777668,2.308,,1,0,0
ReflectionRefresh,1139,3.5055058542639017,3.5062,,1,0,0
ReflectionRefresh,1140,2.5050949770957232,2.5,,1,0,0
ReflectionRefresh,1141,2.8207057621330023,2.8194,,1,0,0
ReflectionRefresh,1142,2.6233985554426908,2.6212,,1,0,0
ReflectionRefresh,1143,2.6162981521338224,2.6123,,1,0,0
ReflectionRefresh,1144,2.885402413085103,2.8806,,1,0,0
ReflectionRefresh,1145,2.9100978281348944,2.9077,,1,0,0
ReflectionRefresh,1146,2.5012968108057976,2.4972,,1,0,0
ReflectionRefresh,1147,2.8614015318453312,2.8633,,1,0,0
ReflectionRefresh,1148,2.5881023611873388,2.5781,,1,0,0
ReflectionRefresh,1149,2.5199970696121454,2.5206,,1,0,0
ReflectionRefresh,1150,3.1167021952569485,3.1126,,1,0,0
ReflectionRefresh,1151,2.7913975063711405,2.7891,,1,0,0
ReflectionRefresh,1152,2.7285998221486807,2.7256,,1,0,0
ReflectionRefresh,1153,2.4515022523701191,2.4462,,1,0,0
ReflectionRefresh,1154,2.7294997125864029,2.7305,,1,0,0
ReflectionRefresh,1155,2.8898029122501612,2.8889,,1,0,0
ReflectionRefresh,1156,2.751495223492384,2.7408,,1,0,0
ReflectionRefresh,1157,2.6366000529378653,2.6349,,1,0,0
ReflectionRefresh,1158,2.741602947935462,2.7409,,1,0,0
ReflectionRefresh,1159,2.6189980562776327,2.6138,,1,0,0
ReflectionRefresh,1160,2.5330001953989267,2.5304,,1,0,0
ReflectionRefresh,1161,3.0937995761632919,3.0875,,1,0,0
ReflectionRefresh,1162,2.4000001139938831,2.398,,1,0,0
ReflectionRefresh,1163,2.9988023452460766,2.9989,,1,0,0
ReflectionRefresh,1164,2.6322987396270037,2.626,,1,0,0
ReflectionRefresh,1165,2.8031037654727697,2.8035,,1,0,0
ReflectionRefresh,1166,3.1285998411476612,3.128,,1,0,0
ReflectionRefresh,1167,2.5262967683374882,2.5181,,1,0,0
ReflectionRefresh,1168,3.18069732747972,3.1774,,1,0,0
ReflectionRefresh,1169,2.6187996845692396,2.6167,,1,0,0
ReflectionRefresh,1170,2.7179068420082331,2.715,,1,0,0
ReflectionRefresh,1171,2.6834963355213404,2.6783,,1,0,0
ReflectionRefresh,1172,2.671301132068038,2.6698,,1,0,0
ReflectionRefresh,1173,2.7153983246535063,2.7075,,1,0,0
ReflectionRefresh,1174,3.0572987161576748,3.059,,1,0,0
ReflectionRefresh,1175,2.4990008678287268,2.4918,,1,0,0
ReflectionRefresh,1176,3.0169005040079355,3.0181,,1,0,0
ReflectionRefresh,1177,3.0401006806641817,3.0372,,1,0,0
ReflectionRefresh,1178,2.8354024980217218,2.83,,1,0,0
ReflectionRefresh,1179,3.19769699126482,3.1987,,1,0,0
ReflectionRefresh,1180,2.8937996830791235,2.8857,,1,0,0
ReflectionRefresh,1181,2.7444020379334688,2.7377,,1,0,0
ReflectionRefresh,1182,2.5432964321225882,2.5438,,1,0,0
ReflectionRefresh,1183,3.5185019951313734,3.5151,,1,0,0
ReflectionRefresh,1184,3.1299036927521229,3.1254,,1,0,0
ReflectionRefresh,1185,2.3997945245355368,2.3923,,1,0,0
ReflectionRefresh,1186,2.8369047213345766,2.8382,,1,0,0
ReflectionRefresh,1187,2.5607992429286242,2.5537,,1,0,0
ReflectionRefresh,1188,3.1939980108290911,3.1936,,1,0,0
ReflectionRefresh,1189,2.5433036498725414,2.5408,,1,0,0
ReflectionRefresh,1190,2.7371952310204506,2.736,,1,0,0
ReflectionRefresh,1191,3.9324052631855011,3.9259,,1,0,0
ReflectionRefresh,1192,2.6968962047249079,2.6918,,1,0,0
ReflectionRefresh,1193,2.5639031082391739,2.5643,,1,0,0
ReflectionRefresh,1194,3.8086946588009596,3.806,,1,0,0
ReflectionRefresh,1195,2.7527990750968456,2.7478,,1,0,0
ReflectionRefresh,1196,2.6151007041335106,2.6157,,1,0,0
ReflectionRefresh,1197,2.947002649307251,2.9394,,1,0,0
ReflectionRefresh,1198,2.6350978296250105,2.6353,,1,0,0
ReflectionRefresh,1199,3.7620039656758308,3.7561,,1,0,0
ReflectionRefresh,1200,3.0616992153227329,3.0582,,1,0,0
ReflectionRefresh,1201,2.7499007992446423,2.7481,,1,0,0
ReflectionRefresh,1202,2.7308957651257515,2.7262,,1,0,0
ReflectionRefresh,1203,2.6535005308687687,2.6529,,1,0,0
ReflectionRefresh,1204,2.70359986461699,2.7023,,1,0,0
ReflectionRefresh,1205,2.5365008041262627,2.5282,,1,0,0
ReflectionRefresh,1206,2.859998494386673,2.8599,,1,0,0
ReflectionRefresh,1207,3.2535006757825613,3.2488,,1,0,0
ReflectionRefresh,1208,2.5561011862009764,2.5551,,1,0,0
ReflectionRefresh,1209,2.6223000604659319,2.62,,1,0,0
ReflectionRefresh,1210,3.2026998233050108,3.1993,,1,0,0
ReflectionRefresh,1211,3.10390442609787,3.1021,,1,0,0
ReflectionRefresh,1212,2.9205994214862585,2.91,,1,0,0
ReflectionRefresh,1213,2.9076954815536737,2.9039,,1,0,0
ReflectionRefresh,1214,2.6114017236977816,2.6085,,1,0,0
ReflectionRefresh,1215,3.6653983406722546,3.6622,,1,0,0
ReflectionRefresh,1216,2.8050027322024107,2.8063,,1,0,0
ReflectionRefresh,1217,2.5671981275081635,2.5601,,1,0,0
ReflectionRefresh,1218,3.0964002944529057,3.0961,,1,0,0
ReflectionRefresh,1219,2.5240008253604174,2.5184,,1,0,0
ReflectionRefresh,1220,2.8389031067490578,2.8395,,1,0,0
ReflectionRefresh,1221,2.6483985129743814,2.6417,,1,0,0
ReflectionRefresh,1222,2.6436012703925371,2.6427,,1,0,0
ReflectionRefresh,1223,2.6626985054463148,2.6558,,1,0,0
ReflectionRefresh,1224,2.75160139426589,2.7518,,1,0,0
ReflectionRefresh,1225,2.436493756249547,2.4339,,1,0,0
ReflectionRefresh,1226,3.042205236852169,3.0356,,1,0,0
ReflectionRefresh,1227,2.9063988476991653,2.9038,,1,0,0
ReflectionRefresh,1228,3.0947986524552107,3.0913,,1,0,0
ReflectionRefresh,1229,2.8667021542787552,2.8613,,1,0,0
ReflectionRefresh,1230,2.6889950968325138,2.6944,,1,0,0
ReflectionRefresh,1231,3.0142997857183218,3.0031,,1,0,0
ReflectionRefresh,1232,3.565802238881588,3.5613,,1,0,0
ReflectionRefresh,1233,2.456901827827096,2.4506,,1,0,0
ReflectionRefresh,1234,2.9815973248332739,2.9853,,1,0,0
ReflectionRefresh,1235,3.2252054661512375,3.2159,,1,0,0
ReflectionRefresh,1236,2.722498495131731,2.7201,,1,0,0
ReflectionRefresh,1237,2.9041951056569815,2.901,,1,0,0
ReflectionRefresh,1238,2.681101206690073,2.6792,,1,0,0
ReflectionRefresh,1239,2.8309028130024672,2.8264,,1,0,0
ReflectionRefresh,1240,2.6548965834081173,2.6552,,1,0,0
ReflectionRefresh,1241,2.7238023467361927,2.719,,1,0,0
ReflectionRefresh,1242,3.0401998665183783,3.0341,,1,0,0
ReflectionRefresh,1243,2.7073980309069157,2.7047,,1,0,0
ReflectionRefresh,1244,2.7676019817590714,2.7659,,1,0,0
ReflectionRefresh,1245,2.6018992066383362,2.5989,,1,0,0
ReflectionRefresh,1246,2.9887047130614519,2.9865,,1,0,0
ReflectionRefresh,1247,2.4971938692033291,2.496,,1,0,0
ReflectionRefresh,1248,3.59810097143054,3.5899,,1,0,0
ReflectionRefresh,1249,2.9545989818871021,2.9515,,1,0,0
ReflectionRefresh,1250,2.5615007616579533,2.5596,,1,0,0
ReflectionRefresh,1251,2.6034014299511909,2.6137,,1,0,0
ReflectionRefresh,1252,3.1001984607428312,3.0819,,1,0,0
ReflectionRefresh,1253,2.9740007594227791,2.9718,,1,0,0
ReflectionRefresh,1254,2.7161990292370319,2.7086,,1,0,0
ReflectionRefresh,1255,2.8759990818798542,2.8741,,1,0,0
ReflectionRefresh,1256,3.0693027656525373,3.0672,,1,0,0
ReflectionRefresh,1257,5.7515022344887257,5.7438,,1,0,0
ReflectionRefresh,1258,2.66079930588603,2.6586,,1,0,0
ReflectionRefresh,1259,3.8825962692499161,3.8831,,1,0,0
ReflectionRefresh,1260,3.1065051443874836,3.0981,,1,0,0
ReflectionRefresh,1261,2.7934948448091745,2.7908,,1,0,0
ReflectionRefresh,1262,3.3205002546310425,3.3172,,1,0,0
ReflectionRefresh,1263,3.2673045061528683,3.2653,,1,0,0
ReflectionRefresh,1264,3.1197988428175449,3.1158,,1,0,0
ReflectionRefresh,1265,2.8338010888546705,2.8309,,1,0,0
ReflectionRefresh,1266,2.8590986039489508,2.8564,,1,0,0
ReflectionRefresh,1267,3.4273029305040836,3.4289,,1,0,0
ReflectionRefresh,1268,2.9691965319216251,2.9611,,1,0,0
ReflectionRefresh,1269,3.0776006169617176,3.079,,1,0,0
ReflectionRefresh,1270,2.9919997323304415,2.9856,,1,0,0
ReflectionRefresh,1271,3.1963009387254715,3.192,,1,0,0
ReflectionRefresh,1272,3.0780965462327003,3.0731,,1,0,0
ReflectionRefresh,1273,2.84280045889318,2.8398,,1,0,0
ReflectionRefresh,1274,2.9512045439332724,2.9522,,1,0,0
ReflectionRefresh,1275,2.92529771104455,2.9194,,1,0,0
ReflectionRefresh,1276,2.6699972804635763,2.6706,,1,0,0
ReflectionRefresh,1277,4.926502238959074,4.924,,1,0,0
ReflectionRefresh,1278,3.1166027765721083,3.1081,,1,0,0
ReflectionRefresh,1279,3.0906959436833858,3.0922,,1,0,0
ReflectionRefresh,1280,3.5347009543329477,3.5291,,1,0,0
ReflectionRefresh,1281,3.0176020227372646,3.0107,,1,0,0
ReflectionRefresh,1282,3.1482994090765715,3.1431,,1,0,0
ReflectionRefresh,1283,2.7812996413558722,2.7775,,1,0,0
ReflectionRefresh,1284,3.1164966057986021,3.1164,,1,0,0
ReflectionRefresh,1285,2.9321003239601851,2.9232,,1,0,0
ReflectionRefresh,1286,2.9124999418854713,2.9053,,1,0,0
ReflectionRefresh,1287,2.8384991455823183,2.8334,,1,0,0
ReflectionRefresh,1288,3.579804440960288,3.5816,,1,0,0
ReflectionRefresh,1289,2.5602960959076881,2.5532,,1,0,0
ReflectionRefresh,1290,2.879301318898797,2.8818,,1,0,0
ReflectionRefresh,1291,2.7781038079410791,2.7743,,1,0,0
ReflectionRefresh,1292,2.9562003910541534,2.9521,,1,0,0
ReflectionRefresh,1293,3.0935942195355892,3.0875,,1,0,0
ReflectionRefresh,1294,2.8282029088586569,2.8257,,1,0,0
ReflectionRefresh,1295,2.7712017763406038,2.7621,,1,0,0
ReflectionRefresh,1296,2.6794006116688251,2.6797,,1,0,0
ReflectionRefresh,1297,3.2899943180382252,3.2886,,1,0,0
ReflectionRefresh,1298,2.8475057333707809,2.8407,,1,0,0
ReflectionRefresh,1299,2.7458970434963703,2.7465,,1,0,0
ReflectionRefresh,1300,3.2533020712435246,3.2508,,1,0,0
ReflectionRefresh,1301,2.8669997118413448,2.8602,,1,0,0
ReflectionRefresh,1302,2.6116000954061747,2.6096,,1,0,0
ReflectionRefresh,1303,4.4188988395035267,4.4179,,1,0,0
ReflectionRefresh,1304,2.7723002713173628,2.7678,,1,0,0
ReflectionRefresh,1305,3.5739017184823751,3.5716,,1,0,0
ReflectionRefresh,1306,2.5519982445985079,2.5459,,1,0,0
ReflectionRefresh,1307,3.3535005059093237,3.3554,,1,0,0
ReflectionRefresh,1308,3.4656957723200321,3.4582,,1,0,0
ReflectionRefresh,1309,2.6002055965363979,2.5937,,1,0,0
ReflectionRefresh,1310,3.3607000950723886,3.3604,,1,0,0
ReflectionRefresh,1311,2.5004961062222719,2.4931,,1,0,0
ReflectionRefresh,1312,3.1991000287234783,3.1958,,1,0,0
ReflectionRefresh,1313,3.0025013256818056,3.0022,,1,0,0
ReflectionRefresh,1314,2.7528982609510422,2.7522,,1,0,0
ReflectionRefresh,1315,2.9399022459983826,2.932,,1,0,0
ReflectionRefresh,1316,3.7849985528737307,3.7816,,1,0,0
ReflectionRefresh,1317,3.0300028156489134,3.0225,,1,0,0
ReflectionRefresh,1318,3.99609562009573,3.9954,,1,0,0
ReflectionRefresh,1319,2.4391014594584703,2.4321,,1,0,0
ReflectionRefresh,1320,3.063499229028821,3.0622,,1,0,0
ReflectionRefresh,1321,3.1417021527886391,3.1376,,1,0,0
ReflectionRefresh,1322,2.9788974206894636,2.9729,,1,0,0
ReflectionRefresh,1323,3.303904552012682,3.3045,,1,0,0
ReflectionRefresh,1324,2.7200963813811541,2.715,,1,0,0
ReflectionRefresh,1325,2.8702027630060911,2.8688,,1,0,0
ReflectionRefresh,1326,3.3160997554659843,3.3146,,1,0,0
ReflectionRefresh,1327,2.507298719137907,2.5001,,1,0,0
ReflectionRefresh,1328,2.8902990743517876,2.8899,,1,0,0
ReflectionRefresh,1329,3.4773030783981085,3.4753,,1,0,0
ReflectionRefresh,1330,2.5919005274772644,2.5837,,1,0,0
ReflectionRefresh,1331,3.0632014386355877,3.063,,1,0,0
ReflectionRefresh,1332,3.6379960365593433,3.6365,,1,0,0
ReflectionRefresh,1333,2.6492984034121037,2.6451,,1,0,0
ReflectionRefresh,1334,2.8705003205686808,2.8663,,1,0,0
ReflectionRefresh,1335,2.5304988957941532,2.5248,,1,0,0
ReflectionRefresh,1336,2.861004788428545,2.8611,,1,0,0
ReflectionRefresh,1337,2.5241000112146139,2.5183,,1,0,0
ReflectionRefresh,1338,3.2651005312800407,3.2629,,1,0,0
ReflectionRefresh,1339,2.7459962293505669,2.7454,,1,0,0
ReflectionRefresh,1340,2.8312003705650568,2.8282,,1,0,0
ReflectionRefresh,1341,2.7606009971350431,2.754,,1,0,0
ReflectionRefresh,1342,2.6852961163967848,2.6835,,1,0,0
ReflectionRefresh,1343,2.9614015948027372,2.9611,,1,0,0
ReflectionRefresh,1344,3.0223000794649124,3.0135,,1,0,0
ReflectionRefresh,1345,2.830201294273138,2.8301,,1,0,0
ReflectionRefresh,1346,2.527997363358736,2.527,,1,0,0
ReflectionRefresh,1347,2.7376061771064997,2.7333,,1,0,0
ReflectionRefresh,1348,2.610296243801713,2.6013,,1,0,0
ReflectionRefresh,1349,3.2130030449479818,3.2131,,1,0,0
ReflectionRefresh,1350,2.5705003645271063,2.5637,,1,0,0
ReflectionRefresh,1351,2.8044003993272781,2.8052,,1,0,0
ReflectionRefresh,1352,3.4173964522778988,3.415,,1,0,0
ReflectionRefresh,1353,2.6675027329474688,2.6633,,1,0,0
ReflectionRefresh,1354,3.0346938874572515,3.0278,,1,0,0
ReflectionRefresh,1355,3.0466057360172272,3.0438,,1,0,0
ReflectionRefresh,1356,3.1503967475146055,3.151,,1,0,0
ReflectionRefresh,1357,2.632001182064414,2.6274,,1,0,0
ReflectionRefresh,1358,2.8177013155072927,2.8144,,1,0,0
ReflectionRefresh,1359,2.6669004000723362,2.6651,,1,0,0
ReflectionRefresh,1360,2.7237953618168831,2.7162,,1,0,0
ReflectionRefresh,1361,3.0802013352513313,3.0815,,1,0,0
ReflectionRefresh,1362,3.451998345553875,3.4457,,1,0,0
ReflectionRefresh,1363,2.6717048604041338,2.6649,,1,0,0
ReflectionRefresh,1364,2.5736961979418993,2.5713,,1,0,0
ReflectionRefresh,1365,3.9027989841997623,3.903,,1,0,0
ReflectionRefresh,1366,2.4830994661897421,2.4765,,1,0,0
ReflectionRefresh,1367,2.7783021796494722,2.7788,,1,0,0
ReflectionRefresh,1368,2.6928004808723927,2.6866,,1,0,0
ReflectionRefresh,1369,2.532504266127944,2.5306,,1,0,0
ReflectionRefresh,1370,2.722498495131731,2.7208,,1,0,0
ReflectionRefresh,1371,2.8525013476610184,2.8466,,1,0,0
ReflectionRefresh,1372,3.2453939784318209,3.2453,,1,0,0
ReflectionRefresh,1373,2.6491000317037106,2.6433,,1,0,0
ReflectionRefresh,1374,2.8727040626108646,2.8735,,1,0,0
ReflectionRefresh,1375,2.7483985759317875,2.7439,,1,0,0
ReflectionRefresh,1376,2.78000277467072,2.7705,,1,0,0
ReflectionRefresh,1377,3.0714995227754116,3.0717,,1,0,0
ReflectionRefresh,1378,2.6303997728973627,2.6241,,1,0,0
ReflectionRefresh,1379,2.6199971325695515,2.6222,,1,0,0
ReflectionRefresh,1380,3.2776999287307262,3.2728,,1,0,0
ReflectionRefresh,1381,2.5326034519821405,2.5306,,1,0,0
ReflectionRefresh,1382,3.1537981703877449,3.1489,,1,0,0
ReflectionRefresh,1383,3.0450962949544191,3.0365,,1,0,0
ReflectionRefresh,1384,3.0469032935798168,3.0479,,1,0,0
ReflectionRefresh,1385,2.858099527657032,2.8525,,1,0,0
ReflectionRefresh,1386,2.727799117565155,2.7259,,1,0,0
ReflectionRefresh,1387,2.6677013374865055,2.6612,,1,0,0
ReflectionRefresh,1388,2.7590985409915447,2.758,,1,0,0
ReflectionRefresh,1389,3.5541029646992683,3.5534,,1,0,0
ReflectionRefresh,1390,3.2775013241916895,3.2741,,1,0,0
ReflectionRefresh,1391,2.3630952928215265,2.3582,,1,0,0
ReflectionRefresh,1392,3.013300709426403,3.014,,1,0,0
ReflectionRefresh,1393,2.7998015284538269,2.7903,,1,0,0
ReflectionRefresh,1394,3.0766015406697989,3.0748,,1,0,0
ReflectionRefresh,1395,2.719394862651825,2.7182,,1,0,0
ReflectionRefresh,1396,2.86250002682209,2.8568,,1,0,0
ReflectionRefresh,1397,3.0472008511424065,3.0451,,1,0,0
ReflectionRefresh,1398,2.6371031999588013,2.6317,,1,0,0
ReflectionRefresh,1399,2.7828018646687269,2.7757,,1,0,0
ReflectionRefresh,1400,3.1881944742053747,3.1891,,1,0,0
ReflectionRefresh,1401,2.90490360930562,2.8972,,1,0,0
ReflectionRefresh,1402,2.6659013237804174,2.6649,,1,0,0
ReflectionRefresh,1403,3.1942955683916807,3.1899,,1,0,0
ReflectionRefresh,1404,2.932405099272728,2.93,,1,0,0
ReflectionRefresh,1405,3.0622945632785559,3.0564,,1,0,0
ReflectionRefresh,1406,3.2785006333142519,3.2776,,1,0,0
ReflectionRefresh,1407,3.0542020685970783,3.0455,,1,0,0
ReflectionRefresh,1408,3.0403982382267714,3.0379,,1,0,0
ReflectionRefresh,1409,2.7996031567454338,2.7952,,1,0,0
ReflectionRefresh,1410,3.4300950355827808,3.4251,,1,0,0
ReflectionRefresh,1411,3.1826035119593143,3.1812,,1,0,0
ReflectionRefresh,1412,3.0673965811729431,3.0622,,1,0,0
ReflectionRefresh,1413,2.796804066747427,2.7985,,1,0,0
ReflectionRefresh,1414,2.7518991846591234,2.7453,,1,0,0
ReflectionRefresh,1415,3.477402264252305,3.4726,,1,0,0
ReflectionRefresh,1416,2.9963010456413031,2.9962,,1,0,0
ReflectionRefresh,1417,2.5382936000823975,2.5329,,1,0,0
ReflectionRefresh,1418,3.3408021554350853,3.3423,,1,0,0
ReflectionRefresh,1419,2.9415036551654339,2.9364,,1,0,0
ReflectionRefresh,1420,4.32179681956768,4.3191,,1,0,0
ReflectionRefresh,1421,3.1077025923877954,3.0988,,1,0,0
ReflectionRefresh,1422,2.80039687640965,2.8003,,1,0,0
ReflectionRefresh,1423,3.0348000582307577,3.0286,,1,0,0
ReflectionRefresh,1424,2.6803996879607439,2.6802,,1,0,0
ReflectionRefresh,1425,3.4113023430109024,3.403,,1,0,0
ReflectionRefresh,1426,3.2025014515966177,3.2029,,1,0,0
ReflectionRefresh,1427,3.1747946050018072,3.1671,,1,0,0
ReflectionRefresh,1428,2.8806051705032587,2.8772,,1,0,0
ReflectionRefresh,1429,3.25710023753345,3.2543,,1,0,0
ReflectionRefresh,1430,2.8083971701562405,2.8087,,1,0,0
ReflectionRefresh,1431,2.7381023392081261,2.7358,,1,0,0
ReflectionRefresh,1432,2.8190971352159977,2.8123,,1,0,0
ReflectionRefresh,1433,2.8574971947818995,2.8574,,1,0,0
ReflectionRefresh,1434,4.1084042750298977,4.1057,,1,0,0
ReflectionRefresh,1435,2.5174957700073719,2.5109,,1,0,0
ReflectionRefresh,1436,3.2042020466178656,3.2047,,1,0,0
ReflectionRefresh,1437,5.3349984809756279,5.3281,,1,0,0
ReflectionRefresh,1438,2.741099800914526,2.7404,,1,0,0
ReflectionRefresh,1439,3.2583049032837152,3.2515,,1,0,0
ReflectionRefresh,1440,3.3130953088402748,3.3164,,1,0,0
ReflectionRefresh,1441,2.8872024267911911,2.8739,,1,0,0
ReflectionRefresh,1442,3.1795988325029612,3.1762,,1,0,0
ReflectionRefresh,1443,2.5281037669628859,2.5226,,1,0,0
ReflectionRefresh,1444,3.2714002300053835,3.2737,,1,0,0
ReflectionRefresh,1445,3.1178996432572603,3.1126,,1,0,0
ReflectionRefresh,1446,2.710296306759119,2.7036,,1,0,0
ReflectionRefresh,1447,2.9217049013823271,2.9235,,1,0,0
ReflectionRefresh,1448,3.3344954717904329,3.3242,,1,0,0
ReflectionRefresh,1449,3.1186011619865894,3.1151,,1,0,0
ReflectionRefresh,1450,3.2929987646639347,3.2915,,1,0,0
ReflectionRefresh,1451,3.0283022206276655,3.0288,,1,0,0
ReflectionRefresh,1452,2.9324970673769712,2.9265,,1,0,0
ReflectionRefresh,1453,2.7370040770620108,2.7372,,1,0,0
ReflectionRefresh,1454,2.6788974646478891,2.6726,,1,0,0
ReflectionRefresh,1455,2.8874999843537807,2.8801,,1,0,0
ReflectionRefresh,1456,2.960501704365015,2.9628,,1,0,0
ReflectionRefresh,1457,2.850701566785574,2.8404,,1,0,0
ReflectionRefresh,1458,3.1133007723838091,3.1106,,1,0,0
ReflectionRefresh,1459,2.5780966971069574,2.5758,,1,0,0
ReflectionRefresh,1460,3.1660005915910006,3.1665,,1,0,0
ReflectionRefresh,1461,2.6884991675615311,2.6852,,1,0,0
ReflectionRefresh,1462,2.9550029430538416,2.9485,,1,0,0
ReflectionRefresh,1463,3.1479946337640285,3.144,,1,0,0
ReflectionRefresh,1464,22.151701152324677,22.1528,,1,0,0
ReflectionRefresh,1465,2.6117984671145678,2.6015,,1,0,0
ReflectionRefresh,1466,19.82480101287365,19.8269,,1,0,0
ReflectionRefresh,1467,2.8411990497261286,2.8371,,1,0,0
ReflectionRefresh,1468,2.9895054176449776,2.9815,,1,0,0
ReflectionRefresh,1469,3.5437003243714571,3.5372,,1,0,0
ReflectionRefresh,1470,2.4279975332319736,2.4277,,1,0,0
ReflectionRefresh,1471,3.429698059335351,3.4258,,1,0,0
ReflectionRefresh,1472,2.2731008939445019,2.2685,,1,0,0
ReflectionRefresh,1473,2.6162981521338224,2.6117,,1,0,0
ReflectionRefresh,1474,2.63849925249815,2.6359,,1,0,0
ReflectionRefresh,1475,2.8346017934381962,2.8329,,1,0,0
ReflectionRefresh,1476,2.549000782892108,2.545,,1,0,0
ReflectionRefresh,1477,2.7291029691696167,2.7296,,1,0,0
ReflectionRefresh,1478,2.6683956384658813,2.6558,,1,0,0
ReflectionRefresh,1479,2.447101753205061,2.4471,,1,0,0
ReflectionRefresh,1480,2.6346016675233841,2.6314,,1,0,0
ReflectionRefresh,1481,3.2084963750094175,3.2052,,1,0,0
ReflectionRefresh,1482,2.46519991196692,2.4591,,1,0,0
ReflectionRefresh,1483,2.8262047562748194,2.8246,,1,0,0
ReflectionRefresh,1484,2.8922972269356251,2.8911,,1,0,0
ReflectionRefresh,1485,2.4037982802838087,2.4005,,1,0,0
ReflectionRefresh,1486,2.6064058765769005,2.6018,,1,0,0
ReflectionRefresh,1487,3.0938987620174885,3.0883,,1,0,0
ReflectionRefresh,1488,2.5551940780133009,2.551,,1,0,0
ReflectionRefresh,1489,2.9955003410577774,2.994,,1,0,0
ReflectionRefresh,1490,2.4133007973432541,2.4087,,1,0,0
ReflectionRefresh,1491,2.7843040879815817,2.7839,,1,0,0
ReflectionRefresh,1492,3.0141014140099287,3.0079,,1,0,0
ReflectionRefresh,1493,2.732893917709589,2.7288,,1,0,0
ReflectionRefresh,1494,2.51030339859426,2.5085,,1,0,0
ReflectionRefresh,1495,2.8373016975820065,2.8381,,1,0,0
ReflectionRefresh,1496,2.5880951434373856,2.5835,,1,0,0
ReflectionRefresh,1497,3.4010063391178846,3.3949,,1,0,0
ReflectionRefresh,1498,2.467297250404954,2.4685,,1,0,0
ReflectionRefresh,1499,2.715100534260273,2.7087,,1,0,0
ReflectionRefresh,1500,2.8328017797321081,2.8306,,1,0,0
ReflectionRefresh,1501,2.6294996496289968,2.6252,,1,0,0
ReflectionRefresh,1502,2.6160997804254293,2.6177,,1,0,0
ReflectionRefresh,1503,2.8339002747088671,2.8196,,1,0,0
ReflectionRefresh,1504,3.1812004745006561,3.1822,,1,0,0
ReflectionRefresh,1505,2.6155966334044933,2.6119,,1,0,0
ReflectionRefresh,1506,2.7266014367341995,2.7209,,1,0,0
ReflectionRefresh,1507,2.5074970908463,2.505,,1,0,0
ReflectionRefresh,1508,2.8758007101714611,2.8739,,1,0,0
ReflectionRefresh,1509,3.4670988097786903,3.4627,,1,0,0
ReflectionRefresh,1510,2.6720026507973671,2.6718,,1,0,0
ReflectionRefresh,1511,2.9444019310176373,2.942,,1,0,0
ReflectionRefresh,1512,2.8843963518738747,2.8769,,1,0,0
ReflectionRefresh,1513,2.8329009655863047,2.8345,,1,0,0
ReflectionRefresh,1514,3.069600323215127,3.0651,,1,0,0
ReflectionRefresh,1515,3.1677011866122484,3.1652,,1,0,0
ReflectionRefresh,1516,2.5505952071398497,2.5439,,1,0,0
ReflectionRefresh,1517,2.8412060346454382,2.844,,1,0,0
ReflectionRefresh,1518,3.5165958106517792,3.5095,,1,0,0
ReflectionRefresh,1519,2.4455003440380096,2.4394,,1,0,0
ReflectionRefresh,1520,4.8263040371239185,4.8232,,1,0,0
ReflectionRefresh,1521,2.8018990997225046,2.7953,,1,0,0
ReflectionRefresh,1522,2.6070012245327234,2.6065,,1,0,0
ReflectionRefresh,1523,3.2892997842282057,3.2872,,1,0,0
ReflectionRefresh,1524,2.7203939389437437,2.7124,,1,0,0
ReflectionRefresh,1525,3.0056051909923553,3.0078,,1,0,0
ReflectionRefresh,1526,3.60109843313694,3.5954,,1,0,0
ReflectionRefresh,1527,2.4413974024355412,2.4351,,1,0,0
ReflectionRefresh,1528,3.027699887752533,3.0278,,1,0,0
ReflectionRefresh,1529,3.01870028488338,3.0134,,1,0,0
ReflectionRefresh,1530,2.8749008197337389,2.8704,,1,0,0
ReflectionRefresh,1531,2.7158020529896021,2.7138,,1,0,0
ReflectionRefresh,1532,2.6255953125655651,2.6241,,1,0,0
ReflectionRefresh,1533,2.6278060395270586,2.63,,1,0,0
ReflectionRefresh,1534,2.9313988052308559,2.9229,,1,0,0
ReflectionRefresh,1535,2.8111962601542473,2.8105,,1,0,0
ReflectionRefresh,1536,3.1752055510878563,3.1687,,1,0,0
ReflectionRefresh,1537,3.0227962415665388,3.0185,,1,0,0
ReflectionRefresh,1538,2.6196995750069618,2.6138,,1,0,0
ReflectionRefresh,1539,2.7383998967707157,2.7409,,1,0,0
ReflectionRefresh,1540,3.0314980540424585,3.0237,,1,0,0
ReflectionRefresh,1541,4.1557042859494686,4.1551,,1,0,0
ReflectionRefresh,1542,2.7706986293196678,2.7628,,1,0,0
ReflectionRefresh,1543,2.76030320674181,2.7575,,1,0,0
ReflectionRefresh,1544,2.8931973502039909,2.8939,,1,0,0
ReflectionRefresh,1545,2.6258998550474644,2.6221,,1,0,0
ReflectionRefresh,1546,3.2634991221129894,3.2578,,1,0,0
ReflectionRefresh,1547,2.8125992976129055,2.8124,,1,0,0
ReflectionRefresh,1548,3.4766015596687794,3.475,,1,0,0
ReflectionRefresh,1549,2.9018991626799107,2.8949,,1,0,0
ReflectionRefresh,1550,2.6517999358475208,2.6479,,1,0,0
ReflectionRefresh,1551,3.4336026292294264,3.435,,1,0,0
ReflectionRefresh,1552,2.8223993722349405,2.8178,,1,0,0
ReflectionRefresh,1553,2.82840128056705,2.8229,,1,0,0
ReflectionRefresh,1554,2.8554988093674183,2.8499,,1,0,0
ReflectionRefresh,1555,3.4321004059165716,3.435,,1,0,0
ReflectionRefresh,1556,2.60970089584589,2.602,,1,0,0
ReflectionRefresh,1557,3.1955002341419458,3.1928,,1,0,0
ReflectionRefresh,1558,2.9514951165765524,2.948,,1,0,0
ReflectionRefresh,1559,2.6568027678877115,2.6527,,1,0,0
ReflectionRefresh,1560,2.9587019234895706,2.9589,,1,0,0
ReflectionRefresh,1561,2.5803996250033379,2.5736,,1,0,0
ReflectionRefresh,1562,3.5486961714923382,3.5501,,1,0,0
ReflectionRefresh,1563,2.8521046042442322,2.846,,1,0,0
ReflectionRefresh,1564,3.0696995090693235,3.0631,,1,0,0
ReflectionRefresh,1565,2.7449971530586481,2.7457,,1,0,0
ReflectionRefresh,1566,2.7108986396342516,2.7091,,1,0,0
ReflectionRefresh,1567,3.588399849832058,3.5785,,1,0,0
ReflectionRefresh,1568,3.3000991679728031,3.3006,,1,0,0
ReflectionRefresh,1569,2.6589995250105858,2.6519,,1,0,0
ReflectionRefresh,1570,3.0739016365259886,3.0712,,1,0,0
ReflectionRefresh,1571,2.5839002337306738,2.581,,1,0,0
ReflectionRefresh,1572,2.7704010717570782,2.7675,,1,0,0
ReflectionRefresh,1573,3.2029973808676004,3.2056,,1,0,0
ReflectionRefresh,1574,2.5462019257247448,2.5392,,1,0,0
ReflectionRefresh,1575,2.9446994885802269,2.9403,,1,0,0
ReflectionRefresh,1576,3.080498892813921,3.0745,,1,0,0
ReflectionRefresh,1577,2.6166029274463654,2.6101,,1,0,0
ReflectionRefresh,1578,3.1812996603548527,3.1807,,1,0,0
ReflectionRefresh,1579,2.6019983924925327,2.5941,,1,0,0
ReflectionRefresh,1580,2.83980299718678,2.8519,,1,0,0
ReflectionRefresh,1581,3.2529975287616253,3.2473,,1,0,0
ReflectionRefresh,1582,2.3884992115199566,2.3699,,1,0,0
ReflectionRefresh,1583,2.79140449129045,2.7923,,1,0,0
ReflectionRefresh,1584,3.1637968495488167,3.1603,,1,0,0
ReflectionRefresh,1585,2.941702026873827,2.9382,,1,0,0
ReflectionRefresh,1586,2.4951954837888479,2.4903,,1,0,0
ReflectionRefresh,1587,3.4096017479896545,3.41,,1,0,0
ReflectionRefresh,1588,2.9773029964417219,2.9705,,1,0,0
ReflectionRefresh,1589,2.7692955918610096,2.7676,,1,0,0
ReflectionRefresh,1590,2.8556052129715681,2.8521,,1,0,0
ReflectionRefresh,1591,2.957596443593502,2.9573,,1,0,0
ReflectionRefresh,1592,2.5960034690797329,2.5893,,1,0,0
ReflectionRefresh,1593,2.945996355265379,2.9476,,1,0,0
ReflectionRefresh,1594,2.534403232857585,2.5306,,1,0,0
ReflectionRefresh,1595,3.2555980142205954,3.2491,,1,0,0
ReflectionRefresh,1596,2.8705003205686808,2.8701,,1,0,0
ReflectionRefresh,1597,2.7591979596763849,2.7528,,1,0,0
ReflectionRefresh,1598,2.9658020939677954,2.9626,,1,0,0
ReflectionRefresh,1599,2.8675028588622808,2.8666,,1,0,0
ReflectionRefresh,1600,2.6124999858438969,2.6065,,1,0,0
ReflectionRefresh,1601,3.1961947679519653,3.1946,,1,0,0
ReflectionRefresh,1602,3.0082056764513254,3.0051,,1,0,0
ReflectionRefresh,1603,2.5409935042262077,2.5355,,1,0,0
ReflectionRefresh,1604,2.8716058004647493,2.8725,,1,0,0
ReflectionRefresh,1605,2.58169649168849,2.5779,,1,0,0
ReflectionRefresh,1606,3.0439980328083038,3.0365,,1,0,0
ReflectionRefresh,1607,3.230605274438858,3.2317,,1,0,0
ReflectionRefresh,1608,2.7747945860028267,2.7673,,1,0,0
ReflectionRefresh,1609,2.63250432908535,2.632,,1,0,0
ReflectionRefresh,1610,2.6028982829302549,2.6012,,1,0,0
ReflectionRefresh,1611,3.468998009338975,3.4662,,1,0,0
ReflectionRefresh,1612,2.9330994002521038,2.9272,,1,0,0
ReflectionRefresh,1613,2.698604017496109,2.6994,,1,0,0
ReflectionRefresh,1614,3.162996144965291,3.1547,,1,0,0
ReflectionRefresh,1615,3.1251062173396349,3.1235,,1,0,0
ReflectionRefresh,1616,2.9013960156589746,2.897,,1,0,0
ReflectionRefresh,1617,3.9955996908247471,3.9941,,1,0,0
ReflectionRefresh,1618,5.4218042641878128,5.4158,,1,0,0
ReflectionRefresh,1619,2.3158942349255085,2.3139,,1,0,0
ReflectionRefresh,1620,3.2482000533491373,3.2491,,1,0,0
ReflectionRefresh,1621,3.2134000211954117,3.2063,,1,0,0
ReflectionRefresh,1622,2.6856008917093277,2.6845,,1,0,0
ReflectionRefresh,1623,2.7437002863734961,2.74,,1,0,0
ReflectionRefresh,1624,2.7328019496053457,2.7325,,1,0,0
ReflectionRefresh,1625,2.8566964901983738,2.8488,,1,0,0
ReflectionRefresh,1626,2.8109056875109673,2.8087,,1,0,0
ReflectionRefresh,1627,2.9564979486167431,2.9556,,1,0,0
ReflectionRefresh,1628,2.7831986080855131,2.7769,,1,0,0
ReflectionRefresh,1629,3.151303855702281,3.1505,,1,0,0
ReflectionRefresh,1630,3.1989938579499722,3.1963,,1,0,0
ReflectionRefresh,1631,4.3657030910253525,4.3629,,1,0,0
ReflectionRefresh,1632,2.8785998001694679,2.8711,,1,0,0
ReflectionRefresh,1633,3.22339846752584,3.2235,,1,0,0
ReflectionRefresh,1634,2.723001642152667,2.7169,,1,0,0
ReflectionRefresh,1635,2.976998221129179,2.9749,,1,0,0
ReflectionRefresh,1636,3.0714995227754116,3.0671,,1,0,0
ReflectionRefresh,1637,2.7221017517149448,2.7184,,1,0,0
ReflectionRefresh,1638,3.2643990125507116,3.2617,,1,0,0
ReflectionRefresh,1639,2.6200043503195047,2.6119,,1,0,0
ReflectionRefresh,1640,3.0250991694629192,3.0245,,1,0,0
ReflectionRefresh,1641,2.8433958068490028,2.8365,,1,0,0
ReflectionRefresh,1642,2.9933035839349031,2.9926,,1,0,0
ReflectionRefresh,1643,3.1268990132957697,3.1215,,1,0,0
ReflectionRefresh,1644,3.5285006742924452,3.5231,,1,0,0
ReflectionRefresh,1645,2.8257016092538834,2.8177,,1,0,0
ReflectionRefresh,1646,3.0213010031729937,3.0187,,1,0,0
ReflectionRefresh,1647,3.2382935751229525,3.2381,,1,0,0
ReflectionRefresh,1648,2.7401007246226072,2.7325,,1,0,0
ReflectionRefresh,1649,2.9267999343574047,2.9257,,1,0,0
ReflectionRefresh,1650,2.7584042400121689,2.7515,,1,0,0
ReflectionRefresh,1651,3.6373015027493238,3.6338,,1,0,0
ReflectionRefresh,1652,2.6503968983888626,2.6494,,1,0,0
ReflectionRefresh,1653,2.642899751663208,2.6421,,1,0,0
ReflectionRefresh,1654,2.8195010963827372,2.8158,,1,0,0
ReflectionRefresh,1655,2.6168012991547585,2.6152,,1,0,0
ReflectionRefresh,1656,2.796300919726491,2.7869,,1,0,0
ReflectionRefresh,1657,3.6035997327417135,3.6003,,1,0,0
ReflectionRefresh,1658,2.6723002083599567,2.6693,,1,0,0
ReflectionRefresh,1659,2.8805981855839491,2.8933,,1,0,0
ReflectionRefresh,1660,3.2798964530229568,3.2508,,1,0,0
ReflectionRefresh,1661,2.6414045132696629,2.6326,,1,0,0
ReflectionRefresh,1662,3.44479875639081,3.4429,,1,0,0
ReflectionRefresh,1663,2.824702300131321,2.8191,,1,0,0
ReflectionRefresh,1664,2.8837940189987421,2.8497,,1,0,0
ReflectionRefresh,1665,2.7850056067109108,2.7776,,1,0,0
ReflectionRefresh,1666,2.8553004376590252,2.8628,,1,0,0
ReflectionRefresh,1667,2.9339995235204697,2.9203,,1,0,0
ReflectionRefresh,1668,2.8120961505919695,2.8067,,1,0,0
ReflectionRefresh,1669,2.9364016372710466,2.9355,,1,0,0
ReflectionRefresh,1670,2.7694019954651594,2.762,,1,0,0
ReflectionRefresh,1671,2.7494968380779028,2.7508,,1,0,0
ReflectionRefresh,1672,2.7558035217225552,2.7489,,1,0,0
ReflectionRefresh,1673,3.2955994829535484,3.2922,,1,0,0
ReflectionRefresh,1674,2.7300950605422258,2.733,,1,0,0
ReflectionRefresh,1675,2.8505031950771809,2.8403,,1,0,0
ReflectionRefresh,1676,2.903500571846962,2.9055,,1,0,0
ReflectionRefresh,1677,2.8699971735477448,2.8612,,1,0,0
ReflectionRefresh,1678,2.8382015880197287,2.8357,,1,0,0
ReflectionRefresh,1679,3.7311012856662273,3.7312,,1,0,0
ReflectionRefresh,1680,2.7313989121466875,2.7258,,1,0,0
ReflectionRefresh,1681,2.8873016126453876,2.8863,,1,0,0
ReflectionRefresh,1682,3.4358985722064972,3.4333,,1,0,0
ReflectionRefresh,1683,2.7934028767049313,2.787,,1,0,0
ReflectionRefresh,1684,3.2414966262876987,3.2372,,1,0,0
ReflectionRefresh,1685,3.0169996898621321,3.0122,,1,0,0
ReflectionRefresh,1686,2.9567035380750895,2.9537,,1,0,0
ReflectionRefresh,1687,2.412599278613925,2.4107,,1,0,0
ReflectionRefresh,1688,2.7609977405518293,2.7611,,1,0,0
ReflectionRefresh,1689,3.0656037852168083,3.0625,,1,0,0
ReflectionRefresh,1690,2.7299956418573856,2.7236,,1,0,0
ReflectionRefresh,1691,2.7830994222313166,2.7836,,1,0,0
ReflectionRefresh,1692,2.8148030396550894,2.8106,,1,0,0
ReflectionRefresh,1693,3.2387967221438885,3.2317,,1,0,0
ReflectionRefresh,1694,2.5538052432239056,2.551,,1,0,0
ReflectionRefresh,1695,3.9566964842379093,3.957,,1,0,0
ReflectionRefresh,1696,2.5984977837651968,2.593,,1,0,0
ReflectionRefresh,1697,2.9906036797910929,2.9913,,1,0,0
ReflectionRefresh,1698,2.9060018714517355,2.8977,,1,0,0
ReflectionRefresh,1699,2.6845945976674557,2.6843,,1,0,0
ReflectionRefresh,1700,2.9821996577084064,2.9779,,1,0,0
ReflectionRefresh,1701,3.0705002136528492,3.0614,,1,0,0
ReflectionRefresh,1702,2.7499999850988388,2.7488,,1,0,0
ReflectionRefresh,1703,2.6449051219969988,2.6439,,1,0,0
ReflectionRefresh,1704,2.82269692979753,2.8126,,1,0,0
ReflectionRefresh,1705,2.8165036346763372,2.8177,,1,0,0
ReflectionRefresh,1706,3.1440972816199064,3.139,,1,0,0
ReflectionRefresh,1707,2.7791028842329979,2.7756,,1,0,0
ReflectionRefresh,1708,2.7784935664385557,2.7712,,1,0,0
ReflectionRefresh,1709,3.3012046478688717,3.3003,,1,0,0
ReflectionRefresh,1710,3.1052012927830219,3.1001,,1,0,0
ReflectionRefresh,1711,3.2099985983222723,3.2087,,1,0,0
ReflectionRefresh,1712,3.1766013707965612,3.173,,1,0,0
ReflectionRefresh,1713,3.0267999973148108,3.0203,,1,0,0
ReflectionRefresh,1714,2.6655965484678745,2.6615,,1,0,0
ReflectionRefresh,1715,3.9296979084610939,3.9312,,1,0,0
ReflectionRefresh,1716,2.6861040387302637,2.679,,1,0,0
ReflectionRefresh,1717,2.9397958423942327,2.9391,,1,0,0
ReflectionRefresh,1718,2.8991000726819038,2.8932,,1,0,0
ReflectionRefresh,1719,2.9315052088350058,2.933,,1,0,0
ReflectionRefresh,1720,3.1161990482360125,3.1073,,1,0,0
ReflectionRefresh,1721,2.8377976268529892,2.8389,,1,0,0
ReflectionRefresh,1722,3.1754039227962494,3.1637,,1,0,0
ReflectionRefresh,1723,2.7925949543714523,2.7892,,1,0,0
ReflectionRefresh,1724,2.9844033997505903,2.9822,,1,0,0
ReflectionRefresh,1725,3.247101791203022,3.244,,1,0,0
ReflectionRefresh,1726,3.1659933738410473,3.1639,,1,0,0
ReflectionRefresh,1727,3.4752055071294308,3.4716,,1,0,0
ReflectionRefresh,1728,2.9372945427894592,2.9344,,1,0,0
ReflectionRefresh,1729,3.109403420239687,3.0989,,1,0,0
ReflectionRefresh,1730,2.9615007806569338,2.9597,,1,0,0
ReflectionRefresh,1731,3.3424957655370235,3.3372,,1,0,0
ReflectionRefresh,1732,3.1636054627597332,3.1597,,1,0,0
ReflectionRefresh,1733,2.9484976548701525,2.9454,,1,0,0
ReflectionRefresh,1734,2.9509991873055696,2.947,,1,0,0
ReflectionRefresh,1735,3.0670990236103535,3.0633,,1,0,0
ReflectionRefresh,1736,3.2661990262567997,3.2611,,1,0,0
ReflectionRefresh,1737,2.9689059592783451,2.9702,,1,0,0
ReflectionRefresh,1738,3.3197987359017134,3.31,,1,0,0
ReflectionRefresh,1739,3.1954010482877493,3.1948,,1,0,0
ReflectionRefresh,1740,2.8549956623464823,2.8498,,1,0,0
ReflectionRefresh,1741,4.4785006903111935,4.4827,,1,0,0
ReflectionRefresh,1742,2.73190182633698,2.7219,,1,0,0
ReflectionRefresh,1743,3.3285997342318296,3.3251,,1,0,0
ReflectionRefresh,1744,3.0075963586568832,3.0034,,1,0,0
ReflectionRefresh,1745,3.0100056901574135,3.0043,,1,0,0
ReflectionRefresh,1746,2.7676941826939583,2.7702,,1,0,0
ReflectionRefresh,1747,2.8587018605321646,2.8505,,1,0,0
ReflectionRefresh,1748,2.8598993085324764,2.8567,,1,0,0
ReflectionRefresh,1749,2.879301318898797,2.8765,,1,0,0
ReflectionRefresh,1750,2.5367983616888523,2.5329,,1,0,0
ReflectionRefresh,1751,3.0633006244897842,3.0653,,1,0,0
ReflectionRefresh,1752,2.8125992976129055,2.805,,1,0,0
ReflectionRefresh,1753,2.9015021864324808,2.8974,,1,0,0
ReflectionRefresh,1754,2.8314979281276464,2.8332,,1,0,0
ReflectionRefresh,1755,2.8559027705341578,2.8478,,1,0,0
ReflectionRefresh,1756,3.8508006837219,3.8511,,1,0,0
ReflectionRefresh,1757,2.9401006177067757,2.9371,,1,0,0
ReflectionRefresh,1758,2.7759992517530918,2.7709,,1,0,0
ReflectionRefresh,1759,2.7475978713482618,2.7467,,1,0,0
ReflectionRefresh,1760,2.8118977788835764,2.8064,,1,0,0
ReflectionRefresh,1761,3.6532029043883085,3.6515,,1,0,0
ReflectionRefresh,1762,2.4971016682684422,2.4884,,1,0,0
ReflectionRefresh,1763,3.014399204403162,3.0112,,1,0,0
ReflectionRefresh,1764,2.7704010717570782,2.7617,,1,0,0
ReflectionRefresh,1765,2.7362953405827284,2.7321,,1,0,0
ReflectionRefresh,1766,3.1839001458138227,3.1819,,1,0,0
ReflectionRefresh,1767,2.7372024487704039,2.7345,,1,0,0
ReflectionRefresh,1768,2.7734977193176746,2.7695,,1,0,0
ReflectionRefresh,1769,2.8371030930429697,2.8362,,1,0,0
ReflectionRefresh,1770,2.5568027049303055,2.5482,,1,0,0
ReflectionRefresh,1771,2.6973993517458439,2.6985,,1,0,0
ReflectionRefresh,1772,3.8694939576089382,3.8665,,1,0,0
ReflectionRefresh,1773,2.6598002295941114,2.6544,,1,0,0
ReflectionRefresh,1774,2.8983063530176878,2.8966,,1,0,0
ReflectionRefresh,1775,2.8241991531103849,2.8193,,1,0,0
ReflectionRefresh,1776,3.5545988939702511,3.5505,,1,0,0
ReflectionRefresh,1777,2.6708971709012985,2.6685,,1,0,0
ReflectionRefresh,1778,2.6424035895615816,2.641,,1,0,0
ReflectionRefresh,1779,2.585898619145155,2.5795,,1,0,0
ReflectionRefresh,1780,3.2650013454258442,3.2629,,1,0,0
ReflectionRefresh,1781,3.0057965777814388,3.0021,,1,0,0
ReflectionRefresh,1782,3.5200042184442282,3.5204,,1,0,0
ReflectionRefresh,1783,2.7262966614216566,2.7205,,1,0,0
ReflectionRefresh,1784,2.7766015846282244,2.7776,,1,0,0
ReflectionRefresh,1785,3.1065971124917269,3.1027,,1,0,0
ReflectionRefresh,1786,2.7837017551064491,2.778,,1,0,0
ReflectionRefresh,1787,3.3894982188940048,3.3906,,1,0,0
ReflectionRefresh,1788,2.6105016004294157,2.6043,,1,0,0
ReflectionRefresh,1789,3.0300028156489134,3.0318,,1,0,0
ReflectionRefresh,1790,3.52429854683578,3.5217,,1,0,0
ReflectionRefresh,1791,2.8995960019528866,2.8911,,1,0,0
ReflectionRefresh,1792,2.9038053471595049,2.9014,,1,0,0
ReflectionRefresh,1793,2.6889950968325138,2.6893,,1,0,0
ReflectionRefresh,1794,3.004003781825304,2.9881,,1,0,0
ReflectionRefresh,1795,2.615001518279314,2.6122,,1,0,0
ReflectionRefresh,1796,5.4072989150881767,5.4077,,1,0,0
ReflectionRefresh,1797,3.312195185571909,3.3068,,1,0,0
ReflectionRefresh,1798,2.7743056416511536,2.7703,,1,0,0
ReflectionRefresh,1799,3.2151998020708561,3.2142,,1,0,0
ReflectionRefresh,1800,2.9182964935898781,2.9176,,1,0,0
ReflectionRefresh,1801,3.8596016820520163,3.8518,,1,0,0
ReflectionRefresh,1802,2.9062996618449688,2.9023,,1,0,0
ReflectionRefresh,1803,3.4652990289032459,3.4669,,1,0,0
ReflectionRefresh,1804,2.7249008417129517,2.7201,,1,0,0
ReflectionRefresh,1805,3.0518991407006979,3.0511,,1,0,0
ReflectionRefresh,1806,3.1754039227962494,3.1671,,1,0,0
ReflectionRefresh,1807,2.99069588072598,2.9918,,1,0,0
ReflectionRefresh,1808,2.7760984376072884,2.768,,1,0,0
ReflectionRefresh,1809,3.0194020364433527,3.0157,,1,0,0
ReflectionRefresh,1810,2.683000173419714,2.6788,,1,0,0
ReflectionRefresh,1811,2.8757015243172646,2.8781,,1,0,0
ReflectionRefresh,1812,3.3013960346579552,3.2912,,1,0,0
ReflectionRefresh,1813,2.9158021789044142,2.9134,,1,0,0
ReflectionRefresh,1814,2.606597263365984,2.6039,,1,0,0
ReflectionRefresh,1815,3.170103533193469,3.1723,,1,0,0
ReflectionRefresh,1816,2.8267998713999987,2.8181,,1,0,0
ReflectionRefresh,1817,3.1404974870383739,3.1419,,1,0,0
ReflectionRefresh,1818,3.0632014386355877,3.0593,,1,0,0
ReflectionRefresh,1819,2.8848000802099705,2.8772,,1,0,0
ReflectionRefresh,1820,2.825999166816473,2.8233,,1,0,0
ReflectionRefresh,1821,2.9899021610617638,2.9862,,1,0,0
ReflectionRefresh,1822,3.1105016823858023,3.1064,,1,0,0
ReflectionRefresh,1823,2.94499727897346,2.9466,,1,0,0
ReflectionRefresh,1824,3.0102040618658066,3.0025,,1,0,0
ReflectionRefresh,1825,2.617998979985714,2.6152,,1,0,0
ReflectionRefresh,1826,3.2329009845852852,3.2311,,1,0,0
ReflectionRefresh,1827,2.8403983451426029,2.8421,,1,0,0
ReflectionRefresh,1828,3.2121953554451466,3.2057,,1,0,0
ReflectionRefresh,1829,2.7679067570716143,2.7622,,1,0,0
ReflectionRefresh,1830,3.04139731451869,3.0382,,1,0,0
ReflectionRefresh,1831,2.7629961259663105,2.7622,,1,0,0
ReflectionRefresh,1832,2.8139031492173672,2.8124,,1,0,0
ReflectionRefresh,1833,3.7262968253344297,3.7242,,1,0,0
ReflectionRefresh,1834,2.81980587169528,2.812,,1,0,0
ReflectionRefresh,1835,3.1590985599905252,3.1589,,1,0,0
ReflectionRefresh,1836,3.6842969711869955,3.6804,,1,0,0
ReflectionRefresh,1837,2.96470383182168,2.9648,,1,0,0
ReflectionRefresh,1838,2.7139952871948481,2.7089,,1,0,0
ReflectionRefresh,1839,2.9770054388791323,2.9704,,1,0,0
ReflectionRefresh,1840,2.6162981521338224,2.6102,,1,0,0
ReflectionRefresh,1841,3.1305979937314987,3.1296,,1,0,0
ReflectionRefresh,1842,2.5396046694368124,2.5344,,1,0,0
ReflectionRefresh,1843,2.5906958617269993,2.5882,,1,0,0
ReflectionRefresh,1844,3.9927014149725437,3.9901,,1,0,0
ReflectionRefresh,1845,2.6080994866788387,2.6043,,1,0,0
ReflectionRefresh,1846,3.0670990236103535,3.0673,,1,0,0
ReflectionRefresh,1847,2.7933034580200911,2.7887,,1,0,0
ReflectionRefresh,1848,2.73759919218719,2.7348,,1,0,0
ReflectionRefresh,1849,2.652699826285243,2.6505,,1,0,0
ReflectionRefresh,1850,3.5568948369473219,3.5521,,1,0,0
ReflectionRefresh,1851,2.4506023619323969,2.4438,,1,0,0
ReflectionRefresh,1852,2.907702699303627,2.9073,,1,0,0
ReflectionRefresh,1853,2.5403981562703848,2.5345,,1,0,0
ReflectionRefresh,1854,3.0460034031420946,3.0466,,1,0,0
ReflectionRefresh,1855,2.7625991497188807,2.7574,,1,0,0
ReflectionRefresh,1856,2.6388959959149361,2.6339,,1,0,0
ReflectionRefresh,1857,2.8375992551445961,2.838,,1,0,0
ReflectionRefresh,1858,3.3111041411757469,3.3053,,1,0,0
ReflectionRefresh,1859,2.48779752291739,2.4857,,1,0,0
ReflectionRefresh,1860,3.3304989337921143,3.3304,,1,0,0
ReflectionRefresh,1861,2.6717048604041338,2.6648,,1,0,0
ReflectionRefresh,1862,2.8857002034783363,2.8877,,1,0,0
ReflectionRefresh,1863,3.4794996026903391,3.4745,,1,0,0
ReflectionRefresh,1864,2.6485968846827745,2.6471,,1,0,0
ReflectionRefresh,1865,3.231497947126627,3.223,,1,0,0
ReflectionRefresh,1866,2.9944018460810184,2.9957,,1,0,0
ReflectionRefresh,1867,2.6305981446057558,2.6237,,1,0,0
ReflectionRefresh,1868,2.8582056984305382,2.8599,,1,0,0
ReflectionRefresh,1869,3.4283942077308893,3.4243,,1,0,0
ReflectionRefresh,1870,2.7222009375691414,2.7173,,1,0,0
ReflectionRefresh,1871,3.3357993233948946,3.3324,,1,0,0
ReflectionRefresh,1872,2.7022038120776415,2.6993,,1,0,0
ReflectionRefresh,1873,2.8776999097317457,2.8784,,1,0,0
ReflectionRefresh,1874,2.6752976700663567,2.669,,1,0,0
ReflectionRefresh,1875,2.7345025446265936,2.7349,,1,0,0
ReflectionRefresh,1876,3.06680123321712,3.0603,,1,0,0
ReflectionRefresh,1877,2.9311932157725096,2.93,,1,0,0
ReflectionRefresh,1878,2.6548043824732304,2.6517,,1,0,0
ReflectionRefresh,1879,2.9860970098525286,2.9832,,1,0,0
ReflectionRefresh,1880,2.685104962438345,2.6776,,1,0,0
ReflectionRefresh,1881,4.0295990183949471,4.0307,,1,0,0
ReflectionRefresh,1882,2.5098002515733242,2.5048,,1,0,0
ReflectionRefresh,1883,3.53560084477067,3.5343,,1,0,0
ReflectionRefresh,1884,2.7550950180739164,2.7504,,1,0,0
ReflectionRefresh,1885,2.53860536031425,2.5318,,1,0,0
ReflectionRefresh,1886,3.5159934777766466,3.5176,,1,0,0
ReflectionRefresh,1887,2.8019060846418142,2.7914,,1,0,0
ReflectionRefresh,1888,2.7241993229836226,2.7246,,1,0,0
ReflectionRefresh,1889,2.9072987381368876,2.9001,,1,0,0
ReflectionRefresh,1890,2.7160998433828354,2.7138,,1,0,0
ReflectionRefresh,1891,2.8160996735095978,2.8153,,1,0,0
ReflectionRefresh,1892,3.1642999965697527,3.1604,,1,0,0
ReflectionRefresh,1893,2.8945012018084526,2.894,,1,0,0
ReflectionRefresh,1894,2.8126984834671021,2.8048,,1,0,0
ReflectionRefresh,1895,2.6281038299202919,2.6248,,1,0,0
ReflectionRefresh,1896,2.9213931411504745,2.9147,,1,0,0
ReflectionRefresh,1897,3.349503967911005,3.3506,,1,0,0
ReflectionRefresh,1898,2.9420990031212568,2.9363,,1,0,0
ReflectionRefresh,1899,2.8103033546358347,2.8071,,1,0,0
ReflectionRefresh,1900,3.750198520720005,3.7492,,1,0,0
ReflectionRefresh,1901,2.4772959295660257,2.4678,,1,0,0
ReflectionRefresh,1902,3.5097009968012571,3.5113,,1,0,0
ReflectionRefresh,1903,3.29130538739264,3.2827,,1,0,0
ReflectionRefresh,1904,2.7325963601469994,2.7292,,1,0,0
ReflectionRefresh,1905,2.9212017543613911,2.9233,,1,0,0
ReflectionRefresh,1906,2.7021968271583319,2.6944,,1,0,0
ReflectionRefresh,1907,2.8399021830409765,2.8403,,1,0,0
ReflectionRefresh,1908,3.0679989140480757,3.0614,,1,0,0
ReflectionRefresh,1909,2.7142998296767473,2.7125,,1,0,0
ReflectionRefresh,1910,2.8214994817972183,2.814,,1,0,0
ReflectionRefresh,1911,3.6704011727124453,3.6714,,1,0,0
ReflectionRefresh,1912,2.7392997872084379,2.7322,,1,0,0
ReflectionRefresh,1913,3.4838009160012007,3.4846,,1,0,0
ReflectionRefresh,1914,3.0658021569252014,3.056,,1,0,0
ReflectionRefresh,1915,2.6772958226501942,2.679,,1,0,0
ReflectionRefresh,1916,3.38239804841578,3.3732,,1,0,0
ReflectionRefresh,1917,2.6754038408398628,2.6721,,1,0,0
ReflectionRefresh,1918,2.7626983355730772,2.7603,,1,0,0
ReflectionRefresh,1919,2.7558035217225552,2.7568,,1,0,0
ReflectionRefresh,1920,2.8785998001694679,2.8741,,1,0,0
ReflectionRefresh,1921,2.2884991485625505,2.2833,,1,0,0
ReflectionRefresh,1922,3.2608986366540194,3.2709,,1,0,0
ReflectionRefresh,1923,2.9896968044340611,2.9727,,1,0,0
ReflectionRefresh,1924,2.7651998680084944,2.766,,1,0,0
ReflectionRefresh,1925,2.6271045207977295,2.6191,,1,0,0
ReflectionRefresh,1926,3.1217969954013824,3.1225,,1,0,0
ReflectionRefresh,1927,2.5249007157981396,2.5205,,1,0,0
ReflectionRefresh,1928,2.8450042009353638,2.8436,,1,0,0
ReflectionRefresh,1929,3.1940971966832876,3.1898,,1,0,0
ReflectionRefresh,1930,2.5042020715773106,2.497,,1,0,0
ReflectionRefresh,1931,2.9412982985377312,2.9416,,1,0,0
ReflectionRefresh,1932,2.8678004164248705,2.8602,,1,0,0
ReflectionRefresh,1933,2.7130951639264822,2.7132,,1,0,0
ReflectionRefresh,1934,2.8824049513787031,2.8761,,1,0,0
ReflectionRefresh,1935,3.0197987798601389,3.0212,,1,0,0
ReflectionRefresh,1936,2.8324972372502089,2.825,,1,0,0
ReflectionRefresh,1937,2.6189058553427458,2.6164,,1,0,0
ReflectionRefresh,1938,2.776899142190814,2.7729,,1,0,0
ReflectionRefresh,1939,2.5688987225294113,2.5687,,1,0,0
ReflectionRefresh,1940,2.9450964648276567,2.9418,,1,0,0
ReflectionRefresh,1941,2.7078017592430115,2.7025,,1,0,0
ReflectionRefresh,1942,2.7540037408471107,2.7499,,1,0,0
ReflectionRefresh,1943,2.5827947538346052,2.5834,,1,0,0
ReflectionRefresh,1944,2.7677011676132679,2.7618,,1,0,0
ReflectionRefresh,1945,4.0089995600283146,4.0105,,1,0,0
ReflectionRefresh,1946,2.4312995374202728,2.4234,,1,0,0
ReflectionRefresh,1947,3.3813987392932177,3.3831,,1,0,0
ReflectionRefresh,1948,2.6960032992064953,2.6907,,1,0,0
ReflectionRefresh,1949,2.7245960664004087,2.718,,1,0,0
ReflectionRefresh,1950,3.2335033174604177,3.2351,,1,0,0
ReflectionRefresh,1951,2.5401997845619917,2.535,,1,0,0
ReflectionRefresh,1952,2.8591977898031473,2.8575,,1,0,0
ReflectionRefresh,1953,3.2223993912339211,3.2194,,1,0,0
ReflectionRefresh,1954,2.6267007924616337,2.6194,,1,0,0
ReflectionRefresh,1955,2.7857993263751268,2.785,,1,0,0
ReflectionRefresh,1956,3.2308036461472511,3.2247,,1,0,0
ReflectionRefresh,1957,2.6038973592221737,2.6046,,1,0,0
ReflectionRefresh,1958,2.7777990326285362,2.8357,,1,0,0
ReflectionRefresh,1959,2.5953019503504038,2.5263,,1,0,0
ReflectionRefresh,1960,5.7298042811453342,5.7284,,1,0,0
ReflectionRefresh,1961,5.3236959502100945,5.3199,,1,0,0
ReflectionRefresh,1962,2.6310018729418516,2.6269,,1,0,0
ReflectionRefresh,1963,2.8383007738739252,2.836,,1,0,0
ReflectionRefresh,1964,2.7071002405136824,2.7063,,1,0,0
ReflectionRefresh,1965,3.2664965838193893,3.2606,,1,0,0
ReflectionRefresh,1966,3.2071995083242655,3.2018,,1,0,0
ReflectionRefresh,1967,3.2178997062146664,3.2156,,1,0,0
ReflectionRefresh,1968,3.1196996569633484,3.1169,,1,0,0
ReflectionRefresh,1969,2.7336026541888714,2.7368,,1,0,0
ReflectionRefresh,1970,3.8186011370271444,3.8094,,1,0,0
ReflectionRefresh,1971,3.5547972656786442,3.5492,,1,0,0
ReflectionRefresh,1972,2.7318026404827833,2.73,,1,0,0
ReflectionRefresh,1973,3.03879682905972,3.0378,,1,0,0
ReflectionRefresh,1974,2.8947987593710423,2.8887,,1,0,0
ReflectionRefresh,1975,3.6502054426819086,3.6488,,1,0,0
ReflectionRefresh,1976,2.6935942005366087,2.6886,,1,0,0
ReflectionRefresh,1977,3.3529053907841444,3.3502,,1,0,0
ReflectionRefresh,1978,3.1037982553243637,3.1037,,1,0,0
ReflectionRefresh,1979,2.8537982143461704,2.8427,,1,0,0
ReflectionRefresh,1980,3.4290037583559752,3.4337,,1,0,0
ReflectionRefresh,1981,2.9881943482905626,2.9764,,1,0,0
ReflectionRefresh,1982,2.8206065762788057,2.8184,,1,0,0
ReflectionRefresh,1983,3.0792942270636559,3.0721,,1,0,0
ReflectionRefresh,1984,2.9436012264341116,2.9409,,1,0,0
ReflectionRefresh,1985,3.1218042131513357,3.1176,,1,0,0
ReflectionRefresh,1986,3.1020974274724722,3.1037,,1,0,0
ReflectionRefresh,1987,2.9059026855975389,2.8992,,1,0,0
ReflectionRefresh,1988,3.0683956574648619,3.0658,,1,0,0
ReflectionRefresh,1989,3.1963009387254715,3.1942,,1,0,0
ReflectionRefresh,1990,3.2329009845852852,3.2242,,1,0,0
ReflectionRefresh,1991,3.3467970788478851,3.3477,,1,0,0
ReflectionRefresh,1992,3.0542020685970783,3.0467,,1,0,0
ReflectionRefresh,1993,2.7373016346246004,2.7338,,1,0,0
ReflectionRefresh,1994,2.775099128484726,2.7722,,1,0,0
ReflectionRefresh,1995,3.225396852940321,3.2281,,1,0,0
ReflectionRefresh,1996,2.8802012093365192,2.8713,,1,0,0
ReflectionRefresh,1997,3.1408022623509169,3.1381,,1,0,0
ReflectionRefresh,1998,2.7766015846282244,2.7768,,1,0,0
ReflectionRefresh,1999,2.6000991929322481,2.5954,,1,0,0
ReflectionRefresh,2000,3.0456986278295517,3.0446,,1,0,0
ReflectionRefresh,2001,2.6548965834081173,2.6476,,1,0,0
ReflectionRefresh,2002,2.7681051287800074,2.7695,,1,0,0
ReflectionRefresh,2003,2.9100978281348944,2.9041,,1,0,0
ReflectionRefresh,2004,2.6369967963546515,2.6302,,1,0,0
ReflectionRefresh,2005,3.115001367405057,3.1148,,1,0,0
ReflectionRefresh,2006,2.8878047596663237,2.8819,,1,0,0
ReflectionRefresh,2007,3.4434949047863483,3.4408,,1,0,0
ReflectionRefresh,2008,3.024199279025197,3.0197,,1,0,0
ReflectionRefresh,2009,3.0014030635356903,3.0009,,1,0,0
ReflectionRefresh,2010,2.7895974926650524,2.7902,,1,0,0
ReflectionRefresh,2011,3.3917021937668324,3.3789,,1,0,0
ReflectionRefresh,2012,2.9729024972766638,2.9721,,1,0,0
ReflectionRefresh,2013,2.9172974172979593,2.9113,,1,0,0
ReflectionRefresh,2014,2.7033020742237568,2.7033,,1,0,0
ReflectionRefresh,2015,3.1624999828636646,3.1584,,1,0,0
ReflectionRefresh,2016,2.8646967839449644,2.8585,,1,0,0
ReflectionRefresh,2017,2.839299850165844,2.8415,,1,0,0
ReflectionRefresh,2018,3.4866000059992075,3.4798,,1,0,0
ReflectionRefresh,2019,2.6403982192277908,2.6346,,1,0,0
ReflectionRefresh,2020,3.1062003690749407,3.1056,,1,0,0
ReflectionRefresh,2021,2.9949049931019545,2.9894,,1,0,0
ReflectionRefresh,2022,3.6648951936513186,3.663,,1,0,0
ReflectionRefresh,2023,2.7850056067109108,2.7787,,1,0,0
ReflectionRefresh,2024,2.7188987005501986,2.7202,,1,0,0
ReflectionRefresh,2025,2.9517998918890953,2.9441,,1,0,0
ReflectionRefresh,2026,3.1378967687487602,3.1366,,1,0,0
ReflectionRefresh,2027,2.6632014196366072,2.6571,,1,0,0
ReflectionRefresh,2028,2.99910013563931,3.0004,,1,0,0
ReflectionRefresh,2029,2.8160996735095978,2.8101,,1,0,0
ReflectionRefresh,2030,2.8998015914112329,2.8969,,1,0,0
ReflectionRefresh,2031,2.8301021084189415,2.8284,,1,0,0
ReflectionRefresh,2032,2.7857001405209303,2.7807,,1,0,0
ReflectionRefresh,2033,3.012797562405467,3.0118,,1,0,0
ReflectionRefresh,2034,2.3109978064894676,2.3106,,1,0,0
ReflectionRefresh,2035,2.9964002314954996,2.9926,,1,0,0
ReflectionRefresh,2036,2.9634991660714149,2.9579,,1,0,0
ReflectionRefresh,2037,2.7459042612463236,2.7391,,1,0,0
ReflectionRefresh,2038,3.3263959921896458,3.3229,,1,0,0
ReflectionRefresh,2039,2.6901005767285824,2.6831,,1,0,0
ReflectionRefresh,2040,3.0451035127043724,3.045,,1,0,0
ReflectionRefresh,2041,2.8988944832235575,2.8915,,1,0,0
ReflectionRefresh,2042,2.7994047850370407,2.7968,,1,0,0
ReflectionRefresh,2043,3.08989523909986,3.086,,1,0,0
ReflectionRefresh,2044,2.9234054964035749,2.9198,,1,0,0
ReflectionRefresh,2045,2.9586947057396173,2.9571,,1,0,0
ReflectionRefresh,2046,3.1258007511496544,3.1259,,1,0,0
ReflectionRefresh,2047,2.7397037483751774,2.7325,,1,0,0
ReflectionRefresh,2048,2.7481010183691978,2.7491,,1,0,0
ReflectionRefresh,2049,2.5883007328957319,2.5821,,1,0,0
ReflectionRefresh,2050,2.89389886893332,2.8963,,1,0,0
ReflectionRefresh,2051,3.5207979381084442,3.5175,,1,0,0
ReflectionRefresh,2052,2.5179989170283079,2.5072,,1,0,0
ReflectionRefresh,2053,3.3895974047482014,3.3906,,1,0,0
ReflectionRefresh,2054,3.3143069595098495,3.3105,,1,0,0
ReflectionRefresh,2055,2.5888960808515549,2.5843,,1,0,0
ReflectionRefresh,2056,2.6723002083599567,2.6719,,1,0,0
ReflectionRefresh,2057,2.8947987593710423,2.8886,,1,0,0
ReflectionRefresh,2058,2.637599129229784,2.6342,,1,0,0
ReflectionRefresh,2059,3.0290037393569946,3.0287,,1,0,0
ReflectionRefresh,2060,2.7343963738530874,2.7285,,1,0,0
ReflectionRefresh,2061,2.68650078214705,2.6819,,1,0,0
ReflectionRefresh,2062,2.884899266064167,2.8838,,1,0,0
ReflectionRefresh,2063,2.6212017983198166,2.6219,,1,0,0
ReflectionRefresh,2064,4.0674037300050259,4.0593,,1,0,0
ReflectionRefresh,2065,10.55890042334795,10.5583,,1,0,0
ReflectionRefresh,2066,11.550694704055786,11.5521,,1,0,0
ReflectionRefresh,2067,3.8407030515372753,3.8284,,1,0,0
ReflectionRefresh,2068,3.6160005256533623,3.6125,,1,0,0
ReflectionRefresh,2069,4.0384000167250633,4.0359,,1,0,0
ReflectionRefresh,2070,2.7042021974921227,2.7044,,1,0,0
ReflectionRefresh,2071,3.0170988757163286,3.0089,,1,0,0
ReflectionRefresh,2072,3.8509990554302931,3.8504,,1,0,0
ReflectionRefresh,2073,2.64379964210093,2.6371,,1,0,0
ReflectionRefresh,2074,3.317998955026269,3.318,,1,0,0
ReflectionRefresh,2075,2.5407029315829277,2.5333,,1,0,0
ReflectionRefresh,2076,2.9091979376971722,2.9082,,1,0,0
ReflectionRefresh,2077,2.6534013450145721,2.6452,,1,0,0
ReflectionRefresh,2078,2.8384991455823183,2.8352,,1,0,0
ReflectionRefresh,2079,3.5716977436095476,3.5716,,1,0,0
ReflectionRefresh,2080,2.7760984376072884,2.7684,,1,0,0
ReflectionRefresh,2081,3.0428003519773483,3.044,,1,0,0
ReflectionRefresh,2082,3.1724986620247364,3.17,,1,0,0
ReflectionRefresh,2083,5.8760060928761959,5.8725,,1,0,0
ReflectionRefresh,2084,2.6178995613008738,2.6128,,1,0,0
ReflectionRefresh,2085,2.8716977685689926,2.8699,,1,0,0
ReflectionRefresh,2086,2.8954010922461748,2.892,,1,0,0
ReflectionRefresh,2087,2.7355016209185123,2.7312,,1,0,0
ReflectionRefresh,2088,3.0711947474628687,3.0661,,1,0,0
ReflectionRefresh,2089,2.5396046694368124,2.5347,,1,0,0
ReflectionRefresh,2090,2.6865999680012465,2.6867,,1,0,0
ReflectionRefresh,2091,2.9709963127970695,2.9652,,1,0,0
ReflectionRefresh,2092,2.601799787953496,2.5995,,1,0,0
ReflectionRefresh,2093,3.3090985380113125,3.3058,,1,0,0
ReflectionRefresh,2094,3.1080995686352253,3.1064,,1,0,0
ReflectionRefresh,2095,2.5919005274772644,2.5832,,1,0,0
ReflectionRefresh,2096,2.8997024055570364,2.9004,,1,0,0
ReflectionRefresh,2097,3.1457978766411543,3.1411,,1,0,0
ReflectionRefresh,2098,3.0978033319115639,3.0903,,1,0,0
ReflectionRefresh,2099,2.493799664080143,2.4955,,1,0,0
ReflectionRefresh,2100,2.8505031950771809,2.8421,,1,0,0
ReflectionRefresh,2101,10.521797463297844,10.5193,,1,0,0
ReflectionRefresh,2102,2.6912982575595379,2.6853,,1,0,0
ReflectionRefresh,2103,2.70919781178236,2.7108,,1,0,0
ReflectionRefresh,2104,2.8159013018012047,2.8099,,1,0,0
ReflectionRefresh,2105,2.5693026836961508,2.5617,,1,0,0
ReflectionRefresh,2106,2.6524022687226534,2.6497,,1,0,0
ReflectionRefresh,2107,3.0687996186316013,3.0698,,1,0,0
ReflectionRefresh,2108,3.1035998836159706,3.0963,,1,0,0
ReflectionRefresh,2109,3.0916950199753046,3.0919,,1,0,0
ReflectionRefresh,2110,2.7526998892426491,2.748,,1,0,0
ReflectionRefresh,2111,3.0914044473320246,3.0869,,1,0,0
ReflectionRefresh,2112,2.8876983560621738,2.8842,,1,0,0
ReflectionRefresh,2113,2.7934028767049313,2.7909,,1,0,0
ReflectionRefresh,2114,3.0449971091002226,3.0435,,1,0,0
ReflectionRefresh,2115,2.8338010888546705,2.8257,,1,0,0
ReflectionRefresh,2116,3.384800162166357,3.3857,,1,0,0
ReflectionRefresh,2117,3.1071994453668594,3.101,,1,0,0
ReflectionRefresh,2118,2.9475977644324303,2.9454,,1,0,0
ReflectionRefresh,2119,2.7014031074941158,2.6971,,1,0,0
ReflectionRefresh,2120,5.4429988376796246,5.436,,1,0,0
ReflectionRefresh,2121,2.9687003698199987,2.9671,,1,0,0
ReflectionRefresh,2122,3.0363025143742561,3.0337,,1,0,0
ReflectionRefresh,2123,3.0604945495724678,3.0572,,1,0,0
ReflectionRefresh,2124,3.2252054661512375,3.2219,,1,0,0
ReflectionRefresh,2125,2.6247946079820395,2.6185,,1,0,0
ReflectionRefresh,2126,3.0853033531457186,3.0846,,1,0,0
ReflectionRefresh,2127,3.0377975199371576,3.0332,,1,0,0
ReflectionRefresh,2128,2.5934027507901192,2.5899,,1,0,0
ReflectionRefresh,2129,3.0373015906661749,3.0346,,1,0,0
ReflectionRefresh,2130,3.1098001636564732,3.1033,,1,0,0
ReflectionRefresh,2131,2.70079355686903,2.696,,1,0,0
ReflectionRefresh,2132,3.4895054996013641,3.4861,,1,0,0
ReflectionRefresh,2133,3.063499229028821,3.0661,,1,0,0
ReflectionRefresh,2134,3.0123016331344843,3.0054,,1,0,0
ReflectionRefresh,2135,2.9107001610100269,2.9061,,1,0,0
ReflectionRefresh,2136,3.0266935937106609,3.0181,,1,0,0
ReflectionRefresh,2137,2.7103032916784286,2.706,,1,0,0
ReflectionRefresh,2138,4.6961028128862381,4.6931,,1,0,0
ReflectionRefresh,2139,3.154499689117074,3.1531,,1,0,0
ReflectionRefresh,2140,2.9292942490428686,2.9286,,1,0,0
ReflectionRefresh,2141,2.7526007033884525,2.7488,,1,0,0
ReflectionRefresh,2142,2.8136053588241339,2.8061,,1,0,0
ReflectionRefresh,2143,3.120500361546874,3.1204,,1,0,0
ReflectionRefresh,2144,3.1119969207793474,3.1054,,1,0,0
ReflectionRefresh,2145,2.74059665389359,2.7421,,1,0,0
ReflectionRefresh,2146,2.927104476839304,2.9193,,1,0,0
ReflectionRefresh,2147,2.9115008655935526,2.9065,,1,0,0
ReflectionRefresh,2148,3.4565972164273262,3.4548,,1,0,0
ReflectionRefresh,2149,2.8131022118031979,2.8133,,1,0,0
ReflectionRefresh,2150,2.6284013874828815,2.6214,,1,0,0
ReflectionRefresh,2151,3.5021966323256493,3.5042,,1,0,0
ReflectionRefresh,2152,2.8096018359065056,2.8,,1,0,0
ReflectionRefresh,2153,3.4608985297381878,3.462,,1,0,0
ReflectionRefresh,2154,2.8345026075839996,2.8295,,1,0,0
ReflectionRefresh,2155,2.9432964511215687,2.9479,,1,0,0
ReflectionRefresh,2156,3.1243977136909962,3.1066,,1,0,0
ReflectionRefresh,2157,2.8299037367105484,2.8225,,1,0,0
ReflectionRefresh,2158,2.9222010634839535,2.9235,,1,0,0
ReflectionRefresh,2159,2.9386975802481174,2.93,,1,0,0
ReflectionRefresh,2160,2.7403982821851969,2.7361,,1,0,0
ReflectionRefresh,2161,2.8806051705032587,2.8777,,1,0,0
ReflectionRefresh,2162,2.9603953007608652,2.9559,,1,0,0
ReflectionRefresh,2163,3.2379038166254759,3.2363,,1,0,0
ReflectionRefresh,2164,2.6999008841812611,2.6961,,1,0,0
ReflectionRefresh,2165,3.3204010687768459,3.3163,,1,0,0
ReflectionRefresh,2166,2.9939981177449226,2.9901,,1,0,0
ReflectionRefresh,2167,2.6186010800302029,2.615,,1,0,0
ReflectionRefresh,2168,2.9601969290524721,2.9619,,1,0,0
ReflectionRefresh,2169,3.573703346773982,3.5678,,1,0,0
ReflectionRefresh,2170,2.9574972577393055,2.9499,,1,0,0
ReflectionRefresh,2171,2.9973993077874184,3.0009,,1,0,0
ReflectionRefresh,2172,3.3122024033218622,3.3034,,1,0,0
ReflectionRefresh,2173,2.879301318898797,2.8747,,1,0,0
ReflectionRefresh,2174,2.797094639390707,2.7952,,1,0,0
ReflectionRefresh,2175,3.8656038232147694,3.8619,,1,0,0
ReflectionRefresh,2176,2.7837017551064491,2.7761,,1,0,0
ReflectionRefresh,2177,2.9498937074095011,2.9503,,1,0,0
ReflectionRefresh,2178,3.5166027955710888,3.5127,,1,0,0
ReflectionRefresh,2179,3.0971018131822348,3.0896,,1,0,0
ReflectionRefresh,2180,2.7602962218225002,2.7597,,1,0,0
ReflectionRefresh,2181,3.0400014948099852,3.0351,,1,0,0
ReflectionRefresh,2182,2.9140021651983261,2.915,,1,0,0
ReflectionRefresh,2183,3.090298967435956,3.0843,,1,0,0
ReflectionRefresh,2184,3.3667020034044981,3.3602,,1,0,0
ReflectionRefresh,2185,3.2251984812319279,3.231,,1,0,0
ReflectionRefresh,2186,3.4537981264293194,3.4404,,1,0,0
ReflectionRefresh,2187,3.1081987544894218,3.1019,,1,0,0
ReflectionRefresh,2188,3.398603992536664,3.4002,,1,0,0
ReflectionRefresh,2189,3.5349985118955374,3.5268,,1,0,0
ReflectionRefresh,2190,2.80039687640965,2.7974,,1,0,0
ReflectionRefresh,2191,3.4033020492643118,3.4004,,1,0,0
ReflectionRefresh,2192,3.1882014591246843,3.1854,,1,0,0
ReflectionRefresh,2193,2.8482000343501568,2.8447,,1,0,0
ReflectionRefresh,2194,3.3088009804487228,3.3048,,1,0,0
ReflectionRefresh,2195,3.0502977315336466,3.0462,,1,0,0
ReflectionRefresh,2196,3.2721017487347126,3.2723,,1,0,0
ReflectionRefresh,2197,3.3555980771780014,3.3472,,1,0,0
ReflectionRefresh,2198,3.54970246553421,3.5516,,1,0,0
ReflectionRefresh,2199,3.64909996278584,3.6394,,1,0,0
ReflectionRefresh,2200,2.9874008614569902,2.9808,,1,0,0
ReflectionRefresh,2201,3.3230937551707029,3.3181,,1,0,0
ReflectionRefresh,2202,3.3363024704158306,3.3263,,1,0,0
ReflectionRefresh,2203,3.2009992282837629,3.1979,,1,0,0
ReflectionRefresh,2204,3.5635982640087605,3.5581,,1,0,0
ReflectionRefresh,2205,3.0138038564473391,3.0106,,1,0,0
ReflectionRefresh,2206,3.43079655431211,3.4323,,1,0,0
ReflectionRefresh,2207,3.4891015384346247,3.4812,,1,0,0
ReflectionRefresh,2208,3.7925029173493385,3.7872,,1,0,0
ReflectionRefresh,2209,3.2364015933126211,3.2329,,1,0,0
ReflectionRefresh,2210,3.0812995973974466,3.0784,,1,0,0
ReflectionRefresh,2211,3.3160005696117878,3.3134,,1,0,0
ReflectionRefresh,2212,3.0621953774243593,3.0599,,1,0,0
ReflectionRefresh,2213,4.0746033191680908,4.0719,,1,0,0
ReflectionRefresh,2214,2.932695671916008,2.9289,,1,0,0
ReflectionRefresh,2215,3.4511054400354624,3.4493,,1,0,0
ReflectionRefresh,2216,3.3327948767691851,3.3259,,1,0,0
ReflectionRefresh,2217,3.4097009338438511,3.4066,,1,0,0
ReflectionRefresh,2218,2.8086025267839432,2.8094,,1,0,0
ReflectionRefresh,2219,2.9857992194592953,2.9774,,1,0,0
ReflectionRefresh,2220,2.9953019693493843,2.9942,,1,0,0
ReflectionRefresh,2221,3.2267998903989792,3.222,,1,0,0
ReflectionRefresh,2222,3.0983984470367432,3.0978,,1,0,0
ReflectionRefresh,2223,3.2953019253909588,3.2889,,1,0,0
ReflectionRefresh,2224,2.7648950926959515,2.76,,1,0,0
ReflectionRefresh,2225,3.0104024335741997,3.0124,,1,0,0
ReflectionRefresh,2226,3.7840986624360085,3.7799,,1,0,0
ReflectionRefresh,2227,3.243402810767293,3.2364,,1,0,0
ReflectionRefresh,2228,2.9285997152328491,2.9284,,1,0,0
ReflectionRefresh,2229,2.9298965819180012,2.9282,,1,0,0
ReflectionRefresh,2230,2.7857993263751268,2.7784,,1,0,0
ReflectionRefresh,2231,2.775602275505662,2.7763,,1,0,0
ReflectionRefresh,2232,3.0037981923669577,3.0005,,1,0,0
ReflectionRefresh,2233,3.0137046705931425,3.0053,,1,0,0
ReflectionRefresh,2234,3.3566963393241167,3.3538,,1,0,0
ReflectionRefresh,2235,2.81709898263216,2.8189,,1,0,0
ReflectionRefresh,2236,3.016801318153739,3.0091,,1,0,0
ReflectionRefresh,2237,2.7611039113253355,2.761,,1,0,0
ReflectionRefresh,2238,3.3723001834005117,3.3694,,1,0,0
ReflectionRefresh,2239,2.6233985554426908,2.6149,,1,0,0
ReflectionRefresh,2240,2.87390174344182,2.8718,,1,0,0
ReflectionRefresh,2241,2.7095945551991463,2.7095,,1,0,0
ReflectionRefresh,2242,2.7237031608819962,2.721,,1,0,0
ReflectionRefresh,2243,3.0272959265857935,3.0247,,1,0,0
ReflectionRefresh,2244,3.2392006833106279,3.2334,,1,0,0
ReflectionRefresh,2245,3.2388039398938417,3.2334,,1,0,0
ReflectionRefresh,2246,2.7092969976365566,2.7039,,1,0,0
ReflectionRefresh,2247,2.7125992346554995,2.7079,,1,0,0
ReflectionRefresh,2248,3.2387047540396452,3.2463,,1,0,0
ReflectionRefresh,2249,3.3155966084450483,3.3025,,1,0,0
ReflectionRefresh,2250,2.7960033621639013,2.7915,,1,0,0
ReflectionRefresh,2251,2.9493977781385183,2.9486,,1,0,0
ReflectionRefresh,2252,2.599397674202919,2.5919,,1,0,0
ReflectionRefresh,2253,3.0298044439405203,3.0304,,1,0,0
ReflectionRefresh,2254,4.7272960655391216,4.7247,,1,0,0
ReflectionRefresh,2255,2.6565052103251219,2.6472,,1,0,0
ReflectionRefresh,2256,2.7375000063329935,2.7373,,1,0,0
ReflectionRefresh,2257,2.9456987977027893,2.9402,,1,0,0
ReflectionRefresh,2258,2.9267007485032082,2.9223,,1,0,0
ReflectionRefresh,2259,3.2984977588057518,3.2976,,1,0,0
ReflectionRefresh,2260,3.244196530431509,3.2436,,1,0,0
ReflectionRefresh,2261,2.6982000563293695,2.6915,,1,0,0
ReflectionRefresh,2262,2.8745040763169527,2.8738,,1,0,0
ReflectionRefresh,2263,3.1214994378387928,3.1176,,1,0,0
ReflectionRefresh,2264,2.849603071808815,2.8476,,1,0,0
ReflectionRefresh,2265,2.7358985971659422,2.7306,,1,0,0
ReflectionRefresh,2266,2.5970947463065386,2.5972,,1,0,0
ReflectionRefresh,2267,2.8602040838450193,2.8531,,1,0,0
ReflectionRefresh,2268,2.7390022296458483,2.7365,,1,0,0
ReflectionRefresh,2269,2.7978953439742327,2.8003,,1,0,0
ReflectionRefresh,2270,3.567899577319622,3.558,,1,0,0
ReflectionRefresh,2271,2.8325042221695185,2.8292,,1,0,0
ReflectionRefresh,2272,2.8675950597971678,2.8671,,1,0,0
ReflectionRefresh,2273,2.8863025363534689,2.8818,,1,0,0
ReflectionRefresh,2274,2.8635982889682055,2.8622,,1,0,0
ReflectionRefresh,2275,3.1307043973356485,3.1248,,1,0,0
ReflectionRefresh,2276,3.24049754999578,3.2395,,1,0,0
ReflectionRefresh,2277,2.39970232360065,2.3919,,1,0,0
ReflectionRefresh,2278,2.9247945640236139,2.9249,,1,0,0
ReflectionRefresh,2279,3.4415037371218204,3.4376,,1,0,0
ReflectionRefresh,2280,2.688300795853138,2.6816,,1,0,0
ReflectionRefresh,2281,2.9015021864324808,2.9022,,1,0,0
ReflectionRefresh,2282,3.1456986907869577,3.142,,1,0,0
ReflectionRefresh,2283,2.9244967736303806,2.919,,1,0,0
ReflectionRefresh,2284,2.6908020954579115,2.6875,,1,0,0
ReflectionRefresh,2285,2.7760984376072884,2.7771,,1,0,0
ReflectionRefresh,2286,3.1464993953704834,3.1396,,1,0,0
ReflectionRefresh,2287,2.8590986039489508,2.8593,,1,0,0
ReflectionRefresh,2288,3.1335034873336554,3.1331,,1,0,0
ReflectionRefresh,2289,2.5404973421245813,2.5329,,1,0,0
ReflectionRefresh,2290,3.4712017513811588,3.4691,,1,0,0
ReflectionRefresh,2291,3.3806972205638885,3.3777,,1,0,0
ReflectionRefresh,2292,2.6732992846518755,2.6709,,1,0,0
ReflectionRefresh,2293,2.8541029896587133,2.8489,,1,0,0
ReflectionRefresh,2294,3.0179987661540508,3.0116,,1,0,0
ReflectionRefresh,2295,2.7830994222313166,2.7793,,1,0,0
ReflectionRefresh,2296,3.1833050306886435,3.1804,,1,0,0
ReflectionRefresh,2297,5.1958970725536346,5.195,,1,0,0
ReflectionRefresh,2298,2.9008998535573483,2.896,,1,0,0
ReflectionRefresh,2299,2.7341977693140507,2.73,,1,0,0
ReflectionRefresh,2300,3.0666028615087271,3.0633,,1,0,0
ReflectionRefresh,2301,2.9758007731288671,2.9715,,1,0,0
ReflectionRefresh,2302,3.4150013234466314,3.4161,,1,0,0
ReflectionRefresh,2303,2.9498937074095011,2.9406,,1,0,0
ReflectionRefresh,2304,2.7678003534674644,2.7669,,1,0,0
ReflectionRefresh,2305,2.9334041755646467,2.9275,,1,0,0
ReflectionRefresh,2306,3.1343961600214243,3.1362,,1,0,0
ReflectionRefresh,2307,2.7155044954270124,2.7089,,1,0,0
ReflectionRefresh,2308,3.2511975150555372,3.2526,,1,0,0
ReflectionRefresh,2309,3.2076034694910049,3.1982,,1,0,0
ReflectionRefresh,2310,3.2068947330117226,3.2058,,1,0,0
ReflectionRefresh,2311,2.7008007746189833,2.6991,,1,0,0
ReflectionRefresh,2312,2.8721017297357321,2.8655,,1,0,0
ReflectionRefresh,2313,2.8554988093674183,2.8548,,1,0,0
ReflectionRefresh,2314,2.72900378331542,2.7306,,1,0,0
ReflectionRefresh,2315,2.7727962005883455,2.7636,,1,0,0
ReflectionRefresh,2316,2.8567034751176834,2.8579,,1,0,0
ReflectionRefresh,2317,3.3710955176502466,3.366,,1,0,0
ReflectionRefresh,2318,2.8022038750350475,2.7989,,1,0,0
ReflectionRefresh,2319,2.601799787953496,2.5973,,1,0,0
ReflectionRefresh,2320,3.484098706394434,3.4833,,1,0,0
ReflectionRefresh,2321,2.846697811037302,2.8438,,1,0,0
ReflectionRefresh,2322,3.4955001901835203,3.4953,,1,0,0
ReflectionRefresh,2323,2.8528983239084482,2.8472,,1,0,0
ReflectionRefresh,2324,2.7939057908952236,2.792,,1,0,0
ReflectionRefresh,2325,2.5473993737250566,2.5418,,1,0,0
ReflectionRefresh,2326,2.9316963627934456,2.9306,,1,0,0
ReflectionRefresh,2327,2.8517006430774927,2.8431,,1,0,0
ReflectionRefresh,2328,2.99870315939188,2.998,,1,0,0
ReflectionRefresh,2329,2.4973002728074789,2.4898,,1,0,0
ReflectionRefresh,2330,2.8491001576185226,2.8478,,1,0,0
ReflectionRefresh,2331,2.81709898263216,2.8159,,1,0,0
ReflectionRefresh,2332,3.0457978136837482,3.0395,,1,0,0
ReflectionRefresh,2333,2.8054988943040371,2.8022,,1,0,0
ReflectionRefresh,2334,2.8142998926341534,2.8149,,1,0,0
ReflectionRefresh,2335,2.59270123206079,2.5911,,1,0,0
ReflectionRefresh,2336,2.6935019996017218,2.6892,,1,0,0
ReflectionRefresh,2337,3.3072987571358681,3.3,,1,0,0
ReflectionRefresh,2338,2.9698980506509542,2.9687,,1,0,0
ReflectionRefresh,2339,2.588499104604125,2.5829,,1,0,0
ReflectionRefresh,2340,2.9509991873055696,2.9504,,1,0,0
ReflectionRefresh,2341,2.8699049726128578,2.8648,,1,0,0
ReflectionRefresh,2342,2.8398951981216669,2.8389,,1,0,0
ReflectionRefresh,2343,2.9359057080000639,2.9264,,1,0,0
ReflectionRefresh,2344,2.5550948921591043,2.5568,,1,0,0
ReflectionRefresh,2345,2.9884991236031055,2.983,,1,0,0
ReflectionRefresh,2346,2.7336026541888714,2.7322,,1,0,0
ReflectionRefresh,2347,3.3175027929246426,3.3138,,1,0,0
ReflectionRefresh,2348,2.9482000973075628,2.9431,,1,0,0
ReflectionRefresh,2349,2.8796980623155832,2.8758,,1,0,0
ReflectionRefresh,2350,2.6241992600262165,2.6214,,1,0,0
ReflectionRefresh,2351,3.2767998054623604,3.2762,,1,0,0
ReflectionRefresh,2352,2.7251983992755413,2.7187,,1,0,0
ReflectionRefresh,2353,2.9690051451325417,2.97,,1,0,0
ReflectionRefresh,2354,4.3270974420011044,4.3234,,1,0,0
ReflectionRefresh,2355,2.8519982006400824,2.8454,,1,0,0
ReflectionRefresh,2356,2.843501977622509,2.8451,,1,0,0
ReflectionRefresh,2357,2.6854025200009346,2.6833,,1,0,0
ReflectionRefresh,2358,3.0462939757853746,3.0365,,1,0,0
ReflectionRefresh,2359,2.6612032670527697,2.6633,,1,0,0
ReflectionRefresh,2360,2.6994969230145216,2.6905,,1,0,0
ReflectionRefresh,2361,2.8982001822441816,2.8988,,1,0,0
ReflectionRefresh,2362,2.5272038765251637,2.52,,1,0,0
ReflectionRefresh,2363,3.0394983477890491,3.0412,,1,0,0
ReflectionRefresh,2364,3.2158021349459887,3.2089,,1,0,0
ReflectionRefresh,2365,2.8682965785264969,2.865,,1,0,0
ReflectionRefresh,2366,2.8982993680983782,2.8994,,1,0,0
ReflectionRefresh,2367,2.9128047171980143,2.9079,,1,0,0
ReflectionRefresh,2368,2.7138958685100079,2.7065,,1,0,0
ReflectionRefresh,2369,4.7184028662741184,4.7174,,1,0,0
ReflectionRefresh,2370,3.0288973357528448,3.0224,,1,0,0
ReflectionRefresh,2371,2.8513038996607065,2.8514,,1,0,0
ReflectionRefresh,2372,3.3528981730341911,3.3491,,1,0,0
ReflectionRefresh,2373,2.3696995340287685,2.364,,1,0,0
ReflectionRefresh,2374,3.5324972122907639,3.5431,,1,0,0
ReflectionRefresh,2375,2.8080001939088106,2.7894,,1,0,0
ReflectionRefresh,2376,3.0011055059731007,2.9915,,1,0,0
ReflectionRefresh,2377,2.599397674202919,2.6024,,1,0,0
ReflectionRefresh,2378,2.7832977939397097,2.7771,,1,0,0
ReflectionRefresh,2379,3.2275014091283083,3.2214,,1,0,0
ReflectionRefresh,2380,2.833198755979538,2.8327,,1,0,0
ReflectionRefresh,2381,2.7036990504711866,2.6991,,1,0,0
ReflectionRefresh,2382,2.7318026404827833,2.7267,,1,0,0
ReflectionRefresh,2383,2.9530967585742474,2.9525,,1,0,0
ReflectionRefresh,2384,3.1515022274106741,3.1483,,1,0,0
ReflectionRefresh,2385,2.7510982472449541,2.7429,,1,0,0
ReflectionRefresh,2386,3.137500025331974,3.1433,,1,0,0
ReflectionRefresh,2387,2.9314057901501656,2.9141,,1,0,0
ReflectionRefresh,2388,2.6838930789381266,2.6852,,1,0,0
ReflectionRefresh,2389,2.8210033196955919,2.819,,1,0,0
ReflectionRefresh,2390,2.9964994173496962,2.9872,,1,0,0
ReflectionRefresh,2391,2.8799036517739296,2.8804,,1,0,0
ReflectionRefresh,2392,3.3557964488863945,3.3524,,1,0,0
ReflectionRefresh,2393,2.6266013737767935,2.6203,,1,0,0
ReflectionRefresh,2394,2.7312994934618473,2.7275,,1,0,0
ReflectionRefresh,2395,3.38529609143734,3.3862,,1,0,0
ReflectionRefresh,2396,2.7520053554326296,2.7477,,1,0,0
ReflectionRefresh,2397,2.7934948448091745,2.7913,,1,0,0
ReflectionRefresh,2398,2.8124006930738688,2.8081,,1,0,0
ReflectionRefresh,2399,2.6910998858511448,2.688,,1,0,0
ReflectionsOff,0,2.9521046672016382,2.9504,,1,0,0
ReflectionsOff,1,3.90749704092741,3.9049,,1,0,0
ReflectionsOff,2,2.7267998084425926,2.7234,,1,0,0
ReflectionsOff,3,3.0954009853303432,3.0927,,1,0,0
ReflectionsOff,4,3.1741992570459843,3.1694,,1,0,0
ReflectionsOff,5,2.9137968085706234,2.906,,1,0,0
ReflectionsOff,6,2.885905560106039,2.8849,,1,0,0
ReflectionsOff,7,3.4774942323565483,3.474,,1,0,0
ReflectionsOff,8,2.7321004308760166,2.7273,,1,0,0
ReflectionsOff,9,3.0017998069524765,2.9974,,1,0,0
ReflectionsOff,10,2.8506023809313774,2.8515,,1,0,0
ReflectionsOff,11,3.2982993870973587,3.2905,,1,0,0
ReflectionsOff,12,3.0044997110962868,3.0009,,1,0,0
ReflectionsOff,13,2.9714994598180056,2.9687,,1,0,0
ReflectionsOff,14,3.3035005908459425,3.3001,,1,0,0
ReflectionsOff,15,2.8517006430774927,2.8462,,1,0,0
ReflectionsOff,16,3.1303004361689091,3.1275,,1,0,0
ReflectionsOff,17,2.9864015523344278,2.9852,,1,0,0
ReflectionsOff,18,3.206795547157526,3.2029,,1,0,0
ReflectionsOff,19,3.0837017111480236,3.0758,,1,0,0
ReflectionsOff,20,3.0017998069524765,3.0003,,1,0,0
ReflectionsOff,21,3.1803003512322903,3.1782,,1,0,0
ReflectionsOff,22,3.5573979839682579,3.5493,,1,0,0
ReflectionsOff,23,2.8662059921771288,2.8671,,1,0,0
ReflectionsOff,24,3.0211948323994875,3.0123,,1,0,0
ReflectionsOff,25,3.0364017002284527,3.0329,,1,0,0
ReflectionsOff,26,2.9776997398585081,2.9728,,1,0,0
ReflectionsOff,27,3.302302910014987,3.3,,1,0,0
ReflectionsOff,28,2.928996691480279,2.9196,,1,0,0
ReflectionsOff,29,3.6617985460907221,3.6607,,1,0,0
ReflectionsOff,30,2.8387047350406647,2.8306,,1,0,0
ReflectionsOff,31,3.2747944351285696,3.2759,,1,0,0
ReflectionsOff,32,3.16940201446414,3.1664,,1,0,0
ReflectionsOff,33,3.2459041103720665,3.2372,,1,0,0
ReflectionsOff,34,3.0958971474319696,3.0946,,1,0,0
ReflectionsOff,35,3.9891013875603676,3.9824,,1,0,0
ReflectionsOff,36,3.9606010541319847,3.9576,,1,0,0
ReflectionsOff,37,3.1049957033246756,3.1043,,1,0,0
ReflectionsOff,38,2.752501517534256,2.7488,,1,0,0
ReflectionsOff,39,3.2321002800017595,3.2269,,1,0,0
ReflectionsOff,40,4.1419998742640018,4.1427,,1,0,0
ReflectionsOff,41,3.4176020417362452,3.408,,1,0,0
ReflectionsOff,42,3.2985969446599483,3.2963,,1,0,0
ReflectionsOff,43,3.1250000465661287,3.122,,1,0,0
ReflectionsOff,44,3.0953017994761467,3.0877,,1,0,0
ReflectionsOff,45,3.1761976424604654,3.1763,,1,0,0
ReflectionsOff,46,3.2075042836368084,3.2085,,1,0,0
ReflectionsOff,47,3.0241000931710005,3.0123,,1,0,0
ReflectionsOff,48,3.1590985599905252,3.1568,,1,0,0
ReflectionsOff,49,3.16359824500978,3.1581,,1,0,0
ReflectionsOff,50,3.8311011157929897,3.8314,,1,0,0
ReflectionsOff,51,2.8396968264132738,2.8327,,1,0,0
ReflectionsOff,52,3.8609055336564779,3.8609,,1,0,0
ReflectionsOff,53,3.1316964887082577,3.1251,,1,0,0
ReflectionsOff,54,3.9392998442053795,3.9397,,1,0,0
ReflectionsOff,55,3.4841978922486305,3.481,,1,0,0
ReflectionsOff,56,3.3196995500475168,3.3141,,1,0,0
ReflectionsOff,57,3.6702025681734085,3.6662,,1,0,0
ReflectionsOff,58,2.9428005218505859,2.9361,,1,0,0
ReflectionsOff,59,3.6002977285534143,3.603,,1,0,0
ReflectionsOff,60,3.2384991645812988,3.2336,,1,0,0
ReflectionsOff,61,3.2191043719649315,3.21,,1,0,0
ReflectionsOff,62,2.9098002705723047,2.9068,,1,0,0
ReflectionsOff,63,3.6338011268526316,3.635,,1,0,0
ReflectionsOff,64,2.93359556235373,2.9257,,1,0,0
ReflectionsOff,65,3.6878047976642847,3.6863,,1,0,0
ReflectionsOff,66,2.7600978501141071,2.7585,,1,0,0
ReflectionsOff,67,3.1973994337022305,3.1872,,1,0,0
ReflectionsOff,68,3.2179988920688629,3.2191,,1,0,0
ReflectionsOff,69,3.4561012871563435,3.4495,,1,0,0
ReflectionsOff,70,3.2987031154334545,3.2953,,1,0,0
ReflectionsOff,71,6.07159873470664,6.085,,1,0,0
ReflectionsOff,72,3.8909013383090496,3.8674,,1,0,0
ReflectionsOff,73,3.014399204403162,3.0087,,1,0,0
ReflectionsOff,74,2.9058957006782293,2.9093,,1,0,0
ReflectionsOff,75,3.0104024335741997,3.0001,,1,0,0
ReflectionsOff,76,2.8148030396550894,2.8552,,1,0,0
ReflectionsOff,77,3.01909726113081,2.9737,,1,0,0
ReflectionsOff,78,3.6318027414381504,3.629,,1,0,0
ReflectionsOff,79,2.7960955630987883,2.7901,,1,0,0
ReflectionsOff,80,2.9723001644015312,2.9732,,1,0,0
ReflectionsOff,81,2.9235049150884151,2.9246,,1,0,0
ReflectionsOff,82,2.914399141445756,2.9044,,1,0,0
ReflectionsOff,83,3.872597822919488,3.8683,,1,0,0
ReflectionsOff,84,3.3110969234257936,3.3061,,1,0,0
ReflectionsOff,85,3.0468041077256203,3.0441,,1,0,0
ReflectionsOff,86,3.0446003656834364,3.0446,,1,0,0
ReflectionsOff,87,3.3929988276213408,3.3877,,1,0,0
ReflectionsOff,88,2.9497023206204176,2.9505,,1,0,0
ReflectionsOff,89,3.1013959087431431,3.0838,,1,0,0
ReflectionsOff,90,2.9510983731597662,2.952,,1,0,0
ReflectionsOff,91,3.2780044712126255,3.2675,,1,0,0
ReflectionsOff,92,3.2537982333451509,3.2511,,1,0,0
ReflectionsOff,93,3.2045990228652954,3.2004,,1,0,0
ReflectionsOff,94,2.9745039064437151,2.9712,,1,0,0
ReflectionsOff,95,3.2385983504354954,3.2378,,1,0,0
ReflectionsOff,96,3.0554989352822304,3.0495,,1,0,0
ReflectionsOff,97,3.3510983921587467,3.3527,,1,0,0
ReflectionsOff,98,2.85109831020236,2.8436,,1,0,0
ReflectionsOff,99,3.4087018575519323,3.4078,,1,0,0
ReflectionsOff,100,3.031398868188262,3.025,,1,0,0
ReflectionsOff,101,2.6486041024327278,2.6438,,1,0,0
ReflectionsOff,102,4.2746951803565025,4.2736,,1,0,0
ReflectionsOff,103,2.6936011854559183,2.6877,,1,0,0
ReflectionsOff,104,3.1071002595126629,3.0985,,1,0,0
ReflectionsOff,105,3.1197988428175449,3.117,,1,0,0
ReflectionsOff,106,2.7739016804844141,2.7727,,1,0,0
ReflectionsOff,107,3.3632016275078058,3.3642,,1,0,0
ReflectionsOff,108,3.0975977424532175,3.0939,,1,0,0
ReflectionsOff,109,2.8696004301309586,2.8661,,1,0,0
ReflectionsOff,110,3.2915037591010332,3.2854,,1,0,0
ReflectionsOff,111,2.6289965026080608,2.6237,,1,0,0
ReflectionsOff,112,3.5286990460008383,3.5248,,1,0,0
ReflectionsOff,113,3.2993054483085871,3.296,,1,0,0
ReflectionsOff,114,2.9685941990464926,2.9642,,1,0,0
ReflectionsOff,115,2.8874007984995842,2.8847,,1,0,0
ReflectionsOff,116,3.1721016857773066,3.1685,,1,0,0
ReflectionsOff,117,2.9142007697373629,2.9115,,1,0,0
ReflectionsOff,118,2.8236962389200926,2.8212,,1,0,0
ReflectionsOff,119,2.8301021084189415,2.8286,,1,0,0
ReflectionsOff,120,2.959998557344079,2.9534,,1,0,0
ReflectionsOff,121,2.7901006396859884,2.7855,,1,0,0
ReflectionsOff,122,3.4327027387917042,3.4331,,1,0,0
ReflectionsOff,123,2.6242984458804131,2.6174,,1,0,0
ReflectionsOff,124,3.4294005017727613,3.4272,,1,0,0
ReflectionsOff,125,2.8188987635076046,2.814,,1,0,0
ReflectionsOff,126,2.9374007135629654,2.9343,,1,0,0
ReflectionsOff,127,2.9443027451634407,2.9443,,1,0,0
ReflectionsOff,128,3.0949972569942474,3.0887,,1,0,0
ReflectionsOff,129,3.1532030552625656,3.1505,,1,0,0
ReflectionsOff,130,2.9839994385838509,2.9802,,1,0,0
ReflectionsOff,131,2.6501985266804695,2.6455,,1,0,0
ReflectionsOff,132,3.0342971440404654,3.038,,1,0,0
ReflectionsOff,133,3.2326034270226955,3.2235,,1,0,0
ReflectionsOff,134,2.7784013655036688,2.7747,,1,0,0
ReflectionsOff,135,3.28849907964468,3.2874,,1,0,0
ReflectionsOff,136,2.7341977693140507,2.7306,,1,0,0
ReflectionsOff,137,2.95060221105814,2.9477,,1,0,0
ReflectionsOff,138,4.7312998212873936,4.7288,,1,0,0
ReflectionsOff,139,2.9758007731288671,2.9679,,1,0,0
ReflectionsOff,140,3.1022960320115089,3.0987,,1,0,0
ReflectionsOff,141,2.95330211520195,2.9514,,1,0,0
ReflectionsOff,142,2.8752975631505251,2.8698,,1,0,0
ReflectionsOff,143,3.5544997081160545,3.5538,,1,0,0
ReflectionsOff,144,3.3385062124580145,3.3337,,1,0,0
ReflectionsOff,145,3.133297897875309,3.1334,,1,0,0
ReflectionsOff,146,3.0235969461500645,3.0144,,1,0,0
ReflectionsOff,147,4.7159013338387012,4.7112,,1,0,0
ReflectionsOff,148,2.8748016338795424,2.8694,,1,0,0
ReflectionsOff,149,3.233801107853651,3.2342,,1,0,0
ReflectionsOff,150,3.7038973532617092,3.6996,,1,0,0
ReflectionsOff,151,3.3140021841973066,3.306,,1,0,0
ReflectionsOff,152,2.9870960861444473,2.9835,,1,0,0
ReflectionsOff,153,3.5890021827071905,3.5885,,1,0,0
ReflectionsOff,154,2.9676021076738834,2.963,,1,0,0
ReflectionsOff,155,3.0466979369521141,3.0452,,1,0,0
ReflectionsOff,156,2.7532030362635851,2.7515,,1,0,0
ReflectionsOff,157,3.0176942236721516,3.0098,,1,0,0
ReflectionsOff,158,3.3730017021298409,3.3716,,1,0,0
ReflectionsOff,159,3.4369048662483692,3.4343,,1,0,0
ReflectionsOff,160,2.984197810292244,2.9773,,1,0,0
ReflectionsOff,161,4.0135984309017658,4.0107,,1,0,0
ReflectionsOff,162,2.9366000089794397,2.9349,,1,0,0
ReflectionsOff,163,3.1213010661303997,3.1147,,1,0,0
ReflectionsOff,164,2.8242985717952251,2.8259,,1,0,0
ReflectionsOff,165,2.8444018680602312,2.8395,,1,0,0
ReflectionsOff,166,3.2214995007961988,3.2182,,1,0,0
ReflectionsOff,167,3.3901997376233339,3.3857,,1,0,0
ReflectionsOff,168,2.9776005540043116,2.972,,1,0,0
ReflectionsOff,169,2.8464994393289089,2.8471,,1,0,0
ReflectionsOff,170,3.4707977902144194,3.4624,,1,0,0
ReflectionsOff,171,3.0221017077565193,3.0215,,1,0,0
ReflectionsOff,172,3.5319018643349409,3.5311,,1,0,0
ReflectionsOff,173,2.8208971489220858,2.8116,,1,0,0
ReflectionsOff,174,3.3104023896157742,3.3107,,1,0,0
ReflectionsOff,175,4.4034011662006378,4.4006,,1,0,0
ReflectionsOff,176,3.0786988791078329,3.0712,,1,0,0
ReflectionsOff,177,3.3545990008860826,3.3524,,1,0,0
ReflectionsOff,178,3.2742985058575869,3.2712,,1,0,0
ReflectionsOff,179,2.8098993934690952,2.8054,,1,0,0
ReflectionsOff,180,2.9750000685453415,2.9686,,1,0,0
ReflectionsOff,181,3.1026005744934082,3.1024,,1,0,0
ReflectionsOff,182,2.8684027493000031,2.869,,1,0,0
ReflectionsOff,183,3.137500025331974,3.1285,,1,0,0
ReflectionsOff,184,3.1368976924568415,3.1338,,1,0,0
ReflectionsOff,185,3.3618977759033442,3.3578,,1,0,0
ReflectionsOff,186,4.10099932923913,4.0966,,1,0,0
ReflectionsOff,187,2.9643070884048939,2.9658,,1,0,0
ReflectionsOff,188,3.2625992316752672,3.2534,,1,0,0
ReflectionsOff,189,2.7491000946611166,2.7486,,1,0,0
ReflectionsOff,190,3.9848992601037025,3.982,,1,0,0
ReflectionsOff,191,3.2626984175294638,3.2552,,1,0,0
ReflectionsOff,192,2.5620961096137762,2.559,,1,0,0
ReflectionsOff,193,3.7523030769079924,3.7518,,1,0,0
ReflectionsOff,194,2.7103032916784286,2.7049,,1,0,0
ReflectionsOff,195,2.8165958356112242,2.8167,,1,0,0
ReflectionsOff,196,3.2418014016002417,3.2364,,1,0,0
ReflectionsOff,197,3.0975977424532175,3.0928,,1,0,0
ReflectionsOff,198,2.8446996584534645,2.8466,,1,0,0
ReflectionsOff,199,3.7410997319966555,3.7382,,1,0,0
ReflectionsOff,200,2.6906037237495184,2.6838,,1,0,0
ReflectionsOff,201,3.9616990834474564,3.9594,,1,0,0
ReflectionsOff,202,3.0556973069906235,3.0494,,1,0,0
ReflectionsOff,203,2.8205001726746559,2.8171,,1,0,0
ReflectionsOff,204,2.8746032621711493,2.8703,,1,0,0
ReflectionsOff,205,2.9272958636283875,2.9244,,1,0,0
ReflectionsOff,206,2.7064059395343065,2.7076,,1,0,0
ReflectionsOff,207,3.399199340492487,3.394,,1,0,0
ReflectionsOff,208,2.8777990955859423,2.8705,,1,0,0
ReflectionsOff,209,3.0414965003728867,3.0309,,1,0,0
ReflectionsOff,210,2.8493055142462254,2.8455,,1,0,0
ReflectionsOff,211,2.7544996701180935,2.7531,,1,0,0
ReflectionsOff,212,3.1081987544894218,3.1083,,1,0,0
ReflectionsOff,213,2.8117983601987362,2.8124,,1,0,0
ReflectionsOff,214,3.09260212816298,3.0812,,1,0,0
ReflectionsOff,215,3.2285004854202271,3.2211,,1,0,0
ReflectionsOff,216,3.0146967619657516,3.0162,,1,0,0
ReflectionsOff,217,3.5386974923312664,3.5276,,1,0,0
ReflectionsOff,218,2.9128047171980143,2.9053,,1,0,0
ReflectionsOff,219,2.9950963798910379,2.9921,,1,0,0
ReflectionsOff,220,2.8628048021346331,2.8596,,1,0,0
ReflectionsOff,221,3.0224986840039492,3.0199,,1,0,0
ReflectionsOff,222,3.0126983765512705,3.0103,,1,0,0
ReflectionsOff,223,3.1033020932227373,3.0994,,1,0,0
ReflectionsOff,224,2.9106009751558304,2.9071,,1,0,0
ReflectionsOff,225,3.7188988644629717,3.7192,,1,0,0
ReflectionsOff,226,3.8742984179407358,3.8703,,1,0,0
ReflectionsOff,227,2.6066964492201805,2.6048,,1,0,0
ReflectionsOff,228,3.364604664966464,3.3608,,1,0,0
ReflectionsOff,229,2.9696994461119175,2.9617,,1,0,0
ReflectionsOff,230,2.9705995693802834,2.9724,,1,0,0
ReflectionsOff,231,3.2028981950134039,3.1984,,1,0,0
ReflectionsOff,232,3.9287982508540154,3.9211,,1,0,0
ReflectionsOff,233,2.7439058758318424,2.7421,,1,0,0
ReflectionsOff,234,3.1917942687869072,3.1913,,1,0,0
ReflectionsOff,235,2.8104025404900312,2.8013,,1,0,0
ReflectionsOff,236,3.7480017635971308,3.7455,,1,0,0
ReflectionsOff,237,2.6530965697020292,2.6459,,1,0,0
ReflectionsOff,238,3.1011053360998631,3.1007,,1,0,0
ReflectionsOff,239,2.7716979384422302,2.7683,,1,0,0
ReflectionsOff,240,3.0022959690541029,2.999,,1,0,0
ReflectionsOff,241,3.9660995826125145,3.9617,,1,0,0
ReflectionsOff,242,2.9648030176758766,2.9606,,1,0,0
ReflectionsOff,243,2.9368975665420294,2.9325,,1,0,0
ReflectionsOff,244,3.0918011907488108,3.0885,,1,0,0
ReflectionsOff,245,2.7308035641908646,2.7275,,1,0,0
ReflectionsOff,246,3.1526007223874331,3.1444,,1,0,0
ReflectionsOff,247,4.086600150913,4.088,,1,0,0
ReflectionsOff,248,3.1670988537371159,3.1589,,1,0,0
ReflectionsOff,249,2.7094953693449497,2.7096,,1,0,0
ReflectionsOff,250,3.7082058843225241,3.7038,,1,0,0
ReflectionsOff,251,3.2705995254218578,3.2639,,1,0,0
ReflectionsOff,252,2.8388958889991045,2.8359,,1,0,0
ReflectionsOff,253,2.9525014106184244,2.9531,,1,0,0
ReflectionsOff,254,5.5037983693182468,5.4964,,1,0,0
ReflectionsOff,255,3.2830003183335066,3.2827,,1,0,0
ReflectionsOff,256,3.0236039310693741,3.0223,,1,0,0
ReflectionsOff,257,3.1422972679138184,3.1336,,1,0,0
ReflectionsOff,258,2.9517007060348988,2.9498,,1,0,0
ReflectionsOff,259,3.1510982662439346,3.1462,,1,0,0
ReflectionsOff,260,3.0008007306605577,3.002,,1,0,0
ReflectionsOff,261,3.0571003444492817,3.0531,,1,0,0
ReflectionsOff,262,2.9288975056260824,2.9221,,1,0,0
ReflectionsOff,263,3.1830994412302971,3.184,,1,0,0
ReflectionsOff,264,2.8359056450426579,2.828,,1,0,0
ReflectionsOff,265,3.1392006203532219,3.1402,,1,0,0
ReflectionsOff,266,3.3865999430418015,3.3842,,1,0,0
ReflectionsOff,267,3.0438988469541073,3.0349,,1,0,0
ReflectionsOff,268,2.7201955672353506,2.7204,,1,0,0
ReflectionsOff,269,3.2803996000438929,3.2764,,1,0,0
ReflectionsOff,270,3.1088010873645544,3.1007,,1,0,0
ReflectionsOff,271,2.6704010087996721,2.6723,,1,0,0
ReflectionsOff,272,3.0290037393569946,3.0244,,1,0,0
ReflectionsOff,273,2.5961946230381727,2.5916,,1,0,0
ReflectionsOff,274,3.0783021356910467,3.0736,,1,0,0
ReflectionsOff,275,3.1713009811937809,3.1705,,1,0,0
ReflectionsOff,276,3.048398531973362,3.0441,,1,0,0
ReflectionsOff,277,2.8202026151120663,2.8164,,1,0,0
ReflectionsOff,278,2.9553005006164312,2.9542,,1,0,0
ReflectionsOff,279,3.1374008394777775,3.1337,,1,0,0
ReflectionsOff,280,2.7513960376381874,2.7457,,1,0,0
ReflectionsOff,281,3.3481009304523468,3.3495,,1,0,0
ReflectionsOff,282,3.6658020690083504,3.6612,,1,0,0
ReflectionsOff,283,2.7697987388819456,2.765,,1,0,0
ReflectionsOff,284,2.7256023604422808,2.7257,,1,0,0
ReflectionsOff,285,3.4793934319168329,3.4737,,1,0,0
ReflectionsOff,286,2.6396044995635748,2.6309,,1,0,0
ReflectionsOff,287,2.8940972406417131,2.8938,,1,0,0
ReflectionsOff,288,2.6030044537037611,2.5968,,1,0,0
ReflectionsOff,289,3.1535997986793518,3.1555,,1,0,0
ReflectionsOff,290,2.4996954016387463,2.4974,,1,0,0
ReflectionsOff,291,3.2617985270917416,3.2562,,1,0,0
ReflectionsOff,292,3.2989017199724913,3.2961,,1,0,0
ReflectionsOff,293,2.9747022781521082,2.9701,,1,0,0
ReflectionsOff,294,2.9366000089794397,2.9332,,1,0,0
ReflectionsOff,295,2.9357001185417175,2.9345,,1,0,0
ReflectionsOff,296,2.5414966512471437,2.5355,,1,0,0
ReflectionsOff,297,3.1481008045375347,3.1488,,1,0,0
ReflectionsOff,298,3.6839002277702093,3.6792,,1,0,0
ReflectionsOff,299,2.5928004179149866,2.5872,,1,0,0
ReflectionsOff,300,2.8991000726819038,2.8993,,1,0,0
ReflectionsOff,301,4.002302885055542,4.0006,,1,0,0
ReflectionsOff,302,2.8285998851060867,2.8203,,1,0,0
ReflectionsOff,303,3.0715987086296082,3.0705,,1,0,0
ReflectionsOff,304,2.7170989196747541,2.7134,,1,0,0
ReflectionsOff,305,2.8516014572232962,2.8533,,1,0,0
ReflectionsOff,306,2.833198755979538,2.8251,,1,0,0
ReflectionsOff,307,3.2436011824756861,3.2434,,1,0,0
ReflectionsOff,308,3.263598307967186,3.2588,,1,0,0
ReflectionsOff,309,3.1955002341419458,3.1937,,1,0,0
ReflectionsOff,310,2.8386975172907114,2.8324,,1,0,0
ReflectionsOff,311,4.06080624088645,4.065,,1,0,0
ReflectionsOff,312,3.2122945412993431,3.2034,,1,0,0
ReflectionsOff,313,2.3929988965392113,2.3899,,1,0,0
ReflectionsOff,314,3.8905045948922634,3.8917,,1,0,0
ReflectionsOff,315,2.8115999884903431,2.805,,1,0,0
ReflectionsOff,316,3.2996952068060637,3.2988,,1,0,0
ReflectionsOff,317,2.5971017312258482,2.5917,,1,0,0
ReflectionsOff,318,3.0333050526678562,3.032,,1,0,0
ReflectionsOff,319,2.6278982404619455,2.6221,,1,0,0
ReflectionsOff,320,2.8040958568453789,2.8052,,1,0,0
ReflectionsOff,321,3.9900015108287334,3.9865,,1,0,0
ReflectionsOff,322,4.1095027700066566,4.1062,,1,0,0
ReflectionsOff,323,2.7513960376381874,2.7465,,1,0,0
ReflectionsOff,324,2.9642006848007441,2.9677,,1,0,0
ReflectionsOff,325,3.0437004752457142,3.0313,,1,0,0
ReflectionsOff,326,2.8120039496570826,2.8049,,1,0,0
ReflectionsOff,327,3.6416950169950724,3.6378,,1,0,0
ReflectionsOff,328,2.9122023843228817,2.9056,,1,0,0
ReflectionsOff,329,2.7253967709839344,2.7213,,1,0,0
ReflectionsOff,330,3.1035004649311304,3.1033,,1,0,0
ReflectionsOff,331,2.9431050643324852,2.9377,,1,0,0
ReflectionsOff,332,3.2746952492743731,3.2706,,1,0,0
ReflectionsOff,333,3.0514029785990715,3.051,,1,0,0
ReflectionsOff,334,3.120500361546874,3.1157,,1,0,0
ReflectionsOff,335,2.7928997296839952,2.8001,,1,0,0
ReflectionsOff,336,4.7757015563547611,4.7585,,1,0,0
ReflectionsOff,337,2.931597176939249,2.925,,1,0,0
ReflectionsOff,338,3.2705003395676613,3.2702,,1,0,0
ReflectionsOff,339,3.284800099208951,3.2811,,1,0,0
ReflectionsOff,340,3.204698208719492,3.1967,,1,0,0
ReflectionsOff,341,3.232001094147563,3.2298,,1,0,0
ReflectionsOff,342,3.0285997781902552,3.0202,,1,0,0
ReflectionsOff,343,2.8927011881023645,2.8921,,1,0,0
ReflectionsOff,344,2.7892007492482662,2.7854,,1,0,0
ReflectionsOff,345,2.7908021584153175,2.7837,,1,0,0
ReflectionsOff,346,2.9867985285818577,2.9884,,1,0,0
ReflectionsOff,347,3.3754960168153048,3.3702,,1,0,0
ReflectionsOff,348,2.8664043638855219,2.8623,,1,0,0
ReflectionsOff,349,3.1280966941267252,3.1221,,1,0,0
ReflectionsOff,350,3.0339001677930355,3.0298,,1,0,0
ReflectionsOff,351,4.9534011632204056,4.9546,,1,0,0
ReflectionsOff,352,3.0777989886701107,3.0689,,1,0,0
ReflectionsOff,353,2.7776998467743397,2.7774,,1,0,0
ReflectionsOff,354,3.6164044868201017,3.612,,1,0,0
ReflectionsOff,355,3.1409934163093567,3.1377,,1,0,0
ReflectionsOff,356,3.2397038303315639,3.2376,,1,0,0
ReflectionsOff,357,2.8432963881641626,2.8393,,1,0,0
ReflectionsOff,358,3.3651997800916433,3.3605,,1,0,0
ReflectionsOff,359,3.5758998710662127,3.5674,,1,0,0
ReflectionsOff,360,3.1919004395604134,3.1893,,1,0,0
ReflectionsOff,361,3.4410005901008844,3.4397,,1,0,0
ReflectionsOff,362,3.5767999943345785,3.5512,,1,0,0
ReflectionsOff,363,3.1504039652645588,3.1544,,1,0,0
ReflectionsOff,364,3.6021966952830553,3.5908,,1,0,0
ReflectionsOff,365,4.0666027925908566,4.0639,,1,0,0
ReflectionsOff,366,2.7753969188779593,2.7714,,1,0,0
ReflectionsOff,367,4.1776006110012531,4.1742,,1,0,0
ReflectionsOff,368,3.5160004626959562,3.5129,,1,0,0
ReflectionsOff,369,3.4506022930145264,3.4306,,1,0,0
ReflectionsOff,370,2.8190971352159977,2.8197,,1,0,0
ReflectionsOff,371,3.0036990065127611,2.9999,,1,0,0
ReflectionsOff,372,3.098001703619957,3.0948,,1,0,0
ReflectionsOff,373,3.098001703619957,3.0919,,1,0,0
ReflectionsOff,374,3.1030967365950346,3.1037,,1,0,0
ReflectionsOff,375,3.115001367405057,3.1108,,1,0,0
ReflectionsOff,376,2.9716978315263987,2.968,,1,0,0
ReflectionsOff,377,3.0118054710328579,3.01,,1,0,0
ReflectionsOff,378,2.7516935952007771,2.7441,,1,0,0
ReflectionsOff,379,3.1746032182127237,3.1765,,1,0,0
ReflectionsOff,380,3.7190972361713648,3.7139,,1,0,0
ReflectionsOff,381,2.7901006396859884,2.7834,,1,0,0
ReflectionsOff,382,2.9339995235204697,2.9324,,1,0,0
ReflectionsOff,383,3.1566042453050613,3.1511,,1,0,0
ReflectionsOff,384,3.2592969946563244,3.2548,,1,0,0
ReflectionsOff,385,3.4306051675230265,3.4315,,1,0,0
ReflectionsOff,386,2.8113946318626404,2.8041,,1,0,0
ReflectionsOff,387,2.9664044268429279,2.9653,,1,0,0
ReflectionsOff,388,2.9530967585742474,2.9522,,1,0,0
ReflectionsOff,389,2.8932043351233006,2.8849,,1,0,0
ReflectionsOff,390,3.1280966941267252,3.1243,,1,0,0
ReflectionsOff,391,3.0820011161267757,3.077,,1,0,0
ReflectionsOff,392,3.0321003869175911,3.0281,,1,0,0
ReflectionsOff,393,3.4318948164582253,3.6938,,1,0,0
ReflectionsOff,394,3.6904052831232548,3.4228,,1,0,0
ReflectionsOff,395,3.5850978456437588,3.5835,,1,0,0
ReflectionsOff,396,2.9214995447546244,2.9188,,1,0,0
ReflectionsOff,397,3.5773029085248709,3.573,,1,0,0
ReflectionsOff,398,3.0511976219713688,3.0445,,1,0,0
ReflectionsOff,399,3.4008999355137348,3.3992,,1,0,0
ReflectionsOff,400,3.3972009550780058,3.3919,,1,0,0
ReflectionsOff,401,2.7338010258972645,2.7296,,1,0,0
ReflectionsOff,402,3.045996418222785,3.0476,,1,0,0
ReflectionsOff,403,3.7781037390232086,3.7682,,1,0,0
ReflectionsOff,404,3.118700347840786,3.1177,,1,0,0
ReflectionsOff,405,3.0509992502629757,3.0452,,1,0,0
ReflectionsOff,406,2.8610969893634319,2.863,,1,0,0
ReflectionsOff,407,2.9194019734859467,2.9102,,1,0,0
ReflectionsOff,408,2.9866993427276611,2.9867,,1,0,0
ReflectionsOff,409,2.8050027322024107,2.7984,,1,0,0
ReflectionsOff,410,4.1372943669557571,4.1358,,1,0,0
ReflectionsOff,411,3.5935018677264452,3.5896,,1,0,0
ReflectionsOff,412,2.7182043995708227,2.71,,1,0,0
ReflectionsOff,413,2.9872944578528404,2.985,,1,0,0
ReflectionsOff,414,3.1348001211881638,3.1334,,1,0,0
ReflectionsOff,415,2.8049035463482141,2.8056,,1,0,0
ReflectionsOff,416,2.8974986635148525,2.8852,,1,0,0
ReflectionsOff,417,3.3663974609225988,3.363,,1,0,0
ReflectionsOff,418,2.7526998892426491,2.7523,,1,0,0
ReflectionsOff,419,2.8950043488293886,2.8879,,1,0,0
ReflectionsOff,420,4.120401106774807,4.1201,,1,0,0
ReflectionsOff,421,3.0026005115360022,2.996,,1,0,0
ReflectionsOff,422,3.1169997528195381,3.118,,1,0,0
ReflectionsOff,423,2.8246953152120113,2.8168,,1,0,0
ReflectionsOff,424,2.8098002076148987,2.8108,,1,0,0
ReflectionsOff,425,4.3401005677878857,4.3369,,1,0,0
ReflectionsOff,426,3.1373016536235809,3.1279,,1,0,0
ReflectionsOff,427,3.3222008496522903,3.3213,,1,0,0
ReflectionsOff,428,3.2778983004391193,3.2704,,1,0,0
ReflectionsOff,429,3.6015021614730358,3.6034,,1,0,0
ReflectionsOff,430,3.018098184838891,3.0095,,1,0,0
ReflectionsOff,431,2.8400013688951731,2.8398,,1,0,0
ReflectionsOff,432,2.7927013579756021,2.7847,,1,0,0
ReflectionsOff,433,2.8403983451426029,2.839,,1,0,0
ReflectionsOff,434,6.024298258125782,6.0191,,1,0,0
ReflectionsOff,435,5.9486040845513344,5.9478,,1,0,0
ReflectionsOff,436,2.3607993498444557,2.3555,,1,0,0
ReflectionsOff,437,3.4208970610052347,3.4206,,1,0,0
ReflectionsOff,438,3.5982993431389332,3.5921,,1,0,0
ReflectionsOff,439,3.3281038049608469,3.3247,,1,0,0
ReflectionsOff,440,3.1344955787062645,3.1291,,1,0,0
ReflectionsOff,441,2.8836026322096586,2.9282,,1,0,0
ReflectionsOff,442,2.8752975631505251,2.8226,,1,0,0
ReflectionsOff,443,4.4412980787456036,4.441,,1,0,0
ReflectionsOff,444,3.509502625092864,3.5027,,1,0,0
ReflectionsOff,445,3.0374007765203714,3.0326,,1,0,0
ReflectionsOff,446,2.9664966277778149,2.9616,,1,0,0
ReflectionsOff,447,3.0257015023380518,3.0235,,1,0,0
ReflectionsOff,448,3.1563988886773586,3.1594,,1,0,0
ReflectionsOff,449,3.903599688783288,3.8933,,1,0,0
ReflectionsOff,450,2.8616001363843679,2.8585,,1,0,0
ReflectionsOff,451,3.1524021178483963,3.1515,,1,0,0
ReflectionsOff,452,3.3892006613314152,3.3834,,1,0,0
ReflectionsOff,453,3.5624008160084486,3.5639,,1,0,0
ReflectionsOff,454,3.420401131734252,3.4126,,1,0,0
ReflectionsOff,455,2.8878967277705669,2.8819,,1,0,0
ReflectionsOff,456,3.3659012988209724,3.3638,,1,0,0
ReflectionsOff,457,3.4651998430490494,3.4645,,1,0,0
ReflectionsOff,458,3.0321995727717876,3.023,,1,0,0
ReflectionsOff,459,3.4475978463888168,3.4456,,1,0,0
ReflectionsOff,460,3.059800248593092,3.0521,,1,0,0
ReflectionsOff,461,3.306001890450716,3.3018,,1,0,0
ReflectionsOff,462,3.0492984224110842,3.0472,,1,0,0
ReflectionsOff,463,2.9021045193076134,2.8973,,1,0,0
ReflectionsOff,464,2.6422974187880754,2.6375,,1,0,0
ReflectionsOff,465,3.7621031515300274,3.7626,,1,0,0
ReflectionsOff,466,3.1023952178657055,3.0979,,1,0,0
ReflectionsOff,467,3.6410996690392494,3.6348,,1,0,0
ReflectionsOff,468,2.7767999563366175,2.7703,,1,0,0
ReflectionsOff,469,3.2837018370628357,3.2922,,1,0,0
ReflectionsOff,470,3.3170988317579031,3.2952,,1,0,0
ReflectionsOff,471,3.2958050724118948,3.2873,,1,0,0
ReflectionsOff,472,3.1251984182745218,3.1237,,1,0,0
ReflectionsOff,473,3.3214993309229612,3.3202,,1,0,0
ReflectionsOff,474,2.8580003418028355,2.8477,,1,0,0
ReflectionsOff,475,3.1115999445319176,3.1117,,1,0,0
ReflectionsOff,476,2.89949681609869,2.8898,,1,0,0
ReflectionsOff,477,2.9864015523344278,2.9872,,1,0,0
ReflectionsOff,478,2.8653983026742935,2.8586,,1,0,0
ReflectionsOff,479,2.9024023097008467,2.9028,,1,0,0
ReflectionsOff,480,3.2880031503736973,3.2851,,1,0,0
ReflectionsOff,481,3.8610969204455614,3.8587,,1,0,0
ReflectionsOff,482,2.9602961149066687,2.9508,,1,0,0
ReflectionsOff,483,2.7251061983406544,2.7245,,1,0,0
ReflectionsOff,484,3.4951956477016211,3.493,,1,0,0
ReflectionsOff,485,2.8544997330754995,2.8538,,1,0,0
ReflectionsOff,486,3.2060020603239536,3.1992,,1,0,0
ReflectionsOff,487,2.6869969442486763,2.6841,,1,0,0
ReflectionsOff,488,3.5948059521615505,3.5902,,1,0,0
ReflectionsOff,489,2.6503968983888626,2.644,,1,0,0
ReflectionsOff,490,3.0781037639826536,3.0797,,1,0,0
ReflectionsOff,491,3.242396516725421,3.2342,,1,0,0
ReflectionsOff,492,3.1340986024588346,3.1345,,1,0,0
ReflectionsOff,493,2.8112032450735569,2.8098,,1,0,0
ReflectionsOff,494,3.19469952955842,3.1889,,1,0,0
ReflectionsOff,495,2.9548965394496918,2.9468,,1,0,0
ReflectionsOff,496,3.5962017718702555,3.598,,1,0,0
ReflectionsOff,497,2.9294996056705713,2.9249,,1,0,0
ReflectionsOff,498,2.9833971057087183,2.9806,,1,0,0
ReflectionsOff,499,2.8441043104976416,2.8371,,1,0,0
ReflectionsOff,500,2.9644982423633337,2.9633,,1,0,0
ReflectionsOff,501,3.1140022911131382,3.1102,,1,0,0
ReflectionsOff,502,3.1401005107909441,3.1342,,1,0,0
ReflectionsOff,503,2.6452948804944754,2.6421,,1,0,0
ReflectionsOff,504,3.3387045841664076,3.3383,,1,0,0
ReflectionsOff,505,2.6963010895997286,2.6898,,1,0,0
ReflectionsOff,506,3.4290957264602184,3.4294,,1,0,0
ReflectionsOff,507,2.5040036998689175,2.4988,,1,0,0
ReflectionsOff,508,3.7348002661019564,3.7295,,1,0,0
ReflectionsOff,509,3.231497947126627,3.2307,,1,0,0
ReflectionsOff,510,2.6143991854041815,2.6088,,1,0,0
ReflectionsOff,511,3.5699971485882998,3.5682,,1,0,0
ReflectionsOff,512,2.5319019332528114,2.5253,,1,0,0
ReflectionsOff,513,3.1599986832588911,3.1612,,1,0,0
ReflectionsOff,514,2.634906442835927,2.6312,,1,0,0
ReflectionsOff,515,2.8541949577629566,2.8509,,1,0,0
ReflectionsOff,516,3.2695010304450989,3.2621,,1,0,0
ReflectionsOff,517,2.7216977905482054,2.7169,,1,0,0
ReflectionsOff,518,2.7588009834289551,2.7592,,1,0,0
ReflectionsOff,519,2.5424035266041756,2.5394,,1,0,0
ReflectionsOff,520,2.888399874791503,2.8825,,1,0,0
ReflectionsOff,521,2.6740999892354012,2.6699,,1,0,0
ReflectionsOff,522,3.9684949442744255,3.969,,1,0,0
ReflectionsOff,523,2.7323057875037193,2.7256,,1,0,0
ReflectionsOff,524,2.960593905299902,2.9592,,1,0,0
ReflectionsOff,525,3.1892007682472467,3.1848,,1,0,0
ReflectionsOff,526,3.5463010426610708,3.5403,,1,0,0
ReflectionsOff,527,2.7675027959048748,2.7654,,1,0,0
ReflectionsOff,528,3.10119753703475,3.1003,,1,0,0
ReflectionsOff,529,2.6527990121394396,2.6475,,1,0,0
ReflectionsOff,530,2.7923043817281723,2.7964,,1,0,0
ReflectionsOff,531,2.8687003068625927,2.8604,,1,0,0
ReflectionsOff,532,2.6841978542506695,2.679,,1,0,0
ReflectionsOff,533,3.2010984141379595,3.1993,,1,0,0
ReflectionsOff,534,3.0349986627697945,3.0307,,1,0,0
ReflectionsOff,535,2.6927012950181961,2.6844,,1,0,0
ReflectionsOff,536,2.9582979623228312,2.9552,,1,0,0
ReflectionsOff,537,2.6571003254503012,2.6548,,1,0,0
ReflectionsOff,538,2.8266014996916056,2.8223,,1,0,0
ReflectionsOff,539,2.7537981513887644,2.7499,,1,0,0
ReflectionsOff,540,2.8424037154763937,2.8459,,1,0,0
ReflectionsOff,541,2.9083970002830029,2.8968,,1,0,0
ReflectionsOff,542,2.8863025363534689,2.8784,,1,0,0
ReflectionsOff,543,3.108900273218751,3.1005,,1,0,0
ReflectionsOff,544,2.7029975317418575,2.7002,,1,0,0
ReflectionsOff,545,3.023405559360981,3.0232,,1,0,0
ReflectionsOff,546,3.4785997122526169,3.4752,,1,0,0
ReflectionsOff,547,3.0723002273589373,3.0651,,1,0,0
ReflectionsOff,548,3.2545989379286766,3.2549,,1,0,0
ReflectionsOff,549,2.7690972201526165,2.7616,,1,0,0
ReflectionsOff,550,2.5225977879017591,2.5234,,1,0,0
ReflectionsOff,551,2.99310521222651,2.9877,,1,0,0
ReflectionsOff,552,2.5075962767004967,2.5056,,1,0,0
ReflectionsOff,553,3.5115007776767015,3.511,,1,0,0
ReflectionsOff,554,2.7350978925824165,2.7299,,1,0,0
ReflectionsOff,555,2.8484056238085032,2.8438,,1,0,0
ReflectionsOff,556,2.7417941018939018,2.7425,,1,0,0
ReflectionsOff,557,2.85120471380651,2.8449,,1,0,0
ReflectionsOff,558,2.8134000021964312,2.8098,,1,0,0
ReflectionsOff,559,3.9507015608251095,3.9506,,1,0,0
ReflectionsOff,560,2.4857001844793558,2.4791,,1,0,0
ReflectionsOff,561,3.341893432661891,3.339,,1,0,0
ReflectionsOff,562,2.687705447897315,2.6839,,1,0,0
ReflectionsOff,563,2.780598122626543,2.7756,,1,0,0
ReflectionsOff,564,3.01580224186182,3.0114,,1,0,0
ReflectionsOff,565,2.8985969256609678,2.8964,,1,0,0
ReflectionsOff,566,2.7450041379779577,2.7449,,1,0,0
ReflectionsOff,567,2.8082979843020439,2.8098,,1,0,0
ReflectionsOff,568,2.8560019563883543,2.8443,,1,0,0
ReflectionsOff,569,2.8303996659815311,2.832,,1,0,0
ReflectionsOff,570,2.8407950885593891,2.8316,,1,0,0
ReflectionsOff,571,3.3882015850394964,3.3886,,1,0,0
ReflectionsOff,572,2.8297973331063986,2.8243,,1,0,0
ReflectionsOff,573,2.7889029588550329,2.7824,,1,0,0
ReflectionsOff,574,2.7599986642599106,2.7618,,1,0,0
ReflectionsOff,575,3.4710033796727657,3.4658,,1,0,0
ReflectionsOff,576,2.7437002863734961,2.7352,,1,0,0
ReflectionsOff,577,2.8817956335842609,2.8877,,1,0,0
ReflectionsOff,578,3.22310090996325,3.207,,1,0,0
ReflectionsOff,579,3.268303582444787,3.2647,,1,0,0
ReflectionsOff,580,2.8500000480562449,2.8502,,1,0,0
ReflectionsOff,581,2.8621952515095472,2.8555,,1,0,0
ReflectionsOff,582,2.9238024726510048,2.9228,,1,0,0
ReflectionsOff,583,2.6329010725021362,2.629,,1,0,0
ReflectionsOff,584,3.321697935461998,3.3188,,1,0,0
ReflectionsOff,585,2.7764029800891876,2.7737,,1,0,0
ReflectionsOff,586,2.6620961725711823,2.6588,,1,0,0
ReflectionsOff,587,2.716900547966361,2.7102,,1,0,0
ReflectionsOff,588,3.0196004081517458,3.02,,1,0,0
ReflectionsOff,589,4.7758999280631542,4.7755,,1,0,0
ReflectionsOff,590,3.4364017192274332,3.4272,,1,0,0
ReflectionsOff,591,3.6982994060963392,3.7001,,1,0,0
ReflectionsOff,592,2.8552012518048286,2.8464,,1,0,0
ReflectionsOff,593,3.1953018624335527,3.1924,,1,0,0
ReflectionsOff,594,4.0403981693089008,4.0325,,1,0,0
ReflectionsOff,595,4.0365010499954224,4.0324,,1,0,0
ReflectionsOff,596,3.0965986661612988,3.0877,,1,0,0
ReflectionsOff,597,3.426502225920558,3.4282,,1,0,0
ReflectionsOff,598,3.4041949547827244,3.3948,,1,0,0
ReflectionsOff,599,2.9557044617831707,2.9507,,1,0,0
ReflectionsOff,600,3.9055980741977692,3.9068,,1,0,0
ReflectionsOff,601,6.30459887906909,6.2967,,1,0,0
ReflectionsOff,602,3.9407028816640377,3.9389,,1,0,0
ReflectionsOff,603,3.0888959299772978,3.0844,,1,0,0
ReflectionsOff,604,3.5085033159703016,3.5089,,1,0,0
ReflectionsOff,605,3.14959604293108,3.1424,,1,0,0
ReflectionsOff,606,5.1363022066652775,5.1416,,1,0,0
ReflectionsOff,607,3.3829009626060724,3.3708,,1,0,0
ReflectionsOff,608,3.2492985483258963,3.2505,,1,0,0
ReflectionsOff,609,3.7080994807183743,3.7035,,1,0,0
ReflectionsOff,610,2.8844033367931843,2.8782,,1,0,0
ReflectionsOff,611,4.1317958384752274,4.1071,,1,0,0
ReflectionsOff,612,3.3087017945945263,3.3051,,1,0,0
ReflectionsOff,613,2.8566964901983738,2.8523,,1,0,0
ReflectionsOff,614,3.2449050340801477,3.2421,,1,0,0
ReflectionsOff,615,4.2520975694060326,4.2542,,1,0,0
ReflectionsOff,616,2.918601268902421,2.9105,,1,0,0
ReflectionsOff,617,3.0886975582689047,3.0907,,1,0,0
ReflectionsOff,618,3.989002201706171,3.9825,,1,0,0
ReflectionsOff,619,2.9142999555915594,2.9091,,1,0,0
ReflectionsOff,620,3.0246032401919365,3.0238,,1,0,0
ReflectionsOff,621,3.1975978054106236,3.193,,1,0,0
ReflectionsOff,622,3.0879960395395756,3.0844,,1,0,0
ReflectionsOff,623,3.1140022911131382,3.1089,,1,0,0
ReflectionsOff,624,3.5910005681216717,3.5871,,1,0,0
ReflectionsOff,625,2.9425027314573526,2.9395,,1,0,0
ReflectionsOff,626,3.5130952019244432,3.5097,,1,0,0
ReflectionsOff,627,3.0482993461191654,3.0432,,1,0,0
ReflectionsOff,628,3.1647037249058485,3.1629,,1,0,0
ReflectionsOff,629,3.6051019560545683,3.6013,,1,0,0
ReflectionsOff,630,3.031398868188262,3.0311,,1,0,0
ReflectionsOff,631,3.3759991638362408,3.368,,1,0,0
ReflectionsOff,632,2.9615007806569338,2.9591,,1,0,0
ReflectionsOff,633,2.9228953644633293,2.922,,1,0,0
ReflectionsOff,634,3.4143989905714989,3.4093,,1,0,0
ReflectionsOff,635,3.0641015619039536,3.0592,,1,0,0
ReflectionsOff,636,2.8735047671943903,2.8708,,1,0,0
ReflectionsOff,637,2.6911990717053413,2.693,,1,0,0
ReflectionsOff,638,2.9000991489738226,2.8926,,1,0,0
ReflectionsOff,639,2.8488023672252893,2.8499,,1,0,0
ReflectionsOff,640,3.2222929876297712,3.218,,1,0,0
ReflectionsOff,641,2.8356008697301149,2.8277,,1,0,0
ReflectionsOff,642,3.9481008425354958,3.9477,,1,0,0
ReflectionsOff,643,2.8635982889682055,2.8627,,1,0,0
ReflectionsOff,644,3.6984055768698454,3.6928,,1,0,0
ReflectionsOff,645,3.2897959463298321,3.2858,,1,0,0
ReflectionsOff,646,3.0033022630959749,2.9953,,1,0,0
ReflectionsOff,647,3.7929988466203213,3.7936,,1,0,0
ReflectionsOff,648,2.7429987676441669,2.7364,,1,0,0
ReflectionsOff,649,3.6137045826762915,3.6102,,1,0,0
ReflectionsOff,650,2.9484976548701525,2.9456,,1,0,0
ReflectionsOff,651,3.7949972320348024,3.7905,,1,0,0
ReflectionsOff,652,2.95030465349555,2.9499,,1,0,0
ReflectionsOff,653,2.9991993214935064,2.9915,,1,0,0
ReflectionsOff,654,4.0606008842587471,4.051,,1,0,0
ReflectionsOff,655,2.9404973611235619,2.9381,,1,0,0
ReflectionsOff,656,2.9211025685071945,2.9165,,1,0,0
ReflectionsOff,657,3.130895784124732,3.1295,,1,0,0
ReflectionsOff,658,3.4035998396575451,3.4047,,1,0,0
ReflectionsOff,659,3.2074050977826118,3.1974,,1,0,0
ReflectionsOff,660,3.2060940284281969,3.2202,,1,0,0
ReflectionsOff,661,3.1162060331553221,3.0915,,1,0,0
ReflectionsOff,662,2.7900934219360352,2.7802,,1,0,0
ReflectionsOff,663,3.0164045747369528,3.0192,,1,0,0
ReflectionsOff,664,3.286401741206646,3.277,,1,0,0
ReflectionsOff,665,2.8705995064228773,2.8626,,1,0,0
ReflectionsOff,666,3.5470947623252869,3.5483,,1,0,0
ReflectionsOff,667,2.5387045461684465,2.5307,,1,0,0
ReflectionsOff,668,3.5009991843253374,3.4969,,1,0,0
ReflectionsOff,669,2.8771967627108097,2.8784,,1,0,0
ReflectionsOff,670,2.9107993468642235,2.9058,,1,0,0
ReflectionsOff,671,2.7978033758699894,2.7962,,1,0,0
ReflectionsOff,672,2.890199888497591,2.8917,,1,0,0
ReflectionsOff,673,2.8158021159470081,2.8052,,1,0,0
ReflectionsOff,674,3.0160006135702133,3.0077,,1,0,0
ReflectionsOff,675,3.1179988291114569,3.1172,,1,0,0
ReflectionsOff,676,2.8174957260489464,2.8148,,1,0,0
ReflectionsOff,677,2.6880030054599047,2.6838,,1,0,0
ReflectionsOff,678,3.7262968253344297,3.7218,,1,0,0
ReflectionsOff,679,3.8856009487062693,3.8827,,1,0,0
ReflectionsOff,680,2.8211025055497885,2.8138,,1,0,0
ReflectionsOff,681,2.9232993256300688,2.9247,,1,0,0
ReflectionsOff,682,3.1940971966832876,3.1865,,1,0,0
ReflectionsOff,683,2.8580003418028355,2.8567,,1,0,0
ReflectionsOff,684,3.1645053531974554,3.1601,,1,0,0
ReflectionsOff,685,3.2342970371246338,3.2338,,1,0,0
ReflectionsOff,686,2.9778983443975449,2.972,,1,0,0
ReflectionsOff,687,2.7703018859028816,2.7672,,1,0,0
ReflectionsOff,688,2.8046981897205114,2.8021,,1,0,0
ReflectionsOff,689,3.0357001814991236,3.0305,,1,0,0
ReflectionsOff,690,3.9992984384298325,3.9974,,1,0,0
ReflectionsOff,691,3.0175028368830681,3.0098,,1,0,0
ReflectionsOff,692,3.6116992123425007,3.6103,,1,0,0
ReflectionsOff,693,3.16369766369462,3.1556,,1,0,0
ReflectionsOff,694,2.75730574503541,2.7562,,1,0,0
ReflectionsOff,695,4.1217971593141556,4.1189,,1,0,0
ReflectionsOff,696,2.8323980513960123,2.8244,,1,0,0
ReflectionsOff,697,3.1149021815508604,3.1139,,1,0,0
ReflectionsOff,698,2.787797711789608,2.786,,1,0,0
ReflectionsOff,699,3.2982993870973587,3.2958,,1,0,0
ReflectionsOff,700,3.4281036350876093,3.4223,,1,0,0
ReflectionsOff,701,3.2614015508443117,3.256,,1,0,0
ReflectionsOff,702,2.7303004171699286,2.7331,,1,0,0
ReflectionsOff,703,3.0464001465588808,3.0364,,1,0,0
ReflectionsOff,704,2.7499007992446423,2.7519,,1,0,0
ReflectionsOff,705,3.617594949901104,3.6144,,1,0,0
ReflectionsOff,706,2.950198482722044,2.9418,,1,0,0
ReflectionsOff,707,3.0992063693702221,3.0977,,1,0,0
ReflectionsOff,708,3.7795989774167538,3.7764,,1,0,0
ReflectionsOff,709,3.1063987407833338,3.0997,,1,0,0
ReflectionsOff,710,3.1616000924259424,3.1597,,1,0,0
ReflectionsOff,711,2.6667020283639431,2.6618,,1,0,0
ReflectionsOff,712,3.15229594707489,3.1524,,1,0,0
ReflectionsOff,713,3.2764030620455742,3.2696,,1,0,0
ReflectionsOff,714,3.1272959895431995,3.3199,,1,0,0
ReflectionsOff,715,2.9623014852404594,2.7576,,1,0,0
ReflectionsOff,716,3.3759991638362408,3.3738,,1,0,0
ReflectionsOff,717,2.7532030362635851,2.7497,,1,0,0
ReflectionsOff,718,3.0504961032420397,3.0526,,1,0,0
ReflectionsOff,719,3.0372024048119783,3.0263,,1,0,0
ReflectionsOff,720,3.05850338190794,3.0594,,1,0,0
ReflectionsOff,721,2.9809949919581413,2.971,,1,0,0
ReflectionsOff,722,3.3041029237210751,3.3047,,1,0,0
ReflectionsOff,723,4.0019983425736427,3.998,,1,0,0
ReflectionsOff,724,3.0574970878660679,3.0492,,1,0,0
ReflectionsOff,725,2.8126062825322151,2.809,,1,0,0
ReflectionsOff,726,3.2173965591937304,3.2181,,1,0,0
ReflectionsOff,727,2.6723993942141533,2.667,,1,0,0
ReflectionsOff,728,3.2479024957865477,3.2466,,1,0,0
ReflectionsOff,729,3.1634990591555834,3.1588,,1,0,0
ReflectionsOff,730,3.3970025833696127,3.3938,,1,0,0
ReflectionsOff,731,2.8438987210392952,2.839,,1,0,0
ReflectionsOff,732,2.9668014030903578,2.9672,,1,0,0
ReflectionsOff,733,3.3019983675330877,3.2933,,1,0,0
ReflectionsOff,734,3.0556973069906235,3.0531,,1,0,0
ReflectionsOff,735,2.9675029218196869,2.9682,,1,0,0
ReflectionsOff,736,3.2102961558848619,3.2029,,1,0,0
ReflectionsOff,737,2.588499104604125,2.5884,,1,0,0
ReflectionsOff,738,3.7564057856798172,3.7551,,1,0,0
ReflectionsOff,739,3.695599501952529,3.6937,,1,0,0
ReflectionsOff,740,2.8633007314056158,2.8539,,1,0,0
ReflectionsOff,741,3.21509363129735,3.2123,,1,0,0
ReflectionsOff,742,2.6836025062948465,2.6843,,1,0,0
ReflectionsOff,743,2.7428995817899704,2.7408,,1,0,0
ReflectionsOff,744,3.63520416431129,3.6284,,1,0,0
ReflectionsOff,745,2.8785006143152714,2.874,,1,0,0
ReflectionsOff,746,2.6366000529378653,2.6364,,1,0,0
ReflectionsOff,747,3.03839985281229,3.0265,,1,0,0
ReflectionsOff,748,2.8090986888855696,2.8046,,1,0,0
ReflectionsOff,749,3.0582977924495935,3.0596,,1,0,0
ReflectionsOff,750,3.0928996857255697,3.0856,,1,0,0
ReflectionsOff,751,2.9393990989774466,2.9441,,1,0,0
ReflectionsOff,752,3.2336025033146143,3.2218,,1,0,0
ReflectionsOff,753,2.5839002337306738,2.5776,,1,0,0
ReflectionsOff,754,4.276700783520937,4.2725,,1,0,0
ReflectionsOff,755,2.7242985088378191,2.7242,,1,0,0
ReflectionsOff,756,2.7372024487704039,2.7374,,1,0,0
ReflectionsOff,757,3.1095945741981268,3.0999,,1,0,0
ReflectionsOff,758,2.5713010691106319,2.5677,,1,0,0
ReflectionsOff,759,2.9988023452460766,2.9986,,1,0,0
ReflectionsOff,760,2.8116991743445396,2.8054,,1,0,0
ReflectionsOff,761,2.746697748079896,2.7471,,1,0,0
ReflectionsOff,762,3.1010983511805534,3.098,,1,0,0
ReflectionsOff,763,2.5922053027898073,2.5848,,1,0,0
ReflectionsOff,764,3.0973993707448244,3.0987,,1,0,0
ReflectionsOff,765,4.8299957998096943,4.8234,,1,0,0
ReflectionsOff,766,2.8723001014441252,2.8653,,1,0,0
ReflectionsOff,767,2.9147036839276552,2.9159,,1,0,0
ReflectionsOff,768,3.3384992275387049,3.3318,,1,0,0
ReflectionsOff,769,3.0321003869175911,3.0297,,1,0,0
ReflectionsOff,770,2.9337017331272364,2.9277,,1,0,0
ReflectionsOff,771,3.2847009133547544,3.2856,,1,0,0
ReflectionsOff,772,2.7013958897441626,2.6946,,1,0,0
ReflectionsOff,773,2.9379038605839014,2.9345,,1,0,0
ReflectionsOff,774,2.8354946989566088,2.8346,,1,0,0
ReflectionsOff,775,2.8660998214036226,2.8606,,1,0,0
ReflectionsOff,776,3.0667020473629236,3.0681,,1,0,0
ReflectionsOff,777,2.867899602279067,2.8593,,1,0,0
ReflectionsOff,778,3.118700347840786,3.1156,,1,0,0
ReflectionsOff,779,2.8601970989257097,2.861,,1,0,0
ReflectionsOff,780,3.7691043689846992,3.7666,,1,0,0
ReflectionsOff,781,2.8118977788835764,2.8029,,1,0,0
ReflectionsOff,782,3.1322988215833902,3.1329,,1,0,0
ReflectionsOff,783,3.285303246229887,3.2786,,1,0,0
ReflectionsOff,784,5.8946995995938778,5.8882,,1,0,0
ReflectionsOff,785,3.0884991865605116,3.0835,,1,0,0
ReflectionsOff,786,2.8139031492173672,2.8109,,1,0,0
ReflectionsOff,787,3.1021966133266687,3.0998,,1,0,0
ReflectionsOff,788,2.7594033163040876,2.7531,,1,0,0
ReflectionsOff,789,4.138994961977005,4.1407,,1,0,0
ReflectionsOff,790,3.1356008257716894,3.1267,,1,0,0
ReflectionsOff,791,3.4331986680626869,3.4309,,1,0,0
ReflectionsOff,792,3.1484055798500776,3.1425,,1,0,0
ReflectionsOff,793,2.9603953007608652,2.9585,,1,0,0
ReflectionsOff,794,3.6537982523441315,3.6471,,1,0,0
ReflectionsOff,795,2.9711027164012194,2.9708,,1,0,0
ReflectionsOff,796,3.4862032625824213,3.4798,,1,0,0
ReflectionsOff,797,2.7553003747016191,2.7528,,1,0,0
ReflectionsOff,798,3.9673964492976665,3.9662,,1,0,0
ReflectionsOff,799,3.0681972857564688,3.0642,,1,0,0
ReflectionsOff,800,3.2984055578708649,3.3015,,1,0,0
ReflectionsOff,801,3.0206986702978611,3.0097,,1,0,0
ReflectionsOff,802,3.20340134203434,3.2012,,1,0,0
ReflectionsOff,803,3.2940972596406937,3.2906,,1,0,0
ReflectionsOff,804,3.3893990330398083,3.3853,,1,0,0
ReflectionsOff,805,3.4738024696707726,3.4698,,1,0,0
ReflectionsOff,806,2.8129960410296917,2.8106,,1,0,0
ReflectionsOff,807,3.6891014315187931,3.6866,,1,0,0
ReflectionsOff,808,3.0602039769291878,3.0614,,1,0,0
ReflectionsOff,809,3.2057964708656073,3.2017,,1,0,0
ReflectionsOff,810,2.8745040763169527,2.8717,,1,0,0
ReflectionsOff,811,3.6283943336457014,3.6242,,1,0,0
ReflectionsOff,812,3.4775014501065016,3.4693,,1,0,0
ReflectionsOff,813,3.0191042460501194,3.0139,,1,0,0
ReflectionsOff,814,2.8522959910333157,2.851,,1,0,0
ReflectionsOff,815,3.0740008223801851,3.0684,,1,0,0
ReflectionsOff,816,3.1257015652954578,3.1219,,1,0,0
ReflectionsOff,817,3.3250991255044937,3.3221,,1,0,0
ReflectionsOff,818,2.9921981040388346,2.9876,,1,0,0
ReflectionsOff,819,2.5766014587134123,2.5764,,1,0,0
ReflectionsOff,820,3.895096480846405,3.8909,,1,0,0
ReflectionsOff,821,3.052600659430027,3.0449,,1,0,0
ReflectionsOff,822,3.4127056133002043,3.4102,,1,0,0
ReflectionsOff,823,3.4756944514811039,3.4759,,1,0,0
ReflectionsOff,824,2.8484056238085032,2.8461,,1,0,0
ReflectionsOff,825,2.9526997823268175,2.946,,1,0,0
ReflectionsOff,826,3.2245961483567953,3.219,,1,0,0
ReflectionsOff,827,3.0303995590656996,3.0273,,1,0,0
ReflectionsOff,828,3.3945010509341955,3.3916,,1,0,0
ReflectionsOff,829,2.7183035854250193,2.7124,,1,0,0
ReflectionsOff,830,3.0173964332789183,3.0155,,1,0,0
ReflectionsOff,831,2.8123015072196722,2.8074,,1,0,0
ReflectionsOff,832,3.0705002136528492,3.0673,,1,0,0
ReflectionsOff,833,3.3213009592145681,3.3184,,1,0,0
ReflectionsOff,834,3.052600659430027,3.0488,,1,0,0
ReflectionsOff,835,2.9861961957067251,2.9796,,1,0,0
ReflectionsOff,836,3.2272038515657187,3.2239,,1,0,0
ReflectionsOff,837,2.9808958061039448,2.9768,,1,0,0
ReflectionsOff,838,2.924199216067791,2.924,,1,0,0
ReflectionsOff,839,2.8736039530485868,2.8722,,1,0,0
ReflectionsOff,840,3.297498682513833,3.2915,,1,0,0
ReflectionsOff,841,3.2191963400691748,3.2104,,1,0,0
ReflectionsOff,842,2.81710596755147,2.8158,,1,0,0
ReflectionsOff,843,3.4944941289722919,3.4918,,1,0,0
ReflectionsOff,844,2.6759000029414892,2.6691,,1,0,0
ReflectionsOff,845,3.0211026314646006,3.0213,,1,0,0
ReflectionsOff,846,2.8341978322714567,2.8298,,1,0,0
ReflectionsOff,847,2.7910997159779072,2.786,,1,0,0
ReflectionsOff,848,3.1060019973665476,3.1033,,1,0,0
ReflectionsOff,849,2.9489016160368919,2.9452,,1,0,0
ReflectionsOff,850,2.9404973611235619,2.9374,,1,0,0
ReflectionsOff,851,3.1256023794412613,3.1247,,1,0,0
ReflectionsOff,852,2.7584962081164122,2.7516,,1,0,0
ReflectionsOff,853,3.3955995459109545,3.3968,,1,0,0
ReflectionsOff,854,3.3527070190757513,3.3467,,1,0,0
ReflectionsOff,855,2.818296430632472,2.8158,,1,0,0
ReflectionsOff,856,2.8080001939088106,2.8056,,1,0,0
ReflectionsOff,857,2.914399141445756,2.9131,,1,0,0
ReflectionsOff,858,3.5219034180045128,3.5118,,1,0,0
ReflectionsOff,859,3.2904974650591612,3.2963,,1,0,0
ReflectionsOff,860,3.0795990023761988,3.0671,,1,0,0
ReflectionsOff,861,2.7892007492482662,2.7881,,1,0,0
ReflectionsOff,862,2.7500991709530354,2.7444,,1,0,0
ReflectionsOff,863,3.7733984645456076,3.771,,1,0,0
ReflectionsOff,864,3.3784012775868177,3.3742,,1,0,0
ReflectionsOff,865,3.0800027307122946,3.0776,,1,0,0
ReflectionsOff,866,4.0127974934875965,4.0099,,1,0,0
ReflectionsOff,867,2.775602275505662,2.7708,,1,0,0
ReflectionsOff,868,3.4134991001337767,3.41,,1,0,0
ReflectionsOff,869,2.7708970010280609,2.7716,,1,0,0
ReflectionsOff,870,3.4594032913446426,3.4483,,1,0,0
ReflectionsOff,871,2.8418013826012611,2.8383,,1,0,0
ReflectionsOff,872,3.7589995190501213,3.7595,,1,0,0
ReflectionsOff,873,2.759899478405714,2.754,,1,0,0
ReflectionsOff,874,3.0043013393878937,3.0021,,1,0,0
ReflectionsOff,875,2.7760984376072884,2.7739,,1,0,0
ReflectionsOff,876,2.9168012551963329,2.9099,,1,0,0
ReflectionsOff,877,2.78300023637712,2.7826,,1,0,0
ReflectionsOff,878,3.053394379094243,3.0488,,1,0,0
ReflectionsOff,879,3.1578019261360168,3.1506,,1,0,0
ReflectionsOff,880,2.8662981931120157,2.8639,,1,0,0
ReflectionsOff,881,3.3448059111833572,3.3458,,1,0,0
ReflectionsOff,882,3.3018991816788912,3.2925,,1,0,0
ReflectionsOff,883,2.9473002068698406,2.9442,,1,0,0
ReflectionsOff,884,3.7720946129411459,3.7692,,1,0,0
ReflectionsOff,885,2.8574049938470125,2.8517,,1,0,0
ReflectionsOff,886,3.7151006981730461,3.7048,,1,0,0
ReflectionsOff,887,2.8663973789662123,2.8602,,1,0,0
ReflectionsOff,888,3.3281038049608469,3.3252,,1,0,0
ReflectionsOff,889,2.9632935766130686,2.9599,,1,0,0
ReflectionsOff,890,2.6890023145824671,2.6864,,1,0,0
ReflectionsOff,891,3.064002376049757,3.0579,,1,0,0
ReflectionsOff,892,2.7699971105903387,2.7668,,1,0,0
ReflectionsOff,893,3.9903982542455196,3.9896,,1,0,0
ReflectionsOff,894,2.6590065099298954,2.6529,,1,0,0
ReflectionsOff,895,2.9355937149375677,2.937,,1,0,0
ReflectionsOff,896,3.4730017650872469,3.4682,,1,0,0
ReflectionsOff,897,2.8910005930811167,2.8839,,1,0,0
ReflectionsOff,898,4.0123015642166138,4.0127,,1,0,0
ReflectionsOff,899,2.5026998482644558,2.4958,,1,0,0
ReflectionsOff,900,2.8785006143152714,2.8743,,1,0,0
ReflectionsOff,901,2.9611962381750345,2.9634,,1,0,0
ReflectionsOff,902,2.7452027425169945,2.7389,,1,0,0
ReflectionsOff,903,2.8519982006400824,2.8497,,1,0,0
ReflectionsOff,904,2.603904576972127,2.5952,,1,0,0
ReflectionsOff,905,2.9447986744344234,2.9454,,1,0,0
ReflectionsOff,906,2.5711946655064821,2.5644,,1,0,0
ReflectionsOff,907,3.4370040521025658,3.4372,,1,0,0
ReflectionsOff,908,3.235196927562356,3.2304,,1,0,0
ReflectionsOff,909,2.9408021364361048,2.9344,,1,0,0
ReflectionsOff,910,3.5023030359297991,3.5012,,1,0,0
ReflectionsOff,911,3.4006943460553885,3.396,,1,0,0
ReflectionsOff,912,2.8718041721731424,2.8655,,1,0,0
ReflectionsOff,913,4.3266015127301216,4.3292,,1,0,0
ReflectionsOff,914,2.93929991312325,2.9295,,1,0,0
ReflectionsOff,915,3.0956987757235765,3.0964,,1,0,0
ReflectionsOff,916,3.0627977102994919,3.0586,,1,0,0
ReflectionsOff,917,3.528401255607605,3.5212,,1,0,0
ReflectionsOff,918,2.7954010292887688,2.7923,,1,0,0
ReflectionsOff,919,3.1858985312283039,3.1768,,1,0,0
ReflectionsOff,920,2.6589003391563892,2.6533,,1,0,0
ReflectionsOff,921,3.5474984906613827,3.5487,,1,0,0
ReflectionsOff,922,2.8603032696992159,2.8518,,1,0,0
ReflectionsOff,923,3.41939483769238,3.4169,,1,0,0
ReflectionsOff,924,2.6698058936744928,2.6688,,1,0,0
ReflectionsOff,925,2.8273952193558216,2.8237,,1,0,0
ReflectionsOff,926,3.2366991508752108,3.235,,1,0,0
ReflectionsOff,927,3.522803308442235,3.5164,,1,0,0
ReflectionsOff,928,3.1521967612206936,3.1515,,1,0,0
ReflectionsOff,929,2.8555060271173716,2.8506,,1,0,0
ReflectionsOff,930,4.0193949826061726,4.0181,,1,0,0
ReflectionsOff,931,2.8619046788662672,2.8547,,1,0,0
ReflectionsOff,932,3.7896966096013784,3.7906,,1,0,0
ReflectionsOff,933,2.7388038579374552,2.7322,,1,0,0
ReflectionsOff,934,3.4223000984638929,3.4236,,1,0,0
ReflectionsOff,935,2.5806971825659275,2.5734,,1,0,0
ReflectionsOff,936,3.5413973964750767,3.5417,,1,0,0
ReflectionsOff,937,3.2839002087712288,3.278,,1,0,0
ReflectionsOff,938,2.9951033648103476,2.9947,,1,0,0
ReflectionsOff,939,2.8324972372502089,2.8244,,1,0,0
ReflectionsOff,940,3.6270974669605494,3.627,,1,0,0
ReflectionsOff,941,2.6134070940315723,2.6069,,1,0,0
ReflectionsOff,942,4.0915957652032375,4.0927,,1,0,0
ReflectionsOff,943,2.8776007238775492,2.8728,,1,0,0
ReflectionsOff,944,2.8866992797702551,2.8869,,1,0,0
ReflectionsOff,945,3.2348993699997663,3.2289,,1,0,0
ReflectionsOff,946,2.8428996447473764,2.8365,,1,0,0
ReflectionsOff,947,3.1656038481742144,3.1645,,1,0,0
ReflectionsOff,948,3.0023951549082994,2.9967,,1,0,0
ReflectionsOff,949,2.9259000439196825,2.9201,,1,0,0
ReflectionsOff,950,3.1637046486139297,3.1604,,1,0,0
ReflectionsOff,951,2.8846017085015774,2.8806,,1,0,0
ReflectionsOff,952,3.4892999101430178,3.4865,,1,0,0
ReflectionsOff,953,63.528798520565033,63.5308,,1,0,0
ReflectionsOff,954,3.1143990345299244,3.1156,,1,0,0
ReflectionsOff,955,3.1170989386737347,3.0996,,1,0,0
ReflectionsOff,956,4.936897661536932,4.9366,,1,0,0
ReflectionsOff,957,2.7418013196438551,2.7338,,1,0,0
ReflectionsOff,958,3.1638038344681263,3.176,,1,0,0
ReflectionsOff,959,3.1532950233668089,3.1254,,1,0,0
ReflectionsOff,960,2.5686011649668217,2.5626,,1,0,0
ReflectionsOff,961,2.8997024055570364,2.8984,,1,0,0
ReflectionsOff,962,3.9196005091071129,3.9201,,1,0,0
ReflectionsOff,963,2.4813988711684942,2.4722,,1,0,0
ReflectionsOff,964,2.9971017502248287,2.9971,,1,0,0
ReflectionsOff,965,3.4427011851221323,3.4396,,1,0,0
ReflectionsOff,966,4.5397956855595112,4.5326,,1,0,0
ReflectionsOff,967,2.5663974229246378,2.5653,,1,0,0
ReflectionsOff,968,3.755505895242095,3.7552,,1,0,0
ReflectionsOff,969,2.4588010273873806,2.4534,,1,0,0
ReflectionsOff,970,2.5004961062222719,2.5017,,1,0,0
ReflectionsOff,971,2.7458970434963703,2.7337,,1,0,0
ReflectionsOff,972,2.6168012991547585,2.614,,1,0,0
ReflectionsOff,973,2.7008007746189833,2.6976,,1,0,0
ReflectionsOff,974,3.3704009838402271,3.3713,,1,0,0
ReflectionsOff,975,3.1985968817025423,3.1927,,1,0,0
ReflectionsOff,976,2.7088010683655739,2.7072,,1,0,0
ReflectionsOff,977,3.1652990728616714,3.1641,,1,0,0
ReflectionsOff,978,2.7072066441178322,2.7014,,1,0,0
ReflectionsOff,979,2.7867984026670456,2.7819,,1,0,0
ReflectionsOff,980,2.7535005938261747,2.7475,,1,0,0
ReflectionsOff,981,2.4251984432339668,2.4228,,1,0,0
ReflectionsOff,982,2.9724985361099243,2.9706,,1,0,0
ReflectionsOff,983,2.8570010326802731,2.8535,,1,0,0
ReflectionsOff,984,3.0822986736893654,3.0785,,1,0,0
ReflectionsOff,985,3.2480016816407442,3.2485,,1,0,0
ReflectionsOff,986,2.7915958780795336,2.7862,,1,0,0
ReflectionsOff,987,2.5991001166403294,2.594,,1,0,0
ReflectionsOff,988,2.8416027780622244,2.8404,,1,0,0
ReflectionsOff,989,2.5893989950418472,2.5852,,1,0,0
ReflectionsOff,990,3.0605017673224211,3.0576,,1,0,0
ReflectionsOff,991,2.9097008518874645,2.9097,,1,0,0
ReflectionsOff,992,2.9275014530867338,2.9272,,1,0,0
ReflectionsOff,993,2.7353954501450062,2.7269,,1,0,0
ReflectionsOff,994,2.9401006177067757,2.9376,,1,0,0
ReflectionsOff,995,3.232504241168499,3.232,,1,0,0
ReflectionsOff,996,3.1839001458138227,3.1772,,1,0,0
ReflectionsOff,997,3.3548965584486723,3.3556,,1,0,0
ReflectionsOff,998,3.143097972497344,3.135,,1,0,0
ReflectionsOff,999,3.0670990236103535,3.0672,,1,0,0
ReflectionsOff,1000,4.0001063607633114,3.9972,,1,0,0
ReflectionsOff,1001,4.7397958114743233,4.7371,,1,0,0
ReflectionsOff,1002,3.61240073107183,3.6047,,1,0,0
ReflectionsOff,1003,2.89960321970284,2.8999,,1,0,0
ReflectionsOff,1004,4.199199378490448,4.199,,1,0,0
ReflectionsOff,1005,2.8241991531103849,2.8138,,1,0,0
ReflectionsOff,1006,3.0599986203014851,3.0577,,1,0,0
ReflectionsOff,1007,2.998200012370944,2.9992,,1,0,0
ReflectionsOff,1008,2.7371032629162073,2.7292,,1,0,0
ReflectionsOff,1009,4.1448981501162052,4.1474,,1,0,0
ReflectionsOff,1010,2.8852962423115969,2.8757,,1,0,0
ReflectionsOff,1011,2.9103031847625971,2.9117,,1,0,0
ReflectionsOff,1012,3.2555980142205954,3.2532,,1,0,0
ReflectionsOff,1013,2.9956987127661705,2.988,,1,0,0
ReflectionsOff,1014,4.2898030951619148,4.293,,1,0,0
ReflectionsOff,1015,3.2123015262186527,3.2035,,1,0,0
ReflectionsOff,1016,3.2437003683298826,3.247,,1,0,0
ReflectionsOff,1017,3.6864937283098698,3.6757,,1,0,0
ReflectionsOff,1018,3.9109056815505028,3.9071,,1,0,0
ReflectionsOff,1019,3.0081986915320158,3.0062,,1,0,0
ReflectionsOff,1020,2.8659014496952295,3.1422,,1,0,0
ReflectionsOff,1021,3.1599986832588911,2.8729,,1,0,0
ReflectionsOff,1022,3.2312003895640373,3.2318,,1,0,0
ReflectionsOff,1023,3.7185018882155418,3.7145,,1,0,0
ReflectionsOff,1024,3.2198978587985039,3.2192,,1,0,0
ReflectionsOff,1025,2.9332980047911406,2.9236,,1,0,0
ReflectionsOff,1026,2.720904303714633,2.722,,1,0,0
ReflectionsOff,1027,3.985898569226265,3.9833,,1,0,0
ReflectionsOff,1028,3.5776998847723007,3.5697,,1,0,0
ReflectionsOff,1029,3.0412981286644936,3.0399,,1,0,0
ReflectionsOff,1030,3.347101854160428,3.3445,,1,0,0
ReflectionsOff,1031,3.6093962844461203,3.6067,,1,0,0
ReflectionsOff,1032,3.32530471496284,3.3221,,1,0,0
ReflectionsOff,1033,4.0223994292318821,4.0171,,1,0,0
ReflectionsOff,1034,3.8389952387660742,3.8295,,1,0,0
ReflectionsOff,1035,4.2367065325379372,4.232,,1,0,0
ReflectionsOff,1036,3.3171980176120996,3.314,,1,0,0
ReflectionsOff,1037,3.8907951675355434,3.8906,,1,0,0
ReflectionsOff,1038,3.7492064293473959,3.7433,,1,0,0
ReflectionsOff,1039,3.3528981730341911,3.3479,,1,0,0
ReflectionsOff,1040,3.3756024204194546,3.3721,,1,0,0
ReflectionsOff,1041,3.6736961919814348,3.6699,,1,0,0
ReflectionsOff,1042,3.0829010065644979,3.0841,,1,0,0
ReflectionsOff,1043,3.1747024040669203,3.1703,,1,0,0
ReflectionsOff,1044,2.9514951165765524,2.9475,,1,0,0
ReflectionsOff,1045,3.6155045963823795,3.6083,,1,0,0
ReflectionsOff,1046,3.7955003790557384,3.7955,,1,0,0
ReflectionsOff,1047,4.5411991886794567,4.5379,,1,0,0
ReflectionsOff,1048,3.2334963325411081,3.2265,,1,0,0
ReflectionsOff,1049,3.5062995739281178,3.5054,,1,0,0
ReflectionsOff,1050,3.2949049491435289,3.2845,,1,0,0
ReflectionsOff,1051,3.2934949267655611,3.2902,,1,0,0
ReflectionsOff,1052,2.95030465349555,2.9467,,1,0,0
ReflectionsOff,1053,3.236798569560051,3.2285,,1,0,0
ReflectionsOff,1054,3.3299957867711782,3.3321,,1,0,0
ReflectionsOff,1055,3.785204142332077,3.7763,,1,0,0
ReflectionsOff,1056,3.4731009509414434,3.4689,,1,0,0
ReflectionsOff,1057,3.1565972603857517,3.1573,,1,0,0
ReflectionsOff,1058,3.1605015974491835,3.1518,,1,0,0
ReflectionsOff,1059,3.2512967009097338,3.2495,,1,0,0
ReflectionsOff,1060,4.0597999468445778,4.0554,,1,0,0
ReflectionsOff,1061,3.631901927292347,3.6327,,1,0,0
ReflectionsOff,1062,3.3095024991780519,3.3046,,1,0,0
ReflectionsOff,1063,3.3986961934715509,3.3953,,1,0,0
ReflectionsOff,1064,3.7742983549833298,3.7646,,1,0,0
ReflectionsOff,1065,3.1560019124299288,3.1519,,1,0,0
ReflectionsOff,1066,3.3970025833696127,3.3939,,1,0,0
ReflectionsOff,1067,2.8830002993345261,2.8796,,1,0,0
ReflectionsOff,1068,3.4183957614004612,3.4206,,1,0,0
ReflectionsOff,1069,3.448802512139082,3.4404,,1,0,0
ReflectionsOff,1070,3.5974986385554075,3.5947,,1,0,0
ReflectionsOff,1071,3.3803996630012989,3.3807,,1,0,0
ReflectionsOff,1072,3.5286990460008383,3.5182,,1,0,0
ReflectionsOff,1073,3.604003693908453,3.6036,,1,0,0
ReflectionsOff,1074,3.8948978763073683,3.8846,,1,0,0
ReflectionsOff,1075,3.0790036544203758,3.0749,,1,0,0
ReflectionsOff,1076,3.2270974479615688,3.2283,,1,0,0
ReflectionsOff,1077,3.2650013454258442,3.2566,,1,0,0
ReflectionsOff,1078,3.3446995075792074,3.3416,,1,0,0
ReflectionsOff,1079,3.5923966206610203,3.5912,,1,0,0
ReflectionsOff,1080,3.0744047835469246,3.0658,,1,0,0
ReflectionsOff,1081,3.137500025331974,3.1351,,1,0,0
ReflectionsOff,1082,3.111500758677721,3.1108,,1,0,0
ReflectionsOff,1083,3.4196004271507263,3.4156,,1,0,0
ReflectionsOff,1084,3.5266936756670475,3.5215,,1,0,0
ReflectionsOff,1085,3.260402474552393,3.2572,,1,0,0
ReflectionsOff,1086,3.0778981745243073,3.0687,,1,0,0
ReflectionsOff,1087,3.6844033747911453,3.6847,,1,0,0
ReflectionsOff,1088,3.1834964174777269,3.1775,,1,0,0
ReflectionsOff,1089,3.1866992358118296,3.1822,,1,0,0
ReflectionsOff,1090,3.0193026177585125,3.0183,,1,0,0
ReflectionsOff,1091,2.9651005752384663,2.9598,,1,0,0
ReflectionsOff,1092,3.7239016965031624,3.0031,,1,0,0
ReflectionsOff,1093,3.4156958572566509,3.4144,,1,0,0
ReflectionsOff,1094,2.8494047001004219,2.8454,,1,0,0
ReflectionsOff,1095,2.8895975556224585,2.8903,,1,0,0
ReflectionsOff,1096,3.6746030673384666,3.6692,,1,0,0
ReflectionsOff,1097,3.8428003899753094,3.8358,,1,0,0
ReflectionsOff,1098,4.2563988827168941,4.2544,,1,0,0
ReflectionsOff,1099,2.9305981006473303,2.9204,,1,0,0
ReflectionsOff,1100,2.860501641407609,2.857,,1,0,0
ReflectionsOff,1101,3.4327947068959475,3.4345,,1,0,0
ReflectionsOff,1102,2.6945010758936405,2.6881,,1,0,0
ReflectionsOff,1103,3.2311012037098408,3.2325,,1,0,0
ReflectionsOff,1104,3.1314981169998646,3.1211,,1,0,0
ReflectionsOff,1105,3.0602039769291878,3.0527,,1,0,0
ReflectionsOff,1106,3.3333972096443176,3.3322,,1,0,0
ReflectionsOff,1107,3.5937004722654819,3.5883,,1,0,0
ReflectionsOff,1108,2.6577026583254337,2.6502,,1,0,0
ReflectionsOff,1109,3.1106008682399988,3.1121,,1,0,0
ReflectionsOff,1110,3.1324971932917833,3.1278,,1,0,0
ReflectionsOff,1111,3.2568026799708605,3.2517,,1,0,0
ReflectionsOff,1112,2.8233984485268593,2.8155,,1,0,0
ReflectionsOff,1113,3.0023029539734125,2.9972,,1,0,0
ReflectionsOff,1114,3.2431972213089466,3.2404,,1,0,0
ReflectionsOff,1115,2.8892999980598688,2.8896,,1,0,0
ReflectionsOff,1116,3.4062995109707117,3.4036,,1,0,0
ReflectionsOff,1117,3.2498016953468323,3.2412,,1,0,0
ReflectionsOff,1118,3.519394900649786,3.5169,,1,0,0
ReflectionsOff,1119,3.2008006237447262,3.1951,,1,0,0
ReflectionsOff,1120,3.4121032804250717,3.4085,,1,0,0
ReflectionsOff,1121,3.1707978341728449,3.1662,,1,0,0
ReflectionsOff,1122,3.0072988010942936,3.0033,,1,0,0
ReflectionsOff,1123,3.14060365781188,3.139,,1,0,0
ReflectionsOff,1124,3.2724984921514988,3.2684,,1,0,0
ReflectionsOff,1125,2.8998015914112329,2.8988,,1,0,0
ReflectionsOff,1126,3.3810019958764315,3.3775,,1,0,0
ReflectionsOff,1127,3.0351970344781876,3.0288,,1,0,0
ReflectionsOff,1128,2.8953019063919783,2.8914,,1,0,0
ReflectionsOff,1129,3.2910006120800972,3.292,,1,0,0
ReflectionsOff,1130,3.0258006881922483,3.0181,,1,0,0
ReflectionsOff,1131,3.8986960425972939,3.9007,,1,0,0
ReflectionsOff,1132,3.0189980752766132,3.0132,,1,0,0
ReflectionsOff,1133,3.1526007223874331,3.1515,,1,0,0
ReflectionsOff,1134,2.9467048589140177,2.9436,,1,0,0
ReflectionsOff,1135,2.8734977822750807,2.8658,,1,0,0
ReflectionsOff,1136,3.1098993495106697,3.1118,,1,0,0
ReflectionsOff,1137,3.0084962490946054,3.0024,,1,0,0
ReflectionsOff,1138,2.8848000802099705,2.8782,,1,0,0
ReflectionsOff,1139,2.9805060476064682,2.9788,,1,0,0
ReflectionsOff,1140,3.8209962658584118,3.8178,,1,0,0
ReflectionsOff,1141,3.1437003053724766,3.1384,,1,0,0
ReflectionsOff,1142,3.4257015213370323,3.4231,,1,0,0
ReflectionsOff,1143,3.1440972816199064,3.1365,,1,0,0
ReflectionsOff,1144,3.10960179194808,3.1049,,1,0,0
ReflectionsOff,1145,3.3017005771398544,3.3012,,1,0,0
ReflectionsOff,1146,3.1157028861343861,3.1097,,1,0,0
ReflectionsOff,1147,3.0608985107392073,3.0596,,1,0,0
ReflectionsOff,1148,3.8675949908792973,3.8654,,1,0,0
ReflectionsOff,1149,5.6450041010975838,5.6366,,1,0,0
ReflectionsOff,1150,2.9651005752384663,2.9619,,1,0,0
ReflectionsOff,1151,3.0617984011769295,3.0585,,1,0,0
ReflectionsOff,1152,2.7372024487704039,2.7351,,1,0,0
ReflectionsOff,1153,3.3905967138707638,3.3915,,1,0,0
ReflectionsOff,1154,3.2712018582969904,3.2625,,1,0,0
ReflectionsOff,1155,3.0312996823340654,3.0315,,1,0,0
ReflectionsOff,1156,3.5110970493406057,3.5065,,1,0,0
ReflectionsOff,1157,2.7692036237567663,2.7653,,1,0,0
ReflectionsOff,1158,2.6614016387611628,2.6584,,1,0,0
ReflectionsOff,1159,3.24010057374835,3.2404,,1,0,0
ReflectionsOff,1160,3.0380953103303909,3.0281,,1,0,0
ReflectionsOff,1161,2.7219033800065517,2.7222,,1,0,0
ReflectionsOff,1162,2.9848001431673765,2.9788,,1,0,0
ReflectionsOff,1163,3.097498556599021,3.0961,,1,0,0
ReflectionsOff,1164,3.1500000040978193,3.1452,,1,0,0
ReflectionsOff,1165,3.3520974684506655,3.3479,,1,0,0
ReflectionsOff,1166,3.41040245257318,3.4067,,1,0,0
ReflectionsOff,1167,3.7509992253035307,3.7508,,1,0,0
ReflectionsOff,1168,2.9068028088659048,2.9025,,1,0,0
ReflectionsOff,1169,3.7092971615493298,3.7086,,1,0,0
ReflectionsOff,1170,3.0484977178275585,3.0402,,1,0,0
ReflectionsOff,1171,3.1518992036581039,3.1436,,1,0,0
ReflectionsOff,1172,2.9406037647277117,2.9384,,1,0,0
ReflectionsOff,1173,3.1500000040978193,3.1457,,1,0,0
ReflectionsOff,1174,3.6200964823365211,3.6204,,1,0,0
ReflectionsOff,1175,3.2244047615677118,3.2177,,1,0,0
ReflectionsOff,1176,3.4946994855999947,3.4938,,1,0,0
ReflectionsOff,1177,3.1705994624644518,3.1675,,1,0,0
ReflectionsOff,1178,3.0346016865223646,3.026,,1,0,0
ReflectionsOff,1179,3.3454010263085365,3.3457,,1,0,0
ReflectionsOff,1180,3.1631945166736841,3.159,,1,0,0
ReflectionsOff,1181,3.2202026341110468,3.2128,,1,0,0
ReflectionsOff,1182,2.9295990243554115,2.9271,,1,0,0
ReflectionsOff,1183,3.5649021156132221,3.5703,,1,0,0
ReflectionsOff,1184,3.5566964652389288,3.5434,,1,0,0
ReflectionsOff,1185,2.8944020159542561,2.8889,,1,0,0
ReflectionsOff,1186,3.6729024723172188,3.6752,,1,0,0
ReflectionsOff,1187,3.3243976067751646,3.3152,,1,0,0
ReflectionsOff,1188,3.104896517470479,3.1023,,1,0,0
ReflectionsOff,1189,3.8370040711015463,3.8371,,1,0,0
ReflectionsOff,1190,3.1018990557640791,3.0944,,1,0,0
ReflectionsOff,1191,2.8540035709738731,2.8486,,1,0,0
ReflectionsOff,1192,3.167297225445509,3.1689,,1,0,0
ReflectionsOff,1193,3.4205003175884485,3.4101,,1,0,0
ReflectionsOff,1194,2.8722009155899286,2.8681,,1,0,0
ReflectionsOff,1195,4.5802011154592037,4.583,,1,0,0
ReflectionsOff,1196,2.9509000014513731,2.9419,,1,0,0
ReflectionsOff,1197,2.7880952693521976,2.7891,,1,0,0
ReflectionsOff,1198,4.4037983752787113,4.3983,,1,0,0
ReflectionsOff,1199,2.9685019981116056,2.9618,,1,0,0
ReflectionsOff,1200,3.022399265319109,3.0195,,1,0,0
ReflectionsOff,1201,3.2781036570668221,3.2756,,1,0,0
ReflectionsOff,1202,3.691595746204257,3.6834,,1,0,0
ReflectionsOff,1203,2.9062004759907722,2.9058,,1,0,0
ReflectionsOff,1204,2.9409013222903013,2.9366,,1,0,0
ReflectionsOff,1205,2.9234976973384619,2.9183,,1,0,0
ReflectionsOff,1206,3.1400013249367476,3.1336,,1,0,0
ReflectionsOff,1207,3.1640022061765194,3.1614,,1,0,0
ReflectionsOff,1208,2.9209963977336884,2.9196,,1,0,0
ReflectionsOff,1209,2.9751062393188477,2.9761,,1,0,0
ReflectionsOff,1210,3.0948980711400509,3.0846,,1,0,0
ReflectionsOff,1211,2.8808957431465387,2.8769,,1,0,0
ReflectionsOff,1212,4.10970114171505,4.1076,,1,0,0
ReflectionsOff,1213,2.8965985402464867,2.8927,,1,0,0
ReflectionsOff,1214,3.8615008816123009,3.8574,,1,0,0
ReflectionsOff,1215,2.9192036017775536,2.9154,,1,0,0
ReflectionsOff,1216,3.0212018173187971,3.0239,,1,0,0
ReflectionsOff,1217,3.1420988962054253,3.1367,,1,0,0
ReflectionsOff,1218,2.8954010922461748,2.8894,,1,0,0
ReflectionsOff,1219,3.201197599992156,3.1974,,1,0,0
ReflectionsOff,1220,2.5217970833182335,2.5146,,1,0,0
ReflectionsOff,1221,3.04410420358181,3.0402,,1,0,0
ReflectionsOff,1222,3.1833969987928867,3.1839,,1,0,0
ReflectionsOff,1223,4.0107001550495625,4.0053,,1,0,0
ReflectionsOff,1224,2.8509991243481636,2.8435,,1,0,0
ReflectionsOff,1225,3.0790036544203758,3.0784,,1,0,0
ReflectionsOff,1226,3.50160151720047,3.4981,,1,0,0
ReflectionsOff,1227,3.0125991906970739,3.0091,,1,0,0
ReflectionsOff,1228,2.9298965819180012,2.9242,,1,0,0
ReflectionsOff,1229,2.7282028459012508,2.7321,,1,0,0
ReflectionsOff,1230,3.7397958803921938,3.7328,,1,0,0
ReflectionsOff,1231,3.6113024689257145,3.6046,,1,0,0
ReflectionsOff,1232,2.9196003451943398,2.9214,,1,0,0
ReflectionsOff,1233,3.2970025204122066,3.2887,,1,0,0
ReflectionsOff,1234,2.75199837051332,2.7519,,1,0,0
ReflectionsOff,1235,2.955796429887414,2.948,,1,0,0
ReflectionsOff,1236,3.2851048745214939,3.2819,,1,0,0
ReflectionsOff,1237,3.1720947008579969,3.1759,,1,0,0
ReflectionsOff,1238,2.8189059812575579,2.8074,,1,0,0
ReflectionsOff,1239,3.2420989591628313,3.2385,,1,0,0
ReflectionsOff,1240,2.8220945969223976,2.8234,,1,0,0
ReflectionsOff,1241,2.9189058113843203,2.9181,,1,0,0
ReflectionsOff,1242,3.3354945480823517,3.3281,,1,0,0
ReflectionsOff,1243,2.6397036854177713,2.6365,,1,0,0
ReflectionsOff,1244,2.9223994351923466,2.9137,,1,0,0
ReflectionsOff,1245,2.934502437710762,2.9349,,1,0,0
ReflectionsOff,1246,2.9523952398449183,2.9443,,1,0,0
ReflectionsOff,1247,3.9067035540938377,3.907,,1,0,0
ReflectionsOff,1248,2.8264950960874557,2.8192,,1,0,0
ReflectionsOff,1249,3.0986040364950895,3.0998,,1,0,0
ReflectionsOff,1250,2.8895975556224585,2.883,,1,0,0
ReflectionsOff,1251,2.6256022974848747,2.6201,,1,0,0
ReflectionsOff,1252,3.5878969356417656,3.5491,,1,0,0
ReflectionsOff,1253,2.7027989272028208,2.6953,,1,0,0
ReflectionsOff,1254,2.9667019844055176,2.9649,,1,0,0
ReflectionsOff,1255,2.977501368150115,2.976,,1,0,0
ReflectionsOff,1256,2.9007014818489552,2.8945,,1,0,0
ReflectionsOff,1257,2.7898950502276421,2.786,,1,0,0
ReflectionsOff,1258,3.4767999313771725,3.4778,,1,0,0
ReflectionsOff,1259,2.5193027686327696,2.5112,,1,0,0
ReflectionsOff,1260,2.956802723929286,2.9591,,1,0,0
ReflectionsOff,1261,2.78339721262455,2.7772,,1,0,0
ReflectionsOff,1262,2.8827027417719364,2.877,,1,0,0
ReflectionsOff,1263,3.4402990713715553,3.4397,,1,0,0
ReflectionsOff,1264,2.7792020700871944,2.7729,,1,0,0
ReflectionsOff,1265,2.7034934610128403,2.7047,,1,0,0
ReflectionsOff,1266,2.6648030616343021,2.6589,,1,0,0
ReflectionsOff,1267,2.7708970010280609,2.7709,,1,0,0
ReflectionsOff,1268,3.4860048908740282,3.4727,,1,0,0
ReflectionsOff,1269,2.6393991429358721,2.631,,1,0,0
ReflectionsOff,1270,2.7489017229527235,2.7465,,1,0,0
ReflectionsOff,1271,3.035097848623991,3.0329,,1,0,0
ReflectionsOff,1272,2.5841977912932634,2.5821,,1,0,0
ReflectionsOff,1273,2.7243054937571287,2.7267,,1,0,0
ReflectionsOff,1274,2.98199406825006,2.9764,,1,0,0
ReflectionsOff,1275,2.8516014572232962,2.8433,,1,0,0
ReflectionsOff,1276,2.8692034538835287,2.8689,,1,0,0
ReflectionsOff,1277,2.9723001644015312,2.9694,,1,0,0
ReflectionsOff,1278,2.5696002412587404,2.5636,,1,0,0
ReflectionsOff,1279,3.6068947520107031,3.6068,,1,0,0
ReflectionsOff,1280,2.6904053520411253,2.6827,,1,0,0
ReflectionsOff,1281,2.6801940985023975,2.6814,,1,0,0
ReflectionsOff,1282,2.9269061051309109,2.9235,,1,0,0
ReflectionsOff,1283,2.5739937555044889,2.5664,,1,0,0
ReflectionsOff,1284,2.9835035093128681,2.9817,,1,0,0
ReflectionsOff,1285,3.1730018090456724,3.1727,,1,0,0
ReflectionsOff,1286,2.9240008443593979,2.9203,,1,0,0
ReflectionsOff,1287,2.6294996496289968,2.6268,,1,0,0
ReflectionsOff,1288,2.7464993763715029,2.743,,1,0,0
ReflectionsOff,1289,2.8414966072887182,2.8352,,1,0,0
ReflectionsOff,1290,3.1098001636564732,3.1061,,1,0,0
ReflectionsOff,1291,3.40480450540781,3.4027,,1,0,0
ReflectionsOff,1292,2.6834963355213404,2.6819,,1,0,0
ReflectionsOff,1293,3.2096018549054861,3.2036,,1,0,0
ReflectionsOff,1294,2.5733986403793097,2.5669,,1,0,0
ReflectionsOff,1295,3.7856008857488632,3.7863,,1,0,0
ReflectionsOff,1296,2.8092970605939627,2.8046,,1,0,0
ReflectionsOff,1297,2.8886054642498493,2.885,,1,0,0
ReflectionsOff,1298,2.9491991735994816,2.9422,,1,0,0
ReflectionsOff,1299,2.7375000063329935,2.735,,1,0,0
ReflectionsOff,1300,2.9294996056705713,2.926,,1,0,0
ReflectionsOff,1301,3.5951954778283834,3.5961,,1,0,0
ReflectionsOff,1302,2.8437995351850986,2.8365,,1,0,0
ReflectionsOff,1303,2.877501305192709,2.879,,1,0,0
ReflectionsOff,1304,3.4223000984638929,3.4162,,1,0,0
ReflectionsOff,1305,2.892602002248168,2.8872,,1,0,0
ReflectionsOff,1306,3.6415958311408758,3.6439,,1,0,0
ReflectionsOff,1307,3.2060020603239536,3.2008,,1,0,0
ReflectionsOff,1308,2.6868977583944798,2.681,,1,0,0
ReflectionsOff,1309,2.7507015038281679,2.748,,1,0,0
ReflectionsOff,1310,2.6229023933410645,2.6208,,1,0,0
ReflectionsOff,1311,3.6957978736609221,3.6922,,1,0,0
ReflectionsOff,1312,2.522201044484973,2.5163,,1,0,0
ReflectionsOff,1313,2.8241991531103849,2.8239,,1,0,0
ReflectionsOff,1314,2.6576034724712372,2.6533,,1,0,0
ReflectionsOff,1315,3.181894775480032,3.1808,,1,0,0
ReflectionsOff,1316,2.7651998680084944,2.7602,,1,0,0
ReflectionsOff,1317,2.6677013374865055,2.6661,,1,0,0
ReflectionsOff,1318,2.9028982389718294,2.9014,,1,0,0
ReflectionsOff,1319,2.6761053595691919,2.6689,,1,0,0
ReflectionsOff,1320,2.8995960019528866,2.9,,1,0,0
ReflectionsOff,1321,2.6298044249415398,2.6215,,1,0,0
ReflectionsOff,1322,3.3160005696117878,3.3168,,1,0,0
ReflectionsOff,1323,2.5866001378744841,2.58,,1,0,0
ReflectionsOff,1324,2.4117985740303993,2.4126,,1,0,0
ReflectionsOff,1325,2.7275013271719217,2.723,,1,0,0
ReflectionsOff,1326,2.5000991299748421,2.4935,,1,0,0
ReflectionsOff,1327,3.3406957518309355,3.3402,,1,0,0
ReflectionsOff,1328,2.4741992820054293,2.4679,,1,0,0
ReflectionsOff,1329,3.0746031552553177,3.0746,,1,0,0
ReflectionsOff,1330,3.2535006757825613,3.2506,,1,0,0
ReflectionsOff,1331,5.4274019785225391,5.4211,,1,0,0
ReflectionsOff,1332,3.8108986336737871,3.8115,,1,0,0
ReflectionsOff,1333,3.4901006147265434,9.0582,,1,0,0
ReflectionsOff,1334,8.9999008923769,3.4228,,1,0,0
ReflectionsOff,1335,83.045393228530884,83.2416,,1,0,0
ReflectionsOff,1336,3.1001062598079443,2.9542,,1,0,0
ReflectionsOff,1337,3.894593333825469,4.0085,,1,0,0
ReflectionsOff,1338,3.1495040748268366,3.1411,,1,0,0
ReflectionsOff,1339,3.3457980025559664,3.2674,,1,0,0
ReflectionsOff,1340,3.22310090996325,3.4283,,1,0,0
ReflectionsOff,1341,3.2205001916736364,3.0195,,1,0,0
ReflectionsOff,1342,2.4118977598845959,2.4229,,1,0,0
ReflectionsOff,1343,3.5928003489971161,3.8221,,1,0,0
ReflectionsOff,1344,3.0517007689923048,2.7244,,1,0,0
ReflectionsOff,1345,3.6248015239834785,3.6376,,1,0,0
ReflectionsOff,1346,2.6759991887956858,2.6567,,1,0,0
ReflectionsOff,1347,2.4669996928423643,2.4296,,1,0,0
ReflectionsOff,1348,5.547200795263052,5.5449,,1,0,0
ReflectionsOff,1349,2.6862032245844603,2.6798,,1,0,0
ReflectionsOff,1350,2.6740999892354012,2.7168,,1,0,0
ReflectionsOff,1351,3.2490999437868595,3.2386,,1,0,0
ReflectionsOff,1352,4.7633997164666653,4.8784,,1,0,0
ReflectionsOff,1353,3.0366000719368458,3.0426,,1,0,0
ReflectionsOff,1354,2.9609976336359978,2.8457,,1,0,0
ReflectionsOff,1355,3.2366991508752108,3.2188,,1,0,0
ReflectionsOff,1356,3.1958972103893757,3.1908,,1,0,0
ReflectionsOff,1357,2.5056051090359688,2.8945,,1,0,0
ReflectionsOff,1358,2.9162981081753969,2.5213,,1,0,0
ReflectionsOff,1359,4.2102960869669914,4.2411,,1,0,0
ReflectionsOff,1360,2.6534013450145721,2.6082,,1,0,0
ReflectionsOff,1361,2.7184027712792158,2.7276,,1,0,0
ReflectionsOff,1362,4.0620961226522923,4.0598,,1,0,0
ReflectionsOff,1363,3.0910996720194817,3.0764,,1,0,0
ReflectionsOff,1364,2.5690051261335611,2.723,,1,0,0
ReflectionsOff,1365,2.7966978959739208,2.6362,,1,0,0
ReflectionsOff,1366,2.7936012484133244,2.7938,,1,0,0
ReflectionsOff,1367,2.5433956179767847,2.5359,,1,0,0
ReflectionsOff,1368,3.7071004044264555,3.7111,,1,0,0
ReflectionsOff,1369,2.5666027795523405,2.5742,,1,0,0
ReflectionsOff,1370,3.0526998452842236,3.1596,,1,0,0
ReflectionsOff,1371,3.805902786552906,3.7765,,1,0,0
ReflectionsOff,1372,2.9607992619276047,2.8582,,1,0,0
ReflectionsOff,1373,3.7178995553404093,3.8286,,1,0,0
ReflectionsOff,1374,2.7699971105903387,2.6569,,1,0,0
ReflectionsOff,1375,2.8939980547875166,2.8912,,1,0,0
ReflectionsOff,1376,2.6860048528760672,2.7789,,1,0,0
ReflectionsOff,1377,4.2796982452273369,4.6495,,1,0,0
ReflectionsOff,1378,2.9032030142843723,2.4312,,1,0,0
ReflectionsOff,1379,2.7178004384040833,2.7209,,1,0,0
ReflectionsOff,1380,3.4455002751201391,3.5564,,1,0,0
ReflectionsOff,1381,2.7486961334943771,2.8113,,1,0,0
ReflectionsOff,1382,3.535799216479063,3.6448,,1,0,0
ReflectionsOff,1383,3.08120041154325,3.7635,,1,0,0
ReflectionsOff,1384,4.0466976352036,6.6944,,1,0,0
ReflectionsOff,1385,7.0174038410186768,3.5623,,1,0,0
ReflectionsOff,1386,2.9820010531693697,3.0112,,1,0,0
ReflectionsOff,1387,3.4250991884618998,4.4322,,1,0,0
ReflectionsOff,1388,3.8737952709198,4.2606,,1,0,0
ReflectionsOff,1389,4.6374998055398464,3.928,,1,0,0
ReflectionsOff,1390,4.0735048241913319,3.2802,,1,0,0
ReflectionsOff,1391,3.1920988112688065,4.5083,,1,0,0
ReflectionsOff,1392,4.4837016612291336,6.2705,,1,0,0
ReflectionsOff,1393,6.0427011922001839,4.894,,1,0,0
ReflectionsOff,1394,5.2350978367030621,3.6165,,1,0,0
ReflectionsOff,1395,3.5074972547590733,3.033,,1,0,0
ReflectionsOff,1396,3.9468039758503437,4.2901,,1,0,0
ReflectionsOff,1397,2.9732000548392534,2.7133,,1,0,0
ReflectionsOff,1398,3.5744968336075544,4.3639,,1,0,0
ReflectionsOff,1399,4.379903431981802,3.6041,,1,0,0
ReflectionsOff,1400,2.8385983314365149,4.0293,,1,0,0
ReflectionsOff,1401,4.1797971352934837,4.3514,,1,0,0
ReflectionsOff,1402,5.8480016887187958,6.154,,1,0,0
ReflectionsOff,1403,4.4474983587861061,3.7681,,1,0,0
ReflectionsOff,1404,4.1281036101281643,3.5297,,1,0,0
ReflectionsOff,1405,3.8354946300387383,5.4153,,1,0,0
ReflectionsOff,1406,4.3258005753159523,3.9917,,1,0,0
ReflectionsOff,1407,4.4463011436164379,4.7048,,1,0,0
ReflectionsOff,1408,4.9124006181955338,4.8014,,1,0,0
ReflectionsOff,1409,4.9232994206249714,3.7491,,1,0,0
ReflectionsOff,1410,3.9276997558772564,3.3726,,1,0,0
ReflectionsOff,1411,2.8918012976646423,3.08,,1,0,0
ReflectionsOff,1412,3.2304988708347082,2.9685,,1,0,0
ReflectionsOff,1413,2.8523029759526253,3.3992,,1,0,0
ReflectionsOff,1414,3.7347008474171162,48.4862,,1,0,0
ReflectionsOff,1415,48.16659539937973,35.2819,,1,0,0
ReflectionsOff,1416,34.975998103618622,10.3699,,1,0,0
ReflectionsOff,1417,10.591999627649784,4.2778,,1,0,0
ReflectionsOff,1418,3.9507015608251095,4.9347,,1,0,0
ReflectionsOff,1419,4.865497350692749,2.9872,,1,0,0
ReflectionsOff,1420,3.2380030024796724,3.3005,,1,0,0
ReflectionsOff,1421,2.9811011627316475,3.6025,,1,0,0
ReflectionsOff,1422,3.67750134319067,3.2523,,1,0,0
ReflectionsOff,1423,2.9546981677412987,2.5759,,1,0,0
ReflectionsOff,1424,2.5745960883796215,2.9782,,1,0,0
ReflectionsOff,1425,3.1050029210746288,2.8297,,1,0,0
ReflectionsOff,1426,2.95629957690835,3.8381,,1,0,0
ReflectionsOff,1427,3.8139030802994967,2.0757,,1,0,0
ReflectionsOff,1428,2.4148952215909958,3.6418,,1,0,0
ReflectionsOff,1429,3.1936012674123049,1.9629,,1,0,0
ReflectionsOff,1430,3.4650014713406563,4.2604,,1,0,0
ReflectionsOff,1431,2.9854024760425091,3.1143,,1,0,0
ReflectionsOff,1432,2.7767007704824209,1.8434,,1,0,0
ReflectionsOff,1433,2.6164965238422155,2.6174,,1,0,0
ReflectionsOff,1434,2.2615008056163788,3.0278,,1,0,0
ReflectionsOff,1435,2.7985968627035618,2.0244,,1,0,0
ReflectionsOff,1436,2.7383007109165192,3.962,,1,0,0
ReflectionsOff,1437,3.1353032682090998,2.6872,,1,0,0
ReflectionsOff,1438,2.676899079233408,1.9007,,1,0,0
ReflectionsOff,1439,2.6813987642526627,4.6703,,1,0,0
ReflectionsOff,1440,4.2300028726458549,3.1655,,1,0,0
ReflectionsOff,1441,3.3947988413274288,3.2551,,1,0,0
ReflectionsOff,1442,3.063499229028821,3.0891,,1,0,0
ReflectionsOff,1443,2.8976970352232456,3.9295,,1,0,0
ReflectionsOff,1444,4.3606008403003216,2.4927,,1,0,0
ReflectionsOff,1445,2.9107001610100269,3.8496,,1,0,0
ReflectionsOff,1446,3.2560019753873348,3.4045,,1,0,0
ReflectionsOff,1447,3.4886975772678852,4.3423,,1,0,0
ReflectionsOff,1448,4.17470233514905,3.913,,1,0,0
ReflectionsOff,1449,4.5182965695858,3.7904,,1,0,0
ReflectionsOff,1450,3.3756024204194546,3.4621,,1,0,0
ReflectionsOff,1451,3.1651998870074749,5.6403,,1,0,0
ReflectionsOff,1452,5.7286988012492657,4.6496,,1,0,0
ReflectionsOff,1453,4.6985046938061714,2.2386,,1,0,0
ReflectionsOff,1454,2.4303996469825506,3.3753,,1,0,0
ReflectionsOff,1455,3.108900273218751,2.1567,,1,0,0
ReflectionsOff,1456,2.4031959474086761,4.0333,,1,0,0
ReflectionsOff,1457,4.3629040010273457,2.7268,,1,0,0
ReflectionsOff,1458,3.0482001602649689,4.5321,,1,0,0
ReflectionsOff,1459,3.9326953701674938,3.3351,,1,0,0
ReflectionsOff,1460,3.028203034773469,3.0631,,1,0,0
ReflectionsOff,1461,3.0698978807777166,2.1368,,1,0,0
ReflectionsOff,1462,2.8646045830100775,2.86,,1,0,0
ReflectionsOff,1463,2.4541949387639761,3.7326,,1,0,0
ReflectionsOff,1464,3.8722010795027018,3.6907,,1,0,0
ReflectionsOff,1465,3.146796952933073,2.0386,,1,0,0
ReflectionsOff,1466,2.4755031336098909,2.4733,,1,0,0
ReflectionsOff,1467,2.4839993566274643,3.3998,,1,0,0
ReflectionsOff,1468,3.2197986729443073,2.2957,,1,0,0
ReflectionsOff,1469,2.4557043798267841,2.4543,,1,0,0
ReflectionsOff,1470,2.1243977826088667,2.2824,,1,0,0
ReflectionsOff,1471,2.3976969532668591,3.3723,,1,0,0
ReflectionsOff,1472,3.401799825951457,2.2597,,1,0,0
ReflectionsOff,1473,2.3025013506412506,2.3034,,1,0,0
ReflectionsOff,1474,2.8784014284610748,5.2495,,1,0,0
ReflectionsOff,1475,4.433000460267067,2.0505,,1,0,0
ReflectionsOff,1476,3.1785997562110424,4.1183,,1,0,0
ReflectionsOff,1477,3.5278983414173126,7.2946,,1,0,0
ReflectionsOff,1478,6.9785998202860355,4.6575,,1,0,0
ReflectionsOff,1479,4.5655043795704842,2.1672,,1,0,0
ReflectionsOff,1480,2.7857001405209303,3.6808,,1,0,0
ReflectionsOff,1481,4.2428006418049335,3.3419,,1,0,0
ReflectionsOff,1482,2.3508998565375805,3.6545,,1,0,0
ReflectionsOff,1483,3.4771966747939587,2.1675,,1,0,0
ReflectionsOff,1484,2.3855017498135567,3.3377,,1,0,0
ReflectionsOff,1485,3.2134000211954117,2.2538,,1,0,0
ReflectionsOff,1486,2.6185018941760063,2.651,,1,0,0
ReflectionsOff,1487,2.9215987306088209,4.539,,1,0,0
ReflectionsOff,1488,3.9966977201402187,2.3368,,1,0,0
ReflectionsOff,1489,2.9571002814918756,3.9809,,1,0,0
ReflectionsOff,1490,3.3592970576137304,2.3314,,1,0,0
ReflectionsOff,1491,2.723001642152667,2.7241,,1,0,0
ReflectionsOff,1492,2.2419996093958616,2.2358,,1,0,0
ReflectionsOff,1493,3.1212018802762032,4.7139,,1,0,0
ReflectionsOff,1494,3.8517999928444624,2.2527,,1,0,0
ReflectionsOff,1495,2.9196995310485363,2.921,,1,0,0
ReflectionsOff,1496,2.5319019332528114,2.5271,,1,0,0
ReflectionsOff,1497,3.1241993419826031,3.1201,,1,0,0
ReflectionsOff,1498,2.25209747441113,2.2464,,1,0,0
ReflectionsOff,1499,2.6519983075559139,2.6479,,1,0,0
ReflectionsOff,1500,3.0951034277677536,3.0923,,1,0,0
ReflectionsOff,1501,2.1677012555301189,2.1645,,1,0,0
ReflectionsOff,1502,2.86809797398746,2.8666,,1,0,0
ReflectionsOff,1503,3.2036988995969296,3.1997,,1,0,0
ReflectionsOff,1504,2.6812003925442696,2.6753999999999998,,1,0,0
ReflectionsOff,1505,2.6165037415921688,2.6177,,1,0,0
ReflectionsOff,1506,2.6581985875964165,2.6538,,1,0,0
ReflectionsOff,1507,2.2360968869179487,2.2323,,1,0,0
ReflectionsOff,1508,2.740001305937767,2.7378,,1,0,0
ReflectionsOff,1509,3.4606009721755981,3.4577,,1,0,0
ReflectionsOff,1510,2.807702636346221,2.7995,,1,0,0
ReflectionsOff,1511,2.455095062032342,2.4555,,1,0,0
ReflectionsOff,1512,3.5329011734575033,3.5304,,1,0,0
ReflectionsOff,1513,2.4225977249443531,2.4164,,1,0,0
ReflectionsOff,1514,4.3983063660562038,4.3965,,1,0,0
ReflectionsOff,1515,2.3894982878118753,2.3856,,1,0,0
ReflectionsOff,1516,2.6937995571643114,2.692,,1,0,0
ReflectionsOff,1517,3.4740008413791656,3.4706,,1,0,0
ReflectionsOff,1518,3.7446003407239914,3.7411,,1,0,0
ReflectionsOff,1519,2.7228954713791609,2.7165,,1,0,0
ReflectionsOff,1520,2.6334042195230722,2.629,,1,0,0
ReflectionsOff,1521,3.0616000294685364,3.0614,,1,0,0
ReflectionsOff,1522,3.10419499874115,3.1018,,1,0,0
ReflectionsOff,1523,2.6057043578475714,2.5983,,1,0,0
ReflectionsOff,1524,2.7386974543333054,2.7374,,1,0,0
ReflectionsOff,1525,3.986699040979147,3.9859,,1,0,0
ReflectionsOff,1526,2.904003718867898,2.9147,,1,0,0
ReflectionsOff,1527,2.9740999452769756,5.2774,,1,0,0
ReflectionsOff,1528,6.159899290651083,3.8767,,1,0,0
ReflectionsOff,1529,3.3723001834005117,4.4175,,1,0,0
ReflectionsOff,1530,3.9331987500190735,4.1414,,1,0,0
ReflectionsOff,1531,4.4381022453308105,3.1275,,1,0,0
ReflectionsOff,1532,2.9323978815227747,2.9325,,1,0,0
ReflectionsOff,1533,2.7412981726229191,2.741,,1,0,0
ReflectionsOff,1534,2.6790036354213953,2.6738,,1,0,0
ReflectionsOff,1535,2.8648951556533575,4.0862,,1,0,0
ReflectionsOff,1536,3.706405870616436,2.4732,,1,0,0
ReflectionsOff,1537,3.2335955183953047,3.2326,,1,0,0
ReflectionsOff,1538,2.9124999418854713,2.9072,,1,0,0
ReflectionsOff,1539,3.0844032298773527,4.328,,1,0,0
ReflectionsOff,1540,3.906498197466135,2.6539,,1,0,0
ReflectionsOff,1541,2.6119968388229609,2.6121,,1,0,0
ReflectionsOff,1542,4.2788051068782806,5.742,,1,0,0
ReflectionsOff,1543,3.9763958193361759,2.5049,,1,0,0
ReflectionsOff,1544,2.9339003376662731,3.02,,1,0,0
ReflectionsOff,1545,3.0619048047810793,4.4741,,1,0,0
ReflectionsOff,1546,4.3377974070608616,4.402,,1,0,0
ReflectionsOff,1547,4.2605018243193626,2.6878,,1,0,0
ReflectionsOff,1548,3.3834963105618954,4.6409,,1,0,0
ReflectionsOff,1549,4.0939981117844582,4.0916,,1,0,0
ReflectionsOff,1550,4.6550026163458824,5.0561,,1,0,0
ReflectionsOff,1551,4.2419005185365677,2.5696,,1,0,0
ReflectionsOff,1552,2.8875991702079773,4.0633,,1,0,0
ReflectionsOff,1553,3.8543012924492359,2.6708,,1,0,0
ReflectionsOff,1554,2.7306973934173584,4.3451,,1,0,0
ReflectionsOff,1555,4.58900211378932,4.3067,,1,0,0
ReflectionsOff,1556,4.7416030429303646,5.4208,,1,0,0
ReflectionsOff,1557,4.5866994187235832,5.7077,,1,0,0
ReflectionsOff,1558,5.5553996935486794,4.7251,,1,0,0
ReflectionsOff,1559,5.0107003189623356,6.3187,,1,0,0
ReflectionsOff,1560,5.8533940464258194,4.6058,,1,0,0
ReflectionsOff,1561,4.782702773809433,3.5107,,1,0,0
ReflectionsOff,1562,3.4499007742851973,3.3669,,1,0,0
ReflectionsOff,1563,3.295698668807745,2.3629,,1,0,0
ReflectionsOff,1564,3.118303604424,6.6814,,1,0,0
ReflectionsOff,1565,6.4761973917484283,4.7483,,1,0,0
ReflectionsOff,1566,3.994097001850605,4.9829,,1,0,0
ReflectionsOff,1567,5.0801020115613937,3.1913,,1,0,0
ReflectionsOff,1568,3.8505031261593103,3.8129,,1,0,0
ReflectionsOff,1569,3.8101968821138144,3.7506,,1,0,0
ReflectionsOff,1570,3.293799702078104,3.3654,,1,0,0
ReflectionsOff,1571,3.5037982743233442,3.5604,,1,0,0
ReflectionsOff,1572,3.681505098938942,3.53,,1,0,0
ReflectionsOff,1573,3.4678997471928596,5.3482,,1,0,0
ReflectionsOff,1574,5.3489017300307751,3.4419,,1,0,0
ReflectionsOff,1575,3.4227962605655193,4.6442,,1,0,0
ReflectionsOff,1576,4.4526997953653336,3.5199,,1,0,0
ReflectionsOff,1577,3.6633999552577734,4.2485,,1,0,0
ReflectionsOff,1578,4.1587017476558685,2.3652,,1,0,0
ReflectionsOff,1579,2.5467970408499241,5.6677,,1,0,0
ReflectionsOff,1580,5.4039047099649906,7.0158,,1,0,0
ReflectionsOff,1581,7.09699559956789,4.5734,,1,0,0
ReflectionsOff,1582,4.3973992578685284,8.0863,,1,0,0
ReflectionsOff,1583,8.3558037877082825,6.1484,,1,0,0
ReflectionsOff,1584,6.1075962148606777,6.1443,,1,0,0
ReflectionsOff,1585,6.0450043529272079,3.1676,,1,0,0
ReflectionsOff,1586,3.2523951958864927,3.7445,,1,0,0
ReflectionsOff,1587,3.7108063697814941,6.8002,,1,0,0
ReflectionsOff,1588,6.41250004991889,15.5237,,1,0,0
ReflectionsOff,1589,16.498498618602753,5.353,,1,0,0
ReflectionsOff,1590,4.858099389821291,4.9585,,1,0,0
ReflectionsOff,1591,5.0195013172924519,9.5337,,1,0,0
ReflectionsOff,1592,9.47099644690752,5.2438,,1,0,0
ReflectionsOff,1593,5.06660295650363,4.6479,,1,0,0
ReflectionsOff,1594,4.956795834004879,9.6551,,1,0,0
ReflectionsOff,1595,9.3909017741680145,6.4829,,1,0,0
ReflectionsOff,1596,6.2451036646962166,5.9487,,1,0,0
ReflectionsOff,1597,5.7480018585920334,3.5934,,1,0,0
ReflectionsOff,1598,3.9095948450267315,3.8264,,1,0,0
ReflectionsOff,1599,3.6872024647891521,5.6632,,1,0,0
ReflectionsOff,1600,5.8895973488688469,3.1248,,1,0,0
ReflectionsOff,1601,3.1847008503973484,3.5433,,1,0,0
ReflectionsOff,1602,3.3008998725563288,2.8283,,1,0,0
ReflectionsOff,1603,2.8804987668991089,3.6215,,1,0,0
ReflectionsOff,1604,3.8373016286641359,4.5962,,1,0,0
ReflectionsOff,1605,4.1739018633961678,2.9518,,1,0,0
ReflectionsOff,1606,3.556802636012435,3.173,,1,0,0
ReflectionsOff,1607,2.7239937335252762,4.7281,,1,0,0
ReflectionsOff,1608,5.3619048558175564,2.6881,,1,0,0
ReflectionsOff,1609,2.5821004528552294,3.9023,,1,0,0
ReflectionsOff,1610,3.4181973896920681,4.2934,,1,0,0
ReflectionsOff,1611,4.7187004238367081,4.3141,,1,0,0
ReflectionsOff,1612,4.1442033834755421,3.5514,,1,0,0
ReflectionsOff,1613,3.3865999430418015,3.012,,1,0,0
ReflectionsOff,1614,3.5931973252445459,4.441,,1,0,0
ReflectionsOff,1615,3.8473992608487606,3.2255,,1,0,0
ReflectionsOff,1616,3.1214994378387928,3.241,,1,0,0
ReflectionsOff,1617,3.3301019575446844,3.3997,,1,0,0
ReflectionsOff,1618,3.4634992480278015,3.0717,,1,0,0
ReflectionsOff,1619,3.0698978807777166,3.0238,,1,0,0
ReflectionsOff,1620,2.9688987415283918,3.7637,,1,0,0
ReflectionsOff,1621,3.6482000723481178,5.9451,,1,0,0
ReflectionsOff,1622,5.95770264044404,3.2546,,1,0,0
ReflectionsOff,1623,3.1434027478098869,2.6656,,1,0,0
ReflectionsOff,1624,2.7482993900775909,2.7891,,1,0,0
ReflectionsOff,1625,3.1144982203841209,2.3078,,1,0,0
ReflectionsOff,1626,2.1999008022248745,4.1407,,1,0,0
ReflectionsOff,1627,4.0365010499954224,2.0644,,1,0,0
ReflectionsOff,1628,2.6857000775635242,3.4071,,1,0,0
ReflectionsOff,1629,2.6289965026080608,1.9043,,1,0,0
ReflectionsOff,1630,2.6545990258455276,3.7865,,1,0,0
ReflectionsOff,1631,3.3017999958246946,4.3216,,1,0,0
ReflectionsOff,1632,4.5566041953861713,2.3961,,1,0,0
ReflectionsOff,1633,2.0278983283787966,2.0296,,1,0,0
ReflectionsOff,1634,2.7875991072505713,3.5662,,1,0,0
ReflectionsOff,1635,2.6549035683274269,1.8656,,1,0,0
ReflectionsOff,1636,3.24039813131094,3.9815,,1,0,0
ReflectionsOff,1637,2.6776997838169336,1.925,,1,0,0
ReflectionsOff,1638,3.2755951397120953,4.0268,,1,0,0
ReflectionsOff,1639,2.8131022118031979,2.0463,,1,0,0
ReflectionsOff,1640,3.3316044136881828,4.1801,,1,0,0
ReflectionsOff,1641,3.4413973335176706,2.5869,,1,0,0
ReflectionsOff,1642,3.3131022937595844,5.7411,,1,0,0
ReflectionsOff,1643,4.6102963387966156,3.1315,,1,0,0
ReflectionsOff,1644,3.0420988332480192,2.0858,,1,0,0
ReflectionsOff,1645,2.3124008439481258,2.3083,,1,0,0
ReflectionsOff,1646,2.9810019768774509,3.9757,,1,0,0
ReflectionsOff,1647,3.1935020815581083,2.3227,,1,0,0
ReflectionsOff,1648,2.5937003083527088,3.3232,,1,0,0
ReflectionsOff,1649,3.376899054273963,2.6214,,1,0,0
ReflectionsOff,1650,2.3852961603552103,3.1832,,1,0,0
ReflectionsOff,1651,3.2251984812319279,2.3126,,1,0,0
ReflectionsOff,1652,2.7701035141944885,3.5767,,1,0,0
ReflectionsOff,1653,3.3107001800090075,2.4998,,1,0,0
ReflectionsOff,1654,2.723001642152667,3.4699,,1,0,0
ReflectionsOff,1655,2.8061012271791697,2.055,,1,0,0
ReflectionsOff,1656,3.3450964838266373,4.3349,,1,0,0
ReflectionsOff,1657,3.1543013174086809,2.9701,,1,0,0
ReflectionsOff,1658,2.9563987627625465,3.0746,,1,0,0
ReflectionsOff,1659,2.9942034743726254,2.0582,,1,0,0
ReflectionsOff,1660,2.7505953330546618,3.4748,,1,0,0
ReflectionsOff,1661,2.8149022255092859,2.4878,,1,0,0
ReflectionsOff,1662,3.5106008872389793,4.7522,,1,0,0
ReflectionsOff,1663,3.5454011522233486,1.8971,,1,0,0
ReflectionsOff,1664,2.7273951563984156,3.6715,,1,0,0
ReflectionsOff,1665,3.31090553663671,4.312,,1,0,0
ReflectionsOff,1666,4.2019984684884548,3.1373,,1,0,0
ReflectionsOff,1667,2.987896790727973,3.829,,1,0,0
ReflectionsOff,1668,3.5321996547281742,3.8648,,1,0,0
ReflectionsOff,1669,4.5505031011998653,3.2749,,1,0,0
ReflectionsOff,1670,3.1172973103821278,4.2237,,1,0,0
ReflectionsOff,1671,3.913399763405323,3.0959,,1,0,0
ReflectionsOff,1672,3.2603032886981964,27.3016,,1,0,0
ReflectionsOff,1673,27.463598176836967,2.3266,,1,0,0
ReflectionsOff,1674,2.3729025851935148,2.373,,1,0,0
ReflectionsOff,1675,1.8589994870126247,1.8557,,1,0,0
ReflectionsOff,1676,2.8081987984478474,2.8084,,1,0,0
ReflectionsOff,1677,2.3881022352725267,2.3844,,1,0,0
ReflectionsOff,1678,2.450297586619854,2.4498,,1,0,0
ReflectionsOff,1679,3.9507015608251095,3.9485,,1,0,0
ReflectionsOff,1680,1.8124999478459358,1.8078,,1,0,0
ReflectionsOff,1681,2.333496231585741,2.3353,,1,0,0
ReflectionsOff,1682,2.2034014109522104,2.199,,1,0,0
ReflectionsOff,1683,2.198703121393919,2.1985,,1,0,0
ReflectionsOff,1684,3.3033941872417927,3.2991,,1,0,0
ReflectionsOff,1685,1.8555059796199203,1.8516,,1,0,0
ReflectionsOff,1686,2.9656959231942892,2.97,,1,0,0
ReflectionsOff,1687,2.7168013621121645,2.7077,,1,0,0
ReflectionsOff,1688,2.03039962798357,2.0282,,1,0,0
ReflectionsOff,1689,3.0785996932536364,3.0748,,1,0,0
ReflectionsOff,1690,2.3443028330802917,2.3401,,1,0,0
ReflectionsOff,1691,2.793395658954978,2.7954,,1,0,0
ReflectionsOff,1692,2.3382015060633421,2.3319,,1,0,0
ReflectionsOff,1693,2.3114015348255634,2.3079,,1,0,0
ReflectionsOff,1694,2.5930979754775763,2.5871,,1,0,0
ReflectionsOff,1695,2.01639742590487,2.0119,,1,0,0
ReflectionsOff,1696,3.1645053531974554,3.1627,,1,0,0
ReflectionsOff,1697,2.1977962460368872,2.1923,,1,0,0
ReflectionsOff,1698,2.4060020223259926,2.4068,,1,0,0
ReflectionsOff,1699,3.0821003019809723,3.0793,,1,0,0
ReflectionsOff,1700,2.2240008693188429,2.2197,,1,0,0
ReflectionsOff,1701,2.8888960368931293,2.889,,1,0,0
ReflectionsOff,1702,2.13260343298316,2.1321,,1,0,0
ReflectionsOff,1703,3.296995535492897,3.2799,,1,0,0
ReflectionsOff,1704,2.217502798885107,2.2116,,1,0,0
ReflectionsOff,1705,3.2542021945118904,3.2538,,1,0,0
ReflectionsOff,1706,2.1591978147625923,2.1544,,1,0,0
ReflectionsOff,1707,2.5129038840532303,2.5114,,1,0,0
ReflectionsOff,1708,3.1396967824548483,3.1364,,1,0,0
ReflectionsOff,1709,1.9711025524884462,1.9665,,1,0,0
ReflectionsOff,1710,3.1063987407833338,3.1054,,1,0,0
ReflectionsOff,1711,2.361897611990571,2.3583,,1,0,0
ReflectionsOff,1712,2.4793012998998165,2.476,,1,0,0
ReflectionsOff,1713,1.9391014939174056,1.9466,,1,0,0
ReflectionsOff,1714,2.5549957063049078,2.5379,,1,0,0
ReflectionsOff,1715,3.49019980058074,3.4868,,1,0,0
ReflectionsOff,1716,2.8763038571923971,2.8134,,1,0,0
ReflectionsOff,1717,2.3440972436219454,2.3449,,1,0,0
ReflectionsOff,1718,2.6450043078511953,2.6423,,1,0,0
ReflectionsOff,1719,2.336493693292141,2.3319,,1,0,0
ReflectionsOff,1720,2.44220532476902,2.4409,,1,0,0
ReflectionsOff,1721,2.465901430696249,2.4611,,1,0,0
ReflectionsOff,1722,2.6360969059169292,2.6367,,1,0,0
ReflectionsOff,1723,2.4333971086889505,2.4303,,1,0,0
ReflectionsOff,1724,2.401700709015131,2.4008,,1,0,0
ReflectionsOff,1725,2.1895053796470165,2.1845,,1,0,0
ReflectionsOff,1726,2.3352962452918291,2.3346,,1,0,0
ReflectionsOff,1727,3.0944019090384245,3.0913,,1,0,0
ReflectionsOff,1728,2.3867983836680651,2.3845,,1,0,0
ReflectionsOff,1729,2.5937003083527088,2.5912,,1,0,0
ReflectionsOff,1730,2.2628968581557274,2.2574,,1,0,0
ReflectionsOff,1731,2.4901998694986105,2.4903,,1,0,0
ReflectionsOff,1732,2.9814059380441904,2.9802,,1,0,0
ReflectionsOff,1733,2.6001983787864447,2.5948,,1,0,0
ReflectionsOff,1734,2.3920990061014891,2.3927,,1,0,0
ReflectionsOff,1735,2.8364015743136406,2.8339,,1,0,0
ReflectionsOff,1736,2.991595771163702,2.9869,,1,0,0
ReflectionsOff,1737,2.0705002825707197,2.065,,1,0,0
ReflectionsOff,1738,3.3664044458419085,3.3698,,1,0,0
ReflectionsOff,1739,2.2330994252115488,2.2253,,1,0,0
ReflectionsOff,1740,2.6742983609437943,2.6826,,1,0,0
ReflectionsOff,1741,2.7727962005883455,2.7564,,1,0,0
ReflectionsOff,1742,2.3897038772702217,2.3851,,1,0,0
ReflectionsOff,1743,2.8535998426377773,2.8545,,1,0,0
ReflectionsOff,1744,2.1003969013690948,2.0946,,1,0,0
ReflectionsOff,1745,3.5136053338646889,3.5129,,1,0,0
ReflectionsOff,1746,2.4598992895334959,2.4563,,1,0,0
ReflectionsOff,1747,2.3182965815067291,2.3204,,1,0,0
ReflectionsOff,1748,2.49659875407815,2.4883,,1,0,0
ReflectionsOff,1749,2.4815050419420004,2.4798,,1,0,0
ReflectionsOff,1750,2.4522959720343351,2.4484,,1,0,0
ReflectionsOff,1751,2.3617984261363745,2.3611,,1,0,0
ReflectionsOff,1752,3.109403420239687,3.1078,,1,0,0
ReflectionsOff,1753,1.9837017171084881,1.9762,,1,0,0
ReflectionsOff,1754,3.1097009778022766,3.1105,,1,0,0
ReflectionsOff,1755,2.421896206215024,2.4194,,1,0,0
ReflectionsOff,1756,2.312797587364912,2.3075,,1,0,0
ReflectionsOff,1757,3.0927013140171766,3.0904,,1,0,0
ReflectionsOff,1758,2.2418012376874685,2.2408,,1,0,0
ReflectionsOff,1759,2.4593041744083166,2.4599,,1,0,0
ReflectionsOff,1760,2.1851970814168453,2.1809,,1,0,0
ReflectionsOff,1761,2.5470026303082705,2.5453,,1,0,0
ReflectionsOff,1762,2.4644983932375908,2.4616,,1,0,0
ReflectionsOff,1763,2.3753968998789787,2.3747,,1,0,0
ReflectionsOff,1764,3.105902811512351,3.102,,1,0,0
ReflectionsOff,1765,1.9366992637515068,1.9314,,1,0,0
ReflectionsOff,1766,2.5971017312258482,2.5999,,1,0,0
ReflectionsOff,1767,2.5483984500169754,2.5435,,1,0,0
ReflectionsOff,1768,2.1878967527300119,2.1837,,1,0,0
ReflectionsOff,1769,2.8494047001004219,2.8565,,1,0,0
ReflectionsOff,1770,3.1009991653263569,3.0785,,1,0,0
ReflectionsOff,1771,3.0846018344163895,3.0818,,1,0,0
ReflectionsOff,1772,2.3510984610766172,2.3485,,1,0,0
ReflectionsOff,1773,2.4400013498961926,2.4374,,1,0,0
ReflectionsOff,1774,3.9187995716929436,3.9161,,1,0,0
ReflectionsOff,1775,2.2579010110348463,2.2561,,1,0,0
ReflectionsOff,1776,2.80039687640965,2.7976,,1,0,0
ReflectionsOff,1777,2.1467970218509436,2.1429,,1,0,0
ReflectionsOff,1778,2.9383008368313313,2.9336,,1,0,0
ReflectionsOff,1779,2.2140021901577711,2.2075,,1,0,0
ReflectionsOff,1780,3.1025013886392117,3.1015,,1,0,0
ReflectionsOff,1781,1.9754960667341948,1.9698,,1,0,0
ReflectionsOff,1782,2.8268990572541952,2.8253,,1,0,0
ReflectionsOff,1783,2.398001728579402,2.3968,,1,0,0
ReflectionsOff,1784,2.2653981577605009,2.2622,,1,0,0
ReflectionsOff,1785,2.4325042031705379,2.43,,1,0,0
ReflectionsOff,1786,2.3375991731882095,2.3336,,1,0,0
ReflectionsOff,1787,2.1914965473115444,2.1877,,1,0,0
ReflectionsOff,1788,3.2225055620074272,3.2212,,1,0,0
ReflectionsOff,1789,2.3322987835854292,2.328,,1,0,0
ReflectionsOff,1790,3.1448979862034321,3.1419,,1,0,0
ReflectionsOff,1791,2.1866993047297,2.1863,,1,0,0
ReflectionsOff,1792,3.2838010229170322,3.2818,,1,0,0
ReflectionsOff,1793,2.3099984973669052,2.3057,,1,0,0
ReflectionsOff,1794,3.2863023225218058,3.2902,,1,0,0
ReflectionsOff,1795,2.9331985861063004,2.9224,,1,0,0
ReflectionsOff,1796,2.7652990538626909,2.7574,,1,0,0
ReflectionsOff,1797,2.4668013211339712,2.4663,,1,0,0
ReflectionsOff,1798,2.5158021599054337,2.5099,,1,0,0
ReflectionsOff,1799,2.9198979027569294,2.9161,,1,0,0
ReflectionsOff,1800,2.9749008826911449,2.9754,,1,0,0
ReflectionsOff,1801,2.8767006006091833,2.8748,,1,0,0
ReflectionsOff,1802,2.2740007843822241,2.2678,,1,0,0
ReflectionsOff,1803,3.3446995075792074,3.3447,,1,0,0
ReflectionsOff,1804,2.6359977200627327,2.6301,,1,0,0
ReflectionsOff,1805,2.2975977044552565,2.2961,,1,0,0
ReflectionsOff,1806,3.4136055037379265,3.4117,,1,0,0
ReflectionsOff,1807,2.5613945908844471,2.5561,,1,0,0
ReflectionsOff,1808,2.4126062635332346,2.4137,,1,0,0
ReflectionsOff,1809,2.9182964935898781,2.9166,,1,0,0
ReflectionsOff,1810,2.8275013901293278,2.8187,,1,0,0
ReflectionsOff,1811,2.4361961986869574,2.437,,1,0,0
ReflectionsOff,1812,3.04150371812284,3.0381,,1,0,0
ReflectionsOff,1813,2.2707979660481215,2.2641,,1,0,0
ReflectionsOff,1814,2.7691042050719261,2.7692,,1,0,0
ReflectionsOff,1815,2.6000991929322481,2.5945,,1,0,0
ReflectionsOff,1816,2.5948979891836643,2.5945,,1,0,0
ReflectionsOff,1817,2.5089995469897985,2.5086,,1,0,0
ReflectionsOff,1818,2.4283020757138729,2.424,,1,0,0
ReflectionsOff,1819,3.2179988920688629,3.2142,,1,0,0
ReflectionsOff,1820,2.4244969245046377,2.4191,,1,0,0
ReflectionsOff,1821,2.7807042934000492,2.7831,,1,0,0
ReflectionsOff,1822,3.4918012097477913,3.4843,,1,0,0
ReflectionsOff,1823,2.4996954016387463,2.496,,1,0,0
ReflectionsOff,1824,2.4031037464737892,2.3977,,1,0,0
ReflectionsOff,1825,2.8502976056188345,2.85,,1,0,0
ReflectionsOff,1826,2.3921981919556856,2.3892,,1,0,0
ReflectionsOff,1827,2.3443028330802917,2.3432,,1,0,0
ReflectionsOff,1828,2.896300982683897,2.8892,,1,0,0
ReflectionsOff,1829,2.8823979664593935,2.8798,,1,0,0
ReflectionsOff,1830,2.6678005233407021,2.6698,,1,0,0
ReflectionsOff,1831,2.4752975441515446,2.4686,,1,0,0
ReflectionsOff,1832,2.6511054020375013,2.6491,,1,0,0
ReflectionsOff,1833,3.1708970200270414,3.1661,,1,0,0
ReflectionsOff,1834,2.6195012032985687,2.617,,1,0,0
ReflectionsOff,1835,2.8136975597590208,2.8113,,1,0,0
ReflectionsOff,1836,2.4134991690516472,2.409,,1,0,0
ReflectionsOff,1837,2.7849986217916012,2.7856,,1,0,0
ReflectionsOff,1838,2.6778061874210835,2.6718,,1,0,0
ReflectionsOff,1839,3.597399452701211,3.6004,,1,0,0
ReflectionsOff,1840,2.6358985342085361,2.6272,,1,0,0
ReflectionsOff,1841,3.35099920630455,3.3504,,1,0,0
ReflectionsOff,1842,4.6668010763823986,4.6627,,1,0,0
ReflectionsOff,1843,2.6021967642009258,2.5977,,1,0,0
ReflectionsOff,1844,2.4607002269476652,2.4599,,1,0,0
ReflectionsOff,1845,3.1282028649002314,3.1257,,1,0,0
ReflectionsOff,1846,2.6227962225675583,2.6167,,1,0,0
ReflectionsOff,1847,2.9906036797910929,3.0015,,1,0,0
ReflectionsOff,1848,2.6304989587515593,2.6114,,1,0,0
ReflectionsOff,1849,2.9492983594536781,2.9507,,1,0,0
ReflectionsOff,1850,3.1552012078464031,3.1481,,1,0,0
ReflectionsOff,1851,2.9107993468642235,2.9099,,1,0,0
ReflectionsOff,1852,2.789604477584362,2.7914,,1,0,0
ReflectionsOff,1853,3.2797972671687603,3.2694,,1,0,0
ReflectionsOff,1854,2.6876984629780054,2.6799,,1,0,0
ReflectionsOff,1855,2.7880030684173107,2.7853,,1,0,0
ReflectionsOff,1856,4.0735970251262188,4.0701,,1,0,0
ReflectionsOff,1857,3.2874008174985647,3.2847,,1,0,0
ReflectionsOff,1858,2.6767998933792114,2.6737,,1,0,0
ReflectionsOff,1859,3.0394983477890491,3.041,,1,0,0
ReflectionsOff,1860,3.2133008353412151,3.2059,,1,0,0
ReflectionsOff,1861,2.9874008614569902,2.9886,,1,0,0
ReflectionsOff,1862,3.5222009755671024,3.519,,1,0,0
ReflectionsOff,1863,2.841099863871932,2.8323,,1,0,0
ReflectionsOff,1864,2.65809940174222,2.6558,,1,0,0
ReflectionsOff,1865,2.911401679739356,2.9121,,1,0,0
ReflectionsOff,1866,3.1178996432572603,3.112,,1,0,0
ReflectionsOff,1867,2.83709610812366,2.8327,,1,0,0
ReflectionsOff,1868,2.8595025651156902,2.8565,,1,0,0
ReflectionsOff,1869,3.3396966755390167,3.3361,,1,0,0
ReflectionsOff,1870,2.6961027178913355,2.6933,,1,0,0
ReflectionsOff,1871,3.4812996163964272,3.4814,,1,0,0
ReflectionsOff,1872,2.8847008943557739,2.8792,,1,0,0
ReflectionsOff,1873,3.0332978349179029,3.0336,,1,0,0
ReflectionsOff,1874,2.472505671903491,2.4671,,1,0,0
ReflectionsOff,1875,3.4408941864967346,3.4389,,1,0,0
ReflectionsOff,1876,3.0584041960537434,3.0548,,1,0,0
ReflectionsOff,1877,3.0409013852477074,3.0372,,1,0,0
ReflectionsOff,1878,2.8621952515095472,2.8572,,1,0,0
ReflectionsOff,1879,3.1372024677693844,3.136,,1,0,0
ReflectionsOff,1880,3.0591979157179594,3.0622,,1,0,0
ReflectionsOff,1881,3.0144983902573586,2.9983,,1,0,0
ReflectionsOff,1882,3.1023030169308186,3.0962,,1,0,0
ReflectionsOff,1883,3.2535006757825613,3.25,,1,0,0
ReflectionsOff,1884,3.0787982977926731,3.0758,,1,0,0
ReflectionsOff,1885,3.4590987488627434,3.4558,,1,0,0
ReflectionsOff,1886,3.1323058065027,3.1336,,1,0,0
ReflectionsOff,1887,2.833198755979538,2.8247,,1,0,0
ReflectionsOff,1888,2.5656959041953087,2.5639,,1,0,0
ReflectionsOff,1889,3.7589003331959248,3.7602,,1,0,0
ReflectionsOff,1890,3.1318026594817638,3.1244,,1,0,0
ReflectionsOff,1891,2.5160005316138268,2.5128,,1,0,0
ReflectionsOff,1892,3.7147959228605032,3.7178,,1,0,0
ReflectionsOff,1893,2.4991000536829233,2.4892,,1,0,0
ReflectionsOff,1894,2.6431051082909107,2.644,,1,0,0
ReflectionsOff,1895,3.3871952909976244,3.4005,,1,0,0
ReflectionsOff,1896,3.8076033815741539,3.7849,,1,0,0
ReflectionsOff,1897,2.6531957555562258,2.6443,,1,0,0
ReflectionsOff,1898,2.55300453864038,2.5506,,1,0,0
ReflectionsOff,1899,3.6088009364902973,3.6103,,1,0,0
ReflectionsOff,1900,3.0611960683017969,3.0556,,1,0,0
ReflectionsOff,1901,3.3258998300880194,3.3167,,1,0,0
ReflectionsOff,1902,2.6162981521338224,2.6128999999999998,,1,0,0
ReflectionsOff,1903,3.0765023548156023,3.073,,1,0,0
ReflectionsOff,1904,3.05850338190794,3.059,,1,0,0
ReflectionsOff,1905,3.0916950199753046,3.0888,,1,0,0
ReflectionsOff,1906,4.0713008493185043,4.0637,,1,0,0
ReflectionsOff,1907,2.6905045378953218,2.6876,,1,0,0
ReflectionsOff,1908,2.9623936861753464,2.9643,,1,0,0
ReflectionsOff,1909,2.9453018214553595,2.9358,,1,0,0
ReflectionsOff,1910,2.8974986635148525,2.8934,,1,0,0
ReflectionsOff,1911,3.1257015652954578,3.1283,,1,0,0
ReflectionsOff,1912,2.8674036730080843,2.8608,,1,0,0
ReflectionsOff,1913,2.7243976946920156,2.7187,,1,0,0
ReflectionsOff,1914,3.0689979903399944,3.0616,,1,0,0
ReflectionsOff,1915,2.5590986479073763,2.5578,,1,0,0
ReflectionsOff,1916,3.3051020000129938,3.3039,,1,0,0
ReflectionsOff,1917,3.6914045922458172,3.6801,,1,0,0
ReflectionsOff,1918,3.2182964496314526,3.2156,,1,0,0
ReflectionsOff,1919,2.7050029020756483,2.7048,,1,0,0
ReflectionsOff,1920,2.84280045889318,2.8378,,1,0,0
ReflectionsOff,1921,3.7564979866147041,3.7513,,1,0,0
ReflectionsOff,1922,3.4945011138916016,3.4878,,1,0,0
ReflectionsOff,1923,3.5091978497803211,6.715,,1,0,0
ReflectionsOff,1924,6.0376985929906368,4.1581,,1,0,0
ReflectionsOff,1925,4.3358984403312206,5.7325,,1,0,0
ReflectionsOff,1926,5.5169998668134212,2.7771,,1,0,0
ReflectionsOff,1927,2.5215065106749535,2.525,,1,0,0
ReflectionsOff,1928,4.0996954776346684,5.4579,,1,0,0
ReflectionsOff,1929,4.0492983534932137,2.667,,1,0,0
ReflectionsOff,1930,2.8883006889373064,2.8856,,1,0,0
ReflectionsOff,1931,2.6978033129125834,2.6952,,1,0,0
ReflectionsOff,1932,3.1771967187523842,3.1723,,1,0,0
ReflectionsOff,1933,3.8911988958716393,5.1602,,1,0,0
ReflectionsOff,1934,4.0773032233119011,2.8029,,1,0,0
ReflectionsOff,1935,3.0573979020118713,4.1609,,1,0,0
ReflectionsOff,1936,5.0428006798028946,4.1298,,1,0,0
ReflectionsOff,1937,2.9215987306088209,5.2877,,1,0,0
ReflectionsOff,1938,5.0327028147876263,2.5593,,1,0,0
ReflectionsOff,1939,2.6139030233025551,4.2201,,1,0,0
ReflectionsOff,1940,4.3754959478974342,3.0617,,1,0,0
ReflectionsOff,1941,3.4624999389052391,5.7582,,1,0,0
ReflectionsOff,1942,5.1340986974537373,2.4313,,1,0,0
ReflectionsOff,1943,2.6918014045804739,2.6908,,1,0,0
ReflectionsOff,1944,3.5482000093907118,5.4656,,1,0,0
ReflectionsOff,1945,4.815603606402874,2.8874,,1,0,0
ReflectionsOff,1946,2.5496953167021275,2.5492,,1,0,0
ReflectionsOff,1947,2.330803545191884,2.326,,1,0,0
ReflectionsOff,1948,2.9100978281348944,4.0148,,1,0,0
ReflectionsOff,1949,4.06130263581872,5.6566,,1,0,0
ReflectionsOff,1950,5.3130951710045338,2.6006,,1,0,0
ReflectionsOff,1951,3.0569019727408886,4.3085,,1,0,0
ReflectionsOff,1952,4.6360050328075886,3.3766,,1,0,0
ReflectionsOff,1953,3.2870960421860218,4.9096,,1,0,0
ReflectionsOff,1954,4.10350039601326,2.4753,,1,0,0
ReflectionsOff,1955,2.6436012703925371,2.6417,,1,0,0
ReflectionsOff,1956,2.7777990326285362,3.8335,,1,0,0
ReflectionsOff,1957,3.2669997308403254,2.2064,,1,0,0
ReflectionsOff,1958,3.3616991713643074,4.788,,1,0,0
ReflectionsOff,1959,3.8972010370343924,3.5856,,1,0,0
ReflectionsOff,1960,3.4562996588647366,3.5304,,1,0,0
ReflectionsOff,1961,3.7688987795263529,2.5662,,1,0,0
ReflectionsOff,1962,3.0789044685661793,3.0804,,1,0,0
ReflectionsOff,1963,3.0434948857873678,3.0365,,1,0,0
ReflectionsOff,1964,2.4147038348019123,2.4118,,1,0,0
ReflectionsOff,1965,2.7495960239320993,2.7489,,1,0,0
ReflectionsOff,1966,2.5862031616270542,2.5815,,1,0,0
ReflectionsOff,1967,2.4858985561877489,2.4836,,1,0,0
ReflectionsOff,1968,3.3999008592218161,3.4001,,1,0,0
ReflectionsOff,1969,2.6261976454406977,2.6203,,1,0,0
ReflectionsOff,1970,2.9233985114842653,2.9214,,1,0,0
ReflectionsOff,1971,2.340405248105526,2.3362,,1,0,0
ReflectionsOff,1972,3.2529975287616253,3.2533,,1,0,0
ReflectionsOff,1973,2.7417021337896585,2.7412,,1,0,0
ReflectionsOff,1974,3.4178995992988348,3.4123,,1,0,0
ReflectionsOff,1975,3.0284014064818621,3.019,,1,0,0
ReflectionsOff,1976,2.786699216812849,2.7874,,1,0,0
ReflectionsOff,1977,2.7932964731007814,2.7864,,1,0,0
ReflectionsOff,1978,3.2353033311665058,3.235,,1,0,0
ReflectionsOff,1979,2.2898952011018991,2.285,,1,0,0
ReflectionsOff,1980,3.787103109061718,3.7856,,1,0,0
ReflectionsOff,1981,2.5115008465945721,2.5073,,1,0,0
ReflectionsOff,1982,2.8498016763478518,4.1472,,1,0,0
ReflectionsOff,1983,4.8964000307023525,3.5935,,1,0,0
ReflectionsOff,1984,2.8549956623464823,2.8612,,1,0,0
ReflectionsOff,1985,3.1794996466487646,3.1608,,1,0,0
ReflectionsOff,1986,2.6569019537419081,2.6499,,1,0,0
ReflectionsOff,1987,3.1732001807540655,3.1677,,1,0,0
ReflectionsOff,1988,3.489696653559804,3.4865,,1,0,0
ReflectionsOff,1989,3.045202698558569,3.0414,,1,0,0
ReflectionsOff,1990,2.9428997077047825,2.9449,,1,0,0
ReflectionsOff,1991,2.7528982609510422,2.7479,,1,0,0
ReflectionsOff,1992,2.7656038291752338,2.7643,,1,0,0
ReflectionsOff,1993,2.725999103859067,2.7162,,1,0,0
ReflectionsOff,1994,4.0168012492358685,4.0159,,1,0,0
ReflectionsOff,1995,2.7394983917474747,2.7321,,1,0,0
ReflectionsOff,1996,2.8041028417646885,2.8046,,1,0,0
ReflectionsOff,1997,3.8294005207717419,3.8262,,1,0,0
ReflectionsOff,1998,3.2095946371555328,3.2027,,1,0,0
ReflectionsOff,1999,2.5973001029342413,2.5984,,1,0,0
ReflectionsOff,2000,3.3651005942374468,3.3622,,1,0,0
ReflectionsOff,2001,2.6754038408398628,2.6697,,1,0,0
ReflectionsOff,2002,2.5670989416539669,2.562,,1,0,0
ReflectionsOff,2003,2.9178005643188953,2.9127,,1,0,0
ReflectionsOff,2004,2.9059948865324259,2.9069,,1,0,0
ReflectionsOff,2005,2.5612032040953636,2.5531,,1,0,0
ReflectionsOff,2006,5.006399005651474,5.0022,,1,0,0
ReflectionsOff,2007,3.0700042843818665,3.068,,1,0,0
ReflectionsOff,2008,3.1065971124917269,3.1026,,1,0,0
ReflectionsOff,2009,3.249000757932663,3.2486,,1,0,0
ReflectionsOff,2010,2.9477961361408234,2.9399,,1,0,0
ReflectionsOff,2011,3.11259925365448,3.1096,,1,0,0
ReflectionsOff,2012,3.2124998979270458,3.2095,,1,0,0
ReflectionsOff,2013,3.2065052073448896,3.2042,,1,0,0
ReflectionsOff,2014,2.8388958889991045,2.8369,,1,0,0
ReflectionsOff,2015,2.9334041755646467,2.9328,,1,0,0
ReflectionsOff,2016,3.5144982393831015,3.5068,,1,0,0
ReflectionsOff,2017,2.9985969886183739,2.9975,,1,0,0
ReflectionsOff,2018,3.764505498111248,4.9484,,1,0,0
ReflectionsOff,2019,3.733800956979394,2.5389,,1,0,0
ReflectionsOff,2020,2.6529973838478327,2.6478,,1,0,0
ReflectionsOff,2021,3.0485969036817551,4.2319,,1,0,0
ReflectionsOff,2022,4.2544007301330566,3.0645,,1,0,0
ReflectionsOff,2023,2.8713010251522064,2.8681,,1,0,0
ReflectionsOff,2024,3.8006023969501257,5.465,,1,0,0
ReflectionsOff,2025,4.9449973739683628,6.403,,1,0,0
ReflectionsOff,2026,5.65459905192256,2.5216,,1,0,0
ReflectionsOff,2027,2.8981009963899851,4.1594,,1,0,0
ReflectionsOff,2028,4.1370037943124771,2.8688,,1,0,0
ReflectionsOff,2029,2.7897958643734455,4.2865,,1,0,0
ReflectionsOff,2030,4.5143989846110344,3.0118,,1,0,0
ReflectionsOff,2031,2.675000112503767,3.9735,,1,0,0
ReflectionsOff,2032,3.879705211147666,2.5726,,1,0,0
ReflectionsOff,2033,3.0170988757163286,4.0724,,1,0,0
ReflectionsOff,2034,3.4342971630394459,4.0853,,1,0,0
ReflectionsOff,2035,4.8142997547984123,3.0977,,1,0,0
ReflectionsOff,2036,2.7719032950699329,3.8334,,1,0,0
ReflectionsOff,2037,4.1897958144545555,4.8054,,1,0,0
ReflectionsOff,2038,3.9999010041356087,4.3865,,1,0,0
ReflectionsOff,2039,5.2666030824184418,4.2753,,1,0,0
ReflectionsOff,2040,3.738796804100275,2.651,,1,0,0
ReflectionsOff,2041,3.045202698558569,6.1727,,1,0,0
ReflectionsOff,2042,5.5329012684524059,3.708,,1,0,0
ReflectionsOff,2043,3.6235968582332134,2.3079,,1,0,0
ReflectionsOff,2044,3.2992984633892775,4.5244,,1,0,0
ReflectionsOff,2045,3.791305236518383,2.5942,,1,0,0
ReflectionsOff,2046,2.9038973152637482,4.7234,,1,0,0
ReflectionsOff,2047,4.155697301030159,2.2963,,1,0,0
ReflectionsOff,2048,2.8066043742001057,3.9594,,1,0,0
ReflectionsOff,2049,3.635600907728076,2.4782,,1,0,0
ReflectionsOff,2050,2.3100976832211018,2.3055,,1,0,0
ReflectionsOff,2051,2.5768990162760019,2.6201,,1,0,0
ReflectionsOff,2052,2.8653983026742935,4.4197,,1,0,0
ReflectionsOff,2053,4.16079955175519,3.5385,,1,0,0
ReflectionsOff,2054,3.3310020808130503,2.3379,,1,0,0
ReflectionsOff,2055,2.6020975783467293,5.6901,,1,0,0
ReflectionsOff,2056,5.3696003742516041,3.3232,,1,0,0
ReflectionsOff,2057,3.5766013897955418,4.8766,,1,0,0
ReflectionsOff,2058,4.7601046971976757,4.7588,,1,0,0
ReflectionsOff,2059,4.6256943605840206,7.8239,,1,0,0
ReflectionsOff,2060,7.5221019797027111,3.9092,,1,0,0
ReflectionsOff,2061,4.1301022283732891,4.7644,,1,0,0
ReflectionsOff,2062,4.8981010913848877,3.2432,,1,0,0
ReflectionsOff,2063,3.3080002758651972,3.1596,,1,0,0
ReflectionsOff,2064,3.2312995754182339,4.6824,,1,0,0
ReflectionsOff,2065,4.5310938730835915,3.3863,,1,0,0
ReflectionsOff,2066,3.283404279500246,6.2893,,1,0,0
ReflectionsOff,2067,6.7007015459239483,3.4571,,1,0,0
ReflectionsOff,2068,3.069097176194191,3.1536,,1,0,0
ReflectionsOff,2069,3.7668012082576752,4.1608,,1,0,0
ReflectionsOff,2070,3.4653982147574425,4.0683,,1,0,0
ReflectionsOff,2071,4.5085032470524311,3.6453,,1,0,0
ReflectionsOff,2072,3.27749433927238,4.9821,,1,0,0
ReflectionsOff,2073,5.68830082193017,5.39,,1,0,0
ReflectionsOff,2074,4.6433033421635628,2.9287,,1,0,0
ReflectionsOff,2075,2.963697537779808,2.9466,,1,0,0
ReflectionsOff,2076,3.2069019507616758,5.0342,,1,0,0
ReflectionsOff,2077,4.8801018856465816,5.3474,,1,0,0
ReflectionsOff,2078,5.3763957694172859,3.1266,,1,0,0
ReflectionsOff,2079,15.795599669218063,15.8039,,1,0,0
ReflectionsOff,2080,3.0026005115360022,2.145,,1,0,0
ReflectionsOff,2081,16.921201720833778,18.8718,,1,0,0
ReflectionsOff,2082,4.6297973021864891,2.6719,,1,0,0
ReflectionsOff,2083,2.4134991690516472,2.4102,,1,0,0
ReflectionsOff,2084,2.5392998941242695,2.5364,,1,0,0
ReflectionsOff,2085,2.089604502543807,2.984,,1,0,0
ReflectionsOff,2086,2.8160996735095978,1.9179,,1,0,0
ReflectionsOff,2087,2.4043011944741011,3.1465,,1,0,0
ReflectionsOff,2088,2.9256944544613361,3.6237,,1,0,0
ReflectionsOff,2089,3.6373015027493238,2.1803,,1,0,0
ReflectionsOff,2090,2.3004040122032166,3.2792,,1,0,0
ReflectionsOff,2091,3.0877976678311825,2.1053,,1,0,0
ReflectionsOff,2092,2.4132016114890575,3.4677,,1,0,0
ReflectionsOff,2093,3.2610970083624125,4.4597,,1,0,0
ReflectionsOff,2094,4.26519988104701,3.0608,,1,0,0
ReflectionsOff,2095,2.992098918184638,1.9308,,1,0,0
ReflectionsOff,2096,2.4812004994601011,3.2737,,1,0,0
ReflectionsOff,2097,3.053103806450963,2.2502,,1,0,0
ReflectionsOff,2098,2.2699972614645958,4.885,,1,0,0
ReflectionsOff,2099,4.7860047779977322,2.9425,,1,0,0
ReflectionsOff,2100,3.0785996932536364,2.3008,,1,0,0
ReflectionsOff,2101,2.472597872838378,2.4723,,1,0,0
ReflectionsOff,2102,1.9721018616110086,2.8615,,1,0,0
ReflectionsOff,2103,3.0317956116050482,2.1346,,1,0,0
ReflectionsOff,2104,2.6268991641700268,4.1171,,1,0,0
ReflectionsOff,2105,4.0234057232737541,3.7049,,1,0,0
ReflectionsOff,2106,3.0794998165220022,1.901,,1,0,0
ReflectionsOff,2107,2.9437995981425047,3.8417,,1,0,0
ReflectionsOff,2108,3.1599986832588911,2.2569,,1,0,0
ReflectionsOff,2109,2.1039966959506273,3.4214,,1,0,0
ReflectionsOff,2110,3.3946996554732323,3.5067,,1,0,0
ReflectionsOff,2111,3.9713010191917419,3.3892,,1,0,0
ReflectionsOff,2112,2.9855016618967056,2.1294,,1,0,0
ReflectionsOff,2113,2.5234976783394814,3.6159,,1,0,0
ReflectionsOff,2114,3.2024022657424212,3.0802,,1,0,0
ReflectionsOff,2115,3.703500609844923,2.726,,1,0,0
ReflectionsOff,2116,2.185402438044548,3.9867,,1,0,0
ReflectionsOff,2117,3.9665959775447845,2.996,,1,0,0
ReflectionsOff,2118,3.2105017453432083,2.3737,,1,0,0
ReflectionsOff,2119,2.5659012608230114,3.5083,,1,0,0
ReflectionsOff,2120,3.4813988022506237,3.4282,,1,0,0
ReflectionsOff,2121,3.0879960395395756,2.1899,,1,0,0
ReflectionsOff,2122,2.0860047079622746,2.0845,,1,0,0
ReflectionsOff,2123,2.6016014162451029,3.4871,,1,0,0
ReflectionsOff,2124,3.35129676386714,4.6955,,1,0,0
ReflectionsOff,2125,4.3922974728047848,2.1528,,1,0,0
ReflectionsOff,2126,2.1336025092750788,2.1324,,1,0,0
ReflectionsOff,2127,2.6741991750895977,3.4956,,1,0,0
ReflectionsOff,2128,3.2057042699307203,2.3772,,1,0,0
ReflectionsOff,2129,2.4458970874547958,3.6106,,1,0,0
ReflectionsOff,2130,3.3038973342627287,3.1426,,1,0,0
ReflectionsOff,2131,3.2291028182953596,3.2025,,1,0,0
ReflectionsOff,2132,3.352196654304862,3.9003,,1,0,0
ReflectionsOff,2133,3.9441045373678207,2.4089,,1,0,0
ReflectionsOff,2134,2.2404973860830069,2.2719,,1,0,0
ReflectionsOff,2135,3.2982993870973587,5.5839,,1,0,0
ReflectionsOff,2136,4.2532030493021011,1.9244,,1,0,0
ReflectionsOff,2137,2.5134992320090532,3.2326,,1,0,0
ReflectionsOff,2138,3.104102797806263,3.363,,1,0,0
ReflectionsOff,2139,3.4321995917707682,2.5482,,1,0,0
ReflectionsOff,2140,2.4612953420728445,4.6229,,1,0,0
ReflectionsOff,2141,4.3170987628400326,2.0522,,1,0,0
ReflectionsOff,2142,3.0116993002593517,5.0314,,1,0,0
ReflectionsOff,2143,4.1387048549950123,2.1087,,1,0,0
ReflectionsOff,2144,2.7208970859646797,3.7989,,1,0,0
ReflectionsOff,2145,3.5306052304804325,3.2729,,1,0,0
ReflectionsOff,2146,2.86849495023489,3.1393,,1,0,0
ReflectionsOff,2147,3.5031037405133247,3.1731,,1,0,0
ReflectionsOff,2148,3.1038974411785603,2.329,,1,0,0
ReflectionsOff,2149,2.5088009424507618,3.4067,,1,0,0
ReflectionsOff,2150,3.0765023548156023,4.1995,,1,0,0
ReflectionsOff,2151,4.7553004696965218,2.7256,,1,0,0
ReflectionsOff,2152,2.0524943247437477,2.0503,,1,0,0
ReflectionsOff,2153,3.3922051079571247,4.9273,,1,0,0
ReflectionsOff,2154,3.6832978948950768,2.1433,,1,0,0
ReflectionsOff,2155,3.494997275993228,4.3449,,1,0,0
ReflectionsOff,2156,3.2791029661893845,2.4248,,1,0,0
ReflectionsOff,2157,2.42809671908617,3.381,,1,0,0
ReflectionsOff,2158,3.4455002751201391,3.4278,,1,0,0
ReflectionsOff,2159,3.132702549919486,3.0951,,1,0,0
ReflectionsOff,2160,3.084701020270586,3.3216,,1,0,0
ReflectionsOff,2161,3.4162981901317835,3.3091,,1,0,0
ReflectionsOff,2162,2.992098918184638,1.9508,,1,0,0
ReflectionsOff,2163,2.9171982314437628,5.2732,,1,0,0
ReflectionsOff,2164,4.6539045870304108,4.1602,,1,0,0
ReflectionsOff,2165,3.8096017669886351,3.2434,,1,0,0
ReflectionsOff,2166,3.9244969375431538,3.6946,,1,0,0
ReflectionsOff,2167,3.7388037890195847,5.0345,,1,0,0
ReflectionsOff,2168,4.47019562125206,2.1203,,1,0,0
ReflectionsOff,2169,2.6678997091948986,4.374,,1,0,0
ReflectionsOff,2170,3.7416028790175915,2.0493,,1,0,0
ReflectionsOff,2171,2.8639952652156353,4.6169,,1,0,0
ReflectionsOff,2172,3.9720027707517147,3.0759,,1,0,0
ReflectionsOff,2173,2.86279758438468,1.9471,,1,0,0
ReflectionsOff,2174,2.3256023414433002,3.2612,,1,0,0
ReflectionsOff,2175,3.6488024052232504,3.5134,,1,0,0
ReflectionsOff,2176,3.0330002773553133,2.2565,,1,0,0
ReflectionsOff,2177,2.8954010922461748,3.5743,,1,0,0
ReflectionsOff,2178,2.7385982684791088,3.0104,,1,0,0
ReflectionsOff,2179,2.9433956369757652,1.9837,,1,0,0
ReflectionsOff,2180,2.5247023440897465,4.7775,,1,0,0
ReflectionsOff,2181,4.2260983027517796,2.8019,,1,0,0
ReflectionsOff,2182,3.2389031257480383,2.3701,,1,0,0
ReflectionsOff,2183,2.4999999441206455,3.3298,,1,0,0
ReflectionsOff,2184,3.1553003937005997,2.3227,,1,0,0
ReflectionsOff,2185,2.8177013155072927,2.8405,,1,0,0
ReflectionsOff,2186,4.6708970330655575,5.5241,,1,0,0
ReflectionsOff,2187,3.2027990091592073,2.3168,,1,0,0
ReflectionsOff,2188,3.4622023813426495,4.4492,,1,0,0
ReflectionsOff,2189,2.9253968968987465,1.9336,,1,0,0
ReflectionsOff,2190,3.1029053498059511,3.108,,1,0,0
ReflectionsOff,2191,3.4313988871872425,4.2046,,1,0,0
ReflectionsOff,2192,3.6120961885899305,2.807,,1,0,0
ReflectionsOff,2193,2.3353032302111387,2.3319,,1,0,0
ReflectionsOff,2194,2.6748015079647303,2.674,,1,0,0
ReflectionsOff,2195,2.1064979955554008,2.1015,,1,0,0
ReflectionsOff,2196,2.7798966038972139,2.7816,,1,0,0
ReflectionsOff,2197,2.9113024938851595,2.9069,,1,0,0
ReflectionsOff,2198,2.2594032343477011,2.2538,,1,0,0
ReflectionsOff,2199,2.5790957733988762,2.579,,1,0,0
ReflectionsOff,2200,2.2536988835781813,2.25,,1,0,0
ReflectionsOff,2201,2.4750991724431515,2.4757,,1,0,0
ReflectionsOff,2202,2.5296059902757406,2.5268,,1,0,0
ReflectionsOff,2203,2.8877975419163704,2.8829,,1,0,0
ReflectionsOff,2204,2.4561011232435703,2.4521,,1,0,0
ReflectionsOff,2205,2.3682964965701103,2.3663,,1,0,0
ReflectionsOff,2206,3.0848993919789791,3.0841,,1,0,0
ReflectionsOff,2207,2.2705001756548882,2.2663,,1,0,0
ReflectionsOff,2208,3.1955994199961424,3.1815,,1,0,0
ReflectionsOff,2209,2.7499007992446423,2.7442,,1,0,0
ReflectionsOff,2210,2.8625992126762867,2.8578,,1,0,0
ReflectionsOff,2211,2.3735049180686474,2.3669,,1,0,0
ReflectionsOff,2212,2.5911990087479353,2.5853,,1,0,0
ReflectionsOff,2213,2.4557965807616711,2.4524,,1,0,0
ReflectionsOff,2214,2.4826035369187593,2.4802,,1,0,0
ReflectionsOff,2215,3.1556973699480295,3.1556,,1,0,0
ReflectionsOff,2216,2.4081987794488668,2.4039,,1,0,0
ReflectionsOff,2217,3.3315049950033426,3.3291,,1,0,0
ReflectionsOff,2218,2.8350977227091789,2.8282,,1,0,0
ReflectionsOff,2219,2.7500991709530354,2.7479,,1,0,0
ReflectionsOff,2220,2.8389031067490578,2.8344,,1,0,0
ReflectionsOff,2221,2.6604945305734873,2.6582,,1,0,0
ReflectionsOff,2222,2.8404053300619125,2.8384,,1,0,0
ReflectionsOff,2223,2.5247945450246334,2.5172,,1,0,0
ReflectionsOff,2224,2.6542020495980978,2.656,,1,0,0
ReflectionsOff,2225,3.6390023306012154,3.6356,,1,0,0
ReflectionsOff,2226,3.0719954520463943,3.2216,,1,0,0
ReflectionsOff,2227,3.325106343254447,6.0725,,1,0,0
ReflectionsOff,2228,5.4206987842917442,4.0617,,1,0,0
ReflectionsOff,2229,3.8577946834266186,67.0084,,1,0,0
ReflectionsOff,2230,66.940903663635254,25.4953,,1,0,0
ReflectionsOff,2231,25.931902229785919,37.5373,,1,0,0
ReflectionsOff,2232,38.86120393872261,8.1788,,1,0,0
ReflectionsOff,2233,6.1521967872977257,1.9654,,1,0,0
ReflectionsOff,2234,2.9342970810830593,5.1941,,1,0,0
ReflectionsOff,2235,4.3434025719761848,2.0771,,1,0,0
ReflectionsOff,2236,2.1160996984690428,3.9729,,1,0,0
ReflectionsOff,2237,4.1787982918322086,2.3078,,1,0,0
ReflectionsOff,2238,2.3861040826886892,5.659,,1,0,0
ReflectionsOff,2239,5.6713009253144264,6.0298,,1,0,0
ReflectionsOff,2240,5.661295261234045,2.0518,,1,0,0
ReflectionsOff,2241,2.6452026795595884,8.2197,,1,0,0
ReflectionsOff,2242,7.7011976391077042,3.9506,,1,0,0
ReflectionsOff,2243,3.8178004324436188,2.8187,,1,0,0
ReflectionsOff,2244,3.0419996473938227,4.2389,,1,0,0
ReflectionsOff,2245,4.5908023603260517,3.3815,,1,0,0
ReflectionsOff,2246,2.9199970886111259,2.8639,,1,0,0
ReflectionsOff,2247,2.9973001219332218,4.2694,,1,0,0
ReflectionsOff,2248,4.0219034999608994,2.6954,,1,0,0
ReflectionsOff,2249,2.7412981726229191,4.2011,,1,0,0
ReflectionsOff,2250,4.4250991195440292,3.0408,,1,0,0
ReflectionsOff,2251,2.97030177898705,2.9169,,1,0,0
ReflectionsOff,2252,2.8721017297357321,2.961,,1,0,0
ReflectionsOff,2253,2.7332978788763285,2.6794,,1,0,0
ReflectionsOff,2254,2.8939980547875166,4.7161,,1,0,0
ReflectionsOff,2255,4.6315048821270466,3.1331,,1,0,0
ReflectionsOff,2256,3.1000992748886347,4.4379,,1,0,0
ReflectionsOff,2257,4.7658942639827728,3.4171,,1,0,0
ReflectionsOff,2258,3.6432044580578804,9.0042,,1,0,0
ReflectionsOff,2259,8.9356005191802979,6.9242,,1,0,0
ReflectionsOff,2260,6.7196004092693329,4.5918,,1,0,0
ReflectionsOff,2261,4.5535997487604618,2.8797,,1,0,0
ReflectionsOff,2262,2.4708970449864864,2.6401,,1,0,0
ReflectionsOff,2263,2.8020974714308977,2.6731,,1,0,0
ReflectionsOff,2264,2.7390022296458483,4.9733,,1,0,0
ReflectionsOff,2265,5.1390021108090878,2.8444,,1,0,0
ReflectionsOff,2266,2.6011974550783634,2.6699,,1,0,0
ReflectionsOff,2267,16.916198655962944,16.8895,,1,0,0
ReflectionsOff,2268,2.939803060144186,2.9433,,1,0,0
ReflectionsOff,2269,16.400197520852089,16.7792,,1,0,0
ReflectionsOff,2270,3.643303643912077,4.3399,,1,0,0
ReflectionsOff,2271,3.7383998278528452,1.8913,,1,0,0
ReflectionsOff,2272,2.5007936637848616,3.3166,,1,0,0
ReflectionsOff,2273,3.0135062988847494,2.8527,,1,0,0
ReflectionsOff,2274,2.7979945298284292,2.1322,,1,0,0
ReflectionsOff,2275,2.2100056521594524,2.207,,1,0,0
ReflectionsOff,2276,2.3923965636640787,2.3898,,1,0,0
ReflectionsOff,2277,1.9578018691390753,2.7948,,1,0,0
ReflectionsOff,2278,2.8153981547802687,1.9697,,1,0,0
ReflectionsOff,2279,2.3455002810806036,2.3402,,1,0,0
ReflectionsOff,2280,2.1506024058908224,3.0623,,1,0,0
ReflectionsOff,2281,3.0136974528431892,2.0942,,1,0,0
ReflectionsOff,2282,2.2499007172882557,3.0972,,1,0,0
ReflectionsOff,2283,2.7573979459702969,1.9056,,1,0,0
ReflectionsOff,2284,2.5405045598745346,3.4128,,1,0,0
ReflectionsOff,2285,2.9087939765304327,2.0305,,1,0,0
ReflectionsOff,2286,2.532001119107008,3.203,,1,0,0
ReflectionsOff,2287,2.4291027802973986,3.722,,1,0,0
ReflectionsOff,2288,4.5099984854459763,4.8959,,1,0,0
ReflectionsOff,2289,4.3637966737151146,3.5195,,1,0,0
ReflectionsOff,2290,3.3725057728588581,3.1964,,1,0,0
ReflectionsOff,2291,3.3603953197598457,4.2543,,1,0,0
ReflectionsOff,2292,4.6094032004475594,3.9177,,1,0,0
ReflectionsOff,2293,3.4632014576345682,2.7293,,1,0,0
ReflectionsOff,2294,3.1446004286408424,3.1861,,1,0,0
ReflectionsOff,2295,2.6217971462756395,3.6834,,1,0,0
ReflectionsOff,2296,3.9172973483800888,4.1861,,1,0,0
ReflectionsOff,2297,3.9066043682396412,3.2262,,1,0,0
ReflectionsOff,2298,3.5287982318550348,3.755,,1,0,0
ReflectionsOff,2299,3.9117983542382717,3.6878,,1,0,0
ReflectionsOff,2300,3.3764031250029802,6.3224,,1,0,0
ReflectionsOff,2301,6.3520977273583412,9.0071,,1,0,0
ReflectionsOff,2302,9.4384001567959785,46.8889,,1,0,0
ReflectionsOff,2303,46.816099435091019,11.3565,,1,0,0
ReflectionsOff,2304,11.165603995323181,4.8698,,1,0,0
ReflectionsOff,2305,4.8804990947246552,4.9769,,1,0,0
ReflectionsOff,2306,4.6960953623056412,2.4293,,1,0,0
ReflectionsOff,2307,2.5034013669937849,2.6619,,1,0,0
ReflectionsOff,2308,2.67779896967113,1.8416,,1,0,0
ReflectionsOff,2309,2.1254038438200951,2.834,,1,0,0
ReflectionsOff,2310,2.9676021076738834,2.2525,,1,0,0
ReflectionsOff,2311,1.7776997992768884,1.7792,,1,0,0
ReflectionsOff,2312,2.221797127276659,3.231,,1,0,0
ReflectionsOff,2313,2.9710032977163792,2.7004,,1,0,0
ReflectionsOff,2314,2.6352962013334036,2.8039,,1,0,0
ReflectionsOff,2315,2.941702026873827,2.0492,,1,0,0
ReflectionsOff,2316,2.1279973443597555,11.7369,,1,0,0
ReflectionsOff,2317,11.631703935563564,20.7155,,1,0,0
ReflectionsOff,2318,20.679401233792305,46.8819,,1,0,0
ReflectionsOff,2319,47.27960005402565,14.4564,,1,0,0
ReflectionsOff,2320,14.151700772345066,17.466,,1,0,0
ReflectionsOff,2321,17.575496807694435,12.2465,,1,0,0
ReflectionsOff,2322,11.881002224981785,13.4617,,1,0,0
ReflectionsOff,2323,13.552600517868996,20.7646,,1,0,0
ReflectionsOff,2324,21.166801452636719,4.9229,,1,0,0
ReflectionsOff,2325,4.60939621552825,2.575,,1,0,0
ReflectionsOff,2326,2.4950043298304081,2.8003999999999998,,1,0,0
ReflectionsOff,2327,2.6665958575904369,2.3229,,1,0,0
ReflectionsOff,2328,2.3160006385296583,1.7163,,1,0,0
ReflectionsOff,2329,2.1329009905457497,2.1319,,1,0,0
ReflectionsOff,2330,2.0687996875494719,4.06,,1,0,0
ReflectionsOff,2331,19.697399809956551,19.9889,,1,0,0
ReflectionsOff,2332,5.0704008899629116,4.4051,,1,0,0
ReflectionsOff,2333,4.0080994367599487,10.8303,,1,0,0
ReflectionsOff,2334,10.476098395884037,19.878,,1,0,0
ReflectionsOff,2335,19.873399287462234,27.1616,,1,0,0
ReflectionsOff,2336,27.240000665187836,15.4887,,1,0,0
ReflectionsOff,2337,16.277402639389038,4.3859,,1,0,0
ReflectionsOff,2338,3.3663974609225988,3.7611,,1,0,0
ReflectionsOff,2339,4.0574050508439541,2.1427,,1,0,0
ReflectionsOff,2340,2.2601969540119171,2.26,,1,0,0
ReflectionsOff,2341,2.3375991731882095,3.4072,,1,0,0
ReflectionsOff,2342,3.113102400675416,3.8826,,1,0,0
ReflectionsOff,2343,3.8285006303340197,3.38,,1,0,0
ReflectionsOff,2344,3.0787982977926731,23.066,,1,0,0
ReflectionsOff,2345,23.422697558999062,3.9827,,1,0,0
ReflectionsOff,2346,3.7933036219328642,26.5409,,1,0,0
ReflectionsOff,2347,26.753196492791176,16.4946,,1,0,0
ReflectionsOff,2348,16.685700044035912,4.5858,,1,0,0
ReflectionsOff,2349,4.4127055443823338,7.1023,,1,0,0
ReflectionsOff,2350,7.1195010095834732,11.5173,,1,0,0
ReflectionsOff,2351,11.377295479178429,4.0337,,1,0,0
ReflectionsOff,2352,4.0599987842142582,3.7913,,1,0,0
ReflectionsOff,2353,4.01810510084033,2.8334,,1,0,0
ReflectionsOff,2354,2.5200964882969856,1.867,,1,0,0
ReflectionsOff,2355,2.3446003906428814,3.1002,,1,0,0
ReflectionsOff,2356,2.4051021318882704,7.1818,,1,0,0
ReflectionsOff,2357,7.77799729257822,30.9312,,1,0,0
ReflectionsOff,2358,31.00389800965786,17.1588,,1,0,0
ReflectionsOff,2359,16.682503744959831,18.9882,,1,0,0
ReflectionsOff,2360,19.265199080109596,20.6608,,1,0,0
ReflectionsOff,2361,20.897002890706062,4.8573,,1,0,0
ReflectionsOff,2362,4.2076953686773777,2.3318,,1,0,0
ReflectionsOff,2363,2.4085033219307661,1.7585,,1,0,0
ReflectionsOff,2364,2.7227962855249643,3.2805,,1,0,0
ReflectionsOff,2365,2.49919923953712,3.0281,,1,0,0
ReflectionsOff,2366,2.9057043138891459,3.734,,1,0,0
ReflectionsOff,2367,3.7568947300314903,2.7947,,1,0,0
ReflectionsOff,2368,4.4214003719389439,5.3262,,1,0,0
ReflectionsOff,2369,3.5287060309201479,7.5095,,1,0,0
ReflectionsOff,2370,7.8768990933895111,16.6733,,1,0,0
ReflectionsOff,2371,16.732100397348404,3.764,,1,0,0
ReflectionsOff,2372,3.6849984899163246,6.1969,,1,0,0
ReflectionsOff,2373,6.0672974213957787,20.7597,,1,0,0
ReflectionsOff,2374,20.876303315162659,10.576,,1,0,0
ReflectionsOff,2375,10.565894655883312,14.1749,,1,0,0
ReflectionsOff,2376,14.372002333402634,9.6185,,1,0,0
ReflectionsOff,2377,9.2649022117257118,3.7439,,1,0,0
ReflectionsOff,2378,4.0663974359631538,3.493,,1,0,0
ReflectionsOff,2379,3.2210033386945724,5.3257,,1,0,0
ReflectionsOff,2380,5.5987951345741749,2.8714,,1,0,0
ReflectionsOff,2381,3.3066042233258486,3.2382,,1,0,0
ReflectionsOff,2382,2.419997239485383,3.7453,,1,0,0
ReflectionsOff,2383,3.9401999674737453,2.6614,,1,0,0
ReflectionsOff,2384,2.7821003459393978,2.0411,,1,0,0
ReflectionsOff,2385,2.8403983451426029,2.8377,,1,0,0
ReflectionsOff,2386,1.9898030441254377,1.9858,,1,0,0
ReflectionsOff,2387,3.0643991194665432,3.0628,,1,0,0
ReflectionsOff,2388,2.0735969301313162,2.0713,,1,0,0
ReflectionsOff,2389,2.1922052837908268,2.1903,,1,0,0
ReflectionsOff,2390,2.7369968593120575,2.7344,,1,0,0
ReflectionsOff,2391,1.9712017383426428,1.9664,,1,0,0
ReflectionsOff,2392,2.4019982665777206,2.4117,,1,0,0
ReflectionsOff,2393,2.4615009315311909,2.4439,,1,0,0
ReflectionsOff,2394,2.3092969786375761,2.3084,,1,0,0
ReflectionsOff,2395,2.470103558152914,2.4684,,1,0,0
ReflectionsOff,2396,1.81469670496881,1.8121,,1,0,0
ReflectionsOff,2397,3.4437996800988913,3.4426,,1,0,0
ReflectionsOff,2398,1.98770547285676,1.9874,,1,0,0
ReflectionsOff,2399,2.3442956153303385,2.3391,,1,0,0
