wall,simulation,phase,intensity,voiceCount,worldSources,outputPeak,destroyed,pending,shot
3.720,0.000,Startup,0.0000,0,0,0.00000,0,0,Chase
4.885,0.000,Full real-time English opening,0.0000,1,0,0.09896,0,0,Chase
4.993,0.000,Full real-time English opening,0.0000,1,0,0.00024,0,0,Chase
5.102,0.000,Full real-time English opening,0.0000,1,0,0.01649,0,0,Chase
5.207,0.000,Full real-time English opening,0.0000,1,0,0.01344,0,0,Chase
5.314,0.000,Full real-time English opening,0.0000,1,0,0.00003,0,0,Chase
5.419,0.000,Full real-time English opening,0.0000,1,0,0.09702,0,0,Chase
5.530,0.000,Full real-time English opening,0.0000,1,0,0.08311,0,0,Chase
5.631,0.000,Full real-time English opening,0.0000,1,0,0.11147,0,0,Chase
5.739,0.000,Full real-time English opening,0.0000,1,0,0.09120,0,0,Chase
5.841,0.000,Full real-time English opening,0.0000,1,0,0.00944,0,0,Chase
5.947,0.000,Full real-time English opening,0.0000,1,0,0.14497,0,0,Chase
6.050,0.000,Full real-time English opening,0.0000,1,0,0.06662,0,0,Chase
6.156,0.000,Full real-time English opening,0.0000,1,0,0.02607,0,0,Chase
6.266,0.000,Full real-time English opening,0.0000,1,0,0.00914,0,0,Chase
6.370,0.000,Full real-time English opening,0.0000,1,0,0.06807,0,0,Chase
6.472,0.000,Full real-time English opening,0.0000,1,0,0.08151,0,0,Chase
6.576,0.000,Full real-time English opening,0.0000,1,0,0.07637,0,0,Chase
6.679,0.000,Full real-time English opening,0.0000,1,0,0.02835,0,0,Chase
6.805,0.000,Full real-time English opening,0.0000,1,0,0.12941,0,0,Chase
6.910,0.000,Full real-time English opening,0.0000,1,0,0.08684,0,0,Chase
7.014,0.000,Full real-time English opening,0.0000,1,0,0.00106,0,0,Chase
7.127,0.000,Full real-time English opening,0.0000,1,0,0.01564,0,0,Chase
7.228,0.000,Full real-time English opening,0.0000,1,0,0.00172,0,0,Chase
7.333,0.000,Full real-time English opening,0.0000,1,0,0.08305,0,0,Chase
7.440,0.000,Full real-time English opening,0.0000,1,0,0.04442,0,0,Chase
7.544,0.000,Full real-time English opening,0.0000,1,0,0.00902,0,0,Chase
7.649,0.000,Full real-time English opening,0.0000,1,0,0.00020,0,0,Chase
7.752,0.000,Full real-time English opening,0.0000,1,0,0.05432,0,0,Chase
7.855,0.000,Full real-time English opening,0.0000,1,0,0.08205,0,0,Chase
7.958,0.000,Full real-time English opening,0.0000,1,0,0.04017,0,0,Chase
8.063,0.000,Full real-time English opening,0.0000,1,0,0.00103,0,0,Chase
8.167,0.000,Full real-time English opening,0.0000,1,0,0.00004,0,0,Chase
8.275,0.000,Full real-time English opening,0.0000,1,0,0.00007,0,0,Chase
8.381,0.000,Full real-time English opening,0.0000,1,0,0.00004,0,0,Chase
8.491,0.000,Full real-time English opening,0.0000,1,0,0.00004,0,0,Chase
8.601,0.000,Full real-time English opening,0.0000,1,0,0.07179,0,0,Chase
8.702,0.000,Full real-time English opening,0.0000,1,0,0.00352,0,0,Chase
8.806,0.000,Full real-time English opening,0.0000,1,0,0.08071,0,0,Chase
8.909,0.000,Full real-time English opening,0.0000,1,0,0.06503,0,0,Chase
9.011,0.000,Full real-time English opening,0.0000,1,0,0.11006,0,0,Chase
9.113,0.000,Full real-time English opening,0.0000,1,0,0.00358,0,0,Chase
9.221,0.000,Full real-time English opening,0.0000,1,0,0.06121,0,0,Chase
9.325,0.000,Full real-time English opening,0.0000,1,0,0.08198,0,0,Chase
9.430,0.000,Full real-time English opening,0.0000,1,0,0.00065,0,0,Chase
9.536,0.000,Full real-time English opening,0.0000,1,0,0.01685,0,0,Chase
9.643,0.000,Full real-time English opening,0.0000,1,0,0.00069,0,0,Chase
9.746,0.000,Full real-time English opening,0.0000,1,0,0.00005,0,0,Chase
9.847,0.000,Full real-time English opening,0.0000,1,0,0.00031,0,0,Chase
9.948,0.000,Full real-time English opening,0.0000,1,0,0.01943,0,0,Chase
10.050,0.000,Full real-time English opening,0.0000,1,0,0.11452,0,0,Chase
10.154,0.000,Full real-time English opening,0.0000,1,0,0.01483,0,0,Chase
10.257,0.000,Full real-time English opening,0.0000,1,0,0.12525,0,0,Chase
10.360,0.000,Full real-time English opening,0.0000,1,0,0.05919,0,0,Chase
10.465,0.000,Full real-time English opening,0.0000,1,0,0.02725,0,0,Chase
10.567,0.000,Full real-time English opening,0.0000,1,0,0.12959,0,0,Chase
10.669,0.000,Full real-time English opening,0.0000,1,0,0.03348,0,0,Chase
10.774,0.000,Full real-time English opening,0.0000,1,0,0.07512,0,0,Chase
10.878,0.000,Full real-time English opening,0.0000,1,0,0.07156,0,0,Chase
10.987,0.000,Full real-time English opening,0.0000,1,0,0.02454,0,0,Chase
11.087,0.000,Full real-time English opening,0.0000,1,0,0.06678,0,0,Chase
11.189,0.000,Full real-time English opening,0.0000,1,0,0.08206,0,0,Chase
11.291,0.000,Full real-time English opening,0.0000,1,0,0.12507,0,0,Chase
11.392,0.000,Full real-time English opening,0.0000,1,0,0.06531,0,0,Chase
11.494,0.000,Full real-time English opening,0.0000,1,0,0.00754,0,0,Chase
11.594,0.000,Full real-time English opening,0.0000,1,0,0.12491,0,0,Chase
11.696,0.000,Full real-time English opening,0.0000,1,0,0.04648,0,0,Chase
11.798,0.000,Full real-time English opening,0.0000,1,0,0.00375,0,0,Chase
11.901,0.000,Full real-time English opening,0.0000,1,0,0.09649,0,0,Chase
12.007,0.000,Full real-time English opening,0.0000,1,0,0.04759,0,0,Chase
12.113,0.000,Full real-time English opening,0.0000,1,0,0.02900,0,0,Chase
12.222,0.000,Full real-time English opening,0.0000,1,0,0.01599,0,0,Chase
12.326,0.000,Full real-time English opening,0.0000,1,0,0.00009,0,0,Chase
12.429,0.000,Full real-time English opening,0.0000,1,0,0.00005,0,0,Chase
12.532,0.000,Full real-time English opening,0.0000,1,0,0.00003,0,0,Chase
12.634,0.000,Full real-time English opening,0.0000,1,0,0.00000,0,0,Chase
12.735,0.000,Full real-time English opening,0.0000,1,0,0.01327,0,0,Chase
12.843,0.000,Full real-time English opening,0.0000,1,0,0.01271,0,0,Chase
12.946,0.000,Full real-time English opening,0.0000,0,0,0.00000,0,0,Chase
13.050,0.000,Full real-time English opening,0.0000,0,0,0.00000,0,0,Chase
13.159,0.000,Full real-time English opening,0.0000,0,0,0.00000,0,0,Chase
13.260,0.000,Full real-time English opening,0.0000,0,0,0.00000,0,0,Chase
13.368,0.000,Full real-time English opening,0.0000,0,0,0.00000,0,0,Chase
13.475,0.000,Full real-time English opening,0.0000,0,0,0.00000,0,0,Chase
13.580,0.000,Full real-time English opening,0.0000,0,0,0.00000,0,0,Chase
13.680,0.000,Full real-time English opening,0.0000,0,0,0.00000,0,0,Chase
13.784,0.000,Full real-time English opening,0.0000,1,0,0.00000,0,0,Chase
13.888,0.000,Full real-time English opening,0.0000,1,0,0.02059,0,0,Chase
13.989,0.000,Full real-time English opening,0.0000,1,0,0.00000,0,0,Chase
14.091,0.000,Full real-time English opening,0.0000,1,0,0.00005,0,0,Chase
14.194,0.000,Full real-time English opening,0.0000,1,0,0.00004,0,0,Chase
14.296,0.000,Full real-time English opening,0.0000,1,0,0.08332,0,0,Chase
14.399,0.000,Full real-time English opening,0.0000,1,0,0.06782,0,0,Chase
14.500,0.000,Full real-time English opening,0.0000,1,0,0.13922,0,0,Chase
14.606,0.000,Full real-time English opening,0.0000,1,0,0.00009,0,0,Chase
14.709,0.000,Full real-time English opening,0.0000,1,0,0.10501,0,0,Chase
14.817,0.000,Full real-time English opening,0.0000,1,0,0.00236,0,0,Chase
14.925,0.000,Full real-time English opening,0.0000,1,0,0.12478,0,0,Chase
15.033,0.000,Full real-time English opening,0.0000,1,0,0.08208,0,0,Chase
15.139,0.000,Full real-time English opening,0.0000,1,0,0.11548,0,0,Chase
15.242,0.000,Full real-time English opening,0.0000,1,0,0.09193,0,0,Chase
15.349,0.000,Full real-time English opening,0.0000,1,0,0.00566,0,0,Chase
15.457,0.000,Full real-time English opening,0.0000,1,0,0.11185,0,0,Chase
15.559,0.000,Full real-time English opening,0.0000,1,0,0.00022,0,0,Chase
15.662,0.000,Full real-time English opening,0.0000,1,0,0.06797,0,0,Chase
15.764,0.000,Full real-time English opening,0.0000,1,0,0.09761,0,0,Chase
15.866,0.000,Full real-time English opening,0.0000,1,0,0.00106,0,0,Chase
15.972,0.000,Full real-time English opening,0.0000,1,0,0.07356,0,0,Chase
16.079,0.000,Full real-time English opening,0.0000,1,0,0.02398,0,0,Chase
16.182,0.000,Full real-time English opening,0.0000,1,0,0.11138,0,0,Chase
16.291,0.000,Full real-time English opening,0.0000,1,0,0.09165,0,0,Chase
16.391,0.000,Full real-time English opening,0.0000,1,0,0.06429,0,0,Chase
16.500,0.000,Full real-time English opening,0.0000,1,0,0.03336,0,0,Chase
16.609,0.000,Full real-time English opening,0.0000,1,0,0.00119,0,0,Chase
16.713,0.000,Full real-time English opening,0.0000,1,0,0.00005,0,0,Chase
16.821,0.000,Full real-time English opening,0.0000,1,0,0.00005,0,0,Chase
16.926,0.000,Full real-time English opening,0.0000,1,0,0.00004,0,0,Chase
17.029,0.000,Full real-time English opening,0.0000,1,0,0.00004,0,0,Chase
17.134,0.000,Full real-time English opening,0.0000,1,0,0.00032,0,0,Chase
17.243,0.000,Full real-time English opening,0.0000,1,0,0.14587,0,0,Chase
17.348,0.000,Full real-time English opening,0.0000,1,0,0.07842,0,0,Chase
17.457,0.000,Full real-time English opening,0.0000,1,0,0.08697,0,0,Chase
17.560,0.000,Full real-time English opening,0.0000,1,0,0.10558,0,0,Chase
17.665,0.000,Full real-time English opening,0.0000,1,0,0.00735,0,0,Chase
17.771,0.000,Full real-time English opening,0.0000,1,0,0.09587,0,0,Chase
17.875,0.000,Full real-time English opening,0.0000,1,0,0.08576,0,0,Chase
17.977,0.000,Full real-time English opening,0.0000,1,0,0.00502,0,0,Chase
18.081,0.000,Full real-time English opening,0.0000,1,0,0.02401,0,0,Chase
18.185,0.000,Full real-time English opening,0.0000,1,0,0.11809,0,0,Chase
18.293,0.000,Full real-time English opening,0.0000,1,0,0.04773,0,0,Chase
18.400,0.000,Full real-time English opening,0.0000,1,0,0.09942,0,0,Chase
18.505,0.000,Full real-time English opening,0.0000,1,0,0.00005,0,0,Chase
18.612,0.000,Full real-time English opening,0.0000,1,0,0.00005,0,0,Chase
18.715,0.000,Full real-time English opening,0.0000,1,0,0.04579,0,0,Chase
18.817,0.000,Full real-time English opening,0.0000,1,0,0.06714,0,0,Chase
18.921,0.000,Full real-time English opening,0.0000,1,0,0.08071,0,0,Chase
19.021,0.000,Full real-time English opening,0.0000,1,0,0.00539,0,0,Chase
19.123,0.000,Full real-time English opening,0.0000,1,0,0.06421,0,0,Chase
19.224,0.000,Full real-time English opening,0.0000,1,0,0.04809,0,0,Chase
19.327,0.000,Full real-time English opening,0.0000,1,0,0.01572,0,0,Chase
19.429,0.000,Full real-time English opening,0.0000,1,0,0.00481,0,0,Chase
19.535,0.000,Full real-time English opening,0.0000,1,0,0.00017,0,0,Chase
19.642,0.000,Full real-time English opening,0.0000,1,0,0.00004,0,0,Chase
19.743,0.000,Full real-time English opening,0.0000,1,0,0.00004,0,0,Chase
19.844,0.000,Full real-time English opening,0.0000,1,0,0.00007,0,0,Chase
19.949,0.000,Full real-time English opening,0.0000,1,0,0.00004,0,0,Chase
20.052,0.000,Full real-time English opening,0.0000,1,0,0.05210,0,0,Chase
20.160,0.000,Full real-time English opening,0.0000,1,0,0.13317,0,0,Chase
20.268,0.000,Full real-time English opening,0.0000,1,0,0.02155,0,0,Chase
20.372,0.000,Full real-time English opening,0.0000,1,0,0.10078,0,0,Chase
20.477,0.000,Full real-time English opening,0.0000,1,0,0.07611,0,0,Chase
20.578,0.000,Full real-time English opening,0.0000,1,0,0.03669,0,0,Chase
20.679,0.000,Full real-time English opening,0.0000,1,0,0.13445,0,0,Chase
20.781,0.000,Full real-time English opening,0.0000,1,0,0.01232,0,0,Chase
20.884,0.000,Full real-time English opening,0.0000,1,0,0.06087,0,0,Chase
20.989,0.000,Full real-time English opening,0.0000,1,0,0.09104,0,0,Chase
21.092,0.000,Full real-time English opening,0.0000,1,0,0.12208,0,0,Chase
21.196,0.000,Full real-time English opening,0.0000,1,0,0.07047,0,0,Chase
21.305,0.000,Full real-time English opening,0.0000,1,0,0.07607,0,0,Chase
21.407,0.000,Full real-time English opening,0.0000,1,0,0.12771,0,0,Chase
21.512,0.000,Full real-time English opening,0.0000,1,0,0.00913,0,0,Chase
21.612,0.000,Full real-time English opening,0.0000,1,0,0.00507,0,0,Chase
21.720,0.000,Full real-time English opening,0.0000,1,0,0.10625,0,0,Chase
21.821,0.000,Full real-time English opening,0.0000,1,0,0.10578,0,0,Chase
21.925,0.000,Full real-time English opening,0.0000,1,0,0.02956,0,0,Chase
22.032,0.000,Full real-time English opening,0.0000,1,0,0.00049,0,0,Chase
22.135,0.000,Full real-time English opening,0.0000,1,0,0.00007,0,0,Chase
22.241,0.000,Full real-time English opening,0.0000,1,0,0.00003,0,0,Chase
22.346,0.000,Full real-time English opening,0.0000,1,0,0.00004,0,0,Chase
22.449,0.000,Full real-time English opening,0.0000,1,0,0.01805,0,0,Chase
22.558,0.000,Full real-time English opening,0.0000,1,0,0.10998,0,0,Chase
22.663,0.000,Full real-time English opening,0.0000,1,0,0.05804,0,0,Chase
22.764,0.000,Full real-time English opening,0.0000,1,0,0.10077,0,0,Chase
22.871,0.000,Full real-time English opening,0.0000,1,0,0.00009,0,0,Chase
22.971,0.000,Full real-time English opening,0.0000,1,0,0.00003,0,0,Chase
23.074,0.000,Full real-time English opening,0.0000,1,0,0.05595,0,0,Chase
23.180,0.000,Full real-time English opening,0.0000,1,0,0.00877,0,0,Chase
23.288,0.000,Full real-time English opening,0.0000,1,0,0.07333,0,0,Chase
23.391,0.000,Full real-time English opening,0.0000,1,0,0.04789,0,0,Chase
23.495,0.000,Full real-time English opening,0.0000,1,0,0.03383,0,0,Chase
23.606,0.000,Full real-time English opening,0.0000,1,0,0.00382,0,0,Chase
23.708,0.000,Full real-time English opening,0.0000,1,0,0.00008,0,0,Chase
23.813,0.000,Full real-time English opening,0.0000,1,0,0.00004,0,0,Chase
23.922,0.000,Full real-time English opening,0.0000,1,0,0.00939,0,0,Chase
24.032,0.000,Full real-time English opening,0.0000,1,0,0.01324,0,0,Chase
24.135,0.000,Full real-time English opening,0.0000,0,0,0.00000,0,0,Chase
24.240,0.000,Full real-time English opening,0.0000,1,0,0.00000,0,0,Chase
24.343,0.000,Full real-time English opening,0.0000,1,0,0.02451,0,0,Chase
24.446,0.000,Full real-time English opening,0.0000,1,0,0.00000,0,0,Chase
24.555,0.000,Full real-time English opening,0.0000,1,0,0.00014,0,0,Chase
24.655,0.000,Full real-time English opening,0.0000,1,0,0.00721,0,0,Chase
24.758,0.000,Full real-time English opening,0.0000,1,0,0.06726,0,0,Chase
24.862,0.000,Full real-time English opening,0.0000,1,0,0.01203,0,0,Chase
24.964,0.000,Full real-time English opening,0.0000,1,0,0.05935,0,0,Chase
25.069,0.000,Full real-time English opening,0.0000,1,0,0.11691,0,0,Chase
25.177,0.000,Full real-time English opening,0.0000,1,0,0.12261,0,0,Chase
25.285,0.000,Full real-time English opening,0.0000,1,0,0.04599,0,0,Chase
25.388,0.000,Full real-time English opening,0.0000,1,0,0.01025,0,0,Chase
25.491,0.000,Full real-time English opening,0.0000,1,0,0.07347,0,0,Chase
25.596,0.000,Full real-time English opening,0.0000,1,0,0.08927,0,0,Chase
25.696,0.000,Full real-time English opening,0.0000,1,0,0.00534,0,0,Chase
25.801,0.000,Full real-time English opening,0.0000,1,0,0.00561,0,0,Chase
25.911,0.000,Full real-time English opening,0.0000,1,0,0.08518,0,0,Chase
26.017,0.000,Full real-time English opening,0.0000,1,0,0.05439,0,0,Chase
26.121,0.000,Full real-time English opening,0.0000,1,0,0.01700,0,0,Chase
26.224,0.000,Full real-time English opening,0.0000,1,0,0.00020,0,0,Chase
26.332,0.000,Full real-time English opening,0.0000,1,0,0.02801,0,0,Chase
26.440,0.000,Full real-time English opening,0.0000,1,0,0.05333,0,0,Chase
26.546,0.000,Full real-time English opening,0.0000,1,0,0.01917,0,0,Chase
26.648,0.000,Full real-time English opening,0.0000,1,0,0.00652,0,0,Chase
26.751,0.000,Full real-time English opening,0.0000,1,0,0.09196,0,0,Chase
26.859,0.000,Full real-time English opening,0.0000,1,0,0.10420,0,0,Chase
26.971,0.000,Full real-time English opening,0.0000,1,0,0.03679,0,0,Chase
27.071,0.000,Full real-time English opening,0.0000,1,0,0.00013,0,0,Chase
27.179,0.000,Full real-time English opening,0.0000,1,0,0.00463,0,0,Chase
27.280,0.000,Full real-time English opening,0.0000,1,0,0.00445,0,0,Chase
27.390,0.000,Full real-time English opening,0.0000,1,0,0.00090,0,0,Chase
27.490,0.000,Full real-time English opening,0.0000,1,0,0.00009,0,0,Chase
27.594,0.000,Full real-time English opening,0.0000,1,0,0.00005,0,0,Chase
27.697,0.000,Full real-time English opening,0.0000,1,0,0.04154,0,0,Chase
27.807,0.000,Full real-time English opening,0.0000,1,0,0.01805,0,0,Chase
27.912,0.000,Full real-time English opening,0.0000,1,0,0.00822,0,0,Chase
28.014,0.000,Full real-time English opening,0.0000,1,0,0.01783,0,0,Chase
28.116,0.000,Full real-time English opening,0.0000,1,0,0.12702,0,0,Chase
28.222,0.000,Full real-time English opening,0.0000,1,0,0.10876,0,0,Chase
28.326,0.000,Full real-time English opening,0.0000,1,0,0.07055,0,0,Chase
28.431,0.000,Full real-time English opening,0.0000,1,0,0.14204,0,0,Chase
28.539,0.000,Full real-time English opening,0.0000,1,0,0.11754,0,0,Chase
28.644,0.000,Full real-time English opening,0.0000,1,0,0.00532,0,0,Chase
28.753,0.000,Full real-time English opening,0.0000,1,0,0.05300,0,0,Chase
28.856,0.000,Full real-time English opening,0.0000,1,0,0.00872,0,0,Chase
28.960,0.000,Full real-time English opening,0.0000,1,0,0.02545,0,0,Chase
29.062,0.000,Full real-time English opening,0.0000,1,0,0.08648,0,0,Chase
29.167,0.000,Full real-time English opening,0.0000,1,0,0.07657,0,0,Chase
29.273,0.000,Full real-time English opening,0.0000,1,0,0.06770,0,0,Chase
29.373,0.000,Full real-time English opening,0.0000,1,0,0.07209,0,0,Chase
29.480,0.000,Full real-time English opening,0.0000,1,0,0.02513,0,0,Chase
29.589,0.000,Full real-time English opening,0.0000,1,0,0.00677,0,0,Chase
29.697,0.000,Full real-time English opening,0.0000,1,0,0.00051,0,0,Chase
29.802,0.000,Full real-time English opening,0.0000,1,0,0.07333,0,0,Chase
29.908,0.000,Full real-time English opening,0.0000,1,0,0.01955,0,0,Chase
30.012,0.000,Full real-time English opening,0.0000,1,0,0.01549,0,0,Chase
30.115,0.000,Full real-time English opening,0.0000,1,0,0.00017,0,0,Chase
30.221,0.000,Full real-time English opening,0.0000,1,0,0.09187,0,0,Chase
30.327,0.000,Full real-time English opening,0.0000,1,0,0.06937,0,0,Chase
30.429,0.000,Full real-time English opening,0.0000,1,0,0.05164,0,0,Chase
30.531,0.000,Full real-time English opening,0.0000,1,0,0.05525,0,0,Chase
30.640,0.000,Full real-time English opening,0.0000,1,0,0.01853,0,0,Chase
30.742,0.000,Full real-time English opening,0.0000,1,0,0.01869,0,0,Chase
30.845,0.000,Full real-time English opening,0.0000,1,0,0.00057,0,0,Chase
30.950,0.000,Full real-time English opening,0.0000,1,0,0.00016,0,0,Chase
31.054,0.000,Full real-time English opening,0.0000,1,0,0.00005,0,0,Chase
31.155,0.000,Full real-time English opening,0.0000,1,0,0.00005,0,0,Chase
31.262,0.000,Full real-time English opening,0.0000,1,0,0.00031,0,0,Chase
31.365,0.000,Full real-time English opening,0.0000,1,0,0.03265,0,0,Chase
31.470,0.000,Full real-time English opening,0.0000,1,0,0.09833,0,0,Chase
31.572,0.000,Full real-time English opening,0.0000,1,0,0.00007,0,0,Chase
31.677,0.000,Full real-time English opening,0.0000,1,0,0.03074,0,0,Chase
31.786,0.000,Full real-time English opening,0.0000,1,0,0.07726,0,0,Chase
31.895,0.000,Full real-time English opening,0.0000,1,0,0.05264,0,0,Chase
31.996,0.000,Full real-time English opening,0.0000,1,0,0.03207,0,0,Chase
32.102,0.000,Full real-time English opening,0.0000,1,0,0.01508,0,0,Chase
32.205,0.000,Full real-time English opening,0.0000,1,0,0.08404,0,0,Chase
32.306,0.000,Full real-time English opening,0.0000,1,0,0.02504,0,0,Chase
32.410,0.000,Full real-time English opening,0.0000,1,0,0.00617,0,0,Chase
32.518,0.000,Full real-time English opening,0.0000,1,0,0.00542,0,0,Chase
32.619,0.000,Full real-time English opening,0.0000,1,0,0.00003,0,0,Chase
32.727,0.000,Full real-time English opening,0.0000,1,0,0.00010,0,0,Chase
32.835,0.000,Full real-time English opening,0.0000,1,0,0.00007,0,0,Chase
32.940,0.000,Full real-time English opening,0.0000,1,0,0.01602,0,0,Chase
33.045,0.000,Full real-time English opening,0.0000,1,0,0.01283,0,0,Chase
33.151,0.000,Full real-time English opening,0.0000,0,0,0.00000,0,0,Chase
33.259,0.000,Full real-time English opening,0.0000,0,0,0.00000,0,0,Chase
33.360,0.000,Full real-time English opening,0.0000,1,0,0.02149,0,0,Chase
33.464,0.000,Full real-time English opening,0.0000,1,0,0.00403,0,0,Chase
33.570,0.000,Full real-time English opening,0.0000,1,0,0.00118,0,0,Chase
33.675,0.000,Full real-time English opening,0.0000,1,0,0.00154,0,0,Chase
33.787,0.000,Full real-time English opening,0.0000,1,0,0.00192,0,0,Chase
33.890,0.000,Full real-time English opening,0.0000,1,0,0.00414,0,0,Chase
33.993,0.000,Full real-time English opening,0.0000,1,0,0.05658,0,0,Chase
34.094,0.000,Full real-time English opening,0.0000,1,0,0.09859,0,0,Chase
34.210,0.000,Full real-time English opening,0.0000,1,0,0.06566,0,0,Chase
34.318,0.000,Full real-time English opening,0.0000,1,0,0.14323,0,0,Chase
34.419,0.000,Full real-time English opening,0.0000,1,0,0.04319,0,0,Chase
34.524,0.000,Full real-time English opening,0.0000,1,0,0.15795,0,0,Chase
34.630,0.000,Full real-time English opening,0.0000,1,0,0.12758,0,0,Chase
34.735,0.000,Full real-time English opening,0.0000,1,0,0.00230,0,0,Chase
34.840,0.000,Full real-time English opening,0.0000,1,0,0.06728,0,0,Chase
34.947,0.000,Full real-time English opening,0.0000,1,0,0.01752,0,0,Chase
35.055,0.000,Full real-time English opening,0.0000,1,0,0.04026,0,0,Chase
35.160,0.000,Full real-time English opening,0.0000,1,0,0.05997,0,0,Chase
35.267,0.000,Full real-time English opening,0.0000,1,0,0.10443,0,0,Chase
35.375,0.000,Full real-time English opening,0.0000,1,0,0.03009,0,0,Chase
35.483,0.000,Full real-time English opening,0.0000,1,0,0.14218,0,0,Chase
35.585,0.000,Full real-time English opening,0.0000,1,0,0.00055,0,0,Chase
35.692,0.000,Full real-time English opening,0.0000,1,0,0.07569,0,0,Chase
35.795,0.000,Full real-time English opening,0.0000,1,0,0.05197,0,0,Chase
35.897,0.000,Full real-time English opening,0.0000,1,0,0.01882,0,0,Chase
36.000,0.000,Full real-time English opening,0.0000,1,0,0.08731,0,0,Chase
36.102,0.000,Full real-time English opening,0.0000,1,0,0.07671,0,0,Chase
36.209,0.000,Full real-time English opening,0.0000,1,0,0.00247,0,0,Chase
36.315,0.000,Full real-time English opening,0.0000,1,0,0.00106,0,0,Chase
36.415,0.000,Full real-time English opening,0.0000,1,0,0.00234,0,0,Chase
36.520,0.000,Full real-time English opening,0.0000,1,0,0.10459,0,0,Chase
36.623,0.000,Full real-time English opening,0.0000,1,0,0.01338,0,0,Chase
36.724,0.000,Full real-time English opening,0.0000,1,0,0.07746,0,0,Chase
36.827,0.000,Full real-time English opening,0.0000,1,0,0.00067,0,0,Chase
36.933,0.000,Full real-time English opening,0.0000,1,0,0.10398,0,0,Chase
37.037,0.000,Full real-time English opening,0.0000,1,0,0.08056,0,0,Chase
37.141,0.000,Full real-time English opening,0.0000,1,0,0.01107,0,0,Chase
37.242,0.000,Full real-time English opening,0.0000,1,0,0.03710,0,0,Chase
37.344,0.000,Full real-time English opening,0.0000,1,0,0.06566,0,0,Chase
37.452,0.000,Full real-time English opening,0.0000,1,0,0.11360,0,0,Chase
37.555,0.000,Full real-time English opening,0.0000,1,0,0.07509,0,0,Chase
37.658,0.000,Full real-time English opening,0.0000,1,0,0.03052,0,0,Chase
37.762,0.000,Full real-time English opening,0.0000,1,0,0.00079,0,0,Chase
37.865,0.000,Full real-time English opening,0.0000,1,0,0.00105,0,0,Chase
37.974,0.000,Full real-time English opening,0.0000,1,0,0.08900,0,0,Chase
38.075,0.000,Full real-time English opening,0.0000,1,0,0.08507,0,0,Chase
38.177,0.000,Full real-time English opening,0.0000,1,0,0.02464,0,0,Chase
38.279,0.000,Full real-time English opening,0.0000,1,0,0.08334,0,0,Chase
38.383,0.000,Full real-time English opening,0.0000,1,0,0.12224,0,0,Chase
38.487,0.000,Full real-time English opening,0.0000,1,0,0.08837,0,0,Chase
38.590,0.000,Full real-time English opening,0.0000,1,0,0.03900,0,0,Chase
38.693,0.000,Full real-time English opening,0.0000,1,0,0.11747,0,0,Chase
38.796,0.000,Full real-time English opening,0.0000,1,0,0.09853,0,0,Chase
38.898,0.000,Full real-time English opening,0.0000,1,0,0.06990,0,0,Chase
39.001,0.000,Full real-time English opening,0.0000,1,0,0.07400,0,0,Chase
39.108,0.000,Full real-time English opening,0.0000,1,0,0.11444,0,0,Chase
39.213,0.000,Full real-time English opening,0.0000,1,0,0.03798,0,0,Chase
39.316,0.000,Full real-time English opening,0.0000,1,0,0.00589,0,0,Chase
39.420,0.000,Full real-time English opening,0.0000,1,0,0.00172,0,0,Chase
39.522,0.000,Full real-time English opening,0.0000,1,0,0.05794,0,0,Chase
39.625,0.000,Full real-time English opening,0.0000,1,0,0.16649,0,0,Chase
39.726,0.000,Full real-time English opening,0.0000,1,0,0.08967,0,0,Chase
39.826,0.000,Full real-time English opening,0.0000,1,0,0.00074,0,0,Chase
39.930,0.000,Full real-time English opening,0.0000,1,0,0.16054,0,0,Chase
40.035,0.000,Full real-time English opening,0.0000,1,0,0.00041,0,0,Chase
40.136,0.000,Full real-time English opening,0.0000,1,0,0.03261,0,0,Chase
40.237,0.000,Full real-time English opening,0.0000,1,0,0.00304,0,0,Chase
40.342,0.000,Full real-time English opening,0.0000,1,0,0.08657,0,0,Chase
40.443,0.000,Full real-time English opening,0.0000,1,0,0.09497,0,0,Chase
40.546,0.000,Full real-time English opening,0.0000,1,0,0.00037,0,0,Chase
40.649,0.000,Full real-time English opening,0.0000,1,0,0.10403,0,0,Chase
40.751,0.000,Full real-time English opening,0.0000,1,0,0.00102,0,0,Chase
40.858,0.000,Full real-time English opening,0.0000,1,0,0.13272,0,0,Chase
40.964,0.000,Full real-time English opening,0.0000,1,0,0.08242,0,0,Chase
41.074,0.000,Full real-time English opening,0.0000,1,0,0.00277,0,0,Chase
41.180,0.000,Full real-time English opening,0.0000,1,0,0.10851,0,0,Chase
41.283,0.000,Full real-time English opening,0.0000,1,0,0.06402,0,0,Chase
41.386,0.000,Full real-time English opening,0.0000,1,0,0.00710,0,0,Chase
41.496,0.000,Full real-time English opening,0.0000,1,0,0.00964,0,0,Chase
41.602,0.000,Full real-time English opening,0.0000,1,0,0.00097,0,0,Chase
41.705,0.000,Full real-time English opening,0.0000,1,0,0.00102,0,0,Chase
41.811,0.000,Full real-time English opening,0.0000,1,0,0.00113,0,0,Chase
41.912,0.000,Full real-time English opening,0.0000,1,0,0.00078,0,0,Chase
42.018,0.000,Full real-time English opening,0.0000,1,0,0.01380,0,0,Chase
42.122,0.000,Full real-time English opening,0.0000,1,0,0.01326,0,0,Chase
42.223,0.000,Full real-time English opening,0.0000,0,0,0.00000,0,0,Chase
42.333,0.000,Full real-time English opening,0.0000,1,0,0.02059,0,0,Chase
42.438,0.000,Full real-time English opening,0.0000,1,0,0.02059,0,0,Chase
42.543,0.000,Full real-time English opening,0.0000,1,0,0.00005,0,0,Chase
42.645,0.000,Full real-time English opening,0.0000,1,0,0.00005,0,0,Chase
42.750,0.000,Full real-time English opening,0.0000,1,0,0.10512,0,0,Chase
42.853,0.000,Full real-time English opening,0.0000,1,0,0.00150,0,0,Chase
42.956,0.000,Full real-time English opening,0.0000,1,0,0.00310,0,0,Chase
43.060,0.000,Full real-time English opening,0.0000,1,0,0.12748,0,0,Chase
43.165,0.000,Full real-time English opening,0.0000,1,0,0.09930,0,0,Chase
43.267,0.000,Full real-time English opening,0.0000,1,0,0.07907,0,0,Chase
43.370,0.000,Full real-time English opening,0.0000,1,0,0.02072,0,0,Chase
43.478,0.000,Full real-time English opening,0.0000,1,0,0.00655,0,0,Chase
43.583,0.000,Full real-time English opening,0.0000,1,0,0.05309,0,0,Chase
43.684,0.000,Full real-time English opening,0.0000,1,0,0.01942,0,0,Chase
43.792,0.000,Full real-time English opening,0.0000,1,0,0.10443,0,0,Chase
43.899,0.000,Full real-time English opening,0.0000,1,0,0.05728,0,0,Chase
44.004,0.000,Full real-time English opening,0.0000,1,0,0.10856,0,0,Chase
44.111,0.000,Full real-time English opening,0.0000,1,0,0.01528,0,0,Chase
44.215,0.000,Full real-time English opening,0.0000,1,0,0.07752,0,0,Chase
44.322,0.000,Full real-time English opening,0.0000,1,0,0.01283,0,0,Chase
44.425,0.000,Full real-time English opening,0.0000,1,0,0.00682,0,0,Chase
44.536,0.000,Full real-time English opening,0.0000,1,0,0.10734,0,0,Chase
44.637,0.000,Full real-time English opening,0.0000,1,0,0.05749,0,0,Chase
44.738,0.000,Full real-time English opening,0.0000,1,0,0.01212,0,0,Chase
44.843,0.000,Full real-time English opening,0.0000,1,0,0.03304,0,0,Chase
44.945,0.000,Full real-time English opening,0.0000,1,0,0.04610,0,0,Chase
45.048,0.000,Full real-time English opening,0.0000,1,0,0.07925,0,0,Chase
45.150,0.000,Full real-time English opening,0.0000,1,0,0.03359,0,0,Chase
45.254,0.000,Full real-time English opening,0.0000,1,0,0.00933,0,0,Chase
45.359,0.000,Full real-time English opening,0.0000,1,0,0.00007,0,0,Chase
45.460,0.000,Full real-time English opening,0.0000,1,0,0.00013,0,0,Chase
45.563,0.000,Full real-time English opening,0.0000,1,0,0.00008,0,0,Chase
45.672,0.000,Full real-time English opening,0.0000,1,0,0.00005,0,0,Chase
45.775,0.000,Full real-time English opening,0.0000,1,0,0.00097,0,0,Chase
45.881,0.000,Full real-time English opening,0.0000,1,0,0.16706,0,0,Chase
45.985,0.000,Full real-time English opening,0.0000,1,0,0.11361,0,0,Chase
46.090,0.000,Full real-time English opening,0.0000,1,0,0.14556,0,0,Chase
46.196,0.000,Full real-time English opening,0.0000,1,0,0.07986,0,0,Chase
46.301,0.000,Full real-time English opening,0.0000,1,0,0.00636,0,0,Chase
46.407,0.000,Full real-time English opening,0.0000,1,0,0.00357,0,0,Chase
46.510,0.000,Full real-time English opening,0.0000,1,0,0.00782,0,0,Chase
46.610,0.000,Full real-time English opening,0.0000,1,0,0.02552,0,0,Chase
46.713,0.000,Full real-time English opening,0.0000,1,0,0.13688,0,0,Chase
46.818,0.000,Full real-time English opening,0.0000,1,0,0.14649,0,0,Chase
46.924,0.000,Full real-time English opening,0.0000,1,0,0.00078,0,0,Chase
47.026,0.000,Full real-time English opening,0.0000,1,0,0.01700,0,0,Chase
47.131,0.000,Full real-time English opening,0.0000,1,0,0.00223,0,0,Chase
47.232,0.000,Full real-time English opening,0.0000,1,0,0.00049,0,0,Chase
47.338,0.000,Full real-time English opening,0.0000,1,0,0.00005,0,0,Chase
47.443,0.000,Full real-time English opening,0.0000,1,0,0.00004,0,0,Chase
47.545,0.000,Full real-time English opening,0.0000,1,0,0.00031,0,0,Chase
47.645,0.000,Full real-time English opening,0.0000,1,0,0.00912,0,0,Chase
47.746,0.000,Full real-time English opening,0.0000,1,0,0.09439,0,0,Chase
47.849,0.000,Full real-time English opening,0.0000,1,0,0.02420,0,0,Chase
47.952,0.000,Full real-time English opening,0.0000,1,0,0.00149,0,0,Chase
48.057,0.000,Full real-time English opening,0.0000,1,0,0.00025,0,0,Chase
48.165,0.000,Full real-time English opening,0.0000,1,0,0.10101,0,0,Chase
48.267,0.000,Full real-time English opening,0.0000,1,0,0.11206,0,0,Chase
48.369,0.000,Full real-time English opening,0.0000,1,0,0.13252,0,0,Chase
48.473,0.000,Full real-time English opening,0.0000,1,0,0.03706,0,0,Chase
48.577,0.000,Full real-time English opening,0.0000,1,0,0.08311,0,0,Chase
48.677,0.000,Full real-time English opening,0.0000,1,0,0.01116,0,0,Chase
48.780,0.000,Full real-time English opening,0.0000,1,0,0.07241,0,0,Chase
48.887,0.000,Full real-time English opening,0.0000,1,0,0.12428,0,0,Chase
48.988,0.000,Full real-time English opening,0.0000,1,0,0.09567,0,0,Chase
49.091,0.000,Full real-time English opening,0.0000,1,0,0.06583,0,0,Chase
49.193,0.000,Full real-time English opening,0.0000,1,0,0.00380,0,0,Chase
49.294,0.000,Full real-time English opening,0.0000,1,0,0.00008,0,0,Chase
49.396,0.000,Full real-time English opening,0.0000,1,0,0.00004,0,0,Chase
49.502,0.000,Full real-time English opening,0.0000,1,0,0.00003,0,0,Chase
49.612,0.000,Full real-time English opening,0.0000,1,0,0.00000,0,0,Chase
49.715,0.000,Full real-time English opening,0.0000,1,0,0.01283,0,0,Chase
49.821,0.000,Full real-time English opening,0.0000,0,0,0.00000,0,0,Chase
49.921,0.000,Full real-time English opening,0.0000,0,0,0.00000,0,0,Chase
50.026,0.000,Full real-time English opening,0.0000,1,0,0.02149,0,0,Chase
50.131,0.000,Full real-time English opening,0.0000,1,0,0.00501,0,0,Chase
50.236,0.000,Full real-time English opening,0.0000,1,0,0.00116,0,0,Chase
50.336,0.000,Full real-time English opening,0.0000,1,0,0.00427,0,0,Chase
50.436,0.000,Full real-time English opening,0.0000,1,0,0.00256,0,0,Chase
50.541,0.000,Full real-time English opening,0.0000,1,0,0.11097,0,0,Chase
50.645,0.000,Full real-time English opening,0.0000,1,0,0.00465,0,0,Chase
50.751,0.000,Full real-time English opening,0.0000,1,0,0.10825,0,0,Chase
50.854,0.000,Full real-time English opening,0.0000,1,0,0.11332,0,0,Chase
50.959,0.000,Full real-time English opening,0.0000,1,0,0.09551,0,0,Chase
51.061,0.000,Full real-time English opening,0.0000,1,0,0.09797,0,0,Chase
51.166,0.000,Full real-time English opening,0.0000,1,0,0.02288,0,0,Chase
51.272,0.000,Full real-time English opening,0.0000,1,0,0.00081,0,0,Chase
51.377,0.000,Full real-time English opening,0.0000,1,0,0.00095,0,0,Chase
51.485,0.000,Full real-time English opening,0.0000,1,0,0.00489,0,0,Chase
51.592,0.000,Full real-time English opening,0.0000,1,0,0.01066,0,0,Chase
51.698,0.000,Full real-time English opening,0.0000,1,0,0.05446,0,0,Chase
51.808,0.000,Full real-time English opening,0.0000,1,0,0.05729,0,0,Chase
51.912,0.000,Full real-time English opening,0.0000,1,0,0.01900,0,0,Chase
52.017,0.000,Full real-time English opening,0.0000,1,0,0.06717,0,0,Chase
52.124,0.000,Full real-time English opening,0.0000,1,0,0.02082,0,0,Chase
52.227,0.000,Full real-time English opening,0.0000,1,0,0.00086,0,0,Chase
52.327,0.000,Full real-time English opening,0.0000,1,0,0.07655,0,0,Chase
52.437,0.000,Full real-time English opening,0.0000,1,0,0.06678,0,0,Chase
52.546,0.000,Full real-time English opening,0.0000,1,0,0.06194,0,0,Chase
52.654,0.000,Full real-time English opening,0.0000,1,0,0.13987,0,0,Chase
52.755,0.000,Full real-time English opening,0.0000,1,0,0.05562,0,0,Chase
52.856,0.000,Full real-time English opening,0.0000,1,0,0.05938,0,0,Chase
52.966,0.000,Full real-time English opening,0.0000,1,0,0.02129,0,0,Chase
53.071,0.000,Full real-time English opening,0.0000,1,0,0.00351,0,0,Chase
53.171,0.000,Full real-time English opening,0.0000,1,0,0.00253,0,0,Chase
53.279,0.000,Full real-time English opening,0.0000,1,0,0.00107,0,0,Chase
53.385,0.000,Full real-time English opening,0.0000,1,0,0.00108,0,0,Chase
53.494,0.000,Full real-time English opening,0.0000,1,0,0.08118,0,0,Chase
53.601,0.000,Full real-time English opening,0.0000,1,0,0.11361,0,0,Chase
53.707,0.000,Full real-time English opening,0.0000,1,0,0.01684,0,0,Chase
53.815,0.000,Full real-time English opening,0.0000,1,0,0.05542,0,0,Chase
53.921,0.000,Full real-time English opening,0.0000,1,0,0.07282,0,0,Chase
54.026,0.000,Full real-time English opening,0.0000,1,0,0.05700,0,0,Chase
54.129,0.000,Full real-time English opening,0.0000,1,0,0.02278,0,0,Chase
54.234,0.000,Full real-time English opening,0.0000,1,0,0.14570,0,0,Chase
54.340,0.000,Full real-time English opening,0.0000,1,0,0.09672,0,0,Chase
54.443,0.000,Full real-time English opening,0.0000,1,0,0.00791,0,0,Chase
54.545,0.000,Full real-time English opening,0.0000,1,0,0.00955,0,0,Chase
54.650,0.000,Full real-time English opening,0.0000,1,0,0.05841,0,0,Chase
54.757,0.000,Full real-time English opening,0.0000,1,0,0.00072,0,0,Chase
54.864,0.000,Full real-time English opening,0.0000,1,0,0.11310,0,0,Chase
54.969,0.000,Full real-time English opening,0.0000,1,0,0.02036,0,0,Chase
55.071,0.000,Full real-time English opening,0.0000,1,0,0.00889,0,0,Chase
55.180,0.000,Full real-time English opening,0.0000,1,0,0.00091,0,0,Chase
55.281,0.000,Full real-time English opening,0.0000,1,0,0.08625,0,0,Chase
55.390,0.000,Full real-time English opening,0.0000,1,0,0.10759,0,0,Chase
55.494,0.000,Full real-time English opening,0.0000,1,0,0.09119,0,0,Chase
55.599,0.000,Full real-time English opening,0.0000,1,0,0.04747,0,0,Chase
55.705,0.000,Full real-time English opening,0.0000,1,0,0.02955,0,0,Chase
55.811,0.000,Full real-time English opening,0.0000,1,0,0.00317,0,0,Chase
55.916,0.000,Full real-time English opening,0.0000,1,0,0.08045,0,0,Chase
56.020,0.000,Full real-time English opening,0.0000,1,0,0.09455,0,0,Chase
56.124,0.000,Full real-time English opening,0.0000,1,0,0.02039,0,0,Chase
56.232,0.000,Full real-time English opening,0.0000,1,0,0.01440,0,0,Chase
56.334,0.000,Full real-time English opening,0.0000,1,0,0.03613,0,0,Chase
56.440,0.000,Full real-time English opening,0.0000,1,0,0.05023,0,0,Chase
56.549,0.000,Full real-time English opening,0.0000,1,0,0.00546,0,0,Chase
56.658,0.000,Full real-time English opening,0.0000,1,0,0.00101,0,0,Chase
56.762,0.000,Full real-time English opening,0.0000,1,0,0.00096,0,0,Chase
56.865,0.000,Full real-time English opening,0.0000,1,0,0.03797,0,0,Chase
56.974,0.000,Full real-time English opening,0.0000,1,0,0.08836,0,0,Chase
57.079,0.000,Full real-time English opening,0.0000,1,0,0.08297,0,0,Chase
57.179,0.000,Full real-time English opening,0.0000,1,0,0.09129,0,0,Chase
57.280,0.000,Full real-time English opening,0.0000,1,0,0.07734,0,0,Chase
57.388,0.000,Full real-time English opening,0.0000,1,0,0.06552,0,0,Chase
57.494,0.000,Full real-time English opening,0.0000,1,0,0.05311,0,0,Chase
57.603,0.000,Full real-time English opening,0.0000,1,0,0.08678,0,0,Chase
57.712,0.000,Full real-time English opening,0.0000,1,0,0.04827,0,0,Chase
57.813,0.000,Full real-time English opening,0.0000,1,0,0.05586,0,0,Chase
57.921,0.000,Full real-time English opening,0.0000,1,0,0.07985,0,0,Chase
58.023,0.000,Full real-time English opening,0.0000,1,0,0.06575,0,0,Chase
58.127,0.000,Full real-time English opening,0.0000,1,0,0.02609,0,0,Chase
58.235,0.000,Full real-time English opening,0.0000,1,0,0.07474,0,0,Chase
58.344,0.000,Full real-time English opening,0.0000,1,0,0.06362,0,0,Chase
58.451,0.000,Full real-time English opening,0.0000,1,0,0.02541,0,0,Chase
58.558,0.000,Full real-time English opening,0.0000,1,0,0.03896,0,0,Chase
58.660,0.000,Full real-time English opening,0.0000,1,0,0.03314,0,0,Chase
58.764,0.000,Full real-time English opening,0.0000,1,0,0.01148,0,0,Chase
58.868,0.000,Full real-time English opening,0.0000,1,0,0.00099,0,0,Chase
58.969,0.000,Full real-time English opening,0.0000,1,0,0.00112,0,0,Chase
59.073,0.000,Full real-time English opening,0.0000,1,0,0.00112,0,0,Chase
59.177,0.000,Full real-time English opening,0.0000,1,0,0.01313,0,0,Chase
59.286,0.000,Full real-time English opening,0.0000,0,0,0.00000,0,0,Chase
59.392,0.000,Full real-time English opening,0.0000,0,0,0.00000,0,0,Chase
59.493,0.000,Full real-time English opening,0.0000,1,0,0.02059,0,0,Chase
59.596,0.000,Full real-time English opening,0.0000,1,0,0.00918,0,0,Chase
59.697,0.000,Full real-time English opening,0.0000,1,0,0.00015,0,0,Chase
59.802,0.000,Full real-time English opening,0.0000,1,0,0.00008,0,0,Chase
59.906,0.000,Full real-time English opening,0.0000,1,0,0.00005,0,0,Chase
60.012,0.000,Full real-time English opening,0.0000,1,0,0.04962,0,0,Chase
60.113,0.000,Full real-time English opening,0.0000,1,0,0.12934,0,0,Chase
60.219,0.000,Full real-time English opening,0.0000,1,0,0.00306,0,0,Chase
60.326,0.000,Full real-time English opening,0.0000,1,0,0.12932,0,0,Chase
60.427,0.000,Full real-time English opening,0.0000,1,0,0.08761,0,0,Chase
60.530,0.000,Full real-time English opening,0.0000,1,0,0.06711,0,0,Chase
60.632,0.000,Full real-time English opening,0.0000,1,0,0.09721,0,0,Chase
60.741,0.000,Full real-time English opening,0.0000,1,0,0.04105,0,0,Chase
60.845,0.000,Full real-time English opening,0.0000,1,0,0.13041,0,0,Chase
60.951,0.000,Full real-time English opening,0.0000,1,0,0.01078,0,0,Chase
61.057,0.000,Full real-time English opening,0.0000,1,0,0.01198,0,0,Chase
61.163,0.000,Full real-time English opening,0.0000,1,0,0.06843,0,0,Chase
61.265,0.000,Full real-time English opening,0.0000,1,0,0.09349,0,0,Chase
61.374,0.000,Full real-time English opening,0.0000,1,0,0.03870,0,0,Chase
61.476,0.000,Full real-time English opening,0.0000,1,0,0.04888,0,0,Chase
61.581,0.000,Full real-time English opening,0.0000,1,0,0.07514,0,0,Chase
61.686,0.000,Full real-time English opening,0.0000,1,0,0.00324,0,0,Chase
61.794,0.000,Full real-time English opening,0.0000,1,0,0.03626,0,0,Chase
61.900,0.000,Full real-time English opening,0.0000,1,0,0.08098,0,0,Chase
62.006,0.000,Full real-time English opening,0.0000,1,0,0.09309,0,0,Chase
62.112,0.000,Full real-time English opening,0.0000,1,0,0.00171,0,0,Chase
62.212,0.000,Full real-time English opening,0.0000,1,0,0.09794,0,0,Chase
62.315,0.000,Full real-time English opening,0.0000,1,0,0.01366,0,0,Chase
62.421,0.000,Full real-time English opening,0.0000,1,0,0.09377,0,0,Chase
62.523,0.000,Full real-time English opening,0.0000,1,0,0.05581,0,0,Chase
62.624,0.000,Full real-time English opening,0.0000,1,0,0.04353,0,0,Chase
62.731,0.000,Full real-time English opening,0.0000,1,0,0.10067,0,0,Chase
62.833,0.000,Full real-time English opening,0.0000,1,0,0.02439,0,0,Chase
62.939,0.000,Full real-time English opening,0.0000,1,0,0.00025,0,0,Chase
63.046,0.000,Full real-time English opening,0.0000,1,0,0.00011,0,0,Chase
63.148,0.000,Full real-time English opening,0.0000,1,0,0.00004,0,0,Chase
63.253,0.000,Full real-time English opening,0.0000,1,0,0.00004,0,0,Chase
63.357,0.000,Full real-time English opening,0.0000,1,0,0.00007,0,0,Chase
63.464,0.000,Full real-time English opening,0.0000,1,0,0.00823,0,0,Chase
63.567,0.000,Full real-time English opening,0.0000,1,0,0.12406,0,0,Chase
63.673,0.000,Full real-time English opening,0.0000,1,0,0.09661,0,0,Chase
63.775,0.000,Full real-time English opening,0.0000,1,0,0.11749,0,0,Chase
63.878,0.000,Full real-time English opening,0.0000,1,0,0.11855,0,0,Chase
63.981,0.000,Full real-time English opening,0.0000,1,0,0.00279,0,0,Chase
64.084,0.000,Full real-time English opening,0.0000,1,0,0.00041,0,0,Chase
64.191,0.000,Full real-time English opening,0.0000,1,0,0.08932,0,0,Chase
64.295,0.000,Full real-time English opening,0.0000,1,0,0.11322,0,0,Chase
64.397,0.000,Full real-time English opening,0.0000,1,0,0.00183,0,0,Chase
64.499,0.000,Full real-time English opening,0.0000,1,0,0.01916,0,0,Chase
64.601,0.000,Full real-time English opening,0.0000,1,0,0.12377,0,0,Chase
64.709,0.000,Full real-time English opening,0.0000,1,0,0.12243,0,0,Chase
64.815,0.000,Full real-time English opening,0.0000,1,0,0.02923,0,0,Chase
64.924,0.000,Full real-time English opening,0.0000,1,0,0.08605,0,0,Chase
65.028,0.000,Full real-time English opening,0.0000,1,0,0.07568,0,0,Chase
65.129,0.000,Full real-time English opening,0.0000,1,0,0.14769,0,0,Chase
65.229,0.000,Full real-time English opening,0.0000,1,0,0.01245,0,0,Chase
65.333,0.000,Full real-time English opening,0.0000,1,0,0.11114,0,0,Chase
65.438,0.000,Full real-time English opening,0.0000,1,0,0.08336,0,0,Chase
65.546,0.000,Full real-time English opening,0.0000,1,0,0.00357,0,0,Chase
65.648,0.000,Full real-time English opening,0.0000,1,0,0.07744,0,0,Chase
65.750,0.000,Full real-time English opening,0.0000,1,0,0.10189,0,0,Chase
65.858,0.000,Full real-time English opening,0.0000,1,0,0.02160,0,0,Chase
65.961,0.000,Full real-time English opening,0.0000,1,0,0.10566,0,0,Chase
66.062,0.000,Full real-time English opening,0.0000,1,0,0.00165,0,0,Chase
66.168,0.000,Full real-time English opening,0.0000,1,0,0.10933,0,0,Chase
66.271,0.000,Full real-time English opening,0.0000,1,0,0.07260,0,0,Chase
66.372,0.000,Full real-time English opening,0.0000,1,0,0.05991,0,0,Chase
66.472,0.000,Full real-time English opening,0.0000,1,0,0.01098,0,0,Chase
66.576,0.000,Full real-time English opening,0.0000,1,0,0.00027,0,0,Chase
66.682,0.000,Full real-time English opening,0.0000,1,0,0.10418,0,0,Chase
66.786,0.000,Full real-time English opening,0.0000,1,0,0.06826,0,0,Chase
66.886,0.000,Full real-time English opening,0.0000,1,0,0.01867,0,0,Chase
66.990,0.000,Full real-time English opening,0.0000,1,0,0.00229,0,0,Chase
67.091,0.000,Full real-time English opening,0.0000,1,0,0.00005,0,0,Chase
67.197,0.000,Full real-time English opening,0.0000,1,0,0.00003,0,0,Chase
67.305,0.000,Full real-time English opening,0.0000,1,0,0.00000,0,0,Chase
67.406,0.000,Full real-time English opening,0.0000,1,0,0.01283,0,0,Chase
67.511,0.000,Full real-time English opening,0.0000,0,0,0.00000,0,0,Chase
67.617,0.000,Full real-time English opening,0.0000,0,0,0.00000,0,0,Chase
67.719,0.000,Full real-time English opening,0.0000,1,0,0.02151,0,0,Chase
67.824,0.000,Full real-time English opening,0.0000,1,0,0.00527,0,0,Chase
67.927,0.000,Full real-time English opening,0.0000,1,0,0.00118,0,0,Chase
68.031,0.000,Full real-time English opening,0.0000,1,0,0.00458,0,0,Chase
68.138,0.000,Full real-time English opening,0.0000,1,0,0.00117,0,0,Chase
68.245,0.000,Full real-time English opening,0.0000,1,0,0.15471,0,0,Chase
68.349,0.000,Full real-time English opening,0.0000,1,0,0.03754,0,0,Chase
68.451,0.000,Full real-time English opening,0.0000,1,0,0.05697,0,0,Chase
68.551,0.000,Full real-time English opening,0.0000,1,0,0.10004,0,0,Chase
68.655,0.000,Full real-time English opening,0.0000,1,0,0.07701,0,0,Chase
68.764,0.000,Full real-time English opening,0.0000,1,0,0.03526,0,0,Chase
68.866,0.000,Full real-time English opening,0.0000,1,0,0.05822,0,0,Chase
68.966,0.000,Full real-time English opening,0.0000,1,0,0.01972,0,0,Chase
69.077,0.000,Full real-time English opening,0.0000,1,0,0.13448,0,0,Chase
69.182,0.000,Full real-time English opening,0.0000,1,0,0.00554,0,0,Chase
69.290,0.000,Full real-time English opening,0.0000,1,0,0.06773,0,0,Chase
69.399,0.000,Full real-time English opening,0.0000,1,0,0.08678,0,0,Chase
69.504,0.000,Full real-time English opening,0.0000,1,0,0.06715,0,0,Chase
69.609,0.000,Full real-time English opening,0.0000,1,0,0.10254,0,0,Chase
69.711,0.000,Full real-time English opening,0.0000,1,0,0.02578,0,0,Chase
69.814,0.000,Full real-time English opening,0.0000,1,0,0.02281,0,0,Chase
69.921,0.000,Full real-time English opening,0.0000,1,0,0.05343,0,0,Chase
70.031,0.000,Full real-time English opening,0.0000,1,0,0.04871,0,0,Chase
70.136,0.000,Full real-time English opening,0.0000,1,0,0.00668,0,0,Chase
70.241,0.000,Full real-time English opening,0.0000,1,0,0.02473,0,0,Chase
70.341,0.000,Full real-time English opening,0.0000,1,0,0.02475,0,0,Chase
70.442,0.000,Full real-time English opening,0.0000,1,0,0.00091,0,0,Chase
70.543,0.000,Full real-time English opening,0.0000,1,0,0.00109,0,0,Chase
70.646,0.000,Full real-time English opening,0.0000,1,0,0.00091,0,0,Chase
70.754,0.000,Full real-time English opening,0.0000,1,0,0.16293,0,0,Chase
70.856,0.000,Full real-time English opening,0.0000,1,0,0.00047,0,0,Chase
70.962,0.000,Full real-time English opening,0.0000,1,0,0.06884,0,0,Chase
71.070,0.000,Full real-time English opening,0.0000,1,0,0.12084,0,0,Chase
71.179,0.000,Full real-time English opening,0.0000,1,0,0.04910,0,0,Chase
71.280,0.000,Full real-time English opening,0.0000,1,0,0.05435,0,0,Chase
71.383,0.000,Full real-time English opening,0.0000,1,0,0.00042,0,0,Chase
71.492,0.000,Full real-time English opening,0.0000,1,0,0.09538,0,0,Chase
71.601,0.000,Full real-time English opening,0.0000,1,0,0.08472,0,0,Chase
71.705,0.000,Full real-time English opening,0.0000,1,0,0.04455,0,0,Chase
71.814,0.000,Full real-time English opening,0.0000,1,0,0.09793,0,0,Chase
71.915,0.000,Full real-time English opening,0.0000,1,0,0.09490,0,0,Chase
72.022,0.000,Full real-time English opening,0.0000,1,0,0.08547,0,0,Chase
72.125,0.000,Full real-time English opening,0.0000,1,0,0.10341,0,0,Chase
72.225,0.000,Full real-time English opening,0.0000,1,0,0.10578,0,0,Chase
72.334,0.000,Full real-time English opening,0.0000,1,0,0.00080,0,0,Chase
72.439,0.000,Full real-time English opening,0.0000,1,0,0.04289,0,0,Chase
72.545,0.000,Full real-time English opening,0.0000,1,0,0.00254,0,0,Chase
72.651,0.000,Full real-time English opening,0.0000,1,0,0.00108,0,0,Chase
72.761,0.000,Full real-time English opening,0.0000,1,0,0.00107,0,0,Chase
72.871,0.000,Full real-time English opening,0.0000,1,0,0.00295,0,0,Chase
72.976,0.000,Full real-time English opening,0.0000,1,0,0.04185,0,0,Chase
73.079,0.000,Full real-time English opening,0.0000,1,0,0.17828,0,0,Chase
73.188,0.000,Full real-time English opening,0.0000,1,0,0.09794,0,0,Chase
73.295,0.000,Full real-time English opening,0.0000,1,0,0.02585,0,0,Chase
73.397,0.000,Full real-time English opening,0.0000,1,0,0.13218,0,0,Chase
73.507,0.000,Full real-time English opening,0.0000,1,0,0.00038,0,0,Chase
73.615,0.000,Full real-time English opening,0.0000,1,0,0.11225,0,0,Chase
73.720,0.000,Full real-time English opening,0.0000,1,0,0.10465,0,0,Chase
73.825,0.000,Full real-time English opening,0.0000,1,0,0.00713,0,0,Chase
73.927,0.000,Full real-time English opening,0.0000,1,0,0.04347,0,0,Chase
74.036,0.000,Full real-time English opening,0.0000,1,0,0.00751,0,0,Chase
74.145,0.000,Full real-time English opening,0.0000,1,0,0.00132,0,0,Chase
74.254,0.000,Full real-time English opening,0.0000,1,0,0.00100,0,0,Chase
74.364,0.000,Full real-time English opening,0.0000,1,0,0.00109,0,0,Chase
74.472,0.000,Full real-time English opening,0.0000,1,0,0.00111,0,0,Chase
74.579,0.000,Full real-time English opening,0.0000,1,0,0.00109,0,0,Chase
74.685,0.000,Full real-time English opening,0.0000,1,0,0.01337,0,0,Chase
74.790,0.000,Full real-time English opening,0.0000,0,0,0.00000,0,0,Chase
74.895,0.000,Full real-time English opening,0.0000,0,0,0.00000,0,0,Chase
74.996,0.000,Full real-time English opening,0.0000,1,0,0.02059,0,0,Chase
75.098,0.000,Full real-time English opening,0.0000,1,0,0.00000,0,0,Chase
75.199,0.000,Full real-time English opening,0.0000,1,0,0.00007,0,0,Chase
75.307,0.000,Full real-time English opening,0.0000,1,0,0.02262,0,0,Chase
75.410,0.000,Full real-time English opening,0.0000,1,0,0.08083,0,0,Chase
75.511,0.000,Full real-time English opening,0.0000,1,0,0.01974,0,0,Chase
75.615,0.000,Full real-time English opening,0.0000,1,0,0.13748,0,0,Chase
75.721,0.000,Full real-time English opening,0.0000,1,0,0.01045,0,0,Chase
75.836,0.000,Full real-time English opening,0.0000,1,0,0.08524,0,0,Chase
75.942,0.000,Full real-time English opening,0.0000,1,0,0.01842,0,0,Chase
76.043,0.000,Full real-time English opening,0.0000,1,0,0.10763,0,0,Chase
76.151,0.000,Full real-time English opening,0.0000,1,0,0.03611,0,0,Chase
76.260,0.000,Full real-time English opening,0.0000,1,0,0.11697,0,0,Chase
76.362,0.000,Full real-time English opening,0.0000,1,0,0.01231,0,0,Chase
76.467,0.000,Full real-time English opening,0.0000,1,0,0.10021,0,0,Chase
76.575,0.000,Full real-time English opening,0.0000,1,0,0.01529,0,0,Chase
76.681,0.000,Full real-time English opening,0.0000,1,0,0.07945,0,0,Chase
76.788,0.000,Full real-time English opening,0.0000,1,0,0.13987,0,0,Chase
76.893,0.000,Full real-time English opening,0.0000,1,0,0.01324,0,0,Chase
76.995,0.000,Full real-time English opening,0.0000,1,0,0.09064,0,0,Chase
77.098,0.000,Full real-time English opening,0.0000,1,0,0.11111,0,0,Chase
77.203,0.000,Full real-time English opening,0.0000,1,0,0.05870,0,0,Chase
77.306,0.000,Full real-time English opening,0.0000,1,0,0.08041,0,0,Chase
77.408,0.000,Full real-time English opening,0.0000,1,0,0.00627,0,0,Chase
77.517,0.000,Full real-time English opening,0.0000,1,0,0.00023,0,0,Chase
77.619,0.000,Full real-time English opening,0.0000,1,0,0.00022,0,0,Chase
77.727,0.000,Full real-time English opening,0.0000,1,0,0.00003,0,0,Chase
77.833,0.000,Full real-time English opening,0.0000,1,0,0.00005,0,0,Chase
77.935,0.000,Full real-time English opening,0.0000,1,0,0.00003,0,0,Chase
78.040,0.000,Full real-time English opening,0.0000,1,0,0.03978,0,0,Chase
78.147,0.000,Full real-time English opening,0.0000,1,0,0.06122,0,0,Chase
78.251,0.000,Full real-time English opening,0.0000,1,0,0.11072,0,0,Chase
78.358,0.000,Full real-time English opening,0.0000,1,0,0.02094,0,0,Chase
78.467,0.000,Full real-time English opening,0.0000,1,0,0.03863,0,0,Chase
78.573,0.000,Full real-time English opening,0.0000,1,0,0.02740,0,0,Chase
78.678,0.000,Full real-time English opening,0.0000,1,0,0.07277,0,0,Chase
78.788,0.000,Full real-time English opening,0.0000,1,0,0.09889,0,0,Chase
78.893,0.000,Full real-time English opening,0.0000,1,0,0.08770,0,0,Chase
78.998,0.000,Full real-time English opening,0.0000,1,0,0.07676,0,0,Chase
79.107,0.000,Full real-time English opening,0.0000,1,0,0.04206,0,0,Chase
79.208,0.000,Full real-time English opening,0.0000,1,0,0.10243,0,0,Chase
79.308,0.000,Full real-time English opening,0.0000,1,0,0.02794,0,0,Chase
79.416,0.000,Full real-time English opening,0.0000,1,0,0.00919,0,0,Chase
79.527,0.000,Full real-time English opening,0.0000,1,0,0.00037,0,0,Chase
79.636,0.000,Full real-time English opening,0.0000,1,0,0.00547,0,0,Chase
79.744,0.000,Full real-time English opening,0.0000,1,0,0.07764,0,0,Chase
79.851,0.000,Full real-time English opening,0.0000,1,0,0.09788,0,0,Chase
79.956,0.000,Full real-time English opening,0.0000,1,0,0.07963,0,0,Chase
80.062,0.000,Full real-time English opening,0.0000,1,0,0.00279,0,0,Chase
80.165,0.000,Full real-time English opening,0.0000,1,0,0.00900,0,0,Chase
80.273,0.000,Full real-time English opening,0.0000,1,0,0.09242,0,0,Chase
80.379,0.000,Full real-time English opening,0.0000,1,0,0.01511,0,0,Chase
80.481,0.000,Full real-time English opening,0.0000,1,0,0.03291,0,0,Chase
80.581,0.000,Full real-time English opening,0.0000,1,0,0.03271,0,0,Chase
80.686,0.000,Full real-time English opening,0.0000,1,0,0.06667,0,0,Chase
80.786,0.000,Full real-time English opening,0.0000,1,0,0.01818,0,0,Chase
80.894,0.000,Full real-time English opening,0.0000,1,0,0.09542,0,0,Chase
80.995,0.000,Full real-time English opening,0.0000,1,0,0.10028,0,0,Chase
81.096,0.000,Full real-time English opening,0.0000,1,0,0.11995,0,0,Chase
81.206,0.000,Full real-time English opening,0.0000,1,0,0.03099,0,0,Chase
81.309,0.000,Full real-time English opening,0.0000,1,0,0.08605,0,0,Chase
81.415,0.000,Full real-time English opening,0.0000,1,0,0.07964,0,0,Chase
81.520,0.000,Full real-time English opening,0.0000,1,0,0.06186,0,0,Chase
81.622,0.000,Full real-time English opening,0.0000,1,0,0.07027,0,0,Chase
81.725,0.000,Full real-time English opening,0.0000,1,0,0.06713,0,0,Chase
81.826,0.000,Full real-time English opening,0.0000,1,0,0.00778,0,0,Chase
81.936,0.000,Full real-time English opening,0.0000,1,0,0.00360,0,0,Chase
82.045,0.000,Full real-time English opening,0.0000,1,0,0.00013,0,0,Chase
82.147,0.000,Full real-time English opening,0.0000,1,0,0.00003,0,0,Chase
82.253,0.000,Full real-time English opening,0.0000,1,0,0.01602,0,0,Chase
82.363,0.000,Full real-time English opening,0.0000,1,0,0.01291,0,0,Chase
82.472,0.000,Full real-time English opening,0.0000,0,0,0.00000,0,0,Chase
82.573,0.000,Full real-time English opening,0.0000,0,0,0.00000,0,0,Chase
82.684,0.000,Full real-time English opening,0.0000,1,0,0.02379,0,0,Chase
82.794,0.000,Full real-time English opening,0.0000,1,0,0.00112,0,0,Chase
82.905,0.000,Full real-time English opening,0.0000,1,0,0.00103,0,0,Chase
83.012,0.000,Full real-time English opening,0.0000,1,0,0.00102,0,0,Chase
83.113,0.000,Full real-time English opening,0.0000,1,0,0.03176,0,0,Chase
83.222,0.000,Full real-time English opening,0.0000,1,0,0.15144,0,0,Chase
83.334,0.000,Full real-time English opening,0.0000,1,0,0.01902,0,0,Chase
83.435,0.000,Full real-time English opening,0.0000,1,0,0.00321,0,0,Chase
83.543,0.000,Full real-time English opening,0.0000,1,0,0.12860,0,0,Chase
83.659,0.000,Full real-time English opening,0.0000,1,0,0.11040,0,0,Chase
83.765,0.000,Full real-time English opening,0.0000,1,0,0.05625,0,0,Chase
83.877,0.000,Full real-time English opening,0.0000,1,0,0.12333,0,0,Chase
83.984,0.000,Full real-time English opening,0.0000,1,0,0.03743,0,0,Chase
84.093,0.000,Full real-time English opening,0.0000,1,0,0.12968,0,0,Chase
84.210,0.000,Full real-time English opening,0.0000,1,0,0.12577,0,0,Chase
84.317,0.000,Full real-time English opening,0.0000,1,0,0.00290,0,0,Chase
84.431,0.000,Full real-time English opening,0.0000,1,0,0.10241,0,0,Chase
84.535,0.000,Full real-time English opening,0.0000,1,0,0.09545,0,0,Chase
84.636,0.000,Full real-time English opening,0.0000,1,0,0.09074,0,0,Chase
84.745,0.000,Full real-time English opening,0.0000,1,0,0.09049,0,0,Chase
84.847,0.000,Full real-time English opening,0.0000,1,0,0.00861,0,0,Chase
84.957,0.000,Full real-time English opening,0.0000,1,0,0.02247,0,0,Chase
85.062,0.000,Full real-time English opening,0.0000,1,0,0.01134,0,0,Chase
85.166,0.000,Full real-time English opening,0.0000,1,0,0.00210,0,0,Chase
85.269,0.000,Full real-time English opening,0.0000,1,0,0.07421,0,0,Chase
85.374,0.000,Full real-time English opening,0.0000,1,0,0.02641,0,0,Chase
85.481,0.000,Full real-time English opening,0.0000,1,0,0.00058,0,0,Chase
85.584,0.000,Full real-time English opening,0.0000,1,0,0.13418,0,0,Chase
85.687,0.000,Full real-time English opening,0.0000,1,0,0.00128,0,0,Chase
85.795,0.000,Full real-time English opening,0.0000,1,0,0.06790,0,0,Chase
85.897,0.000,Full real-time English opening,0.0000,1,0,0.06774,0,0,Chase
85.999,0.000,Full real-time English opening,0.0000,1,0,0.13052,0,0,Chase
86.107,0.000,Full real-time English opening,0.0000,1,0,0.04060,0,0,Chase
86.213,0.000,Full real-time English opening,0.0000,1,0,0.04972,0,0,Chase
86.317,0.000,Full real-time English opening,0.0000,1,0,0.00140,0,0,Chase
86.425,0.000,Full real-time English opening,0.0000,1,0,0.00153,0,0,Chase
86.536,0.000,Full real-time English opening,0.0000,1,0,0.00123,0,0,Chase
86.639,0.000,Full real-time English opening,0.0000,1,0,0.00105,0,0,Chase
86.744,0.000,Full real-time English opening,0.0000,1,0,0.13074,0,0,Chase
86.847,0.000,Full real-time English opening,0.0000,1,0,0.13403,0,0,Chase
86.950,0.000,Full real-time English opening,0.0000,1,0,0.06838,0,0,Chase
87.050,0.000,Full real-time English opening,0.0000,1,0,0.01882,0,0,Chase
87.155,0.000,Full real-time English opening,0.0000,1,0,0.08421,0,0,Chase
87.260,0.000,Full real-time English opening,0.0000,1,0,0.09960,0,0,Chase
87.361,0.000,Full real-time English opening,0.0000,1,0,0.06060,0,0,Chase
87.472,0.000,Full real-time English opening,0.0000,1,0,0.11893,0,0,Chase
87.577,0.000,Full real-time English opening,0.0000,1,0,0.16189,0,0,Chase
87.684,0.000,Full real-time English opening,0.0000,1,0,0.10848,0,0,Chase
87.788,0.000,Full real-time English opening,0.0000,1,0,0.03705,0,0,Chase
87.889,0.000,Full real-time English opening,0.0000,1,0,0.01338,0,0,Chase
87.990,0.000,Full real-time English opening,0.0000,1,0,0.08235,0,0,Chase
88.094,0.000,Full real-time English opening,0.0000,1,0,0.00393,0,0,Chase
88.196,0.000,Full real-time English opening,0.0000,1,0,0.14389,0,0,Chase
88.296,0.000,Full real-time English opening,0.0000,1,0,0.03799,0,0,Chase
88.401,0.000,Full real-time English opening,0.0000,1,0,0.00293,0,0,Chase
88.513,0.000,Full real-time English opening,0.0000,1,0,0.02355,0,0,Chase
88.621,0.000,Full real-time English opening,0.0000,1,0,0.09828,0,0,Chase
88.725,0.000,Full real-time English opening,0.0000,1,0,0.09258,0,0,Chase
88.827,0.000,Full real-time English opening,0.0000,1,0,0.03246,0,0,Chase
88.928,0.000,Full real-time English opening,0.0000,1,0,0.00109,0,0,Chase
89.033,0.000,Full real-time English opening,0.0000,1,0,0.00124,0,0,Chase
89.137,0.000,Full real-time English opening,0.0000,1,0,0.00106,0,0,Chase
89.247,0.000,Full real-time English opening,0.0000,1,0,0.00120,0,0,Chase
89.355,0.000,Full real-time English opening,0.0000,1,0,0.03476,0,0,Chase
89.456,0.000,Full real-time English opening,0.0000,1,0,0.06370,0,0,Chase
89.564,0.000,Full real-time English opening,0.0000,1,0,0.02271,0,0,Chase
89.668,0.000,Full real-time English opening,0.0000,1,0,0.16985,0,0,Chase
89.775,0.000,Full real-time English opening,0.0000,1,0,0.00032,0,0,Chase
89.878,0.000,Full real-time English opening,0.0000,1,0,0.03762,0,0,Chase
89.979,0.000,Full real-time English opening,0.0000,1,0,0.08155,0,0,Chase
90.086,0.000,Full real-time English opening,0.0000,1,0,0.02374,0,0,Chase
90.191,0.000,Full real-time English opening,0.0000,1,0,0.06067,0,0,Chase
90.294,0.000,Full real-time English opening,0.0000,1,0,0.07984,0,0,Chase
90.395,0.000,Full real-time English opening,0.0000,1,0,0.07931,0,0,Chase
90.500,0.000,Full real-time English opening,0.0000,1,0,0.02855,0,0,Chase
90.610,0.000,Full real-time English opening,0.0000,1,0,0.00328,0,0,Chase
90.711,0.000,Full real-time English opening,0.0000,1,0,0.10908,0,0,Chase
90.814,0.000,Full real-time English opening,0.0000,1,0,0.06303,0,0,Chase
90.919,0.000,Full real-time English opening,0.0000,1,0,0.13223,0,0,Chase
91.022,0.000,Full real-time English opening,0.0000,1,0,0.07065,0,0,Chase
91.127,0.000,Full real-time English opening,0.0000,1,0,0.03382,0,0,Chase
91.228,0.000,Full real-time English opening,0.0000,1,0,0.00805,0,0,Chase
91.338,0.000,Full real-time English opening,0.0000,1,0,0.00104,0,0,Chase
91.442,0.000,Full real-time English opening,0.0000,1,0,0.00106,0,0,Chase
91.544,0.000,Full real-time English opening,0.0000,1,0,0.00103,0,0,Chase
91.653,0.000,Full real-time English opening,0.0000,1,0,0.00111,0,0,Chase
91.753,0.000,Full real-time English opening,0.0000,1,0,0.00099,0,0,Chase
91.859,0.000,Full real-time English opening,0.0000,1,0,0.00113,0,0,Chase
91.968,0.000,Full real-time English opening,0.0000,1,0,0.02583,0,0,Chase
92.077,0.000,Full real-time English opening,0.0000,1,0,0.04220,0,0,Chase
92.185,0.000,Full real-time English opening,0.0000,1,0,0.01273,0,0,Chase
92.291,0.000,Full real-time English opening,0.0000,1,0,0.00126,0,0,Chase
92.394,0.000,Full real-time English opening,0.0000,1,0,0.00662,0,0,Chase
92.498,0.000,Full real-time English opening,0.0000,1,0,0.00607,0,0,Chase
92.599,0.000,Full real-time English opening,0.0000,1,0,0.01098,0,0,Chase
92.707,0.000,Full real-time English opening,0.0000,1,0,0.00618,0,0,Chase
92.813,0.000,Full real-time English opening,0.0000,1,0,0.00104,0,0,Chase
92.920,0.000,Full real-time English opening,0.0000,1,0,0.04105,0,0,Chase
93.029,0.000,Full real-time English opening,0.0000,1,0,0.00531,0,0,Chase
93.132,0.000,Full real-time English opening,0.0000,1,0,0.00607,0,0,Chase
93.236,0.000,Full real-time English opening,0.0000,1,0,0.00130,0,0,Chase
93.345,0.000,Full real-time English opening,0.0000,1,0,0.00099,0,0,Chase
93.449,0.000,Full real-time English opening,0.0000,1,0,0.00111,0,0,Chase
93.551,0.000,Full real-time English opening,0.0000,1,0,0.00105,0,0,Chase
93.655,0.000,Full real-time English opening,0.0000,1,0,0.01534,0,0,Chase
93.763,0.000,Full real-time English opening,0.0000,1,0,0.01225,0,0,Chase
93.868,0.000,Full real-time English opening,0.0000,0,0,0.00000,0,0,Chase
93.977,0.000,Full real-time English opening,0.0000,1,0,0.00000,0,0,Chase
94.084,0.000,Full real-time English opening,0.0000,1,0,0.02132,0,0,Chase
94.186,0.000,Full real-time English opening,0.0000,1,0,0.00111,0,0,Chase
94.293,0.000,Full real-time English opening,0.0000,1,0,0.00103,0,0,Chase
94.398,0.000,Full real-time English opening,0.0000,1,0,0.00104,0,0,Chase
94.502,0.000,Full real-time English opening,0.0000,1,0,0.13488,0,0,Chase
94.611,0.000,Full real-time English opening,0.0000,1,0,0.09690,0,0,Chase
94.720,0.000,Full real-time English opening,0.0000,1,0,0.12573,0,0,Chase
94.828,0.000,Full real-time English opening,0.0000,1,0,0.02695,0,0,Chase
94.938,0.000,Full real-time English opening,0.0000,1,0,0.10253,0,0,Chase
95.040,0.000,Full real-time English opening,0.0000,1,0,0.05265,0,0,Chase
95.141,0.000,Full real-time English opening,0.0000,1,0,0.00100,0,0,Chase
95.246,0.000,Full real-time English opening,0.0000,1,0,0.15818,0,0,Chase
95.347,0.000,Full real-time English opening,0.0000,1,0,0.01740,0,0,Chase
95.456,0.000,Full real-time English opening,0.0000,1,0,0.03221,0,0,Chase
95.564,0.000,Full real-time English opening,0.0000,1,0,0.12191,0,0,Chase
95.664,0.000,Full real-time English opening,0.0000,1,0,0.11551,0,0,Chase
95.764,0.000,Full real-time English opening,0.0000,1,0,0.05588,0,0,Chase
95.867,0.000,Full real-time English opening,0.0000,1,0,0.00127,0,0,Chase
95.973,0.000,Full real-time English opening,0.0000,1,0,0.01177,0,0,Chase
96.074,0.000,Full real-time English opening,0.0000,1,0,0.00084,0,0,Chase
96.176,0.000,Full real-time English opening,0.0000,1,0,0.12603,0,0,Chase
96.279,0.000,Full real-time English opening,0.0000,1,0,0.00490,0,0,Chase
96.381,0.000,Full real-time English opening,0.0000,1,0,0.06216,0,0,Chase
96.486,0.000,Full real-time English opening,0.0000,1,0,0.00394,0,0,Chase
96.588,0.000,Full real-time English opening,0.0000,1,0,0.02983,0,0,Chase
96.697,0.000,Full real-time English opening,0.0000,1,0,0.16050,0,0,Chase
96.804,0.000,Full real-time English opening,0.0000,1,0,0.09373,0,0,Chase
96.912,0.000,Full real-time English opening,0.0000,1,0,0.03166,0,0,Chase
97.013,0.000,Full real-time English opening,0.0000,1,0,0.09616,0,0,Chase
97.119,0.000,Full real-time English opening,0.0000,1,0,0.00690,0,0,Chase
97.220,0.000,Full real-time English opening,0.0000,1,0,0.03069,0,0,Chase
97.327,0.000,Full real-time English opening,0.0000,1,0,0.03943,0,0,Chase
97.435,0.000,Full real-time English opening,0.0000,1,0,0.00901,0,0,Chase
97.537,0.000,Full real-time English opening,0.0000,1,0,0.03043,0,0,Chase
97.643,0.000,Full real-time English opening,0.0000,1,0,0.00083,0,0,Chase
97.752,0.000,Full real-time English opening,0.0000,1,0,0.00093,0,0,Chase
97.856,0.000,Full real-time English opening,0.0000,1,0,0.04345,0,0,Chase
97.960,0.000,Full real-time English opening,0.0000,1,0,0.07370,0,0,Chase
98.064,0.000,Full real-time English opening,0.0000,1,0,0.12036,0,0,Chase
98.172,0.000,Full real-time English opening,0.0000,1,0,0.00036,0,0,Chase
98.276,0.000,Full real-time English opening,0.0000,1,0,0.09569,0,0,Chase
98.379,0.000,Full real-time English opening,0.0000,1,0,0.05377,0,0,Chase
98.487,0.000,Full real-time English opening,0.0000,1,0,0.04605,0,0,Chase
98.594,0.000,Full real-time English opening,0.0000,1,0,0.05488,0,0,Chase
98.701,0.000,Full real-time English opening,0.0000,1,0,0.11849,0,0,Chase
98.807,0.000,Full real-time English opening,0.0000,1,0,0.01225,0,0,Chase
98.914,0.000,Full real-time English opening,0.0000,1,0,0.06648,0,0,Chase
99.025,0.000,Full real-time English opening,0.0000,1,0,0.03524,0,0,Chase
99.134,0.000,Full real-time English opening,0.0000,1,0,0.11373,0,0,Chase
99.242,0.000,Full real-time English opening,0.0000,1,0,0.05205,0,0,Chase
99.345,0.000,Full real-time English opening,0.0000,1,0,0.00920,0,0,Chase
99.450,0.000,Full real-time English opening,0.0000,1,0,0.05416,0,0,Chase
99.558,0.000,Full real-time English opening,0.0000,1,0,0.13027,0,0,Chase
99.662,0.000,Full real-time English opening,0.0000,1,0,0.06836,0,0,Chase
99.770,0.000,Full real-time English opening,0.0000,1,0,0.11894,0,0,Chase
99.880,0.000,Full real-time English opening,0.0000,1,0,0.03198,0,0,Chase
99.983,0.000,Full real-time English opening,0.0000,1,0,0.10817,0,0,Chase
100.089,0.000,Full real-time English opening,0.0000,1,0,0.04000,0,0,Chase
100.196,0.000,Full real-time English opening,0.0000,1,0,0.01314,0,0,Chase
100.297,0.000,Full real-time English opening,0.0000,1,0,0.00223,0,0,Chase
100.401,0.000,Full real-time English opening,0.0000,1,0,0.00241,0,0,Chase
100.506,0.000,Full real-time English opening,0.0000,1,0,0.00357,0,0,Chase
100.608,0.000,Full real-time English opening,0.0000,1,0,0.02788,0,0,Chase
100.713,0.000,Full real-time English opening,0.0000,1,0,0.03563,0,0,Chase
100.822,0.000,Full real-time English opening,0.0000,1,0,0.05812,0,0,Chase
100.925,0.000,Full real-time English opening,0.0000,1,0,0.00757,0,0,Chase
101.026,0.000,Full real-time English opening,0.0000,1,0,0.01281,0,0,Chase
101.128,0.000,Full real-time English opening,0.0000,1,0,0.04687,0,0,Chase
101.236,0.000,Full real-time English opening,0.0000,1,0,0.07722,0,0,Chase
101.344,0.000,Full real-time English opening,0.0000,1,0,0.05130,0,0,Chase
101.452,0.000,Full real-time English opening,0.0000,1,0,0.02859,0,0,Chase
101.558,0.000,Full real-time English opening,0.0000,1,0,0.17885,0,0,Chase
101.668,0.000,Full real-time English opening,0.0000,1,0,0.13054,0,0,Chase
101.775,0.000,Full real-time English opening,0.0000,1,0,0.07255,0,0,Chase
101.883,0.000,Full real-time English opening,0.0000,1,0,0.10796,0,0,Chase
101.988,0.000,Full real-time English opening,0.0000,1,0,0.03864,0,0,Chase
102.092,0.000,Full real-time English opening,0.0000,1,0,0.01335,0,0,Chase
102.199,0.000,Full real-time English opening,0.0000,1,0,0.13914,0,0,Chase
102.305,0.000,Full real-time English opening,0.0000,1,0,0.14776,0,0,Chase
102.414,0.000,Full real-time English opening,0.0000,1,0,0.03364,0,0,Chase
102.519,0.000,Full real-time English opening,0.0000,1,0,0.01362,0,0,Chase
102.625,0.000,Full real-time English opening,0.0000,1,0,0.00450,0,0,Chase
102.727,0.000,Full real-time English opening,0.0000,1,0,0.11606,0,0,Chase
102.832,0.000,Full real-time English opening,0.0000,1,0,0.03590,0,0,Chase
102.937,0.000,Full real-time English opening,0.0000,1,0,0.06868,0,0,Chase
103.039,0.000,Full real-time English opening,0.0000,1,0,0.09112,0,0,Chase
103.149,0.000,Full real-time English opening,0.0000,1,0,0.10999,0,0,Chase
103.258,0.000,Full real-time English opening,0.0000,1,0,0.00372,0,0,Chase
103.359,0.000,Full real-time English opening,0.0000,1,0,0.07205,0,0,Chase
103.468,0.000,Full real-time English opening,0.0000,1,0,0.01628,0,0,Chase
103.575,0.000,Full real-time English opening,0.0000,1,0,0.00235,0,0,Chase
103.687,0.000,Full real-time English opening,0.0000,1,0,0.00094,0,0,Chase
103.788,0.000,Full real-time English opening,0.0000,1,0,0.00113,0,0,Chase
103.897,0.000,Full real-time English opening,0.0000,1,0,0.01424,0,0,Chase
104.009,0.000,Full real-time English opening,0.0000,1,0,0.01347,0,0,Chase
104.110,0.000,Full real-time English opening,0.0000,0,0,0.00000,0,0,Chase
104.222,0.000,Full real-time English opening,0.0000,1,0,0.02108,0,0,Chase
104.331,0.000,Full real-time English opening,0.0000,1,0,0.02132,0,0,Chase
104.443,0.000,Full real-time English opening,0.0000,1,0,0.00124,0,0,Chase
104.555,0.000,Full real-time English opening,0.0000,1,0,0.01740,0,0,Chase
104.655,0.000,Full real-time English opening,0.0000,1,0,0.00111,0,0,Chase
104.758,0.000,Full real-time English opening,0.0000,1,0,0.00117,0,0,Chase
104.864,0.000,Full real-time English opening,0.0000,1,0,0.12439,0,0,Chase
104.970,0.000,Full real-time English opening,0.0000,1,0,0.01550,0,0,Chase
105.073,0.000,Full real-time English opening,0.0000,1,0,0.00690,0,0,Chase
105.178,0.000,Full real-time English opening,0.0000,1,0,0.14877,0,0,Chase
105.287,0.000,Full real-time English opening,0.0000,1,0,0.13801,0,0,Chase
105.393,0.000,Full real-time English opening,0.0000,1,0,0.11679,0,0,Chase
105.498,0.000,Full real-time English opening,0.0000,1,0,0.05706,0,0,Chase
105.600,0.000,Full real-time English opening,0.0000,1,0,0.03131,0,0,Chase
105.701,0.000,Full real-time English opening,0.0000,1,0,0.00093,0,0,Chase
105.804,0.000,Full real-time English opening,0.0000,1,0,0.00103,0,0,Chase
105.909,0.000,Full real-time English opening,0.0000,1,0,0.00120,0,0,Chase
106.012,0.000,Full real-time English opening,0.0000,1,0,0.00124,0,0,Chase
106.115,0.000,Full real-time English opening,0.0000,1,0,0.13360,0,0,Chase
106.220,0.000,Full real-time English opening,0.0000,1,0,0.00044,0,0,Chase
106.330,0.000,Full real-time English opening,0.0000,1,0,0.08287,0,0,Chase
106.434,0.000,Full real-time English opening,0.0000,1,0,0.01351,0,0,Chase
106.539,0.000,Full real-time English opening,0.0000,1,0,0.01592,0,0,Chase
106.640,0.000,Full real-time English opening,0.0000,1,0,0.08429,0,0,Chase
106.742,0.000,Full real-time English opening,0.0000,1,0,0.01768,0,0,Chase
106.851,0.000,Full real-time English opening,0.0000,1,0,0.02767,0,0,Chase
106.958,0.000,Full real-time English opening,0.0000,1,0,0.10289,0,0,Chase
107.060,0.000,Full real-time English opening,0.0000,1,0,0.08637,0,0,Chase
107.165,0.000,Full real-time English opening,0.0000,1,0,0.13017,0,0,Chase
107.277,0.000,Full real-time English opening,0.0000,1,0,0.12147,0,0,Chase
107.380,0.000,Full real-time English opening,0.0000,1,0,0.11730,0,0,Chase
107.480,0.000,Full real-time English opening,0.0000,1,0,0.00041,0,0,Chase
107.583,0.000,Full real-time English opening,0.0000,1,0,0.03117,0,0,Chase
107.688,0.000,Full real-time English opening,0.0000,1,0,0.00114,0,0,Chase
107.791,0.000,Full real-time English opening,0.0000,1,0,0.00113,0,0,Chase
107.901,0.000,Full real-time English opening,0.0000,1,0,0.00108,0,0,Chase
108.013,0.000,Full real-time English opening,0.0000,1,0,0.00112,0,0,Chase
108.118,0.000,Full real-time English opening,0.0000,1,0,0.02471,0,0,Chase
108.229,0.000,Full real-time English opening,0.0000,1,0,0.11753,0,0,Chase
108.331,0.000,Full real-time English opening,0.0000,1,0,0.00080,0,0,Chase
108.432,0.000,Full real-time English opening,0.0000,1,0,0.12337,0,0,Chase
108.536,0.000,Full real-time English opening,0.0000,1,0,0.15820,0,0,Chase
108.638,0.000,Full real-time English opening,0.0000,1,0,0.06939,0,0,Chase
108.738,0.000,Full real-time English opening,0.0000,1,0,0.04599,0,0,Chase
108.844,0.000,Full real-time English opening,0.0000,1,0,0.10563,0,0,Chase
108.951,0.000,Full real-time English opening,0.0000,1,0,0.00394,0,0,Chase
109.057,0.000,Full real-time English opening,0.0000,1,0,0.05312,0,0,Chase
109.163,0.000,Full real-time English opening,0.0000,1,0,0.01900,0,0,Chase
109.264,0.000,Full real-time English opening,0.0000,1,0,0.01804,0,0,Chase
109.375,0.000,Full real-time English opening,0.0000,1,0,0.03536,0,0,Chase
109.478,0.000,Full real-time English opening,0.0000,1,0,0.17516,0,0,Chase
109.580,0.000,Full real-time English opening,0.0000,1,0,0.00400,0,0,Chase
109.690,0.000,Full real-time English opening,0.0000,1,0,0.14295,0,0,Chase
109.791,0.000,Full real-time English opening,0.0000,1,0,0.09063,0,0,Chase
109.900,0.000,Full real-time English opening,0.0000,1,0,0.06271,0,0,Chase
110.001,0.000,Full real-time English opening,0.0000,1,0,0.00317,0,0,Chase
110.109,0.000,Full real-time English opening,0.0000,1,0,0.12769,0,0,Chase
110.219,0.000,Full real-time English opening,0.0000,1,0,0.01697,0,0,Chase
110.331,0.000,Full real-time English opening,0.0000,1,0,0.04721,0,0,Chase
110.433,0.000,Full real-time English opening,0.0000,1,0,0.02586,0,0,Chase
110.543,0.000,Full real-time English opening,0.0000,1,0,0.11998,0,0,Chase
110.651,0.000,Full real-time English opening,0.0000,1,0,0.10707,0,0,Chase
110.761,0.000,Full real-time English opening,0.0000,1,0,0.13901,0,0,Chase
110.868,0.000,Full real-time English opening,0.0000,1,0,0.00066,0,0,Chase
110.979,0.000,Full real-time English opening,0.0000,1,0,0.04825,0,0,Chase
111.087,0.000,Full real-time English opening,0.0000,1,0,0.05146,0,0,Chase
111.198,0.000,Full real-time English opening,0.0000,1,0,0.01591,0,0,Chase
111.308,0.000,Full real-time English opening,0.0000,1,0,0.03760,0,0,Chase
111.415,0.000,Full real-time English opening,0.0000,1,0,0.10661,0,0,Chase
111.516,0.000,Full real-time English opening,0.0000,1,0,0.03941,0,0,Chase
111.624,0.000,Full real-time English opening,0.0000,1,0,0.01383,0,0,Chase
111.735,0.000,Full real-time English opening,0.0000,1,0,0.00137,0,0,Chase
111.838,0.000,Full real-time English opening,0.0000,1,0,0.00109,0,0,Chase
111.943,0.000,Full real-time English opening,0.0000,1,0,0.00115,0,0,Chase
112.053,0.000,Full real-time English opening,0.0000,1,0,0.00106,0,0,Chase
112.165,0.000,Full real-time English opening,0.0000,1,0,0.00118,0,0,Chase
112.265,0.000,Full real-time English opening,0.0000,1,0,0.00106,0,0,Chase
112.368,0.000,Full real-time English opening,0.0000,1,0,0.01335,0,0,Chase
112.476,0.000,Full real-time English opening,0.0000,1,0,0.01297,0,0,Chase
112.589,0.000,Full real-time English opening,0.0000,0,0,0.00000,0,0,Chase
112.698,0.000,Full real-time English opening,0.0000,1,0,0.02108,0,0,Chase
112.802,0.000,Full real-time English opening,0.0000,1,0,0.02132,0,0,Chase
112.907,0.000,Full real-time English opening,0.0000,1,0,0.00116,0,0,Chase
113.010,0.000,Full real-time English opening,0.0000,1,0,0.01708,0,0,Chase
113.117,0.000,Full real-time English opening,0.0000,1,0,0.11447,0,0,Chase
113.225,0.000,Full real-time English opening,0.0000,1,0,0.06139,0,0,Chase
113.336,0.000,Full real-time English opening,0.0000,1,0,0.16178,0,0,Chase
113.439,0.000,Full real-time English opening,0.0000,1,0,0.01630,0,0,Chase
113.540,0.000,Full real-time English opening,0.0000,1,0,0.09298,0,0,Chase
113.642,0.000,Full real-time English opening,0.0000,1,0,0.10588,0,0,Chase
113.749,0.000,Full real-time English opening,0.0000,1,0,0.14302,0,0,Chase
113.850,0.000,Full real-time English opening,0.0000,1,0,0.10349,0,0,Chase
113.952,0.000,Full real-time English opening,0.0000,1,0,0.05258,0,0,Chase
114.054,0.000,Full real-time English opening,0.0000,1,0,0.14633,0,0,Chase
114.163,0.000,Full real-time English opening,0.0000,1,0,0.01253,0,0,Chase
114.266,0.000,Full real-time English opening,0.0000,1,0,0.13702,0,0,Chase
114.377,0.000,Full real-time English opening,0.0000,1,0,0.04819,0,0,Chase
114.480,0.000,Full real-time English opening,0.0000,1,0,0.05740,0,0,Chase
114.589,0.000,Full real-time English opening,0.0000,1,0,0.03294,0,0,Chase
114.700,0.000,Full real-time English opening,0.0000,1,0,0.00560,0,0,Chase
114.809,0.000,Full real-time English opening,0.0000,1,0,0.11180,0,0,Chase
114.916,0.000,Full real-time English opening,0.0000,1,0,0.01350,0,0,Chase
115.027,0.000,Full real-time English opening,0.0000,1,0,0.04445,0,0,Chase
115.130,0.000,Full real-time English opening,0.0000,1,0,0.07476,0,0,Chase
115.231,0.000,Full real-time English opening,0.0000,1,0,0.01325,0,0,Chase
115.332,0.000,Full real-time English opening,0.0000,1,0,0.18980,0,0,Chase
115.442,0.000,Full real-time English opening,0.0000,1,0,0.13039,0,0,Chase
115.546,0.000,Full real-time English opening,0.0000,1,0,0.00566,0,0,Chase
115.653,0.000,Full real-time English opening,0.0000,1,0,0.06271,0,0,Chase
115.755,0.000,Full real-time English opening,0.0000,1,0,0.03401,0,0,Chase
115.857,0.000,Full real-time English opening,0.0000,1,0,0.08881,0,0,Chase
115.957,0.000,Full real-time English opening,0.0000,1,0,0.00714,0,0,Chase
116.067,0.000,Full real-time English opening,0.0000,1,0,0.01183,0,0,Chase
116.176,0.000,Full real-time English opening,0.0000,1,0,0.05629,0,0,Chase
116.277,0.000,Full real-time English opening,0.0000,1,0,0.07492,0,0,Chase
116.377,0.000,Full real-time English opening,0.0000,1,0,0.01040,0,0,Chase
116.488,0.000,Full real-time English opening,0.0000,1,0,0.03432,0,0,Chase
116.600,0.000,Full real-time English opening,0.0000,1,0,0.03095,0,0,Chase
116.703,0.000,Full real-time English opening,0.0000,1,0,0.03296,0,0,Chase
116.804,0.000,Full real-time English opening,0.0000,1,0,0.01557,0,0,Chase
116.910,0.000,Full real-time English opening,0.0000,1,0,0.04627,0,0,Chase
117.021,0.000,Full real-time English opening,0.0000,1,0,0.01984,0,0,Chase
117.132,0.000,Full real-time English opening,0.0000,1,0,0.00148,0,0,Chase
117.240,0.000,Full real-time English opening,0.0000,1,0,0.00230,0,0,Chase
117.349,0.000,Full real-time English opening,0.0000,1,0,0.00114,0,0,Chase
117.454,0.000,Full real-time English opening,0.0000,1,0,0.07300,0,0,Chase
117.564,0.000,Full real-time English opening,0.0000,1,0,0.05111,0,0,Chase
117.664,0.000,Full real-time English opening,0.0000,1,0,0.11169,0,0,Chase
117.769,0.000,Full real-time English opening,0.0000,1,0,0.10465,0,0,Chase
117.875,0.000,Full real-time English opening,0.0000,1,0,0.04161,0,0,Chase
117.982,0.000,Full real-time English opening,0.0000,1,0,0.06340,0,0,Chase
118.083,0.000,Full real-time English opening,0.0000,1,0,0.10975,0,0,Chase
118.193,0.000,Full real-time English opening,0.0000,1,0,0.07422,0,0,Chase
118.300,0.000,Full real-time English opening,0.0000,1,0,0.06590,0,0,Chase
118.403,0.000,Full real-time English opening,0.0000,1,0,0.00103,0,0,Chase
118.513,0.000,Full real-time English opening,0.0000,1,0,0.16112,0,0,Chase
118.617,0.000,Full real-time English opening,0.0000,1,0,0.13028,0,0,Chase
118.726,0.000,Full real-time English opening,0.0000,1,0,0.05715,0,0,Chase
118.831,0.000,Full real-time English opening,0.0000,1,0,0.11552,0,0,Chase
118.936,0.000,Full real-time English opening,0.0000,1,0,0.11728,0,0,Chase
119.042,0.000,Full real-time English opening,0.0000,1,0,0.00312,0,0,Chase
119.151,0.000,Full real-time English opening,0.0000,1,0,0.09387,0,0,Chase
119.260,0.000,Full real-time English opening,0.0000,1,0,0.10094,0,0,Chase
119.370,0.000,Full real-time English opening,0.0000,1,0,0.00058,0,0,Chase
119.478,0.000,Full real-time English opening,0.0000,1,0,0.12950,0,0,Chase
119.579,0.000,Full real-time English opening,0.0000,1,0,0.09459,0,0,Chase
119.680,0.000,Full real-time English opening,0.0000,1,0,0.03011,0,0,Chase
119.780,0.000,Full real-time English opening,0.0000,1,0,0.08380,0,0,Chase
119.890,0.000,Full real-time English opening,0.0000,1,0,0.00057,0,0,Chase
119.997,0.000,Full real-time English opening,0.0000,1,0,0.08192,0,0,Chase
120.109,0.000,Full real-time English opening,0.0000,1,0,0.06618,0,0,Chase
120.220,0.000,Full real-time English opening,0.0000,1,0,0.01087,0,0,Chase
120.321,0.000,Full real-time English opening,0.0000,1,0,0.05091,0,0,Chase
120.433,0.000,Full real-time English opening,0.0000,1,0,0.05912,0,0,Chase
120.540,0.000,Full real-time English opening,0.0000,1,0,0.00426,0,0,Chase
120.640,0.000,Full real-time English opening,0.0000,1,0,0.13197,0,0,Chase
120.741,0.000,Full real-time English opening,0.0000,1,0,0.05699,0,0,Chase
120.850,0.000,Full real-time English opening,0.0000,1,0,0.02845,0,0,Chase
120.954,0.000,Full real-time English opening,0.0000,1,0,0.02537,0,0,Chase
121.062,0.000,Full real-time English opening,0.0000,1,0,0.09588,0,0,Chase
121.164,0.000,Full real-time English opening,0.0000,1,0,0.02072,0,0,Chase
121.277,0.000,Full real-time English opening,0.0000,1,0,0.06522,0,0,Chase
121.383,0.000,Full real-time English opening,0.0000,1,0,0.01610,0,0,Chase
121.487,0.000,Full real-time English opening,0.0000,1,0,0.00102,0,0,Chase
121.595,0.000,Full real-time English opening,0.0000,1,0,0.00090,0,0,Chase
121.706,0.000,Full real-time English opening,0.0000,1,0,0.00112,0,0,Chase
121.816,0.000,Full real-time English opening,0.0000,1,0,0.01466,0,0,Chase
121.923,0.000,Full real-time English opening,0.0000,1,0,0.01064,0,0,Chase
122.032,0.000,Full real-time English opening,0.0000,0,0,0.00000,0,0,Chase
122.141,0.000,Full real-time English opening,0.0000,1,0,0.02151,0,0,Chase
122.241,0.000,Full real-time English opening,0.0000,1,0,0.01596,0,0,Chase
122.342,0.000,Full real-time English opening,0.0000,1,0,0.00116,0,0,Chase
122.442,0.000,Full real-time English opening,0.0000,1,0,0.01659,0,0,Chase
122.553,0.000,Full real-time English opening,0.0000,1,0,0.00109,0,0,Chase
122.662,0.000,Full real-time English opening,0.0000,1,0,0.10916,0,0,Chase
122.765,0.000,Full real-time English opening,0.0000,1,0,0.01695,0,0,Chase
122.873,0.000,Full real-time English opening,0.0000,1,0,0.03028,0,0,Chase
122.980,0.000,Full real-time English opening,0.0000,1,0,0.11652,0,0,Chase
123.091,0.000,Full real-time English opening,0.0000,1,0,0.00229,0,0,Chase
123.198,0.000,Full real-time English opening,0.0000,1,0,0.05855,0,0,Chase
123.309,0.000,Full real-time English opening,0.0000,1,0,0.02810,0,0,Chase
123.418,0.000,Full real-time English opening,0.0000,1,0,0.00125,0,0,Chase
123.525,0.000,Full real-time English opening,0.0000,1,0,0.00210,0,0,Chase
123.630,0.000,Full real-time English opening,0.0000,1,0,0.11257,0,0,Chase
123.737,0.000,Full real-time English opening,0.0000,1,0,0.00879,0,0,Chase
123.842,0.000,Full real-time English opening,0.0000,1,0,0.02580,0,0,Chase
123.943,0.000,Full real-time English opening,0.0000,1,0,0.06171,0,0,Chase
124.053,0.000,Full real-time English opening,0.0000,1,0,0.02246,0,0,Chase
124.157,0.000,Full real-time English opening,0.0000,1,0,0.00848,0,0,Chase
124.267,0.000,Full real-time English opening,0.0000,1,0,0.03070,0,0,Chase
124.369,0.000,Full real-time English opening,0.0000,1,0,0.02539,0,0,Chase
124.475,0.000,Full real-time English opening,0.0000,1,0,0.00171,0,0,Chase
124.584,0.000,Full real-time English opening,0.0000,1,0,0.00556,0,0,Chase
124.686,0.000,Full real-time English opening,0.0000,1,0,0.00563,0,0,Chase
124.791,0.000,Full real-time English opening,0.0000,1,0,0.00720,0,0,Chase
124.894,0.000,Full real-time English opening,0.0000,1,0,0.01807,0,0,Chase
124.999,0.000,Full real-time English opening,0.0000,1,0,0.11503,0,0,Chase
125.103,0.000,Full real-time English opening,0.0000,1,0,0.08547,0,0,Chase
125.210,0.000,Full real-time English opening,0.0000,1,0,0.08878,0,0,Chase
125.314,0.000,Full real-time English opening,0.0000,1,0,0.06631,0,0,Chase
125.421,0.000,Full real-time English opening,0.0000,1,0,0.05582,0,0,Chase
125.533,0.000,Full real-time English opening,0.0000,1,0,0.00815,0,0,Chase
125.645,0.000,Full real-time English opening,0.0000,1,0,0.08419,0,0,Chase
125.746,0.000,Full real-time English opening,0.0000,1,0,0.00438,0,0,Chase
125.847,0.000,Full real-time English opening,0.0000,1,0,0.05807,0,0,Chase
125.949,0.000,Full real-time English opening,0.0000,1,0,0.02390,0,0,Chase
126.049,0.000,Full real-time English opening,0.0000,1,0,0.03760,0,0,Chase
126.155,0.000,Full real-time English opening,0.0000,1,0,0.01718,0,0,Chase
126.260,0.000,Full real-time English opening,0.0000,1,0,0.10260,0,0,Chase
126.370,0.000,Full real-time English opening,0.0000,1,0,0.07275,0,0,Chase
126.481,0.000,Full real-time English opening,0.0000,1,0,0.07293,0,0,Chase
126.583,0.000,Full real-time English opening,0.0000,1,0,0.13336,0,0,Chase
126.688,0.000,Full real-time English opening,0.0000,1,0,0.12647,0,0,Chase
126.791,0.000,Full real-time English opening,0.0000,1,0,0.05567,0,0,Chase
126.894,0.000,Full real-time English opening,0.0000,1,0,0.00240,0,0,Chase
127.001,0.000,Full real-time English opening,0.0000,1,0,0.00091,0,0,Chase
127.107,0.000,Full real-time English opening,0.0000,1,0,0.14222,0,0,Chase
127.216,0.000,Full real-time English opening,0.0000,1,0,0.11302,0,0,Chase
127.326,0.000,Full real-time English opening,0.0000,1,0,0.06097,0,0,Chase
127.429,0.000,Full real-time English opening,0.0000,1,0,0.04098,0,0,Chase
127.530,0.000,Full real-time English opening,0.0000,1,0,0.07223,0,0,Chase
127.634,0.000,Full real-time English opening,0.0000,1,0,0.00968,0,0,Chase
127.737,0.000,Full real-time English opening,0.0000,1,0,0.00724,0,0,Chase
127.844,0.000,Full real-time English opening,0.0000,1,0,0.00408,0,0,Chase
127.944,0.000,Full real-time English opening,0.0000,1,0,0.06731,0,0,Chase
128.052,0.000,Full real-time English opening,0.0000,1,0,0.00063,0,0,Chase
128.162,0.000,Full real-time English opening,0.0000,1,0,0.11519,0,0,Chase
128.269,0.000,Full real-time English opening,0.0000,1,0,0.01625,0,0,Chase
128.370,0.000,Full real-time English opening,0.0000,1,0,0.00217,0,0,Chase
128.474,0.000,Full real-time English opening,0.0000,1,0,0.07562,0,0,Chase
128.577,0.000,Full real-time English opening,0.0000,1,0,0.06498,0,0,Chase
128.679,0.000,Full real-time English opening,0.0000,1,0,0.06189,0,0,Chase
128.790,0.000,Full real-time English opening,0.0000,1,0,0.00217,0,0,Chase
128.898,0.000,Full real-time English opening,0.0000,1,0,0.00163,0,0,Chase
129.009,0.000,Full real-time English opening,0.0000,1,0,0.04688,0,0,Chase
129.109,0.000,Full real-time English opening,0.0000,1,0,0.00634,0,0,Chase
129.219,0.000,Full real-time English opening,0.0000,1,0,0.09974,0,0,Chase
129.322,0.000,Full real-time English opening,0.0000,1,0,0.12127,0,0,Chase
129.422,0.000,Full real-time English opening,0.0000,1,0,0.10135,0,0,Chase
129.533,0.000,Full real-time English opening,0.0000,1,0,0.00053,0,0,Chase
129.643,0.000,Full real-time English opening,0.0000,1,0,0.13056,0,0,Chase
129.750,0.000,Full real-time English opening,0.0000,1,0,0.00213,0,0,Chase
129.858,0.000,Full real-time English opening,0.0000,1,0,0.00719,0,0,Chase
129.964,0.000,Full real-time English opening,0.0000,1,0,0.09995,0,0,Chase
130.065,0.000,Full real-time English opening,0.0000,1,0,0.03053,0,0,Chase
130.165,0.000,Full real-time English opening,0.0000,1,0,0.00775,0,0,Chase
130.266,0.000,Full real-time English opening,0.0000,1,0,0.05504,0,0,Chase
130.368,0.000,Full real-time English opening,0.0000,1,0,0.02678,0,0,Chase
130.468,0.000,Full real-time English opening,0.0000,1,0,0.05513,0,0,Chase
130.569,0.000,Full real-time English opening,0.0000,1,0,0.04735,0,0,Chase
130.678,0.000,Full real-time English opening,0.0000,1,0,0.01686,0,0,Chase
130.786,0.000,Full real-time English opening,0.0000,1,0,0.00085,0,0,Chase
130.896,0.000,Full real-time English opening,0.0000,1,0,0.00114,0,0,Chase
131.002,0.000,Full real-time English opening,0.0000,1,0,0.00106,0,0,Chase
131.110,0.000,Full real-time English opening,0.0000,1,0,0.01321,0,0,Chase
131.216,0.000,Full real-time English opening,0.0000,1,0,0.01228,0,0,Chase
131.322,0.000,Full real-time English opening,0.0000,0,0,0.00000,0,0,Chase
131.426,0.000,Full real-time English opening,0.0000,1,0,0.02108,0,0,Chase
131.532,0.000,Full real-time English opening,0.0000,1,0,0.02132,0,0,Chase
131.639,0.000,Full real-time English opening,0.0000,1,0,0.00112,0,0,Chase
131.745,0.000,Full real-time English opening,0.0000,1,0,0.01728,0,0,Chase
131.854,0.000,Full real-time English opening,0.0000,1,0,0.00111,0,0,Chase
131.958,0.000,Full real-time English opening,0.0000,1,0,0.00641,0,0,Chase
132.067,0.000,Full real-time English opening,0.0000,1,0,0.09493,0,0,Chase
132.173,0.000,Full real-time English opening,0.0000,1,0,0.10040,0,0,Chase
132.279,0.000,Full real-time English opening,0.0000,1,0,0.10632,0,0,Chase
132.383,0.000,Full real-time English opening,0.0000,1,0,0.09936,0,0,Chase
132.486,0.000,Full real-time English opening,0.0000,1,0,0.08824,0,0,Chase
132.590,0.000,Full real-time English opening,0.0000,1,0,0.01612,0,0,Chase
132.698,0.000,Full real-time English opening,0.0000,1,0,0.10978,0,0,Chase
132.800,0.000,Full real-time English opening,0.0000,1,0,0.10381,0,0,Chase
132.905,0.000,Full real-time English opening,0.0000,1,0,0.06022,0,0,Chase
133.006,0.000,Full real-time English opening,0.0000,1,0,0.00558,0,0,Chase
133.111,0.000,Full real-time English opening,0.0000,1,0,0.00135,0,0,Chase
133.214,0.000,Full real-time English opening,0.0000,1,0,0.00477,0,0,Chase
133.322,0.000,Full real-time English opening,0.0000,1,0,0.11492,0,0,Chase
133.423,0.000,Full real-time English opening,0.0000,1,0,0.10283,0,0,Chase
133.525,0.000,Full real-time English opening,0.0000,1,0,0.08749,0,0,Chase
133.631,0.000,Full real-time English opening,0.0000,1,0,0.00053,0,0,Chase
133.738,0.000,Full real-time English opening,0.0000,1,0,0.08998,0,0,Chase
133.844,0.000,Full real-time English opening,0.0000,1,0,0.00862,0,0,Chase
133.946,0.000,Full real-time English opening,0.0000,1,0,0.04991,0,0,Chase
134.055,0.000,Full real-time English opening,0.0000,1,0,0.09428,0,0,Chase
134.161,0.000,Full real-time English opening,0.0000,1,0,0.08084,0,0,Chase
134.270,0.000,Full real-time English opening,0.0000,1,0,0.08100,0,0,Chase
134.381,0.000,Full real-time English opening,0.0000,1,0,0.02350,0,0,Chase
134.489,0.000,Full real-time English opening,0.0000,1,0,0.08056,0,0,Chase
134.596,0.000,Full real-time English opening,0.0000,1,0,0.05727,0,0,Chase
134.706,0.000,Full real-time English opening,0.0000,1,0,0.06724,0,0,Chase
134.810,0.000,Full real-time English opening,0.0000,1,0,0.05697,0,0,Chase
134.914,0.000,Full real-time English opening,0.0000,1,0,0.02822,0,0,Chase
135.022,0.000,Full real-time English opening,0.0000,1,0,0.04770,0,0,Chase
135.129,0.000,Full real-time English opening,0.0000,1,0,0.08641,0,0,Chase
135.231,0.000,Full real-time English opening,0.0000,1,0,0.04759,0,0,Chase
135.341,0.000,Full real-time English opening,0.0000,1,0,0.14088,0,0,Chase
135.450,0.000,Full real-time English opening,0.0000,1,0,0.00056,0,0,Chase
135.556,0.000,Full real-time English opening,0.0000,1,0,0.13265,0,0,Chase
135.661,0.000,Full real-time English opening,0.0000,1,0,0.00578,0,0,Chase
135.771,0.000,Full real-time English opening,0.0000,1,0,0.02646,0,0,Chase
135.878,0.000,Full real-time English opening,0.0000,1,0,0.10750,0,0,Chase
135.985,0.000,Full real-time English opening,0.0000,1,0,0.08512,0,0,Chase
136.094,0.000,Full real-time English opening,0.0000,1,0,0.01438,0,0,Chase
136.203,0.000,Full real-time English opening,0.0000,1,0,0.00073,0,0,Chase
136.307,0.000,Full real-time English opening,0.0000,1,0,0.15827,0,0,Chase
136.417,0.000,Full real-time English opening,0.0000,1,0,0.00398,0,0,Chase
136.523,0.000,Full real-time English opening,0.0000,1,0,0.06313,0,0,Chase
136.630,0.000,Full real-time English opening,0.0000,1,0,0.06477,0,0,Chase
136.741,0.000,Full real-time English opening,0.0000,1,0,0.02664,0,0,Chase
136.847,0.000,Full real-time English opening,0.0000,1,0,0.10504,0,0,Chase
136.954,0.000,Full real-time English opening,0.0000,1,0,0.00047,0,0,Chase
137.059,0.000,Full real-time English opening,0.0000,1,0,0.00510,0,0,Chase
137.167,0.000,Full real-time English opening,0.0000,1,0,0.05608,0,0,Chase
137.275,0.000,Full real-time English opening,0.0000,1,0,0.02370,0,0,Chase
137.376,0.000,Full real-time English opening,0.0000,1,0,0.02248,0,0,Chase
137.476,0.000,Full real-time English opening,0.0000,1,0,0.12169,0,0,Chase
137.579,0.000,Full real-time English opening,0.0000,1,0,0.08330,0,0,Chase
137.682,0.000,Full real-time English opening,0.0000,1,0,0.00792,0,0,Chase
137.783,0.000,Full real-time English opening,0.0000,1,0,0.08751,0,0,Chase
137.892,0.000,Full real-time English opening,0.0000,1,0,0.00068,0,0,Chase
138.000,0.000,Full real-time English opening,0.0000,1,0,0.12157,0,0,Chase
138.102,0.000,Full real-time English opening,0.0000,1,0,0.00432,0,0,Chase
138.213,0.000,Full real-time English opening,0.0000,1,0,0.02981,0,0,Chase
138.321,0.000,Full real-time English opening,0.0000,1,0,0.17242,0,0,Chase
138.428,0.000,Full real-time English opening,0.0000,1,0,0.01241,0,0,Chase
138.533,0.000,Full real-time English opening,0.0000,1,0,0.11671,0,0,Chase
138.635,0.000,Full real-time English opening,0.0000,1,0,0.09968,0,0,Chase
138.736,0.000,Full real-time English opening,0.0000,1,0,0.04992,0,0,Chase
138.836,0.000,Full real-time English opening,0.0000,1,0,0.04518,0,0,Chase
138.937,0.000,Full real-time English opening,0.0000,1,0,0.03030,0,0,Chase
139.041,0.000,Full real-time English opening,0.0000,1,0,0.07744,0,0,Chase
139.151,0.000,Full real-time English opening,0.0000,1,0,0.00196,0,0,Chase
139.254,0.000,Full real-time English opening,0.0000,1,0,0.01015,0,0,Chase
139.363,0.000,Full real-time English opening,0.0000,1,0,0.00605,0,0,Chase
139.472,0.000,Full real-time English opening,0.0000,1,0,0.00103,0,0,Chase
139.578,0.000,Full real-time English opening,0.0000,1,0,0.00108,0,0,Chase
139.686,0.000,Full real-time English opening,0.0000,1,0,0.00111,0,0,Chase
139.797,0.000,Full real-time English opening,0.0000,1,0,0.00099,0,0,Chase
139.907,0.000,Full real-time English opening,0.0000,1,0,0.00108,0,0,Chase
140.018,0.000,Full real-time English opening,0.0000,1,0,0.03869,0,0,Chase
140.119,0.000,Full real-time English opening,0.0000,1,0,0.03362,0,0,Chase
140.228,0.000,Full real-time English opening,0.0000,1,0,0.00751,0,0,Chase
140.328,0.000,Full real-time English opening,0.0000,1,0,0.00103,0,0,Chase
140.429,0.000,Full real-time English opening,0.0000,1,0,0.00803,0,0,Chase
140.535,0.000,Full real-time English opening,0.0000,1,0,0.00387,0,0,Chase
140.636,0.000,Full real-time English opening,0.0000,1,0,0.00769,0,0,Chase
140.748,0.000,Full real-time English opening,0.0000,1,0,0.01986,0,0,Chase
140.848,0.000,Full real-time English opening,0.0000,1,0,0.00104,0,0,Chase
140.958,0.000,Full real-time English opening,0.0000,1,0,0.04866,0,0,Chase
141.063,0.000,Full real-time English opening,0.0000,1,0,0.01217,0,0,Chase
141.170,0.000,Full real-time English opening,0.0000,1,0,0.00706,0,0,Chase
141.278,0.000,Full real-time English opening,0.0000,1,0,0.00096,0,0,Chase
141.387,0.000,Full real-time English opening,0.0000,1,0,0.00111,0,0,Chase
141.494,0.000,Full real-time English opening,0.0000,1,0,0.00112,0,0,Chase
141.596,0.000,Full real-time English opening,0.0000,1,0,0.00097,0,0,Chase
141.702,0.000,Full real-time English opening,0.0000,1,0,0.01278,0,0,Chase
141.812,0.000,Full real-time English opening,0.0000,0,0,0.00000,0,0,Chase
141.913,0.000,Full real-time English opening,0.0000,0,0,0.00000,0,0,Chase
142.023,0.000,Full real-time English opening,0.0000,1,0,0.02379,0,0,Chase
142.131,0.000,Full real-time English opening,0.0000,1,0,0.00170,0,0,Chase
142.237,0.000,Full real-time English opening,0.0000,1,0,0.00115,0,0,Chase
142.347,0.000,Full real-time English opening,0.0000,1,0,0.00089,0,0,Chase
142.455,0.000,Full real-time English opening,0.0000,1,0,0.00109,0,0,Chase
142.561,0.000,Full real-time English opening,0.0000,1,0,0.16342,0,0,Chase
142.671,0.000,Full real-time English opening,0.0000,1,0,0.04260,0,0,Chase
142.777,0.000,Full real-time English opening,0.0000,1,0,0.02229,0,0,Chase
142.886,0.000,Full real-time English opening,0.0000,1,0,0.12871,0,0,Chase
142.993,0.000,Full real-time English opening,0.0000,1,0,0.01607,0,0,Chase
143.094,0.000,Full real-time English opening,0.0000,1,0,0.02032,0,0,Chase
143.202,0.000,Full real-time English opening,0.0000,1,0,0.00038,0,0,Chase
143.303,0.000,Full real-time English opening,0.0000,1,0,0.00165,0,0,Chase
143.406,0.000,Full real-time English opening,0.0000,1,0,0.01924,0,0,Chase
143.512,0.000,Full real-time English opening,0.0000,1,0,0.10413,0,0,Chase
143.621,0.000,Full real-time English opening,0.0000,1,0,0.01008,0,0,Chase
143.727,0.000,Full real-time English opening,0.0000,1,0,0.00171,0,0,Chase
143.828,0.000,Full real-time English opening,0.0000,1,0,0.01170,0,0,Chase
143.937,0.000,Full real-time English opening,0.0000,1,0,0.00102,0,0,Chase
144.043,0.000,Full real-time English opening,0.0000,1,0,0.00113,0,0,Chase
144.151,0.000,Full real-time English opening,0.0000,1,0,0.00174,0,0,Chase
144.256,0.000,Full real-time English opening,0.0000,1,0,0.16152,0,0,Chase
144.360,0.000,Full real-time English opening,0.0000,1,0,0.00080,0,0,Chase
144.467,0.000,Full real-time English opening,0.0000,1,0,0.13165,0,0,Chase
144.576,0.000,Full real-time English opening,0.0000,1,0,0.00536,0,0,Chase
144.684,0.000,Full real-time English opening,0.0000,1,0,0.16971,0,0,Chase
144.788,0.000,Full real-time English opening,0.0000,1,0,0.01397,0,0,Chase
144.904,0.000,Full real-time English opening,0.0000,1,0,0.08975,0,0,Chase
145.008,0.000,Full real-time English opening,0.0000,1,0,0.11593,0,0,Chase
145.113,0.000,Full real-time English opening,0.0000,1,0,0.10205,0,0,Chase
145.215,0.000,Full real-time English opening,0.0000,1,0,0.14215,0,0,Chase
145.322,0.000,Full real-time English opening,0.0000,1,0,0.11678,0,0,Chase
145.429,0.000,Full real-time English opening,0.0000,1,0,0.04325,0,0,Chase
145.537,0.000,Full real-time English opening,0.0000,1,0,0.00124,0,0,Chase
145.644,0.000,Full real-time English opening,0.0000,1,0,0.00107,0,0,Chase
145.751,0.000,Full real-time English opening,0.0000,1,0,0.01647,0,0,Chase
145.855,0.000,Full real-time English opening,0.0000,1,0,0.15197,0,0,Chase
145.965,0.000,Full real-time English opening,0.0000,1,0,0.12107,0,0,Chase
146.072,0.000,Full real-time English opening,0.0000,1,0,0.15009,0,0,Chase
146.174,0.000,Full real-time English opening,0.0000,1,0,0.12910,0,0,Chase
146.278,0.000,Full real-time English opening,0.0000,1,0,0.07972,0,0,Chase
146.381,0.000,Full real-time English opening,0.0000,1,0,0.07160,0,0,Chase
146.489,0.000,Full real-time English opening,0.0000,1,0,0.03026,0,0,Chase
146.592,0.000,Full real-time English opening,0.0000,1,0,0.13725,0,0,Chase
146.694,0.000,Full real-time English opening,0.0000,1,0,0.10345,0,0,Chase
146.796,0.000,Full real-time English opening,0.0000,1,0,0.01347,0,0,Chase
146.904,0.000,Full real-time English opening,0.0000,1,0,0.06245,0,0,Chase
147.006,0.000,Full real-time English opening,0.0000,1,0,0.00071,0,0,Chase
147.107,0.000,Full real-time English opening,0.0000,1,0,0.04217,0,0,Chase
147.209,0.000,Full real-time English opening,0.0000,1,0,0.00188,0,0,Chase
147.314,0.000,Full real-time English opening,0.0000,1,0,0.00106,0,0,Chase
147.416,0.000,Full real-time English opening,0.0000,1,0,0.13319,0,0,Chase
147.517,0.000,Full real-time English opening,0.0000,1,0,0.01102,0,0,Chase
147.628,0.000,Full real-time English opening,0.0000,1,0,0.01912,0,0,Chase
147.737,0.000,Full real-time English opening,0.0000,1,0,0.02140,0,0,Chase
147.844,0.000,Full real-time English opening,0.0000,1,0,0.00492,0,0,Chase
147.953,0.000,Full real-time English opening,0.0000,1,0,0.09464,0,0,Chase
148.053,0.000,Full real-time English opening,0.0000,1,0,0.09927,0,0,Chase
148.159,0.000,Full real-time English opening,0.0000,1,0,0.00772,0,0,Chase
148.267,0.000,Full real-time English opening,0.0000,1,0,0.04698,0,0,Chase
148.367,0.000,Full real-time English opening,0.0000,1,0,0.01371,0,0,Chase
148.471,0.000,Full real-time English opening,0.0000,1,0,0.17800,0,0,Chase
148.572,0.000,Full real-time English opening,0.0000,1,0,0.00944,0,0,Chase
148.678,0.000,Full real-time English opening,0.0000,1,0,0.06345,0,0,Chase
148.785,0.000,Full real-time English opening,0.0000,1,0,0.00217,0,0,Chase
148.892,0.000,Full real-time English opening,0.0000,1,0,0.00116,0,0,Chase
148.995,0.000,Full real-time English opening,0.0000,1,0,0.00100,0,0,Chase
149.101,0.000,Full real-time English opening,0.0000,1,0,0.00125,0,0,Chase
149.210,0.000,Full real-time English opening,0.0000,1,0,0.00106,0,0,Chase
149.310,0.000,Full real-time English opening,0.0000,1,0,0.04281,0,0,Chase
149.418,0.000,Full real-time English opening,0.0000,1,0,0.11031,0,0,Chase
149.530,0.000,Full real-time English opening,0.0000,1,0,0.00676,0,0,Chase
149.638,0.000,Full real-time English opening,0.0000,1,0,0.12582,0,0,Chase
149.744,0.000,Full real-time English opening,0.0000,1,0,0.12795,0,0,Chase
149.852,0.000,Full real-time English opening,0.0000,1,0,0.00041,0,0,Chase
149.960,0.000,Full real-time English opening,0.0000,1,0,0.15383,0,0,Chase
150.069,0.000,Full real-time English opening,0.0000,1,0,0.12817,0,0,Chase
150.174,0.000,Full real-time English opening,0.0000,1,0,0.08134,0,0,Chase
150.278,0.000,Full real-time English opening,0.0000,1,0,0.13608,0,0,Chase
150.383,0.000,Full real-time English opening,0.0000,1,0,0.00698,0,0,Chase
150.485,0.000,Full real-time English opening,0.0000,1,0,0.13024,0,0,Chase
150.595,0.000,Full real-time English opening,0.0000,1,0,0.01586,0,0,Chase
150.698,0.000,Full real-time English opening,0.0000,1,0,0.02348,0,0,Chase
150.802,0.000,Full real-time English opening,0.0000,1,0,0.00102,0,0,Chase
150.911,0.000,Full real-time English opening,0.0000,1,0,0.00105,0,0,Chase
151.021,0.000,Full real-time English opening,0.0000,1,0,0.00114,0,0,Chase
151.130,0.000,Full real-time English opening,0.0000,1,0,0.00106,0,0,Chase
151.239,0.000,Full real-time English opening,0.0000,1,0,0.00111,0,0,Chase
151.344,0.000,Full real-time English opening,0.0000,1,0,0.01329,0,0,Chase
151.453,0.000,Full real-time English opening,0.0000,0,0,0.00108,0,0,Chase
151.561,0.000,Full real-time English opening,0.0000,0,0,0.00000,0,0,Chase
151.664,0.000,Full real-time English opening,0.0000,1,0,0.02059,0,0,Chase
151.773,0.000,Full real-time English opening,0.0000,1,0,0.00918,0,0,Chase
151.879,0.000,Full real-time English opening,0.0000,1,0,0.00013,0,0,Chase
151.987,0.000,Full real-time English opening,0.0000,1,0,0.00007,0,0,Chase
152.093,0.000,Full real-time English opening,0.0000,1,0,0.05430,0,0,Chase
152.199,0.000,Full real-time English opening,0.0000,1,0,0.00827,0,0,Chase
152.303,0.000,Full real-time English opening,0.0000,1,0,0.10066,0,0,Chase
152.406,0.000,Full real-time English opening,0.0000,1,0,0.05015,0,0,Chase
152.516,0.000,Full real-time English opening,0.0000,1,0,0.00466,0,0,Chase
152.623,0.000,Full real-time English opening,0.0000,1,0,0.10087,0,0,Chase
152.733,0.000,Full real-time English opening,0.0000,1,0,0.12494,0,0,Chase
152.841,0.000,Full real-time English opening,0.0000,1,0,0.07302,0,0,Chase
152.941,0.000,Full real-time English opening,0.0000,1,0,0.08389,0,0,Chase
153.042,0.000,Full real-time English opening,0.0000,1,0,0.08291,0,0,Chase
153.152,0.000,Full real-time English opening,0.0000,1,0,0.03850,0,0,Chase
153.260,0.000,Full real-time English opening,0.0000,1,0,0.00405,0,0,Chase
153.367,0.000,Full real-time English opening,0.0000,1,0,0.06230,0,0,Chase
153.476,0.000,Full real-time English opening,0.0000,1,0,0.09136,0,0,Chase
153.581,0.000,Full real-time English opening,0.0000,1,0,0.07408,0,0,Chase
153.685,0.000,Full real-time English opening,0.0000,1,0,0.00589,0,0,Chase
153.794,0.000,Full real-time English opening,0.0000,1,0,0.06444,0,0,Chase
153.899,0.000,Full real-time English opening,0.0000,1,0,0.02602,0,0,Chase
154.009,0.000,Full real-time English opening,0.0000,1,0,0.07444,0,0,Chase
154.116,0.000,Full real-time English opening,0.0000,1,0,0.02353,0,0,Chase
154.223,0.000,Full real-time English opening,0.0000,1,0,0.00467,0,0,Chase
154.331,0.000,Full real-time English opening,0.0000,1,0,0.00028,0,0,Chase
154.440,0.000,Full real-time English opening,0.0000,1,0,0.12699,0,0,Chase
154.545,0.000,Full real-time English opening,0.0000,1,0,0.08080,0,0,Chase
154.649,0.000,Full real-time English opening,0.0000,1,0,0.00107,0,0,Chase
154.752,0.000,Full real-time English opening,0.0000,1,0,0.00694,0,0,Chase
154.853,0.000,Full real-time English opening,0.0000,1,0,0.04622,0,0,Chase
154.954,0.000,Full real-time English opening,0.0000,1,0,0.03760,0,0,Chase
155.054,0.000,Full real-time English opening,0.0000,1,0,0.00019,0,0,Chase
155.161,0.000,Full real-time English opening,0.0000,1,0,0.00737,0,0,Chase
155.268,0.000,Full real-time English opening,0.0000,1,0,0.00235,0,0,Chase
155.371,0.000,Full real-time English opening,0.0000,1,0,0.00075,0,0,Chase
155.482,0.000,Full real-time English opening,0.0000,1,0,0.00010,0,0,Chase
155.591,0.000,Full real-time English opening,0.0000,1,0,0.00005,0,0,Chase
155.694,0.000,Full real-time English opening,0.0000,1,0,0.00007,0,0,Chase
155.800,0.000,Full real-time English opening,0.0000,1,0,0.00577,0,0,Chase
155.909,0.000,Full real-time English opening,0.0000,1,0,0.00394,0,0,Chase
156.011,0.000,Full real-time English opening,0.0000,1,0,0.09281,0,0,Chase
156.118,0.000,Full real-time English opening,0.0000,1,0,0.02537,0,0,Chase
156.225,0.000,Full real-time English opening,0.0000,1,0,0.07752,0,0,Chase
156.332,0.000,Full real-time English opening,0.0000,1,0,0.11463,0,0,Chase
156.440,0.000,Full real-time English opening,0.0000,1,0,0.07058,0,0,Chase
156.550,0.000,Full real-time English opening,0.0000,1,0,0.04467,0,0,Chase
156.659,0.000,Full real-time English opening,0.0000,1,0,0.00433,0,0,Chase
156.766,0.000,Full real-time English opening,0.0000,1,0,0.07396,0,0,Chase
156.874,0.000,Full real-time English opening,0.0000,1,0,0.04596,0,0,Chase
156.976,0.000,Full real-time English opening,0.0000,1,0,0.06797,0,0,Chase
157.076,0.000,Full real-time English opening,0.0000,1,0,0.03959,0,0,Chase
157.184,0.000,Full real-time English opening,0.0000,1,0,0.02043,0,0,Chase
157.297,0.000,Full real-time English opening,0.0000,1,0,0.12800,0,0,Chase
157.401,0.000,Full real-time English opening,0.0000,1,0,0.04905,0,0,Chase
157.510,0.000,Full real-time English opening,0.0000,1,0,0.08621,0,0,Chase
157.610,0.000,Full real-time English opening,0.0000,1,0,0.05170,0,0,Chase
157.721,0.000,Full real-time English opening,0.0000,1,0,0.00408,0,0,Chase
157.830,0.000,Full real-time English opening,0.0000,1,0,0.00055,0,0,Chase
157.938,0.000,Full real-time English opening,0.0000,1,0,0.00268,0,0,Chase
158.046,0.000,Full real-time English opening,0.0000,1,0,0.00033,0,0,Chase
158.156,0.000,Full real-time English opening,0.0000,1,0,0.00147,0,0,Chase
158.266,0.000,Full real-time English opening,0.0000,1,0,0.00080,0,0,Chase
158.377,0.000,Full real-time English opening,0.0000,1,0,0.00007,0,0,Chase
158.483,0.000,Full real-time English opening,0.0000,1,0,0.01681,0,0,Chase
158.590,0.000,Full real-time English opening,0.0000,1,0,0.07100,0,0,Chase
158.692,0.000,Full real-time English opening,0.0000,1,0,0.11020,0,0,Chase
158.799,0.000,Full real-time English opening,0.0000,1,0,0.11218,0,0,Chase
158.906,0.000,Full real-time English opening,0.0000,1,0,0.06440,0,0,Chase
159.008,0.000,Full real-time English opening,0.0000,1,0,0.01070,0,0,Chase
159.117,0.000,Full real-time English opening,0.0000,1,0,0.07750,0,0,Chase
159.223,0.000,Full real-time English opening,0.0000,1,0,0.07189,0,0,Chase
159.331,0.000,Full real-time English opening,0.0000,1,0,0.02977,0,0,Chase
159.435,0.000,Full real-time English opening,0.0000,1,0,0.07895,0,0,Chase
159.541,0.000,Full real-time English opening,0.0000,1,0,0.10760,0,0,Chase
159.649,0.000,Full real-time English opening,0.0000,1,0,0.11007,0,0,Chase
159.750,0.000,Full real-time English opening,0.0000,1,0,0.00100,0,0,Chase
159.858,0.000,Full real-time English opening,0.0000,1,0,0.04903,0,0,Chase
159.964,0.000,Full real-time English opening,0.0000,1,0,0.06716,0,0,Chase
160.067,0.000,Full real-time English opening,0.0000,1,0,0.04607,0,0,Chase
160.175,0.000,Full real-time English opening,0.0000,1,0,0.04639,0,0,Chase
160.283,0.000,Full real-time English opening,0.0000,1,0,0.02121,0,0,Chase
160.392,0.000,Full real-time English opening,0.0000,1,0,0.00010,0,0,Chase
160.499,0.000,Full real-time English opening,0.0000,1,0,0.00007,0,0,Chase
160.607,0.000,Full real-time English opening,0.0000,1,0,0.00004,0,0,Chase
160.714,0.000,Full real-time English opening,0.0000,1,0,0.01602,0,0,Chase
160.822,0.000,Full real-time English opening,0.0000,1,0,0.01291,0,0,Chase
160.930,0.000,Full real-time English opening,0.0000,0,0,0.00000,0,0,Chase
161.041,0.000,Full real-time English opening,0.0000,1,0,0.00000,0,0,Chase
161.148,0.000,Full real-time English opening,0.0000,1,0,0.02160,0,0,Chase
161.256,0.000,Full real-time English opening,0.0000,1,0,0.00118,0,0,Chase
161.365,0.000,Full real-time English opening,0.0000,1,0,0.00097,0,0,Chase
161.468,0.000,Full real-time English opening,0.0000,1,0,0.00107,0,0,Chase
161.575,0.000,Full real-time English opening,0.0000,1,0,0.07920,0,0,Chase
161.682,0.000,Full real-time English opening,0.0000,1,0,0.11847,0,0,Chase
161.786,0.000,Full real-time English opening,0.0000,1,0,0.06298,0,0,Chase
161.894,0.000,Full real-time English opening,0.0000,1,0,0.07730,0,0,Chase
161.995,0.000,Full real-time English opening,0.0000,1,0,0.01212,0,0,Chase
162.096,0.000,Full real-time English opening,0.0000,1,0,0.00102,0,0,Chase
162.205,0.000,Full real-time English opening,0.0000,1,0,0.18707,0,0,Chase
162.314,0.000,Full real-time English opening,0.0000,1,0,0.05078,0,0,Chase
162.426,0.000,Full real-time English opening,0.0000,1,0,0.05308,0,0,Chase
162.531,0.000,Full real-time English opening,0.0000,1,0,0.01609,0,0,Chase
162.638,0.000,Full real-time English opening,0.0000,1,0,0.06839,0,0,Chase
162.744,0.000,Full real-time English opening,0.0000,1,0,0.06869,0,0,Chase
162.846,0.000,Full real-time English opening,0.0000,1,0,0.02104,0,0,Chase
162.956,0.000,Full real-time English opening,0.0000,1,0,0.08374,0,0,Chase
163.067,0.000,Full real-time English opening,0.0000,1,0,0.06141,0,0,Chase
163.173,0.000,Full real-time English opening,0.0000,1,0,0.12549,0,0,Chase
163.280,0.000,Full real-time English opening,0.0000,1,0,0.08121,0,0,Chase
163.390,0.000,Full real-time English opening,0.0000,1,0,0.00379,0,0,Chase
163.500,0.000,Full real-time English opening,0.0000,1,0,0.13512,0,0,Chase
163.602,0.000,Full real-time English opening,0.0000,1,0,0.13047,0,0,Chase
163.712,0.000,Full real-time English opening,0.0000,1,0,0.02395,0,0,Chase
163.815,0.000,Full real-time English opening,0.0000,1,0,0.01952,0,0,Chase
163.922,0.000,Full real-time English opening,0.0000,1,0,0.11667,0,0,Chase
164.028,0.000,Full real-time English opening,0.0000,1,0,0.02924,0,0,Chase
164.136,0.000,Full real-time English opening,0.0000,1,0,0.08215,0,0,Chase
164.244,0.000,Full real-time English opening,0.0000,1,0,0.11650,0,0,Chase
164.344,0.000,Full real-time English opening,0.0000,1,0,0.01096,0,0,Chase
164.453,0.000,Full real-time English opening,0.0000,1,0,0.10320,0,0,Chase
164.564,0.000,Full real-time English opening,0.0000,1,0,0.08756,0,0,Chase
164.672,0.000,Full real-time English opening,0.0000,1,0,0.01724,0,0,Chase
164.778,0.000,Full real-time English opening,0.0000,1,0,0.11642,0,0,Chase
164.883,0.000,Full real-time English opening,0.0000,1,0,0.01089,0,0,Chase
164.990,0.000,Full real-time English opening,0.0000,1,0,0.07808,0,0,Chase
165.094,0.000,Full real-time English opening,0.0000,1,0,0.03493,0,0,Chase
165.205,0.000,Full real-time English opening,0.0000,1,0,0.04927,0,0,Chase
165.314,0.000,Full real-time English opening,0.0000,1,0,0.14313,0,0,Chase
165.422,0.000,Full real-time English opening,0.0000,1,0,0.01182,0,0,Chase
165.528,0.000,Full real-time English opening,0.0000,1,0,0.14239,0,0,Chase
165.634,0.000,Full real-time English opening,0.0000,1,0,0.09245,0,0,Chase
165.735,0.000,Full real-time English opening,0.0000,1,0,0.01630,0,0,Chase
165.836,0.000,Full real-time English opening,0.0000,1,0,0.00067,0,0,Chase
165.946,0.000,Full real-time English opening,0.0000,1,0,0.00282,0,0,Chase
166.047,0.000,Full real-time English opening,0.0000,1,0,0.00673,0,0,Chase
166.155,0.000,Full real-time English opening,0.0000,1,0,0.00190,0,0,Chase
166.262,0.000,Full real-time English opening,0.0000,1,0,0.03391,0,0,Chase
166.363,0.000,Full real-time English opening,0.0000,1,0,0.11439,0,0,Chase
166.468,0.000,Full real-time English opening,0.0000,1,0,0.08690,0,0,Chase
166.569,0.000,Full real-time English opening,0.0000,1,0,0.08316,0,0,Chase
166.679,0.000,Full real-time English opening,0.0000,1,0,0.01607,0,0,Chase
166.786,0.000,Full real-time English opening,0.0000,1,0,0.13873,0,0,Chase
166.889,0.000,Full real-time English opening,0.0000,1,0,0.07955,0,0,Chase
166.997,0.000,Full real-time English opening,0.0000,1,0,0.09385,0,0,Chase
167.106,0.000,Full real-time English opening,0.0000,1,0,0.01390,0,0,Chase
167.214,0.000,Full real-time English opening,0.0000,1,0,0.13571,0,0,Chase
167.323,0.000,Full real-time English opening,0.0000,1,0,0.10002,0,0,Chase
167.435,0.000,Full real-time English opening,0.0000,1,0,0.05385,0,0,Chase
167.539,0.000,Full real-time English opening,0.0000,1,0,0.04321,0,0,Chase
167.641,0.000,Full real-time English opening,0.0000,1,0,0.09137,0,0,Chase
167.750,0.000,Full real-time English opening,0.0000,1,0,0.00419,0,0,Chase
167.857,0.000,Full real-time English opening,0.0000,1,0,0.00595,0,0,Chase
167.964,0.000,Full real-time English opening,0.0000,1,0,0.00154,0,0,Chase
168.071,0.000,Full real-time English opening,0.0000,1,0,0.00117,0,0,Chase
168.177,0.000,Full real-time English opening,0.0000,1,0,0.12018,0,0,Chase
168.287,0.000,Full real-time English opening,0.0000,1,0,0.08514,0,0,Chase
168.388,0.000,Full real-time English opening,0.0000,1,0,0.11244,0,0,Chase
168.495,0.000,Full real-time English opening,0.0000,1,0,0.00522,0,0,Chase
168.601,0.000,Full real-time English opening,0.0000,1,0,0.00626,0,0,Chase
168.705,0.000,Full real-time English opening,0.0000,1,0,0.08873,0,0,Chase
168.807,0.000,Full real-time English opening,0.0000,1,0,0.10991,0,0,Chase
168.915,0.000,Full real-time English opening,0.0000,1,0,0.06990,0,0,Chase
169.027,0.000,Full real-time English opening,0.0000,1,0,0.03074,0,0,Chase
169.128,0.000,Full real-time English opening,0.0000,1,0,0.09982,0,0,Chase
169.234,0.000,Full real-time English opening,0.0000,1,0,0.09340,0,0,Chase
169.343,0.000,Full real-time English opening,0.0000,1,0,0.01012,0,0,Chase
169.448,0.000,Full real-time English opening,0.0000,1,0,0.00259,0,0,Chase
169.556,0.000,Full real-time English opening,0.0000,1,0,0.00119,0,0,Chase
169.661,0.000,Full real-time English opening,0.0000,1,0,0.00111,0,0,Chase
169.768,0.000,Full real-time English opening,0.0000,1,0,0.00116,0,0,Chase
169.876,0.000,Full real-time English opening,0.0000,1,0,0.00103,0,0,Chase
169.985,0.000,Full real-time English opening,0.0000,1,0,0.01517,0,0,Chase
170.095,0.000,Full real-time English opening,0.0000,1,0,0.01271,0,0,Chase
170.205,0.000,Full real-time English opening,0.0000,0,0,0.00000,0,0,Chase
170.306,0.000,Full real-time English opening,0.0000,1,0,0.00000,0,0,Chase
170.411,0.000,Full real-time English opening,0.0000,1,0,0.02132,0,0,Chase
170.520,0.000,Full real-time English opening,0.0000,1,0,0.00126,0,0,Chase
170.629,0.000,Full real-time English opening,0.0000,1,0,0.01721,0,0,Chase
170.731,0.000,Full real-time English opening,0.0000,1,0,0.00115,0,0,Chase
170.837,0.000,Full real-time English opening,0.0000,1,0,0.00130,0,0,Chase
170.948,0.000,Full real-time English opening,0.0000,1,0,0.06478,0,0,Chase
171.054,0.000,Full real-time English opening,0.0000,1,0,0.10489,0,0,Chase
171.161,0.000,Full real-time English opening,0.0000,1,0,0.01430,0,0,Chase
171.264,0.000,Full real-time English opening,0.0000,1,0,0.14064,0,0,Chase
171.368,0.000,Full real-time English opening,0.0000,1,0,0.01248,0,0,Chase
171.474,0.000,Full real-time English opening,0.0000,1,0,0.00096,0,0,Chase
171.582,0.000,Full real-time English opening,0.0000,1,0,0.00119,0,0,Chase
171.691,0.000,Full real-time English opening,0.0000,1,0,0.02191,0,0,Chase
171.797,0.000,Full real-time English opening,0.0000,1,0,0.10712,0,0,Chase
171.903,0.000,Full real-time English opening,0.0000,1,0,0.07623,0,0,Chase
172.008,0.000,Full real-time English opening,0.0000,1,0,0.00102,0,0,Chase
172.112,0.000,Full real-time English opening,0.0000,1,0,0.12631,0,0,Chase
172.213,0.000,Full real-time English opening,0.0000,1,0,0.03406,0,0,Chase
172.320,0.000,Full real-time English opening,0.0000,1,0,0.02400,0,0,Chase
172.427,0.000,Full real-time English opening,0.0000,1,0,0.00072,0,0,Chase
172.532,0.000,Full real-time English opening,0.0000,1,0,0.00119,0,0,Chase
172.639,0.000,Full real-time English opening,0.0000,1,0,0.00113,0,0,Chase
172.745,0.000,Full real-time English opening,0.0000,1,0,0.00100,0,0,Chase
172.849,0.000,Full real-time English opening,0.0000,1,0,0.00285,0,0,Chase
172.951,0.000,Full real-time English opening,0.0000,1,0,0.01299,0,0,Chase
173.062,0.000,Full real-time English opening,0.0000,1,0,0.18098,0,0,Chase
173.168,0.000,Full real-time English opening,0.0000,1,0,0.12128,0,0,Chase
173.269,0.000,Full real-time English opening,0.0000,1,0,0.02498,0,0,Chase
173.375,0.000,Full real-time English opening,0.0000,1,0,0.14165,0,0,Chase
173.479,0.000,Full real-time English opening,0.0000,1,0,0.02157,0,0,Chase
173.585,0.000,Full real-time English opening,0.0000,1,0,0.05274,0,0,Chase
173.694,0.000,Full real-time English opening,0.0000,1,0,0.02161,0,0,Chase
173.800,0.000,Full real-time English opening,0.0000,1,0,0.15992,0,0,Chase
173.913,0.000,Full real-time English opening,0.0000,1,0,0.06386,0,0,Chase
174.020,0.000,Full real-time English opening,0.0000,1,0,0.16254,0,0,Chase
174.129,0.000,Full real-time English opening,0.0000,1,0,0.06091,0,0,Chase
174.239,0.000,Full real-time English opening,0.0000,1,0,0.15513,0,0,Chase
174.340,0.000,Full real-time English opening,0.0000,1,0,0.01361,0,0,Chase
174.440,0.000,Full real-time English opening,0.0000,1,0,0.10707,0,0,Chase
174.550,0.000,Full real-time English opening,0.0000,1,0,0.00566,0,0,Chase
174.661,0.000,Full real-time English opening,0.0000,1,0,0.00093,0,0,Chase
174.768,0.000,Full real-time English opening,0.0000,1,0,0.00243,0,0,Chase
174.875,0.000,Full real-time English opening,0.0000,1,0,0.04369,0,0,Chase
174.982,0.000,Full real-time English opening,0.0000,1,0,0.05234,0,0,Chase
175.085,0.000,Full real-time English opening,0.0000,1,0,0.16414,0,0,Chase
175.190,0.000,Full real-time English opening,0.0000,1,0,0.11456,0,0,Chase
175.291,0.000,Full real-time English opening,0.0000,1,0,0.15198,0,0,Chase
175.401,0.000,Full real-time English opening,0.0000,1,0,0.11509,0,0,Chase
175.506,0.000,Full real-time English opening,0.0000,1,0,0.06719,0,0,Chase
175.606,0.000,Full real-time English opening,0.0000,1,0,0.02153,0,0,Chase
175.717,0.000,Full real-time English opening,0.0000,1,0,0.14871,0,0,Chase
175.821,0.000,Full real-time English opening,0.0000,1,0,0.00327,0,0,Chase
175.925,0.000,Full real-time English opening,0.0000,1,0,0.11563,0,0,Chase
176.031,0.000,Full real-time English opening,0.0000,1,0,0.10359,0,0,Chase
176.139,0.000,Full real-time English opening,0.0000,1,0,0.02742,0,0,Chase
176.246,0.000,Full real-time English opening,0.0000,1,0,0.00071,0,0,Chase
176.351,0.000,Full real-time English opening,0.0000,1,0,0.15985,0,0,Chase
176.457,0.000,Full real-time English opening,0.0000,1,0,0.01418,0,0,Chase
176.563,0.000,Full real-time English opening,0.0000,1,0,0.00085,0,0,Chase
176.667,0.000,Full real-time English opening,0.0000,1,0,0.00118,0,0,Chase
176.768,0.000,Full real-time English opening,0.0000,1,0,0.00121,0,0,Chase
176.870,0.000,Full real-time English opening,0.0000,1,0,0.00088,0,0,Chase
176.972,0.000,Full real-time English opening,0.0000,1,0,0.01595,0,0,Chase
177.082,0.000,Full real-time English opening,0.0000,1,0,0.01339,0,0,Chase
177.185,0.000,Full real-time English opening,0.0000,0,0,0.00000,0,0,Chase
177.286,0.000,Full real-time English opening,0.0000,0,0,0.00000,0,0,Chase
177.386,0.000,Full real-time English opening,0.0000,1,0,0.02149,0,0,Chase
177.493,0.000,Full real-time English opening,0.0000,1,0,0.00162,0,0,Chase
177.602,0.000,Full real-time English opening,0.0000,1,0,0.00117,0,0,Chase
177.707,0.000,Full real-time English opening,0.0000,1,0,0.00773,0,0,Chase
177.814,0.000,Full real-time English opening,0.0000,1,0,0.00043,0,0,Chase
177.923,0.000,Full real-time English opening,0.0000,1,0,0.09353,0,0,Chase
178.032,0.000,Full real-time English opening,0.0000,1,0,0.07980,0,0,Chase
178.133,0.000,Full real-time English opening,0.0000,1,0,0.02924,0,0,Chase
178.241,0.000,Full real-time English opening,0.0000,1,0,0.01929,0,0,Chase
178.346,0.000,Full real-time English opening,0.0000,1,0,0.09867,0,0,Chase
178.452,0.000,Full real-time English opening,0.0000,1,0,0.03980,0,0,Chase
178.559,0.000,Full real-time English opening,0.0000,1,0,0.12044,0,0,Chase
178.669,0.000,Full real-time English opening,0.0000,1,0,0.07718,0,0,Chase
178.773,0.000,Full real-time English opening,0.0000,1,0,0.10359,0,0,Chase
178.879,0.000,Full real-time English opening,0.0000,1,0,0.08920,0,0,Chase
178.988,0.000,Full real-time English opening,0.0000,1,0,0.12996,0,0,Chase
179.097,0.000,Full real-time English opening,0.0000,1,0,0.07812,0,0,Chase
179.202,0.000,Full real-time English opening,0.0000,1,0,0.00066,0,0,Chase
179.309,0.000,Full real-time English opening,0.0000,1,0,0.11486,0,0,Chase
179.419,0.000,Full real-time English opening,0.0000,1,0,0.08994,0,0,Chase
179.527,0.000,Full real-time English opening,0.0000,1,0,0.04205,0,0,Chase
179.627,0.000,Full real-time English opening,0.0000,1,0,0.00142,0,0,Chase
179.736,0.000,Full real-time English opening,0.0000,1,0,0.00089,0,0,Chase
179.843,0.000,Full real-time English opening,0.0000,1,0,0.09026,0,0,Chase
179.952,0.000,Full real-time English opening,0.0000,1,0,0.11914,0,0,Chase
180.060,0.000,Full real-time English opening,0.0000,1,0,0.03653,0,0,Chase
180.170,0.000,Full real-time English opening,0.0000,1,0,0.01213,0,0,Chase
180.270,0.000,Full real-time English opening,0.0000,1,0,0.03478,0,0,Chase
180.380,0.000,Full real-time English opening,0.0000,1,0,0.10693,0,0,Chase
180.484,0.000,Full real-time English opening,0.0000,1,0,0.08623,0,0,Chase
180.588,0.000,Full real-time English opening,0.0000,1,0,0.06188,0,0,Chase
180.691,0.000,Full real-time English opening,0.0000,1,0,0.00615,0,0,Chase
180.794,0.000,Full real-time English opening,0.0000,1,0,0.00074,0,0,Chase
180.895,0.000,Full real-time English opening,0.0000,1,0,0.12951,0,0,Chase
181.005,0.000,Full real-time English opening,0.0000,1,0,0.14055,0,0,Chase
181.110,0.000,Full real-time English opening,0.0000,1,0,0.12340,0,0,Chase
181.216,0.000,Full real-time English opening,0.0000,1,0,0.04311,0,0,Chase
181.327,0.000,Full real-time English opening,0.0000,1,0,0.02217,0,0,Chase
181.435,0.000,Full real-time English opening,0.0000,1,0,0.09627,0,0,Chase
181.535,0.000,Full real-time English opening,0.0000,1,0,0.06185,0,0,Chase
181.636,0.000,Full real-time English opening,0.0000,1,0,0.09811,0,0,Chase
181.738,0.000,Full real-time English opening,0.0000,1,0,0.06461,0,0,Chase
181.846,0.000,Full real-time English opening,0.0000,1,0,0.00128,0,0,Chase
181.955,0.000,Full real-time English opening,0.0000,1,0,0.14797,0,0,Chase
182.066,0.000,Full real-time English opening,0.0000,1,0,0.08941,0,0,Chase
182.174,0.000,Full real-time English opening,0.0000,1,0,0.00308,0,0,Chase
182.274,0.000,Full real-time English opening,0.0000,1,0,0.00761,0,0,Chase
182.375,0.000,Full real-time English opening,0.0000,1,0,0.01460,0,0,Chase
182.482,0.000,Full real-time English opening,0.0000,1,0,0.11133,0,0,Chase
182.589,0.000,Full real-time English opening,0.0000,1,0,0.00093,0,0,Chase
182.696,0.000,Full real-time English opening,0.0000,1,0,0.03967,0,0,Chase
182.804,0.000,Full real-time English opening,0.0000,1,0,0.02489,0,0,Chase
182.911,0.000,Full real-time English opening,0.0000,1,0,0.04257,0,0,Chase
183.011,0.000,Full real-time English opening,0.0000,1,0,0.06997,0,0,Chase
183.112,0.000,Full real-time English opening,0.0000,1,0,0.00632,0,0,Chase
183.214,0.000,Full real-time English opening,0.0000,1,0,0.05698,0,0,Chase
183.320,0.000,Full real-time English opening,0.0000,1,0,0.12599,0,0,Chase
183.424,0.000,Full real-time English opening,0.0000,1,0,0.00090,0,0,Chase
183.533,0.000,Full real-time English opening,0.0000,1,0,0.01170,0,0,Chase
183.641,0.000,Full real-time English opening,0.0000,1,0,0.00504,0,0,Chase
183.749,0.000,Full real-time English opening,0.0000,1,0,0.00225,0,0,Chase
183.856,0.000,Full real-time English opening,0.0000,1,0,0.00116,0,0,Chase
183.965,0.000,Full real-time English opening,0.0000,1,0,0.14581,0,0,Chase
184.072,0.000,Full real-time English opening,0.0000,1,0,0.00143,0,0,Chase
184.173,0.000,Full real-time English opening,0.0000,1,0,0.13741,0,0,Chase
184.282,0.000,Full real-time English opening,0.0000,1,0,0.07914,0,0,Chase
184.391,0.000,Full real-time English opening,0.0000,1,0,0.08294,0,0,Chase
184.491,0.000,Full real-time English opening,0.0000,1,0,0.01754,0,0,Chase
184.600,0.000,Full real-time English opening,0.0000,1,0,0.08937,0,0,Chase
184.708,0.000,Full real-time English opening,0.0000,1,0,0.08246,0,0,Chase
184.815,0.000,Full real-time English opening,0.0000,1,0,0.02035,0,0,Chase
184.923,0.000,Full real-time English opening,0.0000,1,0,0.11874,0,0,Chase
185.031,0.000,Full real-time English opening,0.0000,1,0,0.00553,0,0,Chase
185.138,0.000,Full real-time English opening,0.0000,1,0,0.08273,0,0,Chase
185.246,0.000,Full real-time English opening,0.0000,1,0,0.09307,0,0,Chase
185.350,0.000,Full real-time English opening,0.0000,1,0,0.00050,0,0,Chase
185.456,0.000,Full real-time English opening,0.0000,1,0,0.08571,0,0,Chase
185.558,0.000,Full real-time English opening,0.0000,1,0,0.11872,0,0,Chase
185.665,0.000,Full real-time English opening,0.0000,1,0,0.07054,0,0,Chase
185.771,0.000,Full real-time English opening,0.0000,1,0,0.02019,0,0,Chase
185.876,0.000,Full real-time English opening,0.0000,1,0,0.04162,0,0,Chase
185.982,0.000,Full real-time English opening,0.0000,1,0,0.07350,0,0,Chase
186.089,0.000,Full real-time English opening,0.0000,1,0,0.00084,0,0,Chase
186.201,0.000,Full real-time English opening,0.0000,1,0,0.00094,0,0,Chase
186.308,0.000,Full real-time English opening,0.0000,1,0,0.00111,0,0,Chase
186.416,0.000,Full real-time English opening,0.0000,1,0,0.00103,0,0,Chase
186.522,0.000,Full real-time English opening,0.0000,1,0,0.00100,0,0,Chase
186.622,0.000,Full real-time English opening,0.0000,1,0,0.01803,0,0,Chase
186.728,0.000,Full real-time English opening,0.0000,1,0,0.04702,0,0,Chase
186.833,0.000,Full real-time English opening,0.0000,1,0,0.03066,0,0,Chase
186.936,0.000,Full real-time English opening,0.0000,1,0,0.00595,0,0,Chase
187.042,0.000,Full real-time English opening,0.0000,1,0,0.00107,0,0,Chase
187.143,0.000,Full real-time English opening,0.0000,1,0,0.03296,0,0,Chase
187.244,0.000,Full real-time English opening,0.0000,1,0,0.00426,0,0,Chase
187.353,0.000,Full real-time English opening,0.0000,1,0,0.00724,0,0,Chase
187.454,0.000,Full real-time English opening,0.0000,1,0,0.00474,0,0,Chase
187.562,0.000,Full real-time English opening,0.0000,1,0,0.00373,0,0,Chase
187.672,0.000,Full real-time English opening,0.0000,1,0,0.03001,0,0,Chase
187.776,0.000,Full real-time English opening,0.0000,1,0,0.00785,0,0,Chase
187.883,0.000,Full real-time English opening,0.0000,1,0,0.00501,0,0,Chase
187.990,0.000,Full real-time English opening,0.0000,1,0,0.00107,0,0,Chase
188.097,0.000,Full real-time English opening,0.0000,1,0,0.00108,0,0,Chase
188.206,0.000,Full real-time English opening,0.0000,1,0,0.00105,0,0,Chase
188.314,0.000,Full real-time English opening,0.0000,1,0,0.01548,0,0,Chase
188.423,0.000,Full real-time English opening,0.0000,1,0,0.01390,0,0,Chase
188.531,0.000,Full real-time English opening,0.0000,0,0,0.00000,0,0,Chase
188.637,0.000,Full real-time English opening,0.0000,0,0,0.00000,0,0,Chase
188.742,0.000,Full real-time English opening,0.0000,1,0,0.02379,0,0,Chase
188.851,0.000,Full real-time English opening,0.0000,1,0,0.00194,0,0,Chase
188.956,0.000,Full real-time English opening,0.0000,1,0,0.00117,0,0,Chase
189.061,0.000,Full real-time English opening,0.0000,1,0,0.00095,0,0,Chase
189.168,0.000,Full real-time English opening,0.0000,1,0,0.13773,0,0,Chase
189.269,0.000,Full real-time English opening,0.0000,1,0,0.06430,0,0,Chase
189.370,0.000,Full real-time English opening,0.0000,1,0,0.02120,0,0,Chase
189.478,0.000,Full real-time English opening,0.0000,1,0,0.04523,0,0,Chase
189.585,0.000,Full real-time English opening,0.0000,1,0,0.14827,0,0,Chase
189.691,0.000,Full real-time English opening,0.0000,1,0,0.04146,0,0,Chase
189.802,0.000,Full real-time English opening,0.0000,1,0,0.04329,0,0,Chase
189.903,0.000,Full real-time English opening,0.0000,1,0,0.02602,0,0,Chase
190.009,0.000,Full real-time English opening,0.0000,1,0,0.07694,0,0,Chase
190.112,0.000,Full real-time English opening,0.0000,1,0,0.00088,0,0,Chase
190.221,0.000,Full real-time English opening,0.0000,1,0,0.06999,0,0,Chase
190.330,0.000,Full real-time English opening,0.0000,1,0,0.07718,0,0,Chase
190.433,0.000,Full real-time English opening,0.0000,1,0,0.00730,0,0,Chase
190.535,0.000,Full real-time English opening,0.0000,1,0,0.04586,0,0,Chase
190.643,0.000,Full real-time English opening,0.0000,1,0,0.00594,0,0,Chase
190.745,0.000,Full real-time English opening,0.0000,1,0,0.00224,0,0,Chase
190.854,0.000,Full real-time English opening,0.0000,1,0,0.00102,0,0,Chase
190.954,0.000,Full real-time English opening,0.0000,1,0,0.00221,0,0,Chase
191.055,0.000,Full real-time English opening,0.0000,1,0,0.00713,0,0,Chase
191.159,0.000,Full real-time English opening,0.0000,1,0,0.00305,0,0,Chase
191.269,0.000,Full real-time English opening,0.0000,1,0,0.01994,0,0,Chase
191.370,0.000,Full real-time English opening,0.0000,1,0,0.14581,0,0,Chase
191.472,0.000,Full real-time English opening,0.0000,1,0,0.09587,0,0,Chase
191.575,0.000,Full real-time English opening,0.0000,1,0,0.02207,0,0,Chase
191.681,0.000,Full real-time English opening,0.0000,1,0,0.02589,0,0,Chase
191.791,0.000,Full real-time English opening,0.0000,1,0,0.00744,0,0,Chase
191.892,0.000,Full real-time English opening,0.0000,1,0,0.11965,0,0,Chase
192.006,0.000,Full real-time English opening,0.0000,1,0,0.00357,0,0,Chase
192.114,0.000,Full real-time English opening,0.0000,1,0,0.10120,0,0,Chase
192.224,0.000,Full real-time English opening,0.0000,1,0,0.00515,0,0,Chase
192.325,0.000,Full real-time English opening,0.0000,1,0,0.00081,0,0,Chase
192.425,0.000,Full real-time English opening,0.0000,1,0,0.09072,0,0,Chase
192.526,0.000,Full real-time English opening,0.0000,1,0,0.05342,0,0,Chase
192.626,0.000,Full real-time English opening,0.0000,1,0,0.06580,0,0,Chase
192.734,0.000,Full real-time English opening,0.0000,1,0,0.11440,0,0,Chase
192.844,0.000,Full real-time English opening,0.0000,1,0,0.06086,0,0,Chase
192.951,0.000,Full real-time English opening,0.0000,1,0,0.04109,0,0,Chase
193.055,0.000,Full real-time English opening,0.0000,1,0,0.09558,0,0,Chase
193.160,0.000,Full real-time English opening,0.0000,1,0,0.07946,0,0,Chase
193.268,0.000,Full real-time English opening,0.0000,1,0,0.05577,0,0,Chase
193.376,0.000,Full real-time English opening,0.0000,1,0,0.00678,0,0,Chase
193.484,0.000,Full real-time English opening,0.0000,1,0,0.06587,0,0,Chase
193.590,0.000,Full real-time English opening,0.0000,1,0,0.00316,0,0,Chase
193.697,0.000,Full real-time English opening,0.0000,1,0,0.03959,0,0,Chase
193.805,0.000,Full real-time English opening,0.0000,1,0,0.02102,0,0,Chase
193.912,0.000,Full real-time English opening,0.0000,1,0,0.00561,0,0,Chase
194.014,0.000,Full real-time English opening,0.0000,1,0,0.06401,0,0,Chase
194.122,0.000,Full real-time English opening,0.0000,1,0,0.01206,0,0,Chase
194.229,0.000,Full real-time English opening,0.0000,1,0,0.08424,0,0,Chase
194.331,0.000,Full real-time English opening,0.0000,1,0,0.08305,0,0,Chase
194.432,0.000,Full real-time English opening,0.0000,1,0,0.01017,0,0,Chase
194.532,0.000,Full real-time English opening,0.0000,1,0,0.05759,0,0,Chase
194.637,0.000,Full real-time English opening,0.0000,1,0,0.10684,0,0,Chase
194.743,0.000,Full real-time English opening,0.0000,1,0,0.07452,0,0,Chase
194.851,0.000,Full real-time English opening,0.0000,1,0,0.14186,0,0,Chase
194.958,0.000,Full real-time English opening,0.0000,1,0,0.00645,0,0,Chase
195.068,0.000,Full real-time English opening,0.0000,1,0,0.10969,0,0,Chase
195.178,0.000,Full real-time English opening,0.0000,1,0,0.06641,0,0,Chase
195.287,0.000,Full real-time English opening,0.0000,1,0,0.05929,0,0,Chase
195.395,0.000,Full real-time English opening,0.0000,1,0,0.08202,0,0,Chase
195.495,0.000,Full real-time English opening,0.0000,1,0,0.03138,0,0,Chase
195.599,0.000,Full real-time English opening,0.0000,1,0,0.07604,0,0,Chase
195.705,0.000,Full real-time English opening,0.0000,1,0,0.07998,0,0,Chase
195.811,0.000,Full real-time English opening,0.0000,1,0,0.04057,0,0,Chase
195.919,0.000,Full real-time English opening,0.0000,1,0,0.08077,0,0,Chase
196.021,0.000,Full real-time English opening,0.0000,1,0,0.01442,0,0,Chase
196.122,0.000,Full real-time English opening,0.0000,1,0,0.02460,0,0,Chase
196.228,0.000,Full real-time English opening,0.0000,1,0,0.07948,0,0,Chase
196.334,0.000,Full real-time English opening,0.0000,1,0,0.00466,0,0,Chase
196.442,0.000,Full real-time English opening,0.0000,1,0,0.00155,0,0,Chase
196.549,0.000,Full real-time English opening,0.0000,1,0,0.00115,0,0,Chase
196.656,0.000,Full real-time English opening,0.0000,1,0,0.00113,0,0,Chase
196.765,0.000,Full real-time English opening,0.0000,1,0,0.00103,0,0,Chase
196.872,0.000,Full real-time English opening,0.0000,1,0,0.01355,0,0,Chase
196.980,0.000,Full real-time English opening,0.0000,0,0,0.00384,0,0,Chase
197.087,0.000,Full real-time English opening,0.0000,0,0,0.00000,0,0,Chase
197.190,0.000,Full real-time English opening,0.0000,1,0,0.02149,0,0,Chase
197.298,0.000,Full real-time English opening,0.0000,1,0,0.00403,0,0,Chase
197.398,0.000,Full real-time English opening,0.0000,1,0,0.00116,0,0,Chase
197.508,0.000,Full real-time English opening,0.0000,1,0,0.00151,0,0,Chase
197.617,0.000,Full real-time English opening,0.0000,1,0,0.00108,0,0,Chase
197.721,0.000,Full real-time English opening,0.0000,1,0,0.00101,0,0,Chase
197.831,0.000,Full real-time English opening,0.0000,1,0,0.09445,0,0,Chase
197.938,0.000,Full real-time English opening,0.0000,1,0,0.07693,0,0,Chase
198.043,0.000,Full real-time English opening,0.0000,1,0,0.02240,0,0,Chase
198.153,0.000,Full real-time English opening,0.0000,1,0,0.17521,0,0,Chase
198.260,0.000,Full real-time English opening,0.0000,1,0,0.03560,0,0,Chase
198.370,0.000,Full real-time English opening,0.0000,1,0,0.01917,0,0,Chase
198.478,0.000,Full real-time English opening,0.0000,1,0,0.16404,0,0,Chase
198.586,0.000,Full real-time English opening,0.0000,1,0,0.00761,0,0,Chase
198.687,0.000,Full real-time English opening,0.0000,1,0,0.03652,0,0,Chase
198.796,0.000,Full real-time English opening,0.0000,1,0,0.00148,0,0,Chase
198.904,0.000,Full real-time English opening,0.0000,1,0,0.00057,0,0,Chase
199.012,0.000,Full real-time English opening,0.0000,1,0,0.18248,0,0,Chase
199.113,0.000,Full real-time English opening,0.0000,1,0,0.06031,0,0,Chase
199.213,0.000,Full real-time English opening,0.0000,1,0,0.11256,0,0,Chase
199.326,0.000,Full real-time English opening,0.0000,1,0,0.07605,0,0,Chase
199.430,0.000,Full real-time English opening,0.0000,1,0,0.08914,0,0,Chase
199.533,0.000,Full real-time English opening,0.0000,1,0,0.10051,0,0,Chase
199.643,0.000,Full real-time English opening,0.0000,1,0,0.10355,0,0,Chase
199.749,0.000,Full real-time English opening,0.0000,1,0,0.04742,0,0,Chase
199.856,0.000,Full real-time English opening,0.0000,1,0,0.00590,0,0,Chase
199.962,0.000,Full real-time English opening,0.0000,1,0,0.13210,0,0,Chase
200.071,0.000,Full real-time English opening,0.0000,1,0,0.00039,0,0,Chase
200.172,0.000,Full real-time English opening,0.0000,1,0,0.16133,0,0,Chase
200.281,0.000,Full real-time English opening,0.0000,1,0,0.05757,0,0,Chase
200.382,0.000,Full real-time English opening,0.0000,1,0,0.07371,0,0,Chase
200.493,0.000,Full real-time English opening,0.0000,1,0,0.03828,0,0,Chase
200.604,0.000,Full real-time English opening,0.0000,1,0,0.00742,0,0,Chase
200.713,0.000,Full real-time English opening,0.0000,1,0,0.00107,0,0,Chase
200.820,0.000,Full real-time English opening,0.0000,1,0,0.00115,0,0,Chase
200.924,0.000,Full real-time English opening,0.0000,1,0,0.00171,0,0,Chase
201.032,0.000,Full real-time English opening,0.0000,1,0,0.00113,0,0,Chase
201.141,0.000,Full real-time English opening,0.0000,1,0,0.18456,0,0,Chase
201.248,0.000,Full real-time English opening,0.0000,1,0,0.16382,0,0,Chase
201.355,0.000,Full real-time English opening,0.0000,1,0,0.01612,0,0,Chase
201.456,0.000,Full real-time English opening,0.0000,1,0,0.10875,0,0,Chase
201.557,0.000,Full real-time English opening,0.0000,1,0,0.00036,0,0,Chase
201.657,0.000,Full real-time English opening,0.0000,1,0,0.18024,0,0,Chase
201.759,0.000,Full real-time English opening,0.0000,1,0,0.15461,0,0,Chase
201.859,0.000,Full real-time English opening,0.0000,1,0,0.00544,0,0,Chase
201.966,0.000,Full real-time English opening,0.0000,1,0,0.01276,0,0,Chase
202.075,0.000,Full real-time English opening,0.0000,1,0,0.13531,0,0,Chase
202.177,0.000,Full real-time English opening,0.0000,1,0,0.03011,0,0,Chase
202.286,0.000,Full real-time English opening,0.0000,1,0,0.00740,0,0,Chase
202.388,0.000,Full real-time English opening,0.0000,1,0,0.13862,0,0,Chase
202.490,0.000,Full real-time English opening,0.0000,1,0,0.06978,0,0,Chase
202.596,0.000,Full real-time English opening,0.0000,1,0,0.01681,0,0,Chase
202.700,0.000,Full real-time English opening,0.0000,1,0,0.15992,0,0,Chase
202.802,0.000,Full real-time English opening,0.0000,1,0,0.08698,0,0,Chase
202.902,0.000,Full real-time English opening,0.0000,1,0,0.03618,0,0,Chase
203.004,0.000,Full real-time English opening,0.0000,1,0,0.03210,0,0,Chase
203.111,0.000,Full real-time English opening,0.0000,1,0,0.09345,0,0,Chase
203.217,0.000,Full real-time English opening,0.0000,1,0,0.00151,0,0,Chase
203.327,0.000,Full real-time English opening,0.0000,1,0,0.01803,0,0,Chase
203.431,0.000,Full real-time English opening,0.0000,1,0,0.00088,0,0,Chase
203.542,0.000,Full real-time English opening,0.0000,1,0,0.00127,0,0,Chase
203.644,0.000,Full real-time English opening,0.0000,1,0,0.00114,0,0,Chase
203.751,0.000,Full real-time English opening,0.0000,1,0,0.18532,0,0,Chase
203.852,0.000,Full real-time English opening,0.0000,1,0,0.14938,0,0,Chase
203.954,0.000,Full real-time English opening,0.0000,1,0,0.04036,0,0,Chase
204.056,0.000,Full real-time English opening,0.0000,1,0,0.18476,0,0,Chase
204.159,0.000,Full real-time English opening,0.0000,1,0,0.09030,0,0,Chase
204.260,0.000,Full real-time English opening,0.0000,1,0,0.10787,0,0,Chase
204.366,0.000,Full real-time English opening,0.0000,1,0,0.00066,0,0,Chase
204.475,0.000,Full real-time English opening,0.0000,1,0,0.04241,0,0,Chase
204.575,0.000,Full real-time English opening,0.0000,1,0,0.00832,0,0,Chase
204.682,0.000,Full real-time English opening,0.0000,1,0,0.14438,0,0,Chase
204.786,0.000,Full real-time English opening,0.0000,1,0,0.02447,0,0,Chase
204.892,0.000,Full real-time English opening,0.0000,1,0,0.02625,0,0,Chase
204.994,0.000,Full real-time English opening,0.0000,1,0,0.00292,0,0,Chase
205.114,0.000,Full real-time English opening,0.0000,1,0,0.00118,0,0,Chase
205.216,0.000,Full real-time English opening,0.0000,1,0,0.00085,0,0,Chase
205.323,0.000,Full real-time English opening,0.0000,1,0,0.00123,0,0,Chase
205.427,0.000,Full real-time English opening,0.0000,1,0,0.00114,0,0,Chase
205.530,0.000,Full real-time English opening,0.0000,1,0,0.00102,0,0,Chase
205.635,0.000,Full real-time English opening,0.0000,1,0,0.01598,0,0,Chase
205.741,0.000,Full real-time English opening,0.0000,1,0,0.01345,0,0,Chase
205.849,0.000,Full real-time English opening,0.0000,0,0,0.00265,0,0,Chase
205.949,0.000,Full real-time English opening,0.0000,0,0,0.00000,0,0,Chase
206.059,0.000,Full real-time English opening,0.0000,1,0,0.02149,0,0,Chase
206.169,0.000,Full real-time English opening,0.0000,1,0,0.00527,0,0,Chase
206.273,0.000,Full real-time English opening,0.0000,1,0,0.00115,0,0,Chase
206.375,0.000,Full real-time English opening,0.0000,1,0,0.00456,0,0,Chase
206.479,0.000,Full real-time English opening,0.0000,1,0,0.01345,0,0,Chase
206.587,0.000,Full real-time English opening,0.0000,1,0,0.12153,0,0,Chase
206.696,0.000,Full real-time English opening,0.0000,1,0,0.04526,0,0,Chase
206.804,0.000,Full real-time English opening,0.0000,1,0,0.00646,0,0,Chase
206.912,0.000,Full real-time English opening,0.0000,1,0,0.00341,0,0,Chase
207.018,0.000,Full real-time English opening,0.0000,1,0,0.13070,0,0,Chase
207.122,0.000,Full real-time English opening,0.0000,1,0,0.02004,0,0,Chase
207.231,0.000,Full real-time English opening,0.0000,1,0,0.00089,0,0,Chase
207.335,0.000,Full real-time English opening,0.0000,1,0,0.14116,0,0,Chase
207.436,0.000,Full real-time English opening,0.0000,1,0,0.00204,0,0,Chase
207.538,0.000,Full real-time English opening,0.0000,1,0,0.10237,0,0,Chase
207.647,0.000,Full real-time English opening,0.0000,1,0,0.05956,0,0,Chase
207.752,0.000,Full real-time English opening,0.0000,1,0,0.05301,0,0,Chase
207.860,0.000,Full real-time English opening,0.0000,1,0,0.03586,0,0,Chase
207.960,0.000,Full real-time English opening,0.0000,1,0,0.01082,0,0,Chase
208.067,0.000,Full real-time English opening,0.0000,1,0,0.08019,0,0,Chase
208.173,0.000,Full real-time English opening,0.0000,1,0,0.05566,0,0,Chase
208.280,0.000,Full real-time English opening,0.0000,1,0,0.09070,0,0,Chase
208.388,0.000,Full real-time English opening,0.0000,1,0,0.00691,0,0,Chase
208.497,0.000,Full real-time English opening,0.0000,1,0,0.09875,0,0,Chase
208.605,0.000,Full real-time English opening,0.0000,1,0,0.01516,0,0,Chase
208.715,0.000,Full real-time English opening,0.0000,1,0,0.00938,0,0,Chase
208.824,0.000,Full real-time English opening,0.0000,1,0,0.02709,0,0,Chase
208.932,0.000,Full real-time English opening,0.0000,1,0,0.01272,0,0,Chase
209.034,0.000,Full real-time English opening,0.0000,1,0,0.00094,0,0,Chase
209.138,0.000,Full real-time English opening,0.0000,1,0,0.00115,0,0,Chase
209.244,0.000,Full real-time English opening,0.0000,1,0,0.00104,0,0,Chase
209.349,0.000,Full real-time English opening,0.0000,1,0,0.00109,0,0,Chase
209.451,0.000,Full real-time English opening,0.0000,1,0,0.00104,0,0,Chase
209.555,0.000,Full real-time English opening,0.0000,1,0,0.00567,0,0,Chase
209.660,0.000,Full real-time English opening,0.0000,1,0,0.13580,0,0,Chase
209.767,0.000,Full real-time English opening,0.0000,1,0,0.00230,0,0,Chase
209.873,0.000,Full real-time English opening,0.0000,1,0,0.06901,0,0,Chase
209.978,0.000,Full real-time English opening,0.0000,1,0,0.00388,0,0,Chase
210.083,0.000,Full real-time English opening,0.0000,1,0,0.09331,0,0,Chase
210.192,0.000,Full real-time English opening,0.0000,1,0,0.06796,0,0,Chase
210.296,0.000,Full real-time English opening,0.0000,1,0,0.10874,0,0,Chase
210.402,0.000,Full real-time English opening,0.0000,1,0,0.06260,0,0,Chase
210.510,0.000,Full real-time English opening,0.0000,1,0,0.10017,0,0,Chase
210.617,0.000,Full real-time English opening,0.0000,1,0,0.02248,0,0,Chase
210.725,0.000,Full real-time English opening,0.0000,1,0,0.01775,0,0,Chase
210.826,0.000,Full real-time English opening,0.0000,1,0,0.01638,0,0,Chase
210.927,0.000,Full real-time English opening,0.0000,1,0,0.00107,0,0,Chase
211.034,0.000,Full real-time English opening,0.0000,1,0,0.07712,0,0,Chase
211.144,0.000,Full real-time English opening,0.0000,1,0,0.09308,0,0,Chase
211.249,0.000,Full real-time English opening,0.0000,1,0,0.05251,0,0,Chase
211.351,0.000,Full real-time English opening,0.0000,1,0,0.04195,0,0,Chase
211.457,0.000,Full real-time English opening,0.0000,1,0,0.06714,0,0,Chase
211.559,0.000,Full real-time English opening,0.0000,1,0,0.07767,0,0,Chase
211.666,0.000,Full real-time English opening,0.0000,1,0,0.03780,0,0,Chase
211.771,0.000,Full real-time English opening,0.0000,1,0,0.02943,0,0,Chase
211.880,0.000,Full real-time English opening,0.0000,1,0,0.02994,0,0,Chase
211.980,0.000,Full real-time English opening,0.0000,1,0,0.06599,0,0,Chase
212.089,0.000,Full real-time English opening,0.0000,1,0,0.10295,0,0,Chase
212.199,0.000,Full real-time English opening,0.0000,1,0,0.09245,0,0,Chase
212.300,0.000,Full real-time English opening,0.0000,1,0,0.03605,0,0,Chase
212.405,0.000,Full real-time English opening,0.0000,1,0,0.06238,0,0,Chase
212.513,0.000,Full real-time English opening,0.0000,1,0,0.07979,0,0,Chase
212.622,0.000,Full real-time English opening,0.0000,1,0,0.06781,0,0,Chase
212.729,0.000,Full real-time English opening,0.0000,1,0,0.00951,0,0,Chase
212.829,0.000,Full real-time English opening,0.0000,1,0,0.00568,0,0,Chase
212.938,0.000,Full real-time English opening,0.0000,1,0,0.05676,0,0,Chase
213.043,0.000,Full real-time English opening,0.0000,1,0,0.00641,0,0,Chase
213.144,0.000,Full real-time English opening,0.0000,1,0,0.06766,0,0,Chase
213.245,0.000,Full real-time English opening,0.0000,1,0,0.02377,0,0,Chase
213.352,0.000,Full real-time English opening,0.0000,1,0,0.00221,0,0,Chase
213.457,0.000,Full real-time English opening,0.0000,1,0,0.00088,0,0,Chase
213.565,0.000,Full real-time English opening,0.0000,1,0,0.00142,0,0,Chase
213.667,0.000,Full real-time English opening,0.0000,1,0,0.00124,0,0,Chase
213.773,0.000,Full real-time English opening,0.0000,1,0,0.00114,0,0,Chase
213.875,0.000,Full real-time English opening,0.0000,1,0,0.07981,0,0,Chase
213.980,0.000,Full real-time English opening,0.0000,1,0,0.06436,0,0,Chase
214.083,0.000,Full real-time English opening,0.0000,1,0,0.08176,0,0,Chase
214.185,0.000,Full real-time English opening,0.0000,1,0,0.11409,0,0,Chase
214.286,0.000,Full real-time English opening,0.0000,1,0,0.10785,0,0,Chase
214.392,0.000,Full real-time English opening,0.0000,1,0,0.00346,0,0,Chase
214.499,0.000,Full real-time English opening,0.0000,1,0,0.11091,0,0,Chase
214.605,0.000,Full real-time English opening,0.0000,1,0,0.09659,0,0,Chase
214.715,0.000,Full real-time English opening,0.0000,1,0,0.11269,0,0,Chase
214.822,0.000,Full real-time English opening,0.0000,1,0,0.03318,0,0,Chase
214.930,0.000,Full real-time English opening,0.0000,1,0,0.02406,0,0,Chase
215.032,0.000,Full real-time English opening,0.0000,1,0,0.05821,0,0,Chase
215.136,0.000,Full real-time English opening,0.0000,1,0,0.03673,0,0,Chase
215.239,0.000,Full real-time English opening,0.0000,1,0,0.03783,0,0,Chase
215.340,0.000,Full real-time English opening,0.0000,1,0,0.06176,0,0,Chase
215.449,0.000,Full real-time English opening,0.0000,1,0,0.07981,0,0,Chase
215.550,0.000,Full real-time English opening,0.0000,1,0,0.02982,0,0,Chase
215.657,0.000,Full real-time English opening,0.0000,1,0,0.00887,0,0,Chase
215.766,0.000,Full real-time English opening,0.0000,1,0,0.00472,0,0,Chase
215.868,0.000,Full real-time English opening,0.0000,1,0,0.00077,0,0,Chase
215.976,0.000,Full real-time English opening,0.0000,1,0,0.00114,0,0,Chase
216.079,0.000,Full real-time English opening,0.0000,1,0,0.00112,0,0,Chase
216.181,0.000,Full real-time English opening,0.0000,1,0,0.01547,0,0,Chase
216.284,0.000,Full real-time English opening,0.0000,1,0,0.01349,0,0,Chase
216.389,0.000,Full real-time English opening,0.0000,0,0,0.00000,0,0,Chase
216.491,0.000,Full real-time English opening,0.0000,0,0,0.00000,0,0,Chase
216.595,0.000,Full real-time English opening,0.0000,1,0,0.02379,0,0,Chase
216.700,0.000,Full real-time English opening,0.0000,1,0,0.00194,0,0,Chase
216.805,0.000,Full real-time English opening,0.0000,1,0,0.00101,0,0,Chase
216.906,0.000,Full real-time English opening,0.0000,1,0,0.00096,0,0,Chase
217.008,0.000,Full real-time English opening,0.0000,1,0,0.00429,0,0,Chase
217.111,0.000,Full real-time English opening,0.0000,1,0,0.11459,0,0,Chase
217.219,0.000,Full real-time English opening,0.0000,1,0,0.10045,0,0,Chase
217.319,0.000,Full real-time English opening,0.0000,1,0,0.03121,0,0,Chase
217.426,0.000,Full real-time English opening,0.0000,1,0,0.01676,0,0,Chase
217.528,0.000,Full real-time English opening,0.0000,1,0,0.07907,0,0,Chase
217.632,0.000,Full real-time English opening,0.0000,1,0,0.09736,0,0,Chase
217.738,0.000,Full real-time English opening,0.0000,1,0,0.08531,0,0,Chase
217.840,0.000,Full real-time English opening,0.0000,1,0,0.08022,0,0,Chase
217.940,0.000,Full real-time English opening,0.0000,1,0,0.03243,0,0,Chase
218.049,0.000,Full real-time English opening,0.0000,1,0,0.11142,0,0,Chase
218.158,0.000,Full real-time English opening,0.0000,1,0,0.01275,0,0,Chase
218.259,0.000,Full real-time English opening,0.0000,1,0,0.05002,0,0,Chase
218.360,0.000,Full real-time English opening,0.0000,1,0,0.00224,0,0,Chase
218.469,0.000,Full real-time English opening,0.0000,1,0,0.08037,0,0,Chase
218.571,0.000,Full real-time English opening,0.0000,1,0,0.03600,0,0,Chase
218.675,0.000,Full real-time English opening,0.0000,1,0,0.09142,0,0,Chase
218.775,0.000,Full real-time English opening,0.0000,1,0,0.10590,0,0,Chase
218.876,0.000,Full real-time English opening,0.0000,1,0,0.09631,0,0,Chase
218.976,0.000,Full real-time English opening,0.0000,1,0,0.00593,0,0,Chase
219.085,0.000,Full real-time English opening,0.0000,1,0,0.11275,0,0,Chase
219.186,0.000,Full real-time English opening,0.0000,1,0,0.09524,0,0,Chase
219.288,0.000,Full real-time English opening,0.0000,1,0,0.11921,0,0,Chase
219.391,0.000,Full real-time English opening,0.0000,1,0,0.06538,0,0,Chase
219.494,0.000,Full real-time English opening,0.0000,1,0,0.05249,0,0,Chase
219.595,0.000,Full real-time English opening,0.0000,1,0,0.03235,0,0,Chase
219.697,0.000,Full real-time English opening,0.0000,1,0,0.00083,0,0,Chase
219.798,0.000,Full real-time English opening,0.0000,1,0,0.06678,0,0,Chase
219.904,0.000,Full real-time English opening,0.0000,1,0,0.04841,0,0,Chase
220.010,0.000,Full real-time English opening,0.0000,1,0,0.07884,0,0,Chase
220.111,0.000,Full real-time English opening,0.0000,1,0,0.04007,0,0,Chase
220.212,0.000,Full real-time English opening,0.0000,1,0,0.08866,0,0,Chase
220.313,0.000,Full real-time English opening,0.0000,1,0,0.00051,0,0,Chase
220.420,0.000,Full real-time English opening,0.0000,1,0,0.00481,0,0,Chase
220.526,0.000,Full real-time English opening,0.0000,1,0,0.00208,0,0,Chase
220.630,0.000,Full real-time English opening,0.0000,1,0,0.00154,0,0,Chase
220.738,0.000,Full real-time English opening,0.0000,1,0,0.01335,0,0,Chase
220.842,0.000,Full real-time English opening,0.0000,1,0,0.08733,0,0,Chase
220.950,0.000,Full real-time English opening,0.0000,1,0,0.12982,0,0,Chase
221.060,0.000,Full real-time English opening,0.0000,1,0,0.06248,0,0,Chase
221.170,0.000,Full real-time English opening,0.0000,1,0,0.07902,0,0,Chase
221.274,0.000,Full real-time English opening,0.0000,1,0,0.15552,0,0,Chase
221.381,0.000,Full real-time English opening,0.0000,1,0,0.03607,0,0,Chase
221.481,0.000,Full real-time English opening,0.0000,1,0,0.10125,0,0,Chase
221.587,0.000,Full real-time English opening,0.0000,1,0,0.02319,0,0,Chase
221.689,0.000,Full real-time English opening,0.0000,1,0,0.10199,0,0,Chase
221.791,0.000,Full real-time English opening,0.0000,1,0,0.01678,0,0,Chase
221.898,0.000,Full real-time English opening,0.0000,1,0,0.04646,0,0,Chase
222.007,0.000,Full real-time English opening,0.0000,1,0,0.00068,0,0,Chase
222.115,0.000,Full real-time English opening,0.0000,1,0,0.06926,0,0,Chase
222.218,0.000,Full real-time English opening,0.0000,1,0,0.00155,0,0,Chase
222.321,0.000,Full real-time English opening,0.0000,1,0,0.05105,0,0,Chase
222.421,0.000,Full real-time English opening,0.0000,1,0,0.12634,0,0,Chase
222.529,0.000,Full real-time English opening,0.0000,1,0,0.00384,0,0,Chase
222.636,0.000,Full real-time English opening,0.0000,1,0,0.01855,0,0,Chase
222.738,0.000,Full real-time English opening,0.0000,1,0,0.00287,0,0,Chase
222.839,0.000,Full real-time English opening,0.0000,1,0,0.11943,0,0,Chase
222.942,0.000,Full real-time English opening,0.0000,1,0,0.10333,0,0,Chase
223.046,0.000,Full real-time English opening,0.0000,1,0,0.09713,0,0,Chase
223.146,0.000,Full real-time English opening,0.0000,1,0,0.04205,0,0,Chase
223.247,0.000,Full real-time English opening,0.0000,1,0,0.03814,0,0,Chase
223.355,0.000,Full real-time English opening,0.0000,1,0,0.09016,0,0,Chase
223.456,0.000,Full real-time English opening,0.0000,1,0,0.07286,0,0,Chase
223.562,0.000,Full real-time English opening,0.0000,1,0,0.05240,0,0,Chase
223.670,0.000,Full real-time English opening,0.0000,1,0,0.08304,0,0,Chase
223.770,0.000,Full real-time English opening,0.0000,1,0,0.01295,0,0,Chase
223.877,0.000,Full real-time English opening,0.0000,1,0,0.00356,0,0,Chase
223.979,0.000,Full real-time English opening,0.0000,1,0,0.00126,0,0,Chase
224.083,0.000,Full real-time English opening,0.0000,1,0,0.17408,0,0,Chase
224.183,0.000,Full real-time English opening,0.0000,1,0,0.06897,0,0,Chase
224.287,0.000,Full real-time English opening,0.0000,1,0,0.00251,0,0,Chase
224.393,0.000,Full real-time English opening,0.0000,1,0,0.02754,0,0,Chase
224.501,0.000,Full real-time English opening,0.0000,1,0,0.08953,0,0,Chase
224.610,0.000,Full real-time English opening,0.0000,1,0,0.08035,0,0,Chase
224.717,0.000,Full real-time English opening,0.0000,1,0,0.01396,0,0,Chase
224.820,0.000,Full real-time English opening,0.0000,1,0,0.10405,0,0,Chase
224.927,0.000,Full real-time English opening,0.0000,1,0,0.13842,0,0,Chase
225.035,0.000,Full real-time English opening,0.0000,1,0,0.06471,0,0,Chase
225.137,0.000,Full real-time English opening,0.0000,1,0,0.02480,0,0,Chase
225.244,0.000,Full real-time English opening,0.0000,1,0,0.01001,0,0,Chase
225.346,0.000,Full real-time English opening,0.0000,1,0,0.10368,0,0,Chase
225.446,0.000,Full real-time English opening,0.0000,1,0,0.02823,0,0,Chase
225.548,0.000,Full real-time English opening,0.0000,1,0,0.06159,0,0,Chase
225.651,0.000,Full real-time English opening,0.0000,1,0,0.03620,0,0,Chase
225.751,0.000,Full real-time English opening,0.0000,1,0,0.13293,0,0,Chase
225.853,0.000,Full real-time English opening,0.0000,1,0,0.07800,0,0,Chase
225.955,0.000,Full real-time English opening,0.0000,1,0,0.05624,0,0,Chase
226.056,0.000,Full real-time English opening,0.0000,1,0,0.09372,0,0,Chase
226.164,0.000,Full real-time English opening,0.0000,1,0,0.01604,0,0,Chase
226.268,0.000,Full real-time English opening,0.0000,1,0,0.00094,0,0,Chase
226.369,0.000,Full real-time English opening,0.0000,1,0,0.00089,0,0,Chase
226.471,0.000,Full real-time English opening,0.0000,1,0,0.00095,0,0,Chase
226.573,0.000,Full real-time English opening,0.0000,1,0,0.00111,0,0,Chase
226.674,0.000,Full real-time English opening,0.0000,1,0,0.01586,0,0,Chase
226.781,0.000,Full real-time English opening,0.0000,1,0,0.01271,0,0,Chase
226.886,0.000,Full real-time English opening,0.0000,0,0,0.00000,0,0,Chase
226.987,0.000,Full real-time English opening,0.0000,1,0,0.00000,0,0,Chase
227.092,0.000,Full real-time English opening,0.0000,1,0,0.02132,0,0,Chase
227.193,0.000,Full real-time English opening,0.0000,1,0,0.00109,0,0,Chase
227.297,0.000,Full real-time English opening,0.0000,1,0,0.00105,0,0,Chase
227.399,0.000,Full real-time English opening,0.0000,1,0,0.00105,0,0,Chase
227.500,0.000,Full real-time English opening,0.0000,1,0,0.00109,0,0,Chase
227.604,0.000,Full real-time English opening,0.0000,1,0,0.16064,0,0,Chase
227.706,0.000,Full real-time English opening,0.0000,1,0,0.03908,0,0,Chase
227.809,0.000,Full real-time English opening,0.0000,1,0,0.10550,0,0,Chase
227.916,0.000,Full real-time English opening,0.0000,1,0,0.07380,0,0,Chase
228.020,0.000,Full real-time English opening,0.0000,1,0,0.02520,0,0,Chase
228.122,0.000,Full real-time English opening,0.0000,1,0,0.17935,0,0,Chase
228.222,0.000,Full real-time English opening,0.0000,1,0,0.01877,0,0,Chase
228.322,0.000,Full real-time English opening,0.0000,1,0,0.12424,0,0,Chase
228.431,0.000,Full real-time English opening,0.0000,1,0,0.01096,0,0,Chase
228.531,0.000,Full real-time English opening,0.0000,1,0,0.14256,0,0,Chase
228.639,0.000,Full real-time English opening,0.0000,1,0,0.16439,0,0,Chase
228.746,0.000,Full real-time English opening,0.0000,1,0,0.13618,0,0,Chase
228.849,0.000,Full real-time English opening,0.0000,1,0,0.02690,0,0,Chase
228.951,0.000,Full real-time English opening,0.0000,1,0,0.00065,0,0,Chase
229.060,0.000,Full real-time English opening,0.0000,1,0,0.00114,0,0,Chase
229.167,0.000,Full real-time English opening,0.0000,1,0,0.12365,0,0,Chase
229.276,0.000,Full real-time English opening,0.0000,1,0,0.02580,0,0,Chase
229.376,0.000,Full real-time English opening,0.0000,1,0,0.11406,0,0,Chase
229.484,0.000,Full real-time English opening,0.0000,1,0,0.05384,0,0,Chase
229.594,0.000,Full real-time English opening,0.0000,1,0,0.08251,0,0,Chase
229.696,0.000,Full real-time English opening,0.0000,1,0,0.00051,0,0,Chase
229.804,0.000,Full real-time English opening,0.0000,1,0,0.15141,0,0,Chase
229.906,0.000,Full real-time English opening,0.0000,1,0,0.14615,0,0,Chase
230.008,0.000,Full real-time English opening,0.0000,1,0,0.00242,0,0,Chase
230.112,0.000,Full real-time English opening,0.0000,1,0,0.02312,0,0,Chase
230.220,0.000,Full real-time English opening,0.0000,1,0,0.02651,0,0,Chase
230.324,0.000,Full real-time English opening,0.0000,1,0,0.11529,0,0,Chase
230.429,0.000,Full real-time English opening,0.0000,1,0,0.00370,0,0,Chase
230.533,0.000,Full real-time English opening,0.0000,1,0,0.10534,0,0,Chase
230.639,0.000,Full real-time English opening,0.0000,1,0,0.00049,0,0,Chase
230.740,0.000,Full real-time English opening,0.0000,1,0,0.16099,0,0,Chase
230.840,0.000,Full real-time English opening,0.0000,1,0,0.08704,0,0,Chase
230.949,0.000,Full real-time English opening,0.0000,1,0,0.11916,0,0,Chase
231.058,0.000,Full real-time English opening,0.0000,1,0,0.03771,0,0,Chase
231.158,0.000,Full real-time English opening,0.0000,1,0,0.04402,0,0,Chase
231.262,0.000,Full real-time English opening,0.0000,1,0,0.00468,0,0,Chase
231.369,0.000,Full real-time English opening,0.0000,1,0,0.00962,0,0,Chase
231.470,0.000,Full real-time English opening,0.0000,1,0,0.15623,0,0,Chase
231.575,0.000,Full real-time English opening,0.0000,1,0,0.09889,0,0,Chase
231.682,0.000,Full real-time English opening,0.0000,1,0,0.00178,0,0,Chase
231.790,0.000,Full real-time English opening,0.0000,1,0,0.00096,0,0,Chase
231.897,0.000,Full real-time English opening,0.0000,1,0,0.00103,0,0,Chase
232.004,0.000,Full real-time English opening,0.0000,1,0,0.00114,0,0,Chase
232.112,0.000,Full real-time English opening,0.0000,1,0,0.00113,0,0,Chase
232.217,0.000,Full real-time English opening,0.0000,1,0,0.18159,0,0,Chase
232.320,0.000,Full real-time English opening,0.0000,1,0,0.12583,0,0,Chase
232.422,0.000,Full real-time English opening,0.0000,1,0,0.12992,0,0,Chase
232.526,0.000,Full real-time English opening,0.0000,1,0,0.14311,0,0,Chase
232.629,0.000,Full real-time English opening,0.0000,1,0,0.02204,0,0,Chase
232.736,0.000,Full real-time English opening,0.0000,1,0,0.10436,0,0,Chase
232.840,0.000,Full real-time English opening,0.0000,1,0,0.07535,0,0,Chase
232.949,0.000,Full real-time English opening,0.0000,1,0,0.05266,0,0,Chase
233.055,0.000,Full real-time English opening,0.0000,1,0,0.08864,0,0,Chase
233.162,0.000,Full real-time English opening,0.0000,1,0,0.13285,0,0,Chase
233.265,0.000,Full real-time English opening,0.0000,1,0,0.15758,0,0,Chase
233.374,0.000,Full real-time English opening,0.0000,1,0,0.04442,0,0,Chase
233.475,0.000,Full real-time English opening,0.0000,1,0,0.09359,0,0,Chase
233.581,0.000,Full real-time English opening,0.0000,1,0,0.14573,0,0,Chase
233.685,0.000,Full real-time English opening,0.0000,1,0,0.12381,0,0,Chase
233.789,0.000,Full real-time English opening,0.0000,1,0,0.01706,0,0,Chase
233.891,0.000,Full real-time English opening,0.0000,1,0,0.12122,0,0,Chase
233.993,0.000,Full real-time English opening,0.0000,1,0,0.02648,0,0,Chase
234.095,0.000,Full real-time English opening,0.0000,1,0,0.11065,0,0,Chase
234.196,0.000,Full real-time English opening,0.0000,1,0,0.09928,0,0,Chase
234.305,0.000,Full real-time English opening,0.0000,1,0,0.09717,0,0,Chase
234.408,0.000,Full real-time English opening,0.0000,1,0,0.02768,0,0,Chase
234.511,0.000,Full real-time English opening,0.0000,1,0,0.02654,0,0,Chase
234.614,0.000,Full real-time English opening,0.0000,1,0,0.07988,0,0,Chase
234.717,0.000,Full real-time English opening,0.0000,1,0,0.12265,0,0,Chase
234.821,0.000,Full real-time English opening,0.0000,1,0,0.05942,0,0,Chase
234.923,0.000,Full real-time English opening,0.0000,1,0,0.00092,0,0,Chase
235.031,0.000,Full real-time English opening,0.0000,1,0,0.00109,0,0,Chase
235.133,0.000,Full real-time English opening,0.0000,1,0,0.00102,0,0,Chase
235.241,0.000,Full real-time English opening,0.0000,1,0,0.00111,0,0,Chase
235.345,0.000,Full real-time English opening,0.0000,1,0,0.00100,0,0,Chase
235.447,0.000,Full real-time English opening,0.0000,1,0,0.00113,0,0,Chase
235.549,0.000,Full real-time English opening,0.0000,1,0,0.02645,0,0,Chase
235.649,0.000,Full real-time English opening,0.0000,1,0,0.05003,0,0,Chase
235.754,0.000,Full real-time English opening,0.0000,1,0,0.01298,0,0,Chase
235.858,0.000,Full real-time English opening,0.0000,1,0,0.00174,0,0,Chase
235.963,0.000,Full real-time English opening,0.0000,1,0,0.00245,0,0,Chase
236.065,0.000,Full real-time English opening,0.0000,1,0,0.00591,0,0,Chase
236.167,0.000,Full real-time English opening,0.0000,1,0,0.01036,0,0,Chase
236.270,0.000,Full real-time English opening,0.0000,1,0,0.00785,0,0,Chase
236.370,0.000,Full real-time English opening,0.0000,1,0,0.00101,0,0,Chase
236.472,0.000,Full real-time English opening,0.0000,1,0,0.03846,0,0,Chase
236.576,0.000,Full real-time English opening,0.0000,1,0,0.00973,0,0,Chase
236.686,0.000,Full real-time English opening,0.0000,1,0,0.01014,0,0,Chase
236.796,0.000,Full real-time English opening,0.0000,1,0,0.00116,0,0,Chase
236.905,0.000,Full real-time English opening,0.0000,1,0,0.00094,0,0,Chase
237.009,0.000,Full real-time English opening,0.0000,1,0,0.00113,0,0,Chase
237.110,0.000,Full real-time English opening,0.0000,1,0,0.00111,0,0,Chase
237.217,0.000,Full real-time English opening,0.0000,1,0,0.01569,0,0,Chase
237.321,0.000,Full real-time English opening,0.0000,1,0,0.01271,0,0,Chase
237.427,0.000,Full real-time English opening,0.0000,0,0,0.00000,0,0,Chase
237.528,0.000,Full real-time English opening,0.0000,1,0,0.02108,0,0,Chase
237.633,0.000,Full real-time English opening,0.0000,1,0,0.02132,0,0,Chase
237.741,0.000,Full real-time English opening,0.0000,1,0,0.00109,0,0,Chase
237.846,0.000,Full real-time English opening,0.0000,1,0,0.01650,0,0,Chase
237.948,0.000,Full real-time English opening,0.0000,1,0,0.00118,0,0,Chase
238.054,0.000,Full real-time English opening,0.0000,1,0,0.07648,0,0,Chase
238.158,0.000,Full real-time English opening,0.0000,1,0,0.13033,0,0,Chase
238.264,0.000,Full real-time English opening,0.0000,1,0,0.09399,0,0,Chase
238.372,0.000,Full real-time English opening,0.0000,1,0,0.12001,0,0,Chase
238.480,0.000,Full real-time English opening,0.0000,1,0,0.06167,0,0,Chase
238.587,0.000,Full real-time English opening,0.0000,1,0,0.10410,0,0,Chase
238.688,0.000,Full real-time English opening,0.0000,1,0,0.00042,0,0,Chase
238.797,0.000,Full real-time English opening,0.0000,1,0,0.09241,0,0,Chase
238.904,0.000,Full real-time English opening,0.0000,1,0,0.12470,0,0,Chase
239.013,0.000,Full real-time English opening,0.0000,1,0,0.04314,0,0,Chase
239.121,0.000,Full real-time English opening,0.0000,1,0,0.12689,0,0,Chase
239.227,0.000,Full real-time English opening,0.0000,1,0,0.07490,0,0,Chase
239.328,0.000,Full real-time English opening,0.0000,1,0,0.09166,0,0,Chase
239.434,0.000,Full real-time English opening,0.0000,1,0,0.03162,0,0,Chase
239.543,0.000,Full real-time English opening,0.0000,1,0,0.04818,0,0,Chase
239.650,0.000,Full real-time English opening,0.0000,1,0,0.00414,0,0,Chase
239.759,0.000,Full real-time English opening,0.0000,1,0,0.11463,0,0,Chase
239.867,0.000,Full real-time English opening,0.0000,1,0,0.06406,0,0,Chase
239.976,0.000,Full real-time English opening,0.0000,1,0,0.00352,0,0,Chase
240.081,0.000,Full real-time English opening,0.0000,1,0,0.05734,0,0,Chase
240.190,0.000,Full real-time English opening,0.0000,1,0,0.01352,0,0,Chase
240.295,0.000,Full real-time English opening,0.0000,1,0,0.03186,0,0,Chase
240.396,0.000,Full real-time English opening,0.0000,1,0,0.00648,0,0,Chase
240.496,0.000,Full real-time English opening,0.0000,1,0,0.00302,0,0,Chase
240.606,0.000,Full real-time English opening,0.0000,1,0,0.10141,0,0,Chase
240.714,0.000,Full real-time English opening,0.0000,1,0,0.08797,0,0,Chase
240.822,0.000,Full real-time English opening,0.0000,1,0,0.02002,0,0,Chase
240.930,0.000,Full real-time English opening,0.0000,1,0,0.07251,0,0,Chase
241.034,0.000,Full real-time English opening,0.0000,1,0,0.01011,0,0,Chase
241.142,0.000,Full real-time English opening,0.0000,1,0,0.13877,0,0,Chase
241.246,0.000,Full real-time English opening,0.0000,1,0,0.03259,0,0,Chase
241.354,0.000,Full real-time English opening,0.0000,1,0,0.02534,0,0,Chase
241.462,0.000,Full real-time English opening,0.0000,1,0,0.00106,0,0,Chase
241.570,0.000,Full real-time English opening,0.0000,1,0,0.00103,0,0,Chase
241.672,0.000,Full real-time English opening,0.0000,1,0,0.00107,0,0,Chase
241.772,0.000,Full real-time English opening,0.0000,1,0,0.11440,0,0,Chase
241.882,0.000,Full real-time English opening,0.0000,1,0,0.01983,0,0,Chase
241.982,0.000,Full real-time English opening,0.0000,1,0,0.06387,0,0,Chase
242.085,0.000,Full real-time English opening,0.0000,1,0,0.10830,0,0,Chase
242.193,0.000,Full real-time English opening,0.0000,1,0,0.11876,0,0,Chase
242.294,0.000,Full real-time English opening,0.0000,1,0,0.09490,0,0,Chase
242.398,0.000,Full real-time English opening,0.0000,1,0,0.02529,0,0,Chase
242.506,0.000,Full real-time English opening,0.0000,1,0,0.08116,0,0,Chase
242.607,0.000,Full real-time English opening,0.0000,1,0,0.03027,0,0,Chase
242.707,0.000,Full real-time English opening,0.0000,1,0,0.00272,0,0,Chase
242.809,0.000,Full real-time English opening,0.0000,1,0,0.07119,0,0,Chase
242.914,0.000,Full real-time English opening,0.0000,1,0,0.04553,0,0,Chase
243.018,0.000,Full real-time English opening,0.0000,1,0,0.01353,0,0,Chase
243.119,0.000,Full real-time English opening,0.0000,1,0,0.07311,0,0,Chase
243.222,0.000,Full real-time English opening,0.0000,1,0,0.09993,0,0,Chase
243.325,0.000,Full real-time English opening,0.0000,1,0,0.00460,0,0,Chase
243.433,0.000,Full real-time English opening,0.0000,1,0,0.00318,0,0,Chase
243.542,0.000,Full real-time English opening,0.0000,1,0,0.00289,0,0,Chase
243.642,0.000,Full real-time English opening,0.0000,1,0,0.07770,0,0,Chase
243.744,0.000,Full real-time English opening,0.0000,1,0,0.00095,0,0,Chase
243.853,0.000,Full real-time English opening,0.0000,1,0,0.02398,0,0,Chase
243.961,0.000,Full real-time English opening,0.0000,1,0,0.00038,0,0,Chase
244.061,0.000,Full real-time English opening,0.0000,1,0,0.00100,0,0,Chase
244.163,0.000,Full real-time English opening,0.0000,1,0,0.06760,0,0,Chase
244.268,0.000,Full real-time English opening,0.0000,1,0,0.00059,0,0,Chase
244.371,0.000,Full real-time English opening,0.0000,1,0,0.01812,0,0,Chase
244.472,0.000,Full real-time English opening,0.0000,1,0,0.02034,0,0,Chase
244.572,0.000,Full real-time English opening,0.0000,1,0,0.09104,0,0,Chase
244.673,0.000,Full real-time English opening,0.0000,1,0,0.01532,0,0,Chase
244.781,0.000,Full real-time English opening,0.0000,1,0,0.09426,0,0,Chase
244.883,0.000,Full real-time English opening,0.0000,1,0,0.06255,0,0,Chase
244.984,0.000,Full real-time English opening,0.0000,1,0,0.00271,0,0,Chase
245.087,0.000,Full real-time English opening,0.0000,1,0,0.07057,0,0,Chase
245.189,0.000,Full real-time English opening,0.0000,1,0,0.04717,0,0,Chase
245.298,0.000,Full real-time English opening,0.0000,1,0,0.08511,0,0,Chase
245.399,0.000,Full real-time English opening,0.0000,1,0,0.01531,0,0,Chase
245.504,0.000,Full real-time English opening,0.0000,1,0,0.07278,0,0,Chase
245.606,0.000,Full real-time English opening,0.0000,1,0,0.02971,0,0,Chase
245.713,0.000,Full real-time English opening,0.0000,1,0,0.00225,0,0,Chase
245.815,0.000,Full real-time English opening,0.0000,1,0,0.00089,0,0,Chase
245.917,0.000,Full real-time English opening,0.0000,1,0,0.00112,0,0,Chase
246.017,0.000,Full real-time English opening,0.0000,1,0,0.00113,0,0,Chase
246.126,0.000,Full real-time English opening,0.0000,1,0,0.00078,0,0,Chase
246.227,0.000,Full real-time English opening,0.0000,1,0,0.01503,0,0,Chase
246.333,0.000,Full real-time English opening,0.0000,1,0,0.01354,0,0,Chase
246.435,0.000,Full real-time English opening,0.0000,0,0,0.00000,0,0,Chase
246.536,0.000,Full real-time English opening,0.0000,0,0,0.00000,0,0,Chase
246.643,0.000,Full real-time English opening,0.0000,1,0,0.02149,0,0,Chase
246.750,0.000,Full real-time English opening,0.0000,1,0,0.00501,0,0,Chase
246.856,0.000,Full real-time English opening,0.0000,1,0,0.00114,0,0,Chase
246.964,0.000,Full real-time English opening,0.0000,1,0,0.00162,0,0,Chase
247.070,0.000,Full real-time English opening,0.0000,1,0,0.00112,0,0,Chase
247.176,0.000,Full real-time English opening,0.0000,1,0,0.17778,0,0,Chase
247.283,0.000,Full real-time English opening,0.0000,1,0,0.00045,0,0,Chase
247.390,0.000,Full real-time English opening,0.0000,1,0,0.13913,0,0,Chase
247.497,0.000,Full real-time English opening,0.0000,1,0,0.09675,0,0,Chase
247.606,0.000,Full real-time English opening,0.0000,1,0,0.00347,0,0,Chase
247.716,0.000,Full real-time English opening,0.0000,1,0,0.00914,0,0,Chase
247.822,0.000,Full real-time English opening,0.0000,1,0,0.00111,0,0,Chase
247.923,0.000,Full real-time English opening,0.0000,1,0,0.00123,0,0,Chase
248.032,0.000,Full real-time English opening,0.0000,1,0,0.00115,0,0,Chase
248.137,0.000,Full real-time English opening,0.0000,1,0,0.00108,0,0,Chase
248.239,0.000,Full real-time English opening,0.0000,1,0,0.05810,0,0,Chase
248.346,0.000,Full real-time English opening,0.0000,1,0,0.10231,0,0,Chase
248.454,0.000,Full real-time English opening,0.0000,1,0,0.05429,0,0,Chase
248.561,0.000,Full real-time English opening,0.0000,1,0,0.17808,0,0,Chase
248.668,0.000,Full real-time English opening,0.0000,1,0,0.00073,0,0,Chase
248.776,0.000,Full real-time English opening,0.0000,1,0,0.03921,0,0,Chase
248.881,0.000,Full real-time English opening,0.0000,1,0,0.13176,0,0,Chase
248.987,0.000,Full real-time English opening,0.0000,1,0,0.04979,0,0,Chase
249.095,0.000,Full real-time English opening,0.0000,1,0,0.04192,0,0,Chase
249.204,0.000,Full real-time English opening,0.0000,1,0,0.08695,0,0,Chase
249.307,0.000,Full real-time English opening,0.0000,1,0,0.04214,0,0,Chase
249.407,0.000,Full real-time English opening,0.0000,1,0,0.00517,0,0,Chase
249.515,0.000,Full real-time English opening,0.0000,1,0,0.00119,0,0,Chase
249.624,0.000,Full real-time English opening,0.0000,1,0,0.00107,0,0,Chase
249.730,0.000,Full real-time English opening,0.0000,1,0,0.14320,0,0,Chase
249.830,0.000,Full real-time English opening,0.0000,1,0,0.01527,0,0,Chase
249.936,0.000,Full real-time English opening,0.0000,1,0,0.10472,0,0,Chase
250.044,0.000,Full real-time English opening,0.0000,1,0,0.02651,0,0,Chase
250.144,0.000,Full real-time English opening,0.0000,1,0,0.00516,0,0,Chase
250.252,0.000,Full real-time English opening,0.0000,1,0,0.05129,0,0,Chase
250.354,0.000,Full real-time English opening,0.0000,1,0,0.12060,0,0,Chase
250.456,0.000,Full real-time English opening,0.0000,1,0,0.05727,0,0,Chase
250.556,0.000,Full real-time English opening,0.0000,1,0,0.05525,0,0,Chase
250.662,0.000,Full real-time English opening,0.0000,1,0,0.09637,0,0,Chase
250.769,0.000,Full real-time English opening,0.0000,1,0,0.01681,0,0,Chase
250.871,0.000,Full real-time English opening,0.0000,1,0,0.12021,0,0,Chase
250.977,0.000,Full real-time English opening,0.0000,1,0,0.00609,0,0,Chase
251.080,0.000,Full real-time English opening,0.0000,1,0,0.14720,0,0,Chase
251.182,0.000,Full real-time English opening,0.0000,1,0,0.03107,0,0,Chase
251.284,0.000,Full real-time English opening,0.0000,1,0,0.01661,0,0,Chase
251.388,0.000,Full real-time English opening,0.0000,1,0,0.00155,0,0,Chase
251.491,0.000,Full real-time English opening,0.0000,1,0,0.00112,0,0,Chase
251.597,0.000,Full real-time English opening,0.0000,1,0,0.00096,0,0,Chase
251.700,0.000,Full real-time English opening,0.0000,1,0,0.00253,0,0,Chase
251.802,0.000,Full real-time English opening,0.0000,1,0,0.00146,0,0,Chase
251.904,0.000,Full real-time English opening,0.0000,1,0,0.00112,0,0,Chase
252.004,0.000,Full real-time English opening,0.0000,1,0,0.14228,0,0,Chase
252.105,0.000,Full real-time English opening,0.0000,1,0,0.03158,0,0,Chase
252.206,0.000,Full real-time English opening,0.0000,1,0,0.05958,0,0,Chase
252.306,0.000,Full real-time English opening,0.0000,1,0,0.03789,0,0,Chase
252.408,0.000,Full real-time English opening,0.0000,1,0,0.03002,0,0,Chase
252.512,0.000,Full real-time English opening,0.0000,1,0,0.13182,0,0,Chase
252.614,0.000,Full real-time English opening,0.0000,1,0,0.01465,0,0,Chase
252.719,0.000,Full real-time English opening,0.0000,1,0,0.00162,0,0,Chase
252.825,0.000,Full real-time English opening,0.0000,1,0,0.03887,0,0,Chase
252.926,0.000,Full real-time English opening,0.0000,1,0,0.01022,0,0,Chase
253.028,0.000,Full real-time English opening,0.0000,1,0,0.15835,0,0,Chase
253.136,0.000,Full real-time English opening,0.0000,1,0,0.13435,0,0,Chase
253.240,0.000,Full real-time English opening,0.0000,1,0,0.10293,0,0,Chase
253.344,0.000,Full real-time English opening,0.0000,1,0,0.13024,0,0,Chase
253.449,0.000,Full real-time English opening,0.0000,1,0,0.13406,0,0,Chase
253.553,0.000,Full real-time English opening,0.0000,1,0,0.01986,0,0,Chase
253.658,0.000,Full real-time English opening,0.0000,1,0,0.15735,0,0,Chase
253.760,0.000,Full real-time English opening,0.0000,1,0,0.02137,0,0,Chase
253.865,0.000,Full real-time English opening,0.0000,1,0,0.08363,0,0,Chase
253.972,0.000,Full real-time English opening,0.0000,1,0,0.01743,0,0,Chase
254.076,0.000,Full real-time English opening,0.0000,1,0,0.16347,0,0,Chase
254.177,0.000,Full real-time English opening,0.0000,1,0,0.00071,0,0,Chase
254.286,0.000,Full real-time English opening,0.0000,1,0,0.02083,0,0,Chase
254.388,0.000,Full real-time English opening,0.0000,1,0,0.00135,0,0,Chase
254.490,0.000,Full real-time English opening,0.0000,1,0,0.00111,0,0,Chase
254.590,0.000,Full real-time English opening,0.0000,1,0,0.00126,0,0,Chase
254.692,0.000,Full real-time English opening,0.0000,1,0,0.00111,0,0,Chase
254.795,0.000,Full real-time English opening,0.0000,1,0,0.03179,0,0,Chase
254.903,0.000,Full real-time English opening,0.0000,1,0,0.09222,0,0,Chase
255.004,0.000,Full real-time English opening,0.0000,1,0,0.00062,0,0,Chase
255.108,0.000,Full real-time English opening,0.0000,1,0,0.12351,0,0,Chase
255.210,0.000,Full real-time English opening,0.0000,1,0,0.03131,0,0,Chase
255.320,0.000,Full real-time English opening,0.0000,1,0,0.12653,0,0,Chase
255.421,0.000,Full real-time English opening,0.0000,1,0,0.01921,0,0,Chase
255.522,0.000,Full real-time English opening,0.0000,1,0,0.01349,0,0,Chase
255.630,0.000,Full real-time English opening,0.0000,1,0,0.16908,0,0,Chase
255.731,0.000,Full real-time English opening,0.0000,1,0,0.05256,0,0,Chase
255.833,0.000,Full real-time English opening,0.0000,1,0,0.05002,0,0,Chase
255.936,0.000,Full real-time English opening,0.0000,1,0,0.00228,0,0,Chase
256.044,0.000,Full real-time English opening,0.0000,1,0,0.15714,0,0,Chase
256.152,0.000,Full real-time English opening,0.0000,1,0,0.12290,0,0,Chase
256.255,0.000,Full real-time English opening,0.0000,1,0,0.07346,0,0,Chase
256.363,0.000,Full real-time English opening,0.0000,1,0,0.06331,0,0,Chase
256.471,0.000,Full real-time English opening,0.0000,1,0,0.06642,0,0,Chase
256.580,0.000,Full real-time English opening,0.0000,1,0,0.00286,0,0,Chase
256.683,0.000,Full real-time English opening,0.0000,1,0,0.01063,0,0,Chase
256.788,0.000,Full real-time English opening,0.0000,1,0,0.00102,0,0,Chase
256.894,0.000,Full real-time English opening,0.0000,1,0,0.00109,0,0,Chase
256.998,0.000,Full real-time English opening,0.0000,1,0,0.00111,0,0,Chase
257.104,0.000,Full real-time English opening,0.0000,1,0,0.00113,0,0,Chase
257.213,0.000,Full real-time English opening,0.0000,1,0,0.00108,0,0,Chase
257.318,0.000,Full real-time English opening,0.0000,1,0,0.01536,0,0,Chase
257.425,0.000,Full real-time English opening,0.0000,1,0,0.01287,0,0,Chase
257.531,0.000,Full real-time English opening,0.0000,0,0,0.00000,0,0,Chase
257.634,0.000,Full real-time English opening,0.0000,1,0,0.02108,0,0,Chase
257.738,0.000,Full real-time English opening,0.0000,1,0,0.02132,0,0,Chase
257.840,0.000,Full real-time English opening,0.0000,1,0,0.00116,0,0,Chase
257.944,0.000,Full real-time English opening,0.0000,1,0,0.00105,0,0,Chase
258.044,0.000,Full real-time English opening,0.0000,1,0,0.00101,0,0,Chase
258.151,0.000,Full real-time English opening,0.0000,1,0,0.12424,0,0,Chase
258.258,0.000,Full real-time English opening,0.0000,1,0,0.03856,0,0,Chase
258.365,0.000,Full real-time English opening,0.0000,1,0,0.01218,0,0,Chase
258.468,0.000,Full real-time English opening,0.0000,1,0,0.02391,0,0,Chase
258.575,0.000,Full real-time English opening,0.0000,1,0,0.02389,0,0,Chase
258.683,0.000,Full real-time English opening,0.0000,1,0,0.08573,0,0,Chase
258.785,0.000,Full real-time English opening,0.0000,1,0,0.00373,0,0,Chase
258.888,0.000,Full real-time English opening,0.0000,1,0,0.01787,0,0,Chase
258.997,0.000,Full real-time English opening,0.0000,1,0,0.02402,0,0,Chase
259.106,0.000,Full real-time English opening,0.0000,1,0,0.03818,0,0,Chase
259.213,0.000,Full real-time English opening,0.0000,1,0,0.01385,0,0,Chase
259.313,0.000,Full real-time English opening,0.0000,1,0,0.00111,0,0,Chase
259.419,0.000,Full real-time English opening,0.0000,1,0,0.00111,0,0,Chase
259.524,0.000,Full real-time English opening,0.0000,1,0,0.17104,0,0,Chase
259.626,0.000,Full real-time English opening,0.0000,1,0,0.04435,0,0,Chase
259.728,0.000,Full real-time English opening,0.0000,1,0,0.04309,0,0,Chase
259.831,0.000,Full real-time English opening,0.0000,1,0,0.08423,0,0,Chase
259.940,0.000,Full real-time English opening,0.0000,1,0,0.02094,0,0,Chase
260.044,0.000,Full real-time English opening,0.0000,1,0,0.01824,0,0,Chase
260.145,0.000,Full real-time English opening,0.0000,1,0,0.00760,0,0,Chase
260.254,0.000,Full real-time English opening,0.0000,1,0,0.14434,0,0,Chase
260.355,0.000,Full real-time English opening,0.0000,1,0,0.12103,0,0,Chase
260.456,0.000,Full real-time English opening,0.0000,1,0,0.10074,0,0,Chase
260.561,0.000,Full real-time English opening,0.0000,1,0,0.03902,0,0,Chase
260.663,0.000,Full real-time English opening,0.0000,1,0,0.12666,0,0,Chase
260.765,0.000,Full real-time English opening,0.0000,1,0,0.00061,0,0,Chase
260.865,0.000,Full real-time English opening,0.0000,1,0,0.05261,0,0,Chase
260.966,0.000,Full real-time English opening,0.0000,1,0,0.07793,0,0,Chase
261.068,0.000,Full real-time English opening,0.0000,1,0,0.01952,0,0,Chase
261.173,0.000,Full real-time English opening,0.0000,1,0,0.03400,0,0,Chase
261.273,0.000,Full real-time English opening,0.0000,1,0,0.13162,0,0,Chase
261.375,0.000,Full real-time English opening,0.0000,1,0,0.10349,0,0,Chase
261.477,0.000,Full real-time English opening,0.0000,1,0,0.05596,0,0,Chase
261.581,0.000,Full real-time English opening,0.0000,1,0,0.11580,0,0,Chase
261.684,0.000,Full real-time English opening,0.0000,1,0,0.03445,0,0,Chase
261.792,0.000,Full real-time English opening,0.0000,1,0,0.01249,0,0,Chase
261.898,0.000,Full real-time English opening,0.0000,1,0,0.07495,0,0,Chase
262.001,0.000,Full real-time English opening,0.0000,1,0,0.02400,0,0,Chase
262.103,0.000,Full real-time English opening,0.0000,1,0,0.03509,0,0,Chase
262.203,0.000,Full real-time English opening,0.0000,1,0,0.07893,0,0,Chase
262.309,0.000,Full real-time English opening,0.0000,1,0,0.07389,0,0,Chase
262.412,0.000,Full real-time English opening,0.0000,1,0,0.00049,0,0,Chase
262.513,0.000,Full real-time English opening,0.0000,1,0,0.11493,0,0,Chase
262.619,0.000,Full real-time English opening,0.0000,1,0,0.07187,0,0,Chase
262.721,0.000,Full real-time English opening,0.0000,1,0,0.07290,0,0,Chase
262.821,0.000,Full real-time English opening,0.0000,1,0,0.02841,0,0,Chase
262.924,0.000,Full real-time English opening,0.0000,1,0,0.02407,0,0,Chase
263.027,0.000,Full real-time English opening,0.0000,1,0,0.00932,0,0,Chase
263.131,0.000,Full real-time English opening,0.0000,1,0,0.00157,0,0,Chase
263.232,0.000,Full real-time English opening,0.0000,1,0,0.00155,0,0,Chase
263.336,0.000,Full real-time English opening,0.0000,1,0,0.00105,0,0,Chase
263.438,0.000,Full real-time English opening,0.0000,1,0,0.00089,0,0,Chase
263.540,0.000,Full real-time English opening,0.0000,1,0,0.13036,0,0,Chase
263.649,0.000,Full real-time English opening,0.0000,1,0,0.09657,0,0,Chase
263.749,0.000,Full real-time English opening,0.0000,1,0,0.13611,0,0,Chase
263.853,0.000,Full real-time English opening,0.0000,1,0,0.03969,0,0,Chase
263.954,0.000,Full real-time English opening,0.0000,1,0,0.06788,0,0,Chase
264.062,0.000,Full real-time English opening,0.0000,1,0,0.00847,0,0,Chase
264.171,0.000,Full real-time English opening,0.0000,1,0,0.01452,0,0,Chase
264.276,0.000,Full real-time English opening,0.0000,1,0,0.03422,0,0,Chase
264.385,0.000,Full real-time English opening,0.0000,1,0,0.12734,0,0,Chase
264.493,0.000,Full real-time English opening,0.0000,1,0,0.08787,0,0,Chase
264.598,0.000,Full real-time English opening,0.0000,1,0,0.03044,0,0,Chase
264.705,0.000,Full real-time English opening,0.0000,1,0,0.10173,0,0,Chase
264.814,0.000,Full real-time English opening,0.0000,1,0,0.14147,0,0,Chase
264.920,0.000,Full real-time English opening,0.0000,1,0,0.02170,0,0,Chase
265.028,0.000,Full real-time English opening,0.0000,1,0,0.09401,0,0,Chase
265.137,0.000,Full real-time English opening,0.0000,1,0,0.05432,0,0,Chase
265.245,0.000,Full real-time English opening,0.0000,1,0,0.00733,0,0,Chase
265.354,0.000,Full real-time English opening,0.0000,1,0,0.12596,0,0,Chase
265.458,0.000,Full real-time English opening,0.0000,1,0,0.03736,0,0,Chase
265.565,0.000,Full real-time English opening,0.0000,1,0,0.07388,0,0,Chase
265.674,0.000,Full real-time English opening,0.0000,1,0,0.00164,0,0,Chase
265.776,0.000,Full real-time English opening,0.0000,1,0,0.03511,0,0,Chase
265.884,0.000,Full real-time English opening,0.0000,1,0,0.12105,0,0,Chase
265.985,0.000,Full real-time English opening,0.0000,1,0,0.10022,0,0,Chase
266.094,0.000,Full real-time English opening,0.0000,1,0,0.00109,0,0,Chase
266.196,0.000,Full real-time English opening,0.0000,1,0,0.00090,0,0,Chase
266.298,0.000,Full real-time English opening,0.0000,1,0,0.00094,0,0,Chase
266.404,0.000,Full real-time English opening,0.0000,1,0,0.09483,0,0,Chase
266.505,0.000,Full real-time English opening,0.0000,1,0,0.03088,0,0,Chase
266.611,0.000,Full real-time English opening,0.0000,1,0,0.09857,0,0,Chase
266.717,0.000,Full real-time English opening,0.0000,1,0,0.00418,0,0,Chase
266.819,0.000,Full real-time English opening,0.0000,1,0,0.00170,0,0,Chase
266.921,0.000,Full real-time English opening,0.0000,1,0,0.11125,0,0,Chase
267.029,0.000,Full real-time English opening,0.0000,1,0,0.13593,0,0,Chase
267.136,0.000,Full real-time English opening,0.0000,1,0,0.09799,0,0,Chase
267.241,0.000,Full real-time English opening,0.0000,1,0,0.04910,0,0,Chase
267.344,0.000,Full real-time English opening,0.0000,1,0,0.04583,0,0,Chase
267.444,0.000,Full real-time English opening,0.0000,1,0,0.13767,0,0,Chase
267.547,0.000,Full real-time English opening,0.0000,1,0,0.04807,0,0,Chase
267.653,0.000,Full real-time English opening,0.0000,1,0,0.00696,0,0,Chase
267.754,0.000,Full real-time English opening,0.0000,1,0,0.00066,0,0,Chase
267.856,0.000,Full real-time English opening,0.0000,1,0,0.12068,0,0,Chase
267.957,0.000,Full real-time English opening,0.0000,1,0,0.09891,0,0,Chase
268.064,0.000,Full real-time English opening,0.0000,1,0,0.05897,0,0,Chase
268.170,0.000,Full real-time English opening,0.0000,1,0,0.03154,0,0,Chase
268.276,0.000,Full real-time English opening,0.0000,1,0,0.00082,0,0,Chase
268.386,0.000,Full real-time English opening,0.0000,1,0,0.00108,0,0,Chase
268.495,0.000,Full real-time English opening,0.0000,1,0,0.00621,0,0,Chase
268.597,0.000,Full real-time English opening,0.0000,1,0,0.01334,0,0,Chase
268.698,0.000,Full real-time English opening,0.0000,1,0,0.00845,0,0,Chase
268.806,0.000,Full real-time English opening,0.0000,0,0,0.00000,0,0,Chase
268.908,0.000,Full real-time English opening,0.0000,1,0,0.02059,0,0,Chase
269.010,0.000,Full real-time English opening,0.0000,1,0,0.00918,0,0,Chase
269.118,0.000,Full real-time English opening,0.0000,1,0,0.00021,0,0,Chase
269.218,0.000,Full real-time English opening,0.0000,1,0,0.00013,0,0,Chase
269.318,0.000,Full real-time English opening,0.0000,1,0,0.02136,0,0,Chase
269.420,0.000,Full real-time English opening,0.0000,1,0,0.10602,0,0,Chase
269.522,0.000,Full real-time English opening,0.0000,1,0,0.08689,0,0,Chase
269.624,0.000,Full real-time English opening,0.0000,1,0,0.00201,0,0,Chase
269.728,0.000,Full real-time English opening,0.0000,1,0,0.09135,0,0,Chase
269.828,0.000,Full real-time English opening,0.0000,1,0,0.00240,0,0,Chase
269.931,0.000,Full real-time English opening,0.0000,1,0,0.10055,0,0,Chase
270.033,0.000,Full real-time English opening,0.0000,1,0,0.11081,0,0,Chase
270.137,0.000,Full real-time English opening,0.0000,1,0,0.05850,0,0,Chase
270.240,0.000,Full real-time English opening,0.0000,1,0,0.09002,0,0,Chase
270.348,0.000,Full real-time English opening,0.0000,1,0,0.08050,0,0,Chase
270.450,0.000,Full real-time English opening,0.0000,1,0,0.08502,0,0,Chase
270.554,0.000,Full real-time English opening,0.0000,1,0,0.00275,0,0,Chase
270.655,0.000,Full real-time English opening,0.0000,1,0,0.00108,0,0,Chase
270.756,0.000,Full real-time English opening,0.0000,1,0,0.00003,0,0,Chase
270.857,0.000,Full real-time English opening,0.0000,1,0,0.04198,0,0,Chase
270.962,0.000,Full real-time English opening,0.0000,1,0,0.00871,0,0,Chase
271.063,0.000,Full real-time English opening,0.0000,1,0,0.07932,0,0,Chase
271.172,0.000,Full real-time English opening,0.0000,1,0,0.09198,0,0,Chase
271.275,0.000,Full real-time English opening,0.0000,1,0,0.09678,0,0,Chase
271.375,0.000,Full real-time English opening,0.0000,1,0,0.09879,0,0,Chase
271.480,0.000,Full real-time English opening,0.0000,1,0,0.01122,0,0,Chase
271.585,0.000,Full real-time English opening,0.0000,1,0,0.06240,0,0,Chase
271.688,0.000,Full real-time English opening,0.0000,1,0,0.03105,0,0,Chase
271.791,0.000,Full real-time English opening,0.0000,1,0,0.10336,0,0,Chase
271.900,0.000,Full real-time English opening,0.0000,1,0,0.09846,0,0,Chase
272.001,0.000,Full real-time English opening,0.0000,1,0,0.00106,0,0,Chase
272.102,0.000,Full real-time English opening,0.0000,1,0,0.02722,0,0,Chase
272.210,0.000,Full real-time English opening,0.0000,1,0,0.09459,0,0,Chase
272.311,0.000,Full real-time English opening,0.0000,1,0,0.07946,0,0,Chase
272.420,0.000,Full real-time English opening,0.0000,1,0,0.03408,0,0,Chase
272.524,0.000,Full real-time English opening,0.0000,1,0,0.01763,0,0,Chase
272.630,0.000,Full real-time English opening,0.0000,1,0,0.00422,0,0,Chase
272.730,0.000,Full real-time English opening,0.0000,1,0,0.00232,0,0,Chase
272.830,0.000,Full real-time English opening,0.0000,1,0,0.00014,0,0,Chase
272.939,0.000,Full real-time English opening,0.0000,1,0,0.00002,0,0,Chase
273.046,0.000,Full real-time English opening,0.0000,1,0,0.05720,0,0,Chase
273.154,0.000,Full real-time English opening,0.0000,1,0,0.09305,0,0,Chase
273.260,0.000,Full real-time English opening,0.0000,1,0,0.01601,0,0,Chase
273.360,0.000,Full real-time English opening,0.0000,1,0,0.09934,0,0,Chase
273.462,0.000,Full real-time English opening,0.0000,1,0,0.00009,0,0,Chase
273.566,0.000,Full real-time English opening,0.0000,1,0,0.01359,0,0,Chase
273.675,0.000,Full real-time English opening,0.0000,1,0,0.08287,0,0,Chase
273.782,0.000,Full real-time English opening,0.0000,1,0,0.12622,0,0,Chase
273.886,0.000,Full real-time English opening,0.0000,1,0,0.00382,0,0,Chase
273.987,0.000,Full real-time English opening,0.0000,1,0,0.08295,0,0,Chase
274.090,0.000,Full real-time English opening,0.0000,1,0,0.08261,0,0,Chase
274.191,0.000,Full real-time English opening,0.0000,1,0,0.01739,0,0,Chase
274.295,0.000,Full real-time English opening,0.0000,1,0,0.07493,0,0,Chase
274.404,0.000,Full real-time English opening,0.0000,1,0,0.07071,0,0,Chase
274.505,0.000,Full real-time English opening,0.0000,1,0,0.03198,0,0,Chase
274.606,0.000,Full real-time English opening,0.0000,1,0,0.06699,0,0,Chase
274.706,0.000,Full real-time English opening,0.0000,1,0,0.07707,0,0,Chase
274.812,0.000,Full real-time English opening,0.0000,1,0,0.00112,0,0,Chase
274.921,0.000,Full real-time English opening,0.0000,1,0,0.08481,0,0,Chase
275.022,0.000,Full real-time English opening,0.0000,1,0,0.04329,0,0,Chase
275.131,0.000,Full real-time English opening,0.0000,1,0,0.04099,0,0,Chase
275.237,0.000,Full real-time English opening,0.0000,1,0,0.09590,0,0,Chase
275.344,0.000,Full real-time English opening,0.0000,1,0,0.00751,0,0,Chase
275.446,0.000,Full real-time English opening,0.0000,1,0,0.00346,0,0,Chase
275.546,0.000,Full real-time English opening,0.0000,1,0,0.00757,0,0,Chase
275.654,0.000,Full real-time English opening,0.0000,1,0,0.08811,0,0,Chase
275.762,0.000,Full real-time English opening,0.0000,1,0,0.09568,0,0,Chase
275.870,0.000,Full real-time English opening,0.0000,1,0,0.09888,0,0,Chase
275.970,0.000,Full real-time English opening,0.0000,1,0,0.00630,0,0,Chase
276.072,0.000,Full real-time English opening,0.0000,1,0,0.07177,0,0,Chase
276.181,0.000,Full real-time English opening,0.0000,1,0,0.07904,0,0,Chase
276.286,0.000,Full real-time English opening,0.0000,1,0,0.00033,0,0,Chase
276.394,0.000,Full real-time English opening,0.0000,1,0,0.00504,0,0,Chase
276.495,0.000,Full real-time English opening,0.0000,1,0,0.10007,0,0,Chase
276.604,0.000,Full real-time English opening,0.0000,1,0,0.11385,0,0,Chase
276.711,0.000,Full real-time English opening,0.0000,1,0,0.05318,0,0,Chase
276.819,0.000,Full real-time English opening,0.0000,1,0,0.12746,0,0,Chase
276.919,0.000,Full real-time English opening,0.0000,1,0,0.01823,0,0,Chase
277.027,0.000,Full real-time English opening,0.0000,1,0,0.00021,0,0,Chase
277.132,0.000,Full real-time English opening,0.0000,1,0,0.00002,0,0,Chase
277.237,0.000,Full real-time English opening,0.0000,1,0,0.00003,0,0,Chase
277.341,0.000,Full real-time English opening,0.0000,1,0,0.00000,0,0,Chase
277.447,0.000,Full real-time English opening,0.0000,1,0,0.01304,0,0,Chase
277.555,0.000,Full real-time English opening,0.0000,1,0,0.00820,0,0,Chase
277.660,0.000,Full real-time English opening,0.0000,0,0,0.00000,0,0,Chase
277.765,0.000,Full real-time English opening,0.0000,1,0,0.02108,0,0,Chase
277.868,0.000,Full real-time English opening,0.0000,1,0,0.02160,0,0,Chase
277.970,0.000,Full real-time English opening,0.0000,1,0,0.00112,0,0,Chase
278.079,0.000,Full real-time English opening,0.0000,1,0,0.01738,0,0,Chase
278.181,0.000,Full real-time English opening,0.0000,1,0,0.00112,0,0,Chase
278.284,0.000,Full real-time English opening,0.0000,1,0,0.02650,0,0,Chase
278.385,0.000,Full real-time English opening,0.0000,1,0,0.13636,0,0,Chase
278.491,0.000,Full real-time English opening,0.0000,1,0,0.07345,0,0,Chase
278.599,0.000,Full real-time English opening,0.0000,1,0,0.16408,0,0,Chase
278.701,0.000,Full real-time English opening,0.0000,1,0,0.12202,0,0,Chase
278.809,0.000,Full real-time English opening,0.0000,1,0,0.02723,0,0,Chase
278.911,0.000,Full real-time English opening,0.0000,1,0,0.14645,0,0,Chase
279.014,0.000,Full real-time English opening,0.0000,1,0,0.06365,0,0,Chase
279.117,0.000,Full real-time English opening,0.0000,1,0,0.10350,0,0,Chase
279.221,0.000,Full real-time English opening,0.0000,1,0,0.06806,0,0,Chase
279.322,0.000,Full real-time English opening,0.0000,1,0,0.06871,0,0,Chase
279.432,0.000,Full real-time English opening,0.0000,1,0,0.02661,0,0,Chase
279.532,0.000,Full real-time English opening,0.0000,1,0,0.12284,0,0,Chase
279.632,0.000,Full real-time English opening,0.0000,1,0,0.02989,0,0,Chase
279.735,0.000,Full real-time English opening,0.0000,1,0,0.00194,0,0,Chase
279.836,0.000,Full real-time English opening,0.0000,1,0,0.00115,0,0,Chase
279.940,0.000,Full real-time English opening,0.0000,1,0,0.07580,0,0,Chase
280.045,0.000,Full real-time English opening,0.0000,1,0,0.00231,0,0,Chase
280.145,0.000,Full real-time English opening,0.0000,1,0,0.04393,0,0,Chase
280.253,0.000,Full real-time English opening,0.0000,1,0,0.01327,0,0,Chase
280.356,0.000,Full real-time English opening,0.0000,1,0,0.00747,0,0,Chase
280.458,0.000,Full real-time English opening,0.0000,1,0,0.02553,0,0,Chase
280.560,0.000,Full real-time English opening,0.0000,1,0,0.04420,0,0,Chase
280.670,0.000,Full real-time English opening,0.0000,1,0,0.00395,0,0,Chase
280.770,0.000,Full real-time English opening,0.0000,1,0,0.07178,0,0,Chase
280.872,0.000,Full real-time English opening,0.0000,1,0,0.07994,0,0,Chase
280.974,0.000,Full real-time English opening,0.0000,1,0,0.03285,0,0,Chase
281.076,0.000,Full real-time English opening,0.0000,1,0,0.01218,0,0,Chase
281.184,0.000,Full real-time English opening,0.0000,1,0,0.10104,0,0,Chase
281.292,0.000,Full real-time English opening,0.0000,1,0,0.04673,0,0,Chase
281.393,0.000,Full real-time English opening,0.0000,1,0,0.02678,0,0,Chase
281.501,0.000,Full real-time English opening,0.0000,1,0,0.00084,0,0,Chase
281.602,0.000,Full real-time English opening,0.0000,1,0,0.00109,0,0,Chase
281.708,0.000,Full real-time English opening,0.0000,1,0,0.01762,0,0,Chase
281.808,0.000,Full real-time English opening,0.0000,1,0,0.06656,0,0,Chase
281.915,0.000,Full real-time English opening,0.0000,1,0,0.08995,0,0,Chase
282.016,0.000,Full real-time English opening,0.0000,1,0,0.00382,0,0,Chase
282.117,0.000,Full real-time English opening,0.0000,1,0,0.03659,0,0,Chase
282.224,0.000,Full real-time English opening,0.0000,1,0,0.10579,0,0,Chase
282.332,0.000,Full real-time English opening,0.0000,1,0,0.00034,0,0,Chase
282.440,0.000,Full real-time English opening,0.0000,1,0,0.07784,0,0,Chase
282.543,0.000,Full real-time English opening,0.0000,1,0,0.05384,0,0,Chase
282.653,0.000,Full real-time English opening,0.0000,1,0,0.05439,0,0,Chase
282.754,0.000,Full real-time English opening,0.0000,1,0,0.03800,0,0,Chase
282.855,0.000,Full real-time English opening,0.0000,1,0,0.00063,0,0,Chase
282.960,0.000,Full real-time English opening,0.0000,1,0,0.03905,0,0,Chase
283.064,0.000,Full real-time English opening,0.0000,1,0,0.02109,0,0,Chase
283.173,0.000,Full real-time English opening,0.0000,1,0,0.00109,0,0,Chase
283.275,0.000,Full real-time English opening,0.0000,1,0,0.00097,0,0,Chase
283.384,0.000,Full real-time English opening,0.0000,1,0,0.00199,0,0,Chase
283.490,0.000,Full real-time English opening,0.0000,1,0,0.00357,0,0,Chase
283.595,0.000,Full real-time English opening,0.0000,1,0,0.00193,0,0,Chase
283.701,0.000,Full real-time English opening,0.0000,1,0,0.00236,0,0,Chase
283.806,0.000,Full real-time English opening,0.0000,1,0,0.09152,0,0,Chase
283.913,0.000,Full real-time English opening,0.0000,1,0,0.08495,0,0,Chase
284.020,0.000,Full real-time English opening,0.0000,1,0,0.12286,0,0,Chase
284.125,0.000,Full real-time English opening,0.0000,1,0,0.02869,0,0,Chase
284.229,0.000,Full real-time English opening,0.0000,1,0,0.01879,0,0,Chase
284.341,0.000,Full real-time English opening,0.0000,1,0,0.01650,0,0,Chase
284.446,0.000,Full real-time English opening,0.0000,1,0,0.05350,0,0,Chase
284.549,0.000,Full real-time English opening,0.0000,1,0,0.06266,0,0,Chase
284.654,0.000,Full real-time English opening,0.0000,1,0,0.10456,0,0,Chase
284.761,0.000,Full real-time English opening,0.0000,1,0,0.00610,0,0,Chase
284.866,0.000,Full real-time English opening,0.0000,1,0,0.00703,0,0,Chase
284.968,0.000,Full real-time English opening,0.0000,1,0,0.07768,0,0,Chase
285.073,0.000,Full real-time English opening,0.0000,1,0,0.07692,0,0,Chase
285.178,0.000,Full real-time English opening,0.0000,1,0,0.00492,0,0,Chase
285.285,0.000,Full real-time English opening,0.0000,1,0,0.16081,0,0,Chase
285.386,0.000,Full real-time English opening,0.0000,1,0,0.09509,0,0,Chase
285.491,0.000,Full real-time English opening,0.0000,1,0,0.08944,0,0,Chase
285.594,0.000,Full real-time English opening,0.0000,1,0,0.12095,0,0,Chase
285.701,0.000,Full real-time English opening,0.0000,1,0,0.05033,0,0,Chase
285.802,0.000,Full real-time English opening,0.0000,1,0,0.08609,0,0,Chase
285.917,0.000,Full real-time English opening,0.0000,1,0,0.07853,0,0,Chase
286.027,0.000,Full real-time English opening,0.0000,1,0,0.00224,0,0,Chase
286.133,0.000,Full real-time English opening,0.0000,1,0,0.09110,0,0,Chase
286.234,0.000,Full real-time English opening,0.0000,1,0,0.00054,0,0,Chase
286.341,0.000,Full real-time English opening,0.0000,1,0,0.04565,0,0,Chase
286.447,0.000,Full real-time English opening,0.0000,1,0,0.00057,0,0,Chase
286.553,0.000,Full real-time English opening,0.0000,1,0,0.00884,0,0,Chase
286.659,0.000,Full real-time English opening,0.0000,1,0,0.08492,0,0,Chase
286.760,0.000,Full real-time English opening,0.0000,1,0,0.04529,0,0,Chase
286.868,0.000,Full real-time English opening,0.0000,1,0,0.01253,0,0,Chase
286.972,0.000,Full real-time English opening,0.0000,1,0,0.00106,0,0,Chase
287.074,0.000,Full real-time English opening,0.0000,1,0,0.00115,0,0,Chase
287.182,0.000,Full real-time English opening,0.0000,1,0,0.00109,0,0,Chase
287.284,0.000,Full real-time English opening,0.0000,1,0,0.00114,0,0,Chase
287.386,0.000,Full real-time English opening,0.0000,1,0,0.00108,0,0,Chase
287.486,0.000,Full real-time English opening,0.0000,1,0,0.00091,0,0,Chase
287.588,0.000,Full real-time English opening,0.0000,1,0,0.03752,0,0,Chase
287.690,0.000,Full real-time English opening,0.0000,1,0,0.04199,0,0,Chase
287.793,0.000,Full real-time English opening,0.0000,1,0,0.00717,0,0,Chase
287.895,0.000,Full real-time English opening,0.0000,1,0,0.00091,0,0,Chase
287.996,0.000,Full real-time English opening,0.0000,1,0,0.03202,0,0,Chase
288.106,0.000,Full real-time English opening,0.0000,1,0,0.00366,0,0,Chase
288.213,0.000,Full real-time English opening,0.0000,1,0,0.00705,0,0,Chase
288.318,0.000,Full real-time English opening,0.0000,1,0,0.00988,0,0,Chase
288.420,0.000,Full real-time English opening,0.0000,1,0,0.00397,0,0,Chase
288.527,0.000,Full real-time English opening,0.0000,1,0,0.04171,0,0,Chase
288.632,0.000,Full real-time English opening,0.0000,1,0,0.01122,0,0,Chase
288.739,0.000,Full real-time English opening,0.0000,1,0,0.00544,0,0,Chase
288.841,0.000,Full real-time English opening,0.0000,1,0,0.00095,0,0,Chase
288.942,0.000,Full real-time English opening,0.0000,1,0,0.00102,0,0,Chase
289.047,0.000,Full real-time English opening,0.0000,1,0,0.00107,0,0,Chase
289.153,0.000,Full real-time English opening,0.0000,1,0,0.00113,0,0,Chase
289.255,0.000,Full real-time English opening,0.0000,1,0,0.01399,0,0,Chase
289.362,0.000,Full real-time English opening,0.0000,0,0,0.00000,0,0,Chase
289.465,0.000,Full real-time English opening,0.0000,0,0,0.00000,0,0,Chase
289.568,0.000,Full real-time English opening,0.0000,1,0,0.02149,0,0,Chase
289.671,0.000,Full real-time English opening,0.0000,1,0,0.00403,0,0,Chase
289.773,0.000,Full real-time English opening,0.0000,1,0,0.00117,0,0,Chase
289.882,0.000,Full real-time English opening,0.0000,1,0,0.00164,0,0,Chase
289.983,0.000,Full real-time English opening,0.0000,1,0,0.00115,0,0,Chase
290.088,0.000,Full real-time English opening,0.0000,1,0,0.12494,0,0,Chase
290.197,0.000,Full real-time English opening,0.0000,1,0,0.12623,0,0,Chase
290.300,0.000,Full real-time English opening,0.0000,1,0,0.03165,0,0,Chase
290.408,0.000,Full real-time English opening,0.0000,1,0,0.10457,0,0,Chase
290.516,0.000,Full real-time English opening,0.0000,1,0,0.01826,0,0,Chase
290.623,0.000,Full real-time English opening,0.0000,1,0,0.08834,0,0,Chase
290.727,0.000,Full real-time English opening,0.0000,1,0,0.11755,0,0,Chase
290.835,0.000,Full real-time English opening,0.0000,1,0,0.00055,0,0,Chase
290.935,0.000,Full real-time English opening,0.0000,1,0,0.02293,0,0,Chase
291.041,0.000,Full real-time English opening,0.0000,1,0,0.09446,0,0,Chase
291.146,0.000,Full real-time English opening,0.0000,1,0,0.06847,0,0,Chase
291.248,0.000,Full real-time English opening,0.0000,1,0,0.00082,0,0,Chase
291.349,0.000,Full real-time English opening,0.0000,1,0,0.01717,0,0,Chase
291.450,0.000,Full real-time English opening,0.0000,1,0,0.05096,0,0,Chase
291.550,0.000,Full real-time English opening,0.0000,1,0,0.01347,0,0,Chase
291.651,0.000,Full real-time English opening,0.0000,1,0,0.12117,0,0,Chase
291.758,0.000,Full real-time English opening,0.0000,1,0,0.00189,0,0,Chase
291.861,0.000,Full real-time English opening,0.0000,1,0,0.13769,0,0,Chase
291.964,0.000,Full real-time English opening,0.0000,1,0,0.09909,0,0,Chase
292.066,0.000,Full real-time English opening,0.0000,1,0,0.09402,0,0,Chase
292.169,0.000,Full real-time English opening,0.0000,1,0,0.04777,0,0,Chase
292.274,0.000,Full real-time English opening,0.0000,1,0,0.02215,0,0,Chase
292.375,0.000,Full real-time English opening,0.0000,1,0,0.06716,0,0,Chase
292.476,0.000,Full real-time English opening,0.0000,1,0,0.02698,0,0,Chase
292.577,0.000,Full real-time English opening,0.0000,1,0,0.04671,0,0,Chase
292.687,0.000,Full real-time English opening,0.0000,1,0,0.01738,0,0,Chase
292.797,0.000,Full real-time English opening,0.0000,1,0,0.00335,0,0,Chase
292.903,0.000,Full real-time English opening,0.0000,1,0,0.06324,0,0,Chase
293.011,0.000,Full real-time English opening,0.0000,1,0,0.14365,0,0,Chase
293.111,0.000,Full real-time English opening,0.0000,1,0,0.01260,0,0,Chase
293.218,0.000,Full real-time English opening,0.0000,1,0,0.00118,0,0,Chase
293.320,0.000,Full real-time English opening,0.0000,1,0,0.12467,0,0,Chase
293.423,0.000,Full real-time English opening,0.0000,1,0,0.01196,0,0,Chase
293.527,0.000,Full real-time English opening,0.0000,1,0,0.05700,0,0,Chase
293.633,0.000,Full real-time English opening,0.0000,1,0,0.06396,0,0,Chase
293.733,0.000,Full real-time English opening,0.0000,1,0,0.08132,0,0,Chase
293.833,0.000,Full real-time English opening,0.0000,1,0,0.02337,0,0,Chase
293.942,0.000,Full real-time English opening,0.0000,1,0,0.06961,0,0,Chase
294.050,0.000,Full real-time English opening,0.0000,1,0,0.03070,0,0,Chase
294.150,0.000,Full real-time English opening,0.0000,1,0,0.00364,0,0,Chase
294.252,0.000,Full real-time English opening,0.0000,1,0,0.08271,0,0,Chase
294.360,0.000,Full real-time English opening,0.0000,1,0,0.00081,0,0,Chase
294.464,0.000,Full real-time English opening,0.0000,1,0,0.08180,0,0,Chase
294.566,0.000,Full real-time English opening,0.0000,1,0,0.07408,0,0,Chase
294.668,0.000,Full real-time English opening,0.0000,1,0,0.07160,0,0,Chase
294.776,0.000,Full real-time English opening,0.0000,1,0,0.05534,0,0,Chase
294.878,0.000,Full real-time English opening,0.0000,1,0,0.00457,0,0,Chase
294.983,0.000,Full real-time English opening,0.0000,1,0,0.00359,0,0,Chase
295.088,0.000,Full real-time English opening,0.0000,1,0,0.00111,0,0,Chase
295.198,0.000,Full real-time English opening,0.0000,1,0,0.08276,0,0,Chase
295.299,0.000,Full real-time English opening,0.0000,1,0,0.03168,0,0,Chase
295.401,0.000,Full real-time English opening,0.0000,1,0,0.06081,0,0,Chase
295.504,0.000,Full real-time English opening,0.0000,1,0,0.01599,0,0,Chase
295.605,0.000,Full real-time English opening,0.0000,1,0,0.09641,0,0,Chase
295.706,0.000,Full real-time English opening,0.0000,1,0,0.06424,0,0,Chase
295.811,0.000,Full real-time English opening,0.0000,1,0,0.00883,0,0,Chase
295.918,0.000,Full real-time English opening,0.0000,1,0,0.07733,0,0,Chase
296.018,0.000,Full real-time English opening,0.0000,1,0,0.12120,0,0,Chase
296.119,0.000,Full real-time English opening,0.0000,1,0,0.08681,0,0,Chase
296.227,0.000,Full real-time English opening,0.0000,1,0,0.04798,0,0,Chase
296.336,0.000,Full real-time English opening,0.0000,1,0,0.00090,0,0,Chase
296.436,0.000,Full real-time English opening,0.0000,1,0,0.00117,0,0,Chase
296.537,0.000,Full real-time English opening,0.0000,1,0,0.00108,0,0,Chase
296.642,0.000,Full real-time English opening,0.0000,1,0,0.08543,0,0,Chase
296.752,0.000,Full real-time English opening,0.0000,1,0,0.12902,0,0,Chase
296.853,0.000,Full real-time English opening,0.0000,1,0,0.04487,0,0,Chase
296.955,0.000,Full real-time English opening,0.0000,1,0,0.06880,0,0,Chase
297.063,0.000,Full real-time English opening,0.0000,1,0,0.01776,0,0,Chase
297.172,0.000,Full real-time English opening,0.0000,1,0,0.04642,0,0,Chase
297.277,0.000,Full real-time English opening,0.0000,1,0,0.00069,0,0,Chase
297.386,0.000,Full real-time English opening,0.0000,1,0,0.08293,0,0,Chase
297.493,0.000,Full real-time English opening,0.0000,1,0,0.12954,0,0,Chase
297.599,0.000,Full real-time English opening,0.0000,1,0,0.04277,0,0,Chase
297.701,0.000,Full real-time English opening,0.0000,1,0,0.07037,0,0,Chase
297.803,0.000,Full real-time English opening,0.0000,1,0,0.09972,0,0,Chase
297.905,0.000,Full real-time English opening,0.0000,1,0,0.03022,0,0,Chase
298.009,0.000,Full real-time English opening,0.0000,1,0,0.01365,0,0,Chase
298.109,0.000,Full real-time English opening,0.0000,1,0,0.01106,0,0,Chase
298.211,0.000,Full real-time English opening,0.0000,1,0,0.07231,0,0,Chase
298.320,0.000,Full real-time English opening,0.0000,1,0,0.00904,0,0,Chase
298.422,0.000,Full real-time English opening,0.0000,1,0,0.10395,0,0,Chase
298.526,0.000,Full real-time English opening,0.0000,1,0,0.00089,0,0,Chase
298.627,0.000,Full real-time English opening,0.0000,1,0,0.06230,0,0,Chase
298.728,0.000,Full real-time English opening,0.0000,1,0,0.01513,0,0,Chase
298.830,0.000,Full real-time English opening,0.0000,1,0,0.00741,0,0,Chase
298.935,0.000,Full real-time English opening,0.0000,1,0,0.00104,0,0,Chase
299.037,0.000,Full real-time English opening,0.0000,1,0,0.00114,0,0,Chase
299.145,0.000,Full real-time English opening,0.0000,1,0,0.00107,0,0,Chase
299.245,0.000,Full real-time English opening,0.0000,1,0,0.01481,0,0,Chase
299.353,0.000,Full real-time English opening,0.0000,1,0,0.01335,0,0,Chase
299.462,0.000,Full real-time English opening,0.0000,0,0,0.00000,0,0,Chase
299.562,0.000,Full real-time English opening,0.0000,0,0,0.00000,0,0,Chase
299.668,0.000,Full real-time English opening,0.0000,1,0,0.02149,0,0,Chase
299.776,0.000,Full real-time English opening,0.0000,1,0,0.00527,0,0,Chase
299.884,0.000,Full real-time English opening,0.0000,1,0,0.00112,0,0,Chase
299.989,0.000,Full real-time English opening,0.0000,1,0,0.00209,0,0,Chase
300.092,0.000,Full real-time English opening,0.0000,1,0,0.00105,0,0,Chase
300.200,0.000,Full real-time English opening,0.0000,1,0,0.12797,0,0,Chase
300.303,0.000,Full real-time English opening,0.0000,1,0,0.13876,0,0,Chase
300.404,0.000,Full real-time English opening,0.0000,1,0,0.00486,0,0,Chase
300.504,0.000,Full real-time English opening,0.0000,1,0,0.15209,0,0,Chase
300.607,0.000,Full real-time English opening,0.0000,1,0,0.09614,0,0,Chase
300.708,0.000,Full real-time English opening,0.0000,1,0,0.08516,0,0,Chase
300.816,0.000,Full real-time English opening,0.0000,1,0,0.00257,0,0,Chase
300.924,0.000,Full real-time English opening,0.0000,1,0,0.00655,0,0,Chase
301.025,0.000,Full real-time English opening,0.0000,1,0,0.00104,0,0,Chase
301.125,0.000,Full real-time English opening,0.0000,1,0,0.02540,0,0,Chase
301.226,0.000,Full real-time English opening,0.0000,1,0,0.15689,0,0,Chase
301.333,0.000,Full real-time English opening,0.0000,1,0,0.00351,0,0,Chase
301.443,0.000,Full real-time English opening,0.0000,1,0,0.13373,0,0,Chase
301.550,0.000,Full real-time English opening,0.0000,1,0,0.03446,0,0,Chase
301.656,0.000,Full real-time English opening,0.0000,1,0,0.08911,0,0,Chase
301.762,0.000,Full real-time English opening,0.0000,1,0,0.00070,0,0,Chase
301.862,0.000,Full real-time English opening,0.0000,1,0,0.00115,0,0,Chase
301.965,0.000,Full real-time English opening,0.0000,1,0,0.00146,0,0,Chase
302.066,0.000,Full real-time English opening,0.0000,1,0,0.00106,0,0,Chase
302.166,0.000,Full real-time English opening,0.0000,1,0,0.07133,0,0,Chase
302.272,0.000,Full real-time English opening,0.0000,1,0,0.01512,0,0,Chase
302.373,0.000,Full real-time English opening,0.0000,1,0,0.14174,0,0,Chase
302.477,0.000,Full real-time English opening,0.0000,1,0,0.08436,0,0,Chase
302.586,0.000,Full real-time English opening,0.0000,1,0,0.07204,0,0,Chase
302.694,0.000,Full real-time English opening,0.0000,1,0,0.01803,0,0,Chase
302.794,0.000,Full real-time English opening,0.0000,1,0,0.15279,0,0,Chase
302.897,0.000,Full real-time English opening,0.0000,1,0,0.00626,0,0,Chase
303.001,0.000,Full real-time English opening,0.0000,1,0,0.10192,0,0,Chase
303.108,0.000,Full real-time English opening,0.0000,1,0,0.12319,0,0,Chase
303.214,0.000,Full real-time English opening,0.0000,1,0,0.03543,0,0,Chase
303.322,0.000,Full real-time English opening,0.0000,1,0,0.03435,0,0,Chase
303.428,0.000,Full real-time English opening,0.0000,1,0,0.13738,0,0,Chase
303.535,0.000,Full real-time English opening,0.0000,1,0,0.07899,0,0,Chase
303.644,0.000,Full real-time English opening,0.0000,1,0,0.12549,0,0,Chase
303.745,0.000,Full real-time English opening,0.0000,1,0,0.00646,0,0,Chase
303.848,0.000,Full real-time English opening,0.0000,1,0,0.00124,0,0,Chase
303.950,0.000,Full real-time English opening,0.0000,1,0,0.09722,0,0,Chase
304.058,0.000,Full real-time English opening,0.0000,1,0,0.11787,0,0,Chase
304.161,0.000,Full real-time English opening,0.0000,1,0,0.14831,0,0,Chase
304.267,0.000,Full real-time English opening,0.0000,1,0,0.01326,0,0,Chase
304.372,0.000,Full real-time English opening,0.0000,1,0,0.09832,0,0,Chase
304.481,0.000,Full real-time English opening,0.0000,1,0,0.10406,0,0,Chase
304.585,0.000,Full real-time English opening,0.0000,1,0,0.00178,0,0,Chase
304.686,0.000,Full real-time English opening,0.0000,1,0,0.10793,0,0,Chase
304.786,0.000,Full real-time English opening,0.0000,1,0,0.10961,0,0,Chase
304.888,0.000,Full real-time English opening,0.0000,1,0,0.00955,0,0,Chase
304.994,0.000,Full real-time English opening,0.0000,1,0,0.00161,0,0,Chase
305.101,0.000,Full real-time English opening,0.0000,1,0,0.00244,0,0,Chase
305.209,0.000,Full real-time English opening,0.0000,1,0,0.00151,0,0,Chase
305.312,0.000,Full real-time English opening,0.0000,1,0,0.00140,0,0,Chase
305.415,0.000,Full real-time English opening,0.0000,1,0,0.11356,0,0,Chase
305.517,0.000,Full real-time English opening,0.0000,1,0,0.00096,0,0,Chase
305.622,0.000,Full real-time English opening,0.0000,1,0,0.13887,0,0,Chase
305.726,0.000,Full real-time English opening,0.0000,1,0,0.03870,0,0,Chase
305.828,0.000,Full real-time English opening,0.0000,1,0,0.14174,0,0,Chase
305.933,0.000,Full real-time English opening,0.0000,1,0,0.14771,0,0,Chase
306.036,0.000,Full real-time English opening,0.0000,1,0,0.03980,0,0,Chase
306.139,0.000,Full real-time English opening,0.0000,1,0,0.01697,0,0,Chase
306.250,0.000,Full real-time English opening,0.0000,1,0,0.00257,0,0,Chase
306.352,0.000,Full real-time English opening,0.0000,1,0,0.10084,0,0,Chase
306.458,0.000,Full real-time English opening,0.0000,1,0,0.13407,0,0,Chase
306.560,0.000,Full real-time English opening,0.0000,1,0,0.13173,0,0,Chase
306.662,0.000,Full real-time English opening,0.0000,1,0,0.05465,0,0,Chase
306.765,0.000,Full real-time English opening,0.0000,1,0,0.05166,0,0,Chase
306.874,0.000,Full real-time English opening,0.0000,1,0,0.11067,0,0,Chase
306.975,0.000,Full real-time English opening,0.0000,1,0,0.00112,0,0,Chase
307.077,0.000,Full real-time English opening,0.0000,1,0,0.05662,0,0,Chase
307.178,0.000,Full real-time English opening,0.0000,1,0,0.10818,0,0,Chase
307.284,0.000,Full real-time English opening,0.0000,1,0,0.04538,0,0,Chase
307.387,0.000,Full real-time English opening,0.0000,1,0,0.00130,0,0,Chase
307.489,0.000,Full real-time English opening,0.0000,1,0,0.00099,0,0,Chase
307.592,0.000,Full real-time English opening,0.0000,1,0,0.00114,0,0,Chase
307.696,0.000,Full real-time English opening,0.0000,1,0,0.00113,0,0,Chase
307.796,0.000,Full real-time English opening,0.0000,1,0,0.00121,0,0,Chase
307.904,0.000,Full real-time English opening,0.0000,1,0,0.01505,0,0,Chase
308.013,0.000,Full real-time English opening,0.0000,1,0,0.01284,0,0,Chase
308.120,0.000,Full real-time English opening,0.0000,0,0,0.00000,0,0,Chase
308.221,0.000,Full real-time English opening,0.0000,0,0,0.00000,0,0,Chase
308.326,0.000,Full real-time English opening,0.0000,1,0,0.02379,0,0,Chase
308.427,0.000,Full real-time English opening,0.0000,1,0,0.00501,0,0,Chase
308.528,0.000,Full real-time English opening,0.0000,1,0,0.00118,0,0,Chase
308.635,0.000,Full real-time English opening,0.0000,1,0,0.00426,0,0,Chase
308.743,0.000,Full real-time English opening,0.0000,1,0,0.11119,0,0,Chase
308.843,0.000,Full real-time English opening,0.0000,1,0,0.05330,0,0,Chase
308.945,0.000,Full real-time English opening,0.0000,1,0,0.06894,0,0,Chase
309.052,0.000,Full real-time English opening,0.0000,1,0,0.06087,0,0,Chase
309.154,0.000,Full real-time English opening,0.0000,1,0,0.00959,0,0,Chase
309.262,0.000,Full real-time English opening,0.0000,1,0,0.08691,0,0,Chase
309.372,0.000,Full real-time English opening,0.0000,1,0,0.00789,0,0,Chase
309.480,0.000,Full real-time English opening,0.0000,1,0,0.07741,0,0,Chase
309.581,0.000,Full real-time English opening,0.0000,1,0,0.05567,0,0,Chase
309.687,0.000,Full real-time English opening,0.0000,1,0,0.01905,0,0,Chase
309.796,0.000,Full real-time English opening,0.0000,1,0,0.04002,0,0,Chase
309.896,0.000,Full real-time English opening,0.0000,1,0,0.11986,0,0,Chase
310.000,0.000,Full real-time English opening,0.0000,1,0,0.11288,0,0,Chase
310.101,0.000,Full real-time English opening,0.0000,1,0,0.02307,0,0,Chase
310.208,0.000,Full real-time English opening,0.0000,1,0,0.13416,0,0,Chase
310.315,0.000,Full real-time English opening,0.0000,1,0,0.08023,0,0,Chase
310.415,0.000,Full real-time English opening,0.0000,1,0,0.06822,0,0,Chase
310.518,0.000,Full real-time English opening,0.0000,1,0,0.00743,0,0,Chase
310.619,0.000,Full real-time English opening,0.0000,1,0,0.07127,0,0,Chase
310.720,0.000,Full real-time English opening,0.0000,1,0,0.07310,0,0,Chase
310.828,0.000,Full real-time English opening,0.0000,1,0,0.05863,0,0,Chase
310.929,0.000,Full real-time English opening,0.0000,1,0,0.00919,0,0,Chase
311.031,0.000,Full real-time English opening,0.0000,1,0,0.09996,0,0,Chase
311.134,0.000,Full real-time English opening,0.0000,1,0,0.00510,0,0,Chase
311.236,0.000,Full real-time English opening,0.0000,1,0,0.09119,0,0,Chase
311.337,0.000,Full real-time English opening,0.0000,1,0,0.01086,0,0,Chase
311.444,0.000,Full real-time English opening,0.0000,1,0,0.00454,0,0,Chase
311.545,0.000,Full real-time English opening,0.0000,1,0,0.00103,0,0,Chase
311.652,0.000,Full real-time English opening,0.0000,1,0,0.08323,0,0,Chase
311.754,0.000,Full real-time English opening,0.0000,1,0,0.15818,0,0,Chase
311.856,0.000,Full real-time English opening,0.0000,1,0,0.08482,0,0,Chase
311.957,0.000,Full real-time English opening,0.0000,1,0,0.11119,0,0,Chase
312.065,0.000,Full real-time English opening,0.0000,1,0,0.00073,0,0,Chase
312.172,0.000,Full real-time English opening,0.0000,1,0,0.05494,0,0,Chase
312.280,0.000,Full real-time English opening,0.0000,1,0,0.03252,0,0,Chase
312.382,0.000,Full real-time English opening,0.0000,1,0,0.01971,0,0,Chase
312.485,0.000,Full real-time English opening,0.0000,1,0,0.00094,0,0,Chase
312.588,0.000,Full real-time English opening,0.0000,1,0,0.05717,0,0,Chase
312.689,0.000,Full real-time English opening,0.0000,1,0,0.09625,0,0,Chase
312.790,0.000,Full real-time English opening,0.0000,1,0,0.03454,0,0,Chase
312.893,0.000,Full real-time English opening,0.0000,1,0,0.10669,0,0,Chase
312.997,0.000,Full real-time English opening,0.0000,1,0,0.08103,0,0,Chase
313.099,0.000,Full real-time English opening,0.0000,1,0,0.02222,0,0,Chase
313.200,0.000,Full real-time English opening,0.0000,1,0,0.00406,0,0,Chase
313.306,0.000,Full real-time English opening,0.0000,1,0,0.00092,0,0,Chase
313.410,0.000,Full real-time English opening,0.0000,1,0,0.07546,0,0,Chase
313.517,0.000,Full real-time English opening,0.0000,1,0,0.11099,0,0,Chase
313.618,0.000,Full real-time English opening,0.0000,1,0,0.01709,0,0,Chase
313.719,0.000,Full real-time English opening,0.0000,1,0,0.13086,0,0,Chase
313.820,0.000,Full real-time English opening,0.0000,1,0,0.02931,0,0,Chase
313.922,0.000,Full real-time English opening,0.0000,1,0,0.09740,0,0,Chase
314.029,0.000,Full real-time English opening,0.0000,1,0,0.00526,0,0,Chase
314.132,0.000,Full real-time English opening,0.0000,1,0,0.04542,0,0,Chase
314.241,0.000,Full real-time English opening,0.0000,1,0,0.08234,0,0,Chase
314.350,0.000,Full real-time English opening,0.0000,1,0,0.01079,0,0,Chase
314.452,0.000,Full real-time English opening,0.0000,1,0,0.00357,0,0,Chase
314.555,0.000,Full real-time English opening,0.0000,1,0,0.04776,0,0,Chase
314.664,0.000,Full real-time English opening,0.0000,1,0,0.04484,0,0,Chase
314.772,0.000,Full real-time English opening,0.0000,1,0,0.01482,0,0,Chase
314.881,0.000,Full real-time English opening,0.0000,1,0,0.00084,0,0,Chase
314.982,0.000,Full real-time English opening,0.0000,1,0,0.00108,0,0,Chase
315.086,0.000,Full real-time English opening,0.0000,1,0,0.08519,0,0,Chase
315.187,0.000,Full real-time English opening,0.0000,1,0,0.08091,0,0,Chase
315.291,0.000,Full real-time English opening,0.0000,1,0,0.00043,0,0,Chase
315.397,0.000,Full real-time English opening,0.0000,1,0,0.05038,0,0,Chase
315.507,0.000,Full real-time English opening,0.0000,1,0,0.02136,0,0,Chase
315.611,0.000,Full real-time English opening,0.0000,1,0,0.17032,0,0,Chase
315.717,0.000,Full real-time English opening,0.0000,1,0,0.08856,0,0,Chase
315.822,0.000,Full real-time English opening,0.0000,1,0,0.07609,0,0,Chase
315.928,0.000,Full real-time English opening,0.0000,1,0,0.01501,0,0,Chase
316.034,0.000,Full real-time English opening,0.0000,1,0,0.05215,0,0,Chase
316.137,0.000,Full real-time English opening,0.0000,1,0,0.05645,0,0,Chase
316.246,0.000,Full real-time English opening,0.0000,1,0,0.02858,0,0,Chase
316.354,0.000,Full real-time English opening,0.0000,1,0,0.11067,0,0,Chase
316.463,0.000,Full real-time English opening,0.0000,1,0,0.02305,0,0,Chase
316.564,0.000,Full real-time English opening,0.0000,1,0,0.09002,0,0,Chase
316.666,0.000,Full real-time English opening,0.0000,1,0,0.07833,0,0,Chase
316.772,0.000,Full real-time English opening,0.0000,1,0,0.02849,0,0,Chase
316.877,0.000,Full real-time English opening,0.0000,1,0,0.01090,0,0,Chase
316.981,0.000,Full real-time English opening,0.0000,1,0,0.00878,0,0,Chase
317.089,0.000,Full real-time English opening,0.0000,1,0,0.10224,0,0,Chase
317.191,0.000,Full real-time English opening,0.0000,1,0,0.01132,0,0,Chase
317.292,0.000,Full real-time English opening,0.0000,1,0,0.12087,0,0,Chase
317.395,0.000,Full real-time English opening,0.0000,1,0,0.01552,0,0,Chase
317.501,0.000,Full real-time English opening,0.0000,1,0,0.00166,0,0,Chase
317.609,0.000,Full real-time English opening,0.0000,1,0,0.10240,0,0,Chase
317.711,0.000,Full real-time English opening,0.0000,1,0,0.01439,0,0,Chase
317.816,0.000,Full real-time English opening,0.0000,1,0,0.10545,0,0,Chase
317.919,0.000,Full real-time English opening,0.0000,1,0,0.00130,0,0,Chase
318.020,0.000,Full real-time English opening,0.0000,1,0,0.02366,0,0,Chase
318.121,0.000,Full real-time English opening,0.0000,1,0,0.00082,0,0,Chase
318.226,0.000,Full real-time English opening,0.0000,1,0,0.00111,0,0,Chase
318.330,0.000,Full real-time English opening,0.0000,1,0,0.00111,0,0,Chase
318.438,0.000,Full real-time English opening,0.0000,1,0,0.01482,0,0,Chase
318.541,0.000,Full real-time English opening,0.0000,1,0,0.01271,0,0,Chase
318.649,0.000,Full real-time English opening,0.0000,0,0,0.00000,0,0,Chase
318.753,0.000,Full real-time English opening,0.0000,1,0,0.00000,0,0,Chase
318.854,0.000,Full real-time English opening,0.0000,1,0,0.02160,0,0,Chase
318.960,0.000,Full real-time English opening,0.0000,1,0,0.00114,0,0,Chase
319.067,0.000,Full real-time English opening,0.0000,1,0,0.00106,0,0,Chase
319.172,0.000,Full real-time English opening,0.0000,1,0,0.01160,0,0,Chase
319.289,0.000,Full real-time English opening,0.0000,1,0,0.13304,0,0,Chase
319.391,0.000,Full real-time English opening,0.0000,1,0,0.13193,0,0,Chase
319.500,0.000,Full real-time English opening,0.0000,1,0,0.00292,0,0,Chase
319.605,0.000,Full real-time English opening,0.0000,1,0,0.12465,0,0,Chase
319.715,0.000,Full real-time English opening,0.0000,1,0,0.08059,0,0,Chase
319.827,0.000,Full real-time English opening,0.0000,1,0,0.03751,0,0,Chase
319.930,0.000,Full real-time English opening,0.0000,1,0,0.05811,0,0,Chase
320.042,0.000,Full real-time English opening,0.0000,1,0,0.01953,0,0,Chase
320.149,0.000,Full real-time English opening,0.0000,1,0,0.01696,0,0,Chase
320.255,0.000,Full real-time English opening,0.0000,1,0,0.00112,0,0,Chase
320.362,0.000,Full real-time English opening,0.0000,1,0,0.00108,0,0,Chase
320.466,0.000,Full real-time English opening,0.0000,1,0,0.04762,0,0,Chase
320.574,0.000,Full real-time English opening,0.0000,1,0,0.12471,0,0,Chase
320.677,0.000,Full real-time English opening,0.0000,1,0,0.10829,0,0,Chase
320.780,0.000,Full real-time English opening,0.0000,1,0,0.06412,0,0,Chase
320.885,0.000,Full real-time English opening,0.0000,1,0,0.14067,0,0,Chase
320.990,0.000,Full real-time English opening,0.0000,1,0,0.11573,0,0,Chase
321.092,0.000,Full real-time English opening,0.0000,1,0,0.08216,0,0,Chase
321.197,0.000,Full real-time English opening,0.0000,1,0,0.01855,0,0,Chase
321.300,0.000,Full real-time English opening,0.0000,1,0,0.00495,0,0,Chase
321.409,0.000,Full real-time English opening,0.0000,1,0,0.13684,0,0,Chase
321.523,0.000,Full real-time English opening,0.0000,1,0,0.00235,0,0,Chase
321.625,0.000,Full real-time English opening,0.0000,1,0,0.05466,0,0,Chase
321.735,0.000,Full real-time English opening,0.0000,1,0,0.00445,0,0,Chase
321.842,0.000,Full real-time English opening,0.0000,1,0,0.00102,0,0,Chase
321.943,0.000,Full real-time English opening,0.0000,1,0,0.00096,0,0,Chase
322.055,0.000,Full real-time English opening,0.0000,1,0,0.04193,0,0,Chase
322.156,0.000,Full real-time English opening,0.0000,1,0,0.07139,0,0,Chase
322.268,0.000,Full real-time English opening,0.0000,1,0,0.00790,0,0,Chase
322.370,0.000,Full real-time English opening,0.0000,1,0,0.08385,0,0,Chase
322.474,0.000,Full real-time English opening,0.0000,1,0,0.08562,0,0,Chase
322.579,0.000,Full real-time English opening,0.0000,1,0,0.02919,0,0,Chase
322.681,0.000,Full real-time English opening,0.0000,1,0,0.05597,0,0,Chase
322.783,0.000,Full real-time English opening,0.0000,1,0,0.12888,0,0,Chase
322.884,0.000,Full real-time English opening,0.0000,1,0,0.01894,0,0,Chase
322.990,0.000,Full real-time English opening,0.0000,1,0,0.09292,0,0,Chase
323.105,0.000,Full real-time English opening,0.0000,1,0,0.14953,0,0,Chase
323.206,0.000,Full real-time English opening,0.0000,1,0,0.00055,0,0,Chase
323.318,0.000,Full real-time English opening,0.0000,1,0,0.06103,0,0,Chase
323.421,0.000,Full real-time English opening,0.0000,1,0,0.06124,0,0,Chase
323.525,0.000,Full real-time English opening,0.0000,1,0,0.01575,0,0,Chase
323.626,0.000,Full real-time English opening,0.0000,1,0,0.00255,0,0,Chase
323.730,0.000,Full real-time English opening,0.0000,1,0,0.00119,0,0,Chase
323.840,0.000,Full real-time English opening,0.0000,1,0,0.01094,0,0,Chase
323.943,0.000,Full real-time English opening,0.0000,1,0,0.13911,0,0,Chase
324.043,0.000,Full real-time English opening,0.0000,1,0,0.03097,0,0,Chase
324.154,0.000,Full real-time English opening,0.0000,1,0,0.11094,0,0,Chase
324.265,0.000,Full real-time English opening,0.0000,1,0,0.00245,0,0,Chase
324.366,0.000,Full real-time English opening,0.0000,1,0,0.09827,0,0,Chase
324.476,0.000,Full real-time English opening,0.0000,1,0,0.08681,0,0,Chase
324.578,0.000,Full real-time English opening,0.0000,1,0,0.10517,0,0,Chase
324.687,0.000,Full real-time English opening,0.0000,1,0,0.04006,0,0,Chase
324.788,0.000,Full real-time English opening,0.0000,1,0,0.03480,0,0,Chase
324.907,0.000,Full real-time English opening,0.0000,1,0,0.10254,0,0,Chase
325.009,0.000,Full real-time English opening,0.0000,1,0,0.12808,0,0,Chase
325.115,0.000,Full real-time English opening,0.0000,1,0,0.07064,0,0,Chase
325.218,0.000,Full real-time English opening,0.0000,1,0,0.02349,0,0,Chase
325.319,0.000,Full real-time English opening,0.0000,1,0,0.11633,0,0,Chase
325.421,0.000,Full real-time English opening,0.0000,1,0,0.04305,0,0,Chase
325.527,0.000,Full real-time English opening,0.0000,1,0,0.05182,0,0,Chase
325.633,0.000,Full real-time English opening,0.0000,1,0,0.00335,0,0,Chase
325.740,0.000,Full real-time English opening,0.0000,1,0,0.11482,0,0,Chase
325.846,0.000,Full real-time English opening,0.0000,1,0,0.00037,0,0,Chase
325.956,0.000,Full real-time English opening,0.0000,1,0,0.09029,0,0,Chase
326.061,0.000,Full real-time English opening,0.0000,1,0,0.01285,0,0,Chase
326.166,0.000,Full real-time English opening,0.0000,1,0,0.07129,0,0,Chase
326.271,0.000,Full real-time English opening,0.0000,1,0,0.01804,0,0,Chase
326.372,0.000,Full real-time English opening,0.0000,1,0,0.08229,0,0,Chase
326.481,0.000,Full real-time English opening,0.0000,1,0,0.04934,0,0,Chase
326.588,0.000,Full real-time English opening,0.0000,1,0,0.08755,0,0,Chase
326.698,0.000,Full real-time English opening,0.0000,1,0,0.01447,0,0,Chase
326.805,0.000,Full real-time English opening,0.0000,1,0,0.13258,0,0,Chase
326.921,0.000,Full real-time English opening,0.0000,1,0,0.07289,0,0,Chase
327.022,0.000,Full real-time English opening,0.0000,1,0,0.01346,0,0,Chase
327.128,0.000,Full real-time English opening,0.0000,1,0,0.00755,0,0,Chase
327.232,0.000,Full real-time English opening,0.0000,1,0,0.00105,0,0,Chase
327.333,0.000,Full real-time English opening,0.0000,1,0,0.00096,0,0,Chase
327.443,0.000,Full real-time English opening,0.0000,1,0,0.01591,0,0,Chase
327.545,0.000,Full real-time English opening,0.0000,1,0,0.01308,0,0,Chase
327.648,0.000,Full real-time English opening,0.0000,0,0,0.00000,0,0,Chase
327.753,0.000,Full real-time English opening,0.0000,0,0,0.00000,0,0,Chase
327.859,0.000,Full real-time English opening,0.0000,1,0,0.02149,0,0,Chase
327.966,0.000,Full real-time English opening,0.0000,1,0,0.00527,0,0,Chase
328.073,0.000,Full real-time English opening,0.0000,1,0,0.00108,0,0,Chase
328.178,0.000,Full real-time English opening,0.0000,1,0,0.00208,0,0,Chase
328.284,0.000,Full real-time English opening,0.0000,1,0,0.00107,0,0,Chase
328.385,0.000,Full real-time English opening,0.0000,1,0,0.00109,0,0,Chase
328.495,0.000,Full real-time English opening,0.0000,1,0,0.00549,0,0,Chase
328.603,0.000,Full real-time English opening,0.0000,1,0,0.12074,0,0,Chase
328.708,0.000,Full real-time English opening,0.0000,1,0,0.15263,0,0,Chase
328.808,0.000,Full real-time English opening,0.0000,1,0,0.00762,0,0,Chase
328.914,0.000,Full real-time English opening,0.0000,1,0,0.02314,0,0,Chase
329.022,0.000,Full real-time English opening,0.0000,1,0,0.01879,0,0,Chase
329.129,0.000,Full real-time English opening,0.0000,1,0,0.16032,0,0,Chase
329.233,0.000,Full real-time English opening,0.0000,1,0,0.01720,0,0,Chase
329.341,0.000,Full real-time English opening,0.0000,1,0,0.04085,0,0,Chase
329.448,0.000,Full real-time English opening,0.0000,1,0,0.17376,0,0,Chase
329.559,0.000,Full real-time English opening,0.0000,1,0,0.08516,0,0,Chase
329.665,0.000,Full real-time English opening,0.0000,1,0,0.13357,0,0,Chase
329.771,0.000,Full real-time English opening,0.0000,1,0,0.10273,0,0,Chase
329.884,0.000,Full real-time English opening,0.0000,1,0,0.00773,0,0,Chase
329.994,0.000,Full real-time English opening,0.0000,1,0,0.00090,0,0,Chase
330.105,0.000,Full real-time English opening,0.0000,1,0,0.00111,0,0,Chase
330.207,0.000,Full real-time English opening,0.0000,1,0,0.04769,0,0,Chase
330.311,0.000,Full real-time English opening,0.0000,1,0,0.12143,0,0,Chase
330.422,0.000,Full real-time English opening,0.0000,1,0,0.10279,0,0,Chase
330.525,0.000,Full real-time English opening,0.0000,1,0,0.01293,0,0,Chase
330.628,0.000,Full real-time English opening,0.0000,1,0,0.17253,0,0,Chase
330.731,0.000,Full real-time English opening,0.0000,1,0,0.15584,0,0,Chase
330.835,0.000,Full real-time English opening,0.0000,1,0,0.10367,0,0,Chase
330.942,0.000,Full real-time English opening,0.0000,1,0,0.09520,0,0,Chase
331.043,0.000,Full real-time English opening,0.0000,1,0,0.01303,0,0,Chase
331.144,0.000,Full real-time English opening,0.0000,1,0,0.13839,0,0,Chase
331.245,0.000,Full real-time English opening,0.0000,1,0,0.00537,0,0,Chase
331.350,0.000,Full real-time English opening,0.0000,1,0,0.15916,0,0,Chase
331.457,0.000,Full real-time English opening,0.0000,1,0,0.11788,0,0,Chase
331.564,0.000,Full real-time English opening,0.0000,1,0,0.02004,0,0,Chase
331.670,0.000,Full real-time English opening,0.0000,1,0,0.08930,0,0,Chase
331.776,0.000,Full real-time English opening,0.0000,1,0,0.02497,0,0,Chase
331.876,0.000,Full real-time English opening,0.0000,1,0,0.01088,0,0,Chase
331.985,0.000,Full real-time English opening,0.0000,1,0,0.10515,0,0,Chase
332.094,0.000,Full real-time English opening,0.0000,1,0,0.00792,0,0,Chase
332.198,0.000,Full real-time English opening,0.0000,1,0,0.14337,0,0,Chase
332.304,0.000,Full real-time English opening,0.0000,1,0,0.07759,0,0,Chase
332.407,0.000,Full real-time English opening,0.0000,1,0,0.01574,0,0,Chase
332.512,0.000,Full real-time English opening,0.0000,1,0,0.00096,0,0,Chase
332.620,0.000,Full real-time English opening,0.0000,1,0,0.02424,0,0,Chase
332.723,0.000,Full real-time English opening,0.0000,1,0,0.00106,0,0,Chase
332.829,0.000,Full real-time English opening,0.0000,1,0,0.00111,0,0,Chase
332.932,0.000,Full real-time English opening,0.0000,1,0,0.00124,0,0,Chase
333.035,0.000,Full real-time English opening,0.0000,1,0,0.00712,0,0,Chase
333.144,0.000,Full real-time English opening,0.0000,1,0,0.13412,0,0,Chase
333.251,0.000,Full real-time English opening,0.0000,1,0,0.00068,0,0,Chase
333.358,0.000,Full real-time English opening,0.0000,1,0,0.14057,0,0,Chase
333.461,0.000,Full real-time English opening,0.0000,1,0,0.14762,0,0,Chase
333.569,0.000,Full real-time English opening,0.0000,1,0,0.00191,0,0,Chase
333.676,0.000,Full real-time English opening,0.0000,1,0,0.01167,0,0,Chase
333.778,0.000,Full real-time English opening,0.0000,1,0,0.12598,0,0,Chase
333.888,0.000,Full real-time English opening,0.0000,1,0,0.06328,0,0,Chase
333.995,0.000,Full real-time English opening,0.0000,1,0,0.06071,0,0,Chase
334.097,0.000,Full real-time English opening,0.0000,1,0,0.11288,0,0,Chase
334.204,0.000,Full real-time English opening,0.0000,1,0,0.02791,0,0,Chase
334.308,0.000,Full real-time English opening,0.0000,1,0,0.00264,0,0,Chase
334.416,0.000,Full real-time English opening,0.0000,1,0,0.17359,0,0,Chase
334.518,0.000,Full real-time English opening,0.0000,1,0,0.00046,0,0,Chase
334.626,0.000,Full real-time English opening,0.0000,1,0,0.06950,0,0,Chase
334.727,0.000,Full real-time English opening,0.0000,1,0,0.00086,0,0,Chase
334.835,0.000,Full real-time English opening,0.0000,1,0,0.00105,0,0,Chase
334.938,0.000,Full real-time English opening,0.0000,1,0,0.00097,0,0,Chase
335.045,0.000,Full real-time English opening,0.0000,1,0,0.00114,0,0,Chase
335.149,0.000,Full real-time English opening,0.0000,1,0,0.11640,0,0,Chase
335.255,0.000,Full real-time English opening,0.0000,1,0,0.04818,0,0,Chase
335.362,0.000,Full real-time English opening,0.0000,1,0,0.13756,0,0,Chase
335.462,0.000,Full real-time English opening,0.0000,1,0,0.01226,0,0,Chase
335.569,0.000,Full real-time English opening,0.0000,1,0,0.08476,0,0,Chase
335.677,0.000,Full real-time English opening,0.0000,1,0,0.01231,0,0,Chase
335.779,0.000,Full real-time English opening,0.0000,1,0,0.16599,0,0,Chase
335.882,0.000,Full real-time English opening,0.0000,1,0,0.03436,0,0,Chase
335.984,0.000,Full real-time English opening,0.0000,1,0,0.16643,0,0,Chase
336.084,0.000,Full real-time English opening,0.0000,1,0,0.00465,0,0,Chase
336.193,0.000,Full real-time English opening,0.0000,1,0,0.16905,0,0,Chase
336.304,0.000,Full real-time English opening,0.0000,1,0,0.07004,0,0,Chase
336.406,0.000,Full real-time English opening,0.0000,1,0,0.00921,0,0,Chase
336.512,0.000,Full real-time English opening,0.0000,1,0,0.00096,0,0,Chase
336.620,0.000,Full real-time English opening,0.0000,1,0,0.00106,0,0,Chase
336.727,0.000,Full real-time English opening,0.0000,1,0,0.00084,0,0,Chase
336.834,0.000,Full real-time English opening,0.0000,1,0,0.00112,0,0,Chase
336.937,0.000,Full real-time English opening,0.0000,1,0,0.00105,0,0,Chase
337.041,0.000,Full real-time English opening,0.0000,1,0,0.00106,0,0,Chase
337.144,0.000,Full real-time English opening,0.0000,1,0,0.00109,0,0,Chase
337.250,0.000,Full real-time English opening,0.0000,1,0,0.00097,0,0,Chase
337.355,0.000,Full real-time English opening,0.0000,1,0,0.02125,0,0,Chase
337.464,0.000,Full real-time English opening,0.0000,1,0,0.04244,0,0,Chase
337.569,0.000,Full real-time English opening,0.0000,1,0,0.01696,0,0,Chase
337.673,0.000,Full real-time English opening,0.0000,1,0,0.00227,0,0,Chase
337.775,0.000,Full real-time English opening,0.0000,1,0,0.00189,0,0,Chase
337.884,0.000,Full real-time English opening,0.0000,1,0,0.02083,0,0,Chase
337.993,0.000,Full real-time English opening,0.0000,1,0,0.00989,0,0,Chase
338.101,0.000,Full real-time English opening,0.0000,1,0,0.00621,0,0,Chase
338.207,0.000,Full real-time English opening,0.0000,1,0,0.00225,0,0,Chase
338.313,0.000,Full real-time English opening,0.0000,1,0,0.02901,0,0,Chase
338.422,0.000,Full real-time English opening,0.0000,1,0,0.00815,0,0,Chase
338.532,0.000,Full real-time English opening,0.0000,1,0,0.00730,0,0,Chase
338.638,0.000,Full real-time English opening,0.0000,1,0,0.00106,0,0,Chase
338.743,0.000,Full real-time English opening,0.0000,1,0,0.00095,0,0,Chase
338.849,0.000,Full real-time English opening,0.0000,1,0,0.00112,0,0,Chase
338.955,0.000,Full real-time English opening,0.0000,1,0,0.00112,0,0,Chase
339.056,0.000,Full real-time English opening,0.0000,1,0,0.01397,0,0,Chase
339.160,0.000,Full real-time English opening,0.0000,1,0,0.01253,0,0,Chase
339.260,0.000,Full real-time English opening,0.0000,0,0,0.00000,0,0,Chase
339.361,0.000,Full real-time English opening,0.0000,1,0,0.00000,0,0,Chase
339.465,0.000,Full real-time English opening,0.0000,1,0,0.02160,0,0,Chase
339.573,0.000,Full real-time English opening,0.0000,1,0,0.00112,0,0,Chase
339.681,0.000,Full real-time English opening,0.0000,1,0,0.00100,0,0,Chase
339.787,0.000,Full real-time English opening,0.0000,1,0,0.00111,0,0,Chase
339.888,0.000,Full real-time English opening,0.0000,1,0,0.11145,0,0,Chase
339.994,0.000,Full real-time English opening,0.0000,1,0,0.10913,0,0,Chase
340.097,0.000,Full real-time English opening,0.0000,1,0,0.00301,0,0,Chase
340.200,0.000,Full real-time English opening,0.0000,1,0,0.15321,0,0,Chase
340.307,0.000,Full real-time English opening,0.0000,1,0,0.02262,0,0,Chase
340.411,0.000,Full real-time English opening,0.0000,1,0,0.04099,0,0,Chase
340.520,0.000,Full real-time English opening,0.0000,1,0,0.08491,0,0,Chase
340.625,0.000,Full real-time English opening,0.0000,1,0,0.07340,0,0,Chase
340.733,0.000,Full real-time English opening,0.0000,1,0,0.01565,0,0,Chase
340.837,0.000,Full real-time English opening,0.0000,1,0,0.00048,0,0,Chase
340.943,0.000,Full real-time English opening,0.0000,1,0,0.02065,0,0,Chase
341.045,0.000,Full real-time English opening,0.0000,1,0,0.06958,0,0,Chase
341.148,0.000,Full real-time English opening,0.0000,1,0,0.10248,0,0,Chase
341.258,0.000,Full real-time English opening,0.0000,1,0,0.01183,0,0,Chase
341.365,0.000,Full real-time English opening,0.0000,1,0,0.01334,0,0,Chase
341.472,0.000,Full real-time English opening,0.0000,1,0,0.00103,0,0,Chase
341.578,0.000,Full real-time English opening,0.0000,1,0,0.00102,0,0,Chase
341.680,0.000,Full real-time English opening,0.0000,1,0,0.12375,0,0,Chase
341.790,0.000,Full real-time English opening,0.0000,1,0,0.01344,0,0,Chase
341.898,0.000,Full real-time English opening,0.0000,1,0,0.12325,0,0,Chase
342.007,0.000,Full real-time English opening,0.0000,1,0,0.11775,0,0,Chase
342.116,0.000,Full real-time English opening,0.0000,1,0,0.03581,0,0,Chase
342.217,0.000,Full real-time English opening,0.0000,1,0,0.00097,0,0,Chase
342.322,0.000,Full real-time English opening,0.0000,1,0,0.00104,0,0,Chase
342.428,0.000,Full real-time English opening,0.0000,1,0,0.01528,0,0,Chase
342.528,0.000,Full real-time English opening,0.0000,1,0,0.05608,0,0,Chase
342.634,0.000,Full real-time English opening,0.0000,1,0,0.11515,0,0,Chase
342.740,0.000,Full real-time English opening,0.0000,1,0,0.06402,0,0,Chase
342.845,0.000,Full real-time English opening,0.0000,1,0,0.00081,0,0,Chase
342.951,0.000,Full real-time English opening,0.0000,1,0,0.07807,0,0,Chase
343.052,0.000,Full real-time English opening,0.0000,1,0,0.00058,0,0,Chase
343.153,0.000,Full real-time English opening,0.0000,1,0,0.04200,0,0,Chase
343.253,0.000,Full real-time English opening,0.0000,1,0,0.00095,0,0,Chase
343.361,0.000,Full real-time English opening,0.0000,1,0,0.06283,0,0,Chase
343.465,0.000,Full real-time English opening,0.0000,1,0,0.00131,0,0,Chase
343.567,0.000,Full real-time English opening,0.0000,1,0,0.01507,0,0,Chase
343.674,0.000,Full real-time English opening,0.0000,1,0,0.08447,0,0,Chase
343.783,0.000,Full real-time English opening,0.0000,1,0,0.05646,0,0,Chase
343.890,0.000,Full real-time English opening,0.0000,1,0,0.05772,0,0,Chase
343.990,0.000,Full real-time English opening,0.0000,1,0,0.00106,0,0,Chase
344.099,0.000,Full real-time English opening,0.0000,1,0,0.00093,0,0,Chase
344.203,0.000,Full real-time English opening,0.0000,1,0,0.00123,0,0,Chase
344.303,0.000,Full real-time English opening,0.0000,1,0,0.00760,0,0,Chase
344.412,0.000,Full real-time English opening,0.0000,1,0,0.00701,0,0,Chase
344.513,0.000,Full real-time English opening,0.0000,1,0,0.00118,0,0,Chase
344.620,0.000,Full real-time English opening,0.0000,1,0,0.01905,0,0,Chase
344.729,0.000,Full real-time English opening,0.0000,1,0,0.01034,0,0,Chase
344.831,0.000,Full real-time English opening,0.0000,1,0,0.12560,0,0,Chase
344.936,0.000,Full real-time English opening,0.0000,1,0,0.06667,0,0,Chase
345.046,0.000,Full real-time English opening,0.0000,1,0,0.00734,0,0,Chase
345.149,0.000,Full real-time English opening,0.0000,1,0,0.03205,0,0,Chase
345.258,0.000,Full real-time English opening,0.0000,1,0,0.11521,0,0,Chase
345.367,0.000,Full real-time English opening,0.0000,1,0,0.05936,0,0,Chase
345.469,0.000,Full real-time English opening,0.0000,1,0,0.03421,0,0,Chase
345.574,0.000,Full real-time English opening,0.0000,1,0,0.00119,0,0,Chase
345.678,0.000,Full real-time English opening,0.0000,1,0,0.02218,0,0,Chase
345.778,0.000,Full real-time English opening,0.0000,1,0,0.09119,0,0,Chase
345.879,0.000,Full real-time English opening,0.0000,1,0,0.00720,0,0,Chase
345.980,0.000,Full real-time English opening,0.0000,1,0,0.01064,0,0,Chase
346.089,0.000,Full real-time English opening,0.0000,1,0,0.07511,0,0,Chase
346.198,0.000,Full real-time English opening,0.0000,1,0,0.10054,0,0,Chase
346.301,0.000,Full real-time English opening,0.0000,1,0,0.00839,0,0,Chase
346.409,0.000,Full real-time English opening,0.0000,1,0,0.00083,0,0,Chase
346.516,0.000,Full real-time English opening,0.0000,1,0,0.14943,0,0,Chase
346.626,0.000,Full real-time English opening,0.0000,1,0,0.03970,0,0,Chase
346.731,0.000,Full real-time English opening,0.0000,1,0,0.07072,0,0,Chase
346.836,0.000,Full real-time English opening,0.0000,1,0,0.10678,0,0,Chase
346.945,0.000,Full real-time English opening,0.0000,1,0,0.10795,0,0,Chase
347.046,0.000,Full real-time English opening,0.0000,1,0,0.03244,0,0,Chase
347.154,0.000,Full real-time English opening,0.0000,1,0,0.02474,0,0,Chase
347.257,0.000,Full real-time English opening,0.0000,1,0,0.00073,0,0,Chase
347.367,0.000,Full real-time English opening,0.0000,1,0,0.00105,0,0,Chase
347.468,0.000,Full real-time English opening,0.0000,1,0,0.00115,0,0,Chase
347.572,0.000,Full real-time English opening,0.0000,1,0,0.00104,0,0,Chase
347.677,0.000,Full real-time English opening,0.0000,1,0,0.16821,0,0,Chase
347.777,0.000,Full real-time English opening,0.0000,1,0,0.08862,0,0,Chase
347.883,0.000,Full real-time English opening,0.0000,1,0,0.00046,0,0,Chase
347.984,0.000,Full real-time English opening,0.0000,1,0,0.08760,0,0,Chase
348.092,0.000,Full real-time English opening,0.0000,1,0,0.02270,0,0,Chase
348.194,0.000,Full real-time English opening,0.0000,1,0,0.00909,0,0,Chase
348.299,0.000,Full real-time English opening,0.0000,1,0,0.05926,0,0,Chase
348.410,0.000,Full real-time English opening,0.0000,1,0,0.01146,0,0,Chase
348.523,0.000,Full real-time English opening,0.0000,1,0,0.12034,0,0,Chase
348.627,0.000,Full real-time English opening,0.0000,1,0,0.00987,0,0,Chase
348.737,0.000,Full real-time English opening,0.0000,1,0,0.02770,0,0,Chase
348.846,0.000,Full real-time English opening,0.0000,1,0,0.09499,0,0,Chase
348.950,0.000,Full real-time English opening,0.0000,1,0,0.02898,0,0,Chase
349.059,0.000,Full real-time English opening,0.0000,1,0,0.00274,0,0,Chase
349.163,0.000,Full real-time English opening,0.0000,1,0,0.09135,0,0,Chase
349.270,0.000,Full real-time English opening,0.0000,1,0,0.01286,0,0,Chase
349.371,0.000,Full real-time English opening,0.0000,1,0,0.00209,0,0,Chase
349.472,0.000,Full real-time English opening,0.0000,1,0,0.09999,0,0,Chase
349.583,0.000,Full real-time English opening,0.0000,1,0,0.00434,0,0,Chase
349.696,0.000,Full real-time English opening,0.0000,1,0,0.00817,0,0,Chase
349.808,0.000,Full real-time English opening,0.0000,1,0,0.12824,0,0,Chase
349.913,0.000,Full real-time English opening,0.0000,1,0,0.04303,0,0,Chase
350.019,0.000,Full real-time English opening,0.0000,1,0,0.00062,0,0,Chase
350.119,0.000,Full real-time English opening,0.0000,1,0,0.02502,0,0,Chase
350.229,0.000,Full real-time English opening,0.0000,1,0,0.00108,0,0,Chase
350.338,0.000,Full real-time English opening,0.0000,1,0,0.00109,0,0,Chase
350.449,0.000,Full real-time English opening,0.0000,1,0,0.00111,0,0,Chase
350.549,0.000,Full real-time English opening,0.0000,1,0,0.01354,0,0,Chase
350.649,0.000,Full real-time English opening,0.0000,1,0,0.01126,0,0,Chase
350.755,0.000,Full real-time English opening,0.0000,0,0,0.00000,0,0,Chase
350.863,0.000,Full real-time English opening,0.0000,1,0,0.02059,0,0,Chase
350.966,0.000,Full real-time English opening,0.0000,1,0,0.00918,0,0,Chase
351.068,0.000,Full real-time English opening,0.0000,1,0,0.00011,0,0,Chase
351.177,0.000,Full real-time English opening,0.0000,1,0,0.00003,0,0,Chase
351.286,0.000,Full real-time English opening,0.0000,1,0,0.00422,0,0,Chase
351.390,0.000,Full real-time English opening,0.0000,1,0,0.03507,0,0,Chase
351.497,0.000,Full real-time English opening,0.0000,1,0,0.04561,0,0,Chase
351.604,0.000,Full real-time English opening,0.0000,1,0,0.07818,0,0,Chase
351.712,0.000,Full real-time English opening,0.0000,1,0,0.09384,0,0,Chase
351.819,0.000,Full real-time English opening,0.0000,1,0,0.00761,0,0,Chase
351.924,0.000,Full real-time English opening,0.0000,1,0,0.05765,0,0,Chase
352.028,0.000,Full real-time English opening,0.0000,1,0,0.02169,0,0,Chase
352.137,0.000,Full real-time English opening,0.0000,1,0,0.11665,0,0,Chase
352.241,0.000,Full real-time English opening,0.0000,1,0,0.02830,0,0,Chase
352.345,0.000,Full real-time English opening,0.0000,1,0,0.09653,0,0,Chase
352.458,0.000,Full real-time English opening,0.0000,1,0,0.06893,0,0,Chase
352.563,0.000,Full real-time English opening,0.0000,1,0,0.08100,0,0,Chase
352.665,0.000,Full real-time English opening,0.0000,1,0,0.10115,0,0,Chase
352.772,0.000,Full real-time English opening,0.0000,1,0,0.05118,0,0,Chase
352.876,0.000,Full real-time English opening,0.0000,1,0,0.00381,0,0,Chase
352.983,0.000,Full real-time English opening,0.0000,1,0,0.04855,0,0,Chase
353.090,0.000,Full real-time English opening,0.0000,1,0,0.00624,0,0,Chase
353.196,0.000,Full real-time English opening,0.0000,1,0,0.01233,0,0,Chase
353.296,0.000,Full real-time English opening,0.0000,1,0,0.03526,0,0,Chase
353.398,0.000,Full real-time English opening,0.0000,1,0,0.09665,0,0,Chase
353.498,0.000,Full real-time English opening,0.0000,1,0,0.08743,0,0,Chase
353.607,0.000,Full real-time English opening,0.0000,1,0,0.00262,0,0,Chase
353.713,0.000,Full real-time English opening,0.0000,1,0,0.02229,0,0,Chase
353.820,0.000,Full real-time English opening,0.0000,1,0,0.11657,0,0,Chase
353.920,0.000,Full real-time English opening,0.0000,1,0,0.01620,0,0,Chase
354.021,0.000,Full real-time English opening,0.0000,1,0,0.12689,0,0,Chase
354.129,0.000,Full real-time English opening,0.0000,1,0,0.01029,0,0,Chase
354.230,0.000,Full real-time English opening,0.0000,1,0,0.01873,0,0,Chase
354.340,0.000,Full real-time English opening,0.0000,1,0,0.10496,0,0,Chase
354.443,0.000,Full real-time English opening,0.0000,1,0,0.02786,0,0,Chase
354.550,0.000,Full real-time English opening,0.0000,1,0,0.04704,0,0,Chase
354.657,0.000,Full real-time English opening,0.0000,1,0,0.00879,0,0,Chase
354.760,0.000,Full real-time English opening,0.0000,1,0,0.08637,0,0,Chase
354.867,0.000,Full real-time English opening,0.0000,1,0,0.06182,0,0,Chase
354.976,0.000,Full real-time English opening,0.0000,1,0,0.06072,0,0,Chase
355.083,0.000,Full real-time English opening,0.0000,1,0,0.00013,0,0,Chase
355.187,0.000,Full real-time English opening,0.0000,1,0,0.00767,0,0,Chase
355.292,0.000,Full real-time English opening,0.0000,1,0,0.00188,0,0,Chase
355.394,0.000,Full real-time English opening,0.0000,1,0,0.00035,0,0,Chase
355.495,0.000,Full real-time English opening,0.0000,1,0,0.00004,0,0,Chase
355.598,0.000,Full real-time English opening,0.0000,1,0,0.00003,0,0,Chase
355.699,0.000,Full real-time English opening,0.0000,1,0,0.00004,0,0,Chase
355.799,0.000,Full real-time English opening,0.0000,1,0,0.10331,0,0,Chase
355.900,0.000,Full real-time English opening,0.0000,1,0,0.11127,0,0,Chase
356.009,0.000,Full real-time English opening,0.0000,1,0,0.07577,0,0,Chase
356.113,0.000,Full real-time English opening,0.0000,1,0,0.08510,0,0,Chase
356.214,0.000,Full real-time English opening,0.0000,1,0,0.05798,0,0,Chase
356.316,0.000,Full real-time English opening,0.0000,1,0,0.08690,0,0,Chase
356.427,0.000,Full real-time English opening,0.0000,1,0,0.07332,0,0,Chase
356.529,0.000,Full real-time English opening,0.0000,1,0,0.10229,0,0,Chase
356.634,0.000,Full real-time English opening,0.0000,1,0,0.01896,0,0,Chase
356.736,0.000,Full real-time English opening,0.0000,1,0,0.12827,0,0,Chase
356.843,0.000,Full real-time English opening,0.0000,1,0,0.00015,0,0,Chase
356.951,0.000,Full real-time English opening,0.0000,1,0,0.08945,0,0,Chase
357.055,0.000,Full real-time English opening,0.0000,1,0,0.06032,0,0,Chase
357.158,0.000,Full real-time English opening,0.0000,1,0,0.05900,0,0,Chase
357.259,0.000,Full real-time English opening,0.0000,1,0,0.10118,0,0,Chase
357.363,0.000,Full real-time English opening,0.0000,1,0,0.00211,0,0,Chase
357.467,0.000,Full real-time English opening,0.0000,1,0,0.00839,0,0,Chase
357.572,0.000,Full real-time English opening,0.0000,1,0,0.07661,0,0,Chase
357.674,0.000,Full real-time English opening,0.0000,1,0,0.00958,0,0,Chase
357.777,0.000,Full real-time English opening,0.0000,1,0,0.11409,0,0,Chase
357.881,0.000,Full real-time English opening,0.0000,1,0,0.09035,0,0,Chase
357.986,0.000,Full real-time English opening,0.0000,1,0,0.07648,0,0,Chase
358.091,0.000,Full real-time English opening,0.0000,1,0,0.05959,0,0,Chase
358.196,0.000,Full real-time English opening,0.0000,1,0,0.00383,0,0,Chase
358.305,0.000,Full real-time English opening,0.0000,1,0,0.07413,0,0,Chase
358.410,0.000,Full real-time English opening,0.0000,1,0,0.00299,0,0,Chase
358.516,0.000,Full real-time English opening,0.0000,1,0,0.00183,0,0,Chase
358.626,0.000,Full real-time English opening,0.0000,1,0,0.03100,0,0,Chase
358.732,0.000,Full real-time English opening,0.0000,1,0,0.03760,0,0,Chase
358.836,0.000,Full real-time English opening,0.0000,1,0,0.02165,0,0,Chase
358.940,0.000,Full real-time English opening,0.0000,1,0,0.02791,0,0,Chase
359.049,0.000,Full real-time English opening,0.0000,1,0,0.00005,0,0,Chase
359.151,0.000,Full real-time English opening,0.0000,1,0,0.00007,0,0,Chase
359.252,0.000,Full real-time English opening,0.0000,1,0,0.00002,0,0,Chase
359.357,0.000,Full real-time English opening,0.0000,1,0,0.01517,0,0,Chase
359.463,0.000,Full real-time English opening,0.0000,1,0,0.01324,0,0,Chase
359.567,0.000,Full real-time English opening,0.0000,0,0,0.00000,0,0,Chase
359.672,0.000,Full real-time English opening,0.0000,0,0,0.00000,0,0,Chase
359.777,0.000,Full real-time English opening,0.0000,1,0,0.02149,0,0,Chase
359.880,0.000,Full real-time English opening,0.0000,1,0,0.01596,0,0,Chase
359.981,0.000,Full real-time English opening,0.0000,1,0,0.00115,0,0,Chase
360.089,0.000,Full real-time English opening,0.0000,1,0,0.00210,0,0,Chase
360.198,0.000,Full real-time English opening,0.0000,1,0,0.01302,0,0,Chase
360.300,0.000,Full real-time English opening,0.0000,1,0,0.08070,0,0,Chase
360.404,0.000,Full real-time English opening,0.0000,1,0,0.04788,0,0,Chase
360.508,0.000,Full real-time English opening,0.0000,1,0,0.11020,0,0,Chase
360.608,0.000,Full real-time English opening,0.0000,1,0,0.12614,0,0,Chase
360.717,0.000,Full real-time English opening,0.0000,1,0,0.07557,0,0,Chase
360.818,0.000,Full real-time English opening,0.0000,1,0,0.02261,0,0,Chase
360.922,0.000,Full real-time English opening,0.0000,1,0,0.09606,0,0,Chase
361.025,0.000,Full real-time English opening,0.0000,1,0,0.00931,0,0,Chase
361.132,0.000,Full real-time English opening,0.0000,1,0,0.05441,0,0,Chase
361.237,0.000,Full real-time English opening,0.0000,1,0,0.01471,0,0,Chase
361.341,0.000,Full real-time English opening,0.0000,1,0,0.05870,0,0,Chase
361.447,0.000,Full real-time English opening,0.0000,1,0,0.00179,0,0,Chase
361.549,0.000,Full real-time English opening,0.0000,1,0,0.13776,0,0,Chase
361.652,0.000,Full real-time English opening,0.0000,1,0,0.07851,0,0,Chase
361.759,0.000,Full real-time English opening,0.0000,1,0,0.02276,0,0,Chase
361.864,0.000,Full real-time English opening,0.0000,1,0,0.00172,0,0,Chase
361.969,0.000,Full real-time English opening,0.0000,1,0,0.00086,0,0,Chase
362.075,0.000,Full real-time English opening,0.0000,1,0,0.00113,0,0,Chase
362.183,0.000,Full real-time English opening,0.0000,1,0,0.15519,0,0,Chase
362.287,0.000,Full real-time English opening,0.0000,1,0,0.07203,0,0,Chase
362.390,0.000,Full real-time English opening,0.0000,1,0,0.00053,0,0,Chase
362.498,0.000,Full real-time English opening,0.0000,1,0,0.03093,0,0,Chase
362.607,0.000,Full real-time English opening,0.0000,1,0,0.07115,0,0,Chase
362.715,0.000,Full real-time English opening,0.0000,1,0,0.05257,0,0,Chase
362.815,0.000,Full real-time English opening,0.0000,1,0,0.00169,0,0,Chase
362.918,0.000,Full real-time English opening,0.0000,1,0,0.16668,0,0,Chase
363.022,0.000,Full real-time English opening,0.0000,1,0,0.10328,0,0,Chase
363.130,0.000,Full real-time English opening,0.0000,1,0,0.00995,0,0,Chase
363.231,0.000,Full real-time English opening,0.0000,1,0,0.05714,0,0,Chase
363.331,0.000,Full real-time English opening,0.0000,1,0,0.11402,0,0,Chase
363.432,0.000,Full real-time English opening,0.0000,1,0,0.03937,0,0,Chase
363.540,0.000,Full real-time English opening,0.0000,1,0,0.05529,0,0,Chase
363.646,0.000,Full real-time English opening,0.0000,1,0,0.00123,0,0,Chase
363.748,0.000,Full real-time English opening,0.0000,1,0,0.00082,0,0,Chase
363.850,0.000,Full real-time English opening,0.0000,1,0,0.08901,0,0,Chase
363.954,0.000,Full real-time English opening,0.0000,1,0,0.04546,0,0,Chase
364.055,0.000,Full real-time English opening,0.0000,1,0,0.04095,0,0,Chase
364.161,0.000,Full real-time English opening,0.0000,1,0,0.01001,0,0,Chase
364.268,0.000,Full real-time English opening,0.0000,1,0,0.00800,0,0,Chase
364.375,0.000,Full real-time English opening,0.0000,1,0,0.00059,0,0,Chase
364.478,0.000,Full real-time English opening,0.0000,1,0,0.04412,0,0,Chase
364.586,0.000,Full real-time English opening,0.0000,1,0,0.03942,0,0,Chase
364.689,0.000,Full real-time English opening,0.0000,1,0,0.02123,0,0,Chase
364.789,0.000,Full real-time English opening,0.0000,1,0,0.00373,0,0,Chase
364.897,0.000,Full real-time English opening,0.0000,1,0,0.00119,0,0,Chase
365.002,0.000,Full real-time English opening,0.0000,1,0,0.00190,0,0,Chase
365.106,0.000,Full real-time English opening,0.0000,1,0,0.09242,0,0,Chase
365.215,0.000,Full real-time English opening,0.0000,1,0,0.04948,0,0,Chase
365.322,0.000,Full real-time English opening,0.0000,1,0,0.04291,0,0,Chase
365.429,0.000,Full real-time English opening,0.0000,1,0,0.01375,0,0,Chase
365.537,0.000,Full real-time English opening,0.0000,1,0,0.01750,0,0,Chase
365.639,0.000,Full real-time English opening,0.0000,1,0,0.10407,0,0,Chase
365.745,0.000,Full real-time English opening,0.0000,1,0,0.01849,0,0,Chase
365.851,0.000,Full real-time English opening,0.0000,1,0,0.00096,0,0,Chase
365.955,0.000,Full real-time English opening,0.0000,1,0,0.00214,0,0,Chase
366.056,0.000,Full real-time English opening,0.0000,1,0,0.00119,0,0,Chase
366.156,0.000,Full real-time English opening,0.0000,1,0,0.00115,0,0,Chase
366.258,0.000,Full real-time English opening,0.0000,1,0,0.05708,0,0,Chase
366.361,0.000,Full real-time English opening,0.0000,1,0,0.17059,0,0,Chase
366.470,0.000,Full real-time English opening,0.0000,1,0,0.14733,0,0,Chase
366.574,0.000,Full real-time English opening,0.0000,1,0,0.07916,0,0,Chase
366.678,0.000,Full real-time English opening,0.0000,1,0,0.00888,0,0,Chase
366.779,0.000,Full real-time English opening,0.0000,1,0,0.07576,0,0,Chase
366.881,0.000,Full real-time English opening,0.0000,1,0,0.00100,0,0,Chase
366.986,0.000,Full real-time English opening,0.0000,1,0,0.14385,0,0,Chase
367.092,0.000,Full real-time English opening,0.0000,1,0,0.04632,0,0,Chase
367.195,0.000,Full real-time English opening,0.0000,1,0,0.05256,0,0,Chase
367.299,0.000,Full real-time English opening,0.0000,1,0,0.00825,0,0,Chase
367.406,0.000,Full real-time English opening,0.0000,1,0,0.10391,0,0,Chase
367.511,0.000,Full real-time English opening,0.0000,1,0,0.12812,0,0,Chase
367.617,0.000,Full real-time English opening,0.0000,1,0,0.07957,0,0,Chase
367.718,0.000,Full real-time English opening,0.0000,1,0,0.02893,0,0,Chase
367.821,0.000,Full real-time English opening,0.0000,1,0,0.00096,0,0,Chase
367.922,0.000,Full real-time English opening,0.0000,1,0,0.00109,0,0,Chase
368.032,0.000,Full real-time English opening,0.0000,1,0,0.00114,0,0,Chase
368.136,0.000,Full real-time English opening,0.0000,1,0,0.17628,0,0,Chase
368.239,0.000,Full real-time English opening,0.0000,1,0,0.00092,0,0,Chase
368.345,0.000,Full real-time English opening,0.0000,1,0,0.00135,0,0,Chase
368.449,0.000,Full real-time English opening,0.0000,1,0,0.06540,0,0,Chase
368.556,0.000,Full real-time English opening,0.0000,1,0,0.01681,0,0,Chase
368.657,0.000,Full real-time English opening,0.0000,1,0,0.00326,0,0,Chase
368.762,0.000,Full real-time English opening,0.0000,1,0,0.00113,0,0,Chase
368.863,0.000,Full real-time English opening,0.0000,1,0,0.13349,0,0,Chase
368.969,0.000,Full real-time English opening,0.0000,1,0,0.07048,0,0,Chase
369.076,0.000,Full real-time English opening,0.0000,1,0,0.02909,0,0,Chase
369.177,0.000,Full real-time English opening,0.0000,1,0,0.01703,0,0,Chase
369.282,0.000,Full real-time English opening,0.0000,1,0,0.00117,0,0,Chase
369.385,0.000,Full real-time English opening,0.0000,1,0,0.09192,0,0,Chase
369.491,0.000,Full real-time English opening,0.0000,1,0,0.00189,0,0,Chase
369.598,0.000,Full real-time English opening,0.0000,1,0,0.11215,0,0,Chase
369.700,0.000,Full real-time English opening,0.0000,1,0,0.06717,0,0,Chase
369.801,0.000,Full real-time English opening,0.0000,1,0,0.04517,0,0,Chase
369.903,0.000,Full real-time English opening,0.0000,1,0,0.11911,0,0,Chase
370.009,0.000,Full real-time English opening,0.0000,1,0,0.10934,0,0,Chase
370.109,0.000,Full real-time English opening,0.0000,1,0,0.00104,0,0,Chase
370.210,0.000,Full real-time English opening,0.0000,1,0,0.02329,0,0,Chase
370.314,0.000,Full real-time English opening,0.0000,1,0,0.07457,0,0,Chase
370.419,0.000,Full real-time English opening,0.0000,1,0,0.01739,0,0,Chase
370.525,0.000,Full real-time English opening,0.0000,1,0,0.11667,0,0,Chase
370.629,0.000,Full real-time English opening,0.0000,1,0,0.06438,0,0,Chase
370.733,0.000,Full real-time English opening,0.0000,1,0,0.04029,0,0,Chase
370.837,0.000,Full real-time English opening,0.0000,1,0,0.00080,0,0,Chase
370.941,0.000,Full real-time English opening,0.0000,1,0,0.00099,0,0,Chase
371.048,0.000,Full real-time English opening,0.0000,1,0,0.00115,0,0,Chase
371.149,0.000,Full real-time English opening,0.0000,1,0,0.00108,0,0,Chase
371.253,0.000,Full real-time English opening,0.0000,1,0,0.01478,0,0,Chase
371.360,0.000,Full real-time English opening,0.0000,1,0,0.01318,0,0,Chase
371.461,0.000,Full real-time English opening,0.0000,0,0,0.00000,0,0,Chase
371.579,0.000,Full real-time English opening,0.0000,1,0,0.00000,0,0,Chase
371.683,0.000,Full real-time English opening,0.0000,1,0,0.02160,0,0,Chase
371.786,0.000,Full real-time English opening,0.0000,1,0,0.00112,0,0,Chase
371.887,0.000,Full real-time English opening,0.0000,1,0,0.00102,0,0,Chase
371.995,0.000,Full real-time English opening,0.0000,1,0,0.00108,0,0,Chase
372.101,0.000,Full real-time English opening,0.0000,1,0,0.00115,0,0,Chase
372.206,0.000,Full real-time English opening,0.0000,1,0,0.17135,0,0,Chase
372.311,0.000,Full real-time English opening,0.0000,1,0,0.00042,0,0,Chase
372.411,0.000,Full real-time English opening,0.0000,1,0,0.09145,0,0,Chase
372.512,0.000,Full real-time English opening,0.0000,1,0,0.03651,0,0,Chase
372.621,0.000,Full real-time English opening,0.0000,1,0,0.00121,0,0,Chase
372.731,0.000,Full real-time English opening,0.0000,1,0,0.11779,0,0,Chase
372.834,0.000,Full real-time English opening,0.0000,1,0,0.10861,0,0,Chase
372.938,0.000,Full real-time English opening,0.0000,1,0,0.12532,0,0,Chase
373.042,0.000,Full real-time English opening,0.0000,1,0,0.06441,0,0,Chase
373.143,0.000,Full real-time English opening,0.0000,1,0,0.03853,0,0,Chase
373.248,0.000,Full real-time English opening,0.0000,1,0,0.10226,0,0,Chase
373.349,0.000,Full real-time English opening,0.0000,1,0,0.15761,0,0,Chase
373.453,0.000,Full real-time English opening,0.0000,1,0,0.01417,0,0,Chase
373.560,0.000,Full real-time English opening,0.0000,1,0,0.14843,0,0,Chase
373.663,0.000,Full real-time English opening,0.0000,1,0,0.12036,0,0,Chase
373.767,0.000,Full real-time English opening,0.0000,1,0,0.01661,0,0,Chase
373.875,0.000,Full real-time English opening,0.0000,1,0,0.12957,0,0,Chase
373.981,0.000,Full real-time English opening,0.0000,1,0,0.13685,0,0,Chase
374.083,0.000,Full real-time English opening,0.0000,1,0,0.01319,0,0,Chase
374.183,0.000,Full real-time English opening,0.0000,1,0,0.01065,0,0,Chase
374.289,0.000,Full real-time English opening,0.0000,1,0,0.00075,0,0,Chase
374.390,0.000,Full real-time English opening,0.0000,1,0,0.00113,0,0,Chase
374.495,0.000,Full real-time English opening,0.0000,1,0,0.02595,0,0,Chase
374.603,0.000,Full real-time English opening,0.0000,1,0,0.09738,0,0,Chase
374.704,0.000,Full real-time English opening,0.0000,1,0,0.03121,0,0,Chase
374.810,0.000,Full real-time English opening,0.0000,1,0,0.10151,0,0,Chase
374.916,0.000,Full real-time English opening,0.0000,1,0,0.02367,0,0,Chase
375.022,0.000,Full real-time English opening,0.0000,1,0,0.00099,0,0,Chase
375.123,0.000,Full real-time English opening,0.0000,1,0,0.13187,0,0,Chase
375.227,0.000,Full real-time English opening,0.0000,1,0,0.00047,0,0,Chase
375.332,0.000,Full real-time English opening,0.0000,1,0,0.12166,0,0,Chase
375.437,0.000,Full real-time English opening,0.0000,1,0,0.00038,0,0,Chase
375.542,0.000,Full real-time English opening,0.0000,1,0,0.00683,0,0,Chase
375.649,0.000,Full real-time English opening,0.0000,1,0,0.09914,0,0,Chase
375.754,0.000,Full real-time English opening,0.0000,1,0,0.09433,0,0,Chase
375.857,0.000,Full real-time English opening,0.0000,1,0,0.00159,0,0,Chase
375.962,0.000,Full real-time English opening,0.0000,1,0,0.00114,0,0,Chase
376.069,0.000,Full real-time English opening,0.0000,1,0,0.00109,0,0,Chase
376.170,0.000,Full real-time English opening,0.0000,1,0,0.00126,0,0,Chase
376.276,0.000,Full real-time English opening,0.0000,1,0,0.14976,0,0,Chase
376.381,0.000,Full real-time English opening,0.0000,1,0,0.09603,0,0,Chase
376.481,0.000,Full real-time English opening,0.0000,1,0,0.05104,0,0,Chase
376.581,0.000,Full real-time English opening,0.0000,1,0,0.15470,0,0,Chase
376.685,0.000,Full real-time English opening,0.0000,1,0,0.05219,0,0,Chase
376.788,0.000,Full real-time English opening,0.0000,1,0,0.14092,0,0,Chase
376.894,0.000,Full real-time English opening,0.0000,1,0,0.01644,0,0,Chase
376.999,0.000,Full real-time English opening,0.0000,1,0,0.11503,0,0,Chase
377.102,0.000,Full real-time English opening,0.0000,1,0,0.10508,0,0,Chase
377.209,0.000,Full real-time English opening,0.0000,1,0,0.00228,0,0,Chase
377.311,0.000,Full real-time English opening,0.0000,1,0,0.00066,0,0,Chase
377.414,0.000,Full real-time English opening,0.0000,1,0,0.01856,0,0,Chase
377.520,0.000,Full real-time English opening,0.0000,1,0,0.10081,0,0,Chase
377.628,0.000,Full real-time English opening,0.0000,1,0,0.06842,0,0,Chase
377.734,0.000,Full real-time English opening,0.0000,1,0,0.00166,0,0,Chase
377.845,0.000,Full real-time English opening,0.0000,1,0,0.12467,0,0,Chase
377.947,0.000,Full real-time English opening,0.0000,1,0,0.11045,0,0,Chase
378.051,0.000,Full real-time English opening,0.0000,1,0,0.01821,0,0,Chase
378.153,0.000,Full real-time English opening,0.0000,1,0,0.01291,0,0,Chase
378.255,0.000,Full real-time English opening,0.0000,1,0,0.05755,0,0,Chase
378.356,0.000,Full real-time English opening,0.0000,1,0,0.01858,0,0,Chase
378.462,0.000,Full real-time English opening,0.0000,1,0,0.00393,0,0,Chase
378.570,0.000,Full real-time English opening,0.0000,1,0,0.11222,0,0,Chase
378.675,0.000,Full real-time English opening,0.0000,1,0,0.01082,0,0,Chase
378.780,0.000,Full real-time English opening,0.0000,1,0,0.05092,0,0,Chase
378.884,0.000,Full real-time English opening,0.0000,1,0,0.02752,0,0,Chase
378.984,0.000,Full real-time English opening,0.0000,1,0,0.00460,0,0,Chase
379.093,0.000,Full real-time English opening,0.0000,1,0,0.13737,0,0,Chase
379.197,0.000,Full real-time English opening,0.0000,1,0,0.11930,0,0,Chase
379.304,0.000,Full real-time English opening,0.0000,1,0,0.00411,0,0,Chase
379.412,0.000,Full real-time English opening,0.0000,1,0,0.00104,0,0,Chase
379.516,0.000,Full real-time English opening,0.0000,1,0,0.00094,0,0,Chase
379.619,0.000,Full real-time English opening,0.0000,1,0,0.00106,0,0,Chase
379.720,0.000,Full real-time English opening,0.0000,1,0,0.00103,0,0,Chase
379.824,0.000,Full real-time English opening,0.0000,1,0,0.00113,0,0,Chase
379.927,0.000,Full real-time English opening,0.0000,1,0,0.01334,0,0,Chase
380.028,0.000,Full real-time English opening,0.0000,1,0,0.01342,0,0,Chase
380.129,0.000,Full real-time English opening,0.0000,0,0,0.00000,0,0,Chase
380.235,0.000,Full real-time English opening,0.0000,1,0,0.02108,0,0,Chase
380.336,0.000,Full real-time English opening,0.0000,1,0,0.02160,0,0,Chase
380.437,0.000,Full real-time English opening,0.0000,1,0,0.00112,0,0,Chase
380.540,0.000,Full real-time English opening,0.0000,1,0,0.00103,0,0,Chase
380.643,0.000,Full real-time English opening,0.0000,1,0,0.01634,0,0,Chase
380.746,0.000,Full real-time English opening,0.0000,1,0,0.01004,0,0,Chase
380.847,0.000,Full real-time English opening,0.0000,1,0,0.01485,0,0,Chase
380.951,0.000,Full real-time English opening,0.0000,1,0,0.00549,0,0,Chase
381.052,0.000,Full real-time English opening,0.0000,1,0,0.00071,0,0,Chase
381.156,0.000,Full real-time English opening,0.0000,1,0,0.08624,0,0,Chase
381.260,0.000,Full real-time English opening,0.0000,1,0,0.02703,0,0,Chase
381.364,0.000,Full real-time English opening,0.0000,1,0,0.02675,0,0,Chase
381.471,0.000,Full real-time English opening,0.0000,1,0,0.09511,0,0,Chase
381.581,0.000,Full real-time English opening,0.0000,1,0,0.08530,0,0,Chase
381.689,0.000,Full real-time English opening,0.0000,1,0,0.01460,0,0,Chase
381.789,0.000,Full real-time English opening,0.0000,1,0,0.00142,0,0,Chase
381.893,0.000,Full real-time English opening,0.0000,1,0,0.00090,0,0,Chase
381.998,0.000,Full real-time English opening,0.0000,1,0,0.00116,0,0,Chase
382.098,0.000,Full real-time English opening,0.0000,1,0,0.01374,0,0,Chase
382.206,0.000,Full real-time English opening,0.0000,1,0,0.11231,0,0,Chase
382.315,0.000,Full real-time English opening,0.0000,1,0,0.07710,0,0,Chase
382.421,0.000,Full real-time English opening,0.0000,1,0,0.01754,0,0,Chase
382.526,0.000,Full real-time English opening,0.0000,1,0,0.01345,0,0,Chase
382.632,0.000,Full real-time English opening,0.0000,1,0,0.01398,0,0,Chase
382.735,0.000,Full real-time English opening,0.0000,1,0,0.11145,0,0,Chase
382.838,0.000,Full real-time English opening,0.0000,1,0,0.02114,0,0,Chase
382.942,0.000,Full real-time English opening,0.0000,1,0,0.11908,0,0,Chase
383.048,0.000,Full real-time English opening,0.0000,1,0,0.00055,0,0,Chase
383.149,0.000,Full real-time English opening,0.0000,1,0,0.00081,0,0,Chase
383.257,0.000,Full real-time English opening,0.0000,1,0,0.06712,0,0,Chase
383.363,0.000,Full real-time English opening,0.0000,1,0,0.02125,0,0,Chase
383.468,0.000,Full real-time English opening,0.0000,1,0,0.00083,0,0,Chase
383.575,0.000,Full real-time English opening,0.0000,1,0,0.08122,0,0,Chase
383.676,0.000,Full real-time English opening,0.0000,1,0,0.08511,0,0,Chase
383.777,0.000,Full real-time English opening,0.0000,1,0,0.04608,0,0,Chase
383.882,0.000,Full real-time English opening,0.0000,1,0,0.11396,0,0,Chase
383.988,0.000,Full real-time English opening,0.0000,1,0,0.03622,0,0,Chase
384.089,0.000,Full real-time English opening,0.0000,1,0,0.08684,0,0,Chase
384.191,0.000,Full real-time English opening,0.0000,1,0,0.07642,0,0,Chase
384.294,0.000,Full real-time English opening,0.0000,1,0,0.05225,0,0,Chase
384.398,0.000,Full real-time English opening,0.0000,1,0,0.00148,0,0,Chase
384.501,0.000,Full real-time English opening,0.0000,1,0,0.00101,0,0,Chase
384.607,0.000,Full real-time English opening,0.0000,1,0,0.00117,0,0,Chase
384.712,0.000,Full real-time English opening,0.0000,1,0,0.05345,0,0,Chase
384.820,0.000,Full real-time English opening,0.0000,1,0,0.14959,0,0,Chase
384.924,0.000,Full real-time English opening,0.0000,1,0,0.02947,0,0,Chase
385.028,0.000,Full real-time English opening,0.0000,1,0,0.12792,0,0,Chase
385.129,0.000,Full real-time English opening,0.0000,1,0,0.13190,0,0,Chase
385.235,0.000,Full real-time English opening,0.0000,1,0,0.01873,0,0,Chase
385.336,0.000,Full real-time English opening,0.0000,1,0,0.11946,0,0,Chase
385.439,0.000,Full real-time English opening,0.0000,1,0,0.08275,0,0,Chase
385.544,0.000,Full real-time English opening,0.0000,1,0,0.06382,0,0,Chase
385.645,0.000,Full real-time English opening,0.0000,1,0,0.02607,0,0,Chase
385.746,0.000,Full real-time English opening,0.0000,1,0,0.09497,0,0,Chase
385.848,0.000,Full real-time English opening,0.0000,1,0,0.06516,0,0,Chase
385.954,0.000,Full real-time English opening,0.0000,1,0,0.00724,0,0,Chase
386.059,0.000,Full real-time English opening,0.0000,1,0,0.00061,0,0,Chase
386.164,0.000,Full real-time English opening,0.0000,1,0,0.00124,0,0,Chase
386.265,0.000,Full real-time English opening,0.0000,1,0,0.00104,0,0,Chase
386.371,0.000,Full real-time English opening,0.0000,1,0,0.15747,0,0,Chase
386.476,0.000,Full real-time English opening,0.0000,1,0,0.11293,0,0,Chase
386.584,0.000,Full real-time English opening,0.0000,1,0,0.00773,0,0,Chase
386.690,0.000,Full real-time English opening,0.0000,1,0,0.00189,0,0,Chase
386.791,0.000,Full real-time English opening,0.0000,1,0,0.12178,0,0,Chase
386.892,0.000,Full real-time English opening,0.0000,1,0,0.12048,0,0,Chase
386.992,0.000,Full real-time English opening,0.0000,1,0,0.05027,0,0,Chase
387.100,0.000,Full real-time English opening,0.0000,1,0,0.09603,0,0,Chase
387.201,0.000,Full real-time English opening,0.0000,1,0,0.08916,0,0,Chase
387.308,0.000,Full real-time English opening,0.0000,1,0,0.01105,0,0,Chase
387.414,0.000,Full real-time English opening,0.0000,1,0,0.00285,0,0,Chase
387.521,0.000,Full real-time English opening,0.0000,1,0,0.00096,0,0,Chase
387.623,0.000,Full real-time English opening,0.0000,1,0,0.00107,0,0,Chase
387.730,0.000,Full real-time English opening,0.0000,1,0,0.00112,0,0,Chase
387.835,0.000,Full real-time English opening,0.0000,1,0,0.00091,0,0,Chase
387.937,0.000,Full real-time English opening,0.0000,1,0,0.00113,0,0,Chase
388.039,0.000,Full real-time English opening,0.0000,1,0,0.13163,0,0,Chase
388.145,0.000,Full real-time English opening,0.0000,1,0,0.08912,0,0,Chase
388.250,0.000,Full real-time English opening,0.0000,1,0,0.00481,0,0,Chase
388.353,0.000,Full real-time English opening,0.0000,1,0,0.06395,0,0,Chase
388.455,0.000,Full real-time English opening,0.0000,1,0,0.02819,0,0,Chase
388.555,0.000,Full real-time English opening,0.0000,1,0,0.04951,0,0,Chase
388.656,0.000,Full real-time English opening,0.0000,1,0,0.01828,0,0,Chase
388.761,0.000,Full real-time English opening,0.0000,1,0,0.01042,0,0,Chase
388.866,0.000,Full real-time English opening,0.0000,1,0,0.00387,0,0,Chase
388.970,0.000,Full real-time English opening,0.0000,1,0,0.00107,0,0,Chase
389.077,0.000,Full real-time English opening,0.0000,1,0,0.00608,0,0,Chase
389.179,0.000,Full real-time English opening,0.0000,1,0,0.01168,0,0,Chase
389.284,0.000,Full real-time English opening,0.0000,1,0,0.02964,0,0,Chase
389.385,0.000,Full real-time English opening,0.0000,1,0,0.00912,0,0,Chase
389.490,0.000,Full real-time English opening,0.0000,1,0,0.05265,0,0,Chase
389.592,0.000,Full real-time English opening,0.0000,1,0,0.00073,0,0,Chase
389.700,0.000,Full real-time English opening,0.0000,1,0,0.06751,0,0,Chase
389.800,0.000,Full real-time English opening,0.0000,1,0,0.00090,0,0,Chase
389.900,0.000,Full real-time English opening,0.0000,1,0,0.07887,0,0,Chase
390.002,0.000,Full real-time English opening,0.0000,1,0,0.02657,0,0,Chase
390.102,0.000,Full real-time English opening,0.0000,1,0,0.00097,0,0,Chase
390.207,0.000,Full real-time English opening,0.0000,1,0,0.00101,0,0,Chase
390.312,0.000,Full real-time English opening,0.0000,1,0,0.00112,0,0,Chase
390.415,0.000,Full real-time English opening,0.0000,1,0,0.00097,0,0,Chase
390.521,0.000,Full real-time English opening,0.0000,1,0,0.00111,0,0,Chase
390.621,0.000,Full real-time English opening,0.0000,1,0,0.02710,0,0,Chase
390.721,0.000,Full real-time English opening,0.0000,1,0,0.04827,0,0,Chase
390.829,0.000,Full real-time English opening,0.0000,1,0,0.01750,0,0,Chase
390.932,0.000,Full real-time English opening,0.0000,1,0,0.00295,0,0,Chase
391.037,0.000,Full real-time English opening,0.0000,1,0,0.00207,0,0,Chase
391.143,0.000,Full real-time English opening,0.0000,1,0,0.02031,0,0,Chase
391.246,0.000,Full real-time English opening,0.0000,1,0,0.01001,0,0,Chase
391.352,0.000,Full real-time English opening,0.0000,1,0,0.01097,0,0,Chase
391.456,0.000,Full real-time English opening,0.0000,1,0,0.00245,0,0,Chase
391.563,0.000,Full real-time English opening,0.0000,1,0,0.02936,0,0,Chase
391.665,0.000,Full real-time English opening,0.0000,1,0,0.01154,0,0,Chase
391.766,0.000,Full real-time English opening,0.0000,1,0,0.00852,0,0,Chase
391.873,0.000,Full real-time English opening,0.0000,1,0,0.00181,0,0,Chase
391.974,0.000,Full real-time English opening,0.0000,1,0,0.00086,0,0,Chase
392.078,0.000,Full real-time English opening,0.0000,1,0,0.00111,0,0,Chase
392.182,0.000,Full real-time English opening,0.0000,1,0,0.00105,0,0,Chase
392.282,0.000,Full real-time English opening,0.0000,1,0,0.01488,0,0,Chase
392.387,0.000,Full real-time English opening,0.0000,1,0,0.01321,0,0,Chase
392.493,0.000,Full real-time English opening,0.0000,0,0,0.00000,0,0,Chase
392.595,0.000,Full real-time English opening,0.0000,0,0,0.00000,0,0,Chase
392.700,0.000,Full real-time English opening,0.0000,0,0,0.00000,0,0,Chase
392.803,0.000,Full real-time English opening,0.0000,0,0,0.00000,0,0,Chase
