phase,frame,renderedFrameMs,mainThreadMs,gcAllocatedBytes,focused,destroyed,effects
Near,0,4.3526999652385712,4.0677,12665,1,0,0
Near,1,6.2473993748426437,4.886,12613,1,0,0
Near,2,5.9858984313905239,5.7003,12613,1,0,0
Near,3,6.3588009215891361,7.6912,12613,1,0,0
Near,4,6.0001984238624573,5.6934,12613,1,0,0
Near,5,6.1933035030961037,5.2183,12613,1,0,0
Near,6,7.619097363203764,9.0152,12613,1,0,0
Near,7,4.6672974713146687,5.1162,12613,1,0,0
Near,8,6.2949052080512047,4.8441,12613,1,0,0
Near,9,5.9309951029717922,5.6553,12613,1,0,0
Near,10,6.2876064330339432,5.6524,12613,1,0,0
Near,11,6.1564981006085873,7.9715,12613,1,0,0
Near,12,6.3354023732244968,5.3671,12613,1,0,0
Near,13,6.6156960092484951,5.4784,12613,1,0,0
Near,14,5.6754038669168949,7.5222,12613,1,0,0
Near,15,6.0807964764535427,4.99,12613,1,0,0
Near,16,6.1657028272747993,7.8065,12701,1,0,0
Near,17,6.1446004547178745,4.1843,12613,1,0,0
Near,18,6.1922972090542316,7.2119,12613,1,0,0
Near,19,6.10559806227684,5.3659,12613,1,0,0
Near,20,6.1718039214611053,6.9249,12613,1,0,0
Near,21,6.0993977822363377,6.1982,25715,1,0,0
Near,22,13.428599573671818,5.0887,12613,1,0,0
Near,23,5.2313986234366894,14.0281,12613,1,0,0
Near,24,6.1133005656301975,4.8837,12613,1,0,0
Near,25,6.1698979698121548,6.4978,12613,1,0,0
Near,26,6.14500418305397,5.5462,12613,1,0,0
Near,27,6.1135981231927872,6.0457,12613,1,0,0
Near,28,6.1422972939908504,7.5831,12613,1,0,0
Near,29,6.2503046356141567,4.4822,12613,1,0,0
Near,30,6.0537983663380146,6.1749,12613,1,0,0
Near,31,6.2341978773474693,6.1376,12613,1,0,0
Near,32,6.2783020548522472,6.2899,12613,1,0,0
Near,33,6.0005029663443565,6.7654,12665,1,0,0
Near,34,6.1818948015570641,5.9183,12613,1,0,0
Near,35,6.13060500472784,6.9451,12613,1,0,0
Near,36,6.0928994789719582,5.1599,12613,1,0,0
Near,37,6.1360970139503479,5.6992,12613,1,0,0
Near,38,6.346400361508131,7.0763,12613,1,0,0
Near,39,6.148497574031353,5.5999,12613,1,0,0
Near,40,5.9920987114310265,7.2127,12701,1,0,0
Near,41,6.3453018665313721,4.6787,12613,1,0,0
Near,42,6.0733985155820847,7.4627,12613,1,0,0
Near,43,6.0630030930042267,5.4887,12613,1,0,0
Near,44,6.06590136885643,6.239,12613,1,0,0
Near,45,6.1950962990522385,6.2017,12613,1,0,0
Near,46,6.2056053429841995,6.0095,12613,1,0,0
Near,47,6.1414968222379684,6.3954,12613,1,0,0
Near,48,6.1196996830403805,5.3515,12613,1,0,0
Near,49,6.2844031490385532,6.039,12613,1,0,0
Near,50,6.1810943298041821,6.8994,12613,1,0,0
Near,51,6.1117061413824558,6.0182,12613,1,0,0
Near,52,6.1868978664278984,6.0102,12613,1,0,0
Near,53,6.1690970323979855,7.9316,12613,1,0,0
Near,54,6.0553997755050659,4.6241,12613,1,0,0
Near,55,6.14280067384243,5.5146,12613,1,0,0
Near,56,6.1375000514090061,6.1712,12613,1,0,0
Near,57,6.1031035147607327,6.5045,12613,1,0,0
Near,58,6.211401429027319,5.8648,12613,1,0,0
Near,59,6.21649669483304,6.7555,12613,1,0,0
Near,60,6.3902991823852062,5.521,12613,1,0,0
Near,61,5.9597999788820744,6.5981,12613,1,0,0
Near,62,6.0821003280580044,5.7145,12613,1,0,0
Near,63,6.09690323472023,7.1675,12613,1,0,0
Near,64,6.240596529096365,4.6864,12613,1,0,0
Near,65,6.0444017872214317,8.0115,12701,1,0,0
Near,66,6.2250001356005669,4.5581,12665,1,0,0
Near,67,6.0205003246665,6.6871,12613,1,0,0
Near,68,6.1002974398434162,5.5278,12613,1,0,0
Near,69,6.4751985482871532,6.6535,12613,1,0,0
Near,70,6.14280067384243,6.2518,12613,1,0,0
Near,71,5.9150015003979206,6.4006,12613,1,0,0
Near,72,6.2152990140020847,4.8813,12613,1,0,0
Near,73,6.08900235965848,7.1112,12613,1,0,0
Near,74,6.2384000048041344,6.417,12613,1,0,0
Near,75,6.030697375535965,6.2679,12613,1,0,0
Near,76,6.4667020924389362,5.4166,12613,1,0,0
Near,77,6.1062006279826164,7.0789,12613,1,0,0
Near,78,6.0749007388949394,5.1372,12613,1,0,0
Near,79,6.1418013647198677,6.1965,12613,1,0,0
Near,80,6.4059947617352009,6.7749,12613,1,0,0
Near,81,6.0257017612457275,5.6611,12613,1,0,0
Near,82,6.3573978841304779,5.8431,12613,1,0,0
Near,83,5.9352042153477669,6.8666,12613,1,0,0
Near,84,6.21379679068923,5.4277,12613,1,0,0
Near,85,6.06889883056283,6.8142,12613,1,0,0
Near,86,6.2745041213929653,6.4187,12613,1,0,0
Near,87,6.1743976548314095,5.1974,12613,1,0,0
Near,88,6.2410007230937481,6.9569,12613,1,0,0
Near,89,5.9733986854553223,6.2571,12613,1,0,0
Near,90,6.0824048705399036,5.4949,12701,1,0,0
Near,91,6.1968960799276829,6.7049,12613,1,0,0
Near,92,6.1912983655929565,6.4259,12613,1,0,0
Near,93,6.057404913008213,5.5908,12613,1,0,0
Near,94,6.2021967023611069,5.8359,12613,1,0,0
Near,95,6.3051022589206696,6.0866,12613,1,0,0
Near,96,6.0417018830776215,6.9291,12613,1,0,0
Near,97,6.2651997432112694,5.4477,12613,1,0,0
Near,98,6.2544997781515121,5.9384,12613,1,0,0
Near,99,6.2223002314567566,6.9782,12665,1,0,0
Near,100,5.9971939772367477,6.0977,12613,1,0,0
Near,101,6.1593041755259037,6.3355,12613,1,0,0
Near,102,6.18499843403697,6.7124,12613,1,0,0
Near,103,6.138400174677372,5.2465,12613,1,0,0
Near,104,6.131200585514307,6.2193,12613,1,0,0
Near,105,6.1721019446849823,5.8165,12613,1,0,0
Near,106,6.07729610055685,7.2106,12613,1,0,0
Near,107,6.2957056798040867,5.9739,12613,1,0,0
Near,108,6.38399925082922,5.3447,12613,1,0,0
Near,109,5.9258006513118744,7.1404,12613,1,0,0
Near,110,6.2207980081439018,5.7017,12613,1,0,0
Near,111,6.2242983840405941,5.9999,12613,1,0,0
Near,112,6.20209751650691,6.3994,12613,1,0,0
Near,113,6.1080995947122574,6.552,12613,1,0,0
Near,114,6.1414046213030815,5.5832,12613,1,0,0
Near,115,6.0707977972924709,5.5378,12701,1,0,0
Near,116,6.1586024239659309,7.3068,12613,1,0,0
Near,117,6.3222008757293224,6.1216,12613,1,0,0
Near,118,6.3401996158063412,5.4599,12613,1,0,0
Near,119,5.8494969271123409,6.7213,12613,1,0,0
Near,120,6.3649020157754421,5.1821,12613,1,0,0
Near,121,6.0828020796179771,6.9389,12613,1,0,0
Near,122,6.0853953473269939,5.7009,12613,1,0,0
Near,123,6.1553996056318283,6.2496,12613,1,0,0
Near,124,6.1168014071881771,6.6758,12613,1,0,0
Near,125,6.269501056522131,6.1443,12613,1,0,0
Near,126,6.2338011339306831,6.7743,12613,1,0,0
Near,127,6.1532952822744846,5.0328,12613,1,0,0
Near,128,6.1735049821436405,5.937,12613,1,0,0
Near,129,6.0317954048514366,6.7848,12613,1,0,0
Near,130,6.3222008757293224,4.9387,12613,1,0,0
Near,131,5.9994049370288849,7.7589,12613,1,0,0
Near,132,6.1382935382425785,5.252,12665,1,0,0
Near,133,6.1833048239350319,6.5315,12613,1,0,0
Near,134,6.2043014913797379,6.0474,12613,1,0,0
Near,135,6.2178997322916985,5.5664,12613,1,0,0
Near,136,6.2116994522511959,7.1677,12613,1,0,0
Near,137,6.06619892641902,5.5809,12613,1,0,0
Near,138,6.1149024404585361,6.5794,12613,1,0,0
Near,139,6.6594956442713737,5.4261,12613,1,0,0
Near,140,5.7569020427763462,6.6492,12701,1,0,0
Near,141,6.13390002399683,6.7989,12613,1,0,0
Near,142,6.367899477481842,5.362,12613,1,0,0
Near,143,5.991397425532341,6.4911,12613,1,0,0
Near,144,6.123802624642849,6.1972,12613,1,0,0
Near,145,6.2836026772856712,5.846,12613,1,0,0
Near,146,6.1027989722788334,6.0104,12613,1,0,0
Near,147,6.3752974383533,6.2981,12613,1,0,0
Near,148,5.794500932097435,6.3419,12613,1,0,0
Near,149,6.2250001356005669,5.3876,12613,1,0,0
Near,150,6.0520973056554794,6.1946,12613,1,0,0
Near,151,6.2643992714583874,6.1277,12613,1,0,0
Near,152,6.1256024055182934,6.557,12613,1,0,0
Near,153,6.3985968008637428,6.5721,12613,1,0,0
Near,154,5.9318025596439838,5.873,12613,1,0,0
Near,155,6.2523027881979942,5.6018,12613,1,0,0
Near,156,6.1120958998799324,6.4057,12613,1,0,0
Near,157,6.0348003171384335,6.6065,12613,1,0,0
Near,158,6.0783019289374352,5.2082,12613,1,0,0
Near,159,6.2145977281033993,5.7598,12613,1,0,0
Near,160,6.2211025506258011,6.5859,12613,1,0,0
Near,161,6.3250991515815258,6.5312,12613,1,0,0
Near,162,5.9047974646091461,6.7457,12613,1,0,0
Near,163,6.37580081820488,5.7291,12613,1,0,0
Near,164,6.0098003596067429,5.9919,12613,1,0,0
Near,165,6.0870037414133549,5.6049,12753,1,0,0
Near,166,6.3741002231836319,6.6793,12613,1,0,0
Near,167,5.9098000638186932,6.823,12613,1,0,0
Near,168,6.2136976048350334,4.626,12613,1,0,0
Near,169,6.1293011531233788,7.471,12613,1,0,0
Near,170,6.0534011572599411,5.5396,12613,1,0,0
Near,171,6.148497574031353,6.6457,12613,1,0,0
Near,172,6.2194019556045532,5.479,12613,1,0,0
Near,173,6.3242986798286438,6.2943,12613,1,0,0
Near,174,6.0528982430696487,6.6815,12613,1,0,0
Near,175,6.2202028930187225,5.3782,12613,1,0,0
Near,176,6.2589994631707668,6.2316,12613,1,0,0
Near,177,5.978698842227459,7.0168,12613,1,0,0
Near,178,6.368997972458601,5.462,12613,1,0,0
Near,179,5.9959040954709053,6.7799,12613,1,0,0
Near,180,6.4395973458886147,5.9041,12613,1,0,0
Near,181,6.2534012831747532,5.7303,12613,1,0,0
Near,182,5.8727962896227837,7.4036,12613,1,0,0
Near,183,6.3038053922355175,4.6707,12613,1,0,0
Near,184,6.250899750739336,6.9545,12613,1,0,0
Near,185,5.9933955781161785,7.1195,12613,1,0,0
Near,186,6.3307043164968491,5.6869,12613,1,0,0
Near,187,5.9885983355343342,6.7747,12613,1,0,0
Near,188,6.2153981998562813,5.6435,12613,1,0,0
Near,189,6.073100958019495,5.7757,12613,1,0,0
Near,190,6.1724986881017685,6.1073,12701,1,0,0
Near,191,6.1642997898161411,6.097,12613,1,0,0
Near,192,6.2555982731282711,6.32,12613,1,0,0
Near,193,6.241602823138237,5.8096,12613,1,0,0
Near,194,6.03740056976676,7.1069,12613,1,0,0
Near,195,6.1107003130018711,5.227,12613,1,0,0
Near,196,6.1789965257048607,6.5415,12613,1,0,0
Near,197,6.2691043131053448,6.3734,12613,1,0,0
Near,198,6.1660995706915855,5.5556,12665,1,0,0
Near,199,6.1718961223959923,7.2749,12613,1,0,0
Near,200,6.1244047246873379,5.3537,12613,1,0,0
Near,201,6.1451955698430538,5.833,12613,1,0,0
Near,202,6.33560074493289,7.4726,12613,1,0,0
Near,203,6.007801741361618,5.0107,12613,1,0,0
Near,204,6.9205001927912235,5.5906,12613,1,0,0
Near,205,5.5314982309937477,7.817,12613,1,0,0
Near,206,6.0414043255150318,4.9241,12613,1,0,0
Near,207,6.2436931766569614,5.6906,12613,1,0,0
Near,208,6.1397040262818336,6.7314,12613,1,0,0
Near,209,5.9715984389185905,7.1395,12613,1,0,0
Near,210,6.14309823140502,4.862,12613,1,0,0
Near,211,6.2176021747291088,6.185,12613,1,0,0
Near,212,6.2011973932385445,6.2708,12613,1,0,0
Near,213,6.0801021754741669,6.7406,12613,1,0,0
Near,214,6.2743974849581718,5.6598,12613,1,0,0
Near,215,6.1177010647952557,6.746,12701,1,0,0
Near,216,6.0025015845894814,5.4836,12613,1,0,0
Near,217,6.15970091894269,6.8888,12613,1,0,0
Near,218,6.2033021822571754,5.1849,12613,1,0,0
Near,219,6.26709870994091,5.803,12613,1,0,0
Near,220,6.0342969372868538,7.1665,12613,1,0,0
Near,221,6.3660005107522011,5.1343,12613,1,0,0
Near,222,6.0044997371733189,7.4251,12613,1,0,0
Near,223,6.2305978499352932,5.4708,12613,1,0,0
Near,224,6.1857001855969429,5.5348,12613,1,0,0
Near,225,6.2382016330957413,7.4436,12613,1,0,0
Near,226,6.0747023671865463,4.8713,12613,1,0,0
Near,227,6.0156956315040588,7.0736,12613,1,0,0
Near,228,6.4020054414868355,5.6019,12613,1,0,0
Near,229,6.0550947673618793,5.7542,12613,1,0,0
Near,230,6.0234055854380131,7.2666,12613,1,0,0
Near,231,6.2250993214547634,5.066,12665,1,0,0
Near,232,6.1615006998181343,6.0088,12613,1,0,0
Near,233,6.1796982772648335,6.6366,12613,1,0,0
Near,234,6.0333972796797752,6.4187,12613,1,0,0
Near,235,6.2286988832056522,6.6347,12613,1,0,0
Near,236,6.1578019522130489,5.5176,12613,1,0,0
Near,237,6.1740009114146233,6.9473,12613,1,0,0
Near,238,6.2501984648406506,5.2576,12613,1,0,0
Near,239,6.1077028512954712,6.3088,12613,1,0,0
Near,240,6.2831984832882881,6.5342,12701,1,0,0
Near,241,6.0883006080985069,5.3708,12613,1,0,0
Near,242,6.0998015105724335,6.9748,12613,1,0,0
Near,243,6.0419999063014984,5.5725,12613,1,0,0
Near,244,6.4011975191533566,5.9024,12613,1,0,0
Near,245,6.1149024404585361,6.8321,12613,1,0,0
Near,246,6.017396692186594,5.5181,12613,1,0,0
Near,247,6.1685019172728062,6.3258,12613,1,0,0
Near,248,6.0163973830640316,5.9869,12613,1,0,0
Near,249,6.3877054490149021,5.8103,12613,1,0,0
Near,250,6.0879960656166077,6.7595,12613,1,0,0
Near,251,6.0935020446777344,6.4068,12613,1,0,0
Near,252,6.1504961922764778,5.8427,12613,1,0,0
Near,253,6.2378048896789551,5.7561,12613,1,0,0
Near,254,6.230201106518507,6.1485,12613,1,0,0
Near,255,6.2692956998944283,6.5856,12613,1,0,0
Near,256,6.1819017864763737,5.7379,12613,1,0,0
Near,257,6.0527990572154522,6.6669,12613,1,0,0
Near,258,6.1787981539964676,5.5913,12613,1,0,0
Near,259,6.1431052163243294,6.2631,12613,1,0,0
Near,260,6.1253970488905907,6.4574,12613,1,0,0
Near,261,6.3873017206788063,5.5804,12613,1,0,0
Near,262,6.1965985223650932,6.7888,12613,1,0,0
Near,263,5.8831986971199512,6.1704,12613,1,0,0
Near,264,6.1165038496255875,5.7642,12665,1,0,0
Near,265,6.1214994639158249,6.6098,12701,1,0,0
Near,266,6.5579009242355824,5.3344,12613,1,0,0
Near,267,5.8797975070774555,6.5671,12613,1,0,0
Near,268,6.3364016823470592,6.9647,12613,1,0,0
Near,269,6.19990099221468,5.3328,12613,1,0,0
Near,270,5.991397425532341,6.0361,12613,1,0,0
Near,271,6.3613024540245533,6.5793,12613,1,0,0
Near,272,6.1297975480556488,6.2286,12613,1,0,0
Near,273,5.8960034511983395,6.3007,12613,1,0,0
Near,274,6.6305981017649174,5.5035,12613,1,0,0
Near,275,5.8270976878702641,7.1503,12613,1,0,0
Near,276,6.1778980307281017,6.3462,17939,1,0,0
Near,277,9.6800029277801514,6.7478,12613,1,0,0
Near,278,5.98380109295249,10.2542,12613,1,0,0
Near,279,5.4393992759287357,5.51,12613,1,0,0
Near,280,5.7301018387079239,5.6043,12613,1,0,0
Near,281,4.6812994405627251,4.7445,12613,1,0,0
Near,282,6.2431972473859787,3.723,12613,1,0,0
Near,283,6.1499006114900112,7.311,12613,1,0,0
Near,284,6.0880030505359173,5.3225,12613,1,0,0
Near,285,6.1599984765052795,6.0325,12613,1,0,0
Near,286,6.3316966407001019,7.0109,12613,1,0,0
Near,287,5.9616002254188061,5.3734,12613,1,0,0
Near,288,6.2739015556871891,6.2627,12613,1,0,0
Near,289,5.9748017229139805,6.2849,12613,1,0,0
Near,290,6.9100977852940559,5.8672,12701,1,0,0
Near,291,5.5313985794782639,7.1359,12613,1,0,0
Near,292,6.1621032655239105,5.2589,12613,1,0,0
Near,293,6.0667023062705994,7.5959,12613,1,0,0
Near,294,8.5401004180312157,4.415,12613,1,0,0
Near,295,4.72249835729599,9.295,12613,1,0,0
Near,296,5.3536989726126194,4.7733,12665,1,0,0
Near,297,6.0913972556591034,4.9539,12613,1,0,0
Near,298,6.1014029197394848,6.0676,12613,1,0,0
Near,299,6.1474987305700779,6.078,12613,1,0,0
Panorama,0,4.5552011579275131,4.5309,12613,1,0,0
Panorama,1,5.9380033053457737,4.602,12613,1,0,0
Panorama,2,6.3334964215755463,6.101,12613,1,0,0
Panorama,3,6.9306050427258015,6.7301,12613,1,0,0
Panorama,4,6.0991994105279446,7.6465,12613,1,0,0
Panorama,5,6.0603953897953033,4.66,12613,1,0,0
Panorama,6,7.2229024954140186,8.6834,12613,1,0,0
Panorama,7,6.4673963934183121,6.5687,26275,1,0,0
Panorama,8,11.184899136424065,6.1424,12613,1,0,0
Panorama,9,6.0287062078714371,9.8845,12613,1,0,0
Panorama,10,6.2381946481764317,6.2042,12613,1,0,0
Panorama,11,6.1638038605451584,5.8568,12613,1,0,0
Panorama,12,6.0315970331430435,6.7094,12613,1,0,0
Panorama,13,6.3384990207850933,6.8813,12613,1,0,0
Panorama,14,6.0846018604934216,4.9957,12701,1,0,0
Panorama,15,6.1804987490177155,6.0073,12613,1,0,0
Panorama,16,6.2183034606277943,6.4029,12613,1,0,0
Panorama,17,6.3000991940498352,6.3623,12613,1,0,0
Panorama,18,6.0883997939527035,6.3578,12613,1,0,0
Panorama,19,5.9357993304729462,5.1362,12613,1,0,0
Panorama,20,6.3539966940879822,6.6289,12665,1,0,0
Panorama,21,6.1022038571536541,6.4649,12613,1,0,0
Panorama,22,7.5848991982638836,5.4189,12613,1,0,0
Panorama,23,5.6151999160647392,8.8433,12613,1,0,0
Panorama,24,5.2559026516973972,4.2857,12613,1,0,0
Panorama,25,6.2592970207333565,5.5168,12613,1,0,0
Panorama,26,6.0213007964193821,7.331,12613,1,0,0
Panorama,27,6.1464002355933189,4.9134,12613,1,0,0
Panorama,28,6.2151006422936916,6.7822,12613,1,0,0
Panorama,29,6.2893000431358814,5.9905,12613,1,0,0
Panorama,30,6.2393993139266968,7.1473,12613,1,0,0
Panorama,31,6.235501728951931,5.7569,12613,1,0,0
Panorama,32,5.8643990196287632,5.6976,12613,1,0,0
Panorama,33,6.2189982272684574,5.6961,12613,1,0,0
Panorama,34,6.0933036729693413,6.4867,12613,1,0,0
Panorama,35,6.7421980202198029,5.418,12613,1,0,0
Panorama,36,6.1758998781442642,7.8834,12613,1,0,0
Panorama,37,6.1729024164378643,5.7716,12613,1,0,0
Panorama,38,6.3417940400540829,7.2841,12613,1,0,0
Panorama,39,6.0660005547106266,5.0861,12701,1,0,0
Panorama,40,6.4117982983589172,5.7599,12613,1,0,0
Panorama,41,6.0788053087890148,7.1337,12613,1,0,0
Panorama,42,6.0531958006322384,6.0037,12613,1,0,0
Panorama,43,6.1097010038793087,6.4551,12613,1,0,0
Panorama,44,6.2773032113909721,4.9657,12613,1,0,0
Panorama,45,6.0377977788448334,6.2162,12613,1,0,0
Panorama,46,6.2357992865145206,7.1755,12613,1,0,0
Panorama,47,6.1507015489041805,5.0526,12613,1,0,0
Panorama,48,6.1274021863937378,6.5998,12613,1,0,0
Panorama,49,6.2061012722551823,6.5212,12613,1,0,0
Panorama,50,6.0409936122596264,6.0959,12613,1,0,0
Panorama,51,6.1150016263127327,5.4333,12613,1,0,0
Panorama,52,6.1233984306454659,6.8304,12613,1,0,0
Panorama,53,6.1919004656374454,6.4556,12665,1,0,0
Panorama,54,6.1642997898161411,4.8858,12613,1,0,0
Panorama,55,6.1781038530170918,7.1251,12613,1,0,0
Panorama,56,6.19149673730135,5.8528,12613,1,0,0
Panorama,57,6.0265022329986095,6.3955,12613,1,0,0
Panorama,58,6.1318026855587959,6.1653,12613,1,0,0
Panorama,59,6.1562005430459976,5.267,12613,1,0,0
Panorama,60,6.2339995056390762,7.0249,12613,1,0,0
Panorama,61,6.191999651491642,6.1384,12613,1,0,0
Panorama,62,6.0878968797624111,5.7465,12613,1,0,0
Panorama,63,6.8354024551808834,7.9219,12613,1,0,0
Panorama,64,5.5019981227815151,4.4755,12701,1,0,0
Panorama,65,6.4303004182875156,7.1738,12613,1,0,0
Panorama,66,5.9380033053457737,5.1904,12613,1,0,0
Panorama,67,6.3148951157927513,5.9604,12613,1,0,0
Panorama,68,6.0920990072190762,6.2211,12613,1,0,0
Panorama,69,6.2954011373221874,6.3986,12613,1,0,0
Panorama,70,6.7133009433746338,7.7152,12613,1,0,0
Panorama,71,5.5705001577734947,5.1201,12613,1,0,0
Panorama,72,6.1498014256358147,5.4305,12613,1,0,0
Panorama,73,7.3734978213906288,8.5926,12613,1,0,0
Panorama,74,5.7118977420032024,5.7298,12613,1,0,0
Panorama,75,5.9371031820774078,4.68,12613,1,0,0
Panorama,76,6.127798929810524,6.2782,12613,1,0,0
Panorama,77,6.0826032422482967,6.0459,12613,1,0,0
Panorama,78,7.0508997887372971,6.138,12613,1,0,0
Panorama,79,5.3375991992652416,6.7138,12613,1,0,0
Panorama,80,6.9573977962136269,6.4103,12613,1,0,0
Panorama,81,6.0909013263881207,6.7197,12613,1,0,0
Panorama,82,6.081597413867712,4.8925,12613,1,0,0
Panorama,83,6.1955004930496216,6.6006,12613,1,0,0
Panorama,84,6.100999191403389,6.381,12613,1,0,0
Panorama,85,6.62560248747468,7.3383,12613,1,0,0
Panorama,86,5.8009992353618145,5.6733,12665,1,0,0
Panorama,87,6.106299813836813,5.701,12613,1,0,0
Panorama,88,6.29890151321888,6.9313,12613,1,0,0
Panorama,89,6.0891015455126762,4.7234,12701,1,0,0
Panorama,90,6.3735968433320522,6.4587,12613,1,0,0
Panorama,91,5.9333047829568386,6.5819,12613,1,0,0
Panorama,92,6.2755951657891273,5.8271,12613,1,0,0
Panorama,93,6.042099092155695,6.6151,12613,1,0,0
Panorama,94,6.1535998247563839,4.8782,12613,1,0,0
Panorama,95,6.604605820029974,6.5024,12613,1,0,0
Panorama,96,6.4721941016614437,8.351,12613,1,0,0
Panorama,97,5.6579010561108589,4.5944,12613,1,0,0
Panorama,98,6.3222008757293224,6.399,12613,1,0,0
Panorama,99,6.0972999781370163,6.7275,12613,1,0,0
Panorama,100,6.3987034372985363,5.7568,12613,1,0,0
Panorama,101,6.0593960806727409,6.2054,12613,1,0,0
Panorama,102,6.0345027595758438,5.6847,12613,1,0,0
Panorama,103,7.0362952537834644,8.2618,12613,1,0,0
Panorama,104,5.3168013691902161,4.5283,12613,1,0,0
Panorama,105,6.7532029934227467,5.5948,12613,1,0,0
Panorama,106,5.9722010046243668,7.193,12613,1,0,0
Panorama,107,6.2415958382189274,6.1763,12613,1,0,0
Panorama,108,6.2669003382325172,6.8429,12613,1,0,0
Panorama,109,6.0709039680659771,5.6092,12613,1,0,0
Panorama,110,6.3000000081956387,6.5644,12613,1,0,0
Panorama,111,6.0656960122287273,5.8594,12613,1,0,0
Panorama,112,6.1731999740004539,5.8995,12613,1,0,0
Panorama,113,6.1585032381117344,6.2973,12613,1,0,0
Panorama,114,6.1986963264644146,5.3684,12701,1,0,0
Panorama,115,6.02890457957983,6.4231,12613,1,0,0
Panorama,116,6.1913975514471531,6.5753,12613,1,0,0
Panorama,117,6.2142997048795223,6.4811,12613,1,0,0
Panorama,118,6.9481008686125278,7.1794,12613,1,0,0
Panorama,119,5.5664964020252228,5.4702,12665,1,0,0
Panorama,120,7.9630026593804359,8.0404,12613,1,0,0
Panorama,121,5.8913975954055786,6.0039,12613,1,0,0
Panorama,122,5.0704008899629116,5.0238,12613,1,0,0
Panorama,123,6.0916030779480934,5.2559,12613,1,0,0
Panorama,124,6.1164963990449905,6.889,12613,1,0,0
Panorama,125,6.3452026806771755,5.379,12613,1,0,0
Panorama,126,6.2019983306527138,6.7758,12613,1,0,0
Panorama,127,6.268700584769249,5.5333,12613,1,0,0
Panorama,128,6.4146965742111206,7.5105,12613,1,0,0
Panorama,129,6.1492063105106354,5.2591,12613,1,0,0
Panorama,130,6.2752976082265377,6.4548,12613,1,0,0
Panorama,131,5.968799814581871,6.558,12613,1,0,0
Panorama,132,6.3375993631780148,5.0594,12613,1,0,0
Panorama,133,6.3073979690670967,6.5867,12613,1,0,0
Panorama,134,5.9316041879355907,6.4484,12613,1,0,0
Panorama,135,6.242701318114996,5.9996,12613,1,0,0
Panorama,136,6.2617985531687737,6.2576,12613,1,0,0
Panorama,137,6.031497847288847,6.5695,12613,1,0,0
Panorama,138,6.1729024164378643,5.7481,12613,1,0,0
Panorama,139,6.2048966065049171,5.8046,12701,1,0,0
Panorama,140,6.2374998815357685,6.0095,12613,1,0,0
Panorama,141,6.0571003705263138,7.1806,12613,1,0,0
Panorama,142,6.1214994639158249,5.6929,12613,1,0,0
Panorama,143,6.12519821152091,5.9162,12613,1,0,0
Panorama,144,6.2315049581229687,5.6641,12613,1,0,0
Panorama,145,6.2017999589443207,6.0509,12613,1,0,0
Panorama,146,6.0370960272848606,7.3399,12613,1,0,0
Panorama,147,6.4235050231218338,5.6661,12613,1,0,0
Panorama,148,5.9759989380836487,6.0905,12613,1,0,0
Panorama,149,6.1300951056182384,5.8149,12613,1,0,0
Panorama,150,6.750000175088644,7.6659,12613,1,0,0
Panorama,151,5.7119047269225121,5.5382,12613,1,0,0
Panorama,152,6.1342972330749035,5.0804,12665,1,0,0
Panorama,153,6.2159015797078609,6.6566,12613,1,0,0
Panorama,154,6.1255032196640968,5.8502,12613,1,0,0
Panorama,155,6.1072986572980881,6.6195,12613,1,0,0
Panorama,156,7.2499006055295467,7.2346,12613,1,0,0
Panorama,157,5.3023952059447765,5.9449,12613,1,0,0
Panorama,158,6.0790036804974079,5.6149,12613,1,0,0
Panorama,159,6.1776004731655121,6.0963,12613,1,0,0
Panorama,160,6.3627976924180984,5.7187,12613,1,0,0
Panorama,161,5.950000137090683,6.1873,12613,1,0,0
Panorama,162,6.0741002671420574,6.2347,12613,1,0,0
Panorama,163,6.63409847766161,7.0699,12613,1,0,0
Panorama,164,5.9191044420003891,6.1716,12701,1,0,0
Panorama,165,6.1079012230038643,5.5384,12613,1,0,0
Panorama,166,6.2293936498463154,6.2851,12613,1,0,0
Panorama,167,6.1365007422864437,5.6567,12613,1,0,0
Panorama,168,6.4445012249052525,6.9783,12613,1,0,0
Panorama,169,6.01480295881629,6.4496,12613,1,0,0
Panorama,170,6.1670988798141479,4.9106,12613,1,0,0
Panorama,171,6.0738022439181805,6.8323,12613,1,0,0
Panorama,172,6.1095948331058025,5.8922,12613,1,0,0
Panorama,173,6.1964993365108967,5.9316,12613,1,0,0
Panorama,174,6.3316044397652149,5.7571,12613,1,0,0
Panorama,175,6.1141015030443668,6.4302,12613,1,0,0
Panorama,176,6.5726968459784985,7.7099,12613,1,0,0
Panorama,177,5.8246031403541565,5.3747,12613,1,0,0
Panorama,178,6.3558956608176231,5.8942,12613,1,0,0
Panorama,179,6.0415035113692284,6.8715,12613,1,0,0
Panorama,180,6.1810943298041821,4.9275,12613,1,0,0
Panorama,181,7.2263036854565144,8.5588,12613,1,0,0
Panorama,182,5.2949972450733185,4.9167,12613,1,0,0
Panorama,183,6.2163053080439568,5.5559,12613,1,0,0
Panorama,184,6.2332977540791035,6.8439,12613,1,0,0
Panorama,185,6.4296983182430267,6.3156,12665,1,0,0
Panorama,186,6.1459043063223362,6.5845,12613,1,0,0
Panorama,187,5.8559947647154331,5.0682,12613,1,0,0
Panorama,188,6.20809942483902,6.7086,12613,1,0,0
Panorama,189,6.1263036914169788,5.726,12701,1,0,0
Panorama,190,6.1737955547869205,5.8178,12613,1,0,0
Panorama,191,6.1395051889121532,7.1218,12613,1,0,0
Panorama,192,6.2011973932385445,4.6725,12613,1,0,0
Panorama,193,6.3759000040590763,7.0236,12613,1,0,0
Panorama,194,5.9814979322254658,5.9761,12613,1,0,0
Panorama,195,6.4330995082855225,6.3602,12613,1,0,0
Panorama,196,6.2092049047350883,6.0654,12613,1,0,0
Panorama,197,6.055598147213459,6.4115,12613,1,0,0
Panorama,198,7.7408021315932274,8.341,12613,1,0,0
Panorama,199,5.788399837911129,5.961,12613,1,0,0
Panorama,200,7.0429989136755466,6.5197,12613,1,0,0
Panorama,201,6.4225979149341583,6.9119,12613,1,0,0
Panorama,202,5.3281038999557495,5.2824,12613,1,0,0
Panorama,203,6.2403981573879719,6.2256,12613,1,0,0
Panorama,204,5.8152000419795513,5.7496,12613,1,0,0
Panorama,205,5.2716978825628757,5.2485,12613,1,0,0
Panorama,206,6.1250990256667137,5.5856,12613,1,0,0
Panorama,207,6.807603407651186,7.352,12613,1,0,0
Panorama,208,5.9078019112348557,5.7911,12613,1,0,0
Panorama,209,5.872498732060194,5.3885,12613,1,0,0
Panorama,210,6.2054987065494061,5.5247,12613,1,0,0
Panorama,211,6.2143988907337189,6.9951,12613,1,0,0
Panorama,212,6.1213010922074318,6.2883,12613,1,0,0
Panorama,213,6.8176020868122578,6.1498,12613,1,0,0
Panorama,214,5.96939492970705,6.9333,12701,1,0,0
Panorama,215,5.6569017469882965,4.953,12613,1,0,0
Panorama,216,6.3073979690670967,6.0102,12613,1,0,0
Panorama,217,6.1330003663897514,6.7432,12613,1,0,0
Panorama,218,6.1345025897026062,6.2465,12665,1,0,0
Panorama,219,6.1687994748353958,6.1685,12613,1,0,0
Panorama,220,6.1604026705026627,5.777,12613,1,0,0
Panorama,221,6.4229946583509445,6.4171,12613,1,0,0
Panorama,222,6.4764032140374184,7.0225,12613,1,0,0
Panorama,223,5.6190970353782177,5.1536,12613,1,0,0
Panorama,224,6.1339992098510265,5.8831,12613,1,0,0
Panorama,225,6.6274022683501244,7.361,12613,1,0,0
Panorama,226,5.8347010053694248,4.9206,12613,1,0,0
Panorama,227,6.1010983772575855,6.5725,12613,1,0,0
Panorama,228,6.1325044371187687,5.4154,12613,1,0,0
Panorama,229,6.8560941144824028,8.0117,12613,1,0,0
Panorama,230,5.876502487808466,5.7575,12613,1,0,0
Panorama,231,6.1459043063223362,5.4321,12613,1,0,0
Panorama,232,6.2323980964720249,6.978,12613,1,0,0
Panorama,233,5.6589995510876179,4.9735,12613,1,0,0
Panorama,234,6.3572986982762814,6.4802,12613,1,0,0
Panorama,235,6.1519984155893326,5.7111,12613,1,0,0
Panorama,236,6.8077025935053825,6.5073,12613,1,0,0
Panorama,237,82.5520008802414,7.5871,12613,1,0,0
Panorama,238,7.1953018195927143,82.0299,25611,1,0,0
Panorama,239,5.7370960712432861,7.0298,13385,1,0,0
Panorama,240,5.5054067634046078,5.6662,12613,1,0,0
Panorama,241,4.5782951638102531,4.5242,12613,1,0,0
Panorama,242,5.0490009598433971,4.9953,12613,1,0,0
Panorama,243,5.1020975224673748,5.1585,12613,1,0,0
Panorama,244,4.1155046783387661,4.1379,12613,1,0,0
Panorama,245,18.386499956250191,4.4916,12613,1,0,0
Panorama,246,30.784197151660919,19.6216,13385,1,0,0
Panorama,247,9.3407025560736656,30.2881,13385,1,0,0
Panorama,248,15.95270074903965,8.8111,13385,1,0,0
Panorama,249,10.373398661613464,15.9307,13385,1,0,0
Panorama,250,107.24890232086182,10.8672,13385,1,0,0
Panorama,251,40.453799068927765,107.2377,13525,1,0,0
Panorama,252,110.53419858217239,43.4377,35303,1,0,0
Panorama,253,110.27129739522934,111.232,24957,1,0,0
Panorama,254,12.281200848519802,106.9173,13461,1,0,0
Panorama,255,12.397002428770065,14.7096,30027,1,0,0
Panorama,256,11.373094283044338,11.0419,29231,1,0,0
Panorama,257,5.4342048242688179,9.012,13401,1,0,0
Panorama,258,12.947795912623405,5.923,13489,1,0,0
Panorama,259,6.059601902961731,12.9586,17365,1,0,0
Panorama,260,5.8017005212605,5.3751,12613,1,0,0
Panorama,261,9.507802315056324,5.674,12613,1,0,0
Panorama,262,6.2500000931322575,11.5026,12613,1,0,0
Panorama,263,4.5074969530105591,4.681,12613,1,0,0
Panorama,264,4.3562003411352634,4.2139,12613,1,0,0
Panorama,265,5.0534014590084553,5.1218,12613,1,0,0
Panorama,266,5.0565972924232483,5.0773,12613,1,0,0
Panorama,267,4.0534012950956821,4.0364,12613,1,0,0
Panorama,268,5.6547974236309528,4.1282,12613,1,0,0
Panorama,269,6.123504601418972,6.5172,12613,1,0,0
Panorama,270,7.9155964776873589,6.3041,12613,1,0,0
Panorama,271,6.0241990722715855,8.7148,12613,1,0,0
Panorama,272,5.0042020156979561,4.6736,12613,1,0,0
Panorama,273,6.2514031305909157,5.5025,12613,1,0,0
Panorama,274,5.9517999179661274,6.8002,12613,1,0,0
Panorama,275,6.0734977014362812,5.4286,12613,1,0,0
Panorama,276,6.6439979709684849,6.9686,12613,1,0,0
Panorama,277,5.9178005903959274,5.3961,12613,1,0,0
Panorama,278,6.3749998807907104,5.9986,12613,1,0,0
Panorama,279,5.9495037421584129,6.0887,12613,1,0,0
Panorama,280,6.08030054718256,5.7888,12613,1,0,0
Panorama,281,6.4201955683529377,5.927,12613,1,0,0
Panorama,282,6.1669996939599514,6.7061,12613,1,0,0
Panorama,283,6.0402988456189632,5.6212,12701,1,0,0
Panorama,284,6.1737033538520336,6.0134,12665,1,0,0
Panorama,285,6.0854023322463036,6.4231,12613,1,0,0
Panorama,286,6.0009993612766266,6.2803,12613,1,0,0
Panorama,287,6.1788973398506641,5.8247,12613,1,0,0
Panorama,288,6.2881023623049259,5.8016,12613,1,0,0
Panorama,289,6.1196004971861839,7.4972,12613,1,0,0
Panorama,290,6.0265944339334965,5.1935,12613,1,0,0
Panorama,291,6.3055059872567654,7.2538,12613,1,0,0
Panorama,292,6.0888961888849735,5.1583,12613,1,0,0
Panorama,293,6.1560021713376045,6.0338,12613,1,0,0
Panorama,294,6.2874006107449532,7.1935,12613,1,0,0
Panorama,295,5.9548965655267239,5.3596,12613,1,0,0
Panorama,296,6.2732994556427,7.1523,12613,1,0,0
Panorama,297,6.2993057072162628,4.9838,12613,1,0,0
Panorama,298,6.5464992076158524,6.3531,12613,1,0,0
Panorama,299,5.9782951138913631,7.3183,12613,1,0,0
Penetrations,0,20.458199083805084,20.4783,19527,0,1,1
Penetrations,1,7.9254042357206345,8.0614,26835,0,1,1
Penetrations,2,5.8941962197422981,5.7941,12613,0,1,1
Penetrations,3,5.4389028809964657,5.5593,12613,0,1,1
Penetrations,4,5.6701954454183578,5.5031,12613,0,1,1
Penetrations,5,7.8864013776183128,7.9195,12613,0,1,1
Penetrations,6,5.26750274002552,5.2322,12613,0,1,1
Penetrations,7,6.0472008772194386,6.1229,12613,0,1,1
Penetrations,8,6.2737953849136829,6.2211,12613,0,1,1
Penetrations,9,5.8999005705118179,5.858,12613,0,1,1
Penetrations,10,5.9934025630354881,6.0288,12613,0,1,1
Penetrations,11,5.276296753436327,5.3433,12613,0,1,1
Penetrations,12,6.0453019104897976,5.7784,16573,0,2,2
Penetrations,13,6.0530966147780418,6.2966,12613,0,2,2
Penetrations,14,6.888300646096468,6.7562,12613,0,2,2
Penetrations,15,7.3118056170642376,7.4048,12613,0,2,2
Penetrations,16,5.1587941125035286,4.982,12613,0,2,2
Penetrations,17,7.350000087171793,7.1786,18623,0,2,2
Penetrations,18,7.3251063004136086,7.5362,16761,0,2,2
Penetrations,19,5.6412983685731888,5.6836,12613,0,2,2
Penetrations,20,6.6611962392926216,6.6177,12613,0,2,2
Penetrations,21,4.8122024163603783,4.9143,12613,0,2,2
Penetrations,22,6.0438988730311394,5.8307,12613,0,2,2
Penetrations,23,6.243501789867878,6.1118,12613,0,2,2
Penetrations,24,5.3973994217813015,5.6498,16573,0,3,3
Penetrations,25,5.0650015473365784,5.0935,12613,0,3,3
Penetrations,26,5.1094954833388329,5.0524,12613,0,3,3
Penetrations,27,4.4988025911152363,4.5725,12613,0,3,3
Penetrations,28,5.508999340236187,5.4406,12613,0,3,3
Penetrations,29,4.1424036026000977,4.187,12613,0,3,3
Penetrations,30,4.2429990135133266,4.2598,12665,0,3,3
Penetrations,31,5.5033019743859768,4.5165,12613,0,3,3
Penetrations,32,4.4993977062404156,5.4328,12613,0,3,3
Penetrations,33,4.1969954036176205,4.2351,12613,0,3,3
Penetrations,34,4.2956066317856312,4.2391,12613,0,3,3
Penetrations,35,4.912195261567831,4.9444,12613,0,3,3
Penetrations,36,4.58380114287138,4.5748,16777,0,4,4
Penetrations,37,4.5900014229118824,4.5225,12613,0,4,4
Penetrations,38,3.9679990150034428,4.0251,12613,0,4,4
Penetrations,39,5.208298098295927,5.1854,12613,0,4,4
Penetrations,40,4.5398031361401081,4.3027,12613,0,4,4
Penetrations,41,4.4056973420083523,4.6271,12613,0,4,4
Penetrations,42,5.19109982997179,5.0664,12613,0,4,4
Penetrations,43,5.4473993368446827,5.3928,12613,0,4,4
Penetrations,44,4.2330995202064514,4.3531,12613,0,4,4
Penetrations,45,4.6090064570307732,4.5996,12613,0,4,4
Penetrations,46,4.7644982114434242,4.2412,12613,0,4,4
Penetrations,47,5.7070013135671616,6.2341,18623,0,4,4
Penetrations,48,6.3348994590342045,6.1982,23919,0,5,5
Penetrations,49,4.9345945008099079,5.0242,12595,0,5,5
Penetrations,50,4.8284013755619526,4.7959,12595,0,5,5
Penetrations,51,4.4971015304327011,4.3916,12595,0,5,5
Penetrations,52,5.821598693728447,5.9161,12595,0,5,5
Penetrations,53,5.0290036015212536,4.9552,12595,0,5,5
Penetrations,54,4.8892009072005749,4.9689,12595,0,5,5
Penetrations,55,5.3155967034399509,5.2234,12595,0,5,5
Penetrations,56,5.7383999228477478,5.6075,12595,0,5,5
Penetrations,57,5.3995037451386452,5.4501,12595,0,5,5
Penetrations,58,5.16559649258852,5.2421,12595,0,5,5
Penetrations,59,4.6729026362299919,4.6743,12595,0,5,5
Penetrations,60,7.2645973414182663,7.1357,15669,0,6,6
Penetrations,61,5.68859837949276,5.7789,12613,0,6,6
Penetrations,62,6.6866991110146046,6.5591,12613,0,6,6
Penetrations,63,5.36750303581357,5.4602,12613,0,6,6
Penetrations,64,4.8517007380723953,4.8755,12613,0,6,6
Penetrations,65,6.3176020048558712,6.1438,12613,0,6,6
Penetrations,66,5.4388958960771561,5.5173,12613,0,6,6
Penetrations,67,5.0730016082525253,5.1408,12613,0,6,6
Penetrations,68,6.1671980656683445,6.0993,12613,0,6,6
Penetrations,69,4.6987030655145645,4.7901,12665,0,6,6
Penetrations,70,4.6233986504375935,4.6083,12613,0,6,6
Penetrations,71,4.7573978081345558,4.701,12613,0,6,6
Penetrations,72,5.6729023344814777,5.6853,20727,0,7,7
Penetrations,73,4.5813987962901592,4.5531,12791,0,7,7
Penetrations,74,6.1951032839715481,6.0755,12791,0,7,7
Penetrations,75,6.4318948425352573,6.51,18801,0,7,7
Penetrations,76,5.8727040886878967,5.9333,16939,0,7,7
Penetrations,77,5.8163972571492195,5.7686,12791,0,7,7
Penetrations,78,4.9598002806305885,5.0114,12791,0,7,7
Penetrations,79,5.804896354675293,5.4898,12791,0,7,7
Penetrations,80,6.207603495568037,6.3992,12791,0,7,7
Penetrations,81,5.9493975713849068,5.8317,12791,0,7,7
Penetrations,82,6.8119047209620476,6.9061,12791,0,7,7
Penetrations,83,6.8535003811120987,6.683,12791,0,7,7
Penetrations,84,7.0386976003646851,7.2503,16073,0,8,8
Penetrations,85,7.5388960540294647,7.438,12613,0,8,8
Penetrations,86,5.8576036244630814,5.7719,12613,0,8,8
Penetrations,87,5.89819997549057,5.9892,12613,0,8,8
Penetrations,88,6.4422972500324249,6.4216,12613,0,8,8
Penetrations,89,5.172505509108305,5.0987,12613,0,8,8
Penetrations,90,5.9392997063696384,5.973,12613,0,8,8
Penetrations,91,5.7903984561562538,5.675,12613,0,8,8
Penetrations,92,5.5717970244586468,5.7423,12613,0,8,8
Penetrations,93,5.5035999976098537,5.3713,12613,0,8,8
Penetrations,94,5.70240244269371,5.7399,12613,0,8,8
Penetrations,95,6.4269984140992165,6.3736,12613,0,8,8
Penetrations,96,6.3229026272892952,6.4359,15669,0,9,9
Penetrations,97,7.68720218911767,7.4848,12613,0,9,9
Penetrations,98,7.2637968696653843,7.3359,12613,0,9,9
Penetrations,99,6.8882014602422714,6.6359,12613,0,9,9
Penetrations,100,8.9998012408614159,9.255,18623,0,9,9
Penetrations,101,9.1305980458855629,9.1188,16761,0,9,9
Penetrations,102,6.6866991110146046,6.6291,12665,0,9,9
Penetrations,103,10.099001228809357,9.8323,12613,0,9,9
Penetrations,104,10.535296052694321,10.5514,12613,0,9,9
Penetrations,105,7.3109054937958717,7.4785,12613,0,9,9
Penetrations,106,8.1033939495682716,7.9936,12613,0,9,9
Penetrations,107,8.2111041992902756,8.3162,12613,0,9,9
Penetrations,108,9.4873020425438881,9.3932,19439,0,10,10
Penetrations,109,6.2883999198675156,6.4039,12791,0,10,10
Penetrations,110,7.6987952925264835,7.6081,12791,0,10,10
Penetrations,111,6.2347999773919582,6.2317,12791,0,10,10
Penetrations,112,8.5044996812939644,8.5452,12791,0,10,10
Penetrations,113,7.004499901086092,7.0645,12791,0,10,10
Penetrations,114,8.1125004217028618,7.8713,12791,0,10,10
Penetrations,115,6.3777989707887173,6.499,12791,0,10,10
Penetrations,116,6.5076034516096115,6.2187,12791,0,10,10
Penetrations,117,6.7431973293423653,7.0145,12791,0,10,10
Penetrations,118,7.4516013264656067,7.3987,12791,0,10,10
Penetrations,119,6.5519982017576694,6.5913,12791,0,10,10
Penetrations,120,7.9556051641702652,7.936,21679,0,11,11
Penetrations,121,9.5517011359334,9.6418,16761,0,11,11
Penetrations,122,5.9569939039647579,5.7975,12613,0,11,11
Penetrations,123,6.3297050073742867,6.4436,12613,0,11,11
Penetrations,124,6.3910996541380882,6.3265,12613,0,11,11
Penetrations,125,6.3027990981936455,6.3393,12613,0,11,11
Penetrations,126,6.4466977491974831,6.3273,12613,0,11,11
Penetrations,127,7.8731998801231384,7.8082,12613,0,11,11
Penetrations,128,5.4383007809519768,5.5472,12613,0,11,11
Penetrations,129,5.6839995086193085,5.7665,12665,0,11,11
Penetrations,130,6.4153983257710934,6.334,12613,0,11,11
Penetrations,131,5.7235048152506351,5.8038,12613,0,11,11
Penetrations,132,7.4485968798398972,7.2709,15669,0,12,12
Penetrations,133,6.491298321634531,6.648,12613,0,12,12
Penetrations,134,5.4507013410329819,5.2886,12613,0,12,12
Penetrations,135,5.4658022709190845,5.6302,12613,0,12,12
Penetrations,136,5.2083972841501236,5.137,12613,0,12,12
Penetrations,137,5.4527991451323032,5.4954,12613,0,12,12
Penetrations,138,6.45220372825861,6.3831,12613,0,12,12
Penetrations,139,5.6517007760703564,5.7067,12613,0,12,12
Penetrations,140,5.5742985568940639,5.4196,12613,0,12,12
Penetrations,141,6.0643991455435753,6.2014,12613,0,12,12
Penetrations,142,4.8301019705832005,4.7216,12613,0,12,12
Penetrations,143,4.9285003915429115,5.0096,12613,0,12,12
Penetrations,144,6.0940971598029137,5.8136,16957,0,13,13
Penetrations,145,7.1752974763512611,7.2514,18623,0,13,13
Penetrations,146,7.8043011017143726,7.8511,16761,0,13,13
Penetrations,147,5.1941042765975,5.2965,12613,0,13,13
Penetrations,148,5.66600076854229,5.5488,12613,0,13,13
Penetrations,149,5.1397960633039474,5.1748,12613,0,13,13
Penetrations,150,4.9862032756209373,5.0116,12613,0,13,13
Penetrations,151,5.9371953830122948,5.88,12613,0,13,13
Penetrations,152,5.933503620326519,5.9048,12613,0,13,13
Penetrations,153,5.5743977427482605,5.6498,12613,0,13,13
Penetrations,154,6.0927011072635651,6.0702,12613,0,13,13
Penetrations,155,5.3384993225336075,5.3905,12613,0,13,13
Penetrations,156,6.1306972056627274,6.0425,15669,0,14,14
Penetrations,157,4.6011055819690228,4.6598,12613,0,14,14
Penetrations,158,4.4896965846419334,4.4756,12613,0,14,14
Penetrations,159,5.7072988711297512,5.46,12613,0,14,14
Penetrations,160,4.9792020581662655,5.1943,12613,0,14,14
Penetrations,161,4.6125990338623524,4.6519,12613,0,14,14
Penetrations,162,4.5883008278906345,4.5052,12613,0,14,14
Penetrations,163,6.4013036899268627,6.343,12613,0,14,14
Penetrations,164,5.370698869228363,5.3332,12613,0,14,14
Penetrations,165,5.6729945354163647,5.7281,12665,0,14,14
Penetrations,166,5.9205004945397377,5.871,12613,0,14,14
Penetrations,167,5.0142006948590279,5.0559,12613,0,14,14
Penetrations,168,7.185203954577446,7.1642,17963,0,15,15
Penetrations,169,5.2776006050407887,5.3022,12595,0,15,15
Penetrations,170,4.2394981719553471,4.2223,12595,0,15,15
Penetrations,171,5.2311010658741,5.066,12595,0,15,15
Penetrations,172,7.3536988347768784,7.4606,18605,0,15,15
Penetrations,173,5.6418012827634811,5.5795,16743,0,15,15
Penetrations,174,6.0678995214402676,5.8856,12595,0,15,15
Penetrations,175,5.1107993349432945,5.2984,12595,0,15,15
Penetrations,176,5.4968963377177715,5.5247,12595,0,15,15
Penetrations,177,5.0909011624753475,4.995,12595,0,15,15
Penetrations,178,4.6966979280114174,4.8243,12595,0,15,15
Penetrations,179,4.64360136538744,4.6054,12595,0,15,15
Penetrations,180,6.547803059220314,6.4181,15669,0,16,16
Penetrations,181,5.3289965726435184,5.4173,12613,0,16,16
Penetrations,182,5.8008008636534214,5.7175,12613,0,16,16
Penetrations,183,5.2417023107409477,5.3789,12613,0,16,16
Penetrations,184,5.4142996668815613,5.381,12613,0,16,16
Penetrations,185,5.5398028343915939,5.5636,12613,0,16,16
Penetrations,186,4.7754961997270584,4.7354,12613,0,16,16
Penetrations,187,4.6140020713210106,4.6699,12613,0,16,16
Penetrations,188,5.0098993815481663,4.9179,12613,0,16,16
Penetrations,189,5.2239014767110348,5.2319,12613,0,16,16
Penetrations,190,4.518700297921896,4.5592,12613,0,16,16
Penetrations,191,4.5692957937717438,4.4038,12613,0,16,16
Penetrations,192,6.6867982968688011,6.735,15669,0,17,16
Penetrations,193,4.456604365259409,4.5726,12613,0,17,16
Penetrations,194,4.6603954397141933,4.652,12613,0,17,16
Penetrations,195,7.023901678621769,6.9194,12613,0,17,16
Penetrations,196,4.9080993048846722,4.9685,12613,0,17,16
Penetrations,197,5.2485046908259392,5.1302,12613,0,17,16
Penetrations,198,5.2700964733958244,5.4032,12613,0,17,16
Penetrations,199,4.8536988906562328,4.8046,12613,0,17,16
Penetrations,200,5.0613023340702057,4.9623,12613,0,17,16
Penetrations,201,8.393898606300354,8.292,18623,0,17,16
Penetrations,202,6.2163975089788437,6.3549,16813,0,17,16
Penetrations,203,5.1565049216151237,5.1614,12613,0,17,16
Penetrations,204,6.1201956123113632,6.1747,16473,0,18,16
Penetrations,205,4.8914044164121151,4.7857,12613,0,18,16
Penetrations,206,4.2330003343522549,4.3288,12613,0,18,16
Penetrations,207,4.3692956678569317,4.3496,12613,0,18,16
Penetrations,208,4.7301021404564381,4.6099,12613,0,18,16
Penetrations,209,4.1886977851390839,4.2759,12613,0,18,16
Penetrations,210,5.1802010275423527,5.1923,12613,0,18,16
Penetrations,211,4.1249007917940617,4.0457,12613,0,18,16
Penetrations,212,4.5374007895588875,4.5408,12613,0,18,16
Penetrations,213,4.9149021506309509,4.91,12613,0,18,16
Penetrations,214,4.4410997070372105,4.447,12613,0,18,16
Penetrations,215,4.2182966135442257,4.2616,12613,0,18,16
Penetrations,216,4.9316044896841049,4.8348,16957,0,19,16
Penetrations,217,4.7846939414739609,4.7681,12613,0,19,16
Penetrations,218,4.2260061018168926,4.2968,12613,0,19,16
Penetrations,219,4.5268000103533268,4.5471,12613,0,19,16
Penetrations,220,4.9663973040878773,4.8883,12613,0,19,16
Penetrations,221,3.9782030507922173,4.0315,12613,0,19,16
Penetrations,222,3.854499664157629,3.8436,12613,0,19,16
Penetrations,223,3.9607002399861813,3.7988,12613,0,19,16
Penetrations,224,4.5330994762480259,4.6035,12613,0,19,16
Penetrations,225,5.28759928420186,5.3175,12613,0,19,16
Penetrations,226,4.0904972702264786,4.07,12613,0,19,16
Penetrations,227,4.558198619633913,4.5249,12613,0,19,16
Penetrations,228,5.6569017469882965,5.5687,19439,0,20,16
Penetrations,229,4.9034012481570244,5.0439,12791,0,20,16
Penetrations,230,3.9060020353645086,3.9004,12791,0,20,16
Penetrations,231,3.9467969909310341,3.8798,12791,0,20,16
Penetrations,232,4.2470027692615986,4.21,12791,0,20,16
Penetrations,233,4.6255951747298241,4.7177,18801,0,20,16
Penetrations,234,6.1354027129709721,6.0785,16939,0,20,16
Penetrations,235,3.8870961870998144,3.9338,12791,0,20,16
Penetrations,236,4.041000735014677,3.9981,12791,0,20,16
Penetrations,237,4.9931053072214127,4.9794,12791,0,20,16
Penetrations,238,4.487896803766489,4.4784,12791,0,20,16
Penetrations,239,4.6580992639064789,4.689,12791,0,20,16
Penetrations,240,5.018601194024086,4.8868,15669,0,21,16
Penetrations,241,4.7348993830382824,4.8245,12613,0,21,16
Penetrations,242,3.8930980954319239,3.895,12613,0,21,16
Penetrations,243,3.6716058384627104,3.6379,12613,0,21,16
Penetrations,244,4.9478951841592789,4.5522,12613,0,21,16
Penetrations,245,6.1018993146717548,6.4394,12613,0,21,16
Penetrations,246,4.5904051512479782,4.6503,12665,0,21,16
Penetrations,247,4.892595112323761,4.7699,12613,0,21,16
Penetrations,248,4.9935020506381989,4.9981,12613,0,21,16
Penetrations,249,4.2033023200929165,4.3035,12613,0,21,16
Penetrations,250,5.3808959200978279,5.3557,12613,0,21,16
Penetrations,251,4.2017009109258652,4.1399,12613,0,21,16
Penetrations,252,4.6141012571752071,4.6737,15669,0,22,16
Penetrations,253,3.9919004775583744,3.999,12613,0,22,16
Penetrations,254,4.6620960347354412,4.5685,12613,0,22,16
Penetrations,255,4.7328020446002483,4.792,12613,0,22,16
Penetrations,256,4.47589997202158,4.468,12613,0,22,16
Penetrations,257,4.3882015161216259,4.2843,12613,0,22,16
Penetrations,258,4.2944019660353661,4.3729,12613,0,22,16
Penetrations,259,4.8175947740674019,4.7187,12613,0,22,16
Penetrations,260,5.1028062589466572,4.927,12613,0,22,16
Penetrations,261,5.2235969342291355,5.4817,12613,0,22,16
Penetrations,262,5.2670990116894245,5.1349,12613,0,22,16
Penetrations,263,4.5421980321407318,4.6079,12613,0,22,16
Penetrations,264,6.2110046856105328,6.0406,15669,0,23,16
Penetrations,265,7.41259939968586,7.6072,18623,0,23,16
Penetrations,266,7.7455001883208752,7.6057,16761,0,23,16
Penetrations,267,5.4081985726952553,5.4116,12613,0,23,16
Penetrations,268,5.6594032794237137,5.641,12613,0,23,16
Penetrations,269,4.4916952028870583,4.5237,12613,0,23,16
Penetrations,270,6.7183035425841808,6.7329,12613,0,23,16
Penetrations,271,5.4366001859307289,5.4466,12613,0,23,16
Penetrations,272,6.02619769051671,5.9333,12613,0,23,16
Penetrations,273,5.490398034453392,5.5505,12613,0,23,16
Penetrations,274,5.3568026050925255,5.1345,12613,0,23,16
Penetrations,275,7.5578019022941589,7.7297,12613,0,23,16
Penetrations,276,8.2713011652231216,7.9489,15669,0,24,16
Penetrations,277,5.802997387945652,6.1332,12613,0,24,16
Penetrations,278,5.4607000201940536,5.4588,12613,0,24,16
Penetrations,279,6.4265024848282337,6.3626,12613,0,24,16
Penetrations,280,5.4714996367692947,5.3816,12613,0,24,16
Penetrations,281,4.6406956389546394,4.7319,12613,0,24,16
Penetrations,282,5.56570291519165,5.4994,12613,0,24,16
Penetrations,283,5.508198868483305,5.5528,12613,0,24,16
Penetrations,284,5.067198071628809,5.0192,12665,0,24,16
Penetrations,285,6.1650015413761139,6.155,12613,0,24,16
Penetrations,286,5.0787981599569321,5.0808,12613,0,24,16
Penetrations,287,4.75670350715518,4.7662,12613,0,24,16
Penetrations,288,6.6600977443158627,6.4907,16939,0,25,16
Penetrations,289,4.9049034714698792,5.1019,12595,0,25,16
Penetrations,290,7.1437004953622818,6.4602,12595,0,25,16
Penetrations,291,7.5125992298126221,8.0246,18605,0,25,16
Penetrations,292,7.3546981438994408,7.3749,16743,0,25,16
Penetrations,293,6.9392998702824116,6.9098,12595,0,25,16
Penetrations,294,5.0586024299263954,5.0625,12595,0,25,16
Penetrations,295,6.2022958882153034,6.171,12595,0,25,16
Penetrations,296,5.0293011590838432,4.9939,12595,0,25,16
Penetrations,297,5.4385983385145664,5.5584,12595,0,25,16
Penetrations,298,5.3486041724681854,5.2935,12595,0,25,16
Penetrations,299,4.8582977615296841,4.8617,12595,0,25,16
ReflectionRefresh,0,5.8590988628566265,5.8163,12613,0,0,0
ReflectionRefresh,1,4.462903831154108,4.4957,12613,0,0,0
ReflectionRefresh,2,4.9353954382240772,4.6777,12613,0,0,0
ReflectionRefresh,3,6.8509001284837723,7.0194,12613,0,0,0
ReflectionRefresh,4,5.7366001419723034,5.7679,12613,0,0,0
ReflectionRefresh,5,5.4257013835012913,5.2242,12613,0,0,0
ReflectionRefresh,6,5.64559968188405,5.8111,12613,0,0,0
ReflectionRefresh,7,4.7539044171571732,4.7302,12613,0,0,0
ReflectionRefresh,8,4.9937004223465919,4.9599,12613,0,0,0
ReflectionRefresh,9,6.8020974285900593,6.7047,12613,0,0,0
ReflectionRefresh,10,6.3215987756848335,6.4359,12613,0,0,0
ReflectionRefresh,11,5.95770264044404,5.9052,12613,0,0,0
ReflectionRefresh,12,5.1959962584078312,5.191,12613,0,0,0
ReflectionRefresh,13,6.1875991523265839,6.1472,12613,0,0,0
ReflectionRefresh,14,5.40719972923398,5.4335,12665,0,0,0
ReflectionRefresh,15,5.1833051256835461,5.1892,12613,0,0,0
ReflectionRefresh,16,5.0397957675158978,5.0686,12613,0,0,0
ReflectionRefresh,17,5.3666029125452042,5.3009,12613,0,0,0
ReflectionRefresh,18,5.8351969346404076,5.8707,27675,0,0,0
ReflectionRefresh,19,5.1915035583078861,5.1341,12613,0,0,0
ReflectionRefresh,20,5.5515021085739136,5.5537,12613,0,0,0
ReflectionRefresh,21,5.5387965403497219,5.4161,12613,0,0,0
ReflectionRefresh,22,6.3044005073606968,6.2676,12701,0,0,0
ReflectionRefresh,23,6.4884000457823277,6.4225,12613,0,0,0
ReflectionRefresh,24,5.7941963896155357,5.8407,12613,0,0,0
ReflectionRefresh,25,7.0185018703341484,6.9339,12613,0,0,0
ReflectionRefresh,26,6.2573980540037155,6.4033,12613,0,0,0
ReflectionRefresh,27,6.9031035527586937,6.7343,12613,0,0,0
ReflectionRefresh,28,6.490001454949379,6.6598,12613,0,0,0
ReflectionRefresh,29,6.0724983923137188,5.8394,12613,0,0,0
ReflectionRefresh,30,7.066595833748579,7.1879,12613,0,0,0
ReflectionRefresh,31,7.6824049465358257,7.4826,12613,0,0,0
ReflectionRefresh,32,7.066595833748579,7.1677,12613,0,0,0
ReflectionRefresh,33,7.5615006498992443,7.5191,12613,0,0,0
ReflectionRefresh,34,7.2951032780110836,7.4707,12613,0,0,0
ReflectionRefresh,35,6.1287982389330864,5.9399,12613,0,0,0
ReflectionRefresh,36,8.17789789289236,8.1515,12613,0,0,0
ReflectionRefresh,37,7.6833050698041916,7.6828,12613,0,0,0
ReflectionRefresh,38,7.9355938360095024,7.9361,12613,0,0,0
ReflectionRefresh,39,8.197300136089325,8.1543,12613,0,0,0
ReflectionRefresh,40,8.0205993726849556,8.1791,12613,0,0,0
ReflectionRefresh,41,7.5484057888388634,7.1856,12613,0,0,0
ReflectionRefresh,42,7.5397957116365433,7.819,12613,0,0,0
ReflectionRefresh,43,11.355002410709858,10.6523,12613,0,0,0
ReflectionRefresh,44,6.4260982908308506,7.0377,12753,0,0,0
ReflectionRefresh,45,7.0937997661530972,6.8928,12613,0,0,0
ReflectionRefresh,46,7.9859979450702667,8.1548,12613,0,0,0
ReflectionRefresh,47,7.7610048465430737,7.6449,12613,0,0,0
ReflectionRefresh,48,7.444196380674839,7.6068,12613,0,0,0
ReflectionRefresh,49,5.8748014271259308,5.8279,12613,0,0,0
ReflectionRefresh,50,7.4041029438376427,7.3521,12613,0,0,0
ReflectionRefresh,51,6.9341976195573807,7.0053,12613,0,0,0
ReflectionRefresh,52,7.0857000537216663,7.1016,12613,0,0,0
ReflectionRefresh,53,6.9093960337340832,6.8059,12613,0,0,0
ReflectionRefresh,54,7.0837019011378288,7.0437,12613,0,0,0
ReflectionRefresh,55,8.21780040860176,8.1804,17939,0,0,0
ReflectionRefresh,56,17.908403649926186,8.5248,12613,0,0,0
ReflectionRefresh,57,13.918799348175526,22.0196,12613,0,0,0
ReflectionRefresh,58,12.401296757161617,13.489,12613,0,0,0
ReflectionRefresh,59,12.875999324023724,12.809,12613,0,0,0
ReflectionRefresh,60,9.6460031345486641,9.9119,12613,0,0,0
ReflectionRefresh,61,8.4736961871385574,8.4242,12701,0,0,0
ReflectionRefresh,62,7.0956987328827381,7.1107,12613,0,0,0
ReflectionRefresh,63,7.7064060606062412,7.6009,12613,0,0,0
ReflectionRefresh,64,6.7192958667874336,6.9007,12613,0,0,0
ReflectionRefresh,65,6.4545990899205208,6.3314,12613,0,0,0
ReflectionRefresh,66,7.8365998342633247,7.9214,12613,0,0,0
ReflectionRefresh,67,7.8753046691417694,7.7867,12613,0,0,0
ReflectionRefresh,68,7.2967968881130219,7.1917,12665,0,0,0
ReflectionRefresh,69,10.590703226625919,10.4455,12613,0,0,0
ReflectionRefresh,70,8.2441968843340874,8.4956,12613,0,0,0
ReflectionRefresh,71,6.8435021676123142,6.6856,12613,0,0,0
ReflectionRefresh,72,8.1282025203108788,8.1566,12613,0,0,0
ReflectionRefresh,73,12.695698998868465,12.3224,12613,0,0,0
ReflectionRefresh,74,13.138697482645512,13.2801,12613,0,0,0
ReflectionRefresh,75,11.512500233948231,11.3136,12613,0,0,0
ReflectionRefresh,76,12.233099900186062,12.2402,12613,0,0,0
ReflectionRefresh,77,12.7317039296031,12.8619,12613,0,0,0
ReflectionRefresh,78,8.5523948073387146,8.7192,12701,0,0,0
ReflectionRefresh,79,9.4441045075654984,9.3046,12613,0,0,0
ReflectionRefresh,80,11.935196816921234,11.7842,12613,0,0,0
ReflectionRefresh,81,11.875899508595467,11.8661,12613,0,0,0
ReflectionRefresh,82,11.948398314416409,12.0452,12613,0,0,0
ReflectionRefresh,83,10.058900341391563,10.0801,12613,0,0,0
ReflectionRefresh,84,11.102104559540749,10.9843,12613,0,0,0
ReflectionRefresh,85,11.019196361303329,10.9154,12613,0,0,0
ReflectionRefresh,86,13.116602785885334,12.936,12613,0,0,0
ReflectionRefresh,87,11.733801104128361,11.9773,12665,0,0,0
ReflectionRefresh,88,12.543098069727421,12.5191,12613,0,0,0
ReflectionRefresh,89,10.537499561905861,10.4812,12613,0,0,0
ReflectionRefresh,90,12.832703068852425,12.8277,12613,0,0,0
ReflectionRefresh,91,17.634296789765358,10.136,12613,0,0,0
ReflectionRefresh,92,20.384395495057106,19.1716,12701,0,0,0
ReflectionRefresh,93,12.685203924775124,21.2581,12613,0,0,0
ReflectionRefresh,94,11.022697202861309,11.0442,12613,0,0,0
ReflectionRefresh,95,15.000403858721256,14.9621,12613,0,0,0
ReflectionRefresh,96,12.526601552963257,12.5687,12613,0,0,0
ReflectionRefresh,97,10.487797670066357,10.3006,12613,0,0,0
ReflectionRefresh,98,11.637995950877666,11.5588,12613,0,0,0
ReflectionRefresh,99,10.633801110088825,10.9074,12613,0,0,0
ReflectionRefresh,100,11.261004954576492,11.1773,12613,0,0,0
ReflectionRefresh,101,11.711097322404385,11.5971,12613,0,0,0
ReflectionRefresh,102,12.299602851271629,12.3152,12613,0,0,0
ReflectionRefresh,103,12.041397392749786,11.8065,12665,0,0,0
ReflectionRefresh,104,13.692899607121944,13.7984,12701,0,0,0
ReflectionRefresh,105,12.088003568351269,12.2836,12613,0,0,0
ReflectionRefresh,106,12.23399955779314,12.154,12613,0,0,0
ReflectionRefresh,107,12.2601967304945,12.1999,12613,0,0,0
ReflectionRefresh,108,12.380300089716911,12.3983,12613,0,0,0
ReflectionRefresh,109,12.782702222466469,12.7101,12613,0,0,0
ReflectionRefresh,110,10.559998452663422,10.4774,12613,0,0,0
ReflectionRefresh,111,12.671399861574173,12.6132,12613,0,0,0
ReflectionRefresh,112,12.170698493719101,12.256,12613,0,0,0
ReflectionRefresh,113,13.14579788595438,12.6266,12613,0,0,0
ReflectionRefresh,114,11.98129914700985,12.3551,12613,0,0,0
ReflectionRefresh,115,9.9196005612611771,10.1106,12613,0,0,0
ReflectionRefresh,116,8.2472013309597969,8.3324,12613,0,0,0
ReflectionRefresh,117,7.7000991441309452,7.5843,12701,0,0,0
ReflectionRefresh,118,8.7494049221277237,8.8803,12613,0,0,0
ReflectionRefresh,119,10.700495913624763,10.4758,12613,0,0,0
ReflectionRefresh,120,9.1903982684016228,9.2455,12613,0,0,0
ReflectionRefresh,121,8.0117061734199524,8.0589,12665,0,0,0
ReflectionRefresh,122,10.276098735630512,10.2951,12613,0,0,0
ReflectionRefresh,123,11.582199484109879,11.3268,12630,0,0,0
ReflectionRefresh,124,9.0225981548428535,9.3022,124909,0,0,0
ReflectionRefresh,125,8.9597012847661972,8.8367,27718,0,0,0
ReflectionRefresh,126,8.170202374458313,8.3213,29963,0,0,0
ReflectionRefresh,127,7.8482003882527351,7.7565,97675,0,0,0
ReflectionRefresh,128,9.1297971084713936,9.0857,30650,0,0,0
ReflectionRefresh,129,9.1440975666046143,8.8207,71214,0,0,0
ReflectionRefresh,130,9.52490046620369,9.8805,115618,0,0,0
ReflectionRefresh,131,9.2285005375742912,9.0503,152781,0,0,0
ReflectionRefresh,132,8.9478036388754845,9.0116,29317,0,0,0
ReflectionRefresh,133,9.397498331964016,9.2504,443775,0,0,0
ReflectionRefresh,134,11.382199823856354,11.4055,742192,0,0,0
ReflectionRefresh,135,9.60800051689148,9.6223,1331141,0,0,0
ReflectionRefresh,136,9.5973992720246315,9.467,1019863,0,0,0
ReflectionRefresh,137,10.506703518331051,10.5871,75138,0,0,0
ReflectionRefresh,138,10.265795513987541,10.2851,681999,0,0,0
ReflectionRefresh,139,11.07020303606987,10.9474,1302888,0,0,0
ReflectionRefresh,140,8.8552013039588928,8.9492,16012,0,0,0
ReflectionRefresh,141,12.625595554709435,12.5244,12613,0,0,0
ReflectionRefresh,142,12.955300509929657,13.0416,12665,0,0,0
ReflectionRefresh,143,10.931398719549179,10.8374,12613,0,0,0
ReflectionRefresh,144,9.62190330028534,9.7452,12613,0,0,0
ReflectionRefresh,145,11.50759682059288,11.3565,12613,0,0,0
ReflectionRefresh,146,7.9139033332467079,8.0816,12613,0,0,0
ReflectionRefresh,147,7.0580001920461655,6.9882,12613,0,0,0
ReflectionRefresh,148,8.890397846698761,8.7846,12613,0,0,0
ReflectionRefresh,149,8.03730171173811,8.1038,12701,0,0,0
ReflectionRefresh,150,6.6881021484732628,6.7823,12613,0,0,0
ReflectionRefresh,151,7.2477962821722031,7.0952,12613,0,0,0
ReflectionRefresh,152,8.6946999654173851,8.7503,12613,0,0,0
ReflectionRefresh,153,7.1664042770862579,7.1561,12613,0,0,0
ReflectionRefresh,154,7.9500991851091385,7.8663,12613,0,0,0
ReflectionRefresh,155,9.7412979230284691,9.7105,12613,0,0,0
ReflectionRefresh,156,11.390901170670986,11.4293,12613,0,0,0
ReflectionRefresh,157,10.525397025048733,10.2491,12613,0,0,0
ReflectionRefresh,158,8.3730015903711319,8.6915,12613,0,0,0
ReflectionRefresh,159,8.9018000289797783,8.8165,12613,0,0,0
ReflectionRefresh,160,8.7028983980417252,8.806,12613,0,0,0
ReflectionRefresh,161,8.5553005337715149,8.3182,12613,0,0,0
ReflectionRefresh,162,8.6231008172035217,8.8195,12613,0,0,0
ReflectionRefresh,163,7.3130032978951931,7.2656,12613,0,0,0
ReflectionRefresh,164,6.96600042283535,6.8484,12613,0,0,0
ReflectionRefresh,165,7.7660004608333111,7.625,12665,0,0,0
ReflectionRefresh,166,7.32699828222394,7.4989,12613,0,0,0
ReflectionRefresh,167,6.8299956619739532,6.682,12701,0,0,0
ReflectionRefresh,168,7.3042022995650768,7.5274,12613,0,0,0
ReflectionRefresh,169,5.9215985238552094,5.7745,12613,0,0,0
ReflectionRefresh,170,5.7285004295408726,5.8742,12613,0,0,0
ReflectionRefresh,171,5.8562005870044231,5.7767,12613,0,0,0
ReflectionRefresh,172,7.34710181131959,7.2878,12613,0,0,0
ReflectionRefresh,173,7.7142007648944855,7.6811,12613,0,0,0
ReflectionRefresh,174,6.6148950718343258,6.443,12613,0,0,0
ReflectionRefresh,175,7.3586027137935162,7.5274,12613,0,0,0
ReflectionRefresh,176,5.5214995518326759,5.6396,12613,0,0,0
ReflectionRefresh,177,6.270797923207283,6.0768,12613,0,0,0
ReflectionRefresh,178,6.0237031430006027,6.1867,12613,0,0,0
ReflectionRefresh,179,8.1487027928233147,7.9894,12613,0,0,0
ReflectionRefresh,180,6.2128966674208641,6.3228,12613,0,0,0
ReflectionRefresh,181,5.5616991594433784,5.4821,12613,0,0,0
ReflectionRefresh,182,5.5840988643467426,5.6982,12613,0,0,0
ReflectionRefresh,183,7.2522037662565708,7.0651,12613,0,0,0
ReflectionRefresh,184,6.510700099170208,6.6308,12613,0,0,0
ReflectionRefresh,185,5.4263961501419544,5.3652,12613,0,0,0
ReflectionRefresh,186,5.6539042852818966,5.6855,12613,0,0,0
ReflectionRefresh,187,6.2027992680668831,6.0961,12613,0,0,0
ReflectionRefresh,188,5.3975977934896946,5.5176,12613,0,0,0
ReflectionRefresh,189,5.0751985982060432,5.0136,12613,0,0,0
ReflectionRefresh,190,5.7027000002563,5.5975,12613,0,0,0
ReflectionRefresh,191,5.55750448256731,5.5984,12701,0,0,0
ReflectionRefresh,192,5.914696492254734,5.9011,12613,0,0,0
ReflectionRefresh,193,5.7549034245312214,5.7842,12613,0,0,0
ReflectionRefresh,194,6.7621953785419464,6.7447,12613,0,0,0
ReflectionRefresh,195,9.8730018362402916,9.7071,12613,0,0,0
ReflectionRefresh,196,11.517503298819065,11.5224,12665,0,0,0
ReflectionRefresh,197,10.18429733812809,10.1922,12613,0,0,0
ReflectionRefresh,198,7.3864017613232136,7.5193,12613,0,0,0
ReflectionRefresh,199,6.3170990906655788,6.2373,12613,0,0,0
ReflectionRefresh,200,8.2785999402403831,8.1882,12613,0,0,0
ReflectionRefresh,201,6.9013037718832493,6.9781,12613,0,0,0
ReflectionRefresh,202,7.0120962336659431,6.885,12613,0,0,0
ReflectionRefresh,203,10.604698210954666,10.5434,12613,0,0,0
ReflectionRefresh,204,8.2743056118488312,8.4173,12613,0,0,0
ReflectionRefresh,205,7.4736960232257843,7.4643,12613,0,0,0
ReflectionRefresh,206,6.8863024935126305,6.9335,12613,0,0,0
ReflectionRefresh,207,5.5786990560591221,5.5298,12613,0,0,0
ReflectionRefresh,208,7.982298731803894,8.0133,12613,0,0,0
ReflectionRefresh,209,6.8394984118640423,6.7293,12613,0,0,0
ReflectionRefresh,210,7.251800037920475,7.0396,12613,0,0,0
ReflectionRefresh,211,7.3320013470947742,7.5388,12701,0,0,0
ReflectionRefresh,212,8.2973996177315712,8.1862,12613,0,0,0
ReflectionRefresh,213,6.0726050287485123,6.1908,12613,0,0,0
ReflectionRefresh,214,5.1714000292122364,5.2387,12613,0,0,0
ReflectionRefresh,215,8.2666948437690735,8.0318,12613,0,0,0
ReflectionRefresh,216,9.404301643371582,9.5573,12613,0,0,0
ReflectionRefresh,217,10.647101327776909,10.5142,12613,0,0,0
ReflectionRefresh,218,10.564597323536873,9.0996,12613,0,0,0
ReflectionRefresh,219,9.5554990693926811,11.0306,12613,0,0,0
ReflectionRefresh,220,9.14829969406128,9.2389,12613,0,0,0
ReflectionRefresh,221,7.0874998345971107,6.9397,12665,0,0,0
ReflectionRefresh,222,9.398200549185276,9.3994,12613,0,0,0
ReflectionRefresh,223,8.650701493024826,8.2934,12613,0,0,0
ReflectionRefresh,224,7.7309026382863522,8.0862,12613,0,0,0
ReflectionRefresh,225,7.32099637389183,7.2534,12613,0,0,0
ReflectionRefresh,226,8.6023034527897835,8.5507,12613,0,0,0
ReflectionRefresh,227,12.242700904607773,12.3133,12613,0,0,0
ReflectionRefresh,228,6.1723003163933754,6.1762,12613,0,0,0
ReflectionRefresh,229,7.6305982656776905,7.2848,12701,0,0,0
ReflectionRefresh,230,7.8223003074526787,8.169,12613,0,0,0
ReflectionRefresh,231,7.3617985472083092,6.9757,12613,0,0,0
ReflectionRefresh,232,6.8324049934744835,7.2464,12613,0,0,0
ReflectionRefresh,233,6.5496955066919327,6.0931,12613,0,0,0
ReflectionRefresh,234,9.7775012254714966,9.9542,12613,0,0,0
ReflectionRefresh,235,10.600701905786991,10.505,12613,0,0,0
ReflectionRefresh,236,8.96539818495512,9.0453,12613,0,0,0
ReflectionRefresh,237,10.560997761785984,10.5021,12613,0,0,0
ReflectionRefresh,238,8.7238028645515442,8.6792,12613,0,0,0
ReflectionRefresh,239,9.9043017253279686,9.7191,12613,0,0,0
ReflectionRefresh,240,7.9840989783406258,8.2546,12613,0,0,0
ReflectionRefresh,241,7.9463999718427658,7.9761,12613,0,0,0
ReflectionRefresh,242,8.9358985424041748,9.0237,12613,0,0,0
ReflectionRefresh,243,7.9479021951556206,7.819,12613,0,0,0
ReflectionRefresh,244,7.639796007424593,6.1826,12613,0,0,0
ReflectionRefresh,245,8.05359985679388,9.4053,12665,0,0,0
ReflectionRefresh,246,17.796004191040993,7.2151,12613,0,0,0
ReflectionRefresh,247,8.3089005202054977,18.8977,12701,0,0,0
ReflectionRefresh,248,7.3054987005889416,7.3816,12613,0,0,0
ReflectionRefresh,249,7.891298271715641,7.7656,12613,0,0,0
ReflectionRefresh,250,9.61010530591011,9.6365,12613,0,0,0
ReflectionRefresh,251,9.0661002323031425,8.9338,12613,0,0,0
ReflectionRefresh,252,11.03650126606226,11.1579,12613,0,0,0
ReflectionRefresh,253,7.1304989978671074,7.2682,12613,0,0,0
ReflectionRefresh,254,7.0709963329136372,6.9572,12613,0,0,0
ReflectionRefresh,255,7.1977041661739349,7.1556,12613,0,0,0
ReflectionRefresh,256,11.675396934151649,11.5952,12613,0,0,0
ReflectionRefresh,257,6.7522036843001842,6.6581,12613,0,0,0
ReflectionRefresh,258,7.7736959792673588,7.8622,12613,0,0,0
ReflectionRefresh,259,7.237202487885952,7.3318,12613,0,0,0
ReflectionRefresh,260,6.4929989166557789,6.3678,12613,0,0,0
ReflectionRefresh,261,7.0376982912421227,7.1024,12613,0,0,0
ReflectionRefresh,262,7.3941042646765709,7.2596,12613,0,0,0
ReflectionRefresh,263,8.2723991945385933,8.355,12613,0,0,0
ReflectionRefresh,264,8.7340986356139183,8.4494,12613,0,0,0
ReflectionRefresh,265,7.6951957307755947,8.0138,12701,0,0,0
ReflectionRefresh,266,8.2392003387212753,8.0894,12613,0,0,0
ReflectionRefresh,267,8.1118056550621986,8.1805,12613,0,0,0
ReflectionRefresh,268,7.3678004555404186,7.2823,12613,0,0,0
ReflectionRefresh,269,7.7115930616855621,7.8101,12665,0,0,0
ReflectionRefresh,270,7.7996030449867249,7.5352,12613,0,0,0
ReflectionRefresh,271,8.5653979331254959,8.6069,12613,0,0,0
ReflectionRefresh,272,8.40830523520708,8.4584,12613,0,0,0
ReflectionRefresh,273,9.767899289727211,9.7982,12613,0,0,0
ReflectionRefresh,274,8.74949712306261,8.6517,12613,0,0,0
ReflectionRefresh,275,7.5990008190274239,7.7237,12613,0,0,0
ReflectionRefresh,276,25.357397273182869,7.7273,12613,0,0,0
ReflectionRefresh,277,7.7454010024666786,25.2073,12613,0,0,0
ReflectionRefresh,278,6.19370024651289,6.4452,12613,0,0,0
ReflectionRefresh,279,7.7425027266144753,7.6211,12613,0,0,0
ReflectionRefresh,280,7.75539968162775,7.8049,12613,0,0,0
ReflectionRefresh,281,10.809700936079025,10.6913,12613,0,0,0
ReflectionRefresh,282,8.43119341880083,8.4544,12701,0,0,0
ReflectionRefresh,283,7.7724065631628036,7.6693,12613,0,0,0
ReflectionRefresh,284,8.3306971937417984,8.312,12613,0,0,0
ReflectionRefresh,285,7.4255033396184444,7.4924,12613,0,0,0
ReflectionRefresh,286,7.1251983754336834,7.1878,12613,0,0,0
ReflectionRefresh,287,7.6669999398291111,7.4783,12613,0,0,0
ReflectionRefresh,288,6.9616991095244884,7.1447,12613,0,0,0
ReflectionRefresh,289,7.4605015106499195,7.2129,12613,0,0,0
ReflectionRefresh,290,8.3892997354269028,8.5385,12613,0,0,0
ReflectionRefresh,291,8.4692956879735,8.2874,12613,0,0,0
ReflectionRefresh,292,12.718502432107925,12.8423,12665,0,0,0
ReflectionRefresh,293,8.62529780715704,8.7089,12613,0,0,0
ReflectionRefresh,294,6.3989018090069294,6.25,12613,0,0,0
ReflectionRefresh,295,7.370698731392622,7.4326,12613,0,0,0
ReflectionRefresh,296,7.26770143955946,7.2536,12613,0,0,0
ReflectionRefresh,297,9.5089003443717957,9.5032,12613,0,0,0
ReflectionRefresh,298,9.3367984518408775,9.3133,12613,0,0,0
ReflectionRefresh,299,8.9223990216851234,8.9721,12613,0,0,0
ReflectionRefresh,300,6.5151005983352661,6.388,12613,0,0,0
ReflectionRefresh,301,7.1420990861952305,7.2737,12701,0,0,0
ReflectionRefresh,302,5.83839975297451,5.7535,12613,0,0,0
ReflectionRefresh,303,7.5775012373924255,7.6418,12613,0,0,0
ReflectionRefresh,304,6.6128047183156013,6.5117,12613,0,0,0
ReflectionRefresh,305,5.86449820548296,5.8077,12613,0,0,0
ReflectionRefresh,306,6.9555980153381824,6.9947,12613,0,0,0
ReflectionRefresh,307,5.9456988237798214,6.046,12613,0,0,0
ReflectionRefresh,308,6.4345025457441807,6.3035,12613,0,0,0
ReflectionRefresh,309,5.9809028171002865,6.0929,12613,0,0,0
ReflectionRefresh,310,5.8716977946460247,5.5894,12613,0,0,0
ReflectionRefresh,311,7.0780967362225056,7.3343,12613,0,0,0
ReflectionRefresh,312,5.9121032245457172,5.7703,12613,0,0,0
ReflectionRefresh,313,8.2886973395943642,8.4017,12613,0,0,0
ReflectionRefresh,314,6.7474986426532269,6.6868,12613,0,0,0
ReflectionRefresh,315,5.5098002776503563,5.4884,12613,0,0,0
ReflectionRefresh,316,5.3728031925857067,5.3916,12613,0,0,0
ReflectionRefresh,317,5.260600708425045,5.2521,12613,0,0,0
ReflectionRefresh,318,5.7677011936903,5.7384,12613,0,0,0
ReflectionRefresh,319,5.6985970586538315,5.736,12613,0,0,0
ReflectionRefresh,320,5.2358983084559441,5.1762,12613,0,0,0
ReflectionRefresh,321,5.9525012038648129,5.9784,12665,0,0,0
ReflectionRefresh,322,5.9118978679180145,5.8042,12613,0,0,0
ReflectionRefresh,323,5.46100502833724,5.5768,12613,0,0,0
ReflectionRefresh,324,6.2128966674208641,6.1422,12613,0,0,0
ReflectionRefresh,325,5.5794995278120041,5.5642,12613,0,0,0
ReflectionRefresh,326,5.2584041841328144,5.1744,12701,0,0,0
ReflectionRefresh,327,6.258099339902401,6.3507999999999996,12613,0,0,0
ReflectionRefresh,328,5.3017009049654007,5.2798,12613,0,0,0
ReflectionRefresh,329,5.917693953961134,5.9089,12613,0,0,0
ReflectionRefresh,330,6.1523029580712318,6.0422,12613,0,0,0
ReflectionRefresh,331,5.5490010417997837,5.6215,12613,0,0,0
ReflectionRefresh,332,6.1812005005776882,6.1538,12613,0,0,0
ReflectionRefresh,333,5.99820027127862,6.0232,12613,0,0,0
ReflectionRefresh,334,8.2844952121377,7.487,12613,0,0,0
ReflectionRefresh,335,10.454704985022545,11.1149,12613,0,0,0
ReflectionRefresh,336,6.9115008227527142,6.9384,12613,0,0,0
ReflectionRefresh,337,7.2333971038460732,6.8586,12613,0,0,0
ReflectionRefresh,338,8.8703017681837082,9.1431,12613,0,0,0
ReflectionRefresh,339,8.5184946656227112,8.5505,12613,0,0,0
ReflectionRefresh,340,8.0904057249426842,8.1022,12613,0,0,0
ReflectionRefresh,341,7.3196995072066784,7.2344,12613,0,0,0
ReflectionRefresh,342,8.0832978710532188,8.2069,12613,0,0,0
ReflectionRefresh,343,7.4223992414772511,7.165,12613,0,0,0
ReflectionRefresh,344,7.98020139336586,8.1617,12613,0,0,0
ReflectionRefresh,345,6.8606007844209671,6.8043,12613,0,0,0
ReflectionRefresh,346,6.7651998251676559,6.8306,12613,0,0,0
ReflectionRefresh,347,6.4373016357421875,6.2773,12613,0,0,0
ReflectionRefresh,348,7.4976971372962,7.5955,12701,0,0,0
ReflectionRefresh,349,7.6027992181479931,7.5544,12613,0,0,0
ReflectionRefresh,350,7.9291025176644325,7.8893,12613,0,0,0
ReflectionRefresh,351,7.8144986182451248,7.7761,12665,0,0,0
ReflectionRefresh,352,6.8841977044939995,7.018,12613,0,0,0
ReflectionRefresh,353,7.0932041853666306,6.9916,12613,0,0,0
ReflectionRefresh,354,7.1428995579481125,7.1629,12613,0,0,0
ReflectionRefresh,355,9.8205003887414932,9.5418,12613,0,0,0
ReflectionRefresh,356,8.6249010637402534,8.8652,12613,0,0,0
ReflectionRefresh,357,8.5556972771883011,8.4944,12613,0,0,0
ReflectionRefresh,358,7.8905969858169556,7.9469,12613,0,0,0
ReflectionRefresh,359,6.7497021518647671,6.7637,12613,0,0,0
ReflectionRefresh,360,7.5892005115747452,7.4132999999999996,12613,0,0,0
ReflectionRefresh,361,7.4653984047472477,7.6067,12613,0,0,0
ReflectionRefresh,362,7.6236040331423283,7.652,12613,0,0,0
ReflectionRefresh,363,8.4215989336371422,8.3071,12613,0,0,0
ReflectionRefresh,364,8.06340016424656,8.0496,12613,0,0,0
ReflectionRefresh,365,7.4955993331968784,7.3357,12613,0,0,0
ReflectionRefresh,366,8.4862029179930687,8.6711,12613,0,0,0
ReflectionRefresh,367,8.0476971343159676,7.6935,12613,0,0,0
ReflectionRefresh,368,7.2301020845770836,7.5752,12701,0,0,0
ReflectionRefresh,369,6.8644983693957329,6.7912,12613,0,0,0
ReflectionRefresh,370,6.8546980619430542,6.8662,12613,0,0,0
ReflectionRefresh,371,8.0292019993066788,8.0677,12613,0,0,0
ReflectionRefresh,372,7.8664962202310562,7.7612,12613,0,0,0
ReflectionRefresh,373,8.67640320211649,8.6201,12613,0,0,0
ReflectionRefresh,374,8.74689593911171,8.8103,12613,0,0,0
ReflectionRefresh,375,7.5712017714977264,7.625,12613,0,0,0
ReflectionRefresh,376,6.8084043450653553,6.7275,12613,0,0,0
ReflectionRefresh,377,6.8510985001921654,6.8799,12665,0,0,0
ReflectionRefresh,378,7.5394981540739536,7.4219,12613,0,0,0
ReflectionRefresh,379,10.415703058242798,10.243,12613,0,0,0
ReflectionRefresh,380,7.6598995365202427,7.9057,12613,0,0,0
ReflectionRefresh,381,7.4742985889315605,7.4136,12613,0,0,0
ReflectionRefresh,382,7.9810023307800293,8.0333,12613,0,0,0
ReflectionRefresh,383,7.8662978485226631,7.691,12613,0,0,0
ReflectionRefresh,384,7.5668012723326683,7.7669,12613,0,0,0
ReflectionRefresh,385,7.5169005431234837,6.9696,12613,0,0,0
ReflectionRefresh,386,7.1781957522034645,7.5313,12613,0,0,0
ReflectionRefresh,387,6.9579011760652065,6.9315,12613,0,0,0
ReflectionRefresh,388,5.7305982336401939,5.9382,12701,0,0,0
ReflectionRefresh,389,7.0771044120192528,7.0057,12613,0,0,0
ReflectionRefresh,390,6.078195758163929,6.0504,12613,0,0,0
ReflectionRefresh,391,7.56510067731142,7.4001,12613,0,0,0
ReflectionRefresh,392,6.9992984645068645,7.2067,12613,0,0,0
ReflectionRefresh,393,7.0217051543295383,6.8893,12613,0,0,0
ReflectionRefresh,394,6.2808957882225513,6.3041,12613,0,0,0
ReflectionRefresh,395,7.6449052430689335,7.6176,12613,0,0,0
ReflectionRefresh,396,6.7440974526107311,6.8698,12613,0,0,0
ReflectionRefresh,397,5.6049036793410778,5.5303,12613,0,0,0
ReflectionRefresh,398,6.0536991804838181,6.0904,12613,0,0,0
ReflectionRefresh,399,5.159297026693821,5.1133,12613,0,0,0
ReflectionRefresh,400,5.6303003802895546,5.6087,12613,0,0,0
ReflectionRefresh,401,6.618197076022625,6.546,12613,0,0,0
ReflectionRefresh,402,5.9089995920658112,5.9386,12613,0,0,0
ReflectionRefresh,403,6.2667019665241241,6.2032,12613,0,0,0
ReflectionRefresh,404,6.7758997902274132,6.832,12613,0,0,0
ReflectionRefresh,405,6.5683037973940372,6.4,12613,0,0,0
ReflectionRefresh,406,6.8537984043359756,7.0526,12665,0,0,0
ReflectionRefresh,407,5.6704012677073479,5.5951,12613,0,0,0
ReflectionRefresh,408,5.9177014045417309,5.9312,12613,0,0,0
ReflectionRefresh,409,5.3783943876624107,5.3363,12613,0,0,0
ReflectionRefresh,410,6.4737033098936081,6.5679,12613,0,0,0
ReflectionRefresh,411,8.4121031686663628,8.1088,12613,0,0,0
ReflectionRefresh,412,7.1162981912493706,7.3207,18027,0,0,0
ReflectionRefresh,413,15.104896388947964,8.5534,12613,0,0,0
ReflectionRefresh,414,10.54670475423336,15.9176,12613,0,0,0
ReflectionRefresh,415,9.5747942104935646,10.6697,12613,0,0,0
ReflectionRefresh,416,6.8289046175777912,6.8511,12613,0,0,0
ReflectionRefresh,417,7.2665959596633911,7.0766,12613,0,0,0
ReflectionRefresh,418,6.2441043555736542,6.495,12613,0,0,0
ReflectionRefresh,419,5.817594937980175,5.7541,12613,0,0,0
ReflectionRefresh,420,6.4818025566637516,6.405,12613,0,0,0
ReflectionRefresh,421,5.36130229011178,5.4358,12613,0,0,0
ReflectionRefresh,422,5.859800148755312,5.8378,12613,0,0,0
ReflectionRefresh,423,6.92929420620203,6.8894,12613,0,0,0
ReflectionRefresh,424,5.6325043551623821,5.6882,12613,0,0,0
ReflectionRefresh,425,5.4437997750937939,5.3855,12613,0,0,0
ReflectionRefresh,426,4.9598002806305885,4.9953,12613,0,0,0
ReflectionRefresh,427,4.8297974281013012,4.8348,12613,0,0,0
ReflectionRefresh,428,6.44050445407629,6.3159,12613,0,0,0
ReflectionRefresh,429,5.40699390694499,5.5346,12613,0,0,0
ReflectionRefresh,430,5.2466057240962982,5.1873,12613,0,0,0
ReflectionRefresh,431,5.5063986219465733,5.4603,12613,0,0,0
ReflectionRefresh,432,5.72230014950037,5.7399,12613,0,0,0
ReflectionRefresh,433,6.2394984997808933,6.2984,12613,0,0,0
ReflectionRefresh,434,5.5817035026848316,5.3788,12613,0,0,0
ReflectionRefresh,435,5.8368975296616554,5.935,12701,0,0,0
ReflectionRefresh,436,5.3849983960390091,5.2707,12613,0,0,0
ReflectionRefresh,437,7.2260983288288116,7.3342,12665,0,0,0
ReflectionRefresh,438,5.7606999762356281,5.7437,12613,0,0,0
ReflectionRefresh,439,5.8325044810771942,5.8872,12613,0,0,0
ReflectionRefresh,440,5.07750129327178,5.0084,12613,0,0,0
ReflectionRefresh,441,6.2367985956370831,6.1907,12613,0,0,0
ReflectionRefresh,442,6.5187998116016388,6.5499,12613,0,0,0
ReflectionRefresh,443,5.3347009234130383,5.392,12613,0,0,0
ReflectionRefresh,444,5.8860969729721546,5.6587,12613,0,0,0
ReflectionRefresh,445,5.8417022228240967,6.0291,12613,0,0,0
ReflectionRefresh,446,5.6102960370481014,5.5166,12613,0,0,0
ReflectionRefresh,447,9.2364018782973289,9.2736,12613,0,0,0
ReflectionRefresh,448,13.61369714140892,6.6586,12613,0,0,0
ReflectionRefresh,449,121.83850258588791,15.1745,12613,1,0,0
ReflectionRefresh,450,108.77289623022079,119.4058,12718,1,0,0
ReflectionRefresh,451,102.04830020666122,108.0437,13437,1,0,0
ReflectionRefresh,452,15.457100234925747,105.7977,26599,1,0,0
ReflectionRefresh,453,109.13649946451187,14.2846,24869,1,0,0
ReflectionRefresh,454,95.37079930305481,106.5453,13461,1,0,0
ReflectionRefresh,455,8.7002059444785118,95.9183,13497,1,0,0
ReflectionRefresh,456,6.83279475197196,7.4161,13409,1,0,0
ReflectionRefresh,457,13.467701151967049,7.9344,13409,1,0,0
ReflectionRefresh,458,10.183099657297134,12.595,13409,1,0,0
ReflectionRefresh,459,6.2950043939054012,10.615,13409,1,0,0
ReflectionRefresh,460,12.193799950182438,6.1831,13409,1,0,0
ReflectionRefresh,461,11.365901678800583,12.5303,13409,1,0,0
ReflectionRefresh,462,6.6155968233942986,10.8407,13409,1,0,0
ReflectionRefresh,463,10.885501280426979,6.5088,13409,1,0,0
ReflectionRefresh,464,5.8065974153578281,10.8001,13409,1,0,0
ReflectionRefresh,465,12.169203720986843,6.5677,13409,1,0,0
ReflectionRefresh,466,7.82689917832613,12.2388,13461,1,0,0
ReflectionRefresh,467,7.09129823371768,7.9506,13409,1,0,0
ReflectionRefresh,468,7.1492986753582954,6.7785,13409,1,0,0
ReflectionRefresh,469,6.7408019676804543,6.7367,13409,1,0,0
ReflectionRefresh,470,6.86699990183115,6.5031,13409,1,0,0
ReflectionRefresh,471,9.2123020440340042,7.4943,13409,1,0,0
ReflectionRefresh,472,6.5856007859110832,8.588,13409,1,0,0
ReflectionRefresh,473,5.7905968278646469,6.5738,13497,1,0,0
ReflectionRefresh,474,6.0783019289374352,6.0805,13409,1,0,0
ReflectionRefresh,475,5.6196996010839939,5.509,13409,1,0,0
ReflectionRefresh,476,6.4088008366525173,6.091,13409,1,0,0
ReflectionRefresh,477,6.665100809186697,5.7019,13409,1,0,0
ReflectionRefresh,478,10.046796873211861,8.3001,13409,1,0,0
ReflectionRefresh,479,10.709899477660656,11.0041,25091,1,0,0
ReflectionRefresh,480,5.750198382884264,8.3705,13409,1,0,0
ReflectionRefresh,481,7.0872022770345211,5.9716,13409,1,0,0
ReflectionRefresh,482,4.4246031902730465,6.7941,13409,1,0,0
ReflectionRefresh,483,7.6276999898254871,4.1584,12613,1,0,0
ReflectionRefresh,484,5.4018991068005562,7.8335,13409,1,0,0
ReflectionRefresh,485,4.7848992981016636,5.6779,13409,1,0,0
ReflectionRefresh,486,5.9944018721580505,4.8733,12613,1,0,0
ReflectionRefresh,487,4.3093962594866753,5.494,13409,1,0,0
ReflectionRefresh,488,6.8187005817890167,5.6766,12613,1,0,0
ReflectionRefresh,489,6.5332977101206779,6.4295,13409,1,0,0
ReflectionRefresh,490,11.919302865862846,8.1196,13409,1,0,0
ReflectionRefresh,491,7.2779976762831211,10.6188,13409,1,0,0
ReflectionRefresh,492,7.3071997612714767,7.4741,13409,1,0,0
ReflectionRefresh,493,7.0539047010242939,6.5608,13409,1,0,0
ReflectionRefresh,494,8.2626985386013985,7.8614,13409,1,0,0
ReflectionRefresh,495,9.6677010878920555,6.8014,13549,1,0,0
ReflectionRefresh,496,6.1724986881017685,10.2992,13409,1,0,0
ReflectionRefresh,497,5.1930979825556278,5.2919,13409,1,0,0
ReflectionRefresh,498,6.240802351385355,5.7388,13409,1,0,0
ReflectionRefresh,499,5.52359689027071,5.5794,13409,1,0,0
ReflectionRefresh,500,6.12000422552228,5.5449,13409,1,0,0
ReflectionRefresh,501,7.139895111322403,7.3973,13409,1,0,0
ReflectionRefresh,502,5.278401542454958,5.971,13409,1,0,0
ReflectionRefresh,503,6.6651999950408936,6.0214,13409,1,0,0
ReflectionRefresh,504,7.1809026412665844,7.1519,13409,1,0,0
ReflectionRefresh,505,10.459898971021175,6.2507,13409,1,0,0
ReflectionRefresh,506,14.666602946817875,12.9825,24881,1,0,0
ReflectionRefresh,507,13.771896250545979,15.4292,29351,1,0,0
ReflectionRefresh,508,4.8255030997097492,10.6545,13401,1,0,0
ReflectionRefresh,509,11.783694848418236,4.8991,12613,1,0,0
ReflectionRefresh,510,5.921605508774519,11.2899,13401,1,0,0
ReflectionRefresh,511,10.018997825682163,5.9023,13401,1,0,0
ReflectionRefresh,512,7.2144982405006886,10.9855,17485,1,0,0
ReflectionRefresh,513,10.62090415507555,6.9924,12613,1,0,0
ReflectionRefresh,514,4.92119463160634,9.9599,12701,1,0,0
ReflectionRefresh,515,5.4507013410329819,5.1996,12613,1,0,0
ReflectionRefresh,516,5.2168010734021664,5.7599,12613,1,0,0
ReflectionRefresh,517,6.947200745344162,6.3543,12613,1,0,0
ReflectionRefresh,518,6.0549955815076828,6.2409,12613,1,0,0
ReflectionRefresh,519,5.4518990218639374,5.8373,12613,1,0,0
ReflectionRefresh,520,5.5739018134772778,5.3657,12613,1,0,0
ReflectionRefresh,521,6.647101603448391,6.7878,12613,1,0,0
ReflectionRefresh,522,5.3720027208328247,5.3521,12665,1,0,0
ReflectionRefresh,523,6.2247943133115768,5.8049,12613,1,0,0
ReflectionRefresh,524,5.3401007317006588,5.7752,12613,1,0,0
ReflectionRefresh,525,5.0354027189314365,4.9508,12613,1,0,0
ReflectionRefresh,526,5.7886973954737186,5.6665,12613,1,0,0
ReflectionRefresh,527,6.5100057981908321,6.6665,12613,1,0,0
ReflectionRefresh,528,6.1784936115145683,6.0114,12613,1,0,0
ReflectionRefresh,529,6.6332058049738407,6.7733,12613,1,0,0
ReflectionRefresh,530,6.0925949364900589,5.6535,12613,1,0,0
ReflectionRefresh,531,9.5553994178771973,7.5327,12613,1,0,0
ReflectionRefresh,532,7.1653062477707863,9.0797,12613,1,0,0
ReflectionRefresh,533,9.751494973897934,9.3943,12613,1,0,0
ReflectionRefresh,534,6.9729024544358253,7.1571,12613,1,0,0
ReflectionRefresh,535,8.439299650490284,8.7213,12613,1,0,0
ReflectionRefresh,536,7.1795987896621227,6.8984,12613,1,0,0
ReflectionRefresh,537,14.026700519025326,14.0856,12613,1,0,0
ReflectionRefresh,538,8.7641011923551559,8.4319,12701,1,0,0
ReflectionRefresh,539,9.4501981511712074,8.6585,12613,1,0,0
ReflectionRefresh,540,13.383396901190281,14.0483,12613,1,0,0
ReflectionRefresh,541,8.9437002316117287,9.532,12613,1,0,0
ReflectionRefresh,542,7.1355015970766544,7.0697,12613,1,0,0
ReflectionRefresh,543,7.16470368206501,7.2507,12613,1,0,0
ReflectionRefresh,544,6.9202948361635208,6.8029,12613,1,0,0
ReflectionRefresh,545,6.405300460755825,6.7825,12613,1,0,0
ReflectionRefresh,546,6.5250000916421413,6.5681,12613,1,0,0
ReflectionRefresh,547,5.5555980652570724,5.6759,12613,1,0,0
ReflectionRefresh,548,7.1511054411530495,6.4067,12613,1,0,0
ReflectionRefresh,549,6.9044004194438457,7.5633,12665,1,0,0
ReflectionRefresh,550,5.6541948579251766,5.2204,12613,1,0,0
ReflectionRefresh,551,7.5545990839600563,7.8608,12613,1,0,0
ReflectionRefresh,552,6.9749997928738594,6.0003,12613,1,0,0
ReflectionRefresh,553,8.4872022271156311,9.3952,12613,1,0,0
ReflectionRefresh,554,6.4453016966581345,5.9173,12613,1,0,0
ReflectionRefresh,555,7.9198982566595078,7.8621,12613,1,0,0
ReflectionRefresh,556,8.7562007829546928,8.6088,12613,1,0,0
ReflectionRefresh,557,7.8812995925545692,8.0363,12613,1,0,0
ReflectionRefresh,558,6.4084040932357311,6.1078,12701,1,0,0
ReflectionRefresh,559,6.4365998841822147,7.3071,12613,1,0,0
ReflectionRefresh,560,7.6662981882691383,6.8675,12613,1,0,0
ReflectionRefresh,561,6.1044003814458847,6.923,12613,1,0,0
ReflectionRefresh,562,5.6118974462151527,5.4945,12613,1,0,0
ReflectionRefresh,563,5.9895976446568966,6.1665,12613,1,0,0
ReflectionRefresh,564,5.5222008377313614,5.4331,12613,1,0,0
ReflectionRefresh,565,5.2174036391079426,5.2567,12613,1,0,0
ReflectionRefresh,566,5.3946995176374912,5.3185,12613,1,0,0
ReflectionRefresh,567,5.1928004249930382,5.3086,12613,1,0,0
ReflectionRefresh,568,4.599397536367178,4.6092,12613,1,0,0
ReflectionRefresh,569,5.025800783187151,4.886,12613,1,0,0
ReflectionRefresh,570,5.4595023393630981,5.4888,12613,1,0,0
ReflectionRefresh,571,4.8833969049155712,4.8945,12613,1,0,0
ReflectionRefresh,572,5.4629039950668812,5.4412,12613,1,0,0
ReflectionRefresh,573,5.7112951762974262,5.7121,12613,1,0,0
ReflectionRefresh,574,5.093997810035944,5.0931,12613,1,0,0
ReflectionRefresh,575,5.60350064188242,5.4764,12613,1,0,0
ReflectionRefresh,576,5.1057045347988605,5.2419,12613,1,0,0
ReflectionRefresh,577,5.5563990026712418,5.0162,12613,1,0,0
ReflectionRefresh,578,6.1721019446849823,5.3132,12613,1,0,0
ReflectionRefresh,579,9.3943951651453972,7.0747,12613,1,0,0
ReflectionRefresh,580,5.63690485432744,9.2632,12613,1,0,0
ReflectionRefresh,581,5.5135982111096382,5.4352,12613,1,0,0
ReflectionRefresh,582,7.4611962772905827,7.5448,12665,1,0,0
ReflectionRefresh,583,6.0617062263190746,5.9047,12613,1,0,0
ReflectionRefresh,584,5.2842972800135612,5.4703,12701,1,0,0
ReflectionRefresh,585,4.8323981463909149,4.7667,12613,1,0,0
ReflectionRefresh,586,5.4508005268871784,4.997,12613,1,0,0
ReflectionRefresh,587,6.092502735555172,5.3295,12613,1,0,0
ReflectionRefresh,588,6.1242985539138317,6.419,12613,1,0,0
ReflectionRefresh,589,6.2580001540482044,5.9052,12613,1,0,0
ReflectionRefresh,590,6.248802412301302,5.8905,12613,1,0,0
ReflectionRefresh,591,6.1206985265016556,6.3366,12613,1,0,0
ReflectionRefresh,592,6.161196157336235,6.2101,12613,1,0,0
ReflectionRefresh,593,6.1180060729384422,7.2201,12613,1,0,0
ReflectionRefresh,594,6.178698968142271,5.2646,12613,1,0,0
ReflectionRefresh,595,6.2241991981863976,5.6991,12613,1,0,0
ReflectionRefresh,596,6.2100975774228573,7.0508,12613,1,0,0
ReflectionRefresh,597,6.2202028930187225,5.6601,12613,1,0,0
ReflectionRefresh,598,6.0504958964884281,5.865,12613,1,0,0
ReflectionRefresh,599,6.0908021405339241,6.2967,12613,1,0,0
ReflectionRefresh,600,30.223101377487183,8.9317,12613,0,0,0
ReflectionRefresh,601,57.116098701953888,30.3064,12613,0,0,0
ReflectionRefresh,602,6.6089993342757225,55.638,12613,0,0,0
ReflectionRefresh,603,7.2529972530901432,7.2113,12753,0,0,0
ReflectionRefresh,604,5.6340987794101238,5.9279,12613,0,0,0
ReflectionRefresh,605,4.8385062254965305,4.8635,12613,0,0,0
ReflectionRefresh,606,6.1703938990831375,6.0021,12613,0,0,0
ReflectionRefresh,607,6.07160571962595,6.2335,12613,0,0,0
ReflectionRefresh,608,5.1469956524670124,4.9702,12613,0,0,0
ReflectionRefresh,609,5.402302835136652,5.5186,12613,0,0,0
ReflectionRefresh,610,4.8680980689823627,4.8714,12613,0,0,0
ReflectionRefresh,611,4.4840988703072071,4.5132,12613,0,0,0
ReflectionRefresh,612,4.9961027689278126,4.9559,12613,0,0,0
ReflectionRefresh,613,4.4845025986433029,4.4912,12613,0,0,0
ReflectionRefresh,614,4.4397958554327488,4.4775,12613,0,0,0
ReflectionRefresh,615,4.7796983271837234,4.7837,12613,0,0,0
ReflectionRefresh,616,4.50660428032279,4.4482,12613,0,0,0
ReflectionRefresh,617,4.0973001159727573,4.1447,12613,0,0,0
ReflectionRefresh,618,4.4395974837243557,4.3728,12613,0,0,0
ReflectionRefresh,619,6.4382017590105534,6.4274,12613,0,0,0
ReflectionRefresh,620,4.5387968420982361,4.53,12613,0,0,0
ReflectionRefresh,621,4.6824049204587936,4.712,12613,0,0,0
ReflectionRefresh,622,5.140695720911026,5.0448,12613,0,0,0
ReflectionRefresh,623,4.0437001734972,4.1411,12613,0,0,0
ReflectionRefresh,624,3.9329011924564838,3.9189,12613,0,0,0
ReflectionRefresh,625,4.3618977069854736,4.248,12613,0,0,0
ReflectionRefresh,626,4.4151004403829575,4.5226,12613,0,0,0
ReflectionRefresh,627,4.4420990161597729,4.3737,12613,0,0,0
ReflectionRefresh,628,4.6445010229945183,4.6244,12613,0,0,0
ReflectionRefresh,629,5.63720241189003,5.6751,12613,0,0,0
ReflectionRefresh,630,5.0564981065690517,4.8015,12613,0,0,0
ReflectionRefresh,631,4.9393991939723492,5.0369,12613,0,0,0
ReflectionRefresh,632,6.44350191578269,6.4466,12613,0,0,0
ReflectionRefresh,633,14.412103220820427,4.7525,12701,0,0,0
ReflectionRefresh,634,5.9649944305419922,15.6278,12613,0,0,0
ReflectionRefresh,635,5.8010062202811241,5.8491,12613,0,0,0
ReflectionRefresh,636,6.07159873470664,6.0336,12613,0,0,0
ReflectionRefresh,637,5.171995609998703,5.2405,12613,0,0,0
ReflectionRefresh,638,5.4541029967367649,5.3427,12613,0,0,0
ReflectionRefresh,639,4.9407030455768108,5.0194,12613,0,0,0
ReflectionRefresh,640,4.6633998863399029,4.6678,12613,0,0,0
ReflectionRefresh,641,4.4137965887784958,4.2626,12665,0,0,0
ReflectionRefresh,642,4.4404976069927216,4.6054,12613,0,0,0
ReflectionRefresh,643,4.0582059882581234,4.0542,12613,0,0,0
ReflectionRefresh,644,4.0134000591933727,3.9495,12613,0,0,0
ReflectionRefresh,645,4.2782952077686787,4.253,12613,0,0,0
ReflectionRefresh,646,4.1274023242294788,4.1127,12613,0,0,0
ReflectionRefresh,647,4.5037982054054737,4.4671,12613,0,0,0
ReflectionRefresh,648,5.66850183531642,5.4857,12613,0,0,0
ReflectionRefresh,649,4.8620961606502533,4.9478,12613,0,0,0
ReflectionRefresh,650,4.3108062818646431,4.426,12613,0,0,0
ReflectionRefresh,651,4.5276004821062088,4.5527,12613,0,0,0
ReflectionRefresh,652,4.3856929987668991,4.2797,12613,0,0,0
ReflectionRefresh,653,4.6233064495027065,4.6406,12613,0,0,0
ReflectionRefresh,654,4.8223002813756466,4.6502,12613,0,0,0
ReflectionRefresh,655,5.7402988895773888,5.8851,12613,0,0,0
ReflectionRefresh,656,4.8717972822487354,4.9183,12613,0,0,0
ReflectionRefresh,657,5.1676020957529545,5.092,12613,0,0,0
ReflectionRefresh,658,4.7565973363816738,4.8342,12613,0,0,0
ReflectionRefresh,659,4.5730015262961388,4.5401,12613,0,0,0
ReflectionRefresh,660,4.3271966278553009,4.2859,12613,0,0,0
ReflectionRefresh,661,4.5483065769076347,4.5019,12613,0,0,0
ReflectionRefresh,662,4.9021965824067593,4.8943,12613,0,0,0
ReflectionRefresh,663,4.4405967928469181,4.4465,12701,0,0,0
ReflectionRefresh,664,4.2237034067511559,4.265,12613,0,0,0
ReflectionRefresh,665,4.6187005937099457,4.6122,12613,0,0,0
ReflectionRefresh,666,4.3830000795423985,4.3431,12613,0,0,0
ReflectionRefresh,667,4.5687993988394737,4.6244,12613,0,0,0
ReflectionRefresh,668,4.6505029313266277,4.5838,12613,0,0,0
ReflectionRefresh,669,5.7965987361967564,5.7863,12613,0,0,0
ReflectionRefresh,670,4.5606009662151337,4.6099,12613,0,0,0
ReflectionRefresh,671,5.9464001096785069,5.8144,12613,0,0,0
ReflectionRefresh,672,5.1917941309511662,5.2592,12613,0,0,0
ReflectionRefresh,673,4.3201036751270294,4.3556,12613,0,0,0
ReflectionRefresh,674,4.6566962264478207,4.53,12613,0,0,0
ReflectionRefresh,675,5.5035999976098537,5.5786,12613,0,0,0
ReflectionRefresh,676,4.8855016939342022,4.8403,12613,0,0,0
ReflectionRefresh,677,5.9784012846648693,5.9906,12613,0,0,0
ReflectionRefresh,678,4.68030059710145,4.6691,12613,0,0,0
ReflectionRefresh,679,4.7444021329283714,4.7787,12613,0,0,0
ReflectionRefresh,680,4.4488944113254547,4.4447,12613,0,0,0
ReflectionRefresh,681,4.5060021802783012,4.4482,12613,0,0,0
ReflectionRefresh,682,4.1371029801666737,4.1764,12613,0,0,0
ReflectionRefresh,683,4.5571001246571541,4.544,12613,0,0,0
ReflectionRefresh,684,4.3513961136341095,4.2962,12665,0,0,0
ReflectionRefresh,685,5.6336023844778538,5.5402,12613,0,0,0
ReflectionRefresh,686,4.8964992165565491,4.9573,12613,0,0,0
ReflectionRefresh,687,5.1921983249485493,5.2709,12613,0,0,0
ReflectionRefresh,688,4.1893990710377693,4.1651,12613,0,0,0
ReflectionRefresh,689,5.0753047689795494,5.0136,12613,0,0,0
ReflectionRefresh,690,4.6520973555743694,4.6409,12613,0,0,0
ReflectionRefresh,691,5.263796541839838,5.3235,12613,0,0,0
ReflectionRefresh,692,4.85020549967885,4.7555,12613,0,0,0
ReflectionRefresh,693,4.9654976464807987,4.9464,12613,0,0,0
ReflectionRefresh,694,5.5562001653015614,5.4622,12613,0,0,0
ReflectionRefresh,695,4.3205004185438156,4.4934,12701,0,0,0
ReflectionRefresh,696,4.3703019618988037,4.328,12613,0,0,0
ReflectionRefresh,697,5.47249848023057,5.3387,12613,0,0,0
ReflectionRefresh,698,4.4454010203480721,4.5805,12613,0,0,0
ReflectionRefresh,699,4.1768993251025677,4.1759,12613,0,0,0
ReflectionRefresh,700,5.5383006110787392,5.3592,12613,0,0,0
ReflectionRefresh,701,4.606795497238636,4.7377,12613,0,0,0
ReflectionRefresh,702,4.5990999788045883,4.58,12613,0,0,0
ReflectionRefresh,703,5.0026997923851013,4.9731,12613,0,0,0
ReflectionRefresh,704,4.9723992124199867,5.0165,12613,0,0,0
ReflectionRefresh,705,4.8094033263623714,4.7055,12613,0,0,0
ReflectionRefresh,706,4.9780965782701969,4.9685,12613,0,0,0
ReflectionRefresh,707,4.888300783932209,4.965,12613,0,0,0
ReflectionRefresh,708,4.6979025937616825,4.667,12613,0,0,0
ReflectionRefresh,709,4.442297387868166,4.4272,12613,0,0,0
ReflectionRefresh,710,5.1589002832770348,5.1894,12613,0,0,0
ReflectionRefresh,711,4.2919004335999489,4.3036,12613,0,0,0
ReflectionRefresh,712,4.8847999423742294,4.7793,12613,0,0,0
ReflectionRefresh,713,4.8527992330491543,4.8521,12613,0,0,0
ReflectionRefresh,714,4.7294003888964653,4.7759,12613,0,0,0
ReflectionRefresh,715,5.168501753360033,5.1088,12613,0,0,0
ReflectionRefresh,716,4.238499328494072,4.2395,12613,0,0,0
ReflectionRefresh,717,4.8998016864061356,4.9429,12613,0,0,0
ReflectionRefresh,718,4.3821996077895164,4.3292,12613,0,0,0
ReflectionRefresh,719,3.8794996216893196,3.9127,12613,0,0,0
ReflectionRefresh,720,4.3327026069164276,4.3559,12613,0,0,0
ReflectionRefresh,721,4.44190064445138,4.3555,12613,0,0,0
ReflectionRefresh,722,4.1312002576887608,4.2,12613,0,0,0
ReflectionRefresh,723,4.41339984536171,4.2896,12613,0,0,0
ReflectionRefresh,724,5.629194900393486,5.6759,12613,0,0,0
ReflectionRefresh,725,4.5259990729391575,4.5762,12613,0,0,0
ReflectionRefresh,726,4.1455002501606941,4.098,12613,0,0,0
ReflectionRefresh,727,5.7659014128148556,5.6648,12665,0,0,0
ReflectionRefresh,728,4.664604552090168,4.7961,12701,0,0,0
ReflectionRefresh,729,4.1876984760165215,4.1767,12613,0,0,0
ReflectionRefresh,730,4.6892999671399593,4.5731,12613,0,0,0
ReflectionRefresh,731,4.1931974701583385,4.297,12613,0,0,0
ReflectionRefresh,732,4.220698494464159,4.2158,12613,0,0,0
ReflectionRefresh,733,3.9696004241704941,3.9123,12613,0,0,0
ReflectionRefresh,734,4.4375993311405182,4.4376,12613,0,0,0
ReflectionRefresh,735,4.6459040604531765,4.667,12613,0,0,0
ReflectionRefresh,736,3.9811013266444206,3.925,12613,0,0,0
ReflectionRefresh,737,4.67709731310606,4.5731,12613,0,0,0
ReflectionRefresh,738,5.4687997326254845,5.5559,12613,0,0,0
ReflectionRefresh,739,4.2499005794525146,4.3045,12613,0,0,0
ReflectionRefresh,740,4.7410004772245884,4.6671,12613,0,0,0
ReflectionRefresh,741,5.5294996127486229,5.417,12613,0,0,0
ReflectionRefresh,742,4.85649798065424,5.0068,12613,0,0,0
ReflectionRefresh,743,5.0660003907978535,4.8748,12613,0,0,0
ReflectionRefresh,744,6.1715985648334026,6.2731,12613,0,0,0
ReflectionRefresh,745,4.4988025911152363,4.565,12613,0,0,0
ReflectionRefresh,746,4.8227962106466293,4.7688,12613,0,0,0
ReflectionRefresh,747,5.2614016458392143,5.2095,12613,0,0,0
ReflectionRefresh,748,4.7726049087941647,4.8341,12613,0,0,0
ReflectionRefresh,749,5.0101969391107559,4.9625,12613,0,0,0
ReflectionRefresh,750,5.9314980171620846,5.8736,12613,0,0,0
ReflectionRefresh,751,4.94999997317791,4.995,12613,0,0,0
ReflectionRefresh,752,4.658503457903862,4.6897,12613,0,0,0
ReflectionRefresh,753,5.4866992868483067,5.3778,12613,0,0,0
ReflectionRefresh,754,4.5196996070444584,4.6092,12613,0,0,0
ReflectionRefresh,755,4.5671979896724224,4.5676,12613,0,0,0
ReflectionRefresh,756,5.7006021961569786,5.5054,12613,0,0,0
ReflectionRefresh,757,5.2245962433516979,5.38,12613,0,0,0
ReflectionRefresh,758,5.24490512907505,5.0748,12613,0,0,0
ReflectionRefresh,759,5.7656960561871529,5.9086,12701,0,0,0
ReflectionRefresh,760,4.9443026073277,4.877,12613,0,0,0
ReflectionRefresh,761,7.895302027463913,7.6478,12613,0,0,0
ReflectionRefresh,762,6.1279973015189171,6.3447,12613,0,0,0
ReflectionRefresh,763,5.3184027783572674,5.3603,12613,0,0,0
ReflectionRefresh,764,7.2014951147139072,7.1176,12613,0,0,0
ReflectionRefresh,765,6.37800432741642,6.4543,12613,0,0,0
ReflectionRefresh,766,7.2745960205793381,7.2066,12613,0,0,0
ReflectionRefresh,767,5.33870467916131,5.4159,12665,0,0,0
ReflectionRefresh,768,5.5298963561654091,5.3652,12613,0,0,0
ReflectionRefresh,769,6.6135982051491737,6.6982,12613,0,0,0
ReflectionRefresh,770,5.4454011842608452,5.3868,12613,0,0,0
ReflectionRefresh,771,4.7817034646868706,4.8738,12613,0,0,0
ReflectionRefresh,772,4.9208970740437508,4.8583,12613,0,0,0
ReflectionRefresh,773,5.2160997875034809,5.1645,12613,0,0,0
ReflectionRefresh,774,5.1302011124789715,5.0754,12613,0,0,0
ReflectionRefresh,775,5.7366001419723034,5.7803,12613,0,0,0
ReflectionRefresh,776,4.5999009162187576,4.6731,12613,0,0,0
ReflectionRefresh,777,4.99540101736784,4.9221,12613,0,0,0
ReflectionRefresh,778,6.2410999089479446,6.137,12613,0,0,0
ReflectionRefresh,779,5.3443950600922108,5.4298,12613,0,0,0
ReflectionRefresh,780,5.1662060432136059,5.1616,12613,0,0,0
ReflectionRefresh,781,5.5357995443046093,5.5621,12613,0,0,0
ReflectionRefresh,782,4.846697673201561,4.8066,12613,0,0,0
ReflectionRefresh,783,4.6911989338696,4.6748,12613,0,0,0
ReflectionRefresh,784,5.1326034590601921,5.193,12613,0,0,0
ReflectionRefresh,785,5.246293731033802,5.0909,12613,0,0,0
ReflectionRefresh,786,5.64510328695178,5.688,12701,0,0,0
ReflectionRefresh,787,5.08619612082839,5.074,12613,0,0,0
ReflectionRefresh,788,5.2802013233304024,5.3591,12613,0,0,0
ReflectionRefresh,789,5.5455002002418041,5.2321,12613,0,0,0
ReflectionRefresh,790,5.1807044073939323,5.4819,12613,0,0,0
ReflectionRefresh,791,4.7273952513933182,4.6683,12613,0,0,0
ReflectionRefresh,792,4.5587019994854927,4.5406,12613,0,0,0
ReflectionRefresh,793,5.4992986842989922,5.5199,12613,0,0,0
ReflectionRefresh,794,4.973200149834156,4.9487,12613,0,0,0
ReflectionRefresh,795,4.9509000964462757,4.928,12613,0,0,0
ReflectionRefresh,796,5.5387048050761223,5.4784,12613,0,0,0
ReflectionRefresh,797,4.9698981456458569,5.087,12613,0,0,0
ReflectionRefresh,798,5.4509993642568588,5.3347,12613,0,0,0
ReflectionRefresh,799,5.7187997736036777,5.6464,12613,0,0,0
ReflectionRefresh,800,4.8059029504656792,4.8741,12613,0,0,0
ReflectionRefresh,801,4.7125001437962055,4.7012,12613,0,0,0
ReflectionRefresh,802,5.0001982599496841,5.0565,12613,0,0,0
ReflectionRefresh,803,4.7650015912950039,4.7204,12613,0,0,0
ReflectionRefresh,804,4.6732993796467781,4.7223,12613,0,0,0
ReflectionRefresh,805,5.9188986197113991,5.8211,12613,0,0,0
ReflectionRefresh,806,4.83959773555398,4.8721,12665,0,0,0
ReflectionRefresh,807,4.89860400557518,4.9272,12613,0,0,0
ReflectionRefresh,808,4.9699973315000534,4.8191,12613,0,0,0
ReflectionRefresh,809,5.63450250774622,5.7156,12613,0,0,0
ReflectionRefresh,810,5.5321003310382366,5.512,12613,0,0,0
ReflectionRefresh,811,6.03219959884882,6.046,13677,0,0,0
ReflectionRefresh,812,5.9986962005496025,5.9017,110650,0,0,0
ReflectionRefresh,813,6.0003045946359634,6.0156,26493,0,0,0
ReflectionRefresh,814,5.8299959637224674,5.7588,12766,0,0,0
ReflectionRefresh,815,4.6445010229945183,4.8036,12701,0,0,0
ReflectionRefresh,816,4.6974983997642994,4.6285,12613,0,0,0
ReflectionRefresh,817,6.577005609869957,6.5358,17939,0,0,0
ReflectionRefresh,818,13.874695636332035,6.1479,12613,0,0,0
ReflectionRefresh,819,10.003698989748955,13.9201,12613,0,0,0
ReflectionRefresh,820,6.859303917735815,10.6563,12613,0,0,0
ReflectionRefresh,821,5.7552014477550983,5.8166,12613,0,0,0
ReflectionRefresh,822,7.512400858104229,7.4021,12613,0,0,0
ReflectionRefresh,823,5.3066965192556381,5.3814,12613,0,0,0
ReflectionRefresh,824,5.5382014252245426,5.4856,12613,0,0,0
ReflectionRefresh,825,4.5847008004784584,4.5866,12613,0,0,0
ReflectionRefresh,826,4.7037983313202858,4.7502,12613,0,0,0
ReflectionRefresh,827,6.3084964640438557,6.1176,12613,0,0,0
ReflectionRefresh,828,5.642205011099577,5.8009,12613,0,0,0
ReflectionRefresh,829,5.3338008001446724,5.2713,12613,0,0,0
ReflectionRefresh,830,4.9008997157216072,4.8952,12613,0,0,0
ReflectionRefresh,831,4.9364939332008362,5.0012,12613,0,0,0
ReflectionRefresh,832,4.9178004264831543,4.793,12613,0,0,0
ReflectionRefresh,833,5.2351048216223717,5.2623,12613,0,0,0
ReflectionRefresh,834,5.3375000134110451,5.3352,12613,0,0,0
ReflectionRefresh,835,5.88380079716444,5.9034,12613,0,0,0
ReflectionRefresh,836,5.1408940926194191,5.0116,12613,0,0,0
ReflectionRefresh,837,4.9862032756209373,5.1155,12613,0,0,0
ReflectionRefresh,838,4.5148031786084175,4.5196,12613,0,0,0
ReflectionRefresh,839,4.54439502209425,4.3684,12613,0,0,0
ReflectionRefresh,840,5.4911989718675613,5.5585,12613,0,0,0
ReflectionRefresh,841,5.0225057639181614,5.0546,12753,0,0,0
ReflectionRefresh,842,5.1529975607991219,5.1095,12613,0,0,0
ReflectionRefresh,843,5.310501903295517,5.3241,12613,0,0,0
ReflectionRefresh,844,5.27379522100091,5.3186,12613,0,0,0
ReflectionRefresh,845,5.4062996059656143,5.2397,12613,0,0,0
ReflectionRefresh,846,6.3720024190843105,6.5196,12613,0,0,0
ReflectionRefresh,847,4.8089995980262756,4.7464,12613,0,0,0
ReflectionRefresh,848,5.52410027012229,5.5625,12613,0,0,0
ReflectionRefresh,849,4.85620042309165,4.8138,12613,0,0,0
ReflectionRefresh,850,4.8777991905808449,4.8872,12613,0,0,0
ReflectionRefresh,851,5.79000124707818,5.6943,12613,0,0,0
ReflectionRefresh,852,5.7392008602619171,5.8131,12613,0,0,0
ReflectionRefresh,853,11.025495827198029,4.7915,12613,0,0,0
ReflectionRefresh,854,13.305902481079102,11.4654,12613,0,0,0
ReflectionRefresh,855,5.7895975187420845,13.7737,12613,0,0,0
ReflectionRefresh,856,4.7483062371611595,4.8478,12613,0,0,0
ReflectionRefresh,857,5.0555979833006859,5.0268,12613,0,0,0
ReflectionRefresh,858,4.7728954814374447,4.736,12613,0,0,0
ReflectionRefresh,859,4.9159014597535133,4.9579,12613,0,0,0
ReflectionRefresh,860,5.9016016311943531,5.7213,12613,0,0,0
ReflectionRefresh,861,5.9398030862212181,6.0948,12613,0,0,0
ReflectionRefresh,862,4.8124007880687714,4.7222,12613,0,0,0
ReflectionRefresh,863,5.61439897865057,5.651,12613,0,0,0
ReflectionRefresh,864,4.5148949138820171,4.5118,12613,0,0,0
ReflectionRefresh,865,4.7804987989366055,4.7072,12613,0,0,0
ReflectionRefresh,866,5.5173044092953205,5.4443,12613,0,0,0
ReflectionRefresh,867,5.441000685095787,5.5642,12701,0,0,0
ReflectionRefresh,868,4.733099602162838,4.69,12613,0,0,0
ReflectionRefresh,869,5.46649657189846,5.4796,12613,0,0,0
ReflectionRefresh,870,5.5027990601956844,5.4301,12613,0,0,0
ReflectionRefresh,871,4.5291027054190636,4.6335,12613,0,0,0
ReflectionRefresh,872,4.83339698985219,4.8119,12613,0,0,0
ReflectionRefresh,873,5.1639028824865818,5.0667,12613,0,0,0
ReflectionRefresh,874,4.5141014270484447,4.5956,12613,0,0,0
ReflectionRefresh,875,5.1357001066207886,5.0634,12613,0,0,0
ReflectionRefresh,876,5.3141014650464058,5.2966,12613,0,0,0
ReflectionRefresh,877,4.72599919885397,4.8082,12665,0,0,0
ReflectionRefresh,878,5.3007015958428383,5.0478,12613,0,0,0
ReflectionRefresh,879,5.3802933543920517,5.5613,12613,0,0,0
ReflectionRefresh,880,5.508106667548418,5.4929,12613,0,0,0
ReflectionRefresh,881,5.27619756758213,5.1814,12613,0,0,0
ReflectionRefresh,882,4.69149649143219,4.8036,12613,0,0,0
ReflectionRefresh,883,4.6814060769975185,4.6082,12613,0,0,0
ReflectionRefresh,884,5.5710957385599613,5.4452,12613,0,0,0
ReflectionRefresh,885,5.4937005043029785,5.5965,12613,0,0,0
ReflectionRefresh,886,5.5564981885254383,5.5582,12613,0,0,0
ReflectionRefresh,887,6.6060018725693226,6.629,12613,0,0,0
ReflectionRefresh,888,5.1123015582561493,4.9453,12613,0,0,0
ReflectionRefresh,889,5.2503966726362705,5.4206,12613,0,0,0
ReflectionRefresh,890,5.2621033973991871,5.2163,12613,0,0,0
ReflectionRefresh,891,4.89019975066185,4.9472,12613,0,0,0
ReflectionRefresh,892,4.6029975637793541,4.5131,12613,0,0,0
ReflectionRefresh,893,5.9285997413098812,5.7902,12613,0,0,0
ReflectionRefresh,894,4.85620042309165,5.0254,12613,0,0,0
ReflectionRefresh,895,5.6612030602991581,5.513,12613,0,0,0
ReflectionRefresh,896,5.0330003723502159,5.1692,12701,0,0,0
ReflectionRefresh,897,5.92999579384923,5.8632,12613,0,0,0
ReflectionRefresh,898,5.3018000908195972,5.3665,12613,0,0,0
ReflectionRefresh,899,6.0102040879428387,5.9468,12613,0,0,0
ReflectionRefresh,900,5.30229602009058,5.2368,12613,0,0,0
ReflectionRefresh,901,4.9633998423814774,4.9671,12613,0,0,0
ReflectionRefresh,902,5.6299036368727684,5.6842,12613,0,0,0
ReflectionRefresh,903,4.8507014289498329,4.7566,12613,0,0,0
ReflectionRefresh,904,5.1363944076001644,5.2442,12613,0,0,0
ReflectionRefresh,905,6.2000001780688763,6.1275,12613,0,0,0
ReflectionRefresh,906,5.2639031782746315,5.2483,12613,0,0,0
ReflectionRefresh,907,6.2621030956506729,6.1603,12613,0,0,0
ReflectionRefresh,908,5.1522958092391491,5.3032,12613,0,0,0
ReflectionRefresh,909,4.9053006805479527,4.836,12613,0,0,0
ReflectionRefresh,910,5.2500991150736809,5.2265,12613,0,0,0
ReflectionRefresh,911,5.88380079716444,5.8534,12613,0,0,0
ReflectionRefresh,912,5.34170214086771,5.1485,12613,0,0,0
ReflectionRefresh,913,6.5044006332755089,6.6313,12613,0,0,0
ReflectionRefresh,914,5.0994968041777611,5.2203,12613,0,0,0
ReflectionRefresh,915,4.50989929959178,4.535,12665,0,0,0
ReflectionRefresh,916,5.85580337792635,5.7753,12613,0,0,0
ReflectionRefresh,917,4.5859976671636105,4.6467,12613,0,0,0
ReflectionRefresh,918,5.2039967849850655,5.202,12613,0,0,0
ReflectionRefresh,919,5.9231007471680641,5.8271,12613,0,0,0
ReflectionRefresh,920,5.7544996961951256,5.8232,12613,0,0,0
ReflectionRefresh,921,5.1897037774324417,5.1251,12613,0,0,0
ReflectionRefresh,922,5.4339002817869186,5.4527,12613,0,0,0
ReflectionRefresh,923,4.9759992398321629,4.8373,12613,0,0,0
ReflectionRefresh,924,5.08100213482976,5.2318,12701,0,0,0
ReflectionRefresh,925,5.66249992698431,5.5832,12613,0,0,0
ReflectionRefresh,926,5.527799017727375,5.5838,12613,0,0,0
ReflectionRefresh,927,5.1120962016284466,4.8605,12613,0,0,0
ReflectionRefresh,928,6.1839004047214985,6.4228,12613,0,0,0
ReflectionRefresh,929,4.8004039563238621,4.7437,12613,0,0,0
ReflectionRefresh,930,6.5914965234696865,6.5603,12613,0,0,0
ReflectionRefresh,931,5.8632013387978077,5.8017,12613,0,0,0
ReflectionRefresh,932,5.4251984693109989,5.4869,12613,0,0,0
ReflectionRefresh,933,5.6173042394220829,5.6109,12613,0,0,0
ReflectionRefresh,934,5.7589001953601837,5.6958,12613,0,0,0
ReflectionRefresh,935,8.7516931816935539,8.7102,12613,0,0,0
ReflectionRefresh,936,5.5971019901335239,5.7048,12613,0,0,0
ReflectionRefresh,937,5.5106999352574348,5.3931,12613,0,0,0
ReflectionRefresh,938,5.8188987895846367,5.898,12613,0,0,0
ReflectionRefresh,939,5.55430119857192,5.5188,12613,0,0,0
ReflectionRefresh,940,5.3275013342499733,5.2972,12613,0,0,0
ReflectionRefresh,941,7.0844031870365143,7.0288,12613,0,0,0
ReflectionRefresh,942,4.8196995630860329,4.9342,12613,0,0,0
ReflectionRefresh,943,6.322300061583519,6.1123,12613,0,0,0
ReflectionRefresh,944,5.6107994168996811,5.7898,12613,0,0,0
ReflectionRefresh,945,6.0551939532160759,5.9986,12613,0,0,0
ReflectionRefresh,946,5.947604775428772,5.9474,12613,0,0,0
ReflectionRefresh,947,6.6646966151893139,6.6173,12613,0,0,0
ReflectionRefresh,948,6.5950043499469757,6.5405,12613,0,0,0
ReflectionRefresh,949,6.8136975169181824,6.6196,12613,0,0,0
ReflectionRefresh,950,7.062103133648634,7.082,12753,0,0,0
ReflectionRefresh,951,7.0208972319960594,7.1507,12613,0,0,0
ReflectionRefresh,952,6.3394983299076557,6.4187,12613,0,0,0
ReflectionRefresh,953,6.2941042706370354,6.2259,12613,0,0,0
ReflectionRefresh,954,5.662393756210804,5.7629,12613,0,0,0
ReflectionRefresh,955,6.2772040255367756,6.0105,12613,0,0,0
ReflectionRefresh,956,7.7543011866509914,7.8756,12613,0,0,0
ReflectionRefresh,957,5.6347008794546127,5.5654,12613,0,0,0
ReflectionRefresh,958,6.8446001969277859,6.9243,12613,0,0,0
ReflectionRefresh,959,5.705895833671093,5.5954,12613,0,0,0
ReflectionRefresh,960,6.3392007723450661,6.4248,12613,0,0,0
ReflectionRefresh,961,5.9729022905230522,5.8845,12613,0,0,0
ReflectionRefresh,962,5.4250992834568024,5.4832,12613,0,0,0
ReflectionRefresh,963,5.4053994826972485,5.4112,12613,0,0,0
ReflectionRefresh,964,5.6102960370481014,5.6397,12613,0,0,0
ReflectionRefresh,965,6.6057043150067329,5.2512,12613,0,0,0
ReflectionRefresh,966,5.6107002310454845,6.955,12613,0,0,0
ReflectionRefresh,967,6.2365010380744934,6.1524,12613,0,0,0
ReflectionRefresh,968,6.5256943926215172,6.4253,12613,0,0,0
ReflectionRefresh,969,5.8651999570429325,5.9659,12613,0,0,0
ReflectionRefresh,970,4.8720026388764381,4.9352,12613,0,0,0
ReflectionRefresh,971,6.329698022454977,6.2907,12613,0,0,0
ReflectionRefresh,972,5.0270054489374161,4.9724,12613,0,0,0
ReflectionRefresh,973,5.1461947150528431,5.0702,12613,0,0,0
ReflectionRefresh,974,4.6151997521519661,4.7168,12613,0,0,0
ReflectionRefresh,975,4.2675030417740345,4.3188,12701,0,0,0
ReflectionRefresh,976,4.3891016393899918,4.3135,12613,0,0,0
ReflectionRefresh,977,5.5923964828252792,5.4179,12613,0,0,0
ReflectionRefresh,978,5.77339855954051,5.8828,12613,0,0,0
ReflectionRefresh,979,5.1747024990618229,5.274,12613,0,0,0
ReflectionRefresh,980,5.2354023791849613,5.1813,12613,0,0,0
ReflectionRefresh,981,4.6705994755029678,4.7139,12613,0,0,0
ReflectionRefresh,982,4.5547974295914173,4.5378,12613,0,0,0
ReflectionRefresh,983,4.9159014597535133,4.766,12613,0,0,0
ReflectionRefresh,984,5.990298930555582,6.0291,12613,0,0,0
ReflectionRefresh,985,5.322704091668129,5.3298,12665,0,0,0
ReflectionRefresh,986,5.6112953461706638,5.6077,12613,0,0,0
ReflectionRefresh,987,5.7428996078670025,5.6477,12613,0,0,0
ReflectionRefresh,988,4.8818029463291168,5.0184,12613,0,0,0
ReflectionRefresh,989,5.5146967060863972,5.4315,12613,0,0,0
ReflectionRefresh,990,4.7469031997025013,4.8094,12613,0,0,0
ReflectionRefresh,991,4.68550156801939,4.6906,12613,0,0,0
ReflectionRefresh,992,5.0014951266348362,4.9225,12613,0,0,0
ReflectionRefresh,993,5.3775012493133545,5.4353,12613,0,0,0
ReflectionRefresh,994,5.1692035049200058,5.1145,12613,0,0,0
ReflectionRefresh,995,5.419295746833086,5.4271,12613,0,0,0
ReflectionRefresh,996,5.7732001878321171,5.657,12613,0,0,0
ReflectionRefresh,997,5.7800030335783958,5.8521,12613,0,0,0
ReflectionRefresh,998,6.626601330935955,6.5537,12613,0,0,0
ReflectionRefresh,999,5.7335956953465939,5.7897,12613,0,0,0
ReflectionRefresh,1000,6.215603556483984,5.9788,12613,0,0,0
ReflectionRefresh,1001,5.0666951574385166,5.311,12613,0,0,0
ReflectionRefresh,1002,5.5682044476270676,5.4986,12613,0,0,0
ReflectionRefresh,1003,5.90119743719697,5.8874,12613,0,0,0
ReflectionRefresh,1004,5.5425027385354042,5.4925,12701,0,0,0
ReflectionRefresh,1005,5.827699787914753,5.8252,12613,0,0,0
ReflectionRefresh,1006,6.499298382550478,6.4611,12613,0,0,0
ReflectionRefresh,1007,5.0799036398530006,5.2196,12613,0,0,0
ReflectionRefresh,1008,5.5595948360860348,5.3652,12613,0,0,0
ReflectionRefresh,1009,6.57130079343915,6.6885,12613,0,0,0
ReflectionRefresh,1010,5.8803004212677479,5.838,12613,0,0,0
ReflectionRefresh,1011,5.7763038203120232,5.8474,12613,0,0,0
ReflectionRefresh,1012,5.9909936971962452,5.8583,12613,0,0,0
ReflectionRefresh,1013,5.6423041969537735,5.7272,12613,0,0,0
ReflectionRefresh,1014,8.0071995034813881,7.231,12613,0,0,0
ReflectionRefresh,1015,7.6066963374614716,8.2298,12613,0,0,0
ReflectionRefresh,1016,9.5945009961724281,9.5571,12613,0,0,0
ReflectionRefresh,1017,10.211103595793247,9.383,12613,0,0,0
ReflectionRefresh,1018,10.533496737480164,11.2818,12613,0,0,0
ReflectionRefresh,1019,6.9541027769446373,7.1363,12665,0,0,0
ReflectionRefresh,1020,6.176395807415247,6.1322,12613,0,0,0
ReflectionRefresh,1021,6.73380121588707,6.6281,12613,0,0,0
ReflectionRefresh,1022,6.8087019026279449,6.7663,12613,0,0,0
ReflectionRefresh,1023,6.2501984648406506,5.8255,12613,0,0,0
ReflectionRefresh,1024,8.2781035453081131,8.7049,12613,0,0,0
ReflectionRefresh,1025,11.580498889088631,11.0316,12613,0,0,0
ReflectionRefresh,1026,9.1603957116603851,9.5451,12701,0,0,0
ReflectionRefresh,1027,8.0290036275982857,7.8502,12613,0,0,0
ReflectionRefresh,1028,7.5483983382582664,7.8598,12613,0,0,0
ReflectionRefresh,1029,7.8542018309235573,7.8216,12613,0,0,0
ReflectionRefresh,1030,7.9614017158746719,7.4196,12613,0,0,0
ReflectionRefresh,1031,9.6608987078070641,10.1592,12613,0,0,0
ReflectionRefresh,1032,6.5473001450300217,6.6814,12613,0,0,0
ReflectionRefresh,1033,8.3928005769848824,8.3448,12613,0,0,0
ReflectionRefresh,1034,6.2517006881535053,6.301,12613,0,0,0
ReflectionRefresh,1035,6.9606010802090168,6.6905,12613,0,0,0
ReflectionRefresh,1036,6.1872946098446846,6.4206,12613,0,0,0
ReflectionRefresh,1037,6.1205001547932625,5.9311,12613,0,0,0
ReflectionRefresh,1038,7.0362030528485775,7.1651,12613,0,0,0
ReflectionRefresh,1039,6.9906958378851414,6.9013,12613,0,0,0
ReflectionRefresh,1040,7.8439060598611832,7.8686,12613,0,0,0
ReflectionRefresh,1041,8.2560945302248,8.1912,12613,0,0,0
ReflectionRefresh,1042,7.2553004138171673,7.273,12613,0,0,0
ReflectionRefresh,1043,34.142304211854935,6.3565,12613,0,0,0
ReflectionRefresh,1044,6.9535006769001484,34.6137,12753,0,0,0
ReflectionRefresh,1045,7.2045987471938133,7.1804,12613,0,0,0
ReflectionRefresh,1046,6.4441962167620659,6.6545,12613,0,0,0
ReflectionRefresh,1047,6.6786990500986576,6.5335,12613,0,0,0
ReflectionRefresh,1048,6.6374009475111961,6.7419,12613,0,0,0
ReflectionRefresh,1049,6.797300186008215,6.6645,12613,0,0,0
ReflectionRefresh,1050,7.6561011373996735,7.6908,12613,0,0,0
ReflectionRefresh,1051,7.4352039955556393,7.3286,12613,0,0,0
ReflectionRefresh,1052,6.3800951465964317,6.4925,12613,0,0,0
ReflectionRefresh,1053,6.2057045288383961,6.1739,12613,0,0,0
ReflectionRefresh,1054,6.4535997807979584,6.4686,12613,0,0,0
ReflectionRefresh,1055,6.5715988166630268,6.4821,12613,0,0,0
ReflectionRefresh,1056,6.86979852616787,7.0239,12613,0,0,0
ReflectionRefresh,1057,6.0122022405266762,5.8984,12613,0,0,0
ReflectionRefresh,1058,5.9995958581566811,5.9635,12613,0,0,0
ReflectionRefresh,1059,7.4056051671504974,7.3232,12613,0,0,0
ReflectionRefresh,1060,6.1955996789038181,6.3365,12613,0,0,0
ReflectionRefresh,1061,7.716198917478323,7.6167,12613,0,0,0
ReflectionRefresh,1062,5.8566965162754059,5.9397,12613,0,0,0
ReflectionRefresh,1063,6.083404179662466,5.885,12613,0,0,0
ReflectionRefresh,1064,5.8693946339190006,6.0271,12613,0,0,0
ReflectionRefresh,1065,6.0485047288239,6.0567,12613,0,0,0
ReflectionRefresh,1066,6.8874009884893894,6.7641,12613,0,0,0
ReflectionRefresh,1067,7.14539410546422,7.0016,12701,0,0,0
ReflectionRefresh,1068,5.3753047250211239,5.5856,12613,0,0,0
ReflectionRefresh,1069,6.2359976582229137,6.1777,12613,0,0,0
ReflectionRefresh,1070,5.8609978295862675,5.9691,12613,0,0,0
ReflectionRefresh,1071,6.8005030043423176,5.9311,12613,0,0,0
ReflectionRefresh,1072,7.29599641636014,8.0002,12613,0,0,0
ReflectionRefresh,1073,7.714299950748682,7.5055,12613,0,0,0
ReflectionRefresh,1074,7.3719033971428871,7.5572,12613,0,0,0
ReflectionRefresh,1075,8.87750182300806,8.6597,12665,0,0,0
ReflectionRefresh,1076,6.4074969850480556,6.6363,12613,0,0,0
ReflectionRefresh,1077,6.8210032768547535,6.84,12613,0,0,0
ReflectionRefresh,1078,5.9484979137778282,6.0181,12613,0,0,0
ReflectionRefresh,1079,6.0768988914787769,5.9224,12613,0,0,0
ReflectionRefresh,1080,5.9062996879220009,5.9612,12613,0,0,0
ReflectionRefresh,1081,6.18769833818078,6.1112,12613,0,0,0
ReflectionRefresh,1082,6.6193025559186935,6.6693,12613,0,0,0
ReflectionRefresh,1083,7.386302575469017,7.2953,12613,0,0,0
ReflectionRefresh,1084,6.5189981833100319,6.5478,12613,0,0,0
ReflectionRefresh,1085,7.3910006321966648,7.2854,12613,0,0,0
ReflectionRefresh,1086,6.2264031730592251,6.3695,12613,0,0,0
ReflectionRefresh,1087,6.5504959784448147,6.4587,12613,0,0,0
ReflectionRefresh,1088,6.8605015985667706,6.8472,12613,0,0,0
ReflectionRefresh,1089,7.9170987010002136,7.7795,12613,0,0,0
ReflectionRefresh,1090,7.1167019195854664,7.2958,12701,0,0,0
ReflectionRefresh,1091,8.6015947163105011,8.5134,12613,0,0,0
ReflectionRefresh,1092,6.490001454949379,6.5187,12613,0,0,0
ReflectionRefresh,1093,10.684899054467678,10.5478,12613,0,0,0
ReflectionRefresh,1094,8.14440194517374,8.1423,12613,0,0,0
ReflectionRefresh,1095,10.622101835906506,10.6091,12613,0,0,0
ReflectionRefresh,1096,7.7794003300368786,7.8347,12613,0,0,0
ReflectionRefresh,1097,6.985898595303297,6.9584,12613,0,0,0
ReflectionRefresh,1098,6.1712018214166164,6.2828,12613,0,0,0
ReflectionRefresh,1099,7.5977961532771587,7.553,12613,0,0,0
ReflectionRefresh,1100,5.6258006952703,5.6248,12613,0,0,0
ReflectionRefresh,1101,6.451799999922514,6.3719,12613,0,0,0
ReflectionRefresh,1102,5.5937003344297409,5.6643,12613,0,0,0
ReflectionRefresh,1103,6.3648028299212456,6.2149,12613,0,0,0
ReflectionRefresh,1104,6.2500000931322575,6.4049,12665,0,0,0
ReflectionRefresh,1105,6.1528980731964111,5.9896,12613,0,0,0
ReflectionRefresh,1106,7.3136975988745689,7.4633,12613,0,0,0
ReflectionRefresh,1107,6.1649023555219173,6.0597,12613,0,0,0
ReflectionRefresh,1108,6.552303209900856,6.6703,12613,0,0,0
ReflectionRefresh,1109,5.7175951078534126,5.6575,12613,0,0,0
ReflectionRefresh,1110,6.6086025908589363,6.5343,12613,0,0,0
ReflectionRefresh,1111,7.8575965017080307,7.8001,12613,0,0,0
ReflectionRefresh,1112,6.39510340988636,6.4952,12701,0,0,0
ReflectionRefresh,1113,6.54029892757535,6.4712,12613,0,0,0
ReflectionRefresh,1114,5.7804989628493786,5.8522,12613,0,0,0
ReflectionRefresh,1115,7.0267999544739723,6.7943,12613,0,0,0
ReflectionRefresh,1116,6.2231998890638351,6.4389,12613,0,0,0
ReflectionRefresh,1117,6.0175028629601,5.8825,12613,0,0,0
ReflectionRefresh,1118,6.9451956078410149,6.938,12613,0,0,0
ReflectionRefresh,1119,6.1676022596657276,6.2144,12613,0,0,0
ReflectionRefresh,1120,6.5473001450300217,6.5994,12613,0,0,0
ReflectionRefresh,1121,5.8787981979548931,5.7323,12613,0,0,0
ReflectionRefresh,1122,6.59680413082242,6.5279,12613,0,0,0
ReflectionRefresh,1123,6.248200312256813,6.2753,12613,0,0,0
ReflectionRefresh,1124,5.8753970079123974,5.9649,12613,0,0,0
ReflectionRefresh,1125,6.2185018323361874,6.0184,12613,0,0,0
ReflectionRefresh,1126,6.0160006396472454,6.1615,12613,0,0,0
ReflectionRefresh,1127,5.1918011158704758,5.1505,12613,0,0,0
ReflectionRefresh,1128,5.72799751535058,5.7483,12613,0,0,0
ReflectionRefresh,1129,5.119897890836,5.0734,12613,0,0,0
ReflectionRefresh,1130,5.40420226752758,5.4321,12613,0,0,0
ReflectionRefresh,1131,5.0428998656570911,4.9237,12613,0,0,0
ReflectionRefresh,1132,5.893197376281023,5.9036,12613,0,0,0
ReflectionRefresh,1133,5.5951033718883991,5.6174,12613,0,0,0
ReflectionRefresh,1134,5.1553994417190552,5.2078,12613,0,0,0
ReflectionRefresh,1135,6.1730016022920609,6.089,12613,0,0,0
ReflectionRefresh,1136,6.8489015102386475,6.823,12613,0,0,0
ReflectionRefresh,1137,5.11749554425478,5.0823,12753,0,0,0
ReflectionRefresh,1138,5.3419996984303,5.4354,12613,0,0,0
ReflectionRefresh,1139,5.6016016751527786,5.3855,12613,0,0,0
ReflectionRefresh,1140,5.5604022927582264,5.7158,12613,0,0,0
ReflectionRefresh,1141,5.7340986095368862,5.6679,12613,0,0,0
ReflectionRefresh,1142,5.1484978757798672,5.264,12613,0,0,0
ReflectionRefresh,1143,4.55800024792552,4.5059,12613,0,0,0
ReflectionRefresh,1144,5.235699936747551,5.2138,12613,0,0,0
ReflectionRefresh,1145,5.94630092382431,5.8671,12613,0,0,0
ReflectionRefresh,1146,5.5571002885699272,5.5471,12613,0,0,0
ReflectionRefresh,1147,5.6205000728368759,5.705,12613,0,0,0
ReflectionRefresh,1148,5.73100196197629,5.6697,12613,0,0,0
ReflectionRefresh,1149,5.5175949819386005,5.5554,12613,0,0,0
ReflectionRefresh,1150,5.6102043017745018,5.5444,12613,0,0,0
ReflectionRefresh,1151,6.0660005547106266,6.0741,12613,0,0,0
ReflectionRefresh,1152,6.1063989996910095,6.0822,12613,0,0,0
ReflectionRefresh,1153,5.0571993924677372,5.1333,12613,0,0,0
ReflectionRefresh,1154,6.235501728951931,6.1278,12613,0,0,0
ReflectionRefresh,1155,5.8491001836955547,5.9394,12613,0,0,0
ReflectionRefresh,1156,9.329797700047493,9.1283,12613,0,0,0
ReflectionRefresh,1157,6.3090985640883446,6.3914,12613,0,0,0
ReflectionRefresh,1158,5.89870335534215,5.8533,12613,0,0,0
ReflectionRefresh,1159,5.6663975119590759,5.7909,12613,0,0,0
ReflectionRefresh,1160,4.88720228895545,4.8232,12613,0,0,0
ReflectionRefresh,1161,5.6960955262184143,5.6406,12613,0,0,0
ReflectionRefresh,1162,6.7629041150212288,6.67,12613,0,0,0
ReflectionRefresh,1163,6.0482993721961975,6.1611,12701,0,0,0
ReflectionRefresh,1164,5.7245958596467972,5.5527,12613,0,0,0
ReflectionRefresh,1165,8.34370031952858,8.4399,12613,0,0,0
ReflectionRefresh,1166,7.45990639552474,7.3336,12613,0,0,0
ReflectionRefresh,1167,6.8626985885202885,6.9466,12613,0,0,0
ReflectionRefresh,1168,8.2531962543725967,8.0969,12613,0,0,0
ReflectionRefresh,1169,6.8509001284837723,7.0514,12613,0,0,0
ReflectionRefresh,1170,7.3647038079798222,7.1892,12613,0,0,0
ReflectionRefresh,1171,7.9153981059789658,8.0499,12665,0,0,0
ReflectionRefresh,1172,8.36899783462286,8.245,12613,0,0,0
ReflectionRefresh,1173,9.8723992705345154,9.8726,12613,0,0,0
ReflectionRefresh,1174,11.50790136307478,11.3233,12613,0,0,0
ReflectionRefresh,1175,9.9289044737815857,9.9985,12613,0,0,0
ReflectionRefresh,1176,8.1264954060316086,8.2546,12613,0,0,0
ReflectionRefresh,1177,8.4234056994318962,8.2088,12613,0,0,0
ReflectionRefresh,1178,8.70499573647976,8.8343,12613,0,0,0
ReflectionRefresh,1179,12.214703485369682,11.7467,12613,0,0,0
ReflectionRefresh,1180,8.1298965960741043,8.5208,12613,0,0,0
ReflectionRefresh,1181,8.8767996057868,8.8399,12701,0,0,0
ReflectionRefresh,1182,6.9109979085624218,6.9053,12613,0,0,0
ReflectionRefresh,1183,7.9915039241313934,7.9501,12613,0,0,0
ReflectionRefresh,1184,10.163400322198868,10.1243,12613,0,0,0
ReflectionRefresh,1185,8.08810256421566,8.2078,12613,0,0,0
ReflectionRefresh,1186,7.54280062392354,7.4603,12613,0,0,0
ReflectionRefresh,1187,7.5439978390932083,7.5939,12613,0,0,0
ReflectionRefresh,1188,6.5107992850244045,6.4749,12613,0,0,0
ReflectionRefresh,1189,7.62220099568367,7.5682,12613,0,0,0
ReflectionRefresh,1190,7.4804988689720631,7.4892,12613,0,0,0
ReflectionRefresh,1191,8.4704998880624771,8.4173,12613,0,0,0
ReflectionRefresh,1192,7.4868975207209587,7.4981,12613,0,0,0
ReflectionRefresh,1193,7.7380030415952206,7.8071,12613,0,0,0
ReflectionRefresh,1194,6.578096654266119,6.4418,12613,0,0,0
ReflectionRefresh,1195,8.724801242351532,8.9088,12665,0,0,0
ReflectionRefresh,1196,6.3279974274337292,6.2515,12613,0,0,0
ReflectionRefresh,1197,6.0209040530025959,6.0733,12613,0,0,0
ReflectionRefresh,1198,6.1791948974132538,6.0804,12613,0,0,0
ReflectionRefresh,1199,6.874999962747097,6.526,12613,0,0,0
ReflectionRefresh,1200,7.2179068811237812,7.4544,12613,0,0,0
ReflectionRefresh,1201,5.6658941321074963,5.7191,12701,0,0,0
ReflectionRefresh,1202,6.5152989700436592,6.5799,12613,0,0,0
ReflectionRefresh,1203,4.9841059371829033,5.0728,12613,0,0,0
ReflectionRefresh,1204,5.3795990534126759,5.2268,12613,0,0,0
ReflectionRefresh,1205,6.163095124065876,6.2409,12613,0,0,0
ReflectionRefresh,1206,6.5570012666285038,6.4068,12613,0,0,0
ReflectionRefresh,1207,6.1889030039310455,6.3609,12613,0,0,0
ReflectionRefresh,1208,5.7644983753561974,5.6952,12613,0,0,0
ReflectionRefresh,1209,5.458297673612833,5.4723,12613,0,0,0
ReflectionRefresh,1210,5.2068028599023819,5.1954,12613,0,0,0
ReflectionRefresh,1211,5.1597999408841133,5.1213,12613,0,0,0
ReflectionRefresh,1212,6.0998015105724335,5.8928,12613,0,0,0
ReflectionRefresh,1213,7.063400000333786,7.2361,12613,0,0,0
ReflectionRefresh,1214,6.1026997864246368,5.9051,12613,0,0,0
ReflectionRefresh,1215,5.4884990677237511,5.6519,12613,0,0,0
ReflectionRefresh,1216,6.342998705804348,6.3442,12613,0,0,0
ReflectionRefresh,1217,5.6183035485446453,5.6852,12613,0,0,0
ReflectionRefresh,1218,5.5933957919478416,5.526,12613,0,0,0
ReflectionRefresh,1219,4.9187997356057167,5.0298,12613,0,0,0
ReflectionRefresh,1220,5.5772038176655769,5.3944,12613,0,0,0
ReflectionRefresh,1221,7.0369970053434372,7.055,12613,0,0,0
ReflectionRefresh,1222,5.8432044461369514,5.8497,12613,0,0,0
ReflectionRefresh,1223,5.2390946075320244,5.2943,12613,0,0,0
ReflectionRefresh,1224,5.5770054459571838,5.5031,12613,0,0,0
ReflectionRefresh,1225,4.6000992879271507,4.6729,12613,0,0,0
ReflectionRefresh,1226,6.2637967057526112,6.0348,12613,0,0,0
ReflectionRefresh,1227,5.5831987410783768,5.6341,12701,0,0,0
ReflectionRefresh,1228,5.9413053095340729,5.8835,12613,0,0,0
ReflectionRefresh,1229,5.4461946710944176,5.4945,12665,0,0,0
ReflectionRefresh,1230,5.69649925455451,5.6627,12613,0,0,0
ReflectionRefresh,1231,5.2821002900600433,5.414,12613,0,0,0
ReflectionRefresh,1232,5.7783019728958607,5.6212,12613,0,0,0
ReflectionRefresh,1233,5.79620199277997,5.8788,12613,0,0,0
ReflectionRefresh,1234,5.4517998360097408,5.4566,12613,0,0,0
ReflectionRefresh,1235,7.5743976049125195,7.2353,12613,0,0,0
ReflectionRefresh,1236,7.0215985178947449,7.2031,12613,0,0,0
ReflectionRefresh,1237,5.4143993183970451,5.5789,12613,0,0,0
ReflectionRefresh,1238,6.8327025510370731,6.7152,12613,0,0,0
ReflectionRefresh,1239,6.5750000067055225,6.5732,12613,0,0,0
ReflectionRefresh,1240,6.0813990421593189,6.0841,12613,0,0,0
ReflectionRefresh,1241,7.6985047198832035,7.6981,12613,0,0,0
ReflectionRefresh,1242,5.8399941772222519,5.7477,12613,0,0,0
ReflectionRefresh,1243,4.9976049922406673,5.1691,12613,0,0,0
ReflectionRefresh,1244,6.2566963024437428,5.9529,12613,0,0,0
ReflectionRefresh,1245,5.593898706138134,5.797,12613,0,0,0
ReflectionRefresh,1246,5.4928995668888092,5.37,12613,0,0,0
ReflectionRefresh,1247,6.1026997864246368,6.2546,12613,0,0,0
ReflectionRefresh,1248,4.9860049039125443,4.9437,12613,0,0,0
ReflectionRefresh,1249,6.1225979588925838,6.1135,12613,0,0,0
ReflectionRefresh,1250,5.17699820920825,5.1233,12613,0,0,0
ReflectionRefresh,1251,5.2736038342118263,5.3207,12613,0,0,0
ReflectionRefresh,1252,8.2202944904565811,7.9078,12613,0,0,0
ReflectionRefresh,1253,6.7663053050637245,7.0951,12701,0,0,0
ReflectionRefresh,1254,7.5191962532699108,7.1023,12613,0,0,0
ReflectionRefresh,1255,5.7629039511084557,6.11,12613,0,0,0
ReflectionRefresh,1256,6.3570011407136917,6.2573,12613,0,0,0
ReflectionRefresh,1257,6.9997943937778473,7.0709,12613,0,0,0
ReflectionRefresh,1258,5.7200044393539429,5.5903,12613,0,0,0
ReflectionRefresh,1259,6.3951956108212471,6.4594,12613,0,0,0
ReflectionRefresh,1260,7.1062003262341022,6.665,12613,0,0,0
ReflectionRefresh,1261,7.3589994572103024,7.7349,12613,0,0,0
ReflectionRefresh,1262,7.477905135601759,7.4441,12665,0,0,0
ReflectionRefresh,1263,9.7235972061753273,9.7964,12613,0,0,0
ReflectionRefresh,1264,7.1330997161567211,7.0432,12613,0,0,0
ReflectionRefresh,1265,6.2296981923282146,6.3318,12613,0,0,0
ReflectionRefresh,1266,6.1776996590197086,6.1304,12613,0,0,0
ReflectionRefresh,1267,6.00090017542243,5.9734,12613,0,0,0
ReflectionRefresh,1268,5.8981007896363735,5.8742,12613,0,0,0
ReflectionRefresh,1269,5.4672053083777428,5.4663,12613,0,0,0
ReflectionRefresh,1270,5.9733986854553223,5.891,12613,0,0,0
ReflectionRefresh,1271,5.891900509595871,5.9933,12613,0,0,0
ReflectionRefresh,1272,5.66600076854229,5.6109,12613,0,0,0
ReflectionRefresh,1273,5.1590986549854279,5.1606,12613,0,0,0
ReflectionRefresh,1274,5.5511975660920143,5.5256,12613,0,0,0
ReflectionRefresh,1275,5.4022036492824554,5.4024,12613,0,0,0
ReflectionRefresh,1276,5.8571002446115017,5.6655,12613,0,0,0
ReflectionRefresh,1277,6.1714993789792061,6.3946,12701,0,0,0
ReflectionRefresh,1278,6.4161987975239754,6.302,12613,0,0,0
ReflectionRefresh,1279,5.6690974161028862,5.6724,12613,0,0,0
ReflectionRefresh,1280,5.1714000292122364,5.222,12613,0,0,0
ReflectionRefresh,1281,5.92670077458024,5.5888,12613,0,0,0
ReflectionRefresh,1282,5.6511973962187767,5.9219,12613,0,0,0
ReflectionRefresh,1283,5.3565050475299358,5.3163,12613,0,0,0
ReflectionRefresh,1284,7.4206986464560032,7.45,12613,0,0,0
ReflectionRefresh,1285,5.7027991861104965,5.7804,12613,0,0,0
ReflectionRefresh,1286,5.9021967463195324,5.7989,12613,0,0,0
ReflectionRefresh,1287,5.5570011027157307,5.6279,12613,0,0,0
ReflectionRefresh,1288,5.5233985185623169,5.2373,12613,0,0,0
ReflectionRefresh,1289,5.8931051753461361,6.0059,12613,0,0,0
ReflectionRefresh,1290,5.978698842227459,5.9472,12613,0,0,0
ReflectionRefresh,1291,5.0152991898357868,5.1268,12613,0,0,0
ReflectionRefresh,1292,8.0092968419194221,7.985,12613,0,0,0
ReflectionRefresh,1293,6.8056052550673485,6.7616,12613,0,0,0
ReflectionRefresh,1294,7.2378967888653278,7.2561,17939,0,0,0
ReflectionRefresh,1295,15.541999600827694,6.4916,12665,0,0,0
ReflectionRefresh,1296,10.859602130949497,16.6505,12613,0,0,0
ReflectionRefresh,1297,8.121103048324585,11.326,12613,0,0,0
ReflectionRefresh,1298,8.4221940487623215,8.4146,12613,0,0,0
ReflectionRefresh,1299,7.7797053381800652,7.8082,12701,0,0,0
ReflectionRefresh,1300,5.533099640160799,5.584,12613,0,0,0
ReflectionRefresh,1301,6.2812995165586472,6.1543,12613,0,0,0
ReflectionRefresh,1302,4.9825962632894516,5.1031,12613,0,0,0
ReflectionRefresh,1303,5.2180057391524315,5.1626,12613,0,0,0
ReflectionRefresh,1304,5.1643000915646553,5.0882,12613,0,0,0
ReflectionRefresh,1305,5.6743975728750229,5.6757,12613,0,0,0
ReflectionRefresh,1306,5.7124006561934948,5.7551,12613,0,0,0
ReflectionRefresh,1307,5.44640002772212,5.3034,12613,0,0,0
ReflectionRefresh,1308,6.7540956661105156,6.8455,12613,0,0,0
ReflectionRefresh,1309,5.567899439483881,5.5315,12613,0,0,0
ReflectionRefresh,1310,6.7116990685462952,6.7984,12613,0,0,0
ReflectionRefresh,1311,5.9799035079777241,5.8642,12613,0,0,0
ReflectionRefresh,1312,7.15680280700326,6.8949,12613,0,0,0
ReflectionRefresh,1313,10.487294755876064,10.59,12613,0,0,0
ReflectionRefresh,1314,8.3861043676733971,8.561,12613,0,0,0
ReflectionRefresh,1315,7.7915959991514683,7.4963,17013,0,0,0
ReflectionRefresh,1316,7.2061009705066681,7.412,12613,0,0,0
ReflectionRefresh,1317,6.445400882512331,6.3476,12613,0,0,0
ReflectionRefresh,1318,6.48100208491087,6.647,12613,0,0,0
ReflectionRefresh,1319,7.2879958897829056,7.1438,12613,0,0,0
ReflectionRefresh,1320,6.5726046450436115,6.668,12613,0,0,0
ReflectionRefresh,1321,5.25659741833806,5.2387,12613,0,0,0
ReflectionRefresh,1322,5.1781036891043186,5.0531,12613,0,0,0
ReflectionRefresh,1323,6.9762966595590115,7.0351,12701,0,0,0
ReflectionRefresh,1324,5.7461024262011051,5.8126,12665,0,0,0
ReflectionRefresh,1325,6.1595947481691837,5.8768,12613,0,0,0
ReflectionRefresh,1326,6.7392005585134029,7.0132,12613,0,0,0
ReflectionRefresh,1327,5.4764030501246452,5.4056,12613,0,0,0
ReflectionRefresh,1328,6.1382013373076916,6.0503,12613,0,0,0
ReflectionRefresh,1329,6.1294003389775753,6.1154,12613,0,0,0
ReflectionRefresh,1330,12.560197152197361,5.2184,12613,0,0,0
ReflectionRefresh,1331,14.553897082805634,13.3943,12613,0,0,0
ReflectionRefresh,1332,6.5024020150303841,15.0277,12613,0,0,0
ReflectionRefresh,1333,6.1971019022166729,6.0523,12613,0,0,0
ReflectionRefresh,1334,7.0257014594972134,7.1638,12613,0,0,0
ReflectionRefresh,1335,5.938598420470953,5.9684,12613,0,0,0
ReflectionRefresh,1336,6.056398618966341,5.9686,12613,0,0,0
ReflectionRefresh,1337,6.1361961998045444,6.1968,12613,0,0,0
ReflectionRefresh,1338,6.7200041376054287,6.6164,12613,0,0,0
ReflectionRefresh,1339,6.4642997458577156,6.4743,12613,0,0,0
ReflectionRefresh,1340,6.7830993793904781,6.8512,12613,0,0,0
ReflectionRefresh,1341,6.7662983201444149,6.8,12613,0,0,0
ReflectionRefresh,1342,5.430201068520546,5.3124,12613,0,0,0
ReflectionRefresh,1343,5.95230283215642,5.8632,12613,0,0,0
ReflectionRefresh,1344,6.6798967309296131,6.7061,12613,0,0,0
ReflectionRefresh,1345,5.6546982377767563,5.7849,12701,0,0,0
ReflectionRefresh,1346,5.572101566940546,5.5141,12613,0,0,0
ReflectionRefresh,1347,5.2257017232477665,5.2833,12613,0,0,0
ReflectionRefresh,1348,5.1001985557377338,4.9923,12613,0,0,0
ReflectionRefresh,1349,5.8207977563142776,5.7481,12613,0,0,0
ReflectionRefresh,1350,6.9470023736357689,6.9711,12613,0,0,0
ReflectionRefresh,1351,6.7201033234596252,6.7359,12613,0,0,0
ReflectionRefresh,1352,6.5740998834371567,6.5252,12613,0,0,0
ReflectionRefresh,1353,6.6038975492119789,6.7151,12613,0,0,0
ReflectionRefresh,1354,7.757596205919981,7.6955,12665,0,0,0
ReflectionRefresh,1355,5.9002055786550045,5.9473,12613,0,0,0
ReflectionRefresh,1356,8.3907954394817352,8.31,12613,0,0,0
ReflectionRefresh,1357,6.78740069270134,6.8191,12613,0,0,0
ReflectionRefresh,1358,7.2478032670915127,7.1486,12613,0,0,0
ReflectionRefresh,1359,9.7176022827625275,9.5757,12613,0,0,0
ReflectionRefresh,1360,7.7745961025357246,7.7442,12613,0,0,0
ReflectionRefresh,1361,12.722101993858814,12.6663,12613,0,0,0
ReflectionRefresh,1362,8.3767008036375046,8.5997,12613,0,0,0
ReflectionRefresh,1363,10.03099512308836,9.7876,12613,0,0,0
ReflectionRefresh,1364,10.224702768027782,10.1492,12613,0,0,0
ReflectionRefresh,1365,7.3228031396865845,7.3031,12613,0,0,0
ReflectionRefresh,1366,9.371194988489151,9.5409,12701,0,0,0
ReflectionRefresh,1367,8.49920604377985,8.5638,12613,0,0,0
ReflectionRefresh,1368,6.727196741849184,6.6779,12613,0,0,0
ReflectionRefresh,1369,5.8482000604271889,5.8645,12613,0,0,0
ReflectionRefresh,1370,7.63339689001441,7.0114,12613,0,0,0
ReflectionRefresh,1371,9.4792023301124573,10.047,12613,0,0,0
ReflectionRefresh,1372,7.95410294085741,7.9479,12613,0,0,0
ReflectionRefresh,1373,6.1165955848991871,5.9817,12613,0,0,0
ReflectionRefresh,1374,7.1330997161567211,7.3252,12613,0,0,0
ReflectionRefresh,1375,5.8292020112276077,5.751,12613,0,0,0
ReflectionRefresh,1376,5.773001816123724,5.8253,12613,0,0,0
ReflectionRefresh,1377,7.6116994023323059,7.4692,12613,0,0,0
ReflectionRefresh,1378,6.75909873098135,6.7588,12613,0,0,0
ReflectionRefresh,1379,8.9786993339657784,8.9867,12613,0,0,0
ReflectionRefresh,1380,8.36840271949768,8.3796,12665,0,0,0
ReflectionRefresh,1381,8.4332982078194618,8.3331,12613,0,0,0
ReflectionRefresh,1382,5.7987030595541,5.919,12613,0,0,0
ReflectionRefresh,1383,10.4618975892663,10.0571,12613,0,0,0
ReflectionRefresh,1384,6.7688990384340286,7.197,12613,0,0,0
ReflectionRefresh,1385,7.984197698533535,7.7809,12613,0,0,0
ReflectionRefresh,1386,5.778004415333271,5.9575,12701,0,0,0
ReflectionRefresh,1387,6.7612952552735806,6.6485,12613,0,0,0
ReflectionRefresh,1388,5.6967050768435,5.786,12613,0,0,0
ReflectionRefresh,1389,5.6932964362204075,5.5503,12613,0,0,0
ReflectionRefresh,1390,7.2124009020626545,7.3061,12613,0,0,0
ReflectionRefresh,1391,6.3660005107522011,6.1298,12613,0,0,0
ReflectionRefresh,1392,6.9589000195264816,7.1896,12613,0,0,0
ReflectionRefresh,1393,6.1440970748662949,5.9841,12613,0,0,0
ReflectionRefresh,1394,5.9313066303730011,6.0378,12613,0,0,0
ReflectionRefresh,1395,5.6112953461706638,5.5974,12613,0,0,0
ReflectionRefresh,1396,5.0823981873691082,5.1005,12613,0,0,0
ReflectionRefresh,1397,6.069905124604702,5.8771,12613,0,0,0
ReflectionRefresh,1398,6.4223003573715687,6.6016,12613,0,0,0
ReflectionRefresh,1399,6.1711948364973068,6.1099,12613,0,0,0
ReflectionRefresh,1400,7.0349066518247128,6.9422,12613,0,0,0
ReflectionRefresh,1401,5.941794253885746,5.9613,12613,0,0,0
ReflectionRefresh,1402,7.7892006374895573,7.8623,12613,0,0,0
ReflectionRefresh,1403,6.3321003690361977,6.2682,12613,0,0,0
ReflectionRefresh,1404,6.0633998364210129,6.0914,12613,0,0,0
ReflectionRefresh,1405,6.0866991989314556,6.0644,12613,0,0,0
ReflectionRefresh,1406,5.2875000983476639,5.3136,12613,0,0,0
ReflectionRefresh,1407,5.2534015849232674,5.1948,12613,0,0,0
ReflectionRefresh,1408,4.9445009790360928,5.0252,12613,0,0,0
ReflectionRefresh,1409,5.9669003821909428,5.8102,12613,0,0,0
ReflectionRefresh,1410,7.1999006904661655,7.2395,12613,0,0,0
ReflectionRefresh,1411,5.8741001412272453,5.879,12753,0,0,0
ReflectionRefresh,1412,6.3105016015470028,6.3388,12613,0,0,0
ReflectionRefresh,1413,5.95529330894351,5.8022,12613,0,0,0
ReflectionRefresh,1414,5.94980176538229,6.0032,12613,0,0,0
ReflectionRefresh,1415,6.03160448372364,6.0577,12613,0,0,0
ReflectionRefresh,1416,5.8333971537649632,5.9052,12613,0,0,0
ReflectionRefresh,1417,6.0442034155130386,5.9628,12613,0,0,0
ReflectionRefresh,1418,4.9823978915810585,5.0207,12613,0,0,0
ReflectionRefresh,1419,5.6285997852683067,5.5379,12613,0,0,0
ReflectionRefresh,1420,5.7614017277956009,5.8161,12613,0,0,0
ReflectionRefresh,1421,6.85260072350502,6.8258,12613,0,0,0
ReflectionRefresh,1422,5.7383999228477478,5.7455,12613,0,0,0
ReflectionRefresh,1423,5.7443948462605476,5.7142,12613,0,0,0
ReflectionRefresh,1424,5.9678996913135052,5.9831,12613,0,0,0
ReflectionRefresh,1425,4.9562002532184124,4.9382,12613,0,0,0
ReflectionRefresh,1426,4.6312995254993439,4.7025,12613,0,0,0
ReflectionRefresh,1427,5.5705001577734947,5.426,12613,0,0,0
ReflectionRefresh,1428,5.0136055797338486,5.131,12613,0,0,0
ReflectionRefresh,1429,5.8654975146055222,5.7521,12613,0,0,0
ReflectionRefresh,1430,5.1441965624690056,5.2429,12613,0,0,0
ReflectionRefresh,1431,6.282199639827013,5.9376,12613,0,0,0
ReflectionRefresh,1432,6.926502101123333,7.1853,12613,0,0,0
ReflectionRefresh,1433,5.2696005441248417,5.1563,12613,0,0,0
ReflectionRefresh,1434,5.43820159509778,5.5798,12613,0,0,0
ReflectionRefresh,1435,5.006399005651474,4.9478,12613,0,0,0
ReflectionRefresh,1436,5.483000073581934,5.4639,12613,0,0,0
ReflectionRefresh,1437,5.793700460344553,5.5494,12613,0,0,0
ReflectionRefresh,1438,6.11130241304636,6.3978,12701,0,0,0
ReflectionRefresh,1439,5.7449969463050365,5.6615,12613,0,0,0
ReflectionRefresh,1440,5.8567035011947155,5.8575,12613,0,0,0
ReflectionRefresh,1441,5.0176940858364105,4.9768,12613,0,0,0
ReflectionRefresh,1442,6.13960437476635,6.0578,12613,0,0,0
ReflectionRefresh,1443,5.9049958363175392,5.919,12613,0,0,0
ReflectionRefresh,1444,5.1774024032056332,5.3108,12613,0,0,0
ReflectionRefresh,1445,6.5222010016441345,6.3771,12613,0,0,0
ReflectionRefresh,1446,4.7513958998024464,4.903,12665,0,0,0
ReflectionRefresh,1447,4.7019063495099545,4.6353,12613,0,0,0
ReflectionRefresh,1448,5.5252974852919579,5.4872,12613,0,0,0
ReflectionRefresh,1449,4.6423966996371746,4.6854,12613,0,0,0
ReflectionRefresh,1450,6.4407028257846832,6.3092,12613,0,0,0
ReflectionRefresh,1451,6.0248016379773617,6.1269,12613,0,0,0
ReflectionRefresh,1452,5.8080004528164864,5.7164,12613,0,0,0
ReflectionRefresh,1453,4.6056974679231644,4.673,12613,0,0,0
ReflectionRefresh,1454,5.6898030452430248,5.6744,12613,0,0,0
ReflectionRefresh,1455,5.667694378644228,5.6363,12613,0,0,0
ReflectionRefresh,1456,5.2803005091845989,5.2902,12613,0,0,0
ReflectionRefresh,1457,5.2480017766356468,5.2954,12613,0,0,0
ReflectionRefresh,1458,4.9899020232260227,4.9044,12613,0,0,0
ReflectionRefresh,1459,4.8509989865124226,4.9048,12613,0,0,0
ReflectionRefresh,1460,4.7850976698100567,4.7753,12613,0,0,0
ReflectionRefresh,1461,4.6335035003721714,4.5588,12613,0,0,0
ReflectionRefresh,1462,4.6464004553854465,4.6954,12613,0,0,0
ReflectionRefresh,1463,5.0701955333352089,5.1012,12613,0,0,0
ReflectionRefresh,1464,4.9791028723120689,4.827,12613,0,0,0
ReflectionRefresh,1465,4.6937004663050175,4.7644,12613,0,0,0
ReflectionRefresh,1466,5.56029612198472,5.4305,12613,0,0,0
ReflectionRefresh,1467,5.2517997100949287,5.4122,12701,0,0,0
ReflectionRefresh,1468,4.1095027700066566,4.1108,12613,0,0,0
ReflectionRefresh,1469,4.7168014571070671,4.6609,12613,0,0,0
ReflectionRefresh,1470,4.2471019551157951,4.2994,12613,0,0,0
ReflectionRefresh,1471,4.1867983527481556,4.1824,12613,0,0,0
ReflectionRefresh,1472,4.1386974044144154,4.0729,12613,0,0,0
ReflectionRefresh,1473,4.5397039502859116,4.4624,12613,0,0,0
ReflectionRefresh,1474,4.9365009181201458,5.003,12613,0,0,0
ReflectionRefresh,1475,4.9292943440377712,4.8298,12613,0,0,0
ReflectionRefresh,1476,4.3569020926952362,4.4718,12613,0,0,0
ReflectionRefresh,1477,4.4695013202726841,4.4436,12613,0,0,0
ReflectionRefresh,1478,4.57809679210186,4.5396,12613,0,0,0
ReflectionRefresh,1479,4.5061013661324978,4.4323,12613,0,0,0
ReflectionRefresh,1480,5.2886055782437325,5.3809,12613,0,0,0
ReflectionRefresh,1481,4.6570934355258942,4.5738,12613,0,0,0
ReflectionRefresh,1482,4.1926018893718719,4.268,12613,0,0,0
ReflectionRefresh,1483,4.4716978445649147,4.4754,12613,0,0,0
ReflectionRefresh,1484,4.4497023336589336,4.2996,12613,0,0,0
ReflectionRefresh,1485,4.3999007903039455,4.5243,12613,0,0,0
ReflectionRefresh,1486,6.5085035748779774,6.4334,12613,0,0,0
ReflectionRefresh,1487,4.306696355342865,4.3661,12665,0,0,0
ReflectionRefresh,1488,3.5996031947433949,3.606,12613,0,0,0
ReflectionRefresh,1489,4.1694939136505127,4.0484,12613,0,0,0
ReflectionRefresh,1490,4.2375000193715096,4.3196,12613,0,0,0
ReflectionRefresh,1491,4.4015021994709969,4.3801,12613,0,0,0
ReflectionRefresh,1492,4.2006024159491062,4.1453,12613,0,0,0
ReflectionRefresh,1493,4.386500921100378,4.428,12613,0,0,0
ReflectionRefresh,1494,3.8305979687720537,3.8554,12613,0,0,0
ReflectionRefresh,1495,4.36799880117178,4.2575,12613,0,0,0
ReflectionRefresh,1496,5.0702025182545185,4.9795,12613,0,0,0
ReflectionRefresh,1497,5.4659014567732811,5.5528,12613,0,0,0
ReflectionRefresh,1498,4.2183957993984222,4.2987,12613,0,0,0
ReflectionRefresh,1499,4.3849986977875233,4.3456,12613,0,0,0
ReflectionRefresh,1500,5.4193027317523956,5.2744,12613,0,0,0
ReflectionRefresh,1501,4.8020975664258,4.959,12701,0,0,0
ReflectionRefresh,1502,4.5612030662596226,4.5459,12613,0,0,0
ReflectionRefresh,1503,4.6899020671844482,4.6264,12613,0,0,0
ReflectionRefresh,1504,3.8421980571001768,3.8968,12613,0,0,0
ReflectionRefresh,1505,4.3843961320817471,4.3793,12613,0,0,0
ReflectionRefresh,1506,4.0971017442643642,4.0509,12613,0,0,0
ReflectionRefresh,1507,5.2656037732958794,5.2636,12613,0,0,0
ReflectionRefresh,1508,4.4053005985915661,4.4274,12613,0,0,0
ReflectionRefresh,1509,4.21219551935792,4.1299,12613,0,0,0
ReflectionRefresh,1510,5.4198978468775749,5.4287,12613,0,0,0
ReflectionRefresh,1511,5.7180058211088181,5.6726,12613,0,0,0
ReflectionRefresh,1512,4.9000000581145287,4.9418,12613,0,0,0
ReflectionRefresh,1513,4.7332979738712311,4.739,12613,0,0,0
ReflectionRefresh,1514,4.7527989372611046,4.6942,12613,0,0,0
ReflectionRefresh,1515,5.5934027768671513,5.6359,12613,0,0,0
ReflectionRefresh,1516,4.9565969966351986,4.8373,12613,0,0,0
ReflectionRefresh,1517,5.8823977597057819,5.8537,12613,0,0,0
ReflectionRefresh,1518,5.9453020803630352,5.9019,12613,0,0,0
ReflectionRefresh,1519,5.7919998653233051,5.905,12613,0,0,0
ReflectionRefresh,1520,5.2443025633692741,5.2197,12613,0,0,0
ReflectionRefresh,1521,5.3472011350095272,5.3406,12613,0,0,0
ReflectionRefresh,1522,6.0370960272848606,5.9195,12613,0,0,0
ReflectionRefresh,1523,6.0496032238006592,5.7324,12613,0,0,0
ReflectionRefresh,1524,4.9863946624100208,5.3625,12613,0,0,0
ReflectionRefresh,1525,4.653202835470438,4.7096,12613,0,0,0
ReflectionRefresh,1526,5.2803005091845989,5.1748,12613,0,0,0
ReflectionRefresh,1527,5.1393993198871613,5.0673,12613,0,0,0
ReflectionRefresh,1528,5.82180405035615,5.9541,12613,0,0,0
ReflectionRefresh,1529,5.087096244096756,5.0398,12665,0,0,0
ReflectionRefresh,1530,5.0285998731851578,4.9201,12613,0,0,0
ReflectionRefresh,1531,5.8036991395056248,5.8437,12701,0,0,0
ReflectionRefresh,1532,5.8147036470472813,5.9224,12613,0,0,0
ReflectionRefresh,1533,6.1021968722343445,5.9885,12613,0,0,0
ReflectionRefresh,1534,4.88690473139286,4.9887,12613,0,0,0
ReflectionRefresh,1535,4.5172972604632378,4.5131,12613,0,0,0
ReflectionRefresh,1536,4.9566966481506824,4.7749,12613,0,0,0
ReflectionRefresh,1537,5.0169005990028381,5.1032,12613,0,0,0
ReflectionRefresh,1538,5.2098995074629784,5.2083,12613,0,0,0
ReflectionRefresh,1539,5.0803995691239834,5.0177,12613,0,0,0
ReflectionRefresh,1540,6.1369049362838268,6.1389,12613,0,0,0
ReflectionRefresh,1541,5.1638958975672722,5.2284,12613,0,0,0
ReflectionRefresh,1542,5.2357991226017475,5.1145,12613,0,0,0
ReflectionRefresh,1543,4.8578018322587013,4.9701,12613,0,0,0
ReflectionRefresh,1544,4.355201032012701,4.3594,12613,0,0,0
ReflectionRefresh,1545,4.5193028636276722,4.3952,12613,0,0,0
ReflectionRefresh,1546,4.7551942989230156,4.8715,12613,0,0,0
ReflectionRefresh,1547,4.2014028877019882,4.1852,12613,0,0,0
ReflectionRefresh,1548,4.6684029512107372,4.5339,12613,0,0,0
ReflectionRefresh,1549,5.9544006362557411,6.0257,12613,0,0,0
ReflectionRefresh,1550,5.0272960215806961,4.9922,12613,0,0,0
ReflectionRefresh,1551,4.7867982648313046,4.6974,12613,0,0,0
ReflectionRefresh,1552,5.6266016326844692,5.6887,12613,0,0,0
ReflectionRefresh,1553,6.4714993350207806,6.4727,12613,0,0,0
ReflectionRefresh,1554,9.020904079079628,8.821,12613,0,0,0
ReflectionRefresh,1555,7.730796467512846,7.8055,12613,0,0,0
ReflectionRefresh,1556,8.8359974324703217,8.5947,12613,0,0,0
ReflectionRefresh,1557,8.6658019572496414,8.6988,12613,0,0,0
ReflectionRefresh,1558,6.0915038920938969,6.2515,12701,0,0,0
ReflectionRefresh,1559,5.21099753677845,5.2277,12613,0,0,0
ReflectionRefresh,1560,7.8120962716639042,7.8354,12613,0,0,0
ReflectionRefresh,1561,5.2005029283463955,5.3183,12613,0,0,0
ReflectionRefresh,1562,6.0438988730311394,5.8768,12613,0,0,0
ReflectionRefresh,1563,6.8019982427358627,6.9192,12613,0,0,0
ReflectionRefresh,1564,4.6926019713282585,4.6353,12665,0,0,0
ReflectionRefresh,1565,5.5754040367901325,5.4825,12613,0,0,0
ReflectionRefresh,1566,5.353996530175209,5.4143,12613,0,0,0
ReflectionRefresh,1567,4.3572988361120224,4.4247,12613,0,0,0
ReflectionRefresh,1568,4.8517007380723953,4.8059,12613,0,0,0
ReflectionRefresh,1569,5.0271046347916126,4.9454,12613,0,0,0
ReflectionRefresh,1570,5.0998935475945473,5.213,12613,0,0,0
ReflectionRefresh,1571,4.59520285949111,4.57,12613,0,0,0
ReflectionRefresh,1572,4.8621031455695629,4.814,12613,0,0,0
ReflectionRefresh,1573,6.0299956239759922,6.086,12613,0,0,0
ReflectionRefresh,1574,4.4223000295460224,4.2367,12613,0,0,0
ReflectionRefresh,1575,5.6914044544100761,5.8386,12613,0,0,0
ReflectionRefresh,1576,4.4886977411806583,4.4211,12613,0,0,0
ReflectionRefresh,1577,4.7275014221668243,4.7828,12613,0,0,0
ReflectionRefresh,1578,4.5656957663595676,4.553,12613,0,0,0
ReflectionRefresh,1579,4.6001984737813473,4.4681,12613,0,0,0
ReflectionRefresh,1580,4.81050182133913,4.9195,12613,0,0,0
ReflectionRefresh,1581,4.1933036409318447,4.1755,12613,0,0,0
ReflectionRefresh,1582,4.816900473088026,4.7213,12613,0,0,0
ReflectionRefresh,1583,4.9021965824067593,5.0035,12613,0,0,0
ReflectionRefresh,1584,5.5838008411228657,5.4644,12613,0,0,0
ReflectionRefresh,1585,6.2491991557180882,6.3005,12613,0,0,0
ReflectionRefresh,1586,5.6103034876286983,5.4992,12613,0,0,0
ReflectionRefresh,1587,5.0120959058403969,5.1603,12701,0,0,0
ReflectionRefresh,1588,5.59150381013751,5.5205,12613,0,0,0
ReflectionRefresh,1589,4.4977962970733643,4.5618,12613,0,0,0
ReflectionRefresh,1590,4.522101953625679,4.4018,12613,0,0,0
ReflectionRefresh,1591,5.2967970259487629,5.3146,12613,0,0,0
ReflectionRefresh,1592,4.8681050539016724,4.8936,12613,0,0,0
ReflectionRefresh,1593,4.4229947961866856,4.4172,12613,0,0,0
ReflectionRefresh,1594,4.7720023430883884,4.6959,12613,0,0,0
ReflectionRefresh,1595,5.0144982524216175,4.9364,12613,0,0,0
ReflectionRefresh,1596,5.3167021833360195,5.3344,12613,0,0,0
ReflectionRefresh,1597,4.2633009143173695,4.378,12613,0,0,0
ReflectionRefresh,1598,4.8721018247306347,4.8688,12613,0,0,0
ReflectionRefresh,1599,4.6210954897105694,4.4831,12613,0,0,0
ReflectionRefresh,1600,6.9738025777041912,7.0317,12613,0,0,0
ReflectionRefresh,1601,5.9992983005940914,5.9695,12613,0,0,0
ReflectionRefresh,1602,6.1353030614554882,6.1822,12613,0,0,0
ReflectionRefresh,1603,5.5907950736582279,5.5125,12613,0,0,0
ReflectionRefresh,1604,4.250701516866684,4.3311,12665,0,0,0
ReflectionRefresh,1605,4.1694017127156258,4.1621,12613,0,0,0
ReflectionRefresh,1606,4.7162980772554874,4.5977,12613,0,0,0
ReflectionRefresh,1607,5.0710034556686878,4.9412,12613,0,0,0
ReflectionRefresh,1608,5.1074973307549953,5.1545,12613,0,0,0
ReflectionRefresh,1609,5.2577024325728416,5.3731,12613,0,0,0
ReflectionRefresh,1610,5.6884000077843666,5.5942,12613,0,0,0
ReflectionRefresh,1611,5.2089993841946125,5.2975,12613,0,0,0
ReflectionRefresh,1612,5.1437998190522194,5.0894,12613,0,0,0
ReflectionRefresh,1613,4.4408021494746208,4.49,12613,0,0,0
ReflectionRefresh,1614,4.2683957144618034,4.273,12613,0,0,0
ReflectionRefresh,1615,4.6500992029905319,4.5302,12613,0,0,0
ReflectionRefresh,1616,6.0737030580639839,5.9473,12613,0,0,0
ReflectionRefresh,1617,5.763697437942028,5.837,12701,0,0,0
ReflectionRefresh,1618,5.9254039078950882,6.0434,12613,0,0,0
ReflectionRefresh,1619,5.5369967594742775,5.4805,12613,0,0,0
ReflectionRefresh,1620,4.8339995555579662,4.8735,12613,0,0,0
ReflectionRefresh,1621,5.2080992609262466,5.1115,12613,0,0,0
ReflectionRefresh,1622,6.0544004663825035,6.1566,12613,0,0,0
ReflectionRefresh,1623,4.45880088955164,4.3944,12613,0,0,0
ReflectionRefresh,1624,5.9427013620734215,5.9505,12613,0,0,0
ReflectionRefresh,1625,4.8786988481879234,4.8713,12613,0,0,0
ReflectionRefresh,1626,7.1043013595044613,6.9872,12613,0,0,0
ReflectionRefresh,1627,5.8406959287822247,5.8991,12613,0,0,0
ReflectionRefresh,1628,5.4432041943073273,5.5023,12613,0,0,0
ReflectionRefresh,1629,5.9495959430933,5.7757,12613,0,0,0
ReflectionRefresh,1630,5.7218042202293873,5.8698,12613,0,0,0
ReflectionRefresh,1631,5.2585955709218979,5.1066,12613,0,0,0
ReflectionRefresh,1632,5.7891015894711018,5.9021,12613,0,0,0
ReflectionRefresh,1633,6.1264028772711754,6.0428,12613,0,0,0
ReflectionRefresh,1634,6.5126982517540455,6.5263,12613,0,0,0
ReflectionRefresh,1635,5.2437004633247852,5.2229,12613,0,0,0
ReflectionRefresh,1636,4.4272961094975471,4.5088,12613,0,0,0
ReflectionRefresh,1637,5.7517997920513153,5.6761,12613,0,0,0
ReflectionRefresh,1638,5.9579010121524334,6.0022,12613,0,0,0
ReflectionRefresh,1639,4.9277991056442261,4.8974,12613,0,0,0
ReflectionRefresh,1640,5.7830004952847958,5.7307,12613,0,0,0
ReflectionRefresh,1641,5.4996032267808914,5.5051,12613,0,0,0
ReflectionRefresh,1642,5.1768990233540535,5.1892,12665,0,0,0
ReflectionRefresh,1643,5.480300635099411,5.3874,12613,0,0,0
ReflectionRefresh,1644,5.8008008636534214,5.9277,12701,0,0,0
ReflectionRefresh,1645,6.478599738329649,5.9946,12613,0,0,0
ReflectionRefresh,1646,6.0752974823117256,6.4907,12613,0,0,0
ReflectionRefresh,1647,5.6897038593888283,5.5521,12613,0,0,0
ReflectionRefresh,1648,6.2151006422936916,6.3573,12613,0,0,0
ReflectionRefresh,1649,4.9884989857673645,4.8724,12613,0,0,0
ReflectionRefresh,1650,6.0875993221998215,6.186,12613,0,0,0
ReflectionRefresh,1651,5.0419005565345287,5.0013,12613,0,0,0
ReflectionRefresh,1652,4.4614016078412533,4.5384,12613,0,0,0
ReflectionRefresh,1653,5.4380954243242741,5.4087,12613,0,0,0
ReflectionRefresh,1654,4.9342047423124313,4.8646,12613,0,0,0
ReflectionRefresh,1655,5.1979944109916687,5.2002,12613,0,0,0
ReflectionRefresh,1656,5.6174034252762794,5.5894,12613,0,0,0
ReflectionRefresh,1657,4.486599937081337,4.5567,12613,0,0,0
ReflectionRefresh,1658,5.7539967820048332,5.6173,12613,0,0,0
ReflectionRefresh,1659,5.1570013165473938,5.3166,12613,0,0,0
ReflectionRefresh,1660,5.4426020942628384,5.2785,12613,0,0,0
ReflectionRefresh,1661,4.4771968387067318,4.6017,12613,0,0,0
ReflectionRefresh,1662,4.542800597846508,4.4834,12613,0,0,0
ReflectionRefresh,1663,4.8973001539707184,4.8683,12613,0,0,0
ReflectionRefresh,1664,7.039299700409174,6.9614,12613,0,0,0
ReflectionRefresh,1665,5.0817034207284451,5.0409,12613,0,0,0
ReflectionRefresh,1666,5.6368978694081306,5.6814,12613,0,0,0
ReflectionRefresh,1667,5.5831987410783768,5.5692,12613,0,0,0
ReflectionRefresh,1668,5.0906036049127579,5.1704,12613,0,0,0
ReflectionRefresh,1669,6.7392005585134029,6.5758,12613,0,0,0
ReflectionRefresh,1670,5.2466979250311852,5.3594,12613,0,0,0
ReflectionRefresh,1671,5.0891013815999031,4.9113,12613,0,0,0
ReflectionRefresh,1672,5.08079631254077,5.2148,12701,0,0,0
ReflectionRefresh,1673,5.1305978558957577,5.1209,12613,0,0,0
ReflectionRefresh,1674,4.7051021829247475,4.7527,12613,0,0,0
ReflectionRefresh,1675,5.1017007790505886,4.9856,12613,0,0,0
ReflectionRefresh,1676,4.4675027020275593,4.533,12613,0,0,0
ReflectionRefresh,1677,4.15729871019721,4.1493,12613,0,0,0
ReflectionRefresh,1678,6.2333969399333,6.2053,12613,0,0,0
ReflectionRefresh,1679,5.10279880836606,5.1569,12613,0,0,0
ReflectionRefresh,1680,5.34739950671792,5.2069,12665,0,0,0
ReflectionRefresh,1681,6.1008008196949959,6.081,12613,0,0,0
ReflectionRefresh,1682,6.019203457981348,6.0157,12613,0,0,0
ReflectionRefresh,1683,5.3338008001446724,5.4273,12613,0,0,0
ReflectionRefresh,1684,5.7404972612857819,5.6634,12613,0,0,0
ReflectionRefresh,1685,5.4152989760041237,5.4539,12613,0,0,0
ReflectionRefresh,1686,5.3908019326627254,5.2553,12613,0,0,0
ReflectionRefresh,1687,5.1128966733813286,5.2163,12613,0,0,0
ReflectionRefresh,1688,5.3178006783127785,5.3006,12613,0,0,0
ReflectionRefresh,1689,4.7828019596636295,4.8167,12613,0,0,0
ReflectionRefresh,1690,7.6956986449658871,7.5077,12613,0,0,0
ReflectionRefresh,1691,5.4941042326390743,5.6526,12613,0,0,0
ReflectionRefresh,1692,5.4785003885626793,5.43,12613,0,0,0
ReflectionRefresh,1693,4.5262966305017471,4.5958,12613,0,0,0
ReflectionRefresh,1694,5.1905964501202106,5.1096,12613,0,0,0
ReflectionRefresh,1695,4.9035004340112209,4.7102,12613,0,0,0
ReflectionRefresh,1696,5.9113022871315479,6.1458,12613,0,0,0
ReflectionRefresh,1697,4.900502972304821,4.7695,12613,0,0,0
ReflectionRefresh,1698,6.20809942483902,6.2341,12613,0,0,0
ReflectionRefresh,1699,6.5856007859110832,6.4671,12613,0,0,0
ReflectionRefresh,1700,5.6814979761838913,5.8441,12701,0,0,0
ReflectionRefresh,1701,6.3805980607867241,6.1201,12613,0,0,0
ReflectionRefresh,1702,7.2232992388308048,7.3132,12613,0,0,0
ReflectionRefresh,1703,6.9155045785009861,6.9825,12613,0,0,0
ReflectionRefresh,1704,6.9494969211518764,6.974,12613,0,0,0
ReflectionRefresh,1705,5.2097011357545853,5.1144,12613,0,0,0
ReflectionRefresh,1706,5.1999008283019066,5.2757,12613,0,0,0
ReflectionRefresh,1707,6.7110969685018063,6.6361,12613,0,0,0
ReflectionRefresh,1708,6.6517996601760387,6.7308,12613,0,0,0
ReflectionRefresh,1709,5.4554990492761135,5.4166,12613,0,0,0
ReflectionRefresh,1710,5.8141015470027924,5.8418,12613,0,0,0
ReflectionRefresh,1711,5.8760982938110828,5.8026,12613,0,0,0
ReflectionRefresh,1712,5.6110047735273838,5.6603,12613,0,0,0
ReflectionRefresh,1713,5.6304987519979477,5.3936,12613,0,0,0
ReflectionRefresh,1714,6.9547975435853004,7.1862,12613,0,0,0
ReflectionRefresh,1715,6.071201991289854,6.0077,12665,0,0,0
ReflectionRefresh,1716,6.810799241065979,6.7782,12613,0,0,0
ReflectionRefresh,1717,5.4929987527430058,5.52,12613,0,0,0
ReflectionRefresh,1718,6.7831985652446747,6.6867,12613,0,0,0
ReflectionRefresh,1719,6.2542022205889225,6.248,12613,0,0,0
ReflectionRefresh,1720,6.0098003596067429,6.043,12613,0,0,0
ReflectionRefresh,1721,9.298497810959816,9.2204,12613,0,0,0
ReflectionRefresh,1722,7.3004039004445076,7.2108,12613,0,0,0
ReflectionRefresh,1723,8.4734978154301643,8.4893,12613,0,0,0
ReflectionRefresh,1724,6.1155045405030251,6.2819,12701,0,0,0
ReflectionRefresh,1725,6.350396666675806,6.2688,12613,0,0,0
ReflectionRefresh,1726,5.3389030508697033,5.42,12613,0,0,0
ReflectionRefresh,1727,6.3724988140165806,6.1255,12613,0,0,0
ReflectionRefresh,1728,7.0065972395241261,7.1684,12613,0,0,0
ReflectionRefresh,1729,6.4428998157382011,5.8101,12613,0,0,0
ReflectionRefresh,1730,8.0820014700293541,8.6872,12613,0,0,0
ReflectionRefresh,1731,8.04810132831335,6.7807,12613,0,0,0
ReflectionRefresh,1732,7.7006025239825249,8.4181,12613,0,0,0
ReflectionRefresh,1733,6.0303998179733753,6.5012,12613,0,0,0
ReflectionRefresh,1734,6.9973994977772236,6.9569,12613,0,0,0
ReflectionRefresh,1735,7.4616000056266785,7.398,12613,0,0,0
ReflectionRefresh,1736,7.1794996038079262,7.2804,12613,0,0,0
ReflectionRefresh,1737,5.8550951071083546,5.8353,12613,0,0,0
ReflectionRefresh,1738,6.3499007374048233,6.3459,12613,0,0,0
ReflectionRefresh,1739,6.6472007893025875,6.599,12613,0,0,0
ReflectionRefresh,1740,5.9876982122659683,6.0187,12613,0,0,0
ReflectionRefresh,1741,7.9372022300958633,7.828,12613,0,0,0
ReflectionRefresh,1742,6.4151007682085037,6.4489,12613,0,0,0
ReflectionRefresh,1743,8.8809030130505562,8.7462,12613,0,0,0
ReflectionRefresh,1744,8.6633004248142242,8.5546,12613,0,0,0
ReflectionRefresh,1745,8.41979868710041,8.491,12665,0,0,0
ReflectionRefresh,1746,11.794096790254116,11.6016,12701,0,0,0
ReflectionRefresh,1747,13.017099350690842,13.0454,12613,0,0,0
ReflectionRefresh,1748,9.6362028270959854,9.741,12613,0,0,0
ReflectionRefresh,1749,9.6262963488698,9.3151,12613,0,0,0
ReflectionRefresh,1750,10.687598958611488,10.9936,12613,0,0,0
ReflectionRefresh,1751,10.018005967140198,9.9806,12613,0,0,0
ReflectionRefresh,1752,9.0143987908959389,8.7562,12613,0,0,0
ReflectionRefresh,1753,7.7249999158084393,8.0446,12613,0,0,0
ReflectionRefresh,1754,7.6717971824109554,7.5437,12613,0,0,0
ReflectionRefresh,1755,12.738697230815887,12.7086,12613,0,0,0
ReflectionRefresh,1756,10.851502418518066,10.9177,12613,0,0,0
ReflectionRefresh,1757,10.235303081572056,9.5211,12613,0,0,0
ReflectionRefresh,1758,9.7586950287222862,10.4215,12613,0,0,0
ReflectionRefresh,1759,9.10700112581253,9.0851,12613,0,0,0
ReflectionRefresh,1760,8.5146045312285423,8.5016,12613,0,0,0
ReflectionRefresh,1761,9.9720945581793785,9.8177,12701,0,0,0
ReflectionRefresh,1762,10.297506116330624,10.1712,12613,0,0,0
ReflectionRefresh,1763,8.8154971599578857,9.0524,12613,0,0,0
ReflectionRefresh,1764,11.556299403309822,10.7555,12613,0,0,0
ReflectionRefresh,1765,11.643501929938793,12.3449,12613,0,0,0
ReflectionRefresh,1766,7.455598097294569,7.5912,12665,0,0,0
ReflectionRefresh,1767,7.5392997823655605,7.3905,12613,0,0,0
ReflectionRefresh,1768,7.1447985246777534,7.2234,12613,0,0,0
ReflectionRefresh,1769,8.32349807024002,8.2902,12613,0,0,0
ReflectionRefresh,1770,9.329903870821,9.3048,12613,0,0,0
ReflectionRefresh,1771,10.948696173727512,10.7437,12613,0,0,0
ReflectionRefresh,1772,9.7544007003307343,9.5841,12613,0,0,0
ReflectionRefresh,1773,12.949702329933643,12.2513,12613,0,0,0
ReflectionRefresh,1774,9.1814976185560226,10.0358,12613,0,0,0
ReflectionRefresh,1775,9.1110048815608025,9.2408,12613,0,0,0
ReflectionRefresh,1776,7.5324969366192818,7.2288,12613,0,0,0
ReflectionRefresh,1777,10.270400904119015,10.4052,12701,0,0,0
ReflectionRefresh,1778,8.4322988986969,8.4414,12613,0,0,0
ReflectionRefresh,1779,11.456802487373352,11.2896,12613,0,0,0
ReflectionRefresh,1780,8.7429992854595184,8.9477,12613,0,0,0
ReflectionRefresh,1781,9.2944018542766571,9.1641,12613,0,0,0
ReflectionRefresh,1782,14.902898110449314,14.9808,17939,0,0,0
ReflectionRefresh,1783,17.24730059504509,11.1203,12613,0,0,0
ReflectionRefresh,1784,15.586897730827332,17.3748,12613,0,0,0
ReflectionRefresh,1785,9.7424034029245377,13.9282,12613,0,0,0
ReflectionRefresh,1786,10.70029754191637,10.4985,12665,0,0,0
ReflectionRefresh,1787,10.777303017675877,10.9605,12613,0,0,0
ReflectionRefresh,1788,9.5800952985882759,9.5488,12613,0,0,0
ReflectionRefresh,1789,7.2637046687304974,7.3364,12613,0,0,0
ReflectionRefresh,1790,6.8719955161213875,6.9248,12613,0,0,0
ReflectionRefresh,1791,6.5931053832173347,6.5498,12701,0,0,0
ReflectionRefresh,1792,7.63389328494668,7.7535,12613,0,0,0
ReflectionRefresh,1793,7.3177013546228409,7.22,12613,0,0,0
ReflectionRefresh,1794,10.208099149167538,10.1901,12613,0,0,0
ReflectionRefresh,1795,7.3285005055367947,7.3858,12613,0,0,0
ReflectionRefresh,1796,9.296102449297905,9.1411,12613,0,0,0
ReflectionRefresh,1797,6.8193026818335056,6.9651,12613,0,0,0
ReflectionRefresh,1798,7.994593121111393,7.8595,12613,0,0,0
ReflectionRefresh,1799,7.061004638671875,7.1073,12613,0,0,0
ReflectionRefresh,1800,8.1792017444968224,6.5841,12613,0,0,0
ReflectionRefresh,1801,6.7875990644097328,8.3825,12613,0,0,0
ReflectionRefresh,1802,7.1871951222419739,7.0577,12613,0,0,0
ReflectionRefresh,1803,6.8366001360118389,6.8537,12613,0,0,0
ReflectionRefresh,1804,6.9218040443956852,6.7131,12613,0,0,0
ReflectionRefresh,1805,7.2625000029802322,7.5335,12613,0,0,0
ReflectionRefresh,1806,7.7044996432960033,7.6286,12613,0,0,0
ReflectionRefresh,1807,9.0219955891370773,9.0351,12613,0,0,0
ReflectionRefresh,1808,9.3950042501091957,9.229,12613,0,0,0
ReflectionRefresh,1809,7.4722999706864357,7.5681,12613,0,0,0
ReflectionRefresh,1810,7.97400064766407,7.7647,12613,0,0,0
ReflectionRefresh,1811,6.5640942193567753,6.8352,12753,0,0,0
ReflectionRefresh,1812,7.3593039996922016,7.1218,12613,0,0,0
ReflectionRefresh,1813,7.8862952068448067,8.0626,25549,0,0,0
ReflectionRefresh,1814,12.45550625026226,12.3113,45813,0,0,0
ReflectionRefresh,1815,6.2207980081439018,6.3836,12613,0,0,0
ReflectionRefresh,1816,7.4767004698514938,7.3139,25549,0,0,0
ReflectionRefresh,1817,8.2343965768814087,8.1044,12613,0,0,0
ReflectionRefresh,1818,16.367899253964424,11.0992,12613,0,0,0
ReflectionRefresh,1819,20.271399989724159,15.8796,12613,0,0,0
ReflectionRefresh,1820,9.2259002849459648,18.8096,12613,0,0,0
ReflectionRefresh,1821,11.055704206228256,11.1027,12613,0,0,0
ReflectionRefresh,1822,7.9459967091679573,7.7651,12613,0,0,0
ReflectionRefresh,1823,8.7807048112154,8.9837,12613,0,0,0
ReflectionRefresh,1824,11.495897546410561,11.2341,12613,0,0,0
ReflectionRefresh,1825,11.836500838398933,11.9255,12613,0,0,0
ReflectionRefresh,1826,8.4222005680203438,8.7361,12701,0,0,0
ReflectionRefresh,1827,7.05459900200367,6.6112,12613,0,0,0
ReflectionRefresh,1828,8.07380210608244,8.4157,12613,0,0,0
ReflectionRefresh,1829,5.9437002055346966,5.9064,12613,0,0,0
ReflectionRefresh,1830,5.7569942437112331,5.8488,12613,0,0,0
ReflectionRefresh,1831,6.5238024108111858,6.2757,12613,0,0,0
ReflectionRefresh,1832,9.663003496825695,9.7622,12613,0,0,0
ReflectionRefresh,1833,6.394997239112854,6.393,12665,0,0,0
ReflectionRefresh,1834,7.6630031690001488,7.555,12613,0,0,0
ReflectionRefresh,1835,6.6127977333962917,6.6735,12613,0,0,0
ReflectionRefresh,1836,6.8774023093283176,6.9122,12613,0,0,0
ReflectionRefresh,1837,6.9964993745088577,6.9195,12613,0,0,0
ReflectionRefresh,1838,6.8678003735840321,6.8529,12613,0,0,0
ReflectionRefresh,1839,6.6246953792870045,6.6378,12613,0,0,0
ReflectionRefresh,1840,5.7234056293964386,5.8136,12613,0,0,0
ReflectionRefresh,1841,5.6333970278501511,5.5602,12613,0,0,0
ReflectionRefresh,1842,5.5601969361305237,5.5162,12613,0,0,0
ReflectionRefresh,1843,6.0491994954645634,6.0523,12613,0,0,0
ReflectionRefresh,1844,6.11130241304636,6.1236,12613,0,0,0
ReflectionRefresh,1845,5.2955993451178074,5.3077,12613,0,0,0
ReflectionRefresh,1846,5.1376982592046261,5.137,12613,0,0,0
ReflectionRefresh,1847,6.1042020097374916,5.9383,12613,0,0,0
ReflectionRefresh,1848,6.1960034072399139,6.3039,12613,0,0,0
ReflectionRefresh,1849,5.6520975194871426,5.6518,12701,0,0,0
ReflectionRefresh,1850,6.2194019556045532,6.276,12613,0,0,0
ReflectionRefresh,1851,5.06879948079586,4.972,12613,0,0,0
ReflectionRefresh,1852,8.3919009193778038,7.8534,12613,0,0,0
ReflectionRefresh,1853,5.48609672114253,5.7672,12613,0,0,0
ReflectionRefresh,1854,6.08599791303277,6.1248,12613,0,0,0
ReflectionRefresh,1855,4.87600639462471,4.7797,12613,0,0,0
ReflectionRefresh,1856,5.9891934506595135,6.0744,12613,0,0,0
ReflectionRefresh,1857,5.8717047795653343,5.701,12613,0,0,0
ReflectionRefresh,1858,6.58869743347168,6.7628,12613,0,0,0
ReflectionRefresh,1859,5.0911991856992245,5.014,12613,0,0,0
ReflectionRefresh,1860,5.3268000483512878,5.345,12613,0,0,0
ReflectionRefresh,1861,4.415199626237154,4.4651,12613,0,0,0
ReflectionRefresh,1862,6.6533023491501808,6.3282,12613,0,0,0
ReflectionRefresh,1863,6.2168012373149395,6.3806,12613,0,0,0
ReflectionRefresh,1864,5.0563989207148552,5.0857,12613,0,0,0
ReflectionRefresh,1865,7.080902811139822,7.0934,12613,0,0,0
ReflectionRefresh,1866,6.387797649949789,6.3287,12613,0,0,0
ReflectionRefresh,1867,6.298696156591177,6.3878,12665,0,0,0
ReflectionRefresh,1868,5.7846019044518471,5.6387,12613,0,0,0
ReflectionRefresh,1869,4.9856007099151611,5.0929,12613,0,0,0
ReflectionRefresh,1870,4.6875993721187115,4.6975,12613,0,0,0
ReflectionRefresh,1871,5.8342050760984421,5.6038,12613,0,0,0
ReflectionRefresh,1872,6.148993968963623,6.2854,12613,0,0,0
ReflectionRefresh,1873,5.8417022228240967,5.8453,12613,0,0,0
ReflectionRefresh,1874,5.5931974202394485,5.518,12613,0,0,0
ReflectionRefresh,1875,5.5143069475889206,5.5181,12701,0,0,0
ReflectionRefresh,1876,5.4589994251728058,5.4916,12613,0,0,0
ReflectionRefresh,1877,5.8751986362040043,5.8454,12613,0,0,0
ReflectionRefresh,1878,5.7121952995657921,5.6295,12613,0,0,0
ReflectionRefresh,1879,6.5894061699509621,6.577,12613,0,0,0
ReflectionRefresh,1880,7.3990998789668083,7.5473,12613,0,0,0
ReflectionRefresh,1881,6.7946994677186012,6.4667,12613,0,0,0
ReflectionRefresh,1882,6.3634989783167839,6.5301,12613,0,0,0
ReflectionRefresh,1883,7.2762966156005859,6.5699,12613,0,0,0
ReflectionRefresh,1884,5.8991000987589359,6.6813,12613,0,0,0
ReflectionRefresh,1885,6.1232992447912693,6.0218,12613,0,0,0
ReflectionRefresh,1886,6.55140308663249,6.4907,12613,0,0,0
ReflectionRefresh,1887,5.6583969853818417,5.6703,12613,0,0,0
ReflectionRefresh,1888,6.3770054839551449,6.505,12613,0,0,0
ReflectionRefresh,1889,5.724199116230011,5.7044,12613,0,0,0
ReflectionRefresh,1890,4.9662981182336807,5.0168,12613,0,0,0
ReflectionRefresh,1891,5.49229746684432,5.384,12613,0,0,0
ReflectionRefresh,1892,5.4907030425965786,5.5888,12613,0,0,0
ReflectionRefresh,1893,5.0953016616404057,5.0212,12613,0,0,0
ReflectionRefresh,1894,5.4366993717849255,5.4005,12613,0,0,0
ReflectionRefresh,1895,6.0508009046316147,6.0283,12613,0,0,0
ReflectionRefresh,1896,4.8847999423742294,4.9499,12613,0,0,0
ReflectionRefresh,1897,5.4946993477642536,5.3595,12613,0,0,0
ReflectionRefresh,1898,5.5199973285198212,5.6588,12613,0,0,0
ReflectionRefresh,1899,4.7165038995444775,4.67,12613,0,0,0
ReflectionRefresh,1900,5.0073978491127491,4.9183,12613,0,0,0
ReflectionRefresh,1901,5.45260077342391,5.467,12701,0,0,0
ReflectionRefresh,1902,5.3454008884727955,5.3735,12665,0,0,0
ReflectionRefresh,1903,5.366496741771698,5.3079,12613,0,0,0
ReflectionRefresh,1904,5.851800087839365,5.9389,12613,0,0,0
ReflectionRefresh,1905,5.5591976270079613,5.4827,12613,0,0,0
ReflectionRefresh,1906,6.3757016323506832,6.4434,12613,0,0,0
ReflectionRefresh,1907,6.1070010997354984,5.9936,12613,0,0,0
ReflectionRefresh,1908,5.6534013710916042,5.7461,12613,0,0,0
ReflectionRefresh,1909,5.8504962362349033,5.7652,12613,0,0,0
ReflectionRefresh,1910,5.2958051674067974,5.3366,12613,0,0,0
ReflectionRefresh,1911,5.642495583742857,5.592,12613,0,0,0
ReflectionRefresh,1912,6.2441043555736542,6.2624,12613,0,0,0
ReflectionRefresh,1913,5.2225976251065731,5.2068,12613,0,0,0
ReflectionRefresh,1914,5.3812004625797272,5.2552,12613,0,0,0
ReflectionRefresh,1915,5.8296979404985905,5.877,12613,0,0,0
ReflectionRefresh,1916,5.1111038774251938,5.2448,12613,0,0,0
ReflectionRefresh,1917,5.3109978325665,5.2269,12613,0,0,0
ReflectionRefresh,1918,5.4591977968811989,5.5211,12613,0,0,0
ReflectionRefresh,1919,6.5594031475484371,5.6056,12613,0,0,0
ReflectionRefresh,1920,6.1356010846793652,7.0488,12613,0,0,0
ReflectionRefresh,1921,5.0465986132621765,5.0175,12613,0,0,0
ReflectionRefresh,1922,4.9008005298674107,4.9428,12613,0,0,0
ReflectionRefresh,1923,5.2549955435097218,5.0724,12613,0,0,0
ReflectionRefresh,1924,5.2924035117030144,5.3353,12613,0,0,0
ReflectionRefresh,1925,5.1163975149393082,5.0392,12613,0,0,0
ReflectionRefresh,1926,4.8260982148349285,4.9695,12613,0,0,0
ReflectionRefresh,1927,5.4883998818695545,5.3975,12613,0,0,0
ReflectionRefresh,1928,6.5353033132851124,6.4484,12613,0,0,0
ReflectionRefresh,1929,5.8207977563142776,5.8977,12701,0,0,0
ReflectionRefresh,1930,5.3222011774778366,5.3645,12613,0,0,0
ReflectionRefresh,1931,5.0741992890834808,4.9164,12613,0,0,0
ReflectionRefresh,1932,6.1629037372767925,6.207,12613,0,0,0
ReflectionRefresh,1933,6.4565972425043583,6.3411,12613,0,0,0
ReflectionRefresh,1934,5.0160996615886688,5.2453,12613,0,0,0
ReflectionRefresh,1935,5.0937994383275509,4.9503,12613,0,0,0
ReflectionRefresh,1936,5.6025013327598572,5.6617,12613,0,0,0
ReflectionRefresh,1937,5.3480016067624092,5.288,12613,0,0,0
ReflectionRefresh,1938,5.7320012710988522,5.8521,12665,0,0,0
ReflectionRefresh,1939,5.9991991147398949,5.9319,12613,0,0,0
ReflectionRefresh,1940,6.028798408806324,6.0651,12613,0,0,0
ReflectionRefresh,1941,4.9625993706285954,4.8711,12613,0,0,0
ReflectionRefresh,1942,5.7064979337155819,5.7554,12613,0,0,0
ReflectionRefresh,1943,6.7380033433437347,6.6833,13517,0,0,0
ReflectionRefresh,1944,5.2687004208564758,5.1761,12613,0,0,0
ReflectionRefresh,1945,5.7868976145982742,5.8103,12613,0,0,0
ReflectionRefresh,1946,5.1978034898638725,5.2878,12613,0,0,0
ReflectionRefresh,1947,5.1083969883620739,4.9873,12613,0,0,0
ReflectionRefresh,1948,5.5035999976098537,5.6423,12613,0,0,0
ReflectionRefresh,1949,5.1836026832461357,5.0782,14285,0,0,0
ReflectionRefresh,1950,5.3216977976262569,5.3824,12613,0,0,0
ReflectionRefresh,1951,5.6671979837119579,5.6099,12613,0,0,0
ReflectionRefresh,1952,5.4011056199669838,5.4644,12613,0,0,0
ReflectionRefresh,1953,5.1995962858200073,5.0842,12613,0,0,0
ReflectionRefresh,1954,5.617999006062746,5.7394,12613,0,0,0
ReflectionRefresh,1955,4.9179987981915474,4.8043,12613,0,0,0
ReflectionRefresh,1956,4.7001061029732227,4.6514,12613,0,0,0
ReflectionRefresh,1957,4.9684951081871986,4.9813,12701,0,0,0
ReflectionRefresh,1958,6.04039803147316,6.1005,12613,0,0,0
ReflectionRefresh,1959,5.1648030057549477,5.1326,12613,0,0,0
ReflectionRefresh,1960,5.490603856742382,5.4891,12613,0,0,0
ReflectionRefresh,1961,5.4023950360715389,5.4559,12613,0,0,0
ReflectionRefresh,1962,6.261500995606184,6.1856,12613,0,0,0
ReflectionRefresh,1963,4.6590985730290413,4.6588,12613,0,0,0
ReflectionRefresh,1964,4.58600465208292,4.6134,12613,0,0,0
ReflectionRefresh,1965,4.8028980381786823,4.7639,12613,0,0,0
ReflectionRefresh,1966,5.1294006407260895,5.1807,12613,0,0,0
ReflectionRefresh,1967,4.3755951337516308,4.3654,12613,0,0,0
ReflectionRefresh,1968,5.1368055865168571,5.0689,12613,0,0,0
ReflectionRefresh,1969,4.5606009662151337,4.48,12613,0,0,0
ReflectionRefresh,1970,5.0094956532120705,5.119,12613,0,0,0
ReflectionRefresh,1971,4.0305978618562222,3.9751,12613,0,0,0
ReflectionRefresh,1972,5.175701342523098,5.0953,12613,0,0,0
ReflectionRefresh,1973,5.8114016428589821,5.7865,12613,0,0,0
ReflectionRefresh,1974,5.1435017958283424,5.1888,12613,0,0,0
ReflectionRefresh,1975,5.4246950894594193,5.3312,12613,0,0,0
ReflectionRefresh,1976,5.4573058150708675,5.5699,12665,0,0,0
ReflectionRefresh,1977,5.2189980633556843,5.2016,12613,0,0,0
ReflectionRefresh,1978,7.1093961596488953,6.8867,12613,0,0,0
ReflectionRefresh,1979,5.5073057301342487,5.6841,13901,0,0,0
ReflectionRefresh,1980,4.8452946357429028,4.8402,12613,0,0,0
ReflectionRefresh,1981,5.1928996108472347,5.1711,12613,0,0,0
ReflectionRefresh,1982,5.5812005884945393,5.6415,12613,0,0,0
ReflectionRefresh,1983,5.0285006873309612,4.9354,12613,0,0,0
ReflectionRefresh,1984,5.5482992902398109,5.5993,12613,0,0,0
ReflectionRefresh,1985,4.8345024697482586,4.7457,12613,0,0,0
ReflectionRefresh,1986,5.1396968774497509,5.0853,12701,0,0,0
ReflectionRefresh,1987,5.663400050252676,5.7488,12613,0,0,0
ReflectionRefresh,1988,4.54710191115737,4.5869,12613,0,0,0
ReflectionRefresh,1989,4.9393000081181526,4.681,12613,0,0,0
ReflectionRefresh,1990,5.7830996811389923,5.6848,12613,0,0,0
ReflectionRefresh,1991,4.7569018788635731,5.0986,12613,0,0,0
ReflectionRefresh,1992,5.957398097962141,5.8405,12613,0,0,0
ReflectionRefresh,1993,4.5275012962520123,4.634,12613,0,0,0
ReflectionRefresh,1994,4.4199973344802856,4.3691,12613,0,0,0
ReflectionRefresh,1995,4.4267005287110806,4.3742,12613,0,0,0
ReflectionRefresh,1996,7.0223002694547176,6.9811,12613,0,0,0
ReflectionRefresh,1997,4.68250410631299,4.746,12613,0,0,0
ReflectionRefresh,1998,4.7919005155563354,4.7559,12613,0,0,0
ReflectionRefresh,1999,5.9713008813560009,5.9279,12613,0,0,0
ReflectionRefresh,2000,5.02069853246212,5.0861,12613,0,0,0
ReflectionRefresh,2001,6.0315970331430435,5.9967,12613,0,0,0
ReflectionRefresh,2002,5.3079011850059032,5.3656,12613,0,0,0
ReflectionRefresh,2003,4.4390023685991764,4.4019,12613,0,0,0
ReflectionRefresh,2004,4.9616000615060329,4.8462,12613,0,0,0
ReflectionRefresh,2005,4.4384989887475967,4.5564,12613,0,0,0
ReflectionRefresh,2006,4.6936012804508209,4.595,12613,0,0,0
ReflectionRefresh,2007,4.8529976047575474,4.879,12613,0,0,0
ReflectionRefresh,2008,4.9062003381550312,4.9409,12613,0,0,0
ReflectionRefresh,2009,4.6328017488121986,4.6558,12613,0,0,0
ReflectionRefresh,2010,4.2482991702854633,4.1916,12613,0,0,0
ReflectionRefresh,2011,5.2311010658741,5.2649,12613,0,0,0
ReflectionRefresh,2012,4.58899512887001,4.4951,12613,0,0,0
ReflectionRefresh,2013,4.5540034770965576,4.5543,12613,0,0,0
ReflectionRefresh,2014,4.5914966613054276,4.6632,12613,0,0,0
ReflectionRefresh,2015,4.0500001050531864,3.9878,12613,0,0,0
ReflectionRefresh,2016,4.3720025569200516,4.3065,12665,0,0,0
ReflectionRefresh,2017,4.233198706060648,4.2986,12701,0,0,0
ReflectionRefresh,2018,4.2671980336308479,4.2921,12613,0,0,0
ReflectionRefresh,2019,5.2236039191484451,5.0661,12613,0,0,0
ReflectionRefresh,2020,4.4802012853324413,4.6299,12613,0,0,0
ReflectionRefresh,2021,4.096797201782465,4.0911,12613,0,0,0
ReflectionRefresh,2022,3.7956987507641315,3.7306,12613,0,0,0
ReflectionRefresh,2023,3.856101306155324,3.9175,12613,0,0,0
ReflectionRefresh,2024,4.6109976246953011,4.5991,12613,0,0,0
ReflectionRefresh,2025,5.726303905248642,5.5909,12613,0,0,0
ReflectionRefresh,2026,4.4937995262444019,4.6238,12613,0,0,0
ReflectionRefresh,2027,4.0276004001498222,3.9883,12613,0,0,0
ReflectionRefresh,2028,4.4458969496190548,4.3504,12613,0,0,0
ReflectionRefresh,2029,4.4286991469562054,4.5141,12613,0,0,0
ReflectionRefresh,2030,3.9050027262419462,3.8364,12613,0,0,0
ReflectionRefresh,2031,5.8761974796652794,5.855,12613,0,0,0
ReflectionRefresh,2032,4.3694018386304379,4.3351,12613,0,0,0
ReflectionRefresh,2033,5.1731010898947716,5.2066,12613,0,0,0
ReflectionRefresh,2034,4.1958969086408615,4.1916,12613,0,0,0
ReflectionRefresh,2035,4.2745037935674191,4.3179,12613,0,0,0
ReflectionRefresh,2036,4.039994440972805,3.9865,12613,0,0,0
ReflectionRefresh,2037,4.3134000152349472,4.3183,12613,0,0,0
ReflectionRefresh,2038,5.0183036364614964,5.0115,12613,0,0,0
ReflectionRefresh,2039,4.2342972010374069,4.1492,12613,0,0,0
ReflectionRefresh,2040,4.4445013627409935,4.4747,12613,0,0,0
ReflectionRefresh,2041,4.1364016942679882,4.1882,12613,0,0,0
ReflectionRefresh,2042,4.1327024810016155,4.1228,12613,0,0,0
ReflectionRefresh,2043,5.4371953010559082,5.1444,12613,0,0,0
ReflectionRefresh,2044,5.1928996108472347,5.2718,12613,0,0,0
ReflectionRefresh,2045,4.1045988909900188,4.302,12613,0,0,0
ReflectionRefresh,2046,4.0939059108495712,4.0407,12613,0,0,0
ReflectionRefresh,2047,4.4075963087379932,4.4597,12613,0,0,0
ReflectionRefresh,2048,3.905704477801919,3.8837,12613,0,0,0
ReflectionRefresh,2049,4.5594954863190651,4.5171,12613,0,0,0
ReflectionRefresh,2050,4.1725980117917061,4.1248,12613,0,0,0
ReflectionRefresh,2051,3.7730017211288214,3.8672,12701,0,0,0
ReflectionRefresh,2052,5.4691042751073837,5.3276,12613,0,0,0
ReflectionRefresh,2053,4.4974987395107746,4.5986,12613,0,0,0
ReflectionRefresh,2054,4.435097798705101,4.4191,12613,0,0,0
ReflectionRefresh,2055,4.3323980644345284,4.2741,12613,0,0,0
ReflectionRefresh,2056,4.5443028211593628,4.6074,12613,0,0,0
ReflectionRefresh,2057,4.1749998927116394,4.1719,12613,0,0,0
ReflectionRefresh,2058,4.270599689334631,4.1911,12613,0,0,0
ReflectionRefresh,2059,4.8113022930920124,4.831,12613,0,0,0
ReflectionRefresh,2060,5.16529893502593,4.9024,12613,0,0,0
ReflectionRefresh,2061,5.49800181761384,5.6714,12665,0,0,0
ReflectionRefresh,2062,4.6755950897932053,4.7278,12613,0,0,0
ReflectionRefresh,2063,4.5606009662151337,4.5939,12613,0,0,0
ReflectionRefresh,2064,4.6754037030041218,4.5406,12613,0,0,0
ReflectionRefresh,2065,4.3832981027662754,4.4849,12613,0,0,0
ReflectionRefresh,2066,4.7718961723148823,4.7826,12613,0,0,0
ReflectionRefresh,2067,4.8465067520737648,4.72,12613,0,0,0
ReflectionRefresh,2068,5.405796691775322,5.4954,12613,0,0,0
ReflectionRefresh,2069,5.59999980032444,5.5409,12613,0,0,0
ReflectionRefresh,2070,5.1083969883620739,5.154,12613,0,0,0
ReflectionRefresh,2071,4.9958052113652229,4.9171,12613,0,0,0
ReflectionRefresh,2072,4.97580086812377,5.0187,12613,0,0,0
ReflectionRefresh,2073,4.3200962245464325,4.3553,12613,0,0,0
ReflectionRefresh,2074,4.1841976344585419,4.0748,12613,0,0,0
ReflectionRefresh,2075,4.6865008771419525,4.7451,12613,0,0,0
ReflectionRefresh,2076,5.0699049606919289,4.7867,12613,0,0,0
ReflectionRefresh,2077,6.6835954785346985,6.9227,12613,0,0,0
ReflectionRefresh,2078,4.660402424633503,4.7021,12613,0,0,0
ReflectionRefresh,2079,4.179301206022501,4.1712,12613,0,0,0
ReflectionRefresh,2080,4.3653980828821659,4.3029,12613,0,0,0
ReflectionRefresh,2081,4.4026006944477558,4.4803,12613,0,0,0
ReflectionRefresh,2082,5.148101132363081,5.0408,12613,0,0,0
ReflectionRefresh,2083,4.4719954021275043,4.3682,12701,0,0,0
ReflectionRefresh,2084,4.5619048178195953,4.702,12613,0,0,0
ReflectionRefresh,2085,4.59799449890852,4.6188,12613,0,0,0
ReflectionRefresh,2086,4.0631024166941643,3.9869,12613,0,0,0
ReflectionRefresh,2087,4.2595025151968,4.285,12613,0,0,0
ReflectionRefresh,2088,5.2469954825937748,5.2324,12613,0,0,0
ReflectionRefresh,2089,4.8950044438242912,4.8661,12613,0,0,0
ReflectionRefresh,2090,5.3763957694172859,5.4428,12613,0,0,0
ReflectionRefresh,2091,4.3526007793843746,4.3313,12613,0,0,0
ReflectionRefresh,2092,4.6904054470360279,4.652,12613,0,0,0
ReflectionRefresh,2093,3.6741993390023708,3.6603,12613,0,0,0
ReflectionRefresh,2094,4.2110970243811607,4.2443,12613,0,0,0
ReflectionRefresh,2095,4.1481009684503078,3.9485,12613,0,0,0
ReflectionRefresh,2096,4.418601281940937,4.5502,12613,0,0,0
ReflectionRefresh,2097,4.2504961602389812,4.1829,12613,0,0,0
ReflectionRefresh,2098,4.6359053812921047,4.6489,12613,0,0,0
ReflectionRefresh,2099,4.38809534534812,4.4537,12613,0,0,0
ReflectionRefresh,2100,4.2147035710513592,4.2214,12613,0,0,0
ReflectionRefresh,2101,4.1365008801221848,4.0762,12613,0,0,0
ReflectionRefresh,2102,5.5234977044165134,5.5669,12613,0,0,0
ReflectionRefresh,2103,4.09180112183094,4.0447,12613,0,0,0
ReflectionRefresh,2104,4.2610969394445419,4.2201,12665,0,0,0
ReflectionRefresh,2105,4.3669003061950207,4.4049,12613,0,0,0
ReflectionRefresh,2106,5.0796982832252979,5.0541,12613,0,0,0
ReflectionRefresh,2107,3.8816044107079506,3.8649,12613,0,0,0
ReflectionRefresh,2108,4.1937003843486309,4.1939,12613,0,0,0
ReflectionRefresh,2109,4.7308956272900105,4.7639,12613,0,0,0
ReflectionRefresh,2110,4.3565048836171627,4.2999,12613,0,0,0
ReflectionRefresh,2111,4.361394327133894,4.384,12613,0,0,0
ReflectionRefresh,2112,4.2540035210549831,4.2751,12613,0,0,0
ReflectionRefresh,2113,5.9650014154613018,5.8954,12613,0,0,0
ReflectionRefresh,2114,4.9107992090284824,4.892,12613,0,0,0
ReflectionRefresh,2115,5.0361962057650089,5.0572,12613,0,0,0
ReflectionRefresh,2116,4.4746031053364277,4.3865,12613,0,0,0
ReflectionRefresh,2117,4.3285996653139591,4.3916,12701,0,0,0
ReflectionRefresh,2118,4.4119968079030514,4.4631,12613,0,0,0
ReflectionRefresh,2119,6.1190049163997173,6.0436,12613,0,0,0
ReflectionRefresh,2120,5.3272959776222706,5.1628,12613,0,0,0
ReflectionRefresh,2121,5.1311012357473373,5.2589,12613,0,0,0
ReflectionRefresh,2122,6.0758008621633053,6.1473,12613,0,0,0
ReflectionRefresh,2123,5.5052014067769051,5.3943,12613,0,0,0
ReflectionRefresh,2124,5.0687002949416637,5.1355,12613,0,0,0
ReflectionRefresh,2125,5.3366990759968758,5.3106,12613,0,0,0
ReflectionRefresh,2126,4.9650012515485287,4.9367,12613,0,0,0
ReflectionRefresh,2127,4.7937994822859764,4.8217,12613,0,0,0
ReflectionRefresh,2128,4.6321004629135132,4.5555,12613,0,0,0
ReflectionRefresh,2129,4.6912981197237968,4.7731,12613,0,0,0
ReflectionRefresh,2130,4.5691966079175472,4.5666,12613,0,0,0
ReflectionRefresh,2131,5.0915037281811237,4.9837,12613,0,0,0
ReflectionRefresh,2132,5.2321995608508587,5.2956,12613,0,0,0
ReflectionRefresh,2133,5.3598000667989254,5.3446,12613,0,0,0
ReflectionRefresh,2134,4.7045988030731678,4.6929,12613,0,0,0
ReflectionRefresh,2135,4.72599919885397,4.7502,12613,0,0,0
ReflectionRefresh,2136,4.712400957942009,4.6684,12613,0,0,0
ReflectionRefresh,2137,5.055796355009079,5.0238,12613,0,0,0
ReflectionRefresh,2138,5.0952024757862091,5.072,12613,0,0,0
ReflectionRefresh,2139,4.03820164501667,4.1283,12613,0,0,0
ReflectionRefresh,2140,4.8239016905426979,4.7597,12613,0,0,0
ReflectionRefresh,2141,4.7957981005311012,4.7609,12613,0,0,0
ReflectionRefresh,2142,4.9955002032220364,4.9905,12613,0,0,0
ReflectionRefresh,2143,4.759899340569973,4.7804,12613,0,0,0
ReflectionRefresh,2144,6.185898557305336,6.0236,12613,0,0,0
ReflectionRefresh,2145,4.9283020198345184,5.0971,12665,0,0,0
ReflectionRefresh,2146,4.2786989361047745,4.2793,12613,0,0,0
ReflectionRefresh,2147,5.251303780823946,5.098,12613,0,0,0
ReflectionRefresh,2148,4.5541948638856411,4.7116,12701,0,0,0
ReflectionRefresh,2149,4.8961024731397629,4.7872,12613,0,0,0
ReflectionRefresh,2150,5.5874008685350418,5.5764,12613,0,0,0
ReflectionRefresh,2151,4.2818947695195675,4.3529,12613,0,0,0
ReflectionRefresh,2152,5.14300586655736,5.0544,12613,0,0,0
ReflectionRefresh,2153,4.90729883313179,4.9081,12613,0,0,0
ReflectionRefresh,2154,4.4643990695476532,4.5316,12613,0,0,0
ReflectionRefresh,2155,4.426601342856884,4.4237,12613,0,0,0
ReflectionRefresh,2156,4.2497944086790085,4.1772,12613,0,0,0
ReflectionRefresh,2157,4.7384072095155716,4.7909,12613,0,0,0
ReflectionRefresh,2158,4.4516935013234615,4.4064,12613,0,0,0
ReflectionRefresh,2159,5.6885061785578728,5.6546,12613,0,0,0
ReflectionRefresh,2160,4.8223002813756466,4.7955,12613,0,0,0
ReflectionRefresh,2161,5.0194938667118549,5.0661,12613,0,0,0
ReflectionRefresh,2162,4.7097010537981987,4.6388,12613,0,0,0
ReflectionRefresh,2163,4.9853031523525715,4.9994,12613,0,0,0
ReflectionRefresh,2164,5.4343962110579014,5.4139,12613,0,0,0
ReflectionRefresh,2165,4.9220025539398193,4.9915,12613,0,0,0
ReflectionRefresh,2166,6.1546983197331429,5.5761,12613,0,0,0
ReflectionRefresh,2167,5.0564981065690517,5.6366,12613,0,0,0
ReflectionRefresh,2168,5.423001479357481,5.2805,12613,0,0,0
ReflectionRefresh,2169,5.0550028681755066,5.1592,12613,0,0,0
ReflectionRefresh,2170,4.8930980265140533,4.726,12613,0,0,0
ReflectionRefresh,2171,5.5939978919923306,5.7028,12613,0,0,0
ReflectionRefresh,2172,5.4739015176892281,5.4991,12613,0,0,0
ReflectionRefresh,2173,4.7441041097044945,4.5202,12613,0,0,0
ReflectionRefresh,2174,4.7304988838732243,4.9541,12613,0,0,0
ReflectionRefresh,2175,4.8235971480607986,4.7377,12613,0,0,0
ReflectionRefresh,2176,4.2553003877401352,4.2672,12613,0,0,0
ReflectionRefresh,2177,3.9577027782797813,3.971,12613,0,0,0
ReflectionRefresh,2178,5.5449972860515118,5.3462,12613,0,0,0
ReflectionRefresh,2179,5.7953018695116043,5.9686,12701,0,0,0
ReflectionRefresh,2180,3.9039966650307178,3.9527,12613,0,0,0
ReflectionRefresh,2181,4.9606999382376671,4.9291,12613,0,0,0
ReflectionRefresh,2182,5.6202025152742863,5.5104,12613,0,0,0
ReflectionRefresh,2183,4.7533023171126842,4.7892,12613,0,0,0
ReflectionRefresh,2184,4.9020973965525627,4.9353,12613,0,0,0
ReflectionRefresh,2185,5.2339993417263031,5.1006,12613,0,0,0
ReflectionRefresh,2186,4.9684029072523117,5.0891,12665,0,0,0
ReflectionRefresh,2187,4.7540958039462566,4.7005,12613,0,0,0
ReflectionRefresh,2188,8.0342050641775131,7.9021,12613,0,0,0
ReflectionRefresh,2189,8.0470945686101913,8.0733,12613,0,0,0
ReflectionRefresh,2190,13.687401078641415,7.5097,12613,0,0,0
ReflectionRefresh,2191,8.41460470110178,14.6317,18451,0,0,0
ReflectionRefresh,2192,9.71249956637621,9.5969,12613,0,0,0
ReflectionRefresh,2193,9.77769959717989,7.7779,12613,0,0,0
ReflectionRefresh,2194,7.9819941893219948,9.946,14475,0,0,0
ReflectionRefresh,2195,5.3766015917062759,5.4007,12613,0,0,0
ReflectionRefresh,2196,6.4445012249052525,6.5204,12613,0,0,0
ReflectionRefresh,2197,4.9672974273562431,5.0127,12613,0,0,0
ReflectionRefresh,2198,4.4812005944550037,4.3611,12613,0,0,0
ReflectionRefresh,2199,10.879606008529663,4.9598,12613,0,0,0
ReflectionRefresh,2200,8.4582976996898651,11.0927,13421,0,0,0
ReflectionRefresh,2201,24.807596579194069,8.2887,13509,0,0,0
ReflectionRefresh,2202,21.9534020870924,25.5359,19523,0,0,0
ReflectionRefresh,2203,7.8670987859368324,23.4475,16445,0,0,0
ReflectionRefresh,2204,6.0799038037657738,6.6814,12999,0,0,0
ReflectionRefresh,2205,53.571797907352448,6.1453,12613,0,0,0
ReflectionRefresh,2206,42.762696743011475,53.5165,20861,0,0,0
ReflectionRefresh,2207,7.0908023044466972,43.4404,16311,0,0,0
ReflectionRefresh,2208,8.1062996760010719,8.2678,14933,0,0,0
ReflectionRefresh,2209,6.1793015338480473,6.4143,12613,0,0,0
ReflectionRefresh,2210,7.6627978123724461,7.3407,12613,0,0,0
ReflectionRefresh,2211,7.2425026446580887,7.4785,12613,0,0,0
ReflectionRefresh,2212,6.2388959340751171,6.0272,12613,0,0,0
ReflectionRefresh,2213,5.536805372685194,5.7039,12613,0,0,0
ReflectionRefresh,2214,5.4455995559692383,5.325,12613,0,0,0
ReflectionRefresh,2215,5.0528980791568756,5.2234,12613,0,0,0
ReflectionRefresh,2216,4.9748015590012074,4.8801,12613,0,0,0
ReflectionRefresh,2217,4.7161988914012909,4.6761,12613,0,0,0
ReflectionRefresh,2218,4.4684028252959251,4.5415,12613,0,0,0
ReflectionRefresh,2219,4.27689915522933,4.2129,12613,0,0,0
ReflectionRefresh,2220,5.2779973484575748,5.2737,12613,0,0,0
ReflectionRefresh,2221,5.3128967992961407,5.2621,12613,0,0,0
ReflectionRefresh,2222,5.2031036466360092,5.2832,12613,0,0,0
ReflectionRefresh,2223,5.0381021574139595,4.9271,12613,0,0,0
ReflectionRefresh,2224,5.1306975074112415,5.2478,12613,0,0,0
ReflectionRefresh,2225,5.1086028106510639,5.0709,12613,0,0,0
ReflectionRefresh,2226,3.9670988917350769,4.02,12613,0,0,0
ReflectionRefresh,2227,5.2933958359062672,5.2739,12613,0,0,0
ReflectionRefresh,2228,4.8317033797502518,4.7554,12613,0,0,0
ReflectionRefresh,2229,4.2232000268995762,4.3,12613,0,0,0
ReflectionRefresh,2230,4.1941963136196136,4.1492,12613,0,0,0
ReflectionRefresh,2231,4.4115008786320686,4.3718,12613,0,0,0
ReflectionRefresh,2232,4.04340261593461,4.0603,12613,0,0,0
ReflectionRefresh,2233,3.9885984733700752,4.0396,12613,0,0,0
ReflectionRefresh,2234,4.355201032012701,4.2799,12613,0,0,0
ReflectionRefresh,2235,4.2394981719553471,4.152,12613,0,0,0
ReflectionRefresh,2236,4.3594031594693661,4.4797,12701,0,0,0
ReflectionRefresh,2237,4.6224985271692276,4.3738,12613,0,0,0
ReflectionRefresh,2238,4.7196005471050739,4.9202,12825,0,0,0
ReflectionRefresh,2239,4.5365006662905216,4.544,12613,0,0,0
ReflectionRefresh,2240,4.4517996720969677,4.311,12613,0,0,0
ReflectionRefresh,2241,4.5762965455651283,4.6519,12613,0,0,0
ReflectionRefresh,2242,4.2495038360357285,4.2454,12613,0,0,0
ReflectionRefresh,2243,4.6345945447683334,4.6261,12613,0,0,0
ReflectionRefresh,2244,4.8442035913467407,4.7993,12613,0,0,0
ReflectionRefresh,2245,5.2798963151872158,5.2798,12613,0,0,0
ReflectionRefresh,2246,4.3528061360120773,4.4163,12613,0,0,0
ReflectionRefresh,2247,4.0205996483564377,4.0118,12613,0,0,0
ReflectionRefresh,2248,4.5796982012689114,4.4963,12613,0,0,0
ReflectionRefresh,2249,4.5528984628617764,4.5968,12613,0,0,0
ReflectionRefresh,2250,4.507504403591156,4.5028,12613,0,0,0
ReflectionRefresh,2251,4.9954932183027267,4.9043,12613,0,0,0
ReflectionRefresh,2252,4.6892007812857628,4.7803,12613,0,0,0
ReflectionRefresh,2253,4.7451034188270569,4.7389,12613,0,0,0
ReflectionRefresh,2254,5.9687006287276745,5.9044,12613,0,0,0
ReflectionRefresh,2255,4.922300111502409,4.9602,12613,0,0,0
ReflectionRefresh,2256,4.4628968462347984,4.4,12613,0,0,0
ReflectionRefresh,2257,4.574404563754797,4.4884,12613,0,0,0
ReflectionRefresh,2258,4.30819857865572,4.4108,12613,0,0,0
ReflectionRefresh,2259,4.4321003369987011,4.4196,12613,0,0,0
ReflectionRefresh,2260,5.4312995634973049,5.3205,12613,0,0,0
ReflectionRefresh,2261,4.8245959915220737,4.9362,12613,0,0,0
ReflectionRefresh,2262,4.130704328417778,4.0941,12613,0,0,0
ReflectionRefresh,2263,4.1478956118226051,4.1117,12613,0,0,0
ReflectionRefresh,2264,4.4642998836934566,4.5237,12613,0,0,0
ReflectionRefresh,2265,4.2734057642519474,4.2524,12613,0,0,0
ReflectionRefresh,2266,4.76839579641819,4.6316,12613,0,0,0
ReflectionRefresh,2267,5.0150016322731972,5.0909,12613,0,0,0
ReflectionRefresh,2268,4.23969654366374,4.1978,12613,0,0,0
ReflectionRefresh,2269,4.5711025595664978,4.5282,12701,0,0,0
ReflectionRefresh,2270,5.028103943914175,5.0746,12613,0,0,0
ReflectionRefresh,2271,4.827295895665884,4.8618,12613,0,0,0
ReflectionRefresh,2272,4.518700297921896,4.4514,12613,0,0,0
ReflectionRefresh,2273,4.87550301477313,4.8841,12613,0,0,0
ReflectionRefresh,2274,4.6557965688407421,4.689,12613,0,0,0
ReflectionRefresh,2275,4.5891012996435165,4.5175,12613,0,0,0
ReflectionRefresh,2276,4.3151997961103916,4.3413,12613,0,0,0
ReflectionRefresh,2277,4.9995961599051952,5.0179,12613,0,0,0
ReflectionRefresh,2278,4.2877052910625935,4.1817,12613,0,0,0
ReflectionRefresh,2279,4.297399427741766,4.406,12613,0,0,0
ReflectionRefresh,2280,4.020302090793848,4.0102,12613,0,0,0
ReflectionRefresh,2281,4.616099875420332,4.5397,12613,0,0,0
ReflectionRefresh,2282,3.9789965376257896,3.9959,12665,0,0,0
ReflectionRefresh,2283,4.8206988722085953,4.791,12613,0,0,0
ReflectionRefresh,2284,4.9562994390726089,4.968,12613,0,0,0
ReflectionRefresh,2285,4.042899701744318,4.0673,12613,0,0,0
ReflectionRefresh,2286,4.5234058052301407,4.5088,12613,0,0,0
ReflectionRefresh,2287,4.9993977881968021,4.935,12613,0,0,0
ReflectionRefresh,2288,4.33349609375,4.4097,12613,0,0,0
ReflectionRefresh,2289,4.0448056533932686,4.0201,12613,0,0,0
ReflectionRefresh,2290,4.2367982678115368,4.133,12613,0,0,0
ReflectionRefresh,2291,4.7567957080900669,4.8669,12613,0,0,0
ReflectionRefresh,2292,4.0971017442643642,3.9792,12613,0,0,0
ReflectionRefresh,2293,5.0451033748686314,5.0718,12613,0,0,0
ReflectionRefresh,2294,5.6027988903224468,5.6355,12613,0,0,0
ReflectionRefresh,2295,4.67409985139966,4.6484,12613,0,0,0
ReflectionRefresh,2296,4.4803004711866379,4.4551,12613,0,0,0
ReflectionRefresh,2297,4.5236963778734207,4.563,12613,0,0,0
ReflectionRefresh,2298,5.0649023614823818,5.0197,12613,0,0,0
ReflectionRefresh,2299,4.8645976930856705,4.8527,12613,0,0,0
ReflectionRefresh,2300,5.7062003761529922,5.6633,17939,0,0,0
ReflectionRefresh,2301,13.081002049148083,5.7526,12613,0,0,0
ReflectionRefresh,2302,8.99440236389637,14.0344,12701,0,0,0
ReflectionRefresh,2303,6.8654976785182953,9.2051,12613,0,0,0
ReflectionRefresh,2304,8.0894986167550087,7.9131,12613,0,0,0
ReflectionRefresh,2305,5.7681053876876831,5.9142,12613,0,0,0
ReflectionRefresh,2306,3.9280964992940426,3.9382,12613,0,0,0
ReflectionRefresh,2307,6.5078018233180046,6.3815,12613,0,0,0
ReflectionRefresh,2308,5.0386977382004261,5.1381,12613,0,0,0
ReflectionRefresh,2309,4.3792021460831165,4.3853,12613,0,0,0
ReflectionRefresh,2310,4.744295496493578,4.558,12613,0,0,0
ReflectionRefresh,2311,5.4573058150708675,5.5794,12613,0,0,0
ReflectionRefresh,2312,4.6278983354568481,4.5932,12613,0,0,0
ReflectionRefresh,2313,4.4071003794670105,4.2763,12613,0,0,0
ReflectionRefresh,2314,4.68550156801939,4.8723,12613,0,0,0
ReflectionRefresh,2315,4.4241002760827541,4.2733,12613,0,0,0
ReflectionRefresh,2316,4.4396966695785522,4.3747,12613,0,0,0
ReflectionRefresh,2317,5.8499006554484367,5.9543,12613,0,0,0
ReflectionRefresh,2318,4.5714001171290874,4.6218,12613,0,0,0
ReflectionRefresh,2319,4.312797449529171,4.3192,12613,0,0,0
ReflectionRefresh,2320,5.838003009557724,5.742,12613,0,0,0
ReflectionRefresh,2321,4.2294994927942753,4.2999,12665,0,0,0
ReflectionRefresh,2322,4.4280965812504292,4.396,12613,0,0,0
ReflectionRefresh,2323,5.2583049982786179,5.1948,12613,0,0,0
ReflectionRefresh,2324,5.4178005084395409,5.4856,12613,0,0,0
ReflectionRefresh,2325,5.7567954063415527,5.5447,12613,0,0,0
ReflectionRefresh,2326,4.8516015522181988,5.0147,12613,0,0,0
ReflectionRefresh,2327,5.1350980065763,5.0935,12613,0,0,0
ReflectionRefresh,2328,4.4768000952899456,4.5411,12613,0,0,0
ReflectionRefresh,2329,5.5878045968711376,5.3874,12613,0,0,0
ReflectionRefresh,2330,4.956795834004879,5.0696,12701,0,0,0
ReflectionRefresh,2331,4.6303998678922653,4.6275,12613,0,0,0
ReflectionRefresh,2332,7.3477039113640785,7.2875,12613,0,0,0
ReflectionRefresh,2333,5.0357994623482227,5.0965,12613,0,0,0
ReflectionRefresh,2334,4.6905968338251114,4.7026,12613,0,0,0
ReflectionRefresh,2335,5.0747022032737732,4.9101,12613,0,0,0
ReflectionRefresh,2336,9.983099065721035,4.5218,12613,0,0,0
ReflectionRefresh,2337,12.098001316189766,10.8708,12613,0,0,0
ReflectionRefresh,2338,5.4165958426892757,12.1474,12613,0,0,0
ReflectionRefresh,2339,4.8040035180747509,4.9035,12613,0,0,0
ReflectionRefresh,2340,3.9640022441744804,3.9719,12613,0,0,0
ReflectionRefresh,2341,4.7875992022454739,4.7109,12613,0,0,0
ReflectionRefresh,2342,4.5371954329311848,4.5181,12613,0,0,0
ReflectionRefresh,2343,5.2759000100195408,5.329,12613,0,0,0
ReflectionRefresh,2344,4.279804416000843,4.2386,12613,0,0,0
ReflectionRefresh,2345,4.0466976352036,4.1116,12613,0,0,0
ReflectionRefresh,2346,4.7372025437653065,4.6691,12613,0,0,0
ReflectionRefresh,2347,4.4652000069618225,4.4412,12613,0,0,0
ReflectionRefresh,2348,4.1527990251779556,4.2159,12613,0,0,0
ReflectionRefresh,2349,4.5141014270484447,4.4106,12613,0,0,0
ReflectionRefresh,2350,4.9046981148421764,4.8526,12613,0,0,0
ReflectionRefresh,2351,4.5136976987123489,4.6114,12613,0,0,0
ReflectionRefresh,2352,5.2344035357236862,4.9486,12613,0,0,0
ReflectionRefresh,2353,4.6266014687716961,4.8308,12613,0,0,0
ReflectionRefresh,2354,4.0388959459960461,4.0984,12613,0,0,0
ReflectionRefresh,2355,4.7650015912950039,4.7106,12613,0,0,0
ReflectionRefresh,2356,5.1551018841564655,5.1422,12613,0,0,0
ReflectionRefresh,2357,4.4011976569890976,4.4233,12613,0,0,0
ReflectionRefresh,2358,4.4667022302746773,4.4159,12613,0,0,0
ReflectionRefresh,2359,4.7812997363507748,4.6297,12701,0,0,0
ReflectionRefresh,2360,4.0250001475214958,4.2114,12665,0,0,0
ReflectionRefresh,2361,4.2008999735116959,4.2141,12613,0,0,0
ReflectionRefresh,2362,3.8306973874568939,3.7756,12613,0,0,0
ReflectionRefresh,2363,4.582100547850132,4.5443,12613,0,0,0
ReflectionRefresh,2364,4.6696001663804054,4.7361,12613,0,0,0
ReflectionRefresh,2365,4.14910027757287,4.0973,12613,0,0,0
ReflectionRefresh,2366,4.3381024152040482,4.353,12613,0,0,0
ReflectionRefresh,2367,4.8889950849115849,4.8757,12613,0,0,0
ReflectionRefresh,2368,3.9862031117081642,3.9622,12613,0,0,0
ReflectionRefresh,2369,3.7877976428717375,3.83,12613,0,0,0
ReflectionRefresh,2370,5.7735047303140163,5.665,12613,0,0,0
ReflectionRefresh,2371,4.9342969432473183,4.9666,12613,0,0,0
ReflectionRefresh,2372,4.2564980685710907,4.3087,12613,0,0,0
ReflectionRefresh,2373,4.2781038209795952,4.2517,12613,0,0,0
ReflectionRefresh,2374,5.798795260488987,5.7406,12613,0,0,0
ReflectionRefresh,2375,4.1449051350355148,4.203,12613,0,0,0
ReflectionRefresh,2376,5.35289803519845,5.1263,12613,0,0,0
ReflectionRefresh,2377,5.5919005535542965,5.5673,12613,0,0,0
ReflectionRefresh,2378,4.6133999712765217,4.7756,12613,0,0,0
ReflectionRefresh,2379,4.2035998776555061,4.2443,12613,0,0,0
ReflectionRefresh,2380,5.041198804974556,4.9627,12613,0,0,0
ReflectionRefresh,2381,5.266999825835228,5.33,12613,0,0,0
ReflectionRefresh,2382,5.84430294111371,4.8268,12613,0,0,0
ReflectionRefresh,2383,5.4996954277157784,6.5041,12613,0,0,0
ReflectionRefresh,2384,4.2557045817375183,4.1764,12613,0,0,0
ReflectionRefresh,2385,5.6863944046199322,5.7404,12613,0,0,0
ReflectionRefresh,2386,4.9606999382376671,4.9162,12613,0,0,0
ReflectionRefresh,2387,4.5015024952590466,4.5345,12613,0,0,0
ReflectionRefresh,2388,5.92100340873003,5.57,12613,0,0,0
ReflectionRefresh,2389,5.5074971169233322,5.8233,12613,0,0,0
ReflectionRefresh,2390,5.38980308920145,5.1955,12613,0,0,0
ReflectionRefresh,2391,4.7464994713664055,4.8081,12701,0,0,0
ReflectionRefresh,2392,4.8616994172334671,4.9391,12613,0,0,0
ReflectionRefresh,2393,4.5895976945757866,4.4334,12613,0,0,0
ReflectionRefresh,2394,4.94970241561532,5.0482,12613,0,0,0
ReflectionRefresh,2395,5.8715986087918282,5.8737,12613,0,0,0
ReflectionRefresh,2396,4.73390007391572,4.7632,12613,0,0,0
ReflectionRefresh,2397,4.5089004561305046,4.4764,12613,0,0,0
ReflectionRefresh,2398,5.2030966617167,5.1374,12613,0,0,0
ReflectionRefresh,2399,4.58380114287138,4.637,12613,0,0,0
ReflectionsOff,0,4.7787982039153576,4.7579,12613,0,0,0
ReflectionsOff,1,4.9146967940032482,4.9003,12613,0,0,0
ReflectionsOff,2,4.7546061687171459,4.7706,12701,0,0,0
ReflectionsOff,3,5.3289965726435184,5.1932,27307,0,0,0
ReflectionsOff,4,4.1978033259510994,4.3812,12613,0,0,0
ReflectionsOff,5,4.3901004828512669,4.3434,12613,0,0,0
ReflectionsOff,6,4.38729440793395,4.4497,12613,0,0,0
ReflectionsOff,7,4.7433036379516125,4.7265,12613,0,0,0
ReflectionsOff,8,4.7009000554680824,4.4865,12613,0,0,0
ReflectionsOff,9,5.06879948079586,5.241,12613,0,0,0
ReflectionsOff,10,4.8288973048329353,4.7954,12613,0,0,0
ReflectionsOff,11,5.260600708425045,5.2947,12613,0,0,0
ReflectionsOff,12,4.1026007384061813,4.1041,12613,0,0,0
ReflectionsOff,13,3.778096754103899,3.7103,12613,0,0,0
ReflectionsOff,14,4.8678005114197731,4.8334,12613,0,0,0
ReflectionsOff,15,4.56969952210784,4.6395,12613,0,0,0
ReflectionsOff,16,3.9262045174837112,3.8784,12613,0,0,0
ReflectionsOff,17,3.9754961617290974,4.013,12613,0,0,0
ReflectionsOff,18,4.6510063111782074,4.6244,12613,0,0,0
ReflectionsOff,19,4.1820933111011982,4.1504,12613,0,0,0
ReflectionsOff,20,4.4907028786838055,4.5404,12613,0,0,0
ReflectionsOff,21,4.227097611874342,4.0699,12613,0,0,0
ReflectionsOff,22,5.2000000141561031,5.1885,12613,0,0,0
ReflectionsOff,23,4.639703780412674,4.7738,12613,0,0,0
ReflectionsOff,24,4.3267998844385147,4.2814,12613,0,0,0
ReflectionsOff,25,4.61999699473381,4.5786,12613,0,0,0
ReflectionsOff,26,4.37859958037734,4.3657,12613,0,0,0
ReflectionsOff,27,4.5197987928986549,4.5849,12613,0,0,0
ReflectionsOff,28,4.3796058744192123,4.3048,12613,0,0,0
ReflectionsOff,29,4.6746954321861267,4.6907,12613,0,0,0
ReflectionsOff,30,4.3375990353524685,4.3682,12613,0,0,0
ReflectionsOff,31,3.8844032678753138,3.7693,12613,0,0,0
ReflectionsOff,32,5.028996616601944,5.106,12613,0,0,0
ReflectionsOff,33,4.5859054662287235,4.5711,12613,0,0,0
ReflectionsOff,34,4.4573978520929813,4.3967,12613,0,0,0
ReflectionsOff,35,4.5050028711557388,4.4759,12613,0,0,0
ReflectionsOff,36,4.4882935471832752,4.5382999999999996,12701,0,0,0
ReflectionsOff,37,4.1483063250780106,4.1119,12613,0,0,0
ReflectionsOff,38,4.2592971585690975,4.2574,12613,0,0,0
ReflectionsOff,39,4.2119966819882393,4.2484,12613,0,0,0
ReflectionsOff,40,3.8526006974279881,3.7888,12613,0,0,0
ReflectionsOff,41,4.1422052308917046,4.2036,12613,0,0,0
ReflectionsOff,42,4.1800951585173607,4.1692,12613,0,0,0
ReflectionsOff,43,4.3831989169120789,4.2842,12613,0,0,0
ReflectionsOff,44,4.1937995702028275,4.2704,12613,0,0,0
ReflectionsOff,45,4.5854025520384312,4.5906,12613,0,0,0
ReflectionsOff,46,4.8765023238956928,4.8,12613,0,0,0
ReflectionsOff,47,4.4722007587552071,4.4937,12613,0,0,0
ReflectionsOff,48,4.4669997878372669,4.5066,12665,0,0,0
ReflectionsOff,49,4.49029915034771,4.279,12613,0,0,0
ReflectionsOff,50,5.4216976277530193,5.491,12613,0,0,0
ReflectionsOff,51,4.1158022359013557,4.2087,12613,0,0,0
ReflectionsOff,52,4.73439646884799,4.6393,12613,0,0,0
ReflectionsOff,53,4.8739016056060791,4.9521,12613,0,0,0
ReflectionsOff,54,4.1766013018786907,4.152,12613,0,0,0
ReflectionsOff,55,4.2615998536348343,4.1293,12613,0,0,0
ReflectionsOff,56,4.8258998431265354,4.9571,12613,0,0,0
ReflectionsOff,57,5.5142007768154144,5.3922,12613,0,0,0
ReflectionsOff,58,5.4502976126968861,5.5112,12613,0,0,0
ReflectionsOff,59,4.2544999159872532,4.2918,12613,0,0,0
ReflectionsOff,60,5.0110048614442348,4.8998,12613,0,0,0
ReflectionsOff,61,5.5366000160574913,5.4333,12613,0,0,0
ReflectionsOff,62,4.6369968913495541,4.7743,12613,0,0,0
ReflectionsOff,63,5.6054987944662571,5.6457,12613,0,0,0
ReflectionsOff,64,4.6036988496780396,4.5412,12613,0,0,0
ReflectionsOff,65,4.39299875870347,4.3958,12613,0,0,0
ReflectionsOff,66,4.5798043720424175,4.6322,12613,0,0,0
ReflectionsOff,67,4.5888959430158138,4.4198,12613,0,0,0
ReflectionsOff,68,4.6409014612436295,4.6751,12613,0,0,0
ReflectionsOff,69,4.2524021118879318,4.2599,12701,0,0,0
ReflectionsOff,70,4.3495958670973778,4.3525,12613,0,0,0
ReflectionsOff,71,4.777402151376009,4.8394,12613,0,0,0
ReflectionsOff,72,4.3812994845211506,4.26,12613,0,0,0
ReflectionsOff,73,5.9443027712404728,5.9736,12613,0,0,0
ReflectionsOff,74,4.7736959531903267,4.8457,12613,0,0,0
ReflectionsOff,75,4.0347999893128872,4.0308,12613,0,0,0
ReflectionsOff,76,4.2461026459932327,4.2043,12613,0,0,0
ReflectionsOff,77,4.3008006177842617,4.3101,12613,0,0,0
ReflectionsOff,78,4.2410003952682018,4.2571,12613,0,0,0
ReflectionsOff,79,4.1393991559743881,4.0926,12613,0,0,0
ReflectionsOff,80,5.6727961637079716,5.69,12613,0,0,0
ReflectionsOff,81,4.3686013668775558,4.3393,12613,0,0,0
ReflectionsOff,82,3.8464001845568419,3.8831,12613,0,0,0
ReflectionsOff,83,5.3097009658813477,5.2598,12613,0,0,0
ReflectionsOff,84,4.8890020698308945,4.863,12613,0,0,0
ReflectionsOff,85,4.1082981042563915,4.1666,12613,0,0,0
ReflectionsOff,86,5.0069019198417664,4.8202,12613,0,0,0
ReflectionsOff,87,5.58010209351778,5.6685,12613,0,0,0
ReflectionsOff,88,4.1892998851835728,4.247,12613,0,0,0
ReflectionsOff,89,3.8100976962596178,3.8052,12613,0,0,0
ReflectionsOff,90,4.5455005019903183,4.4366,12613,0,0,0
ReflectionsOff,91,4.6581989154219627,4.7134,12665,0,0,0
ReflectionsOff,92,4.7017005272209644,4.7059,12613,0,0,0
ReflectionsOff,93,4.6383007429540157,4.5023,12613,0,0,0
ReflectionsOff,94,5.9682964347302914,6.0693,12613,0,0,0
ReflectionsOff,95,4.2569017969071865,4.2481,12613,0,0,0
ReflectionsOff,96,4.20350069180131,4.1107,12613,0,0,0
ReflectionsOff,97,5.2414964884519577,5.3598,12613,0,0,0
ReflectionsOff,98,4.2223995551466942,4.1636,12613,0,0,0
ReflectionsOff,99,4.0237032808363438,4.0932,12613,0,0,0
ReflectionsOff,100,4.3933037668466568,4.3024,12613,0,0,0
ReflectionsOff,101,4.4747944921255112,4.41,12613,0,0,0
ReflectionsOff,102,4.1197985410690308,4.2396,12701,0,0,0
ReflectionsOff,103,4.9991002306342125,4.6732,12613,0,0,0
ReflectionsOff,104,5.596003495156765,5.7693,12613,0,0,0
ReflectionsOff,105,4.37940051779151,4.4989,12613,0,0,0
ReflectionsOff,106,4.0991990827023983,4.0795,12613,0,0,0
ReflectionsOff,107,5.3902990184724331,5.3495,12613,0,0,0
ReflectionsOff,108,4.186699166893959,4.2464,12613,0,0,0
ReflectionsOff,109,4.419699776917696,4.4226,12613,0,0,0
ReflectionsOff,110,4.5137046836316586,4.2959,12613,0,0,0
ReflectionsOff,111,4.6642008237540722,4.8163,12613,0,0,0
ReflectionsOff,112,4.3285004794597626,4.3284,12613,0,0,0
ReflectionsOff,113,3.9037982933223248,3.8736,12613,0,0,0
ReflectionsOff,114,4.2253970168530941,4.2578,12613,0,0,0
ReflectionsOff,115,4.4589000754058361,4.4415,12613,0,0,0
ReflectionsOff,116,4.4998014345765114,4.45,12613,0,0,0
ReflectionsOff,117,4.4553996995091438,4.4605,12613,0,0,0
ReflectionsOff,118,5.24520268663764,5.1605,12613,0,0,0
ReflectionsOff,119,4.8486962914466858,4.8952,12613,0,0,0
ReflectionsOff,120,5.150198470801115,5.0031,12613,0,0,0
ReflectionsOff,121,5.1466058939695358,5.2254,12613,0,0,0
ReflectionsOff,122,6.7511973902583122,6.6031,12613,0,0,0
ReflectionsOff,123,6.796201691031456,6.8785,12613,0,0,0
ReflectionsOff,124,5.2872942760586739,5.393,12613,0,0,0
ReflectionsOff,125,4.6442034654319286,4.6221,12613,0,0,0
ReflectionsOff,126,5.29630109667778,5.3443,12613,0,0,0
ReflectionsOff,127,4.4740010052919388,4.4628,12613,0,0,0
ReflectionsOff,128,4.590298980474472,4.4784,12613,0,0,0
ReflectionsOff,129,4.8962016589939594,4.9027,12613,0,0,0
ReflectionsOff,130,5.5558956228196621,5.5941,12613,0,0,0
ReflectionsOff,131,4.4955993071198463,4.5385,12613,0,0,0
ReflectionsOff,132,4.3385983444750309,4.3092,12613,0,0,0
ReflectionsOff,133,5.6249005720019341,5.4448,12665,0,0,0
ReflectionsOff,134,4.9916030839085579,5.1765,12701,0,0,0
ReflectionsOff,135,4.77629667147994,4.7639,12613,0,0,0
ReflectionsOff,136,4.6819020062685013,4.5586,12613,0,0,0
ReflectionsOff,137,5.0383005291223526,5.1196,12613,0,0,0
ReflectionsOff,138,5.0101969391107559,4.9362,12613,0,0,0
ReflectionsOff,139,5.0531039014458656,5.0673,12613,0,0,0
ReflectionsOff,140,5.0685019232332706,5.0365,12613,0,0,0
ReflectionsOff,141,4.7468962147831917,4.778,12613,0,0,0
ReflectionsOff,142,5.5182045325636864,5.5003,12613,0,0,0
ReflectionsOff,143,4.8078941181302071,4.8429,12613,0,0,0
ReflectionsOff,144,4.6753045171499252,4.6403,12613,0,0,0
ReflectionsOff,145,4.9230018630623817,4.8151,12613,0,0,0
ReflectionsOff,146,5.4070930927991867,5.4517,12613,0,0,0
ReflectionsOff,147,5.3032031282782555,5.298,12613,0,0,0
ReflectionsOff,148,5.1181972958147526,5.1731,12613,0,0,0
ReflectionsOff,149,5.5311010219156742,5.412,12613,0,0,0
ReflectionsOff,150,5.2325041033327579,5.3558,12613,0,0,0
ReflectionsOff,151,6.4651998691260815,6.3799,12613,0,0,0
ReflectionsOff,152,4.6474984847009182,4.6479,12613,0,0,0
ReflectionsOff,153,4.5699970796704292,4.6062,12613,0,0,0
ReflectionsOff,154,4.6277991496026516,4.5071,12613,0,0,0
ReflectionsOff,155,4.673901479691267,4.8002,12613,0,0,0
ReflectionsOff,156,4.0924036875367165,4.0688,12613,0,0,0
ReflectionsOff,157,4.5107994228601456,4.454,12613,0,0,0
ReflectionsOff,158,4.5019984245300293,4.5533,12613,0,0,0
ReflectionsOff,159,4.0830993093550205,4.0583,12613,0,0,0
ReflectionsOff,160,3.8741992320865393,3.7966,12613,0,0,0
ReflectionsOff,161,4.5751985162496567,4.5262,12613,0,0,0
ReflectionsOff,162,5.1832059398293495,5.3013,12613,0,0,0
ReflectionsOff,163,4.133099690079689,4.0778,12613,0,0,0
ReflectionsOff,164,3.9574969559907913,4.0077,12613,0,0,0
ReflectionsOff,165,4.0437001734972,3.9595,12613,0,0,0
ReflectionsOff,166,4.3073981069028378,4.3329,12701,0,0,0
ReflectionsOff,167,4.0033021941781044,4.0277,12613,0,0,0
ReflectionsOff,168,4.21709893271327,4.1486,12613,0,0,0
ReflectionsOff,169,4.834403283894062,4.8012,12613,0,0,0
ReflectionsOff,170,4.6705002896487713,4.7411,12613,0,0,0
ReflectionsOff,171,4.0796981193125248,4.0867,12613,0,0,0
ReflectionsOff,172,4.1350978426635265,4.0429,12613,0,0,0
ReflectionsOff,173,3.9983983151614666,4.055,12613,0,0,0
ReflectionsOff,174,4.6970024704933167,4.5093,12613,0,0,0
ReflectionsOff,175,5.4943026043474674,5.555,12613,0,0,0
ReflectionsOff,176,5.3339004516601563,5.463,12665,0,0,0
ReflectionsOff,177,4.2205993086099625,4.1918,12613,0,0,0
ReflectionsOff,178,4.05239500105381,4.005,12613,0,0,0
ReflectionsOff,179,4.1535999625921249,4.2055,12613,0,0,0
ReflectionsOff,180,3.9084041491150856,3.9113,12613,0,0,0
ReflectionsOff,181,3.9073978550732136,3.8213,12613,0,0,0
ReflectionsOff,182,4.1822986677289009,4.2378,12613,0,0,0
ReflectionsOff,183,5.6612030602991581,5.6205,12613,0,0,0
ReflectionsOff,184,4.510700237005949,4.4304,12613,0,0,0
ReflectionsOff,185,4.2268992401659489,4.3283,12613,0,0,0
ReflectionsOff,186,4.2168013751506805,4.2047,12613,0,0,0
ReflectionsOff,187,4.1093961335718632,4.0519,12613,0,0,0
ReflectionsOff,188,4.103698767721653,4.1492,12613,0,0,0
ReflectionsOff,189,3.9847008883953094,3.9905,12613,0,0,0
ReflectionsOff,190,4.0744049474596977,4.012,12613,0,0,0
ReflectionsOff,191,4.4787982478737831,4.4633,12613,0,0,0
ReflectionsOff,192,4.3542021885514259,4.3922,12613,0,0,0
ReflectionsOff,193,4.5555979013442993,4.4414,12613,0,0,0
ReflectionsOff,194,4.2743976227939129,4.3889,12613,0,0,0
ReflectionsOff,195,3.8143990095704794,3.7536,12613,0,0,0
ReflectionsOff,196,4.6565053053200245,4.5905,12613,0,0,0
ReflectionsOff,197,4.3364935554564,4.4273,12613,0,0,0
ReflectionsOff,198,4.1012046858668327,4.0716,12613,0,0,0
ReflectionsOff,199,5.0214002840220928,4.9733,12613,0,0,0
ReflectionsOff,200,5.7373014278709888,5.3401,12613,0,0,0
ReflectionsOff,201,4.60119778290391,4.9949,12701,0,0,0
ReflectionsOff,202,4.04340261593461,4.0926,12613,0,0,0
ReflectionsOff,203,3.767198184505105,3.7672,12613,0,0,0
ReflectionsOff,204,4.1870959103107452,4.0807,12613,0,0,0
ReflectionsOff,205,4.7374009154737,4.7476,12613,0,0,0
ReflectionsOff,206,5.01520000398159,4.974,12613,0,0,0
ReflectionsOff,207,4.7923042438924313,4.7435,12613,0,0,0
ReflectionsOff,208,4.3410998769104481,4.4759,12613,0,0,0
ReflectionsOff,209,4.0258006192743778,4.0051,12613,0,0,0
ReflectionsOff,210,4.3947985395789146,4.335,12613,0,0,0
ReflectionsOff,211,4.0189982391893864,4.065,12613,0,0,0
ReflectionsOff,212,4.0440973825752735,4.0521,12613,0,0,0
ReflectionsOff,213,4.03550174087286,3.9378,12613,0,0,0
ReflectionsOff,214,5.6916028261184692,5.4342,12613,0,0,0
ReflectionsOff,215,4.219898022711277,4.5326,12613,0,0,0
ReflectionsOff,216,4.2831986211240292,4.2185,12613,0,0,0
ReflectionsOff,217,3.9973002858459949,3.9789,12613,0,0,0
ReflectionsOff,218,5.4454011842608452,5.5054,12613,0,0,0
ReflectionsOff,219,4.9408022314310074,4.8124,12613,0,0,0
ReflectionsOff,220,4.2865006253123283,4.4078,12613,0,0,0
ReflectionsOff,221,6.0874009504914284,6.0135,12613,0,0,0
ReflectionsOff,222,5.1473993808031082,5.163,12665,0,0,0
ReflectionsOff,223,4.69449395313859,4.7372,12613,0,0,0
ReflectionsOff,224,4.6396045945584774,4.5424,12613,0,0,0
ReflectionsOff,225,3.9447988383471966,4.0327,12613,0,0,0
ReflectionsOff,226,3.9168014191091061,3.9101,12613,0,0,0
ReflectionsOff,227,4.0948977693915367,4.0503,12613,0,0,0
ReflectionsOff,228,4.3401005677878857,4.3778,12613,0,0,0
ReflectionsOff,229,3.7363024894148111,3.7269,12613,0,0,0
ReflectionsOff,230,4.0852962993085384,3.9741,12613,0,0,0
ReflectionsOff,231,4.7069019638001919,4.6779,12613,0,0,0
ReflectionsOff,232,4.9546980299055576,5.066,12613,0,0,0
ReflectionsOff,233,3.9759990759193897,3.9298,12613,0,0,0
ReflectionsOff,234,3.773299278691411,3.7454,12613,0,0,0
ReflectionsOff,235,4.5298044569790363,4.5494,12701,0,0,0
ReflectionsOff,236,4.1502974927425385,4.0949,12613,0,0,0
ReflectionsOff,237,4.1252975352108479,4.1764,12613,0,0,0
ReflectionsOff,238,4.4721015729010105,4.4867,12613,0,0,0
ReflectionsOff,239,5.654903594404459,5.5141,12613,0,0,0
ReflectionsOff,240,5.3669004701077938,5.4871,12613,0,0,0
ReflectionsOff,241,4.5139952562749386,4.5067,12613,0,0,0
ReflectionsOff,242,5.6538050994277,5.5597,12613,0,0,0
ReflectionsOff,243,4.0946002118289471,4.1707,12613,0,0,0
ReflectionsOff,244,3.7409935612231493,3.7603,12613,0,0,0
ReflectionsOff,245,4.9117063172161579,4.7027,12613,0,0,0
ReflectionsOff,246,5.5158943869173527,5.6727,12613,0,0,0
ReflectionsOff,247,3.8961025420576334,3.8988,12613,0,0,0
ReflectionsOff,248,3.8793012499809265,3.8126,12613,0,0,0
ReflectionsOff,249,4.82519855722785,4.8804,12613,0,0,0
ReflectionsOff,250,4.7135981731116772,4.6924,12613,0,0,0
ReflectionsOff,251,4.433800932019949,4.3801,12613,0,0,0
ReflectionsOff,252,4.3571996502578259,4.3958,12613,0,0,0
ReflectionsOff,253,4.159899428486824,4.1648,12613,0,0,0
ReflectionsOff,254,4.5756022445857525,4.449,12613,0,0,0
ReflectionsOff,255,5.2633006125688553,5.2028,12613,0,0,0
ReflectionsOff,256,4.8492983914911747,4.963,12613,0,0,0
ReflectionsOff,257,3.8946995045989752,3.9298,12613,0,0,0
ReflectionsOff,258,4.3172971345484257,4.3229,12613,0,0,0
ReflectionsOff,259,4.4406037777662277,4.3432,12613,0,0,0
ReflectionsOff,260,4.1760983876883984,4.2561,12613,0,0,0
ReflectionsOff,261,4.17470233514905,4.1514,12613,0,0,0
ReflectionsOff,262,4.8552011139690876,4.7834,12613,0,0,0
ReflectionsOff,263,4.9196993932127953,4.9461,12613,0,0,0
ReflectionsOff,264,4.156795796006918,4.1838,12613,0,0,0
ReflectionsOff,265,4.0609054267406464,3.9836,12613,0,0,0
ReflectionsOff,266,4.2263958603143692,4.2557,12613,0,0,0
ReflectionsOff,267,3.8222009316086769,3.8419,12665,0,0,0
ReflectionsOff,268,4.1181971319019794,4.0108,12613,0,0,0
ReflectionsOff,269,3.6651005502790213,3.7908,12701,0,0,0
ReflectionsOff,270,5.416900385171175,5.353,12613,0,0,0
ReflectionsOff,271,5.4366001859307289,5.3784,12613,0,0,0
ReflectionsOff,272,4.7642998397350311,4.8468,12613,0,0,0
ReflectionsOff,273,6.2184026464819908,6.0289,12613,0,0,0
ReflectionsOff,274,5.2393991500139236,5.326,12613,0,0,0
ReflectionsOff,275,4.7206985764205456,4.6965,12613,0,0,0
ReflectionsOff,276,4.954400472342968,4.9793,12613,0,0,0
ReflectionsOff,277,4.3061012402176857,4.3035,12613,0,0,0
ReflectionsOff,278,4.3033021502196789,4.2971,12613,0,0,0
ReflectionsOff,279,4.2340988293290138,4.1272,12613,0,0,0
ReflectionsOff,280,5.4317954927682877,5.5264,12613,0,0,0
ReflectionsOff,281,4.3678004294633865,4.3343,12613,0,0,0
ReflectionsOff,282,4.9642999656498432,4.9273,12613,0,0,0
ReflectionsOff,283,4.6237031929194927,4.6815,12613,0,0,0
ReflectionsOff,284,4.4937995262444019,4.3519,12613,0,0,0
ReflectionsOff,285,5.1262965425848961,5.2546,12613,0,0,0
ReflectionsOff,286,4.5775012113153934,4.5612,12613,0,0,0
ReflectionsOff,287,4.6504037454724312,4.5742,12613,0,0,0
ReflectionsOff,288,4.9470947124063969,4.9546,12613,0,0,0
ReflectionsOff,289,4.8672053962945938,4.8988,12613,0,0,0
ReflectionsOff,290,4.4426941312849522,4.3818,12613,0,0,0
ReflectionsOff,291,5.3046061657369137,5.3149,12613,0,0,0
ReflectionsOff,292,5.4292944259941578,5.3285,12613,0,0,0
ReflectionsOff,293,5.3690052591264248,5.4298,12613,0,0,0
ReflectionsOff,294,4.62570134550333,4.6226,12613,0,0,0
ReflectionsOff,295,4.0845945477485657,4.1244,12613,0,0,0
ReflectionsOff,296,5.22260507568717,5.2041,12613,0,0,0
ReflectionsOff,297,3.9783944375813007,3.9448,12613,0,0,0
ReflectionsOff,298,3.9122025482356548,3.9691,12613,0,0,0
ReflectionsOff,299,4.5822989195585251,4.3518,12613,0,0,0
ReflectionsOff,300,4.5023029670119286,4.5709,12613,0,0,0
ReflectionsOff,301,4.7667021863162518,4.8601,12701,0,0,0
ReflectionsOff,302,4.700999241322279,4.7081,12613,0,0,0
ReflectionsOff,303,5.8026998303830624,5.719,12613,0,0,0
ReflectionsOff,304,4.2092972435057163,4.2888,12613,0,0,0
ReflectionsOff,305,3.9355019107460976,3.9335,12613,0,0,0
ReflectionsOff,306,5.0998018123209476,5.0442,12613,0,0,0
ReflectionsOff,307,3.8209962658584118,3.8691,12613,0,0,0
ReflectionsOff,308,4.1855014860630035,4.1279,12613,0,0,0
ReflectionsOff,309,4.9552014097571373,4.7645,12613,0,0,0
ReflectionsOff,310,6.1294003389775753,6.2973,12665,0,0,0
ReflectionsOff,311,4.3031959794461727,4.2978,12613,0,0,0
ReflectionsOff,312,4.8027988523244858,4.6697,12613,0,0,0
ReflectionsOff,313,4.98150521889329,5.1469,12613,0,0,0
ReflectionsOff,314,4.4974987395107746,4.4172,12613,0,0,0
ReflectionsOff,315,4.6528982929885387,4.6497,12613,0,0,0
ReflectionsOff,316,5.0739017315208912,5.0907,12613,0,0,0
ReflectionsOff,317,4.88499877974391,4.8603,12613,0,0,0
ReflectionsOff,318,4.9025015905499458,4.9152,12613,0,0,0
ReflectionsOff,319,4.7887968830764294,4.7973,12613,0,0,0
ReflectionsOff,320,4.78250440210104,4.6079,12613,0,0,0
ReflectionsOff,321,4.7053005546331406,4.8325,12613,0,0,0
ReflectionsOff,322,4.7729946672916412,4.7491,12613,0,0,0
ReflectionsOff,323,4.4428003020584583,4.4314,12613,0,0,0
ReflectionsOff,324,5.28219947591424,5.107,12613,0,0,0
ReflectionsOff,325,5.8726049028337,5.7413,12613,0,0,0
ReflectionsOff,326,4.88499877974391,5.0246,12613,0,0,0
ReflectionsOff,327,5.1919994875788689,5.1344,12613,0,0,0
ReflectionsOff,328,4.7126985155045986,4.6587,12613,0,0,0
ReflectionsOff,329,5.4001985117793083,5.425,12613,0,0,0
ReflectionsOff,330,4.7089001163840294,4.767,12613,0,0,0
ReflectionsOff,331,5.7196994312107563,5.4412,12613,0,0,0
ReflectionsOff,332,5.2408021874725819,5.5017,12701,0,0,0
ReflectionsOff,333,4.7221016138792038,4.6378,12613,0,0,0
ReflectionsOff,334,5.1570013165473938,5.0995,12613,0,0,0
ReflectionsOff,335,5.2916952408850193,5.291,12613,0,0,0
ReflectionsOff,336,4.5312996953725815,4.6341,12613,0,0,0
ReflectionsOff,337,5.1784012466669083,5.0662,12613,0,0,0
ReflectionsOff,338,5.2660997025668621,5.2247,12613,0,0,0
ReflectionsOff,339,5.0495038740336895,5.1494,12613,0,0,0
ReflectionsOff,340,4.2999009601771832,4.3044,12613,0,0,0
ReflectionsOff,341,6.2772957608103752,6.1033,12613,0,0,0
ReflectionsOff,342,5.9000994078814983,6.0596,12613,0,0,0
ReflectionsOff,343,6.7665036767721176,6.6725,12613,0,0,0
ReflectionsOff,344,5.3618978708982468,5.448,12613,0,0,0
ReflectionsOff,345,4.4801020994782448,4.4709,12613,0,0,0
ReflectionsOff,346,5.1624998450279236,5.0627,12613,0,0,0
ReflectionsOff,347,5.0307963974773884,5.0722,12613,0,0,0
ReflectionsOff,348,5.2053006365895271,5.1767,12613,0,0,0
ReflectionsOff,349,5.0306050106883049,5.0563,12613,0,0,0
ReflectionsOff,350,5.2146967500448227,5.1184,12665,0,0,0
ReflectionsOff,351,6.3205002807080746,6.341,12613,0,0,0
ReflectionsOff,352,6.6087017767131329,6.5911,12613,0,0,0
ReflectionsOff,353,4.9974983558058739,5.0331,12613,0,0,0
ReflectionsOff,354,4.6847010962665081,4.709,12613,0,0,0
ReflectionsOff,355,4.8560020513832569,4.7273,12613,0,0,0
ReflectionsOff,356,5.5885985493659973,5.6839,12613,0,0,0
ReflectionsOff,357,4.8227962106466293,4.7733,12613,0,0,0
ReflectionsOff,358,4.6514030545949936,4.7121,12613,0,0,0
ReflectionsOff,359,4.758800845593214,4.7202,12613,0,0,0
ReflectionsOff,360,4.8043010756373405,4.6498,12613,0,0,0
ReflectionsOff,361,5.6849983520805836,5.5621,12701,0,0,0
ReflectionsOff,362,4.9772961065173149,5.2,12613,0,0,0
ReflectionsOff,363,5.3828018717467785,5.3593,12613,0,0,0
ReflectionsOff,364,5.3347009234130383,5.2564,12613,0,0,0
ReflectionsOff,365,5.13460161164403,5.2162,12613,0,0,0
ReflectionsOff,366,4.649497102946043,4.6787,12613,0,0,0
ReflectionsOff,367,4.6327025629580021,4.5042,12613,0,0,0
ReflectionsOff,368,5.7787983678281307,5.895,12613,0,0,0
ReflectionsOff,369,4.5639029704034328,4.5017,12613,0,0,0
ReflectionsOff,370,4.4112955220043659,4.4718,12613,0,0,0
ReflectionsOff,371,6.3176020048558712,6.1355,12613,0,0,0
ReflectionsOff,372,5.0147958099842072,5.1483,12613,0,0,0
ReflectionsOff,373,5.362202413380146,5.0247,12613,0,0,0
ReflectionsOff,374,5.6031038984656334,5.9428,12613,0,0,0
ReflectionsOff,375,4.293395671993494,4.2338,12613,0,0,0
ReflectionsOff,376,4.7178003005683422,4.7685,12613,0,0,0
ReflectionsOff,377,5.5757015943527222,5.4963,12613,0,0,0
ReflectionsOff,378,5.429400596767664,5.4493,12613,0,0,0
ReflectionsOff,379,5.4854024201631546,5.3938,12613,0,0,0
ReflectionsOff,380,5.3741992451250553,5.4943,12613,0,0,0
ReflectionsOff,381,4.4622942805290222,4.4202,12613,0,0,0
ReflectionsOff,382,4.2720027267932892,4.2618,12613,0,0,0
ReflectionsOff,383,4.83090290799737,4.8614,12613,0,0,0
ReflectionsOff,384,4.5857992954552174,4.5898,12613,0,0,0
ReflectionsOff,385,4.2096017859876156,4.1359,12613,0,0,0
ReflectionsOff,386,5.818693432956934,5.8322,12613,0,0,0
ReflectionsOff,387,4.6168011613190174,4.5251,12613,0,0,0
ReflectionsOff,388,5.0370041280984879,5.1372,12613,0,0,0
ReflectionsOff,389,5.9543014504015446,5.8181,12613,0,0,0
ReflectionsOff,390,5.8955992572009563,5.9607,12665,0,0,0
ReflectionsOff,391,4.898696206510067,4.8313,12701,0,0,0
ReflectionsOff,392,6.1891013756394386,6.3188,12613,0,0,0
ReflectionsOff,393,4.4229025952517986,4.3547,12613,0,0,0
ReflectionsOff,394,4.9714003689587116,4.8494,12613,0,0,0
ReflectionsOff,395,5.769798532128334,5.8795,12613,0,0,0
ReflectionsOff,396,4.1897958144545555,4.25,12613,0,0,0
ReflectionsOff,397,4.0183034725487232,4.0191,12613,0,0,0
ReflectionsOff,398,4.7504962421953678,4.6822,12613,0,0,0
ReflectionsOff,399,4.20020567253232,4.2483,12613,0,0,0
ReflectionsOff,400,4.6271965838968754,4.5094,12613,0,0,0
ReflectionsOff,401,5.1678004674613476,5.2008,12613,0,0,0
ReflectionsOff,402,4.3840985745191574,4.4106,12613,0,0,0
ReflectionsOff,403,4.5401998795568943,4.5596,12613,0,0,0
ReflectionsOff,404,4.3576033785939217,4.2472,12613,0,0,0
ReflectionsOff,405,5.25659741833806,5.3119,12613,0,0,0
ReflectionsOff,406,4.4849985279142857,4.5169,12613,0,0,0
ReflectionsOff,407,4.3473993428051472,4.2889,12613,0,0,0
ReflectionsOff,408,6.8529052659869194,6.883,12613,0,0,0
ReflectionsOff,409,4.6572987921535969,4.6024,12613,0,0,0
ReflectionsOff,410,5.0025014206767082,4.9898,12613,0,0,0
ReflectionsOff,411,6.852494552731514,6.8247,12613,0,0,0
ReflectionsOff,412,4.5526004396378994,4.5807,12613,0,0,0
ReflectionsOff,413,4.7035007737576962,4.6134,12613,0,0,0
ReflectionsOff,414,4.6795988455414772,4.7272,12613,0,0,0
ReflectionsOff,415,4.818799439817667,4.7768,12613,0,0,0
ReflectionsOff,416,4.6725058928132057,4.7606,12613,0,0,0
ReflectionsOff,417,4.3517998419702053,4.2633,12613,0,0,0
ReflectionsOff,418,4.2870962060987949,4.3723,12613,0,0,0
ReflectionsOff,419,3.9602043107151985,3.9396,12613,0,0,0
ReflectionsOff,420,4.3199970386922359,4.2759,12613,0,0,0
ReflectionsOff,421,4.7945012338459492,4.7933,12613,0,0,0
ReflectionsOff,422,4.8473994247615337,4.7994,12613,0,0,0
ReflectionsOff,423,4.5673963613808155,4.5609,12701,0,0,0
ReflectionsOff,424,4.4014030136168,4.4858,12613,0,0,0
ReflectionsOff,425,4.2050029151141644,4.0877,12613,0,0,0
ReflectionsOff,426,4.0010982193052769,4.0447,12613,0,0,0
ReflectionsOff,427,4.4664964079856873,4.5222,12613,0,0,0
ReflectionsOff,428,4.0136054158210754,3.9947,12613,0,0,0
ReflectionsOff,429,4.366694949567318,4.3237,12613,0,0,0
ReflectionsOff,430,4.6767005696892738,4.6397,12613,0,0,0
ReflectionsOff,431,4.7294995747506618,4.7729,12613,0,0,0
ReflectionsOff,432,4.8759989440441132,4.7906,12613,0,0,0
ReflectionsOff,433,4.1979025118052959,4.268,12665,0,0,0
ReflectionsOff,434,4.1962019167840481,4.1281,12613,0,0,0
ReflectionsOff,435,6.1903982423245907,6.1163,12613,0,0,0
ReflectionsOff,436,5.0945011898875237,5.11,12613,0,0,0
ReflectionsOff,437,4.8852963373064995,4.7597,12613,0,0,0
ReflectionsOff,438,5.2247024141252041,5.379,12613,0,0,0
ReflectionsOff,439,4.218601156026125,4.0926,12613,0,0,0
ReflectionsOff,440,4.5325965620577335,4.686,12613,0,0,0
ReflectionsOff,441,4.1819019243121147,4.1319,12613,0,0,0
ReflectionsOff,442,4.5037982054054737,4.5396,12613,0,0,0
ReflectionsOff,443,5.33870467916131,5.1372,12613,0,0,0
ReflectionsOff,444,6.85530062764883,6.9603,12613,0,0,0
ReflectionsOff,445,4.81109693646431,4.8825,12613,0,0,0
ReflectionsOff,446,4.8999008722603321,4.7647,12613,0,0,0
ReflectionsOff,447,6.0520973056554794,6.1247,12613,0,0,0
ReflectionsOff,448,4.76760184392333,4.8307,12613,0,0,0
ReflectionsOff,449,4.8674037680029869,4.8523,12613,0,0,0
ReflectionsOff,450,5.7156956754624844,5.651,12613,0,0,0
ReflectionsOff,451,4.7266012988984585,4.7792,12613,0,0,0
ReflectionsOff,452,3.9510983042418957,3.9452,12613,0,0,0
ReflectionsOff,453,5.155499093234539,4.6347,12613,0,0,0
ReflectionsOff,454,4.7656036913394928,5.1545,12613,0,0,0
ReflectionsOff,455,4.8465984873473644,4.901,12701,0,0,0
ReflectionsOff,456,4.4485968537628651,4.4706,12613,0,0,0
ReflectionsOff,457,5.0189057365059853,4.9871,12613,0,0,0
ReflectionsOff,458,4.4176941737532616,4.4062,12613,0,0,0
ReflectionsOff,459,3.9636055007576942,3.9986,12613,0,0,0
ReflectionsOff,460,4.6621952205896378,4.6556,12613,0,0,0
ReflectionsOff,461,4.4334041886031628,4.3416,12613,0,0,0
ReflectionsOff,462,3.9815972559154034,4.0629,12613,0,0,0
ReflectionsOff,463,4.2803003452718258,4.2594,12613,0,0,0
ReflectionsOff,464,5.2951034158468246,5.1551,12613,0,0,0
ReflectionsOff,465,4.8111961223185062,4.9511,12613,0,0,0
ReflectionsOff,466,4.0683033876121044,3.9636,12613,0,0,0
ReflectionsOff,467,5.0344956107437611,5.0671,12613,0,0,0
ReflectionsOff,468,4.60909865796566,4.6251,12613,0,0,0
ReflectionsOff,469,5.1213009282946587,5.0813,12613,0,0,0
ReflectionsOff,470,4.7452026046812534,4.7255,12613,0,0,0
ReflectionsOff,471,5.3741000592708588,5.4261,12613,0,0,0
ReflectionsOff,472,6.20240205898881,5.9213,12613,0,0,0
ReflectionsOff,473,6.4956988207995892,6.6454,12613,0,0,0
ReflectionsOff,474,6.3508008606731892,6.3151,12665,0,0,0
ReflectionsOff,475,5.0142998807132244,5.0609,12613,0,0,0
ReflectionsOff,476,5.5269980803132057,5.5042,12613,0,0,0
ReflectionsOff,477,5.2339001558721066,5.2423,12613,0,0,0
ReflectionsOff,478,5.6304987519979477,5.4131,12613,0,0,0
ReflectionsOff,479,4.4150012545287609,4.6378,12613,0,0,0
ReflectionsOff,480,4.8527992330491543,4.8736,12613,0,0,0
ReflectionsOff,481,4.6212016604840755,4.5283,12613,0,0,0
ReflectionsOff,482,4.63819457218051,4.7093,12613,0,0,0
ReflectionsOff,483,3.941503819078207,3.9463,12613,0,0,0
ReflectionsOff,484,4.06079925596714,4.0025,12613,0,0,0
ReflectionsOff,485,4.3965987861156464,4.3772,12613,0,0,0
ReflectionsOff,486,4.6960036270320415,4.7547,12701,0,0,0
ReflectionsOff,487,4.0915957652032375,4.0407,12613,0,0,0
ReflectionsOff,488,4.3087019585072994,4.3604,12613,0,0,0
ReflectionsOff,489,3.909403458237648,3.8449,12613,0,0,0
ReflectionsOff,490,5.1224986091256142,5.0299,12613,0,0,0
ReflectionsOff,491,3.9207977242767811,4.0005,12613,0,0,0
ReflectionsOff,492,4.4477041810750961,4.4156,12613,0,0,0
ReflectionsOff,493,4.5382934622466564,4.4944,12613,0,0,0
ReflectionsOff,494,4.943204578012228,5.0279,12613,0,0,0
ReflectionsOff,495,4.5339995995163918,4.5222,12613,0,0,0
ReflectionsOff,496,4.3466980569064617,4.2234,12613,0,0,0
ReflectionsOff,497,4.2577027343213558,4.3933,12613,0,0,0
ReflectionsOff,498,4.3571996502578259,4.3504,12613,0,0,0
ReflectionsOff,499,5.531802773475647,5.4825,12613,0,0,0
ReflectionsOff,500,4.2727962136268616,4.3154,12613,0,0,0
ReflectionsOff,501,3.9677014574408531,3.9522,12613,0,0,0
ReflectionsOff,502,4.8346016556024551,4.6462,12613,0,0,0
ReflectionsOff,503,4.3044006451964378,4.3778,12613,0,0,0
ReflectionsOff,504,4.2748935520648956,4.3487,12613,0,0,0
ReflectionsOff,505,4.0279054082930088,3.9751,12613,0,0,0
ReflectionsOff,506,4.8876982182264328,4.9219,12613,0,0,0
ReflectionsOff,507,4.118502140045166,4.1257,12613,0,0,0
ReflectionsOff,508,3.9375000633299351,3.8489,12613,0,0,0
ReflectionsOff,509,4.95519395917654,5.0098,12613,0,0,0
ReflectionsOff,510,5.4467050358653069,5.3417,12613,0,0,0
ReflectionsOff,511,4.3018991127610207,4.3995,12613,0,0,0
ReflectionsOff,512,3.9582978934049606,3.9736,12613,0,0,0
ReflectionsOff,513,4.3374006636440754,4.1855,12613,0,0,0
ReflectionsOff,514,5.1617985591292381,5.2202,12613,0,0,0
ReflectionsOff,515,4.5693027786910534,4.625,12613,0,0,0
ReflectionsOff,516,4.482596181333065,4.3196,12613,0,0,0
ReflectionsOff,517,4.859105683863163,4.9189,12613,0,0,0
ReflectionsOff,518,4.8385984264314175,4.9076,12665,0,0,0
ReflectionsOff,519,3.989002201706171,3.875,12613,0,0,0
ReflectionsOff,520,4.4691963121294975,4.568,12701,0,0,0
ReflectionsOff,521,4.4694021344184875,4.366,12613,0,0,0
ReflectionsOff,522,5.6329010985791683,5.6588,12613,0,0,0
ReflectionsOff,523,5.39259472861886,5.4487,12613,0,0,0
ReflectionsOff,524,4.3152989819645882,4.2793,12613,0,0,0
ReflectionsOff,525,4.5040035620331764,4.4564,12613,0,0,0
ReflectionsOff,526,4.3771965429186821,4.4119,12613,0,0,0
ReflectionsOff,527,4.3181050568819046,4.3423,12613,0,0,0
ReflectionsOff,528,4.13799611851573,4.0859,12613,0,0,0
ReflectionsOff,529,4.32200264185667,4.3813,12613,0,0,0
ReflectionsOff,530,5.0522959791123867,5.0346,12613,0,0,0
ReflectionsOff,531,4.0874998085200787,3.9605,12613,0,0,0
ReflectionsOff,532,5.63990231603384,5.7376,12613,0,0,0
ReflectionsOff,533,5.9303995221853256,5.6791,12613,0,0,0
ReflectionsOff,534,4.9618976190686226,4.9384,12613,0,0,0
ReflectionsOff,535,4.2948056943714619,4.3733,12613,0,0,0
ReflectionsOff,536,3.9920988492667675,3.9119,12613,0,0,0
ReflectionsOff,537,4.340901505202055,4.4094,12613,0,0,0
ReflectionsOff,538,4.521095659583807,4.4518,12613,0,0,0
ReflectionsOff,539,4.7256024554371834,4.6977,12613,0,0,0
ReflectionsOff,540,4.2615006677806377,4.3421,12613,0,0,0
ReflectionsOff,541,4.5487955212593079,4.5111,12613,0,0,0
ReflectionsOff,542,4.2780046351253986,4.2515,12613,0,0,0
ReflectionsOff,543,4.2801019735634327,4.238,12613,0,0,0
ReflectionsOff,544,4.3596937321126461,4.4439,12613,0,0,0
ReflectionsOff,545,4.4618053361773491,4.4117,12613,0,0,0
ReflectionsOff,546,4.3053994886577129,4.3196,12613,0,0,0
ReflectionsOff,547,4.7942954115569592,4.756,12613,0,0,0
ReflectionsOff,548,4.9330000765621662,4.8697,12613,0,0,0
ReflectionsOff,549,4.0214993059635162,4.1312,12613,0,0,0
ReflectionsOff,550,3.9865998551249504,3.9591,12613,0,0,0
ReflectionsOff,551,4.1351048275828362,4.0741,12613,0,0,0
ReflectionsOff,552,4.7709965147078037,4.7279,12613,0,0,0
ReflectionsOff,553,4.7379038296639919,4.7896,12701,0,0,0
ReflectionsOff,554,4.7950963489711285,4.7475,12613,0,0,0
ReflectionsOff,555,4.0022036992013454,4.0679,12613,0,0,0
ReflectionsOff,556,4.0678996592760086,4.0277,12613,0,0,0
ReflectionsOff,557,5.0099985674023628,4.6568,12613,0,0,0
ReflectionsOff,558,5.2370959892869,5.6012,12613,0,0,0
ReflectionsOff,559,4.945103544741869,4.9016,12613,0,0,0
ReflectionsOff,560,4.74880263209343,4.768,12613,0,0,0
ReflectionsOff,561,6.2195933423936367,6.1544,12613,0,0,0
ReflectionsOff,562,4.5432043261826038,4.6281,12665,0,0,0
ReflectionsOff,563,4.6315970830619335,4.6322,12613,0,0,0
ReflectionsOff,564,6.5651005133986473,6.2454,12613,0,0,0
ReflectionsOff,565,5.37270400673151,5.6737,12613,0,0,0
ReflectionsOff,566,6.2087937258183956,6.1504,12613,0,0,0
ReflectionsOff,567,5.3035006858408451,5.2799,12613,0,0,0
ReflectionsOff,568,4.6783019788563251,4.6403,12613,0,0,0
ReflectionsOff,569,5.0845025107264519,5.0843,12613,0,0,0
ReflectionsOff,570,4.1867983527481556,4.1289,12613,0,0,0
ReflectionsOff,571,4.5937998220324516,4.7142,12613,0,0,0
ReflectionsOff,572,3.9525013417005539,3.8468,12613,0,0,0
ReflectionsOff,573,5.1393993198871613,5.1911,12613,0,0,0
ReflectionsOff,574,4.2511974461376667,4.1989,12613,0,0,0
ReflectionsOff,575,4.8210034146904945,4.7,12613,0,0,0
ReflectionsOff,576,4.4375993311405182,4.5513,12613,0,0,0
ReflectionsOff,577,4.1188988834619522,4.1081,12613,0,0,0
ReflectionsOff,578,4.0443027392029762,3.9977,12613,0,0,0
ReflectionsOff,579,4.5533943921327591,4.5497,12613,0,0,0
ReflectionsOff,580,4.5618056319653988,4.5955,12613,0,0,0
ReflectionsOff,581,5.7407952845096588,5.5738,12613,0,0,0
ReflectionsOff,582,4.4820010662078857,4.6488,12613,0,0,0
ReflectionsOff,583,7.6089003123342991,7.2075,12613,0,0,0
ReflectionsOff,584,4.9419999122619629,5.2538,12701,0,0,0
ReflectionsOff,585,4.1851047426462173,4.1886,12613,0,0,0
ReflectionsOff,586,4.5115998946130276,4.45,12613,0,0,0
ReflectionsOff,587,4.6416949480772018,4.6398,12613,0,0,0
ReflectionsOff,588,4.9297050572931767,4.97,12613,0,0,0
ReflectionsOff,589,4.9965986981987953,4.8285,12613,0,0,0
ReflectionsOff,590,4.8755952157080173,5.0298,12613,0,0,0
ReflectionsOff,591,4.1448059491813183,4.1212,12613,0,0,0
ReflectionsOff,592,4.6339994296431541,4.4866,12613,0,0,0
ReflectionsOff,593,4.6680979430675507,4.7927,12613,0,0,0
ReflectionsOff,594,4.7787982039153576,4.7679,12613,0,0,0
ReflectionsOff,595,4.4890022836625576,4.4348,12613,0,0,0
ReflectionsOff,596,4.1319020092487335,4.1964,12613,0,0,0
ReflectionsOff,597,4.305895883589983,4.3041,12613,0,0,0
ReflectionsOff,598,4.349099937826395,4.2798,12613,0,0,0
ReflectionsOff,599,5.8001982979476452,5.8417,12613,0,0,0
ReflectionsOff,600,5.0832056440413,5.0217,12613,0,0,0
ReflectionsOff,601,4.39649960026145,4.4493,12613,0,0,0
ReflectionsOff,602,4.0567955002188683,3.9973,12613,0,0,0
ReflectionsOff,603,5.3264028392732143,5.2103,12613,0,0,0
ReflectionsOff,604,5.1317955367267132,5.2945,12665,0,0,0
ReflectionsOff,605,4.670705646276474,4.6681,12613,0,0,0
ReflectionsOff,606,5.9633008204400539,5.9033,12613,0,0,0
ReflectionsOff,607,4.3543935753405094,4.4014,12613,0,0,0
ReflectionsOff,608,4.91570308804512,4.8452,12613,0,0,0
ReflectionsOff,609,5.7569020427763462,5.6841,12613,0,0,0
ReflectionsOff,610,5.0045987591147423,5.0884,12613,0,0,0
ReflectionsOff,611,4.1142008267343044,4.109,12613,0,0,0
ReflectionsOff,612,4.4851968996226788,4.3905,12613,0,0,0
ReflectionsOff,613,4.31089848279953,4.4245,12613,0,0,0
ReflectionsOff,614,4.9739014357328415,4.942,12613,0,0,0
ReflectionsOff,615,4.92470245808363,4.8346,12613,0,0,0
ReflectionsOff,616,5.4286988452076912,5.5087,12701,0,0,0
ReflectionsOff,617,4.5268000103533268,4.498,12613,0,0,0
ReflectionsOff,618,4.469302948564291,4.518,12613,0,0,0
ReflectionsOff,619,5.7053002528846264,5.6277,12613,0,0,0
ReflectionsOff,620,4.8128967173397541,4.8079,12613,0,0,0
ReflectionsOff,621,4.8515023663640022,4.8899,12613,0,0,0
ReflectionsOff,622,5.8464002795517445,5.5293,12613,0,0,0
ReflectionsOff,623,4.2816963978111744,4.5881,12613,0,0,0
ReflectionsOff,624,4.3602040968835354,4.3693,12613,0,0,0
ReflectionsOff,625,5.9707979671657085,5.8516,12613,0,0,0
ReflectionsOff,626,5.2038975991308689,5.308,12613,0,0,0
ReflectionsOff,627,5.2315052598714828,5.1555,12613,0,0,0
ReflectionsOff,628,5.3812996484339237,5.286,12613,0,0,0
ReflectionsOff,629,4.8285997472703457,4.8481,12613,0,0,0
ReflectionsOff,630,4.44739917293191,4.4989,12613,0,0,0
ReflectionsOff,631,5.7344953529536724,5.5353,12613,0,0,0
ReflectionsOff,632,4.8668012022972107,5.0234,12613,0,0,0
ReflectionsOff,633,5.1293014548718929,5.0724,12613,0,0,0
ReflectionsOff,634,4.0146969258785248,4.0711,12613,0,0,0
ReflectionsOff,635,3.9614015258848667,3.9436,12613,0,0,0
ReflectionsOff,636,4.4438987970352173,4.3028,12613,0,0,0
ReflectionsOff,637,4.8193028196692467,4.9235,12613,0,0,0
ReflectionsOff,638,4.7656036913394928,4.7282,12613,0,0,0
ReflectionsOff,639,4.7388961538672447,4.7321,12613,0,0,0
ReflectionsOff,640,4.7121034003794193,4.7352,12613,0,0,0
ReflectionsOff,641,5.1964004524052143,5.1224,12613,0,0,0
ReflectionsOff,642,4.85649798065424,4.8798,12613,0,0,0
ReflectionsOff,643,4.3074972927570343,4.3384,12613,0,0,0
ReflectionsOff,644,5.3970026783645153,5.3173,12613,0,0,0
ReflectionsOff,645,5.4088011384010315,5.3387,12665,0,0,0
ReflectionsOff,646,5.0489017739892006,5.1252,12613,0,0,0
ReflectionsOff,647,4.2235967703163624,4.2378,12701,0,0,0
ReflectionsOff,648,5.2155968733131886,5.1762,12613,0,0,0
ReflectionsOff,649,4.97580086812377,4.9662,12613,0,0,0
ReflectionsOff,650,4.4357995502650738,4.4863,12613,0,0,0
ReflectionsOff,651,4.4764028862118721,4.4288,12613,0,0,0
ReflectionsOff,652,4.7274022363126278,4.7847,12613,0,0,0
ReflectionsOff,653,4.5787980780005455,4.5599,12613,0,0,0
ReflectionsOff,654,4.6648029237985611,4.5742,12613,0,0,0
ReflectionsOff,655,4.5709963887929916,4.6621,12613,0,0,0
ReflectionsOff,656,4.0027988143265247,4.0037,12613,0,0,0
ReflectionsOff,657,4.0678996592760086,4.0042,12613,0,0,0
ReflectionsOff,658,4.1965986602008343,4.2518,12613,0,0,0
ReflectionsOff,659,3.9579011499881744,3.9012,12613,0,0,0
ReflectionsOff,660,3.7905045319348574,3.7746,12613,0,0,0
ReflectionsOff,661,4.53819427639246,4.5746,12613,0,0,0
ReflectionsOff,662,6.0715065337717533,5.9195,12613,0,0,0
ReflectionsOff,663,4.4210953637957573,4.5598,12613,0,0,0
ReflectionsOff,664,3.8858985062688589,3.8987,12613,0,0,0
ReflectionsOff,665,4.118005745112896,4.0605,12613,0,0,0
ReflectionsOff,666,4.3610967695713043,4.3255,12613,0,0,0
ReflectionsOff,667,4.2930981144309044,4.3417,12613,0,0,0
ReflectionsOff,668,4.6939980238676071,4.586,12613,0,0,0
ReflectionsOff,669,4.4413050636649132,4.5365,12613,0,0,0
ReflectionsOff,670,4.9934950657188892,4.9902,12613,0,0,0
ReflectionsOff,671,4.8491000197827816,4.6986,12613,0,0,0
ReflectionsOff,672,4.2338008061051369,4.3675,12613,0,0,0
ReflectionsOff,673,4.4917021878063679,4.3905,12613,0,0,0
ReflectionsOff,674,4.6905968338251114,4.6875,12613,0,0,0
ReflectionsOff,675,4.8022037371993065,4.7918,12613,0,0,0
ReflectionsOff,676,5.0378968007862568,5.063,12613,0,0,0
ReflectionsOff,677,4.6747024171054363,4.631,12613,0,0,0
ReflectionsOff,678,4.2367982678115368,4.3087,12613,0,0,0
ReflectionsOff,679,4.6523031778633595,4.6485,12613,0,0,0
ReflectionsOff,680,4.4033019803464413,4.053,12613,0,0,0
ReflectionsOff,681,4.3549956753849983,4.6956,12701,0,0,0
ReflectionsOff,682,5.5892998352646828,5.4882,12613,0,0,0
ReflectionsOff,683,4.4028982520103455,4.3863,12613,0,0,0
ReflectionsOff,684,4.834403283894062,4.9241,12613,0,0,0
ReflectionsOff,685,4.627699963748455,4.5019,12613,0,0,0
ReflectionsOff,686,5.26480283588171,5.3702,12613,0,0,0
ReflectionsOff,687,5.2009993232786655,5.1453,12613,0,0,0
ReflectionsOff,688,5.1598995923995972,5.2009,12613,0,0,0
ReflectionsOff,689,4.5360969379544258,4.5479,12665,0,0,0
ReflectionsOff,690,4.9714995548129082,4.9177,12613,0,0,0
ReflectionsOff,691,5.5763036943972111,5.3618,12613,0,0,0
ReflectionsOff,692,4.6101971529424191,4.8161,12613,0,0,0
ReflectionsOff,693,4.5839995145797729,4.4997,12613,0,0,0
ReflectionsOff,694,4.2105019092559814,4.3138,12613,0,0,0
ReflectionsOff,695,4.68879658728838,4.592,12613,0,0,0
ReflectionsOff,696,5.0794999115169048,5.0737,12613,0,0,0
ReflectionsOff,697,6.8487031385302544,6.8347,12613,0,0,0
ReflectionsOff,698,4.452600609511137,4.5159,12613,0,0,0
ReflectionsOff,699,4.2430981993675232,4.2588,12613,0,0,0
ReflectionsOff,700,4.4488022103905678,4.3934,12613,0,0,0
ReflectionsOff,701,4.20870166271925,4.1766,12613,0,0,0
ReflectionsOff,702,5.4910006001591682,5.5312,12613,0,0,0
ReflectionsOff,703,4.63819457218051,4.541,12613,0,0,0
ReflectionsOff,704,5.1311012357473373,5.1769,12613,0,0,0
ReflectionsOff,705,5.3358986042439938,5.2825,12613,0,0,0
ReflectionsOff,706,4.67460323125124,4.7465,12613,0,0,0
ReflectionsOff,707,5.558602511882782,5.4656,12613,0,0,0
ReflectionsOff,708,5.3628967143595219,5.4312,12613,0,0,0
ReflectionsOff,709,4.3641016818583012,4.2879,12613,0,0,0
ReflectionsOff,710,4.8038973473012447,4.795,12613,0,0,0
ReflectionsOff,711,5.27650211006403,5.2427,12613,0,0,0
ReflectionsOff,712,4.5140022411942482,4.6198,12701,0,0,0
ReflectionsOff,713,5.5157952010631561,5.3151,12613,0,0,0
ReflectionsOff,714,4.4605014845728874,4.6389,12613,0,0,0
ReflectionsOff,715,4.72840154543519,4.693,12613,0,0,0
ReflectionsOff,716,4.1244970634579659,3.9932,12613,0,0,0
ReflectionsOff,717,4.8550027422606945,4.9406,12613,0,0,0
ReflectionsOff,718,5.1384000107645988,5.1534,12613,0,0,0
ReflectionsOff,719,4.6000992879271507,4.6014,12613,0,0,0
ReflectionsOff,720,4.4410005211830139,4.4838,12613,0,0,0
ReflectionsOff,721,4.0304986760020256,3.9699,12613,0,0,0
ReflectionsOff,722,4.3008006177842617,4.2789,12613,0,0,0
ReflectionsOff,723,5.142800509929657,5.1608,12613,0,0,0
ReflectionsOff,724,4.7303996980190277,4.6749,12613,0,0,0
ReflectionsOff,725,4.0474985726177692,4.122,12613,0,0,0
ReflectionsOff,726,3.8540037348866463,3.8512,12613,0,0,0
ReflectionsOff,727,5.5705993436276913,5.0929,12613,0,0,0
ReflectionsOff,728,4.0413974784314632,4.4402,12613,0,0,0
ReflectionsOff,729,3.5651999060064554,3.5568,12613,0,0,0
ReflectionsOff,730,4.0154973976314068,3.711,12613,0,0,0
ReflectionsOff,731,5.0716055557131767,5.3437,12613,0,0,0
ReflectionsOff,732,4.2595947161316872,4.2078,12665,0,0,0
ReflectionsOff,733,4.8096016980707645,4.7947,12613,0,0,0
ReflectionsOff,734,4.7599985264241695,4.7815,12613,0,0,0
ReflectionsOff,735,4.3914043344557285,4.415,12613,0,0,0
ReflectionsOff,736,3.8848002441227436,3.8335,12613,0,0,0
ReflectionsOff,737,3.7287981249392033,3.7588,12613,0,0,0
ReflectionsOff,738,5.4278983734548092,5.4017,12613,0,0,0
ReflectionsOff,739,4.0417020209133625,3.9741,12613,0,0,0
ReflectionsOff,740,4.0879962034523487,4.1632,12613,0,0,0
ReflectionsOff,741,4.0467050857841969,4.0568,12613,0,0,0
ReflectionsOff,742,3.8017998449504375,3.7309,12613,0,0,0
ReflectionsOff,743,4.7016013413667679,4.758,12613,0,0,0
ReflectionsOff,744,4.0805982425808907,4.0603,12613,0,0,0
ReflectionsOff,745,4.576799925416708,4.3472,12613,0,0,0
ReflectionsOff,746,5.6219953112304211,5.841,12701,0,0,0
ReflectionsOff,747,4.3919999152421951,4.3484,12613,0,0,0
ReflectionsOff,748,3.9206068031489849,3.9703,12613,0,0,0
ReflectionsOff,749,4.3738945387303829,4.3589,12613,0,0,0
ReflectionsOff,750,3.8079011719673872,3.7601,12613,0,0,0
ReflectionsOff,751,3.7340987473726273,3.7445,12613,0,0,0
ReflectionsOff,752,3.9050027262419462,3.897,12613,0,0,0
ReflectionsOff,753,5.4247025400400162,5.388,12613,0,0,0
ReflectionsOff,754,3.9860969409346581,4.0393,12613,0,0,0
ReflectionsOff,755,4.3585035018622875,4.3493,12613,0,0,0
ReflectionsOff,756,5.014399066567421,4.9188,12613,0,0,0
ReflectionsOff,757,4.2473003268241882,4.3391,12613,0,0,0
ReflectionsOff,758,4.0535996668040752,3.9884,12613,0,0,0
ReflectionsOff,759,4.0455996058881283,4.0121,12613,0,0,0
ReflectionsOff,760,5.807199515402317,5.8391,12613,0,0,0
ReflectionsOff,761,4.4160005636513233,4.2995,12613,0,0,0
ReflectionsOff,762,4.5537981204688549,4.6876,12613,0,0,0
ReflectionsOff,763,5.2170990966260433,5.1388,12613,0,0,0
ReflectionsOff,764,4.5283022336661816,4.55,12613,0,0,0
ReflectionsOff,765,4.5575965195894241,4.4421,12613,0,0,0
ReflectionsOff,766,5.2755032666027546,5.4329,12613,0,0,0
ReflectionsOff,767,5.0952024757862091,5.0406,12613,0,0,0
ReflectionsOff,768,4.402997437864542,4.4412,12613,0,0,0
ReflectionsOff,769,4.1562994010746479,4.1383,12613,0,0,0
ReflectionsOff,770,4.3859975412487984,4.3467,12613,0,0,0
ReflectionsOff,771,4.4476049952209,4.4925,12613,0,0,0
ReflectionsOff,772,3.8975977804511786,3.8998,12613,0,0,0
ReflectionsOff,773,4.4169998727738857,4.3387,12613,0,0,0
ReflectionsOff,774,5.0212019123137,4.9992,12613,0,0,0
ReflectionsOff,775,3.8056971970945597,3.8823,12613,0,0,0
ReflectionsOff,776,3.8429987616837025,3.7892,12613,0,0,0
ReflectionsOff,777,4.0630032308399677,4.0216,12613,0,0,0
ReflectionsOff,778,4.5074969530105591,4.5251,12665,0,0,0
ReflectionsOff,779,3.9718039333820343,3.9194,12613,0,0,0
ReflectionsOff,780,4.193098284304142,4.3013,12701,0,0,0
ReflectionsOff,781,4.7888960689306259,4.7706,12613,0,0,0
ReflectionsOff,782,4.9343039281666279,4.8767,12613,0,0,0
ReflectionsOff,783,4.0180981159210205,4.0016,12613,0,0,0
ReflectionsOff,784,4.6200044453144073,4.6197,12613,0,0,0
ReflectionsOff,785,4.6453941613435745,4.6155,12613,0,0,0
ReflectionsOff,786,3.8671060465276241,3.8878,12613,0,0,0
ReflectionsOff,787,3.930994775146246,3.9443,12613,0,0,0
ReflectionsOff,788,4.0451036766171455,4.0174,12613,0,0,0
ReflectionsOff,789,4.5142997987568378,4.5558,12613,0,0,0
ReflectionsOff,790,3.8435019087046385,3.85,12613,0,0,0
ReflectionsOff,791,4.1268989443778992,4.0705,12613,0,0,0
ReflectionsOff,792,4.4755954295396805,4.4945,12613,0,0,0
ReflectionsOff,793,4.0507013909518719,4.0757,12613,0,0,0
ReflectionsOff,794,4.076899029314518,3.9478,12613,0,0,0
ReflectionsOff,795,5.0806053914129734,5.1658,12613,0,0,0
ReflectionsOff,796,4.33619599789381,4.3411,12613,0,0,0
ReflectionsOff,797,3.8625991437584162,3.8074,12613,0,0,0
ReflectionsOff,798,5.4883998818695545,5.4531,12613,0,0,0
ReflectionsOff,799,5.6253047659993172,5.6059,12613,0,0,0
ReflectionsOff,800,4.2210957035422325,4.2446,12613,0,0,0
ReflectionsOff,801,5.7952026836574078,5.7469,12613,0,0,0
ReflectionsOff,802,5.986096803098917,5.9753,12613,0,0,0
ReflectionsOff,803,5.4360046051442623,5.4154,12613,0,0,0
ReflectionsOff,804,4.9295988865196705,4.9982,12613,0,0,0
ReflectionsOff,805,4.45579644292593,4.4626,12613,0,0,0
ReflectionsOff,806,4.1438988409936428,4.0615,12613,0,0,0
ReflectionsOff,807,4.5949048362672329,4.645,12613,0,0,0
ReflectionsOff,808,4.487896803766489,4.4969,12613,0,0,0
ReflectionsOff,809,4.8461025580763817,4.6971,12613,0,0,0
ReflectionsOff,810,5.5742985568940639,5.6712,12613,0,0,0
ReflectionsOff,811,4.9001984298229218,4.8926,12613,0,0,0
ReflectionsOff,812,4.3969033285975456,4.3027,12613,0,0,0
ReflectionsOff,813,4.65779472142458,4.7997,12701,0,0,0
ReflectionsOff,814,3.9632013067603111,3.8924,12613,0,0,0
ReflectionsOff,815,4.9233986064791679,4.8457,12613,0,0,0
ReflectionsOff,816,5.0052013248205185,5.0668,12613,0,0,0
ReflectionsOff,817,4.45279898121953,4.3429,12613,0,0,0
ReflectionsOff,818,5.1764030940830708,5.2797,12613,0,0,0
ReflectionsOff,819,4.2628967203199863,4.1994,12613,0,0,0
ReflectionsOff,820,5.7182041928172112,5.6663,12613,0,0,0
ReflectionsOff,821,4.3236962519586086,4.4371,12613,0,0,0
ReflectionsOff,822,4.39350213855505,4.3963,12665,0,0,0
ReflectionsOff,823,4.5765023678541183,4.5291,12613,0,0,0
ReflectionsOff,824,4.191999789327383,4.2245,12613,0,0,0
ReflectionsOff,825,3.7884991616010666,3.7827,12613,0,0,0
ReflectionsOff,826,4.518700297921896,4.4762,12613,0,0,0
ReflectionsOff,827,4.2606010101735592,4.2173,12613,0,0,0
ReflectionsOff,828,4.8348000273108482,4.8358,12613,0,0,0
ReflectionsOff,829,4.4032949954271317,4.3832,12613,0,0,0
ReflectionsOff,830,4.5820013619959354,4.6485,12613,0,0,0
ReflectionsOff,831,4.3340986594557762,4.2699,12613,0,0,0
ReflectionsOff,832,5.1245037466287613,5.0903,12613,0,0,0
ReflectionsOff,833,4.36199689283967,4.4414,12613,0,0,0
ReflectionsOff,834,4.1030044667422771,4.0985,12613,0,0,0
ReflectionsOff,835,4.5305979438126087,4.4383,12613,0,0,0
ReflectionsOff,836,4.0265023708343506,4.1053,12613,0,0,0
ReflectionsOff,837,4.40199812874198,4.3737,12613,0,0,0
ReflectionsOff,838,4.8542022705078125,4.8199,12613,0,0,0
ReflectionsOff,839,4.5904973521828651,4.583,12613,0,0,0
ReflectionsOff,840,4.5660007745027542,4.5635,12613,0,0,0
ReflectionsOff,841,4.4364016503095627,4.3902,12613,0,0,0
ReflectionsOff,842,4.9759992398321629,5.0547,12613,0,0,0
ReflectionsOff,843,4.4556972570717335,4.4495,12613,0,0,0
ReflectionsOff,844,4.3403981253504753,4.2536,12613,0,0,0
ReflectionsOff,845,4.0241992101073265,4.1037,12613,0,0,0
ReflectionsOff,846,4.2089000344276428,4.1482,12613,0,0,0
ReflectionsOff,847,4.2216056026518345,4.1702,12701,0,0,0
ReflectionsOff,848,4.1456986218690872,4.2309,12613,0,0,0
ReflectionsOff,849,5.50049589946866,5.5013,12613,0,0,0
ReflectionsOff,850,4.8079011030495167,4.7551,12613,0,0,0
ReflectionsOff,851,4.196804016828537,4.238,12613,0,0,0
ReflectionsOff,852,4.0381946600973606,4.0243,12613,0,0,0
ReflectionsOff,853,4.3539046309888363,4.1897,12613,0,0,0
ReflectionsOff,854,4.5905965380370617,4.7409,12613,0,0,0
ReflectionsOff,855,4.0157027542591095,4.0101,12613,0,0,0
ReflectionsOff,856,3.8160006515681744,3.7255,12613,0,0,0
ReflectionsOff,857,4.27719671279192,4.3656,12613,0,0,0
ReflectionsOff,858,4.228904377669096,4.1968,12613,0,0,0
ReflectionsOff,859,4.6101971529424191,4.5362,12613,0,0,0
ReflectionsOff,860,4.0116002783179283,4.0758,12613,0,0,0
ReflectionsOff,861,4.973200149834156,4.9523,12613,0,0,0
ReflectionsOff,862,4.1661988943815231,4.0665,12613,0,0,0
ReflectionsOff,863,3.8593041244894266,3.9476,12613,0,0,0
ReflectionsOff,864,3.7243976257741451,3.7453,12613,0,0,0
ReflectionsOff,865,4.1439980268478394,4.0422,12613,0,0,0
ReflectionsOff,866,4.3395976535975933,4.3629,12613,0,0,0
ReflectionsOff,867,5.4734055884182453,5.5064,12613,0,0,0
ReflectionsOff,868,3.6907950416207314,3.6263,12665,0,0,0
ReflectionsOff,869,3.6878047976642847,3.759,12613,0,0,0
ReflectionsOff,870,3.9995959959924221,3.8742,12613,0,0,0
ReflectionsOff,871,5.5442033335566521,5.5726,12613,0,0,0
ReflectionsOff,872,4.4879959896206856,4.5585,12613,0,0,0
ReflectionsOff,873,5.6073060259222984,5.5272,12613,0,0,0
ReflectionsOff,874,4.2682965286076069,4.3305,12613,0,0,0
ReflectionsOff,875,4.7359978780150414,4.6852,12613,0,0,0
ReflectionsOff,876,4.1633998043835163,4.1476,12613,0,0,0
ReflectionsOff,877,4.1648028418421745,4.2163,12613,0,0,0
ReflectionsOff,878,4.4626984745264053,4.4008,12613,0,0,0
ReflectionsOff,879,4.4608986936509609,4.3914,12613,0,0,0
ReflectionsOff,880,4.6337018720805645,4.6459,12613,0,0,0
ReflectionsOff,881,4.556101281195879,4.5633,12613,0,0,0
ReflectionsOff,882,3.8992983754724264,3.9203,12701,0,0,0
ReflectionsOff,883,4.2136977426707745,4.1622,12613,0,0,0
ReflectionsOff,884,4.5801019296050072,4.5949,12613,0,0,0
ReflectionsOff,885,3.8382015191018581,3.8558,12613,0,0,0
ReflectionsOff,886,4.1532027535140514,4.1166,12613,0,0,0
ReflectionsOff,887,5.665299016982317,4.7419,12613,0,0,0
ReflectionsOff,888,4.7468962147831917,5.5584,12613,0,0,0
ReflectionsOff,889,4.2669004760682583,4.4142,12613,0,0,0
ReflectionsOff,890,4.5673046261072159,4.5385,12613,0,0,0
ReflectionsOff,891,4.2556971311569214,4.2114,12613,0,0,0
ReflectionsOff,892,4.41909721121192,4.4096,12613,0,0,0
ReflectionsOff,893,4.160699900239706,4.2147,12613,0,0,0
ReflectionsOff,894,4.182702861726284,3.9648,12613,0,0,0
ReflectionsOff,895,5.0629959441721439,5.2467,12613,0,0,0
ReflectionsOff,896,4.260204266756773,4.2581,12613,0,0,0
ReflectionsOff,897,3.8744967896491289,3.8318,12613,0,0,0
ReflectionsOff,898,5.8944020420312881,5.8084,12613,0,0,0
ReflectionsOff,899,5.0999009981751442,5.16,12613,0,0,0
ReflectionsOff,900,4.5642005279660225,4.5822,12613,0,0,0
ReflectionsOff,901,4.3885982595384121,4.4006,12613,0,0,0
ReflectionsOff,902,3.965398296713829,3.9208,12613,0,0,0
ReflectionsOff,903,3.887103172019124,3.9264,12613,0,0,0
ReflectionsOff,904,4.3426021002233028,4.2603,12613,0,0,0
ReflectionsOff,905,4.214597400277853,4.2436,12613,0,0,0
ReflectionsOff,906,3.8758006412535906,3.9238,12613,0,0,0
ReflectionsOff,907,4.2356010526418686,4.1726,12613,0,0,0
ReflectionsOff,908,4.6026008203625679,4.4419,12613,0,0,0
ReflectionsOff,909,4.4991993345320225,4.643,12613,0,0,0
ReflectionsOff,910,4.5619970187544823,4.615,12613,0,0,0
ReflectionsOff,911,3.9686011150479317,3.9112,12613,0,0,0
ReflectionsOff,912,4.7256024554371834,4.7706,12613,0,0,0
ReflectionsOff,913,4.52429847791791,4.3891,12613,0,0,0
ReflectionsOff,914,3.7812003865838051,3.8543,12665,0,0,0
ReflectionsOff,915,4.5054988004267216,4.4915,12613,0,0,0
ReflectionsOff,916,4.6177012845873833,4.5508,12613,0,0,0
ReflectionsOff,917,4.1307965293526649,4.1859,12701,0,0,0
ReflectionsOff,918,3.8068026769906282,3.8642,12613,0,0,0
ReflectionsOff,919,4.78550186380744,4.7731,12613,0,0,0
ReflectionsOff,920,4.3527991510927677,4.2742,12613,0,0,0
ReflectionsOff,921,4.06680116429925,4.1427,12613,0,0,0
ReflectionsOff,922,3.6419997923076153,3.636,12613,0,0,0
ReflectionsOff,923,4.3482002802193165,4.2214,12613,0,0,0
ReflectionsOff,924,4.2122947052121162,4.2386,12613,0,0,0
ReflectionsOff,925,4.9619046039879322,5.0231,12613,0,0,0
ReflectionsOff,926,4.0398952551186085,3.9532,12613,0,0,0
ReflectionsOff,927,4.0550027042627335,4.1231,12613,0,0,0
ReflectionsOff,928,4.1935020126402378,4.1209,12613,0,0,0
ReflectionsOff,929,4.6896967105567455,4.6988,12613,0,0,0
ReflectionsOff,930,5.0505031831562519,5.0957,12613,0,0,0
ReflectionsOff,931,3.9044006261974573,3.9038,12613,0,0,0
ReflectionsOff,932,3.8067956920713186,3.7512,12613,0,0,0
ReflectionsOff,933,4.5120040886104107,4.5573,12613,0,0,0
ReflectionsOff,934,3.8241993170231581,3.8121,12613,0,0,0
ReflectionsOff,935,3.7278982345014811,3.6293,12613,0,0,0
ReflectionsOff,936,4.0849987417459488,4.1774,12613,0,0,0
ReflectionsOff,937,4.0401006117463112,4.0334,12613,0,0,0
ReflectionsOff,938,3.8184027653187513,3.7687,12613,0,0,0
ReflectionsOff,939,4.5197987928986549,4.4654,12613,0,0,0
ReflectionsOff,940,4.7407029196619987,4.7914,12613,0,0,0
ReflectionsOff,941,4.8700962215662,4.8169,12613,0,0,0
ReflectionsOff,942,4.6597011387348175,4.7144,12613,0,0,0
ReflectionsOff,943,4.6684029512107372,4.5815,12613,0,0,0
ReflectionsOff,944,4.8093963414430618,4.5376,12613,0,0,0
ReflectionsOff,945,6.54569873586297,6.7242,12613,0,0,0
ReflectionsOff,946,4.5660007745027542,4.6778,12613,0,0,0
ReflectionsOff,947,4.5682042837142944,4.6251,12613,0,0,0
ReflectionsOff,948,4.1017006151378155,4.0888,12613,0,0,0
ReflectionsOff,949,3.6198978777974844,3.5774,12613,0,0,0
ReflectionsOff,950,3.9087017066776752,3.8741,12613,0,0,0
ReflectionsOff,951,5.3391936235129833,5.2608,12613,0,0,0
ReflectionsOff,952,4.3087019585072994,4.3911,12701,0,0,0
ReflectionsOff,953,4.7311009839177132,4.7292,12613,0,0,0
ReflectionsOff,954,4.415199626237154,4.463,12613,0,0,0
ReflectionsOff,955,3.9720027707517147,3.8636,12613,0,0,0
ReflectionsOff,956,4.60119778290391,4.6949,12613,0,0,0
ReflectionsOff,957,4.210303071886301,4.1971,12613,0,0,0
ReflectionsOff,958,4.0010982193052769,3.9382,12613,0,0,0
ReflectionsOff,959,3.6109976936131716,3.6798,12613,0,0,0
ReflectionsOff,960,3.57810384593904,3.554,12613,0,0,0
ReflectionsOff,961,4.0519982576370239,3.9621,12665,0,0,0
ReflectionsOff,962,3.5692956298589706,3.6527,12613,0,0,0
ReflectionsOff,963,4.8734056763350964,4.8463,12613,0,0,0
ReflectionsOff,964,4.9930978566408157,4.9731,12613,0,0,0
ReflectionsOff,965,4.270599689334631,4.245,12613,0,0,0
ReflectionsOff,966,5.7577025145292282,5.7399,12613,0,0,0
ReflectionsOff,967,3.9205001667141914,3.9697,12613,0,0,0
ReflectionsOff,968,3.7680980749428272,3.6977,12613,0,0,0
ReflectionsOff,969,5.976799875497818,5.986,12613,0,0,0
ReflectionsOff,970,4.6406956389546394,4.6166,12613,0,0,0
ReflectionsOff,971,4.452600609511137,4.3871,12613,0,0,0
ReflectionsOff,972,4.28830087184906,4.3821,12613,0,0,0
ReflectionsOff,973,4.1000000201165676,4.1323,12613,0,0,0
ReflectionsOff,974,4.0581985376775265,4.0407,12613,0,0,0
ReflectionsOff,975,3.8717049174010754,3.6789,12613,0,0,0
ReflectionsOff,976,4.7501982189714909,4.8744,12613,0,0,0
ReflectionsOff,977,4.9163973890244961,4.9546,12613,0,0,0
ReflectionsOff,978,4.42180410027504,4.3862,12613,0,0,0
ReflectionsOff,979,4.34219790622592,4.3619,12613,0,0,0
ReflectionsOff,980,4.2434027418494225,4.2401,12613,0,0,0
ReflectionsOff,981,4.7383005730807781,4.6981,12613,0,0,0
ReflectionsOff,982,3.9440970867872238,3.9888,12613,0,0,0
ReflectionsOff,983,4.92390152066946,4.8375,12613,0,0,0
ReflectionsOff,984,4.3851970694959164,4.39,12613,0,0,0
ReflectionsOff,985,3.6192035768181086,3.6642,12613,0,0,0
ReflectionsOff,986,3.6560941953212023,3.5705,12613,0,0,0
ReflectionsOff,987,4.4678002595901489,4.5139,12701,0,0,0
ReflectionsOff,988,3.9684027433395386,4.0145,12613,0,0,0
ReflectionsOff,989,3.5692034289240837,3.5697,12613,0,0,0
ReflectionsOff,990,4.3723993003368378,4.2124,12613,0,0,0
ReflectionsOff,991,5.4609975777566433,5.5813,12613,0,0,0
ReflectionsOff,992,3.8948978763073683,3.7408,12613,0,0,0
ReflectionsOff,993,4.3943026103079319,4.5072,12613,0,0,0
ReflectionsOff,994,3.8460954092442989,3.8509,12613,0,0,0
ReflectionsOff,995,3.9632013067603111,3.9713,12613,0,0,0
ReflectionsOff,996,4.3933037668466568,4.3263,12613,0,0,0
ReflectionsOff,997,4.0446002967655659,4.1091,12613,0,0,0
ReflectionsOff,998,4.169196356087923,4.0634,12613,0,0,0
ReflectionsOff,999,4.3105017393827438,4.3395,12613,0,0,0
ReflectionsOff,1000,3.6302013322710991,3.6776,12613,0,0,0
ReflectionsOff,1001,4.0014949627220631,3.9762,12613,0,0,0
ReflectionsOff,1002,4.8147039487957954,4.7831,12613,0,0,0
ReflectionsOff,1003,4.0309028699994087,4.0886,12613,0,0,0
ReflectionsOff,1004,3.7925948854535818,3.7862,12613,0,0,0
ReflectionsOff,1005,3.8473992608487606,3.7881,12613,0,0,0
ReflectionsOff,1006,3.5397037863731384,3.581,12613,0,0,0
ReflectionsOff,1007,3.6627976223826408,3.6485,12613,0,0,0
ReflectionsOff,1008,4.0588011033833027,3.9577,12665,0,0,0
ReflectionsOff,1009,4.5394981279969215,4.6306,12613,0,0,0
ReflectionsOff,1010,4.3066041544079781,4.258,12613,0,0,0
ReflectionsOff,1011,4.0951957926154137,4.048,12613,0,0,0
ReflectionsOff,1012,4.5250002294778824,4.5868,12613,0,0,0
ReflectionsOff,1013,5.1705995574593544,5.1416,12613,0,0,0
ReflectionsOff,1014,4.05830517411232,4.0382,12613,0,0,0
ReflectionsOff,1015,3.5044006071984768,3.5539,12613,0,0,0
ReflectionsOff,1016,3.7045988719910383,3.6881,12613,0,0,0
ReflectionsOff,1017,3.7754960358142853,3.7342,12613,0,0,0
ReflectionsOff,1018,4.0834043174982071,4.1259,12613,0,0,0
ReflectionsOff,1019,4.0494967252016068,3.9304,12613,0,0,0
ReflectionsOff,1020,3.7606009282171726,3.7904,12613,0,0,0
ReflectionsOff,1021,4.1738022118806839,4.1345,12613,0,0,0
ReflectionsOff,1022,4.93339728564024,5.0107,12613,0,0,0
ReflectionsOff,1023,4.0912982076406479,3.9347,12613,0,0,0
ReflectionsOff,1024,3.8746031932532787,3.9771,12701,0,0,0
ReflectionsOff,1025,4.9833972007036209,4.9921,12613,0,0,0
ReflectionsOff,1026,4.2669996619224548,4.2235,12613,0,0,0
ReflectionsOff,1027,3.8687004707753658,3.9199,12613,0,0,0
ReflectionsOff,1028,3.8593041244894266,3.8419,12613,0,0,0
ReflectionsOff,1029,5.0249006599187851,4.796,12613,0,0,0
ReflectionsOff,1030,4.8370962031185627,5.0353,12613,0,0,0
ReflectionsOff,1031,4.7355014830827713,4.7616,12613,0,0,0
ReflectionsOff,1032,4.41310228779912,4.301,12613,0,0,0
ReflectionsOff,1033,4.2614936828613281,4.3419,12613,0,0,0
ReflectionsOff,1034,3.9861039258539677,3.9866,12613,0,0,0
ReflectionsOff,1035,4.54360106959939,4.4583,12613,0,0,0
ReflectionsOff,1036,4.4402000494301319,4.4385,12613,0,0,0
ReflectionsOff,1037,4.0613943710923195,4.1254,12613,0,0,0
ReflectionsOff,1038,3.981604240834713,3.9223,12613,0,0,0
ReflectionsOff,1039,3.8357002194970846,3.8637,12613,0,0,0
ReflectionsOff,1040,4.18830057606101,4.1736,12613,0,0,0
ReflectionsOff,1041,4.4963010586798191,4.4439,12613,0,0,0
ReflectionsOff,1042,3.9140945300459862,3.9755,12613,0,0,0
ReflectionsOff,1043,5.0051021389663219,4.9416,12613,0,0,0
ReflectionsOff,1044,5.4250000976026058,5.4078,12613,0,0,0
ReflectionsOff,1045,4.4418014585971832,4.4856,12613,0,0,0
ReflectionsOff,1046,4.4596018269658089,4.4291,12613,0,0,0
ReflectionsOff,1047,4.042899701744318,4.0329,12613,0,0,0
ReflectionsOff,1048,3.8535997737199068,3.8679,12613,0,0,0
ReflectionsOff,1049,4.0987953543663025,4.0924,12613,0,0,0
ReflectionsOff,1050,4.3579009361565113,4.2761,12613,0,0,0
ReflectionsOff,1051,4.1958051733672619,4.2845,12613,0,0,0
ReflectionsOff,1052,3.9058956317603588,3.8991,12613,0,0,0
ReflectionsOff,1053,3.73170361854136,3.679,12613,0,0,0
ReflectionsOff,1054,4.1785999201238155,4.1915,12613,0,0,0
ReflectionsOff,1055,3.9013959467411041,3.9337,12665,0,0,0
ReflectionsOff,1056,4.1121030226349831,4.0597,12613,0,0,0
ReflectionsOff,1057,3.8982001133263111,3.9353,12613,0,0,0
ReflectionsOff,1058,4.6934951096773148,4.6953,12613,0,0,0
ReflectionsOff,1059,3.9623016491532326,3.8338,12613,0,0,0
ReflectionsOff,1060,3.9069019258022308,3.9707,12701,0,0,0
ReflectionsOff,1061,4.6473001129925251,4.6166,12613,0,0,0
ReflectionsOff,1062,5.1125991158187389,5.1102,12613,0,0,0
ReflectionsOff,1063,5.0006024539470673,5.0562,12613,0,0,0
ReflectionsOff,1064,3.7749006878584623,3.7644,12613,0,0,0
ReflectionsOff,1065,4.2478954419493675,4.2006,12613,0,0,0
ReflectionsOff,1066,3.8901998195797205,3.9393,12613,0,0,0
ReflectionsOff,1067,4.3990998528897762,4.3099,12613,0,0,0
ReflectionsOff,1068,4.8227040097117424,4.6847,12613,0,0,0
ReflectionsOff,1069,5.1805982366204262,5.2821,12613,0,0,0
ReflectionsOff,1070,5.774298682808876,5.7799,12613,0,0,0
ReflectionsOff,1071,6.0339993797242641,6.0579,12613,0,0,0
ReflectionsOff,1072,4.5173042453825474,4.3871,12613,0,0,0
ReflectionsOff,1073,4.6557965688407421,4.7894,12613,0,0,0
ReflectionsOff,1074,4.817998968064785,4.7725,12613,0,0,0
ReflectionsOff,1075,4.7728032805025578,4.7365,12613,0,0,0
ReflectionsOff,1076,4.4241994619369507,4.4657,12613,0,0,0
ReflectionsOff,1077,4.6989014372229576,4.696,12613,0,0,0
ReflectionsOff,1078,4.3366001918911934,4.2855,12613,0,0,0
ReflectionsOff,1079,4.076098557561636,4.1056,12613,0,0,0
ReflectionsOff,1080,3.943402785807848,3.9685,12613,0,0,0
ReflectionsOff,1081,4.4227964244782925,4.3723,12613,0,0,0
ReflectionsOff,1082,3.8152991328388453,3.8528,12613,0,0,0
ReflectionsOff,1083,4.1050026193261147,4.0691,12613,0,0,0
ReflectionsOff,1084,4.7771967947483063,4.6581,12613,0,0,0
ReflectionsOff,1085,5.6181051768362522,5.7311,12613,0,0,0
ReflectionsOff,1086,4.5991991646587849,4.5018,12613,0,0,0
ReflectionsOff,1087,5.3795990534126759,5.4668,12613,0,0,0
ReflectionsOff,1088,5.7183955796062946,5.6572,12613,0,0,0
ReflectionsOff,1089,4.9552014097571373,5.0062,12613,0,0,0
ReflectionsOff,1090,4.9021043814718723,4.8857,12613,0,0,0
ReflectionsOff,1091,5.0232000648975372,4.9042,12613,0,0,0
ReflectionsOff,1092,4.1540958918631077,4.2839,12701,0,0,0
ReflectionsOff,1093,4.0869046933948994,4.0412,12613,0,0,0
ReflectionsOff,1094,6.1218962073326111,6.041,12613,0,0,0
ReflectionsOff,1095,5.2740010432899,5.3676,12613,0,0,0
ReflectionsOff,1096,4.5682964846491814,4.5593,12613,0,0,0
ReflectionsOff,1097,4.0247025899589062,3.9645,12613,0,0,0
ReflectionsOff,1098,4.2336024343967438,4.2765,12613,0,0,0
ReflectionsOff,1099,4.3714996427297592,4.3423,12665,0,0,0
ReflectionsOff,1100,4.8908023163676262,4.6734,12613,0,0,0
ReflectionsOff,1101,4.8845945857465267,5.1246,12613,0,0,0
ReflectionsOff,1102,4.3608983978629112,4.3554,12613,0,0,0
ReflectionsOff,1103,4.5539042912423611,4.4464,12613,0,0,0
ReflectionsOff,1104,4.10620030015707,4.2074,12613,0,0,0
ReflectionsOff,1105,3.9322986267507076,3.91,12613,0,0,0
ReflectionsOff,1106,4.2899022810161114,4.1862,12613,0,0,0
ReflectionsOff,1107,3.9368974976241589,4.0305,12613,0,0,0
ReflectionsOff,1108,5.3158020600676537,5.3038,12613,0,0,0
ReflectionsOff,1109,4.3579009361565113,4.3121,12613,0,0,0
ReflectionsOff,1110,4.4031958095729351,4.4487,12613,0,0,0
ReflectionsOff,1111,4.7645973972976208,4.6922,12613,0,0,0
ReflectionsOff,1112,4.66810492798686,4.6292,12613,0,0,0
ReflectionsOff,1113,4.1478956118226051,4.2226,12613,0,0,0
ReflectionsOff,1114,4.6412060037255287,4.5928,12613,0,0,0
ReflectionsOff,1115,4.6240999363362789,4.5946,12613,0,0,0
ReflectionsOff,1116,3.9876983501017094,4.0488,12613,0,0,0
ReflectionsOff,1117,3.8270975928753614,3.8306,12613,0,0,0
ReflectionsOff,1118,4.13229875266552,3.7881,12613,0,0,0
ReflectionsOff,1119,5.0906036049127579,5.387,12613,0,0,0
ReflectionsOff,1120,4.2574973776936531,4.2661,12613,0,0,0
ReflectionsOff,1121,4.2882016859948635,4.1234,12613,0,0,0
ReflectionsOff,1122,5.1347007974982262,5.2616,12613,0,0,0
ReflectionsOff,1123,4.5466977171599865,4.5591,12613,0,0,0
ReflectionsOff,1124,4.5979022979736328,4.5459,12613,0,0,0
ReflectionsOff,1125,4.0204012766480446,3.9592,12613,0,0,0
ReflectionsOff,1126,5.3355935961008072,5.4468,12701,0,0,0
ReflectionsOff,1127,3.90460598282516,3.7711,12613,0,0,0
ReflectionsOff,1128,5.2827945910394192,5.3228,12613,0,0,0
ReflectionsOff,1129,5.7008997537195683,5.6415,12613,0,0,0
ReflectionsOff,1130,4.6239015646278858,4.7038,12613,0,0,0
ReflectionsOff,1131,4.335600882768631,4.3568,12613,0,0,0
ReflectionsOff,1132,5.539200734347105,5.4761,12613,0,0,0
ReflectionsOff,1133,4.4036000035703182,4.4531,12613,0,0,0
ReflectionsOff,1134,4.23370162025094,4.2284,12613,0,0,0
ReflectionsOff,1135,3.819997189566493,3.7749,12613,0,0,0
ReflectionsOff,1136,4.6144984662532806,4.641,12613,0,0,0
ReflectionsOff,1137,3.9961026050150394,3.9508,12613,0,0,0
ReflectionsOff,1138,4.3377974070608616,4.3122,12613,0,0,0
ReflectionsOff,1139,4.0815048851072788,4.1207,12613,0,0,0
ReflectionsOff,1140,4.5848991721868515,4.5753,12613,0,0,0
ReflectionsOff,1141,4.2908941395580769,4.22,12613,0,0,0
ReflectionsOff,1142,4.4299038127064705,4.4559,12613,0,0,0
ReflectionsOff,1143,5.1032030023634434,5.1101,12613,0,0,0
ReflectionsOff,1144,4.2359977960586548,4.171,12665,0,0,0
ReflectionsOff,1145,4.1715987026691437,4.2371,12613,0,0,0
ReflectionsOff,1146,3.970202524214983,3.8962,12613,0,0,0
ReflectionsOff,1147,5.0639952532947063,5.0622,12613,0,0,0
ReflectionsOff,1148,4.2687994427978992,4.3143,12613,0,0,0
ReflectionsOff,1149,3.9607002399861813,3.9583,12613,0,0,0
ReflectionsOff,1150,4.0330993942916393,3.9655,12613,0,0,0
ReflectionsOff,1151,4.2339004576206207,4.2635,12613,0,0,0
ReflectionsOff,1152,4.8041027039289474,4.8256,12613,0,0,0
ReflectionsOff,1153,5.18570002168417,4.9925,12613,0,0,0
ReflectionsOff,1154,5.8316965587437153,5.999,12613,0,0,0
ReflectionsOff,1155,5.0956066697835922,5.038,12613,0,0,0
ReflectionsOff,1156,3.8286990020424128,3.8803,12613,0,0,0
ReflectionsOff,1157,4.3473001569509506,4.3389,12613,0,0,0
ReflectionsOff,1158,4.5872945338487625,4.4888,12613,0,0,0
ReflectionsOff,1159,4.2772036977112293,4.3862,12701,0,0,0
ReflectionsOff,1160,4.500397015362978,4.4316,12613,0,0,0
ReflectionsOff,1161,4.9973991699516773,4.9917,12613,0,0,0
ReflectionsOff,1162,4.107900895178318,4.1044,12613,0,0,0
ReflectionsOff,1163,4.3375990353524685,4.3608,12613,0,0,0
ReflectionsOff,1164,4.7066044062376022,4.6164,12613,0,0,0
ReflectionsOff,1165,3.9431974291801453,4.0256,12613,0,0,0
ReflectionsOff,1166,4.1844034567475319,4.1747,12613,0,0,0
ReflectionsOff,1167,4.2704008519649506,4.2237,12613,0,0,0
ReflectionsOff,1168,3.9196996949613094,3.9489,12613,0,0,0
ReflectionsOff,1169,4.5652990229427814,4.5494,12613,0,0,0
ReflectionsOff,1170,4.04720101505518,3.9997,12613,0,0,0
ReflectionsOff,1171,4.6810940839350224,4.6974,12613,0,0,0
ReflectionsOff,1172,4.1442033834755421,4.1891,12613,0,0,0
ReflectionsOff,1173,3.7456986028701067,3.6811,12613,0,0,0
ReflectionsOff,1174,3.7514029536396265,3.8011,12613,0,0,0
ReflectionsOff,1175,5.9186010621488094,5.8499,12613,0,0,0
ReflectionsOff,1176,4.0466976352036,4.0337,12613,0,0,0
ReflectionsOff,1177,3.7966978270560503,3.8713,12613,0,0,0
ReflectionsOff,1178,3.8361039478331804,3.8287,12613,0,0,0
ReflectionsOff,1179,4.5480937696993351,4.3863,12613,0,0,0
ReflectionsOff,1180,4.26550442352891,4.3721,12613,0,0,0
ReflectionsOff,1181,3.7370959762483835,3.7382,12613,0,0,0
ReflectionsOff,1182,5.0035999156534672,4.8864,12613,0,0,0
ReflectionsOff,1183,4.8979027196764946,4.9984,12613,0,0,0
ReflectionsOff,1184,4.0686014108359814,4.0827,12613,0,0,0
ReflectionsOff,1185,4.3078018352389336,4.2121,12613,0,0,0
ReflectionsOff,1186,4.6616001054644585,4.7233,12613,0,0,0
ReflectionsOff,1187,3.9781960658729076,3.9837,12613,0,0,0
ReflectionsOff,1188,4.14289953187108,4.059,12613,0,0,0
ReflectionsOff,1189,4.2553995735943317,4.2589,12613,0,0,0
ReflectionsOff,1190,4.4140024110674858,4.4882,12665,0,0,0
ReflectionsOff,1191,4.4116000644862652,4.3563,12613,0,0,0
ReflectionsOff,1192,3.8779973983764648,3.929,12613,0,0,0
ReflectionsOff,1193,4.20050323009491,4.1224,12613,0,0,0
ReflectionsOff,1194,4.18339716270566,4.1978,12701,0,0,0
ReflectionsOff,1195,3.905704477801919,3.952,12613,0,0,0
ReflectionsOff,1196,3.6492985673248768,3.639,12613,0,0,0
ReflectionsOff,1197,5.8145974762737751,5.7481,12613,0,0,0
ReflectionsOff,1198,3.9827027358114719,4.0388,12613,0,0,0
ReflectionsOff,1199,3.6135984119027853,3.6074,12613,0,0,0
ReflectionsOff,1200,4.2609977535903454,4.1516,12613,0,0,0
ReflectionsOff,1201,4.4185020960867405,4.5107,12613,0,0,0
ReflectionsOff,1202,4.9330000765621662,4.9338,12613,0,0,0
ReflectionsOff,1203,5.0218040123581886,4.8766,12613,0,0,0
ReflectionsOff,1204,4.8049958422780037,4.9015,12613,0,0,0
ReflectionsOff,1205,3.8774022832512856,3.9054,12613,0,0,0
ReflectionsOff,1206,3.684197785332799,3.6115,12613,0,0,0
ReflectionsOff,1207,4.3020974844694138,4.3493,12613,0,0,0
ReflectionsOff,1208,4.7924034297466278,4.7905,12613,0,0,0
ReflectionsOff,1209,4.4127977453172207,4.3631,12613,0,0,0
ReflectionsOff,1210,4.1416026651859283,4.1136,12613,0,0,0
ReflectionsOff,1211,4.59469947963953,4.6326,12613,0,0,0
ReflectionsOff,1212,4.1658021509647369,4.0914,12613,0,0,0
ReflectionsOff,1213,3.8607001770287752,3.9121,12613,0,0,0
ReflectionsOff,1214,4.1727963835000992,4.1224,12613,0,0,0
ReflectionsOff,1215,4.9986038357019424,4.9855,12613,0,0,0
ReflectionsOff,1216,4.9128970131278038,4.9726,12613,0,0,0
ReflectionsOff,1217,4.5383009128272533,4.5357,12613,0,0,0
ReflectionsOff,1218,3.8935020565986633,3.8254,12613,0,0,0
ReflectionsOff,1219,4.4807964004576206,4.4576,12613,0,0,0
ReflectionsOff,1220,4.2566042393445969,4.342,12613,0,0,0
ReflectionsOff,1221,3.876799950376153,3.8164,12613,0,0,0
ReflectionsOff,1222,4.1136974468827248,4.1508,12613,0,0,0
ReflectionsOff,1223,5.4119969718158245,5.3642,12613,0,0,0
ReflectionsOff,1224,6.1399023979902267,5.0244,12613,0,0,0
ReflectionsOff,1225,5.162400659173727,6.291,12613,0,0,0
ReflectionsOff,1226,4.9194018356502056,4.6215,12613,0,0,0
ReflectionsOff,1227,3.9338008500635624,4.1708,12613,0,0,0
ReflectionsOff,1228,3.8357994053512812,3.8787,12701,0,0,0
ReflectionsOff,1229,4.1343960911035538,4.0666,12613,0,0,0
ReflectionsOff,1230,4.5782029628753662,4.6186,12613,0,0,0
ReflectionsOff,1231,5.6781959719955921,5.6443,12613,0,0,0
ReflectionsOff,1232,5.014399066567421,5.0617,12613,0,0,0
ReflectionsOff,1233,4.42450400441885,4.4036,12613,0,0,0
ReflectionsOff,1234,4.6454011462628841,4.5559,12613,0,0,0
ReflectionsOff,1235,4.3296981602907181,4.3644,12665,0,0,0
ReflectionsOff,1236,4.1145975701510906,4.1594,12613,0,0,0
ReflectionsOff,1237,4.1365008801221848,4.0794,12613,0,0,0
ReflectionsOff,1238,4.17740223929286,4.2064,12613,0,0,0
ReflectionsOff,1239,3.7931972183287144,3.785,12613,0,0,0
ReflectionsOff,1240,4.2887046001851559,4.2403,12613,0,0,0
ReflectionsOff,1241,3.7983984220772982,3.8523,12613,0,0,0
ReflectionsOff,1242,4.0306970477104187,3.9949,12613,0,0,0
ReflectionsOff,1243,4.3200040236115456,4.2748,12613,0,0,0
ReflectionsOff,1244,3.8535005878657103,3.9241,12613,0,0,0
ReflectionsOff,1245,4.25409572198987,4.2121,12613,0,0,0
ReflectionsOff,1246,4.64039808139205,4.6103,12613,0,0,0
ReflectionsOff,1247,4.1016014292836189,4.1468,12613,0,0,0
ReflectionsOff,1248,3.8437996990978718,3.8124,12613,0,0,0
ReflectionsOff,1249,4.2763040401041508,4.2484,12613,0,0,0
ReflectionsOff,1250,4.21139458194375,4.2059,12613,0,0,0
ReflectionsOff,1251,4.3410006910562515,4.3635,12613,0,0,0
ReflectionsOff,1252,4.296300932765007,4.1384,12613,0,0,0
ReflectionsOff,1253,5.3738025017082691,5.5285,12613,0,0,0
ReflectionsOff,1254,4.5026997104287148,4.4441,12613,0,0,0
ReflectionsOff,1255,4.1147959418594837,4.0959,12613,0,0,0
ReflectionsOff,1256,4.416205920279026,4.4537,12613,0,0,0
ReflectionsOff,1257,4.12629684433341,4.1312,12613,0,0,0
ReflectionsOff,1258,4.5190970413386822,4.4084,12613,0,0,0
ReflectionsOff,1259,4.6122022904455662,4.6373,12613,0,0,0
ReflectionsOff,1260,4.4499007053673267,4.4825,12613,0,0,0
ReflectionsOff,1261,4.1445009410381317,4.1157,12613,0,0,0
ReflectionsOff,1262,4.3642008677124977,4.3148,12613,0,0,0
ReflectionsOff,1263,4.670195747166872,4.7379,12701,0,0,0
ReflectionsOff,1264,4.6683037653565407,4.6138,12613,0,0,0
ReflectionsOff,1265,3.8667020853608847,3.8823,12613,0,0,0
ReflectionsOff,1266,4.0130950510501862,4.0438,12613,0,0,0
ReflectionsOff,1267,4.24839835613966,4.1372,12613,0,0,0
ReflectionsOff,1268,4.3498016893863678,4.3799,12613,0,0,0
ReflectionsOff,1269,4.2624999769032,4.2646,12613,0,0,0
ReflectionsOff,1270,4.40199812874198,4.2635,12613,0,0,0
ReflectionsOff,1271,5.3317034617066383,5.4725,12613,0,0,0
ReflectionsOff,1272,4.0312004275619984,4.0094,12613,0,0,0
ReflectionsOff,1273,3.8075963966548443,3.7753,12613,0,0,0
ReflectionsOff,1274,3.9178002625703812,3.9455,12613,0,0,0
ReflectionsOff,1275,4.5846016146242619,4.5159,12613,0,0,0
ReflectionsOff,1276,4.3784012086689472,4.379,12613,0,0,0
ReflectionsOff,1277,3.8574971258640289,3.9138,12613,0,0,0
ReflectionsOff,1278,3.8704010657966137,3.871,12613,0,0,0
ReflectionsOff,1279,4.0601049549877644,3.9582,12613,0,0,0
ReflectionsOff,1280,4.1677933186292648,4.2586,12613,0,0,0
ReflectionsOff,1281,3.7895054556429386,3.7984,12613,0,0,0
ReflectionsOff,1282,4.193098284304142,4.083,12613,0,0,0
ReflectionsOff,1283,4.0180981159210205,4.0945,12665,0,0,0
ReflectionsOff,1284,3.7656037602573633,3.7622,12613,0,0,0
ReflectionsOff,1285,4.1117984801530838,4.0361,12613,0,0,0
ReflectionsOff,1286,4.0449970401823521,4.1123,12613,0,0,0
ReflectionsOff,1287,4.3267006985843182,4.2415,12613,0,0,0
ReflectionsOff,1288,4.0905047208070755,4.0429,12613,0,0,0
ReflectionsOff,1289,4.0551940910518169,4.1467,12613,0,0,0
ReflectionsOff,1290,4.9480018205940723,4.9303,12613,0,0,0
ReflectionsOff,1291,4.0387045592069626,3.992,12613,0,0,0
ReflectionsOff,1292,4.1667940095067024,4.214,12613,0,0,0
ReflectionsOff,1293,4.2833047918975353,4.2849,12613,0,0,0
ReflectionsOff,1294,4.0622944943606853,4.0131,12613,0,0,0
ReflectionsOff,1295,3.5541029646992683,3.5882,12613,0,0,0
ReflectionsOff,1296,4.0793013758957386,4.0857,12613,0,0,0
ReflectionsOff,1297,4.2719952762126923,4.2019,12613,0,0,0
ReflectionsOff,1298,4.30220365524292,4.1423,12613,0,0,0
ReflectionsOff,1299,4.43589873611927,4.6076,12701,0,0,0
ReflectionsOff,1300,4.6785003505647182,4.5002,12613,0,0,0
ReflectionsOff,1301,5.1327026449143887,5.3007,12613,0,0,0
ReflectionsOff,1302,4.1656959801912308,4.1759,12613,0,0,0
ReflectionsOff,1303,3.9315051399171352,3.8495,12613,0,0,0
ReflectionsOff,1304,4.9316962249577045,4.9443,12613,0,0,0
ReflectionsOff,1305,4.002302885055542,4.0503,12613,0,0,0
ReflectionsOff,1306,3.9487951435148716,3.8775,12613,0,0,0
ReflectionsOff,1307,4.3444018810987473,4.2929,12613,0,0,0
ReflectionsOff,1308,4.5188986696302891,4.6163,12613,0,0,0
ReflectionsOff,1309,4.22010337933898,4.1316,12613,0,0,0
ReflectionsOff,1310,5.2375001832842827,5.1299,12613,0,0,0
ReflectionsOff,1311,5.8047971688210964,5.8733,12613,0,0,0
ReflectionsOff,1312,4.23669908195734,4.3351,12613,0,0,0
ReflectionsOff,1313,4.0037981234490871,3.9759,12613,0,0,0
ReflectionsOff,1314,4.0526008233428,4.0118,12613,0,0,0
ReflectionsOff,1315,4.0183034725487232,4.0378,12613,0,0,0
ReflectionsOff,1316,4.114300012588501,4.1299,12613,0,0,0
ReflectionsOff,1317,4.6116993762552738,4.3165,12613,0,0,0
ReflectionsOff,1318,4.737301729619503,5.0066,12613,0,0,0
ReflectionsOff,1319,3.8163973949849606,3.8145,12613,0,0,0
ReflectionsOff,1320,4.1451035067439079,4.1,12613,0,0,0
ReflectionsOff,1321,4.3449969962239265,4.3639,12613,0,0,0
ReflectionsOff,1322,4.9478034488856792,4.925,12613,0,0,0
ReflectionsOff,1323,3.974496852606535,3.9593,12613,0,0,0
ReflectionsOff,1324,3.8526998832821846,3.9024,12613,0,0,0
ReflectionsOff,1325,4.2023030109703541,4.1222,12613,0,0,0
ReflectionsOff,1326,4.9026999622583389,4.9268,12613,0,0,0
ReflectionsOff,1327,4.4273952953517437,4.4673,12613,0,0,0
ReflectionsOff,1328,3.7281038239598274,3.7162,12613,0,0,0
ReflectionsOff,1329,4.7697988338768482,4.7006,12613,0,0,0
ReflectionsOff,1330,3.7857992574572563,3.8538,12665,0,0,0
ReflectionsOff,1331,4.0846015326678753,4.0549,12613,0,0,0
ReflectionsOff,1332,4.7437003813683987,4.5626,12613,0,0,0
ReflectionsOff,1333,4.6459962613880634,4.747,12613,0,0,0
ReflectionsOff,1334,4.1810018010437489,4.2238,12701,0,0,0
ReflectionsOff,1335,4.4141015969216824,4.3343,12613,0,0,0
ReflectionsOff,1336,4.3775015510618687,4.4589,12613,0,0,0
ReflectionsOff,1337,3.8964003324508667,3.8991,12613,0,0,0
ReflectionsOff,1338,3.908397164195776,3.841,12613,0,0,0
ReflectionsOff,1339,4.5142997987568378,4.5023,12613,0,0,0
ReflectionsOff,1340,4.6694017946720123,4.6941,12613,0,0,0
ReflectionsOff,1341,4.2298967018723488,4.1882,12613,0,0,0
ReflectionsOff,1342,3.9917021058499813,4.0418,12613,0,0,0
ReflectionsOff,1343,4.5571001246571541,4.4098,12613,0,0,0
ReflectionsOff,1344,4.1971015743911266,4.2755,12613,0,0,0
ReflectionsOff,1345,3.886096877977252,3.936,12613,0,0,0
ReflectionsOff,1346,4.4672973453998566,4.413,12613,0,0,0
ReflectionsOff,1347,5.1633007824420929,5.0691,12613,0,0,0
ReflectionsOff,1348,4.4694021344184875,4.5914,12613,0,0,0
ReflectionsOff,1349,3.9396965876221657,3.9344,12613,0,0,0
ReflectionsOff,1350,3.6221018526703119,3.5224,12613,0,0,0
ReflectionsOff,1351,4.3777991086244583,4.4568,12613,0,0,0
ReflectionsOff,1352,4.602799192070961,4.6,12613,0,0,0
ReflectionsOff,1353,4.594302736222744,4.5477,12613,0,0,0
ReflectionsOff,1354,5.5161989293992519,5.5074,12613,0,0,0
ReflectionsOff,1355,4.8826034180819988,4.8416,12613,0,0,0
ReflectionsOff,1356,4.1650012135505676,4.2343,12613,0,0,0
ReflectionsOff,1357,4.5755952596664429,4.5713,12613,0,0,0
ReflectionsOff,1358,4.3550026603043079,4.2575,12613,0,0,0
ReflectionsOff,1359,3.8268989883363247,3.9151,12613,0,0,0
ReflectionsOff,1360,4.4346018694341183,4.3389,12613,0,0,0
ReflectionsOff,1361,4.4466978870332241,4.4627,12613,0,0,0
ReflectionsOff,1362,4.7585032880306244,4.7936,12613,0,0,0
ReflectionsOff,1363,4.2860968969762325,4.2949,12613,0,0,0
ReflectionsOff,1364,4.6047973446547985,4.4581,12613,0,0,0
ReflectionsOff,1365,4.1890023276209831,4.3018,12613,0,0,0
ReflectionsOff,1366,3.8273029495030642,3.8341,12613,0,0,0
ReflectionsOff,1367,3.9546983316540718,3.8956,12613,0,0,0
ReflectionsOff,1368,5.2220025099813938,5.1146,12613,0,0,0
ReflectionsOff,1369,5.2946996875107288,5.095,12701,0,0,0
ReflectionsOff,1370,4.0503968484699726,4.3565,12613,0,0,0
ReflectionsOff,1371,4.8651997931301594,4.8687,12613,0,0,0
ReflectionsOff,1372,5.3856009617447853,5.344,12613,0,0,0
ReflectionsOff,1373,4.0021967142820358,4.0629,12613,0,0,0
ReflectionsOff,1374,3.9690053090453148,3.8906,12613,0,0,0
ReflectionsOff,1375,4.5665958896279335,4.5615,12613,0,0,0
ReflectionsOff,1376,4.1509000584483147,4.2112,12665,0,0,0
ReflectionsOff,1377,3.5375992301851511,3.5342,12613,0,0,0
ReflectionsOff,1378,4.2356010526418686,4.155,12613,0,0,0
ReflectionsOff,1379,4.56640450283885,4.6272,12613,0,0,0
ReflectionsOff,1380,3.634594613686204,3.6396,12613,0,0,0
ReflectionsOff,1381,3.8100057281553745,3.7643,12613,0,0,0
ReflectionsOff,1382,4.4044996611773968,4.3908,12613,0,0,0
ReflectionsOff,1383,4.0617985650897026,4.1013,12613,0,0,0
ReflectionsOff,1384,4.2744968086481094,4.2354,12613,0,0,0
ReflectionsOff,1385,3.4250991884618998,3.4686,12613,0,0,0
ReflectionsOff,1386,4.4937995262444019,4.4502,12613,0,0,0
ReflectionsOff,1387,5.0020054914057255,4.8951,12613,0,0,0
ReflectionsOff,1388,4.45579644292593,4.5536,12613,0,0,0
ReflectionsOff,1389,4.7120037488639355,4.6499,12613,0,0,0
ReflectionsOff,1390,4.2719952762126923,4.2812,12613,0,0,0
ReflectionsOff,1391,3.964101430028677,4.0059,12613,0,0,0
ReflectionsOff,1392,4.2300028726458549,4.2242,12613,0,0,0
ReflectionsOff,1393,3.9606010541319847,3.9068,12613,0,0,0
ReflectionsOff,1394,4.203493706882,4.2183,12613,0,0,0
ReflectionsOff,1395,3.6881023552268744,3.7052,12613,0,0,0
ReflectionsOff,1396,4.1240998543798923,4.0679,12613,0,0,0
ReflectionsOff,1397,3.8669996429234743,3.9129,12613,0,0,0
ReflectionsOff,1398,4.1286991909146309,4.1339,12613,0,0,0
ReflectionsOff,1399,3.9901998825371265,3.9289,12613,0,0,0
ReflectionsOff,1400,4.1705993935465813,4.1757,12613,0,0,0
ReflectionsOff,1401,4.4023031368851662,4.3481,12613,0,0,0
ReflectionsOff,1402,4.498001653701067,4.5234,12613,0,0,0
ReflectionsOff,1403,3.8598994724452496,3.9138,12613,0,0,0
ReflectionsOff,1404,3.7337017711251974,3.6598,12613,0,0,0
ReflectionsOff,1405,4.62379539385438,4.6016,12701,0,0,0
ReflectionsOff,1406,3.8522037211805582,3.9349,12613,0,0,0
ReflectionsOff,1407,4.1671982035040855,4.1325,12613,0,0,0
ReflectionsOff,1408,4.0605016984045506,3.969,12613,0,0,0
ReflectionsOff,1409,5.4242983460426331,5.5008,12613,0,0,0
ReflectionsOff,1410,4.7910995781421661,4.7091,12613,0,0,0
ReflectionsOff,1411,4.2830002494156361,4.3552,12613,0,0,0
ReflectionsOff,1412,4.5079011470079422,4.411,12613,0,0,0
ReflectionsOff,1413,5.0132013857364655,4.9857,12613,0,0,0
ReflectionsOff,1414,4.5340987853705883,4.6448,12613,0,0,0
ReflectionsOff,1415,4.3538971804082394,4.0018,12613,0,0,0
ReflectionsOff,1416,5.1774024032056332,5.447,12613,0,0,0
ReflectionsOff,1417,3.8303995970636606,3.8865,12613,0,0,0
ReflectionsOff,1418,4.080300685018301,4.0215,12613,0,0,0
ReflectionsOff,1419,4.8404973931610584,4.8166,12613,0,0,0
ReflectionsOff,1420,4.30270005017519,4.368,12613,0,0,0
ReflectionsOff,1421,4.6236040070652962,4.6154,12613,0,0,0
ReflectionsOff,1422,4.209594801068306,4.1525,12613,0,0,0
ReflectionsOff,1423,4.7410004772245884,4.7782,12665,0,0,0
ReflectionsOff,1424,4.1115009225904942,4.1204,12613,0,0,0
ReflectionsOff,1425,4.5513040386140347,4.4913,12613,0,0,0
ReflectionsOff,1426,4.1640945710241795,4.147,12613,0,0,0
ReflectionsOff,1427,4.6669007278978825,4.6773,12613,0,0,0
ReflectionsOff,1428,4.7498014755547047,4.7229,12613,0,0,0
ReflectionsOff,1429,3.9292019791901112,3.9862,12613,0,0,0
ReflectionsOff,1430,5.5594956502318382,5.5131,12613,0,0,0
ReflectionsOff,1431,3.9416030049324036,3.9121,12613,0,0,0
ReflectionsOff,1432,3.9413971826434135,3.9664,12613,0,0,0
ReflectionsOff,1433,4.7583049163222313,4.6509,12613,0,0,0
ReflectionsOff,1434,5.4235970601439476,5.4715,12613,0,0,0
ReflectionsOff,1435,4.5703020878136158,4.6363,12613,0,0,0
ReflectionsOff,1436,3.9624008350074291,3.9085,12613,0,0,0
ReflectionsOff,1437,4.6861963346600533,4.6419,12613,0,0,0
ReflectionsOff,1438,4.37640305608511,4.3647,12613,0,0,0
ReflectionsOff,1439,4.2462018318474293,4.3312,12701,0,0,0
ReflectionsOff,1440,4.3205996043980122,4.2023,12613,0,0,0
ReflectionsOff,1441,4.7046979889273643,4.8114,12613,0,0,0
ReflectionsOff,1442,4.30250121280551,4.2355,12613,0,0,0
ReflectionsOff,1443,4.2790956795215607,4.271,12613,0,0,0
ReflectionsOff,1444,4.0875989943742752,4.1445,12613,0,0,0
ReflectionsOff,1445,3.7944018840789795,3.7686,12613,0,0,0
ReflectionsOff,1446,4.07000444829464,4.015,12613,0,0,0
ReflectionsOff,1447,4.3672975152730942,4.3179,12613,0,0,0
ReflectionsOff,1448,4.45929728448391,4.5529,12613,0,0,0
ReflectionsOff,1449,4.0774024091660976,4.0005,12613,0,0,0
ReflectionsOff,1450,4.1473992168903351,4.2286,12613,0,0,0
ReflectionsOff,1451,4.071598406881094,4.0407,12613,0,0,0
ReflectionsOff,1452,4.0554986335337162,4.0208,12613,0,0,0
ReflectionsOff,1453,3.9296061731874943,3.9779,12613,0,0,0
ReflectionsOff,1454,3.6184948403388262,3.6146,12613,0,0,0
ReflectionsOff,1455,4.1605015285313129,4.025,12613,0,0,0
ReflectionsOff,1456,4.4317035935819149,4.509,12613,0,0,0
ReflectionsOff,1457,4.0912982076406479,4.0923,12613,0,0,0
ReflectionsOff,1458,4.206398967653513,4.1593,12613,0,0,0
ReflectionsOff,1459,4.5862030237913132,4.6313,12613,0,0,0
ReflectionsOff,1460,4.1071996092796326,4.102,12613,0,0,0
ReflectionsOff,1461,3.9761974476277828,3.9278,12613,0,0,0
ReflectionsOff,1462,4.4246031902730465,4.3541,12613,0,0,0
ReflectionsOff,1463,4.4396966695785522,4.5547,12613,0,0,0
ReflectionsOff,1464,3.9145974442362785,3.8546,12613,0,0,0
ReflectionsOff,1465,3.9786989800632,4.036,12613,0,0,0
ReflectionsOff,1466,4.2535006068646908,4.2365,12613,0,0,0
ReflectionsOff,1467,3.8877055048942566,3.7918,12613,0,0,0
ReflectionsOff,1468,3.9994968101382256,4.0991,12613,0,0,0
ReflectionsOff,1469,3.9184028282761574,3.8473,12613,0,0,0
ReflectionsOff,1470,5.77339855954051,5.7557,12665,0,0,0
ReflectionsOff,1471,3.8133007474243641,3.8516,12613,0,0,0
ReflectionsOff,1472,4.4316966086626053,4.4145,12613,0,0,0
ReflectionsOff,1473,5.40179992094636,5.3597,12613,0,0,0
ReflectionsOff,1474,4.4664046727120876,4.4021,12613,0,0,0
ReflectionsOff,1475,4.015894141048193,4.1074,12701,0,0,0
ReflectionsOff,1476,4.29700268432498,4.2164,12613,0,0,0
ReflectionsOff,1477,5.1170988008379936,5.1165,12613,0,0,0
ReflectionsOff,1478,4.8668012022972107,4.8422,12613,0,0,0
ReflectionsOff,1479,4.9642007797956467,4.9515,12613,0,0,0
ReflectionsOff,1480,4.4714994728565216,4.5626,12613,0,0,0
ReflectionsOff,1481,4.3362034484744072,4.3056,12613,0,0,0
ReflectionsOff,1482,3.9303996600210667,3.8901,12613,0,0,0
ReflectionsOff,1483,4.2621954344213009,4.3072,12613,0,0,0
ReflectionsOff,1484,5.3452025167644024,5.3125,12613,0,0,0
ReflectionsOff,1485,4.2377975769340992,4.1883,12613,0,0,0
ReflectionsOff,1486,4.1098003275692463,4.1595,12613,0,0,0
ReflectionsOff,1487,5.7731010019779205,5.7728,12613,0,0,0
ReflectionsOff,1488,4.30490355938673,4.2063,12613,0,0,0
ReflectionsOff,1489,4.2884000577032566,4.338,12613,0,0,0
ReflectionsOff,1490,4.0526008233428,3.9802,12613,0,0,0
ReflectionsOff,1491,4.8094955272972584,4.8464,12613,0,0,0
ReflectionsOff,1492,4.19180141761899,4.2267,12613,0,0,0
ReflectionsOff,1493,4.4328020885586739,4.4552,12613,0,0,0
ReflectionsOff,1494,3.9832978509366512,3.914,12613,0,0,0
ReflectionsOff,1495,3.685997799038887,3.7346,12613,0,0,0
ReflectionsOff,1496,3.9459043182432652,3.9491,12613,0,0,0
ReflectionsOff,1497,3.9329011924564838,3.8724,12613,0,0,0
ReflectionsOff,1498,4.2303996160626411,4.2367,12613,0,0,0
ReflectionsOff,1499,4.0738945826888084,4.1021,12613,0,0,0
ReflectionsOff,1500,4.5862030237913132,4.5002,12613,0,0,0
ReflectionsOff,1501,5.11500146239996,5.1273,12613,0,0,0
ReflectionsOff,1502,4.6092970296740532,4.6356,12613,0,0,0
ReflectionsOff,1503,4.4351047836244106,4.4107,12613,0,0,0
ReflectionsOff,1504,3.6788973957300186,3.6957,12613,0,0,0
ReflectionsOff,1505,5.4311011917889118,5.4324,12613,0,0,0
ReflectionsOff,1506,4.9590985290706158,4.8333,12613,0,0,0
ReflectionsOff,1507,4.1539967060089111,4.2776,12613,0,0,0
ReflectionsOff,1508,4.4768000952899456,4.1889,12613,0,0,0
ReflectionsOff,1509,4.7439057379961014,4.9618,12701,0,0,0
ReflectionsOff,1510,4.1101970709860325,4.1554,12613,0,0,0
ReflectionsOff,1511,3.8830002304166555,3.7259,12613,0,0,0
ReflectionsOff,1512,4.9167019315063953,5.0162,12613,0,0,0
ReflectionsOff,1513,4.0344954468309879,4.0681,12613,0,0,0
ReflectionsOff,1514,3.7214001640677452,3.7019,12613,0,0,0
ReflectionsOff,1515,4.6387044712901115,4.3055,12665,0,0,0
ReflectionsOff,1516,3.7964994553476572,4.1557,12613,0,0,0
ReflectionsOff,1517,3.684197785332799,3.6871,12613,0,0,0
ReflectionsOff,1518,3.6592970136553049,3.4943,12613,0,0,0
ReflectionsOff,1519,4.1492064483463764,4.2427,12613,0,0,0
ReflectionsOff,1520,4.3494966812431812,4.3813,12613,0,0,0
ReflectionsOff,1521,4.2455992661416531,4.1611,12613,0,0,0
ReflectionsOff,1522,4.7121034003794193,4.7436,12613,0,0,0
ReflectionsOff,1523,4.270599689334631,4.2825,12613,0,0,0
ReflectionsOff,1524,3.9442954584956169,3.873,12613,0,0,0
ReflectionsOff,1525,3.9888038299977779,4.0525,12613,0,0,0
ReflectionsOff,1526,3.7254961207509041,3.6879,12613,0,0,0
ReflectionsOff,1527,5.2499007433652878,5.2082,12613,0,0,0
ReflectionsOff,1528,4.2669004760682583,4.2989,12613,0,0,0
ReflectionsOff,1529,4.7812997363507748,4.7305,12613,0,0,0
ReflectionsOff,1530,5.0974986515939236,5.1227,12613,0,0,0
ReflectionsOff,1531,4.4371034018695354,4.4517,12613,0,0,0
ReflectionsOff,1532,4.1109975427389145,4.1323,12613,0,0,0
ReflectionsOff,1533,4.0969033725559711,4.0416,12613,0,0,0
ReflectionsOff,1534,4.4455993920564651,4.4329,12613,0,0,0
ReflectionsOff,1535,3.854499664157629,3.8775,12613,0,0,0
ReflectionsOff,1536,4.0723993442952633,4.0191,12613,0,0,0
ReflectionsOff,1537,3.9842971600592136,3.8927,12613,0,0,0
ReflectionsOff,1538,4.7693029046058655,4.8606,12613,0,0,0
ReflectionsOff,1539,3.8855017628520727,3.8519,12613,0,0,0
ReflectionsOff,1540,3.8963009137660265,3.962,12613,0,0,0
ReflectionsOff,1541,4.2289965786039829,4.2082,12613,0,0,0
ReflectionsOff,1542,4.3630031868815422,4.2693,12613,0,0,0
ReflectionsOff,1543,4.08989517018199,4.1638,12613,0,0,0
ReflectionsOff,1544,4.1406038217246532,3.9833,12613,0,0,0
ReflectionsOff,1545,4.8241992481052876,4.9088,12701,0,0,0
ReflectionsOff,1546,4.1499999351799488,4.2079,12613,0,0,0
ReflectionsOff,1547,4.3939980678260326,4.3862,12613,0,0,0
ReflectionsOff,1548,4.6396045945584774,4.3711,12613,0,0,0
ReflectionsOff,1549,4.9507934600114822,5.2078,12613,0,0,0
ReflectionsOff,1550,3.7626062985509634,3.7302,12613,0,0,0
ReflectionsOff,1551,3.8849986158311367,3.8263,12613,0,0,0
ReflectionsOff,1552,4.46449825540185,4.5134,12613,0,0,0
ReflectionsOff,1553,4.2202025651931763,4.2388,12613,0,0,0
ReflectionsOff,1554,4.2089992202818394,4.1445,12613,0,0,0
ReflectionsOff,1555,3.8504961412400007,3.8824,12613,0,0,0
ReflectionsOff,1556,5.2799037657678127,5.2861,12613,0,0,0
ReflectionsOff,1557,4.3362951837480068,4.2732,12613,0,0,0
ReflectionsOff,1558,3.7506022490561008,3.7993,12613,0,0,0
ReflectionsOff,1559,4.4211028143763542,4.4003,12613,0,0,0
ReflectionsOff,1560,4.5830002054572105,4.5524,12613,0,0,0
ReflectionsOff,1561,4.0702945552766323,4.1076,12613,0,0,0
ReflectionsOff,1562,4.4364016503095627,4.4146,12665,0,0,0
ReflectionsOff,1563,4.5157028362154961,4.4742,12613,0,0,0
ReflectionsOff,1564,3.9383997209370136,3.9312,12613,0,0,0
ReflectionsOff,1565,4.131597001105547,4.1691,12613,0,0,0
ReflectionsOff,1566,4.0122023783624172,3.9583,12613,0,0,0
ReflectionsOff,1567,4.2490009218454361,4.2938,12613,0,0,0
ReflectionsOff,1568,3.9604944176971912,3.9175,12613,0,0,0
ReflectionsOff,1569,4.5596016570925713,4.5364,12613,0,0,0
ReflectionsOff,1570,5.4292022250592709,5.3703,12613,0,0,0
ReflectionsOff,1571,5.0695012323558331,5.1086,12613,0,0,0
ReflectionsOff,1572,4.0769982151687145,4.1398,12613,0,0,0
ReflectionsOff,1573,4.1804988868534565,4.1091,12613,0,0,0
ReflectionsOff,1574,4.2951032519340515,4.2538,12613,0,0,0
ReflectionsOff,1575,4.0594954043626785,4.1253,12613,0,0,0
ReflectionsOff,1576,4.0740999393165112,4.091,12613,0,0,0
ReflectionsOff,1577,3.808304900303483,3.7119,12613,0,0,0
ReflectionsOff,1578,4.5280968770384789,4.5961,12613,0,0,0
ReflectionsOff,1579,4.6484977938234806,4.5213,12613,0,0,0
ReflectionsOff,1580,4.3053003028035164,4.3503,12701,0,0,0
ReflectionsOff,1581,4.492701031267643,4.4845,12613,0,0,0
ReflectionsOff,1582,4.0418012067675591,4.0885,12613,0,0,0
ReflectionsOff,1583,3.8562004920095205,3.8206,12613,0,0,0
ReflectionsOff,1584,4.06979862600565,4.1054,12613,0,0,0
ReflectionsOff,1585,6.1294995248317719,6.0539,12613,0,0,0
ReflectionsOff,1586,3.9813988842070103,4.0164,12613,0,0,0
ReflectionsOff,1587,4.35060216113925,4.3743,12613,0,0,0
ReflectionsOff,1588,4.2187995277345181,4.1432,12613,0,0,0
ReflectionsOff,1589,4.04939753934741,4.0999,12613,0,0,0
ReflectionsOff,1590,4.2482991702854633,4.2157,12613,0,0,0
ReflectionsOff,1591,4.1805058717727661,4.1596,12613,0,0,0
ReflectionsOff,1592,4.0228953585028648,4.0638,12613,0,0,0
ReflectionsOff,1593,4.0673045441508293,4.0751,12613,0,0,0
ReflectionsOff,1594,3.9959964342415333,3.9422,12613,0,0,0
ReflectionsOff,1595,4.03250427916646,4.0359,12613,0,0,0
ReflectionsOff,1596,4.3010981753468513,4.3084,12613,0,0,0
ReflectionsOff,1597,4.1634989902377129,4.1187,12613,0,0,0
ReflectionsOff,1598,3.8119968958199024,3.8402,12613,0,0,0
ReflectionsOff,1599,4.2266016826033592,4.1298,12613,0,0,0
ReflectionsOff,1600,5.3150015883147717,5.3421,12613,0,0,0
ReflectionsOff,1601,4.285997711122036,4.344,12613,0,0,0
ReflectionsOff,1602,3.9009992033243179,3.8806,12613,0,0,0
ReflectionsOff,1603,4.63190209120512,4.5767,12613,0,0,0
ReflectionsOff,1604,4.3219034560024738,4.3548,12613,0,0,0
ReflectionsOff,1605,3.8333970587700605,3.8439,12613,0,0,0
ReflectionsOff,1606,3.8012966979295015,3.7512,12613,0,0,0
ReflectionsOff,1607,4.1117062792181969,4.1521,12613,0,0,0
ReflectionsOff,1608,4.1433954611420631,3.8944,12613,0,0,0
ReflectionsOff,1609,3.9346017874777317,4.1433,12665,0,0,0
ReflectionsOff,1610,3.9595025591552258,3.9648,12613,0,0,0
ReflectionsOff,1611,4.5294999144971371,4.4599,12613,0,0,0
ReflectionsOff,1612,4.2096939869225025,4.2382,12613,0,0,0
ReflectionsOff,1613,3.7396044936031103,3.7611,12613,0,0,0
ReflectionsOff,1614,4.7598001547157764,4.7341,12613,0,0,0
ReflectionsOff,1615,4.5205992646515369,4.4094,12613,0,0,0
ReflectionsOff,1616,4.0602963417768478,4.191,12701,0,0,0
ReflectionsOff,1617,3.9853034541010857,3.99,12613,0,0,0
ReflectionsOff,1618,3.869600361213088,3.7946,12613,0,0,0
ReflectionsOff,1619,3.9461026899516582,3.9977,12613,0,0,0
ReflectionsOff,1620,4.2500002309679985,4.196,12613,0,0,0
ReflectionsOff,1621,3.9877975359559059,3.9817,12613,0,0,0
ReflectionsOff,1622,5.4824971593916416,5.5317,12613,0,0,0
ReflectionsOff,1623,4.19999985024333,4.1705,12613,0,0,0
ReflectionsOff,1624,3.9785006083548069,3.9477,12613,0,0,0
ReflectionsOff,1625,4.4009000994265079,4.3391,12613,0,0,0
ReflectionsOff,1626,4.4782031327486038,4.5536,12613,0,0,0
ReflectionsOff,1627,5.0201956182718277,4.9435,12613,0,0,0
ReflectionsOff,1628,6.0799038037657738,6.1324,12613,0,0,0
ReflectionsOff,1629,4.8223002813756466,4.7597,12613,0,0,0
ReflectionsOff,1630,4.9542021006345749,4.9916,12613,0,0,0
ReflectionsOff,1631,4.8035997897386551,4.819,12613,0,0,0
ReflectionsOff,1632,4.30219667032361,4.2455,12613,0,0,0
ReflectionsOff,1633,4.0116002783179283,4.0477,12613,0,0,0
ReflectionsOff,1634,4.8457980155944824,4.6182,12613,0,0,0
ReflectionsOff,1635,5.7848994620144367,5.9541,12613,0,0,0
ReflectionsOff,1636,4.5035006478428841,4.4952,12613,0,0,0
ReflectionsOff,1637,4.8744049854576588,4.8997,12613,0,0,0
ReflectionsOff,1638,6.05479720979929,6.0005,12613,0,0,0
ReflectionsOff,1639,4.1958969086408615,4.2475,12613,0,0,0
ReflectionsOff,1640,4.2085032910108566,4.1981,12613,0,0,0
ReflectionsOff,1641,4.6847010962665081,4.6104,12613,0,0,0
ReflectionsOff,1642,4.3839002028107643,4.441,12613,0,0,0
ReflectionsOff,1643,4.586096853017807,4.5933,12613,0,0,0
ReflectionsOff,1644,5.3098001517355442,5.198,12613,0,0,0
ReflectionsOff,1645,4.6871029771864414,4.7186,12613,0,0,0
ReflectionsOff,1646,4.818799439817667,4.8407,12613,0,0,0
ReflectionsOff,1647,5.2624009549617767,5.1745,12613,0,0,0
ReflectionsOff,1648,4.8229945823550224,4.8476,12613,0,0,0
ReflectionsOff,1649,4.2956066317856312,4.3521,12701,0,0,0
ReflectionsOff,1650,4.2728953994810581,4.2261,12613,0,0,0
ReflectionsOff,1651,4.2687002569437027,4.2912,12613,0,0,0
ReflectionsOff,1652,4.2649023234844208,4.2535,12613,0,0,0
ReflectionsOff,1653,4.2875991202890873,4.2527,12665,0,0,0
ReflectionsOff,1654,4.7806971706449986,4.6942,12613,0,0,0
ReflectionsOff,1655,4.8482995480299,4.955,12613,0,0,0
ReflectionsOff,1656,4.4443025253713131,4.3604,12613,0,0,0
ReflectionsOff,1657,4.2708972468972206,4.3451,12613,0,0,0
ReflectionsOff,1658,4.5035006478428841,4.5091,12613,0,0,0
ReflectionsOff,1659,4.3845027685165405,4.3364,12613,0,0,0
ReflectionsOff,1660,4.8601971939206123,4.8808,12613,0,0,0
ReflectionsOff,1661,5.4620038717985153,5.3359,12613,0,0,0
ReflectionsOff,1662,4.9504959024488926,5.0423,12613,0,0,0
ReflectionsOff,1663,4.4458052143454552,4.4802,12613,0,0,0
ReflectionsOff,1664,4.2125992476940155,4.1538,12613,0,0,0
ReflectionsOff,1665,4.4465987011790276,4.4715,12613,0,0,0
ReflectionsOff,1666,3.9751986041665077,3.9965,12613,0,0,0
ReflectionsOff,1667,3.8737033028155565,3.8087,12613,0,0,0
ReflectionsOff,1668,3.8919004146009684,3.9049,12613,0,0,0
ReflectionsOff,1669,4.63169626891613,4.6752,12613,0,0,0
ReflectionsOff,1670,4.3205004185438156,4.1353,12613,0,0,0
ReflectionsOff,1671,4.26820432767272,4.4143,12613,0,0,0
ReflectionsOff,1672,4.1101970709860325,4.0987,12613,0,0,0
ReflectionsOff,1673,4.1025015525519848,4.0547,12613,0,0,0
ReflectionsOff,1674,4.5207981020212173,4.5679,12613,0,0,0
ReflectionsOff,1675,4.4117984361946583,4.347,12613,0,0,0
ReflectionsOff,1676,5.4869046434760094,5.4743,12613,0,0,0
ReflectionsOff,1677,4.3139951303601265,4.3844,12613,0,0,0
ReflectionsOff,1678,5.0329011864960194,5.0264,12613,0,0,0
ReflectionsOff,1679,4.2831986211240292,4.2234,12613,0,0,0
ReflectionsOff,1680,4.3509993702173233,4.339,12613,0,0,0
ReflectionsOff,1681,4.205300472676754,4.2586,12613,0,0,0
ReflectionsOff,1682,4.0476047433912754,3.873,12613,0,0,0
ReflectionsOff,1683,5.87589992210269,6.0337,12701,0,0,0
ReflectionsOff,1684,4.1035995818674564,4.0349,12613,0,0,0
ReflectionsOff,1685,3.7209962029010057,3.7847,12613,0,0,0
ReflectionsOff,1686,4.2802011594176292,4.2006,12613,0,0,0
ReflectionsOff,1687,4.5218039304018021,4.5164,12613,0,0,0
ReflectionsOff,1688,4.013995174318552,4.0722,12613,0,0,0
ReflectionsOff,1689,3.57810384593904,3.581,12613,0,0,0
ReflectionsOff,1690,4.74010081961751,4.6899,12613,0,0,0
ReflectionsOff,1691,4.083000123500824,4.1251,12613,0,0,0
ReflectionsOff,1692,3.9330003783106804,3.8871,12613,0,0,0
ReflectionsOff,1693,4.3698977679014206,4.0293,12613,0,0,0
ReflectionsOff,1694,4.7945012338459492,5.149,12613,0,0,0
ReflectionsOff,1695,3.9883009158074856,3.9907,12613,0,0,0
ReflectionsOff,1696,3.7376983091235161,3.6783,12613,0,0,0
ReflectionsOff,1697,4.1029974818229675,4.1139,12613,0,0,0
ReflectionsOff,1698,4.28560096770525,4.2342,12613,0,0,0
ReflectionsOff,1699,4.8108985647559166,4.7865,12665,0,0,0
ReflectionsOff,1700,3.9920988492667675,4.0635,12613,0,0,0
ReflectionsOff,1701,4.3107001110911369,4.3163,12613,0,0,0
ReflectionsOff,1702,3.7593040615320206,3.712,12613,0,0,0
ReflectionsOff,1703,4.0134000591933727,4.0641,12613,0,0,0
ReflectionsOff,1704,4.0303003042936325,3.9315,12613,0,0,0
ReflectionsOff,1705,5.7558957487344742,5.6428,12613,0,0,0
ReflectionsOff,1706,4.7318027354776859,4.9151,12613,0,0,0
ReflectionsOff,1707,5.5769984610378742,5.4613,12613,0,0,0
ReflectionsOff,1708,3.9274021983146667,4.0244,12613,0,0,0
ReflectionsOff,1709,3.7302011623978615,3.7239,12613,0,0,0
ReflectionsOff,1710,3.8228954654186964,3.7902,12613,0,0,0
ReflectionsOff,1711,4.5202025212347507,4.5147,12613,0,0,0
ReflectionsOff,1712,4.1521969251334667,4.1903,12613,0,0,0
ReflectionsOff,1713,4.3823057785630226,4.3299,12613,0,0,0
ReflectionsOff,1714,3.8455002941191196,3.9009,12613,0,0,0
ReflectionsOff,1715,3.8359977770596743,3.8055,12613,0,0,0
ReflectionsOff,1716,4.1624009609222412,3.9813,12613,0,0,0
ReflectionsOff,1717,4.3651997111737728,4.5123,12613,0,0,0
ReflectionsOff,1718,4.1030966676771641,4.0626,12613,0,0,0
ReflectionsOff,1719,5.3790034726262093,5.3736,12701,0,0,0
ReflectionsOff,1720,3.9922972209751606,4.0526,12613,0,0,0
ReflectionsOff,1721,4.5670988038182259,4.5684,12613,0,0,0
ReflectionsOff,1722,4.2458050884306431,4.1728,12613,0,0,0
ReflectionsOff,1723,4.148497711867094,4.1449,12613,0,0,0
ReflectionsOff,1724,4.4558956287801266,4.4885,12613,0,0,0
ReflectionsOff,1725,3.5347009543329477,3.487,12613,0,0,0
ReflectionsOff,1726,3.8689058274030685,3.8286,12613,0,0,0
ReflectionsOff,1727,4.7251982614398,4.7684,12613,0,0,0
ReflectionsOff,1728,4.4539966620504856,4.3715,12613,0,0,0
ReflectionsOff,1729,4.2387046851217747,4.3407,12613,0,0,0
ReflectionsOff,1730,5.9536988846957684,5.8838,12613,0,0,0
ReflectionsOff,1731,4.7955992631614208,4.8541,12613,0,0,0
ReflectionsOff,1732,4.0293014608323574,4.0365,12613,0,0,0
ReflectionsOff,1733,4.3867984786629677,4.2738,12613,0,0,0
ReflectionsOff,1734,4.3012965470552444,4.3919,12613,0,0,0
ReflectionsOff,1735,4.131802823394537,4.1329,12613,0,0,0
ReflectionsOff,1736,4.0084961801767349,3.8914,12613,0,0,0
ReflectionsOff,1737,5.1781036891043186,5.2554,12613,0,0,0
ReflectionsOff,1738,4.081101156771183,4.0896,12613,0,0,0
ReflectionsOff,1739,3.541099838912487,3.4692,12613,0,0,0
ReflectionsOff,1740,5.2866991609334946,5.3201,12613,0,0,0
ReflectionsOff,1741,4.4962018728256226,4.4721,12613,0,0,0
ReflectionsOff,1742,4.1051940061151981,4.0702,12613,0,0,0
ReflectionsOff,1743,4.3186009861528873,4.3812,12613,0,0,0
ReflectionsOff,1744,3.7365008611232042,3.7161,12613,0,0,0
ReflectionsOff,1745,4.0544997900724411,3.9761,12613,0,0,0
ReflectionsOff,1746,4.3776999227702618,4.4393,12665,0,0,0
ReflectionsOff,1747,4.1881022043526173,4.1583,12613,0,0,0
ReflectionsOff,1748,4.82819601893425,4.7934,12613,0,0,0
ReflectionsOff,1749,5.0994046032428741,4.9096,12613,0,0,0
ReflectionsOff,1750,3.98439634591341,4.2034,12613,0,0,0
ReflectionsOff,1751,5.2534015849232674,5.175,12613,0,0,0
ReflectionsOff,1752,4.1705002076923847,4.2013,12613,0,0,0
ReflectionsOff,1753,4.5782029628753662,4.5636,12613,0,0,0
ReflectionsOff,1754,4.1223000735044479,3.9253,12701,0,0,0
ReflectionsOff,1755,5.1548965275287628,5.3708,12613,0,0,0
ReflectionsOff,1756,3.8889029528945684,3.9036,12613,0,0,0
ReflectionsOff,1757,3.8092969916760921,3.7614,12613,0,0,0
ReflectionsOff,1758,4.29700268432498,4.2745,12613,0,0,0
ReflectionsOff,1759,4.94159571826458,4.9786,12613,0,0,0
ReflectionsOff,1760,4.14640037342906,4.0688,12613,0,0,0
ReflectionsOff,1761,4.0467050857841969,4.1182,12613,0,0,0
ReflectionsOff,1762,4.8317955806851387,4.8225,12613,0,0,0
ReflectionsOff,1763,4.3357000686228275,4.2482,12613,0,0,0
ReflectionsOff,1764,4.0017007850110531,4.0431,12613,0,0,0
ReflectionsOff,1765,3.70019837282598,3.7299,12613,0,0,0
ReflectionsOff,1766,5.5658021010458469,5.4806,12613,0,0,0
ReflectionsOff,1767,3.9364015683531761,3.9897,12613,0,0,0
ReflectionsOff,1768,3.9799958467483521,3.9954,12613,0,0,0
ReflectionsOff,1769,4.4633005745708942,4.306,12613,0,0,0
ReflectionsOff,1770,4.5938990078866482,4.7363,12613,0,0,0
ReflectionsOff,1771,4.2957058176398277,4.2944,12613,0,0,0
ReflectionsOff,1772,3.9589996449649334,3.8896,12613,0,0,0
ReflectionsOff,1773,3.8315972778946161,3.884,12613,0,0,0
ReflectionsOff,1774,4.09800186753273,4.0543,12613,0,0,0
ReflectionsOff,1775,4.472002387046814,4.3991,12613,0,0,0
ReflectionsOff,1776,4.2716977186501026,4.2576,12613,0,0,0
ReflectionsOff,1777,4.1674957610666752,4.2658,12613,0,0,0
ReflectionsOff,1778,4.43860562518239,4.3893,12613,0,0,0
ReflectionsOff,1779,3.8917942438274622,3.9323,12613,0,0,0
ReflectionsOff,1780,4.0973001159727573,4.0204,12613,0,0,0
ReflectionsOff,1781,5.5294996127486229,5.1906,12613,0,0,0
ReflectionsOff,1782,4.4029052369296551,4.7821,12613,0,0,0
ReflectionsOff,1783,4.7321002930402756,4.6367,12613,0,0,0
ReflectionsOff,1784,4.2539965361356735,4.268,12613,0,0,0
ReflectionsOff,1785,4.9070012755692005,4.914,12613,0,0,0
ReflectionsOff,1786,4.0300027467310429,4.0847,12613,0,0,0
ReflectionsOff,1787,4.2067957110702991,4.1139,12613,0,0,0
ReflectionsOff,1788,3.9861039258539677,3.9621,12613,0,0,0
ReflectionsOff,1789,3.9397957734763622,4.0349,12701,0,0,0
ReflectionsOff,1790,3.7345024757087231,3.6728,12613,0,0,0
ReflectionsOff,1791,4.0279976092278957,4.0726,12613,0,0,0
ReflectionsOff,1792,3.956901840865612,3.9468,12613,0,0,0
ReflectionsOff,1793,3.7900013849139214,3.7409,12665,0,0,0
ReflectionsOff,1794,3.8621951825916767,3.8762,12613,0,0,0
ReflectionsOff,1795,4.4323056936264038,4.4446,12613,0,0,0
ReflectionsOff,1796,4.1790958493947983,4.1187,12613,0,0,0
ReflectionsOff,1797,4.9571995623409748,4.9435,12613,0,0,0
ReflectionsOff,1798,4.5655043795704842,4.5301,12613,0,0,0
ReflectionsOff,1799,4.4839992187917233,4.4788,12613,0,0,0
ReflectionsOff,1800,4.391595721244812,4.4115,12613,0,0,0
ReflectionsOff,1801,4.1987034492194653,4.2533,12613,0,0,0
ReflectionsOff,1802,4.4802012853324413,4.374,12613,0,0,0
ReflectionsOff,1803,4.80809947475791,4.8579,12613,0,0,0
ReflectionsOff,1804,4.5012966729700565,4.5115,12613,0,0,0
ReflectionsOff,1805,4.3396046385169029,4.2871,12613,0,0,0
ReflectionsOff,1806,4.4344952329993248,4.4572,12613,0,0,0
ReflectionsOff,1807,4.2744046077132225,4.2893,12613,0,0,0
ReflectionsOff,1808,4.1164965368807316,4.0458,12613,0,0,0
ReflectionsOff,1809,4.1340985335409641,4.1933,12613,0,0,0
ReflectionsOff,1810,4.1570011526346207,4.1549,12613,0,0,0
ReflectionsOff,1811,4.4542020186781883,4.3693,12613,0,0,0
ReflectionsOff,1812,6.3872942700982094,6.4245,12613,0,0,0
ReflectionsOff,1813,5.1019061356782913,5.076,12613,0,0,0
ReflectionsOff,1814,3.948695957660675,3.9924,12613,0,0,0
ReflectionsOff,1815,4.4604022987186909,4.4539,12613,0,0,0
ReflectionsOff,1816,4.2839995585381985,4.2073,12613,0,0,0
ReflectionsOff,1817,4.3322988785803318,4.3942,12613,0,0,0
ReflectionsOff,1818,4.61780047044158,4.5391,12613,0,0,0
ReflectionsOff,1819,5.316602997481823,5.3295,12613,0,0,0
ReflectionsOff,1820,4.1684950701892376,4.2226,12613,0,0,0
ReflectionsOff,1821,4.7707059420645237,4.7757,12613,0,0,0
ReflectionsOff,1822,4.8250001855194569,4.6659,12613,0,0,0
ReflectionsOff,1823,4.3105939403176308,4.4122,12701,0,0,0
ReflectionsOff,1824,4.1123013943433762,4.135,12613,0,0,0
ReflectionsOff,1825,4.60310373455286,4.4516,12613,0,0,0
ReflectionsOff,1826,6.525297649204731,6.6588,12613,0,0,0
ReflectionsOff,1827,4.4839992187917233,4.4174,12613,0,0,0
ReflectionsOff,1828,4.1241990402340889,4.1171,12613,0,0,0
ReflectionsOff,1829,4.8686009831726551,4.9072,12613,0,0,0
ReflectionsOff,1830,3.9628967642784119,3.9199,12613,0,0,0
ReflectionsOff,1831,4.025106318295002,4.0753,12613,0,0,0
ReflectionsOff,1832,4.47049317881465,4.3401,12613,0,0,0
ReflectionsOff,1833,5.4284012876451015,5.4564,12613,0,0,0
ReflectionsOff,1834,4.4428994879126549,4.4249,12613,0,0,0
ReflectionsOff,1835,4.39320458099246,4.4448,12613,0,0,0
ReflectionsOff,1836,4.4675949029624462,4.4191,12613,0,0,0
ReflectionsOff,1837,4.3681049719452858,4.411,12613,0,0,0
ReflectionsOff,1838,4.173200111836195,4.1747,12665,0,0,0
ReflectionsOff,1839,4.13799611851573,3.9981,12613,0,0,0
ReflectionsOff,1840,5.36699965596199,5.4755,12613,0,0,0
ReflectionsOff,1841,4.7231009230017662,4.6962,12613,0,0,0
ReflectionsOff,1842,4.2562005110085011,4.2995,12613,0,0,0
ReflectionsOff,1843,5.0987033173441887,5.053,12613,0,0,0
ReflectionsOff,1844,4.5916950330138206,4.5439,12613,0,0,0
ReflectionsOff,1845,4.1220025159418583,4.1793,12613,0,0,0
ReflectionsOff,1846,4.2336024343967438,4.1185,12613,0,0,0
ReflectionsOff,1847,4.6955002471804619,4.745,12613,0,0,0
ReflectionsOff,1848,4.0167942643165588,4.0622,12613,0,0,0
ReflectionsOff,1849,4.2240009643137455,4.2077,12613,0,0,0
ReflectionsOff,1850,4.4490010477602482,4.3793,12613,0,0,0
ReflectionsOff,1851,3.9540035650134087,4.0291,12613,0,0,0
ReflectionsOff,1852,4.5809950679540634,4.5792,12613,0,0,0
ReflectionsOff,1853,4.3006022460758686,4.1876,12613,0,0,0
ReflectionsOff,1854,4.7042020596563816,4.7827,12613,0,0,0
ReflectionsOff,1855,4.1500991210341454,4.1366,12613,0,0,0
ReflectionsOff,1856,4.4658021070063114,4.2834,12613,0,0,0
ReflectionsOff,1857,4.3207979761064053,4.4813,12701,0,0,0
ReflectionsOff,1858,4.6397959813475609,4.6159,12613,0,0,0
ReflectionsOff,1859,3.9707059040665627,3.9503,12613,0,0,0
ReflectionsOff,1860,3.8591979537159204,3.8802,12613,0,0,0
ReflectionsOff,1861,5.397498607635498,5.3628,12613,0,0,0
ReflectionsOff,1862,4.205300472676754,4.1965,12613,0,0,0
ReflectionsOff,1863,4.113201517611742,4.1443,12613,0,0,0
ReflectionsOff,1864,4.454499576240778,4.4343,12613,0,0,0
ReflectionsOff,1865,4.0484978817403316,4.0143,12613,0,0,0
ReflectionsOff,1866,4.1692033410072327,4.1878,12613,0,0,0
ReflectionsOff,1867,3.8990008179098368,3.9164,12613,0,0,0
ReflectionsOff,1868,4.3473001569509506,4.2794,12613,0,0,0
ReflectionsOff,1869,4.9477959983050823,4.9748,12613,0,0,0
ReflectionsOff,1870,4.1934028267860413,4.1765,12613,0,0,0
ReflectionsOff,1871,4.422895610332489,4.231,12613,0,0,0
ReflectionsOff,1872,4.5663053169846535,4.771,12613,0,0,0
ReflectionsOff,1873,4.0357001125812531,4.0386,12613,0,0,0
ReflectionsOff,1874,4.208496306091547,4.1283,12613,0,0,0
ReflectionsOff,1875,4.4519985094666481,4.5063,12613,0,0,0
ReflectionsOff,1876,3.91619885340333,3.9034,12613,0,0,0
ReflectionsOff,1877,3.9087017066776752,3.8655,12613,0,0,0
ReflectionsOff,1878,4.0681050159037113,4.0876,12613,0,0,0
ReflectionsOff,1879,4.6967971138656139,4.6972,12613,0,0,0
ReflectionsOff,1880,4.1206986643373966,4.0556,12613,0,0,0
ReflectionsOff,1881,3.6089001223444939,3.6701,12613,0,0,0
ReflectionsOff,1882,4.3098991736769676,4.2725,12613,0,0,0
ReflectionsOff,1883,4.0156035684049129,3.9102,12613,0,0,0
ReflectionsOff,1884,4.278798121958971,4.3938,12613,0,0,0
ReflectionsOff,1885,4.215695895254612,4.2253,12665,0,0,0
ReflectionsOff,1886,4.00400348007679,3.9209,12613,0,0,0
ReflectionsOff,1887,3.9160996675491333,3.9936,12613,0,0,0
ReflectionsOff,1888,4.5783021487295628,4.5218,12613,0,0,0
ReflectionsOff,1889,4.4598993845283985,4.2217,12613,0,0,0
ReflectionsOff,1890,4.0189982391893864,4.2677,12613,0,0,0
ReflectionsOff,1891,4.0431972593069077,4.0257,12613,0,0,0
ReflectionsOff,1892,4.5407027937471867,4.4471,12613,0,0,0
ReflectionsOff,1893,4.7393990680575371,4.849,12701,0,0,0
ReflectionsOff,1894,3.9002976845949888,3.8184,12613,0,0,0
ReflectionsOff,1895,4.0152068249881268,4.0074,12613,0,0,0
ReflectionsOff,1896,4.0299957618117332,4.0931,12613,0,0,0
ReflectionsOff,1897,4.1241990402340889,4.1235,12613,0,0,0
ReflectionsOff,1898,3.696102648973465,3.6449,12613,0,0,0
ReflectionsOff,1899,3.9640022441744804,3.9547,12613,0,0,0
ReflectionsOff,1900,4.3788976036012173,4.4072,12613,0,0,0
ReflectionsOff,1901,4.4730016961693764,4.4246,12613,0,0,0
ReflectionsOff,1902,4.555094987154007,4.5851,12613,0,0,0
ReflectionsOff,1903,4.0360046550631523,4.0271,12613,0,0,0
ReflectionsOff,1904,4.5929988846182823,4.3097,12613,0,0,0
ReflectionsOff,1905,4.9062995240092278,5.1818,12613,0,0,0
ReflectionsOff,1906,4.7891014255583286,4.6612,12613,0,0,0
ReflectionsOff,1907,4.8511973582208157,4.9108,12613,0,0,0
ReflectionsOff,1908,4.118502140045166,4.1592,12613,0,0,0
ReflectionsOff,1909,3.9450963959097862,3.8793,12613,0,0,0
ReflectionsOff,1910,4.4658021070063114,4.4027,12613,0,0,0
ReflectionsOff,1911,4.2072986252605915,4.3024,12613,0,0,0
ReflectionsOff,1912,4.3709040619432926,4.3547,12613,0,0,0
ReflectionsOff,1913,4.9356999807059765,4.8117,12613,0,0,0
ReflectionsOff,1914,5.8603952638804913,5.9306,12613,0,0,0
ReflectionsOff,1915,6.3549038022756577,6.2882,12613,0,0,0
ReflectionsOff,1916,4.9082976765930653,5.0001,12613,0,0,0
ReflectionsOff,1917,4.1485968977212906,4.0244,12613,0,0,0
ReflectionsOff,1918,4.7602038830518723,4.7893,12613,0,0,0
ReflectionsOff,1919,4.0254960767924786,4.0779,12613,0,0,0
ReflectionsOff,1920,4.3445010669529438,4.3313,12613,0,0,0
ReflectionsOff,1921,5.5790035985410213,5.525,12613,0,0,0
ReflectionsOff,1922,4.285997711122036,4.3472,12613,0,0,0
ReflectionsOff,1923,4.3583973310887814,4.2901,12613,0,0,0
ReflectionsOff,1924,5.1124999299645424,5.0557,12613,0,0,0
ReflectionsOff,1925,4.5770052820444107,4.6624,12613,0,0,0
ReflectionsOff,1926,4.30519413203001,4.2391,12613,0,0,0
ReflectionsOff,1927,4.3718041852116585,4.3235,12701,0,0,0
ReflectionsOff,1928,4.4744969345629215,4.521,12613,0,0,0
ReflectionsOff,1929,4.7513036988675594,4.7523,12613,0,0,0
ReflectionsOff,1930,4.3191965669393539,4.3029,12665,0,0,0
ReflectionsOff,1931,4.5128045603632927,4.5231,12613,0,0,0
ReflectionsOff,1932,4.9521964974701405,4.9639,12613,0,0,0
ReflectionsOff,1933,4.0855016559362411,4.0385,12613,0,0,0
ReflectionsOff,1934,4.7591980546712875,4.7655,12613,0,0,0
ReflectionsOff,1935,4.9346019513905048,4.9103,12613,0,0,0
ReflectionsOff,1936,4.9013961106538773,4.8711,12613,0,0,0
ReflectionsOff,1937,4.8164045438170433,4.8299,12613,0,0,0
ReflectionsOff,1938,4.3984977528452873,4.4287,12613,0,0,0
ReflectionsOff,1939,4.4916030019521713,4.3442,12613,0,0,0
ReflectionsOff,1940,4.725900012999773,4.8705,12613,0,0,0
ReflectionsOff,1941,5.7928003370761871,5.6776,12613,0,0,0
ReflectionsOff,1942,4.8727961257100105,4.9646,12613,0,0,0
ReflectionsOff,1943,4.7258008271455765,4.7205,12613,0,0,0
ReflectionsOff,1944,4.9567036330699921,4.89,12613,0,0,0
ReflectionsOff,1945,4.3951957486569881,4.4444,12613,0,0,0
ReflectionsOff,1946,4.762004129588604,4.7077,12613,0,0,0
ReflectionsOff,1947,5.4798964411020279,5.4279,12613,0,0,0
ReflectionsOff,1948,4.709205124527216,4.7888,12613,0,0,0
ReflectionsOff,1949,4.3674958869814873,4.3623,12613,0,0,0
ReflectionsOff,1950,4.847703967243433,4.5997,12613,0,0,0
ReflectionsOff,1951,5.46379666775465,5.6891,12613,0,0,0
ReflectionsOff,1952,4.4191963970661163,4.3627,12613,0,0,0
ReflectionsOff,1953,4.2759068310260773,4.3249,12613,0,0,0
ReflectionsOff,1954,4.6565970405936241,4.6228,12613,0,0,0
ReflectionsOff,1955,5.8831986971199512,5.8257,12613,0,0,0
ReflectionsOff,1956,5.0596017390489578,5.135,12613,0,0,0
ReflectionsOff,1957,5.5868974886834621,5.502,12613,0,0,0
ReflectionsOff,1958,5.5546979419887066,5.4959,12613,0,0,0
ReflectionsOff,1959,5.6553003378212452,5.6594,12701,0,0,0
ReflectionsOff,1960,6.1529055237770081,6.2189,12613,0,0,0
ReflectionsOff,1961,4.4582979753613472,4.4201,12613,0,0,0
ReflectionsOff,1962,4.8948978073894978,4.8698,12613,0,0,0
ReflectionsOff,1963,5.7017998769879341,5.6924,12613,0,0,0
ReflectionsOff,1964,4.1962019167840481,4.2654,12613,0,0,0
ReflectionsOff,1965,4.3323980644345284,4.3163,12613,0,0,0
ReflectionsOff,1966,4.5742983929812908,4.517,12613,0,0,0
ReflectionsOff,1967,4.5722010545432568,4.6269,12613,0,0,0
ReflectionsOff,1968,4.4053997844457626,4.4054,12613,0,0,0
ReflectionsOff,1969,4.5503047294914722,4.4355,12613,0,0,0
ReflectionsOff,1970,4.6206987462937832,4.72,12613,0,0,0
ReflectionsOff,1971,4.4611962512135506,4.3906,12613,0,0,0
ReflectionsOff,1972,4.574404563754797,4.5866,12665,0,0,0
ReflectionsOff,1973,4.7675948590040207,4.7564,12613,0,0,0
ReflectionsOff,1974,4.364505410194397,4.3681,12613,0,0,0
ReflectionsOff,1975,4.296300932765007,4.282,12613,0,0,0
ReflectionsOff,1976,6.0992985963821411,6.1295,12613,0,0,0
ReflectionsOff,1977,4.8154974356293678,4.6442,12613,0,0,0
ReflectionsOff,1978,5.8060018345713615,5.9138,12613,0,0,0
ReflectionsOff,1979,6.1520976014435291,6.029,12613,0,0,0
ReflectionsOff,1980,5.2228034473955631,5.3782,12613,0,0,0
ReflectionsOff,1981,4.2294003069400787,4.1709,12613,0,0,0
ReflectionsOff,1982,4.5814979821443558,4.5771,12613,0,0,0
ReflectionsOff,1983,4.9508009105920792,4.9971,12613,0,0,0
ReflectionsOff,1984,4.8136976547539234,4.8089,12613,0,0,0
ReflectionsOff,1985,4.3890024535357952,4.2538,12613,0,0,0
ReflectionsOff,1986,4.7623016871511936,4.8689,12613,0,0,0
ReflectionsOff,1987,4.1969954036176205,4.1967,12613,0,0,0
ReflectionsOff,1988,4.2047053575515747,4.1332,12613,0,0,0
ReflectionsOff,1989,4.8875990323722363,4.9415,12613,0,0,0
ReflectionsOff,1990,4.4227964244782925,4.3523,12613,0,0,0
ReflectionsOff,1991,4.2839995585381985,4.2812,12701,0,0,0
ReflectionsOff,1992,6.46360544487834,6.4152,12613,0,0,0
ReflectionsOff,1993,5.8887968771159649,5.8494,12613,0,0,0
ReflectionsOff,1994,4.87850047647953,4.9594,12613,0,0,0
ReflectionsOff,1995,4.6365009620785713,4.6312,12613,0,0,0
ReflectionsOff,1996,5.9050950221717358,5.7784,12613,0,0,0
ReflectionsOff,1997,4.7984058037400246,4.9195,12613,0,0,0
ReflectionsOff,1998,4.9812993966042995,4.9652,12613,0,0,0
ReflectionsOff,1999,4.9482001923024654,4.8645,12613,0,0,0
ReflectionsOff,2000,4.7973995096981525,4.8338,12613,0,0,0
ReflectionsOff,2001,5.3856009617447853,5.3393,12613,0,0,0
ReflectionsOff,2002,5.444798618555069,5.301,12613,0,0,0
ReflectionsOff,2003,5.6778984144330025,5.6929,12613,0,0,0
ReflectionsOff,2004,5.0773029215633869,5.2419,12613,0,0,0
ReflectionsOff,2005,4.7388961538672447,4.7328,12613,0,0,0
ReflectionsOff,2006,5.3456989116966724,5.2353,12613,0,0,0
ReflectionsOff,2007,6.1459043063223362,6.1942,12613,0,0,0
ReflectionsOff,2008,5.4520973935723305,5.3359,12613,0,0,0
ReflectionsOff,2009,7.4709043838083744,7.611,12613,0,0,0
ReflectionsOff,2010,6.5955002792179585,6.4182,12613,0,0,0
ReflectionsOff,2011,5.7187997736036777,5.8005,12665,0,0,0
ReflectionsOff,2012,5.8741001412272453,5.8232,12613,0,0,0
ReflectionsOff,2013,5.8683957904577255,5.9226,12613,0,0,0
ReflectionsOff,2014,5.6704012677073479,5.6294,12613,0,0,0
ReflectionsOff,2015,4.9901003949344158,5.0692,12613,0,0,0
ReflectionsOff,2016,5.5080004967749119,5.3444,12613,0,0,0
ReflectionsOff,2017,6.3012968748807907,6.4488,12613,0,0,0
ReflectionsOff,2018,5.690199788659811,5.4896,12613,0,0,0
ReflectionsOff,2019,7.5660999864339828,7.6732,12701,0,0,0
ReflectionsOff,2020,7.1708047762513161,7.1335,12613,0,0,0
ReflectionsOff,2021,5.3314981050789356,5.414,12613,0,0,0
ReflectionsOff,2022,4.7857002355158329,4.7127,12613,0,0,0
ReflectionsOff,2023,4.8838010989129543,4.9526,12613,0,0,0
ReflectionsOff,2024,4.4249999336898327,4.3082,12613,0,0,0
ReflectionsOff,2025,5.976799875497818,6.0086,12613,0,0,0
ReflectionsOff,2026,5.2188988775014877,5.2226,12613,0,0,0
ReflectionsOff,2027,6.4849983900785446,6.4389,12613,0,0,0
ReflectionsOff,2028,5.4829008877277374,5.5573,12613,0,0,0
ReflectionsOff,2029,4.9168011173605919,4.8134,12613,0,0,0
ReflectionsOff,2030,5.5275014601647854,5.505,12613,0,0,0
ReflectionsOff,2031,5.6430981494486332,5.676,12613,0,0,0
ReflectionsOff,2032,4.6051018871366978,4.6752,12613,0,0,0
ReflectionsOff,2033,4.6102963387966156,4.5254,12613,0,0,0
ReflectionsOff,2034,5.6257015094161034,5.6293,12613,0,0,0
ReflectionsOff,2035,4.5401006937026978,4.6006,12613,0,0,0
ReflectionsOff,2036,5.12040127068758,4.9566,12613,0,0,0
ReflectionsOff,2037,6.9741001352667809,7.0406,12613,0,0,0
ReflectionsOff,2038,5.2839000709354877,5.351,12613,0,0,0
ReflectionsOff,2039,5.3241001442074776,5.1954,12613,0,0,0
ReflectionsOff,2040,4.5620962046086788,4.6445,12613,0,0,0
ReflectionsOff,2041,4.6174037270247936,4.6477,12613,0,0,0
ReflectionsOff,2042,4.6278983354568481,4.5758,12613,0,0,0
ReflectionsOff,2043,5.118898581713438,5.1554,12613,0,0,0
ReflectionsOff,2044,4.6512046828866005,4.6338,12613,0,0,0
ReflectionsOff,2045,4.714498296380043,4.6063,12613,0,0,0
ReflectionsOff,2046,5.6304987519979477,5.71,12613,0,0,0
ReflectionsOff,2047,5.2014030516147614,4.9737,12613,0,0,0
ReflectionsOff,2048,5.80249447375536,6.0136,12753,0,0,0
ReflectionsOff,2049,5.6657027453184128,5.5765,12613,0,0,0
ReflectionsOff,2050,4.9179987981915474,4.9413,12613,0,0,0
ReflectionsOff,2051,4.9026007764041424,4.9495,12613,0,0,0
ReflectionsOff,2052,5.433396901935339,5.3161,12613,0,0,0
ReflectionsOff,2053,4.5758006162941456,4.6602,12613,0,0,0
ReflectionsOff,2054,4.4401003979146481,4.4431,12613,0,0,0
ReflectionsOff,2055,4.7677010297775269,4.6058,12613,0,0,0
ReflectionsOff,2056,5.4293014109134674,5.5439,12613,0,0,0
ReflectionsOff,2057,5.9019983746111393,5.8512,12613,0,0,0
ReflectionsOff,2058,5.2204011008143425,5.2063,12613,0,0,0
ReflectionsOff,2059,6.0809026472270489,6.0675,12613,0,0,0
ReflectionsOff,2060,4.8045990988612175,4.8389,12613,0,0,0
ReflectionsOff,2061,4.7092968598008156,4.71,12613,0,0,0
ReflectionsOff,2062,5.2966978400945663,5.2759,12613,0,0,0
ReflectionsOff,2063,4.882199689745903,4.928,12613,0,0,0
ReflectionsOff,2064,4.8774019815027714,4.76,12613,0,0,0
ReflectionsOff,2065,4.9651996232569218,4.9968,12613,0,0,0
ReflectionsOff,2066,4.6974983997642994,4.7554,12613,0,0,0
ReflectionsOff,2067,4.2195012792944908,4.2145,12613,0,0,0
ReflectionsOff,2068,4.3777991086244583,4.3254,12613,0,0,0
ReflectionsOff,2069,4.2265024967491627,4.2578,12613,0,0,0
ReflectionsOff,2070,4.7243977896869183,4.7219,12613,0,0,0
ReflectionsOff,2071,5.2690049633383751,5.0546,12613,0,0,0
ReflectionsOff,2072,5.6478953920304775,5.8392,12613,0,0,0
ReflectionsOff,2073,4.8437993973493576,4.7323,12613,0,0,0
ReflectionsOff,2074,4.9407030455768108,4.9682,12613,0,0,0
ReflectionsOff,2075,4.6262969262897968,4.6746,12613,0,0,0
ReflectionsOff,2076,4.3655047193169594,4.3071,12613,0,0,0
ReflectionsOff,2077,4.0893992409110069,4.1513,12613,0,0,0
ReflectionsOff,2078,6.6558956168591976,6.4345,12613,0,0,0
ReflectionsOff,2079,5.9740999713540077,6.1633,12701,0,0,0
ReflectionsOff,2080,5.6866002269089222,5.5601,12613,0,0,0
ReflectionsOff,2081,4.9664042890071869,5.0047,12613,0,0,0
ReflectionsOff,2082,4.4128969311714172,4.4845,12613,0,0,0
ReflectionsOff,2083,4.7741993330419064,4.6509,12613,0,0,0
ReflectionsOff,2084,6.14880258217454,6.2448,12613,0,0,0
ReflectionsOff,2085,5.03560109063983,4.8777,12613,0,0,0
ReflectionsOff,2086,4.8857000656425953,5.0166,12613,0,0,0
ReflectionsOff,2087,4.3491991236805916,4.336,12613,0,0,0
ReflectionsOff,2088,4.7788973897695541,4.6018,12665,0,0,0
ReflectionsOff,2089,4.9096015281975269,5.0078,12613,0,0,0
ReflectionsOff,2090,5.8769984170794487,5.8602,12613,0,0,0
ReflectionsOff,2091,5.6833052076399326,5.6724,12613,0,0,0
ReflectionsOff,2092,5.2011976949870586,5.0109,12613,0,0,0
ReflectionsOff,2093,5.8607994578778744,6.091,12613,0,0,0
ReflectionsOff,2094,4.46989806368947,4.4387,12613,0,0,0
ReflectionsOff,2095,4.1812998242676258,4.2165,12613,0,0,0
ReflectionsOff,2096,5.0327028147876263,4.9372,12613,0,0,0
ReflectionsOff,2097,5.7133999653160572,5.6614,12613,0,0,0
ReflectionsOff,2098,5.5135982111096382,5.537,12613,0,0,0
ReflectionsOff,2099,5.238003097474575,5.2541,12613,0,0,0
ReflectionsOff,2100,4.9030967056751251,4.9497,12613,0,0,0
ReflectionsOff,2101,4.5684026554226875,4.5061,12613,0,0,0
ReflectionsOff,2102,5.2491994574666023,5.2361,12613,0,0,0
ReflectionsOff,2103,4.2190970852971077,4.2799,12613,0,0,0
ReflectionsOff,2104,3.9048043545335531,3.8978,12613,0,0,0
ReflectionsOff,2105,4.6454011462628841,4.4095,12613,0,0,0
ReflectionsOff,2106,5.0607994198799133,5.2522,12613,0,0,0
ReflectionsOff,2107,4.3590986169874668,4.3648,12613,0,0,0
ReflectionsOff,2108,6.1266012489795685,5.8343,12613,0,0,0
ReflectionsOff,2109,5.2892998792231083,5.5217,12701,0,0,0
ReflectionsOff,2110,5.739895161241293,5.3727,12613,0,0,0
ReflectionsOff,2111,7.010600995272398,7.3222,12613,0,0,0
ReflectionsOff,2112,5.67090418189764,5.6526,12613,0,0,0
ReflectionsOff,2113,5.26780029758811,5.0691,12613,0,0,0
ReflectionsOff,2114,5.9214993380010128,6.0471,12613,0,0,0
ReflectionsOff,2115,5.1672975532710552,5.2944,12613,0,0,0
ReflectionsOff,2116,5.3022038191556931,5.2527,12613,0,0,0
ReflectionsOff,2117,5.2923965267837048,5.2947,12613,0,0,0
ReflectionsOff,2118,4.53810254111886,4.5585,12613,0,0,0
ReflectionsOff,2119,4.4811014086008072,4.4215,12613,0,0,0
ReflectionsOff,2120,4.6651996672153473,4.7087,12613,0,0,0
ReflectionsOff,2121,4.4256942346692085,4.4001,12613,0,0,0
ReflectionsOff,2122,5.6694019585847855,5.6363,12613,0,0,0
ReflectionsOff,2123,4.2818025685846806,4.3391,12613,0,0,0
ReflectionsOff,2124,4.2316964827477932,4.2267,12613,0,0,0
ReflectionsOff,2125,4.3292022310197353,4.2677,12613,0,0,0
ReflectionsOff,2126,6.20240205898881,6.2299,12613,0,0,0
ReflectionsOff,2127,6.5152989700436592,6.3817,12613,0,0,0
ReflectionsOff,2128,5.97509928047657,6.0736,12665,0,0,0
ReflectionsOff,2129,5.2798963151872158,5.2312,12613,0,0,0
ReflectionsOff,2130,4.2297053150832653,4.2956,12613,0,0,0
ReflectionsOff,2131,4.4198981486260891,4.3345,12613,0,0,0
ReflectionsOff,2132,4.902898333966732,4.8189,12613,0,0,0
ReflectionsOff,2133,5.0981007516384125,5.2285,12613,0,0,0
ReflectionsOff,2134,4.4829011894762516,4.4109,12613,0,0,0
ReflectionsOff,2135,5.0182966515421867,5.001,12613,0,0,0
ReflectionsOff,2136,4.3033021502196789,4.3823,12613,0,0,0
ReflectionsOff,2137,4.0370039641857147,4.0327,12613,0,0,0
ReflectionsOff,2138,5.007199477404356,4.8139,12613,0,0,0
ReflectionsOff,2139,4.3150936253368855,4.4845,12701,0,0,0
ReflectionsOff,2140,4.3444018810987473,4.2858,12613,0,0,0
ReflectionsOff,2141,4.92740236222744,4.8978,12613,0,0,0
ReflectionsOff,2142,5.0499998033046722,5.0433,12613,0,0,0
ReflectionsOff,2143,4.3177013285458088,4.3745,12613,0,0,0
ReflectionsOff,2144,4.8977960832417011,4.5451,12613,0,0,0
ReflectionsOff,2145,4.8202024772763252,5.1532,12613,0,0,0
ReflectionsOff,2146,4.6390024945139885,4.6122,12613,0,0,0
ReflectionsOff,2147,4.9187997356057167,4.8536,12613,0,0,0
ReflectionsOff,2148,5.5105937644839287,5.514,12613,0,0,0
ReflectionsOff,2149,5.0133997574448586,5.0283,12613,0,0,0
ReflectionsOff,2150,4.5801019296050072,4.5737,12613,0,0,0
ReflectionsOff,2151,5.1001985557377338,5.0849,12613,0,0,0
ReflectionsOff,2152,4.0880031883716583,4.0699,12613,0,0,0
ReflectionsOff,2153,4.0839994326233864,4.1056,12613,0,0,0
ReflectionsOff,2154,4.2830002494156361,4.2752,12613,0,0,0
ReflectionsOff,2155,4.7872024588286877,4.7438,12613,0,0,0
ReflectionsOff,2156,4.0613943710923195,4.1175,12613,0,0,0
ReflectionsOff,2157,4.2108064517378807,4.2072,12613,0,0,0
ReflectionsOff,2158,4.6148952096700668,4.4863,12613,0,0,0
ReflectionsOff,2159,4.8575042746961117,4.9076,12613,0,0,0
ReflectionsOff,2160,4.8407949507236481,4.9023,12613,0,0,0
ReflectionsOff,2161,4.840504378080368,4.7833,12613,0,0,0
ReflectionsOff,2162,4.5647961087524891,4.609,12613,0,0,0
ReflectionsOff,2163,4.425800871104002,4.4213,12613,0,0,0
ReflectionsOff,2164,5.0157029181718826,4.8302,12613,0,0,0
ReflectionsOff,2165,5.8925948105752468,6.0128,12613,0,0,0
ReflectionsOff,2166,4.6570012345910072,4.6161,12613,0,0,0
ReflectionsOff,2167,4.0404051542282104,4.0965,12613,0,0,0
ReflectionsOff,2168,4.6877977438271046,4.6305,12613,0,0,0
ReflectionsOff,2169,5.2759000100195408,5.2716,12613,0,0,0
ReflectionsOff,2170,4.3392009101808071,4.309,12613,0,0,0
ReflectionsOff,2171,6.0896966606378555,6.0892,12753,0,0,0
ReflectionsOff,2172,4.4057043269276619,4.4807,12613,0,0,0
ReflectionsOff,2173,4.36769425868988,4.3451,12613,0,0,0
ReflectionsOff,2174,4.83610387891531,4.7152,12613,0,0,0
ReflectionsOff,2175,5.0812005065381527,5.1174,12613,0,0,0
ReflectionsOff,2176,5.0054988823831081,4.9934,12613,0,0,0
ReflectionsOff,2177,4.9061011523008347,4.9827,12613,0,0,0
ReflectionsOff,2178,5.1503968425095081,5.0699,12613,0,0,0
ReflectionsOff,2179,4.263400100171566,4.2715,12613,0,0,0
ReflectionsOff,2180,4.8212017863988876,4.8031,12613,0,0,0
ReflectionsOff,2181,6.04929868131876,5.9913,12613,0,0,0
ReflectionsOff,2182,5.3978031501173973,5.4757999999999996,12613,0,0,0
ReflectionsOff,2183,4.4093960896134377,4.4144,12613,0,0,0
ReflectionsOff,2184,5.4808035492897034,5.4031,12613,0,0,0
ReflectionsOff,2185,4.40769549459219,4.452,12613,0,0,0
ReflectionsOff,2186,4.0303994901478291,4.0022,12613,0,0,0
ReflectionsOff,2187,5.2782031707465649,4.9455,12613,0,0,0
ReflectionsOff,2188,6.0102040879428387,6.3395,12613,0,0,0
ReflectionsOff,2189,4.3793935328722,4.3419,12613,0,0,0
ReflectionsOff,2190,5.7583050802350044,5.6413,12613,0,0,0
ReflectionsOff,2191,5.3182966075837612,5.3781,12613,0,0,0
ReflectionsOff,2192,4.4890022836625576,4.5527,12613,0,0,0
ReflectionsOff,2193,6.6580004058778286,6.528,12613,0,0,0
ReflectionsOff,2194,5.7358983904123306,5.8444,12613,0,0,0
ReflectionsOff,2195,5.9263040311634541,5.8369,12613,0,0,0
ReflectionsOff,2196,7.126594427973032,7.1536,12613,0,0,0
ReflectionsOff,2197,4.4504040852189064,4.4473,12613,0,0,0
ReflectionsOff,2198,4.7946996055543423,4.7086,12613,0,0,0
ReflectionsOff,2199,5.2669006399810314,5.3276,12613,0,0,0
ReflectionsOff,2200,4.5177014544606209,4.5011,12613,0,0,0
ReflectionsOff,2201,4.1809948161244392,4.2402,12701,0,0,0
ReflectionsOff,2202,4.9667023122310638,4.9114,12613,0,0,0
ReflectionsOff,2203,4.4812997803092,4.5416,12613,0,0,0
ReflectionsOff,2204,4.6889032237231731,4.6675,12613,0,0,0
ReflectionsOff,2205,4.7270976938307285,4.6599,12613,0,0,0
ReflectionsOff,2206,4.6824971213936806,4.6437,12613,0,0,0
ReflectionsOff,2207,5.0190049223601818,5.0498,12613,0,0,0
ReflectionsOff,2208,4.8902989365160465,4.8383,12613,0,0,0
ReflectionsOff,2209,5.8744968846440315,5.8026,12613,0,0,0
ReflectionsOff,2210,6.0883997939527035,6.0798,12613,0,0,0
ReflectionsOff,2211,6.1431052163243294,6.2511,12665,0,0,0
ReflectionsOff,2212,5.856894887983799,5.8065,12613,0,0,0
ReflectionsOff,2213,4.8050028271973133,4.8374,12613,0,0,0
ReflectionsOff,2214,4.982298705726862,4.989,12613,0,0,0
ReflectionsOff,2215,4.6901004388928413,4.6345,12613,0,0,0
ReflectionsOff,2216,4.5383009128272533,4.5874,12613,0,0,0
ReflectionsOff,2217,4.9012969247996807,4.8533,12613,0,0,0
ReflectionsOff,2218,5.2542020566761494,5.2201,12613,0,0,0
ReflectionsOff,2219,4.754598718136549,4.8093,12613,0,0,0
ReflectionsOff,2220,5.0064981915056705,4.971,12613,0,0,0
ReflectionsOff,2221,4.50120447203517,4.4797,12613,0,0,0
ReflectionsOff,2222,4.45579644292593,4.5042,12613,0,0,0
ReflectionsOff,2223,4.7087017446756363,4.4818,12613,0,0,0
ReflectionsOff,2224,6.3571003265678883,6.3634,12613,0,0,0
ReflectionsOff,2225,4.7700963914394379,4.9558,12613,0,0,0
ReflectionsOff,2226,4.7447066754102707,4.5138,12613,0,0,0
ReflectionsOff,2227,6.8451957777142525,6.9347,12613,0,0,0
ReflectionsOff,2228,5.1935021765530109,5.266,12613,0,0,0
ReflectionsOff,2229,5.3437002934515476,5.2253,12613,0,0,0
ReflectionsOff,2230,4.8518991097807884,4.8958,12613,0,0,0
ReflectionsOff,2231,5.4962020367383957,5.4732,12701,0,0,0
ReflectionsOff,2232,5.7756942696869373,5.8566,12613,0,0,0
ReflectionsOff,2233,4.5959041453897953,4.52,12613,0,0,0
ReflectionsOff,2234,4.5624999329447746,4.6224,12613,0,0,0
ReflectionsOff,2235,4.7402000054717064,4.6502,12613,0,0,0
ReflectionsOff,2236,4.9231010489165783,4.9204,12613,0,0,0
ReflectionsOff,2237,4.8837019130587578,4.8794,12613,0,0,0
ReflectionsOff,2238,5.5455993860960007,5.5498,12613,0,0,0
ReflectionsOff,2239,5.1610968075692654,5.0294,12613,0,0,0
ReflectionsOff,2240,4.9946997314691544,5.1362,12613,0,0,0
ReflectionsOff,2241,5.260898731648922,5.2583,12613,0,0,0
ReflectionsOff,2242,5.096102599054575,4.9566,12613,0,0,0
ReflectionsOff,2243,4.2678005993366241,4.4277,12613,0,0,0
ReflectionsOff,2244,6.1832978390157223,6.0188,12613,0,0,0
ReflectionsOff,2245,5.4310020059347153,5.5817,12613,0,0,0
ReflectionsOff,2246,5.3651006892323494,5.3089,12613,0,0,0
ReflectionsOff,2247,5.6394981220364571,5.6531,12613,0,0,0
ReflectionsOff,2248,5.2821002900600433,5.187,12613,0,0,0
ReflectionsOff,2249,5.3259991109371185,5.3975,12613,0,0,0
ReflectionsOff,2250,5.7668015360832214,5.4343,12665,0,0,0
ReflectionsOff,2251,4.74309828132391,5.1114,12613,0,0,0
ReflectionsOff,2252,3.9996029809117317,3.9877,12613,0,0,0
ReflectionsOff,2253,5.5633997544646263,5.4734,12613,0,0,0
ReflectionsOff,2254,4.9423966556787491,4.9392,12613,0,0,0
ReflectionsOff,2255,5.3992983885109425,5.3782,12613,0,0,0
ReflectionsOff,2256,5.9079010970890522,5.9886,12613,0,0,0
ReflectionsOff,2257,4.9604023806750774,4.8861,12613,0,0,0
ReflectionsOff,2258,5.1046982407569885,5.1031,12613,0,0,0
ReflectionsOff,2259,4.6778982505202293,4.7275,12613,0,0,0
ReflectionsOff,2260,4.2211026884615421,4.0958,12613,0,0,0
ReflectionsOff,2261,4.1129039600491524,4.2288,12701,0,0,0
ReflectionsOff,2262,4.2036990635097027,3.9868,12613,0,0,0
ReflectionsOff,2263,5.5751982145011425,5.7123,12613,0,0,0
ReflectionsOff,2264,4.3171979486942291,4.3747,12613,0,0,0
ReflectionsOff,2265,4.4366992078721523,4.4468,12613,0,0,0
ReflectionsOff,2266,4.2927013710141182,4.2265,12613,0,0,0
ReflectionsOff,2267,4.0339995175600052,4.0833,12613,0,0,0
ReflectionsOff,2268,4.2089000344276428,4.2095,12613,0,0,0
ReflectionsOff,2269,5.7207979261875153,5.5704,12613,0,0,0
ReflectionsOff,2270,5.1637045107781887,5.2893,12613,0,0,0
ReflectionsOff,2271,4.1141016408801079,4.1168,12613,0,0,0
ReflectionsOff,2272,4.5137968845665455,4.4636,12613,0,0,0
ReflectionsOff,2273,6.2475977465510368,6.2311,12613,0,0,0
ReflectionsOff,2274,4.5302012003958225,4.5153,12613,0,0,0
ReflectionsOff,2275,4.4311010278761387,4.3143,12613,0,0,0
ReflectionsOff,2276,5.0383997149765491,5.2096,12613,0,0,0
ReflectionsOff,2277,4.5238025486469269,4.4231,12613,0,0,0
ReflectionsOff,2278,4.50119748711586,4.5938,12613,0,0,0
ReflectionsOff,2279,5.2106007933616638,5.1277,12613,0,0,0
ReflectionsOff,2280,5.1914965733885765,5.0304,12613,0,0,0
ReflectionsOff,2281,4.6814060769975185,4.8905,12613,0,0,0
ReflectionsOff,2282,4.4064978137612343,4.3526,12613,0,0,0
ReflectionsOff,2283,6.0663972981274128,6.0273,12613,0,0,0
ReflectionsOff,2284,4.4410997070372105,4.502,12613,0,0,0
ReflectionsOff,2285,4.7199050895869732,4.2626,12613,0,0,0
ReflectionsOff,2286,5.2268989384174347,5.5703,12613,0,0,0
ReflectionsOff,2287,4.1242986917495728,4.1974,12613,0,0,0
ReflectionsOff,2288,4.062301479279995,4.0415,12613,0,0,0
ReflectionsOff,2289,4.5376983471214771,4.3524,12613,0,0,0
ReflectionsOff,2290,4.9414965324103832,5.0044,12613,0,0,0
ReflectionsOff,2291,3.9714002050459385,3.9233,12613,0,0,0
ReflectionsOff,2292,4.1834041476249695,4.1641,12665,0,0,0
ReflectionsOff,2293,4.6416949480772018,4.6144,12613,0,0,0
ReflectionsOff,2294,4.842701368033886,4.9013,12701,0,0,0
ReflectionsOff,2295,3.9781038649380207,3.9337,12613,0,0,0
ReflectionsOff,2296,4.5476970262825489,4.2254,12613,0,0,0
ReflectionsOff,2297,5.583503283560276,5.6829,12613,0,0,0
ReflectionsOff,2298,4.3742982670664787,4.5277,12613,0,0,0
ReflectionsOff,2299,4.8178997822105885,4.7657,12613,0,0,0
ReflectionsOff,2300,5.5125001817941666,5.5659,12613,0,0,0
ReflectionsOff,2301,4.2506023310124874,4.2885,12613,0,0,0
ReflectionsOff,2302,4.0631946176290512,4.0495,12613,0,0,0
ReflectionsOff,2303,5.0033023580908775,4.963,12613,0,0,0
ReflectionsOff,2304,5.1160999573767185,5.1702,12613,0,0,0
ReflectionsOff,2305,4.5160995796322823,4.3962,12613,0,0,0
ReflectionsOff,2306,4.8884991556406021,4.9163,12613,0,0,0
ReflectionsOff,2307,4.5431051403284073,4.6065,12613,0,0,0
ReflectionsOff,2308,4.1112955659627914,4.1165,12613,0,0,0
ReflectionsOff,2309,3.8517999928444624,3.7864,12613,0,0,0
ReflectionsOff,2310,4.2873015627264977,4.321,12613,0,0,0
ReflectionsOff,2311,4.3132016435265541,4.2442,12613,0,0,0
ReflectionsOff,2312,4.4598993845283985,4.4488,12613,0,0,0
ReflectionsOff,2313,4.80510201305151,4.7602,12613,0,0,0
ReflectionsOff,2314,4.7077946364879608,4.7569,12613,0,0,0
ReflectionsOff,2315,4.6631023287773132,4.6463,12613,0,0,0
ReflectionsOff,2316,4.350198432803154,4.3817,12613,0,0,0
ReflectionsOff,2317,4.1488022543489933,4.1557,12613,0,0,0
ReflectionsOff,2318,4.5617986470460892,4.481,12613,0,0,0
ReflectionsOff,2319,4.3312995694577694,4.3985,12613,0,0,0
ReflectionsOff,2320,3.7303997669368982,3.7274,12613,0,0,0
ReflectionsOff,2321,4.46690060198307,4.405,12613,0,0,0
ReflectionsOff,2322,4.5426022261381149,4.5935,12613,0,0,0
ReflectionsOff,2323,4.4516013003885746,4.4505,12613,0,0,0
ReflectionsOff,2324,5.6258998811244965,5.4222,12613,0,0,0
ReflectionsOff,2325,5.0077945925295353,4.7563,12613,0,0,0
ReflectionsOff,2326,4.4734054245054722,4.8132,12613,0,0,0
ReflectionsOff,2327,5.4976968094706535,5.4888,12701,0,0,0
ReflectionsOff,2328,4.8538972623646259,4.9313,12613,0,0,0
ReflectionsOff,2329,4.67700557783246,4.6477,12613,0,0,0
ReflectionsOff,2330,4.9451957456767559,4.814,12613,0,0,0
ReflectionsOff,2331,4.6232002787292,4.7434,12613,0,0,0
ReflectionsOff,2332,4.10350039601326,4.1144,12613,0,0,0
ReflectionsOff,2333,4.9261976964771748,4.8736,12613,0,0,0
ReflectionsOff,2334,6.3022039830684662,6.0816,12613,0,0,0
ReflectionsOff,2335,4.9473992548882961,5.0973,12613,0,0,0
ReflectionsOff,2336,4.387599416077137,4.4779,12665,0,0,0
ReflectionsOff,2337,4.6752975322306156,4.635,12613,0,0,0
ReflectionsOff,2338,4.9405046738684177,4.92,12613,0,0,0
ReflectionsOff,2339,4.9475976265966892,4.9169,12613,0,0,0
ReflectionsOff,2340,4.6970024704933167,4.7099,12613,0,0,0
ReflectionsOff,2341,4.7736959531903267,4.6929,12613,0,0,0
ReflectionsOff,2342,4.6859057620167732,4.7813,12613,0,0,0
ReflectionsOff,2343,4.1045988909900188,4.1086,12613,0,0,0
ReflectionsOff,2344,4.4675949029624462,4.3943,12613,0,0,0
ReflectionsOff,2345,4.067602101713419,4.1274,12613,0,0,0
ReflectionsOff,2346,4.3983985669910908,4.4039,12613,0,0,0
ReflectionsOff,2347,4.7893989831209183,4.6624,12613,0,0,0
ReflectionsOff,2348,4.8256022855639458,4.9058,12613,0,0,0
ReflectionsOff,2349,4.1341977193951607,4.1579,12613,0,0,0
ReflectionsOff,2350,4.2794998735189438,4.2105,12613,0,0,0
ReflectionsOff,2351,6.0095023363828659,6.0566,12613,0,0,0
ReflectionsOff,2352,5.0212019123137,4.9253,12613,0,0,0
ReflectionsOff,2353,4.4802012853324413,4.5717,12613,0,0,0
ReflectionsOff,2354,4.9019982106983662,4.8829,12613,0,0,0
ReflectionsOff,2355,5.0283023156225681,4.9556,12613,0,0,0
ReflectionsOff,2356,4.3737953528761864,4.4447,12613,0,0,0
ReflectionsOff,2357,4.82190353795886,4.7152,12613,0,0,0
ReflectionsOff,2358,5.5547971278429031,5.4973,12613,0,0,0
ReflectionsOff,2359,4.7044004313647747,4.7632,12701,0,0,0
ReflectionsOff,2360,4.8429989255964756,4.8637,12613,0,0,0
ReflectionsOff,2361,4.5455996878445148,4.526,12613,0,0,0
ReflectionsOff,2362,4.314902238547802,4.3298,12613,0,0,0
ReflectionsOff,2363,4.5235967263579369,4.519,12613,0,0,0
ReflectionsOff,2364,5.398100707679987,5.3628,12613,0,0,0
ReflectionsOff,2365,4.81920363381505,4.8674,12613,0,0,0
ReflectionsOff,2366,4.6663973480463028,4.5955,12613,0,0,0
ReflectionsOff,2367,5.3401007317006588,5.2582,12613,0,0,0
ReflectionsOff,2368,4.748497623950243,4.8329,12613,0,0,0
ReflectionsOff,2369,4.380399826914072,4.3998,12613,0,0,0
ReflectionsOff,2370,5.6169005110859871,5.5075,12613,0,0,0
ReflectionsOff,2371,5.35830482840538,5.3863,12613,0,0,0
ReflectionsOff,2372,5.0187995657324791,5.0273,12613,0,0,0
ReflectionsOff,2373,4.552097525447607,4.5913,12613,0,0,0
ReflectionsOff,2374,5.5696005001664162,5.4573,12613,0,0,0
ReflectionsOff,2375,4.9205003306269646,5.0037,12613,0,0,0
ReflectionsOff,2376,4.5961025170981884,4.5935,12613,0,0,0
ReflectionsOff,2377,5.3586945869028568,5.2911,12613,0,0,0
ReflectionsOff,2378,4.4538052752614021,4.5095,12665,0,0,0
ReflectionsOff,2379,4.361600149422884,4.3637,12613,0,0,0
ReflectionsOff,2380,4.7629959881305695,4.6999,12613,0,0,0
ReflectionsOff,2381,4.8644985072314739,4.8288,12613,0,0,0
ReflectionsOff,2382,4.4428003020584583,4.5254,12613,0,0,0
ReflectionsOff,2383,4.6455995179712772,4.5764,12613,0,0,0
ReflectionsOff,2384,4.111104179173708,4.1687,12613,0,0,0
ReflectionsOff,2385,4.60909865796566,4.6106,12613,0,0,0
ReflectionsOff,2386,5.1783020608127117,5.056,12613,0,0,0
ReflectionsOff,2387,5.0285006873309612,4.9992,12613,0,0,0
ReflectionsOff,2388,4.5981011353433132,4.4508,12613,0,0,0
ReflectionsOff,2389,5.9563987888395786,5.8699,12613,0,0,0
ReflectionsOff,2390,5.8086947537958622,5.9665,12701,0,0,0
ReflectionsOff,2391,5.11170644313097,5.1,12613,0,0,0
ReflectionsOff,2392,5.2360971458256245,5.2538,12613,0,0,0
ReflectionsOff,2393,5.4003968834877014,5.2776,12613,0,0,0
ReflectionsOff,2394,7.4495039880275726,7.4997,12613,0,0,0
ReflectionsOff,2395,6.9598001427948475,6.9055,12613,0,0,0
ReflectionsOff,2396,7.9786991700530052,7.8938,12613,0,0,0
ReflectionsOff,2397,6.3449973240494728,6.4598,12613,0,0,0
ReflectionsOff,2398,5.7021044194698334,5.7634,12613,0,0,0
ReflectionsOff,2399,6.8308957852423191,6.6709,12613,0,0,0
