phase,frame,frameMs,mainThreadMs,gpuMs,drawCalls,setPassCalls,triangles,gcBytes,focused,targetsDestroyed,legacyEffects,reactorEffects,realtimeLights,particles,reflectionStrength
NearCombat,0,25.5202017724514,25.6272,3.93728,,144,9615389,28947,1,0,0,0,1,0,0
NearCombat,1,24.509899318218231,24.5198,3.929088,,144,9615389,12671,1,0,0,0,1,0,0
NearCombat,2,23.213902488350868,23.2675,3.87584,,144,9615389,12623,1,0,0,0,1,0,0
NearCombat,3,23.499999195337296,23.4957,0.014336,,144,9615389,12623,1,0,0,0,1,0,0
NearCombat,4,22.904995828866959,22.8081,3.9168,,144,9615389,12623,1,0,0,0,1,0,0
NearCombat,5,22.859303280711174,22.9361,3.949568,,144,9615389,12623,1,0,0,0,1,0,0
NearCombat,6,24.480896070599556,24.3342,4.163584,,144,9615389,12623,1,0,0,0,1,0,0
NearCombat,7,23.208305239677429,23.2758,3.912704,,144,9615389,12713,1,0,0,0,1,0,0
NearCombat,8,23.217899724841118,23.2459,4.306944,,144,9615389,12623,1,0,0,0,1,0,0
NearCombat,9,24.669494479894638,24.6592,3.897344,,144,9615389,12675,1,0,0,0,1,0,0
NearCombat,10,22.583205252885818,22.5379,4.830208,,144,9615389,12623,1,0,0,0,1,0,0
NearCombat,11,25.586996227502823,25.6077,4.30592,,144,9615389,12623,1,0,0,0,1,0,0
NearCombat,12,25.365199893712997,25.2307,4.325376,,144,9615389,12623,1,0,0,0,1,0,0
NearCombat,13,23.993602022528648,24.029,4.95104,,144,9615389,12623,1,0,0,0,1,0,0
NearCombat,14,23.924596607685089,23.9877,4.27008,,144,9615389,12713,1,0,0,0,1,0,0
NearCombat,15,23.264901712536812,23.2173,4.261888,,144,9615389,12623,1,0,0,0,1,0,0
NearCombat,16,24.459501728415489,24.4923,4.61824,,144,9615389,12623,1,0,0,0,1,0,0
NearCombat,17,29.814902693033218,29.7077,4.195328,,144,9615389,20093,1,0,0,0,1,0,0
NearCombat,18,26.656795293092728,26.7104,4.282368,,156,9630125,12675,1,0,0,0,1,0,0
NearCombat,19,25.990497320890427,25.7818,4.307968,,156,9651781,12623,1,0,0,0,1,0,0
NearCombat,20,26.049504056572914,26.2653,4.006912,,154,9618997,12713,1,0,0,0,1,0,0
NearCombat,21,27.662796899676323,27.4891,3.945472,,154,9618997,12623,1,0,0,0,1,0,0
NearCombat,22,25.813300162553787,25.9667,3.97824,,156,9651781,12623,1,0,0,0,1,0,0
NearCombat,23,24.622803553938866,24.545,4.307968,,156,9630125,12623,1,0,0,0,1,0,0
NearCombat,24,24.933693930506706,24.9634,4.096,,156,9615413,12623,1,0,0,0,1,0,0
NearCombat,25,32.960500568151474,32.5317,4.376576,,300,9615701,12671,1,0,0,0,1,0,0
NearCombat,26,25.289902463555336,25.6837,4.267008,,151,9615403,12813,1,0,0,0,1,0,0
NearCombat,27,26.296896860003471,26.2682,5.092352,,144,9615389,12623,1,0,0,0,1,0,0
NearCombat,28,25.04810132086277,25.0618,4.411392,,144,9615389,12623,1,0,0,0,1,0,0
NearCombat,29,25.193402543663979,25.1646,4.365312,,144,9615389,12623,1,0,0,0,1,0,0
NearCombat,30,24.284899234771729,24.3015,4.635648,,144,9615389,12623,1,0,0,0,1,0,0
NearCombat,31,23.480797186493874,23.4887,4.238336,,144,9615389,12623,1,0,0,0,1,0,0
NearCombat,32,23.448999971151352,23.266,4.358144,,144,9615389,12623,1,0,0,0,1,0,0
NearCombat,33,21.939300000667572,22.1122,3.995648,,144,9615389,12713,1,0,0,0,1,0,0
NearCombat,34,22.475205361843109,22.4326,3.915776,,144,9615389,12623,1,0,0,0,1,0,0
NearCombat,35,23.52459542453289,23.5078,5.17632,,144,9615389,12675,1,0,0,0,1,0,0
NearCombat,36,23.105498403310776,22.3127,3.93216,,144,9615389,12623,1,0,0,0,1,0,0
NearCombat,37,23.377798497676849,24.1903,4.368384,,144,9615389,12623,1,0,0,0,1,0,0
NearCombat,38,23.252600803971291,23.2088,3.966976,,144,9615389,12623,1,0,0,0,1,0,0
NearCombat,39,23.013705387711525,22.8722,5.220352,,144,9615389,12623,1,0,0,0,1,0,0
NearCombat,40,21.939896047115326,22.0896,3.972096,,144,9615389,12713,1,0,0,0,1,0,0
NearCombat,41,22.083403542637825,22.0394,4.564992,,144,9615389,12623,1,0,0,0,1,0,0
NearCombat,42,22.889895364642143,22.9045,3.984384,,144,9615389,12623,1,0,0,0,1,0,0
NearCombat,43,22.616405040025711,22.4991,4.701184,,144,9615389,12623,1,0,0,0,1,0,0
NearCombat,44,23.427501320838928,23.495,4.021248,,144,9615389,12675,1,0,0,0,1,0,0
NearCombat,45,23.077394813299179,23.0871,4.020224,,144,9615389,12623,1,0,0,0,1,0,0
NearCombat,46,23.247001692652702,23.1774,4.261888,,144,9615389,12623,1,0,0,0,1,0,0
NearCombat,47,21.922200918197632,21.9766,4.338688,,144,9615389,12713,1,0,0,0,1,0,0
NearCombat,48,24.24749918282032,24.2274,4.570112,,144,9615389,12623,1,0,0,0,1,0,0
NearCombat,49,22.471599280834198,22.4879,3.965952,,144,9615389,12623,1,0,0,0,1,0,0
NearCombat,50,24.637401103973389,24.566,4.329472,,144,9615389,12623,1,0,0,0,1,0,0
NearCombat,51,23.522498086094856,23.3713,4.339712,,144,9615389,12623,1,0,0,0,1,0,0
NearCombat,52,25.065001100301743,25.198,4.005888,,144,9615389,12623,1,0,0,0,1,0,0
NearCombat,53,27.360700070858,27.1322,4.529152,,144,9615389,12675,1,0,0,0,1,0,0
NearCombat,54,24.347903206944466,24.5496,3.995648,,144,9615389,12713,1,0,0,0,1,0,0
NearCombat,55,24.932000786066055,24.9475,4.402176,,144,9615389,12623,1,0,0,0,1,0,0
NearCombat,56,24.001799523830414,23.9339,4.627456,,144,9615389,12623,1,0,0,0,1,0,0
NearCombat,57,23.516198620200157,23.5679,3.943424,,144,9615389,12623,1,0,0,0,1,0,0
NearCombat,58,24.275297299027443,24.2372,4.333568,,144,9615389,12623,1,0,0,0,1,0,0
NearCombat,59,24.450801312923431,24.4187,3.953664,,144,9615389,12623,1,0,0,0,1,0,0
NearCombat,60,24.115398526191711,24.1054,3.999744,,144,9615389,12623,1,0,0,0,1,0,0
NearCombat,61,22.08060584962368,22.1292,3.938304,,144,9615389,12713,1,0,0,0,1,0,0
NearCombat,62,23.971095681190491,23.9246,3.980288,,144,9615389,12675,1,0,0,0,1,0,0
NearCombat,63,23.435996845364571,23.4611,3.969024,,144,9615389,12623,1,0,0,0,1,0,0
NearCombat,64,20.490901544690132,20.4854,4.395008,,144,9615389,12623,1,0,0,0,1,0,0
NearCombat,65,22.717999294400215,22.6522,3.945472,,144,9615389,12623,1,0,0,0,1,0,0
NearCombat,66,23.147102445364,23.0458,3.986432,,144,9615389,12623,1,0,0,0,1,0,0
NearCombat,67,22.063704207539558,22.1113,4.001792,,144,9615389,12623,1,0,0,0,1,0,0
NearCombat,68,25.488400831818581,25.4506,3.977216,,144,9615389,12713,1,0,0,0,1,0,0
NearCombat,69,23.466596379876137,23.5776,4.61312,,144,9615389,12623,1,0,0,0,1,0,0
NearCombat,70,25.889704003930092,25.8065,3.93216,,144,9615389,12623,1,0,0,0,1,0,0
NearCombat,71,33.897299319505692,33.6519,4.77184,,144,9615389,12675,1,0,0,0,1,0,0
NearCombat,72,40.207099169492722,39.501,3.966976,,144,9615389,12623,1,0,0,0,1,0,0
NearCombat,73,33.1215001642704,33.8772,4.947968,,144,9615389,12623,1,0,0,0,1,0,0
NearCombat,74,24.02850054204464,24.1758,4.702208,,144,9615389,12713,1,0,0,0,1,0,0
NearCombat,75,26.944195851683617,26.8409,4.6336,,144,9615389,12623,1,0,0,0,1,0,0
NearCombat,76,27.519797906279564,27.5915,4.990976,,144,9615389,12623,1,0,0,0,1,0,0
NearCombat,77,29.670501127839088,28.868,3.969024,,144,9615389,12623,1,0,0,0,1,0,0
NearCombat,78,28.464803472161293,29.2377,4.718592,,144,9615389,12675,1,0,0,0,1,0,0
NearCombat,79,26.137599721550941,25.928,3.989504,,144,9615389,12623,1,0,0,0,1,0,0
NearCombat,80,27.065100148320198,27.264,4.33152,,144,9615389,12713,1,0,0,0,1,0,0
NearCombat,81,25.939300656318665,25.8441,4.696064,,144,9615389,12623,1,0,0,0,1,0,0
NearCombat,82,26.30620077252388,26.3726,3.95776,,144,9615389,12623,1,0,0,0,1,0,0
NearCombat,83,25.883596390485764,25.8208,4.601856,,144,9615389,12623,1,0,0,0,1,0,0
NearCombat,84,26.143906638026237,26.1923,4.368384,,144,9615389,12623,1,0,0,0,1,0,0
NearCombat,85,27.8634000569582,27.6004,3.95776,,144,9615389,12623,1,0,0,0,1,0,0
NearCombat,86,29.823696240782738,29.9627,4.3008,,144,9615389,12765,1,0,0,0,1,0,0
NearCombat,87,31.946402043104172,31.9198,4.368384,,144,9615389,12623,1,0,0,0,1,0,0
NearCombat,88,36.075502634048462,35.9608,4.335616,,144,9615389,12623,1,0,0,0,1,0,0
NearCombat,89,39.625395089387894,39.6602,3.949568,,144,9615389,12623,1,0,0,0,1,0,0
NearCombat,90,30.569301918148994,30.502,4.340736,,144,9615389,12623,1,0,0,0,1,0,0
NearCombat,91,29.172400012612343,29.0802,4.473856,,144,9615389,12713,1,0,0,0,1,0,0
NearCombat,92,30.235394835472107,30.3054,4.043776,,144,9615389,12623,1,0,0,0,1,0,0
NearCombat,93,28.888704255223274,29.0163,4.180992,,144,9615389,12675,1,0,0,0,1,0,0
NearCombat,94,27.258595451712608,27.2324,4.325376,,144,9615389,12623,1,0,0,0,1,0,0
NearCombat,95,29.110204428434372,29.0815,4.370432,,144,9615389,12623,1,0,0,0,1,0,0
NearCombat,96,31.415000557899475,31.3577,4.383744,,144,9615389,12623,1,0,0,0,1,0,0
NearCombat,97,29.291396960616112,29.2979,3.977216,,144,9615389,12713,1,0,0,0,1,0,0
NearCombat,98,30.921202152967453,30.9758,4.089856,,144,9615389,12623,1,0,0,0,1,0,0
NearCombat,99,28.131298720836639,28.0682,4.774912,,144,9615389,12623,1,0,0,0,1,0,0
NearCombat,100,28.940001502633095,28.9743,4.007936,,144,9615389,12675,1,0,0,0,1,0,0
NearCombat,101,28.419196605682373,28.3611,4.011008,,144,9615389,12623,1,0,0,0,1,0,0
NearCombat,102,32.140102237463,28.7171,4.38272,,144,9615389,12623,1,0,0,0,1,0,0
NearCombat,103,30.487598851323128,33.875,3.97312,,144,9615389,12713,1,0,0,0,1,0,0
NearCombat,104,32.044600695371628,32.0387,4.263936,,144,9615389,12623,1,0,0,0,1,0,0
NearCombat,105,30.518097802996635,30.4258,4.483072,,144,9615389,12623,1,0,0,0,1,0,0
NearCombat,106,28.214901685714722,28.3383,3.95264,,144,9615389,12623,1,0,0,0,1,0,0
NearCombat,107,31.852800399065018,31.6147,4.347904,,144,9615389,12675,1,0,0,0,1,0,0
NearCombat,108,30.812401324510574,31.0319,4.653056,,144,9615389,12713,1,0,0,0,1,0,0
NearCombat,109,29.413400217890739,29.1573,4.335616,,144,9615389,12623,1,0,0,0,1,0,0
NearCombat,110,30.519401654601097,30.753,4.446208,,144,9615389,12623,1,0,0,0,1,0,0
NearCombat,111,29.483800753951073,29.2398,4.64384,,144,9615389,12623,1,0,0,0,1,0,0
NearCombat,112,29.234098270535469,29.4407,4.410368,,144,9615389,12623,1,0,0,0,1,0,0
NearCombat,113,29.61309440433979,29.4168,3.94752,,144,9615389,12623,1,0,0,0,1,0,0
NearCombat,114,31.577102839946747,31.701,4.731904,,144,9615389,12765,1,0,0,0,1,0,0
NearCombat,115,35.106498748064041,34.989,3.994624,,144,9615389,12623,1,0,0,0,1,0,0
NearCombat,116,32.093998044729233,32.1376,4.025344,,144,9615389,12623,1,0,0,0,1,0,0
NearCombat,117,33.437203615903854,33.1808,4.570112,,144,9615389,12623,1,0,0,0,1,0,0
NearCombat,118,30.656199902296066,30.689,3.970048,,144,9615389,12623,1,0,0,0,1,0,0
NearCombat,119,29.593998566269875,29.6654,4.635648,,144,9615389,12713,1,0,0,0,1,0,0
NearCombat,120,29.420202597975731,29.546,4.033536,,144,9615389,12623,1,0,0,0,1,0,0
NearCombat,121,27.404500171542168,27.3895,3.965952,,144,9615389,12675,1,0,0,0,1,0,0
NearCombat,122,26.253402233123779,26.3036,3.931136,,144,9615389,12623,1,0,0,0,1,0,0
NearCombat,123,24.46880005300045,24.4588,4.406272,,144,9615389,12623,1,0,0,0,1,0,0
NearCombat,124,26.222696527838707,26.1783,4.018176,,144,9615389,12623,1,0,0,0,1,0,0
NearCombat,125,25.114802643656731,24.9717,3.95776,,144,9615389,12713,1,0,0,0,1,0,0
NearCombat,126,23.166397586464882,23.374,4.395008,,144,9615389,12623,1,0,0,0,1,0,0
NearCombat,127,22.70040474832058,22.6757,3.96288,,144,9615389,12623,1,0,0,0,1,0,0
NearCombat,128,24.372398853302002,24.3113,4.007936,,144,9615389,12623,1,0,0,0,1,0,0
NearCombat,129,23.719599470496178,23.698,3.981312,,144,9615389,12623,1,0,0,0,1,0,0
NearCombat,130,24.648895487189293,24.6693,4.636672,,144,9615389,12675,1,0,0,0,1,0,0
NearCombat,131,28.202204033732414,28.0671,4.302848,,144,9615389,12623,1,0,0,0,1,0,0
NearCombat,132,28.903096914291382,28.9757,4.680704,,144,9615389,12713,1,0,0,0,1,0,0
NearCombat,133,28.959602117538452,28.9546,4.192256,,144,9615389,12623,1,0,0,0,1,0,0
NearCombat,134,25.849297642707825,25.8426,3.931136,,144,9615389,12623,1,0,0,0,1,0,0
NearCombat,135,25.763804093003273,25.769,4.36224,,144,9615389,12623,1,0,0,0,1,0,0
NearCombat,136,25.783099234104156,25.8054,3.977216,,144,9615389,12623,1,0,0,0,1,0,0
NearCombat,137,26.348398998379707,26.1369,4.426752,,144,9615389,12623,1,0,0,0,1,0,0
NearCombat,138,23.957397788763046,24.126,4.718592,,144,9615389,12765,1,0,0,0,1,0,0
NearCombat,139,26.040405035018921,25.9735,4.334592,,144,9615389,12623,1,0,0,0,1,0,0
NearCombat,140,25.060197338461876,25.0169,4.011008,,144,9615389,12623,1,0,0,0,1,0,0
NearCombat,141,25.721300393342972,25.7626,4.054016,,144,9615389,12623,1,0,0,0,1,0,0
NearCombat,142,24.508398026227951,24.5387,4.298752,,144,9615389,12623,1,0,0,0,1,0,0
NearCombat,143,23.817099630832672,23.8179,4.30592,,144,9615389,12623,1,0,0,0,1,0,0
NearCombat,144,24.052601307630539,23.921,4.347904,,144,9615389,12623,1,0,0,0,1,0,0
NearCombat,145,22.756604477763176,22.862,4.563968,,144,9615389,12713,1,0,0,0,1,0,0
NearCombat,146,24.629194289445877,24.5631,4.284416,,144,9615389,12623,1,0,0,0,1,0,0
NearCombat,147,23.764299228787422,23.5721,3.933184,,144,9615389,12675,1,0,0,0,1,0,0
NearCombat,148,23.164002224802971,23.3773,4.344832,,144,9615389,12623,1,0,0,0,1,0,0
NearCombat,149,23.564498871564865,23.529,4.302848,,144,9615389,12623,1,0,0,0,1,0,0
NearCombat,150,23.93590472638607,23.8768,4.287488,,144,9615389,12623,1,0,0,0,1,0,0
NearCombat,151,25.366794317960739,25.2765,3.960832,,144,9615389,12623,1,0,0,0,1,0,0
NearCombat,152,26.430604979395866,26.408,3.960832,,144,9615389,12713,1,0,0,0,1,0,0
NearCombat,153,25.177197530865669,25.3041,3.959808,,144,9615389,12623,1,0,0,0,1,0,0
NearCombat,154,27.508098632097244,27.465699999999998,4.25472,,144,9615389,12623,1,0,0,0,1,0,0
NearCombat,155,25.835402309894562,25.8024,4.473856,,144,9615389,12623,1,0,0,0,1,0,0
NearCombat,156,26.07869915664196,25.9474,4.369408,,144,9615389,12675,1,0,0,0,1,0,0
NearCombat,157,28.286203742027283,28.3813,3.970048,,144,9615389,12623,1,0,0,0,1,0,0
NearCombat,158,24.430498480796814,24.3983,4.621312,,144,9615389,12713,1,0,0,0,1,0,0
NearCombat,159,24.369601160287857,24.4512,4.032512,,144,9615389,12623,1,0,0,0,1,0,0
NearCombat,160,23.824794217944145,23.8181,4.34688,,144,9615389,12623,1,0,0,0,1,0,0
NearCombat,161,27.029400691390038,26.8424,3.992576,,144,9615389,12623,1,0,0,0,1,0,0
NearCombat,162,26.240305975079536,26.3908,4.069376,,144,9615389,12623,1,0,0,0,1,0,0
NearCombat,163,27.402494102716446,27.1956,3.97312,,144,9615389,12623,1,0,0,0,1,0,0
NearCombat,164,27.603203430771828,27.7459,4.023296,,144,9615389,12765,1,0,0,0,1,0,0
NearCombat,165,24.742601439356804,24.7505,4.552704,,144,9615389,12623,1,0,0,0,1,0,0
NearCombat,166,25.025900453329086,25.0664,3.972096,,144,9615389,12623,1,0,0,0,1,0,0
NearCombat,167,23.874100297689438,23.8646,4.393984,,144,9615389,12623,1,0,0,0,1,0,0
NearCombat,168,23.476701229810715,23.3887,3.972096,,144,9615389,12623,1,0,0,0,1,0,0
NearCombat,169,22.129897028207779,22.1279,4.340736,,144,9615389,12623,1,0,0,0,1,0,0
NearCombat,170,24.26539734005928,24.192,4.452352,,144,9615389,12623,1,0,0,0,1,0,0
NearCombat,171,23.155001923441887,23.0816,4.340736,,144,9615389,12713,1,0,0,0,1,0,0
NearCombat,172,23.144401609897614,23.2736,3.971072,,144,9615389,12623,1,0,0,0,1,0,0
NearCombat,173,24.74079467356205,24.6554,3.97824,,144,9615389,12675,1,0,0,0,1,0,0
NearCombat,174,23.39479885995388,23.4333,4.328448,,144,9615389,12623,1,0,0,0,1,0,0
NearCombat,175,22.124404087662697,22.1774,4.627456,,144,9615389,12623,1,0,0,0,1,0,0
NearCombat,176,22.935196757316589,22.9261,4.315136,,144,9615389,12623,1,0,0,0,1,0,0
NearCombat,177,21.70189842581749,21.6024,4.304896,,144,9615389,12623,1,0,0,0,1,0,0
NearCombat,178,23.524602875113487,23.5963,3.961856,,144,9615389,12713,1,0,0,0,1,0,0
NearCombat,179,26.072399690747261,25.7991,3.981312,,144,9615389,12623,1,0,0,0,1,0,0
NearCombat,180,27.357703074812889,27.5046,3.980288,,144,9615389,12623,1,0,0,0,1,0,0
NearCombat,181,27.804797515273094,27.8077,4.350976,,144,9615389,12623,1,0,0,0,1,0,0
NearCombat,182,27.698596939444542,27.6141,3.918848,,144,9615389,12675,1,0,0,0,1,0,0
NearCombat,183,26.492701843380928,26.4611,4.489216,,144,9615389,12623,1,0,0,0,1,0,0
NearCombat,184,29.155902564525604,28.9719,4.000768,,144,9615389,12713,1,0,0,0,1,0,0
NearCombat,185,28.583396226167679,28.862,3.994624,,144,9615389,12623,1,0,0,0,1,0,0
NearCombat,186,26.394005864858627,26.3223,4.1728,,144,9615389,12623,1,0,0,0,1,0,0
NearCombat,187,25.387698784470558,25.4453,4.118528,,144,9615389,12623,1,0,0,0,1,0,0
NearCombat,188,25.798199698328972,25.7465,4.365312,,144,9615389,12623,1,0,0,0,1,0,0
NearCombat,189,28.607496991753578,28.4259,3.987456,,144,9615389,12623,1,0,0,0,1,0,0
NearCombat,190,27.437902987003326,27.5963,3.960832,,144,9615389,12765,1,0,0,0,1,0,0
NearCombat,191,26.614993810653687,26.4287,4.066304,,144,9615389,12623,1,0,0,0,1,0,0
NearCombat,192,26.628401130437851,26.7428,3.964928,,144,9615389,12623,1,0,0,0,1,0,0
NearCombat,193,28.37509848177433,28.3877,4.006912,,144,9615389,12623,1,0,0,0,1,0,0
NearCombat,194,30.950205400586128,30.8987,4.202496,,144,9615389,12623,1,0,0,0,1,0,0
NearCombat,195,28.567198663949966,28.5576,4.025344,,144,9615389,12623,1,0,0,0,1,0,0
NearCombat,196,26.993600651621819,27.0213,4.023296,,144,9615389,12713,1,0,0,0,1,0,0
NearCombat,197,33.047597855329514,32.9401,4.002816,,144,9615389,55807,1,0,0,0,1,0,0
NearCombat,198,27.930101379752159,28.0152,3.902464,,144,9615389,32419,1,0,0,0,1,0,0
NearCombat,199,26.271294802427292,26.2175,4.338688,,144,9615389,12623,1,0,0,0,1,0,0
NearCombat,200,24.048199877142906,24.0897,3.974144,,144,9615389,12623,1,0,0,0,1,0,0
NearCombat,201,25.353401899337769,25.233,3.969024,,144,9615389,12623,1,0,0,0,1,0,0
NearCombat,202,25.899801403284073,25.9591,4.615168,,144,9615389,12713,1,0,0,0,1,0,0
NearCombat,203,25.010699406266212,25.0165,4.035584,,144,9615389,12623,1,0,0,0,1,0,0
NearCombat,204,23.34669791162014,23.4284,4.862976,,144,9615389,12623,1,0,0,0,1,0,0
NearCombat,205,22.231299430131912,22.1581,3.968,,144,9615389,12623,1,0,0,0,1,0,0
NearCombat,206,21.784801036119461,21.8482,3.95264,,144,9615389,12675,1,0,0,0,1,0,0
NearCombat,207,22.705400362610817,22.6515,3.954688,,144,9615389,12623,1,0,0,0,1,0,0
NearCombat,208,22.365305572748184,22.2711,4.635648,,144,9615389,12623,1,0,0,0,1,0,0
NearCombat,209,23.90049584209919,23.9669,3.934208,,144,9615389,12713,1,0,0,0,1,0,0
NearCombat,210,24.4865994900465,24.328,3.91168,,144,9615389,12623,1,0,0,0,1,0,0
NearCombat,211,23.1052003800869,23.2397,3.999744,,144,9615389,12623,1,0,0,0,1,0,0
NearCombat,212,22.176098078489304,22.2096,4.686848,,144,9615389,12623,1,0,0,0,1,0,0
NearCombat,213,21.580399945378304,21.5121,3.98848,,144,9615389,12623,1,0,0,0,1,0,0
NearCombat,214,21.876402199268341,21.8642,4.609024,,144,9615389,12623,1,0,0,0,1,0,0
NearCombat,215,23.030400276184082,22.887,3.954688,,144,9615389,12675,1,0,0,0,1,0,0
NearCombat,216,23.826701566576958,23.9803,4.685824,,144,9615389,12713,1,0,0,0,1,0,0
NearCombat,217,22.342197597026825,22.2895,3.970048,,144,9615389,12623,1,0,0,0,1,0,0
NearCombat,218,24.823902174830437,24.7533,4.781056,,144,9615389,12623,1,0,0,0,1,0,0
NearCombat,219,23.229096084833145,23.2675,3.977216,,144,9615389,12623,1,0,0,0,1,0,0
NearCombat,220,24.15970154106617,24.066,4.3264,,144,9615389,12623,1,0,0,0,1,0,0
NearCombat,221,25.545401498675346,25.5618,4.01408,,144,9615389,12623,1,0,0,0,1,0,0
NearCombat,222,25.476403534412384,25.4276,4.644864,,144,9615389,12623,1,0,0,0,1,0,0
NearCombat,223,24.178195744752884,24.2255,4.35712,,144,9615389,12713,1,0,0,0,1,0,0
NearCombat,224,24.295302107930183,24.2898,4.001792,,144,9615389,12675,1,0,0,0,1,0,0
NearCombat,225,25.514803826808929,25.467,3.931136,,144,9615389,12623,1,0,0,0,1,0,0
NearCombat,226,24.040993303060532,24.0732,3.958784,,144,9615389,12623,1,0,0,0,1,0,0
NearCombat,227,23.712102323770523,23.743,4.042752,,144,9615389,12623,1,0,0,0,1,0,0
NearCombat,228,24.275396019220352,24.2074,4.375552,,144,9615389,12623,1,0,0,0,1,0,0
NearCombat,229,24.254202842712402,24.1996,3.945472,,144,9615389,12623,1,0,0,0,1,0,0
NearCombat,230,24.997597560286522,25.0637,3.9168,,144,9615389,12713,1,0,0,0,1,0,0
NearCombat,231,23.954605683684349,23.9078,4.22912,,144,9615389,12623,1,0,0,0,1,0,0
NearCombat,232,24.81439895927906,24.8417,3.977216,,144,9615389,12623,1,0,0,0,1,0,0
NearCombat,233,24.044997990131378,24.0325,4.023296,,144,9615389,12675,1,0,0,0,1,0,0
NearCombat,234,24.804804474115372,24.7838,4.001792,,144,9615389,12623,1,0,0,0,1,0,0
NearCombat,235,24.24749918282032,24.219,4.00384,,144,9615389,12623,1,0,0,0,1,0,0
NearCombat,236,25.300800800323486,25.1441,3.991552,,144,9615389,12623,1,0,0,0,1,0,0
NearCombat,237,25.754697620868683,25.8486,3.989504,,144,9615389,12713,1,0,0,0,1,0,0
NearCombat,238,23.698398843407631,23.7897,4.528128,,144,9615389,12623,1,0,0,0,1,0,0
NearCombat,239,23.7341970205307,23.7047,4.002816,,144,9615389,12623,1,0,0,0,1,0,0
NearCombat,240,24.8470026999712,24.7246,4.012032,,144,9615389,12623,1,0,0,0,1,0,0
NearCombat,241,24.587897583842278,24.6413,4.529152,,144,9615389,12623,1,0,0,0,1,0,0
NearCombat,242,25.623101741075516,25.5326,3.94752,,144,9615389,12675,1,0,0,0,1,0,0
NearCombat,243,24.773405864834785,24.7938,3.985408,,144,9615389,12623,1,0,0,0,1,0,0
NearCombat,244,25.834197178483009,25.8507,3.982336,,144,9615389,12713,1,0,0,0,1,0,0
NearCombat,245,25.818899273872375,25.818,3.917824,,144,9615389,12623,1,0,0,0,1,0,0
NearCombat,246,25.643898174166679,25.6099,3.93728,,144,9615389,12623,1,0,0,0,1,0,0
NearCombat,247,25.064703077077866,25.116,4.328448,,144,9615389,12623,1,0,0,0,1,0,0
NearCombat,248,26.162294670939445,26.0969,4.032512,,144,9615389,12623,1,0,0,0,1,0,0
NearCombat,249,23.431001231074333,23.3244,4.179968,,144,9615389,12623,1,0,0,0,1,0,0
NearCombat,250,24.015901610255241,24.1635,3.903488,,144,9615389,12765,1,0,0,0,1,0,0
NearCombat,251,25.238301604986191,25.1806,3.966976,,144,9615389,12623,1,0,0,0,1,0,0
NearCombat,252,25.3285001963377,25.3548,3.968,,144,9615389,12623,1,0,0,0,1,0,0
NearCombat,253,23.713300004601479,23.7253,3.949568,,144,9615389,12623,1,0,0,0,1,0,0
NearCombat,254,24.731894955039024,24.6754,4.245504,,144,9615389,12623,1,0,0,0,1,0,0
NearCombat,255,22.66249991953373,22.6886,3.95264,,144,9615389,12623,1,0,0,0,1,0,0
NearCombat,256,25.706199929118156,25.4918,4.313088,,144,9615389,12623,1,0,0,0,1,0,0
NearCombat,257,24.725602939724922,24.7898,3.989504,,144,9615389,12713,1,0,0,0,1,0,0
NearCombat,258,24.544501677155495,24.6394,4.924416,,144,9615389,12623,1,0,0,0,1,0,0
NearCombat,259,24.409601464867592,24.4063,3.940352,,144,9615389,12675,1,0,0,0,1,0,0
NearCombat,260,24.3292935192585,24.2704,4.677632,,144,9615389,12623,1,0,0,0,1,0,0
NearCombat,261,24.701502174139023,24.7441,3.928064,,144,9615389,12623,1,0,0,0,1,0,0
NearCombat,262,24.599397554993629,24.5908,4.61824,,144,9615389,12623,1,0,0,0,1,0,0
NearCombat,263,23.893905803561211,23.7599,4.250624,,144,9615389,12623,1,0,0,0,1,0,0
NearCombat,264,23.215794935822487,23.3277,4.535296,,144,9615389,12713,1,0,0,0,1,0,0
NearCombat,265,24.467503651976585,24.4569,3.989504,,144,9615389,12623,1,0,0,0,1,0,0
NearCombat,266,27.724999934434891,27.651,4.598784,,144,9615389,12623,1,0,0,0,1,0,0
NearCombat,267,25.514796376228333,25.4542,3.994624,,144,9615389,12623,1,0,0,0,1,0,0
NearCombat,268,24.378005415201187,24.4576,4.375552,,144,9615389,12675,1,0,0,0,1,0,0
NearCombat,269,24.777898564934731,24.6122,4.017152,,144,9615389,12623,1,0,0,0,1,0,0
NearCombat,270,25.027699768543243,25.1739,4.497408,,144,9615389,12713,1,0,0,0,1,0,0
NearCombat,271,24.507200345396996,24.4726,3.95776,,144,9615389,12623,1,0,0,0,1,0,0
NearCombat,272,26.210203766822815,26.1016,3.975168,,144,9615389,12623,1,0,0,0,1,0,0
NearCombat,273,24.596095085144043,24.6963,4.245504,,144,9615389,12623,1,0,0,0,1,0,0
NearCombat,274,24.38030019402504,24.2663,3.91168,,144,9615389,12623,1,0,0,0,1,0,0
NearCombat,275,23.599404841661453,23.6536,3.93728,,144,9615389,12623,1,0,0,0,1,0,0
NearCombat,276,23.704599589109421,23.6472,3.986432,,144,9615389,12623,1,0,0,0,1,0,0
NearCombat,277,24.60479736328125,24.6909,4.006912,,144,9615389,12765,1,0,0,0,1,0,0
NearCombat,278,25.560898706316948,25.4305,3.909632,,144,9615389,12623,1,0,0,0,1,0,0
NearCombat,279,23.756604641675949,23.8527,3.943424,,144,9615389,12623,1,0,0,0,1,0,0
NearCombat,280,23.922597989439964,23.8591,3.938304,,144,9615389,12623,1,0,0,0,1,0,0
NearCombat,281,24.477502331137657,24.4781,3.900416,,144,9615389,12623,1,0,0,0,1,0,0
NearCombat,282,25.729300454258919,25.7397,4.258816,,144,9615389,12623,1,0,0,0,1,0,0
NearCombat,283,24.369699880480766,24.241,3.939328,,144,9615389,12623,1,0,0,0,1,0,0
NearCombat,284,24.517297744750977,24.6419,4.612096,,144,9615389,12713,1,0,0,0,1,0,0
NearCombat,285,24.118997156620026,24.0861,3.987456,,144,9615389,12623,1,0,0,0,1,0,0
NearCombat,286,24.264704436063766,24.2273,4.908032,,144,9615389,12675,1,0,0,0,1,0,0
NearCombat,287,26.699298992753029,26.7045,3.96288,,144,9615389,12623,1,0,0,0,1,0,0
NearCombat,288,25.9971022605896,25.9317,4.658176,,144,9615389,12623,1,0,0,0,1,0,0
NearCombat,289,25.985097512602806,25.947,3.963904,,144,9615389,12623,1,0,0,0,1,0,0
NearCombat,290,25.487599894404411,25.5315,4.313088,,144,9615389,12713,1,0,0,0,1,0,0
NearCombat,291,26.992304250597954,26.9363,3.945472,,144,9615389,12623,1,0,0,0,1,0,0
NearCombat,292,28.042098507285118,28.0679,3.959808,,144,9615389,12623,1,0,0,0,1,0,0
NearCombat,293,25.597894564270973,25.6189,3.95264,,144,9615389,12623,1,0,0,0,1,0,0
NearCombat,294,24.616802111268044,24.5319,4.021248,,144,9615389,12675,1,0,0,0,1,0,0
NearCombat,295,23.550601676106453,23.5515,4.246528,,144,9615389,12623,1,0,0,0,1,0,0
NearCombat,296,24.347797036170959,24.3852,3.997696,,144,9615389,12713,1,0,0,0,1,0,0
NearCombat,297,24.449404329061508,24.3926,4.224,,144,9615389,12623,1,0,0,0,1,0,0
NearCombat,298,23.51510152220726,23.5767,3.940352,,144,9615389,12623,1,0,0,0,1,0,0
NearCombat,299,23.713400587439537,23.7268,4.3776,,144,9615389,12623,1,0,0,0,1,0,0
NearCombat,300,24.233793839812279,24.1408,3.987456,,144,9615389,12623,1,0,0,0,1,0,0
NearCombat,301,23.361707106232643,23.4212,4.54144,,144,9615389,12623,1,0,0,0,1,0,0
NearCombat,302,26.437096297740936,26.105,3.960832,,144,9615389,12623,1,0,0,0,1,0,0
NearCombat,303,26.367999613285065,26.5778,4.671488,,144,9615389,12765,1,0,0,0,1,0,0
NearCombat,304,26.475800201296806,26.5032,4.016128,,144,9615389,12623,1,0,0,0,1,0,0
NearCombat,305,24.660799652338028,24.6493,4.350976,,144,9615389,12623,1,0,0,0,1,0,0
NearCombat,306,26.844501495361328,26.7919,3.920896,,144,9615389,12623,1,0,0,0,1,0,0
NearCombat,307,24.659402668476105,24.6999,3.966976,,144,9615389,12623,1,0,0,0,1,0,0
NearCombat,308,25.061395019292831,25.0026,3.945472,,144,9615389,12623,1,0,0,0,1,0,0
NearCombat,309,24.158205837011337,24.1929,3.943424,,144,9615389,12713,1,0,0,0,1,0,0
NearCombat,310,23.137995973229408,23.0218,4.912128,,144,9615389,12623,1,0,0,0,1,0,0
NearCombat,311,23.872200399637222,23.9768,3.949568,,144,9615389,12675,1,0,0,0,1,0,0
NearCombat,312,23.782802745699883,23.7865,4.687872,,144,9615389,12623,1,0,0,0,1,0,0
NearCombat,313,24.267701432108879,24.1777,3.97312,,144,9615389,12623,1,0,0,0,1,0,0
NearCombat,314,24.82140064239502,24.5065,3.953664,,144,9615389,12623,1,0,0,0,1,0,0
NearCombat,315,25.326898321509361,25.5096,4.000768,,144,9615389,12623,1,0,0,0,1,0,0
NearCombat,316,25.73239803314209,25.7834,3.951616,,144,9615389,12713,1,0,0,0,1,0,0
NearCombat,317,26.864200830459595,26.8313,3.969024,,144,9615389,12623,1,0,0,0,1,0,0
NearCombat,318,27.815695852041245,27.886,4.619264,,144,9615389,12623,1,0,0,0,1,0,0
NearCombat,319,26.441801339387894,26.1658,3.984384,,144,9615389,12675,1,0,0,0,1,0,0
NearCombat,320,26.333099231123924,26.6122,4.027392,,144,9615389,12623,1,0,0,0,1,0,0
NearCombat,321,26.825502514839172,26.7036,3.982336,,144,9615389,12623,1,0,0,0,1,0,0
NearCombat,322,26.051197201013565,25.9836,4.319232,,144,9615389,12713,1,0,0,0,1,0,0
NearCombat,323,27.035104110836983,27.0055,4.992,,144,9615389,12623,1,0,0,0,1,0,0
NearCombat,324,25.239598006010056,25.3775,3.999744,,144,9615389,12623,1,0,0,0,1,0,0
NearCombat,325,25.084998458623886,25.0474,4.349952,,144,9615389,12623,1,0,0,0,1,0,0
NearCombat,326,25.735601782798767,25.7137,4.191232,,144,9615389,12623,1,0,0,0,1,0,0
NearCombat,327,24.084297940135002,24.0779,4.414464,,144,9615389,12675,1,0,0,0,1,0,0
NearCombat,328,24.576799944043159,24.5838,3.956736,,144,9615389,12713,1,0,0,0,1,0,0
NearCombat,329,23.157404735684395,23.2162,4.001792,,144,9615389,12623,1,0,0,0,1,0,0
NearCombat,330,23.516496643424034,23.4724,3.930112,,144,9615389,12623,1,0,0,0,1,0,0
NearCombat,331,25.873001664876938,25.8325,4.031488,,144,9615389,12623,1,0,0,0,1,0,0
NearCombat,332,27.616396546363831,27.6337,4.291584,,144,9615389,12623,1,0,0,0,1,0,0
NearCombat,333,27.198603376746178,27.0616,3.975168,,144,9615389,12623,1,0,0,0,1,0,0
NearCombat,334,26.95329487323761,26.9452,4.247552,,144,9615389,12713,1,0,0,0,1,0,0
NearCombat,335,26.812003925442696,26.7167,3.935232,,144,9615389,12675,1,0,0,0,1,0,0
NearCombat,336,25.285098701715469,25.3222,3.919872,,144,9615389,12623,1,0,0,0,1,0,0
NearCombat,337,24.87650141119957,24.9847,4.600832,,144,9615389,12623,1,0,0,0,1,0,0
NearCombat,338,25.835897773504257,25.8931,3.926016,,144,9615389,12623,1,0,0,0,1,0,0
NearCombat,339,23.770499974489212,23.7102,3.997696,,144,9615389,12623,1,0,0,0,1,0,0
NearCombat,340,24.755598977208138,24.6551,3.996672,,144,9615389,12713,1,0,0,0,1,0,0
NearCombat,341,22.583801299333572,22.7234,4.062208,,144,9615389,12623,1,0,0,0,1,0,0
NearCombat,342,22.300899028778076,22.2674,3.934208,,144,9615389,12623,1,0,0,0,1,0,0
NearCombat,343,23.282298818230629,23.2404,3.951616,,144,9615389,12623,1,0,0,0,1,0,0
NearCombat,344,24.615101516246796,24.654,3.980288,,144,9615389,12675,1,0,0,0,1,0,0
NearCombat,345,23.695103824138641,23.6826,3.93728,,144,9615389,12623,1,0,0,0,1,0,0
NearCombat,346,22.328898310661316,22.1932,3.9168,,144,9615389,12623,1,0,0,0,1,0,0
NearCombat,347,22.666800767183304,22.7779,4.018176,,144,9615389,12713,1,0,0,0,1,0,0
NearCombat,348,23.385502398014069,23.3838,3.975168,,144,9615389,12623,1,0,0,0,1,0,0
NearCombat,349,22.111501544713974,22.0348,3.979264,,144,9615389,12623,1,0,0,0,1,0,0
NearCombat,350,23.802898824214935,23.8543,3.924992,,144,9615389,12623,1,0,0,0,1,0,0
NearCombat,351,22.998200729489326,22.9898,4.00896,,144,9615389,12623,1,0,0,0,1,0,0
NearCombat,352,23.373100906610489,23.2634,4.005888,,144,9615389,12623,1,0,0,0,1,0,0
NearCombat,353,24.171194061636925,24.1783,3.948544,,144,9615389,12675,1,0,0,0,1,0,0
NearCombat,354,24.006001651287079,24.0573,3.910656,,144,9615389,12713,1,0,0,0,1,0,0
NearCombat,355,24.025602266192436,23.9009,3.948544,,144,9615389,12623,1,0,0,0,1,0,0
NearCombat,356,24.607397615909576,24.7019,3.924992,,144,9615389,12623,1,0,0,0,1,0,0
NearCombat,357,24.011500179767609,23.9892,3.93728,,144,9615389,12623,1,0,0,0,1,0,0
NearCombat,358,23.035097867250443,23.0069,3.933184,,144,9615389,12623,1,0,0,0,1,0,0
NearCombat,359,23.774603381752968,23.8095,4.655104,,144,9615389,12623,1,0,0,0,1,0,0
NearCombat,360,22.35039696097374,22.2734,3.999744,,144,9615389,12623,1,0,0,0,1,0,0
NearCombat,361,21.976403892040253,21.9986,4.35712,,144,9615389,12713,1,0,0,0,1,0,0
NearCombat,362,24.334197863936424,24.3326,3.935232,,144,9615389,12675,1,0,0,0,1,0,0
NearCombat,363,23.82580004632473,23.8484,4.98176,,144,9615389,12623,1,0,0,0,1,0,0
NearCombat,364,22.655598819255829,22.5744,3.948544,,144,9615389,12623,1,0,0,0,1,0,0
NearCombat,365,21.866001188755035,21.8804,4.10112,,144,9615389,12623,1,0,0,0,1,0,0
NearCombat,366,22.805498912930489,22.844,3.90144,,144,9615389,12623,1,0,0,0,1,0,0
NearCombat,367,23.021705448627472,22.8931,4.414464,,144,9615389,12623,1,0,0,0,1,0,0
NearCombat,368,23.964596912264824,24.0439,4.38272,,144,9615389,12713,1,0,0,0,1,0,0
NearCombat,369,21.635502576828003,21.6239,3.992576,,144,9615389,12623,1,0,0,0,1,0,0
NearCombat,370,22.975800558924675,22.9136,3.887104,,144,9615389,12623,1,0,0,0,1,0,0
NearCombat,371,23.136600852012634,23.0833,3.974144,,144,9615389,12675,1,0,0,0,1,0,0
NearCombat,372,23.105697706341743,23.1835,3.964928,,144,9615389,12623,1,0,0,0,1,0,0
NearCombat,373,22.02259749174118,22.0172,3.930112,,144,9615389,12623,1,0,0,0,1,0,0
NearCombat,374,23.813299834728241,23.7241,3.909632,,144,9615389,12623,1,0,0,0,1,0,0
NearCombat,375,24.657199159264565,24.7479,3.977216,,144,9615389,12713,1,0,0,0,1,0,0
NearCombat,376,23.854004219174385,23.7655,3.989504,,144,9615389,12623,1,0,0,0,1,0,0
NearCombat,377,23.163797333836555,23.2264,4.668416,,144,9615389,12623,1,0,0,0,1,0,0
NearCombat,378,25.268303230404854,25.2355,3.88608,,144,9615389,12623,1,0,0,0,1,0,0
NearCombat,379,23.660799488425255,23.5894,4.329472,,144,9615389,12623,1,0,0,0,1,0,0
NearCombat,380,23.548802360892296,23.5967,3.944448,,144,9615389,12675,1,0,0,0,1,0,0
NearCombat,381,23.8018985837698,23.4995,3.955712,,144,9615389,12623,1,0,0,0,1,0,0
NearCombat,382,23.842396214604378,24.0879,4.62848,,144,9615389,12713,1,0,0,0,1,0,0
NearCombat,383,24.102501571178436,24.1336,4.023296,,144,9615389,12623,1,0,0,0,1,0,0
NearCombat,384,22.946499288082123,22.8282,4.534272,,144,9615389,12623,1,0,0,0,1,0,0
NearCombat,385,25.0473003834486,24.9628,3.95776,,144,9615389,12623,1,0,0,0,1,0,0
NearCombat,386,24.043196812272072,24.2265,3.920896,,144,9615389,12623,1,0,0,0,1,0,0
NearCombat,387,23.128904402256012,23.1105,3.941376,,144,9615389,12623,1,0,0,0,1,0,0
NearCombat,388,21.804796531796455,21.6683,4.00896,,144,9615389,12623,1,0,0,0,1,0,0
NearCombat,389,22.536898031830788,22.6665,4.29056,,144,9615389,12765,1,0,0,0,1,0,0
NearCombat,390,21.416405215859413,21.4146,3.924992,,144,9615389,12623,1,0,0,0,1,0,0
NearCombat,391,23.866595700383186,23.782,4.248576,,144,9615389,12623,1,0,0,0,1,0,0
NearCombat,392,23.081101477146149,23.0692,3.941376,,144,9615389,12623,1,0,0,0,1,0,0
NearCombat,393,22.994203492999077,22.9723,3.92704,,144,9615389,12623,1,0,0,0,1,0,0
NearCombat,394,22.334801033139229,22.282,3.915776,,144,9615389,12623,1,0,0,0,1,0,0
NearCombat,395,22.006794810295105,22.0562,5.18656,,144,9615389,12623,1,0,0,0,1,0,0
NearCombat,396,21.814201027154922,21.8468,3.985408,,144,9615389,12713,1,0,0,0,1,0,0
NearCombat,397,22.061700001358986,22.0219,4.338688,,144,9615389,12623,1,0,0,0,1,0,0
NearCombat,398,22.613102570176125,22.6535,3.926016,,144,9615389,12675,1,0,0,0,1,0,0
NearCombat,399,21.857200190424919,21.8489,3.969024,,144,9615389,12623,1,0,0,0,1,0,0
NearCombat,400,22.81549759209156,22.6706,3.910656,,144,9615389,12623,1,0,0,0,1,0,0
NearCombat,401,22.568700835108757,22.6695,4.61824,,144,9615389,12623,1,0,0,0,1,0,0
NearCombat,402,21.833503618836403,21.7854,3.946496,,144,9615389,12623,1,0,0,0,1,0,0
NearCombat,403,23.147696629166603,23.0799,3.984384,,144,9615389,12713,1,0,0,0,1,0,0
NearCombat,404,23.354902863502502,23.4209,3.979264,,144,9615389,12623,1,0,0,0,1,0,0
NearCombat,405,22.330399602651596,22.2283,5.08416,,144,9615389,12623,1,0,0,0,1,0,0
NearCombat,406,21.513400599360466,21.5734,3.922944,,144,9615389,12623,1,0,0,0,1,0,0
NearCombat,407,21.132199093699455,21.1768,4.66432,,144,9615389,12675,1,0,0,0,1,0,0
NearCombat,408,35.310700535774231,32.2913,3.994624,,144,9615389,12623,1,0,0,0,1,0,0
NearCombat,409,27.001701295375824,29.4417,3.989504,,144,9615389,12623,1,0,0,0,1,0,0
NearCombat,410,25.081299245357513,25.5291,4.31104,,144,9615389,12713,1,0,0,0,1,0,0
NearCombat,411,23.708000779151917,23.6271,4.023296,,144,9615389,12623,1,0,0,0,1,0,0
NearCombat,412,26.087896898388863,26.1281,4.000768,,144,9615389,12623,1,0,0,0,1,0,0
NearCombat,413,23.107198998332024,23.154,3.975168,,144,9615389,12623,1,0,0,0,1,0,0
NearCombat,414,23.773405700922012,23.768,3.918848,,144,9615389,12623,1,0,0,0,1,0,0
NearCombat,415,23.266198113560677,23.3014,3.999744,,144,9615389,12675,1,0,0,0,1,0,0
NearCombat,416,23.170195519924164,23.0521,3.943424,,144,9615389,12623,1,0,0,0,1,0,0
NearCombat,417,23.324504494667053,23.4159,3.945472,,144,9615389,12713,1,0,0,0,1,0,0
NearCombat,418,21.430497989058495,21.4411,3.884032,,144,9615389,12623,1,0,0,0,1,0,0
NearCombat,419,22.069303318858147,21.9648,3.98848,,144,9615389,12623,1,0,0,0,1,0,0
NearCombat,420,24.310296401381493,24.3695,4.374528,,144,9615389,12768,1,0,0,0,1,0,0
NearCombat,421,26.249200105667114,26.1656,3.956736,,144,9615389,12623,1,0,0,0,1,0,0
NearCombat,422,26.628699153661728,26.6613,4.637696,,144,9615389,12623,1,0,0,0,1,0,0
NearCombat,423,25.178203359246254,25.0738,3.98848,,144,9615389,12623,1,0,0,0,1,0,0
NearCombat,424,23.883495479822159,23.997,3.991552,,144,9615389,12765,1,0,0,0,1,0,0
NearCombat,425,25.792006403207779,25.7614,4.004864,,144,9615389,12623,1,0,0,0,1,0,0
NearCombat,426,23.065498098731041,22.9687,3.994624,,144,9615389,12623,1,0,0,0,1,0,0
NearCombat,427,22.561898455023766,22.6414,3.951616,,144,9615389,12623,1,0,0,0,1,0,0
NearCombat,428,22.610601037740707,22.5826,4.349952,,144,9615389,12623,1,0,0,0,1,0,0
NearCombat,429,22.972598671913147,22.9401,4.630528,,144,9615389,12623,1,0,0,0,1,0,0
NearCombat,430,22.432198747992516,22.4173,3.903488,,144,9615389,12623,1,0,0,0,1,0,0
NearCombat,431,22.497201338410378,22.5352,3.951616,,144,9615389,12713,1,0,0,0,1,0,0
NearCombat,432,22.864300757646561,22.7676,3.995648,,144,9615389,12623,1,0,0,0,1,0,0
NearCombat,433,27.91360579431057,27.9725,4.347904,,144,9615389,121799,1,0,0,0,1,0,0
NearCombat,434,24.887897074222565,24.8422,3.907584,,144,9615389,16220,1,0,0,0,1,0,0
NearCombat,435,24.525297805666924,24.5394,3.985408,,144,9615389,12623,1,0,0,0,1,0,0
NearCombat,436,24.658204987645149,24.6742,4.629504,,144,9615389,12623,1,0,0,0,1,0,0
NearCombat,437,23.488597944378853,23.379,3.989504,,144,9615389,12623,1,0,0,0,1,0,0
NearCombat,438,24.243097752332687,24.2855,3.909632,,144,9615389,12713,1,0,0,0,1,0,0
NearCombat,439,24.540703743696213,24.5782,4.54656,,144,9615389,12623,1,0,0,0,1,0,0
NearCombat,440,22.807398810982704,22.7584,3.949568,,144,9615389,12623,1,0,0,0,1,0,0
NearCombat,441,22.267099469900131,22.2601,4.352,,144,9615389,12623,1,0,0,0,1,0,0
NearCombat,442,24.341396987438202,24.3516,4.246528,,144,9615389,12675,1,0,0,0,1,0,0
NearCombat,443,22.212103009223938,22.052,3.934208,,144,9615389,12623,1,0,0,0,1,0,0
NearCombat,444,22.499801591038704,22.2983,3.976192,,144,9615389,12623,1,0,0,0,1,0,0
NearCombat,445,21.71969972550869,22.0731,3.934208,,144,9615389,12713,1,0,0,0,1,0,0
NearCombat,446,21.578302606940269,21.5397,4.314112,,144,9615389,12623,1,0,0,0,1,0,0
NearCombat,447,21.573597565293312,21.5929,3.910656,,144,9615389,12623,1,0,0,0,1,0,0
NearCombat,448,22.431902587413788,22.4352,3.958784,,144,9615389,12623,1,0,0,0,1,0,0
NearCombat,449,21.547894924879074,21.4491,3.9424,,144,9615389,12623,1,0,0,0,1,0,0
NearCombat,450,24.35220405459404,24.3678,4.731904,,144,9615389,12623,1,0,0,0,1,0,0
NearCombat,451,26.284700259566307,26.0782,3.964928,,144,9615389,12675,1,0,0,0,1,0,0
NearCombat,452,25.727599859237671,25.9164,4.70016,,144,9615389,12713,1,0,0,0,1,0,0
NearCombat,453,27.553798630833626,27.5222,3.945472,,144,9615389,12623,1,0,0,0,1,0,0
NearCombat,454,23.982496932148933,24.016,3.964928,,144,9615389,12623,1,0,0,0,1,0,0
NearCombat,455,22.900998592376709,22.9033,4.775936,,144,9615389,12623,1,0,0,0,1,0,0
NearCombat,456,24.095302447676659,24.0042,3.97312,,144,9615389,12623,1,0,0,0,1,0,0
NearCombat,457,23.160601034760475,23.2122,4.67456,,144,9615389,12623,1,0,0,0,1,0,0
NearCombat,458,26.23249776661396,26.1027,3.982336,,144,9615389,12623,1,0,0,0,1,0,0
NearCombat,459,25.829598307609558,25.7863,4.36736,,144,9615389,12713,1,0,0,0,1,0,0
NearCombat,460,24.567700922489166,24.7087,3.9936,,144,9615389,12675,1,0,0,0,1,0,0
NearCombat,461,24.110700935125351,24.0618,3.917824,,144,9615389,12623,1,0,0,0,1,0,0
NearCombat,462,23.716503754258156,23.7048,3.99872,,144,9615389,12623,1,0,0,0,1,0,0
NearCombat,463,24.593396112322807,24.6254,3.96288,,144,9615389,12623,1,0,0,0,1,0,0
NearCombat,464,23.447804152965546,23.4251,3.966976,,144,9615389,12623,1,0,0,0,1,0,0
NearCombat,465,23.820897564291954,23.7032,3.931136,,144,9615389,12623,1,0,0,0,1,0,0
NearCombat,466,23.434503003954887,23.5384,3.943424,,144,9615389,12713,1,0,0,0,1,0,0
NearCombat,467,24.248002097010612,24.1331,3.953664,,144,9615389,12623,1,0,0,0,1,0,0
NearCombat,468,24.935798719525337,24.9691,3.96288,,144,9615389,12623,1,0,0,0,1,0,0
NearCombat,469,24.440595880150795,24.4854,4.33664,,144,9615389,12675,1,0,0,0,1,0,0
NearCombat,470,24.0946002304554,24.1089,3.943424,,144,9615389,12623,1,0,0,0,1,0,0
NearCombat,471,23.309601470828056,23.1256,3.975168,,144,9615389,12623,1,0,0,0,1,0,0
NearCombat,472,23.395400494337082,23.4462,3.941376,,144,9615389,12623,1,0,0,0,1,0,0
NearCombat,473,22.355400025844574,22.448,3.933184,,144,9615389,12713,1,0,0,0,1,0,0
NearCombat,474,23.086501285433769,23.0267,3.897344,,144,9615389,12623,1,0,0,0,1,0,0
NearCombat,475,24.071400985121727,24.0551,3.971072,,144,9615389,12623,1,0,0,0,1,0,0
NearCombat,476,24.607794359326363,24.5974,3.996672,,144,9615389,12623,1,0,0,0,1,0,0
NearCombat,477,26.994103565812111,26.8117,4.001792,,144,9615389,12623,1,0,0,0,1,0,0
NearCombat,478,29.09509651362896,29.1545,3.926016,,144,9615389,12675,1,0,0,0,1,0,0
NearCombat,479,25.076402351260185,25.1667,3.959808,,144,9615389,12713,1,0,0,0,1,0,0
FleetMedium,0,24.045195430517197,24.2261,4.268032,,121,8450873,29087,1,0,0,0,1,0,0
FleetMedium,1,22.8481013327837,22.8478,3.6864,,121,8450873,12623,1,0,0,0,1,0,0
FleetMedium,2,23.656498640775681,23.567,4.194304,,121,8450873,12623,1,0,0,0,1,0,0
FleetMedium,3,23.235302418470383,23.3069,0.019456,,121,8450873,12623,1,0,0,0,1,0,0
FleetMedium,4,22.64849841594696,22.5752,4.243456,,121,8450873,12623,1,0,0,0,1,0,0
FleetMedium,5,23.509304970502853,23.5221,3.661824,,121,8450873,12623,1,0,0,0,1,0,0
FleetMedium,6,23.498695343732834,23.3975,3.720192,,121,8450873,12623,1,0,0,0,1,0,0
FleetMedium,7,22.398199886083603,22.5226,4.245504,,121,8450873,12713,1,0,0,0,1,0,0
FleetMedium,8,21.52390219271183,21.2424,3.697664,,121,8450873,12623,1,0,0,0,1,0,0
FleetMedium,9,22.393302991986275,22.6558,4.355072,,121,8450873,12675,1,0,0,0,1,0,0
FleetMedium,10,21.25849574804306,21.2417,3.692544,,121,8450873,12623,1,0,0,0,1,0,0
FleetMedium,11,22.767998278141022,22.7141,3.986432,,121,8450873,12623,1,0,0,0,1,0,0
FleetMedium,12,21.538803353905678,21.5813,3.61984,,121,8450873,12623,1,0,0,0,1,0,0
FleetMedium,13,22.180795669555664,22.061,3.659776,,121,8450873,12623,1,0,0,0,1,0,0
FleetMedium,14,21.182503551244736,21.2324,3.656704,,121,8450873,12713,1,0,0,0,1,0,0
FleetMedium,15,22.561797872185707,22.5822,3.690496,,121,8450873,12623,1,0,0,0,1,0,0
FleetMedium,16,68.65229457616806,68.5879,3.678208,,121,8450873,12623,1,0,0,0,1,0,0
FleetMedium,17,21.901402622461319,21.9126,3.67616,,121,8450873,12675,1,0,0,0,1,0,0
FleetMedium,18,21.500900387763977,21.4593,3.960832,,121,8450873,12623,1,0,0,0,1,0,0
FleetMedium,19,21.776502951979637,21.8143,3.66592,,121,8450873,12713,1,0,0,0,1,0,0
FleetMedium,20,23.028897121548653,22.9822,3.673088,,121,8450873,12623,1,0,0,0,1,0,0
FleetMedium,21,21.850395947694778,21.9041,4.113408,,121,8450873,12623,1,0,0,0,1,0,0
FleetMedium,22,21.254705265164375,21.2034,4.022272,,121,8450873,12623,1,0,0,0,1,0,0
FleetMedium,23,23.647796362638474,23.6347,4.00896,,121,8450873,12623,1,0,0,0,1,0,0
FleetMedium,24,23.371804505586624,23.3906,4.380672,,121,8450873,12623,1,0,0,0,1,0,0
FleetMedium,25,21.657900884747505,21.5367,3.694592,,121,8450873,12623,1,0,0,0,1,0,0
FleetMedium,26,21.500296890735626,21.6007,3.65568,,121,8450873,12713,1,0,0,0,1,0,0
FleetMedium,27,21.066596731543541,20.987,3.748864,,121,8450873,12675,1,0,0,0,1,0,0
FleetMedium,28,22.5864015519619,22.611,4.365312,,121,8450873,12623,1,0,0,0,1,0,0
FleetMedium,29,23.531101644039154,23.555,3.67104,,121,8450873,12623,1,0,0,0,1,0,0
FleetMedium,30,23.571902886033058,23.5467,4.39296,,121,8450873,12623,1,0,0,0,1,0,0
FleetMedium,31,22.188499569892883,22.090699999999998,3.703808,,121,8450873,12623,1,0,0,0,1,0,0
FleetMedium,32,22.724900394678116,22.7424,4.917248,,121,8450873,12623,1,0,0,0,1,0,0
FleetMedium,33,22.582298144698143,22.6238,3.654656,,121,8450873,12713,1,0,0,0,1,0,0
FleetMedium,34,23.917799815535545,23.8801,3.93728,,121,8450873,12623,1,0,0,0,1,0,0
FleetMedium,35,23.765794932842255,23.6764,3.693568,,121,8450873,12623,1,0,0,0,1,0,0
FleetMedium,36,25.031100958585739,25.1119,4.258816,,121,8450873,12675,1,0,0,0,1,0,0
FleetMedium,37,22.238599136471748,22.1756,3.704832,,121,8450873,12623,1,0,0,0,1,0,0
FleetMedium,38,21.46339975297451,21.5594,3.963904,,121,8450873,12623,1,0,0,0,1,0,0
FleetMedium,39,20.736599341034889,20.6016,3.749888,,121,8450873,12623,1,0,0,0,1,0,0
FleetMedium,40,21.118799224495888,21.1846,3.982336,,121,8450873,12713,1,0,0,0,1,0,0
FleetMedium,41,22.610502317547798,22.6228,3.63008,,121,8450873,12623,1,0,0,0,1,0,0
FleetMedium,42,23.147398605942726,23.0605,3.623936,,121,8450873,12623,1,0,0,0,1,0,0
FleetMedium,43,21.632306277751923,21.6842,3.689472,,121,8450873,12623,1,0,0,0,1,0,0
FleetMedium,44,22.070599719882011,22.0707,3.642368,,121,8450873,12623,1,0,0,0,1,0,0
FleetMedium,45,22.394699975848198,22.407,3.683328,,121,8450873,12675,1,0,0,0,1,0,0
FleetMedium,46,22.9530967772007,22.8126,3.661824,,121,8450873,12623,1,0,0,0,1,0,0
FleetMedium,47,22.8635985404253,22.9669,4.046848,,121,8450873,12713,1,0,0,0,1,0,0
FleetMedium,48,22.39130437374115,22.3924,3.66592,,121,8450873,12623,1,0,0,0,1,0,0
FleetMedium,49,22.220896556973457,22.1267,3.692544,,121,8450873,12623,1,0,0,0,1,0,0
FleetMedium,50,23.1625996530056,23.2138,3.692544,,121,8450873,12623,1,0,0,0,1,0,0
FleetMedium,51,22.707603871822357,22.6422,3.688448,,121,8450873,12623,1,0,0,0,1,0,0
FleetMedium,52,28.609396889805794,28.5495,3.658752,,121,8450873,12623,1,0,0,0,1,0,0
FleetMedium,53,27.066504582762718,27.0683,3.674112,,121,8450873,12623,1,0,0,0,1,0,0
FleetMedium,54,22.651296108961105,22.7419,4.708352,,121,8450873,12765,1,0,0,0,1,0,0
FleetMedium,55,23.397598415613174,23.203,3.746816,,121,8450873,12623,1,0,0,0,1,0,0
FleetMedium,56,22.572604939341545,22.7586,4.074496,,121,8450873,12623,1,0,0,0,1,0,0
FleetMedium,57,22.919699549674988,22.8906,3.6352,,121,8450873,12623,1,0,0,0,1,0,0
FleetMedium,58,21.673696115612984,21.6534,3.695616,,121,8450873,12623,1,0,0,0,1,0,0
FleetMedium,59,22.630201652646065,22.613,3.779584,,121,8450873,12623,1,0,0,0,1,0,0
FleetMedium,60,21.334404125809669,21.2853,4.390912,,121,8450873,12623,1,0,0,0,1,0,0
FleetMedium,61,22.342098876833916,22.3162,3.72224,,121,8450873,12713,1,0,0,0,1,0,0
FleetMedium,62,22.262796759605408,22.3112,4.089856,,121,8450873,12623,1,0,0,0,1,0,0
FleetMedium,63,22.600602358579636,22.6155,3.713024,,121,8450873,12675,1,0,0,0,1,0,0
FleetMedium,64,22.68979512155056,22.634,3.651584,,121,8450873,12623,1,0,0,0,1,0,0
FleetMedium,65,22.814802825450897,22.8528,4.052992,,121,8450873,12623,1,0,0,0,1,0,0
FleetMedium,66,21.6646958142519,21.6454,3.70176,,121,8450873,12623,1,0,0,0,1,0,0
FleetMedium,67,21.933304145932198,21.8177,4.005888,,121,8450873,12623,1,0,0,0,1,0,0
FleetMedium,68,21.388400346040726,21.506,3.680256,,121,8450873,12713,1,0,0,0,1,0,0
FleetMedium,69,22.080499678850174,22.0332,4.366336,,121,8450873,12623,1,0,0,0,1,0,0
FleetMedium,70,21.427197381854057,21.3621,3.687424,,121,8450873,12623,1,0,0,0,1,0,0
FleetMedium,71,23.137804120779037,23.1791,4.069376,,121,8450873,12623,1,0,0,0,1,0,0
FleetMedium,72,22.514795884490013,22.5193,3.699712,,121,8450873,12623,1,0,0,0,1,0,0
FleetMedium,73,21.929400041699409,21.7924,3.6608,,121,8450873,12675,1,0,0,0,1,0,0
FleetMedium,74,21.553797647356987,21.6217,3.654656,,121,8450873,12623,1,0,0,0,1,0,0
FleetMedium,75,20.818701013922691,20.8601,3.690496,,121,8450873,12713,1,0,0,0,1,0,0
FleetMedium,76,21.269600838422775,21.2112,3.674112,,121,8450873,12623,1,0,0,0,1,0,0
FleetMedium,77,23.933405056595802,23.9438,3.670016,,121,8450873,12623,1,0,0,0,1,0,0
FleetMedium,78,23.634700104594231,23.6501,3.673088,,121,8450873,12623,1,0,0,0,1,0,0
FleetMedium,79,23.090299218893051,23.0217,3.707904,,121,8450873,12623,1,0,0,0,1,0,0
FleetMedium,80,24.067601189017296,24.1076,4.096,,121,8450873,12623,1,0,0,0,1,0,0
FleetMedium,81,23.299595341086388,23.1853,3.68128,,121,8450873,12623,1,0,0,0,1,0,0
FleetMedium,82,22.903401404619217,22.9532,3.721216,,121,8450873,12765,1,0,0,0,1,0,0
FleetMedium,83,24.46809783577919,24.4733,3.697664,,121,8450873,12623,1,0,0,0,1,0,0
FleetMedium,84,23.489704355597496,23.4822,3.698688,,121,8450873,12623,1,0,0,0,1,0,0
FleetMedium,85,23.774795234203339,23.7594,3.688448,,121,8450873,12623,1,0,0,0,1,0,0
FleetMedium,86,23.256300017237663,23.2114,4.08064,,121,8450873,12623,1,0,0,0,1,0,0
FleetMedium,87,23.659799247980118,23.6934,3.674112,,121,8450873,12623,1,0,0,0,1,0,0
FleetMedium,88,22.54030667245388,22.4585,4.197376,,121,8450873,12623,1,0,0,0,1,0,0
FleetMedium,89,23.179598152637482,23.2749,4.01408,,121,8450873,12713,1,0,0,0,1,0,0
FleetMedium,90,20.966099575161934,20.9385,3.700736,,121,8450873,12623,1,0,0,0,1,0,0
FleetMedium,91,21.274695172905922,21.2484,3.682304,,121,8450873,12675,1,0,0,0,1,0,0
FleetMedium,92,21.907603368163109,21.8917,3.67616,,121,8450873,12623,1,0,0,0,1,0,0
FleetMedium,93,23.629698902368546,23.6573,4.375552,,121,8450873,12623,1,0,0,0,1,0,0
FleetMedium,94,21.524405106902122,21.4655,3.679232,,121,8450873,12623,1,0,0,0,1,0,0
FleetMedium,95,22.69049733877182,22.662,3.999744,,121,8450873,12623,1,0,0,0,1,0,0
FleetMedium,96,21.51479572057724,21.5884,3.64544,,121,8450873,12713,1,0,0,0,1,0,0
FleetMedium,97,21.702105179429054,21.6159,3.622912,,121,8450873,12623,1,0,0,0,1,0,0
FleetMedium,98,21.2016012519598,21.2594,3.66592,,121,8450873,12623,1,0,0,0,1,0,0
FleetMedium,99,21.71669527888298,21.7013,3.64032,,121,8450873,12623,1,0,0,0,1,0,0
FleetMedium,100,21.54029905796051,21.4841,3.647488,,121,8450873,12623,1,0,0,0,1,0,0
FleetMedium,101,21.974602714180946,22.0107,4.3264,,121,8450873,12675,1,0,0,0,1,0,0
FleetMedium,102,21.020302549004555,20.9513,3.673088,,121,8450873,12623,1,0,0,0,1,0,0
FleetMedium,103,22.512096911668777,22.5268,4.34688,,121,8450873,12713,1,0,0,0,1,0,0
FleetMedium,104,22.01240137219429,22.036,3.66592,,121,8450873,12623,1,0,0,0,1,0,0
FleetMedium,105,21.734701469540596,21.7204,3.966976,,121,8450873,12623,1,0,0,0,1,0,0
FleetMedium,106,22.096797823905945,22.0709,3.643392,,121,8450873,12623,1,0,0,0,1,0,0
FleetMedium,107,23.144600912928581,23.0937,3.632128,,121,8450873,12623,1,0,0,0,1,0,0
FleetMedium,108,21.090405061841011,21.1589,3.6352,,121,8450873,12623,1,0,0,0,1,0,0
FleetMedium,109,22.595798596739769,22.3707,3.625984,,121,8450873,12623,1,0,0,0,1,0,0
FleetMedium,110,23.111196234822273,23.3027,3.631104,,121,8450873,12713,1,0,0,0,1,0,0
FleetMedium,111,22.419806569814682,22.4093,3.642368,,121,8450873,12675,1,0,0,0,1,0,0
FleetMedium,112,20.668197423219681,20.6015,3.70688,,121,8450873,12623,1,0,0,0,1,0,0
FleetMedium,113,21.90050296485424,21.9428,3.68128,,121,8450873,12623,1,0,0,0,1,0,0
FleetMedium,114,20.470896735787392,20.46,3.684352,,121,8450873,12623,1,0,0,0,1,0,0
FleetMedium,115,44.714901596307755,44.5798,3.657728,,121,8450873,12623,1,0,0,0,1,0,0
FleetMedium,116,21.643601357936859,21.7543,3.6608,,121,8450873,12713,1,0,0,0,1,0,0
FleetMedium,117,21.311996504664421,21.3167,3.653632,,121,8450873,12623,1,0,0,0,1,0,0
FleetMedium,118,21.31899818778038,21.2641,4.050944,,121,8450873,12623,1,0,0,0,1,0,0
FleetMedium,119,20.151998847723007,20.1818,3.682304,,121,8450873,12623,1,0,0,0,1,0,0
FleetMedium,120,21.213505417108536,21.1707,3.643392,,121,8450873,12675,1,0,0,0,1,0,0
FleetMedium,121,21.13969624042511,21.1315,3.65056,,121,8450873,12623,1,0,0,0,1,0,0
FleetMedium,122,20.805804058909416,20.8191,3.72736,,121,8450873,12623,1,0,0,0,1,0,0
FleetMedium,123,21.909594535827637,21.8341,4.015104,,121,8450873,12623,1,0,0,0,1,0,0
FleetMedium,124,21.355703473091125,21.3845,3.652608,,121,8450873,12713,1,0,0,0,1,0,0
FleetMedium,125,22.342000156641006,22.3293,3.972096,,121,8450873,12623,1,0,0,0,1,0,0
FleetMedium,126,21.610699594020844,21.6289,3.661824,,121,8450873,12623,1,0,0,0,1,0,0
FleetMedium,127,21.348893642425537,21.3126,3.651584,,121,8450873,12623,1,0,0,0,1,0,0
FleetMedium,128,35.407405346632004,35.3857,4.032512,,121,8450873,12623,1,0,0,0,1,0,0
FleetMedium,129,22.728698328137398,22.7078,3.658752,,121,8450873,12675,1,0,0,0,1,0,0
FleetMedium,130,23.446101695299149,23.3673,3.720192,,121,8450873,12623,1,0,0,0,1,0,0
FleetMedium,131,23.616999387741089,23.6955,4.34688,,121,8450873,12713,1,0,0,0,1,0,0
FleetMedium,132,24.896599352359772,24.79,3.64544,,121,8450873,12623,1,0,0,0,1,0,0
FleetMedium,133,24.232100695371628,24.3238,3.642368,,121,8450873,12623,1,0,0,0,1,0,0
FleetMedium,134,25.140497833490372,25.1263,3.670016,,121,8450873,12623,1,0,0,0,1,0,0
FleetMedium,135,24.554599076509476,24.4787,3.653632,,121,8450873,12623,1,0,0,0,1,0,0
FleetMedium,136,22.74090051651001,22.7851,3.70176,,121,8450873,12623,1,0,0,0,1,0,0
FleetMedium,137,23.662904277443886,23.5697,4.07552,,121,8450873,12623,1,0,0,0,1,0,0
FleetMedium,138,24.533595889806747,24.5953,3.982336,,121,8450873,12765,1,0,0,0,1,0,0
FleetMedium,139,22.742403671145439,22.6575,3.659776,,121,8450873,12623,1,0,0,0,1,0,0
FleetMedium,140,23.609494790434837,23.716,3.94752,,121,8450873,12623,1,0,0,0,1,0,0
FleetMedium,141,22.177699953317642,22.1465,3.70176,,121,8450873,12623,1,0,0,0,1,0,0
FleetMedium,142,23.70000071823597,23.6942,3.992576,,121,8450873,12623,1,0,0,0,1,0,0
FleetMedium,143,21.351899951696396,21.3631,3.695616,,121,8450873,12623,1,0,0,0,1,0,0
FleetMedium,144,22.045005112886429,21.9194,4.703232,,121,8450873,12623,1,0,0,0,1,0,0
FleetMedium,145,21.487096324563026,21.5928,3.659776,,121,8450873,12713,1,0,0,0,1,0,0
FleetMedium,146,23.069104179739952,22.9094,4.067328,,121,8450873,12623,1,0,0,0,1,0,0
FleetMedium,147,22.807298228144646,22.8767,3.673088,,121,8450873,12675,1,0,0,0,1,0,0
FleetMedium,148,23.087896406650543,23.1445,3.65568,,121,8450873,12623,1,0,0,0,1,0,0
FleetMedium,149,23.2315044850111,23.2102,3.934208,,121,8450873,12623,1,0,0,0,1,0,0
FleetMedium,150,22.798795253038406,22.6724,4.405248,,121,8450873,12623,1,0,0,0,1,0,0
FleetMedium,151,21.956505253911018,21.9858,3.705856,,121,8450873,12623,1,0,0,0,1,0,0
FleetMedium,152,21.480796858668327,21.5502,3.687424,,121,8450873,12713,1,0,0,0,1,0,0
FleetMedium,153,23.892296478152275,23.8182,3.610624,,121,8450873,12623,1,0,0,0,1,0,0
FleetMedium,154,22.066107019782066,22.0273,4.64384,,121,8450873,12623,1,0,0,0,1,0,0
FleetMedium,155,23.09049665927887,23.1215,3.664896,,121,8450873,12623,1,0,0,0,1,0,0
FleetMedium,156,24.148100987076759,24.1269,3.636224,,121,8450873,12675,1,0,0,0,1,0,0
FleetMedium,157,26.210997253656387,26.1711,3.664896,,121,8450873,12623,1,0,0,0,1,0,0
FleetMedium,158,24.412102997303009,24.2978,3.653632,,121,8450873,12623,1,0,0,0,1,0,0
FleetMedium,159,24.778896942734718,24.9569,3.708928,,121,8450873,12713,1,0,0,0,1,0,0
FleetMedium,160,25.179103016853333,25.0755,3.692544,,121,8450873,12623,1,0,0,0,1,0,0
FleetMedium,161,21.628493443131447,21.7016,4.224,,121,8450873,12623,1,0,0,0,1,0,0
FleetMedium,162,21.704301238059998,21.6544,3.643392,,121,8450873,12623,1,0,0,0,1,0,0
FleetMedium,163,21.909000352025032,21.9141,3.667968,,121,8450873,12623,1,0,0,0,1,0,0
FleetMedium,164,21.826600655913353,21.8358,3.62496,,121,8450873,12623,1,0,0,0,1,0,0
FleetMedium,165,22.892899811267853,22.8203,3.91168,,121,8450873,12675,1,0,0,0,1,0,0
FleetMedium,166,21.48200199007988,21.4897,3.59936,,121,8450873,12713,1,0,0,0,1,0,0
FleetMedium,167,21.924000233411789,21.9625,4.081664,,121,8450873,12623,1,0,0,0,1,0,0
FleetMedium,168,23.158496245741844,23.1599,3.63008,,121,8450873,12623,1,0,0,0,1,0,0
FleetMedium,169,22.504301741719246,22.4259,3.966976,,121,8450873,12623,1,0,0,0,1,0,0
FleetMedium,170,23.208502680063248,23.246,3.616768,,121,8450873,12623,1,0,0,0,1,0,0
FleetMedium,171,22.584296762943268,22.4257,3.687424,,121,8450873,12623,1,0,0,0,1,0,0
FleetMedium,172,23.262500762939453,23.2586,3.595264,,121,8450873,12623,1,0,0,0,1,0,0
FleetMedium,173,22.233404219150543,22.3555,4.078592,,121,8450873,12713,1,0,0,0,1,0,0
FleetMedium,174,22.389598190784454,22.3916,3.866624,,121,8450873,12675,1,0,0,0,1,0,0
FleetMedium,175,22.918898612260818,22.8606,4.103168,,121,8450873,12623,1,0,0,0,1,0,0
FleetMedium,176,23.222597315907478,23.2124,3.695616,,121,8450873,12623,1,0,0,0,1,0,0
FleetMedium,177,23.48790317773819,23.5148,4.067328,,121,8450873,12623,1,0,0,0,1,0,0
FleetMedium,178,23.821499198675156,23.7547,3.647488,,121,8450873,12623,1,0,0,0,1,0,0
FleetMedium,179,23.984700441360474,23.9435,4.012032,,121,8450873,12623,1,0,0,0,1,0,0
FleetMedium,180,25.178797543048859,25.1747,4.26496,,121,8450873,12713,1,0,0,0,1,0,0
FleetMedium,181,32.721001654863358,32.6016,3.648512,,121,8450873,12623,1,0,0,0,1,0,0
FleetMedium,182,29.674595221877098,29.7665,3.955712,,121,8450873,12623,1,0,0,0,1,0,0
FleetMedium,183,29.92670051753521,29.9243,3.637248,,121,8450873,12675,1,0,0,0,1,0,0
FleetMedium,184,24.845203384757042,24.8831,3.6608,,121,8450873,12623,1,0,0,0,1,0,0
FleetMedium,185,24.786096066236496,24.7219,3.65056,,121,8450873,12623,1,0,0,0,1,0,0
FleetMedium,186,25.08929930627346,24.9389,4.030464,,121,8450873,12713,1,0,0,0,1,0,0
FleetMedium,187,25.562698021531105,25.7426,3.986432,,121,8450873,12623,1,0,0,0,1,0,0
FleetMedium,188,23.866999894380569,23.8719,3.977216,,121,8450873,12623,1,0,0,0,1,0,0
FleetMedium,189,24.088606238365173,23.9886,4.304896,,121,8450873,12623,1,0,0,0,1,0,0
FleetMedium,190,22.922797128558159,22.9771,3.567616,,121,8450873,12623,1,0,0,0,1,0,0
FleetMedium,191,22.684602066874504,22.6816,3.663872,,121,8450873,12675,1,0,0,0,1,0,0
FleetMedium,192,23.532198742032051,23.425,3.680256,,121,8450873,12623,1,0,0,0,1,0,0
FleetMedium,193,24.368502199649811,24.4394,3.664896,,121,8450873,12713,1,0,0,0,1,0,0
FleetMedium,194,24.092098698019981,24.1099,3.617792,,121,8450873,12623,1,0,0,0,1,0,0
FleetMedium,195,22.445997223258018,22.3861,3.684352,,121,8450873,12623,1,0,0,0,1,0,0
FleetMedium,196,23.572200909256935,23.6158,3.616768,,121,8450873,12623,1,0,0,0,1,0,0
FleetMedium,197,22.492602467536926,22.4573,3.639296,,121,8450873,12623,1,0,0,0,1,0,0
FleetMedium,198,23.728400468826294,23.6979,3.600384,,121,8450873,12623,1,0,0,0,1,0,0
FleetMedium,199,23.329697549343109,23.2678,3.684352,,121,8450873,12623,1,0,0,0,1,0,0
FleetMedium,200,23.299802094697952,23.3871,4.021248,,121,8450873,12765,1,0,0,0,1,0,0
FleetMedium,201,23.424297571182251,23.3694,3.623936,,121,8450873,12623,1,0,0,0,1,0,0
FleetMedium,202,23.052196949720383,23.0693,3.690496,,121,8450873,12623,1,0,0,0,1,0,0
FleetMedium,203,23.130200803279877,23.1307,3.621888,,121,8450873,12623,1,0,0,0,1,0,0
FleetMedium,204,23.058000952005386,22.9853,3.698688,,121,8450873,12623,1,0,0,0,1,0,0
FleetMedium,205,24.070698767900467,24.1158,3.666944,,121,8450873,12623,1,0,0,0,1,0,0
FleetMedium,206,22.881200537085533,22.8145,3.622912,,121,8450873,12623,1,0,0,0,1,0,0
FleetMedium,207,22.709205746650696,22.7047,3.646464,,121,8450873,12713,1,0,0,0,1,0,0
FleetMedium,208,22.892998531460762,22.8818,3.65568,,121,8450873,12623,1,0,0,0,1,0,0
FleetMedium,209,22.778499871492386,22.7813,3.633152,,121,8450873,12675,1,0,0,0,1,0,0
FleetMedium,210,23.613797500729561,23.5942,3.6608,,121,8450873,12623,1,0,0,0,1,0,0
FleetMedium,211,22.722100839018822,22.6304,3.64544,,121,8450873,12623,1,0,0,0,1,0,0
FleetMedium,212,23.496400564908981,23.6174,3.690496,,121,8450873,12623,1,0,0,0,1,0,0
FleetMedium,213,22.263400256633759,22.1244,4.06016,,121,8450873,12623,1,0,0,0,1,0,0
FleetMedium,214,23.170202970504761,23.293,3.659776,,121,8450873,12713,1,0,0,0,1,0,0
FleetMedium,215,21.892694756388664,21.8946,3.666944,,121,8450873,12623,1,0,0,0,1,0,0
FleetMedium,216,21.882304921746254,21.7711,3.956736,,121,8450873,12623,1,0,0,0,1,0,0
FleetMedium,217,22.055895999073982,22.1114,4.020224,,121,8450873,12623,1,0,0,0,1,0,0
FleetMedium,218,21.498100832104683,21.4589,3.636224,,121,8450873,12675,1,0,0,0,1,0,0
FleetMedium,219,22.470103576779366,22.4633,4.015104,,121,8450873,12623,1,0,0,0,1,0,0
FleetMedium,220,21.774595603346825,21.7567,3.656704,,121,8450873,12623,1,0,0,0,1,0,0
FleetMedium,221,21.500900387763977,21.5475,3.646464,,121,8450873,12713,1,0,0,0,1,0,0
FleetMedium,222,21.266801282763481,21.2206,3.61984,,121,8450873,12623,1,0,0,0,1,0,0
FleetMedium,223,23.603798821568489,23.4316,4.639744,,121,8450873,12623,1,0,0,0,1,0,0
FleetMedium,224,23.050304502248764,23.2187,3.689472,,121,8450873,12623,1,0,0,0,1,0,0
FleetMedium,225,23.08499813079834,23.0364,3.684352,,121,8450873,12623,1,0,0,0,1,0,0
FleetMedium,226,22.08239771425724,22.0998,3.928064,,121,8450873,12623,1,0,0,0,1,0,0
FleetMedium,227,37.892602384090424,37.7909,3.933184,,121,8450873,12675,1,0,0,0,1,0,0
FleetMedium,228,26.131100952625275,26.1951,3.633152,,121,8450873,12713,1,0,0,0,1,0,0
FleetMedium,229,24.057794362306595,23.847,4.361216,,121,8450873,12623,1,0,0,0,1,0,0
FleetMedium,230,24.776402860879898,24.9583,4.062208,,121,8450873,12623,1,0,0,0,1,0,0
FleetMedium,231,23.943401873111725,23.9097,3.661824,,121,8450873,12623,1,0,0,0,1,0,0
FleetMedium,232,25.449596345424652,25.3994,4.03456,,121,8450873,12623,1,0,0,0,1,0,0
FleetMedium,233,25.122597813606262,25.175,3.606528,,121,8450873,12623,1,0,0,0,1,0,0
FleetMedium,234,22.504400461912155,22.4529,3.66592,,121,8450873,12623,1,0,0,0,1,0,0
FleetMedium,235,23.034099489450455,23.0475,3.641344,,121,8450873,12765,1,0,0,0,1,0,0
FleetMedium,236,23.187499493360519,23.2196,3.692544,,121,8450873,12623,1,0,0,0,1,0,0
FleetMedium,237,23.1230016797781,23.0309,3.644416,,121,8450873,12623,1,0,0,0,1,0,0
FleetMedium,238,21.790198981761932,21.6997,3.6608,,121,8450873,12623,1,0,0,0,1,0,0
FleetMedium,239,24.316504597663879,24.4579,3.636224,,121,8450873,12623,1,0,0,0,1,0,0
FleetMedium,240,22.940695285797119,22.9077,3.683328,,121,8450873,12623,1,0,0,0,1,0,0
FleetMedium,241,21.91450446844101,21.7758,3.945472,,121,8450873,12623,1,0,0,0,1,0,0
FleetMedium,242,21.51009812951088,21.657,3.712,,121,8450873,12713,1,0,0,0,1,0,0
FleetMedium,243,21.972697228193283,21.9536,3.651584,,121,8450873,12623,1,0,0,0,1,0,0
FleetMedium,244,22.57240004837513,22.5323,4.649984,,121,8450873,12675,1,0,0,0,1,0,0
FleetMedium,245,23.897605016827583,23.8353,3.674112,,121,8450873,12623,1,0,0,0,1,0,0
FleetMedium,246,23.324497044086456,23.3784,3.972096,,121,8450873,12623,1,0,0,0,1,0,0
FleetMedium,247,23.769699037075043,23.7312,3.667968,,121,8450873,12623,1,0,0,0,1,0,0
FleetMedium,248,23.054903373122215,22.996,4.714496,,121,8450873,12623,1,0,0,0,1,0,0
FleetMedium,249,24.238895624876022,24.1876,3.666944,,121,8450873,12713,1,0,0,0,1,0,0
FleetMedium,250,22.974802181124687,23.0202,3.92192,,121,8450873,12623,1,0,0,0,1,0,0
FleetMedium,251,22.72769995033741,22.5936,3.67104,,121,8450873,12623,1,0,0,0,1,0,0
FleetMedium,252,23.199701681733131,23.3673,3.657728,,121,8450873,12623,1,0,0,0,1,0,0
FleetMedium,253,22.369997575879097,22.3468,4.291584,,121,8450873,12675,1,0,0,0,1,0,0
FleetMedium,254,22.565398365259171,22.5849,3.638272,,121,8450873,12623,1,0,0,0,1,0,0
FleetMedium,255,21.608998998999596,21.5022,4.026368,,121,8450873,12623,1,0,0,0,1,0,0
FleetMedium,256,22.715702652931213,22.7384,3.964928,,121,8450873,12713,1,0,0,0,1,0,0
FleetMedium,257,21.786699071526527,21.8719,3.677184,,121,8450873,12623,1,0,0,0,1,0,0
FleetMedium,258,22.541504353284836,22.5051,3.945472,,121,8450873,12623,1,0,0,0,1,0,0
FleetMedium,259,22.96939492225647,22.9351,3.690496,,121,8450873,12623,1,0,0,0,1,0,0
FleetMedium,260,23.332405835390091,23.3118,3.693568,,121,8450873,12623,1,0,0,0,1,0,0
FleetMedium,261,22.213095799088478,22.2344,3.689472,,121,8450873,12623,1,0,0,0,1,0,0
FleetMedium,262,23.047201335430145,22.7967,3.677184,,121,8450873,12675,1,0,0,0,1,0,0
FleetMedium,263,23.561302572488785,23.7856,3.725312,,121,8450873,12713,1,0,0,0,1,0,0
FleetMedium,264,22.077500820159912,22.0485,3.679232,,121,8450873,12623,1,0,0,0,1,0,0
FleetMedium,265,22.108793258666992,22.0935,3.95776,,121,8450873,12623,1,0,0,0,1,0,0
FleetMedium,266,22.487400099635124,22.5097,4.3264,,121,8450873,12623,1,0,0,0,1,0,0
FleetMedium,267,23.274702951312065,23.2603,3.710976,,121,8450873,12623,1,0,0,0,1,0,0
FleetMedium,268,23.340199142694473,23.2844,4.323328,,121,8450873,12623,1,0,0,0,1,0,0
FleetMedium,269,24.160401895642281,24.1435,3.781632,,121,8450873,12623,1,0,0,0,1,0,0
FleetMedium,270,21.523399278521538,21.5002,3.97312,,121,8450873,12713,1,0,0,0,1,0,0
FleetMedium,271,25.064200162887573,25.0705,3.710976,,121,8450873,12675,1,0,0,0,1,0,0
FleetMedium,272,22.204698994755745,22.2503,3.598336,,121,8450873,12623,1,0,0,0,1,0,0
FleetMedium,273,22.484999150037766,22.4211,4.335616,,121,8450873,12623,1,0,0,0,1,0,0
FleetMedium,274,22.307999432086945,22.1476,4.052992,,121,8450873,12623,1,0,0,0,1,0,0
FleetMedium,275,23.372499272227287,23.5581,3.716096,,121,8450873,12623,1,0,0,0,1,0,0
FleetMedium,276,22.323405370116234,22.2549,3.570688,,121,8450873,12623,1,0,0,0,1,0,0
FleetMedium,277,21.829294040799141,21.735,4.117504,,121,8450873,12713,1,0,0,0,1,0,0
FleetMedium,278,25.039603933691978,25.1217,3.65056,,121,8450873,12623,1,0,0,0,1,0,0
FleetMedium,279,24.699900299310684,24.6637,4.073472,,121,8450873,12623,1,0,0,0,1,0,0
FleetMedium,280,23.491999134421349,23.501,3.930112,,121,8450873,12675,1,0,0,0,1,0,0
FleetMedium,281,23.733099922537804,23.7275,3.643392,,121,8450873,12623,1,0,0,0,1,0,0
FleetMedium,282,23.262500762939453,23.1426,3.6352,,121,8450873,12623,1,0,0,0,1,0,0
FleetMedium,283,27.069699019193649,27.0549,3.702784,,121,8450873,12623,1,0,0,0,1,0,0
FleetMedium,284,26.029797270894051,26.0985,3.567616,,121,8450873,12713,1,0,0,0,1,0,0
FleetMedium,285,24.891305714845657,24.8947,3.807232,,121,8450873,12623,1,0,0,0,1,0,0
FleetMedium,286,24.708595126867294,24.7257,3.643392,,121,8450873,12623,1,0,0,0,1,0,0
FleetMedium,287,23.705001920461655,23.6869,3.668992,,121,8450873,12623,1,0,0,0,1,0,0
FleetMedium,288,24.59460124373436,24.5433,3.662848,,121,8450873,12623,1,0,0,0,1,0,0
FleetMedium,289,23.510798811912537,23.5374,3.710976,,121,8450873,12675,1,0,0,0,1,0,0
FleetMedium,290,22.434700280427933,22.3802,3.904512,,121,8450873,12623,1,0,0,0,1,0,0
FleetMedium,291,24.07439798116684,24.0097,3.664896,,121,8450873,12713,1,0,0,0,1,0,0
FleetMedium,292,25.098497048020363,25.2013,3.586048,,121,8450873,12623,1,0,0,0,1,0,0
FleetMedium,293,24.482801556587219,24.4372,3.649536,,121,8450873,12623,1,0,0,0,1,0,0
FleetMedium,294,24.383001029491425,24.3638,3.638272,,121,8450873,12623,1,0,0,0,1,0,0
FleetMedium,295,23.868197575211525,23.9143,3.690496,,121,8450873,12623,1,0,0,0,1,0,0
FleetMedium,296,23.487400263547897,23.4516,3.636224,,121,8450873,12623,1,0,0,0,1,0,0
FleetMedium,297,25.727700442075729,25.6125,3.69664,,121,8450873,12623,1,0,0,0,1,0,0
FleetMedium,298,25.731604546308517,25.8005,3.658752,,121,8450873,12765,1,0,0,0,1,0,0
FleetMedium,299,24.596193805336952,24.54,4.037632,,121,8450873,12623,1,0,0,0,1,0,0
FleetMedium,300,23.515200242400169,23.5781,3.628032,,121,8450873,12623,1,0,0,0,1,0,0
FleetMedium,301,23.957801982760429,23.9592,4.064256,,121,8450873,12623,1,0,0,0,1,0,0
FleetMedium,302,25.67560225725174,25.5272,3.954688,,121,8450873,12623,1,0,0,0,1,0,0
FleetMedium,303,23.223299533128738,23.3352,3.726336,,121,8450873,12623,1,0,0,0,1,0,0
FleetMedium,304,24.278799071907997,24.2111,4.196352,,121,8450873,12623,1,0,0,0,1,0,0
FleetMedium,305,23.333899676799774,23.3319,3.687424,,121,8450873,12713,1,0,0,0,1,0,0
FleetMedium,306,24.525899440050125,24.5656,4.016128,,121,8450873,12623,1,0,0,0,1,0,0
FleetMedium,307,23.930002003908157,23.815,3.700736,,121,8450873,12675,1,0,0,0,1,0,0
FleetMedium,308,24.238895624876022,24.2566,3.966976,,121,8450873,12623,1,0,0,0,1,0,0
FleetMedium,309,23.639002814888954,23.6204,3.657728,,121,8450873,12623,1,0,0,0,1,0,0
FleetMedium,310,23.420203477144241,23.4817,4.027392,,121,8450873,12623,1,0,0,0,1,0,0
FleetMedium,311,24.324497207999229,24.1903,3.721216,,121,8450873,12623,1,0,0,0,1,0,0
FleetMedium,312,25.329003110527992,25.4152,4.332544,,121,8450873,12713,1,0,0,0,1,0,0
FleetMedium,313,25.427898392081261,25.3982,3.663872,,121,8450873,12623,1,0,0,0,1,0,0
FleetMedium,314,25.418395176529884,25.4031,4.386816,,121,8450873,12623,1,0,0,0,1,0,0
FleetMedium,315,24.202104657888412,24.2393,3.675136,,121,8450873,12623,1,0,0,0,1,0,0
FleetMedium,316,24.314695969223976,24.2659,3.641344,,121,8450873,12675,1,0,0,0,1,0,0
FleetMedium,317,23.2526995241642,23.2763,3.659776,,121,8450873,12623,1,0,0,0,1,0,0
FleetMedium,318,23.849602788686752,23.7422,3.648512,,121,8450873,12623,1,0,0,0,1,0,0
FleetMedium,319,24.066802114248276,24.1144,3.662848,,121,8450873,12713,1,0,0,0,1,0,0
FleetMedium,320,25.266900658607483,25.2872,3.623936,,121,8450873,12623,1,0,0,0,1,0,0
FleetMedium,321,23.384999483823776,23.3261,3.670016,,121,8450873,12623,1,0,0,0,1,0,0
FleetMedium,322,24.160899221897125,24.1655,4.185088,,121,8450873,12623,1,0,0,0,1,0,0
FleetMedium,323,24.174999445676804,23.968,3.682304,,121,8450873,12623,1,0,0,0,1,0,0
FleetMedium,324,25.152197107672691,25.3359,3.9424,,121,8450873,12623,1,0,0,0,1,0,0
FleetMedium,325,28.095606714487076,27.8962,3.730432,,121,8450873,12675,1,0,0,0,1,0,0
FleetMedium,326,24.709198623895645,24.923,4.371456,,121,8450873,12713,1,0,0,0,1,0,0
FleetMedium,327,26.793502271175385,26.6968,4.045824,,121,8450873,12623,1,0,0,0,1,0,0
FleetMedium,328,27.975594624876976,27.9901,4.009984,,121,8450873,12623,1,0,0,0,1,0,0
FleetMedium,329,28.144501149654388,28.0441,3.698688,,121,8450873,12623,1,0,0,0,1,0,0
FleetMedium,330,25.625800713896751,25.7341,3.651584,,121,8450873,12623,1,0,0,0,1,0,0
FleetMedium,331,25.252500548958778,25.0294,3.6608,,121,8450873,12623,1,0,0,0,1,0,0
FleetMedium,332,27.923298999667168,28.1007,3.653632,,121,8450873,12713,1,0,0,0,1,0,0
FleetMedium,333,25.579400360584259,25.5648,4.335616,,121,8450873,12675,1,0,0,0,1,0,0
FleetMedium,334,24.333199486136436,24.363,3.69664,,121,8450873,12623,1,0,0,0,1,0,0
FleetMedium,335,25.152700021862984,25.1144,3.67616,,121,8450873,12623,1,0,0,0,1,0,0
FleetMedium,336,24.379698559641838,24.2268,4.005888,,121,8450873,12623,1,0,0,0,1,0,0
FleetMedium,337,24.901701137423515,24.9758,3.710976,,121,8450873,12623,1,0,0,0,1,0,0
FleetMedium,338,23.933503776788712,24.0171,4.124672,,121,8450873,12713,1,0,0,0,1,0,0
FleetMedium,339,22.377097979187965,22.3305,3.935232,,121,8450873,12623,1,0,0,0,1,0,0
FleetMedium,340,22.4233977496624,22.3009,3.66592,,121,8450873,12623,1,0,0,0,1,0,0
FleetMedium,341,21.756604313850403,21.9056,4.400128,,121,8450873,12623,1,0,0,0,1,0,0
FleetMedium,342,22.153500467538834,22.1094,3.703808,,121,8450873,12675,1,0,0,0,1,0,0
FleetMedium,343,22.26029708981514,22.2729,3.96288,,121,8450873,12623,1,0,0,0,1,0,0
FleetMedium,344,26.249503716826439,25.9547,3.684352,,121,8450873,12623,1,0,0,0,1,0,0
FleetMedium,345,23.230498656630516,23.4653,3.723264,,121,8450873,12713,1,0,0,0,1,0,0
FleetMedium,346,22.846193984150887,22.8936,3.6864,,121,8450873,12623,1,0,0,0,1,0,0
FleetMedium,347,22.91540615260601,22.882,3.641344,,121,8450873,12623,1,0,0,0,1,0,0
FleetMedium,348,23.055696859955788,23.0247,3.687424,,121,8450873,12623,1,0,0,0,1,0,0
FleetMedium,349,21.598001942038536,21.6044,3.718144,,121,8450873,12623,1,0,0,0,1,0,0
FleetMedium,350,24.39190074801445,24.3833,4.369408,,121,8450873,12623,1,0,0,0,1,0,0
FleetMedium,351,25.035098195075989,24.8967,3.672064,,121,8450873,12675,1,0,0,0,1,0,0
FleetMedium,352,24.057099595665932,24.189,3.646464,,121,8450873,12713,1,0,0,0,1,0,0
FleetMedium,353,23.04229699075222,23.0204,3.62496,,121,8450873,12623,1,0,0,0,1,0,0
FleetMedium,354,22.103706374764442,22.0662,3.644416,,121,8450873,12623,1,0,0,0,1,0,0
FleetMedium,355,21.527897566556931,21.541,3.657728,,121,8450873,12623,1,0,0,0,1,0,0
FleetMedium,356,22.246202453970909,22.2459,3.620864,,121,8450873,12623,1,0,0,0,1,0,0
FleetMedium,357,21.56689390540123,21.5056,3.648512,,121,8450873,12623,1,0,0,0,1,0,0
FleetMedium,358,22.805299609899521,22.7681,3.666944,,121,8450873,12623,1,0,0,0,1,0,0
FleetMedium,359,22.769402712583542,22.836,3.96288,,121,8450873,12713,1,0,0,0,1,0,0
FleetMedium,360,22.943098098039627,22.8808,4.071424,,121,8450873,12675,1,0,0,0,1,0,0
FleetMedium,361,22.471202537417412,22.5285,3.62496,,121,8450873,12623,1,0,0,0,1,0,0
FleetMedium,362,24.921499192714691,24.8872,3.659776,,121,8450873,12623,1,0,0,0,1,0,0
FleetMedium,363,23.669401183724403,23.6371,4.320256,,121,8450873,12623,1,0,0,0,1,0,0
FleetMedium,364,23.395203053951263,23.4159,3.683328,,121,8450873,12623,1,0,0,0,1,0,0
FleetMedium,365,22.199496626853943,22.1265,3.990528,,121,8450873,12623,1,0,0,0,1,0,0
FleetMedium,366,23.633901029825211,23.628,4.046848,,121,8450873,12713,1,0,0,0,1,0,0
FleetMedium,367,24.331100285053253,24.3735,3.662848,,121,8450873,12623,1,0,0,0,1,0,0
FleetMedium,368,23.084197193384171,23.0824,3.662848,,121,8450873,12623,1,0,0,0,1,0,0
FleetMedium,369,22.879401221871376,22.8396,3.653632,,121,8450873,12675,1,0,0,0,1,0,0
FleetMedium,370,22.924603894352913,22.9508,3.730432,,121,8450873,12623,1,0,0,0,1,0,0
FleetMedium,371,21.314697340130806,21.1508,3.631104,,121,8450873,12623,1,0,0,0,1,0,0
FleetMedium,372,22.689597681164742,22.7122,3.716096,,121,8450873,12623,1,0,0,0,1,0,0
FleetMedium,373,23.487607017159462,23.5865,3.617792,,121,8450873,12713,1,0,0,0,1,0,0
FleetMedium,374,23.148199543356895,23.1252,4.079616,,121,8450873,12623,1,0,0,0,1,0,0
FleetMedium,375,24.202296510338783,24.167,3.712,,121,8450873,12623,1,0,0,0,1,0,0
FleetMedium,376,24.206299334764481,24.2122,4.040704,,121,8450873,12623,1,0,0,0,1,0,0
FleetMedium,377,25.404904037714005,25.401,3.663872,,121,8450873,12623,1,0,0,0,1,0,0
FleetMedium,378,23.307999595999718,23.2852,3.673088,,121,8450873,12675,1,0,0,0,1,0,0
FleetMedium,379,26.298496872186661,26.15,3.66592,,121,8450873,12623,1,0,0,0,1,0,0
FleetMedium,380,24.066001176834106,24.1642,3.770368,,121,8450873,12713,1,0,0,0,1,0,0
FleetMedium,381,24.755796417593956,24.7819,3.631104,,121,8450873,12623,1,0,0,0,1,0,0
FleetMedium,382,22.9319017380476,22.9514,3.677184,,121,8450873,12623,1,0,0,0,1,0,0
FleetMedium,383,22.87600003182888,22.7816,3.654656,,121,8450873,12623,1,0,0,0,1,0,0
FleetMedium,384,22.252302616834641,22.3469,3.638272,,121,8450873,12623,1,0,0,0,1,0,0
FleetMedium,385,21.741198375821114,21.7199,3.674112,,121,8450873,12623,1,0,0,0,1,0,0
FleetMedium,386,23.264795541763306,23.1119,3.647488,,121,8450873,12623,1,0,0,0,1,0,0
FleetMedium,387,24.5853029191494,24.5555,3.65568,,121,8450873,12765,1,0,0,0,1,0,0
FleetMedium,388,22.850800305604935,22.9793,3.683328,,121,8450873,12623,1,0,0,0,1,0,0
FleetMedium,389,21.407702937722206,21.3778,3.65568,,121,8450873,12623,1,0,0,0,1,0,0
FleetMedium,390,23.548398166894913,23.5658,3.644416,,121,8450873,12623,1,0,0,0,1,0,0
FleetMedium,391,24.836195632815361,24.6424,3.67104,,121,8450873,12623,1,0,0,0,1,0,0
FleetMedium,392,23.91979843378067,24.0514,3.638272,,121,8450873,12623,1,0,0,0,1,0,0
FleetMedium,393,24.366404861211777,24.2523,4.021248,,121,8450873,12623,1,0,0,0,1,0,0
FleetMedium,394,24.434899911284447,24.5356,3.616768,,121,8450873,12713,1,0,0,0,1,0,0
FleetMedium,395,26.233602315187454,26.1904,3.66592,,121,8450873,12623,1,0,0,0,1,0,0
FleetMedium,396,25.831596925854683,25.8588,3.634176,,121,8450873,12675,1,0,0,0,1,0,0
FleetMedium,397,22.755598649382591,22.7671,3.648512,,121,8450873,12623,1,0,0,0,1,0,0
FleetMedium,398,23.979201912879944,23.861,3.639296,,121,8450873,12623,1,0,0,0,1,0,0
FleetMedium,399,21.93879708647728,22.0414,4.378624,,121,8450873,12623,1,0,0,0,1,0,0
FleetMedium,400,24.019904434680939,23.8987,3.62496,,121,8450873,12623,1,0,0,0,1,0,0
FleetMedium,401,22.313598543405533,22.3774,3.654656,,121,8450873,12713,1,0,0,0,1,0,0
FleetMedium,402,23.631596937775612,23.6073,3.690496,,121,8450873,12623,1,0,0,0,1,0,0
FleetMedium,403,21.902699023485184,21.9473,3.936256,,121,8450873,12623,1,0,0,0,1,0,0
FleetMedium,404,23.736599832773209,23.5698,3.611648,,121,8450873,12623,1,0,0,0,1,0,0
FleetMedium,405,22.354599088430405,22.4948,3.664896,,121,8450873,12675,1,0,0,0,1,0,0
FleetMedium,406,23.819806054234505,23.8062,3.69152,,121,8450873,12623,1,0,0,0,1,0,0
FleetMedium,407,22.225596010684967,22.1051,3.672064,,121,8450873,12623,1,0,0,0,1,0,0
FleetMedium,408,22.264605388045311,22.3182,3.673088,,121,8450873,12713,1,0,0,0,1,0,0
FleetMedium,409,22.974900901317596,22.9818,3.652608,,121,8450873,12623,1,0,0,0,1,0,0
FleetMedium,410,23.3048964291811,23.17,3.733504,,121,8450873,12623,1,0,0,0,1,0,0
FleetMedium,411,22.720897570252419,22.8416,4.056064,,121,8450873,12623,1,0,0,0,1,0,0
FleetMedium,412,23.715199902653694,23.6876,4.009984,,121,8450873,12623,1,0,0,0,1,0,0
FleetMedium,413,23.584205657243729,23.4704,3.672064,,121,8450873,12623,1,0,0,0,1,0,0
FleetMedium,414,24.491496384143829,24.4868,3.690496,,121,8450873,12675,1,0,0,0,1,0,0
FleetMedium,415,22.838903591036797,22.9399,3.663872,,121,8450873,12713,1,0,0,0,1,0,0
FleetMedium,416,22.346697747707367,22.3184,4.057088,,121,8450873,12623,1,0,0,0,1,0,0
FleetMedium,417,21.773802116513252,21.7234,4.066304,,121,8450873,12623,1,0,0,0,1,0,0
FleetMedium,418,21.993601694703102,22.0582,3.682304,,121,8450873,12623,1,0,0,0,1,0,0
FleetMedium,419,21.063994616270065,21.0201,3.643392,,121,8450873,12623,1,0,0,0,1,0,0
FleetMedium,420,21.655803546309471,21.6718,3.97824,,121,8450873,12623,1,0,0,0,1,0,0
FleetMedium,421,22.33799546957016,22.2523,3.682304,,121,8450873,12623,1,0,0,0,1,0,0
FleetMedium,422,21.47180400788784,21.4667,4.132864,,121,8450873,12713,1,0,0,0,1,0,0
FleetMedium,423,22.294798865914345,22.3755,3.694592,,121,8450873,12675,1,0,0,0,1,0,0
FleetMedium,424,22.607900202274323,22.5663,3.694592,,121,8450873,12623,1,0,0,0,1,0,0
FleetMedium,425,21.599000319838524,21.5616,3.637248,,121,8450873,12623,1,0,0,0,1,0,0
FleetMedium,426,22.383198142051697,22.3984,3.647488,,121,8450873,12623,1,0,0,0,1,0,0
FleetMedium,427,21.405201405286789,21.4139,3.695616,,121,8450873,12623,1,0,0,0,1,0,0
FleetMedium,428,21.992495283484459,21.888,3.6608,,121,8450873,12623,1,0,0,0,1,0,0
FleetMedium,429,20.955499261617661,21.0459,4.02432,,121,8450873,12713,1,0,0,0,1,0,0
FleetMedium,430,22.781901061534882,22.6873,3.64544,,121,8450873,12623,1,0,0,0,1,0,0
FleetMedium,431,23.547597229480743,23.5512,4.344832,,121,8450873,12623,1,0,0,0,1,0,0
FleetMedium,432,25.118304416537285,25.1334,3.639296,,121,8450873,12623,1,0,0,0,1,0,0
FleetMedium,433,23.302897810935974,23.3219,4.03968,,121,8450873,12675,1,0,0,0,1,0,0
FleetMedium,434,24.719599634408951,24.6297,3.643392,,121,8450873,12623,1,0,0,0,1,0,0
FleetMedium,435,22.614901885390282,22.5913,3.672064,,121,8450873,12623,1,0,0,0,1,0,0
FleetMedium,436,24.381399154663086,24.4566,3.987456,,121,8450873,12713,1,0,0,0,1,0,0
FleetMedium,437,23.923901841044426,23.7521,3.657728,,121,8450873,12623,1,0,0,0,1,0,0
FleetMedium,438,22.378996014595032,22.5373,4.620288,,121,8450873,12623,1,0,0,0,1,0,0
FleetMedium,439,20.787598565220833,20.7674,3.67104,,121,8450873,12623,1,0,0,0,1,0,0
FleetMedium,440,22.473704069852829,22.4225,4.677632,,121,8450873,12623,1,0,0,0,1,0,0
FleetMedium,441,22.582497447729111,22.6096,3.670016,,121,8450873,12623,1,0,0,0,1,0,0
FleetMedium,442,22.741001099348068,22.4644,4.004864,,121,8450873,12675,1,0,0,0,1,0,0
FleetMedium,443,22.133305668830872,22.3306,4.051968,,121,8450873,12713,1,0,0,0,1,0,0
FleetMedium,444,21.510494872927666,21.5671,3.658752,,121,8450873,12623,1,0,0,0,1,0,0
FleetMedium,445,22.156201303005219,22.1494,3.668992,,121,8450873,12623,1,0,0,0,1,0,0
FleetMedium,446,21.764200180768967,21.7302,4.048896,,121,8450873,12623,1,0,0,0,1,0,0
FleetMedium,447,21.795598790049553,21.7772,3.929088,,121,8450873,12623,1,0,0,0,1,0,0
FleetMedium,448,25.987202301621437,25.9899,4.355072,,121,8450873,12623,1,0,0,0,1,0,0
FleetMedium,449,22.923199459910393,22.7399,4.212736,,121,8450873,12623,1,0,0,0,1,0,0
FleetMedium,450,22.248901426792145,22.4078,4.236288,,121,8450873,12713,1,0,0,0,1,0,0
FleetMedium,451,23.487400263547897,23.4743,3.710976,,121,8450873,12675,1,0,0,0,1,0,0
FleetMedium,452,22.94609509408474,22.9177,3.92192,,121,8450873,12623,1,0,0,0,1,0,0
FleetMedium,453,20.970698446035385,20.9567,3.66592,,121,8450873,12623,1,0,0,0,1,0,0
FleetMedium,454,21.879300475120544,21.9089,3.663872,,121,8450873,12623,1,0,0,0,1,0,0
FleetMedium,455,21.972803398966789,21.9179,3.703808,,121,8450873,12623,1,0,0,0,1,0,0
FleetMedium,456,22.414399310946465,22.373,3.667968,,121,8450873,12623,1,0,0,0,1,0,0
FleetMedium,457,21.944601088762283,22.0035,3.709952,,121,8450873,12713,1,0,0,0,1,0,0
FleetMedium,458,21.774802356958389,21.7288,3.636224,,121,8450873,12623,1,0,0,0,1,0,0
FleetMedium,459,21.9378974288702,21.9685,4.072448,,121,8450873,12623,1,0,0,0,1,0,0
FleetMedium,460,23.180102929472923,23.134,3.588096,,121,8450873,12623,1,0,0,0,1,0,0
FleetMedium,461,22.570798173546791,22.5387,3.694592,,121,8450873,12675,1,0,0,0,1,0,0
FleetMedium,462,22.290397435426712,22.3174,3.646464,,121,8450873,12623,1,0,0,0,1,0,0
FleetMedium,463,23.111401125788689,22.998,4.656128,,121,8450873,12623,1,0,0,0,1,0,0
FleetMedium,464,23.090001195669174,23.1777,3.62496,,121,8450873,12713,1,0,0,0,1,0,0
FleetMedium,465,24.418197572231293,24.3823,3.956736,,121,8450873,12623,1,0,0,0,1,0,0
FleetMedium,466,28.811698779463768,26.2917,3.70176,,121,8450873,39108,1,0,0,0,1,0,0
FleetMedium,467,25.755301117897034,27.8184,4.67456,,121,8450873,239114,1,0,0,0,1,0,0
FleetMedium,468,24.769004434347153,25.1265,3.595264,,121,8450873,29043,1,0,0,0,1,0,0
FleetMedium,469,23.281192407011986,23.2037,3.704832,,121,8450873,12623,1,0,0,0,1,0,0
FleetMedium,470,25.029202923178673,25.1555,3.98336,,121,8450873,12765,1,0,0,0,1,0,0
FleetMedium,471,24.788102135062218,24.7454,3.69152,,121,8450873,12623,1,0,0,0,1,0,0
FleetMedium,472,24.37729574739933,24.4245,4.344832,,121,8450873,12623,1,0,0,0,1,0,0
FleetMedium,473,24.133404716849327,24.1028,4.064256,,121,8450873,12623,1,0,0,0,1,0,0
FleetMedium,474,22.946400567889214,22.8869,4.33664,,121,8450873,12623,1,0,0,0,1,0,0
FleetMedium,475,26.332100853323936,26.3112,3.713024,,121,8450873,12623,1,0,0,0,1,0,0
FleetMedium,476,25.163201615214348,24.9772,4.31616,,121,8450873,12623,1,0,0,0,1,0,0
FleetMedium,477,25.524694472551346,25.729,3.80416,,121,8450873,12713,1,0,0,0,1,0,0
FleetMedium,478,24.539399892091751,24.4822,3.940352,,121,8450873,12623,1,0,0,0,1,0,0
FleetMedium,479,24.450303986668587,24.3921,3.70176,,121,8450873,12675,1,0,0,0,1,0,0
FleetPanorama,0,27.578003704547882,27.6796,4.524032,,121,10889825,29367,1,0,0,0,1,0,0
FleetPanorama,1,25.602096691727638,25.5278,4.835328,,121,10889825,12623,1,0,0,0,1,0,0
FleetPanorama,2,26.473497971892357,26.5164,5.006336,,121,10889825,12623,1,0,0,0,1,0,0
FleetPanorama,3,26.263803243637085,26.1958,0.013312,,121,10889825,12623,1,0,0,0,1,0,0
FleetPanorama,4,27.664497494697571,27.6915,5.083136,,121,10889825,12623,1,0,0,0,1,0,0
FleetPanorama,5,28.924297541379929,28.8208,4.43904,,121,10889825,12623,1,0,0,0,1,0,0
FleetPanorama,6,26.978904381394386,27.0847,4.434944,,121,10889825,12713,1,0,0,0,1,0,0
FleetPanorama,7,26.014398783445358,25.8833,4.955136,,121,10889825,12623,1,0,0,0,1,0,0
FleetPanorama,8,26.579797267913818,26.69,4.381696,,121,10889825,12675,1,0,0,0,1,0,0
FleetPanorama,9,26.970798149704933,26.9033,4.440064,,121,10889825,12623,1,0,0,0,1,0,0
FleetPanorama,10,25.844402611255646,25.7004,5.307392,,121,10889825,12623,1,0,0,0,1,0,0
FleetPanorama,11,28.109800070524216,28.1225,4.855808,,121,10889825,12623,1,0,0,0,1,0,0
FleetPanorama,12,28.876304626464844,28.9746,4.364288,,121,10889825,12713,1,0,0,0,1,0,0
FleetPanorama,13,26.439696550369263,26.4324,5.71904,,121,10889825,12623,1,0,0,0,1,0,0
FleetPanorama,14,25.522300973534584,25.5341,4.384768,,121,10889825,12623,1,0,0,0,1,0,0
FleetPanorama,15,29.25729937851429,29.1644,4.798464,,121,10889825,12623,1,0,0,0,1,0,0
FleetPanorama,16,26.996003463864326,27.0852,4.356096,,121,10889825,12675,1,0,0,0,1,0,0
FleetPanorama,17,27.770195156335831,27.6142,4.431872,,121,10889825,12623,1,0,0,0,1,0,0
FleetPanorama,18,26.681199669837952,26.7793,4.345856,,121,10889825,12713,1,0,0,0,1,0,0
FleetPanorama,19,27.619905769824982,27.5488,5.10464,,121,10889825,12623,1,0,0,0,1,0,0
FleetPanorama,20,28.099894523620605,28.1688,4.333568,,121,10889825,12623,1,0,0,0,1,0,0
FleetPanorama,21,27.045903727412224,27.0226,4.796416,,121,10889825,12623,1,0,0,0,1,0,0
FleetPanorama,22,26.577997952699661,26.512,5.459968,,121,10889825,12623,1,0,0,0,1,0,0
FleetPanorama,23,26.447102427482605,26.2167,4.412416,,121,10889825,12623,1,0,0,0,1,0,0
FleetPanorama,24,26.21150016784668,26.5145,4.366336,,121,10889825,12765,1,0,0,0,1,0,0
FleetPanorama,25,28.076602146029472,28.0274,5.06368,,121,10889825,12623,1,0,0,0,1,0,0
FleetPanorama,26,26.777699589729309,26.7961,5.525504,,121,10889825,12623,1,0,0,0,1,0,0
FleetPanorama,27,25.652097538113594,25.5977,4.396032,,121,10889825,12623,1,0,0,0,1,0,0
FleetPanorama,28,27.92699821293354,27.9677,4.396032,,121,10889825,12623,1,0,0,0,1,0,0
FleetPanorama,29,25.55529959499836,25.4396,5.100544,,121,10889825,12623,1,0,0,0,1,0,0
FleetPanorama,30,26.505399495363235,26.5807,4.404224,,121,10889825,12713,1,0,0,0,1,0,0
FleetPanorama,31,25.826502591371536,25.7679,4.819968,,121,10889825,12623,1,0,0,0,1,0,0
FleetPanorama,32,25.902295485138893,25.9603,4.359168,,121,10889825,12675,1,0,0,0,1,0,0
FleetPanorama,33,25.045804679393768,24.8311,4.412416,,121,10889825,12623,1,0,0,0,1,0,0
FleetPanorama,34,27.917999774217606,28.0875,5.502976,,121,10889825,12623,1,0,0,0,1,0,0
FleetPanorama,35,27.750197798013687,27.6304,4.419584,,121,10889825,12623,1,0,0,0,1,0,0
FleetPanorama,36,26.785204187035561,26.902,5.7344,,121,10889825,12713,1,0,0,0,1,0,0
FleetPanorama,37,27.499297633767128,27.2701,4.458496,,121,10889825,12623,1,0,0,0,1,0,0
FleetPanorama,38,27.42469497025013,27.6205,4.755456,,121,10889825,12623,1,0,0,0,1,0,0
FleetPanorama,39,27.698000892996788,27.6243,4.391936,,121,10889825,12623,1,0,0,0,1,0,0
FleetPanorama,40,26.982702314853668,27.0467,4.432896,,121,10889825,12675,1,0,0,0,1,0,0
FleetPanorama,41,26.438698172569275,26.3007,4.685824,,121,10889825,12623,1,0,0,0,1,0,0
FleetPanorama,42,26.627698913216591,26.7175,4.44928,,121,10889825,12713,1,0,0,0,1,0,0
FleetPanorama,43,27.334898710250854,27.2882,5.066752,,121,10889825,12623,1,0,0,0,1,0,0
FleetPanorama,44,27.977798134088516,27.9965,4.436992,,121,10889825,12623,1,0,0,0,1,0,0
FleetPanorama,45,27.390306815505028,27.3617,4.38784,,121,10889825,12623,1,0,0,0,1,0,0
FleetPanorama,46,27.6475977152586,27.6757,4.44416,,121,10889825,12623,1,0,0,0,1,0,0
FleetPanorama,47,27.763698250055313,27.6175,4.409344,,121,10889825,12623,1,0,0,0,1,0,0
FleetPanorama,48,26.136303320527077,26.2133,4.748288,,121,10889825,12765,1,0,0,0,1,0,0
FleetPanorama,49,26.453698053956032,26.4385,4.424704,,121,10889825,12623,1,0,0,0,1,0,0
FleetPanorama,50,29.533298686146736,29.5412,4.451328,,121,10889825,12623,1,0,0,0,1,0,0
FleetPanorama,51,29.088102281093597,29.0314,4.685824,,121,10889825,12623,1,0,0,0,1,0,0
FleetPanorama,52,26.678599417209625,26.7303,4.5312,,121,10889825,12623,1,0,0,0,1,0,0
FleetPanorama,53,25.988902896642685,25.8459,4.432896,,121,10889825,12623,1,0,0,0,1,0,0
FleetPanorama,54,26.747299358248711,26.8754,4.527104,,121,10889825,12713,1,0,0,0,1,0,0
FleetPanorama,55,28.191596269607544,28.0235,4.914176,,121,10889825,12623,1,0,0,0,1,0,0
FleetPanorama,56,29.670003801584244,29.7823,4.532224,,121,10889825,12675,1,0,0,0,1,0,0
FleetPanorama,57,28.56539748609066,28.5249,4.344832,,121,10889825,12623,1,0,0,0,1,0,0
FleetPanorama,58,29.904201626777649,29.9228,4.932608,,121,10889825,12623,1,0,0,0,1,0,0
FleetPanorama,59,29.464498162269592,29.2996,5.096448,,121,10889825,12623,1,0,0,0,1,0,0
FleetPanorama,60,28.1342975795269,28.292,4.56704,,121,10889825,12713,1,0,0,0,1,0,0
FleetPanorama,61,29.279300943017006,29.2397,4.388864,,121,10889825,12623,1,0,0,0,1,0,0
FleetPanorama,62,26.856597512960434,26.8977,5.39136,,121,10889825,12623,1,0,0,0,1,0,0
FleetPanorama,63,26.436904445290565,26.3887,4.410368,,121,10889825,12675,1,0,0,0,1,0,0
FleetPanorama,64,26.618998497724533,26.5911,4.517888,,121,10889825,12623,1,0,0,0,1,0,0
FleetPanorama,65,26.526601985096931,26.4745,4.431872,,121,10889825,12623,1,0,0,0,1,0,0
FleetPanorama,66,27.237400412559509,27.2771,4.445184,,121,10889825,12713,1,0,0,0,1,0,0
FleetPanorama,67,27.039796113967896,27.0171,4.750336,,121,10889825,12623,1,0,0,0,1,0,0
FleetPanorama,68,28.081398457288742,28.0487,4.44928,,121,10889825,12623,1,0,0,0,1,0,0
FleetPanorama,69,27.030201628804207,27.0627,4.781056,,121,10889825,12623,1,0,0,0,1,0,0
FleetPanorama,70,26.117304340004921,26.132,4.430848,,121,10889825,12623,1,0,0,0,1,0,0
FleetPanorama,71,25.278996676206589,25.1205,4.471808,,121,10889825,12675,1,0,0,0,1,0,0
FleetPanorama,72,25.834998115897179,25.9922,4.716544,,121,10889825,12713,1,0,0,0,1,0,0
FleetPanorama,73,25.784304365515709,25.73,4.4288,,121,10889825,12623,1,0,0,0,1,0,0
FleetPanorama,74,24.778196588158607,24.7983,4.819968,,121,10889825,12623,1,0,0,0,1,0,0
FleetPanorama,75,26.405002921819687,26.3356,4.45952,,121,10889825,12623,1,0,0,0,1,0,0
FleetPanorama,76,26.441801339387894,26.4878,4.82304,,121,10889825,12623,1,0,0,0,1,0,0
FleetPanorama,77,26.126395910978317,26.0245,4.421632,,121,10889825,12623,1,0,0,0,1,0,0
FleetPanorama,78,26.524199172854424,26.4861,5.110784,,121,10889825,12713,1,0,0,0,1,0,0
FleetPanorama,79,26.058901101350784,26.101,4.409344,,121,10889825,12675,1,0,0,0,1,0,0
FleetPanorama,80,26.857305318117142,26.8336,4.39808,,121,10889825,12623,1,0,0,0,1,0,0
FleetPanorama,81,25.730796158313751,25.5822,4.706304,,121,10889825,12623,1,0,0,0,1,0,0
FleetPanorama,82,28.172697871923447,28.3615,4.385792,,121,10889825,12623,1,0,0,0,1,0,0
FleetPanorama,83,27.922803536057472,27.7285,5.102592,,121,10889825,12623,1,0,0,0,1,0,0
FleetPanorama,84,27.365801855921745,27.5483,4.397056,,121,10889825,12713,1,0,0,0,1,0,0
FleetPanorama,85,29.019096866250038,28.9621,4.385792,,121,10889825,12623,1,0,0,0,1,0,0
FleetPanorama,86,25.41380375623703,25.4387,4.422656,,121,10889825,12623,1,0,0,0,1,0,0
FleetPanorama,87,28.332596644759178,28.2589,4.373504,,121,10889825,12675,1,0,0,0,1,0,0
FleetPanorama,88,28.481299057602882,28.508,4.4533759999999996,,121,10889825,12623,1,0,0,0,1,0,0
FleetPanorama,89,26.617800816893578,26.5482,4.716544,,121,10889825,12623,1,0,0,0,1,0,0
FleetPanorama,90,26.814596727490425,26.8418,4.410368,,121,10889825,12713,1,0,0,0,1,0,0
FleetPanorama,91,26.512302458286285,26.5078,4.407296,,121,10889825,12623,1,0,0,0,1,0,0
FleetPanorama,92,25.669600814580917,25.7144,4.389888,,121,10889825,12623,1,0,0,0,1,0,0
FleetPanorama,93,25.074901059269905,24.994,4.612096,,121,10889825,12623,1,0,0,0,1,0,0
FleetPanorama,94,27.757100760936737,27.7885,4.41856,,121,10889825,12623,1,0,0,0,1,0,0
FleetPanorama,95,27.146300300955772,27.0328,4.442112,,121,10889825,12675,1,0,0,0,1,0,0
FleetPanorama,96,26.3465978205204,26.3819,4.748288,,121,10889825,12713,1,0,0,0,1,0,0
FleetPanorama,97,26.585798710584641,26.6023,4.425728,,121,10889825,12623,1,0,0,0,1,0,0
FleetPanorama,98,25.91940201818943,25.9451,4.795392,,121,10889825,12623,1,0,0,0,1,0,0
FleetPanorama,99,26.425899937748909,26.3697,4.472832,,121,10889825,12623,1,0,0,0,1,0,0
FleetPanorama,100,27.184899896383286,27.1979,4.41856,,121,10889825,12623,1,0,0,0,1,0,0
FleetPanorama,101,26.509296149015427,26.4162,4.905984,,121,10889825,12623,1,0,0,0,1,0,0
FleetPanorama,102,25.930704548954964,26.0095,4.386816,,121,10889825,12713,1,0,0,0,1,0,0
FleetPanorama,103,24.619700387120247,24.6084,5.105664,,121,10889825,12675,1,0,0,0,1,0,0
FleetPanorama,104,27.52390131354332,27.5215,4.386816,,121,10889825,12623,1,0,0,0,1,0,0
FleetPanorama,105,29.778294265270233,29.6596,4.44416,,121,10889825,12623,1,0,0,0,1,0,0
FleetPanorama,106,30.14790266752243,30.2248,5.414912,,121,10889825,12623,1,0,0,0,1,0,0
FleetPanorama,107,28.313301503658295,28.1512,4.481024,,121,10889825,12623,1,0,0,0,1,0,0
FleetPanorama,108,29.157496988773346,29.1885,4.793344,,121,10889825,12713,1,0,0,0,1,0,0
FleetPanorama,109,26.718700304627419,26.8008,5.214208,,121,10889825,12623,1,0,0,0,1,0,0
FleetPanorama,110,26.917502284049988,26.9234,4.854784,,121,10889825,12623,1,0,0,0,1,0,0
FleetPanorama,111,25.210997089743614,24.9861,4.48,,121,10889825,12675,1,0,0,0,1,0,0
FleetPanorama,112,26.414902880787849,26.6343,4.430848,,121,10889825,12623,1,0,0,0,1,0,0
FleetPanorama,113,26.734495535492897,26.5872,4.447232,,121,10889825,12623,1,0,0,0,1,0,0
FleetPanorama,114,26.55300498008728,26.6293,5.701632,,121,10889825,12713,1,0,0,0,1,0,0
FleetPanorama,115,29.213499277830124,29.1546,4.415488,,121,10889825,12623,1,0,0,0,1,0,0
FleetPanorama,116,29.989598318934441,29.9918,4.374528,,121,10889825,12623,1,0,0,0,1,0,0
FleetPanorama,117,27.383100241422653,27.4083,4.41856,,121,10889825,12623,1,0,0,0,1,0,0
FleetPanorama,118,27.643304318189621,27.6468,4.417536,,121,10889825,12623,1,0,0,0,1,0,0
FleetPanorama,119,26.632901281118393,26.5245,4.462592,,121,10889825,12675,1,0,0,0,1,0,0
FleetPanorama,120,26.318296790122986,26.4101,4.38784,,121,10889825,12713,1,0,0,0,1,0,0
FleetPanorama,121,27.104301378130913,26.9548,4.4032,,121,10889825,12623,1,0,0,0,1,0,0
FleetPanorama,122,26.173299178481102,26.2145,5.087232,,121,10889825,12623,1,0,0,0,1,0,0
FleetPanorama,123,27.844799682497978,27.745,4.483072,,121,10889825,12623,1,0,0,0,1,0,0
FleetPanorama,124,28.991999104619026,29.0069,4.806656,,121,10889825,12623,1,0,0,0,1,0,0
FleetPanorama,125,29.829399660229683,29.7653,4.378624,,121,10889825,12623,1,0,0,0,1,0,0
FleetPanorama,126,27.797902002930641,27.8768,4.393984,,121,10889825,12713,1,0,0,0,1,0,0
FleetPanorama,127,27.784999459981918,27.744,4.59776,,121,10889825,12675,1,0,0,0,1,0,0
FleetPanorama,128,26.259196922183037,26.2179,4.412416,,121,10889825,12623,1,0,0,0,1,0,0
FleetPanorama,129,26.6455989331007,26.6658,4.390912,,121,10889825,12623,1,0,0,0,1,0,0
FleetPanorama,130,27.476303279399872,27.507,4.461568,,121,10889825,12623,1,0,0,0,1,0,0
FleetPanorama,131,26.012897491455078,25.884,5.033984,,121,10889825,12623,1,0,0,0,1,0,0
FleetPanorama,132,26.771102100610733,26.6865,4.839424,,121,10889825,12713,1,0,0,0,1,0,0
FleetPanorama,133,27.127997949719429,27.2721,4.426752,,121,10889825,12623,1,0,0,0,1,0,0
FleetPanorama,134,26.081398129463196,25.9498,4.440064,,121,10889825,12623,1,0,0,0,1,0,0
FleetPanorama,135,26.801204308867455,26.8189,4.717568,,121,10889825,12675,1,0,0,0,1,0,0
FleetPanorama,136,26.289498433470726,26.4121,4.436992,,121,10889825,12623,1,0,0,0,1,0,0
FleetPanorama,137,26.132101193070412,25.9704,4.364288,,121,10889825,12623,1,0,0,0,1,0,0
FleetPanorama,138,24.851899594068527,24.9982,5.443584,,121,10889825,12713,1,0,0,0,1,0,0
FleetPanorama,139,25.70580318570137,25.5835,4.378624,,121,10889825,12623,1,0,0,0,1,0,0
FleetPanorama,140,29.690893366932869,29.0084,4.435968,,121,10889825,12623,1,0,0,0,1,0,0
FleetPanorama,141,29.672101140022278,30.3257,4.376576,,121,10889825,12623,1,0,0,0,1,0,0
FleetPanorama,142,27.949504554271698,28.0251,4.424704,,121,10889825,12623,1,0,0,0,1,0,0
FleetPanorama,143,28.878897428512573,28.7547,4.645888,,121,10889825,12675,1,0,0,0,1,0,0
FleetPanorama,144,26.301700621843338,26.4208,4.39808,,121,10889825,12713,1,0,0,0,1,0,0
FleetPanorama,145,29.67439778149128,29.5782,4.484096,,121,10889825,12623,1,0,0,0,1,0,0
FleetPanorama,146,28.994500637054443,29.046,4.426752,,121,10889825,12623,1,0,0,0,1,0,0
FleetPanorama,147,28.652798384428024,28.5709,4.448256,,121,10889825,12623,1,0,0,0,1,0,0
FleetPanorama,148,28.946803882718086,28.986,4.37248,,121,10889825,12623,1,0,0,0,1,0,0
FleetPanorama,149,28.377296403050423,28.2753,4.405248,,121,10889825,12623,1,0,0,0,1,0,0
FleetPanorama,150,29.349299147725105,29.4338,4.908032,,121,10889825,12713,1,0,0,0,1,0,0
FleetPanorama,151,30.70390410721302,30.671,4.663296,,121,10889825,12675,1,0,0,0,1,0,0
FleetPanorama,152,26.767296716570854,26.8087,4.401152,,121,10889825,12623,1,0,0,0,1,0,0
FleetPanorama,153,27.206398546695709,27.1352,4.43392,,121,10889825,12623,1,0,0,0,1,0,0
FleetPanorama,154,25.59320442378521,25.6445,4.733952,,121,10889825,12623,1,0,0,0,1,0,0
FleetPanorama,155,27.825800701975822,27.6571,4.465664,,121,10889825,12623,1,0,0,0,1,0,0
FleetPanorama,156,29.165893793106079,29.2075,5.093376,,121,10889825,12713,1,0,0,0,1,0,0
FleetPanorama,157,29.601402580738068,29.6252,4.435968,,121,10889825,12623,1,0,0,0,1,0,0
FleetPanorama,158,28.1652994453907,28.1698,4.804608,,121,10889825,12623,1,0,0,0,1,0,0
FleetPanorama,159,26.473002508282661,26.32,4.550656,,121,10889825,12675,1,0,0,0,1,0,0
FleetPanorama,160,27.262797579169273,27.4271,4.44928,,121,10889825,12623,1,0,0,0,1,0,0
FleetPanorama,161,27.622200548648834,27.419,5.194752,,121,10889825,12623,1,0,0,0,1,0,0
FleetPanorama,162,26.564497500658035,26.7512,4.436992,,121,10889825,12713,1,0,0,0,1,0,0
FleetPanorama,163,25.949602946639061,25.8753,4.494336,,121,10889825,12623,1,0,0,0,1,0,0
FleetPanorama,164,26.926998049020767,26.9683,4.414464,,121,10889825,12623,1,0,0,0,1,0,0
FleetPanorama,165,27.841603383421898,27.796,4.497408,,121,10889825,12623,1,0,0,0,1,0,0
FleetPanorama,166,25.595400482416153,25.5829,5.131264,,121,10889825,12623,1,0,0,0,1,0,0
FleetPanorama,167,27.129797264933586,27.0499,4.780032,,121,10889825,12675,1,0,0,0,1,0,0
FleetPanorama,168,27.314499020576477,27.4078,4.486144,,121,10889825,12713,1,0,0,0,1,0,0
FleetPanorama,169,27.247598394751549,27.1862,4.455424,,121,10889825,12623,1,0,0,0,1,0,0
FleetPanorama,170,27.006199583411217,27.0487,4.73088,,121,10889825,12623,1,0,0,0,1,0,0
FleetPanorama,171,26.676906272768974,26.6301,4.448256,,121,10889825,12623,1,0,0,0,1,0,0
FleetPanorama,172,27.058100327849388,27.0996,4.866048,,121,10889825,12623,1,0,0,0,1,0,0
FleetPanorama,173,26.24969556927681,26.1084,4.882432,,121,10889825,12623,1,0,0,0,1,0,0
FleetPanorama,174,25.4364013671875,25.5291,4.482048,,121,10889825,12713,1,0,0,0,1,0,0
FleetPanorama,175,26.021698489785194,25.9918,4.42368,,121,10889825,12675,1,0,0,0,1,0,0
FleetPanorama,176,25.581803172826767,25.593,4.473856,,121,10889825,12623,1,0,0,0,1,0,0
FleetPanorama,177,26.638301089406013,26.6153,5.504,,121,10889825,12623,1,0,0,0,1,0,0
FleetPanorama,178,28.758099302649498,28.7464,4.43392,,121,10889825,12623,1,0,0,0,1,0,0
FleetPanorama,179,26.493700221180916,26.387,4.938752,,121,10889825,12623,1,0,0,0,1,0,0
FleetPanorama,180,27.71119587123394,27.818,4.530176,,121,10889825,12713,1,0,0,0,1,0,0
FleetPanorama,181,26.838002726435661,26.7811,4.470784,,121,10889825,12623,1,0,0,0,1,0,0
FleetPanorama,182,28.12100388109684,28.1393,5.037056,,121,10889825,12623,1,0,0,0,1,0,0
FleetPanorama,183,28.417496010661125,28.3613,4.397056,,121,10889825,12675,1,0,0,0,1,0,0
FleetPanorama,184,27.5185015052557,27.5576,4.543488,,121,10889825,12623,1,0,0,0,1,0,0
FleetPanorama,185,28.389696031808853,28.261,4.450304,,121,10889825,12623,1,0,0,0,1,0,0
FleetPanorama,186,27.359502390027046,27.4646,4.509696,,121,10889825,12713,1,0,0,0,1,0,0
FleetPanorama,187,28.466999530792236,28.4125,4.7872,,121,10889825,12623,1,0,0,0,1,0,0
FleetPanorama,188,28.587499633431435,28.5699,4.473856,,121,10889825,12623,1,0,0,0,1,0,0
FleetPanorama,189,27.161996811628342,27.1251,4.432896,,121,10889825,12623,1,0,0,0,1,0,0
FleetPanorama,190,29.388803988695145,29.4169,4.808704,,121,10889825,12623,1,0,0,0,1,0,0
FleetPanorama,191,28.799701482057571,28.6653,4.463616,,121,10889825,12675,1,0,0,0,1,0,0
FleetPanorama,192,27.517998591065407,27.6265,4.487168,,121,10889825,12713,1,0,0,0,1,0,0
FleetPanorama,193,26.947498321533203,26.9246,4.384768,,121,10889825,12623,1,0,0,0,1,0,0
FleetPanorama,194,26.787599548697472,26.833,4.486144,,121,10889825,12623,1,0,0,0,1,0,0
FleetPanorama,195,27.209296822547913,27.1439,4.364288,,121,10889825,12623,1,0,0,0,1,0,0
FleetPanorama,196,26.146300137043,26.1996,4.808704,,121,10889825,12623,1,0,0,0,1,0,0
FleetPanorama,197,26.629803702235222,26.5079,4.388864,,121,10889825,12623,1,0,0,0,1,0,0
FleetPanorama,198,25.992397218942642,26.0541,5.14048,,121,10889825,12713,1,0,0,0,1,0,0
FleetPanorama,199,26.932200416922569,26.9082,4.412416,,121,10889825,12675,1,0,0,0,1,0,0
FleetPanorama,200,26.255002245306969,26.2905,4.820992,,121,10889825,12623,1,0,0,0,1,0,0
FleetPanorama,201,25.570401921868324,25.5138,4.432896,,121,10889825,12623,1,0,0,0,1,0,0
FleetPanorama,202,25.208199396729469,25.2417,4.806656,,121,10889825,12623,1,0,0,0,1,0,0
FleetPanorama,203,27.448100969195366,27.3186,4.475904,,121,10889825,12623,1,0,0,0,1,0,0
FleetPanorama,204,27.535898610949516,27.5942,4.509696,,121,10889825,12713,1,0,0,0,1,0,0
FleetPanorama,205,26.194501668214798,26.1975,4.749312,,121,10889825,12623,1,0,0,0,1,0,0
FleetPanorama,206,25.850595906376839,25.8586,4.489216,,121,10889825,12623,1,0,0,0,1,0,0
FleetPanorama,207,27.071103453636169,27.0085,4.407296,,121,10889825,12675,1,0,0,0,1,0,0
FleetPanorama,208,26.831703260540962,26.8612,4.458496,,121,10889825,12623,1,0,0,0,1,0,0
FleetPanorama,209,24.938292801380157,24.8468,4.716544,,121,10889825,12623,1,0,0,0,1,0,0
FleetPanorama,210,26.457801461219788,26.5471,4.49536,,121,10889825,12713,1,0,0,0,1,0,0
FleetPanorama,211,25.828797370195389,25.7583,4.43904,,121,10889825,12623,1,0,0,0,1,0,0
FleetPanorama,212,25.940200313925743,25.993,5.07392,,121,10889825,12623,1,0,0,0,1,0,0
FleetPanorama,213,26.476006954908371,26.3784,4.399104,,121,10889825,12623,1,0,0,0,1,0,0
FleetPanorama,214,25.377096608281136,25.4317,5.10464,,121,10889825,12623,1,0,0,0,1,0,0
FleetPanorama,215,26.015399023890495,25.8671,4.412416,,121,10889825,12675,1,0,0,0,1,0,0
FleetPanorama,216,28.054103255271912,28.1918,4.795392,,121,10889825,12713,1,0,0,0,1,0,0
FleetPanorama,217,26.26359835267067,26.2119,4.354048,,121,10889825,12623,1,0,0,0,1,0,0
FleetPanorama,218,25.844501331448555,25.7585,4.4533759999999996,,121,10889825,12623,1,0,0,0,1,0,0
FleetPanorama,219,26.300601661205292,26.3649,4.42368,,121,10889825,12623,1,0,0,0,1,0,0
FleetPanorama,220,29.326396062970161,29.364,4.455424,,121,10889825,12623,1,0,0,0,1,0,0
FleetPanorama,221,26.483701542019844,26.2809,5.341184,,121,10889825,12623,1,0,0,0,1,0,0
FleetPanorama,222,27.66529843211174,27.8196,4.43392,,121,10889825,12713,1,0,0,0,1,0,0
FleetPanorama,223,27.978699654340744,27.9331,4.422656,,121,10889825,12675,1,0,0,0,1,0,0
FleetPanorama,224,26.189399883151054,26.2335,5.27872,,121,10889825,12623,1,0,0,0,1,0,0
FleetPanorama,225,26.227600872516632,26.1032,4.429824,,121,10889825,12623,1,0,0,0,1,0,0
FleetPanorama,226,25.781497359275818,25.8838,4.47488,,121,10889825,12623,1,0,0,0,1,0,0
FleetPanorama,227,25.536904111504555,25.4186,4.43392,,121,10889825,12623,1,0,0,0,1,0,0
FleetPanorama,228,27.101494371891022,27.1382,4.402176,,121,10889825,12713,1,0,0,0,1,0,0
FleetPanorama,229,27.747200801968575,27.6172,5.420032,,121,10889825,12623,1,0,0,0,1,0,0
FleetPanorama,230,27.385203167796135,27.5265,4.405248,,121,10889825,12623,1,0,0,0,1,0,0
FleetPanorama,231,27.151396498084068,27.1204,4.795392,,121,10889825,12675,1,0,0,0,1,0,0
FleetPanorama,232,28.345301747322083,28.3677,5.313536,,121,10889825,12623,1,0,0,0,1,0,0
FleetPanorama,233,27.435403317213058,27.2095,4.427776,,121,10889825,12623,1,0,0,0,1,0,0
FleetPanorama,234,27.468699961900711,27.6355,4.982784,,121,10889825,12713,1,0,0,0,1,0,0
FleetPanorama,235,28.381094336509705,28.3739,4.41344,,121,10889825,12623,1,0,0,0,1,0,0
FleetPanorama,236,26.743104681372643,26.7571,4.667392,,121,10889825,12623,1,0,0,0,1,0,0
FleetPanorama,237,25.254698470234871,25.2245,5.450752,,121,10889825,12623,1,0,0,0,1,0,0
FleetPanorama,238,26.826402172446251,26.8158,4.452352,,121,10889825,12623,1,0,0,0,1,0,0
FleetPanorama,239,27.30109915137291,27.1995,4.816896,,121,10889825,12675,1,0,0,0,1,0,0
FleetPanorama,240,27.548199519515038,27.6525,4.470784,,121,10889825,12713,1,0,0,0,1,0,0
FleetPanorama,241,25.749595835804939,25.5663,4.476928,,121,10889825,12623,1,0,0,0,1,0,0
FleetPanorama,242,28.30730564892292,28.4623,4.385792,,121,10889825,12623,1,0,0,0,1,0,0
FleetPanorama,243,27.491297572851181,27.4361,4.380672,,121,10889825,12623,1,0,0,0,1,0,0
FleetPanorama,244,26.503600180149078,26.5471,5.126144,,121,10889825,12623,1,0,0,0,1,0,0
FleetPanorama,245,27.109701186418533,26.8714,4.415488,,121,10889825,12623,1,0,0,0,1,0,0
FleetPanorama,246,25.12279711663723,25.333,4.77696,,121,10889825,12713,1,0,0,0,1,0,0
FleetPanorama,247,25.469303131103516,25.4338,4.406272,,121,10889825,12675,1,0,0,0,1,0,0
FleetPanorama,248,26.712499558925629,26.7205,4.440064,,121,10889825,12623,1,0,0,0,1,0,0
FleetPanorama,249,26.515001431107521,26.4758,4.384768,,121,10889825,12623,1,0,0,0,1,0,0
FleetPanorama,250,26.581497862935066,26.5974,4.621312,,121,10889825,12623,1,0,0,0,1,0,0
FleetPanorama,251,25.491099804639816,25.3849,4.938752,,121,10889825,12623,1,0,0,0,1,0,0
FleetPanorama,252,26.729697361588478,26.8313,4.457472,,121,10889825,12713,1,0,0,0,1,0,0
FleetPanorama,253,25.63219889998436,25.4416,5.085184,,121,10889825,12623,1,0,0,0,1,0,0
FleetPanorama,254,25.895103812217712,26.0654,4.612096,,121,10889825,12623,1,0,0,0,1,0,0
FleetPanorama,255,27.436401695013046,27.386,4.87936,,121,10889825,12675,1,0,0,0,1,0,0
FleetPanorama,256,25.811295956373215,25.8403,5.082112,,121,10889825,12623,1,0,0,0,1,0,0
FleetPanorama,257,26.250800117850304,25.9824,4.44416,,121,10889825,12623,1,0,0,0,1,0,0
FleetPanorama,258,27.204103767871857,27.4343,4.790272,,121,10889825,51985,1,0,0,0,1,0,0
FleetPanorama,259,25.8776992559433,25.8388,4.430848,,121,10889825,32367,1,0,0,0,1,0,0
FleetPanorama,260,26.462698355317116,26.5005,4.436992,,121,10889825,12623,1,0,0,0,1,0,0
FleetPanorama,261,26.628097519278526,26.5446,4.79744,,121,10889825,12623,1,0,0,0,1,0,0
FleetPanorama,262,27.884205803275108,27.9118,4.406272,,121,10889825,12623,1,0,0,0,1,0,0
FleetPanorama,263,25.890398770570755,25.8266,5.164032,,121,10889825,12675,1,0,0,0,1,0,0
FleetPanorama,264,25.905201211571693,25.9587,4.434944,,121,10889825,12713,1,0,0,0,1,0,0
FleetPanorama,265,26.351600885391235,26.2595,4.409344,,121,10889825,12623,1,0,0,0,1,0,0
FleetPanorama,266,26.85919776558876,26.9283,4.466688,,121,10889825,12623,1,0,0,0,1,0,0
FleetPanorama,267,25.909297168254852,25.831,4.448256,,121,10889825,12623,1,0,0,0,1,0,0
FleetPanorama,268,26.549404487013817,26.605,4.477952,,121,10889825,12623,1,0,0,0,1,0,0
FleetPanorama,269,26.627799496054649,26.5206,4.44416,,121,10889825,12623,1,0,0,0,1,0,0
FleetPanorama,270,26.236500591039658,26.2718,5.164032,,121,10889825,12713,1,0,0,0,1,0,0
FleetPanorama,271,26.476196944713593,26.4758,4.43392,,121,10889825,12675,1,0,0,0,1,0,0
FleetPanorama,272,26.294898241758347,26.3019,4.91008,,121,10889825,12623,1,0,0,0,1,0,0
FleetPanorama,273,28.021201491355896,27.9821,4.657152,,121,10889825,12623,1,0,0,0,1,0,0
FleetPanorama,274,29.598299413919449,29.4605,4.502528,,121,10889825,12623,1,0,0,0,1,0,0
FleetPanorama,275,30.392099171876907,30.3158,4.39808,,121,10889825,12623,1,0,0,0,1,0,0
FleetPanorama,276,29.915299266576767,30.0551,4.461568,,121,10889825,12713,1,0,0,0,1,0,0
FleetPanorama,277,29.562903568148613,29.3424,4.41344,,121,10889825,12623,1,0,0,0,1,0,0
FleetPanorama,278,29.276197776198387,29.4986,4.4533759999999996,,121,10889825,12675,1,0,0,0,1,0,0
FleetPanorama,279,29.895903542637825,29.8224,4.42368,,121,10889825,12623,1,0,0,0,1,0,0
FleetPanorama,280,30.61240166425705,30.5505,5.065728,,121,10889825,12623,1,0,0,0,1,0,0
FleetPanorama,281,29.612896963953972,29.6092,4.438016,,121,10889825,12623,1,0,0,0,1,0,0
FleetPanorama,282,29.576700180768967,29.6548,4.960256,,121,10889825,12713,1,0,0,0,1,0,0
FleetPanorama,283,28.079399839043617,27.999,4.80768,,121,10889825,12623,1,0,0,0,1,0,0
FleetPanorama,284,28.771400451660156,28.6248,4.506624,,121,10889825,12623,1,0,0,0,1,0,0
FleetPanorama,285,29.106300324201584,29.2185,4.779008,,121,10889825,12675,1,0,0,0,1,0,0
FleetPanorama,286,27.460899204015732,27.5481,4.466688,,121,10889825,12623,1,0,0,0,1,0,0
FleetPanorama,287,27.51840278506279,27.373,4.76672,,121,10889825,12623,1,0,0,0,1,0,0
FleetPanorama,288,28.170499950647354,28.2944,5.167104,,121,10889825,12713,1,0,0,0,1,0,0
FleetPanorama,289,28.012294322252274,27.8635,4.457472,,121,10889825,12623,1,0,0,0,1,0,0
FleetPanorama,290,29.983304440975189,30.083,4.827136,,121,10889825,12623,1,0,0,0,1,0,0
FleetPanorama,291,28.025496751070023,27.8413,4.728832,,121,10889825,12623,1,0,0,0,1,0,0
FleetPanorama,292,30.335402116179466,30.4992,4.45952,,121,10889825,12623,1,0,0,0,1,0,0
FleetPanorama,293,28.781101107597351,28.685,4.417536,,121,10889825,12675,1,0,0,0,1,0,0
FleetPanorama,294,28.876297175884247,28.9662,4.487168,,121,10889825,12713,1,0,0,0,1,0,0
FleetPanorama,295,30.259197577834129,30.0854,4.419584,,121,10889825,12623,1,0,0,0,1,0,0
FleetPanorama,296,28.635699301958084,28.7802,4.791296,,121,10889825,12623,1,0,0,0,1,0,0
FleetPanorama,297,28.006406500935555,27.9294,4.42368,,121,10889825,12623,1,0,0,0,1,0,0
FleetPanorama,298,27.327699586749077,27.2921,4.4032,,121,10889825,12623,1,0,0,0,1,0,0
FleetPanorama,299,29.648398980498314,29.5801,4.431872,,121,10889825,12623,1,0,0,0,1,0,0
FleetPanorama,300,29.219897463917732,29.3452,4.422656,,121,10889825,12765,1,0,0,0,1,0,0
FleetPanorama,301,27.75140292942524,27.6896,4.984832,,121,10889825,12623,1,0,0,0,1,0,0
FleetPanorama,302,27.920400723814964,27.9611,4.726784,,121,10889825,12623,1,0,0,0,1,0,0
FleetPanorama,303,27.844592928886414,27.7768,4.39296,,121,10889825,12623,1,0,0,0,1,0,0
FleetPanorama,304,28.336904942989349,28.3764,4.847616,,121,10889825,12623,1,0,0,0,1,0,0
FleetPanorama,305,29.241198673844337,29.1321,4.391936,,121,10889825,12623,1,0,0,0,1,0,0
FleetPanorama,306,28.0551016330719,28.1603,4.463616,,121,10889825,12713,1,0,0,0,1,0,0
FleetPanorama,307,27.538597583770752,27.427,4.393984,,121,10889825,12623,1,0,0,0,1,0,0
FleetPanorama,308,28.338797390460968,28.4173,4.881408,,121,10889825,12675,1,0,0,0,1,0,0
FleetPanorama,309,29.291603714227676,29.1815,4.396032,,121,10889825,12623,1,0,0,0,1,0,0
FleetPanorama,310,29.96019646525383,30.0195,4.475904,,121,10889825,12623,1,0,0,0,1,0,0
FleetPanorama,311,29.801204800605774,29.6934,4.356096,,121,10889825,12623,1,0,0,0,1,0,0
FleetPanorama,312,29.469897970557213,29.5818,4.524032,,121,10889825,12713,1,0,0,0,1,0,0
FleetPanorama,313,29.5563992112875,29.4685,4.80768,,121,10889825,12623,1,0,0,0,1,0,0
FleetPanorama,314,31.352799385786057,31.3366,4.450304,,121,10889825,12623,1,0,0,0,1,0,0
FleetPanorama,315,33.726900815963745,33.6984,4.434944,,121,10889825,12675,1,0,0,0,1,0,0
FleetPanorama,316,30.805705115199089,30.8013,4.470784,,121,10889825,12623,1,0,0,0,1,0,0
FleetPanorama,317,31.772401183843613,31.7994,5.117952,,121,10889825,12713,1,0,0,0,1,0,0
FleetPanorama,318,30.040299519896507,30.0658,4.4533759999999996,,121,10889825,12623,1,0,0,0,1,0,0
FleetPanorama,319,29.399603605270386,29.3447,5.128192,,121,10889825,12623,1,0,0,0,1,0,0
FleetPanorama,320,29.538797214627266,29.5681,4.478976,,121,10889825,12623,1,0,0,0,1,0,0
FleetPanorama,321,30.3616002202034,30.1379,4.656128,,121,10889825,12623,1,0,0,0,1,0,0
FleetPanorama,322,30.144698917865753,30.338,4.996096,,121,10889825,12765,1,0,0,0,1,0,0
FleetPanorama,323,30.894501134753227,30.8418,4.393984,,121,10889825,12623,1,0,0,0,1,0,0
FleetPanorama,324,31.527500599622726,31.472,4.875264,,121,10889825,12623,1,0,0,0,1,0,0
FleetPanorama,325,31.081894412636757,31.1008,4.630528,,121,10889825,12623,1,0,0,0,1,0,0
FleetPanorama,326,31.516604125499725,31.4752,4.4533759999999996,,121,10889825,12623,1,0,0,0,1,0,0
FleetPanorama,327,29.76510114967823,29.7825,4.865024,,121,10889825,12713,1,0,0,0,1,0,0
FleetPanorama,328,29.586898162961006,29.6426,4.511744,,121,10889825,12623,1,0,0,0,1,0,0
FleetPanorama,329,29.9111045897007,29.8382,4.39296,,121,10889825,12675,1,0,0,0,1,0,0
FleetPanorama,330,29.467098414897919,29.4998,4.900864,,121,10889825,12623,1,0,0,0,1,0,0
FleetPanorama,331,29.838498681783676,29.7789,4.410368,,121,10889825,12623,1,0,0,0,1,0,0
FleetPanorama,332,31.913500279188156,31.8783,4.473856,,121,10889825,12623,1,0,0,0,1,0,0
FleetPanorama,333,28.705399483442307,28.609,4.417536,,121,10889825,12713,1,0,0,0,1,0,0
FleetPanorama,334,29.132099822163582,29.3046,4.476928,,121,10889825,12623,1,0,0,0,1,0,0
FleetPanorama,335,28.241299092769623,28.093,4.41856,,121,10889825,12623,1,0,0,0,1,0,0
FleetPanorama,336,29.636401683092117,29.7449,5.338112,,121,10889825,12675,1,0,0,0,1,0,0
FleetPanorama,337,27.592403814196587,27.5169,4.457472,,121,10889825,12623,1,0,0,0,1,0,0
FleetPanorama,338,27.047399431467056,26.8859,4.883456,,121,10889825,12623,1,0,0,0,1,0,0
FleetPanorama,339,27.179896831512451,27.2425,4.422656,,121,10889825,12713,1,0,0,0,1,0,0
FleetPanorama,340,28.682298958301544,28.7432,4.498432,,121,10889825,12623,1,0,0,0,1,0,0
FleetPanorama,341,29.994700103998184,29.9937,5.385216,,121,10889825,12623,1,0,0,0,1,0,0
FleetPanorama,342,28.38350273668766,28.4326,4.543488,,121,10889825,12623,1,0,0,0,1,0,0
FleetPanorama,343,30.08599765598774,29.9997,4.816896,,121,10889825,12623,1,0,0,0,1,0,0
FleetPanorama,344,28.903400525450706,28.8796,4.852736,,121,10889825,12675,1,0,0,0,1,0,0
FleetPanorama,345,30.005499720573425,29.9953,4.396032,,121,10889825,12713,1,0,0,0,1,0,0
FleetPanorama,346,27.782503515481949,27.8721,4.79232,,121,10889825,12623,1,0,0,0,1,0,0
FleetPanorama,347,29.208099469542503,29.1444,4.447232,,121,10889825,12623,1,0,0,0,1,0,0
FleetPanorama,348,29.744699597358704,29.7832,4.502528,,121,10889825,12623,1,0,0,0,1,0,0
FleetPanorama,349,30.070194974541664,29.9758,4.767744,,121,10889825,12623,1,0,0,0,1,0,0
FleetPanorama,350,30.534600839018822,30.4951,4.466688,,121,10889825,12623,1,0,0,0,1,0,0
FleetPanorama,351,28.981497511267662,28.9446,4.818944,,121,10889825,12765,1,0,0,0,1,0,0
FleetPanorama,352,29.357900843024254,29.4684,4.492288,,121,10889825,12623,1,0,0,0,1,0,0
FleetPanorama,353,28.624702244997025,28.5306,4.378624,,121,10889825,12623,1,0,0,0,1,0,0
FleetPanorama,354,27.187500149011612,27.2745,4.473856,,121,10889825,12623,1,0,0,0,1,0,0
FleetPanorama,355,28.046002611517906,27.9645,4.406272,,121,10889825,12623,1,0,0,0,1,0,0
FleetPanorama,356,27.541199699044228,27.5263,4.514816,,121,10889825,12623,1,0,0,0,1,0,0
FleetPanorama,357,26.402097195386887,26.4165,4.745216,,121,10889825,12713,1,0,0,0,1,0,0
FleetPanorama,358,26.447102427482605,26.4463,4.45952,,121,10889825,12623,1,0,0,0,1,0,0
FleetPanorama,359,26.831399649381638,26.8008,4.745216,,121,10889825,12675,1,0,0,0,1,0,0
FleetPanorama,360,26.433998718857765,26.4666,4.473856,,121,10889825,12623,1,0,0,0,1,0,0
FleetPanorama,361,25.399001315236092,25.3842,4.371456,,121,10889825,12623,1,0,0,0,1,0,0
FleetPanorama,362,26.506902649998665,26.4363,4.493312,,121,10889825,12623,1,0,0,0,1,0,0
FleetPanorama,363,27.54499763250351,27.4998,4.44416,,121,10889825,12713,1,0,0,0,1,0,0
FleetPanorama,364,28.465298935770988,28.5557,4.7616,,121,10889825,12623,1,0,0,0,1,0,0
FleetPanorama,365,27.876701205968857,27.759,4.40832,,121,10889825,12623,1,0,0,0,1,0,0
FleetPanorama,366,26.741603389382362,26.8516,4.4544,,121,10889825,12623,1,0,0,0,1,0,0
FleetPanorama,367,27.437897399067879,27.3775,4.364288,,121,10889825,12675,1,0,0,0,1,0,0
FleetPanorama,368,26.613300666213036,26.4725,4.473856,,121,10889825,12623,1,0,0,0,1,0,0
FleetPanorama,369,27.009198442101479,27.0625,4.656128,,121,10889825,12713,1,0,0,0,1,0,0
FleetPanorama,370,27.226701378822327,27.3222,4.488192,,121,10889825,12623,1,0,0,0,1,0,0
FleetPanorama,371,26.353402063250542,26.1754,5.09952,,121,10889825,12623,1,0,0,0,1,0,0
FleetPanorama,372,26.863301172852516,27.0114,4.727808,,121,10889825,12623,1,0,0,0,1,0,0
FleetPanorama,373,26.182595640420914,26.1479,4.42368,,121,10889825,12623,1,0,0,0,1,0,0
FleetPanorama,374,26.541098952293396,26.4839,4.471808,,121,10889825,12623,1,0,0,0,1,0,0
FleetPanorama,375,25.868602097034454,25.8985,4.39296,,121,10889825,12765,1,0,0,0,1,0,0
FleetPanorama,376,26.775503531098366,26.7973,4.825088,,121,10889825,12623,1,0,0,0,1,0,0
FleetPanorama,377,26.998300105333328,26.9267,4.36736,,121,10889825,12623,1,0,0,0,1,0,0
FleetPanorama,378,28.846796602010727,28.8469,4.79744,,121,10889825,12623,1,0,0,0,1,0,0
FleetPanorama,379,28.686599805951118,28.6814,4.356096,,121,10889825,12623,1,0,0,0,1,0,0
FleetPanorama,380,29.200304299592972,29.1268,4.472832,,121,10889825,12623,1,0,0,0,1,0,0
FleetPanorama,381,28.782298788428307,28.7994,4.390912,,121,10889825,12713,1,0,0,0,1,0,0
FleetPanorama,382,27.388598769903183,27.4005,4.451328,,121,10889825,12623,1,0,0,0,1,0,0
FleetPanorama,383,27.201898396015167,27.2029,4.43904,,121,10889825,12675,1,0,0,0,1,0,0
FleetPanorama,384,26.214605197310448,26.2484,5.03296,,121,10889825,12623,1,0,0,0,1,0,0
FleetPanorama,385,25.873299688100815,25.6954,4.43904,,121,10889825,12623,1,0,0,0,1,0,0
FleetPanorama,386,27.185296639800072,27.2677,4.718592,,121,10889825,12623,1,0,0,0,1,0,0
FleetPanorama,387,27.356002479791641,27.3774,4.460544,,121,10889825,12713,1,0,0,0,1,0,0
FleetPanorama,388,26.509296149015427,26.5287,4.75648,,121,10889825,12623,1,0,0,0,1,0,0
FleetPanorama,389,26.236806064844131,26.2113,4.832256,,121,10889825,12623,1,0,0,0,1,0,0
FleetPanorama,390,26.874100789427757,26.8639,4.4544,,121,10889825,12623,1,0,0,0,1,0,0
FleetPanorama,391,25.414993986487389,25.3827,4.865024,,121,10889825,12675,1,0,0,0,1,0,0
FleetPanorama,392,27.058100327849388,26.989,4.494336,,121,10889825,12623,1,0,0,0,1,0,0
FleetPanorama,393,25.561202317476273,25.6133,4.37248,,121,10889825,12713,1,0,0,0,1,0,0
FleetPanorama,394,24.977501481771469,25.0182,4.499456,,121,10889825,12623,1,0,0,0,1,0,0
FleetPanorama,395,24.867000058293343,24.8446,4.4032,,121,10889825,12623,1,0,0,0,1,0,0
FleetPanorama,396,26.482801884412766,26.4382,4.868096,,121,10889825,12623,1,0,0,0,1,0,0
FleetPanorama,397,25.904498994350433,25.9314,4.386816,,121,10889825,12623,1,0,0,0,1,0,0
FleetPanorama,398,27.392396703362465,27.2399,5.746688,,121,10889825,12623,1,0,0,0,1,0,0
FleetPanorama,399,27.294302359223366,27.4079,4.406272,,121,10889825,12765,1,0,0,0,1,0,0
FleetPanorama,400,28.1692948192358,28.1296,5.182464,,121,10889825,12623,1,0,0,0,1,0,0
FleetPanorama,401,27.819301933050156,27.825,4.409344,,121,10889825,12623,1,0,0,0,1,0,0
FleetPanorama,402,27.765803039073944,27.7039,4.864,,121,10889825,12623,1,0,0,0,1,0,0
FleetPanorama,403,26.796994730830193,26.8762,4.339712,,121,10889825,12623,1,0,0,0,1,0,0
FleetPanorama,404,28.398603200912476,28.249,4.483072,,121,10889825,12623,1,0,0,0,1,0,0
FleetPanorama,405,26.638498529791832,26.7749,5.083136,,121,10889825,12713,1,0,0,0,1,0,0
FleetPanorama,406,25.82390233874321,25.7172,4.56192,,121,10889825,12623,1,0,0,0,1,0,0
FleetPanorama,407,25.126898661255836,25.2082,4.749312,,121,10889825,12675,1,0,0,0,1,0,0
FleetPanorama,408,27.864597737789154,27.6157,4.545536,,121,10889825,12623,1,0,0,0,1,0,0
FleetPanorama,409,26.138797402381897,26.3234,4.365312,,121,10889825,12623,1,0,0,0,1,0,0
FleetPanorama,410,25.970904156565666,25.8737,4.511744,,121,10889825,12623,1,0,0,0,1,0,0
FleetPanorama,411,24.56359751522541,24.6622,4.380672,,121,10889825,12713,1,0,0,0,1,0,0
FleetPanorama,412,25.705398991703987,25.6702,5.516288,,121,10889825,12623,1,0,0,0,1,0,0
FleetPanorama,413,26.89649909734726,26.9001,4.348928,,121,10889825,12623,1,0,0,0,1,0,0
FleetPanorama,414,26.345202699303627,26.3051,5.190656,,121,10889825,12623,1,0,0,0,1,0,0
FleetPanorama,415,26.704302057623863,26.6759,4.677632,,121,10889825,12675,1,0,0,0,1,0,0
FleetPanorama,416,25.621095672249794,25.5717,4.872192,,121,10889825,12623,1,0,0,0,1,0,0
FleetPanorama,417,27.715299278497696,27.7833,4.389888,,121,10889825,12713,1,0,0,0,1,0,0
FleetPanorama,418,28.048703446984291,28.0008,4.475904,,121,10889825,12623,1,0,0,0,1,0,0
FleetPanorama,419,25.568196550011635,25.605,4.399104,,121,10889825,12623,1,0,0,0,1,0,0
FleetPanorama,420,27.80570462346077,27.7441,4.405248,,121,10889825,12623,1,0,0,0,1,0,0
FleetPanorama,421,25.727197527885437,25.7607,4.389888,,121,10889825,12623,1,0,0,0,1,0,0
FleetPanorama,422,25.53340420126915,25.4048,4.764672,,121,10889825,12623,1,0,0,0,1,0,0
FleetPanorama,423,27.745500206947327,27.8463,4.384768,,121,10889825,12765,1,0,0,0,1,0,0
FleetPanorama,424,28.28030101954937,28.2337,4.844544,,121,10889825,12623,1,0,0,0,1,0,0
FleetPanorama,425,27.594195678830147,27.6362,5.010432,,121,10889825,12623,1,0,0,0,1,0,0
FleetPanorama,426,26.764499023556709,26.555,4.507648,,121,10889825,12623,1,0,0,0,1,0,0
FleetPanorama,427,27.223199605941772,27.3952,4.46464,,121,10889825,12623,1,0,0,0,1,0,0
FleetPanorama,428,29.571400955319405,29.4423,4.395008,,121,10889825,12623,1,0,0,0,1,0,0
FleetPanorama,429,27.824901044368744,27.9336,4.699136,,121,10889825,12713,1,0,0,0,1,0,0
FleetPanorama,430,27.369700372219086,27.3165,4.389888,,121,10889825,12623,1,0,0,0,1,0,0
FleetPanorama,431,26.361402124166489,26.2626,4.498432,,121,10889825,12675,1,0,0,0,1,0,0
FleetPanorama,432,27.925198897719383,28.0115,4.391936,,121,10889825,12623,1,0,0,0,1,0,0
FleetPanorama,433,28.268897905945778,28.2921,4.861952,,121,10889825,12623,1,0,0,0,1,0,0
FleetPanorama,434,26.704302057623863,26.6025,4.954112,,121,10889825,12623,1,0,0,0,1,0,0
FleetPanorama,435,26.647498831152916,26.6841,4.414464,,121,10889825,12713,1,0,0,0,1,0,0
FleetPanorama,436,25.891503319144249,25.9016,4.47488,,121,10889825,12623,1,0,0,0,1,0,0
FleetPanorama,437,26.605796068906784,26.605,4.415488,,121,10889825,12623,1,0,0,0,1,0,0
FleetPanorama,438,45.82500085234642,45.7488,4.466688,,121,10889825,12623,1,0,0,0,1,0,0
FleetPanorama,439,27.026800438761711,26.8439,4.412416,,121,10889825,12675,1,0,0,0,1,0,0
FleetPanorama,440,27.258403599262238,27.4647,4.46464,,121,10889825,12713,1,0,0,0,1,0,0
FleetPanorama,441,26.94239653646946,26.9395,4.417536,,121,10889825,17756,1,0,0,0,1,0,0
FleetPanorama,442,28.958801180124283,28.9352,4.732928,,121,10889825,12623,1,0,0,0,1,0,0
FleetPanorama,443,28.334600850939751,28.2891,4.415488,,121,10889825,12623,1,0,0,0,1,0,0
FleetPanorama,444,27.240199968218803,27.2721,5.121024,,121,10889825,12623,1,0,0,0,1,0,0
FleetPanorama,445,26.720302179455757,26.6527,4.401152,,121,10889825,12623,1,0,0,0,1,0,0
FleetPanorama,446,27.089696377515793,27.0642,4.497408,,121,10889825,12713,1,0,0,0,1,0,0
FleetPanorama,447,27.122598141431808,27.1609,4.790272,,121,10889825,12675,1,0,0,0,1,0,0
FleetPanorama,448,26.520904153585434,26.4995,4.486144,,121,10889825,12623,1,0,0,0,1,0,0
FleetPanorama,449,26.908397674560547,26.9642,4.808704,,121,10889825,12623,1,0,0,0,1,0,0
FleetPanorama,450,27.722002938389778,27.6423,4.452352,,121,10889825,12623,1,0,0,0,1,0,0
FleetPanorama,451,28.828302398324013,28.7159,4.44416,,121,10889825,12623,1,0,0,0,1,0,0
FleetPanorama,452,28.494395315647125,28.5829,4.481024,,121,10889825,12713,1,0,0,0,1,0,0
FleetPanorama,453,27.90520153939724,27.9252,4.420608,,121,10889825,12623,1,0,0,0,1,0,0
FleetPanorama,454,29.033899307250977,28.9733,4.657152,,121,10889825,12623,1,0,0,0,1,0,0
FleetPanorama,455,27.766801416873932,27.838,4.656128,,121,10889825,12675,1,0,0,0,1,0,0
FleetPanorama,456,26.959098875522614,26.9159,4.733952,,121,10889825,12623,1,0,0,0,1,0,0
FleetPanorama,457,28.087202459573746,28.0548,4.39808,,121,10889825,12623,1,0,0,0,1,0,0
FleetPanorama,458,26.341900229454041,26.3721,5.076992,,121,10889825,12713,1,0,0,0,1,0,0
FleetPanorama,459,26.126297190785408,26.1057,4.390912,,121,10889825,12623,1,0,0,0,1,0,0
FleetPanorama,460,27.055704966187477,26.8517,4.410368,,121,10889825,12623,1,0,0,0,1,0,0
FleetPanorama,461,26.127997785806656,26.3524,4.405248,,121,10889825,12623,1,0,0,0,1,0,0
FleetPanorama,462,26.731101796031,26.6512,4.42368,,121,10889825,12623,1,0,0,0,1,0,0
FleetPanorama,463,27.560997754335403,27.5129,4.745216,,121,10889825,12675,1,0,0,0,1,0,0
FleetPanorama,464,26.079904288053513,26.1326,4.733952,,121,10889825,12713,1,0,0,0,1,0,0
FleetPanorama,465,26.1984970420599,26.1929,4.404224,,121,10889825,12623,1,0,0,0,1,0,0
FleetPanorama,466,26.839399710297585,26.8222,4.719616,,121,10889825,12623,1,0,0,0,1,0,0
FleetPanorama,467,25.761500000953674,25.7684,4.402176,,121,10889825,12623,1,0,0,0,1,0,0
FleetPanorama,468,25.8099976927042,25.7769,5.124096,,121,10889825,12623,1,0,0,0,1,0,0
FleetPanorama,469,27.239101007580757,27.2047,4.41856,,121,10889825,12623,1,0,0,0,1,0,0
FleetPanorama,470,26.89419686794281,26.8776,4.42368,,121,10889825,12713,1,0,0,0,1,0,0
FleetPanorama,471,25.930704548954964,25.9831,4.348928,,121,10889825,12675,1,0,0,0,1,0,0
FleetPanorama,472,27.70579606294632,27.6269,4.426752,,121,10889825,12623,1,0,0,0,1,0,0
FleetPanorama,473,26.856901124119759,26.7511,4.770816,,121,10889825,12623,1,0,0,0,1,0,0
FleetPanorama,474,27.30260044336319,27.4052,4.742144,,121,10889825,12623,1,0,0,0,1,0,0
FleetPanorama,475,26.607198640704155,26.5654,4.391936,,121,10889825,12623,1,0,0,0,1,0,0
FleetPanorama,476,26.655003428459167,26.685,5.054464,,121,10889825,12713,1,0,0,0,1,0,0
FleetPanorama,477,25.402097031474113,25.4208,4.360192,,121,10889825,12623,1,0,0,0,1,0,0
FleetPanorama,478,25.16770176589489,25.103,4.83328,,121,10889825,12623,1,0,0,0,1,0,0
FleetPanorama,479,25.724794715642929,25.7683,4.447232,,121,10889825,12675,1,0,0,0,1,0,0
