phase,frame,frameMs,mainThreadMs,gpuMs,drawCalls,setPassCalls,triangles,gcBytes,focused,targetsDestroyed,legacyEffects,reactorEffects,realtimeLights,particles,reflectionStrength
NearCombat,0,14.562797732651234,14.7574,3.318784,,96,7991545,28947,0,0,0,0,1,0,0
NearCombat,1,13.849100098013878,13.8447,3.674112,,96,7991545,12671,0,0,0,0,1,0,0
NearCombat,2,13.901601545512676,13.8843,3.32288,,96,7991545,12623,0,0,0,0,1,0,0
NearCombat,3,13.826700858771801,13.7924,0.012288,,96,7991545,12623,0,0,0,0,1,0,0
NearCombat,4,13.876997865736485,13.9076,3.726336,,96,7991545,12623,0,0,0,0,1,0,0
NearCombat,5,14.109098352491856,13.9896,3.371008,,96,7991545,12623,0,0,0,0,1,0,0
NearCombat,6,13.61439935863018,13.6608,3.330048,,96,7991545,12623,0,0,0,0,1,0,0
NearCombat,7,14.314002357423306,14.2279,3.721216,,96,7991545,12623,0,0,0,0,1,0,0
NearCombat,8,13.044402003288269,13.1805,3.299328,,96,7991545,12623,0,0,0,0,1,0,0
NearCombat,9,15.163294039666653,15.135,3.36384,,96,7991545,12623,0,0,0,0,1,0,0
NearCombat,10,14.947002753615379,14.8682,3.321856,,96,7991545,12623,0,0,0,0,1,0,0
NearCombat,11,13.96570261567831,13.9817,3.31776,,96,7991545,12713,0,0,0,0,1,0,0
NearCombat,12,13.464895077049732,13.5006,3.380224,,96,7991545,12623,0,0,0,0,1,0,0
NearCombat,13,13.470500707626343,13.4679,3.369984,,96,7991545,12623,0,0,0,0,1,0,0
NearCombat,14,13.485303148627281,13.4713,3.35872,,96,7991545,12623,0,0,0,0,1,0,0
NearCombat,15,12.885601259768009,12.8481,3.303424,,96,7991545,12675,0,0,0,0,1,0,0
NearCombat,16,14.093296602368355,14.086,3.33312,,96,7991545,12623,0,0,0,0,1,0,0
NearCombat,17,14.31280467659235,14.3173,3.344384,,96,7991545,12623,0,0,0,0,1,0,0
NearCombat,18,14.740794897079468,14.6906,3.683328,,96,7991545,12623,0,0,0,0,1,0,0
NearCombat,19,15.731200575828552,15.7183,3.29728,,96,7991545,12623,0,0,0,0,1,0,0
NearCombat,20,14.964604750275612,14.8544,3.349504,,96,7991545,12623,0,0,0,0,1,0,0
NearCombat,21,14.322300441563129,14.403,3.3536,,96,7991545,12623,0,0,0,0,1,0,0
NearCombat,22,13.978797942399979,14.0154,3.331072,,96,7991545,12713,0,0,0,0,1,0,0
NearCombat,23,14.19299840927124,14.1678,3.298304,,96,7991545,12623,0,0,0,0,1,0,0
NearCombat,24,13.792701065540314,13.826,3.31776,,96,7991545,12623,0,0,0,0,1,0,0
NearCombat,25,13.683595694601536,13.6774,3.345408,,96,7991545,12623,0,0,0,0,1,0,0
NearCombat,26,15.523405745625496,15.496,3.366912,,96,7991545,12623,0,0,0,0,1,0,0
NearCombat,27,15.228096395730972,15.1786,3.316736,,96,7991545,12623,0,0,0,0,1,0,0
NearCombat,28,17.005002126097679,16.9863,3.688448,,96,7991545,12623,0,0,0,0,1,0,0
NearCombat,29,15.889300033450127,15.9119,3.378176,,96,7991545,12675,0,0,0,0,1,0,0
NearCombat,30,15.389200299978256,15.3929,3.639296,,96,7991545,12623,0,0,0,0,1,0,0
NearCombat,31,15.445897355675697,15.3168,3.326976,,96,7991545,12623,0,0,0,0,1,0,0
NearCombat,32,16.037102788686752,16.1446,3.357696,,96,7991545,12713,0,0,0,0,1,0,0
NearCombat,33,15.991495922207832,15.9718,3.323904,,96,7991545,12623,0,0,0,0,1,0,0
NearCombat,34,16.666000708937645,16.653,3.328,,96,7991545,12623,0,0,0,0,1,0,0
NearCombat,35,17.6456980407238,17.6034,3.319808,,96,7991545,12623,0,0,0,0,1,0,0
NearCombat,36,16.387797892093658,16.3554,3.323904,,96,7991545,12623,0,0,0,0,1,0,0
NearCombat,37,15.481703914701939,15.5554,3.296256,,96,7991545,12623,0,0,0,0,1,0,0
NearCombat,38,14.773100614547729,14.7336,3.335168,,96,7991545,12623,0,0,0,0,1,0,0
NearCombat,39,14.536997303366661,14.5176,3.354624,,96,7991545,12623,0,0,0,0,1,0,0
NearCombat,40,15.08020143955946,15.1118,3.326976,,96,7991545,12623,0,0,0,0,1,0,0
NearCombat,41,14.598398469388485,14.5236,3.33312,,96,7991545,12623,0,0,0,0,1,0,0
NearCombat,42,14.033702202141285,14.1012,3.339264,,96,7991545,12765,0,0,0,0,1,0,0
NearCombat,43,14.660303480923176,14.5958,3.33824,,96,7991545,12623,0,0,0,0,1,0,0
NearCombat,44,14.760494232177734,14.7985,3.32288,,96,7991545,12623,0,0,0,0,1,0,0
NearCombat,45,14.138201251626015,14.1381,3.35872,,96,7991545,12623,0,0,0,0,1,0,0
NearCombat,46,13.600701466202736,13.6042,3.377152,,96,7991545,12623,0,0,0,0,1,0,0
NearCombat,47,13.353600166738033,13.3249,3.35872,,96,7991545,12623,0,0,0,0,1,0,0
NearCombat,48,16.638597473502159,16.4838,3.65056,,96,7991545,17949,0,0,0,0,1,0,0
NearCombat,49,18.283801153302193,18.2974,3.375104,,111,8116253,12623,0,0,0,0,1,0,0
NearCombat,50,17.192000523209572,17.2594,3.429376,,110,8110937,12623,0,0,0,0,1,0,0
NearCombat,51,18.115101382136345,18.0329,3.595264,,108,8027921,12623,0,0,0,0,1,0,0
NearCombat,52,16.370600089430809,16.4628,3.769344,,109,8020765,12713,0,0,0,0,1,0,0
NearCombat,53,16.029499471187592,15.9905,3.838976,,109,8059797,12623,0,0,0,0,1,0,0
NearCombat,54,14.445004053413868,14.4163,3.90144,,109,8046401,12623,0,0,0,0,1,0,0
NearCombat,55,14.692198485136032,14.7437,3.396608,,108,7991569,12675,0,0,0,0,1,0,0
NearCombat,56,14.865695498883724,14.8588,3.393536,,252,7991857,12623,0,0,0,0,1,0,0
NearCombat,57,15.689101070165634,15.6205,3.355648,,103,7991559,12623,0,0,0,0,1,0,0
NearCombat,58,14.407199807465076,14.4593,3.748864,,96,7991545,12623,0,0,0,0,1,0,0
NearCombat,59,14.655498787760735,14.6596,3.332096,,96,7991545,12623,0,0,0,0,1,0,0
NearCombat,60,13.807001523673534,13.8065,4.091904,,96,7991545,12623,0,0,0,0,1,0,0
NearCombat,61,15.552897937595844,15.4438,3.311616,,96,7991545,12623,0,0,0,0,1,0,0
NearCombat,62,15.661302953958511,15.7516,3.807232,,96,7991545,12713,0,0,0,0,1,0,0
NearCombat,63,14.272597618401051,14.2557,4.064256,,96,7991545,12623,0,0,0,0,1,0,0
NearCombat,64,14.170302078127861,14.1652,3.776512,,96,7991545,12623,0,0,0,0,1,0,0
NearCombat,65,14.937499538064003,14.7705,3.402752,,96,7991545,12623,0,0,0,0,1,0,0
NearCombat,66,15.554804354906082,15.6994,3.663872,,96,7991545,12623,0,0,0,0,1,0,0
NearCombat,67,13.891695067286491,13.8851,3.800064,,96,7991545,12623,0,0,0,0,1,0,0
NearCombat,68,15.263300389051437,15.2556,3.621888,,96,7991545,12623,0,0,0,0,1,0,0
NearCombat,69,14.212500303983688,14.1822,4.104192,,96,7991545,12675,0,0,0,0,1,0,0
NearCombat,70,14.959899708628654,14.9073,3.396608,,96,7991545,12623,0,0,0,0,1,0,0
NearCombat,71,16.131604090332985,16.1004,3.801088,,96,7991545,12623,0,0,0,0,1,0,0
NearCombat,72,14.430300332605839,14.4511,3.936256,,96,7991545,12623,0,0,0,0,1,0,0
NearCombat,73,14.687294140458107,14.6908,3.369984,,96,7991545,12713,0,0,0,0,1,0,0
NearCombat,74,13.5428998619318,13.5906,3.34848,,96,7991545,12623,0,0,0,0,1,0,0
NearCombat,75,14.344501309096813,14.3357,3.357696,,96,7991545,12623,0,0,0,0,1,0,0
NearCombat,76,14.32170532643795,14.3162,3.75296,,96,7991545,12623,0,0,0,0,1,0,0
NearCombat,77,15.626395121216774,15.5876,3.326976,,96,7991545,12623,0,0,0,0,1,0,0
NearCombat,78,14.734098687767982,14.6889,3.739648,,96,7991545,12623,0,0,0,0,1,0,0
NearCombat,79,14.104102738201618,14.1624,4.084736,,96,7991545,12623,0,0,0,0,1,0,0
NearCombat,80,13.388498686254025,13.3455,3.306496,,96,7991545,12623,0,0,0,0,1,0,0
NearCombat,81,13.7339998036623,13.7479,3.776512,,96,7991545,12623,0,0,0,0,1,0,0
NearCombat,82,13.826304115355015,13.8362,3.380224,,96,7991545,12623,0,0,0,0,1,0,0
NearCombat,83,14.669798314571381,14.584,3.388416,,96,7991545,12675,0,0,0,0,1,0,0
NearCombat,84,14.03419766575098,14.0951,3.77344,,96,7991545,12713,0,0,0,0,1,0,0
NearCombat,85,14.096102677285671,14.0227,3.753984,,96,7991545,12623,0,0,0,0,1,0,0
NearCombat,86,16.440894454717636,16.4751,3.418112,,96,7991545,12623,0,0,0,0,1,0,0
NearCombat,87,15.538902953267097,15.5615,3.429376,,96,7991545,12623,0,0,0,0,1,0,0
NearCombat,88,14.50580358505249,14.4802,3.3792,,96,7991545,12623,0,0,0,0,1,0,0
NearCombat,89,14.905896037817001,14.8737,3.396608,,96,7991545,12623,0,0,0,0,1,0,0
NearCombat,90,14.534403569996357,14.4233,3.362816,,96,7991545,12623,0,0,0,0,1,0,0
NearCombat,91,15.435097739100456,15.5508,3.366912,,96,7991545,12623,0,0,0,0,1,0,0
NearCombat,92,14.63959738612175,14.6448,3.341312,,96,7991545,12623,0,0,0,0,1,0,0
NearCombat,93,13.736805878579617,13.6968,3.35872,,96,7991545,12623,0,0,0,0,1,0,0
NearCombat,94,13.045393861830235,13.0042,3.36384,,96,7991545,12623,0,0,0,0,1,0,0
NearCombat,95,13.752699829638004,13.8215,3.642368,,96,7991545,12713,0,0,0,0,1,0,0
NearCombat,96,14.067701064050198,14.0337,3.3536,,96,7991545,12623,0,0,0,0,1,0,0
NearCombat,97,13.567602261900902,13.5597,3.334144,,96,7991545,12675,0,0,0,0,1,0,0
NearCombat,98,13.677402399480343,13.6749,3.679232,,96,7991545,12623,0,0,0,0,1,0,0
NearCombat,99,13.699900358915329,13.7105,3.382272,,96,7991545,12623,0,0,0,0,1,0,0
NearCombat,100,13.739696703851223,13.7074,3.349504,,96,7991545,12623,0,0,0,0,1,0,0
NearCombat,101,14.173597097396851,14.1557,3.347456,,96,7991545,12623,0,0,0,0,1,0,0
NearCombat,102,13.29090166836977,13.3064,3.354624,,96,7991545,12623,0,0,0,0,1,0,0
NearCombat,103,15.156504698097706,15.0004,3.950592,,96,7991545,12623,0,0,0,0,1,0,0
NearCombat,104,15.152394771575928,15.2032,3.35872,,96,7991545,12623,0,0,0,0,1,0,0
NearCombat,105,13.196704909205437,13.2006,3.380224,,96,7991545,12623,0,0,0,0,1,0,0
NearCombat,106,14.28479328751564,14.333,3.390464,,96,7991545,12713,0,0,0,0,1,0,0
NearCombat,107,14.484602026641369,14.46,3.365888,,96,7991545,12623,0,0,0,0,1,0,0
NearCombat,108,15.302401967346668,15.2754,3.904512,,96,7991545,12623,0,0,0,0,1,0,0
NearCombat,109,17.195301130414009,17.1441,3.32288,,96,7991545,12623,0,0,0,0,1,0,0
NearCombat,110,18.226699903607368,18.0513,3.369984,,96,7991545,12623,0,0,0,0,1,0,0
NearCombat,111,17.392793670296669,17.4623,3.755008,,96,7991545,12675,0,0,0,0,1,0,0
NearCombat,112,18.732305616140366,18.7834,3.357696,,96,7991545,12623,0,0,0,0,1,0,0
NearCombat,113,18.829399719834328,18.8331,3.345408,,96,7991545,12623,0,0,0,0,1,0,0
NearCombat,114,19.479500129818916,19.2791,3.958784,,96,7991545,12623,0,0,0,0,1,0,0
NearCombat,115,18.0984977632761,18.2843,3.372032,,96,7991545,12713,0,0,0,0,1,0,0
NearCombat,116,16.576502472162247,16.6114,3.38432,,96,7991545,12623,0,0,0,0,1,0,0
NearCombat,117,16.469996422529221,16.4768,3.786752,,96,7991545,12623,0,0,0,0,1,0,0
NearCombat,118,15.251997858285904,15.2542,3.82976,,96,7991545,12623,0,0,0,0,1,0,0
NearCombat,119,16.805399209260941,16.6864,4.00896,,96,7991545,12623,0,0,0,0,1,0,0
NearCombat,120,15.374801121652126,15.398,3.4048,,96,7991545,12623,0,0,0,0,1,0,0
NearCombat,121,14.283000491559505,14.2998,3.439616,,96,7991545,12623,0,0,0,0,1,0,0
NearCombat,122,16.30060188472271,16.3425,4.368384,,96,7991545,12623,0,0,0,0,1,0,0
NearCombat,123,14.185196720063686,14.1599,3.401728,,96,7991545,12675,0,0,0,0,1,0,0
NearCombat,124,14.153699390590191,14.1222,3.356672,,96,7991545,12623,0,0,0,0,1,0,0
NearCombat,125,13.94940447062254,13.9471,3.6352,,96,7991545,12713,0,0,0,0,1,0,0
NearCombat,126,14.213194139301777,14.2431,3.377152,,96,7991545,12623,0,0,0,0,1,0,0
NearCombat,127,13.905902393162251,13.8789,3.395584,,96,7991545,12623,0,0,0,0,1,0,0
NearCombat,128,14.751899056136608,14.6306,3.342336,,96,7991545,12623,0,0,0,0,1,0,0
NearCombat,129,15.192198567092419,15.308,3.334144,,96,7991545,12623,0,0,0,0,1,0,0
NearCombat,130,14.405505731701851,14.4102,3.347456,,96,7991545,12623,0,0,0,0,1,0,0
NearCombat,131,14.606093987822533,14.5459,3.392512,,96,7991545,12623,0,0,0,0,1,0,0
NearCombat,132,15.176700428128242,15.2124,3.337216,,96,7991545,12623,0,0,0,0,1,0,0
NearCombat,133,15.048298984766006,15.0491,3.342336,,96,7991545,12623,0,0,0,0,1,0,0
NearCombat,134,13.934602029621601,13.9274,3.56352,,96,7991545,12623,0,0,0,0,1,0,0
NearCombat,135,13.269302435219288,13.1386,3.662848,,96,7991545,12623,0,0,0,0,1,0,0
NearCombat,136,14.646797440946102,14.7576,3.359744,,96,7991545,12713,0,0,0,0,1,0,0
NearCombat,137,14.362400397658348,14.3651,3.376128,,96,7991545,12675,0,0,0,0,1,0,0
NearCombat,138,14.506200328469276,14.4956,3.85024,,96,7991545,12623,0,0,0,0,1,0,0
NearCombat,139,14.570699073374271,14.5268,3.346432,,96,7991545,12623,0,0,0,0,1,0,0
NearCombat,140,13.871102593839169,13.9039,3.367936,,96,7991545,12623,0,0,0,0,1,0,0
NearCombat,141,13.486500829458237,13.4834,3.64032,,96,7991545,12623,0,0,0,0,1,0,0
NearCombat,142,13.97249847650528,13.9557,3.32288,,96,7991545,12623,0,0,0,0,1,0,0
NearCombat,143,14.40610084682703,14.3661,3.402752,,96,7991545,12623,0,0,0,0,1,0,0
NearCombat,144,14.00669664144516,14.0257,3.37408,,96,7991545,12623,0,0,0,0,1,0,0
NearCombat,145,14.293799176812172,14.254,3.35872,,96,7991545,12623,0,0,0,0,1,0,0
NearCombat,146,14.817503280937672,14.6837,3.3024,,96,7991545,12623,0,0,0,0,1,0,0
NearCombat,147,14.453096315264702,14.5849,3.36384,,96,7991545,12713,0,0,0,0,1,0,0
NearCombat,148,14.001104980707169,14.0248,3.628032,,96,7991545,12623,0,0,0,0,1,0,0
NearCombat,149,14.735898934304714,14.7262,3.3536,,96,7991545,12623,0,0,0,0,1,0,0
NearCombat,150,13.478599488735199,13.474,3.373056,,96,7991545,12623,0,0,0,0,1,0,0
NearCombat,151,13.29910010099411,13.2427,3.800064,,96,7991545,12623,0,0,0,0,1,0,0
NearCombat,152,14.679598622024059,14.689,3.357696,,96,7991545,12675,0,0,0,0,1,0,0
NearCombat,153,15.227600932121277,15.2415,3.346432,,96,7991545,12623,0,0,0,0,1,0,0
NearCombat,154,14.68229852616787,14.6736,3.400704,,96,7991545,12623,0,0,0,0,1,0,0
NearCombat,155,15.310601331293583,15.2283,3.755008,,96,7991545,12623,0,0,0,0,1,0,0
NearCombat,156,14.649397693574429,14.7128,3.360768,,96,7991545,12623,0,0,0,0,1,0,0
NearCombat,157,15.089803375303745,15.0127,3.360768,,96,7991545,12623,0,0,0,0,1,0,0
NearCombat,158,14.288598671555519,14.347,3.372032,,96,7991545,12713,0,0,0,0,1,0,0
NearCombat,159,13.3211025968194,13.2925,3.40992,,96,7991545,12623,0,0,0,0,1,0,0
NearCombat,160,14.834899455308914,14.8597,3.354624,,96,7991545,12623,0,0,0,0,1,0,0
NearCombat,161,14.969699084758759,14.7825,3.361792,,96,7991545,12623,0,0,0,0,1,0,0
NearCombat,162,14.902097173035145,15.0639,3.643392,,96,7991545,12623,0,0,0,0,1,0,0
NearCombat,163,16.031399369239807,15.9799,3.391488,,96,7991545,12623,0,0,0,0,1,0,0
NearCombat,164,15.657404437661171,15.6778,3.695616,,96,7991545,12623,0,0,0,0,1,0,0
NearCombat,165,13.863994739949703,13.8643,3.369984,,96,7991545,12623,0,0,0,0,1,0,0
NearCombat,166,14.012599363923073,14.0169,3.739648,,96,7991545,12675,0,0,0,0,1,0,0
NearCombat,167,13.803706504404545,13.7493,3.933184,,96,7991545,12623,0,0,0,0,1,0,0
NearCombat,168,14.192198403179646,14.1593,3.766272,,96,7991545,12623,0,0,0,0,1,0,0
NearCombat,169,14.578897505998611,14.6481,3.74784,,96,7991545,12713,0,0,0,0,1,0,0
NearCombat,170,14.630002900958061,14.6159,3.75808,,96,7991545,12623,0,0,0,0,1,0,0
NearCombat,171,14.305598102509975,14.2635,3.349504,,96,7991545,12623,0,0,0,0,1,0,0
NearCombat,172,13.937903568148613,13.9766,3.741696,,96,7991545,12623,0,0,0,0,1,0,0
NearCombat,173,13.646995648741722,13.6182,3.340288,,96,7991545,12623,0,0,0,0,1,0,0
NearCombat,174,12.799199670553207,12.8066,3.766272,,96,7991545,12623,0,0,0,0,1,0,0
NearCombat,175,13.284602202475071,13.2391,3.785728,,96,7991545,12623,0,0,0,0,1,0,0
NearCombat,176,13.094097375869751,13.108,3.390464,,96,7991545,12623,0,0,0,0,1,0,0
NearCombat,177,12.927806004881859,12.9474,3.682304,,96,7991545,12623,0,0,0,0,1,0,0
NearCombat,178,14.295500703155994,14.2783,3.328,,96,7991545,12623,0,0,0,0,1,0,0
NearCombat,179,14.458999037742615,14.3483,3.744768,,96,7991545,12623,0,0,0,0,1,0,0
NearCombat,180,14.36119619756937,14.4307,3.782656,,96,7991545,12713,0,0,0,0,1,0,0
NearCombat,181,13.766404241323471,13.5672,3.359744,,96,7991545,12675,0,0,0,0,1,0,0
NearCombat,182,13.887294568121433,14.0765,3.3536,,96,7991545,12623,0,0,0,0,1,0,0
NearCombat,183,14.838499017059803,14.7703,3.750912,,96,7991545,12623,0,0,0,0,1,0,0
NearCombat,184,14.520805329084396,14.5712,3.960832,,96,7991545,12623,0,0,0,0,1,0,0
NearCombat,185,14.995500445365906,14.9749,3.6352,,96,7991545,12623,0,0,0,0,1,0,0
NearCombat,186,14.689200557768345,14.6394,3.781632,,96,7991545,12623,0,0,0,0,1,0,0
NearCombat,187,16.200900077819824,16.18,3.38944,,96,7991545,12623,0,0,0,0,1,0,0
NearCombat,188,15.332099981606007,15.3577,3.781632,,96,7991545,12623,0,0,0,0,1,0,0
NearCombat,189,14.658298343420029,14.6649,3.3792,,96,7991545,12623,0,0,0,0,1,0,0
NearCombat,190,15.211501158773899,15.129,3.745792,,96,7991545,12623,0,0,0,0,1,0,0
NearCombat,191,16.568899154663086,16.5565,3.304448,,96,7991545,12713,0,0,0,0,1,0,0
NearCombat,192,15.585700049996376,15.6422,3.74784,,96,7991545,12623,0,0,0,0,1,0,0
NearCombat,193,15.013797208666801,14.9996,3.376128,,96,7991545,12623,0,0,0,0,1,0,0
NearCombat,194,15.866603702306747,15.8517,3.704832,,96,7991545,12623,0,0,0,0,1,0,0
NearCombat,195,19.406002014875412,19.3609,3.718144,,96,7991545,12675,0,0,0,0,1,0,0
NearCombat,196,16.651097685098648,16.6093,3.315712,,96,7991545,12623,0,0,0,0,1,0,0
NearCombat,197,14.579896815121174,14.6686,3.72736,,96,7991545,12623,0,0,0,0,1,0,0
NearCombat,198,14.008503407239914,13.9219,3.77344,,96,7991545,12623,0,0,0,0,1,0,0
NearCombat,199,14.202097430825233,14.2462,4.384768,,96,7991545,12623,0,0,0,0,1,0,0
NearCombat,200,14.734502881765366,14.6663,3.969024,,96,7991545,12623,0,0,0,0,1,0,0
NearCombat,201,15.244097448885441,15.3262,3.351552,,96,7991545,12713,0,0,0,0,1,0,0
NearCombat,202,14.836600050330162,14.8173,3.308544,,96,7991545,12623,0,0,0,0,1,0,0
NearCombat,203,14.328904449939728,14.2706,3.332096,,96,7991545,12623,0,0,0,0,1,0,0
NearCombat,204,14.324001036584377,14.373,3.36896,,96,7991545,12623,0,0,0,0,1,0,0
NearCombat,205,14.190299436450005,14.1556,3.380224,,96,7991545,12623,0,0,0,0,1,0,0
NearCombat,206,14.69939760863781,14.7102,3.350528,,96,7991545,12623,0,0,0,0,1,0,0
NearCombat,207,14.045500196516514,14.0087,3.411968,,96,7991545,12623,0,0,0,0,1,0,0
NearCombat,208,14.769402332603931,14.7661,3.386368,,96,7991545,12623,0,0,0,0,1,0,0
NearCombat,209,13.620995916426182,13.6643,3.66592,,96,7991545,12675,0,0,0,0,1,0,0
NearCombat,210,14.172498136758804,14.0835,3.378176,,96,7991545,12623,0,0,0,0,1,0,0
NearCombat,211,13.52859940379858,13.5096,3.367936,,96,7991545,12623,0,0,0,0,1,0,0
NearCombat,212,13.073100708425045,13.1611,3.94752,,96,7991545,12713,0,0,0,0,1,0,0
NearCombat,213,13.340901583433151,13.33,3.3792,,96,7991545,12623,0,0,0,0,1,0,0
NearCombat,214,13.227798976004124,13.2163,3.364864,,96,7991545,12623,0,0,0,0,1,0,0
NearCombat,215,14.406505040824413,14.3588,3.396608,,96,7991545,12623,0,0,0,0,1,0,0
NearCombat,216,14.366199262440205,14.3777,3.337216,,96,7991545,12623,0,0,0,0,1,0,0
NearCombat,217,15.751495957374573,15.7239,3.347456,,96,7991545,12623,0,0,0,0,1,0,0
NearCombat,218,14.7676020860672,14.7736,3.390464,,96,7991545,12623,0,0,0,0,1,0,0
NearCombat,219,14.104599133133888,14.0527,3.653632,,96,7991545,12623,0,0,0,0,1,0,0
NearCombat,220,13.859403319656849,13.9135,3.362816,,96,7991545,12623,0,0,0,0,1,0,0
NearCombat,221,13.867000117897987,13.8733,3.375104,,96,7991545,12623,0,0,0,0,1,0,0
NearCombat,222,14.217998832464218,14.0971,3.933184,,96,7991545,12623,0,0,0,0,1,0,0
NearCombat,223,14.453600160777569,14.4954,3.392512,,96,7991545,12713,0,0,0,0,1,0,0
NearCombat,224,13.907702639698982,13.9345,3.372032,,96,7991545,12675,0,0,0,0,1,0,0
NearCombat,225,13.713293708860874,13.7196,3.787776,,96,7991545,12623,0,0,0,0,1,0,0
NearCombat,226,14.95510246604681,14.9171,3.407872,,96,7991545,12623,0,0,0,0,1,0,0
NearCombat,227,15.159899368882179,15.1312,3.362816,,96,7991545,12623,0,0,0,0,1,0,0
NearCombat,228,13.789902441203594,13.8313,3.7632,,96,7991545,12623,0,0,0,0,1,0,0
NearCombat,229,13.266496360301971,13.2453,3.372032,,96,7991545,12623,0,0,0,0,1,0,0
NearCombat,230,13.018105179071426,13.0112,3.790848,,96,7991545,12768,0,0,0,0,1,0,0
NearCombat,231,14.695996418595314,14.6828,3.736576,,96,7991545,12623,0,0,0,0,1,0,0
NearCombat,232,14.268104918301105,14.2824,3.339264,,96,7991545,12623,0,0,0,0,1,0,0
NearCombat,233,13.856193050742149,13.7747,3.38432,,96,7991545,12623,0,0,0,0,1,0,0
NearCombat,234,15.0761054828763,15.1295,3.807232,,96,7991545,12713,0,0,0,0,1,0,0
NearCombat,235,14.838499017059803,14.6728,4.087808,,96,7991545,12623,0,0,0,0,1,0,0
NearCombat,236,14.521300792694092,14.6743,3.311616,,96,7991545,12623,0,0,0,0,1,0,0
NearCombat,237,13.915497809648514,13.8995,3.329024,,96,7991545,12623,0,0,0,0,1,0,0
NearCombat,238,14.069898054003716,14.0719,3.360768,,96,7991545,12623,0,0,0,0,1,0,0
NearCombat,239,14.12520557641983,14.1006,3.37408,,96,7991545,12675,0,0,0,0,1,0,0
NearCombat,240,13.497399166226387,13.5206,3.325952,,96,7991545,12623,0,0,0,0,1,0,0
NearCombat,241,14.707100577652454,14.6871,3.367936,,96,7991545,12623,0,0,0,0,1,0,0
NearCombat,242,13.849496841430664,13.7826,3.336192,,96,7991545,12623,0,0,0,0,1,0,0
NearCombat,243,13.940603472292423,13.9767,3.380224,,96,7991545,12623,0,0,0,0,1,0,0
NearCombat,244,13.934594579041004,13.885,3.584,,96,7991545,12623,0,0,0,0,1,0,0
NearCombat,245,12.940802611410618,12.9895,4.108288,,96,7991545,12713,0,0,0,0,1,0,0
NearCombat,246,12.620400637388229,12.6289,3.395584,,96,7991545,12623,0,0,0,0,1,0,0
NearCombat,247,13.17130122333765,13.1285,3.349504,,96,7991545,12623,0,0,0,0,1,0,0
NearCombat,248,13.819196261465549,13.8442,3.352576,,96,7991545,12623,0,0,0,0,1,0,0
NearCombat,249,15.058602206408978,15.0347,3.402752,,96,7991545,12623,0,0,0,0,1,0,0
NearCombat,250,13.904698193073273,13.8041,3.345408,,96,7991545,12623,0,0,0,0,1,0,0
NearCombat,251,15.580300241708755,15.4622,3.376128,,96,7991545,12623,0,0,0,0,1,0,0
NearCombat,252,12.874397449195385,13.0815,3.339264,,96,7991545,12623,0,0,0,0,1,0,0
NearCombat,253,14.380704611539841,14.3513,3.518464,,96,7991545,12623,0,0,0,0,1,0,0
NearCombat,254,12.840497307479382,12.8267,3.34848,,96,7991545,12675,0,0,0,0,1,0,0
NearCombat,255,13.719302602112293,13.6076,3.746816,,96,7991545,12623,0,0,0,0,1,0,0
NearCombat,256,15.042297542095184,15.0914,3.397632,,96,7991545,12713,0,0,0,0,1,0,0
NearCombat,257,14.110197313129902,14.1691,3.411968,,96,7991545,12623,0,0,0,0,1,0,0
NearCombat,258,14.008603058755398,13.9545,3.381248,,96,7991545,12623,0,0,0,0,1,0,0
NearCombat,259,13.314803130924702,13.2982,3.402752,,96,7991545,12623,0,0,0,0,1,0,0
NearCombat,260,13.388995081186295,13.447,3.391488,,96,7991545,12623,0,0,0,0,1,0,0
NearCombat,261,14.286401681602001,14.2817,3.36384,,96,7991545,12623,0,0,0,0,1,0,0
NearCombat,262,13.775000348687172,13.754,3.375104,,96,7991545,12623,0,0,0,0,1,0,0
NearCombat,263,14.809403568506241,14.7434,3.369984,,96,7991545,12623,0,0,0,0,1,0,0
NearCombat,264,14.242098666727543,14.2804,3.410944,,96,7991545,12623,0,0,0,0,1,0,0
NearCombat,265,13.626601547002792,13.6193,3.3536,,96,7991545,12623,0,0,0,0,1,0,0
NearCombat,266,14.240596443414688,14.17,3.328,,96,7991545,12623,0,0,0,0,1,0,0
NearCombat,267,14.131299220025539,14.1579,3.375104,,96,7991545,12713,0,0,0,0,1,0,0
NearCombat,268,13.260303065180779,13.2785,3.386368,,96,7991545,12623,0,0,0,0,1,0,0
NearCombat,269,13.458595611155033,13.4485,3.364864,,96,7991545,12675,0,0,0,0,1,0,0
NearCombat,270,13.761500827968121,13.7704,3.335168,,96,7991545,12623,0,0,0,0,1,0,0
NearCombat,271,17.112202942371368,16.865,3.303424,,96,7991545,12623,0,0,0,0,1,0,0
NearCombat,272,15.011798590421677,15.2052,3.355648,,96,7991545,12623,0,0,0,0,1,0,0
NearCombat,273,15.453103929758072,15.3401,3.462144,,96,7991545,12623,0,0,0,0,1,0,0
NearCombat,274,15.236600302159786,15.296,3.352576,,96,7991545,12623,0,0,0,0,1,0,0
NearCombat,275,15.331498347222805,15.2049,3.667968,,96,7991545,12623,0,0,0,0,1,0,0
NearCombat,276,14.459601603448391,14.612,3.354624,,96,7991545,12623,0,0,0,0,1,0,0
NearCombat,277,15.50669688731432,15.4057,3.38432,,96,7991545,12623,0,0,0,0,1,0,0
NearCombat,278,15.115497633814812,15.2096,3.914752,,96,7991545,12713,0,0,0,0,1,0,0
NearCombat,279,15.434105880558491,15.3522,3.597312,,96,7991545,12623,0,0,0,0,1,0,0
NearCombat,280,14.148795045912266,14.2086,3.369984,,96,7991545,12623,0,0,0,0,1,0,0
NearCombat,281,14.240900985896587,14.2098,3.680256,,96,7991545,12623,0,0,0,0,1,0,0
NearCombat,282,15.82689955830574,15.8214,3.4048,,96,7991545,12623,0,0,0,0,1,0,0
NearCombat,283,14.145004563033581,14.1042,3.341312,,96,7991545,12675,0,0,0,0,1,0,0
NearCombat,284,14.454400166869164,14.4732,3.378176,,96,7991545,12623,0,0,0,0,1,0,0
NearCombat,285,14.804194681346416,14.8151,3.826688,,96,7991545,12623,0,0,0,0,1,0,0
NearCombat,286,15.275998972356319,15.2591,3.408896,,96,7991545,12623,0,0,0,0,1,0,0
NearCombat,287,14.818601310253143,14.7729,3.35872,,96,7991545,12623,0,0,0,0,1,0,0
NearCombat,288,15.978500247001648,15.951,3.751936,,96,7991545,12623,0,0,0,0,1,0,0
NearCombat,289,14.457901008427143,14.5047,3.395584,,96,7991545,12713,0,0,0,0,1,0,0
NearCombat,290,14.118998311460018,14.1191,3.853312,,96,7991545,12623,0,0,0,0,1,0,0
NearCombat,291,14.947704039514065,14.873,3.77344,,96,7991545,12623,0,0,0,0,1,0,0
NearCombat,292,13.255896046757698,13.3016,3.770368,,96,7991545,12623,0,0,0,0,1,0,0
NearCombat,293,15.85250161588192,15.8392,3.411968,,96,7991545,12623,0,0,0,0,1,0,0
NearCombat,294,14.685302972793579,14.6012,4.11136,,96,7991545,12623,0,0,0,0,1,0,0
NearCombat,295,13.801297172904015,13.8602,3.751936,,96,7991545,12623,0,0,0,0,1,0,0
NearCombat,296,13.593799434602261,13.5964,3.360768,,96,7991545,12623,0,0,0,0,1,0,0
NearCombat,297,13.877997174859047,13.8904,4.11136,,96,7991545,12675,0,0,0,0,1,0,0
NearCombat,298,14.569904655218124,14.5259,3.390464,,96,7991545,12623,0,0,0,0,1,0,0
NearCombat,299,14.233800582587719,14.1394,3.332096,,96,7991545,12623,0,0,0,0,1,0,0
NearCombat,300,14.037294313311577,14.0919,3.750912,,96,7991545,12713,0,0,0,0,1,0,0
NearCombat,301,15.046499669551849,15.0799,3.380224,,96,7991545,12623,0,0,0,0,1,0,0
NearCombat,302,13.82750179618597,13.8442,3.403776,,96,7991545,12623,0,0,0,0,1,0,0
NearCombat,303,13.257801532745361,13.2205,3.7632,,96,7991545,12623,0,0,0,0,1,0,0
NearCombat,304,14.716602861881256,14.699,3.365888,,96,7991545,12623,0,0,0,0,1,0,0
NearCombat,305,14.602898620069027,14.6019,3.76832,,96,7991545,12623,0,0,0,0,1,0,0
NearCombat,306,14.215497300028801,14.224,3.81952,,96,7991545,12623,0,0,0,0,1,0,0
NearCombat,307,14.946400187909603,14.9016,3.42016,,96,7991545,12623,0,0,0,0,1,0,0
NearCombat,308,15.43820183724165,15.4562,3.745792,,96,7991545,12623,0,0,0,0,1,0,0
NearCombat,309,17.038598656654358,15.2568,3.745792,,96,7991545,12623,0,0,0,0,1,0,0
NearCombat,310,15.455101616680622,17.0792,3.386368,,96,7991545,12623,0,0,0,0,1,0,0
NearCombat,311,14.641702175140381,14.7282,3.736576,,96,7991545,12765,0,0,0,0,1,0,0
NearCombat,312,15.730094164609909,15.7676,3.928064,,96,7991545,12623,0,0,0,0,1,0,0
NearCombat,313,14.906703494489193,14.9001,3.3536,,96,7991545,12623,0,0,0,0,1,0,0
NearCombat,314,15.97130112349987,15.9581,3.746816,,96,7991545,12623,0,0,0,0,1,0,0
NearCombat,315,14.771598391234875,14.7286,3.329024,,96,7991545,12623,0,0,0,0,1,0,0
NearCombat,316,13.604400679469109,13.6414,3.77344,,96,7991545,12623,0,0,0,0,1,0,0
NearCombat,317,13.840397819876671,13.8292,3.373056,,96,7991545,12623,0,0,0,0,1,0,0
NearCombat,318,13.91539815813303,13.9055,3.739648,,96,7991545,12623,0,0,0,0,1,0,0
NearCombat,319,13.672200962901115,13.4811,3.32288,,96,7991545,12623,0,0,0,0,1,0,0
NearCombat,320,15.623901970684528,15.7463,3.632128,,96,7991545,12623,0,0,0,0,1,0,0
NearCombat,321,13.828897848725319,13.7873,3.390464,,96,7991545,12623,0,0,0,0,1,0,0
NearCombat,322,14.11140151321888,14.1852,3.421184,,96,7991545,12713,0,0,0,0,1,0,0
NearCombat,323,13.843700289726257,13.8029,3.950592,,96,7991545,12623,0,0,0,0,1,0,0
NearCombat,324,13.99450097233057,14.0163,3.359744,,96,7991545,12623,0,0,0,0,1,0,0
NearCombat,325,13.649000786244869,13.6484,3.357696,,96,7991545,12675,0,0,0,0,1,0,0
NearCombat,326,13.502196408808231,13.501,3.346432,,96,7991545,12623,0,0,0,0,1,0,0
NearCombat,327,13.619799166917801,13.5634,3.329024,,96,7991545,12623,0,0,0,0,1,0,0
NearCombat,328,13.673802837729454,13.5545,3.39968,,96,7991545,12623,0,0,0,0,1,0,0
NearCombat,329,13.597498647868633,13.7236,3.392512,,96,7991545,12623,0,0,0,0,1,0,0
NearCombat,330,13.686698861420155,13.6884,3.677184,,96,7991545,12623,0,0,0,0,1,0,0
NearCombat,331,14.207703061401844,14.1505,3.330048,,96,7991545,12623,0,0,0,0,1,0,0
NearCombat,332,14.316298067569733,14.2985,3.42016,,96,7991545,12623,0,0,0,0,1,0,0
NearCombat,333,12.986699119210243,13.0285,3.35872,,96,7991545,12713,0,0,0,0,1,0,0
NearCombat,334,13.501799665391445,13.4994,3.373056,,96,7991545,12623,0,0,0,0,1,0,0
NearCombat,335,13.975099660456181,13.9306,3.32288,,96,7991545,12623,0,0,0,0,1,0,0
NearCombat,336,13.6175025254488,13.6262,3.385344,,96,7991545,12623,0,0,0,0,1,0,0
NearCombat,337,14.095401391386986,14.1061,3.392512,,96,7991545,12623,0,0,0,0,1,0,0
NearCombat,338,13.776799663901329,13.7842,3.372032,,96,7991545,12623,0,0,0,0,1,0,0
NearCombat,339,13.185296207666397,13.1344,3.668992,,96,7991545,12623,0,0,0,0,1,0,0
NearCombat,340,14.684502966701984,14.6721,3.361792,,96,7991545,12675,0,0,0,0,1,0,0
NearCombat,341,14.65350016951561,14.6867,3.335168,,96,7991545,12623,0,0,0,0,1,0,0
NearCombat,342,13.466999866068363,13.4624,3.346432,,96,7991545,12623,0,0,0,0,1,0,0
NearCombat,343,13.355499133467674,13.2525,3.770368,,96,7991545,12623,0,0,0,0,1,0,0
NearCombat,344,13.538002967834473,13.6191,3.80928,,96,7991545,12713,0,0,0,0,1,0,0
NearCombat,345,13.872795738279819,13.893,3.846144,,96,7991545,12623,0,0,0,0,1,0,0
NearCombat,346,13.752905651926994,13.7368,4.089856,,96,7991545,12623,0,0,0,0,1,0,0
NearCombat,347,15.464094467461109,15.3546,3.34848,,96,7991545,12623,0,0,0,0,1,0,0
NearCombat,348,14.882001094520092,14.928,3.377152,,96,7991545,12623,0,0,0,0,1,0,0
NearCombat,349,16.43180288374424,16.4114,4.077568,,96,7991545,12623,0,0,0,0,1,0,0
NearCombat,350,16.279300674796104,16.2221,3.38432,,96,7991545,12623,0,0,0,0,1,0,0
NearCombat,351,16.220394521951675,16.2437,3.726336,,96,7991545,12623,0,0,0,0,1,0,0
NearCombat,352,14.441702514886856,14.4838,3.377152,,96,7991545,12623,0,0,0,0,1,0,0
NearCombat,353,14.859403483569622,14.8295,3.362816,,96,7991545,12623,0,0,0,0,1,0,0
NearCombat,354,15.29029943048954,15.2134,3.800064,,96,7991545,12675,0,0,0,0,1,0,0
NearCombat,355,16.066595911979675,16.0834,3.328,,96,7991545,12713,0,0,0,0,1,0,0
NearCombat,356,18.70400458574295,18.6594,3.33312,,96,7991545,12623,0,0,0,0,1,0,0
NearCombat,357,15.659395605325699,15.7114,3.387392,,96,7991545,12623,0,0,0,0,1,0,0
NearCombat,358,16.69350266456604,16.4717,3.344384,,96,7991545,12623,0,0,0,0,1,0,0
NearCombat,359,17.043998464941978,17.2631,3.39968,,96,7991545,12623,0,0,0,0,1,0,0
NearCombat,360,16.7051013559103,16.6234,3.36384,,96,7991545,12623,0,0,0,0,1,0,0
NearCombat,361,15.589703805744648,15.6305,3.848192,,96,7991545,12623,0,0,0,0,1,0,0
NearCombat,362,15.555399470031261,15.5289,3.401728,,96,7991545,12623,0,0,0,0,1,0,0
NearCombat,363,15.025999397039413,15.0725,3.598336,,96,7991545,12623,0,0,0,0,1,0,0
NearCombat,364,14.980796724557877,14.8531,3.382272,,96,7991545,12623,0,0,0,0,1,0,0
NearCombat,365,14.910204336047173,15.0237,3.419136,,96,7991545,12713,0,0,0,0,1,0,0
NearCombat,366,15.732795000076294,15.6563,3.360768,,96,7991545,12623,0,0,0,0,1,0,0
NearCombat,367,14.146705158054829,14.2045,3.67616,,96,7991545,12675,0,0,0,0,1,0,0
NearCombat,368,14.30139597505331,14.3032,3.392512,,96,7991545,12623,0,0,0,0,1,0,0
NearCombat,369,14.474100433290005,14.4459,3.360768,,96,7991545,12623,0,0,0,0,1,0,0
NearCombat,370,15.398199670016766,15.3649,3.651584,,96,7991545,12623,0,0,0,0,1,0,0
NearCombat,371,15.224198810756207,15.2242,3.411968,,96,7991545,12623,0,0,0,0,1,0,0
NearCombat,372,15.474702231585979,15.4674,3.341312,,96,7991545,12623,0,0,0,0,1,0,0
NearCombat,373,16.092296689748764,16.0585,3.421184,,96,7991545,12623,0,0,0,0,1,0,0
NearCombat,374,17.185501754283905,17.0716,3.328,,96,7991545,12623,0,0,0,0,1,0,0
NearCombat,375,15.728499740362167,15.8787,3.335168,,96,7991545,12713,0,0,0,0,1,0,0
NearCombat,376,14.547902159392834,14.5286,3.309568,,96,7991545,12623,0,0,0,0,1,0,0
NearCombat,377,15.110799111425877,15.0931,3.403776,,96,7991545,12623,0,0,0,0,1,0,0
NearCombat,378,15.325495973229408,15.2888,3.296256,,96,7991545,12623,0,0,0,0,1,0,0
NearCombat,379,16.524206846952438,16.5126,3.332096,,96,7991545,12623,0,0,0,0,1,0,0
NearCombat,380,17.579598352313042,17.5736,3.32288,,96,7991545,12623,0,0,0,0,1,0,0
NearCombat,381,16.268296167254448,16.2396,3.382272,,96,7991545,12675,0,0,0,0,1,0,0
NearCombat,382,15.993203967809677,16.05,3.679232,,96,7991545,12623,0,0,0,0,1,0,0
NearCombat,383,15.567495487630367,15.5555,3.380224,,96,7991545,12623,0,0,0,0,1,0,0
NearCombat,384,14.805399812757969,14.7357,3.423232,,96,7991545,12623,0,0,0,0,1,0,0
NearCombat,385,15.322803519666195,15.2804,3.757056,,96,7991545,12713,0,0,0,0,1,0,0
NearCombat,386,15.254697762429714,15.3286,3.331072,,96,7991545,12623,0,0,0,0,1,0,0
NearCombat,387,14.155300334095955,14.1691,3.34848,,96,7991545,12623,0,0,0,0,1,0,0
NearCombat,388,13.896896503865719,13.8713,3.621888,,96,7991545,12623,0,0,0,0,1,0,0
NearCombat,389,14.513605274260044,14.4686,3.364864,,96,7991545,12623,0,0,0,0,1,0,0
NearCombat,390,15.979301184415817,16.0111,3.3024,,96,7991545,12623,0,0,0,0,1,0,0
NearCombat,391,16.688896343111992,16.5486,3.349504,,96,7991545,12623,0,0,0,0,1,0,0
NearCombat,392,15.493097715079784,15.577,3.334144,,96,7991545,12623,0,0,0,0,1,0,0
NearCombat,393,15.666000545024872,15.6694,3.375104,,96,7991545,12623,0,0,0,0,1,0,0
NearCombat,394,15.138003043830395,15.0906,3.308544,,96,7991545,12623,0,0,0,0,1,0,0
NearCombat,395,14.923901297152042,14.9702,3.330048,,96,7991545,12765,0,0,0,0,1,0,0
NearCombat,396,15.044600702822208,15.0337,3.31776,,96,7991545,12623,0,0,0,0,1,0,0
NearCombat,397,15.929095447063446,15.8843,3.372032,,96,7991545,12623,0,0,0,0,1,0,0
NearCombat,398,16.84260182082653,16.8606,3.72224,,96,7991545,12623,0,0,0,0,1,0,0
NearCombat,399,17.667999491095543,17.6509,3.320832,,96,7991545,12623,0,0,0,0,1,0,0
NearCombat,400,15.909198671579361,15.8931,3.756032,,96,7991545,12623,0,0,0,0,1,0,0
NearCombat,401,15.562301501631737,15.5834,3.775488,,96,7991545,12623,0,0,0,0,1,0,0
NearCombat,402,15.456901863217354,15.441,3.325952,,96,7991545,12623,0,0,0,0,1,0,0
NearCombat,403,15.890596434473991,15.868,4.061184,,96,7991545,12623,0,0,0,0,1,0,0
NearCombat,404,15.57339821010828,15.4728,3.76832,,96,7991545,12623,0,0,0,0,1,0,0
NearCombat,405,15.721103176474571,15.8078,3.427328,,96,7991545,12713,0,0,0,0,1,0,0
NearCombat,406,15.641503036022186,15.65,3.718144,,96,7991545,12623,0,0,0,0,1,0,0
NearCombat,407,15.98769798874855,15.968,3.411968,,96,7991545,12623,0,0,0,0,1,0,0
NearCombat,408,15.228897333145142,15.1802,3.792896,,96,7991545,12675,0,0,0,0,1,0,0
NearCombat,409,15.218403190374374,15.2425,4.0448,,96,7991545,12623,0,0,0,0,1,0,0
NearCombat,410,16.116999089717865,16.0764,3.344384,,96,7991545,12623,0,0,0,0,1,0,0
NearCombat,411,16.447102651000023,16.4846,3.997696,,96,7991545,12623,0,0,0,0,1,0,0
NearCombat,412,16.001198440790176,15.9503,3.361792,,96,7991545,12623,0,0,0,0,1,0,0
NearCombat,413,14.641602523624897,14.6784,3.771392,,96,7991545,12623,0,0,0,0,1,0,0
NearCombat,414,13.977097347378731,13.9121,3.787776,,96,7991545,12623,0,0,0,0,1,0,0
NearCombat,415,14.908602461218834,14.9696,3.680256,,96,7991545,12713,0,0,0,0,1,0,0
NearCombat,416,14.6745964884758,14.6269,3.989504,,96,7991545,12623,0,0,0,0,1,0,0
NearCombat,417,14.742198400199413,14.7529,3.767296,,96,7991545,12623,0,0,0,0,1,0,0
NearCombat,418,14.525800943374634,14.4785,3.390464,,96,7991545,12623,0,0,0,0,1,0,0
NearCombat,419,13.750404119491577,13.7758,3.725312,,96,7991545,12623,0,0,0,0,1,0,0
NearCombat,420,14.087598770856857,14.0526,3.361792,,96,7991545,12623,0,0,0,0,1,0,0
NearCombat,421,15.502097085118294,15.5107,3.75296,,96,7991545,12623,0,0,0,0,1,0,0
NearCombat,422,16.092099249362946,16.0848,3.748864,,96,7991545,12675,0,0,0,0,1,0,0
NearCombat,423,17.544401809573174,17.515,3.38432,,96,7991545,12623,0,0,0,0,1,0,0
NearCombat,424,16.525397077202797,16.4054,3.77856,,96,7991545,12623,0,0,0,0,1,0,0
NearCombat,425,16.422001644968987,16.5625,3.383296,,96,7991545,12713,0,0,0,0,1,0,0
NearCombat,426,15.03949798643589,15.0335,3.383296,,96,7991545,12623,0,0,0,0,1,0,0
NearCombat,427,15.918906778097153,15.8859,3.699712,,96,7991545,12623,0,0,0,0,1,0,0
NearCombat,428,15.515093691647053,15.4938,3.751936,,96,7991545,12623,0,0,0,0,1,0,0
NearCombat,429,15.746505931019783,15.7685,3.373056,,96,7991545,12623,0,0,0,0,1,0,0
NearCombat,430,15.663294121623039,15.656,3.740672,,96,7991545,12623,0,0,0,0,1,0,0
NearCombat,431,15.029300935566425,15.0194,3.375104,,96,7991545,12623,0,0,0,0,1,0,0
NearCombat,432,14.97969776391983,14.9693,3.356672,,96,7991545,12623,0,0,0,0,1,0,0
NearCombat,433,14.031802304089069,14.0389,3.71712,,96,7991545,12623,0,0,0,0,1,0,0
NearCombat,434,14.756497927010059,14.6857,3.3792,,96,7991545,12623,0,0,0,0,1,0,0
NearCombat,435,15.168906189501286,15.225,3.369984,,96,7991545,12765,0,0,0,0,1,0,0
NearCombat,436,14.541199430823326,14.4901,3.3792,,96,7991545,12623,0,0,0,0,1,0,0
NearCombat,437,15.507199801504612,15.505,3.354624,,96,7991545,12623,0,0,0,0,1,0,0
NearCombat,438,15.600595623254776,15.603,3.365888,,96,7991545,12623,0,0,0,0,1,0,0
NearCombat,439,15.289604663848877,15.2819,3.364864,,96,7991545,12623,0,0,0,0,1,0,0
NearCombat,440,15.982100740075111,15.9344,3.672064,,96,7991545,12623,0,0,0,0,1,0,0
NearCombat,441,16.592198982834816,16.6248,3.362816,,96,7991545,12623,0,0,0,0,1,0,0
NearCombat,442,16.376098617911339,16.3838,3.335168,,96,7991545,12623,0,0,0,0,1,0,0
NearCombat,443,16.573604196310043,16.5222,3.362816,,96,7991545,12623,0,0,0,0,1,0,0
NearCombat,444,17.658397555351257,17.5212,3.350528,,96,7991545,12623,0,0,0,0,1,0,0
NearCombat,445,16.820302233099937,16.9647,3.393536,,96,7991545,12713,0,0,0,0,1,0,0
NearCombat,446,16.03989489376545,15.9972,3.334144,,96,7991545,12623,0,0,0,0,1,0,0
NearCombat,447,17.76430755853653,17.7421,3.388416,,96,7991545,12623,0,0,0,0,1,0,0
NearCombat,448,16.053898259997368,16.1208,3.33824,,96,7991545,12675,0,0,0,0,1,0,0
NearCombat,449,15.995996072888374,15.9492,3.402752,,96,7991545,12623,0,0,0,0,1,0,0
NearCombat,450,15.098604373633862,15.1212,3.352576,,96,7991545,12623,0,0,0,0,1,0,0
NearCombat,451,15.718197450041771,15.6438,3.91168,,96,7991545,12623,0,0,0,0,1,0,0
NearCombat,452,16.541602090001106,16.5746,3.337216,,96,7991545,12623,0,0,0,0,1,0,0
NearCombat,453,16.77289605140686,16.1978,3.807232,,96,7991545,12623,0,0,0,0,1,0,0
NearCombat,454,15.316000208258629,15.3649,3.976192,,96,7991545,12623,0,0,0,0,1,0,0
NearCombat,455,18.087500706315041,17.9781,3.400704,,96,7991545,12713,0,0,0,0,1,0,0
NearCombat,456,18.815306946635246,19.0079,3.744768,,96,7991545,12623,0,0,0,0,1,0,0
NearCombat,457,17.911799252033234,17.9047,4.228096,,96,7991545,12623,0,0,0,0,1,0,0
NearCombat,458,17.2543004155159,17.201,3.364864,,96,7991545,12623,0,0,0,0,1,0,0
NearCombat,459,16.943594440817833,16.9652,3.405824,,96,7991545,12623,0,0,0,0,1,0,0
NearCombat,460,16.494203358888626,16.5047,3.321856,,96,7991545,12675,0,0,0,0,1,0,0
NearCombat,461,16.766801476478577,16.6691,3.411968,,96,7991545,12623,0,0,0,0,1,0,0
NearCombat,462,17.435899004340172,17.4915,3.9936,,96,7991545,12623,0,0,0,0,1,0,0
NearCombat,463,15.582801774144173,15.5162,3.402752,,96,7991545,12623,0,0,0,0,1,0,0
NearCombat,464,15.679599717259407,15.7336,3.331072,,96,7991545,12713,0,0,0,0,1,0,0
NearCombat,465,16.585197299718857,16.5489,3.68128,,96,7991545,12623,0,0,0,0,1,0,0
NearCombat,466,15.416602604091167,15.4273,3.335168,,96,7991545,12623,0,0,0,0,1,0,0
NearCombat,467,17.667297273874283,17.6305,3.369984,,96,7991545,12623,0,0,0,0,1,0,0
NearCombat,468,16.6982002556324,16.7551,3.33824,,96,7991545,12623,0,0,0,0,1,0,0
NearCombat,469,15.428103506565094,15.3924,3.412992,,96,7991545,12623,0,0,0,0,1,0,0
NearCombat,470,14.230194501578808,14.2544,3.57376,,96,7991545,12623,0,0,0,0,1,0,0
NearCombat,471,13.423101045191288,13.3857,3.397632,,96,7991545,12623,0,0,0,0,1,0,0
NearCombat,472,14.044500887393951,14.0722,3.339264,,96,7991545,12623,0,0,0,0,1,0,0
NearCombat,473,14.205803163349628,14.1097,3.424256,,96,7991545,12675,0,0,0,0,1,0,0
NearCombat,474,13.449099846184254,13.5468,3.917824,,96,7991545,12713,0,0,0,0,1,0,0
NearCombat,475,14.26719781011343,14.2614,3.360768,,96,7991545,12623,0,0,0,0,1,0,0
NearCombat,476,14.318997971713543,14.3001,3.3536,,96,7991545,12623,0,0,0,0,1,0,0
NearCombat,477,14.200602658092976,14.1728,3.418112,,96,7991545,12623,0,0,0,0,1,0,0
NearCombat,478,16.301197931170464,16.3159,3.315712,,96,7991545,12623,0,0,0,0,1,0,0
NearCombat,479,14.109304174780846,14.1004,3.385344,,96,7991545,12623,0,0,0,0,1,0,0
FleetMedium,0,20.615298300981522,76.7787,4.47488,,107,8450873,29104,1,0,0,0,1,0,0
FleetMedium,1,20.888796076178551,16.462,3.566592,,107,8450873,12623,1,0,0,0,1,0,0
FleetMedium,2,17.412804067134857,22.0343,3.843072,,107,8450873,12623,1,0,0,0,1,0,0
FleetMedium,3,16.582099720835686,16.6305,3.985408,,107,8450873,12623,1,0,0,0,1,0,0
FleetMedium,4,15.134800225496292,15.1299,3.571712,,107,8450873,12623,1,0,0,0,1,0,0
FleetMedium,5,16.412295401096344,16.4017,4.166656,,107,8450873,12623,1,0,0,0,1,0,0
FleetMedium,6,15.783503651618958,15.7525,4.016128,,107,8450873,12623,1,0,0,0,1,0,0
FleetMedium,7,16.20829850435257,16.2422,4.018176,,107,8450873,12623,1,0,0,0,1,0,0
FleetMedium,8,17.927104607224464,17.7811,4.045824,,107,8450873,12623,1,0,0,0,1,0,0
FleetMedium,9,17.110899090766907,17.0433,4.0704,,107,8450873,12713,1,0,0,0,1,0,0
FleetMedium,10,18.016397953033447,18.1649,4.088832,,107,8450873,12623,1,0,0,0,1,0,0
FleetMedium,11,19.464299082756042,19.4259,4.339712,,107,8450873,12623,1,0,0,0,1,0,0
FleetMedium,12,18.208099529147148,18.1879,4.05504,,107,8450873,12675,1,0,0,0,1,0,0
FleetMedium,13,16.516702249646187,16.5624,4.028416,,107,8450873,12623,1,0,0,0,1,0,0
FleetMedium,14,18.146499991416931,18.0886,4.046848,,107,8450873,12623,1,0,0,0,1,0,0
FleetMedium,15,18.255002796649933,18.2159,4.00896,,107,8450873,12623,1,0,0,0,1,0,0
FleetMedium,16,17.666900530457497,17.7306,3.979264,,107,8450873,12623,1,0,0,0,1,0,0
FleetMedium,17,16.711698845028877,16.6488,4.06528,,107,8450873,12623,1,0,0,0,1,0,0
FleetMedium,18,16.73470064997673,16.7623,4.03968,,107,8450873,12713,1,0,0,0,1,0,0
FleetMedium,19,16.174100339412689,16.1976,4.01408,,107,8450873,12623,1,0,0,0,1,0,0
FleetMedium,20,16.344897449016571,16.3365,3.960832,,107,8450873,12623,1,0,0,0,1,0,0
FleetMedium,21,16.726601868867874,16.721,4.00896,,107,8450873,12623,1,0,0,0,1,0,0
FleetMedium,22,16.375899314880371,16.3333,4.001792,,107,8450873,12623,1,0,0,0,1,0,0
FleetMedium,23,18.797995522618294,18.7705,3.984384,,107,8450873,12623,1,0,0,0,1,0,0
FleetMedium,24,18.587004393339157,18.5981,3.935232,,107,8450873,12675,1,0,0,0,1,0,0
FleetMedium,25,15.494699589908123,15.4444,3.949568,,107,8450873,12623,1,0,0,0,1,0,0
FleetMedium,26,17.11750216782093,17.0258,4.009984,,107,8450873,12623,1,0,0,0,1,0,0
FleetMedium,27,17.521599307656288,17.6612,3.934208,,107,8450873,12713,1,0,0,0,1,0,0
FleetMedium,28,17.101997509598732,17.0622,3.913728,,107,8450873,12623,1,0,0,0,1,0,0
FleetMedium,29,15.959799289703369,15.9808,3.939328,,107,8450873,12623,1,0,0,0,1,0,0
FleetMedium,30,16.207801178097725,16.1979,3.971072,,107,8450873,12623,1,0,0,0,1,0,0
FleetMedium,31,15.059396624565125,15.0739,3.979264,,107,8450873,12623,1,0,0,0,1,0,0
FleetMedium,32,18.481902778148651,18.3823,3.970048,,107,8450873,12623,1,0,0,0,1,0,0
FleetMedium,33,18.955796957015991,19.0036,3.557376,,107,8450873,12623,1,0,0,0,1,0,0
FleetMedium,34,19.553301855921745,19.5045,3.525632,,107,8450873,12623,1,0,0,0,1,0,0
FleetMedium,35,18.646499142050743,18.5603,3.549184,,107,8450873,12623,1,0,0,0,1,0,0
FleetMedium,36,17.882199957966805,17.9813,3.524608,,107,8450873,12765,1,0,0,0,1,0,0
FleetMedium,37,17.835501581430435,17.8531,3.559424,,107,8450873,12623,1,0,0,0,1,0,0
FleetMedium,38,18.126998096704483,18.0589,3.525632,,107,8450873,12623,1,0,0,0,1,0,0
FleetMedium,39,17.958801239728928,17.9255,3.549184,,107,8450873,12623,1,0,0,0,1,0,0
FleetMedium,40,18.545698374509811,18.5753,3.544064,,107,8450873,12623,1,0,0,0,1,0,0
FleetMedium,41,18.158199265599251,18.1367,3.54816,,107,8450873,12623,1,0,0,0,1,0,0
FleetMedium,42,17.269302159547806,17.3051,3.546112,,107,8450873,12623,1,0,0,0,1,0,0
FleetMedium,43,16.702402383089066,16.6753,3.529728,,107,8450873,12623,1,0,0,0,1,0,0
FleetMedium,44,16.500098630785942,16.4181,3.524608,,107,8450873,12623,1,0,0,0,1,0,0
FleetMedium,45,15.575000084936619,15.6716,3.516416,,107,8450873,12713,1,0,0,0,1,0,0
FleetMedium,46,16.412897035479546,16.4111,3.531776,,107,8450873,12623,1,0,0,0,1,0,0
FleetMedium,47,16.18489995598793,16.1589,3.54816,,107,8450873,12623,1,0,0,0,1,0,0
FleetMedium,48,16.862103715538979,16.8107,3.549184,,107,8450873,12675,1,0,0,0,1,0,0
FleetMedium,49,15.695599839091301,15.7269,3.510272,,107,8450873,12623,1,0,0,0,1,0,0
FleetMedium,50,15.740001574158669,15.7487,3.556352,,107,8450873,12623,1,0,0,0,1,0,0
FleetMedium,51,16.578301787376404,16.562,4.107264,,107,8450873,12623,1,0,0,0,1,0,0
FleetMedium,52,16.641298308968544,16.6085,3.933184,,107,8450873,12623,1,0,0,0,1,0,0
FleetMedium,53,17.177402973175049,17.1854,3.994624,,107,8450873,12623,1,0,0,0,1,0,0
FleetMedium,54,16.436196863651276,16.2464,3.960832,,107,8450873,12623,1,0,0,0,1,0,0
FleetMedium,55,15.322902239859104,15.3389,3.981312,,107,8450873,12713,1,0,0,0,1,0,0
FleetMedium,56,16.80399663746357,16.9252,4.182016,,107,8450873,12623,1,0,0,0,1,0,0
FleetMedium,57,16.504300758242607,16.5329,3.966976,,107,8450873,12623,1,0,0,0,1,0,0
FleetMedium,58,17.1757023781538,17.1771,3.930112,,107,8450873,12623,1,0,0,0,1,0,0
FleetMedium,59,16.80939644575119,16.6839,3.963904,,107,8450873,12623,1,0,0,0,1,0,0
FleetMedium,60,15.536904335021973,15.6283,3.943424,,107,8450873,12623,1,0,0,0,1,0,0
FleetMedium,61,16.256596893072128,16.2474,3.95776,,107,8450873,12675,1,0,0,0,1,0,0
FleetMedium,62,18.625397235155106,18.5573,3.908608,,107,8450873,12623,1,0,0,0,1,0,0
FleetMedium,63,18.876204267144203,18.8532,3.551232,,107,8450873,12623,1,0,0,0,1,0,0
FleetMedium,64,16.371401026844978,16.4412,3.94752,,107,8450873,12713,1,0,0,0,1,0,0
FleetMedium,65,16.931101679801941,16.7915,3.540992,,107,8450873,12623,1,0,0,0,1,0,0
FleetMedium,66,18.964299932122231,19.0811,3.55328,,107,8450873,12623,1,0,0,0,1,0,0
FleetMedium,67,18.487598747015,18.4676,3.559424,,107,8450873,12623,1,0,0,0,1,0,0
FleetMedium,68,18.359700217843056,18.3308,3.523584,,107,8450873,12623,1,0,0,0,1,0,0
FleetMedium,69,17.639299854636192,17.6714,3.524608,,107,8450873,12623,1,0,0,0,1,0,0
FleetMedium,70,16.364796087145805,16.3545,3.579904,,107,8450873,12623,1,0,0,0,1,0,0
FleetMedium,71,16.751999035477638,16.7104,3.551232,,107,8450873,12623,1,0,0,0,1,0,0
FleetMedium,72,16.095004975795746,16.0596,3.560448,,107,8450873,12623,1,0,0,0,1,0,0
FleetMedium,73,16.7292021214962,16.6837,3.54304,,107,8450873,12765,1,0,0,0,1,0,0
FleetMedium,74,16.319798305630684,16.298,3.603456,,107,8450873,12623,1,0,0,0,1,0,0
FleetMedium,75,16.785899177193642,16.8191,3.555328,,107,8450873,12623,1,0,0,0,1,0,0
FleetMedium,76,16.545798629522324,16.6101,3.585024,,107,8450873,12623,1,0,0,0,1,0,0
FleetMedium,77,16.895400360226631,16.8903,3.598336,,107,8450873,12623,1,0,0,0,1,0,0
FleetMedium,78,14.988201670348644,14.983,3.567616,,107,8450873,12623,1,0,0,0,1,0,0
FleetMedium,79,16.8767012655735,16.8415,3.546112,,107,8450873,12623,1,0,0,0,1,0,0
FleetMedium,80,16.733396798372269,16.7571,3.931136,,107,8450873,12623,1,0,0,0,1,0,0
FleetMedium,81,16.392303630709648,16.3939,3.557376,,107,8450873,12623,1,0,0,0,1,0,0
FleetMedium,82,15.259098261594772,15.196,3.552256,,107,8450873,12623,1,0,0,0,1,0,0
FleetMedium,83,15.285700559616089,15.2903,3.574784,,107,8450873,12713,1,0,0,0,1,0,0
FleetMedium,84,15.518494881689548,15.5471,3.557376,,107,8450873,12623,1,0,0,0,1,0,0
FleetMedium,85,15.738202258944511,15.7116,3.551232,,107,8450873,12623,1,0,0,0,1,0,0
FleetMedium,86,15.398901887238026,15.4151,3.576832,,107,8450873,12675,1,0,0,0,1,0,0
FleetMedium,87,14.735501259565353,14.6919,3.510272,,107,8450873,12623,1,0,0,0,1,0,0
FleetMedium,88,15.129598788917065,15.1413,3.958784,,107,8450873,12623,1,0,0,0,1,0,0
FleetMedium,89,16.949901357293129,16.9492,3.587072,,107,8450873,12623,1,0,0,0,1,0,0
FleetMedium,90,15.59049729257822,15.5723,3.52768,,107,8450873,12623,1,0,0,0,1,0,0
FleetMedium,91,15.558701939880848,15.508,3.529728,,107,8450873,12623,1,0,0,0,1,0,0
FleetMedium,92,15.750495716929436,15.7297,3.584,,107,8450873,12623,1,0,0,0,1,0,0
FleetMedium,93,17.936600372195244,17.9881,3.96288,,107,8450873,12713,1,0,0,0,1,0,0
FleetMedium,94,16.272002831101418,16.2403,4.012032,,107,8450873,12623,1,0,0,0,1,0,0
FleetMedium,95,17.5314974039793,17.4254,3.966976,,107,8450873,12623,1,0,0,0,1,0,0
FleetMedium,96,16.292700543999672,16.3841,3.963904,,107,8450873,12623,1,0,0,0,1,0,0
FleetMedium,97,17.016299068927765,17.0033,3.97312,,107,8450873,12623,1,0,0,0,1,0,0
FleetMedium,98,17.97640323638916,17.9081,3.917824,,107,8450873,12623,1,0,0,0,1,0,0
FleetMedium,99,17.670301720499992,17.7046,3.96288,,107,8450873,12675,1,0,0,0,1,0,0
FleetMedium,100,19.029300659894943,18.9504,3.93728,,107,8450873,12623,1,0,0,0,1,0,0
FleetMedium,101,18.924297764897346,18.8554,4.150272,,107,8450873,12623,1,0,0,0,1,0,0
FleetMedium,102,17.821095883846283,17.9285,3.94752,,107,8450873,12713,1,0,0,0,1,0,0
FleetMedium,103,20.106101408600807,20.0809,3.971072,,107,8450873,12623,1,0,0,0,1,0,0
FleetMedium,104,19.930703565478325,19.9113,3.9424,,107,8450873,12623,1,0,0,0,1,0,0
FleetMedium,105,17.819494009017944,17.8029,3.915776,,107,8450873,12623,1,0,0,0,1,0,0
FleetMedium,106,17.955102026462555,17.9989,3.92704,,107,8450873,12623,1,0,0,0,1,0,0
FleetMedium,107,17.686104401946068,17.6549,3.972096,,107,8450873,12623,1,0,0,0,1,0,0
FleetMedium,108,16.316298395395279,16.3438,3.908608,,107,8450873,12623,1,0,0,0,1,0,0
FleetMedium,109,15.336401760578156,15.3376,3.940352,,107,8450873,12623,1,0,0,0,1,0,0
FleetMedium,110,16.071697697043419,15.8693,3.93728,,107,8450873,12623,1,0,0,0,1,0,0
FleetMedium,111,18.087301403284073,18.1932,3.966976,,107,8450873,12765,1,0,0,0,1,0,0
FleetMedium,112,19.210601225495338,19.2029,3.966976,,107,8450873,12623,1,0,0,0,1,0,0
FleetMedium,113,18.405193462967873,18.3392,3.513344,,107,8450873,12623,1,0,0,0,1,0,0
FleetMedium,114,18.39200034737587,18.4168,3.595264,,107,8450873,12623,1,0,0,0,1,0,0
FleetMedium,115,18.564505502581596,18.6094,3.510272,,107,8450873,12623,1,0,0,0,1,0,0
FleetMedium,116,17.984800040721893,17.9868,3.566592,,107,8450873,12623,1,0,0,0,1,0,0
FleetMedium,117,17.74900034070015,17.7043,3.505152,,107,8450873,12623,1,0,0,0,1,0,0
FleetMedium,118,17.718594521284103,17.7435,3.529728,,107,8450873,12623,1,0,0,0,1,0,0
FleetMedium,119,19.166899845004082,19.0849,3.559424,,107,8450873,12623,1,0,0,0,1,0,0
FleetMedium,120,16.460303217172623,16.4421,3.569664,,107,8450873,12713,1,0,0,0,1,0,0
FleetMedium,121,17.321499064564705,17.3291,3.556352,,107,8450873,12623,1,0,0,0,1,0,0
FleetMedium,122,16.427502036094666,16.4818,3.571712,,107,8450873,12623,1,0,0,0,1,0,0
FleetMedium,123,16.257695853710175,16.2469,3.5584,,107,8450873,12675,1,0,0,0,1,0,0
FleetMedium,124,16.809700056910515,16.8291,3.550208,,107,8450873,12623,1,0,0,0,1,0,0
FleetMedium,125,17.286600545048714,17.2641,3.542016,,107,8450873,12623,1,0,0,0,1,0,0
FleetMedium,126,17.686799168586731,17.6346,3.545088,,107,8450873,12623,1,0,0,0,1,0,0
FleetMedium,127,17.596103250980377,17.6367,3.550208,,107,8450873,12623,1,0,0,0,1,0,0
FleetMedium,128,16.88859798014164,16.8158,3.518464,,107,8450873,12623,1,0,0,0,1,0,0
FleetMedium,129,15.765802934765816,15.8014,3.556352,,107,8450873,12713,1,0,0,0,1,0,0
FleetMedium,130,15.814902260899544,15.8197,3.584,,107,8450873,12623,1,0,0,0,1,0,0
FleetMedium,131,15.437096357345581,15.4471,3.552256,,107,8450873,12623,1,0,0,0,1,0,0
FleetMedium,132,16.128500923514366,16.112,3.55328,,107,8450873,12623,1,0,0,0,1,0,0
FleetMedium,133,17.226302996277809,17.1544,3.538944,,107,8450873,12623,1,0,0,0,1,0,0
FleetMedium,134,16.416793689131737,16.4396,3.529728,,107,8450873,12623,1,0,0,0,1,0,0
FleetMedium,135,17.49410480260849,17.4955,3.593216,,107,8450873,12623,1,0,0,0,1,0,0
FleetMedium,136,16.675198450684547,16.6357,3.539968,,107,8450873,12675,1,0,0,0,1,0,0
FleetMedium,137,16.310501843690872,16.3508,3.547136,,107,8450873,12623,1,0,0,0,1,0,0
FleetMedium,138,16.644898802042007,16.5741,3.536896,,107,8450873,12623,1,0,0,0,1,0,0
FleetMedium,139,17.998199909925461,17.9693,3.546112,,107,8450873,12713,1,0,0,0,1,0,0
FleetMedium,140,16.673702746629715,16.7534,3.546112,,107,8450873,12623,1,0,0,0,1,0,0
FleetMedium,141,16.86919666826725,16.8661,3.531776,,107,8450873,12623,1,0,0,0,1,0,0
FleetMedium,142,16.149001196026802,16.1362,3.54816,,107,8450873,12623,1,0,0,0,1,0,0
FleetMedium,143,16.317799687385559,16.2713,3.54816,,107,8450873,12623,1,0,0,0,1,0,0
FleetMedium,144,17.161302268505096,17.1819,3.552256,,107,8450873,12623,1,0,0,0,1,0,0
FleetMedium,145,16.877196729183197,16.8672,3.596288,,107,8450873,12623,1,0,0,0,1,0,0
FleetMedium,146,16.106398776173592,15.9755,3.92704,,107,8450873,12623,1,0,0,0,1,0,0
FleetMedium,147,15.82699827849865,15.8085,3.567616,,107,8450873,12623,1,0,0,0,1,0,0
FleetMedium,148,15.458404086530209,15.5302,3.586048,,107,8450873,12623,1,0,0,0,1,0,0
FleetMedium,149,16.902295872569084,16.9611,3.557376,,107,8450873,12765,1,0,0,0,1,0,0
FleetMedium,150,16.305102035403252,16.2535,3.546112,,107,8450873,12623,1,0,0,0,1,0,0
FleetMedium,151,16.68880321085453,16.7186,3.525632,,107,8450873,12623,1,0,0,0,1,0,0
FleetMedium,152,17.430193722248077,17.4235,3.569664,,107,8450873,12623,1,0,0,0,1,0,0
FleetMedium,153,16.975205391645432,16.9438,3.629056,,107,8450873,12623,1,0,0,0,1,0,0
FleetMedium,154,18.102897331118584,18.1208,3.516416,,107,8450873,12623,1,0,0,0,1,0,0
FleetMedium,155,16.159800812602043,16.1226,3.52256,,107,8450873,12623,1,0,0,0,1,0,0
FleetMedium,156,19.189398735761642,19.1443,3.560448,,107,8450873,12623,1,0,0,0,1,0,0
FleetMedium,157,16.741298139095306,16.7182,3.574784,,107,8450873,12623,1,0,0,0,1,0,0
FleetMedium,158,18.778698518872261,18.7976,3.5584,,107,8450873,12713,1,0,0,0,1,0,0
FleetMedium,159,18.69940385222435,18.6705,3.581952,,107,8450873,12623,1,0,0,0,1,0,0
FleetMedium,160,17.020097002387047,17.0537,3.5072,,107,8450873,12623,1,0,0,0,1,0,0
FleetMedium,161,15.821103006601334,15.8388,3.579904,,107,8450873,12675,1,0,0,0,1,0,0
FleetMedium,162,17.749899998307228,17.6872,3.501056,,107,8450873,12623,1,0,0,0,1,0,0
FleetMedium,163,16.903195530176163,16.9514,3.54304,,107,8450873,12623,1,0,0,0,1,0,0
FleetMedium,164,17.281200736761093,17.2774,3.551232,,107,8450873,12623,1,0,0,0,1,0,0
FleetMedium,165,17.405301332473755,17.3634,3.560448,,107,8450873,12623,1,0,0,0,1,0,0
FleetMedium,166,17.023801803588867,16.9712,3.529728,,107,8450873,12623,1,0,0,0,1,0,0
FleetMedium,167,16.508800908923149,16.5842,3.54304,,107,8450873,12713,1,0,0,0,1,0,0
FleetMedium,168,16.287095844745636,16.1268,3.595264,,107,8450873,12623,1,0,0,0,1,0,0
FleetMedium,169,16.159899532794952,16.2549,3.546112,,107,8450873,12623,1,0,0,0,1,0,0
FleetMedium,170,15.592900104820728,15.5714,3.547136,,107,8450873,12623,1,0,0,0,1,0,0
FleetMedium,171,16.325304284691811,16.3186,3.560448,,107,8450873,12623,1,0,0,0,1,0,0
FleetMedium,172,16.329996287822723,16.3851,3.547136,,107,8450873,12623,1,0,0,0,1,0,0
FleetMedium,173,15.697002410888672,15.6376,3.590144,,107,8450873,12623,1,0,0,0,1,0,0
FleetMedium,174,16.035303473472595,16.0464,3.529728,,107,8450873,12675,1,0,0,0,1,0,0
FleetMedium,175,15.671797096729279,15.6441,3.556352,,107,8450873,12623,1,0,0,0,1,0,0
FleetMedium,176,17.011996358633041,16.9879,3.53792,,107,8450873,12623,1,0,0,0,1,0,0
FleetMedium,177,16.325304284691811,16.3344,3.54304,,107,8450873,12713,1,0,0,0,1,0,0
FleetMedium,178,16.558198258280754,16.5792,3.536896,,107,8450873,16636,1,0,0,0,1,0,0
FleetMedium,179,15.19280020147562,15.2173,3.559424,,107,8450873,12623,1,0,0,0,1,0,0
FleetMedium,180,16.211997717618942,16.1825,3.576832,,107,8450873,12623,1,0,0,0,1,0,0
FleetMedium,181,16.620302572846413,16.5854,3.584,,107,8450873,12623,1,0,0,0,1,0,0
FleetMedium,182,16.463903710246086,16.4792,3.534848,,107,8450873,12623,1,0,0,0,1,0,0
FleetMedium,183,16.370698809623718,16.3675,3.560448,,107,8450873,12623,1,0,0,0,1,0,0
FleetMedium,184,15.124999918043613,15.1328,3.556352,,107,8450873,12623,1,0,0,0,1,0,0
FleetMedium,185,16.751494258642197,16.6852,3.538944,,107,8450873,12623,1,0,0,0,1,0,0
FleetMedium,186,17.528904601931572,17.4822,3.530752,,107,8450873,12623,1,0,0,0,1,0,0
FleetMedium,187,15.613400377333164,15.6962,3.53792,,107,8450873,12765,1,0,0,0,1,0,0
FleetMedium,188,18.047498539090157,18.0207,3.516416,,107,8450873,12623,1,0,0,0,1,0,0
FleetMedium,189,16.525503247976303,16.5352,3.540992,,107,8450873,12623,1,0,0,0,1,0,0
FleetMedium,190,18.708694726228714,18.6456,3.528704,,107,8450873,12623,1,0,0,0,1,0,0
FleetMedium,191,18.645104020833969,18.6044,3.552256,,107,8450873,12623,1,0,0,0,1,0,0
FleetMedium,192,19.456399604678154,19.4659,3.549184,,107,8450873,12623,1,0,0,0,1,0,0
FleetMedium,193,19.390100613236427,19.1912,3.524608,,107,8450873,12623,1,0,0,0,1,0,0
FleetMedium,194,27.118297293782234,26.9462,3.52768,,107,8450873,15957,1,0,0,0,1,0,0
FleetMedium,195,20.735805854201317,20.9465,3.52768,,107,8450873,12713,1,0,0,0,1,0,0
FleetMedium,196,23.590199649333954,23.6217,3.569664,,107,8450873,12623,1,0,0,0,1,0,0
FleetMedium,197,20.3343965113163,20.3855,3.52768,,107,8450873,12623,1,0,0,0,1,0,0
FleetMedium,198,20.441398024559021,20.4703,4.035584,,107,8450873,12675,1,0,0,0,1,0,0
FleetMedium,199,19.52110230922699,19.5329,3.982336,,107,8450873,12623,1,0,0,0,1,0,0
FleetMedium,200,17.806399613618851,17.7501,3.972096,,107,8450873,12623,1,0,0,0,1,0,0
FleetMedium,201,19.60420235991478,19.6406,3.97312,,107,8450873,12623,1,0,0,0,1,0,0
FleetMedium,202,18.38190108537674,18.3219,3.955712,,107,8450873,12623,1,0,0,0,1,0,0
FleetMedium,203,18.072498962283134,18.0471,3.963904,,107,8450873,12713,1,0,0,0,1,0,0
FleetMedium,204,17.396500334143639,17.3038,3.939328,,107,8450873,12623,1,0,0,0,1,0,0
FleetMedium,205,18.124397844076157,18.2842,3.72224,,107,8450873,12623,1,0,0,0,1,0,0
FleetMedium,206,16.798298805952072,16.7618,3.551232,,107,8450873,12623,1,0,0,0,1,0,0
FleetMedium,207,17.078706994652748,17.0978,3.53792,,107,8450873,12623,1,0,0,0,1,0,0
FleetMedium,208,17.952799797058105,17.921,3.528704,,107,8450873,12623,1,0,0,0,1,0,0
FleetMedium,209,16.450800001621246,16.4434,3.602432,,107,8450873,12675,1,0,0,0,1,0,0
FleetMedium,210,15.759197995066643,15.7778,3.567616,,107,8450873,12623,1,0,0,0,1,0,0
FleetMedium,211,15.294600278139114,15.2305,3.567616,,107,8450873,12623,1,0,0,0,1,0,0
FleetMedium,212,15.376395545899868,15.435,3.536896,,107,8450873,12713,1,0,0,0,1,0,0
FleetMedium,213,14.994004741311073,14.9607,3.523584,,107,8450873,12623,1,0,0,0,1,0,0
FleetMedium,214,15.975998714566231,15.991,3.56352,,107,8450873,12623,1,0,0,0,1,0,0
FleetMedium,215,15.089597553014755,15.0833,3.525632,,107,8450873,12623,1,0,0,0,1,0,0
FleetMedium,216,16.317198053002357,16.2944,3.561472,,107,8450873,12623,1,0,0,0,1,0,0
FleetMedium,217,15.684105455875397,15.6685,3.575808,,107,8450873,12623,1,0,0,0,1,0,0
FleetMedium,218,16.029994934797287,16.0373,3.529728,,107,8450873,12623,1,0,0,0,1,0,0
FleetMedium,219,15.229698270559311,15.2308,3.544064,,107,8450873,12623,1,0,0,0,1,0,0
FleetMedium,220,15.737401321530342,15.7301,3.56864,,107,8450873,12623,1,0,0,0,1,0,0
FleetMedium,221,16.694599762558937,16.5434,3.533824,,107,8450873,12623,1,0,0,0,1,0,0
FleetMedium,222,16.865001991391182,16.9724,3.598336,,107,8450873,12765,1,0,0,0,1,0,0
FleetMedium,223,18.860898911952972,18.8507,3.528704,,107,8450873,12623,1,0,0,0,1,0,0
FleetMedium,224,18.014101311564445,17.9154,3.930112,,107,8450873,12623,1,0,0,0,1,0,0
FleetMedium,225,16.894202679395676,16.9669,3.9936,,107,8450873,12623,1,0,0,0,1,0,0
FleetMedium,226,18.895195797085762,18.7653,4.000768,,107,8450873,12623,1,0,0,0,1,0,0
FleetMedium,227,16.403600573539734,16.4898,4.020224,,107,8450873,12623,1,0,0,0,1,0,0
FleetMedium,228,18.611699342727661,18.328,3.97824,,107,8450873,12623,1,0,0,0,1,0,0
FleetMedium,229,17.67820306122303,17.9345,3.991552,,107,8450873,12623,1,0,0,0,1,0,0
FleetMedium,230,17.950396984815598,17.7982,4.011008,,107,8450873,12623,1,0,0,0,1,0,0
FleetMedium,231,19.540101289749146,19.7008,3.996672,,107,8450873,12713,1,0,0,0,1,0,0
FleetMedium,232,17.777103930711746,17.763,3.979264,,107,8450873,12623,1,0,0,0,1,0,0
FleetMedium,233,17.879698425531387,17.8093,4.047872,,107,8450873,12623,1,0,0,0,1,0,0
FleetMedium,234,18.31209659576416,18.3458,3.989504,,107,8450873,12675,1,0,0,0,1,0,0
FleetMedium,235,18.829505890607834,18.8155,3.979264,,107,8450873,12623,1,0,0,0,1,0,0
FleetMedium,236,20.845493301749229,20.7179,3.949568,,107,8450873,12623,1,0,0,0,1,0,0
FleetMedium,237,18.005102872848511,18.1162,4.007936,,107,8450873,12623,1,0,0,0,1,0,0
FleetMedium,238,17.942404374480247,17.9608,3.971072,,107,8450873,12623,1,0,0,0,1,0,0
FleetMedium,239,17.589796334505081,17.4599,3.960832,,107,8450873,12623,1,0,0,0,1,0,0
FleetMedium,240,18.149403855204582,18.2217,3.531776,,107,8450873,12713,1,0,0,0,1,0,0
FleetMedium,241,16.935700550675392,16.9417,3.569664,,107,8450873,12623,1,0,0,0,1,0,0
FleetMedium,242,18.906299024820328,18.8626,3.562496,,107,8450873,12623,1,0,0,0,1,0,0
FleetMedium,243,17.930300906300545,17.9495,3.950592,,107,8450873,12623,1,0,0,0,1,0,0
FleetMedium,244,19.71609890460968,19.6958,3.515392,,107,8450873,12623,1,0,0,0,1,0,0
FleetMedium,245,18.345797434449196,18.328,3.5584,,107,8450873,12675,1,0,0,0,1,0,0
FleetMedium,246,16.960501670837402,16.9793,3.536896,,107,8450873,12623,1,0,0,0,1,0,0
FleetMedium,247,17.395393922924995,17.2911,3.560448,,107,8450873,12623,1,0,0,0,1,0,0
FleetMedium,248,17.416404560208321,17.2239,3.549184,,107,8450873,12623,1,0,0,0,1,0,0
FleetMedium,249,17.227098345756531,17.4034,3.52256,,107,8450873,12713,1,0,0,0,1,0,0
FleetMedium,250,18.392601981759071,18.332,3.577856,,107,8450873,12623,1,0,0,0,1,0,0
FleetMedium,251,20.501701161265373,20.3861,3.525632,,107,8450873,12623,1,0,0,0,1,0,0
FleetMedium,252,21.579300984740257,21.4805,3.545088,,107,8450873,12623,1,0,0,0,1,0,0
FleetMedium,253,19.516199827194214,19.2441,4.004864,,107,8450873,12623,1,0,0,0,1,0,0
FleetMedium,254,20.115695893764496,20.3616,4.100096,,107,8450873,12623,1,0,0,0,1,0,0
FleetMedium,255,18.970904871821404,19.1235,4.033536,,107,8450873,12623,1,0,0,0,1,0,0
FleetMedium,256,25.407901033759117,19.0734,3.951616,,107,8450873,12675,1,0,0,0,1,0,0
FleetMedium,257,21.165695041418076,26.8778,3.964928,,107,8450873,32141,1,0,0,0,1,0,0
FleetMedium,258,19.329400733113289,18.0252,3.936256,,107,8450873,13419,1,0,0,0,1,0,0
FleetMedium,259,19.03509721159935,20.1282,3.990528,,107,8450873,13419,1,0,0,0,1,0,0
FleetMedium,260,17.202204093337059,17.4631,0.136192,,107,8450873,13419,1,0,0,0,1,0,0
FleetMedium,261,18.6654981225729,18.7094,3.961856,,107,8450873,13419,1,0,0,0,1,0,0
FleetMedium,262,18.28560046851635,18.9632,3.953664,,107,8450873,32051,1,0,0,0,1,0,0
FleetMedium,263,17.189597710967064,17.1129,3.579904,,107,8450873,12623,1,0,0,0,1,0,0
FleetMedium,264,17.968600615859032,18.0284,3.562496,,107,8450873,12623,1,0,0,0,1,0,0
FleetMedium,265,16.596606001257896,16.5249,0.128,,107,8450873,12623,1,0,0,0,1,0,0
FleetMedium,266,15.906300395727158,15.9114,3.588096,,107,8450873,12713,1,0,0,0,1,0,0
FleetMedium,267,15.772193670272827,15.814,3.54304,,107,8450873,12675,1,0,0,0,1,0,0
FleetMedium,268,17.258603125810623,17.2425,3.591168,,107,8450873,12623,1,0,0,0,1,0,0
FleetMedium,269,18.115000799298286,18.0245,3.528704,,107,8450873,12623,1,0,0,0,1,0,0
FleetMedium,270,17.40119792521,17.4726,3.546112,,107,8450873,12623,1,0,0,0,1,0,0
FleetMedium,271,18.52949894964695,18.513,3.826688,,107,8450873,12623,1,0,0,0,1,0,0
FleetMedium,272,17.107900232076645,17.0845,3.560448,,107,8450873,12623,1,0,0,0,1,0,0
FleetMedium,273,18.268601968884468,18.2832,3.519488,,107,8450873,12623,1,0,0,0,1,0,0
FleetMedium,274,16.943098977208138,16.867,3.590144,,107,8450873,12623,1,0,0,0,1,0,0
FleetMedium,275,17.44600385427475,17.4578,3.4816,,107,8450873,12713,1,0,0,0,1,0,0
FleetMedium,276,17.455697059631348,17.5,3.560448,,107,8450873,12623,1,0,0,0,1,0,0
FleetMedium,277,16.57550223171711,16.5183,3.52768,,107,8450873,12623,1,0,0,0,1,0,0
FleetMedium,278,18.017098307609558,17.751,3.670016,,107,8450873,12623,1,0,0,0,1,0,0
FleetMedium,279,16.739796847105026,17.0414,3.52256,,107,8450873,12675,1,0,0,0,1,0,0
FleetMedium,280,16.998002305626869,16.9996,3.546112,,107,8450873,12623,1,0,0,0,1,0,0
FleetMedium,281,16.63300022482872,16.585,3.525632,,107,8450873,12623,1,0,0,0,1,0,0
FleetMedium,282,16.790801659226418,16.8092,3.524608,,107,8450873,12623,1,0,0,0,1,0,0
FleetMedium,283,15.012195333838463,14.9515,3.535872,,107,8450873,12623,1,0,0,0,1,0,0
FleetMedium,284,15.871506184339523,15.9232,3.550208,,107,8450873,12713,1,0,0,0,1,0,0
FleetMedium,285,15.773992985486984,15.7452,3.528704,,107,8450873,12623,1,0,0,0,1,0,0
FleetMedium,286,15.380704775452614,15.3835,3.531776,,107,8450873,12623,1,0,0,0,1,0,0
FleetMedium,287,15.359297394752502,15.3769,3.536896,,107,8450873,12623,1,0,0,0,1,0,0
FleetMedium,288,15.035700052976608,15.0293,3.542016,,107,8450873,12623,1,0,0,0,1,0,0
FleetMedium,289,14.677302911877632,14.6327,3.520512,,107,8450873,12623,1,0,0,0,1,0,0
FleetMedium,290,14.849397353827953,14.8248,3.542016,,107,8450873,12623,1,0,0,0,1,0,0
FleetMedium,291,16.402799636125565,15.2823,3.526656,,107,8450873,12623,1,0,0,0,1,0,0
FleetMedium,292,19.308099523186684,18.8183,3.570688,,107,8450873,13471,1,0,0,0,1,0,0
FleetMedium,293,15.948504209518433,16.8617,3.570688,,107,8450873,13419,1,0,0,0,1,0,0
FleetMedium,294,18.092099577188492,17.8924,3.867648,,107,8450873,13509,1,0,0,0,1,0,0
FleetMedium,295,14.987400732934475,15.8985,3.577856,,107,8450873,13419,1,0,0,0,1,0,0
FleetMedium,296,15.057001262903214,15.0144,3.54816,,107,8450873,12623,1,0,0,0,1,0,0
FleetMedium,297,15.122399665415287,15.1446,3.51744,,107,8450873,12623,1,0,0,0,1,0,0
FleetMedium,298,15.454896725714207,15.4502,3.547136,,107,8450873,12623,1,0,0,0,1,0,0
FleetMedium,299,15.996599569916725,15.9661,3.529728,,107,8450873,12623,1,0,0,0,1,0,0
FleetMedium,300,16.2167027592659,16.1772,3.5328,,107,8450873,12623,1,0,0,0,1,0,0
FleetMedium,301,16.00230298936367,16.0329,3.530752,,107,8450873,12623,1,0,0,0,1,0,0
FleetMedium,302,14.866596087813377,14.8644,3.552256,,107,8450873,12623,1,0,0,0,1,0,0
FleetMedium,303,16.193898394703865,16.121,3.539968,,107,8450873,12623,1,0,0,0,1,0,0
FleetMedium,304,16.120599582791328,16.1354,3.538944,,107,8450873,12713,1,0,0,0,1,0,0
FleetMedium,305,15.006901696324348,15.0414,3.538944,,107,8450873,12675,1,0,0,0,1,0,0
FleetMedium,306,15.273398719727993,15.2667,3.531776,,107,8450873,12623,1,0,0,0,1,0,0
FleetMedium,307,15.437202528119087,15.4111,3.536896,,107,8450873,12623,1,0,0,0,1,0,0
FleetMedium,308,15.159799717366695,15.0372,3.559424,,107,8450873,12623,1,0,0,0,1,0,0
FleetMedium,309,16.387699171900749,16.5144,3.547136,,107,8450873,12623,1,0,0,0,1,0,0
FleetMedium,310,16.463002189993858,16.4336,3.50208,,107,8450873,12623,1,0,0,0,1,0,0
FleetMedium,311,15.964101999998093,15.9634,3.55328,,107,8450873,12623,1,0,0,0,1,0,0
FleetMedium,312,15.570599585771561,15.5453,3.544064,,107,8450873,12623,1,0,0,0,1,0,0
FleetMedium,313,14.52069915831089,14.4845,3.550208,,107,8450873,12623,1,0,0,0,1,0,0
FleetMedium,314,15.752799808979034,15.8114,3.519488,,107,8450873,12713,1,0,0,0,1,0,0
FleetMedium,315,16.549099236726761,16.4722,3.538944,,107,8450873,12623,1,0,0,0,1,0,0
FleetMedium,316,15.774702653288841,15.7819,3.565568,,107,8450873,12623,1,0,0,0,1,0,0
FleetMedium,317,15.498894266784191,15.5172,3.53792,,107,8450873,12623,1,0,0,0,1,0,0
FleetMedium,318,16.60500280559063,16.598,3.539968,,107,8450873,12675,1,0,0,0,1,0,0
FleetMedium,319,17.626700922846794,17.5872,3.538944,,107,8450873,12623,1,0,0,0,1,0,0
FleetMedium,320,18.706299364566803,18.6786,3.938304,,107,8450873,12623,1,0,0,0,1,0,0
FleetMedium,321,18.556497991085052,18.5813,3.48672,,107,8450873,12623,1,0,0,0,1,0,0
FleetMedium,322,16.938498243689537,16.8698,3.560448,,107,8450873,12623,1,0,0,0,1,0,0
FleetMedium,323,19.498704001307487,19.506,3.51744,,107,8450873,12713,1,0,0,0,1,0,0
FleetMedium,324,17.059799283742905,17.0991,3.524608,,107,8450873,12623,1,0,0,0,1,0,0
FleetMedium,325,17.028797417879105,17.0163,3.520512,,107,8450873,12623,1,0,0,0,1,0,0
FleetMedium,326,17.775297164916992,17.7376,3.535872,,107,8450873,12623,1,0,0,0,1,0,0
FleetMedium,327,18.733900040388107,18.7145,3.572736,,107,8450873,12623,1,0,0,0,1,0,0
FleetMedium,328,17.787203192710876,17.8168,3.55328,,107,8450873,12623,1,0,0,0,1,0,0
FleetMedium,329,17.917297780513763,17.8834,3.5328,,107,8450873,12623,1,0,0,0,1,0,0
FleetMedium,330,16.174901276826859,16.2065,3.555328,,107,8450873,12675,1,0,0,0,1,0,0
FleetMedium,331,16.004400327801704,15.9389,3.560448,,107,8450873,12623,1,0,0,0,1,0,0
FleetMedium,332,15.979399904608727,16.0149,3.555328,,107,8450873,12713,1,0,0,0,1,0,0
FleetMedium,333,16.454698517918587,16.4372,3.518464,,107,8450873,12623,1,0,0,0,1,0,0
FleetMedium,334,16.408000141382217,16.4232,3.492864,,107,8450873,12623,1,0,0,0,1,0,0
FleetMedium,335,17.022803425788879,16.9675,3.545088,,107,8450873,12623,1,0,0,0,1,0,0
FleetMedium,336,15.648199245333672,15.7066,3.519488,,107,8450873,12623,1,0,0,0,1,0,0
FleetMedium,337,16.58489927649498,16.5281,4.099072,,107,8450873,12623,1,0,0,0,1,0,0
FleetMedium,338,15.677899122238159,15.7153,3.526656,,107,8450873,12623,1,0,0,0,1,0,0
FleetMedium,339,15.191800892353058,15.1879,3.524608,,107,8450873,12623,1,0,0,0,1,0,0
FleetMedium,340,15.152700245380402,15.1447,3.569664,,107,8450873,12623,1,0,0,0,1,0,0
FleetMedium,341,15.101799741387367,15.0154,3.54304,,107,8450873,12623,1,0,0,0,1,0,0
FleetMedium,342,15.275701880455017,15.3448,3.501056,,107,8450873,12713,1,0,0,0,1,0,0
FleetMedium,343,16.719402745366096,16.7222,3.542016,,107,8450873,12675,1,0,0,0,1,0,0
FleetMedium,344,15.008694492280483,14.9808,3.556352,,107,8450873,12623,1,0,0,0,1,0,0
FleetMedium,345,14.906405471265316,14.893,3.557376,,107,8450873,12623,1,0,0,0,1,0,0
FleetMedium,346,15.131994150578976,15.1437,3.510272,,107,8450873,12623,1,0,0,0,1,0,0
FleetMedium,347,15.495400875806808,15.484,3.534848,,107,8450873,12623,1,0,0,0,1,0,0
FleetMedium,348,14.530300162732601,14.5264,3.545088,,107,8450873,12623,1,0,0,0,1,0,0
FleetMedium,349,16.6338998824358,16.4983,3.524608,,107,8450873,12623,1,0,0,0,1,0,0
FleetMedium,350,14.807901345193386,14.9212,3.503104,,107,8450873,12623,1,0,0,0,1,0,0
FleetMedium,351,16.146598383784294,16.0914,3.551232,,107,8450873,12623,1,0,0,0,1,0,0
FleetMedium,352,15.117999166250229,15.1576,3.531776,,107,8450873,12713,1,0,0,0,1,0,0
FleetMedium,353,16.608800739049911,16.5501,3.518464,,107,8450873,12623,1,0,0,0,1,0,0
FleetMedium,354,15.176800079643726,15.2127,3.494912,,107,8450873,12623,1,0,0,0,1,0,0
FleetMedium,355,15.45480452477932,15.4285,3.535872,,107,8450873,12623,1,0,0,0,1,0,0
FleetMedium,356,15.263300389051437,15.2667,3.580928,,107,8450873,12675,1,0,0,0,1,0,0
FleetMedium,357,15.047796070575714,15.0105,3.536896,,107,8450873,12623,1,0,0,0,1,0,0
FleetMedium,358,15.107802115380764,15.1469,3.542016,,107,8450873,12623,1,0,0,0,1,0,0
FleetMedium,359,16.82329922914505,16.7922,3.602432,,107,8450873,12623,1,0,0,0,1,0,0
FleetMedium,360,16.099702566862106,16.1124,3.56352,,107,8450873,12623,1,0,0,0,1,0,0
FleetMedium,361,16.267793253064156,16.1541,3.5072,,107,8450873,12623,1,0,0,0,1,0,0
FleetMedium,362,15.793805941939354,15.8923,3.508224,,107,8450873,12713,1,0,0,0,1,0,0
FleetMedium,363,16.280094161629677,16.1512,3.561472,,107,8450873,12623,1,0,0,0,1,0,0
FleetMedium,364,19.770003855228424,16.4776,3.549184,,107,8450873,12623,1,0,0,0,1,0,0
FleetMedium,365,18.28879676759243,20.0917,3.544064,,107,8450873,13419,1,0,0,0,1,0,0
FleetMedium,366,18.986202776432037,19.1551,3.51232,,107,8450873,13419,1,0,0,0,1,0,0
FleetMedium,367,20.90669609606266,19.2994,3.556352,,107,8450873,13419,1,0,0,0,1,0,0
FleetMedium,368,17.849603667855263,19.3814,3.544064,,107,8450873,13471,1,0,0,0,1,0,0
FleetMedium,369,16.560899093747139,17.9338,3.51744,,107,8450873,13419,1,0,0,0,1,0,0
FleetMedium,370,17.842700704932213,16.3251,3.504128,,107,8450873,12623,1,0,0,0,1,0,0
FleetMedium,371,16.960898414254189,17.935,3.508224,,107,8450873,13509,1,0,0,0,1,0,0
FleetMedium,372,18.206803128123283,16.3458,3.581952,,107,8450873,13419,1,0,0,0,1,0,0
FleetMedium,373,16.743296757340431,18.1724,3.524608,,107,8450873,13419,1,0,0,0,1,0,0
FleetMedium,374,18.108000978827477,18.022,3.523584,,107,8450873,13419,1,0,0,0,1,0,0
FleetMedium,375,17.842801287770271,17.4287,3.551232,,107,8450873,13419,1,0,0,0,1,0,0
FleetMedium,376,15.776997432112694,17.2247,3.52256,,107,8450873,13419,1,0,0,0,1,0,0
FleetMedium,377,18.642900511622429,15.797,3.539968,,107,8450873,12623,1,0,0,0,1,0,0
FleetMedium,378,21.700099110603333,24.4206,3.559424,,107,8450873,37027,1,0,0,0,1,0,0
FleetMedium,379,21.703401580452919,18.7391,3.523584,,107,8450873,12623,1,0,0,0,1,0,0
FleetMedium,380,20.815901458263397,23.7746,3.556352,,107,8450873,17745,1,0,0,0,1,0,0
FleetMedium,381,22.799497470259666,22.7978,0.141312,,107,8450873,12623,1,0,0,0,1,0,0
FleetMedium,382,18.0314052850008,18.0636,3.871744,,107,8450873,12623,1,0,0,0,1,0,0
FleetMedium,383,17.383497208356857,17.2674,0.028672,,107,8450873,12623,1,0,0,0,1,0,0
FleetMedium,384,18.621698021888733,18.7502,3.9424,,107,8450873,12623,1,0,0,0,1,0,0
FleetMedium,385,20.416701212525368,20.3364,3.936256,,107,8450873,12623,1,0,0,0,1,0,0
FleetMedium,386,18.649397417902946,18.7071,3.582976,,107,8450873,12623,1,0,0,0,1,0,0
FleetMedium,387,17.665604129433632,17.6338,3.569664,,107,8450873,12623,1,0,0,0,1,0,0
FleetMedium,388,17.822796478867531,17.8702,3.574784,,107,8450873,12713,1,0,0,0,1,0,0
FleetMedium,389,17.364101484417915,17.3884,3.570688,,107,8450873,12623,1,0,0,0,1,0,0
FleetMedium,390,16.0009004175663,15.9809,3.559424,,107,8450873,12623,1,0,0,0,1,0,0
FleetMedium,391,17.489101737737656,17.1807,3.570688,,107,8450873,12675,1,0,0,0,1,0,0
FleetMedium,392,17.386600375175476,17.6739,3.598336,,107,8450873,12623,1,0,0,0,1,0,0
FleetMedium,393,16.108397394418716,16.0919,3.555328,,107,8450873,12623,1,0,0,0,1,0,0
FleetMedium,394,18.974503502249718,18.9399,3.567616,,107,8450873,12623,1,0,0,0,1,0,0
FleetMedium,395,17.517397180199623,17.5507,3.572736,,107,8450873,12623,1,0,0,0,1,0,0
FleetMedium,396,15.991503372788429,15.9289,3.562496,,107,8450873,12623,1,0,0,0,1,0,0
FleetMedium,397,15.331696718931198,15.3902,3.487744,,107,8450873,12713,1,0,0,0,1,0,0
FleetMedium,398,15.118799172341824,15.0811,3.561472,,107,8450873,12623,1,0,0,0,1,0,0
FleetMedium,399,15.348101034760475,15.3725,3.516416,,107,8450873,12623,1,0,0,0,1,0,0
FleetMedium,400,48.470698297023773,15.7112,3.54304,,107,8450873,12623,0,0,0,0,1,0,0
FleetMedium,401,73.770001530647278,51.3326,3.508224,,107,8450873,13511,0,0,0,0,1,0,0
FleetMedium,402,19.412698224186897,74.4208,3.525632,,107,8450873,12675,0,0,0,0,1,0,0
FleetMedium,403,17.332497984170914,17.4255,3.547136,,107,8450873,12713,0,0,0,0,1,0,0
FleetMedium,404,17.378401011228561,17.3593,3.571712,,107,8450873,12623,0,0,0,0,1,0,0
FleetMedium,405,20.709402859210968,20.6559,3.509248,,107,8450873,12623,0,0,0,0,1,0,0
FleetMedium,406,20.596599206328392,20.5631,4.063232,,107,8450873,12623,0,0,0,0,1,0,0
FleetMedium,407,22.509898990392685,22.4357,,,107,8450873,12623,0,0,0,0,1,0,0
FleetMedium,408,23.232702165842056,23.223,3.830784,,107,8450873,12623,0,0,0,0,1,0,0
FleetMedium,409,21.060295403003693,21.1485,3.55328,,107,8450873,12623,0,0,0,0,1,0,0
FleetMedium,410,21.40909805893898,21.3121,3.881984,,107,8450873,12675,0,0,0,0,1,0,0
FleetMedium,411,20.812103524804115,20.8531,3.564544,,107,8450873,12713,0,0,0,0,1,0,0
FleetMedium,412,21.67629636824131,21.5489,4.077568,,107,8450873,12623,0,0,0,0,1,0,0
FleetMedium,413,24.358205497264862,24.2258,3.550208,,107,8450873,12623,0,0,0,0,1,0,0
FleetMedium,414,22.242000326514244,22.4641,4.057088,,107,8450873,12623,0,0,0,0,1,0,0
FleetMedium,415,18.706200644373894,18.7229,3.552256,,107,8450873,12623,0,0,0,0,1,0,0
FleetMedium,416,17.771797254681587,17.7952,4.307968,,107,8450873,12623,0,0,0,0,1,0,0
FleetMedium,417,19.695401191711426,19.6377,4.098048,,107,8450873,12623,0,0,0,0,1,0,0
FleetMedium,418,20.907595753669739,20.749,3.533824,,107,8450873,12623,0,0,0,0,1,0,0
FleetMedium,419,20.403500646352768,20.4174,3.7888,,107,8450873,12713,0,0,0,0,1,0,0
FleetMedium,420,18.339399248361588,18.468,3.57376,,107,8450873,12675,0,0,0,0,1,0,0
FleetMedium,421,17.805803567171097,17.8534,3.99872,,107,8450873,12623,0,0,0,0,1,0,0
FleetMedium,422,17.074298113584518,17.0781,3.555328,,107,8450873,12623,0,0,0,0,1,0,0
FleetMedium,423,17.14700274169445,17.0832,3.56352,,107,8450873,12623,0,0,0,0,1,0,0
FleetMedium,424,17.410296946763992,17.4521,3.559424,,107,8450873,12623,0,0,0,0,1,0,0
FleetMedium,425,16.995804384350777,16.9845,3.93728,,107,8450873,12623,0,0,0,0,1,0,0
FleetMedium,426,17.2444935888052,17.1751,3.986432,,107,8450873,12623,0,0,0,0,1,0,0
FleetMedium,427,17.28370226919651,17.2007,3.964928,,107,8450873,12623,0,0,0,0,1,0,0
FleetMedium,428,17.452500760555267,17.5296,3.588096,,107,8450873,12713,0,0,0,0,1,0,0
FleetMedium,429,18.283000215888023,18.2344,3.535872,,107,8450873,12623,0,0,0,0,1,0,0
FleetMedium,430,19.771696999669075,19.8131,3.590144,,107,8450873,12623,0,0,0,0,1,0,0
FleetMedium,431,18.69720034301281,18.6831,3.884032,,107,8450873,12623,0,0,0,0,1,0,0
FleetMedium,432,18.429804593324661,18.3994,3.918848,,107,8450873,12675,0,0,0,0,1,0,0
FleetMedium,433,18.876396119594574,18.8938,3.556352,,107,8450873,12623,0,0,0,0,1,0,0
FleetMedium,434,18.681498244404793,18.679,3.53792,,107,8450873,12623,0,0,0,0,1,0,0
FleetMedium,435,19.054902717471123,19.0193,3.605504,,107,8450873,12623,0,0,0,0,1,0,0
FleetMedium,436,20.099099725484848,20.019,3.538944,,107,8450873,12623,0,0,0,0,1,0,0
FleetMedium,437,18.834700807929039,18.4841,4.303872,,107,8450873,12713,0,0,0,0,1,0,0
FleetMedium,438,20.421301946043968,20.7893,3.981312,,107,8450873,12623,0,0,0,0,1,0,0
FleetMedium,439,18.450496718287468,18.4923,3.963904,,107,8450873,12623,0,0,0,0,1,0,0
FleetMedium,440,17.645500600337982,17.667,3.980288,,107,8450873,12623,0,0,0,0,1,0,0
FleetMedium,441,17.369097098708153,17.3187,3.935232,,107,8450873,12623,0,0,0,0,1,0,0
FleetMedium,442,17.484404146671295,17.4984,3.98848,,107,8450873,12623,0,0,0,0,1,0,0
FleetMedium,443,20.503202453255653,20.2558,3.54816,,107,8450873,12675,0,0,0,0,1,0,0
FleetMedium,444,25.152700021862984,25.048,3.511296,,107,8450873,12623,0,0,0,0,1,0,0
FleetMedium,445,28.622696176171303,28.8135,3.549184,,107,8450873,12713,0,0,0,0,1,0,0
FleetMedium,446,27.217503637075424,27.085,4.000768,,107,8450873,12623,0,0,0,0,1,0,0
FleetMedium,447,27.152296155691147,27.2262,4.012032,,107,8450873,12623,0,0,0,0,1,0,0
FleetMedium,448,28.642402961850166,28.545,3.61472,,107,8450873,12623,0,0,0,0,1,0,0
FleetMedium,449,26.253096759319305,26.4336,3.941376,,107,8450873,12623,0,0,0,0,1,0,0
FleetMedium,450,25.060897693037987,24.8826,3.874816,,107,8450873,12623,0,0,0,0,1,0,0
FleetMedium,451,22.740503773093224,22.8694,3.670016,,107,8450873,12765,0,0,0,0,1,0,0
FleetMedium,452,22.333800792694092,22.3164,3.85536,,107,8450873,12623,0,0,0,0,1,0,0
FleetMedium,453,21.323397755622864,21.3006,3.929088,,107,8450873,12623,0,0,0,0,1,0,0
FleetMedium,454,22.67109602689743,22.5512,3.622912,,107,8450873,12623,0,0,0,0,1,0,0
FleetMedium,455,38.595400750637054,24.0022,3.570688,,107,8450873,12623,0,0,0,0,1,0,0
FleetMedium,456,64.254499971866608,40.3448,3.87584,,107,8450873,37425,0,0,0,0,1,0,0
FleetMedium,457,25.591000914573669,64.0677,3.5072,,107,8450873,37121,0,0,0,0,1,0,0
FleetMedium,458,22.767601534724236,22.9144,3.55328,,107,8450873,32103,0,0,0,0,1,0,0
FleetMedium,459,21.340901032090187,21.2729,0.146432,,107,8450873,12623,0,0,0,0,1,0,0
FleetMedium,460,22.837599739432335,22.8604,0.128,,107,8450873,12623,0,0,0,0,1,0,0
FleetMedium,461,20.527295768260956,20.4926,0.125952,,107,8450873,12623,0,0,0,0,1,0,0
FleetMedium,462,20.532306283712387,20.5335,3.961856,,107,8450873,12623,0,0,0,0,1,0,0
FleetMedium,463,21.392900496721268,21.3251,3.908608,,107,8450873,12623,0,0,0,0,1,0,0
FleetMedium,464,21.113499999046326,21.1845,4.02432,,107,8450873,12713,0,0,0,0,1,0,0
FleetMedium,465,21.643197163939476,21.5324,3.545088,,107,8450873,12623,0,0,0,0,1,0,0
FleetMedium,466,22.283000871539116,20.6816,3.5584,,107,8450873,12623,0,0,0,0,1,0,0
FleetMedium,467,24.392098188400269,24.1207,3.566592,,107,8450873,13419,0,0,0,0,1,0,0
FleetMedium,468,26.04999952018261,27.3157,3.575808,,107,8450873,32501,0,0,0,0,1,0,0
FleetMedium,469,29.555901885032654,30.114,,,107,8450873,31653,0,0,0,0,1,0,0
FleetMedium,470,24.863498285412788,24.627,3.5072,,107,8450873,12623,0,0,0,0,1,0,0
FleetMedium,471,27.038903906941414,27.2599,0.14336,,107,8450873,12713,0,0,0,0,1,0,0
FleetMedium,472,22.958900779485703,22.8749,0.13824,,107,8450873,12623,0,0,0,0,1,0,0
FleetMedium,473,23.147795349359512,23.2128,3.56864,,107,8450873,12623,0,0,0,0,1,0,0
FleetMedium,474,22.445598617196083,22.3977,3.505152,,107,8450873,12623,0,0,0,0,1,0,0
FleetMedium,475,22.798802703619003,22.8072,3.554304,,107,8450873,12623,0,0,0,0,1,0,0
FleetMedium,476,21.743502467870712,21.7426,3.545088,,107,8450873,12623,0,0,0,0,1,0,0
FleetMedium,477,24.040497839450836,23.9284,3.547136,,107,8450873,12675,0,0,0,0,1,0,0
FleetMedium,478,22.804796695709229,22.8602,3.521536,,107,8450873,12713,0,0,0,0,1,0,0
FleetMedium,479,23.956505581736565,23.0189,3.854336,,107,8450873,12623,0,0,0,0,1,0,0
FleetPanorama,0,23.096399381756783,23.2987,5.531648,,94,10888545,29367,0,0,0,0,1,0,0
FleetPanorama,1,21.29640057682991,21.2654,5.134336,,94,10888545,12623,0,0,0,0,1,0,0
FleetPanorama,2,21.752700209617615,21.7393,4.584448,,94,10888545,12623,0,0,0,0,1,0,0
FleetPanorama,3,22.104805335402489,22.1181,0.012288,,94,10888545,12623,0,0,0,0,1,0,0
FleetPanorama,4,21.644799038767815,21.4522,4.898816,,94,10888545,12623,0,0,0,0,1,0,0
FleetPanorama,5,20.813301205635071,20.9877,4.2496,,94,10888545,12623,0,0,0,0,1,0,0
FleetPanorama,6,20.742496475577354,20.6928,4.209664,,94,10888545,12623,0,0,0,0,1,0,0
FleetPanorama,7,20.197100937366486,20.1929,4.206592,,94,10888545,12713,0,0,0,0,1,0,0
FleetPanorama,8,23.022597655653954,23.0172,4.268032,,94,10888545,12623,0,0,0,0,1,0,0
FleetPanorama,9,23.507801815867424,23.5158,4.238336,,94,10888545,12623,0,0,0,0,1,0,0
FleetPanorama,10,24.870598688721657,24.8719,4.488192,,94,10888545,12675,0,0,0,0,1,0,0
FleetPanorama,11,24.144897237420082,23.8405,4.568064,,94,10888545,12623,0,0,0,0,1,0,0
FleetPanorama,12,22.7586030960083,23.0656,4.376576,,94,10888545,12623,0,0,0,0,1,0,0
FleetPanorama,13,20.922299474477768,20.8505,4.58752,,94,10888545,12623,0,0,0,0,1,0,0
FleetPanorama,14,22.443098947405815,22.4208,4.226048,,94,10888545,12713,0,0,0,0,1,0,0
FleetPanorama,15,22.153904661536217,22.1504,4.240384,,94,10888545,12623,0,0,0,0,1,0,0
FleetPanorama,16,24.429500102996826,24.4363,4.28032,,94,10888545,12623,0,0,0,0,1,0,0
FleetPanorama,17,27.274297550320625,27.035,4.585472,,94,10888545,12623,0,0,0,0,1,0,0
FleetPanorama,18,27.634503319859505,27.7714,4.273152,,94,10888545,12623,0,0,0,0,1,0,0
FleetPanorama,19,24.184998124837875,24.1066,6.531072,,94,10888545,12675,0,0,0,0,1,0,0
FleetPanorama,20,24.510296061635017,24.5561,4.28544,,94,10888545,12623,0,0,0,0,1,0,0
FleetPanorama,21,37.883304059505463,25.8864,4.29568,,94,10888545,12713,0,0,0,0,1,0,0
FleetPanorama,22,28.453897684812546,38.5577,4.281344,,94,10888545,32051,0,0,0,0,1,0,0
FleetPanorama,23,26.48560144007206,26.4266,4.271104,,94,10888545,13419,0,0,0,0,1,0,0
FleetPanorama,24,24.839498102664948,25.8051,5.352448,,94,10888545,13419,0,0,0,0,1,0,0
FleetPanorama,25,23.010501638054848,23.3699,0.177152,,94,10888545,13419,0,0,0,0,1,0,0
FleetPanorama,26,22.534098476171494,22.4334,4.268032,,94,10888545,13419,0,0,0,0,1,0,0
FleetPanorama,27,22.876402363181114,22.9514,4.593664,,94,10888545,13561,0,0,0,0,1,0,0
FleetPanorama,28,23.004500195384026,22.8797,4.212736,,94,10888545,31653,0,0,0,0,1,0,0
FleetPanorama,29,20.62239870429039,21.3136,4.248576,,94,10888545,18021,0,0,0,0,1,0,0
FleetPanorama,30,20.38789726793766,19.5574,4.255744,,94,10888545,18021,0,0,0,0,1,0,0
FleetPanorama,31,22.659800946712494,22.7249,0.13312,,94,10888545,13411,0,0,0,0,1,0,0
FleetPanorama,32,23.246102035045624,21.8431,0.012288,,94,10888545,13411,0,0,0,0,1,0,0
FleetPanorama,33,22.95449934899807,24.9326,0.021504,,94,10888545,18415,0,0,0,0,1,0,0
FleetPanorama,34,21.367296576499939,21.6452,4.240384,,94,10888545,17717,0,0,0,0,1,0,0
FleetPanorama,35,22.045698016881943,21.9916,4.796416,,94,10888545,12623,0,0,0,0,1,0,0
FleetPanorama,36,25.351600721478462,25.3519,0.012288,,94,10888545,12623,0,0,0,0,1,0,0
FleetPanorama,37,21.279903128743172,21.2597,0.013312,,94,10888545,12675,0,0,0,0,1,0,0
FleetPanorama,38,21.023299545049667,20.9968,4.609024,,94,10888545,12623,0,0,0,0,1,0,0
FleetPanorama,39,19.951898604631424,19.8997,4.9152,,94,10888545,12623,0,0,0,0,1,0,0
FleetPanorama,40,27.492297813296318,27.4001,4.261888,,94,10888545,12623,0,0,0,0,1,0,0
FleetPanorama,41,24.937903508543968,24.9862,4.25472,,94,10888545,12713,0,0,0,0,1,0,0
FleetPanorama,42,27.422299608588219,27.2989,4.314112,,94,10888545,12623,0,0,0,0,1,0,0
FleetPanorama,43,32.284297049045563,32.2642,4.707328,,94,10888545,12623,0,0,0,0,1,0,0
FleetPanorama,44,27.395598590373993,27.4235,4.93568,,94,10888545,12623,0,0,0,0,1,0,0
FleetPanorama,45,57.934701442718506,27.7462,4.6336,,94,10888545,12675,0,0,0,0,1,0,0
FleetPanorama,46,30.991198495030403,60.0979,4.867072,,94,10888545,32141,0,0,0,0,1,0,0
FleetPanorama,47,29.830703511834145,30.7214,,,94,10888545,31653,0,0,0,0,1,0,0
FleetPanorama,48,26.615994051098824,26.4796,4.547584,,94,10888545,12623,0,0,0,0,1,0,0
FleetPanorama,49,27.049999684095383,27.0571,0.146432,,94,10888545,12623,0,0,0,0,1,0,0
FleetPanorama,50,25.577204301953316,25.9347,0.144384,,94,10888545,12623,0,0,0,0,1,0,0
FleetPanorama,51,24.003302678465843,23.9179,4.732928,,94,10888545,12623,0,0,0,0,1,0,0
FleetPanorama,52,22.713400423526764,22.726,4.345856,,94,10888545,12765,0,0,0,0,1,0,0
FleetPanorama,53,22.01569639146328,22.0987,4.62848,,94,10888545,12623,0,0,0,0,1,0,0
FleetPanorama,54,22.504804655909538,22.4738,4.598784,,94,10888545,12623,0,0,0,0,1,0,0
FleetPanorama,55,22.390199825167656,22.3578,4.25984,,94,10888545,12623,0,0,0,0,1,0,0
FleetPanorama,56,21.698696538805962,21.7352,4.678656,,94,10888545,12623,0,0,0,0,1,0,0
FleetPanorama,57,21.48049883544445,21.4672,4.62848,,94,10888545,12623,0,0,0,0,1,0,0
FleetPanorama,58,19.994799047708511,19.9096,4.658176,,94,10888545,12623,0,0,0,0,1,0,0
FleetPanorama,59,22.153303027153015,22.1908,4.67968,,94,10888545,12713,0,0,0,0,1,0,0
FleetPanorama,60,22.06830307841301,22.0744,4.62848,,94,10888545,12623,0,0,0,0,1,0,0
FleetPanorama,61,22.18560129404068,21.8677,4.675584,,94,10888545,12623,0,0,0,0,1,0,0
FleetPanorama,62,23.252593353390694,23.3446,4.62336,,94,10888545,12675,0,0,0,0,1,0,0
FleetPanorama,63,24.378301575779915,24.2612,5.164032,,94,10888545,12623,0,0,0,0,1,0,0
FleetPanorama,64,24.977501481771469,24.9173,4.337664,,94,10888545,12623,0,0,0,0,1,0,0
FleetPanorama,65,29.333099722862244,29.1351,4.243456,,94,10888545,12623,0,0,0,0,1,0,0
FleetPanorama,66,26.322200894355774,26.6134,5.238784,,94,10888545,12713,0,0,0,0,1,0,0
FleetPanorama,67,25.783000513911247,25.536,4.629504,,94,10888545,12623,0,0,0,0,1,0,0
FleetPanorama,68,26.294898241758347,26.3475,4.950016,,94,10888545,12623,0,0,0,0,1,0,0
FleetPanorama,69,26.363400742411613,26.3626,5.574656,,94,10888545,12623,0,0,0,0,1,0,0
FleetPanorama,70,28.346201404929161,28.5529,4.511744,,94,10888545,12675,0,0,0,0,1,0,0
FleetPanorama,71,28.958801180124283,28.8693,4.521984,,94,10888545,12623,0,0,0,0,1,0,0
FleetPanorama,72,26.593396440148354,26.6712,5.383168,,94,10888545,12713,0,0,0,0,1,0,0
FleetPanorama,73,25.087401270866394,25.2194,5.832704,,94,10888545,12623,0,0,0,0,1,0,0
FleetPanorama,74,24.493997916579247,24.3875,4.777984,,94,10888545,12623,0,0,0,0,1,0,0
FleetPanorama,75,22.656306624412537,22.7245,4.253696,,94,10888545,12623,0,0,0,0,1,0,0
FleetPanorama,76,21.278897300362587,21.2975,4.60288,,94,10888545,12623,0,0,0,0,1,0,0
FleetPanorama,77,20.373497158288956,20.3863,4.220928,,94,10888545,12623,0,0,0,0,1,0,0
FleetPanorama,78,20.848603919148445,20.6982,4.225024,,94,10888545,12623,0,0,0,0,1,0,0
FleetPanorama,79,21.985601633787155,22.0983,4.23936,,94,10888545,12765,0,0,0,0,1,0,0
FleetPanorama,80,20.923497155308723,20.917,4.250624,,94,10888545,12623,0,0,0,0,1,0,0
FleetPanorama,81,21.504096686840057,21.323,4.862976,,94,10888545,12623,0,0,0,0,1,0,0
FleetPanorama,82,22.86660298705101,22.9608,4.324352,,94,10888545,12623,0,0,0,0,1,0,0
FleetPanorama,83,20.869500935077667,20.9248,4.221952,,94,10888545,12623,0,0,0,0,1,0,0
FleetPanorama,84,22.567998617887497,22.3454,4.284416,,94,10888545,12623,0,0,0,0,1,0,0
FleetPanorama,85,23.404698818922043,23.4887,4.219904,,94,10888545,12623,0,0,0,0,1,0,0
FleetPanorama,86,21.72740176320076,21.7925,4.274176,,94,10888545,12713,0,0,0,0,1,0,0
FleetPanorama,87,20.695202052593231,20.705,4.612096,,94,10888545,12623,0,0,0,0,1,0,0
FleetPanorama,88,20.344698801636696,20.3644,4.277248,,94,10888545,12623,0,0,0,0,1,0,0
FleetPanorama,89,19.996499642729759,19.9926,4.626432,,94,10888545,12675,0,0,0,0,1,0,0
FleetPanorama,90,20.864894613623619,20.8119,4.237312,,94,10888545,12623,0,0,0,0,1,0,0
FleetPanorama,91,21.182207390666008,21.2082,5.029888,,94,10888545,12623,0,0,0,0,1,0,0
FleetPanorama,92,21.175099536776543,21.1636,4.278272,,94,10888545,12623,0,0,0,0,1,0,0
FleetPanorama,93,19.991900771856308,19.9093,4.955136,,94,10888545,12623,0,0,0,0,1,0,0
FleetPanorama,94,23.531299084424973,23.5751,4.296704,,94,10888545,12713,0,0,0,0,1,0,0
FleetPanorama,95,22.506795823574066,22.4779,4.615168,,94,10888545,12623,0,0,0,0,1,0,0
FleetPanorama,96,22.959403693675995,22.8942,4.314112,,94,10888545,12623,0,0,0,0,1,0,0
FleetPanorama,97,23.161798715591431,23.1708,4.888576,,94,10888545,12623,0,0,0,0,1,0,0
FleetPanorama,98,23.361500352621078,23.3149,4.281344,,94,10888545,12623,0,0,0,0,1,0,0
FleetPanorama,99,23.178799077868462,23.1663,4.62336,,94,10888545,12675,0,0,0,0,1,0,0
FleetPanorama,100,24.467602372169495,24.4189,4.256768,,94,10888545,12623,0,0,0,0,1,0,0
FleetPanorama,101,23.383297026157379,23.4947,5.088256,,94,10888545,12713,0,0,0,0,1,0,0
FleetPanorama,102,22.080598399043083,22.0208,4.274176,,94,10888545,12623,0,0,0,0,1,0,0
FleetPanorama,103,21.644402295351028,21.7173,4.642816,,94,10888545,12623,0,0,0,0,1,0,0
FleetPanorama,104,22.509701550006866,22.4338,4.605952,,94,10888545,12623,0,0,0,0,1,0,0
FleetPanorama,105,23.327501490712166,23.2764,4.230144,,94,10888545,12623,0,0,0,0,1,0,0
FleetPanorama,106,22.89540134370327,22.9492,4.557824,,94,10888545,12623,0,0,0,0,1,0,0
FleetPanorama,107,21.658793091773987,21.4375,4.277248,,94,10888545,12623,0,0,0,0,1,0,0
FleetPanorama,108,22.821400314569473,22.5114,4.825088,,94,10888545,12765,0,0,0,0,1,0,0
FleetPanorama,109,23.253202438354492,23.7298,4.240384,,94,10888545,12623,0,0,0,0,1,0,0
FleetPanorama,110,21.190200001001358,21.182,4.90496,,94,10888545,12623,0,0,0,0,1,0,0
FleetPanorama,111,21.696301177144051,21.5491,4.28544,,94,10888545,12623,0,0,0,0,1,0,0
FleetPanorama,112,20.7086019217968,20.6474,5.067776,,94,10888545,12623,0,0,0,0,1,0,0
FleetPanorama,113,22.926494479179382,23.0714,4.258816,,94,10888545,12623,0,0,0,0,1,0,0
FleetPanorama,114,20.776303485035896,20.6829,4.988928,,94,10888545,12623,0,0,0,0,1,0,0
FleetPanorama,115,22.320996969938278,22.4269,4.610048,,94,10888545,12713,0,0,0,0,1,0,0
FleetPanorama,116,22.815199568867683,22.758,4.3008,,94,10888545,12623,0,0,0,0,1,0,0
FleetPanorama,117,22.554202005267143,22.5214,5.111808,,94,10888545,12623,0,0,0,0,1,0,0
FleetPanorama,118,20.982397720217705,21.0593,4.647936,,94,10888545,12675,0,0,0,0,1,0,0
FleetPanorama,119,20.951204001903534,20.7253,5.3248,,94,10888545,12623,0,0,0,0,1,0,0
FleetPanorama,120,21.623894572257996,21.7974,4.681728,,94,10888545,12623,0,0,0,0,1,0,0
FleetPanorama,121,20.861806347966194,20.778,4.230144,,94,10888545,12623,0,0,0,0,1,0,0
FleetPanorama,122,20.039796829223633,20.1369,4.605952,,94,10888545,12713,0,0,0,0,1,0,0
FleetPanorama,123,19.701799377799034,19.654,4.26496,,94,10888545,12623,0,0,0,0,1,0,0
FleetPanorama,124,19.599800929427147,19.6379,4.675584,,94,10888545,12623,0,0,0,0,1,0,0
FleetPanorama,125,20.047696307301521,19.8884,4.233216,,94,10888545,12623,0,0,0,0,1,0,0
FleetPanorama,126,19.822604954242706,19.9359,4.639744,,94,10888545,12623,0,0,0,0,1,0,0
FleetPanorama,127,20.909396931529045,20.8831,4.220928,,94,10888545,12623,0,0,0,0,1,0,0
FleetPanorama,128,20.936600863933563,20.9217,4.649984,,94,10888545,12675,0,0,0,0,1,0,0
FleetPanorama,129,20.030101761221886,19.9918,4.201472,,94,10888545,12623,0,0,0,0,1,0,0
FleetPanorama,130,19.296599552035332,19.332,4.242432,,94,10888545,12713,0,0,0,0,1,0,0
FleetPanorama,131,18.0704016238451,18.083,4.207616,,94,10888545,12623,0,0,0,0,1,0,0
FleetPanorama,132,20.354798063635826,20.2382,4.240384,,94,10888545,12623,0,0,0,0,1,0,0
FleetPanorama,133,21.719204261898994,21.77,4.595712,,94,10888545,12623,0,0,0,0,1,0,0
FleetPanorama,134,20.750800147652626,20.7374,4.238336,,94,10888545,12623,0,0,0,0,1,0,0
FleetPanorama,135,20.807497203350067,20.7773,4.5312,,94,10888545,12623,0,0,0,0,1,0,0
FleetPanorama,136,20.784899592399597,20.7976,4.252672,,94,10888545,12623,0,0,0,0,1,0,0
FleetPanorama,137,20.86920291185379,20.7955,4.216832,,94,10888545,12623,0,0,0,0,1,0,0
FleetPanorama,138,21.909594535827637,21.9033,4.754432,,94,10888545,12765,0,0,0,0,1,0,0
FleetPanorama,139,22.223200649023056,22.2437,4.27008,,94,10888545,12623,0,0,0,0,1,0,0
FleetPanorama,140,22.437704727053642,22.4373,4.257792,,94,10888545,12623,0,0,0,0,1,0,0
FleetPanorama,141,20.911600440740585,20.9054,4.247552,,94,10888545,12623,0,0,0,0,1,0,0
FleetPanorama,142,21.597994491457939,21.6233,4.62336,,94,10888545,12623,0,0,0,0,1,0,0
FleetPanorama,143,22.004004567861557,21.9746,4.273152,,94,10888545,12623,0,0,0,0,1,0,0
FleetPanorama,144,20.559800788760185,20.4801,5.172224,,94,10888545,12623,0,0,0,0,1,0,0
FleetPanorama,145,19.045798107981682,19.1374,4.247552,,94,10888545,12713,0,0,0,0,1,0,0
FleetPanorama,146,19.833998754620552,19.8148,4.258816,,94,10888545,12623,0,0,0,0,1,0,0
FleetPanorama,147,18.530802801251411,18.5081,4.24448,,94,10888545,12623,0,0,0,0,1,0,0
FleetPanorama,148,22.031893953680992,21.9534,4.548608,,94,10888545,12675,0,0,0,0,1,0,0
FleetPanorama,149,24.596301838755608,24.6322,4.566016,,94,10888545,12623,0,0,0,0,1,0,0
FleetPanorama,150,22.667204961180687,22.6166,4.265984,,94,10888545,12623,0,0,0,0,1,0,0
FleetPanorama,151,23.322094231843948,23.2478,4.288512,,94,10888545,12623,0,0,0,0,1,0,0
FleetPanorama,152,25.351701304316521,25.4355,4.942848,,94,10888545,12713,0,0,0,0,1,0,0
FleetPanorama,153,24.961400777101517,24.8991,4.191232,,94,10888545,12623,0,0,0,0,1,0,0
FleetPanorama,154,24.575198069214821,24.5919,4.265984,,94,10888545,12623,0,0,0,0,1,0,0
FleetPanorama,155,24.164902046322823,24.1611,5.562368,,94,10888545,12623,0,0,0,0,1,0,0
FleetPanorama,156,23.973802104592323,23.8903,5.441536,,94,10888545,12623,0,0,0,0,1,0,0
FleetPanorama,157,26.206597685813904,25.9881,4.310016,,94,10888545,12675,0,0,0,0,1,0,0
FleetPanorama,158,26.200998574495316,26.3498,5.390336,,94,10888545,12623,0,0,0,0,1,0,0
FleetPanorama,159,24.747597053647041,24.8545,5.303296,,94,10888545,12713,0,0,0,0,1,0,0
FleetPanorama,160,26.021400466561317,25.5584,4.609024,,94,10888545,12623,0,0,0,0,1,0,0
FleetPanorama,161,23.992106318473816,24.3251,4.209664,,94,10888545,12623,0,0,0,0,1,0,0
FleetPanorama,162,24.245394393801689,24.3958,5.262336,,94,10888545,12623,0,0,0,0,1,0,0
FleetPanorama,163,23.703103885054588,23.5678,4.238336,,94,10888545,12623,0,0,0,0,1,0,0
FleetPanorama,164,24.121697992086411,24.184,5.992448,,94,10888545,12623,0,0,0,0,1,0,0
FleetPanorama,165,23.167502135038376,23.0848,4.224,,94,10888545,12623,0,0,0,0,1,0,0
FleetPanorama,166,21.545698866248131,21.5709,4.629504,,94,10888545,12765,0,0,0,0,1,0,0
FleetPanorama,167,22.196102887392044,22.2394,4.237312,,94,10888545,12623,0,0,0,0,1,0,0
FleetPanorama,168,22.7097999304533,22.6633,4.268032,,94,10888545,12623,0,0,0,0,1,0,0
FleetPanorama,169,23.569196462631226,23.4281,4.2496,,94,10888545,12623,0,0,0,0,1,0,0
FleetPanorama,170,23.583197966217995,23.7118,4.891648,,94,10888545,12623,0,0,0,0,1,0,0
FleetPanorama,171,22.297101095318794,22.2787,4.30592,,94,10888545,12623,0,0,0,0,1,0,0
FleetPanorama,172,24.070097133517265,23.9445,4.660224,,94,10888545,50930,0,0,0,0,1,0,0
FleetPanorama,173,29.876302927732468,29.5824,4.207616,,94,10888545,25860,0,0,0,0,1,0,0
FleetPanorama,174,28.626700863242149,28.9049,5.001216,,94,10888545,29043,0,0,0,0,1,0,0
FleetPanorama,175,25.713598355650902,25.7393,4.24448,,94,10888545,12675,0,0,0,0,1,0,0
FleetPanorama,176,24.844996631145477,24.863,4.92544,,94,10888545,12623,0,0,0,0,1,0,0
FleetPanorama,177,24.677401408553123,24.715699999999998,4.201472,,94,10888545,12623,0,0,0,0,1,0,0
FleetPanorama,178,21.809602156281471,21.756,4.954112,,94,10888545,12623,0,0,0,0,1,0,0
FleetPanorama,179,22.176997736096382,22.1719,5.318656,,94,10888545,12713,0,0,0,0,1,0,0
FleetPanorama,180,20.852897316217422,20.9279,4.943872,,94,10888545,12623,0,0,0,0,1,0,0
FleetPanorama,181,19.617799669504166,19.5942,4.228096,,94,10888545,12623,0,0,0,0,1,0,0
FleetPanorama,182,23.518204689025879,23.4183,4.21888,,94,10888545,12623,0,0,0,0,1,0,0
FleetPanorama,183,24.355696514248848,24.3883,4.225024,,94,10888545,12623,0,0,0,0,1,0,0
FleetPanorama,184,23.833099752664566,23.855,4.227072,,94,10888545,12675,0,0,0,0,1,0,0
FleetPanorama,185,28.963705524802208,28.6416,5.165056,,94,10888545,12623,0,0,0,0,1,0,0
FleetPanorama,186,25.743098929524422,25.7278,4.241408,,94,10888545,12713,0,0,0,0,1,0,0
FleetPanorama,187,22.94900082051754,23.2455,4.317184,,94,10888545,12623,0,0,0,0,1,0,0
FleetPanorama,188,25.069897994399071,24.9546,4.23424,,94,10888545,12623,0,0,0,0,1,0,0
FleetPanorama,189,25.949496775865555,26.0394,5.334016,,94,10888545,12623,0,0,0,0,1,0,0
FleetPanorama,190,24.532999843358994,24.4781,4.241408,,94,10888545,12623,0,0,0,0,1,0,0
FleetPanorama,191,23.099901154637337,23.1109,4.248576,,94,10888545,12623,0,0,0,0,1,0,0
FleetPanorama,192,21.710105240345,21.6633,4.624384,,94,10888545,12675,0,0,0,0,1,0,0
FleetPanorama,193,22.4342979490757,22.4336,4.19328,,94,10888545,12713,0,0,0,0,1,0,0
FleetPanorama,194,22.715199738740921,22.6488,4.267008,,94,10888545,12623,0,0,0,0,1,0,0
FleetPanorama,195,21.877897903323174,21.9642,4.199424,,94,10888545,12623,0,0,0,0,1,0,0
FleetPanorama,196,22.743402048945427,22.7294,4.622336,,94,10888545,12623,0,0,0,0,1,0,0
FleetPanorama,197,23.810295388102531,23.8211,5.141504,,94,10888545,12623,0,0,0,0,1,0,0
FleetPanorama,198,22.871606051921844,22.8113,4.265984,,94,10888545,12623,0,0,0,0,1,0,0
FleetPanorama,199,24.801898747682571,24.6913,4.2752,,94,10888545,12623,0,0,0,0,1,0,0
FleetPanorama,200,22.290397435426712,22.3727,4.731904,,94,10888545,12713,0,0,0,0,1,0,0
FleetPanorama,201,22.307200357317924,22.282,4.647936,,94,10888545,12675,0,0,0,0,1,0,0
FleetPanorama,202,22.412896156311035,22.3383,4.653056,,94,10888545,12623,0,0,0,0,1,0,0
FleetPanorama,203,21.881505846977234,22.0172,4.637696,,94,10888545,12623,0,0,0,0,1,0,0
FleetPanorama,204,20.851898938417435,20.8293,4.620288,,94,10888545,12623,0,0,0,0,1,0,0
FleetPanorama,205,22.1547968685627,22.0938,4.891648,,94,10888545,12623,0,0,0,0,1,0,0
FleetPanorama,206,23.180605843663216,23.1569,5.146624,,94,10888545,12623,0,0,0,0,1,0,0
FleetPanorama,207,20.819593220949173,20.8816,4.622336,,94,10888545,12713,0,0,0,0,1,0,0
FleetPanorama,208,22.317800670862198,22.2851,5.758976,,94,10888545,12623,0,0,0,0,1,0,0
FleetPanorama,209,18.731504678726196,18.7624,4.22912,,94,10888545,12623,0,0,0,0,1,0,0
FleetPanorama,210,20.226197317242622,20.1569,4.552704,,94,10888545,12623,0,0,0,0,1,0,0
FleetPanorama,211,20.24870365858078,20.2424,4.23424,,94,10888545,12675,0,0,0,0,1,0,0
FleetPanorama,212,20.14399878680706,20.1696,4.59776,,94,10888545,12623,0,0,0,0,1,0,0
FleetPanorama,213,20.110700279474258,20.0955,4.578304,,94,10888545,12623,0,0,0,0,1,0,0
FleetPanorama,214,19.407199695706367,19.3295,4.253696,,94,10888545,12623,0,0,0,0,1,0,0
FleetPanorama,215,20.380698144435883,20.3909,4.5824,,94,10888545,12713,0,0,0,0,1,0,0
FleetPanorama,216,20.050099119544029,20.1196,4.24448,,94,10888545,12623,0,0,0,0,1,0,0
FleetPanorama,217,21.9270046800375,21.8466,4.54656,,94,10888545,12623,0,0,0,0,1,0,0
FleetPanorama,218,23.007497191429138,22.9435,4.237312,,94,10888545,12623,0,0,0,0,1,0,0
FleetPanorama,219,21.348802372813225,21.4528,4.232192,,94,10888545,12623,0,0,0,0,1,0,0
FleetPanorama,220,21.333694458007813,21.2371,4.248576,,94,10888545,12623,0,0,0,0,1,0,0
FleetPanorama,221,21.398305892944336,21.4368,4.252672,,94,10888545,12675,0,0,0,0,1,0,0
FleetPanorama,222,21.737294271588326,21.5842,4.277248,,94,10888545,12623,0,0,0,0,1,0,0
FleetPanorama,223,21.76460437476635,21.8871,4.205568,,94,10888545,12713,0,0,0,0,1,0,0
FleetPanorama,224,22.172896191477776,22.2113,4.65408,,94,10888545,12623,0,0,0,0,1,0,0
FleetPanorama,225,19.1591065376997,19.1461,4.271104,,94,10888545,12623,0,0,0,0,1,0,0
FleetPanorama,226,20.128393545746803,19.981,4.91008,,94,10888545,12623,0,0,0,0,1,0,0
FleetPanorama,227,19.158998504281044,19.3112,4.226048,,94,10888545,12623,0,0,0,0,1,0,0
FleetPanorama,228,21.004499867558479,20.9887,5.30944,,94,10888545,12623,0,0,0,0,1,0,0
FleetPanorama,229,19.365100190043449,19.3163,4.246528,,94,10888545,12623,0,0,0,0,1,0,0
FleetPanorama,230,20.042404532432556,19.9095,4.25472,,94,10888545,12623,0,0,0,0,1,0,0
FleetPanorama,231,20.826097577810287,20.9417,4.278272,,94,10888545,12765,0,0,0,0,1,0,0
FleetPanorama,232,22.317403927445412,22.289,4.283392,,94,10888545,12623,0,0,0,0,1,0,0
FleetPanorama,233,19.160296767950058,19.2146,4.237312,,94,10888545,12623,0,0,0,0,1,0,0
FleetPanorama,234,18.938399851322174,18.8933,4.267008,,94,10888545,12623,0,0,0,0,1,0,0
FleetPanorama,235,19.239597022533417,19.2154,4.27008,,94,10888545,12623,0,0,0,0,1,0,0
FleetPanorama,236,20.432503893971443,20.4372,4.245504,,94,10888545,12623,0,0,0,0,1,0,0
FleetPanorama,237,21.064300090074539,21.0714,4.242432,,94,10888545,12623,0,0,0,0,1,0,0
FleetPanorama,238,19.421301782131195,19.3118,4.23424,,94,10888545,12623,0,0,0,0,1,0,0
FleetPanorama,239,19.093699753284454,19.1183,4.501504,,94,10888545,12713,0,0,0,0,1,0,0
FleetPanorama,240,19.956598058342934,20.0001,4.667392,,94,10888545,12623,0,0,0,0,1,0,0
FleetPanorama,241,20.431702956557274,20.387,4.313088,,94,10888545,12675,0,0,0,0,1,0,0
FleetPanorama,242,19.817495718598366,19.856,4.974592,,94,10888545,12623,0,0,0,0,1,0,0
FleetPanorama,243,21.063003689050674,21.0539,4.256768,,94,10888545,12623,0,0,0,0,1,0,0
FleetPanorama,244,20.453294739127159,20.4075,4.25984,,94,10888545,12623,0,0,0,0,1,0,0
FleetPanorama,245,20.460600033402443,20.5063,4.512768,,94,10888545,12623,0,0,0,0,1,0,0
FleetPanorama,246,19.012400880455971,18.8108,4.23424,,94,10888545,12623,0,0,0,0,1,0,0
FleetPanorama,247,19.849702715873718,20.0071,4.620288,,94,10888545,12713,0,0,0,0,1,0,0
FleetPanorama,248,20.726297050714493,20.718,4.263936,,94,10888545,12623,0,0,0,0,1,0,0
FleetPanorama,249,21.660905331373215,21.5017,5.080064,,94,10888545,12623,0,0,0,0,1,0,0
FleetPanorama,250,19.031597301363945,19.1576,4.276224,,94,10888545,12623,0,0,0,0,1,0,0
FleetPanorama,251,20.005796104669571,19.9925,4.649984,,94,10888545,12675,0,0,0,0,1,0,0
FleetPanorama,252,18.990306183695793,19.0187,4.274176,,94,10888545,12623,0,0,0,0,1,0,0
FleetPanorama,253,20.330896601080894,20.2217,4.28544,,94,10888545,12623,0,0,0,0,1,0,0
FleetPanorama,254,19.30600218474865,19.3247,4.621312,,94,10888545,12623,0,0,0,0,1,0,0
FleetPanorama,255,19.143998622894287,19.1469,4.263936,,94,10888545,12713,0,0,0,0,1,0,0
FleetPanorama,256,20.768798887729645,20.7965,4.887552,,94,10888545,12623,0,0,0,0,1,0,0
FleetPanorama,257,20.219599828124046,20.2487,4.241408,,94,10888545,12623,0,0,0,0,1,0,0
FleetPanorama,258,22.195203229784966,22.0268,4.257792,,94,10888545,12623,0,0,0,0,1,0,0
FleetPanorama,259,19.516596570611,19.6198,4.483072,,94,10888545,12623,0,0,0,0,1,0,0
FleetPanorama,260,19.474305212497711,19.4122,4.277248,,94,10888545,12623,0,0,0,0,1,0,0
FleetPanorama,261,20.292999222874641,20.3577,4.23424,,94,10888545,12623,0,0,0,0,1,0,0
FleetPanorama,262,20.642496645450592,20.4902,4.314112,,94,10888545,12675,0,0,0,0,1,0,0
FleetPanorama,263,19.786501303315163,19.8828,4.929536,,94,10888545,12713,0,0,0,0,1,0,0
FleetPanorama,264,19.903102889657021,19.9308,4.273152,,94,10888545,12623,0,0,0,0,1,0,0
FleetPanorama,265,19.275099039077759,19.2128,4.217856,,94,10888545,12623,0,0,0,0,1,0,0
FleetPanorama,266,19.811997190117836,19.8721,4.2496,,94,10888545,12623,0,0,0,0,1,0,0
FleetPanorama,267,19.239703193306923,19.1907,4.247552,,94,10888545,12623,0,0,0,0,1,0,0
FleetPanorama,268,20.41889913380146,20.3742,4.221952,,94,10888545,12623,0,0,0,0,1,0,0
FleetPanorama,269,20.476700738072395,20.5217,4.241408,,94,10888545,12623,0,0,0,0,1,0,0
FleetPanorama,270,19.088400527834892,18.9941,5.218304,,94,10888545,12623,0,0,0,0,1,0,0
FleetPanorama,271,20.849099382758141,20.9095,4.6336,,94,10888545,12713,0,0,0,0,1,0,0
FleetPanorama,272,19.838400185108185,19.8348,4.273152,,94,10888545,12623,0,0,0,0,1,0,0
FleetPanorama,273,20.652998238801956,20.6615,4.28032,,94,10888545,12675,0,0,0,0,1,0,0
FleetPanorama,274,21.693304181098938,21.349,4.308992,,94,10888545,12623,0,0,0,0,1,0,0
FleetPanorama,275,21.547894924879074,21.8455,4.248576,,94,10888545,12623,0,0,0,0,1,0,0
FleetPanorama,276,22.303599864244461,21.9933,4.253696,,94,10888545,12623,0,0,0,0,1,0,0
FleetPanorama,277,22.773001343011856,22.9851,4.269056,,94,10888545,12623,0,0,0,0,1,0,0
FleetPanorama,278,22.950701415538788,22.8958,4.22912,,94,10888545,12623,0,0,0,0,1,0,0
FleetPanorama,279,23.030498996376991,23.1289,5.466112,,94,10888545,12713,0,0,0,0,1,0,0
FleetPanorama,280,20.862698554992676,20.8271,4.217856,,94,10888545,12623,0,0,0,0,1,0,0
FleetPanorama,281,21.683000028133392,21.7315,4.543488,,94,10888545,12623,0,0,0,0,1,0,0
FleetPanorama,282,20.405802875757217,20.4132,4.236288,,94,10888545,12623,0,0,0,0,1,0,0
FleetPanorama,283,21.067198365926743,20.8798,4.927488,,94,10888545,12675,0,0,0,0,1,0,0
FleetPanorama,284,20.907802507281303,21.0419,4.247552,,94,10888545,12623,0,0,0,0,1,0,0
FleetPanorama,285,21.383900195360184,21.341,4.256768,,94,10888545,12623,0,0,0,0,1,0,0
FleetPanorama,286,20.367495715618134,20.3082,4.28032,,94,10888545,12623,0,0,0,0,1,0,0
FleetPanorama,287,19.464604556560516,19.5558,4.236288,,94,10888545,12713,0,0,0,0,1,0,0
FleetPanorama,288,19.813697785139084,19.8176,4.248576,,94,10888545,12623,0,0,0,0,1,0,0
FleetPanorama,289,20.808801054954529,20.7607,4.557824,,94,10888545,12623,0,0,0,0,1,0,0
FleetPanorama,290,20.037995651364326,20.043,4.246528,,94,10888545,12623,0,0,0,0,1,0,0
FleetPanorama,291,22.131605073809624,22.1193,4.23936,,94,10888545,12623,0,0,0,0,1,0,0
FleetPanorama,292,23.273199796676636,23.1889,4.621312,,94,10888545,12623,0,0,0,0,1,0,0
FleetPanorama,293,24.895599111914635,24.8516,4.272128,,94,10888545,12675,0,0,0,0,1,0,0
FleetPanorama,294,23.969698697328568,23.923,4.263936,,94,10888545,12713,0,0,0,0,1,0,0
FleetPanorama,295,22.789796814322472,22.8722,4.841472,,94,10888545,12623,0,0,0,0,1,0,0
FleetPanorama,296,21.787805482745171,21.8317,5.43232,,94,10888545,12623,0,0,0,0,1,0,0
FleetPanorama,297,21.748902276158333,21.726,5.015552,,94,10888545,12623,0,0,0,0,1,0,0
FleetPanorama,298,22.165894508361816,22.0995,5.117952,,94,10888545,12623,0,0,0,0,1,0,0
FleetPanorama,299,22.526204586029053,22.5065,4.594688,,94,10888545,12623,0,0,0,0,1,0,0
FleetPanorama,300,22.821499034762383,22.797,5.203968,,94,10888545,12623,0,0,0,0,1,0,0
FleetPanorama,301,22.795699536800385,22.8036,5.424128,,94,10888545,12713,0,0,0,0,1,0,0
FleetPanorama,302,20.63080295920372,20.6899,4.261888,,94,10888545,12675,0,0,0,0,1,0,0
FleetPanorama,303,21.21039479970932,21.2035,5.663744,,94,10888545,12623,0,0,0,0,1,0,0
FleetPanorama,304,21.438103169202805,21.3969,4.282368,,94,10888545,12623,0,0,0,0,1,0,0
FleetPanorama,305,21.274497732520103,21.2775,4.970496,,94,10888545,12623,0,0,0,0,1,0,0
FleetPanorama,306,20.035402849316597,20.0434,4.651008,,94,10888545,12623,0,0,0,0,1,0,0
FleetPanorama,307,20.971598103642464,20.8326,4.262912,,94,10888545,12623,0,0,0,0,1,0,0
FleetPanorama,308,20.456703379750252,20.5075,4.243456,,94,10888545,12623,0,0,0,0,1,0,0
FleetPanorama,309,20.556993782520294,20.4024,4.283392,,94,10888545,12713,0,0,0,0,1,0,0
FleetPanorama,310,21.418806165456772,21.575,4.253696,,94,10888545,12623,0,0,0,0,1,0,0
FleetPanorama,311,19.993692636489868,20.0293,4.227072,,94,10888545,12623,0,0,0,0,1,0,0
FleetPanorama,312,20.407702773809433,20.0145,4.538368,,94,10888545,12675,0,0,0,0,1,0,0
FleetPanorama,313,20.895896479487419,21.2377,4.678656,,94,10888545,12623,0,0,0,0,1,0,0
FleetPanorama,314,21.008800715208054,20.9606,4.245504,,94,10888545,12623,0,0,0,0,1,0,0
FleetPanorama,315,21.068204194307327,21.101,4.251648,,94,10888545,12623,0,0,0,0,1,0,0
FleetPanorama,316,20.358098670840263,20.2488,4.255744,,94,10888545,12623,0,0,0,0,1,0,0
FleetPanorama,317,20.366199314594269,20.4746,4.273152,,94,10888545,12713,0,0,0,0,1,0,0
FleetPanorama,318,20.000198855996132,19.8374,4.258816,,94,10888545,12623,0,0,0,0,1,0,0
FleetPanorama,319,22.314604371786118,22.2095,4.246528,,94,10888545,12623,0,0,0,0,1,0,0
FleetPanorama,320,22.241100668907166,22.4057,4.279296,,94,10888545,12623,0,0,0,0,1,0,0
FleetPanorama,321,20.576098933815956,20.6227,4.2496,,94,10888545,12623,0,0,0,0,1,0,0
FleetPanorama,322,19.54069547355175,19.5139,4.240384,,94,10888545,12675,0,0,0,0,1,0,0
FleetPanorama,323,21.771002560853958,21.7501,4.27008,,94,10888545,12623,0,0,0,0,1,0,0
FleetPanorama,324,21.064398810267448,20.9958,4.272128,,94,10888545,12623,0,0,0,0,1,0,0
FleetPanorama,325,22.299496456980705,22.326,4.263936,,94,10888545,12713,0,0,0,0,1,0,0
FleetPanorama,326,22.747505456209183,22.7628,4.258816,,94,10888545,12623,0,0,0,0,1,0,0
FleetPanorama,327,23.461196571588516,23.4318,4.278272,,94,10888545,12623,0,0,0,0,1,0,0
FleetPanorama,328,23.747803643345833,23.7103,4.284416,,94,10888545,12623,0,0,0,0,1,0,0
FleetPanorama,329,23.738201707601547,23.4901,4.286464,,94,10888545,12623,0,0,0,0,1,0,0
FleetPanorama,330,25.02189576625824,25.1462,4.622336,,94,10888545,12623,0,0,0,0,1,0,0
FleetPanorama,331,23.934898898005486,23.968,4.236288,,94,10888545,12675,0,0,0,0,1,0,0
FleetPanorama,332,23.097803816199303,23.2021,5.400576,,94,10888545,12713,0,0,0,0,1,0,0
FleetPanorama,333,21.684197708964348,21.6712,4.26496,,94,10888545,12623,0,0,0,0,1,0,0
FleetPanorama,334,21.849298849701881,21.8139,4.630528,,94,10888545,12623,0,0,0,0,1,0,0
FleetPanorama,335,21.921804174780846,21.9459,4.221952,,94,10888545,12623,0,0,0,0,1,0,0
FleetPanorama,336,21.668098866939545,21.6564,4.278272,,94,10888545,12623,0,0,0,0,1,0,0
FleetPanorama,337,22.545797750353813,22.4813,4.255744,,94,10888545,12623,0,0,0,0,1,0,0
FleetPanorama,338,22.468501701951027,22.3359,4.265984,,94,10888545,12623,0,0,0,0,1,0,0
FleetPanorama,339,21.688202396035194,21.8405,4.892672,,94,10888545,12713,0,0,0,0,1,0,0
FleetPanorama,340,21.902600303292274,21.8182,5.241856,,94,10888545,12675,0,0,0,0,1,0,0
FleetPanorama,341,20.427495241165161,20.4859,5.573632,,94,10888545,12623,0,0,0,0,1,0,0
FleetPanorama,342,20.977005362510681,20.378,5.455872,,94,10888545,12623,0,0,0,0,1,0,0
FleetPanorama,343,22.314300760626793,22.8731,4.947968,,94,10888545,12623,0,0,0,0,1,0,0
FleetPanorama,344,20.947398617863655,20.9541,4.242432,,94,10888545,12623,0,0,0,0,1,0,0
FleetPanorama,345,21.189497783780098,21.1859,5.554176,,94,10888545,12623,0,0,0,0,1,0,0
FleetPanorama,346,24.235600605607033,24.0729,4.28544,,94,10888545,12623,0,0,0,0,1,0,0
FleetPanorama,347,22.92339876294136,23.0408,4.57728,,94,10888545,12713,0,0,0,0,1,0,0
FleetPanorama,348,20.749496296048164,20.7861,5.431296,,94,10888545,12623,0,0,0,0,1,0,0
FleetPanorama,349,21.940901875495911,21.831,4.545536,,94,10888545,12623,0,0,0,0,1,0,0
FleetPanorama,350,22.164901718497276,22.1631,4.95616,,94,10888545,12675,0,0,0,0,1,0,0
FleetPanorama,351,22.743098437786102,22.7775,4.251648,,94,10888545,12623,0,0,0,0,1,0,0
FleetPanorama,352,21.167304366827011,21.1454,5.219328,,94,10888545,12623,0,0,0,0,1,0,0
FleetPanorama,353,21.068297326564789,20.9218,5.46816,,94,10888545,12623,0,0,0,0,1,0,0
FleetPanorama,354,22.307001054286957,22.3483,5.300224,,94,10888545,12713,0,0,0,0,1,0,0
FleetPanorama,355,20.833496004343033,20.804,4.89472,,94,10888545,12623,0,0,0,0,1,0,0
FleetPanorama,356,19.773505628108978,19.816,4.27008,,94,10888545,12623,0,0,0,0,1,0,0
FleetPanorama,357,20.748497918248177,20.7418,4.22912,,94,10888545,12623,0,0,0,0,1,0,0
FleetPanorama,358,20.339298993349075,20.269,4.28032,,94,10888545,12623,0,0,0,0,1,0,0
FleetPanorama,359,19.605102017521858,19.5921,4.237312,,94,10888545,12623,0,0,0,0,1,0,0
FleetPanorama,360,20.93149721622467,20.8242,4.227072,,94,10888545,12675,0,0,0,0,1,0,0
FleetPanorama,361,21.138902753591537,21.1425,4.608,,94,10888545,12623,0,0,0,0,1,0,0
FleetPanorama,362,20.020095631480217,20.1595,4.477952,,94,10888545,12713,0,0,0,0,1,0,0
FleetPanorama,363,20.37380263209343,20.3593,4.245504,,94,10888545,12623,0,0,0,0,1,0,0
FleetPanorama,364,19.880896434187889,19.8377,4.211712,,94,10888545,12623,0,0,0,0,1,0,0
FleetPanorama,365,20.363803952932358,20.3557,4.622336,,94,10888545,12623,0,0,0,0,1,0,0
FleetPanorama,366,20.039597526192665,20.0548,4.262912,,94,10888545,12623,0,0,0,0,1,0,0
FleetPanorama,367,20.861301571130753,20.7994,4.250624,,94,10888545,12623,0,0,0,0,1,0,0
FleetPanorama,368,21.684503182768822,21.7197,4.605952,,94,10888545,12623,0,0,0,0,1,0,0
FleetPanorama,369,22.669097408652306,22.4955,4.236288,,94,10888545,12623,0,0,0,0,1,0,0
FleetPanorama,370,21.356597542762756,21.4831,4.94592,,94,10888545,12765,0,0,0,0,1,0,0
FleetPanorama,371,21.825304254889488,21.8143,4.27008,,94,10888545,12623,0,0,0,0,1,0,0
FleetPanorama,372,21.14519476890564,21.1537,4.2496,,94,10888545,12623,0,0,0,0,1,0,0
FleetPanorama,373,20.722398534417152,20.6424,4.248576,,94,10888545,12623,0,0,0,0,1,0,0
FleetPanorama,374,20.539002493023872,20.6143,4.240384,,94,10888545,12623,0,0,0,0,1,0,0
FleetPanorama,375,21.026099100708961,20.8195,4.250624,,94,10888545,12623,0,0,0,0,1,0,0
FleetPanorama,376,20.084600895643234,20.2574,4.226048,,94,10888545,12623,0,0,0,0,1,0,0
FleetPanorama,377,20.40109783411026,20.3331,4.549632,,94,10888545,12623,0,0,0,0,1,0,0
FleetPanorama,378,20.30709944665432,20.3632,4.809728,,94,10888545,12713,0,0,0,0,1,0,0
FleetPanorama,379,20.005201920866966,19.9512,4.272128,,94,10888545,12623,0,0,0,0,1,0,0
FleetPanorama,380,21.218402311205864,21.2443,4.580352,,94,10888545,12675,0,0,0,0,1,0,0
FleetPanorama,381,19.664596766233444,19.6558,4.293632,,94,10888545,12623,0,0,0,0,1,0,0
FleetPanorama,382,21.315900608897209,21.2572,4.242432,,94,10888545,12623,0,0,0,0,1,0,0
FleetPanorama,383,20.52619680762291,20.5754,4.24448,,94,10888545,12623,0,0,0,0,1,0,0
FleetPanorama,384,23.19510281085968,23.1205,4.215808,,94,10888545,12623,0,0,0,0,1,0,0
FleetPanorama,385,22.632496431469917,22.559,4.605952,,94,10888545,12623,0,0,0,0,1,0,0
FleetPanorama,386,24.720003828406334,24.7755,4.250624,,94,10888545,12713,0,0,0,0,1,0,0
FleetPanorama,387,24.069700390100479,23.3419,5.326848,,94,10888545,12623,0,0,0,0,1,0,0
FleetPanorama,388,24.651098996400833,25.2836,4.243456,,94,10888545,12623,0,0,0,0,1,0,0
FleetPanorama,389,22.359900176525116,22.4539,5.387264,,94,10888545,12675,0,0,0,0,1,0,0
FleetPanorama,390,21.964497864246368,21.9498,4.286464,,94,10888545,12623,0,0,0,0,1,0,0
FleetPanorama,391,21.99460007250309,21.9632,5.220352,,94,10888545,12623,0,0,0,0,1,0,0
FleetPanorama,392,22.973200306296349,22.9079,4.293632,,94,10888545,12623,0,0,0,0,1,0,0
FleetPanorama,393,22.192098200321198,22.2607,4.644864,,94,10888545,12713,0,0,0,0,1,0,0
FleetPanorama,394,22.0613032579422,21.935,4.804608,,94,10888545,12623,0,0,0,0,1,0,0
FleetPanorama,395,23.133601993322372,23.2145,5.17632,,94,10888545,12623,0,0,0,0,1,0,0
FleetPanorama,396,23.137500509619713,23.162,4.678656,,94,10888545,12623,0,0,0,0,1,0,0
FleetPanorama,397,21.895598620176315,21.8275,5.556224,,94,10888545,12623,0,0,0,0,1,0,0
FleetPanorama,398,20.232398062944412,20.3043,5.438464,,94,10888545,12675,0,0,0,0,1,0,0
FleetPanorama,399,21.172001957893372,21.0703,4.919296,,94,10888545,12623,0,0,0,0,1,0,0
FleetPanorama,400,21.422194316983223,21.4389,4.26496,,94,10888545,12713,0,0,0,0,1,0,0
FleetPanorama,401,21.151905879378319,20.9987,5.239808,,94,10888545,12623,0,0,0,0,1,0,0
FleetPanorama,402,20.283298566937447,20.4416,4.301824,,94,10888545,12623,0,0,0,0,1,0,0
FleetPanorama,403,20.994698628783226,20.9681,4.27008,,94,10888545,12623,0,0,0,0,1,0,0
FleetPanorama,404,22.104697301983833,22.0805,4.502528,,94,10888545,12623,0,0,0,0,1,0,0
FleetPanorama,405,21.035600453615189,21.0707,4.310016,,94,10888545,12623,0,0,0,0,1,0,0
FleetPanorama,406,19.874496385455132,19.8131,4.62336,,94,10888545,12623,0,0,0,0,1,0,0
FleetPanorama,407,19.397405907511711,19.3784,4.901888,,94,10888545,12623,0,0,0,0,1,0,0
FleetPanorama,408,21.888598799705505,21.9426,4.965376,,94,10888545,12765,0,0,0,0,1,0,0
FleetPanorama,409,20.600000396370888,20.5533,4.253696,,94,10888545,12623,0,0,0,0,1,0,0
FleetPanorama,410,20.335296168923378,20.2378,4.620288,,94,10888545,12623,0,0,0,0,1,0,0
FleetPanorama,411,20.475098863244057,20.5939,4.272128,,94,10888545,12623,0,0,0,0,1,0,0
FleetPanorama,412,21.008502691984177,20.9369,4.220928,,94,10888545,12623,0,0,0,0,1,0,0
FleetPanorama,413,20.155400037765503,20.1758,4.29056,,94,10888545,12623,0,0,0,0,1,0,0
FleetPanorama,414,20.477097481489182,20.5005,4.265984,,94,10888545,12623,0,0,0,0,1,0,0
FleetPanorama,415,21.199602633714676,21.0754,4.227072,,94,10888545,12623,0,0,0,0,1,0,0
FleetPanorama,416,20.886097103357315,20.9802,4.758528,,94,10888545,12713,0,0,0,0,1,0,0
FleetPanorama,417,19.605902954936028,19.6086,4.252672,,94,10888545,12623,0,0,0,0,1,0,0
FleetPanorama,418,18.6070017516613,18.5359,4.258816,,94,10888545,12675,0,0,0,0,1,0,0
FleetPanorama,419,21.131794899702072,21.163,4.276224,,94,10888545,12623,0,0,0,0,1,0,0
FleetPanorama,420,22.019203752279282,21.9867,4.260864,,94,10888545,12623,0,0,0,0,1,0,0
FleetPanorama,421,21.507397294044495,21.4955,4.600832,,94,10888545,12623,0,0,0,0,1,0,0
FleetPanorama,422,19.460799172520638,19.5167,4.269056,,94,10888545,12623,0,0,0,0,1,0,0
FleetPanorama,423,19.79450136423111,19.7013,5.218304,,94,10888545,12623,0,0,0,0,1,0,0
FleetPanorama,424,20.006101578474045,20.0098,4.260864,,94,10888545,12713,0,0,0,0,1,0,0
FleetPanorama,425,19.820500165224075,19.813,4.235264,,94,10888545,12623,0,0,0,0,1,0,0
FleetPanorama,426,21.067900583148003,21.0975,4.274176,,94,10888545,12623,0,0,0,0,1,0,0
FleetPanorama,427,21.733701229095459,21.6098,4.287488,,94,10888545,12623,0,0,0,0,1,0,0
FleetPanorama,428,21.075693890452385,21.1914,4.262912,,94,10888545,12675,0,0,0,0,1,0,0
FleetPanorama,429,21.233603358268738,21.1012,4.232192,,94,10888545,12623,0,0,0,0,1,0,0
FleetPanorama,430,23.537103086709976,23.5347,4.287488,,94,10888545,12623,0,0,0,0,1,0,0
FleetPanorama,431,23.91359768807888,23.7774,4.296704,,94,10888545,12623,0,0,0,0,1,0,0
FleetPanorama,432,24.027401581406593,24.1995,4.816896,,94,10888545,12713,0,0,0,0,1,0,0
FleetPanorama,433,25.9637963026762,25.869,4.268032,,94,10888545,12623,0,0,0,0,1,0,0
FleetPanorama,434,24.373399093747139,24.4108,4.634624,,94,10888545,12623,0,0,0,0,1,0,0
FleetPanorama,435,26.462599635124207,26.4279,4.313088,,94,10888545,12623,0,0,0,0,1,0,0
FleetPanorama,436,26.612401008605957,26.5564,4.245504,,94,10888545,12623,0,0,0,0,1,0,0
FleetPanorama,437,28.282901272177696,27.8764,5.110784,,94,10888545,12675,0,0,0,0,1,0,0
FleetPanorama,438,28.333503752946854,28.7344,4.671488,,94,10888545,12713,0,0,0,0,1,0,0
FleetPanorama,439,28.749894350767136,28.5132,5.156864,,94,10888545,12623,0,0,0,0,1,0,0
FleetPanorama,440,29.988406226038933,30.1128,4.834304,,94,10888545,12623,0,0,0,0,1,0,0
FleetPanorama,441,29.797995463013649,29.7832,5.537792,,94,10888545,12623,0,0,0,0,1,0,0
FleetPanorama,442,29.332200065255165,29.4437,5.453824,,94,10888545,12623,0,0,0,0,1,0,0
FleetPanorama,443,25.82540363073349,25.6872,4.703232,,94,10888545,12623,0,0,0,0,1,0,0
FleetPanorama,444,24.692099541425705,24.8351,4.240384,,94,10888545,12765,0,0,0,0,1,0,0
FleetPanorama,445,25.902997702360153,25.8149,4.272128,,94,10888545,12623,0,0,0,0,1,0,0
FleetPanorama,446,25.450205430388451,25.4997,4.649984,,94,10888545,12623,0,0,0,0,1,0,0
FleetPanorama,447,26.910396292805672,26.4733,4.273152,,94,10888545,12623,0,0,0,0,1,0,0
FleetPanorama,448,30.383000150322914,30.6725,4.59776,,94,10888545,12623,0,0,0,0,1,0,0
FleetPanorama,449,26.351898908615112,26.3416,4.228096,,94,10888545,12623,0,0,0,0,1,0,0
FleetPanorama,450,24.803698062896729,24.9357,4.598784,,94,10888545,12713,0,0,0,0,1,0,0
FleetPanorama,451,24.517502635717392,24.4477,4.297728,,94,10888545,12623,0,0,0,0,1,0,0
FleetPanorama,452,20.823100581765175,20.8838,4.278272,,94,10888545,12675,0,0,0,0,1,0,0
FleetPanorama,453,22.473001852631569,22.4693,4.806656,,94,10888545,12623,0,0,0,0,1,0,0
FleetPanorama,454,21.492999047040939,21.4869,4.2752,,94,10888545,12623,0,0,0,0,1,0,0
FleetPanorama,455,21.665496751666069,21.5925,4.79744,,94,10888545,12623,0,0,0,0,1,0,0
FleetPanorama,456,22.355102002620697,22.3475,4.235264,,94,10888545,12623,0,0,0,0,1,0,0
FleetPanorama,457,23.616299033164978,23.6211,4.233216,,94,10888545,12713,0,0,0,0,1,0,0
FleetPanorama,458,22.533603012561798,22.5339,4.671488,,94,10888545,12623,0,0,0,0,1,0,0
FleetPanorama,459,21.6428991407156,21.6986,4.248576,,94,10888545,12623,0,0,0,0,1,0,0
FleetPanorama,460,21.521095186471939,21.4976,4.820992,,94,10888545,12623,0,0,0,0,1,0,0
FleetPanorama,461,21.94940485060215,21.8594,4.261888,,94,10888545,12623,0,0,0,0,1,0,0
FleetPanorama,462,21.33689820766449,21.3342,4.296704,,94,10888545,12675,0,0,0,0,1,0,0
FleetPanorama,463,21.732199937105179,21.7357,4.281344,,94,10888545,12623,0,0,0,0,1,0,0
FleetPanorama,464,21.440299227833748,21.4603,4.626432,,94,10888545,12713,0,0,0,0,1,0,0
FleetPanorama,465,21.679803729057312,21.674,5.0688,,94,10888545,12623,0,0,0,0,1,0,0
FleetPanorama,466,20.114796236157417,20.1505,4.937728,,94,10888545,12623,0,0,0,0,1,0,0
FleetPanorama,467,19.005605950951576,18.9597,4.662272,,94,10888545,12623,0,0,0,0,1,0,0
FleetPanorama,468,19.121995195746422,19.1407,4.646912,,94,10888545,12623,0,0,0,0,1,0,0
FleetPanorama,469,21.337904036045074,21.2957,4.256768,,94,10888545,12623,0,0,0,0,1,0,0
FleetPanorama,470,18.95269937813282,18.9487,4.248576,,94,10888545,12623,0,0,0,0,1,0,0
FleetPanorama,471,19.471995532512665,19.4259,4.260864,,94,10888545,12623,0,0,0,0,1,0,0
FleetPanorama,472,20.487301051616669,20.5244,4.243456,,94,10888545,12765,0,0,0,0,1,0,0
FleetPanorama,473,21.84000052511692,21.5723,4.250624,,94,10888545,12623,0,0,0,0,1,0,0
FleetPanorama,474,21.218394860625267,21.4695,4.562944,,94,10888545,12623,0,0,0,0,1,0,0
FleetPanorama,475,19.898306578397751,19.9077,4.3008,,94,10888545,12623,0,0,0,0,1,0,0
FleetPanorama,476,19.994897767901421,19.9405,4.274176,,94,10888545,12623,0,0,0,0,1,0,0
FleetPanorama,477,21.057596430182457,21.0704,4.269056,,94,10888545,12623,0,0,0,0,1,0,0
FleetPanorama,478,21.694302558898926,21.6617,4.256768,,94,10888545,12623,0,0,0,0,1,0,0
FleetPanorama,479,20.299099385738373,20.2415,4.591616,,94,10888545,12623,0,0,0,0,1,0,0
ConcentratedExplosions,0,36.488804966211319,36.3982,3.30752,,96,7991545,42785,0,1,0,1,2,0,0.12
ConcentratedExplosions,1,18.502600491046906,18.6307,,,109,8121347,12605,0,1,0,1,2,0,0.229466408
ConcentratedExplosions,2,15.65079391002655,15.6967,3.67616,,109,8121351,12605,0,1,0,1,2,0,0.284974217
ConcentratedExplosions,3,16.945904120802879,16.4919,0.012288,,109,8121351,12605,0,1,0,1,2,0,0.3319266
ConcentratedExplosions,4,16.706299036741257,17.1751,3.395584,,109,8121355,12605,0,1,0,1,2,0,0.3827643
ConcentratedExplosions,5,16.460295766592026,16.3969,3.690496,,107,8121353,12605,0,1,0,1,2,0,0.4328832
ConcentratedExplosions,6,17.2377061098814,17.2437,3.965952,,107,8121357,12605,0,1,0,1,2,0,0.482264131
ConcentratedExplosions,7,16.082795336842537,15.9616,3.483648,,107,8121357,12605,0,1,0,1,2,0,0.5339772
ConcentratedExplosions,8,17.021400853991508,17.0345,3.397632,,107,8121361,18699,0,1,0,1,2,0,0.5822256
ConcentratedExplosions,9,23.817304521799088,23.8576,3.403776,,107,8121365,21817,0,2,0,2,3,0,1.92097783
ConcentratedExplosions,10,17.020797356963158,17.036,3.423232,,109,8271523,12605,0,2,0,2,3,0,1.76263463
ConcentratedExplosions,11,16.710501164197922,16.6711,0.04608,,109,8271523,12657,0,2,0,2,3,0,1.65826511
ConcentratedExplosions,12,16.394196078181267,16.4237,0.058368,,109,8271523,12605,0,2,0,2,3,0,1.56239784
ConcentratedExplosions,13,17.327005043625832,17.33,3.442688,,109,8271523,12605,0,2,0,2,3,0,1.47428858
ConcentratedExplosions,14,17.295699566602707,17.215,3.451904,,109,8271527,12605,0,2,0,2,3,0,1.38714862
ConcentratedExplosions,15,16.593601554632187,16.6034,3.841024,,107,8271525,12605,0,2,0,2,3,0,1.30589426
ConcentratedExplosions,16,16.068395227193832,16.0223,3.42528,,107,8271529,12605,0,2,0,2,3,0,1.23296261
ConcentratedExplosions,17,17.158297821879387,17.1223,3.753984,,107,8271533,18699,0,2,0,2,3,0,1.16672587
ConcentratedExplosions,18,17.284005880355835,17.3644,3.421184,,107,8271533,16345,0,2,0,2,3,0,1.1004554
ConcentratedExplosions,19,24.43559467792511,24.3522,3.360768,,107,8271537,19625,0,3,0,3,3,0,1.88940656
ConcentratedExplosions,20,19.357999786734581,19.4236,0.065536,,117,8492037,12605,0,3,0,3,3,0,1.73005426
ConcentratedExplosions,21,16.759799793362617,16.7232,0.06144,,117,8492041,12605,0,3,0,3,3,0,1.61429036
ConcentratedExplosions,22,18.614200875163078,18.6019,3.945472,,117,8492041,12605,0,3,0,3,3,0,1.52096248
ConcentratedExplosions,23,18.100099638104439,18.1271,3.853312,,117,8492041,12657,0,3,0,3,3,0,1.42428386
ConcentratedExplosions,24,17.512401565909386,17.4375,3.52768,,117,8492045,12605,0,3,0,3,3,0,1.33683109
ConcentratedExplosions,25,17.878904938697815,17.8569,3.51232,,115,8492043,12605,0,3,0,3,3,0,1.25794113
ConcentratedExplosions,26,17.628500238060951,17.7284,3.510272,,115,8492047,18699,0,3,0,3,3,0,1.18280721
ConcentratedExplosions,27,18.750496208667755,18.6722,4.161536,,117,8492049,16345,0,3,0,3,3,0,1.11370933
ConcentratedExplosions,28,20.871102809906006,20.8942,3.904512,,117,8492053,20491,0,4,0,4,3,0,1.935377
ConcentratedExplosions,29,17.332596704363823,17.2947,0.048128,,118,7933667,12623,0,4,0,4,3,0,1.79468226
ConcentratedExplosions,30,16.887599602341652,16.8524,0.05632,,118,7933667,12623,0,4,0,4,3,0,1.68634534
ConcentratedExplosions,31,16.924001276493073,16.9415,3.407872,,118,7933667,12623,0,4,0,4,3,0,1.58768547
ConcentratedExplosions,32,16.333304345607758,16.3695,3.848192,,118,7933671,12623,0,4,0,4,3,0,1.49519062
ConcentratedExplosions,33,16.379896551370621,16.2509,3.770368,,118,7933671,12623,0,4,0,4,3,0,1.41158688
ConcentratedExplosions,34,16.908001154661179,16.8974,3.42528,,116,7933673,12623,0,4,0,4,3,0,1.33297288
ConcentratedExplosions,35,18.067099153995514,18.069,3.345408,,116,7933673,18769,0,4,0,4,3,0,1.25696433
ConcentratedExplosions,36,16.819898039102554,16.9395,3.444736,,116,7933677,16363,0,4,0,4,3,0,1.181134
ConcentratedExplosions,37,16.67790487408638,16.5868,3.369984,,116,7933677,12623,0,4,0,4,3,0,1.11520886
ConcentratedExplosions,38,23.629995062947273,23.608,0.057344,,116,7933681,17975,0,5,0,5,3,0,1.90637636
ConcentratedExplosions,39,17.446201294660568,17.4712,0.057344,,109,8283145,12623,0,5,0,5,3,0,1.75052321
ConcentratedExplosions,40,17.864398658275604,17.8017,3.431424,,109,8283145,12623,0,5,0,5,3,0,1.64444017
ConcentratedExplosions,41,17.70850270986557,17.8003,3.362816,,109,8283145,12623,0,5,0,5,3,0,1.543124
ConcentratedExplosions,42,17.057999968528748,16.9802,3.521536,,109,8283145,12623,0,5,0,5,3,0,1.44949365
ConcentratedExplosions,43,18.803196027874947,18.4198,3.77856,,109,8283145,12623,0,5,0,5,3,0,1.36527193
ConcentratedExplosions,44,20.090101286768913,20.2612,3.456,,107,8283147,18717,0,5,0,5,3,0,1.2787528
ConcentratedExplosions,45,20.624702796339989,20.6789,3.864576,,107,8283147,16363,0,5,0,5,3,0,1.19310939
ConcentratedExplosions,46,19.925197586417198,19.9856,3.51232,,107,8283147,12675,0,5,0,5,3,0,1.11193442
ConcentratedExplosions,47,24.546902626752853,24.594,0.048128,,107,8283147,17071,0,6,0,6,3,0,1.90672958
ConcentratedExplosions,48,19.259396940469742,19.2749,0.057344,,135,8241957,12623,0,6,0,6,3,0,1.74508452
ConcentratedExplosions,49,17.306597903370857,17.2711,3.40992,,135,8241961,12623,0,6,0,6,3,0,1.62878776
ConcentratedExplosions,50,18.56890507042408,18.2665,4.297728,,135,8241961,12623,0,6,0,6,3,0,1.53156114
ConcentratedExplosions,51,18.533099442720413,18.7129,3.49696,,135,8241961,12623,0,6,0,6,3,0,1.4343617
ConcentratedExplosions,52,18.474595621228218,18.509,3.483648,,135,8241965,18717,0,6,0,6,3,0,1.34418333
ConcentratedExplosions,53,18.027303740382195,18.0543,3.542016,,133,8241963,16363,0,6,0,6,3,0,1.26059926
ConcentratedExplosions,54,17.654599621891975,17.4776,3.849216,,133,8241963,12623,0,6,0,6,3,0,1.18468189
ConcentratedExplosions,55,18.738903105258942,18.7866,0.044032,,135,8241969,12623,0,6,0,6,3,0,1.11535978
ConcentratedExplosions,56,25.187095627188683,25.3103,3.721216,,134,8241967,17053,0,7,0,7,3,0,1.92088246
ConcentratedExplosions,57,17.909800633788109,17.9219,,,119,8337219,12657,0,7,0,7,3,0,1.75388694
ConcentratedExplosions,58,16.187598928809166,16.1616,3.84512,,119,8337223,12605,0,7,0,7,3,0,1.64485383
ConcentratedExplosions,59,16.849199309945107,16.8806,3.421184,,119,8337227,12605,0,7,0,7,3,0,1.55272126
ConcentratedExplosions,60,17.291899770498276,17.0259,3.43552,,119,8337227,12605,0,7,0,7,3,0,1.46286845
ConcentratedExplosions,61,17.597200348973274,17.7611,3.40992,,119,8337231,18699,0,7,0,7,3,0,1.37665069
ConcentratedExplosions,62,19.443798810243607,19.4455,3.456,,117,8337229,16345,0,7,0,7,3,0,1.29473042
ConcentratedExplosions,63,17.242403700947762,17.2774,3.390464,,117,8337233,12605,0,7,0,7,3,0,1.21056366
ConcentratedExplosions,64,16.515497118234634,16.4792,0.052224,,117,8337233,12605,0,7,0,7,3,0,1.141114
ConcentratedExplosions,65,27.080697938799858,27.0962,0.058368,,117,8337233,17457,0,8,0,8,3,0,1.07885146
ConcentratedExplosions,66,17.789002507925034,17.7559,3.422208,,134,8872969,12605,0,8,0,8,3,0,0.9850771
ConcentratedExplosions,67,17.851799726486206,17.7822,3.376128,,133,8872845,12605,0,8,0,8,3,0,0.928659856
ConcentratedExplosions,68,16.772696748375893,16.7159,3.6352,,133,8872845,12657,0,8,0,8,3,0,0.875842035
ConcentratedExplosions,69,18.222803249955177,18.3526,3.977216,,133,8872849,18699,0,8,0,8,3,0,0.829449832
ConcentratedExplosions,70,18.289696425199509,18,4.026368,,133,8872853,16345,0,8,0,8,3,0,0.7823553
ConcentratedExplosions,71,16.949504613876343,17.249,3.651584,,132,8873043,12605,0,8,0,8,3,0,0.738315165
ConcentratedExplosions,72,15.734801068902016,15.7489,0.057344,,132,8873043,12605,0,8,0,8,3,0,0.700189769
ConcentratedExplosions,73,17.552196979522705,17.3275,0.044032,,132,8873047,12605,0,8,0,8,3,0,0.6669588
ConcentratedExplosions,74,26.566900312900543,26.5635,3.616768,,132,8873051,17071,0,9,0,9,3,0,1.95511389
ConcentratedExplosions,75,18.02460290491581,18.1587,3.97312,,119,8363113,12623,0,9,0,9,3,0,1.776029
ConcentratedExplosions,76,19.058596342802048,18.8547,4.272128,,119,8363117,12623,0,9,0,9,3,0,1.66480029
ConcentratedExplosions,77,18.096102401614189,18.1343,3.488768,,119,8363117,18717,0,9,0,9,3,0,1.555488
ConcentratedExplosions,78,19.158199429512024,19.2266,3.490816,,119,8363117,16363,0,9,0,9,3,0,1.45902956
ConcentratedExplosions,79,18.16120371222496,18.1653,3.401728,,119,8363121,12675,0,9,0,9,3,0,1.36413121
ConcentratedExplosions,80,17.873497679829597,17.8582,0.063488,,117,8363119,12623,0,9,0,9,3,0,1.28054059
ConcentratedExplosions,81,17.035204917192459,17.0408,0.05632,,117,8363119,12623,0,9,0,9,3,0,1.20389712
ConcentratedExplosions,82,19.454194232821465,19.3859,3.454976,,117,8363123,17949,0,9,0,9,3,0,0.6661068
ConcentratedExplosions,83,31.265702098608017,31.2934,3.431424,,130,8407095,17071,0,10,0,10,3,0,1.06315792
ConcentratedExplosions,84,23.1975968927145,22.8377,3.864576,,159,8296487,12623,0,10,0,10,3,0,0.9575614
ConcentratedExplosions,85,21.561203524470329,21.9,3.51744,,146,8224991,18717,0,10,0,10,3,0,0.887131333
ConcentratedExplosions,86,25.20669624209404,25.0479,3.744768,,147,8257793,16363,0,10,0,10,3,0,0.8271323
ConcentratedExplosions,87,22.882504388689995,22.8442,3.566592,,146,8232977,12623,0,10,0,10,3,0,0.763068
ConcentratedExplosions,88,22.117298096418381,22.2166,0.166912,,145,8264319,12623,0,10,0,10,3,0,0.710082352
ConcentratedExplosions,89,21.434297785162926,21.427,0.144384,,143,8221389,12675,0,10,0,10,3,0,0.663127542
ConcentratedExplosions,90,31.758304685354233,31.6526,3.672064,,287,8221681,17053,0,11,0,11,3,0,1.94504368
ConcentratedExplosions,91,21.670600399374962,21.6032,3.521536,,109,7967395,12605,0,11,0,11,3,0,1.734295
ConcentratedExplosions,92,22.895995527505875,22.9861,3.64032,,109,7967399,18699,0,11,0,11,3,0,1.60493577
ConcentratedExplosions,93,24.874100461602211,24.8424,4.027392,,109,7967403,16345,0,11,0,11,3,0,1.47975862
ConcentratedExplosions,94,23.63399975001812,23.6275,,,109,7967403,12605,0,11,0,11,3,0,1.35597181
ConcentratedExplosions,95,21.151104941964149,21.1892,0.049152,,107,7967405,12605,0,11,0,11,3,0,1.24906325
ConcentratedExplosions,96,22.453797981142998,22.3701,0.058368,,107,7967405,12605,0,11,0,11,3,0,1.16144693
ConcentratedExplosions,97,28.536500409245491,28.5415,4.323328,,107,7967409,17053,0,12,0,12,3,0,1.93959641
ConcentratedExplosions,98,24.87969771027565,24.7116,3.4304,,117,8117635,12657,0,12,0,12,3,0,1.74962354
ConcentratedExplosions,99,24.1658017039299,24.3995,3.416064,,117,8117639,18699,0,12,0,12,3,0,1.6005975
ConcentratedExplosions,100,25.686196982860565,25.5545,,,117,8117643,16345,0,12,0,12,3,0,1.46919727
ConcentratedExplosions,101,24.017304182052612,23.9665,3.391488,,117,8117647,12605,0,12,0,12,3,0,1.34258533
ConcentratedExplosions,102,24.370698258280754,24.4574,0.072704,,115,8117649,12605,0,12,0,12,3,0,1.235229
ConcentratedExplosions,103,22.312598302960396,22.2844,0.069632,,115,8117653,12605,0,12,0,12,3,0,1.13616323
ConcentratedExplosions,104,32.309800386428833,32.092,3.79392,,115,8117657,17053,0,13,0,12,3,0,1.90108287
ConcentratedExplosions,105,25.22130124270916,25.4347,3.966976,,129,8122021,18699,0,13,0,12,3,0,1.69217241
ConcentratedExplosions,106,24.434396997094154,24.4033,,,129,8122025,16397,0,13,0,12,3,0,1.54664326
ConcentratedExplosions,107,29.096102342009544,28.9595,3.426304,,129,8122029,12605,0,13,0,12,3,0,1.41880488
ConcentratedExplosions,108,28.950702399015427,29.0053,0.06656,,129,8122033,12605,0,13,0,12,3,0,1.2817775
ConcentratedExplosions,109,25.255300104618073,25.1955,0.057344,,127,8122035,12605,0,13,0,12,3,0,1.16013
ConcentratedExplosions,110,29.863301664590836,29.8423,4.67968,,129,8122041,17071,0,14,0,12,3,0,1.96205509
ConcentratedExplosions,111,26.755498722195625,26.7137,4.752384,,128,7866115,18717,0,14,0,12,3,0,1.76125932
ConcentratedExplosions,112,29.743097722530365,29.8452,3.483648,,128,7866119,16363,0,14,0,12,3,0,1.6004132
ConcentratedExplosions,113,21.88669890165329,21.8337,3.410944,,128,7866123,12623,0,14,0,12,3,0,1.44044363
ConcentratedExplosions,114,22.194402292370796,22.2824,0.057344,,126,7866125,12675,0,14,0,12,3,0,1.33413649
ConcentratedExplosions,115,21.558899432420731,21.4844,0.04608,,126,7866125,12623,0,14,0,12,3,0,1.23528361
ConcentratedExplosions,116,21.007999777793884,20.9752,3.751936,,126,7866125,12623,0,14,0,12,3,0,1.147166
ConcentratedExplosions,117,28.021994978189468,27.8693,3.874816,,126,7866129,17071,0,15,0,12,3,0,1.90769982
ConcentratedExplosions,118,21.710501983761787,21.831,3.329024,,121,8096857,18717,0,15,0,12,3,0,1.72430992
ConcentratedExplosions,119,21.312698721885681,21.3363,,,121,8096861,16363,0,15,0,12,3,0,1.59554243
ConcentratedExplosions,120,21.897902712225914,21.9184,3.414016,,121,8096861,12623,0,15,0,12,3,0,1.47941959
ConcentratedExplosions,121,21.18309959769249,21.1486,0.05632,,121,8096861,12623,0,15,0,12,3,0,1.36984169
ConcentratedExplosions,122,21.950503811240196,21.825,0.047104,,119,8096863,12623,0,15,0,12,3,0,1.27245569
ConcentratedExplosions,123,22.072995081543922,22.1023,3.39456,,119,8096863,12675,0,15,0,12,3,0,1.17973757
ConcentratedExplosions,124,21.184304729104042,21.1847,3.452928,,119,8096863,12623,0,15,0,12,3,0,1.09421337
ConcentratedExplosions,125,29.595598578453064,29.6033,3.509248,,119,8096867,17143,0,16,0,12,3,0,1.86451924
ConcentratedExplosions,126,21.283198148012161,21.326,3.7376,,111,7848619,12605,0,16,0,12,3,0,1.67618585
ConcentratedExplosions,127,20.43609693646431,19.6141,4.064256,,111,7848623,12605,0,16,0,12,3,0,1.55372465
ConcentratedExplosions,128,20.249100401997566,20.9643,3.311616,,111,7848623,12605,0,16,0,12,3,0,1.4454242
ConcentratedExplosions,129,20.928805693984032,20.9915,3.329024,,111,7848623,12605,0,16,0,12,3,0,1.34637666
ConcentratedExplosions,130,19.601495936512947,19.518,3.304448,,109,7848621,12605,0,16,0,12,3,0,1.25196564
ConcentratedExplosions,131,20.023802295327187,19.8291,4.03968,,109,7848621,12605,0,16,0,11,3,0,1.17030954
ConcentratedExplosions,132,21.126098930835724,21.2731,3.813376,,109,7848621,18699,0,16,0,11,3,0,1.09312892
ConcentratedExplosions,133,35.592205822467804,35.5816,3.329024,,109,7848621,20845,0,17,0,12,3,0,1.01799929
ConcentratedExplosions,134,22.824397310614586,22.7901,,,177,8288695,12605,0,17,0,12,3,0,0.9046371
ConcentratedExplosions,135,21.225601434707642,21.3413,0.045056,,176,8288677,12605,0,17,0,12,3,0,0.839789867
ConcentratedExplosions,136,22.666497156023979,22.501,0.048128,,176,8288677,12605,0,17,0,12,3,0,0.784432232
ConcentratedExplosions,137,25.581199675798416,25.5826,3.928064,,176,8288677,12605,0,17,0,12,3,0,0.7301326
ConcentratedExplosions,138,24.175602942705154,24.0461,3.467264,,174,8288679,12605,0,17,0,11,3,0,0.6742972
ConcentratedExplosions,139,28.159098699688911,28.0765,3.670016,,174,8288683,18699,0,17,0,11,3,0,0.62635
ConcentratedExplosions,140,35.066001117229462,35.2287,,,173,8288685,21615,0,18,0,12,3,0,0.5758252
ConcentratedExplosions,141,23.34270067512989,23.3515,3.64544,,135,7943685,12675,0,18,0,12,3,0,0.5200377
ConcentratedExplosions,142,23.406695574522018,23.4925,0.05632,,134,7943667,12623,0,18,0,12,3,0,0.486807227
ConcentratedExplosions,143,21.095698699355125,20.905,0.058368,,134,7943667,12623,0,18,0,12,3,0,0.4562954
ConcentratedExplosions,144,22.921599447727203,22.8899,3.381248,,134,7943671,12623,0,18,0,12,3,0,0.430998057
ConcentratedExplosions,145,24.408603087067604,24.5435,3.401728,,131,7943667,18717,0,18,0,12,3,0,0.497498065
ConcentratedExplosions,146,25.028698146343231,24.9238,3.505152,,131,7943667,16363,0,18,0,12,3,0,0.5707239
ConcentratedExplosions,147,35.235501825809479,35.2967,0.064512,,132,7943693,17071,0,19,0,12,3,0,1.892144
ConcentratedExplosions,148,21.068403497338295,20.9762,,,109,7919289,12623,0,19,0,12,3,0,1.66676176
ConcentratedExplosions,149,20.649099722504616,20.7372,0.055296,,109,7919293,12623,0,19,0,12,3,0,1.54623723
ConcentratedExplosions,150,20.469600334763527,20.4163,3.735552,,109,7919293,12675,0,19,0,12,3,0,1.43743849
ConcentratedExplosions,151,19.883694127202034,19.8347,4.539392,,109,7919293,12623,0,19,0,12,3,0,1.33797336
ConcentratedExplosions,152,21.58920094370842,21.6435,3.350528,,107,7919291,18717,0,19,0,11,3,0,1.24872661
ConcentratedExplosions,153,19.731001928448677,19.583,,,107,7919291,16363,0,19,0,11,3,0,1.15939856
ConcentratedExplosions,154,19.056696444749832,19.2328,3.372032,,107,7919291,12623,0,19,0,11,3,0,1.08411515
ConcentratedExplosions,155,24.999305605888367,24.9323,0.059392,,107,7919291,17053,0,20,0,12,3,0,1.87568712
ConcentratedExplosions,156,20.200800150632858,20.2284,0.044032,,109,7654835,12605,0,20,0,12,3,0,1.71412766
ConcentratedExplosions,157,18.640298396348953,18.682,3.342336,,109,7654839,12605,0,20,0,12,3,0,1.5947423
ConcentratedExplosions,158,18.326396122574806,18.255,3.979264,,109,7654839,12605,0,20,0,12,3,0,1.49270749
ConcentratedExplosions,159,17.6417026668787,17.4867,3.653632,,109,7654839,12605,0,20,0,12,3,0,1.399438
ConcentratedExplosions,160,19.359998404979706,19.4322,3.25632,,109,7654839,18751,0,20,0,11,3,0,1.31579018
ConcentratedExplosions,161,18.857298418879509,18.9478,4.004864,,107,7654841,16345,0,20,0,11,3,0,1.23043048
ConcentratedExplosions,162,16.851799562573433,16.8286,,,107,7654841,12605,0,20,0,11,3,0,1.15329719
ConcentratedExplosions,163,17.162302508950233,17.1445,0.045056,,107,7654841,12605,0,20,0,11,3,0,1.08902979
ConcentratedExplosions,164,31.482603400945663,31.4775,3.22048,,107,7654845,17053,0,21,0,12,3,0,1.91441894
ConcentratedExplosions,165,17.778698354959488,17.6925,,,128,8492039,12605,0,21,0,12,3,0,1.70897114
ConcentratedExplosions,166,17.64429546892643,17.7407,3.264512,,128,8492043,12605,0,21,0,12,3,0,1.60375273
ConcentratedExplosions,167,18.085502088069916,17.9044,3.613696,,128,8492043,12605,0,21,0,12,3,0,1.506377
ConcentratedExplosions,168,20.83890326321125,20.9158,4.1984,,128,8492047,18699,0,21,0,12,3,0,1.41335058
ConcentratedExplosions,169,19.341100007295609,19.3408,3.437568,,128,8492047,16345,0,21,0,11,3,0,1.3140595
ConcentratedExplosions,170,18.092595040798187,18.1295,3.551232,,126,8492045,12605,0,21,0,11,3,0,1.22890675
ConcentratedExplosions,171,18.253400921821594,18.1906,0.054272,,126,8492045,12657,0,21,0,11,3,0,1.154896
ConcentratedExplosions,172,21.177303045988083,21.2395,0.049152,,126,8492045,17071,0,22,0,12,3,0,1.98899043
ConcentratedExplosions,173,17.419500276446342,17.4054,3.790848,,175,8208873,12623,0,22,0,12,3,0,1.84201038
ConcentratedExplosions,174,18.71819794178009,18.3037,3.402752,,175,8208937,12623,0,22,0,12,3,0,1.73000145
ConcentratedExplosions,175,19.846301525831223,20.0106,3.4816,,176,8208939,12623,0,22,0,12,3,0,1.61792767
ConcentratedExplosions,176,19.433297216892242,19.6044,3.545088,,177,8208941,18717,0,22,0,12,3,0,1.50780094
ConcentratedExplosions,177,18.928401172161102,18.8988,3.483648,,178,8208943,16363,0,22,0,12,3,0,1.40799868
ConcentratedExplosions,178,18.779698759317398,18.8066,3.811328,,175,8208939,12623,0,22,0,12,3,0,1.31785965
ConcentratedExplosions,179,17.973802983760834,17.9445,0.058368,,174,8208941,12623,0,22,0,12,3,0,1.23481822
ConcentratedExplosions,180,19.944600760936737,19.8665,0.048128,,173,8208939,12623,0,22,0,12,3,0,1.160874
ConcentratedExplosions,181,31.620897352695465,31.6613,3.859456,,173,8208943,17071,0,23,0,12,3,0,0.624207556
ConcentratedExplosions,182,18.594402819871902,18.4762,,,109,7734729,12675,0,23,0,12,3,0,0.568082154
ConcentratedExplosions,183,17.483999952673912,17.4944,4.0704,,109,7734733,12623,0,23,0,12,3,0,0.5381043
ConcentratedExplosions,184,18.162300810217857,18.0568,3.310592,,109,7734733,18717,0,23,0,12,3,0,0.5117837
ConcentratedExplosions,185,20.429400727152824,20.0775,3.638272,,109,7734733,16363,0,23,0,12,3,0,0.486224562
ConcentratedExplosions,186,19.058801233768463,19.4796,3.264512,,107,7734735,12623,0,23,0,12,3,0,0.459489644
ConcentratedExplosions,187,18.68399977684021,18.7301,0.044032,,107,7734735,12623,0,23,0,12,3,0,0.4960494
ConcentratedExplosions,188,17.899299040436745,17.8343,0.044032,,107,7734735,12623,0,23,0,12,3,0,0.5521014
ConcentratedExplosions,189,29.647001996636391,29.752,3.67104,,107,7734735,17071,0,24,0,12,3,0,1.985983
ConcentratedExplosions,190,17.667496576905251,17.6736,,,131,8099609,12623,0,24,0,12,3,0,1.78391159
ConcentratedExplosions,191,20.509602501988411,20.2346,3.359744,,131,8099613,12623,0,24,0,12,3,0,1.67427945
ConcentratedExplosions,192,22.680597379803658,22.7881,3.506176,,130,8099591,18717,0,24,0,12,3,0,1.55623984
ConcentratedExplosions,193,23.500701412558556,23.3507,3.38944,,130,8099591,16415,0,24,0,12,3,0,1.43635237
ConcentratedExplosions,194,25.365596637129784,25.1682,3.794944,,128,8099653,12623,0,24,0,11,3,0,1.32292354
ConcentratedExplosions,195,24.135204032063484,24.4536,0.049152,,127,8099655,12623,0,24,0,11,3,0,1.21170032
ConcentratedExplosions,196,36.621894687414169,36.4603,3.403776,,126,8099657,17053,0,25,0,12,3,0,1.97465539
ConcentratedExplosions,197,22.373305633664131,22.1826,,,109,7184043,12605,0,25,0,12,3,0,1.72991335
ConcentratedExplosions,198,24.758297950029373,25.0764,3.644416,,109,7184043,18699,0,25,0,12,3,0,1.59691215
ConcentratedExplosions,199,23.232497274875641,23.1415,,,109,7184043,16345,0,25,0,12,3,0,0.84470284
ConcentratedExplosions,200,20.846499130129814,20.8927,3.330048,,109,7184043,12605,0,25,0,12,3,0,0.7839196
ConcentratedExplosions,201,20.221201702952385,20.2175,0.057344,,107,7184045,12657,0,25,0,12,3,0,0.7338461
ConcentratedExplosions,202,20.987600088119507,20.7745,0.049152,,107,7184045,12605,0,25,0,12,3,0,0.688979745
ConcentratedExplosions,203,39.126798510551453,39.0009,3.5072,,107,7184045,17053,0,26,0,12,3,0,1.089079
ConcentratedExplosions,204,20.950701087713242,21.0387,,,132,8892753,12605,0,26,0,12,3,0,0.955224752
ConcentratedExplosions,205,22.390000522136688,22.4845,3.1232,,131,8892625,18699,0,26,0,12,3,0,0.8915247
ConcentratedExplosions,206,21.217998117208481,21.334,4.016128,,131,8892625,16345,0,26,0,12,3,0,0.828952
ConcentratedExplosions,207,18.688499927520752,18.6136,4.70528,,131,8892625,12605,0,26,0,12,3,0,0.774469435
ConcentratedExplosions,208,19.148200750350952,19.178,0.05632,,129,8892623,12605,0,26,0,11,3,0,0.7300532
ConcentratedExplosions,209,19.549703225493431,19.5037,0.058368,,129,8892623,12605,0,26,0,11,3,0,0.6877508
ConcentratedExplosions,210,32.364796847105026,32.3379,3.561472,,129,8892623,17105,0,27,0,12,3,0,1.99221444
ConcentratedExplosions,211,19.872300326824188,19.7969,,,109,7433275,12605,0,27,0,12,3,0,1.77202785
ConcentratedExplosions,212,19.710203632712364,19.8248,3.562496,,109,7433279,18699,0,27,0,12,3,0,1.65014029
ConcentratedExplosions,213,18.334297463297844,18.3071,3.1744,,109,7433279,16345,0,27,0,12,3,0,1.53833055
ConcentratedExplosions,214,21.164201200008392,21.1422,3.518464,,109,7433279,17931,0,27,0,12,3,0,1.44184375
ConcentratedExplosions,215,20.069798454642296,19.8517,0.05632,,117,7436885,12605,0,27,0,12,3,0,1.33878982
ConcentratedExplosions,216,19.300900399684906,19.5131,0.04608,,121,7545969,12605,0,27,0,11,3,0,0.71487844
ConcentratedExplosions,217,19.496101886034012,19.5066,3.372032,,119,7469653,12605,0,27,0,11,3,0,0.673339367
ConcentratedExplosions,218,32.22840279340744,32.0295,3.314688,,117,7436885,29205,0,28,0,12,3,0,1.09337938
ConcentratedExplosions,219,19.796194508671761,20.0021,3.675136,,186,8463805,18751,0,28,0,12,3,0,0.9811552
ConcentratedExplosions,220,20.023901015520096,19.9551,3.222528,,174,8431409,16345,0,28,0,12,3,0,0.918906
ConcentratedExplosions,221,18.157199025154114,17.987,3.646464,,175,8427697,12605,0,28,0,12,3,0,0.860639632
ConcentratedExplosions,222,18.323298543691635,18.4939,0.105472,,319,8427985,12605,0,28,0,12,3,0,0.8115867
ConcentratedExplosions,223,17.721002921462059,17.7469,0.06144,,161,8427671,12605,0,28,0,12,3,0,0.7654664
ConcentratedExplosions,224,17.36539788544178,17.3576,3.564544,,161,8427671,12605,0,28,0,12,3,0,0.723867953
ConcentratedExplosions,225,17.700396478176117,17.6303,3.929088,,161,8427675,12605,0,28,0,11,3,0,0.685774267
ConcentratedExplosions,226,30.159106478095055,30.0576,3.56352,,161,8427675,17053,0,29,0,12,3,0,1.99044752
ConcentratedExplosions,227,19.611196592450142,19.637,,,109,7764875,18699,0,29,0,12,3,0,1.78458774
ConcentratedExplosions,228,18.364902585744858,18.2729,3.586048,,109,7764879,16345,0,29,0,12,3,0,1.66330421
ConcentratedExplosions,229,17.224999144673347,17.3882,3.714048,,109,7764879,12605,0,29,0,12,3,0,1.55793285
ConcentratedExplosions,230,16.454895958304405,16.442,0.053248,,109,7764879,12657,0,29,0,12,3,0,1.46580124
ConcentratedExplosions,231,17.089704051613808,17.0398,0.059392,,107,7764881,16917,0,29,0,12,3,0,1.383439
ConcentratedExplosions,232,18.433999270200729,18.4454,3.275776,,107,7764881,12605,0,29,0,12,3,0,1.30336154
ConcentratedExplosions,233,17.088903114199638,16.817,3.306496,,107,7764885,12605,0,29,0,11,3,0,1.22280681
ConcentratedExplosions,234,19.125793129205704,19.3509,3.334144,,107,7764885,12605,0,29,0,11,3,0,1.15316141
ConcentratedExplosions,235,28.573306277394295,28.318,3.330048,,107,7764889,17071,0,30,0,12,3,0,1.90394568
ConcentratedExplosions,236,19.561395049095154,19.7894,,,117,7505869,18717,0,30,0,12,3,0,1.71754813
ConcentratedExplosions,237,21.122002974152565,21.0486,3.301376,,116,7505745,16363,0,30,0,12,3,0,1.60154343
ConcentratedExplosions,238,18.436096608638763,18.4996,4.105216,,116,7505745,12623,0,30,0,12,3,0,1.48593748
ConcentratedExplosions,239,20.065002143383026,19.7283,0.054272,,116,7505745,12623,0,30,0,12,3,0,1.39260387
ConcentratedExplosions,240,20.570904016494751,20.7491,0.050176,,114,7505743,12623,0,30,0,12,3,0,1.29843116
ConcentratedExplosions,241,18.962996080517769,19.0804,3.268608,,114,7505743,12675,0,30,0,12,3,0,1.20929253
ConcentratedExplosions,242,18.726198002696037,18.6958,3.34336,,114,7505743,12623,0,30,0,11,3,0,1.13325787
ConcentratedExplosions,243,24.330003187060356,24.1787,4.13184,,114,7505743,17071,0,31,0,12,3,0,1.95671451
ConcentratedExplosions,244,22.416701540350914,22.5022,3.994624,,109,7268729,18717,0,31,0,12,3,0,1.791847
ConcentratedExplosions,245,21.341901272535324,21.2049,,,109,7268733,16363,0,31,0,12,3,0,1.65335345
ConcentratedExplosions,246,18.375694751739502,18.3787,3.503104,,109,7268733,12623,0,31,0,12,3,0,1.53241193
ConcentratedExplosions,247,20.381703972816467,20.4713,0.064512,,109,7268733,12623,0,31,0,12,3,0,1.43612826
ConcentratedExplosions,248,19.869700074195862,19.8416,0.044032,,107,7268731,12623,0,31,0,12,3,0,1.33717418
ConcentratedExplosions,249,19.545599818229675,19.5285,3.810304,,107,7268731,12623,0,31,0,12,3,0,1.24804783
ConcentratedExplosions,250,20.119104534387589,20.1762,4.399104,,107,7268731,12623,0,31,0,12,3,0,1.16690516
ConcentratedExplosions,251,28.669096529483795,28.3764,3.23584,,107,7268731,17105,0,32,0,12,3,0,1.95414
ConcentratedExplosions,252,22.488301619887352,22.7258,3.504128,,109,7429819,18699,0,32,0,12,3,0,1.76177514
ConcentratedExplosions,253,20.998900756239891,20.8443,,,109,7429823,16345,0,32,0,12,3,0,1.62541378
ConcentratedExplosions,254,21.612796932458878,21.6421,3.23584,,109,7429823,12605,0,32,0,12,3,0,1.50855732
ConcentratedExplosions,255,20.798398181796074,20.8098,0.045056,,109,7429823,12605,0,32,0,12,3,0,1.397969
ConcentratedExplosions,256,21.467098966240883,21.5256,0.045056,,107,7429825,12605,0,32,0,12,3,0,1.3000716
ConcentratedExplosions,257,19.804803654551506,19.7888,3.966976,,107,7429825,12605,0,32,0,12,3,0,1.20707834
ConcentratedExplosions,258,19.827898591756821,19.7434,4.325376,,107,7429825,12605,0,32,0,12,3,0,1.12796307
ConcentratedExplosions,259,32.230101525783539,31.9385,3.890176,,107,7429825,17053,0,33,0,12,3,0,1.88942361
ConcentratedExplosions,260,22.704195231199265,22.9079,3.195904,,117,7757437,18751,0,33,0,12,3,0,1.68239057
ConcentratedExplosions,261,23.069700226187706,23.1317,,,117,7757441,16345,0,33,0,12,3,0,1.55158162
ConcentratedExplosions,262,20.405903458595276,20.4361,3.26656,,117,7757441,12605,0,33,0,12,3,0,1.43013442
ConcentratedExplosions,263,22.065397351980209,21.7291,0.068608,,117,7757445,12605,0,33,0,12,3,0,1.33153
ConcentratedExplosions,264,23.420203477144241,23.4348,0.045056,,115,7757443,12605,0,33,0,12,3,0,1.2334435
ConcentratedExplosions,265,20.117601379752159,20.1605,3.331072,,117,7757445,12605,0,33,0,12,3,0,1.13822341
ConcentratedExplosions,266,27.37179771065712,27.2658,3.949568,,117,7757449,17071,0,34,0,11,3,0,1.97102034
ConcentratedExplosions,267,21.519897505640984,21.7259,3.255296,,147,8258695,18717,0,34,0,11,3,0,1.78516626
ConcentratedExplosions,268,24.206703528761864,24.0981,3.47136,,148,8258573,16363,0,34,0,11,3,0,1.65252542
ConcentratedExplosions,269,21.344501525163651,21.3308,,,150,8258579,12675,0,34,0,11,3,0,1.516186
ConcentratedExplosions,270,20.830400288105011,20.8166,0.044032,,152,8258585,12623,0,34,0,11,3,0,1.40629852
ConcentratedExplosions,271,20.431894809007645,20.4372,0.045056,,151,8258585,12623,0,34,0,11,3,0,1.30760121
ConcentratedExplosions,272,19.367106258869171,19.3249,3.593216,,151,8258585,12623,0,34,0,11,3,0,1.21833408
ConcentratedExplosions,273,19.882893189787865,19.9252,3.531776,,151,8258585,12623,0,34,0,11,3,0,1.14007854
ConcentratedExplosions,274,26.31860040128231,26.1417,3.45088,,151,8258585,17071,0,35,0,12,3,0,1.89430237
ConcentratedExplosions,275,21.11089788377285,21.3122,3.46112,,165,8301319,18717,0,35,0,12,3,0,1.72281349
ConcentratedExplosions,276,20.939504727721214,20.9014,3.844096,,164,8301385,16363,0,35,0,12,3,0,1.5975759
ConcentratedExplosions,277,19.697200506925583,19.6429,4.87936,,164,8301365,12623,0,35,0,12,3,0,1.48324263
ConcentratedExplosions,278,21.119195967912674,21.1608,0.054272,,164,8301365,12623,0,35,0,12,3,0,1.38396978
ConcentratedExplosions,279,20.721301436424255,20.5299,0.057344,,163,8301365,12675,0,35,0,12,3,0,1.28573978
ConcentratedExplosions,280,20.701998844742775,20.8165,3.846144,,163,8301365,12623,0,35,0,12,3,0,1.19696748
ConcentratedExplosions,281,19.871804863214493,19.8821,3.53792,,163,8301365,12623,0,35,0,12,3,0,1.11519969
ConcentratedExplosions,282,32.826397567987442,32.6984,3.592192,,162,8301367,17071,0,36,0,11,3,0,0.617338538
ConcentratedExplosions,283,19.507298246026039,19.67,3.775488,,118,7690563,18717,0,36,0,11,3,0,0.5600143
ConcentratedExplosions,284,19.38830129802227,19.2315,,,118,7690567,16363,0,36,0,11,3,0,0.5291953
ConcentratedExplosions,285,17.535699531435966,17.597,3.298304,,118,7690567,12623,0,36,0,11,3,0,0.5007426
ConcentratedExplosions,286,17.935203388333321,17.9496,0.06656,,118,7690567,12623,0,36,0,11,3,0,0.4767433
ConcentratedExplosions,287,18.252799287438393,18.2418,0.055296,,116,7690565,12623,0,36,0,11,3,0,0.4537813
ConcentratedExplosions,288,18.561501055955887,18.4931,3.29216,,116,7690569,12623,0,36,0,11,3,0,0.496337116
ConcentratedExplosions,289,17.394797876477242,17.4613,4.15232,,116,7690569,12675,0,36,0,11,3,0,0.5520216
ConcentratedExplosions,290,23.520400747656822,23.2908,3.255296,,116,7690569,17071,0,37,0,12,3,0,1.98982334
ConcentratedExplosions,291,19.715696573257446,19.8384,3.682304,,111,7532569,18717,0,37,0,11,3,0,1.8272506
ConcentratedExplosions,292,20.199200138449669,20.2531,,,111,7532573,16363,0,37,0,11,3,0,1.70214963
ConcentratedExplosions,293,18.342701718211174,18.321,3.600384,,111,7532573,12623,0,37,0,11,3,0,1.58369112
ConcentratedExplosions,294,18.523603677749634,18.4559,0.045056,,111,7532573,12623,0,37,0,11,3,0,1.48399806
ConcentratedExplosions,295,19.150396808981895,19.197,0.045056,,111,7532573,12623,0,37,0,11,3,0,1.39037371
ConcentratedExplosions,296,20.85929736495018,20.7779,3.247104,,109,7532575,12623,0,37,0,11,3,0,1.30049562
ConcentratedExplosions,297,18.387705087661743,18.3989,3.986432,,109,7532575,12623,0,37,0,11,3,0,1.20999539
ConcentratedExplosions,298,19.500695168972015,19.2663,4.332544,,110,7532597,12623,0,37,0,11,3,0,1.13613653
ConcentratedExplosions,299,26.462400332093239,26.7216,3.289088,,110,7532597,25009,0,38,0,12,3,0,1.872185
ConcentratedExplosions,300,22.451601922512054,22.4226,,,123,7804321,16415,0,38,0,12,3,0,1.702003
ConcentratedExplosions,301,19.7307039052248,19.5986,3.562496,,123,7804325,12623,0,38,0,12,3,0,1.57092333
ConcentratedExplosions,302,19.252898171544075,19.2167,0.064512,,121,7804303,12623,0,38,0,12,3,0,1.46493089
ConcentratedExplosions,303,18.992701545357704,19.062,0.064512,,121,7804303,12623,0,38,0,12,3,0,1.36915028
ConcentratedExplosions,304,22.623399272561073,22.5717,3.759104,,119,7804301,12623,0,38,0,12,3,0,1.2815125
ConcentratedExplosions,305,20.624397322535515,20.4613,3.959808,,119,7804301,12623,0,38,0,12,3,0,1.18530667
ConcentratedExplosions,306,21.623803302645683,21.3385,3.393536,,122,7804325,18717,0,38,0,12,3,0,1.104739
ConcentratedExplosions,307,29.229797422885895,29.6695,3.325952,,122,7804325,20793,0,39,0,11,3,0,1.91634929
ConcentratedExplosions,308,19.91950161755085,19.9828,,,117,6974683,12605,0,39,0,11,3,0,1.72455859
ConcentratedExplosions,309,18.474802374839783,18.4223,0.045056,,117,6974687,17362,0,39,0,11,3,0,1.60598254
ConcentratedExplosions,310,18.421400338411331,18.4573,0.045056,,117,6974687,12657,0,39,0,11,3,0,1.50403154
ConcentratedExplosions,311,18.002897500991821,17.9686,3.137536,,117,6974687,12605,0,39,0,11,3,0,1.40950334
ConcentratedExplosions,312,20.828699693083763,20.6679,3.73248,,115,6974685,12605,0,39,0,11,3,0,1.32351446
ConcentratedExplosions,313,18.602203577756882,18.61,3.15392,,115,6974689,12605,0,39,0,11,3,0,1.23133349
ConcentratedExplosions,314,20.434098318219185,20.5304,3.453952,,115,6974689,18699,0,39,0,11,3,0,1.15514255
ConcentratedExplosions,315,33.644601702690125,33.5803,3.096576,,115,6974689,20793,0,40,0,11,3,0,1.07760954
ConcentratedExplosions,316,22.05289900302887,22.1231,,,118,8116553,12605,0,40,0,11,3,0,0.962713838
ConcentratedExplosions,317,19.958198070526123,19.9395,0.06656,,118,8116557,12605,0,40,0,11,3,0,0.8951877
ConcentratedExplosions,318,20.027799531817436,19.926,0.057344,,118,8116557,12605,0,40,0,11,3,0,0.838877
ConcentratedExplosions,319,19.247101619839668,18.9058,3.387392,,118,8116557,12605,0,40,0,11,3,0,0.786591768
ConcentratedExplosions,320,19.097201526165009,19.3956,3.477504,,117,8116683,12657,0,40,0,11,3,0,0.740026832
ConcentratedExplosions,321,19.536500796675682,19.4398,3.342336,,117,8116747,18699,0,40,0,11,3,0,0.6971245
ConcentratedExplosions,322,19.950594753026962,20.1035,3.443712,,116,8116745,16345,0,40,0,11,3,0,0.6563839
ConcentratedExplosions,323,31.312301754951477,31.3031,0.053248,,116,8116745,17071,0,41,0,12,3,0,1.90421188
ConcentratedExplosions,324,19.75400373339653,19.5724,,,119,7070745,12623,0,41,0,12,3,0,1.70099616
ConcentratedExplosions,325,18.633496016263962,18.8118,0.045056,,119,7070749,12623,0,41,0,12,3,0,1.58513451
ConcentratedExplosions,326,18.478203564882278,18.4519,3.05664,,119,7070749,12623,0,41,0,12,3,0,1.48381615
ConcentratedExplosions,327,19.666001200675964,19.4853,4.068352,,119,7070749,12623,0,41,0,12,3,0,1.3904258
ConcentratedExplosions,328,20.737698301672935,20.2428,3.539968,,117,7070747,12623,0,41,0,12,3,0,1.29821646
ConcentratedExplosions,329,20.657200366258621,21.2635,3.479552,,117,7070747,18717,0,41,0,12,3,0,1.20840085
ConcentratedExplosions,330,20.655101165175438,20.6488,,,117,7070747,16415,0,41,0,12,3,0,1.12591362
ConcentratedExplosions,331,31.130697578191757,30.9955,3.156992,,117,7070747,17053,0,42,0,12,3,0,1.92937529
ConcentratedExplosions,332,21.006299182772636,20.3706,0.054272,,111,6808235,12605,0,42,0,12,3,0,1.72435439
ConcentratedExplosions,333,19.901998341083527,20.6498,0.045056,,111,6808239,12605,0,42,0,12,3,0,1.59958935
ConcentratedExplosions,334,18.9261045306921,18.8197,3.055616,,111,6808239,12605,0,42,0,12,3,0,1.49054956
ConcentratedExplosions,335,20.82209475338459,20.6074,3.072,,111,6808239,12605,0,42,0,12,3,0,1.39449513
ConcentratedExplosions,336,21.015603095293045,21.2665,3.956736,,109,6808237,18699,0,42,0,12,3,0,1.29676378
ConcentratedExplosions,337,20.674999803304672,20.6793,,,109,6808237,16345,0,42,0,12,3,0,1.20590866
ConcentratedExplosions,338,18.065901473164558,18.1298,3.477504,,109,6808237,12605,0,42,0,12,3,0,1.1235472
ConcentratedExplosions,339,37.720095366239548,37.5931,0.045056,,109,6808237,17053,0,43,0,12,3,0,1.0568434
ConcentratedExplosions,340,20.129004493355751,20.1583,,,180,7820933,12657,0,43,0,12,3,0,0.9318721
ConcentratedExplosions,341,21.656498312950134,21.6669,3.05152,,177,7820783,12605,0,43,0,12,3,0,0.872334659
ConcentratedExplosions,342,21.421598270535469,21.1428,3.393536,,177,7820783,12605,0,43,0,12,3,0,0.8132756
ConcentratedExplosions,343,25.483900681138039,25.6752,3.771392,,177,7820783,18699,0,43,0,12,3,0,0.454725623
ConcentratedExplosions,344,22.266702726483345,22.2244,3.443712,,175,7820781,16345,0,43,0,12,3,0,0.499233276
ConcentratedExplosions,345,22.623796015977859,22.5969,4.122624,,173,7820781,12605,0,43,0,12,3,0,0.566033363
ConcentratedExplosions,346,29.837803915143013,29.8738,0.048128,,172,7820779,17071,0,44,0,12,3,0,1.91955054
ConcentratedExplosions,347,20.00340074300766,19.9573,0.045056,,118,7860673,12623,0,44,0,12,3,0,1.72364473
ConcentratedExplosions,348,23.25819805264473,23.259,3.777536,,118,7860677,12623,0,44,0,12,3,0,1.604658
ConcentratedExplosions,349,21.42770029604435,21.304,4.739072,,117,7860655,12675,0,44,0,12,3,0,1.47761428
ConcentratedExplosions,350,20.770195871591568,20.9182,3.309568,,117,7860655,18717,0,44,0,12,3,0,1.37043738
ConcentratedExplosions,351,20.335005596280098,20.3278,3.33824,,115,7860657,16363,0,44,0,12,3,0,1.27482665
ConcentratedExplosions,352,19.230995327234268,19.1823,3.623936,,114,7860655,12623,0,44,0,11,3,0,1.18848145
ConcentratedExplosions,353,18.727004528045654,18.7665,0.064512,,114,7860655,12623,0,44,0,11,3,0,1.11292362
ConcentratedExplosions,354,36.1831970512867,36.1382,3.443712,,113,7860589,17071,0,45,0,12,3,0,1.90369165
ConcentratedExplosions,355,20.667998120188713,20.6696,,,111,6876345,17949,0,45,0,12,3,0,1.671132
ConcentratedExplosions,356,22.704698145389557,22.5898,4.059136,,124,6890117,12623,0,45,0,12,3,0,1.55246377
ConcentratedExplosions,357,25.144202634692192,25.0594,3.06688,,125,7014041,18717,0,45,0,12,3,0,1.43277776
ConcentratedExplosions,358,22.074198350310326,22.2374,3.18976,,121,6879953,16415,0,45,0,12,3,0,1.31213868
ConcentratedExplosions,359,21.061096340417862,21.0764,3.113984,,122,6891407,12623,0,45,0,12,3,0,1.21562552
ConcentratedExplosions,360,20.075900480151176,20.0007,0.091136,,123,6938247,12623,0,45,0,12,3,0,1.1310184
ConcentratedExplosions,361,36.229103803634644,36.1786,0.166912,,122,6889107,17071,0,46,0,12,3,0,1.056616
ConcentratedExplosions,362,21.599702537059784,21.6466,3.771392,,167,7805047,12623,0,46,0,12,3,0,0.9362731
ConcentratedExplosions,363,19.941199570894241,19.768,3.422208,,308,7805187,12623,0,46,0,12,3,0,0.8722108
ConcentratedExplosions,364,20.171498879790306,20.2333,3.371008,,152,7804875,18717,0,46,0,12,3,0,0.817659736
ConcentratedExplosions,365,20.938597619533539,21.0425,3.79392,,152,7804875,16363,0,46,0,12,3,0,0.766609967
ConcentratedExplosions,366,18.462400883436203,18.2198,3.421184,,150,7804873,12623,0,46,0,12,3,0,0.7176703
ConcentratedExplosions,367,19.054202362895012,19.092,0.05632,,150,7804873,12675,0,46,0,12,3,0,0.6776807
ConcentratedExplosions,368,18.485594540834427,18.6149,0.055296,,150,7804873,12623,0,46,0,12,3,0,0.6392835
ConcentratedExplosions,369,28.773702681064606,28.8268,3.388416,,149,7804871,17053,0,47,0,12,3,0,1.89480245
ConcentratedExplosions,370,17.291702330112457,17.2551,3.694592,,117,7075787,12605,0,47,0,12,3,0,1.70815325
ConcentratedExplosions,371,15.907099470496178,15.8268,3.853312,,117,7075791,12605,0,47,0,12,3,0,1.60577369
ConcentratedExplosions,372,17.763193696737289,17.8371,4.025344,,117,7075791,18699,0,47,0,12,3,0,1.51756454
ConcentratedExplosions,373,16.953805461525917,16.9328,3.13344,,117,7075795,16345,0,47,0,12,3,0,1.42538273
ConcentratedExplosions,374,16.062699258327484,16.0632,3.156992,,117,7075795,12605,0,47,0,12,3,0,1.34321475
ConcentratedExplosions,375,16.236301511526108,16.2356,0.059392,,115,7075797,12605,0,47,0,12,3,0,1.27026081
ConcentratedExplosions,376,16.338294371962547,16.2432,0.064512,,115,7075797,12605,0,47,0,11,3,0,1.201051
ConcentratedExplosions,377,16.321605071425438,16.4232,3.085312,,115,7075801,12605,0,47,0,11,3,0,1.135718
ConcentratedExplosions,378,30.239300802350044,30.1768,3.18464,,115,7075801,17053,0,48,0,12,3,0,1.9880408
ConcentratedExplosions,379,18.8915953040123,18.9298,,,149,8346411,12657,0,48,0,12,3,0,1.78193676
ConcentratedExplosions,380,18.435105681419373,18.1566,3.134464,,148,8346413,12605,0,48,0,12,3,0,1.66513026
ConcentratedExplosions,381,20.075000822544098,20.2502,3.441664,,148,8346413,18699,0,48,0,12,3,0,0.858785033
ConcentratedExplosions,382,19.822597503662109,19.8557,4.005888,,148,8346413,16345,0,48,0,12,3,0,0.8048891
ConcentratedExplosions,383,19.501799717545509,19.4254,3.782656,,146,8346411,12605,0,48,0,12,3,0,0.755632937
ConcentratedExplosions,384,20.791297778487206,20.7664,0.049152,,145,8346409,12605,0,48,0,12,3,0,0.7107233
ConcentratedExplosions,385,20.498398691415787,20.5734,0.050176,,144,8346407,12605,0,48,0,11,3,0,0.666423
ConcentratedExplosions,386,31.488500535488129,31.4201,4.005888,,143,8346405,17071,0,49,0,12,3,0,1.94088387
ConcentratedExplosions,387,18.049206584692,17.9677,,,119,7132865,12623,0,49,0,12,3,0,1.73230326
ConcentratedExplosions,388,20.664094015955925,20.6082,3.45088,,119,7132869,18717,0,49,0,12,3,0,1.6239357
ConcentratedExplosions,389,18.493006005883217,18.573,3.565568,,119,7132869,16415,0,49,0,12,3,0,1.50898314
ConcentratedExplosions,390,17.340093851089478,17.3194,3.218432,,121,7132997,12623,0,49,0,12,3,0,1.413753
ConcentratedExplosions,391,18.480803817510605,18.4767,0.04608,,119,7132995,12623,0,49,0,12,3,0,1.330543
ConcentratedExplosions,392,17.96870119869709,17.9603,0.049152,,120,7133021,12623,0,49,0,12,3,0,1.24788737
ConcentratedExplosions,393,16.815299168229103,16.8562,3.139584,,120,7133021,12623,0,49,0,11,3,0,1.17307377
ConcentratedExplosions,394,18.179796636104584,18.1346,3.59424,,120,7133021,12623,0,49,0,11,3,0,1.1076802
ConcentratedExplosions,395,25.692205876111984,25.5328,3.193856,,120,7133025,17053,0,50,0,12,3,0,1.87707007
ConcentratedExplosions,396,18.172400072216988,18.3698,3.456,,121,6557955,18699,0,50,0,12,3,0,1.71112251
ConcentratedExplosions,397,16.760395839810371,16.7063,3.14368,,121,6557959,16345,0,50,0,12,3,0,1.60350752
ConcentratedExplosions,398,16.383800655603409,16.0028,2.929664,,121,6557959,12605,0,50,0,12,3,0,1.510866
ConcentratedExplosions,399,17.01979897916317,17.336,0.045056,,121,6557963,12605,0,50,0,12,3,0,1.42603242
ConcentratedExplosions,400,15.6870037317276,15.7795,0.045056,,121,6557967,12657,0,50,0,12,3,0,1.34351313
ConcentratedExplosions,401,15.49450121819973,15.2669,3.680256,,119,6557965,12605,0,50,0,12,3,0,1.27219558
ConcentratedExplosions,402,18.779698759317398,18.9192,2.982912,,119,6557969,12605,0,50,0,12,3,0,1.20593846
ConcentratedExplosions,403,16.227699816226959,16.2792,3.030016,,119,6557973,12605,0,50,0,12,3,0,1.1308502
ConcentratedExplosions,404,31.442701816558838,31.3017,3.014656,,119,6557973,17053,0,51,0,12,3,0,0.263663977
ConcentratedExplosions,405,18.228400498628616,18.3359,3.023872,,122,8498891,18699,0,51,0,12,3,0,0.247313172
ConcentratedExplosions,406,18.297994509339333,18.3131,,,122,8498895,16345,0,51,0,12,3,0,0.2690133
ConcentratedExplosions,407,16.963301226496696,16.927,3.515392,,122,8498895,12605,0,51,0,12,3,0,0.3239073
ConcentratedExplosions,408,17.797300592064857,17.3193,0.058368,,122,8498895,12605,0,51,0,12,3,0,0.3747972
ConcentratedExplosions,409,17.340604215860367,17.8233,0.044032,,122,8498899,12605,0,51,0,12,3,0,0.4281891
ConcentratedExplosions,410,17.637599259614944,17.5894,3.441664,,120,8498897,12605,0,51,0,12,3,0,0.48021093
ConcentratedExplosions,411,16.521599143743515,16.4947,3.780608,,119,8498899,12657,0,51,0,12,3,0,0.533123732
ConcentratedExplosions,412,18.241001293063164,18.2616,3.542016,,119,8498899,12605,0,51,0,11,3,0,0.5826885
ConcentratedExplosions,413,33.521600067615509,33.3773,4.231168,,118,8498901,17071,0,52,0,12,3,0,1.911433
ConcentratedExplosions,414,18.810998648405075,18.9429,3.412992,,121,6659449,18717,0,52,0,12,3,0,1.69391024
ConcentratedExplosions,415,19.286302849650383,19.1939,,,121,6659453,16363,0,52,0,12,3,0,1.58388364
ConcentratedExplosions,416,19.309097900986671,19.3475,3.226624,,121,6659453,12623,0,52,0,12,3,0,1.47924042
ConcentratedExplosions,417,18.113300204277039,18.1374,0.045056,,121,6659453,12623,0,52,0,12,3,0,1.38214326
ConcentratedExplosions,418,17.57429912686348,17.5039,0.044032,,119,6659451,12623,0,52,0,12,3,0,1.29752719
ConcentratedExplosions,419,17.895003780722618,17.905,3.030016,,119,6659455,12623,0,52,0,11,3,0,1.22099018
ConcentratedExplosions,420,15.87289571762085,15.9142,3.032064,,119,6659455,12623,0,52,0,11,3,0,1.14829636
ConcentratedExplosions,421,29.875107109546661,29.7362,3.006464,,119,6659459,17071,0,53,0,12,3,0,1.08794892
ConcentratedExplosions,422,19.916396588087082,19.9319,,,147,8316757,18769,0,53,0,12,3,0,0.9840481
ConcentratedExplosions,423,19.425999373197556,19.4843,3.319808,,146,8316823,16363,0,53,0,12,3,0,0.92121917
ConcentratedExplosions,424,17.507398501038551,17.5407,3.55328,,147,8316825,12623,0,53,0,12,3,0,0.864459336
ConcentratedExplosions,425,18.418006598949432,18.3247,0.057344,,147,8316825,12623,0,53,0,12,3,0,0.816851735
ConcentratedExplosions,426,18.001196905970573,18.0607,0.05632,,146,8316825,12623,0,53,0,12,3,0,0.7701387
ConcentratedExplosions,427,17.479300498962402,17.4881,3.550208,,147,8316831,12623,0,53,0,12,3,0,0.727591
ConcentratedExplosions,428,17.364300787448883,17.2618,3.844096,,147,8316835,12623,0,53,0,12,3,0,0.689013064
ConcentratedExplosions,429,17.835600301623344,17.909,3.495936,,146,8316833,12623,0,53,0,11,3,0,0.653176844
ConcentratedExplosions,430,26.985699310898781,26.821,3.743744,,146,8316837,17071,0,54,0,12,3,0,1.88835669
ConcentratedExplosions,431,19.517999142408371,19.6238,3.483648,,122,8217873,18717,0,54,0,12,3,0,1.71334994
ConcentratedExplosions,432,20.753195509314537,20.5613,,,122,8217877,16363,0,54,0,12,3,0,1.597904
ConcentratedExplosions,433,16.590801998972893,16.837,3.931136,,122,8217877,12675,0,54,0,12,3,0,1.484521
ConcentratedExplosions,434,16.786202788352966,16.5315,0.044032,,122,8217877,12623,0,54,0,12,3,0,1.40031683
ConcentratedExplosions,435,16.889894381165504,17.0581,0.045056,,122,8217877,12623,0,54,0,12,3,0,1.32053661
ConcentratedExplosions,436,17.112698405981064,17.137,3.42528,,120,8217879,12623,0,54,0,12,3,0,1.24540532
ConcentratedExplosions,437,16.2167027592659,16.1839,3.385344,,120,8217879,12623,0,54,0,12,3,0,1.17419851
ConcentratedExplosions,438,16.437903046607971,16.4527,3.774464,,120,8217883,12623,0,54,0,12,3,0,1.11099029
ConcentratedExplosions,439,27.004797011613846,26.8746,3.457024,,120,8217883,17053,0,55,0,12,3,0,1.9476881
ConcentratedExplosions,440,17.213499173521996,17.282,3.769344,,109,7222827,18699,0,55,0,12,3,0,1.76655781
ConcentratedExplosions,441,17.795003950595856,17.6913,,,109,7222831,16345,0,55,0,12,3,0,1.66078866
ConcentratedExplosions,442,16.05689525604248,16.1313,3.156992,,109,7222831,12605,0,55,0,12,3,0,1.55874431
ConcentratedExplosions,443,16.922704875469208,16.829,0.067584,,109,7222835,12605,0,55,0,12,3,0,1.472615
ConcentratedExplosions,444,16.940794885158539,16.9663,0.047104,,109,7222839,12605,0,55,0,12,3,0,1.38754916
ConcentratedExplosions,445,15.957701951265335,16.0166,3.126272,,107,7222837,12657,0,55,0,12,3,0,1.30788147
ConcentratedExplosions,446,17.211500555276871,17.0731,3.165184,,107,7222841,12605,0,55,0,12,3,0,1.23753715
ConcentratedExplosions,447,16.405597329139709,16.5268,3.15904,,107,7222841,12605,0,55,0,11,3,0,1.16644681
ConcentratedExplosions,448,21.285699680447578,21.0722,3.37408,,107,7222845,17053,0,56,0,12,3,0,1.98905277
ConcentratedExplosions,449,17.465703189373016,17.603,3.167232,,116,6876395,18699,0,56,0,12,3,0,1.8413465
ConcentratedExplosions,450,16.475800424814224,16.5171,3.085312,,116,6876395,16345,0,56,0,12,3,0,1.729095
ConcentratedExplosions,451,16.649596393108368,16.6307,3.940352,,116,6876399,12605,0,56,0,12,3,0,1.63007212
ConcentratedExplosions,452,15.685601159930229,15.7094,0.05632,,116,6876399,12605,0,56,0,12,3,0,1.536335
ConcentratedExplosions,453,15.340398065745831,15.3077,0.049152,,116,6876403,12605,0,56,0,12,3,0,1.45347965
ConcentratedExplosions,454,15.387599356472492,15.2922,2.991104,,114,6876405,12605,0,56,0,12,3,0,1.37725115
ConcentratedExplosions,455,15.616701915860176,15.6831,3.113984,,114,6876409,12605,0,56,0,12,3,0,1.30527341
ConcentratedExplosions,456,14.773398637771606,14.6942,3.009536,,114,6876413,12605,0,56,0,12,3,0,1.23654175
ConcentratedExplosions,457,15.94029925763607,15.9675,3.427328,,114,6876417,12605,0,56,0,12,3,0,1.17528844
ConcentratedExplosions,458,21.194500848650932,21.114,3.03616,,114,6876421,17105,0,57,0,11,3,0,1.966672
ConcentratedExplosions,459,17.150305211544037,17.2313,3.042304,,114,7398925,18699,0,57,0,11,3,0,1.82137179
ConcentratedExplosions,460,17.235700041055679,17.143,3.011584,,114,7398925,16345,0,57,0,11,3,0,1.712388
ConcentratedExplosions,461,15.774497762322426,15.8877,3.192832,,114,7398925,12605,0,57,0,11,3,0,1.61005032
ConcentratedExplosions,462,15.669798478484154,15.6242,0.060416,,114,7398929,12605,0,57,0,11,3,0,1.52229583
ConcentratedExplosions,463,15.665901824831963,15.6499,0.05632,,114,7398933,12605,0,57,0,11,3,0,1.440362
ConcentratedExplosions,464,14.782199636101723,14.625,3.10784,,112,7398935,12605,0,57,0,11,3,0,1.36334991
ConcentratedExplosions,465,15.258701518177986,15.3829,3.84,,112,7398939,12605,0,57,0,11,3,0,1.29490757
ConcentratedExplosions,466,15.154697932302952,15.1607,3.176448,,112,7398943,12605,0,57,0,11,3,0,1.22830784
ConcentratedExplosions,467,14.885203912854195,14.919,3.2256,,114,7398949,12605,0,57,0,11,3,0,1.16599548
ConcentratedExplosions,468,29.87079881131649,29.6528,3.176448,,114,7398953,17053,0,58,0,12,3,0,1.979937
ConcentratedExplosions,469,17.676396295428276,17.8744,,,121,6511755,18699,0,58,0,12,3,0,1.77710187
ConcentratedExplosions,470,16.497505828738213,16.3961,3.116032,,121,6511759,16397,0,58,0,12,3,0,1.66787565
ConcentratedExplosions,471,15.261798165738583,15.3157,2.97472,,121,6511759,12605,0,58,0,12,3,0,1.57258534
ConcentratedExplosions,472,16.112400218844414,16.0379,0.05632,,121,6511763,12605,0,58,0,12,3,0,1.489786
ConcentratedExplosions,473,15.620599500834942,15.671,0.069632,,121,6511767,12605,0,58,0,12,3,0,1.4076097
ConcentratedExplosions,474,16.005994752049446,16.0255,2.944,,119,6511765,12605,0,58,0,12,3,0,1.33276618
ConcentratedExplosions,475,15.137103386223316,15.1301,2.971648,,119,6511769,12605,0,58,0,12,3,0,1.26069868
ConcentratedExplosions,476,15.489597804844379,15.2318,3.708928,,119,6511769,12605,0,58,0,12,3,0,1.19658828
ConcentratedExplosions,477,15.917602926492691,16.1367,2.968576,,119,6511773,12605,0,58,0,12,3,0,1.13480985
ConcentratedExplosions,478,32.589301466941833,32.3236,2.994176,,119,6511777,17053,0,59,0,12,3,0,1.07511282
ConcentratedExplosions,479,18.168799579143524,18.3331,2.976768,,156,7879677,18699,0,59,0,12,3,0,0.9638948
FacingSun,0,16.47990383207798,16.4736,3.623936,,111,9610233,28807,0,0,0,0,1,0,0
FacingSun,1,15.18509816378355,15.305,3.961856,,111,9610233,12623,0,0,0,0,1,0,0
FacingSun,2,15.050701797008514,14.9876,3.6096,,111,9610233,12623,0,0,0,0,1,0,0
FacingSun,3,15.71829617023468,15.7155,0.013312,,111,9610233,12623,0,0,0,0,1,0,0
FacingSun,4,15.847200527787209,15.8614,4.252672,,111,9610233,12623,0,0,0,0,1,0,0
FacingSun,5,15.142297372221947,15.031,3.653632,,111,9610233,12623,0,0,0,0,1,0,0
FacingSun,6,14.898200519382954,15.0324,4.050944,,111,9610233,12623,0,0,0,0,1,0,0
FacingSun,7,14.49760515242815,14.4483,4.000768,,111,9610233,12623,0,0,0,0,1,0,0
FacingSun,8,15.960395336151123,15.968,3.631104,,111,9610233,12623,0,0,0,0,1,0,0
FacingSun,9,14.535402879118919,14.4873,3.685376,,111,9610233,12623,0,0,0,0,1,0,0
FacingSun,10,15.167701058089733,15.1926,4.33152,,111,9610233,12713,0,0,0,0,1,0,0
FacingSun,11,15.901196748018265,15.7061,3.63008,,111,9610233,12623,0,0,0,0,1,0,0
FacingSun,12,16.204003244638443,16.3498,3.634176,,111,9610233,12623,0,0,0,0,1,0,0
FacingSun,13,16.190893948078156,16.1938,3.93728,,111,9610233,12675,0,0,0,0,1,0,0
FacingSun,14,17.818905413150787,17.7407,3.910656,,111,9610233,12623,0,0,0,0,1,0,0
FacingSun,15,17.781993374228477,17.8208,3.652608,,111,9610233,12623,0,0,0,0,1,0,0
FacingSun,16,18.170302733778954,18.1573,3.595264,,111,9610233,12623,0,0,0,0,1,0,0
FacingSun,17,17.204102128744125,17.1465,3.659776,,111,9610233,12623,0,0,0,0,1,0,0
FacingSun,18,17.499800771474838,17.4896,3.651584,,111,9610233,12623,0,0,0,0,1,0,0
FacingSun,19,17.516596242785454,17.5834,3.675136,,111,9610233,12713,0,0,0,0,1,0,0
FacingSun,20,16.729598864912987,16.6823,3.632128,,111,9610233,12623,0,0,0,0,1,0,0
FacingSun,21,17.447398975491524,17.4673,4.438016,,111,9610233,12623,0,0,0,0,1,0,0
FacingSun,22,17.271803691983223,17.2722,3.698688,,111,9610233,12623,0,0,0,0,1,0,0
FacingSun,23,17.182298004627228,17.157,3.989504,,111,9610233,12623,0,0,0,0,1,0,0
FacingSun,24,16.085600480437279,15.9954,4.291584,,111,9610233,12623,0,0,0,0,1,0,0
FacingSun,25,16.546301543712616,16.6242,3.67104,,111,9610233,12675,0,0,0,0,1,0,0
FacingSun,26,16.244897618889809,16.2786,3.647488,,111,9610233,12623,0,0,0,0,1,0,0
FacingSun,27,17.35999807715416,17.1484,4.308992,,111,9610233,12623,0,0,0,0,1,0,0
FacingSun,28,16.078202053904533,16.2555,3.649536,,111,9610233,12713,0,0,0,0,1,0,0
FacingSun,29,15.622399747371674,15.6412,3.63008,,111,9610233,12623,0,0,0,0,1,0,0
FacingSun,30,16.4582971483469,16.3827,3.680256,,111,9610233,12623,0,0,0,0,1,0,0
FacingSun,31,17.627699300646782,17.5021,3.636224,,111,9610233,12623,0,0,0,0,1,0,0
FacingSun,32,15.553203411400318,15.7298,3.646464,,111,9610233,12623,0,0,0,0,1,0,0
FacingSun,33,16.517801210284233,16.0128,4.040704,,111,9610233,12623,0,0,0,0,1,0,0
FacingSun,34,14.73579928278923,15.2425,3.66592,,111,9610233,12623,0,0,0,0,1,0,0
FacingSun,35,14.875099062919617,14.7894,4.209664,,111,9610233,12623,0,0,0,0,1,0,0
FacingSun,36,15.120302326977253,15.1517,3.687424,,111,9610233,12623,0,0,0,0,1,0,0
FacingSun,37,15.008694492280483,14.9266,3.726336,,111,9610233,12623,0,0,0,0,1,0,0
FacingSun,38,15.45750442892313,15.5237,3.986432,,111,9610233,12765,0,0,0,0,1,0,0
FacingSun,39,15.824496746063232,15.7778,3.637248,,111,9610233,12623,0,0,0,0,1,0,0
FacingSun,40,15.763003379106522,15.7866,3.643392,,111,9610233,12623,0,0,0,0,1,0,0
FacingSun,41,14.726197347044945,14.7312,3.70176,,111,9610233,12623,0,0,0,0,1,0,0
FacingSun,42,15.203599818050861,15.1957,3.65056,,111,9610233,12623,0,0,0,0,1,0,0
FacingSun,43,15.330597758293152,15.254,3.716096,,111,9610233,12623,0,0,0,0,1,0,0
FacingSun,44,14.805902726948261,14.8701,3.639296,,111,9610233,12623,0,0,0,0,1,0,0
FacingSun,45,16.922902315855026,16.8931,3.984384,,111,9610233,12623,0,0,0,0,1,0,0
FacingSun,46,16.219699755311012,16.2204,3.637248,,111,9610233,12623,0,0,0,0,1,0,0
FacingSun,47,15.842098742723465,15.7608,3.66592,,111,9610233,12623,0,0,0,0,1,0,0
FacingSun,48,16.675099730491638,16.7582,3.668992,,111,9610233,12713,0,0,0,0,1,0,0
FacingSun,49,16.81089773774147,16.7675,3.688448,,111,9610233,12623,0,0,0,0,1,0,0
FacingSun,50,16.476601362228394,16.4432,3.683328,,111,9610233,12623,0,0,0,0,1,0,0
FacingSun,51,20.41570283472538,18.3326,3.6608,,111,9610233,12675,0,0,0,0,1,0,0
FacingSun,52,21.691000089049339,23.7362,3.64032,,111,9610233,12623,0,0,0,0,1,0,0
FacingSun,53,19.405696541070938,19.3917,3.68128,,111,9610233,12623,0,0,0,0,1,0,0
FacingSun,54,19.178897142410278,19.1952,3.782656,,111,9610233,12623,0,0,0,0,1,0,0
FacingSun,55,17.6985040307045,17.6913,4.057088,,111,9610233,12623,0,0,0,0,1,0,0
FacingSun,56,17.475396394729614,17.3343,3.680256,,111,9610233,12623,0,0,0,0,1,0,0
FacingSun,57,17.507497221231461,17.6555,3.684352,,111,9610233,12713,0,0,0,0,1,0,0
FacingSun,58,17.196506261825562,16.9776,3.642368,,111,9610233,12623,0,0,0,0,1,0,0
FacingSun,59,16.818799078464508,17.0091,3.656704,,111,9610233,12623,0,0,0,0,1,0,0
FacingSun,60,15.711698681116104,15.7311,3.67616,,111,9610233,12623,0,0,0,0,1,0,0
FacingSun,61,17.511196434497833,17.4409,4.036608,,111,9610233,12623,0,0,0,0,1,0,0
FacingSun,62,15.777699649333954,15.8263,3.634176,,111,9610233,12675,0,0,0,0,1,0,0
FacingSun,63,15.705803409218788,15.6651,3.670016,,111,9610233,12623,0,0,0,0,1,0,0
FacingSun,64,16.515398398041725,16.5361,3.653632,,111,9610233,12623,0,0,0,0,1,0,0
FacingSun,65,17.301198095083237,17.2156,3.679232,,111,9610233,12623,0,0,0,0,1,0,0
FacingSun,66,15.982199460268021,16.0388,4.042752,,111,9610233,12713,0,0,0,0,1,0,0
FacingSun,67,16.268905252218246,16.2393,3.667968,,111,9610233,12623,0,0,0,0,1,0,0
FacingSun,68,16.721194609999657,16.7348,3.677184,,111,9610233,12623,0,0,0,0,1,0,0
FacingSun,69,17.465703189373016,17.465699999999998,4.636672,,111,9610233,12623,0,0,0,0,1,0,0
FacingSun,70,16.813499853014946,16.7773,3.674112,,111,9610233,12623,0,0,0,0,1,0,0
FacingSun,71,16.185304149985313,16.1548,4.022272,,111,9610233,12623,0,0,0,0,1,0,0
FacingSun,72,17.750397324562073,17.7592,4.31104,,111,9610233,12623,0,0,0,0,1,0,0
FacingSun,73,15.111097134649754,15.1407,3.662848,,111,9610233,12623,0,0,0,0,1,0,0
FacingSun,74,15.323001891374588,15.2755,4.549632,,111,9610233,12623,0,0,0,0,1,0,0
FacingSun,75,16.035798937082291,16.0011,3.652608,,111,9610233,12675,0,0,0,0,1,0,0
FacingSun,76,16.058899462223053,16.0962,3.657728,,111,9610233,12713,0,0,0,0,1,0,0
FacingSun,77,15.582000836730003,15.5991,3.685376,,111,9610233,12623,0,0,0,0,1,0,0
FacingSun,78,15.407901257276535,15.3664,4.05504,,111,9610233,12623,0,0,0,0,1,0,0
FacingSun,79,15.747498720884323,15.7731,4.011008,,111,9610233,12623,0,0,0,0,1,0,0
FacingSun,80,14.839704148471355,14.8275,3.651584,,111,9610233,12623,0,0,0,0,1,0,0
FacingSun,81,15.75620099902153,15.7578,4.040704,,111,9610233,12623,0,0,0,0,1,0,0
FacingSun,82,15.982100740075111,15.9317,3.667968,,111,9610233,12623,0,0,0,0,1,0,0
FacingSun,83,16.429698094725609,16.4462,3.683328,,111,9610233,12623,0,0,0,0,1,0,0
FacingSun,84,15.888597816228867,15.8825,3.638272,,111,9610233,12623,0,0,0,0,1,0,0
FacingSun,85,16.972802579402924,16.8979,3.629056,,111,9610233,12623,0,0,0,0,1,0,0
FacingSun,86,15.498200431466103,15.5451,3.661824,,111,9610233,12713,0,0,0,0,1,0,0
FacingSun,87,15.775594860315323,15.7697,3.679232,,111,9610233,12623,0,0,0,0,1,0,0
FacingSun,88,16.103401780128479,16.0999,3.637248,,111,9610233,12675,0,0,0,0,1,0,0
FacingSun,89,15.973299741744995,15.979,3.651584,,111,9610233,12623,0,0,0,0,1,0,0
FacingSun,90,18.249299377202988,17.9634,3.649536,,111,9610233,12623,0,0,0,0,1,0,0
FacingSun,91,16.066404059529305,16.2651,3.659776,,111,9610233,12623,0,0,0,0,1,0,0
FacingSun,92,15.356696210801601,15.4542,4.105216,,111,9610233,12623,0,0,0,0,1,0,0
FacingSun,93,16.868701204657555,16.7132,3.661824,,111,9610233,12623,0,0,0,0,1,0,0
FacingSun,94,16.043601557612419,15.965,3.661824,,111,9610233,12623,0,0,0,0,1,0,0
FacingSun,95,15.975801274180412,16.0278,3.965952,,111,9610233,12623,0,0,0,0,1,0,0
FacingSun,96,16.367495059967041,16.4457,3.639296,,111,9610233,12713,0,0,0,0,1,0,0
FacingSun,97,16.000701114535332,16.0211,3.679232,,111,9610233,12623,0,0,0,0,1,0,0
FacingSun,98,16.582999378442764,16.5103,3.969024,,111,9610233,12623,0,0,0,0,1,0,0
FacingSun,99,16.823200508952141,16.8508,3.693568,,111,9610233,12623,0,0,0,0,1,0,0
FacingSun,100,16.963399946689606,16.9666,3.66592,,111,9610233,12623,0,0,0,0,1,0,0
FacingSun,101,16.814101487398148,16.7802,4.215808,,111,9610233,12675,0,0,0,0,1,0,0
FacingSun,102,15.785600990056992,15.8003,4.062208,,111,9610233,12623,0,0,0,0,1,0,0
FacingSun,103,15.566099435091019,15.5517,3.6608,,111,9610233,12623,0,0,0,0,1,0,0
FacingSun,104,16.139902174472809,16.0934,3.634176,,111,9610233,12623,0,0,0,0,1,0,0
FacingSun,105,15.709197148680687,15.6821,3.738624,,111,9610233,12623,0,0,0,0,1,0,0
FacingSun,106,16.417998820543289,16.4846,3.662848,,111,9610233,12713,0,0,0,0,1,0,0
FacingSun,107,16.607701778411865,16.5524,4.05504,,111,9610233,12623,0,0,0,0,1,0,0
FacingSun,108,15.278798528015614,15.3268,3.682304,,111,9610233,12623,0,0,0,0,1,0,0
FacingSun,109,14.658602885901928,14.611,3.661824,,111,9610233,12623,0,0,0,0,1,0,0
FacingSun,110,16.602395102381706,16.6097,3.678208,,111,9610233,12623,0,0,0,0,1,0,0
FacingSun,111,16.159404069185257,16.1698,3.646464,,111,9610233,12623,0,0,0,0,1,0,0
FacingSun,112,15.939498320221901,15.9291,3.629056,,111,9610233,12623,0,0,0,0,1,0,0
FacingSun,113,16.759501770138741,16.7189,4.00896,,111,9610233,12623,0,0,0,0,1,0,0
FacingSun,114,15.542800538241863,15.5432,3.646464,,111,9610233,12675,0,0,0,0,1,0,0
FacingSun,115,15.412995591759682,15.3072,3.685376,,111,9610233,12623,0,0,0,0,1,0,0
FacingSun,116,16.546003520488739,16.5163,3.981312,,111,9610233,12713,0,0,0,0,1,0,0
FacingSun,117,18.488096073269844,18.281,3.654656,,111,9610233,12623,0,0,0,0,1,0,0
FacingSun,118,16.355201601982117,16.6271,3.658752,,111,9610233,12623,0,0,0,0,1,0,0
FacingSun,119,18.240299075841904,18.2566,3.703808,,111,9610233,12623,0,0,0,0,1,0,0
FacingSun,120,17.540505155920982,17.5147,3.65568,,111,9610233,12623,0,0,0,0,1,0,0
FacingSun,121,17.84370094537735,17.8321,4.599808,,111,9610233,12623,0,0,0,0,1,0,0
FacingSun,122,18.039796501398087,18.0437,3.673088,,111,9610233,12623,0,0,0,0,1,0,0
FacingSun,123,18.739201128482819,18.7003,3.693568,,111,9610233,12623,0,0,0,0,1,0,0
FacingSun,124,19.040299579501152,18.9673,3.639296,,111,9610233,12623,0,0,0,0,1,0,0
FacingSun,125,17.467502504587173,17.5526,3.672064,,111,9610233,12713,0,0,0,0,1,0,0
FacingSun,126,18.257001414895058,18.1911,4.847616,,111,9610233,12675,0,0,0,0,1,0,0
FacingSun,127,18.830301240086555,18.8623,3.69664,,111,9610233,12623,0,0,0,0,1,0,0
FacingSun,128,18.243098631501198,18.2217,3.617792,,111,9610233,12623,0,0,0,0,1,0,0
FacingSun,129,17.957694828510284,17.7359,4.105216,,111,9610233,12623,0,0,0,0,1,0,0
FacingSun,130,18.194302916526794,18.4444,3.678208,,111,9610233,12623,0,0,0,0,1,0,0
FacingSun,131,18.414100632071495,18.3666,3.70176,,111,9610233,12623,0,0,0,0,1,0,0
FacingSun,132,19.939597696065903,19.8633,4.294656,,111,9610233,12623,0,0,0,0,1,0,0
FacingSun,133,19.837003201246262,19.7917,3.693568,,111,9610233,12623,0,0,0,0,1,0,0
FacingSun,134,20.098399370908737,20.1445,4.795392,,111,9610233,12713,0,0,0,0,1,0,0
FacingSun,135,19.096698611974716,19.0834,3.638272,,111,9610233,12623,0,0,0,0,1,0,0
FacingSun,136,18.84080283343792,18.840699999999998,4.754432,,111,9610233,12623,0,0,0,0,1,0,0
FacingSun,137,18.208198249340057,18.212,4.089856,,111,9610233,12675,0,0,0,0,1,0,0
FacingSun,138,20.849000662565231,20.7067,3.690496,,111,9610233,12623,0,0,0,0,1,0,0
FacingSun,139,18.622200936079025,18.6868,4.067328,,111,9610233,12623,0,0,0,0,1,0,0
FacingSun,140,18.850000575184822,18.927,3.693568,,111,9610233,12623,0,0,0,0,1,0,0
FacingSun,141,20.145896822214127,19.9669,4.21888,,111,9610233,12623,0,0,0,0,1,0,0
FacingSun,142,20.542403683066368,20.6105,4.102144,,111,9610233,12713,0,0,0,0,1,0,0
FacingSun,143,21.061897277832031,20.8594,3.64032,,111,9610233,12623,0,0,0,0,1,0,0
FacingSun,144,23.2131015509367,23.299,3.623936,,111,9610233,12623,0,0,0,0,1,0,0
FacingSun,145,21.563095971941948,21.4028,4.233216,,111,9610233,12623,0,0,0,0,1,0,0
FacingSun,146,22.557603195309639,22.7404,3.693568,,111,9610233,12623,0,0,0,0,1,0,0
FacingSun,147,21.66459709405899,21.6401,3.710976,,111,9610233,12675,0,0,0,0,1,0,0
FacingSun,148,22.383801639080048,22.3949,4.573184,,111,9610233,12623,0,0,0,0,1,0,0
FacingSun,149,20.629003643989563,20.7017,3.677184,,111,9610233,12713,0,0,0,0,1,0,0
FacingSun,150,19.930301234126091,19.8797,3.674112,,111,9610233,12623,0,0,0,0,1,0,0
FacingSun,151,18.33689771592617,18.3941,4.068352,,111,9610233,12623,0,0,0,0,1,0,0
FacingSun,152,19.221995025873184,19.1853,4.483072,,111,9610233,12623,0,0,0,0,1,0,0
FacingSun,153,18.859906122088432,18.7903,3.6608,,111,9610233,12623,0,0,0,0,1,0,0
FacingSun,154,19.28439550101757,19.3394,3.67104,,111,9610233,12623,0,0,0,0,1,0,0
FacingSun,155,19.227700307965279,19.2283,3.981312,,111,9610233,12623,0,0,0,0,1,0,0
FacingSun,156,18.554903566837311,18.4505,3.685376,,111,9610233,12623,0,0,0,0,1,0,0
FacingSun,157,19.156794995069504,19.2219,3.654656,,111,9610233,12713,0,0,0,0,1,0,0
FacingSun,158,18.593205139040947,18.5766,3.690496,,111,9610233,12675,0,0,0,0,1,0,0
FacingSun,159,18.202997744083405,18.1964,3.65568,,111,9610233,12623,0,0,0,0,1,0,0
FacingSun,160,17.905399203300476,17.9369,3.651584,,111,9610233,12623,0,0,0,0,1,0,0
FacingSun,161,17.318898811936378,17.3349,3.692544,,111,9610233,12623,0,0,0,0,1,0,0
FacingSun,162,18.371500074863434,18.2823,4.356096,,111,9610233,12623,0,0,0,0,1,0,0
FacingSun,163,17.392000183463097,17.4152,3.658752,,111,9610233,12623,0,0,0,0,1,0,0
FacingSun,164,18.379103392362595,18.3937,3.654656,,111,9610233,12623,0,0,0,0,1,0,0
FacingSun,165,18.732398748397827,18.6016,3.67104,,111,9610233,12623,0,0,0,0,1,0,0
FacingSun,166,19.349405542016029,19.4016,3.700736,,111,9610233,12713,0,0,0,0,1,0,0
FacingSun,167,18.167899921536446,18.197,3.628032,,111,9610233,12623,0,0,0,0,1,0,0
FacingSun,168,17.886996269226074,17.798,3.659776,,111,9610233,12623,0,0,0,0,1,0,0
FacingSun,169,17.371499910950661,17.4745,4.025344,,111,9610233,12675,0,0,0,0,1,0,0
FacingSun,170,19.092198461294174,18.8875,4.023296,,111,9610233,12623,0,0,0,0,1,0,0
FacingSun,171,18.901105970144272,19.0215,3.700736,,111,9610233,12623,0,0,0,0,1,0,0
FacingSun,172,18.018495291471481,18.0662,3.638272,,111,9610233,12623,0,0,0,0,1,0,0
FacingSun,173,18.597399815917015,18.55,3.66592,,111,9610233,12623,0,0,0,0,1,0,0
FacingSun,174,18.549900501966476,18.4642,3.667968,,111,9610233,12623,0,0,0,0,1,0,0
FacingSun,175,18.589802086353302,18.6717,4.319232,,111,9610233,12713,0,0,0,0,1,0,0
FacingSun,176,17.995500937104225,17.9905,3.65056,,111,9610233,12623,0,0,0,0,1,0,0
FacingSun,177,17.761500552296638,17.666,3.685376,,111,9610233,12623,0,0,0,0,1,0,0
FacingSun,178,19.435495138168335,19.4462,4.0448,,111,9610233,12623,0,0,0,0,1,0,0
FacingSun,179,18.706001341342926,18.769,3.704832,,111,9610233,12623,0,0,0,0,1,0,0
FacingSun,180,18.365398049354553,18.251,4.257792,,111,9610233,12675,0,0,0,0,1,0,0
FacingSun,181,17.181605100631714,17.2753,3.700736,,111,9610233,12623,0,0,0,0,1,0,0
FacingSun,182,18.727997317910194,18.539,3.646464,,111,9610233,12623,0,0,0,0,1,0,0
FacingSun,183,19.2680973559618,19.2903,4.020224,,111,9610233,12623,0,0,0,0,1,0,0
FacingSun,184,19.545501098036766,19.6562,3.606528,,111,9610233,12713,0,0,0,0,1,0,0
FacingSun,185,21.324504166841507,21.3027,3.673088,,111,9610233,12623,0,0,0,0,1,0,0
FacingSun,186,20.377600565552711,20.1683,3.66592,,111,9610233,12623,0,0,0,0,1,0,0
FacingSun,187,19.108496606349945,19.2998,4.716544,,111,9610233,12623,0,0,0,0,1,0,0
FacingSun,188,20.381100475788116,20.3631,4.017152,,111,9610233,12623,0,0,0,0,1,0,0
FacingSun,189,20.436897873878479,20.3893,3.677184,,111,9610233,12623,0,0,0,0,1,0,0
FacingSun,190,20.659502595663071,20.4979,5.133312,,111,9610233,12623,0,0,0,0,1,0,0
FacingSun,191,21.917099133133888,21.9893,3.649536,,111,9610233,12675,0,0,0,0,1,0,0
FacingSun,192,20.292205736041069,20.356,4.037632,,111,9610233,12713,0,0,0,0,1,0,0
FacingSun,193,19.612798467278481,19.5672,4.673536,,111,9610233,12623,0,0,0,0,1,0,0
FacingSun,194,21.292898803949356,21.344,3.639296,,111,9610233,12623,0,0,0,0,1,0,0
FacingSun,195,21.443700417876244,21.4021,3.673088,,111,9610233,12623,0,0,0,0,1,0,0
FacingSun,196,22.097796201705933,22.0379,3.786752,,111,9610233,12623,0,0,0,0,1,0,0
FacingSun,197,20.971400663256645,21.0169,3.649536,,111,9610233,12623,0,0,0,0,1,0,0
FacingSun,198,19.82400007545948,19.7123,3.699712,,111,9610233,12623,0,0,0,0,1,0,0
FacingSun,199,20.856902003288269,20.875,4.936704,,111,9610233,12623,0,0,0,0,1,0,0
FacingSun,200,19.291801378130913,19.3862,3.65056,,111,9610233,12713,0,0,0,0,1,0,0
FacingSun,201,18.419699743390083,18.1341,3.989504,,111,9610233,12675,0,0,0,0,1,0,0
FacingSun,202,18.209999427199364,18.5221,3.679232,,111,9610233,12623,0,0,0,0,1,0,0
FacingSun,203,16.713201999664307,16.7186,3.723264,,111,9610233,12623,0,0,0,0,1,0,0
FacingSun,204,18.054995685815811,17.9742,4.030464,,111,9610233,12623,0,0,0,0,1,0,0
FacingSun,205,18.041403964161873,18.0838,3.678208,,111,9610233,12623,0,0,0,0,1,0,0
FacingSun,206,20.242899656295776,20.163,3.995648,,111,9610233,12623,0,0,0,0,1,0,0
FacingSun,207,18.460897728800774,18.3847,3.684352,,111,9610233,12623,0,0,0,0,1,0,0
FacingSun,208,18.673596903681755,18.6989,4.046848,,111,9610233,12623,0,0,0,0,1,0,0
FacingSun,209,19.366206601262093,19.4184,4.016128,,111,9610233,12713,0,0,0,0,1,0,0
FacingSun,210,17.407497391104698,17.4091,3.69664,,111,9610233,12623,0,0,0,0,1,0,0
FacingSun,211,17.993303015828133,17.9981,4.216832,,111,9610233,12623,0,0,0,0,1,0,0
FacingSun,212,16.970599070191383,16.9919,3.649536,,111,9610233,12675,0,0,0,0,1,0,0
FacingSun,213,16.487393528223038,16.4572,3.653632,,111,9610233,12623,0,0,0,0,1,0,0
FacingSun,214,15.580406412482262,15.5841,3.679232,,111,9610233,12623,0,0,0,0,1,0,0
FacingSun,215,15.465596690773964,15.4922,3.67616,,111,9610233,12623,0,0,0,0,1,0,0
FacingSun,216,15.41739609092474,15.4203,3.678208,,111,9610233,12623,0,0,0,0,1,0,0
FacingSun,217,17.298100516200066,17.0875,3.695616,,111,9610233,12623,0,0,0,0,1,0,0
FacingSun,218,17.908504232764244,18.0442,3.680256,,111,9610233,12713,0,0,0,0,1,0,0
FacingSun,219,17.276395112276077,17.301,3.664896,,111,9610233,12623,0,0,0,0,1,0,0
FacingSun,220,17.49810017645359,17.421,3.64032,,111,9610233,12623,0,0,0,0,1,0,0
FacingSun,221,16.833305358886719,16.6312,3.678208,,111,9610233,12623,0,0,0,0,1,0,0
FacingSun,222,17.323300242424011,17.5254,3.990528,,111,9610233,12623,0,0,0,0,1,0,0
FacingSun,223,17.729301005601883,17.6894,3.64544,,111,9610233,12623,0,0,0,0,1,0,0
FacingSun,224,19.033297896385193,19.0568,3.617792,,111,9610233,12675,0,0,0,0,1,0,0
FacingSun,225,18.420401960611343,18.4161,3.97824,,111,9610233,12623,0,0,0,0,1,0,0
FacingSun,226,17.414597794413567,17.3326,3.685376,,111,9610233,12623,0,0,0,0,1,0,0
FacingSun,227,16.317198053002357,16.422,3.632128,,111,9610233,12713,0,0,0,0,1,0,0
FacingSun,228,17.9051011800766,17.8649,3.682304,,111,9610233,12623,0,0,0,0,1,0,0
FacingSun,229,16.75870269536972,16.7429,3.683328,,111,9610233,12623,0,0,0,0,1,0,0
FacingSun,230,15.763498842716217,15.781,4.012032,,111,9610233,12623,0,0,0,0,1,0,0
FacingSun,231,15.782900154590607,15.792,3.662848,,111,9610233,12623,0,0,0,0,1,0,0
FacingSun,232,15.952898189425468,15.9284,3.649536,,111,9610233,12623,0,0,0,0,1,0,0
FacingSun,233,16.814101487398148,16.7231,4.493312,,111,9610233,12623,0,0,0,0,1,0,0
FacingSun,234,17.211897298693657,17.2144,3.695616,,111,9610233,12623,0,0,0,0,1,0,0
FacingSun,235,15.548100695014,15.6402,3.6864,,111,9610233,12623,0,0,0,0,1,0,0
FacingSun,236,16.35189913213253,16.2336,4.042752,,111,9610233,12675,0,0,0,0,1,0,0
FacingSun,237,16.331497579813004,16.3629,3.620864,,111,9610233,12713,0,0,0,0,1,0,0
FacingSun,238,16.155201941728592,16.1734,3.683328,,111,9610233,12623,0,0,0,0,1,0,0
FacingSun,239,17.342999577522278,17.3396,4.296704,,111,9610233,12623,0,0,0,0,1,0,0
FacingSun,240,17.566198483109474,17.4125,3.672064,,111,9610233,12623,0,0,0,0,1,0,0
FacingSun,241,17.176005989313126,17.2624,4.566016,,111,9610233,12623,0,0,0,0,1,0,0
FacingSun,242,17.969196662306786,17.9429,4.066304,,111,9610233,12623,0,0,0,0,1,0,0
FacingSun,243,16.98700338602066,16.9579,3.697664,,111,9610233,12623,0,0,0,0,1,0,0
FacingSun,244,19.057298079133034,19.0625,4.006912,,111,9610233,12623,0,0,0,0,1,0,0
FacingSun,245,17.200496047735214,17.1146,4.834304,,111,9610233,12623,0,0,0,0,1,0,0
FacingSun,246,17.649099230766296,17.6971,4.550656,,111,9610233,12713,0,0,0,0,1,0,0
FacingSun,247,17.629103735089302,17.6321,3.667968,,111,9610233,12623,0,0,0,0,1,0,0
FacingSun,248,17.68910139799118,17.7028,3.675136,,111,9610233,12675,0,0,0,0,1,0,0
FacingSun,249,18.071400001645088,17.993,3.67616,,111,9610233,12623,0,0,0,0,1,0,0
FacingSun,250,19.772995263338089,19.7172,3.652608,,111,9610233,12623,0,0,0,0,1,0,0
FacingSun,251,17.769904807209969,17.8701,3.6608,,111,9610233,12623,0,0,0,0,1,0,0
FacingSun,252,18.664093688130379,18.6058,3.960832,,111,9610233,12623,0,0,0,0,1,0,0
FacingSun,253,18.203705549240112,18.2677,4.811776,,111,9610233,12623,0,0,0,0,1,0,0
FacingSun,254,17.501799389719963,17.2951,3.682304,,111,9610233,12623,0,0,0,0,1,0,0
FacingSun,255,19.347894936800003,19.4236,3.656704,,111,9610233,12713,0,0,0,0,1,0,0
FacingSun,256,20.189603790640831,20.2708,3.682304,,111,9610233,12623,0,0,0,0,1,0,0
FacingSun,257,17.64359325170517,17.656,3.644416,,111,9610233,12623,0,0,0,0,1,0,0
FacingSun,258,17.779301851987839,17.7174,4.397056,,111,9610233,12623,0,0,0,0,1,0,0
FacingSun,259,17.775701358914375,17.8332,4.313088,,111,9610233,12675,0,0,0,0,1,0,0
FacingSun,260,16.430802643299103,16.4187,3.678208,,111,9610233,12623,0,0,0,0,1,0,0
FacingSun,261,15.09379968047142,15.1066,3.652608,,111,9610233,12623,0,0,0,0,1,0,0
FacingSun,262,16.83269627392292,16.77,3.674112,,111,9610233,12623,0,0,0,0,1,0,0
FacingSun,263,15.848200768232346,15.8198,3.649536,,111,9610233,12623,0,0,0,0,1,0,0
FacingSun,264,16.400601714849472,16.0521,3.625984,,111,9610233,12713,0,0,0,0,1,0,0
FacingSun,265,16.4738018065691,16.8628,3.710976,,111,9610233,12623,0,0,0,0,1,0,0
FacingSun,266,15.543197281658649,15.5225,3.719168,,111,9610233,12623,0,0,0,0,1,0,0
FacingSun,267,15.458496287465096,15.4123,4.456448,,111,9610233,12623,0,0,0,0,1,0,0
FacingSun,268,15.414703637361526,15.443,3.647488,,111,9610233,12623,0,0,0,0,1,0,0
FacingSun,269,16.251899302005768,16.2399,3.679232,,111,9610233,12623,0,0,0,0,1,0,0
FacingSun,270,18.055101856589317,17.9644,4.365312,,111,9610233,12623,0,0,0,0,1,0,0
FacingSun,271,17.731398344039917,17.7605,3.668992,,111,9610233,12623,0,0,0,0,1,0,0
FacingSun,272,17.094798386096954,17.1317,3.65568,,111,9610233,12675,0,0,0,0,1,0,0
FacingSun,273,16.231002286076546,16.1474,3.703808,,111,9610233,12623,0,0,0,0,1,0,0
FacingSun,274,16.178499907255173,16.2463,4.030464,,111,9610233,12713,0,0,0,0,1,0,0
FacingSun,275,17.942998558282852,17.9286,4.030464,,111,9610233,12623,0,0,0,0,1,0,0
FacingSun,276,15.369798988103867,15.4321,3.673088,,111,9610233,12623,0,0,0,0,1,0,0
FacingSun,277,14.94399830698967,14.8792,3.62496,,111,9610233,12623,0,0,0,0,1,0,0
FacingSun,278,15.949701890349388,15.9507,3.642368,,111,9610233,12623,0,0,0,0,1,0,0
FacingSun,279,17.752097919583321,17.5807,3.654656,,111,9610233,12623,0,0,0,0,1,0,0
FacingSun,280,15.90680330991745,16.0417,3.965952,,111,9610233,12623,0,0,0,0,1,0,0
FacingSun,281,16.356002539396286,16.0709,3.721216,,111,9610233,12623,0,0,0,0,1,0,0
FacingSun,282,16.831398010253906,17.0998,3.628032,,111,9610233,12623,0,0,0,0,1,0,0
FacingSun,283,15.76169952750206,15.6897,4.20352,,111,9610233,12623,0,0,0,0,1,0,0
FacingSun,284,16.48470014333725,16.5261,3.661824,,111,9610233,12713,0,0,0,0,1,0,0
FacingSun,285,16.435097903013229,16.4263,3.638272,,111,9610233,12675,0,0,0,0,1,0,0
FacingSun,286,17.516899853944778,17.538,3.70688,,111,9610233,12623,0,0,0,0,1,0,0
FacingSun,287,16.998497769236565,16.9654,3.899392,,111,9610233,12623,0,0,0,0,1,0,0
FacingSun,288,15.967000275850296,15.9591,3.639296,,111,9610233,12623,0,0,0,0,1,0,0
FacingSun,289,16.047002747654915,16.0588,3.67104,,111,9610233,12623,0,0,0,0,1,0,0
FacingSun,290,17.072200775146484,17.0625,3.652608,,111,9610233,12623,0,0,0,0,1,0,0
FacingSun,291,15.730200335383415,15.747,3.673088,,111,9610233,12623,0,0,0,0,1,0,0
FacingSun,292,16.576297581195831,16.5122,4.026368,,111,9610233,12623,0,0,0,0,1,0,0
FacingSun,293,17.045499756932259,16.9968,3.692544,,111,9610233,12623,0,0,0,0,1,0,0
FacingSun,294,15.772102400660515,15.8658,3.64032,,111,9610233,12713,0,0,0,0,1,0,0
FacingSun,295,17.142998054623604,17.1049,3.980288,,111,9610233,12623,0,0,0,0,1,0,0
FacingSun,296,15.878599137067795,15.8577,3.595264,,111,9610233,12623,0,0,0,0,1,0,0
FacingSun,297,15.468799509108067,15.476,3.668992,,111,9610233,12623,0,0,0,0,1,0,0
FacingSun,298,16.553401947021484,16.5412,3.667968,,111,9610233,12675,0,0,0,0,1,0,0
FacingSun,299,18.788903951644897,18.7228,3.664896,,111,9610233,12623,0,0,0,0,1,0,0
FacingSun,300,18.001196905970573,18.0241,3.980288,,111,9610233,12623,0,0,0,0,1,0,0
FacingSun,301,18.020302057266235,17.9629,4.795392,,111,9610233,12623,0,0,0,0,1,0,0
FacingSun,302,16.546294093132019,16.559,4.076544,,111,9610233,12623,0,0,0,0,1,0,0
FacingSun,303,18.564505502581596,18.6055,4.895744,,111,9610233,12713,0,0,0,0,1,0,0
FacingSun,304,15.808397904038429,15.7912,4.077568,,111,9610233,12623,0,0,0,0,1,0,0
FacingSun,305,17.197001725435257,17.1116,3.729408,,111,9610233,12623,0,0,0,0,1,0,0
FacingSun,306,17.058702185750008,17.12,4.06528,,111,9610233,12623,0,0,0,0,1,0,0
FacingSun,307,17.114894464612007,17.1025,3.730432,,111,9610233,12623,0,0,0,0,1,0,0
FacingSun,308,17.707398161292076,17.4491,4.625408,,111,9610233,12623,0,0,0,0,1,0,0
FacingSun,309,17.992304638028145,18.2003,3.914752,,111,9610233,12623,0,0,0,0,1,0,0
FacingSun,310,19.229797646403313,19.249,4.594688,,111,9610233,12675,0,0,0,0,1,0,0
FacingSun,311,19.615199416875839,19.2116,5.040128,,111,9610233,12623,0,0,0,0,1,0,0
FacingSun,312,19.7703018784523,19.5698,3.644416,,111,9610233,12713,0,0,0,0,1,0,0
FacingSun,313,18.442396074533463,18.9864,3.689472,,111,9610233,12623,0,0,0,0,1,0,0
FacingSun,314,18.414406105875969,18.4102,4.796416,,111,9610233,12623,0,0,0,0,1,0,0
FacingSun,315,18.028097227215767,18.0454,3.673088,,111,9610233,12623,0,0,0,0,1,0,0
FacingSun,316,18.156200647354126,18.1254,4.514816,,111,9610233,12623,0,0,0,0,1,0,0
FacingSun,317,18.335700035095215,18.3226,3.638272,,111,9610233,12623,0,0,0,0,1,0,0
FacingSun,318,16.361599788069725,16.4061,3.6864,,111,9610233,12623,0,0,0,0,1,0,0
FacingSun,319,16.144402325153351,16.0943,3.641344,,111,9610233,12623,0,0,0,0,1,0,0
FacingSun,320,16.589399427175522,16.557,3.709952,,111,9610233,12623,0,0,0,0,1,0,0
FacingSun,321,17.823200672864914,17.6529,3.929088,,111,9610233,12713,0,0,0,0,1,0,0
FacingSun,322,18.991099670529366,19.1864,3.678208,,111,9610233,12675,0,0,0,0,1,0,0
FacingSun,323,17.454499378800392,17.4596,3.712,,111,9610233,12623,0,0,0,0,1,0,0
FacingSun,324,18.489299342036247,18.4155,3.985408,,111,9610233,12623,0,0,0,0,1,0,0
FacingSun,325,16.876198351383209,16.9368,4.048896,,111,9610233,12623,0,0,0,0,1,0,0
FacingSun,326,16.563704237341881,16.5596,3.662848,,111,9610233,12623,0,0,0,0,1,0,0
FacingSun,327,16.432298347353935,16.4166,4.001792,,111,9610233,12623,0,0,0,0,1,0,0
FacingSun,328,16.420798376202583,16.378,3.632128,,111,9610233,12623,0,0,0,0,1,0,0
FacingSun,329,16.9576033949852,16.8807,3.714048,,111,9610233,12623,0,0,0,0,1,0,0
FacingSun,330,18.876098096370697,18.8928,4.035584,,111,9610233,12713,0,0,0,0,1,0,0
FacingSun,331,16.386600211262703,16.4107,3.677184,,111,9610233,12623,0,0,0,0,1,0,0
FacingSun,332,15.146095305681229,15.0848,3.986432,,111,9610233,12623,0,0,0,0,1,0,0
FacingSun,333,17.319103702902794,17.3855,3.631104,,111,9610233,12623,0,0,0,0,1,0,0
FacingSun,334,15.592800453305244,15.6254,4.007936,,111,9610233,12675,0,0,0,0,1,0,0
FacingSun,335,15.48830047249794,15.4262,4.431872,,111,9610233,12623,0,0,0,0,1,0,0
FacingSun,336,16.265900805592537,16.2444,3.680256,,111,9610233,12623,0,0,0,0,1,0,0
FacingSun,337,16.272993758320808,16.3147,3.698688,,111,9610233,12623,0,0,0,0,1,0,0
FacingSun,338,17.16640405356884,17.032,4.315136,,111,9610233,12623,0,0,0,0,1,0,0
FacingSun,339,17.331596463918686,17.2748,3.948544,,111,9610233,12623,0,0,0,0,1,0,0
FacingSun,340,18.818998709321022,18.9097,3.667968,,111,9610233,12713,0,0,0,0,1,0,0
FacingSun,341,20.678499713540077,20.6189,4.397056,,111,9610233,12623,0,0,0,0,1,0,0
FacingSun,342,21.004805341362953,20.9708,3.617792,,111,9610233,12623,0,0,0,0,1,0,0
FacingSun,343,20.700197666883469,20.6954,3.709952,,111,9610233,12623,0,0,0,0,1,0,0
FacingSun,344,24.537095800042152,24.3981,4.186112,,111,9610233,12623,0,0,0,0,1,0,0
FacingSun,345,23.306200280785561,23.4495,3.726336,,111,9610233,12675,0,0,0,0,1,0,0
FacingSun,346,18.154202029109,18.2233,4.081664,,111,9610233,12623,0,0,0,0,1,0,0
FacingSun,347,18.53630319237709,18.4272,3.90144,,111,9610233,12623,0,0,0,0,1,0,0
FacingSun,348,19.618898630142212,19.5632,4.026368,,111,9610233,12713,0,0,0,0,1,0,0
FacingSun,349,19.028997048735619,19.1366,3.70176,,111,9610233,12623,0,0,0,0,1,0,0
FacingSun,350,18.081704154610634,18.079,4.011008,,111,9610233,12623,0,0,0,0,1,0,0
FacingSun,351,17.812196165323257,17.7683,3.678208,,111,9610233,12623,0,0,0,0,1,0,0
FacingSun,352,17.735600471496582,17.7773,3.672064,,111,9610233,12623,0,0,0,0,1,0,0
FacingSun,353,17.885204404592514,17.8492,3.703808,,111,9610233,12623,0,0,0,0,1,0,0
FacingSun,354,17.271697521209717,17.2396,3.677184,,111,9610233,12623,0,0,0,0,1,0,0
FacingSun,355,16.29440113902092,16.3443,3.970048,,111,9610233,12623,0,0,0,0,1,0,0
FacingSun,356,17.047498375177383,16.9831,4.4544,,111,9610233,12675,0,0,0,0,1,0,0
FacingSun,357,17.090398818254471,17.0671,3.693568,,111,9610233,12713,0,0,0,0,1,0,0
FacingSun,358,17.228005453944206,17.1754,4.436992,,111,9610233,12623,0,0,0,0,1,0,0
FacingSun,359,17.07950048148632,17.1566,3.636224,,111,9610233,12623,0,0,0,0,1,0,0
FacingSun,360,17.156796529889107,17.1196,3.678208,,111,9610233,12623,0,0,0,0,1,0,0
FacingSun,361,18.483800813555717,18.434,3.67616,,111,9610233,12623,0,0,0,0,1,0,0
FacingSun,362,18.12010258436203,18.1831,3.67104,,111,9610233,12623,0,0,0,0,1,0,0
FacingSun,363,17.957199364900589,17.9107,3.672064,,111,9610233,12623,0,0,0,0,1,0,0
FacingSun,364,19.029995426535606,19.03,4.031488,,111,9610233,12623,0,0,0,0,1,0,0
FacingSun,365,18.69790256023407,18.6595,3.687424,,111,9610233,12623,0,0,0,0,1,0,0
FacingSun,366,19.232099875807762,19.1537,3.980288,,111,9610233,12713,0,0,0,0,1,0,0
FacingSun,367,17.641298472881317,17.7426,3.6864,,111,9610233,12623,0,0,0,0,1,0,0
FacingSun,368,18.008900806307793,17.8945,3.707904,,111,9610233,12675,0,0,0,0,1,0,0
FacingSun,369,17.464200034737587,17.5486,3.648512,,111,9610233,12623,0,0,0,0,1,0,0
FacingSun,370,16.635196283459663,16.6458,3.674112,,111,9610233,12623,0,0,0,0,1,0,0
FacingSun,371,17.475603148341179,17.4897,4.089856,,111,9610233,12623,0,0,0,0,1,0,0
FacingSun,372,16.762103885412216,16.7213,3.673088,,111,9610233,12623,0,0,0,0,1,0,0
FacingSun,373,16.986997798085213,17.0326,3.679232,,111,9610233,12623,0,0,0,0,1,0,0
FacingSun,374,16.189001500606537,16.121,4.307968,,111,9610233,12623,0,0,0,0,1,0,0
FacingSun,375,15.68249799311161,15.7562,3.69664,,111,9610233,12713,0,0,0,0,1,0,0
FacingSun,376,16.035700216889381,15.9732,3.695616,,111,9610233,12623,0,0,0,0,1,0,0
FacingSun,377,16.09860360622406,16.1041,4.040704,,111,9610233,12623,0,0,0,0,1,0,0
FacingSun,378,17.277494072914124,17.2655,3.63008,,111,9610233,12623,0,0,0,0,1,0,0
FacingSun,379,16.988003626465797,16.936,3.66592,,111,9610233,12623,0,0,0,0,1,0,0
FacingSun,380,17.926899716258049,17.9074,4.015104,,111,9610233,12675,0,0,0,0,1,0,0
FacingSun,381,17.742602154612541,17.6403,3.70688,,111,9610233,12623,0,0,0,0,1,0,0
FacingSun,382,15.948200598359108,16.0542,3.641344,,111,9610233,12623,0,0,0,0,1,0,0
FacingSun,383,15.910197049379349,15.9608,3.636224,,111,9610233,12623,0,0,0,0,1,0,0
FacingSun,384,15.905300155282021,15.8016,3.622912,,111,9610233,12623,0,0,0,0,1,0,0
FacingSun,385,16.559097915887833,16.6016,4.356096,,111,9610233,12713,0,0,0,0,1,0,0
FacingSun,386,18.709899857640266,18.5815,3.670016,,111,9610233,12623,0,0,0,0,1,0,0
FacingSun,387,17.274603247642517,17.4035,3.633152,,111,9610233,12623,0,0,0,0,1,0,0
FacingSun,388,16.863200813531876,16.8192,3.965952,,111,9610233,12623,0,0,0,0,1,0,0
FacingSun,389,17.112301662564278,17.1062,3.930112,,111,9610233,12623,0,0,0,0,1,0,0
FacingSun,390,15.945600345730782,15.892,3.659776,,111,9610233,12623,0,0,0,0,1,0,0
FacingSun,391,16.454895958304405,16.5296,3.97824,,111,9610233,12623,0,0,0,0,1,0,0
FacingSun,392,16.637003049254417,16.461,3.6096,,111,9610233,12675,0,0,0,0,1,0,0
FacingSun,393,15.721896663308144,15.8085,3.67616,,111,9610233,12623,0,0,0,0,1,0,0
FacingSun,394,17.040900886058807,17.1044,4.023296,,111,9610233,12713,0,0,0,0,1,0,0
FacingSun,395,15.601701103150845,15.5956,3.718144,,111,9610233,12623,0,0,0,0,1,0,0
FacingSun,396,15.641098842024803,15.6237,3.644416,,111,9610233,12623,0,0,0,0,1,0,0
FacingSun,397,17.569700255990028,17.5446,4.026368,,111,9610233,12623,0,0,0,0,1,0,0
FacingSun,398,16.23779721558094,16.2491,3.637248,,111,9610233,12623,0,0,0,0,1,0,0
FacingSun,399,16.227303072810173,16.2317,3.666944,,111,9610233,12623,0,0,0,0,1,0,0
FacingSun,400,15.440397895872593,15.4391,4.02432,,111,9610233,12623,0,0,0,0,1,0,0
FacingSun,401,16.4645966142416,16.4193,4.282368,,111,9610233,12623,0,0,0,0,1,0,0
FacingSun,402,15.024404972791672,14.9906,4.211712,,111,9610233,12623,0,0,0,0,1,0,0
FacingSun,403,15.846500173211098,15.81,3.682304,,111,9610233,12623,0,0,0,0,1,0,0
FacingSun,404,15.085799619555473,15.1682,3.618816,,111,9610233,12713,0,0,0,0,1,0,0
FacingSun,405,15.033396892249584,15.0152,3.678208,,111,9610233,12675,0,0,0,0,1,0,0
FacingSun,406,16.165602952241898,15.9567,3.637248,,111,9610233,12623,0,0,0,0,1,0,0
FacingSun,407,14.162599109113216,14.4197,3.674112,,111,9610233,12623,0,0,0,0,1,0,0
FacingSun,408,14.462301507592201,14.4223,3.963904,,111,9610233,12623,0,0,0,0,1,0,0
FacingSun,409,16.593601554632187,16.4536,3.698688,,111,9610233,12623,0,0,0,0,1,0,0
FacingSun,410,17.592495307326317,17.6496,3.627008,,111,9610233,12623,0,0,0,0,1,0,0
FacingSun,411,17.043501138687134,17.0647,4.026368,,111,9610233,12623,0,0,0,0,1,0,0
FacingSun,412,16.456199809908867,16.3651,3.9936,,111,9610233,12623,0,0,0,0,1,0,0
FacingSun,413,17.068898305296898,17.0609,3.677184,,111,9610233,12623,0,0,0,0,1,0,0
FacingSun,414,18.265999853610992,18.1213,4.276224,,111,9610233,12713,0,0,0,0,1,0,0
FacingSun,415,18.119897693395615,18.2183,3.668992,,111,9610233,12623,0,0,0,0,1,0,0
FacingSun,416,18.07590015232563,18.1272,4.788224,,111,9610233,12623,0,0,0,0,1,0,0
FacingSun,417,17.983198165893555,17.996,4.007936,,111,9610233,12623,0,0,0,0,1,0,0
FacingSun,418,16.31150022149086,16.2977,3.61472,,111,9610233,12675,0,0,0,0,1,0,0
FacingSun,419,16.467899084091187,16.4982,3.991552,,111,9610233,12623,0,0,0,0,1,0,0
FacingSun,420,16.69829897582531,16.695,3.65056,,111,9610233,12623,0,0,0,0,1,0,0
FacingSun,421,15.15710074454546,15.1503,3.654656,,111,9610233,12623,0,0,0,0,1,0,0
FacingSun,422,16.635600477457047,16.5212,3.92192,,111,9610233,12623,0,0,0,0,1,0,0
FacingSun,423,15.525000169873238,15.6424,3.621888,,111,9610233,12713,0,0,0,0,1,0,0
FacingSun,424,16.113201156258583,16.0992,3.6352,,111,9610233,12623,0,0,0,0,1,0,0
FacingSun,425,16.3991991430521,16.35,3.675136,,111,9610233,12623,0,0,0,0,1,0,0
FacingSun,426,15.927700325846672,15.9191,3.581952,,111,9610233,12623,0,0,0,0,1,0,0
FacingSun,427,15.879498794674873,15.8884,3.693568,,111,9610233,12623,0,0,0,0,1,0,0
FacingSun,428,16.373001039028168,16.3741,3.613696,,111,9610233,12623,0,0,0,0,1,0,0
FacingSun,429,15.60489647090435,15.6091,4.0704,,111,9610233,12623,0,0,0,0,1,0,0
FacingSun,430,15.850305557250977,15.8176,3.601408,,111,9610233,12623,0,0,0,0,1,0,0
FacingSun,431,15.900701284408569,15.9119,3.64032,,111,9610233,12675,0,0,0,0,1,0,0
FacingSun,432,14.992899261415005,14.9184,3.612672,,111,9610233,12623,0,0,0,0,1,0,0
FacingSun,433,14.951495453715324,15.0308,3.674112,,111,9610233,12713,0,0,0,0,1,0,0
FacingSun,434,16.777204349637032,16.6743,3.847168,,111,9610233,12623,0,0,0,0,1,0,0
FacingSun,435,15.814300626516342,15.8855,3.667968,,111,9610233,12623,0,0,0,0,1,0,0
FacingSun,436,15.594196505844593,15.597,3.627008,,111,9610233,12623,0,0,0,0,1,0,0
FacingSun,437,14.669501222670078,14.6573,4.0448,,111,9610233,12623,0,0,0,0,1,0,0
FacingSun,438,14.904499985277653,14.8689,3.602432,,111,9610233,12623,0,0,0,0,1,0,0
FacingSun,439,14.523802325129509,14.5588,3.634176,,111,9610233,12623,0,0,0,0,1,0,0
FacingSun,440,15.441900119185448,15.3946,3.611648,,111,9610233,12623,0,0,0,0,1,0,0
FacingSun,441,15.787500888109207,15.7968,3.741696,,111,9610233,12623,0,0,0,0,1,0,0
FacingSun,442,15.093998052179813,15.0124,3.620864,,111,9610233,12623,0,0,0,0,1,0,0
FacingSun,443,16.14769734442234,16.1711,4.025344,,111,9610233,12713,0,0,0,0,1,0,0
FacingSun,444,16.644401475787163,16.6556,3.627008,,111,9610233,12675,0,0,0,0,1,0,0
FacingSun,445,15.268097631633282,15.2931,3.68128,,111,9610233,12623,0,0,0,0,1,0,0
FacingSun,446,16.958998516201973,16.8375,3.98848,,111,9610233,12623,0,0,0,0,1,0,0
FacingSun,447,16.555201262235641,16.6219,3.677184,,111,9610233,12623,0,0,0,0,1,0,0
FacingSun,448,16.728904098272324,16.715699999999998,3.610624,,111,9610233,12623,0,0,0,0,1,0,0
FacingSun,449,17.222598195075989,17.1813,4.036608,,111,9610233,12623,0,0,0,0,1,0,0
FacingSun,450,16.616396605968475,16.6561,3.601408,,111,9610233,12623,0,0,0,0,1,0,0
FacingSun,451,16.992403194308281,16.9907,3.688448,,111,9610233,12623,0,0,0,0,1,0,0
FacingSun,452,17.837598919868469,17.1879,4.0192,,111,9610233,12623,0,0,0,0,1,0,0
FacingSun,453,16.719097271561623,17.328,3.69152,,111,9610233,12713,0,0,0,0,1,0,0
FacingSun,454,16.548100858926773,16.5297,4.588544,,111,9610233,12623,0,0,0,0,1,0,0
FacingSun,455,18.297102302312851,18.2463,3.675136,,111,9610233,12623,0,0,0,0,1,0,0
FacingSun,456,17.726602032780647,17.7743,3.648512,,111,9610233,12675,0,0,0,0,1,0,0
FacingSun,457,17.131894826889038,17.143,4.384768,,111,9610233,12623,0,0,0,0,1,0,0
FacingSun,458,16.810005530714989,16.7569,3.632128,,111,9610233,12623,0,0,0,0,1,0,0
FacingSun,459,16.856597736477852,16.9094,3.699712,,111,9610233,12623,0,0,0,0,1,0,0
FacingSun,460,17.799602821469307,17.483,4.025344,,111,9610233,12623,0,0,0,0,1,0,0
FacingSun,461,16.213094815611839,16.4155,3.674112,,111,9610233,12623,0,0,0,0,1,0,0
FacingSun,462,16.317402943968773,16.367,3.63008,,111,9610233,12713,0,0,0,0,1,0,0
FacingSun,463,18.371500074863434,18.3397,3.675136,,111,9610233,12623,0,0,0,0,1,0,0
FacingSun,464,17.774200066924095,17.7391,3.65568,,111,9610233,12623,0,0,0,0,1,0,0
FacingSun,465,18.527600914239883,18.538,4.702208,,111,9610233,12623,0,0,0,0,1,0,0
FacingSun,466,16.448596492409706,16.51,3.629056,,111,9610233,12623,0,0,0,0,1,0,0
FacingSun,467,15.960600227117538,15.7994,3.690496,,111,9610233,12623,0,0,0,0,1,0,0
FacingSun,468,17.492197453975677,17.5577,3.995648,,111,9610233,12675,0,0,0,0,1,0,0
FacingSun,469,17.495302483439445,17.5047,3.687424,,111,9610233,12623,0,0,0,0,1,0,0
FacingSun,470,16.62750169634819,16.5233,3.642368,,111,9610233,12623,0,0,0,0,1,0,0
FacingSun,471,16.712699085474014,16.7682,4.005888,,111,9610233,12713,0,0,0,0,1,0,0
FacingSun,472,16.543501988053322,16.5383,3.605504,,111,9610233,12623,0,0,0,0,1,0,0
FacingSun,473,18.473397940397263,18.4485,4.62336,,111,9610233,12623,0,0,0,0,1,0,0
FacingSun,474,17.997803166508675,18.0644,3.631104,,111,9610233,12623,0,0,0,0,1,0,0
FacingSun,475,16.141297295689583,16.1528,3.953664,,111,9610233,12623,0,0,0,0,1,0,0
FacingSun,476,16.054103150963783,16.0032,4.250624,,111,9610233,12623,0,0,0,0,1,0,0
FacingSun,477,15.833694487810135,15.8235,3.697664,,111,9610233,12623,0,0,0,0,1,0,0
FacingSun,478,16.037201508879662,16.0783,3.641344,,111,9610233,12623,0,0,0,0,1,0,0
FacingSun,479,16.414398327469826,16.2822,3.65568,,111,9610233,12623,0,0,0,0,1,0,0
