phase,frame,renderedFrameMs,mainThreadMs,gcAllocatedBytes,focused,destroyed,effects
Near,0,2.7061011642217636,2.7044,,1,0,0
Near,1,2.8796980623155832,2.8751,,1,0,0
Near,2,2.6945010758936405,2.6944,,1,0,0
Near,3,2.3840987123548985,2.3807,,1,0,0
Near,4,2.5214995257556438,2.5178,,1,0,0
Near,5,2.2541028447449207,2.2507,,1,0,0
Near,6,3.1547972466796637,3.1523,,1,0,0
Near,7,2.232405124232173,2.2298,,1,0,0
Near,8,2.5550948921591043,2.5622,,1,0,0
Near,9,3.42740211635828,3.3988,,1,0,0
Near,10,2.0418013446033,2.036,,1,0,0
Near,11,2.9623014852404594,2.9634,,1,0,0
Near,12,2.4676942266523838,2.4644,,1,0,0
Near,13,2.2561012301594019,2.2534,,1,0,0
Near,14,2.9635983519256115,2.9593,,1,0,0
Near,15,2.53290100954473,2.5306,,1,0,0
Near,16,2.3722010664641857,2.3709,,1,0,0
Near,17,2.1597009617835283,2.1572,,1,0,0
Near,18,2.2377977147698402,2.2356,,1,0,0
Near,19,2.8745040763169527,2.8712,,1,0,0
Near,20,2.6771966367959976,2.6732,,1,0,0
Near,21,2.7381023392081261,2.7376,,1,0,0
Near,22,2.2900013718754053,2.2849,,1,0,0
Near,23,3.1267998274415731,3.1266,,1,0,0
Near,24,2.153897425159812,2.1484,,1,0,0
Near,25,3.1457978766411543,3.1469,,1,0,0
Near,26,2.686699153855443,2.6851,,1,0,0
Near,27,2.430605236440897,2.4257,,1,0,0
Near,28,3.0972009990364313,3.0954,,1,0,0
Near,29,1.9870961550623178,1.9844,,1,0,0
Near,30,2.911401679739356,2.9084,,1,0,0
Near,31,2.3131023626774549,2.3089,,1,0,0
Near,32,3.4343963488936424,3.4317,,1,0,0
Near,33,2.6176020037382841,2.6124,,1,0,0
Near,34,2.7812996413558722,2.7818,,1,0,0
Near,35,2.8043012134730816,2.8002,,1,0,0
Near,36,2.1985969506204128,2.2227,,1,0,0
Near,37,4.2232000268995762,4.1703,,1,0,0
Near,38,3.0446995515376329,3.0402,,1,0,0
Near,39,2.4397037923336029,2.4457,,1,0,0
Near,40,4.3227961286902428,4.3095,,1,0,0
Near,41,2.6643991004675627,2.6623,,1,0,0
Near,42,3.7413053214550018,3.7363,,1,0,0
Near,43,2.6994969230145216,2.6913,,1,0,0
Near,44,3.38239804841578,3.382,,1,0,0
Near,45,2.4819020181894302,2.4769,,1,0,0
Near,46,2.9519982635974884,2.9496,,1,0,0
Near,47,3.2651997171342373,3.2614,,1,0,0
Near,48,3.3924037124961615,3.3863,,1,0,0
Near,49,2.2876984439790249,2.2842,,1,0,0
Near,50,3.1032029073685408,3.1041,,1,0,0
Near,51,2.4094954133033752,2.4042,,1,0,0
Near,52,3.2763038761913776,3.2754,,1,0,0
Near,53,2.3300950415432453,2.3245,,1,0,0
Near,54,2.6573059149086475,2.6581,,1,0,0
Near,55,3.1675950158387423,3.1635,,1,0,0
Near,56,2.9836026951670647,2.9787,,1,0,0
Near,57,2.846697811037302,2.8457,,1,0,0
Near,58,3.2337019219994545,3.2335,,1,0,0
Near,59,3.1018990557640791,3.0954,,1,0,0
Near,60,2.9115008655935526,2.9083,,1,0,0
Near,61,2.6116000954061747,2.6063,,1,0,0
Near,62,3.0248016119003296,3.0203,,1,0,0
Near,63,2.9366991948336363,2.9349,,1,0,0
Near,64,2.3484977427870035,2.3465,,1,0,0
Near,65,3.1948979012668133,3.1925,,1,0,0
Near,66,3.3983064349740744,3.3899,,1,0,0
Near,67,3.3866993617266417,3.3834,,1,0,0
Near,68,2.6226970367133617,2.6217,,1,0,0
Near,69,3.1087019015103579,3.1044,,1,0,0
Near,70,2.7401999104768038,2.737,,1,0,0
Near,71,3.2227961346507072,3.2239,,1,0,0
Near,72,2.7294997125864029,2.7206,,1,0,0
Near,73,3.8794004358351231,3.8802,,1,0,0
Near,74,3.221102524548769,3.2194,,1,0,0
Near,75,2.9196995310485363,2.9122,,1,0,0
Near,76,2.6841978542506695,2.6807,,1,0,0
Near,77,2.8461026959121227,2.8438,,1,0,0
Near,78,4.4831987470388412,4.4841,,1,0,0
Near,79,2.8848000802099705,2.8762,,1,0,0
Near,80,2.7555981650948524,2.7534,,1,0,0
Near,81,3.2784014474600554,3.2774,,1,0,0
Near,82,5.6137046776711941,5.6107,,1,0,0
Near,83,5.5931974202394485,5.5895,,1,0,0
Near,84,2.3561012931168079,2.352,,1,0,0
Near,85,3.8459962233901024,3.8417,,1,0,0
Near,86,3.86789976619184,3.8627,,1,0,0
Near,87,3.0681050848215818,3.0647,,1,0,0
Near,88,3.1812996603548527,3.1773,,1,0,0
Near,89,2.7656957972794771,2.7654,,1,0,0
Near,90,3.4629039000719786,3.4603,,1,0,0
Near,91,3.2701955642551184,3.2641,,1,0,0
Near,92,3.5972008481621742,3.5983,,1,0,0
Near,93,3.8670988287776709,3.8585,,1,0,0
Near,94,3.3507014159113169,3.3463,,1,0,0
Near,95,2.9423043597489595,2.9382,,1,0,0
Near,96,4.383099265396595,4.3834,,1,0,0
Near,97,3.2991000916808844,3.2919,,1,0,0
Near,98,2.98199406825006,2.9802,,1,0,0
Near,99,3.7459041923284531,3.743,,1,0,0
Near,100,3.7123016081750393,3.7062,,1,0,0
Near,101,2.8294005896896124,2.827,,1,0,0
Near,102,3.2396966125816107,3.239,,1,0,0
Near,103,2.7489017229527235,2.7481,,1,0,0
Near,104,3.6378968507051468,3.6314,,1,0,0
Near,105,3.7540036719292402,3.748,,1,0,0
Near,106,3.7672973703593016,3.7626,,1,0,0
Near,107,2.5852040853351355,2.5826,,1,0,0
Near,108,3.7607992999255657,3.762,,1,0,0
Near,109,3.012294415384531,3.0057,,1,0,0
Near,110,3.1692034099251032,3.1678,,1,0,0
Near,111,4.2268992401659489,4.2251,,1,0,0
Near,112,2.8376984409987926,2.8308,,1,0,0
Near,113,2.8506023809313774,2.8485,,1,0,0
Near,114,4.5660007745027542,4.5618,,1,0,0
Near,115,3.6426021251827478,3.6472,,1,0,0
Near,116,2.9772960115224123,2.9681,,1,0,0
Near,117,2.9843042138963938,2.9782,,1,0,0
Near,118,3.6372945178300142,3.6343,,1,0,0
Near,119,4.2928997427225113,4.2889,,1,0,0
Near,120,2.9829011764377356,2.9794,,1,0,0
Near,121,3.215001430362463,3.2077,,1,0,0
Near,122,3.7696994841098785,3.7688,,1,0,0
Near,123,3.0430981423705816,3.036,,1,0,0
Near,124,3.3005031291395426,3.3019,,1,0,0
Near,125,3.1107000540941954,3.102,,1,0,0
Near,126,3.3298966009169817,3.3298,,1,0,0
Near,127,2.941702026873827,2.9338,,1,0,0
Near,128,4.0962016209959984,4.0919,,1,0,0
Near,129,2.95330211520195,2.9499,,1,0,0
Near,130,3.3223994541913271,3.3174,,1,0,0
Near,131,2.84550036303699,2.8427,,1,0,0
Near,132,3.6152990069240332,3.6126,,1,0,0
Near,133,3.7977960892021656,3.7931,,1,0,0
Near,134,2.7437997050583363,2.7401,,1,0,0
Near,135,3.0703018419444561,3.0674,,1,0,0
Near,136,3.0303995590656996,3.029,,1,0,0
Near,137,3.0749007128179073,3.0737,,1,0,0
Near,138,3.2652991358190775,3.2622,,1,0,0
Near,139,3.1854026019573212,3.1759,,1,0,0
Near,140,3.4598002675920725,3.4591,,1,0,0
Near,141,3.150800708681345,3.1438,,1,0,0
Near,142,2.7539965230971575,2.7498,,1,0,0
Near,143,4.6975975856184959,4.6978,,1,0,0
Near,144,2.9021045193076134,2.8922,,1,0,0
Near,145,2.9858986381441355,2.9878,,1,0,0
Near,146,3.4173964522778988,3.4145,,1,0,0
Near,147,3.8588009774684906,3.8492,,1,0,0
Near,148,3.1038052402436733,3.1008,,1,0,0
Near,149,3.4638959914445877,3.4636,,1,0,0
Near,150,3.5563989076763391,3.5482,,1,0,0
Near,151,2.5148030836135149,2.5118,,1,0,0
Near,152,3.8833972066640854,3.8837,,1,0,0
Near,153,2.5887046940624714,2.5813,,1,0,0
Near,154,3.4312002826482058,3.4318,,1,0,0
Near,155,3.0093963723629713,3.0035,,1,0,0
Near,156,3.0019984114915133,3.0026,,1,0,0
Near,157,3.3819018863141537,3.378,,1,0,0
Near,158,3.0042021535336971,2.9977,,1,0,0
Near,159,2.9089993331581354,2.9056,,1,0,0
Near,160,2.5294004008173943,2.5248,,1,0,0
Near,161,2.9770974069833755,2.9789,,1,0,0
Near,162,3.2620038837194443,3.2529,,1,0,0
Near,163,3.0794998165220022,3.079,,1,0,0
Near,164,3.4113945439457893,3.4029,,1,0,0
Near,165,2.6629038620740175,2.6624,,1,0,0
Near,166,3.5379959736019373,3.5345,,1,0,0
Near,167,3.0109055805951357,3.0027,,1,0,0
Near,168,3.3676940947771072,3.3687,,1,0,0
Near,169,3.720500273630023,3.7137,,1,0,0
Near,170,2.7863024733960629,2.78,,1,0,0
Near,171,3.7214001640677452,3.7217,,1,0,0
Near,172,3.14399809576571,3.1359,,1,0,0
Near,173,3.0290037393569946,3.0282,,1,0,0
Near,174,3.3895974047482014,3.3861,,1,0,0
Near,175,2.8812997043132782,2.8755,,1,0,0
Near,176,3.3599985763430595,3.3527,,1,0,0
Near,177,4.2153061367571354,4.2119,,1,0,0
Near,178,4.0505952201783657,4.0523,,1,0,0
Near,179,3.0571995303034782,3.0475,,1,0,0
Near,180,3.24010057374835,3.2413,,1,0,0
Near,181,2.9001983348280191,2.8925,,1,0,0
Near,182,3.5219034180045128,3.5187,,1,0,0
Near,183,2.9430980794131756,2.9423,,1,0,0
Near,184,3.3535996917635202,3.348,,1,0,0
Near,185,2.9888038989156485,2.9863,,1,0,0
Near,186,2.8136975597590208,2.8127,,1,0,0
Near,187,2.9693027026951313,2.9624,,1,0,0
Near,188,3.8468963466584682,3.8433,,1,0,0
Near,189,2.6897038333117962,2.6872,,1,0,0
Near,190,3.4535997547209263,3.4526,,1,0,0
Near,191,2.715100534260273,2.7071,,1,0,0
Near,192,4.3491991236805916,4.3498,,1,0,0
Near,193,3.3059949055314064,3.3017,,1,0,0
Near,194,2.8283020947128534,2.8201,,1,0,0
Near,195,3.8241993170231581,3.8233,,1,0,0
Near,196,2.7651006821542978,2.7615,,1,0,0
Near,197,4.0380032733082771,4.035,,1,0,0
Near,198,2.7845946606248617,2.7779,,1,0,0
Near,199,3.57540394179523,3.572,,1,0,0
Near,200,3.0145975761115551,3.016,,1,0,0
Near,201,2.9990009497851133,2.9908,,1,0,0
Near,202,3.9768991991877556,3.976,,1,0,0
Near,203,3.1905046198517084,3.1871,,1,0,0
Near,204,3.2859977800399065,3.2813,,1,0,0
Near,205,3.3098000567406416,3.3038,,1,0,0
Near,206,3.5579011309891939,3.5539,,1,0,0
Near,207,3.4782951697707176,3.4776,,1,0,0
Near,208,3.3653061836957932,3.3565,,1,0,0
Near,209,3.1754961237311363,3.1711,,1,0,0
Near,210,3.2696996349841356,3.2213,,1,0,0
Near,211,4.1513037867844105,4.1528,,1,0,0
Near,212,2.712698420509696,2.7048,,1,0,0
Near,213,3.8314980920404196,3.8318,,1,0,0
Near,214,2.9804988298565149,2.9731,,1,0,0
Near,215,3.7966056261211634,3.7995,,1,0,0
Near,216,3.4433957189321518,3.4303,,1,0,0
Near,217,3.0855017248541117,3.0833,,1,0,0
Near,218,2.8158021159470081,2.8124,,1,0,0
Near,219,3.0607001390308142,3.0617,,1,0,0
Near,220,4.4321003369987011,4.4248,,1,0,0
Near,221,3.3978954888880253,3.3917,,1,0,0
Near,222,3.7491000257432461,3.7472,,1,0,0
Near,223,2.7845024596899748,2.7798,,1,0,0
Near,224,4.7333971597254276,4.7319,,1,0,0
Near,225,3.370202612131834,3.3629,,1,0,0
Near,226,3.3642007037997246,3.3674,,1,0,0
Near,227,3.2582979183644056,3.2615,,1,0,0
Near,228,2.9216979164630175,2.9038,,1,0,0
Near,229,3.8668012712150812,3.8655,,1,0,0
Near,230,3.0890023335814476,3.0824,,1,0,0
Near,231,3.3734976314008236,3.3734,,1,0,0
Near,232,3.2276997808367014,3.2211,,1,0,0
Near,233,3.5531036555767059,3.5481,,1,0,0
Near,234,4.9240007065236568,4.9236,,1,0,0
Near,235,3.1246952712535858,3.116,,1,0,0
Near,236,3.8919004146009684,3.8872,,1,0,0
Near,237,3.3639031462371349,3.3606,,1,0,0
Near,238,7.017800584435463,7.0153,,1,0,0
Near,239,3.3998936414718628,3.3964,,1,0,0
Near,240,3.3180059399455786,3.3172,,1,0,0
Near,241,3.4779973793774843,3.4701,,1,0,0
Near,242,3.3773030154407024,3.372,,1,0,0
Near,243,3.083099378272891,3.0844,,1,0,0
Near,244,3.5735969431698322,3.5643,,1,0,0
Near,245,3.6888038739562035,3.6896,,1,0,0
Near,246,3.3645974472165108,3.3562,,1,0,0
Near,247,3.9063990116119385,3.9062,,1,0,0
Near,248,3.3464003354310989,3.3377,,1,0,0
Near,249,3.472696989774704,3.4759,,1,0,0
Near,250,4.690603818744421,4.6774,,1,0,0
Near,251,3.2484978437423706,3.2447,,1,0,0
Near,252,3.593105124309659,3.5896,,1,0,0
Near,253,3.0006945598870516,2.995,,1,0,0
Near,254,5.0130030140280724,5.0087,,1,0,0
Near,255,3.3137968275696039,3.3113,,1,0,0
Near,256,3.060303395614028,3.0565,,1,0,0
Near,257,3.3955003600567579,3.3946,,1,0,0
Near,258,3.3401006367057562,3.3295,,1,0,0
Near,259,4.5787980780005455,4.576,,1,0,0
Near,260,3.9731008000671864,3.974,,1,0,0
Near,261,3.1464993953704834,3.1376,,1,0,0
Near,262,3.4139030613005161,3.4158,,1,0,0
Near,263,3.4668934531509876,3.4584,,1,0,0
Near,264,3.2180058769881725,3.2152,,1,0,0
Near,265,3.0528982169926167,3.0526,,1,0,0
Near,266,3.3259992487728596,3.3214,,1,0,0
Near,267,4.20569721609354,4.2028,,1,0,0
Near,268,4.7776005230844021,4.767,,1,0,0
Near,269,3.6044004373252392,3.6015,,1,0,0
Near,270,4.1133998893201351,4.1102,,1,0,0
Near,271,3.1111040152609348,3.1082,,1,0,0
Near,272,3.8926941342651844,3.8883,,1,0,0
Near,273,3.4474064595997334,3.4414,,1,0,0
Near,274,3.5649943165481091,3.5618,,1,0,0
Near,275,3.1214994378387928,3.0794,,1,0,0
Near,276,3.3963010646402836,3.3985,,1,0,0
Near,277,4.4351047836244106,4.4248,,1,0,0
Near,278,3.7476969882845879,3.7433,,1,0,0
Near,279,3.9537982083857059,3.9475,,1,0,0
Near,280,5.2111041732132435,5.2108,,1,0,0
Near,281,3.1381945591419935,3.1304,,1,0,0
Near,282,3.979705274105072,3.9804,,1,0,0
Near,283,3.8504961412400007,3.8439,,1,0,0
Near,284,3.4704010467976332,3.4683,,1,0,0
Near,285,3.6519982386380434,3.6433,,1,0,0
Near,286,4.4525014236569405,4.4431,,1,0,0
Near,287,3.2522038090974092,3.2446,,1,0,0
Near,288,3.8741000462323427,3.876,,1,0,0
Near,289,3.7875000853091478,3.7768,,1,0,0
Near,290,3.7456986028701067,3.744,,1,0,0
Near,291,4.3676020577549934,4.3598,,1,0,0
Near,292,3.1718963291496038,3.1654,,1,0,0
Near,293,3.7792020011693239,3.7705,,1,0,0
Near,294,4.4877976179122925,4.4893,,1,0,0
Near,295,3.5241993609815836,3.5131,,1,0,0
Near,296,4.1613024659454823,4.1585,,1,0,0
Near,297,3.7788974586874247,3.7759,,1,0,0
Near,298,3.3378046937286854,3.3316,,1,0,0
Near,299,3.7737954407930374,3.7736,,1,0,0
Panorama,0,3.6580003798007965,3.6595,,1,0,0
Panorama,1,2.8493977151811123,2.8418,,1,0,0
Panorama,2,3.0689979903399944,3.0684,,1,0,0
Panorama,3,2.9590986669063568,2.9534,,1,0,0
Panorama,4,3.1800027936697006,3.1703,,1,0,0
Panorama,5,2.80009931884706,2.7965,,1,0,0
Panorama,6,2.7687004767358303,2.7722,,1,0,0
Panorama,7,3.0240009073168039,3.0134,,1,0,0
Panorama,8,3.39939771220088,3.3964,,1,0,0
Panorama,9,3.0124008189886808,3.0109,,1,0,0
Panorama,10,3.1331987120211124,3.1267,,1,0,0
Panorama,11,2.7932042721658945,2.789,,1,0,0
Panorama,12,2.961097052320838,2.9558,,1,0,0
Panorama,13,2.9598993714898825,2.9555,,1,0,0
Panorama,14,4.5621031895279884,4.562,,1,0,0
Panorama,15,2.9674957040697336,2.9613,,1,0,0
Panorama,16,3.1016014982014894,3.0977,,1,0,0
Panorama,17,2.5943026412278414,2.5938,,1,0,0
Panorama,18,3.6107001360505819,3.6069,,1,0,0
Panorama,19,2.9038973152637482,2.9008,,1,0,0
Panorama,20,3.616999601945281,3.6094,,1,0,0
Panorama,21,2.4434027727693319,2.4378,,1,0,0
Panorama,22,3.567396430298686,3.5675,,1,0,0
Panorama,23,2.7475056704133749,2.7419,,1,0,0
Panorama,24,3.7886975333094597,3.7864,,1,0,0
Panorama,25,2.8383999597281218,2.8345,,1,0,0
Panorama,26,2.8074972797185183,2.8077,,1,0,0
Panorama,27,2.6316042058169842,2.6232,,1,0,0
Panorama,28,3.3627976663410664,3.3634,,1,0,0
Panorama,29,2.5545989628881216,2.549,,1,0,0
Panorama,30,3.5915037151426077,3.5899,,1,0,0
Panorama,31,2.6345946826040745,2.6291,,1,0,0
Panorama,32,3.6731008440256119,3.6724,,1,0,0
Panorama,33,2.4888038169592619,2.4832,,1,0,0
Panorama,34,3.3356009516865015,3.3369,,1,0,0
Panorama,35,3.1517997849732637,3.1454,,1,0,0
Panorama,36,3.2636974938213825,3.2605,,1,0,0
Panorama,37,2.7925027534365654,2.7922,,1,0,0
Panorama,38,2.4384991265833378,2.4319,,1,0,0
Panorama,39,3.4592971205711365,3.4592,,1,0,0
Panorama,40,3.1917020678520203,3.1877,,1,0,0
Panorama,41,2.5752976071089506,2.5715,,1,0,0
Panorama,42,3.3194019924849272,3.3177,,1,0,0
Panorama,43,2.4881022982299328,2.4809,,1,0,0
Panorama,44,3.6444941069930792,3.6471,,1,0,0
Panorama,45,2.8520054183900356,2.8432,,1,0,0
Panorama,46,3.4535005688667297,3.4528,,1,0,0
Panorama,47,2.6095947250723839,2.6033,,1,0,0
Panorama,48,3.1543013174086809,3.1565,,1,0,0
Panorama,49,2.5546981487423182,2.5463,,1,0,0
Panorama,50,3.6080002319067717,3.609,,1,0,0
Panorama,51,2.78870458714664,2.7819,,1,0,0
Panorama,52,3.406597301363945,3.4069,,1,0,0
Panorama,53,2.5881023611873388,2.5822,,1,0,0
Panorama,54,3.4592971205711365,3.4558,,1,0,0
Panorama,55,3.0885983724147081,3.0839,,1,0,0
Panorama,56,2.981200348585844,2.9786,,1,0,0
Panorama,57,2.8673044871538877,2.8598,,1,0,0
Panorama,58,3.5941964015364647,3.5942,,1,0,0
Panorama,59,2.646598732098937,2.6392,,1,0,0
Panorama,60,3.6407029256224632,3.6408,,1,0,0
Panorama,61,2.8456987347453833,2.8441,,1,0,0
Panorama,62,3.2446002587676048,3.2355,,1,0,0
Panorama,63,3.3779975492507219,3.3731,,1,0,0
Panorama,64,2.6005031540989876,2.5975,,1,0,0
Panorama,65,3.3431972842663527,3.344,,1,0,0
Panorama,66,2.6923043187707663,2.6889,,1,0,0
Panorama,67,3.1454011332243681,3.1367,,1,0,0
Panorama,68,3.0237953178584576,3.0229,,1,0,0
Panorama,69,3.2112032640725374,3.2046,,1,0,0
Panorama,70,3.2123015262186527,3.2102,,1,0,0
Panorama,71,3.0905967578291893,3.0851,,1,0,0
Panorama,72,2.8934027068316936,2.8882,,1,0,0
Panorama,73,2.9372945427894592,2.9303,,1,0,0
Panorama,74,2.7146046049892902,2.7065,,1,0,0
Panorama,75,3.1109978444874287,3.1079,,1,0,0
Panorama,76,3.4027991350740194,3.3994,,1,0,0
Panorama,77,2.9326034709811211,2.9296,,1,0,0
Panorama,78,3.1870959792286158,3.187,,1,0,0
Panorama,79,2.8687003068625927,2.8618,,1,0,0
Panorama,80,3.10690188780427,3.1021,,1,0,0
Panorama,81,2.8868976514786482,2.886,,1,0,0
Panorama,82,3.196400124579668,3.1926,,1,0,0
Panorama,83,2.6915036141872406,2.6877,,1,0,0
Panorama,84,3.1554987654089928,3.1516,,1,0,0
Panorama,85,3.6782028619199991,3.6779,,1,0,0
Panorama,86,2.6646966580301523,2.6579,,1,0,0
Panorama,87,3.3615007996559143,3.3574,,1,0,0
Panorama,88,2.9453018214553595,2.9428,,1,0,0
Panorama,89,2.8268990572541952,2.8225,,1,0,0
Panorama,90,3.8056971970945597,3.8034,,1,0,0
Panorama,91,3.1394984107464552,3.1332,,1,0,0
Panorama,92,3.3082058653235435,3.3024,,1,0,0
Panorama,93,3.8190972991287708,3.8169,,1,0,0
Panorama,94,3.0775014311075211,3.0751,,1,0,0
Panorama,95,3.0875992961227894,3.079,,1,0,0
Panorama,96,2.7637968305498362,2.766,,1,0,0
Panorama,97,3.7293012719601393,3.7183,,1,0,0
Panorama,98,2.7575043495744467,2.754,,1,0,0
Panorama,99,2.9187996406108141,2.9169,,1,0,0
Panorama,100,3.0450962949544191,3.0459,,1,0,0
Panorama,101,3.3455002121627331,3.3332,,1,0,0
Panorama,102,2.4415035732090473,2.438,,1,0,0
Panorama,103,2.9942956753075123,2.9908,,1,0,0
Panorama,104,2.6960032992064953,2.691,,1,0,0
Panorama,105,3.1227963045239449,3.1245,,1,0,0
Panorama,106,2.9849985148757696,2.9741,,1,0,0
Panorama,107,3.3746031112968922,3.3722,,1,0,0
Panorama,108,2.4990008678287268,2.4927,,1,0,0
Panorama,109,3.4436010755598545,3.4427,,1,0,0
Panorama,110,3.2486962154507637,3.243,,1,0,0
Panorama,111,2.9593040235340595,2.9582,,1,0,0
Panorama,112,2.4545988999307156,2.4502,,1,0,0
Panorama,113,3.6669005639851093,3.6613,,1,0,0
Panorama,114,2.465901430696249,2.4641,,1,0,0
Panorama,115,3.39640025049448,3.3979,,1,0,0
Panorama,116,3.2138959504663944,3.2084,,1,0,0
Panorama,117,2.6813987642526627,2.6751,,1,0,0
Panorama,118,2.9074051417410374,2.9063,,1,0,0
Panorama,119,3.1553995795547962,3.1506,,1,0,0
Panorama,120,2.5297973770648241,2.5249,,1,0,0
Panorama,121,3.9788973517715931,3.9736,,1,0,0
Panorama,122,2.7280044741928577,2.7228,,1,0,0
Panorama,123,3.0378969386219978,3.0404,,1,0,0
Panorama,124,2.6505030691623688,2.642,,1,0,0
Panorama,125,3.1718963291496038,3.1696,,1,0,0
Panorama,126,2.7295988984405994,2.7245,,1,0,0
Panorama,127,3.7649022415280342,3.7651,,1,0,0
Panorama,128,2.6749006938189268,2.6683,,1,0,0
Panorama,129,3.0997022986412048,3.0992,,1,0,0
Panorama,130,2.5348993949592113,2.5267,,1,0,0
Panorama,131,3.4422972239553928,3.4383,,1,0,0
Panorama,132,3.2531036995351315,3.249,,1,0,0
Panorama,133,2.8603954706341028,2.8562,,1,0,0
Panorama,134,3.2026998233050108,3.2031,,1,0,0
Panorama,135,3.1405044719576836,3.1361,,1,0,0
Panorama,136,4.9805981107056141,4.9795,,1,0,0
Panorama,137,2.475701505318284,2.4696,,1,0,0
Panorama,138,3.4771966747939587,3.4792,,1,0,0
Panorama,139,2.9293012339621782,2.9199,,1,0,0
Panorama,140,3.5160004626959562,3.5163,,1,0,0
Panorama,141,2.72930134087801,2.7219,,1,0,0
Panorama,142,3.3441963605582714,3.3437,,1,0,0
Panorama,143,2.8491001576185226,2.8419,,1,0,0
Panorama,144,2.9474985785782337,2.9519,,1,0,0
Panorama,145,2.6772038545459509,2.6632,,1,0,0
Panorama,146,3.4985968377441168,3.4989,,1,0,0
Panorama,147,3.2723001204431057,3.2638,,1,0,0
Panorama,148,3.6674037110060453,3.6666,,1,0,0
Panorama,149,2.2771966177970171,2.2692,,1,0,0
Panorama,150,3.4062003251165152,3.4079,,1,0,0
Panorama,151,2.9043012764304876,2.9015,,1,0,0
Panorama,152,3.3573978580534458,3.3494,,1,0,0
Panorama,153,2.9838010668754578,2.9779,,1,0,0
Panorama,154,2.9710032977163792,2.9687,,1,0,0
Panorama,155,2.4285006802529097,2.4242,,1,0,0
Panorama,156,3.6440971307456493,3.6463,,1,0,0
Panorama,157,2.6759991887956858,2.6689,,1,0,0
Panorama,158,3.95289808511734,3.9523,,1,0,0
Panorama,159,2.69490503706038,2.6887,,1,0,0
Panorama,160,3.3371953759342432,3.335,,1,0,0
Panorama,161,3.5721017047762871,3.566,,1,0,0
Panorama,162,3.43339703977108,3.4302,,1,0,0
Panorama,163,3.2079010270535946,3.2021,,1,0,0
Panorama,164,3.3584041520953178,3.3509,,1,0,0
Panorama,165,2.77199549600482,2.768,,1,0,0
Panorama,166,3.8723002653568983,3.8703,,1,0,0
Panorama,167,3.0232002027332783,3.021,,1,0,0
Panorama,168,2.6413053274154663,2.6359,,1,0,0
Panorama,169,3.1274943612515926,3.1259,,1,0,0
Panorama,170,2.7280044741928577,2.7177,,1,0,0
Panorama,171,3.6027990281581879,3.6003,,1,0,0
Panorama,172,2.772101666778326,2.7651,,1,0,0
Panorama,173,2.6631944347172976,2.6632,,1,0,0
Panorama,174,2.9115008655935526,2.9041,,1,0,0
Panorama,175,2.7456986717879772,2.7405,,1,0,0
Panorama,176,3.3315049950033426,3.3302,,1,0,0
Panorama,177,2.6456986088305712,2.6466,,1,0,0
Panorama,178,3.7320011761039495,3.72,,1,0,0
Panorama,179,3.0780965462327003,3.0739,,1,0,0
Panorama,180,3.0599986203014851,3.06,,1,0,0
Panorama,181,3.0713009182363749,3.0693,,1,0,0
Panorama,182,3.0772038735449314,3.0751,,1,0,0
Panorama,183,3.4839003346860409,3.4788,,1,0,0
Panorama,184,3.0147959478199482,3.0067,,1,0,0
Panorama,185,3.4112031571567059,3.4079,,1,0,0
Panorama,186,3.3466978929936886,3.3419,,1,0,0
Panorama,187,3.2900013029575348,3.2875,,1,0,0
Panorama,188,2.6058957446366549,2.5967,,1,0,0
Panorama,189,3.5378048196434975,3.5359,,1,0,0
Panorama,190,3.2271966338157654,3.2278,,1,0,0
Panorama,191,2.8634991031140089,2.8543,,1,0,0
Panorama,192,3.0004039872437716,3.0009,,1,0,0
Panorama,193,3.17799742333591,3.1709,,1,0,0
Panorama,194,2.9722009785473347,2.9685,,1,0,0
Panorama,195,2.9561012051999569,2.9459,,1,0,0
Panorama,196,4.171301145106554,4.169,,1,0,0
Panorama,197,3.2322986517101526,3.2276,,1,0,0
Panorama,198,2.9187004547566175,2.915,,1,0,0
Panorama,199,2.81709898263216,2.8146,,1,0,0
Panorama,200,3.3108985517174006,3.2972,,1,0,0
Panorama,201,3.9467047899961472,3.9409,,1,0,0
Panorama,202,3.6439979448914528,3.6447,,1,0,0
Panorama,203,2.842495683580637,2.8329,,1,0,0
Panorama,204,3.5852040164172649,3.5821,,1,0,0
Panorama,205,3.5531958565115929,3.6075,,1,0,0
Panorama,206,2.8710034675896168,2.8081,,1,0,0
Panorama,207,3.1443026382476091,3.1432,,1,0,0
Panorama,208,3.1206987332552671,3.1142,,1,0,0
Panorama,209,3.0705002136528492,3.07,,1,0,0
Panorama,210,3.3503968734294176,3.3496,,1,0,0
Panorama,211,2.9996032826602459,2.9946,,1,0,0
Panorama,212,2.9516015201807022,2.9446,,1,0,0
Panorama,213,2.7269984129816294,2.7216,,1,0,0
Panorama,214,3.2900013029575348,3.2883,,1,0,0
Panorama,215,2.5125991087406874,2.5059,,1,0,0
Panorama,216,4.4626984745264053,4.4605,,1,0,0
Panorama,217,3.2196003012359142,3.2168,,1,0,0
Panorama,218,2.7624999638646841,2.7625,,1,0,0
Panorama,219,3.6521966103464365,3.6442,,1,0,0
Panorama,220,2.8717049863189459,2.8647,,1,0,0
Panorama,221,3.3218963071703911,3.3184,,1,0,0
Panorama,222,2.9230017680674791,2.916,,1,0,0
Panorama,223,3.2906958367675543,3.2904,,1,0,0
Panorama,224,2.8480016626417637,2.8423,,1,0,0
Panorama,225,3.1572987791150808,3.1565,,1,0,0
Panorama,226,3.9584040641784668,3.9501,,1,0,0
Panorama,227,2.6910004671663046,2.6908,,1,0,0
Panorama,228,3.1160006765276194,3.1153,,1,0,0
Panorama,229,2.7120960876345634,2.7037,,1,0,0
Panorama,230,3.6991992965340614,3.6932,,1,0,0
Panorama,231,2.8950043488293886,2.8912,,1,0,0
Panorama,232,3.0803997069597244,3.0764,,1,0,0
Panorama,233,3.0057965777814388,3.0015,,1,0,0
Panorama,234,3.3008006867021322,3.2973,,1,0,0
Panorama,235,2.6868977583944798,2.6845,,1,0,0
Panorama,236,2.936104079708457,2.9377,,1,0,0
Panorama,237,3.0310018919408321,3.023,,1,0,0
Panorama,238,2.6902989484369755,2.6918,,1,0,0
Panorama,239,2.9208972118794918,2.9112,,1,0,0
Panorama,240,2.7170989196747541,2.7131,,1,0,0
Panorama,241,3.2020052894949913,3.1965,,1,0,0
Panorama,242,2.6769982650876045,2.6766,,1,0,0
Panorama,243,3.24010057374835,3.2346,,1,0,0
Panorama,244,3.0989015940576792,3.0915,,1,0,0
Panorama,245,3.8258999120444059,3.8284,,1,0,0
Panorama,246,2.8653983026742935,2.8556,,1,0,0
Panorama,247,3.559998469427228,3.5575,,1,0,0
Panorama,248,3.1975978054106236,3.1945,,1,0,0
Panorama,249,2.9413052834570408,2.9394,,1,0,0
Panorama,250,2.6559948455542326,2.6625,,1,0,0
Panorama,251,3.582801902666688,3.5679,,1,0,0
Panorama,252,3.8400015328079462,3.8356,,1,0,0
Panorama,253,2.9749008826911449,2.9659,,1,0,0
Panorama,254,3.4781957510858774,3.4761,,1,0,0
Panorama,255,3.1269981991499662,3.1218,,1,0,0
Panorama,256,3.5007016267627478,3.4995,,1,0,0
Panorama,257,3.9063990116119385,3.8991,,1,0,0
Panorama,258,3.021003445610404,3.0189,,1,0,0
Panorama,259,2.9564979486167431,2.9576,,1,0,0
Panorama,260,3.0731009319424629,3.0658,,1,0,0
Panorama,261,2.8508999384939671,2.8451,,1,0,0
Panorama,262,3.4553997684270144,3.4529,,1,0,0
Panorama,263,2.9631024226546288,2.9721,,1,0,0
Panorama,264,3.0710955616086721,3.0517,,1,0,0
Panorama,265,3.1647037249058485,3.1634,,1,0,0
Panorama,266,2.9133998323231936,2.9018,,1,0,0
Panorama,267,2.8936010785400867,2.881,,1,0,0
Panorama,268,3.686500946059823,3.6822,,1,0,0
Panorama,269,3.3991001546382904,3.3958,,1,0,0
Panorama,270,2.6063988916575909,2.6038,,1,0,0
Panorama,271,3.6242983769625425,3.6241,,1,0,0
Panorama,272,2.6331986300647259,2.6269,,1,0,0
Panorama,273,3.8599986582994461,3.8586,,1,0,0
Panorama,274,3.855002811178565,3.8467,,1,0,0
Panorama,275,2.86549748852849,2.8627,,1,0,0
Panorama,276,3.7932044360786676,3.7897,,1,0,0
Panorama,277,2.7248016558587551,2.7214,,1,0,0
Panorama,278,3.30849620513618,3.3067,,1,0,0
Panorama,279,4.0910998359322548,4.0862,,1,0,0
Panorama,280,3.2745038624852896,3.2753,,1,0,0
Panorama,281,3.29419644549489,3.2869,,1,0,0
Panorama,282,3.6612031981348991,3.6575,,1,0,0
Panorama,283,2.5878967717289925,2.5862,,1,0,0
Panorama,284,4.47589997202158,4.4729,,1,0,0
Panorama,285,3.1074972357600927,3.1046,,1,0,0
Panorama,286,3.8741000462323427,3.8658,,1,0,0
Panorama,287,3.3636053558439016,3.3606,,1,0,0
Panorama,288,4.09479858353734,4.0943,,1,0,0
Panorama,289,3.9253965951502323,3.9167,,1,0,0
Panorama,290,3.476899117231369,3.472,,1,0,0
Panorama,291,2.9749008826911449,2.9718,,1,0,0
Panorama,292,4.3660006485879421,4.3599,,1,0,0
Panorama,293,2.7425028383731842,2.7463,,1,0,0
Panorama,294,3.486196044832468,3.4678,,1,0,0
Panorama,295,3.2365999650210142,3.2257,,1,0,0
Panorama,296,4.01590159162879,4.0166,,1,0,0
Panorama,297,5.9113022871315479,5.9042,,1,0,0
Panorama,298,4.0361960418522358,4.0319,,1,0,0
Panorama,299,3.4499999601393938,3.446,,1,0,0
Penetrations,0,23.051898926496506,23.0488,,1,1,1
Penetrations,1,3.3689059782773256,3.3655,,1,1,1
Penetrations,2,2.6235969271510839,2.6222,,1,1,1
Penetrations,3,2.9207977931946516,2.9201,,1,1,1
Penetrations,4,2.5634991470724344,2.5599,,1,1,1
Penetrations,5,2.9892006423324347,2.9877,,1,1,1
Penetrations,6,2.5629037991166115,2.5569,,1,1,1
Penetrations,7,3.0801021493971348,3.0812,,1,1,1
Penetrations,8,2.421896206215024,2.4145,,1,1,1
Penetrations,9,2.384701045230031,2.3835,,1,1,1
Penetrations,10,2.6234977412968874,2.6198,,1,1,1
Penetrations,11,2.2728033363819122,2.2708,,1,1,1
Penetrations,12,3.2909014262259007,3.288,,1,2,2
Penetrations,13,2.4452947545796633,2.4401,,1,2,2
Penetrations,14,2.8236040379852057,2.8251,,1,2,2
Penetrations,15,2.6181973516941071,2.6119,,1,2,2
Penetrations,16,2.5035005528479815,2.4998,,1,2,2
Penetrations,17,2.3464001715183258,2.3449,,1,2,2
Penetrations,18,2.2028982639312744,2.2,,1,2,2
Penetrations,19,2.5661990512162447,2.5648,,1,2,2
Penetrations,20,2.4926019832491875,2.4902,,1,2,2
Penetrations,21,3.0567036010324955,3.0569,,1,2,2
Penetrations,22,2.1351969335228205,2.1285,,1,2,2
Penetrations,23,2.4961025919765234,2.4963,,1,2,2
Penetrations,24,2.7653982397168875,2.7591,,1,3,3
Penetrations,25,2.1751984022557735,2.1722,,1,3,3
Penetrations,26,2.80570425093174,2.8063,,1,3,3
Penetrations,27,3.0109977815300226,3.0061,,1,3,3
Penetrations,28,2.9232993256300688,2.9231,,1,3,3
Penetrations,29,2.0742984488606453,2.0692,,1,3,3
Penetrations,30,2.4928997736424208,2.4933,,1,3,3
Penetrations,31,2.2407029755413532,2.2368,,1,3,3
Penetrations,32,2.3393000010401011,2.3391,,1,3,3
Penetrations,33,2.73759919218719,2.7328,,1,3,3
Penetrations,34,2.3092969786375761,2.3033,,1,3,3
Penetrations,35,2.1562995389103889,2.1539,,1,3,3
Penetrations,36,3.2997024245560169,3.2971,,1,4,4
Penetrations,37,2.2506022360175848,2.248,,1,4,4
Penetrations,38,2.4563989136368036,2.4579,,1,4,4
Penetrations,39,2.0911989267915487,2.0847,,1,4,4
Penetrations,40,4.09229751676321,4.0928,,1,4,4
Penetrations,41,2.2681050468236208,2.2626,,1,4,4
Penetrations,42,2.6959963142871857,2.6941,,1,4,4
Penetrations,43,2.652699826285243,2.6505,,1,4,4
Penetrations,44,2.0991992205381393,2.1005,,1,4,4
Penetrations,45,2.7621032204478979,2.7574,,1,4,4
Penetrations,46,2.1276997867971659,2.1223,,1,4,4
Penetrations,47,2.9045988339930773,2.9052,,1,4,4
Penetrations,48,4.8007015138864517,4.7955,,1,5,5
Penetrations,49,2.1420989651232958,2.1362,,1,5,5
Penetrations,50,3.4203019458800554,3.4185,,1,5,5
Penetrations,51,2.59569869376719,2.5953,,1,5,5
Penetrations,52,1.838895957916975,1.834,,1,5,5
Penetrations,53,2.3835033643990755,2.3841,,1,5,5
Penetrations,54,2.5134992320090532,2.5106,,1,5,5
Penetrations,55,4.1139032691717148,4.1084,,1,5,5
Penetrations,56,2.199496841058135,2.1982,,1,5,5
Penetrations,57,3.2427012920379639,3.2433,,1,5,5
Penetrations,58,1.9039965700358152,1.9005,,1,5,5
Penetrations,59,2.1494047250598669,2.148,,1,5,5
Penetrations,60,3.2416949979960918,3.2361,,1,6,6
Penetrations,61,2.66080629080534,2.658,,1,6,6
Penetrations,62,2.5861961767077446,2.583,,1,6,6
Penetrations,63,5.1062004640698433,5.1061,,1,6,6
Penetrations,64,2.5437995791435242,2.5419,,1,6,6
Penetrations,65,5.5794995278120041,5.5766,,1,6,6
Penetrations,66,3.2519982196390629,3.2475,,1,6,6
Penetrations,67,3.4079011529684067,3.4053,,1,6,6
Penetrations,68,2.6997022796422243,2.693,,1,6,6
Penetrations,69,3.2708970829844475,3.2711,,1,6,6
Penetrations,70,2.8755031526088715,2.8689,,1,6,6
Penetrations,71,3.3354025799781084,3.3342,,1,6,6
Penetrations,72,6.6924956627190113,6.6886,,1,7,7
Penetrations,73,2.4214994627982378,2.4196,,1,7,7
Penetrations,74,3.1889029778540134,3.1838,,1,7,7
Penetrations,75,2.9894981998950243,2.9878,,1,7,7
Penetrations,76,2.871400211006403,2.8715,,1,7,7
Penetrations,77,2.6098000817000866,2.6038,,1,7,7
Penetrations,78,3.1574971508234739,3.1576,,1,7,7
Penetrations,79,2.4050029460340738,2.3997,,1,7,7
Penetrations,80,2.9618977569043636,2.9659,,1,7,7
Penetrations,81,3.0255031306296587,3.0152,,1,7,7
Penetrations,82,2.6149020995944738,2.61,,1,7,7
Penetrations,83,2.6078938972204924,2.606,,1,7,7
Penetrations,84,2.928401343524456,2.9253,,1,8,8
Penetrations,85,3.022399265319109,3.0209,,1,8,8
Penetrations,86,2.5806052144616842,2.5772,,1,8,8
Penetrations,87,2.8986961115151644,2.8993,,1,8,8
Penetrations,88,2.3103032726794481,2.3037,,1,8,8
Penetrations,89,2.9019983485341072,2.9021,,1,8,8
Penetrations,90,2.7655966114252806,2.7598,,1,8,8
Penetrations,91,2.8470025863498449,2.8468,,1,8,8
Penetrations,92,2.9116992373019457,2.9068,,1,8,8
Penetrations,93,4.3250992894172668,4.3247,,1,8,8
Penetrations,94,2.6241992600262165,2.6185,,1,8,8
Penetrations,95,3.064002376049757,3.0653,,1,8,8
Penetrations,96,3.7771966308355331,3.7706,,1,9,9
Penetrations,97,2.9856008477509022,2.983,,1,9,9
Penetrations,98,2.379400422796607,2.378,,1,9,9
Penetrations,99,2.7336026541888714,2.733,,1,9,9
Penetrations,100,2.316801343113184,2.3115,,1,9,9
Penetrations,101,2.2723001893609762,2.2696,,1,9,9
Penetrations,102,2.5305980816483498,2.5328,,1,9,9
Penetrations,103,2.2545990068465471,2.2478,,1,9,9
Penetrations,104,3.0577026773244143,3.0574,,1,9,9
Penetrations,105,2.2445011418312788,2.2384,,1,9,9
Penetrations,106,2.6979946997016668,2.6975,,1,9,9
Penetrations,107,2.4217048194259405,2.4153,,1,9,9
Penetrations,108,2.9965986032038927,2.9932,,1,10,10
Penetrations,109,2.2187004797160625,2.2171,,1,10,10
Penetrations,110,2.4334962945431471,2.4317,,1,10,10
Penetrations,111,3.9688986726105213,3.9657,,1,10,10
Penetrations,112,2.2329010535031557,2.2278,,1,10,10
Penetrations,113,2.9008998535573483,2.8996,,1,10,10
Penetrations,114,2.3020054213702679,2.2991,,1,10,10
Penetrations,115,3.7968961987644434,3.7974,,1,10,10
Penetrations,116,1.9984976388514042,1.992,,1,10,10
Penetrations,117,2.3449049331247807,2.3461,,1,10,10
Penetrations,118,2.2155966144055128,2.2092,,1,10,10
Penetrations,119,2.2991001605987549,2.2999,,1,10,10
Penetrations,120,2.5935019366443157,2.5869,,1,11,11
Penetrations,121,2.241702051833272,2.2417,,1,11,11
Penetrations,122,2.8095946181565523,2.8075,,1,11,11
Penetrations,123,2.2607001010328531,2.2546,,1,11,11
Penetrations,124,2.2471018601208925,2.2443,,1,11,11
Penetrations,125,2.6336025912314653,2.6333,,1,11,11
Penetrations,126,2.1277989726513624,2.1221,,1,11,11
Penetrations,127,3.079995745792985,3.0785,,1,11,11
Penetrations,128,2.20940331928432,2.2066,,1,11,11
Penetrations,129,2.6723002083599567,2.6697,,1,11,11
Penetrations,130,2.3966978769749403,2.3952,,1,11,11
Penetrations,131,1.9622023683041334,1.9627,,1,11,11
Penetrations,132,2.5598001666367054,2.5534,,1,12,12
Penetrations,133,2.1761974785476923,2.1765,,1,12,12
Penetrations,134,2.1481008734554052,2.1455,,1,12,12
Penetrations,135,2.653202973306179,2.6509,,1,12,12
Penetrations,136,2.4324972182512283,2.4273,,1,12,12
Penetrations,137,3.7897038273513317,3.7889,,1,12,12
Penetrations,138,1.9767999183386564,1.9733,,1,12,12
Penetrations,139,2.0587940234690905,2.0576,,1,12,12
Penetrations,140,2.3971018381416798,2.3964,,1,12,12
Penetrations,141,2.3535997606813908,2.3474,,1,12,12
Penetrations,142,2.51320144161582,2.5112,,1,12,12
Penetrations,143,2.1750000305473804,2.1719,,1,12,12
Penetrations,144,2.2240008693188429,2.2212,,1,13,13
Penetrations,145,2.863697474822402,2.864,,1,13,13
Penetrations,146,1.8613024149090052,1.8553,,1,13,13
Penetrations,147,2.0671980455517769,2.067,,1,13,13
Penetrations,148,3.0617984011769295,3.0594,,1,13,13
Penetrations,149,2.0704010967165232,2.0658,,1,13,13
Penetrations,150,2.2393991239368916,2.2376,,1,13,13
Penetrations,151,2.2109055425971746,2.208,,1,13,13
Penetrations,152,2.1817956585437059,2.1796,,1,13,13
Penetrations,153,2.5463011115789413,2.5456,,1,13,13
Penetrations,154,2.1795989014208317,2.1758,,1,13,13
Penetrations,155,2.3607993498444557,2.3606,,1,13,13
Penetrations,156,2.7037982363253832,2.6984,,1,14,14
Penetrations,157,2.11860123090446,2.1197,,1,14,14
Penetrations,158,2.4026005994528532,2.3977,,1,14,14
Penetrations,159,2.1235048770904541,2.1195,,1,14,14
Penetrations,160,1.9062996143475175,1.9044,,1,14,14
Penetrations,161,3.2973000779747963,3.2954,,1,14,14
Penetrations,162,1.7716978909447789,1.7675,,1,14,14
Penetrations,163,2.4422972928732634,2.4421,,1,14,14
Penetrations,164,2.0251984242349863,2.0214,,1,14,14
Penetrations,165,1.9334042444825172,1.9304,,1,14,14
Penetrations,166,2.4010983761399984,2.4023,,1,14,14
Penetrations,167,1.9803997129201889,1.9746,,1,14,14
Penetrations,168,2.4988024961203337,2.4972,,1,15,15
Penetrations,169,1.8145975191146135,1.8131,,1,15,15
Penetrations,170,2.2673043422400951,2.265,,1,15,15
Penetrations,171,1.8496953416615725,1.8472,,1,15,15
Penetrations,172,2.4180980399250984,2.4172,,1,15,15
Penetrations,173,1.9337018020451069,1.9295,,1,15,15
Penetrations,174,2.358701778575778,2.3566,,1,15,15
Penetrations,175,2.2810020018368959,2.2791,,1,15,15
Penetrations,176,1.9296981627121568,1.9274,,1,15,15
Penetrations,177,1.9166028359904885,1.9145,,1,15,15
Penetrations,178,2.0786989480257034,2.0767,,1,15,15
Penetrations,179,2.2648950107395649,2.263,,1,15,15
Penetrations,180,3.8754038978368044,3.8741,,1,16,16
Penetrations,181,2.7250000275671482,2.7211,,1,16,16
Penetrations,182,3.2473001629114151,3.2467,,1,16,16
Penetrations,183,2.4504959583282471,2.4435,,1,16,16
Penetrations,184,2.999801654368639,3.0022,,1,16,16
Penetrations,185,2.7026997413486242,2.6948,,1,16,16
Penetrations,186,6.5644984133541584,6.5654,,1,16,16
Penetrations,187,3.84520273655653,3.8417,,1,16,16
Penetrations,188,2.492701169103384,2.4878999999999998,,1,16,16
Penetrations,189,2.8642998076975346,2.863,,1,16,16
Penetrations,190,2.6718962471932173,2.6666,,1,16,16
Penetrations,191,3.22310090996325,3.2213,,1,16,16
Penetrations,192,3.2453017774969339,3.2418,,1,17,16
Penetrations,193,2.6222008746117353,2.6225,,1,17,16
Penetrations,194,2.6431973092257977,2.6357,,1,17,16
Penetrations,195,2.83139874227345,2.8309,,1,17,16
Penetrations,196,2.3011055309325457,2.2959,,1,17,16
Penetrations,197,2.876396058127284,2.8761,,1,17,16
Penetrations,198,3.0315050389617682,3.0251,,1,17,16
Penetrations,199,3.0296980403363705,3.0276,,1,17,16
Penetrations,200,2.4686011020094156,2.4658,,1,17,16
Penetrations,201,2.6859976351261139,2.6828,,1,17,16
Penetrations,202,3.167297225445509,3.1683,,1,17,16
Penetrations,203,2.4793012998998165,2.4705,,1,17,16
Penetrations,204,3.901197575032711,3.8982,,1,18,16
Penetrations,205,2.8599065262824297,2.8577,,1,18,16
Penetrations,206,2.8857002034783363,2.883,,1,18,16
Penetrations,207,2.3896966595202684,2.3884,,1,18,16
Penetrations,208,3.3247023820877075,3.3238,,1,18,16
Penetrations,209,2.603599801659584,2.5991,,1,18,16
Penetrations,210,3.1330995261669159,3.1319,,1,18,16
Penetrations,211,2.4205995723605156,2.4165,,1,18,16
Penetrations,212,3.01909726113081,3.018,,1,18,16
Penetrations,213,3.5213010851293802,3.518,,1,18,16
Penetrations,214,2.4945011828094721,2.489,,1,18,16
Penetrations,215,4.6089994721114635,4.6057,,1,18,16
Penetrations,216,2.8666029684245586,2.8638,,1,19,16
Penetrations,217,2.9630952049046755,2.9609,,1,19,16
Penetrations,218,3.4256023354828358,3.4222,,1,19,16
Penetrations,219,2.7158020529896021,2.7141,,1,19,16
Penetrations,220,2.4702947121113539,2.4658,,1,19,16
Penetrations,221,2.3475056514143944,2.3451,,1,19,16
Penetrations,222,3.0518991407006979,3.0522,,1,19,16
Penetrations,223,2.5613945908844471,2.5565,,1,19,16
Penetrations,224,3.4364017192274332,3.4337,,1,19,16
Penetrations,225,2.2848001681268215,2.28,,1,19,16
Penetrations,226,2.7394983917474747,2.7407,,1,19,16
Penetrations,227,2.939803060144186,2.9333,,1,19,16
Penetrations,228,3.1567034311592579,3.1532,,1,20,16
Penetrations,229,2.9155965894460678,2.9117,,1,20,16
Penetrations,230,2.7589993551373482,2.7545,,1,20,16
Penetrations,231,2.8203018009662628,2.8199,,1,20,16
Penetrations,232,2.1007014438509941,2.0963,,1,20,16
Penetrations,233,2.758099464699626,2.7585,,1,20,16
Penetrations,234,2.4127976503223181,2.4065,,1,20,16
Penetrations,235,4.4868974946439266,4.4881,,1,20,16
Penetrations,236,1.9704010337591171,1.9645,,1,20,16
Penetrations,237,2.5917021557688713,2.592,,1,20,16
Penetrations,238,2.4470025673508644,2.4441,,1,20,16
Penetrations,239,2.0416949409991503,2.0384,,1,20,16
Penetrations,240,2.8425029013305902,2.8393,,1,21,16
Penetrations,241,2.5499009061604738,2.5469,,1,21,16
Penetrations,242,2.7166949585080147,2.7159,,1,21,16
Penetrations,243,2.0765021909028292,2.0713,,1,21,16
Penetrations,244,1.9286989700049162,1.9265,,1,21,16
Penetrations,245,2.9392007272690535,2.9371,,1,21,16
Penetrations,246,1.7021045787259936,1.7001,,1,21,16
Penetrations,247,2.039498183876276,2.0403,,1,21,16
Penetrations,248,2.4032951332628727,2.4006,,1,21,16
Penetrations,249,1.9544996321201324,1.9502,,1,21,16
Penetrations,250,2.1320011001080275,2.1351,,1,21,16
Penetrations,251,1.9657029770314693,1.9589,,1,21,16
Penetrations,252,2.3611960932612419,2.3571,,1,22,16
Penetrations,253,2.4320010561496019,2.429,,1,22,16
Penetrations,254,2.1729024592787027,2.1711,,1,22,16
Penetrations,255,2.0962017588317394,2.0936,,1,22,16
Penetrations,256,2.4455995298922062,2.4438,,1,22,16
Penetrations,257,3.4098001196980476,3.4103,,1,22,16
Penetrations,258,2.3999006953090429,2.3948,,1,22,16
Penetrations,259,1.6612953040748835,1.6612,,1,22,16
Penetrations,260,2.1068027708679438,2.1042,,1,22,16
Penetrations,261,2.5652989279478788,2.5659,,1,22,16
Penetrations,262,2.3983984719961882,2.39,,1,22,16
Penetrations,263,2.0677011925727129,2.0689,,1,22,16
Penetrations,264,2.2525014355778694,2.2458,,1,23,16
Penetrations,265,2.0052012987434864,2.005,,1,23,16
Penetrations,266,1.8762968247756362,1.8722,,1,23,16
Penetrations,267,3.1719033140689135,3.1722,,1,23,16
Penetrations,268,2.8362954035401344,2.8357,,1,23,16
Penetrations,269,1.9341057632118464,1.9283,,1,23,16
Penetrations,270,2.1544997580349445,2.151,,1,23,16
Penetrations,271,1.9191964529454708,1.9165,,1,23,16
Penetrations,272,2.3179987911134958,2.3159,,1,23,16
Penetrations,273,1.8268991261720657,1.8224,,1,23,16
Penetrations,274,2.2050028201192617,2.2051,,1,23,16
Penetrations,275,2.5410996749997139,2.5368,,1,23,16
Penetrations,276,2.2768990602344275,2.272,,1,24,16
Penetrations,277,2.2499999031424522,2.2519,,1,24,16
Penetrations,278,2.2959040943533182,2.2895,,1,24,16
Penetrations,279,2.443693345412612,2.4415,,1,24,16
Penetrations,280,2.2258998360484838,2.2246,,1,24,16
Penetrations,281,1.8948058132082224,1.8955,,1,24,16
Penetrations,282,2.2209964226931334,2.2145,,1,24,16
Penetrations,283,2.0894983317703009,2.0871,,1,24,16
Penetrations,284,2.0085033029317856,2.0084,,1,24,16
Penetrations,285,2.0658022258430719,2.0611,,1,24,16
Penetrations,286,2.1474985405802727,2.1473,,1,24,16
Penetrations,287,1.8414965597912669,1.8361,,1,24,16
Penetrations,288,2.56130238994956,2.5613,,1,25,16
Penetrations,289,1.9851969555020332,1.9807,,1,25,16
Penetrations,290,4.4043012894690037,4.4048,,1,25,16
Penetrations,291,1.7240009037777781,1.7195,,1,25,16
Penetrations,292,1.7385983373969793,1.7372,,1,25,16
Penetrations,293,2.1276997867971659,2.1264,,1,25,16
Penetrations,294,2.2277990356087685,2.2254,,1,25,16
Penetrations,295,1.6616000793874264,1.6584,,1,25,16
Penetrations,296,2.5123015511780977,2.5129,,1,25,16
Penetrations,297,2.4685019161552191,2.4659,,1,25,16
Penetrations,298,1.8846017774194479,1.8844,,1,25,16
Penetrations,299,1.9402990583330393,1.9343,,1,25,16
ReflectionRefresh,0,2.5661990512162447,2.5668,,1,0,0
ReflectionRefresh,1,2.2355017717927694,2.2289,,1,0,0
ReflectionRefresh,2,2.8812997043132782,2.8818,,1,0,0
ReflectionRefresh,3,2.281200373545289,2.2749,,1,0,0
ReflectionRefresh,4,2.4402991402894258,2.4391,,1,0,0
ReflectionRefresh,5,2.4687002878636122,2.4686,,1,0,0
ReflectionRefresh,6,2.6844034437090158,2.679,,1,0,0
ReflectionRefresh,7,2.7003968134522438,2.6995,,1,0,0
ReflectionRefresh,8,3.2235968392342329,3.2202,,1,0,0
ReflectionRefresh,9,2.0858063362538815,2.0803,,1,0,0
ReflectionRefresh,10,2.9340987093746662,2.9339,,1,0,0
ReflectionRefresh,11,2.1445010788738728,2.1395,,1,0,0
ReflectionRefresh,12,2.3832980077713728,2.3836,,1,0,0
ReflectionRefresh,13,2.3931972682476044,2.3914,,1,0,0
ReflectionRefresh,14,2.3003045935183764,2.2941,,1,0,0
ReflectionRefresh,15,2.8536990284919739,2.8544,,1,0,0
ReflectionRefresh,16,2.3300950415432453,2.3227,,1,0,0
ReflectionRefresh,17,2.0735047291964293,2.0722,,1,0,0
ReflectionRefresh,18,2.6808956172317266,2.6787,,1,0,0
ReflectionRefresh,19,2.6619047857820988,2.6576,,1,0,0
ReflectionRefresh,20,2.5325964670628309,2.5295,,1,0,0
ReflectionRefresh,21,2.3507014848291874,2.3479,,1,0,0
ReflectionRefresh,22,2.2893990390002728,2.2841,,1,0,0
ReflectionRefresh,23,2.5916029699146748,2.593,,1,0,0
ReflectionRefresh,24,2.1955003030598164,2.189,,1,0,0
ReflectionRefresh,25,3.2455003820359707,3.2454,,1,0,0
ReflectionRefresh,26,2.0161990541964769,2.0114,,1,0,0
ReflectionRefresh,27,2.9874008614569902,2.9834,,1,0,0
ReflectionRefresh,28,2.3217969574034214,2.3202,,1,0,0
ReflectionRefresh,29,2.1332979667931795,2.1299,,1,0,0
ReflectionRefresh,30,2.961004851385951,2.9616,,1,0,0
ReflectionRefresh,31,3.2422973308712244,3.239,,1,0,0
ReflectionRefresh,32,2.82840128056705,2.8219,,1,0,0
ReflectionRefresh,33,2.2556972689926624,2.255,,1,0,0
ReflectionRefresh,34,2.9818026814609766,2.9785,,1,0,0
ReflectionRefresh,35,2.1686011459678411,2.1676,,1,0,0
ReflectionRefresh,36,2.7743976097553968,2.7726,,1,0,0
ReflectionRefresh,37,3.3767998684197664,3.3741,,1,0,0
ReflectionRefresh,38,2.4652990978211164,2.4608,,1,0,0
ReflectionRefresh,39,2.3480018135160208,2.3448,,1,0,0
ReflectionRefresh,40,3.1239015515893698,3.1205,,1,0,0
ReflectionRefresh,41,2.3238945286720991,2.3198,,1,0,0
ReflectionRefresh,42,2.5289044715464115,2.5264,,1,0,0
ReflectionRefresh,43,2.9191963840276003,2.9183,,1,0,0
ReflectionRefresh,44,2.6815051678568125,2.6782,,1,0,0
ReflectionRefresh,45,2.3547974415123463,2.3504,,1,0,0
ReflectionRefresh,46,2.9670989606529474,2.9625,,1,0,0
ReflectionRefresh,47,2.2437004372477531,2.2416,,1,0,0
ReflectionRefresh,48,2.6159014087170362,2.6118,,1,0,0
ReflectionRefresh,49,3.2281959429383278,3.2256,,1,0,0
ReflectionRefresh,50,2.5100056082010269,2.5073,,1,0,0
ReflectionRefresh,51,2.6047972496598959,2.601,,1,0,0
ReflectionRefresh,52,2.5651997420936823,2.5624,,1,0,0
ReflectionRefresh,53,2.5520974304527044,2.549,,1,0,0
ReflectionRefresh,54,2.6548043824732304,2.6477,,1,0,0
ReflectionRefresh,55,2.7992983814328909,2.8047,,1,0,0
ReflectionRefresh,56,2.8911989647895098,2.8798,,1,0,0
ReflectionRefresh,57,2.2140021901577711,2.2095,,1,0,0
ReflectionRefresh,58,2.5422973558306694,2.5413,,1,0,0
ReflectionRefresh,59,2.9327026568353176,2.9313,,1,0,0
ReflectionRefresh,60,3.6991001106798649,3.6961,,1,0,0
ReflectionRefresh,61,2.9741993639618158,2.972,,1,0,0
ReflectionRefresh,62,2.4296981282532215,2.4233,,1,0,0
ReflectionRefresh,63,2.2746031172573566,2.2724,,1,0,0
ReflectionRefresh,64,3.2197986729443073,3.2199,,1,0,0
ReflectionRefresh,65,2.2856008727103472,2.2805,,1,0,0
ReflectionRefresh,66,3.3092971425503492,3.3111,,1,0,0
ReflectionRefresh,67,2.5923044886440039,2.5851,,1,0,0
ReflectionRefresh,68,2.3951956536620855,2.3922,,1,0,0
ReflectionRefresh,69,2.3541029077023268,2.3499,,1,0,0
ReflectionRefresh,70,2.62410007417202,2.6243,,1,0,0
ReflectionRefresh,71,2.1196994930505753,2.1153,,1,0,0
ReflectionRefresh,72,3.8735968992114067,3.8724,,1,0,0
ReflectionRefresh,73,2.3427011910825968,2.3374,,1,0,0
ReflectionRefresh,74,2.7906037867069244,2.7901,,1,0,0
ReflectionRefresh,75,2.615894190967083,2.6123,,1,0,0
ReflectionRefresh,76,2.3103032726794481,2.3067,,1,0,0
ReflectionRefresh,77,2.9465986881405115,2.9477,,1,0,0
ReflectionRefresh,78,2.3330994881689548,2.3281,,1,0,0
ReflectionRefresh,79,2.4852040223777294,2.4849,,1,0,0
ReflectionRefresh,80,2.2824972402304411,2.2764,,1,0,0
ReflectionRefresh,81,2.4445010349154472,2.4411,,1,0,0
ReflectionRefresh,82,3.1232000328600407,3.1222,,1,0,0
ReflectionRefresh,83,1.941496622748673,1.9347,,1,0,0
ReflectionRefresh,84,3.5375000443309546,3.5358,,1,0,0
ReflectionRefresh,85,2.1589994430541992,2.1571,,1,0,0
ReflectionRefresh,86,2.5187996216118336,2.5235,,1,0,0
ReflectionRefresh,87,2.4726048577576876,2.4623,,1,0,0
ReflectionRefresh,88,5.07779885083437,5.0715,,1,0,0
ReflectionRefresh,89,2.5840986054390669,2.5823,,1,0,0
ReflectionRefresh,90,3.8557043299078941,3.8531,,1,0,0
ReflectionRefresh,91,2.2860970348119736,2.2832,,1,0,0
ReflectionRefresh,92,2.8702027630060911,2.8728,,1,0,0
ReflectionRefresh,93,2.3798965848982334,2.3722,,1,0,0
ReflectionRefresh,94,3.0426019802689552,3.042,,1,0,0
ReflectionRefresh,95,2.5623016990721226,2.559,,1,0,0
ReflectionRefresh,96,2.4674958549439907,2.4596,,1,0,0
ReflectionRefresh,97,3.194302786141634,3.1921,,1,0,0
ReflectionRefresh,98,2.4144982453435659,2.4117,,1,0,0
ReflectionRefresh,99,2.921797102317214,2.92,,1,0,0
ReflectionRefresh,100,2.6837019249796867,2.6786,,1,0,0
ReflectionRefresh,101,2.5634991470724344,2.5608,,1,0,0
ReflectionRefresh,102,3.4460034221410751,3.4461,,1,0,0
ReflectionRefresh,103,2.3761976044625044,2.3715,,1,0,0
ReflectionRefresh,104,2.6813987642526627,2.6794,,1,0,0
ReflectionRefresh,105,2.4374008644372225,2.4382,,1,0,0
ReflectionRefresh,106,3.06420074775815,3.0489,,1,0,0
ReflectionRefresh,107,2.3858984932303429,2.383,,1,0,0
ReflectionRefresh,108,2.7223001234233379,2.7215,,1,0,0
ReflectionRefresh,109,2.4346017744392157,2.4299,,1,0,0
ReflectionRefresh,110,2.8871032409369946,2.905,,1,0,0
ReflectionRefresh,111,2.6230937801301479,2.5849,,1,0,0
ReflectionRefresh,112,3.2084041740745306,3.2072,,1,0,0
ReflectionRefresh,113,2.5136976037174463,2.5071,,1,0,0
ReflectionRefresh,114,2.7009991463273764,2.7031,,1,0,0
ReflectionRefresh,115,3.3512045629322529,3.3454,,1,0,0
ReflectionRefresh,116,2.1848001051694155,2.1798,,1,0,0
ReflectionRefresh,117,3.2106009311974049,3.2124,,1,0,0
ReflectionRefresh,118,3.0247943941503763,3.0209,,1,0,0
ReflectionRefresh,119,2.68920068629086,2.6835,,1,0,0
ReflectionRefresh,120,2.47920211404562,2.4796,,1,0,0
ReflectionRefresh,121,3.0714003369212151,3.0618,,1,0,0
ReflectionRefresh,122,2.4174957070499659,2.4179,,1,0,0
ReflectionRefresh,123,4.0820012800395489,4.0717,,1,0,0
ReflectionRefresh,124,2.5228033773601055,2.5155,,1,0,0
ReflectionRefresh,125,2.7821995317935944,2.7808,,1,0,0
ReflectionRefresh,126,2.7391014155000448,2.7349,,1,0,0
ReflectionRefresh,127,2.552196616306901,2.5462,,1,0,0
ReflectionRefresh,128,3.1742984429001808,3.1687,,1,0,0
ReflectionRefresh,129,3.0274020973592997,3.0273,,1,0,0
ReflectionRefresh,130,2.7258999180048704,2.7206,,1,0,0
ReflectionRefresh,131,3.2288974616676569,3.228,,1,0,0
ReflectionRefresh,132,2.5133006274700165,2.507,,1,0,0
ReflectionRefresh,133,2.5577025953680277,2.5518,,1,0,0
ReflectionRefresh,134,2.5582979433238506,2.5578,,1,0,0
ReflectionRefresh,135,2.3718040902167559,2.3648,,1,0,0
ReflectionRefresh,136,2.8427012730389833,2.8449,,1,0,0
ReflectionRefresh,137,2.3907951544970274,2.3825,,1,0,0
ReflectionRefresh,138,2.6767998933792114,2.6749,,1,0,0
ReflectionRefresh,139,3.799298545345664,3.8,,1,0,0
ReflectionRefresh,140,2.2861040197312832,2.2796,,1,0,0
ReflectionRefresh,141,2.5296981912106276,2.5305,,1,0,0
ReflectionRefresh,142,2.5326034519821405,2.5258,,1,0,0
ReflectionRefresh,143,2.4149944074451923,2.4106,,1,0,0
ReflectionRefresh,144,2.5066044181585312,2.4996,,1,0,0
ReflectionRefresh,145,3.7225978448987007,3.7229,,1,0,0
ReflectionRefresh,146,2.5493977591395378,2.5431,,1,0,0
ReflectionRefresh,147,2.7826034929603338,2.7811,,1,0,0
ReflectionRefresh,148,2.3148029576987028,2.3121,,1,0,0
ReflectionRefresh,149,2.7995961718261242,2.795,,1,0,0
ReflectionRefresh,150,2.8344034217298031,2.8327,,1,0,0
ReflectionRefresh,151,2.4469953496009111,2.4411,,1,0,0
ReflectionRefresh,152,2.6687995996326208,2.67,,1,0,0
ReflectionRefresh,153,3.1043014023452997,3.0987,,1,0,0
ReflectionRefresh,154,2.6033022440969944,2.5971,,1,0,0
ReflectionRefresh,155,2.6974985376000404,2.6942,,1,0,0
ReflectionRefresh,156,2.5177013594657183,2.5143,,1,0,0
ReflectionRefresh,157,3.108900273218751,3.1072,,1,0,0
ReflectionRefresh,158,2.2910006809979677,2.2852,,1,0,0
ReflectionRefresh,159,2.5052011478692293,2.505,,1,0,0
ReflectionRefresh,160,3.7298966199159622,3.7259,,1,0,0
ReflectionRefresh,161,2.8464994393289089,2.8429,,1,0,0
ReflectionRefresh,162,3.4669996239244938,3.4639,,1,0,0
ReflectionRefresh,163,2.3455994669348,2.3428,,1,0,0
ReflectionRefresh,164,2.5774021632969379,2.5778,,1,0,0
ReflectionRefresh,165,2.5180981028825045,2.5107,,1,0,0
ReflectionRefresh,166,2.2639031521975994,2.2644,,1,0,0
ReflectionRefresh,167,3.359899390488863,3.3565,,1,0,0
ReflectionRefresh,168,2.437500050291419,2.4338,,1,0,0
ReflectionRefresh,169,3.1002976465970278,3.0984,,1,0,0
ReflectionRefresh,170,2.4633007124066353,2.4592,,1,0,0
ReflectionRefresh,171,2.9367983806878328,2.9322,,1,0,0
ReflectionRefresh,172,2.3748015519231558,2.369,,1,0,0
ReflectionRefresh,173,3.2172973733395338,3.2171,,1,0,0
ReflectionRefresh,174,4.050899762660265,4.0446,,1,0,0
ReflectionRefresh,175,10.051501914858818,10.0505,,1,0,0
ReflectionRefresh,176,16.912698745727539,16.9168,,1,0,0
ReflectionRefresh,177,4.8412061296403408,4.8307,,1,0,0
ReflectionRefresh,178,3.7843962199985981,3.7793,,1,0,0
ReflectionRefresh,179,3.7349986378103495,3.7292,,1,0,0
ReflectionRefresh,180,4.7038053162395954,4.7051,,1,0,0
ReflectionRefresh,181,2.7632936835289,2.7567,,1,0,0
ReflectionRefresh,182,4.2172051034867764,4.2146,,1,0,0
ReflectionRefresh,183,2.4749008007347584,2.4685,,1,0,0
ReflectionRefresh,184,2.8823979664593935,2.8827,,1,0,0
ReflectionRefresh,185,4.2930981144309044,4.2894,,1,0,0
ReflectionRefresh,186,3.0428997706621885,3.0355,,1,0,0
ReflectionRefresh,187,2.6677013374865055,2.6641,,1,0,0
ReflectionRefresh,188,3.0710033606737852,3.0713,,1,0,0
ReflectionRefresh,189,3.0254961457103491,3.0187,,1,0,0
ReflectionRefresh,190,2.9233985114842653,2.9221,,1,0,0
ReflectionRefresh,191,2.6509000454097986,2.6462,,1,0,0
ReflectionRefresh,192,2.7753047179430723,2.7716,,1,0,0
ReflectionRefresh,193,5.2997944876551628,5.2986,,1,0,0
ReflectionRefresh,194,2.8007014188915491,2.7965,,1,0,0
ReflectionRefresh,195,2.6358985342085361,2.6323,,1,0,0
ReflectionRefresh,196,3.6576034035533667,3.6544,,1,0,0
ReflectionRefresh,197,2.7060019783675671,2.7026,,1,0,0
ReflectionRefresh,198,2.6822986546903849,2.6749,,1,0,0
ReflectionRefresh,199,2.7243976946920156,2.7227,,1,0,0
ReflectionRefresh,200,3.7374007515609264,3.7338,,1,0,0
ReflectionRefresh,201,2.8473993297666311,2.843,,1,0,0
ReflectionRefresh,202,2.5545989628881216,2.5483,,1,0,0
ReflectionRefresh,203,2.7366001158952713,2.733,,1,0,0
ReflectionRefresh,204,3.7988023832440376,3.7935,,1,0,0
ReflectionRefresh,205,2.5339995045214891,2.5324,,1,0,0
ReflectionRefresh,206,3.1184027902781963,3.115,,1,0,0
ReflectionRefresh,207,2.6084962300956249,2.6031,,1,0,0
ReflectionRefresh,208,2.9019983485341072,2.9019,,1,0,0
ReflectionRefresh,209,3.9478032849729061,3.944,,1,0,0
ReflectionRefresh,210,2.6902989484369755,2.6839,,1,0,0
ReflectionRefresh,211,10.929003357887268,10.9279,,1,0,0
ReflectionRefresh,212,2.6045988779515028,2.5996,,1,0,0
ReflectionRefresh,213,2.7392006013542414,2.7403,,1,0,0
ReflectionRefresh,214,2.7915958780795336,2.7875,,1,0,0
ReflectionRefresh,215,2.4233984295278788,2.4214,,1,0,0
ReflectionRefresh,216,2.8944020159542561,2.8899,,1,0,0
ReflectionRefresh,217,2.49659875407815,2.49,,1,0,0
ReflectionRefresh,218,3.3252055291086435,3.3235,,1,0,0
ReflectionRefresh,219,3.2341978512704372,3.23,,1,0,0
ReflectionRefresh,220,2.5947988033294678,2.5929,,1,0,0
ReflectionRefresh,221,2.2499007172882557,2.2454,,1,0,0
ReflectionRefresh,222,3.0011974740773439,2.9982,,1,0,0
ReflectionRefresh,223,2.607603557407856,2.61,,1,0,0
ReflectionRefresh,224,3.63809522241354,3.6293,,1,0,0
ReflectionRefresh,225,2.2713011130690575,2.2684,,1,0,0
ReflectionRefresh,226,2.8516014572232962,2.8531,,1,0,0
ReflectionRefresh,227,2.3322987835854292,2.3236,,1,0,0
ReflectionRefresh,228,2.6456986088305712,2.6437,,1,0,0
ReflectionRefresh,229,2.9017007909715176,2.8986,,1,0,0
ReflectionRefresh,230,2.76000564917922,2.7608,,1,0,0
ReflectionRefresh,231,2.9329932294785976,2.9288,,1,0,0
ReflectionRefresh,232,2.4747024290263653,2.4696,,1,0,0
ReflectionRefresh,233,2.868998097255826,2.8667,,1,0,0
ReflectionRefresh,234,3.2662060111761093,3.2673,,1,0,0
ReflectionRefresh,235,3.2293933909386396,3.221,,1,0,0
ReflectionRefresh,236,2.6219033170491457,2.6181,,1,0,0
ReflectionRefresh,237,2.2410005331039429,2.2387,,1,0,0
ReflectionRefresh,238,3.563697449862957,3.5648,,1,0,0
ReflectionRefresh,239,2.2051020059734583,2.1985,,1,0,0
ReflectionRefresh,240,2.9428005218505859,2.9421,,1,0,0
ReflectionRefresh,241,2.4723992682993412,2.4657,,1,0,0
ReflectionRefresh,242,3.0288973357528448,3.0287,,1,0,0
ReflectionRefresh,243,2.6062997058033943,2.5988,,1,0,0
ReflectionRefresh,244,2.8906038496643305,2.8906,,1,0,0
ReflectionRefresh,245,2.8212019242346287,2.8172,,1,0,0
ReflectionRefresh,246,3.2224985770881176,3.221,,1,0,0
ReflectionRefresh,247,2.4928997736424208,2.4865,,1,0,0
ReflectionRefresh,248,2.8383007738739252,2.8391,,1,0,0
ReflectionRefresh,249,2.3835955653339624,2.3757,,1,0,0
ReflectionRefresh,250,2.7171059045940638,2.7166,,1,0,0
ReflectionRefresh,251,2.7661989443004131,2.7641,,1,0,0
ReflectionRefresh,252,3.2058956567198038,3.2007,,1,0,0
ReflectionRefresh,253,2.5593042373657227,2.5564,,1,0,0
ReflectionRefresh,254,3.8080995436757803,3.8051,,1,0,0
ReflectionRefresh,255,3.1324971932917833,3.1298,,1,0,0
ReflectionRefresh,256,2.4384991265833378,2.4355,,1,0,0
ReflectionRefresh,257,3.2142999116331339,3.2139,,1,0,0
ReflectionRefresh,258,2.49060383066535,2.4843,,1,0,0
ReflectionRefresh,259,3.3912982326000929,3.3917,,1,0,0
ReflectionRefresh,260,2.2742985747754574,2.268,,1,0,0
ReflectionRefresh,261,3.3124999608844519,3.3091,,1,0,0
ReflectionRefresh,262,2.6217049453407526,2.6192,,1,0,0
ReflectionRefresh,263,3.2339994795620441,3.234,,1,0,0
ReflectionRefresh,264,2.3469955194741488,2.3397,,1,0,0
ReflectionRefresh,265,3.1218042131513357,3.1204,,1,0,0
ReflectionRefresh,266,5.72529761120677,5.7198,,1,0,0
ReflectionRefresh,267,2.6613024529069662,2.6583,,1,0,0
ReflectionRefresh,268,2.6742983609437943,2.6719,,1,0,0
ReflectionRefresh,269,2.7347009163349867,2.7342,,1,0,0
ReflectionRefresh,270,2.4473993107676506,2.4443,,1,0,0
ReflectionRefresh,271,2.8426020871847868,2.8364,,1,0,0
ReflectionRefresh,272,3.75159434042871,3.746,,1,0,0
ReflectionRefresh,273,3.0330002773553133,3.0297,,1,0,0
ReflectionRefresh,274,3.26850195415318,3.2697,,1,0,0
ReflectionRefresh,275,2.6395975146442652,2.6331,,1,0,0
ReflectionRefresh,276,2.97870603390038,2.9754,,1,0,0
ReflectionRefresh,277,3.5941964015364647,3.591,,1,0,0
ReflectionRefresh,278,2.8526997193694115,2.8495,,1,0,0
ReflectionRefresh,279,2.4818028323352337,2.4852,,1,0,0
ReflectionRefresh,280,2.7321004308760166,2.7233,,1,0,0
ReflectionRefresh,281,2.7856009546667337,2.7798,,1,0,0
ReflectionRefresh,282,2.8493977151811123,2.847,,1,0,0
ReflectionRefresh,283,2.8552012518048286,2.8542,,1,0,0
ReflectionRefresh,284,2.6776005979627371,2.6731,,1,0,0
ReflectionRefresh,285,3.3545990008860826,3.353,,1,0,0
ReflectionRefresh,286,2.4767005816102028,2.4718,,1,0,0
ReflectionRefresh,287,3.10689490288496,3.1057,,1,0,0
ReflectionRefresh,288,3.0123016331344843,3.0061,,1,0,0
ReflectionRefresh,289,2.730704378336668,2.7304,,1,0,0
ReflectionRefresh,290,3.261699341237545,3.2597,,1,0,0
ReflectionRefresh,291,2.7206987142562866,2.7166,,1,0,0
ReflectionRefresh,292,2.5421981699764729,2.5357,,1,0,0
ReflectionRefresh,293,2.9942034743726254,2.9946,,1,0,0
ReflectionRefresh,294,3.0964002944529057,3.0927,,1,0,0
ReflectionRefresh,295,2.4301940575242043,2.4242,,1,0,0
ReflectionRefresh,296,2.8664043638855219,2.8628,,1,0,0
ReflectionRefresh,297,2.5754959788173437,2.5729,,1,0,0
ReflectionRefresh,298,2.4397037923336029,2.4374,,1,0,0
ReflectionRefresh,299,3.7777989637106657,3.7768,,1,0,0
ReflectionRefresh,300,2.2618977818638086,2.2568,,1,0,0
ReflectionRefresh,301,2.6133006904274225,2.6216,,1,0,0
ReflectionRefresh,302,3.1026005744934082,3.0911,,1,0,0
ReflectionRefresh,303,2.2085034288465977,2.2013,,1,0,0
ReflectionRefresh,304,2.523795235902071,2.5234,,1,0,0
ReflectionRefresh,305,2.9042020905762911,2.9019,,1,0,0
ReflectionRefresh,306,2.4542021565139294,2.4471,,1,0,0
ReflectionRefresh,307,2.5759991258382797,2.5855,,1,0,0
ReflectionRefresh,308,3.5678003914654255,3.5545,,1,0,0
ReflectionRefresh,309,2.2803996689617634,2.2737,,1,0,0
ReflectionRefresh,310,2.4684949312359095,2.4689,,1,0,0
ReflectionRefresh,311,3.8899022620171309,3.8874,,1,0,0
ReflectionRefresh,312,2.0255031995475292,2.0202,,1,0,0
ReflectionRefresh,313,3.4050948452204466,3.4033,,1,0,0
ReflectionRefresh,314,2.1550029050558805,2.1532,,1,0,0
ReflectionRefresh,315,2.4428004398941994,2.4444,,1,0,0
ReflectionRefresh,316,2.7017006650567055,2.6957,,1,0,0
ReflectionRefresh,317,2.8553004376590252,2.8533,,1,0,0
ReflectionRefresh,318,2.4392006453126669,2.4332,,1,0,0
ReflectionRefresh,319,2.53290100954473,2.5307,,1,0,0
ReflectionRefresh,320,3.0274942982941866,3.0251,,1,0,0
ReflectionRefresh,321,2.3440050426870584,2.3419,,1,0,0
ReflectionRefresh,322,2.6477961800992489,2.6479,,1,0,0
ReflectionRefresh,323,2.4452025536447763,2.4407,,1,0,0
ReflectionRefresh,324,2.3209962528198957,2.3188,,1,0,0
ReflectionRefresh,325,2.7059027925133705,2.7048,,1,0,0
ReflectionRefresh,326,2.2349986247718334,2.2301,,1,0,0
ReflectionRefresh,327,2.2214993368834257,2.2225,,1,0,0
ReflectionRefresh,328,3.1138039194047451,3.1115,,1,0,0
ReflectionRefresh,329,2.4322988465428352,2.4246,,1,0,0
ReflectionRefresh,330,2.867396455258131,2.8675,,1,0,0
ReflectionRefresh,331,2.2203018888831139,2.2132,,1,0,0
ReflectionRefresh,332,3.0536989215761423,3.0502,,1,0,0
ReflectionRefresh,333,2.2558036725968122,2.2497,,1,0,0
ReflectionRefresh,334,3.0169005040079355,3.0177,,1,0,0
ReflectionRefresh,335,2.6583971921354532,2.6525,,1,0,0
ReflectionRefresh,336,2.7919004205614328,2.7879,,1,0,0
ReflectionRefresh,337,2.6650014333426952,2.6613,,1,0,0
ReflectionRefresh,338,2.5081986095756292,2.5082,,1,0,0
ReflectionRefresh,339,2.6233985554426908,2.6195,,1,0,0
ReflectionRefresh,340,2.7591979596763849,2.753,,1,0,0
ReflectionRefresh,341,3.0366000719368458,3.0362,,1,0,0
ReflectionRefresh,342,3.0128047801554203,3.0082,,1,0,0
ReflectionRefresh,343,2.2286989260464907,2.2239,,1,0,0
ReflectionRefresh,344,2.6718962471932173,2.6716,,1,0,0
ReflectionRefresh,345,3.8392997812479734,3.8378,,1,0,0
ReflectionRefresh,346,2.4889030028134584,2.4828,,1,0,0
ReflectionRefresh,347,2.4171981494873762,2.4125,,1,0,0
ReflectionRefresh,348,2.5919005274772644,2.5935,,1,0,0
ReflectionRefresh,349,2.3794996086508036,2.3728,,1,0,0
ReflectionRefresh,350,2.5745038874447346,2.5732,,1,0,0
ReflectionRefresh,351,2.2526998072862625,2.2492,,1,0,0
ReflectionRefresh,352,3.5768991801887751,3.5782,,1,0,0
ReflectionRefresh,353,2.3875993210822344,2.3831,,1,0,0
ReflectionRefresh,354,2.6570011395961046,2.6552,,1,0,0
ReflectionRefresh,355,2.5285996962338686,2.5212,,1,0,0
ReflectionRefresh,356,2.6056973729282618,2.605,,1,0,0
ReflectionRefresh,357,2.7552011888474226,2.7474,,1,0,0
ReflectionRefresh,358,2.5922972708940506,2.589,,1,0,0
ReflectionRefresh,359,3.7882016040384769,3.7875,,1,0,0
ReflectionRefresh,360,2.3335034493356943,2.3282,,1,0,0
ReflectionRefresh,361,2.7016014792025089,2.7025,,1,0,0
ReflectionRefresh,362,3.9812996983528137,3.9774,,1,0,0
ReflectionRefresh,363,2.2941965144127607,2.2886,,1,0,0
ReflectionRefresh,364,2.6767998933792114,2.6768,,1,0,0
ReflectionRefresh,365,2.9736040160059929,2.9691,,1,0,0
ReflectionRefresh,366,2.644798718392849,2.6391,,1,0,0
ReflectionRefresh,367,2.3169005289673805,2.3164,,1,0,0
ReflectionRefresh,368,3.5601970739662647,3.5544,,1,0,0
ReflectionRefresh,369,2.3303995840251446,2.3316,,1,0,0
ReflectionRefresh,370,3.0821003019809723,3.0772,,1,0,0
ReflectionRefresh,371,2.4257015902549028,2.4206,,1,0,0
ReflectionRefresh,372,2.89689633063972,2.9026,,1,0,0
ReflectionRefresh,373,2.9866001568734646,2.9745,,1,0,0
ReflectionRefresh,374,2.7241993229836226,2.7233,,1,0,0
ReflectionRefresh,375,2.2905045188963413,2.2848,,1,0,0
ReflectionRefresh,376,3.6172973923385143,3.6197,,1,0,0
ReflectionRefresh,377,2.3753046989440918,2.3674,,1,0,0
ReflectionRefresh,378,3.2360970508307219,3.2362,,1,0,0
ReflectionRefresh,379,2.6633008383214474,2.6639,,1,0,0
ReflectionRefresh,380,2.549000782892108,2.5428,,1,0,0
ReflectionRefresh,381,2.5197986979037523,2.513,,1,0,0
ReflectionRefresh,382,2.5080994237214327,2.5086,,1,0,0
ReflectionRefresh,383,2.6020975783467293,2.5966,,1,0,0
ReflectionRefresh,384,2.391305286437273,2.3902,,1,0,0
ReflectionRefresh,385,3.6354945041239262,3.634,,1,0,0
ReflectionRefresh,386,2.8165036346763372,2.8083,,1,0,0
ReflectionRefresh,387,2.8891013935208321,2.8908,,1,0,0
ReflectionRefresh,388,2.5862953625619411,2.5788,,1,0,0
ReflectionRefresh,389,3.246003296226263,3.2457,,1,0,0
ReflectionRefresh,390,2.9418012127280235,2.9374,,1,0,0
ReflectionRefresh,391,3.0705002136528492,3.0647,,1,0,0
ReflectionRefresh,392,2.4874999653548002,2.4808,,1,0,0
ReflectionRefresh,393,3.8023951929062605,3.7988,,1,0,0
ReflectionRefresh,394,2.3580994457006454,2.3561,,1,0,0
ReflectionRefresh,395,3.2991000916808844,3.298,,1,0,0
ReflectionRefresh,396,2.3989016190171242,2.3938,,1,0,0
ReflectionRefresh,397,4.1433037258684635,4.143,,1,0,0
ReflectionRefresh,398,2.6971937622874975,2.6931,,1,0,0
ReflectionRefresh,399,2.7336026541888714,2.7308,,1,0,0
ReflectionRefresh,400,3.2555980142205954,3.2521,,1,0,0
ReflectionRefresh,401,3.230605274438858,3.2279,,1,0,0
ReflectionRefresh,402,2.5832979008555412,2.5804,,1,0,0
ReflectionRefresh,403,3.1503967475146055,3.1473,,1,0,0
ReflectionRefresh,404,3.1060019973665476,3.1022,,1,0,0
ReflectionRefresh,405,3.1312003266066313,3.126,,1,0,0
ReflectionRefresh,406,2.3491000756621361,2.3462,,1,0,0
ReflectionRefresh,407,2.6609976775944233,2.6604,,1,0,0
ReflectionRefresh,408,2.890199888497591,2.8888,,1,0,0
ReflectionRefresh,409,2.7891015633940697,2.7852,,1,0,0
ReflectionRefresh,410,3.0366000719368458,3.0334,,1,0,0
ReflectionRefresh,411,2.4807043373584747,2.4755,,1,0,0
ReflectionRefresh,412,2.7766935527324677,2.7745,,1,0,0
ReflectionRefresh,413,2.6081064715981483,2.6041,,1,0,0
ReflectionRefresh,414,3.3549957443028688,3.3559,,1,0,0
ReflectionRefresh,415,2.5901005137711763,2.5858,,1,0,0
ReflectionRefresh,416,2.95629957690835,2.9489,,1,0,0
ReflectionRefresh,417,3.0397037044167519,3.0402,,1,0,0
ReflectionRefresh,418,3.01879970356822,3.0154,,1,0,0
ReflectionRefresh,419,2.3621954023838043,2.356,,1,0,0
ReflectionRefresh,420,3.1426020432263613,3.1436,,1,0,0
ReflectionRefresh,421,3.0540036968886852,3.0447,,1,0,0
ReflectionRefresh,422,2.4589993990957737,2.4558,,1,0,0
ReflectionRefresh,423,3.2584962900727987,3.2592,,1,0,0
ReflectionRefresh,424,2.4213010910898447,2.4137,,1,0,0
ReflectionRefresh,425,2.5262967683374882,2.5267,,1,0,0
ReflectionRefresh,426,2.2049036342650652,2.2001,,1,0,0
ReflectionRefresh,427,3.1753969378769398,3.1752,,1,0,0
ReflectionRefresh,428,2.3964003194123507,2.3925,,1,0,0
ReflectionRefresh,429,2.8498016763478518,2.8468,,1,0,0
ReflectionRefresh,430,2.3674035910516977,2.3627,,1,0,0
ReflectionRefresh,431,2.7113945689052343,2.7081,,1,0,0
ReflectionRefresh,432,2.6436012703925371,2.6408,,1,0,0
ReflectionRefresh,433,3.9919004775583744,3.9903,,1,0,0
ReflectionRefresh,434,2.8487031813710928,2.8475,,1,0,0
ReflectionRefresh,435,2.307199640199542,2.3031,,1,0,0
ReflectionRefresh,436,3.1190973240882158,3.117,,1,0,0
ReflectionRefresh,437,2.3072988260537386,2.3029,,1,0,0
ReflectionRefresh,438,2.3048045113682747,2.3017,,1,0,0
ReflectionRefresh,439,3.5934948828071356,3.5919,,1,0,0
ReflectionRefresh,440,2.2833049297332764,2.2805,,1,0,0
ReflectionRefresh,441,3.0753968749195337,3.0741,,1,0,0
ReflectionRefresh,442,2.3332978598773479,2.3292,,1,0,0
ReflectionRefresh,443,2.5598001666367054,2.5528,,1,0,0
ReflectionRefresh,444,3.0759000219404697,3.0723,,1,0,0
ReflectionRefresh,445,2.4637046735733747,2.463,,1,0,0
ReflectionRefresh,446,2.3553003557026386,2.3502,,1,0,0
ReflectionRefresh,447,4.3696993961930275,4.37,,1,0,0
ReflectionRefresh,448,2.58169649168849,2.5769,,1,0,0
ReflectionRefresh,449,2.7998015284538269,2.8005,,1,0,0
ReflectionRefresh,450,2.8910005930811167,2.8889,,1,0,0
ReflectionRefresh,451,3.9830994792282581,3.9749,,1,0,0
ReflectionRefresh,452,2.5014029815793037,2.4996,,1,0,0
ReflectionRefresh,453,2.7448979672044516,2.7436,,1,0,0
ReflectionRefresh,454,2.3409014102071524,2.3355,,1,0,0
ReflectionRefresh,455,3.6602960899472237,3.6585,,1,0,0
ReflectionRefresh,456,2.4512046948075294,2.4476,,1,0,0
ReflectionRefresh,457,3.1277991365641356,3.1254,,1,0,0
ReflectionRefresh,458,2.3135982919484377,2.3119,,1,0,0
ReflectionRefresh,459,2.7162982150912285,2.7137,,1,0,0
ReflectionRefresh,460,3.2883007079362869,3.2845,,1,0,0
ReflectionRefresh,461,3.0469032935798168,3.0466,,1,0,0
ReflectionRefresh,462,2.7501983568072319,2.7431,,1,0,0
ReflectionRefresh,463,3.1366993207484484,3.1334,,1,0,0
ReflectionRefresh,464,2.8834962286055088,2.8803,,1,0,0
ReflectionRefresh,465,2.9257014393806458,2.9264,,1,0,0
ReflectionRefresh,466,2.3346017114818096,2.3286,,1,0,0
ReflectionRefresh,467,2.869501244276762,2.8671,,1,0,0
ReflectionRefresh,468,2.4299956858158112,2.427,,1,0,0
ReflectionRefresh,469,2.7107000350952148,2.7069,,1,0,0
ReflectionRefresh,470,2.8323058504611254,2.8316,,1,0,0
ReflectionRefresh,471,2.8634991031140089,2.8582,,1,0,0
ReflectionRefresh,472,2.769501181319356,2.7705,,1,0,0
ReflectionRefresh,473,3.0920989811420441,3.0893,,1,0,0
ReflectionRefresh,474,2.6110969483852386,2.6051,,1,0,0
ReflectionRefresh,475,2.355002798140049,2.3543,,1,0,0
ReflectionRefresh,476,3.7025015335530043,3.698,,1,0,0
ReflectionRefresh,477,2.4525935295969248,2.4475,,1,0,0
ReflectionRefresh,478,2.4063067976385355,2.4042,,1,0,0
ReflectionRefresh,479,3.54129821062088,3.5423,,1,0,0
ReflectionRefresh,480,2.335097873583436,2.3269,,1,0,0
ReflectionRefresh,481,2.3829010315239429,2.3832,,1,0,0
ReflectionRefresh,482,3.1693028286099434,3.1676,,1,0,0
ReflectionRefresh,483,2.5400936137884855,2.5323,,1,0,0
ReflectionRefresh,484,2.41640442982316,2.4169,,1,0,0
ReflectionRefresh,485,2.6441963855177164,2.6389,,1,0,0
ReflectionRefresh,486,2.623504726216197,2.6229,,1,0,0
ReflectionRefresh,487,3.1874999403953552,3.1814,,1,0,0
ReflectionRefresh,488,2.4473001249134541,2.4447,,1,0,0
ReflectionRefresh,489,2.7128967922180891,2.7203,,1,0,0
ReflectionRefresh,490,2.6806972455233335,2.665,,1,0,0
ReflectionRefresh,491,2.3547052405774593,2.3525,,1,0,0
ReflectionRefresh,492,2.9272958636283875,2.9267,,1,0,0
ReflectionRefresh,493,2.3105016443878412,2.3053,,1,0,0
ReflectionRefresh,494,3.4481009934097528,3.4416,,1,0,0
ReflectionRefresh,495,2.1833970677107573,2.1808,,1,0,0
ReflectionRefresh,496,2.4924036115407944,2.4932,,1,0,0
ReflectionRefresh,497,2.419997239485383,2.4143,,1,0,0
ReflectionRefresh,498,2.4510982912033796,2.4479,,1,0,0
ReflectionRefresh,499,3.550701541826129,3.5469,,1,0,0
ReflectionRefresh,500,2.4785005953162909,2.4758,,1,0,0
ReflectionRefresh,501,3.0256023164838552,3.0255,,1,0,0
ReflectionRefresh,502,2.1875000093132257,2.1821,,1,0,0
ReflectionRefresh,503,3.2267007045447826,3.2223,,1,0,0
ReflectionRefresh,504,2.6052012108266354,2.6024,,1,0,0
ReflectionRefresh,505,2.5959962513297796,2.5979,,1,0,0
ReflectionRefresh,506,2.8221018146723509,2.8133,,1,0,0
ReflectionRefresh,507,2.4819020181894302,2.4784,,1,0,0
ReflectionRefresh,508,2.606597263365984,2.6065,,1,0,0
ReflectionRefresh,509,2.5009992532432079,2.4941,,1,0,0
ReflectionRefresh,510,2.9742985498160124,2.9738,,1,0,0
ReflectionRefresh,511,3.0638037715107203,3.0594,,1,0,0
ReflectionRefresh,512,2.8250992763787508,2.8229,,1,0,0
ReflectionRefresh,513,2.7373016346246004,2.7331,,1,0,0
ReflectionRefresh,514,2.4110968224704266,2.4079,,1,0,0
ReflectionRefresh,515,3.639299888163805,3.6402,,1,0,0
ReflectionRefresh,516,3.6257014144212008,3.6181,,1,0,0
ReflectionRefresh,517,2.818296430632472,2.8121,,1,0,0
ReflectionRefresh,518,3.2410998828709126,3.237,,1,0,0
ReflectionRefresh,519,2.5315051898360252,2.5258,,1,0,0
ReflectionRefresh,520,2.7242985088378191,2.7229,,1,0,0
ReflectionRefresh,521,3.4437004942446947,3.4427,,1,0,0
ReflectionRefresh,522,2.2011976689100266,2.1962,,1,0,0
ReflectionRefresh,523,2.7892007492482662,2.7877,,1,0,0
ReflectionRefresh,524,2.9171982314437628,2.912,,1,0,0
ReflectionRefresh,525,2.40539968945086,2.4026,,1,0,0
ReflectionRefresh,526,2.656200435012579,2.6564,,1,0,0
ReflectionRefresh,527,2.8235048521310091,2.8207,,1,0,0
ReflectionRefresh,528,3.0227962415665388,3.0193,,1,0,0
ReflectionRefresh,529,2.4526999332010746,2.4438,,1,0,0
ReflectionRefresh,530,2.3621032014489174,2.3595,,1,0,0
ReflectionRefresh,531,2.580597996711731,2.5803,,1,0,0
ReflectionRefresh,532,3.1028981320559978,3.0966,,1,0,0
ReflectionRefresh,533,3.9172051474452019,3.9149,,1,0,0
ReflectionRefresh,534,2.4530966766178608,2.4501,,1,0,0
ReflectionRefresh,535,2.8362032026052475,2.835,,1,0,0
ReflectionRefresh,536,2.5274942163378,2.522,,1,0,0
ReflectionRefresh,537,2.4763038381934166,2.4739,,1,0,0
ReflectionRefresh,538,3.9330003783106804,3.9315,,1,0,0
ReflectionRefresh,539,2.3065973073244095,2.3026,,1,0,0
ReflectionRefresh,540,2.9674037359654903,2.9663,,1,0,0
ReflectionRefresh,541,2.6835955213755369,2.6753,,1,0,0
ReflectionRefresh,542,2.8115008026361465,2.813,,1,0,0
ReflectionRefresh,543,3.4015022683888674,3.394,,1,0,0
ReflectionRefresh,544,3.2776999287307262,3.2775,,1,0,0
ReflectionRefresh,545,2.4185020010918379,2.4169,,1,0,0
ReflectionRefresh,546,2.9494969639927149,2.9421,,1,0,0
ReflectionRefresh,547,2.303500659763813,2.303,,1,0,0
ReflectionRefresh,548,3.6668013781309128,3.6626,,1,0,0
ReflectionRefresh,549,2.2731008939445019,2.2671,,1,0,0
ReflectionRefresh,550,3.7191964220255613,3.7192,,1,0,0
ReflectionRefresh,551,2.4392006453126669,2.4338,,1,0,0
ReflectionRefresh,552,2.7812996413558722,2.7809,,1,0,0
ReflectionRefresh,553,2.3027991410344839,2.2979,,1,0,0
ReflectionRefresh,554,4.0730019100010395,4.07,,1,0,0
ReflectionRefresh,555,2.4322988465428352,2.4305,,1,0,0
ReflectionRefresh,556,2.4433035869151354,2.4401,,1,0,0
ReflectionRefresh,557,2.6816963218152523,2.678,,1,0,0
ReflectionRefresh,558,2.5331987999379635,2.5312,,1,0,0
ReflectionRefresh,559,2.8491993434727192,2.8506,,1,0,0
ReflectionRefresh,560,2.7987032663077116,2.7916,,1,0,0
ReflectionRefresh,561,3.6858986131846905,3.6846,,1,0,0
ReflectionRefresh,562,2.387103158980608,2.3819,,1,0,0
ReflectionRefresh,563,3.3972009550780058,3.3971,,1,0,0
ReflectionRefresh,564,2.950198482722044,2.9416,,1,0,0
ReflectionRefresh,565,2.9225978069007397,2.9225,,1,0,0
ReflectionRefresh,566,2.6383006479591131,2.6371,,1,0,0
ReflectionRefresh,567,3.6652989219874144,3.6582,,1,0,0
ReflectionRefresh,568,2.598603954538703,2.597,,1,0,0
ReflectionRefresh,569,3.5646967589855194,3.5603,,1,0,0
ReflectionRefresh,570,2.4088011123239994,2.4054,,1,0,0
ReflectionRefresh,571,3.0429989565163851,3.0421,,1,0,0
ReflectionRefresh,572,2.6542020495980978,2.6483,,1,0,0
ReflectionRefresh,573,3.1286990270018578,3.1293,,1,0,0
ReflectionRefresh,574,2.5462019257247448,2.5387,,1,0,0
ReflectionRefresh,575,3.5521967802196741,3.5524,,1,0,0
ReflectionRefresh,576,2.49890168197453,2.4929,,1,0,0
ReflectionRefresh,577,3.2725976780056953,3.2727,,1,0,0
ReflectionRefresh,578,2.5365008041262627,2.5325,,1,0,0
ReflectionRefresh,579,3.2167020253837109,3.2107,,1,0,0
ReflectionRefresh,580,3.2751983962953091,3.275,,1,0,0
ReflectionRefresh,581,2.5995040778070688,2.5919,,1,0,0
ReflectionRefresh,582,2.987896790727973,2.9884,,1,0,0
ReflectionRefresh,583,3.938598558306694,3.9351,,1,0,0
ReflectionRefresh,584,3.1057044398039579,3.1043,,1,0,0
ReflectionRefresh,585,3.0154974665492773,3.0064,,1,0,0
ReflectionRefresh,586,2.8831986710429192,2.8835,,1,0,0
ReflectionRefresh,587,3.3891014754772186,3.3843,,1,0,0
ReflectionRefresh,588,2.4272960145026445,2.4211,,1,0,0
ReflectionRefresh,589,3.702203743159771,3.7028,,1,0,0
ReflectionRefresh,590,2.7116001583635807,2.7044,,1,0,0
ReflectionRefresh,591,3.3078019041568041,3.3085,,1,0,0
ReflectionRefresh,592,2.632001182064414,2.6254,,1,0,0
ReflectionRefresh,593,3.515695920214057,3.5164,,1,0,0
ReflectionRefresh,594,2.4071002844721079,2.3995,,1,0,0
ReflectionRefresh,595,4.2540035210549831,4.2515,,1,0,0
ReflectionRefresh,596,2.529095858335495,2.5262,,1,0,0
ReflectionRefresh,597,2.9737032018601894,2.9746,,1,0,0
ReflectionRefresh,598,2.6580002158880234,2.651,,1,0,0
ReflectionRefresh,599,3.3214001450687647,3.3212,,1,0,0
ReflectionRefresh,600,3.7082978524267673,3.7052,,1,0,0
ReflectionRefresh,601,2.7527990750968456,2.7559,,1,0,0
ReflectionRefresh,602,3.0703018419444561,3.0501,,1,0,0
ReflectionRefresh,603,3.2206987962126732,3.2179,,1,0,0
ReflectionRefresh,604,2.5708971079438925,2.5684,,1,0,0
ReflectionRefresh,605,3.9600054733455181,3.9603,,1,0,0
ReflectionRefresh,606,3.0875992961227894,3.0799,,1,0,0
ReflectionRefresh,607,3.1537981703877449,3.1519,,1,0,0
ReflectionRefresh,608,2.5401005987077951,2.5411,,1,0,0
ReflectionRefresh,609,5.031101405620575,5.0265,,1,0,0
ReflectionRefresh,610,3.1228954903781414,3.118,,1,0,0
ReflectionRefresh,611,2.6752054691314697,2.6712,,1,0,0
ReflectionRefresh,612,3.8173964712768793,3.8153,,1,0,0
ReflectionRefresh,613,2.6594032533466816,2.6573,,1,0,0
ReflectionRefresh,614,3.2765944488346577,3.2757,,1,0,0
ReflectionRefresh,615,2.5705995503813028,2.5829,,1,0,0
ReflectionRefresh,616,3.31429997459054,3.2943,,1,0,0
ReflectionRefresh,617,2.7279052883386612,2.7232,,1,0,0
ReflectionRefresh,618,3.0447987373918295,3.0411,,1,0,0
ReflectionRefresh,619,2.8339002747088671,2.8347,,1,0,0
ReflectionRefresh,620,2.9030966106802225,2.8956,,1,0,0
ReflectionRefresh,621,3.1388038769364357,3.1341,,1,0,0
ReflectionRefresh,622,2.8858985751867294,2.8863,,1,0,0
ReflectionRefresh,623,2.62099620886147,2.6153,,1,0,0
ReflectionRefresh,624,2.9839002527296543,2.9847,,1,0,0
ReflectionRefresh,625,3.7318028043955564,3.7267,,1,0,0
ReflectionRefresh,626,2.4713010061532259,2.4639,,1,0,0
ReflectionRefresh,627,3.1287982128560543,3.1267,,1,0,0
ReflectionRefresh,628,2.9973001219332218,2.996,,1,0,0
ReflectionRefresh,629,2.5657028891146183,2.5627,,1,0,0
ReflectionRefresh,630,3.2752975821495056,3.2688,,1,0,0
ReflectionRefresh,631,2.8596017509698868,2.8579,,1,0,0
ReflectionRefresh,632,2.5117984041571617,2.5059,,1,0,0
ReflectionRefresh,633,3.1449971720576286,3.1409,,1,0,0
ReflectionRefresh,634,3.9047051686793566,3.9006,,1,0,0
ReflectionRefresh,635,2.5304988957941532,2.5286,,1,0,0
ReflectionRefresh,636,2.4747024290263653,2.4716,,1,0,0
ReflectionRefresh,637,2.7533941902220249,2.7544,,1,0,0
ReflectionRefresh,638,2.678699092939496,2.6706,,1,0,0
ReflectionRefresh,639,2.3992063943296671,2.3984,,1,0,0
ReflectionRefresh,640,2.7187003288418055,2.713,,1,0,0
ReflectionRefresh,641,3.444295609369874,3.4443,,1,0,0
ReflectionRefresh,642,2.5711026974022388,2.5647,,1,0,0
ReflectionRefresh,643,2.9362954664975405,2.9357,,1,0,0
ReflectionRefresh,644,2.552699763327837,2.5451,,1,0,0
ReflectionRefresh,645,2.5070011615753174,2.5041,,1,0,0
ReflectionRefresh,646,2.705803606659174,2.7088,,1,0,0
ReflectionRefresh,647,3.5712018143385649,3.565,,1,0,0
ReflectionRefresh,648,2.712698420509696,2.7046,,1,0,0
ReflectionRefresh,649,2.56469682790339,2.5657,,1,0,0
ReflectionRefresh,650,3.1284014694392681,3.1253,,1,0,0
ReflectionRefresh,651,3.2523029949516058,3.2455,,1,0,0
ReflectionRefresh,652,2.888399874791503,2.8863,,1,0,0
ReflectionRefresh,653,2.4850978516042233,2.4849,,1,0,0
ReflectionRefresh,654,2.5589002761989832,2.5552,,1,0,0
ReflectionRefresh,655,2.38540256395936,2.383,,1,0,0
ReflectionRefresh,656,2.966694999486208,2.9629,,1,0,0
ReflectionRefresh,657,2.1969033405184746,2.1904,,1,0,0
ReflectionRefresh,658,3.7644982803612947,3.7659,,1,0,0
ReflectionRefresh,659,2.8867984656244516,2.8798,,1,0,0
ReflectionRefresh,660,2.6739016175270081,2.6729,,1,0,0
ReflectionRefresh,661,2.4931973312050104,2.4878,,1,0,0
ReflectionRefresh,662,2.8305058367550373,2.8284,,1,0,0
ReflectionRefresh,663,2.7406958397477865,2.7369,,1,0,0
ReflectionRefresh,664,2.4412982165813446,2.4502,,1,0,0
ReflectionRefresh,665,3.610104788094759,3.5972,,1,0,0
ReflectionRefresh,666,2.7857993263751268,2.7778,,1,0,0
ReflectionRefresh,667,2.8119969647377729,2.8127,,1,0,0
ReflectionRefresh,668,2.528302138671279,2.5223,,1,0,0
ReflectionRefresh,669,3.2918013166636229,3.291,,1,0,0
ReflectionRefresh,670,2.6151998899877071,2.6083,,1,0,0
ReflectionRefresh,671,3.1103955116122961,3.1153,,1,0,0
ReflectionRefresh,672,2.5379038415849209,2.5219,,1,0,0
ReflectionRefresh,673,2.9760983306914568,2.9734,,1,0,0
ReflectionRefresh,674,3.3061010763049126,3.3043,,1,0,0
ReflectionRefresh,675,3.8261974696069956,3.8216,,1,0,0
ReflectionRefresh,676,2.7989016380161047,2.7971,,1,0,0
ReflectionRefresh,677,2.6332978159189224,2.6266,,1,0,0
ReflectionRefresh,678,2.3640021681785583,2.3621,,1,0,0
ReflectionRefresh,679,3.7347008474171162,3.7319,,1,0,0
ReflectionRefresh,680,2.6257014833390713,2.6214,,1,0,0
ReflectionRefresh,681,2.5441963225603104,2.5451,,1,0,0
ReflectionRefresh,682,2.5771046057343483,2.5728,,1,0,0
ReflectionRefresh,683,2.6064980775117874,2.6005,,1,0,0
ReflectionRefresh,684,3.2893992029130459,3.2907,,1,0,0
ReflectionRefresh,685,2.9016013722866774,2.8942,,1,0,0
ReflectionRefresh,686,2.2530965507030487,2.2511,,1,0,0
ReflectionRefresh,687,3.3016013912856579,3.3027,,1,0,0
ReflectionRefresh,688,3.02439765073359,3.0185,,1,0,0
ReflectionRefresh,689,2.5331987999379635,2.5316,,1,0,0
ReflectionRefresh,690,3.0309027060866356,3.0284,,1,0,0
ReflectionRefresh,691,2.4765022099018097,2.4686,,1,0,0
ReflectionRefresh,692,2.9054989572614431,2.905,,1,0,0
ReflectionRefresh,693,3.3479025587439537,3.3442,,1,0,0
ReflectionRefresh,694,2.5996952317655087,2.5937,,1,0,0
ReflectionRefresh,695,3.2771045807749033,3.2793,,1,0,0
ReflectionRefresh,696,2.716397400945425,2.7082,,1,0,0
ReflectionRefresh,697,2.4100977461785078,2.4087,,1,0,0
ReflectionRefresh,698,2.5634991470724344,2.5593,,1,0,0
ReflectionRefresh,699,2.444699639454484,2.4412,,1,0,0
ReflectionRefresh,700,2.3079011589288712,2.3035,,1,0,0
ReflectionRefresh,701,3.2978032249957323,3.2977,,1,0,0
ReflectionRefresh,702,2.7632014825940132,2.7568,,1,0,0
ReflectionRefresh,703,3.0558956786990166,3.0595,,1,0,0
ReflectionRefresh,704,2.4972008541226387,2.4829,,1,0,0
ReflectionRefresh,705,2.982298843562603,2.9828,,1,0,0
ReflectionRefresh,706,2.732603345066309,2.7269,,1,0,0
ReflectionRefresh,707,2.4321996606886387,2.4333,,1,0,0
ReflectionRefresh,708,4.0761977434158325,4.0707,,1,0,0
ReflectionRefresh,709,2.4409014731645584,2.4354,,1,0,0
ReflectionRefresh,710,2.6949972379952669,2.6944,,1,0,0
ReflectionRefresh,711,2.3469033185392618,2.3422,,1,0,0
ReflectionRefresh,712,3.5939980298280716,3.5946,,1,0,0
ReflectionRefresh,713,2.2097008768469095,2.202,,1,0,0
ReflectionRefresh,714,2.9977040830999613,2.9978,,1,0,0
ReflectionRefresh,715,2.4829932954162359,2.4794,,1,0,0
ReflectionRefresh,716,2.913803793489933,2.9137,,1,0,0
ReflectionRefresh,717,2.6172972284257412,2.6104,,1,0,0
ReflectionRefresh,718,3.1218042131513357,3.119,,1,0,0
ReflectionRefresh,719,2.1840985864400864,2.1841,,1,0,0
ReflectionRefresh,720,2.5267999153584242,2.5289,,1,0,0
ReflectionRefresh,721,2.46819737367332,2.4567,,1,0,0
ReflectionRefresh,722,2.3565050214529037,2.3518,,1,0,0
ReflectionRefresh,723,2.881994005292654,2.8816,,1,0,0
ReflectionRefresh,724,2.740504452958703,2.7374,,1,0,0
ReflectionRefresh,725,2.7207979001104832,2.7192,,1,0,0
ReflectionRefresh,726,2.3437996860593557,2.3369,,1,0,0
ReflectionRefresh,727,2.4988024961203337,2.4995,,1,0,0
ReflectionRefresh,728,3.5824971273541451,3.5791,,1,0,0
ReflectionRefresh,729,2.4628047831356525,2.4585,,1,0,0
ReflectionRefresh,730,2.823597053065896,2.8204,,1,0,0
ReflectionRefresh,731,2.7298964560031891,2.7271,,1,0,0
ReflectionRefresh,732,2.4535998236387968,2.4533,,1,0,0
ReflectionRefresh,733,2.4504039902240038,2.4441,,1,0,0
ReflectionRefresh,734,2.7937004342675209,2.7907,,1,0,0
ReflectionRefresh,735,2.3982992861419916,2.3956,,1,0,0
ReflectionRefresh,736,2.5535004679113626,2.5542,,1,0,0
ReflectionRefresh,737,2.9297973960638046,2.9283,,1,0,0
ReflectionRefresh,738,2.7022038120776415,2.6982,,1,0,0
ReflectionRefresh,739,2.7502975426614285,2.7479,,1,0,0
ReflectionRefresh,740,2.8202026151120663,2.8147,,1,0,0
ReflectionRefresh,741,2.7773950714617968,2.7753,,1,0,0
ReflectionRefresh,742,3.6790037993341684,3.6783,,1,0,0
ReflectionRefresh,743,2.6721018366515636,2.6666,,1,0,0
ReflectionRefresh,744,2.6760983746498823,2.6737,,1,0,0
ReflectionRefresh,745,3.3564979676157236,3.3511,,1,0,0
ReflectionRefresh,746,2.2917021997272968,2.2859,,1,0,0
ReflectionRefresh,747,3.1968962866812944,3.1987,,1,0,0
ReflectionRefresh,748,3.1245038844645023,3.1189,,1,0,0
ReflectionRefresh,749,2.5206985883414745,2.5162,,1,0,0
ReflectionRefresh,750,2.7199971955269575,2.7169,,1,0,0
ReflectionRefresh,751,2.5234057102352381,2.521,,1,0,0
ReflectionRefresh,752,3.0142997857183218,3.0138,,1,0,0
ReflectionRefresh,753,2.4768991861492395,2.4695,,1,0,0
ReflectionRefresh,754,2.9492983594536781,2.9467,,1,0,0
ReflectionRefresh,755,2.4466977920383215,2.4466,,1,0,0
ReflectionRefresh,756,2.6257014833390713,2.622,,1,0,0
ReflectionRefresh,757,2.1768989972770214,2.172,,1,0,0
ReflectionRefresh,758,2.4203017819672823,2.4177,,1,0,0
ReflectionRefresh,759,3.1159012578427792,3.1191,,1,0,0
ReflectionRefresh,760,2.7680981438606977,2.7617,,1,0,0
ReflectionRefresh,761,2.3274021223187447,2.3205,,1,0,0
ReflectionRefresh,762,2.6792942080646753,2.6771,,1,0,0
ReflectionRefresh,763,3.0150013044476509,3.0112,,1,0,0
ReflectionRefresh,764,2.6025013066828251,2.6007,,1,0,0
ReflectionRefresh,765,3.3989015500992537,3.3968,,1,0,0
ReflectionRefresh,766,2.4885984603315592,2.4832,,1,0,0
ReflectionRefresh,767,3.1453019473701715,3.1459,,1,0,0
ReflectionRefresh,768,2.5919005274772644,2.5858,,1,0,0
ReflectionRefresh,769,2.4192957207560539,2.4155,,1,0,0
ReflectionRefresh,770,3.1423044856637716,3.1422,,1,0,0
ReflectionRefresh,771,4.876899067312479,4.8689,,1,0,0
ReflectionRefresh,772,2.9799956828355789,2.9771,,1,0,0
ReflectionRefresh,773,3.009601728990674,3.0097,,1,0,0
ReflectionRefresh,774,3.2631023786962032,3.2572,,1,0,0
ReflectionRefresh,775,3.0713009182363749,3.0669,,1,0,0
ReflectionRefresh,776,3.0699970666319132,3.071,,1,0,0
ReflectionRefresh,777,2.9939981177449226,2.9894,,1,0,0
ReflectionRefresh,778,2.8579011559486389,2.8562,,1,0,0
ReflectionRefresh,779,3.5827027168124914,3.5771,,1,0,0
ReflectionRefresh,780,2.7985968627035618,2.7948,,1,0,0
ReflectionRefresh,781,3.3007015008479357,3.2993,,1,0,0
ReflectionRefresh,782,2.3975977674126625,2.3945,,1,0,0
ReflectionRefresh,783,3.445301903411746,3.4405,,1,0,0
ReflectionRefresh,784,2.6480017695575953,2.643,,1,0,0
ReflectionRefresh,785,3.2286990899592638,3.2272,,1,0,0
ReflectionRefresh,786,3.1398029532283545,3.1355,,1,0,0
ReflectionRefresh,787,2.8884990606456995,2.8825,,1,0,0
ReflectionRefresh,788,3.4337018150836229,3.4348,,1,0,0
ReflectionRefresh,789,2.9890944715589285,2.9842,,1,0,0
ReflectionRefresh,790,3.1629039440304041,3.1605,,1,0,0
ReflectionRefresh,791,2.6788974646478891,2.6742,,1,0,0
ReflectionRefresh,792,2.560097724199295,2.5575,,1,0,0
ReflectionRefresh,793,3.1982001382857561,3.1946,,1,0,0
ReflectionRefresh,794,2.3823059163987637,2.3823,,1,0,0
ReflectionRefresh,795,4.2419005185365677,4.2357,,1,0,0
ReflectionRefresh,796,2.2355937398970127,2.229,,1,0,0
ReflectionRefresh,797,3.0043013393878937,3.0047,,1,0,0
ReflectionRefresh,798,2.4360048118978739,2.4295,,1,0,0
ReflectionRefresh,799,2.9232001397758722,2.9227,,1,0,0
ReflectionRefresh,800,2.5280965492129326,2.525,,1,0,0
ReflectionRefresh,801,4.0146969258785248,4.0134,,1,0,0
ReflectionRefresh,802,2.4365007411688566,2.4284,,1,0,0
ReflectionRefresh,803,3.0776006169617176,3.0758,,1,0,0
ReflectionRefresh,804,3.0388038139790297,3.0359,,1,0,0
ReflectionRefresh,805,2.6566963642835617,2.6519,,1,0,0
ReflectionRefresh,806,2.6748015079647303,2.6707,,1,0,0
ReflectionRefresh,807,2.675000112503767,2.6728,,1,0,0
ReflectionRefresh,808,2.9026006814092398,2.9016,,1,0,0
ReflectionRefresh,809,2.2783020976930857,2.2712,,1,0,0
ReflectionRefresh,810,2.8842971660196781,2.8844,,1,0,0
ReflectionRefresh,811,2.4953018873929977,2.4945,,1,0,0
ReflectionRefresh,812,3.483000211417675,3.4747,,1,0,0
ReflectionRefresh,813,2.5608984287828207,2.5548,,1,0,0
ReflectionRefresh,814,2.7781957760453224,2.779,,1,0,0
ReflectionRefresh,815,2.5899021420627832,2.5823,,1,0,0
ReflectionRefresh,816,3.2807043753564358,3.2813,,1,0,0
ReflectionRefresh,817,3.0513959936797619,3.0447,,1,0,0
ReflectionRefresh,818,3.16940201446414,3.1709,,1,0,0
ReflectionRefresh,819,3.1460954342037439,3.1394,,1,0,0
ReflectionRefresh,820,3.222704166546464,3.2201,,1,0,0
ReflectionRefresh,821,2.5202026590704918,2.5132,,1,0,0
ReflectionRefresh,822,3.0239936895668507,3.0214,,1,0,0
ReflectionRefresh,823,2.7144062332808971,2.705,,1,0,0
ReflectionRefresh,824,2.5992984883487225,2.5968,,1,0,0
ReflectionRefresh,825,2.8306972235441208,2.8294,,1,0,0
ReflectionRefresh,826,2.5080994237214327,2.5018,,1,0,0
ReflectionRefresh,827,3.3555980771780014,3.3546,,1,0,0
ReflectionRefresh,828,2.5926020462065935,2.5852,,1,0,0
ReflectionRefresh,829,3.1417021527886391,3.1394,,1,0,0
ReflectionRefresh,830,3.4285997971892357,3.4281,,1,0,0
ReflectionRefresh,831,2.6214993558824062,2.6195,,1,0,0
ReflectionRefresh,832,2.6904975529760122,2.6841,,1,0,0
ReflectionRefresh,833,3.2529053278267384,3.2516,,1,0,0
ReflectionRefresh,834,2.5950963608920574,2.5866,,1,0,0
ReflectionRefresh,835,3.3883999567478895,3.3884,,1,0,0
ReflectionRefresh,836,2.5807044003158808,2.5765,,1,0,0
ReflectionRefresh,837,3.1146968249231577,3.1081,,1,0,0
ReflectionRefresh,838,3.1877977307885885,3.1824,,1,0,0
ReflectionRefresh,839,2.8563986998051405,2.8536,,1,0,0
ReflectionRefresh,840,3.3175027929246426,3.3129,,1,0,0
ReflectionRefresh,841,3.1488023232668638,3.1456,,1,0,0
ReflectionRefresh,842,2.4825963191688061,2.475,,1,0,0
ReflectionRefresh,843,3.1610047444701195,3.1588,,1,0,0
ReflectionRefresh,844,3.1201955862343311,3.1177,,1,0,0
ReflectionRefresh,845,3.0151007231324911,3.0122,,1,0,0
ReflectionRefresh,846,2.4093040265142918,2.4033,,1,0,0
ReflectionRefresh,847,3.464994253590703,3.4637,,1,0,0
ReflectionRefresh,848,2.599900821223855,2.595,,1,0,0
ReflectionRefresh,849,2.7762046083807945,2.7723,,1,0,0
ReflectionRefresh,850,3.5666949115693569,3.5665,,1,0,0
ReflectionRefresh,851,2.6767998933792114,2.6704,,1,0,0
ReflectionRefresh,852,2.3361039347946644,2.3357,,1,0,0
ReflectionRefresh,853,3.6545989569276571,3.6514,,1,0,0
ReflectionRefresh,854,2.5340986903756857,2.5271,,1,0,0
ReflectionRefresh,855,3.3323979005217552,3.2923,,1,0,0
ReflectionRefresh,856,2.5165036786347628,2.5106,,1,0,0
ReflectionRefresh,857,2.7576955035328865,2.7512,,1,0,0
ReflectionRefresh,858,2.8035005088895559,2.8001,,1,0,0
ReflectionRefresh,859,3.2469034194946289,3.2401,,1,0,0
ReflectionRefresh,860,2.4187995586544275,2.4167,,1,0,0
ReflectionRefresh,861,2.7327027637511492,2.7324,,1,0,0
ReflectionRefresh,862,2.6855939067900181,2.676,,1,0,0
ReflectionRefresh,863,2.6162059511989355,2.6132,,1,0,0
ReflectionRefresh,864,2.7485969476401806,2.7493,,1,0,0
ReflectionRefresh,865,3.1322988215833902,3.1267,,1,0,0
ReflectionRefresh,866,3.1908021774142981,3.1899,,1,0,0
ReflectionRefresh,867,2.4358986411243677,2.4303,,1,0,0
ReflectionRefresh,868,3.0108985956758261,3.0151,,1,0,0
ReflectionRefresh,869,2.6484054978936911,2.6374,,1,0,0
ReflectionRefresh,870,2.7083971071988344,2.7061,,1,0,0
ReflectionRefresh,871,2.8386975172907114,2.8368,,1,0,0
ReflectionRefresh,872,2.6771046686917543,2.672,,1,0,0
ReflectionRefresh,873,2.6919005904346704,2.6887,,1,0,0
ReflectionRefresh,874,2.807199489325285,2.8052,,1,0,0
ReflectionRefresh,875,2.9807963874191046,2.9777,,1,0,0
ReflectionRefresh,876,3.1916028819978237,3.1863,,1,0,0
ReflectionRefresh,877,2.7388960588723421,2.7357,,1,0,0
ReflectionRefresh,878,2.7325041592121124,2.7311,,1,0,0
ReflectionRefresh,879,2.7172972913831472,2.7129,,1,0,0
ReflectionRefresh,880,3.1252976041287184,3.1213,,1,0,0
ReflectionRefresh,881,3.2134000211954117,3.2106,,1,0,0
ReflectionRefresh,882,2.8846017085015774,2.8843,,1,0,0
ReflectionRefresh,883,3.3999008592218161,3.3937,,1,0,0
ReflectionRefresh,884,2.825999166816473,2.8237,,1,0,0
ReflectionRefresh,885,3.4772038925439119,3.4734,,1,0,0
ReflectionRefresh,886,2.17829504981637,2.176,,1,0,0
ReflectionRefresh,887,3.3377055078744888,3.3372,,1,0,0
ReflectionRefresh,888,2.9439979698508978,2.9398,,1,0,0
ReflectionRefresh,889,3.0835955403745174,3.0851,,1,0,0
ReflectionRefresh,890,2.9291028622537851,2.9219,,1,0,0
ReflectionRefresh,891,2.7328019496053457,2.7316,,1,0,0
ReflectionRefresh,892,3.39939771220088,3.3988,,1,0,0
ReflectionRefresh,893,2.598100807517767,2.5952,,1,0,0
ReflectionRefresh,894,2.9526997823268175,2.9485,,1,0,0
ReflectionRefresh,895,2.7377975638955832,2.7314,,1,0,0
ReflectionRefresh,896,2.92800460010767,2.9264,,1,0,0
ReflectionRefresh,897,2.6993977371603251,2.6953,,1,0,0
ReflectionRefresh,898,3.152097575366497,3.1637,,1,0,0
ReflectionRefresh,899,2.7924035675823689,2.7727,,1,0,0
ReflectionRefresh,900,2.5679988320916891,2.5643,,1,0,0
ReflectionRefresh,901,2.6686012279242277,2.668,,1,0,0
ReflectionRefresh,902,3.2642998266965151,3.2588,,1,0,0
ReflectionRefresh,903,4.5174956321716309,4.5144,,1,0,0
ReflectionRefresh,904,2.4715065956115723,2.4679,,1,0,0
ReflectionRefresh,905,2.65809940174222,2.6589,,1,0,0
ReflectionRefresh,906,3.4356010146439075,3.4319,,1,0,0
ReflectionRefresh,907,2.4156959261745214,2.4104,,1,0,0
ReflectionRefresh,908,4.7353031113743782,4.7326,,1,0,0
ReflectionRefresh,909,2.6424957904964685,2.6439,,1,0,0
ReflectionRefresh,910,2.5402989704161882,2.535,,1,0,0
ReflectionRefresh,911,2.6680058799684048,2.6763,,1,0,0
ReflectionRefresh,912,2.5166950654238462,2.4973,,1,0,0
ReflectionRefresh,913,2.86820437759161,2.8688,,1,0,0
ReflectionRefresh,914,2.5930979754775763,2.587,,1,0,0
ReflectionRefresh,915,2.7771966997534037,2.7728,,1,0,0
ReflectionRefresh,916,3.5820011980831623,3.5832,,1,0,0
ReflectionRefresh,917,3.2193027436733246,3.2153,,1,0,0
ReflectionRefresh,918,3.1491992995142937,3.1441,,1,0,0
ReflectionRefresh,919,2.5163975078612566,2.5124,,1,0,0
ReflectionRefresh,920,2.7667020913213491,2.7667,,1,0,0
ReflectionRefresh,921,2.6563988067209721,2.6523,,1,0,0
ReflectionRefresh,922,2.82840128056705,2.8289,,1,0,0
ReflectionRefresh,923,3.3365008421242237,3.3341,,1,0,0
ReflectionRefresh,924,2.7822987176477909,2.7739,,1,0,0
ReflectionRefresh,925,3.3188988454639912,3.3199,,1,0,0
ReflectionRefresh,926,2.7077025733888149,2.7035,,1,0,0
ReflectionRefresh,927,2.70919781178236,2.7023,,1,0,0
ReflectionRefresh,928,2.6058035437017679,2.6033,,1,0,0
ReflectionRefresh,929,3.5062995739281178,3.5088,,1,0,0
ReflectionRefresh,930,2.7157950680702925,2.7079,,1,0,0
ReflectionRefresh,931,2.8169997967779636,2.8157,,1,0,0
ReflectionRefresh,932,2.6633008383214474,2.6558,,1,0,0
ReflectionRefresh,933,2.8888038359582424,2.884,,1,0,0
ReflectionRefresh,934,2.6005951222032309,2.5979,,1,0,0
ReflectionRefresh,935,2.4191043339669704,2.4162,,1,0,0
ReflectionRefresh,936,2.7058958075940609,2.7038,,1,0,0
ReflectionRefresh,937,2.6231009978801012,2.6192,,1,0,0
ReflectionRefresh,938,2.4493054952472448,2.4448,,1,0,0
ReflectionRefresh,939,2.7813988272100687,2.7835,,1,0,0
ReflectionRefresh,940,2.7892007492482662,2.7818,,1,0,0
ReflectionRefresh,941,2.5955995079129934,2.5917,,1,0,0
ReflectionRefresh,942,3.0080003198236227,3.009,,1,0,0
ReflectionRefresh,943,3.8330995012074709,3.8259,,1,0,0
ReflectionRefresh,944,2.3879960644990206,2.3853,,1,0,0
ReflectionRefresh,945,2.7455994859337807,2.743,,1,0,0
ReflectionRefresh,946,2.7641013730317354,2.7592,,1,0,0
ReflectionRefresh,947,3.04710166528821,3.0428,,1,0,0
ReflectionRefresh,948,2.88560101762414,2.887,,1,0,0
ReflectionRefresh,949,4.8701954074203968,4.865,,1,0,0
ReflectionRefresh,950,1.9803005270659924,1.9757,,1,0,0
ReflectionRefresh,951,2.4750991724431515,2.4727,,1,0,0
ReflectionRefresh,952,3.7383998278528452,3.7384,,1,0,0
ReflectionRefresh,953,2.6401998475193977,2.634,,1,0,0
ReflectionRefresh,954,2.4575041607022285,2.4546,,1,0,0
ReflectionRefresh,955,2.945996355265379,2.9445,,1,0,0
ReflectionRefresh,956,2.807702636346221,2.8045,,1,0,0
ReflectionRefresh,957,3.6348993889987469,3.6305,,1,0,0
ReflectionRefresh,958,2.756200497969985,2.7542,,1,0,0
ReflectionRefresh,959,2.57869902998209,2.5763,,1,0,0
ReflectionRefresh,960,2.8925028163939714,2.8902,,1,0,0
ReflectionRefresh,961,2.5361960288137197,2.5321,,1,0,0
ReflectionRefresh,962,3.3857000526040792,3.3881,,1,0,0
ReflectionRefresh,963,2.581604290753603,2.5731,,1,0,0
ReflectionRefresh,964,3.6317955236881971,3.6299,,1,0,0
ReflectionRefresh,965,2.6976049412041903,2.695,,1,0,0
ReflectionRefresh,966,3.0399942770600319,3.0408,,1,0,0
ReflectionRefresh,967,2.7930059004575014,2.7861,,1,0,0
ReflectionRefresh,968,3.3137968275696039,3.3146,,1,0,0
ReflectionRefresh,969,2.8598993085324764,2.8546,,1,0,0
ReflectionRefresh,970,2.9776005540043116,2.9739,,1,0,0
ReflectionRefresh,971,2.5124007370322943,2.5092,,1,0,0
ReflectionRefresh,972,3.1691964250057936,3.1684,,1,0,0
ReflectionRefresh,973,2.7162060141563416,2.7097,,1,0,0
ReflectionRefresh,974,3.6440971307456493,3.6446,,1,0,0
ReflectionRefresh,975,2.3661989253014326,2.3602,,1,0,0
ReflectionRefresh,976,2.9062004759907722,2.9061,,1,0,0
ReflectionRefresh,977,2.4509991053491831,2.4433,,1,0,0
ReflectionRefresh,978,2.8962017968297005,2.8937,,1,0,0
ReflectionRefresh,979,3.3726969268172979,3.3699,,1,0,0
ReflectionRefresh,980,2.3673044051975012,2.3619,,1,0,0
ReflectionRefresh,981,3.2958970405161381,3.2965,,1,0,0
ReflectionRefresh,982,2.70659732632339,2.6995,,1,0,0
ReflectionRefresh,983,2.5097010657191277,2.5072,,1,0,0
ReflectionRefresh,984,3.8864016532897949,3.8877,,1,0,0
ReflectionRefresh,985,2.6393991429358721,2.6333,,1,0,0
ReflectionRefresh,986,2.7355016209185123,2.753,,1,0,0
ReflectionRefresh,987,2.8465986251831055,2.814,,1,0,0
ReflectionRefresh,988,2.5380030274391174,2.5335,,1,0,0
ReflectionRefresh,989,3.16369766369462,3.1625,,1,0,0
ReflectionRefresh,990,2.4776007048785686,2.4724,,1,0,0
ReflectionRefresh,991,3.3250991255044937,3.3245,,1,0,0
ReflectionRefresh,992,2.4836026132106781,2.4766,,1,0,0
ReflectionRefresh,993,3.2299957238137722,3.2293,,1,0,0
ReflectionRefresh,994,2.4926019832491875,2.4876,,1,0,0
ReflectionRefresh,995,2.7402990963310003,2.7412,,1,0,0
ReflectionRefresh,996,3.1414043623954058,3.1302,,1,0,0
ReflectionRefresh,997,2.770294900983572,2.7697,,1,0,0
ReflectionRefresh,998,3.7333050277084112,3.7298,,1,0,0
ReflectionRefresh,999,2.5644982233643532,2.5597,,1,0,0
ReflectionRefresh,1000,2.718799514696002,2.7159,,1,0,0
ReflectionRefresh,1001,3.7275014910846949,3.7265,,1,0,0
ReflectionRefresh,1002,2.5838010478764772,2.5785,,1,0,0
ReflectionRefresh,1003,2.5404973421245813,2.5385,,1,0,0
ReflectionRefresh,1004,2.5491991546005011,2.5459,,1,0,0
ReflectionRefresh,1005,2.6833971496671438,2.68,,1,0,0
ReflectionRefresh,1006,3.2898029312491417,3.2858,,1,0,0
ReflectionRefresh,1007,2.5195011403411627,2.5172,,1,0,0
ReflectionRefresh,1008,2.931901952251792,2.9324,,1,0,0
ReflectionRefresh,1009,2.4999999441206455,2.4944,,1,0,0
ReflectionRefresh,1010,3.10689490288496,3.1059,,1,0,0
ReflectionRefresh,1011,2.3711025714874268,2.3658,,1,0,0
ReflectionRefresh,1012,2.895797835662961,2.8976,,1,0,0
ReflectionRefresh,1013,2.542304340749979,2.5343,,1,0,0
ReflectionRefresh,1014,3.1761976424604654,3.1722,,1,0,0
ReflectionRefresh,1015,2.5955003220587969,2.5928,,1,0,0
ReflectionRefresh,1016,2.6491992175579071,2.6491,,1,0,0
ReflectionRefresh,1017,3.7625993136316538,3.9454,,1,0,0
ReflectionRefresh,1018,2.5633999612182379,2.3706,,1,0,0
ReflectionRefresh,1019,2.9866993427276611,2.9857,,1,0,0
ReflectionRefresh,1020,2.3248016368597746,2.3198,,1,0,0
ReflectionRefresh,1021,2.80009931884706,2.7997,,1,0,0
ReflectionRefresh,1022,2.7423044666647911,2.7364,,1,0,0
ReflectionRefresh,1023,3.1368976924568415,3.139,,1,0,0
ReflectionRefresh,1024,2.596201840788126,2.5875,,1,0,0
ReflectionRefresh,1025,3.1033942941576242,3.104,,1,0,0
ReflectionRefresh,1026,2.5922053027898073,2.5857,,1,0,0
ReflectionRefresh,1027,2.4608985986560583,2.4569,,1,0,0
ReflectionRefresh,1028,3.8021968211978674,3.8023,,1,0,0
ReflectionRefresh,1029,3.0892998911440372,3.0833,,1,0,0
ReflectionRefresh,1030,2.2656037472188473,2.2637,,1,0,0
ReflectionRefresh,1031,2.9472010210156441,2.9474,,1,0,0
ReflectionRefresh,1032,2.7094953693449497,2.705,,1,0,0
ReflectionRefresh,1033,2.687705447897315,2.6838,,1,0,0
ReflectionRefresh,1034,2.9017999768257141,2.8967,,1,0,0
ReflectionRefresh,1035,3.2952947076410055,3.2915,,1,0,0
ReflectionRefresh,1036,2.6258006691932678,2.6218,,1,0,0
ReflectionRefresh,1037,2.3961025290191174,2.3912,,1,0,0
ReflectionRefresh,1038,2.787797711789608,2.7852,,1,0,0
ReflectionRefresh,1039,4.3930979445576668,4.3908,,1,0,0
ReflectionRefresh,1040,2.8278061654418707,2.8242,,1,0,0
ReflectionRefresh,1041,2.4999999441206455,2.4963,,1,0,0
ReflectionRefresh,1042,3.3520974684506655,3.3498,,1,0,0
ReflectionRefresh,1043,2.5340986903756857,2.53,,1,0,0
ReflectionRefresh,1044,3.0794998165220022,3.0799,,1,0,0
ReflectionRefresh,1045,2.7535997796803713,2.7472,,1,0,0
ReflectionRefresh,1046,3.5120039246976376,3.5121,,1,0,0
ReflectionRefresh,1047,2.4250000715255737,2.4188,,1,0,0
ReflectionRefresh,1048,3.2255952246487141,3.2258,,1,0,0
ReflectionRefresh,1049,2.49060383066535,2.4837,,1,0,0
ReflectionRefresh,1050,3.4945011138916016,3.4931,,1,0,0
ReflectionRefresh,1051,2.6573978830128908,2.6504,,1,0,0
ReflectionRefresh,1052,3.3511975780129433,3.3511,,1,0,0
ReflectionRefresh,1053,2.3165037855505943,2.3111,,1,0,0
ReflectionRefresh,1054,2.7891015633940697,2.7875,,1,0,0
ReflectionRefresh,1055,4.4748936779797077,4.4717,,1,0,0
ReflectionRefresh,1056,2.4640022311359644,2.4629,,1,0,0
ReflectionRefresh,1057,2.6026999112218618,2.5951,,1,0,0
ReflectionRefresh,1058,2.4241993669420481,2.4188,,1,0,0
ReflectionRefresh,1059,2.5455995928496122,2.5454,,1,0,0
ReflectionRefresh,1060,2.7035006787627935,2.6987,,1,0,0
ReflectionRefresh,1061,2.8076034504920244,2.8079,,1,0,0
ReflectionRefresh,1062,2.5053997524082661,2.5004,,1,0,0
ReflectionRefresh,1063,2.9918013606220484,2.9898,,1,0,0
ReflectionRefresh,1064,2.3975977674126625,2.3935,,1,0,0
ReflectionRefresh,1065,2.7660997584462166,2.7656,,1,0,0
ReflectionRefresh,1066,3.3704009838402271,3.3634,,1,0,0
ReflectionRefresh,1067,3.1866992358118296,3.1833,,1,0,0
ReflectionRefresh,1068,2.7047973126173019,2.7025,,1,0,0
ReflectionRefresh,1069,2.7281036600470543,2.7249,,1,0,0
ReflectionRefresh,1070,2.4879961274564266,2.4889,,1,0,0
ReflectionRefresh,1071,2.5508999824523926,2.5417,,1,0,0
ReflectionRefresh,1072,2.6686012279242277,2.6666,,1,0,0
ReflectionRefresh,1073,2.7094034012407064,2.7063,,1,0,0
ReflectionRefresh,1074,2.6017006020992994,2.6,,1,0,0
ReflectionRefresh,1075,2.6960955001413822,2.6917,,1,0,0
ReflectionRefresh,1076,3.1703019049018621,3.1711,,1,0,0
ReflectionRefresh,1077,3.0874006915837526,3.0812,,1,0,0
ReflectionRefresh,1078,3.1287982128560543,3.1288,,1,0,0
ReflectionRefresh,1079,2.2699972614645958,2.2628,,1,0,0
ReflectionRefresh,1080,3.742800559848547,3.7402,,1,0,0
ReflectionRefresh,1081,2.383404178544879,2.3807,,1,0,0
ReflectionRefresh,1082,3.231497947126627,3.2316,,1,0,0
ReflectionRefresh,1083,2.3958971723914146,2.3893,,1,0,0
ReflectionRefresh,1084,2.3482001852244139,2.3473,,1,0,0
ReflectionRefresh,1085,2.5438067968934774,2.5439,,1,0,0
ReflectionRefresh,1086,2.2076955065131187,2.2011,,1,0,0
ReflectionRefresh,1087,2.7205003425478935,2.7207,,1,0,0
ReflectionRefresh,1088,2.3189981002360582,2.3138,,1,0,0
ReflectionRefresh,1089,3.0672051943838596,3.0676,,1,0,0
ReflectionRefresh,1090,2.4615009315311909,2.4553,,1,0,0
ReflectionRefresh,1091,2.539994427934289,2.5372,,1,0,0
ReflectionRefresh,1092,2.7879038825631142,2.7891,,1,0,0
ReflectionRefresh,1093,3.4797973930835724,3.4748,,1,0,0
ReflectionRefresh,1094,2.1698980126529932,2.1636,,1,0,0
ReflectionRefresh,1095,3.0528060160577297,3.0502,,1,0,0
ReflectionRefresh,1096,2.8926942031830549,2.8933,,1,0,0
ReflectionRefresh,1097,2.26050172932446,2.2553,,1,0,0
ReflectionRefresh,1098,3.1624999828636646,3.1617,,1,0,0
ReflectionRefresh,1099,2.713704714551568,2.7102,,1,0,0
ReflectionRefresh,1100,2.3376983590424061,2.3322,,1,0,0
ReflectionRefresh,1101,2.5817956775426865,2.5813,,1,0,0
ReflectionRefresh,1102,2.2776005789637566,2.2712,,1,0,0
ReflectionRefresh,1103,2.9258006252348423,2.9272,,1,0,0
ReflectionRefresh,1104,2.1602041088044643,2.1536,,1,0,0
ReflectionRefresh,1105,2.6711947284638882,2.6717,,1,0,0
ReflectionRefresh,1106,3.8991000037640333,3.8958,,1,0,0
ReflectionRefresh,1107,2.4732993915677071,2.4688,,1,0,0
ReflectionRefresh,1108,2.5833048857748508,2.5792,,1,0,0
ReflectionRefresh,1109,2.722498495131731,2.7201,,1,0,0
ReflectionRefresh,1110,2.7535005938261747,2.7504,,1,0,0
ReflectionRefresh,1111,3.999397624284029,3.999,,1,0,0
ReflectionRefresh,1112,2.2541028447449207,2.2505,,1,0,0
ReflectionRefresh,1113,2.4071002844721079,2.409,,1,0,0
ReflectionRefresh,1114,2.542899688705802,2.5363,,1,0,0
ReflectionRefresh,1115,2.684297040104866,2.6821,,1,0,0
ReflectionRefresh,1116,2.596201840788126,2.591,,1,0,0
ReflectionRefresh,1117,3.624702338129282,3.6199,,1,0,0
ReflectionRefresh,1118,2.4849986657500267,2.4847,,1,0,0
ReflectionRefresh,1119,2.4789965245872736,2.4744,,1,0,0
ReflectionRefresh,1120,2.4273029994219542,2.4235,,1,0,0
ReflectionRefresh,1121,2.8659014496952295,2.8623,,1,0,0
ReflectionRefresh,1122,2.4847008753567934,2.4824,,1,0,0
ReflectionRefresh,1123,2.6648950297385454,2.6642,,1,0,0
ReflectionRefresh,1124,2.285204129293561,2.2797,,1,0,0
ReflectionRefresh,1125,2.9346938244998455,2.9347,,1,0,0
ReflectionRefresh,1126,2.3571003694087267,2.3504,,1,0,0
ReflectionRefresh,1127,2.9794997535645962,2.9765,,1,0,0
ReflectionRefresh,1128,3.0075041577219963,3.0054,,1,0,0
ReflectionRefresh,1129,2.5839002337306738,2.58,,1,0,0
ReflectionRefresh,1130,2.4330995511263609,2.4295,,1,0,0
ReflectionRefresh,1131,2.3172972723841667,2.3171,,1,0,0
ReflectionRefresh,1132,2.6987032033503056,2.6952,,1,0,0
ReflectionRefresh,1133,2.6311012916266918,2.6271,,1,0,0
ReflectionRefresh,1134,3.2532950863242149,3.249,,1,0,0
ReflectionRefresh,1135,2.2330994252115488,2.2284,,1,0,0
ReflectionRefresh,1136,2.5330001953989267,2.5325,,1,0,0
ReflectionRefresh,1137,2.5229025632143021,2.5203,,1,0,0
ReflectionRefresh,1138,2.3972010239958763,2.392,,1,0,0
ReflectionRefresh,1139,2.8225977439433336,2.8225,,1,0,0
ReflectionRefresh,1140,2.924199216067791,2.9209,,1,0,0
ReflectionRefresh,1141,2.6133006904274225,2.607,,1,0,0
ReflectionRefresh,1142,2.4410998448729515,2.4424,,1,0,0
ReflectionRefresh,1143,2.4204009678214788,2.4161,,1,0,0
ReflectionRefresh,1144,2.7589993551373482,2.7535,,1,0,0
ReflectionRefresh,1145,2.0900014787912369,2.0878,,1,0,0
ReflectionRefresh,1146,3.115001367405057,3.1153,,1,0,0
ReflectionRefresh,1147,2.335097873583436,2.3287,,1,0,0
ReflectionRefresh,1148,3.0067034531384706,3.0055,,1,0,0
ReflectionRefresh,1149,2.520599402487278,2.5171,,1,0,0
ReflectionRefresh,1150,2.2983986418694258,2.2992,,1,0,0
ReflectionRefresh,1151,2.9622022993862629,2.9569,,1,0,0
ReflectionRefresh,1152,2.188399899750948,2.183,,1,0,0
ReflectionRefresh,1153,2.769196406006813,2.7706,,1,0,0
ReflectionRefresh,1154,2.1988025400787592,2.1934,,1,0,0
ReflectionRefresh,1155,2.8706986922770739,2.8693,,1,0,0
ReflectionRefresh,1156,2.9404973611235619,2.9331,,1,0,0
ReflectionRefresh,1157,2.458503469824791,2.4565,,1,0,0
ReflectionRefresh,1158,3.1065971124917269,3.1049,,1,0,0
ReflectionRefresh,1159,2.6808036491274834,2.6752,,1,0,0
ReflectionRefresh,1160,2.9685941990464926,2.9685,,1,0,0
ReflectionRefresh,1161,2.8880031313747168,2.8831,,1,0,0
ReflectionRefresh,1162,3.0920989811420441,3.0859,,1,0,0
ReflectionRefresh,1163,2.9562003910541534,2.9527,,1,0,0
ReflectionRefresh,1164,2.7167021762579679,2.7022,,1,0,0
ReflectionRefresh,1165,2.4358986411243677,2.4332,,1,0,0
ReflectionRefresh,1166,2.5535004679113626,2.5509,,1,0,0
ReflectionRefresh,1167,2.7244968805462122,2.7211,,1,0,0
ReflectionRefresh,1168,2.3428003769367933,2.3385,,1,0,0
ReflectionRefresh,1169,2.7491992805153131,2.7491,,1,0,0
ReflectionRefresh,1170,2.5316043756902218,2.5266,,1,0,0
ReflectionRefresh,1171,2.9509991873055696,2.9457,,1,0,0
ReflectionRefresh,1172,2.2407029755413532,2.2362,,1,0,0
ReflectionRefresh,1173,2.8501984197646379,2.849,,1,0,0
ReflectionRefresh,1174,2.3807964753359556,2.3744,,1,0,0
ReflectionRefresh,1175,4.0830993093550205,4.0854,,1,0,0
ReflectionRefresh,1176,2.5187996216118336,2.5114,,1,0,0
ReflectionRefresh,1177,2.8240007814019918,2.8234,,1,0,0
ReflectionRefresh,1178,3.5015023313462734,3.4978,,1,0,0
ReflectionRefresh,1179,2.3920990061014891,2.3934,,1,0,0
ReflectionRefresh,1180,3.5185019951313734,3.5093,,1,0,0
ReflectionRefresh,1181,2.3990999907255173,2.393,,1,0,0
ReflectionRefresh,1182,2.7949970681220293,2.7949,,1,0,0
ReflectionRefresh,1183,2.2937003523111343,2.29,,1,0,0
ReflectionRefresh,1184,2.285204129293561,2.2809,,1,0,0
ReflectionRefresh,1185,3.2491993624716997,3.2499,,1,0,0
ReflectionRefresh,1186,2.655895659700036,2.6491,,1,0,0
ReflectionRefresh,1187,2.28319875895977,2.2818,,1,0,0
ReflectionRefresh,1188,2.7790036983788013,2.775,,1,0,0
ReflectionRefresh,1189,2.2963010706007481,2.2933,,1,0,0
ReflectionRefresh,1190,2.2700964473187923,2.2697,,1,0,0
ReflectionRefresh,1191,2.8895053546875715,2.8844,,1,0,0
ReflectionRefresh,1192,2.263697562739253,2.2628,,1,0,0
ReflectionRefresh,1193,2.9662982560694218,2.9655,,1,0,0
ReflectionRefresh,1194,2.2051020059734583,2.1985,,1,0,0
ReflectionRefresh,1195,2.9249999206513166,2.9237,,1,0,0
ReflectionRefresh,1196,3.2448980491608381,3.2419,,1,0,0
ReflectionRefresh,1197,3.1309027690440416,3.127,,1,0,0
ReflectionRefresh,1198,2.6485968846827745,2.6434,,1,0,0
ReflectionRefresh,1199,2.5724985171109438,2.5677,,1,0,0
ReflectionRefresh,1200,2.1739015355706215,2.174,,1,0,0
ReflectionRefresh,1201,2.6238025166094303,2.6206,,1,0,0
ReflectionRefresh,1202,3.282397985458374,3.2754,,1,0,0
ReflectionRefresh,1203,2.5696002412587404,2.5674,,1,0,0
ReflectionRefresh,1204,2.8524021618068218,2.8538,,1,0,0
ReflectionRefresh,1205,2.1707979030907154,2.165,,1,0,0
ReflectionRefresh,1206,2.8597009368240833,2.8577,,1,0,0
ReflectionRefresh,1207,2.7873015496879816,2.7854,,1,0,0
ReflectionRefresh,1208,2.2858984302729368,2.2811,,1,0,0
ReflectionRefresh,1209,3.5722008906304836,3.5726,,1,0,0
ReflectionRefresh,1210,2.1573980338871479,2.1524,,1,0,0
ReflectionRefresh,1211,3.0027991160750389,3.0013,,1,0,0
ReflectionRefresh,1212,2.1732994355261326,2.1677,,1,0,0
ReflectionRefresh,1213,3.0512046068906784,3.0511,,1,0,0
ReflectionRefresh,1214,2.2045988589525223,2.1995,,1,0,0
ReflectionRefresh,1215,2.8590986039489508,2.8605,,1,0,0
ReflectionRefresh,1216,2.621697960421443,2.6149,,1,0,0
ReflectionRefresh,1217,3.1479024328291416,3.1451,,1,0,0
ReflectionRefresh,1218,10.519897565245628,10.5203,,1,0,0
ReflectionRefresh,1219,6.6778981126844883,6.6757,,1,0,0
ReflectionRefresh,1220,3.0455002561211586,3.0388,,1,0,0
ReflectionRefresh,1221,3.4057043958455324,3.4041,,1,0,0
ReflectionRefresh,1222,3.8499999791383743,3.8467,,1,0,0
ReflectionRefresh,1223,2.3403982631862164,2.3383,,1,0,0
ReflectionRefresh,1224,2.6633008383214474,2.6614,,1,0,0
ReflectionRefresh,1225,3.1307965982705355,3.129,,1,0,0
ReflectionRefresh,1226,2.7002054266631603,2.696,,1,0,0
ReflectionRefresh,1227,2.5440971367061138,2.5396,,1,0,0
ReflectionRefresh,1228,2.46819737367332,2.4699,,1,0,0
ReflectionRefresh,1229,2.6463009417057037,2.6388,,1,0,0
ReflectionRefresh,1230,2.2868055384606123,2.2846,,1,0,0
ReflectionRefresh,1231,2.4275935720652342,2.4268,,1,0,0
ReflectionRefresh,1232,2.3761054035276175,2.3691,,1,0,0
ReflectionRefresh,1233,3.437096020206809,3.4382,,1,0,0
ReflectionRefresh,1234,2.5506024248898029,2.5458,,1,0,0
ReflectionRefresh,1235,3.4190972801297903,3.4803,,1,0,0
ReflectionRefresh,1236,4.1231010109186172,4.0587,,1,0,0
ReflectionRefresh,1237,2.4514030665159225,2.4453,,1,0,0
ReflectionRefresh,1238,4.342998843640089,4.3443,,1,0,0
ReflectionRefresh,1239,2.1473001688718796,2.141,,1,0,0
ReflectionRefresh,1240,2.7270975988358259,2.726,,1,0,0
ReflectionRefresh,1241,3.5300028976053,3.526,,1,0,0
ReflectionRefresh,1242,2.281200373545289,2.2757,,1,0,0
ReflectionRefresh,1243,3.0439980328083038,3.0417,,1,0,0
ReflectionRefresh,1244,2.5803004391491413,2.574,,1,0,0
ReflectionRefresh,1245,2.8148030396550894,2.8143,,1,0,0
ReflectionRefresh,1246,2.3023951798677444,2.297,,1,0,0
ReflectionRefresh,1247,3.1396045815199614,3.1393,,1,0,0
ReflectionRefresh,1248,2.9068947769701481,2.9042,,1,0,0
ReflectionRefresh,1249,3.1882014591246843,3.1843,,1,0,0
ReflectionRefresh,1250,2.4845025036484003,2.4787,,1,0,0
ReflectionRefresh,1251,2.501700771972537,2.499,,1,0,0
ReflectionRefresh,1252,3.0274942982941866,3.026,,1,0,0
ReflectionRefresh,1253,2.1448058541864157,2.1395,,1,0,0
ReflectionRefresh,1254,10.235494934022427,10.2363,,1,0,0
ReflectionRefresh,1255,3.7094033323228359,3.7075,,1,0,0
ReflectionRefresh,1256,3.0925029423087835,3.0894,,1,0,0
ReflectionRefresh,1257,3.012294415384531,3.0046,,1,0,0
ReflectionRefresh,1258,2.7191042900085449,2.7098,,1,0,0
ReflectionRefresh,1259,2.613995224237442,2.6133,,1,0,0
ReflectionRefresh,1260,3.4000992309302092,3.3976,,1,0,0
ReflectionRefresh,1261,2.3914044722914696,2.3868,,1,0,0
ReflectionRefresh,1262,3.4383006859570742,3.4354,,1,0,0
ReflectionRefresh,1263,3.4619967918843031,3.4596,,1,0,0
ReflectionRefresh,1264,2.198703121393919,2.197,,1,0,0
ReflectionRefresh,1265,2.4952946696430445,2.495,,1,0,0
ReflectionRefresh,1266,2.3982001002877951,2.3965,,1,0,0
ReflectionRefresh,1267,2.7169997338205576,2.7136,,1,0,0
ReflectionRefresh,1268,3.3142007887363434,3.3085,,1,0,0
ReflectionRefresh,1269,2.4191043339669704,2.4127,,1,0,0
ReflectionRefresh,1270,2.9036989435553551,2.9027,,1,0,0
ReflectionRefresh,1271,2.8089003171771765,2.7966,,1,0,0
ReflectionRefresh,1272,4.7819018363952637,4.7799,,1,0,0
ReflectionRefresh,1273,2.7110970113426447,2.7042,,1,0,0
ReflectionRefresh,1274,2.6321995537728071,2.6305,,1,0,0
ReflectionRefresh,1275,2.5876984000205994,2.5837,,1,0,0
ReflectionRefresh,1276,2.798405708745122,2.7995,,1,0,0
ReflectionRefresh,1277,2.7957980055361986,2.7926,,1,0,0
ReflectionRefresh,1278,2.2340987343341112,2.2277,,1,0,0
ReflectionRefresh,1279,2.9214995447546244,2.9222,,1,0,0
ReflectionRefresh,1280,2.7888037730008364,2.785,,1,0,0
ReflectionRefresh,1281,2.9004961252212524,2.8998,,1,0,0
ReflectionRefresh,1282,2.5331987999379635,2.5273,,1,0,0
ReflectionRefresh,1283,2.7067034970968962,2.704,,1,0,0
ReflectionRefresh,1284,2.2993977181613445,2.2948,,1,0,0
ReflectionRefresh,1285,3.5915037151426077,3.5881,,1,0,0
ReflectionRefresh,1286,2.417694078758359,2.4153,,1,0,0
ReflectionRefresh,1287,2.5655045174062252,2.5606,,1,0,0
ReflectionRefresh,1288,3.0337017960846424,3.0322,,1,0,0
ReflectionRefresh,1289,2.5232993066310883,2.5164,,1,0,0
ReflectionRefresh,1290,2.4412982165813446,2.4388,,1,0,0
ReflectionRefresh,1291,2.7629961259663105,2.7614,,1,0,0
ReflectionRefresh,1292,3.0667020473629236,3.0651,,1,0,0
ReflectionRefresh,1293,2.0946003496646881,2.0913,,1,0,0
ReflectionRefresh,1294,2.9665036126971245,2.9659,,1,0,0
ReflectionRefresh,1295,2.7143990155309439,2.7102,,1,0,0
ReflectionRefresh,1296,2.3558957036584616,2.3536,,1,0,0
ReflectionRefresh,1297,2.7341058012098074,2.731,,1,0,0
ReflectionRefresh,1298,2.46509350836277,2.4625,,1,0,0
ReflectionRefresh,1299,2.815603744238615,2.8124,,1,0,0
ReflectionRefresh,1300,2.2351969964802265,2.232,,1,0,0
ReflectionRefresh,1301,2.5667021982371807,2.5677,,1,0,0
ReflectionRefresh,1302,2.2785004694014788,2.273,,1,0,0
ReflectionRefresh,1303,4.02439758181572,4.0254,,1,0,0
ReflectionRefresh,1304,2.2434028796851635,2.2373,,1,0,0
ReflectionRefresh,1305,2.4663973599672318,2.4676,,1,0,0
ReflectionRefresh,1306,2.3067034780979156,2.2995,,1,0,0
ReflectionRefresh,1307,2.6570011395961046,2.6549,,1,0,0
ReflectionRefresh,1308,2.4434949737042189,2.4432,,1,0,0
ReflectionRefresh,1309,2.7786989230662584,2.7734,,1,0,0
ReflectionRefresh,1310,2.6672051753848791,2.6667,,1,0,0
ReflectionRefresh,1311,2.3723002523183823,2.3664,,1,0,0
ReflectionRefresh,1312,2.3541951086372137,2.3551,,1,0,0
ReflectionRefresh,1313,3.7468040827661753,3.7419,,1,0,0
ReflectionRefresh,1314,2.3049956653267145,2.3027,,1,0,0
ReflectionRefresh,1315,2.5706065353006124,2.5665,,1,0,0
ReflectionRefresh,1316,2.3821995127946138,2.3759,,1,0,0
ReflectionRefresh,1317,2.5892998091876507,2.5868,,1,0,0
ReflectionRefresh,1318,2.1949971560388803,2.1912,,1,0,0
ReflectionRefresh,1319,2.7349984738975763,2.7323,,1,0,0
ReflectionRefresh,1320,2.6030044537037611,2.6013,,1,0,0
ReflectionRefresh,1321,2.6387968100607395,2.6362,,1,0,0
ReflectionRefresh,1322,3.2408020924776793,3.237,,1,0,0
ReflectionRefresh,1323,2.3758006282150745,2.3699,,1,0,0
ReflectionRefresh,1324,2.9832979198545218,2.985,,1,0,0
ReflectionRefresh,1325,2.1313987672328949,2.1263,,1,0,0
ReflectionRefresh,1326,2.447101753205061,2.4432,,1,0,0
ReflectionRefresh,1327,3.9449972100555897,3.9415,,1,0,0
ReflectionRefresh,1328,2.24610255099833,2.242,,1,0,0
ReflectionRefresh,1329,2.9170988127589226,2.9171,,1,0,0
ReflectionRefresh,1330,2.3604026064276695,2.3587,,1,0,0
ReflectionRefresh,1331,2.7262966614216566,2.722,,1,0,0
ReflectionRefresh,1332,2.5022036861628294,2.4984,,1,0,0
ReflectionRefresh,1333,3.1870959792286158,3.1826,,1,0,0
ReflectionRefresh,1334,2.1766014397144318,2.1717,,1,0,0
ReflectionRefresh,1335,2.9787982348352671,2.9764,,1,0,0
ReflectionRefresh,1336,2.4716977495700121,2.4689,,1,0,0
ReflectionRefresh,1337,2.1511055529117584,2.1498,,1,0,0
ReflectionRefresh,1338,3.1754961237311363,3.173,,1,0,0
ReflectionRefresh,1339,2.58700386621058,2.5849,,1,0,0
ReflectionRefresh,1340,3.3640943001955748,3.3621,,1,0,0
ReflectionRefresh,1341,2.0989016629755497,2.0943,,1,0,0
ReflectionRefresh,1342,2.9401998035609722,2.9408,,1,0,0
ReflectionRefresh,1343,2.4923044256865978,2.4916,,1,0,0
ReflectionRefresh,1344,3.4722010605037212,3.4685,,1,0,0
ReflectionRefresh,1345,2.2121951915323734,2.2059,,1,0,0
ReflectionRefresh,1346,2.7764029800891876,2.777,,1,0,0
ReflectionRefresh,1347,2.359297126531601,2.354,,1,0,0
ReflectionRefresh,1348,2.4835034273564816,2.4827,,1,0,0
ReflectionRefresh,1349,2.281200373545289,2.2739,,1,0,0
ReflectionRefresh,1350,2.6063988916575909,2.6057,,1,0,0
ReflectionRefresh,1351,2.3474986664950848,2.3409,,1,0,0
ReflectionRefresh,1352,2.6823980733752251,2.6824,,1,0,0
ReflectionRefresh,1353,2.0747024100273848,2.0699,,1,0,0
ReflectionRefresh,1354,2.7704010717570782,2.7691,,1,0,0
ReflectionRefresh,1355,2.3245960474014282,2.3192,,1,0,0
ReflectionRefresh,1356,3.2773029524832964,3.2747,,1,0,0
ReflectionRefresh,1357,2.2419996093958616,2.2406,,1,0,0
ReflectionRefresh,1358,2.656200435012579,2.6534,,1,0,0
ReflectionRefresh,1359,2.6743977796286345,2.6706,,1,0,0
ReflectionRefresh,1360,2.5568027049303055,2.5544,,1,0,0
ReflectionRefresh,1361,2.4654974695295095,2.4648,,1,0,0
ReflectionRefresh,1362,2.4209041148424149,2.4141,,1,0,0
ReflectionRefresh,1363,3.7535997107625008,3.7536,,1,0,0
ReflectionRefresh,1364,2.6737954467535019,2.6667,,1,0,0
ReflectionRefresh,1365,3.2509991433471441,3.2479,,1,0,0
ReflectionRefresh,1366,2.0163052249699831,2.0141,,1,0,0
ReflectionRefresh,1367,2.4459962733089924,2.448,,1,0,0
ReflectionRefresh,1368,2.690398134291172,2.6877,,1,0,0
ReflectionRefresh,1369,2.4156037252396345,2.4071,,1,0,0
ReflectionRefresh,1370,2.6694019325077534,2.6688,,1,0,0
ReflectionRefresh,1371,2.6196995750069618,2.6155,,1,0,0
ReflectionRefresh,1372,2.461196156218648,2.4555,,1,0,0
ReflectionRefresh,1373,3.641702001914382,3.6377,,1,0,0
ReflectionRefresh,1374,3.091900609433651,3.0915,,1,0,0
ReflectionRefresh,1375,2.3665959015488625,2.3606,,1,0,0
ReflectionRefresh,1376,3.2578017562627792,3.2592,,1,0,0
ReflectionRefresh,1377,2.613201504573226,2.6091,,1,0,0
ReflectionRefresh,1378,3.1255031935870647,3.1186,,1,0,0
ReflectionRefresh,1379,2.5131944566965103,2.5129,,1,0,0
ReflectionRefresh,1380,2.815100597217679,2.8182,,1,0,0
ReflectionRefresh,1381,2.5048044044524431,2.4937,,1,0,0
ReflectionRefresh,1382,2.3181971628218889,2.3131,,1,0,0
ReflectionRefresh,1383,2.8642998076975346,2.8651,,1,0,0
ReflectionRefresh,1384,3.1848994549363852,3.1791,,1,0,0
ReflectionRefresh,1385,2.8303004801273346,2.8297,,1,0,0
ReflectionRefresh,1386,2.4044006131589413,2.3978,,1,0,0
ReflectionRefresh,1387,3.0753968749195337,3.0758,,1,0,0
ReflectionRefresh,1388,2.3025013506412506,2.298,,1,0,0
ReflectionRefresh,1389,2.6191042270511389,2.6188,,1,0,0
ReflectionRefresh,1390,3.2651997171342373,3.2602,,1,0,0
ReflectionRefresh,1391,2.84269405528903,2.8373,,1,0,0
ReflectionRefresh,1392,3.0402068514376879,3.0421,,1,0,0
ReflectionRefresh,1393,2.7538973372429609,2.7474,,1,0,0
ReflectionRefresh,1394,2.4814980570226908,2.4786,,1,0,0
ReflectionRefresh,1395,2.6600977871567011,2.6504,,1,0,0
ReflectionRefresh,1396,3.4638037905097008,3.4623,,1,0,0
ReflectionRefresh,1397,2.1795989014208317,2.1738,,1,0,0
ReflectionRefresh,1398,3.1487031374126673,3.1475,,1,0,0
ReflectionRefresh,1399,3.9477963000535965,3.9454,,1,0,0
ReflectionRefresh,1400,2.7078017592430115,2.7056,,1,0,0
ReflectionRefresh,1401,2.8569018468260765,2.8493,,1,0,0
ReflectionRefresh,1402,2.8383999597281218,2.8396,,1,0,0
ReflectionRefresh,1403,2.4325964041054249,2.426,,1,0,0
ReflectionRefresh,1404,2.729698084294796,2.73,,1,0,0
ReflectionRefresh,1405,2.9846017714589834,2.9831,,1,0,0
ReflectionRefresh,1406,2.6632014196366072,2.6572,,1,0,0
ReflectionRefresh,1407,2.9892998281866312,2.9907,,1,0,0
ReflectionRefresh,1408,2.82840128056705,2.8188,,1,0,0
ReflectionRefresh,1409,2.7964003384113312,2.7931,,1,0,0
ReflectionRefresh,1410,2.5864015333354473,2.5844,,1,0,0
ReflectionRefresh,1411,3.0052934307605028,3.0043,,1,0,0
ReflectionRefresh,1412,2.4867062456905842,2.4819,,1,0,0
ReflectionRefresh,1413,2.7958971913903952,2.7947,,1,0,0
ReflectionRefresh,1414,3.6543013993650675,3.6516,,1,0,0
ReflectionRefresh,1415,2.4177012965083122,2.4122,,1,0,0
ReflectionRefresh,1416,2.4933957029134035,2.4892,,1,0,0
ReflectionRefresh,1417,3.8758998271077871,3.8748,,1,0,0
ReflectionRefresh,1418,2.7092050295323133,2.7056,,1,0,0
ReflectionRefresh,1419,2.9918933287262917,2.9869,,1,0,0
ReflectionRefresh,1420,3.0918011907488108,3.0855,,1,0,0
ReflectionRefresh,1421,3.05290543474257,3.0532,,1,0,0
ReflectionRefresh,1422,3.2459963113069534,3.239,,1,0,0
ReflectionRefresh,1423,2.3249008227139711,2.3226,,1,0,0
ReflectionRefresh,1424,3.0291029252111912,3.0258,,1,0,0
ReflectionRefresh,1425,2.9728955123573542,2.9739,,1,0,0
ReflectionRefresh,1426,2.5453018024563789,2.5388,,1,0,0
ReflectionRefresh,1427,2.7151997201144695,2.7133,,1,0,0
ReflectionRefresh,1428,3.3109977375715971,3.3074,,1,0,0
ReflectionRefresh,1429,2.4068027269095182,2.4019,,1,0,0
ReflectionRefresh,1430,2.9857992194592953,2.9837,,1,0,0
ReflectionRefresh,1431,2.5577025953680277,2.5537,,1,0,0
ReflectionRefresh,1432,2.9658942949026823,2.9657,,1,0,0
ReflectionRefresh,1433,5.0865998491644859,5.0799,,1,0,0
ReflectionRefresh,1434,2.7811012696474791,2.776,,1,0,0
ReflectionRefresh,1435,3.4157028421759605,3.4152,,1,0,0
ReflectionRefresh,1436,2.5603955145925283,2.5546,,1,0,0
ReflectionRefresh,1437,2.7396045625209808,2.7367,,1,0,0
ReflectionRefresh,1438,3.5757014993578196,3.576,,1,0,0
ReflectionRefresh,1439,2.8360970318317413,2.8337,,1,0,0
ReflectionRefresh,1440,2.3835033643990755,2.3787,,1,0,0
ReflectionRefresh,1441,4.21739649027586,4.2158,,1,0,0
ReflectionRefresh,1442,2.6192034129053354,2.6118,,1,0,0
ReflectionRefresh,1443,2.8412982355803251,2.8413,,1,0,0
ReflectionRefresh,1444,2.9279973823577166,2.9222,,1,0,0
ReflectionRefresh,1445,3.3266015816479921,3.3226,,1,0,0
ReflectionRefresh,1446,2.823597053065896,2.8195,,1,0,0
ReflectionRefresh,1447,3.0212018173187971,3.0201,,1,0,0
ReflectionRefresh,1448,2.5973992887884378,2.5926,,1,0,0
ReflectionRefresh,1449,3.1928997486829758,3.1908,,1,0,0
ReflectionRefresh,1450,2.6452026795595884,2.639,,1,0,0
ReflectionRefresh,1451,3.0393991619348526,3.0348,,1,0,0
ReflectionRefresh,1452,2.534403232857585,2.5305,,1,0,0
ReflectionRefresh,1453,2.565398346632719,2.563,,1,0,0
ReflectionRefresh,1454,2.9178997501730919,2.9173,,1,0,0
ReflectionRefresh,1455,2.6421982329338789,2.6347,,1,0,0
ReflectionRefresh,1456,3.3540036529302597,3.3555,,1,0,0
ReflectionRefresh,1457,2.9598001856356859,2.955,,1,0,0
ReflectionRefresh,1458,2.8195932973176241,2.8148,,1,0,0
ReflectionRefresh,1459,2.4629039689898491,2.4591,,1,0,0
ReflectionRefresh,1460,2.653202973306179,2.6487,,1,0,0
ReflectionRefresh,1461,2.8023950289934874,2.7989,,1,0,0
ReflectionRefresh,1462,2.9659012798219919,2.9607,,1,0,0
ReflectionRefresh,1463,2.6738024316728115,2.6744,,1,0,0
ReflectionRefresh,1464,2.7866000309586525,2.7799,,1,0,0
ReflectionRefresh,1465,3.101700684055686,3.0999,,1,0,0
ReflectionRefresh,1466,2.8478954918682575,2.8477,,1,0,0
ReflectionRefresh,1467,2.7173045091331005,2.7112,,1,0,0
ReflectionRefresh,1468,3.1705994624644518,3.1664,,1,0,0
ReflectionRefresh,1469,2.518197288736701,2.5173,,1,0,0
ReflectionRefresh,1470,2.8541029896587133,2.8467,,1,0,0
ReflectionRefresh,1471,2.931597176939249,2.93,,1,0,0
ReflectionRefresh,1472,2.7784013655036688,2.773,,1,0,0
ReflectionRefresh,1473,2.8832978568971157,2.8811,,1,0,0
ReflectionRefresh,1474,2.5982994120568037,2.5922,,1,0,0
ReflectionRefresh,1475,2.9963010456413031,2.9979,,1,0,0
ReflectionRefresh,1476,3.2007014378905296,3.1949,,1,0,0
ReflectionRefresh,1477,3.2250001095235348,3.2206,,1,0,0
ReflectionRefresh,1478,2.5354025419801474,2.5336,,1,0,0
ReflectionRefresh,1479,2.7386974543333054,2.7388,,1,0,0
ReflectionRefresh,1480,2.6436012703925371,2.6398,,1,0,0
ReflectionRefresh,1481,3.8209962658584118,3.8147,,1,0,0
ReflectionRefresh,1482,2.3215985856950283,2.3179,,1,0,0
ReflectionRefresh,1483,3.7296060472726822,3.7306,,1,0,0
ReflectionRefresh,1484,2.6646966580301523,2.6582,,1,0,0
ReflectionRefresh,1485,2.4594033602625132,2.4577,,1,0,0
ReflectionRefresh,1486,2.5514950975775719,2.5473,,1,0,0
ReflectionRefresh,1487,2.4470025673508644,2.4445,,1,0,0
ReflectionRefresh,1488,3.7589995190501213,3.7583,,1,0,0
ReflectionRefresh,1489,2.4597009178251028,2.4528,,1,0,0
ReflectionRefresh,1490,3.2305980566889048,3.2283,,1,0,0
ReflectionRefresh,1491,2.4330995511263609,2.4295,,1,0,0
ReflectionRefresh,1492,3.0606009531766176,3.0601,,1,0,0
ReflectionRefresh,1493,2.4883998557925224,2.4833,,1,0,0
ReflectionRefresh,1494,3.2281037420034409,3.2291,,1,0,0
ReflectionRefresh,1495,3.5719955340027809,3.5671,,1,0,0
ReflectionRefresh,1496,2.8924036305397749,2.8898,,1,0,0
ReflectionRefresh,1497,3.2742985058575869,3.2708,,1,0,0
ReflectionRefresh,1498,2.7664965018630028,2.7623,,1,0,0
ReflectionRefresh,1499,3.1400013249367476,3.14,,1,0,0
ReflectionRefresh,1500,2.4103033356368542,2.4047,,1,0,0
ReflectionRefresh,1501,2.5896967854350805,2.5898,,1,0,0
ReflectionRefresh,1502,3.8285006303340197,3.8235,,1,0,0
ReflectionRefresh,1503,2.6659013237804174,2.6611,,1,0,0
ReflectionRefresh,1504,3.2549956813454628,3.2538,,1,0,0
ReflectionRefresh,1505,2.7141014579683542,2.7022,,1,0,0
ReflectionRefresh,1506,2.4183036293834448,2.4145,,1,0,0
ReflectionRefresh,1507,2.3487953003495932,2.3536,,1,0,0
ReflectionRefresh,1508,2.9538052622228861,2.9409,,1,0,0
ReflectionRefresh,1509,3.1237953808158636,3.1215,,1,0,0
ReflectionRefresh,1510,4.037804901599884,4.0373,,1,0,0
ReflectionRefresh,1511,2.6953939814120531,2.6861,,1,0,0
ReflectionRefresh,1512,2.36270553432405,2.3607,,1,0,0
ReflectionRefresh,1513,3.5046981647610664,3.505,,1,0,0
ReflectionRefresh,1514,3.3992985263466835,3.3927,,1,0,0
ReflectionRefresh,1515,3.1820011790841818,3.1785,,1,0,0
ReflectionRefresh,1516,3.0644983053207397,3.0668,,1,0,0
ReflectionRefresh,1517,2.6425027754157782,2.6329,,1,0,0
ReflectionRefresh,1518,2.5974984746426344,2.5944,,1,0,0
ReflectionRefresh,1519,4.0856008417904377,4.0852,,1,0,0
ReflectionRefresh,1520,2.790199825540185,2.7868,,1,0,0
ReflectionRefresh,1521,3.2033021561801434,3.1956,,1,0,0
ReflectionRefresh,1522,3.0879960395395756,3.0854,,1,0,0
ReflectionRefresh,1523,2.845904091373086,2.8425,,1,0,0
ReflectionRefresh,1524,3.306094091385603,3.2589,,1,0,0
ReflectionRefresh,1525,2.71760206669569,2.7103,,1,0,0
ReflectionRefresh,1526,3.2722009345889091,3.2726,,1,0,0
ReflectionRefresh,1527,3.1888037919998169,3.1854,,1,0,0
ReflectionRefresh,1528,2.663095248863101,2.6582,,1,0,0
ReflectionRefresh,1529,3.1959041953086853,3.1955,,1,0,0
ReflectionRefresh,1530,3.6202948540449142,3.6172,,1,0,0
ReflectionRefresh,1531,2.4285998661071062,2.4212,,1,0,0
ReflectionRefresh,1532,3.383503295481205,3.3835,,1,0,0
ReflectionRefresh,1533,2.7895974926650524,2.7835,,1,0,0
ReflectionRefresh,1534,2.7081987354904413,2.7073,,1,0,0
ReflectionRefresh,1535,3.2071003224700689,3.2039,,1,0,0
ReflectionRefresh,1536,2.7607993688434362,2.7549,,1,0,0
ReflectionRefresh,1537,3.2617063261568546,3.2595,,1,0,0
ReflectionRefresh,1538,3.1118977349251509,3.109,,1,0,0
ReflectionRefresh,1539,2.2840986493974924,2.2813,,1,0,0
ReflectionRefresh,1540,3.680697176605463,3.6801,,1,0,0
ReflectionRefresh,1541,2.5323058944195509,2.5261,,1,0,0
ReflectionRefresh,1542,2.4158942978829145,2.414,,1,0,0
ReflectionRefresh,1543,3.1020054593682289,3.0998,,1,0,0
ReflectionRefresh,1544,2.6043013203889132,2.599,,1,0,0
ReflectionRefresh,1545,3.2419997733086348,3.2397,,1,0,0
ReflectionRefresh,1546,2.5835954584181309,2.5798,,1,0,0
ReflectionRefresh,1547,3.2484978437423706,3.2497,,1,0,0
ReflectionRefresh,1548,2.3972010239958763,2.3899,,1,0,0
ReflectionRefresh,1549,2.8227041475474834,2.8214,,1,0,0
ReflectionRefresh,1550,3.2020974904298782,3.2007,,1,0,0
ReflectionRefresh,1551,3.254804527387023,3.2489,,1,0,0
ReflectionRefresh,1552,2.53889593295753,2.5356,,1,0,0
ReflectionRefresh,1553,3.2024022657424212,3.2006,,1,0,0
ReflectionRefresh,1554,2.5061012711375952,2.5014,,1,0,0
ReflectionRefresh,1555,2.9235968831926584,2.9208,,1,0,0
ReflectionRefresh,1556,3.2794997096061707,3.2779,,1,0,0
ReflectionRefresh,1557,3.0707980040460825,3.0634,,1,0,0
ReflectionRefresh,1558,2.4631023406982422,2.4576,,1,0,0
ReflectionRefresh,1559,3.1558035407215357,3.1577,,1,0,0
ReflectionRefresh,1560,2.6214993558824062,2.6138,,1,0,0
ReflectionRefresh,1561,3.4637968055903912,3.466,,1,0,0
ReflectionRefresh,1562,3.1049037352204323,3.0964,,1,0,0
ReflectionRefresh,1563,3.6086947657167912,3.6055,,1,0,0
ReflectionRefresh,1564,2.3527990560978651,2.3504,,1,0,0
ReflectionRefresh,1565,2.9182042926549911,2.9176,,1,0,0
ReflectionRefresh,1566,2.8701955452561378,2.8636,,1,0,0
ReflectionRefresh,1567,2.7829010505229235,2.7826,,1,0,0
ReflectionRefresh,1568,3.0063989106565714,3.001,,1,0,0
ReflectionRefresh,1569,3.4915036521852016,3.4891,,1,0,0
ReflectionRefresh,1570,2.5535998865962029,2.5527,,1,0,0
ReflectionRefresh,1571,2.8509991243481636,2.8425,,1,0,0
ReflectionRefresh,1572,2.6034014299511909,2.5966,,1,0,0
ReflectionRefresh,1573,2.9472010210156441,2.9465,,1,0,0
ReflectionRefresh,1574,2.5445010978728533,2.5427,,1,0,0
ReflectionRefresh,1575,2.7062995359301567,2.7022,,1,0,0
ReflectionRefresh,1576,2.791496692225337,2.7853,,1,0,0
ReflectionRefresh,1577,2.5933035649359226,2.5894,,1,0,0
ReflectionRefresh,1578,2.9947988223284483,2.9922,,1,0,0
ReflectionRefresh,1579,3.222201019525528,3.2202,,1,0,0
ReflectionRefresh,1580,2.9598001856356859,2.9554,,1,0,0
ReflectionRefresh,1581,2.9402989894151688,2.9356,,1,0,0
ReflectionRefresh,1582,3.0607993248850107,3.0619,,1,0,0
ReflectionRefresh,1583,3.6761974915862083,3.6695,,1,0,0
ReflectionRefresh,1584,3.3853033091872931,3.3826,,1,0,0
ReflectionRefresh,1585,2.8958970215171576,2.8945,,1,0,0
ReflectionRefresh,1586,3.0224986840039492,3.0153,,1,0,0
ReflectionRefresh,1587,2.4745040573179722,2.471,,1,0,0
ReflectionRefresh,1588,2.9603953007608652,2.9599,,1,0,0
ReflectionRefresh,1589,4.0058037266135216,3.9998,,1,0,0
ReflectionRefresh,1590,2.7152991387993097,2.7143,,1,0,0
ReflectionRefresh,1591,2.6312004774808884,2.6277,,1,0,0
ReflectionRefresh,1592,3.1755031086504459,3.173,,1,0,0
ReflectionRefresh,1593,2.6098992675542831,2.6057,,1,0,0
ReflectionRefresh,1594,3.2778983004391193,3.2759,,1,0,0
ReflectionRefresh,1595,2.6230018120259047,2.6192,,1,0,0
ReflectionRefresh,1596,4.8413975164294243,4.8387,,1,0,0
ReflectionRefresh,1597,2.8446002397686243,2.8413,,1,0,0
ReflectionRefresh,1598,2.8497024904936552,2.848,,1,0,0
ReflectionRefresh,1599,3.1457978766411543,3.1423,,1,0,0
ReflectionRefresh,1600,2.8381024021655321,2.8385,,1,0,0
ReflectionRefresh,1601,2.68390029668808,2.6755,,1,0,0
ReflectionRefresh,1602,2.7626983355730772,2.7602,,1,0,0
ReflectionRefresh,1603,2.8463010676205158,2.844,,1,0,0
ReflectionRefresh,1604,3.080498892813921,3.0815,,1,0,0
ReflectionRefresh,1605,3.1151005532592535,3.1082,,1,0,0
ReflectionRefresh,1606,3.0125000048428774,3.0085,,1,0,0
ReflectionRefresh,1607,2.7594955172389746,2.7566,,1,0,0
ReflectionRefresh,1608,2.8479024767875671,2.8477,,1,0,0
ReflectionRefresh,1609,2.6415036991238594,2.6347,,1,0,0
ReflectionRefresh,1610,3.0752976890653372,3.0863,,1,0,0
ReflectionRefresh,1611,2.9296982102096081,2.9065,,1,0,0
ReflectionRefresh,1612,3.0273029115051031,3.0266,,1,0,0
ReflectionRefresh,1613,2.8166950214654207,2.8103,,1,0,0
ReflectionRefresh,1614,2.9704009648412466,2.9692,,1,0,0
ReflectionRefresh,1615,2.9291028622537851,2.9243,,1,0,0
ReflectionRefresh,1616,3.2632015645504,3.2638,,1,0,0
ReflectionRefresh,1617,2.6010982692241669,2.5943,,1,0,0
ReflectionRefresh,1618,3.68879665620625,3.6862,,1,0,0
ReflectionRefresh,1619,2.7771044988185167,2.7745,,1,0,0
ReflectionRefresh,1620,3.4925949294120073,3.4902,,1,0,0
ReflectionRefresh,1621,2.9265023767948151,2.9216,,1,0,0
ReflectionRefresh,1622,3.0398028902709484,3.0415,,1,0,0
ReflectionRefresh,1623,3.1598992645740509,3.1521,,1,0,0
ReflectionRefresh,1624,2.835296094417572,2.8326,,1,0,0
ReflectionRefresh,1625,2.8454011771827936,2.8452,,1,0,0
ReflectionRefresh,1626,3.2224985770881176,3.2172,,1,0,0
ReflectionRefresh,1627,2.7016014792025089,2.6955,,1,0,0
ReflectionRefresh,1628,2.8382015880197287,2.8377,,1,0,0
ReflectionRefresh,1629,2.710296306759119,2.7042,,1,0,0
ReflectionRefresh,1630,3.4617064520716667,3.4599,,1,0,0
ReflectionRefresh,1631,3.0593962874263525,3.0548,,1,0,0
ReflectionRefresh,1632,3.0995039269328117,3.0998,,1,0,0
ReflectionRefresh,1633,2.5637967046350241,2.5593,,1,0,0
ReflectionRefresh,1634,3.3581987954676151,3.358,,1,0,0
ReflectionRefresh,1635,2.5766014587134123,2.574,,1,0,0
ReflectionRefresh,1636,3.6580003798007965,3.648,,1,0,0
ReflectionRefresh,1637,2.5097010657191277,2.507,,1,0,0
ReflectionRefresh,1638,3.2796980813145638,3.2801,,1,0,0
ReflectionRefresh,1639,2.6135982479900122,2.6078,,1,0,0
ReflectionRefresh,1640,3.4397037234157324,3.4386,,1,0,0
ReflectionRefresh,1641,2.6470946613699198,2.6418,,1,0,0
ReflectionRefresh,1642,2.8401997406035662,2.8368,,1,0,0
ReflectionRefresh,1643,2.8811010997742414,2.88,,1,0,0
ReflectionRefresh,1644,2.5979024358093739,2.5935,,1,0,0
ReflectionRefresh,1645,2.5865009520202875,2.5849,,1,0,0
ReflectionRefresh,1646,3.0497023835778236,3.0478,,1,0,0
ReflectionRefresh,1647,2.8739937115460634,2.8695,,1,0,0
ReflectionRefresh,1648,2.56130238994956,2.5554,,1,0,0
ReflectionRefresh,1649,2.7915036771446466,2.7934,,1,0,0
ReflectionRefresh,1650,2.5752976071089506,2.5698,,1,0,0
ReflectionRefresh,1651,3.2088009174913168,3.2067,,1,0,0
ReflectionRefresh,1652,2.8717969544231892,2.8648,,1,0,0
ReflectionRefresh,1653,3.2075042836368084,3.2081,,1,0,0
ReflectionRefresh,1654,3.2420989591628313,3.2387,,1,0,0
ReflectionRefresh,1655,2.6006945408880711,2.5969,,1,0,0
ReflectionRefresh,1656,2.5365008041262627,2.5315,,1,0,0
ReflectionRefresh,1657,2.5230017490684986,2.5198,,1,0,0
ReflectionRefresh,1658,2.8884990606456995,2.8879,,1,0,0
ReflectionRefresh,1659,2.5276998057961464,2.5234,,1,0,0
ReflectionRefresh,1660,2.794905100017786,2.7888,,1,0,0
ReflectionRefresh,1661,3.0641935300081968,3.0636,,1,0,0
ReflectionRefresh,1662,2.8915037401020527,2.8849,,1,0,0
ReflectionRefresh,1663,2.8866000939160585,2.8829,,1,0,0
ReflectionRefresh,1664,2.9248015489429235,2.9221,,1,0,0
ReflectionRefresh,1665,2.6671981904655695,2.6622,,1,0,0
ReflectionRefresh,1666,3.0223000794649124,3.0224,,1,0,0
ReflectionRefresh,1667,2.4821003898978233,2.4797,,1,0,0
ReflectionRefresh,1668,3.2767998054623604,3.2728,,1,0,0
ReflectionRefresh,1669,2.3973993957042694,2.3923,,1,0,0
ReflectionRefresh,1670,2.992098918184638,2.9885,,1,0,0
ReflectionRefresh,1671,3.0392999760806561,3.0375,,1,0,0
ReflectionRefresh,1672,2.7652990538626909,2.7592,,1,0,0
ReflectionRefresh,1673,2.4071994703263044,2.4051,,1,0,0
ReflectionRefresh,1674,4.0354025550186634,4.0347,,1,0,0
ReflectionRefresh,1675,3.2420989591628313,3.2362,,1,0,0
ReflectionRefresh,1676,2.8319018892943859,2.8324,,1,0,0
ReflectionRefresh,1677,2.728302264586091,2.7184,,1,0,0
ReflectionRefresh,1678,3.0296980403363705,3.0268,,1,0,0
ReflectionRefresh,1679,2.941198879852891,2.9377,,1,0,0
ReflectionRefresh,1680,2.7098001446574926,2.7093,,1,0,0
ReflectionRefresh,1681,3.4458970185369253,3.4386,,1,0,0
ReflectionRefresh,1682,2.5478033348917961,2.5424,,1,0,0
ReflectionRefresh,1683,3.1572987791150808,3.1519,,1,0,0
ReflectionRefresh,1684,3.1564980745315552,3.1569,,1,0,0
ReflectionRefresh,1685,3.5767005756497383,3.5691,,1,0,0
ReflectionRefresh,1686,3.3583049662411213,3.3547,,1,0,0
ReflectionRefresh,1687,2.5759991258382797,2.5731,,1,0,0
ReflectionRefresh,1688,2.6362952776253223,2.6353,,1,0,0
ReflectionRefresh,1689,2.8285998851060867,2.8241,,1,0,0
ReflectionRefresh,1690,2.7098993305116892,2.7111,,1,0,0
ReflectionRefresh,1691,2.9552013147622347,2.9489,,1,0,0
ReflectionRefresh,1692,2.6753046549856663,2.6666,,1,0,0
ReflectionRefresh,1693,3.33429710008204,3.3334,,1,0,0
ReflectionRefresh,1694,2.4577027652412653,2.4516,,1,0,0
ReflectionRefresh,1695,3.1995961908251047,3.2012,,1,0,0
ReflectionRefresh,1696,4.2419005185365677,4.2369,,1,0,0
ReflectionRefresh,1697,2.4263039231300354,2.4195,,1,0,0
ReflectionRefresh,1698,3.4162981901317835,3.414,,1,0,0
ReflectionRefresh,1699,2.6830995921045542,2.6799,,1,0,0
ReflectionRefresh,1700,3.0333970207720995,3.0332,,1,0,0
ReflectionRefresh,1701,2.5658020749688148,2.5599,,1,0,0
ReflectionRefresh,1702,2.4438987020403147,2.4411,,1,0,0
ReflectionRefresh,1703,2.9025014955550432,2.9019,,1,0,0
ReflectionRefresh,1704,2.4463010486215353,2.4405,,1,0,0
ReflectionRefresh,1705,2.9805980157107115,2.9778,,1,0,0
ReflectionRefresh,1706,3.9711026474833488,3.9698,,1,0,0
ReflectionRefresh,1707,3.0272959265857935,3.0246,,1,0,0
ReflectionRefresh,1708,2.5761055294424295,2.5709,,1,0,0
ReflectionRefresh,1709,3.8247944321483374,3.823,,1,0,0
ReflectionRefresh,1710,2.9448058921843767,2.9417,,1,0,0
ReflectionRefresh,1711,2.9137968085706234,2.9074,,1,0,0
ReflectionRefresh,1712,2.5447986554354429,2.54,,1,0,0
ReflectionRefresh,1713,3.456703620031476,3.4566,,1,0,0
ReflectionRefresh,1714,2.5782950688153505,2.5737,,1,0,0
ReflectionRefresh,1715,3.905704477801919,3.9021,,1,0,0
ReflectionRefresh,1716,2.6919005904346704,2.6882,,1,0,0
ReflectionRefresh,1717,3.5941964015364647,3.5889,,1,0,0
ReflectionRefresh,1718,2.6160005945712328,2.6118,,1,0,0
ReflectionRefresh,1719,3.4535997547209263,3.4551,,1,0,0
ReflectionRefresh,1720,4.2000990360975266,4.192,,1,0,0
ReflectionRefresh,1721,2.89350189268589,2.8901,,1,0,0
ReflectionRefresh,1722,3.4251983743160963,3.4262,,1,0,0
ReflectionRefresh,1723,2.4596017319709063,2.453,,1,0,0
ReflectionRefresh,1724,2.7162982150912285,2.7145,,1,0,0
ReflectionRefresh,1725,4.0473002009093761,4.3707,,1,0,0
ReflectionRefresh,1726,3.5246030893176794,3.1897,,1,0,0
ReflectionRefresh,1727,2.6004959363490343,2.5996,,1,0,0
ReflectionRefresh,1728,3.113102400675416,3.1085,,1,0,0
ReflectionRefresh,1729,2.6316964067518711,2.625,,1,0,0
ReflectionRefresh,1730,3.33090266212821,3.3311,,1,0,0
ReflectionRefresh,1731,2.6312996633350849,2.6235,,1,0,0
ReflectionRefresh,1732,3.7009990774095058,3.6986,,1,0,0
ReflectionRefresh,1733,2.5775013491511345,2.5745,,1,0,0
ReflectionRefresh,1734,3.3480017445981503,3.3457,,1,0,0
ReflectionRefresh,1735,2.6669004000723362,2.6644,,1,0,0
ReflectionRefresh,1736,3.6313987802714109,3.6318,,1,0,0
ReflectionRefresh,1737,2.5359976571053267,2.5283,,1,0,0
ReflectionRefresh,1738,2.7671980205923319,2.7676,,1,0,0
ReflectionRefresh,1739,3.468905808404088,3.4664,,1,0,0
ReflectionRefresh,1740,2.6803996879607439,2.6742,,1,0,0
ReflectionRefresh,1741,3.3092971425503492,3.3066,,1,0,0
ReflectionRefresh,1742,2.9997024685144424,3.0012,,1,0,0
ReflectionRefresh,1743,2.8491001576185226,2.8402,,1,0,0
ReflectionRefresh,1744,2.8377976268529892,2.8368,,1,0,0
ReflectionRefresh,1745,2.4784014094620943,2.4736,,1,0,0
ReflectionRefresh,1746,3.2340986654162407,3.2324,,1,0,0
ReflectionRefresh,1747,3.1759990379214287,3.167,,1,0,0
ReflectionRefresh,1748,2.52760061994195,2.5266,,1,0,0
ReflectionRefresh,1749,3.7948980461806059,3.79,,1,0,0
ReflectionRefresh,1750,2.7642007917165756,2.7592,,1,0,0
ReflectionRefresh,1751,2.8800028376281261,2.8783,,1,0,0
ReflectionRefresh,1752,3.07290256023407,3.0652,,1,0,0
ReflectionRefresh,1753,2.6984978467226028,2.6977,,1,0,0
ReflectionRefresh,1754,2.6793011929839849,2.6736,,1,0,0
ReflectionRefresh,1755,2.565398346632719,2.5598,,1,0,0
ReflectionRefresh,1756,2.7464993763715029,2.7487,,1,0,0
ReflectionRefresh,1757,3.6690973211079836,3.6596,,1,0,0
ReflectionRefresh,1758,2.7895052917301655,2.787,,1,0,0
ReflectionRefresh,1759,2.4973994586616755,2.4953,,1,0,0
ReflectionRefresh,1760,2.5972009170800447,2.5928,,1,0,0
ReflectionRefresh,1761,3.1844954937696457,3.1848,,1,0,0
ReflectionRefresh,1762,2.4517006240785122,2.4458,,1,0,0
ReflectionRefresh,1763,4.1687996126711369,4.1671,,1,0,0
ReflectionRefresh,1764,2.7929989155381918,2.7903,,1,0,0
ReflectionRefresh,1765,3.08120041154325,3.077,,1,0,0
ReflectionRefresh,1766,2.7892999351024628,2.7812,,1,0,0
ReflectionRefresh,1767,2.7993055991828442,2.8002,,1,0,0
ReflectionRefresh,1768,3.2586946617811918,3.2517,,1,0,0
ReflectionRefresh,1769,3.2005030661821365,3.1996,,1,0,0
ReflectionRefresh,1770,2.857596380636096,2.8505,,1,0,0
ReflectionRefresh,1771,2.8541029896587133,2.845,,1,0,0
ReflectionRefresh,1772,2.5280965492129326,2.5244,,1,0,0
ReflectionRefresh,1773,2.840306144207716,2.8402,,1,0,0
ReflectionRefresh,1774,3.1659933738410473,3.1633,,1,0,0
ReflectionRefresh,1775,4.7687003389000893,4.7647,,1,0,0
ReflectionRefresh,1776,2.3708050139248371,2.367,,1,0,0
ReflectionRefresh,1777,2.9384992085397243,2.9345,,1,0,0
ReflectionRefresh,1778,4.20029740780592,4.2007,,1,0,0
ReflectionRefresh,1779,3.3832979388535023,3.3741,,1,0,0
ReflectionRefresh,1780,2.9178005643188953,2.9146,,1,0,0
ReflectionRefresh,1781,3.315001493319869,3.3115,,1,0,0
ReflectionRefresh,1782,2.9391015414148569,2.9352,,1,0,0
ReflectionRefresh,1783,2.7139030862599611,2.7105,,1,0,0
ReflectionRefresh,1784,3.7711947225034237,3.7709,,1,0,0
ReflectionRefresh,1785,2.7821003459393978,2.7752,,1,0,0
ReflectionRefresh,1786,3.4624007530510426,3.4609,,1,0,0
ReflectionRefresh,1787,4.3178005144000053,4.3078,,1,0,0
ReflectionRefresh,1788,3.1988024711608887,3.1956,,1,0,0
ReflectionRefresh,1789,3.1571995932608843,3.1541,,1,0,0
ReflectionRefresh,1790,3.5027989652007818,3.5028,,1,0,0
ReflectionRefresh,1791,3.5687997005879879,3.5608,,1,0,0
ReflectionRefresh,1792,3.0384990386664867,3.0345,,1,0,0
ReflectionRefresh,1793,4.1486038826406,4.1476,,1,0,0
ReflectionRefresh,1794,2.8450964018702507,2.8406,,1,0,0
ReflectionRefresh,1795,3.55269992724061,3.5443,,1,0,0
ReflectionRefresh,1796,3.03280190564692,3.0302,,1,0,0
ReflectionRefresh,1797,2.878798171877861,2.8759,,1,0,0
ReflectionRefresh,1798,4.1604023426771164,4.1556,,1,0,0
ReflectionRefresh,1799,3.0055979732424021,3.0051,,1,0,0
ReflectionRefresh,1800,2.84280045889318,2.8379,,1,0,0
ReflectionRefresh,1801,2.9583971481770277,2.957,,1,0,0
ReflectionRefresh,1802,3.35099920630455,3.3451,,1,0,0
ReflectionRefresh,1803,2.8385061305016279,2.8358,,1,0,0
ReflectionRefresh,1804,2.7633998543024063,2.7596,,1,0,0
ReflectionRefresh,1805,2.9078940860927105,2.8971,,1,0,0
ReflectionRefresh,1806,2.9905044939368963,2.989,,1,0,0
ReflectionRefresh,1807,2.8281959239393473,2.8215,,1,0,0
ReflectionRefresh,1808,2.953103743493557,2.9556,,1,0,0
ReflectionRefresh,1809,3.4164965618401766,3.409,,1,0,0
ReflectionRefresh,1810,2.9167020693421364,2.9103,,1,0,0
ReflectionRefresh,1811,2.9267007485032082,2.924,,1,0,0
ReflectionRefresh,1812,2.4259991478174925,2.4239,,1,0,0
ReflectionRefresh,1813,4.0034013800323009,4.0028,,1,0,0
ReflectionRefresh,1814,2.5527989491820335,2.5457,,1,0,0
ReflectionRefresh,1815,3.0553005635738373,3.0505,,1,0,0
ReflectionRefresh,1816,2.6294004637748003,2.6251,,1,0,0
ReflectionRefresh,1817,2.8922972269356251,2.8924,,1,0,0
ReflectionRefresh,1818,2.645805012434721,2.6404,,1,0,0
ReflectionRefresh,1819,3.3659934997558594,3.3687,,1,0,0
ReflectionRefresh,1820,2.6857000775635242,2.6706,,1,0,0
ReflectionRefresh,1821,3.0792020261287689,3.0724,,1,0,0
ReflectionRefresh,1822,2.8519982006400824,2.8466,,1,0,0
ReflectionRefresh,1823,3.1002054456621408,3.1002,,1,0,0
ReflectionRefresh,1824,3.06150084361434,3.0542,,1,0,0
ReflectionRefresh,1825,2.9998936224728823,3.0001,,1,0,0
ReflectionRefresh,1826,2.4673044681549072,2.4607,,1,0,0
ReflectionRefresh,1827,3.1328019686043262,3.1329,,1,0,0
ReflectionRefresh,1828,2.5897959712892771,2.5815,,1,0,0
ReflectionRefresh,1829,4.2689978145062923,4.2698,,1,0,0
ReflectionRefresh,1830,2.3964003194123507,2.3898,,1,0,0
ReflectionRefresh,1831,3.3115008845925331,3.3118,,1,0,0
ReflectionRefresh,1832,2.5849984958767891,2.5779,,1,0,0
ReflectionRefresh,1833,3.045202698558569,3.0454,,1,0,0
ReflectionRefresh,1834,3.7862032186239958,3.7782,,1,0,0
ReflectionRefresh,1835,2.9095946811139584,2.9094,,1,0,0
ReflectionRefresh,1836,2.6627054903656244,2.6558,,1,0,0
ReflectionRefresh,1837,2.8082979843020439,2.8096,,1,0,0
ReflectionRefresh,1838,2.8815972618758678,2.875,,1,0,0
ReflectionRefresh,1839,3.6353033501654863,3.6315,,1,0,0
ReflectionRefresh,1840,2.4688988924026489,2.4665,,1,0,0
ReflectionRefresh,1841,3.1648029107600451,3.166,,1,0,0
ReflectionRefresh,1842,2.62410007417202,2.6194,,1,0,0
ReflectionRefresh,1843,3.1935940496623516,3.1872,,1,0,0
ReflectionRefresh,1844,2.6875000912696123,2.6853,,1,0,0
ReflectionRefresh,1845,3.3552013337612152,3.3575,,1,0,0
ReflectionRefresh,1846,2.78870458714664,2.7786,,1,0,0
ReflectionRefresh,1847,3.2954933121800423,3.2966,,1,0,0
ReflectionRefresh,1848,2.6059027295559645,2.5997,,1,0,0
ReflectionRefresh,1849,2.8434027917683125,2.8406,,1,0,0
ReflectionRefresh,1850,2.7847010642290115,2.7819,,1,0,0
ReflectionRefresh,1851,2.8931973502039909,2.8902,,1,0,0
ReflectionRefresh,1852,3.3267999533563852,3.3243,,1,0,0
ReflectionRefresh,1853,3.0436012893915176,3.041,,1,0,0
ReflectionRefresh,1854,3.2608986366540194,3.2568,,1,0,0
ReflectionRefresh,1855,3.7330002523958683,3.7257,,1,0,0
ReflectionRefresh,1856,2.6307965163141489,2.6274,,1,0,0
ReflectionRefresh,1857,3.4627055283635855,3.4605,,1,0,0
ReflectionRefresh,1858,2.53290100954473,2.5263,,1,0,0
ReflectionRefresh,1859,2.7197988238185644,2.7227,,1,0,0
ReflectionRefresh,1860,2.6459963992238045,2.6373,,1,0,0
ReflectionRefresh,1861,4.2782030068337917,4.2772,,1,0,0
ReflectionRefresh,1862,2.8397960122674704,2.8334,,1,0,0
ReflectionRefresh,1863,2.930803457275033,2.9288,,1,0,0
ReflectionRefresh,1864,2.8631023596972227,2.8604,,1,0,0
ReflectionRefresh,1865,2.8967971447855234,2.8938,,1,0,0
ReflectionRefresh,1866,3.2064979895949364,3.2016,,1,0,0
ReflectionRefresh,1867,3.179705236107111,3.1773,,1,0,0
ReflectionRefresh,1868,2.5196995120495558,2.518,,1,0,0
ReflectionRefresh,1869,2.766595920547843,2.7594,,1,0,0
ReflectionRefresh,1870,3.5048043355345726,3.5027,,1,0,0
ReflectionRefresh,1871,3.391496604308486,3.3847,,1,0,0
ReflectionRefresh,1872,2.6378969196230173,2.6383,,1,0,0
ReflectionRefresh,1873,2.8466056101024151,2.8427,,1,0,0
ReflectionRefresh,1874,2.6454010512679815,2.6397,,1,0,0
ReflectionRefresh,1875,2.6112953200936317,2.6148,,1,0,0
ReflectionRefresh,1876,4.1509000584483147,4.1371,,1,0,0
ReflectionRefresh,1877,3.2772037666291,3.2752,,1,0,0
ReflectionRefresh,1878,2.8009000234305859,2.7982,,1,0,0
ReflectionRefresh,1879,3.4658943768590689,3.4634,,1,0,0
ReflectionRefresh,1880,2.642106031998992,2.6393,,1,0,0
ReflectionRefresh,1881,3.0531957745552063,3.0548,,1,0,0
ReflectionRefresh,1882,2.6080003008246422,2.6008,,1,0,0
ReflectionRefresh,1883,3.6219032481312752,3.6207,,1,0,0
ReflectionRefresh,1884,3.2401997596025467,3.2345,,1,0,0
ReflectionRefresh,1885,2.9208972118794918,2.913,,1,0,0
ReflectionRefresh,1886,2.4609977845102549,2.4617,,1,0,0
ReflectionRefresh,1887,3.3710033167153597,3.3656,,1,0,0
ReflectionRefresh,1888,2.6452026795595884,2.647,,1,0,0
ReflectionRefresh,1889,2.858099527657032,2.8518,,1,0,0
ReflectionRefresh,1890,2.5468962267041206,2.5403,,1,0,0
ReflectionRefresh,1891,2.8203018009662628,2.8223,,1,0,0
ReflectionRefresh,1892,2.7913975063711405,2.7844,,1,0,0
ReflectionRefresh,1893,3.0705993995070457,3.0667,,1,0,0
ReflectionRefresh,1894,2.7105016633868217,2.7114,,1,0,0
ReflectionRefresh,1895,2.6121032424271107,2.6065,,1,0,0
ReflectionRefresh,1896,3.1593963503837585,3.158,,1,0,0
ReflectionRefresh,1897,2.6812003925442696,2.676,,1,0,0
ReflectionRefresh,1898,2.9551021289080381,2.9542,,1,0,0
ReflectionRefresh,1899,3.7322987336665392,3.7284,,1,0,0
ReflectionRefresh,1900,2.888399874791503,2.88,,1,0,0
ReflectionRefresh,1901,2.6206986512988806,2.6165,,1,0,0
ReflectionRefresh,1902,3.1191043090075254,3.1195,,1,0,0
ReflectionRefresh,1903,3.3077946864068508,3.3008,,1,0,0
ReflectionRefresh,1904,2.890703035518527,2.8891,,1,0,0
ReflectionRefresh,1905,2.5740007404237986,2.5707,,1,0,0
ReflectionRefresh,1906,2.9620961286127567,2.9622,,1,0,0
ReflectionRefresh,1907,2.5029054377228022,2.4964,,1,0,0
ReflectionRefresh,1908,2.9623936861753464,2.9611,,1,0,0
ReflectionRefresh,1909,3.1081065535545349,3.1029,,1,0,0
ReflectionRefresh,1910,3.2229945063591003,3.2217,,1,0,0
ReflectionRefresh,1911,2.678699092939496,2.6728,,1,0,0
ReflectionRefresh,1912,2.4528061039745808,2.448,,1,0,0
ReflectionRefresh,1913,2.9431972652673721,2.9421,,1,0,0
ReflectionRefresh,1914,2.9694018885493279,2.9684,,1,0,0
ReflectionRefresh,1915,3.0555981211364269,3.0472,,1,0,0
ReflectionRefresh,1916,2.9548965394496918,2.9526,,1,0,0
ReflectionRefresh,1917,2.6685020420700312,2.6661,,1,0,0
ReflectionRefresh,1918,2.6754038408398628,2.6761,,1,0,0
ReflectionRefresh,1919,3.508999478071928,3.5015,,1,0,0
ReflectionRefresh,1920,2.5726968888193369,2.5698,,1,0,0
ReflectionRefresh,1921,2.8840985614806414,2.8802,,1,0,0
ReflectionRefresh,1922,2.8098002076148987,2.8064,,1,0,0
ReflectionRefresh,1923,2.9615007806569338,2.9582,,1,0,0
ReflectionRefresh,1924,2.8168011922389269,2.8145,,1,0,0
ReflectionRefresh,1925,3.765901317819953,3.7618,,1,0,0
ReflectionRefresh,1926,2.7766015846282244,2.7726,,1,0,0
ReflectionRefresh,1927,2.9526997823268175,2.9505,,1,0,0
ReflectionRefresh,1928,2.6881943922489882,2.6834,,1,0,0
ReflectionRefresh,1929,2.879301318898797,2.8809,,1,0,0
ReflectionRefresh,1930,2.6890023145824671,2.6807,,1,0,0
ReflectionRefresh,1931,3.62650235183537,3.6269,,1,0,0
ReflectionRefresh,1932,2.6947988662868738,2.6877,,1,0,0
ReflectionRefresh,1933,2.6578018441796303,2.6563,,1,0,0
ReflectionRefresh,1934,2.5839994195848703,2.5772,,1,0,0
ReflectionRefresh,1935,2.6093963533639908,2.6109,,1,0,0
ReflectionRefresh,1936,2.9100978281348944,2.906,,1,0,0
ReflectionRefresh,1937,2.3537061642855406,2.3478,,1,0,0
ReflectionRefresh,1938,3.3807964064180851,3.3789,,1,0,0
ReflectionRefresh,1939,5.6904973462224007,5.6861,,1,0,0
ReflectionRefresh,1940,4.8457058146595955,4.8459,,1,0,0
ReflectionRefresh,1941,2.832893980666995,2.8277,,1,0,0
ReflectionRefresh,1942,2.8886054642498493,2.8857,,1,0,0
ReflectionRefresh,1943,2.7334962505847216,2.7302,,1,0,0
ReflectionRefresh,1944,3.6982994060963392,3.6956,,1,0,0
ReflectionRefresh,1945,2.8679987881332636,2.8683,,1,0,0
ReflectionRefresh,1946,2.9967050068080425,2.995,,1,0,0
ReflectionRefresh,1947,2.8164966497570276,2.8085,,1,0,0
ReflectionRefresh,1948,2.599900821223855,2.5973,,1,0,0
ReflectionRefresh,1949,4.2784013785421848,4.2794,,1,0,0
ReflectionRefresh,1950,2.822300186380744,2.8143,,1,0,0
ReflectionRefresh,1951,2.5404973421245813,2.538,,1,0,0
ReflectionRefresh,1952,3.1088010873645544,3.1104,,1,0,0
ReflectionRefresh,1953,2.9962018597871065,2.9877,,1,0,0
ReflectionRefresh,1954,3.6214003339409828,3.6178,,1,0,0
ReflectionRefresh,1955,2.7168013621121645,2.7147,,1,0,0
ReflectionRefresh,1956,3.0402990523725748,3.0379,,1,0,0
ReflectionRefresh,1957,2.8576955664902925,2.8562,,1,0,0
ReflectionRefresh,1958,2.9833049047738314,2.9806,,1,0,0
ReflectionRefresh,1959,2.55289813503623,2.5498,,1,0,0
ReflectionRefresh,1960,3.4029975067824125,3.3914,,1,0,0
ReflectionRefresh,1961,2.8204009868204594,2.8169,,1,0,0
ReflectionRefresh,1962,2.4031037464737892,2.3997,,1,0,0
ReflectionRefresh,1963,2.5401005987077951,2.5373,,1,0,0
ReflectionRefresh,1964,2.5599985383450985,2.5586,,1,0,0
ReflectionRefresh,1965,2.6431973092257977,2.6419,,1,0,0
ReflectionRefresh,1966,2.8978032059967518,2.8923,,1,0,0
ReflectionRefresh,1967,3.0966978520154953,3.0971,,1,0,0
ReflectionRefresh,1968,2.53030052408576,2.5265,,1,0,0
ReflectionRefresh,1969,2.9427013359963894,2.9398,,1,0,0
ReflectionRefresh,1970,2.3946003057062626,2.3883,,1,0,0
ReflectionRefresh,1971,4.1470946744084358,4.147,,1,0,0
ReflectionRefresh,1972,2.164200646802783,2.1589,,1,0,0
ReflectionRefresh,1973,2.3950042668730021,2.3937,,1,0,0
ReflectionRefresh,1974,3.1883006449788809,3.1862,,1,0,0
ReflectionRefresh,1975,2.4013959337025881,2.397,,1,0,0
ReflectionRefresh,1976,2.549000782892108,2.545,,1,0,0
ReflectionRefresh,1977,3.0230015981942415,3.0207,,1,0,0
ReflectionRefresh,1978,2.691496629267931,2.6911,,1,0,0
ReflectionRefresh,1979,2.3561012931168079,2.3503,,1,0,0
ReflectionRefresh,1980,2.7959041763097048,2.7947,,1,0,0
ReflectionRefresh,1981,2.5697988457977772,2.5647,,1,0,0
ReflectionRefresh,1982,2.4454011581838131,2.4469,,1,0,0
ReflectionRefresh,1983,3.2334963325411081,3.2268,,1,0,0
ReflectionRefresh,1984,2.2357993293553591,2.2333,,1,0,0
ReflectionRefresh,1985,2.7675027959048748,2.7683,,1,0,0
ReflectionRefresh,1986,2.6480017695575953,2.6432,,1,0,0
ReflectionRefresh,1987,2.8868976514786482,2.8855,,1,0,0
ReflectionRefresh,1988,2.4500992149114609,2.4445,,1,0,0
ReflectionRefresh,1989,2.5705003645271063,2.5694,,1,0,0
ReflectionRefresh,1990,3.6181972827762365,3.615,,1,0,0
ReflectionRefresh,1991,3.4181051887571812,3.4171,,1,0,0
ReflectionRefresh,1992,2.4770975578576326,2.4691,,1,0,0
ReflectionRefresh,1993,2.3016014602035284,2.3019,,1,0,0
ReflectionRefresh,1994,3.1857993453741074,3.1787,,1,0,0
ReflectionRefresh,1995,2.2929988335818052,2.2898,,1,0,0
ReflectionRefresh,1996,2.6276006828993559,2.6268,,1,0,0
ReflectionRefresh,1997,2.4373016785830259,2.4317,,1,0,0
ReflectionRefresh,1998,2.5854946579784155,2.5866,,1,0,0
ReflectionRefresh,1999,2.9161069542169571,2.9137,,1,0,0
ReflectionRefresh,2000,3.1503967475146055,3.1434,,1,0,0
ReflectionRefresh,2001,2.5119967758655548,2.5092,,1,0,0
ReflectionRefresh,2002,2.290802076458931,2.2881,,1,0,0
ReflectionRefresh,2003,2.4444018490612507,2.4439,,1,0,0
ReflectionRefresh,2004,2.284700982272625,2.278,,1,0,0
ReflectionRefresh,2005,3.1454011332243681,3.1459,,1,0,0
ReflectionRefresh,2006,2.8832978568971157,2.879,,1,0,0
ReflectionRefresh,2007,2.9431972652673721,2.9404,,1,0,0
ReflectionRefresh,2008,2.9861039947718382,2.9861,,1,0,0
ReflectionRefresh,2009,3.1500000040978193,3.1461,,1,0,0
ReflectionRefresh,2010,2.5687003508210182,2.5629,,1,0,0
ReflectionRefresh,2011,2.8902990743517876,2.8908,,1,0,0
ReflectionRefresh,2012,2.2760983556509018,2.27,,1,0,0
ReflectionRefresh,2013,2.7775014750659466,2.7799,,1,0,0
ReflectionRefresh,2014,2.3192956577986479,2.311,,1,0,0
ReflectionRefresh,2015,3.1240007374435663,3.1255,,1,0,0
ReflectionRefresh,2016,2.3092050105333328,2.3054,,1,0,0
ReflectionRefresh,2017,2.4773951154202223,2.474,,1,0,0
ReflectionRefresh,2018,3.0289045535027981,3.0226,,1,0,0
ReflectionRefresh,2019,2.923696069046855,2.9227,,1,0,0
ReflectionRefresh,2020,3.8577027153223753,3.8524,,1,0,0
ReflectionRefresh,2021,2.6040957309305668,2.601,,1,0,0
ReflectionRefresh,2022,2.5735048111528158,2.57,,1,0,0
ReflectionRefresh,2023,2.8823979664593935,2.8628,,1,0,0
ReflectionRefresh,2024,2.5688987225294113,2.5678,,1,0,0
ReflectionRefresh,2025,2.6187004987150431,2.6187,,1,0,0
ReflectionRefresh,2026,2.4749008007347584,2.4677,,1,0,0
ReflectionRefresh,2027,3.1922974158078432,3.1938,,1,0,0
ReflectionRefresh,2028,2.3272037506103516,2.3197,,1,0,0
ReflectionRefresh,2029,3.4798965789377689,3.4798,,1,0,0
ReflectionRefresh,2030,2.1651005372405052,2.1587,,1,0,0
ReflectionRefresh,2031,3.0427011661231518,3.0414,,1,0,0
ReflectionRefresh,2032,2.2791028022766113,2.2775,,1,0,0
ReflectionRefresh,2033,2.9243975877761841,2.9238,,1,0,0
ReflectionRefresh,2034,2.4945011828094721,2.491,,1,0,0
ReflectionRefresh,2035,3.4074971918016672,3.4054,,1,0,0
ReflectionRefresh,2036,2.6305981446057558,2.6217,,1,0,0
ReflectionRefresh,2037,2.3988024331629276,2.4009,,1,0,0
ReflectionRefresh,2038,2.6284013874828815,2.6221,,1,0,0
ReflectionRefresh,2039,2.4858985561877489,2.4808,,1,0,0
ReflectionRefresh,2040,2.952600596472621,2.9491,,1,0,0
ReflectionRefresh,2041,2.4217970203608274,2.4187,,1,0,0
ReflectionRefresh,2042,2.4804067797958851,2.478,,1,0,0
ReflectionRefresh,2043,2.6325962971895933,2.6333,,1,0,0
ReflectionRefresh,2044,2.3026005364954472,2.2961,,1,0,0
ReflectionRefresh,2045,2.8109976556152105,2.8116,,1,0,0
ReflectionRefresh,2046,3.5473993048071861,3.5458,,1,0,0
ReflectionRefresh,2047,3.1806051265448332,3.1708,,1,0,0
ReflectionRefresh,2048,2.5719953700900078,2.5716,,1,0,0
ReflectionRefresh,2049,2.5407029315829277,2.5346,,1,0,0
ReflectionRefresh,2050,2.6624007150530815,2.6622,,1,0,0
ReflectionRefresh,2051,2.3745961952954531,2.3685,,1,0,0
ReflectionRefresh,2052,2.7012047357857227,2.7003,,1,0,0
ReflectionRefresh,2053,2.6312996633350849,2.6267,,1,0,0
ReflectionRefresh,2054,2.4650013074278831,2.4602,,1,0,0
ReflectionRefresh,2055,2.62709753587842,2.6232,,1,0,0
ReflectionRefresh,2056,2.625396940857172,2.6257,,1,0,0
ReflectionRefresh,2057,3.7043013144284487,3.6979,,1,0,0
ReflectionRefresh,2058,3.3067034091800451,3.3035,,1,0,0
ReflectionRefresh,2059,2.370394067838788,2.3672,,1,0,0
ReflectionRefresh,2060,3.335501765832305,3.3326,,1,0,0
ReflectionRefresh,2061,2.9276006389409304,2.9275,,1,0,0
ReflectionRefresh,2062,2.3465985432267189,2.3382,,1,0,0
ReflectionRefresh,2063,2.8860047459602356,2.8852,,1,0,0
ReflectionRefresh,2064,2.9272958636283875,2.9237,,1,0,0
ReflectionRefresh,2065,2.5093040894716978,2.5046,,1,0,0
ReflectionRefresh,2066,3.1050948891788721,3.0941,,1,0,0
ReflectionRefresh,2067,2.2946002427488565,2.2871,,1,0,0
ReflectionRefresh,2068,2.8958050534129143,2.8953,,1,0,0
ReflectionRefresh,2069,3.3911990467458963,3.3899,,1,0,0
ReflectionRefresh,2070,2.3510984610766172,2.3445,,1,0,0
ReflectionRefresh,2071,2.5651997420936823,2.5749,,1,0,0
ReflectionRefresh,2072,2.8420989401638508,2.8297,,1,0,0
ReflectionRefresh,2073,2.4193027056753635,2.416,,1,0,0
ReflectionRefresh,2074,2.2307964973151684,2.2271,,1,0,0
ReflectionRefresh,2075,4.1211023926734924,4.1189,,1,0,0
ReflectionRefresh,2076,2.167396480217576,2.1633,,1,0,0
ReflectionRefresh,2077,2.7565050404518843,2.7524,,1,0,0
ReflectionRefresh,2078,2.9880951624363661,2.9881,,1,0,0
ReflectionRefresh,2079,2.3709041997790337,2.3691,,1,0,0
ReflectionRefresh,2080,3.6715986207127571,3.6678,,1,0,0
ReflectionRefresh,2081,3.1517997849732637,3.1457,,1,0,0
ReflectionRefresh,2082,2.320500323548913,2.3165,,1,0,0
ReflectionRefresh,2083,3.0278982594609261,3.0283,,1,0,0
ReflectionRefresh,2084,2.3723994381725788,2.3657,,1,0,0
ReflectionRefresh,2085,2.9456987977027893,2.9459,,1,0,0
ReflectionRefresh,2086,2.9853032901883125,2.9823,,1,0,0
ReflectionRefresh,2087,2.2578018251806498,2.2526,,1,0,0
ReflectionRefresh,2088,3.1237953808158636,3.1284,,1,0,0
ReflectionRefresh,2089,2.5558036286383867,2.5407,,1,0,0
ReflectionRefresh,2090,2.3789966944605112,2.3753,,1,0,0
ReflectionRefresh,2091,3.3620039466768503,3.3594,,1,0,0
ReflectionRefresh,2092,2.4383999407291412,2.4358,,1,0,0
ReflectionRefresh,2093,2.4207979440689087,2.4181,,1,0,0
ReflectionRefresh,2094,2.7998015284538269,2.7974,,1,0,0
ReflectionRefresh,2095,2.6295988354831934,2.6269,,1,0,0
ReflectionRefresh,2096,2.7471017092466354,2.7474,,1,0,0
ReflectionRefresh,2097,2.6000000070780516,2.5965,,1,0,0
ReflectionRefresh,2098,2.5348993949592113,2.537,,1,0,0
ReflectionRefresh,2099,4.8625990748405457,4.8499,,1,0,0
ReflectionRefresh,2100,2.38800304941833,2.3834,,1,0,0
ReflectionRefresh,2101,2.6965986471623182,2.6962,,1,0,0
ReflectionRefresh,2102,2.6930980384349823,2.6889,,1,0,0
ReflectionRefresh,2103,2.9437004122883081,2.9434,,1,0,0
ReflectionRefresh,2104,2.7408022433519363,2.7347,,1,0,0
ReflectionRefresh,2105,2.9216979164630175,2.9199,,1,0,0
ReflectionRefresh,2106,2.8557965997606516,2.851,,1,0,0
ReflectionRefresh,2107,3.0562004540115595,3.0532,,1,0,0
ReflectionRefresh,2108,3.0050028581172228,3.0041,,1,0,0
ReflectionRefresh,2109,2.8735969681292772,2.8677,,1,0,0
ReflectionRefresh,2110,2.5437995791435242,2.5402,,1,0,0
ReflectionRefresh,2111,4.1352040134370327,4.135,,1,0,0
ReflectionRefresh,2112,2.8564981184899807,2.8499,,1,0,0
ReflectionRefresh,2113,3.4696995280683041,3.4675,,1,0,0
ReflectionRefresh,2114,2.750899875536561,2.7441,,1,0,0
ReflectionRefresh,2115,2.8175029437988997,2.8133,,1,0,0
ReflectionRefresh,2116,2.6257014833390713,2.6246,,1,0,0
ReflectionRefresh,2117,2.9058957006782293,2.9002,,1,0,0
ReflectionRefresh,2118,2.5553004816174507,2.5571,,1,0,0
ReflectionRefresh,2119,3.1206987332552671,3.1117,,1,0,0
ReflectionRefresh,2120,2.6873014867305756,2.6842,,1,0,0
ReflectionRefresh,2121,2.4045989848673344,2.4019,,1,0,0
ReflectionRefresh,2122,3.0968040227890015,3.0967,,1,0,0
ReflectionRefresh,2123,3.1597008928656578,3.1543,,1,0,0
ReflectionRefresh,2124,2.8602962847799063,2.8574,,1,0,0
ReflectionRefresh,2125,2.4759990628808737,2.4742,,1,0,0
ReflectionRefresh,2126,2.4798044469207525,2.4839,,1,0,0
ReflectionRefresh,2127,3.5151997581124306,3.5043,,1,0,0
ReflectionRefresh,2128,3.391496604308486,3.3892,,1,0,0
ReflectionRefresh,2129,2.7102041058242321,2.7106,,1,0,0
ReflectionRefresh,2130,2.9810941778123379,2.9747,,1,0,0
ReflectionRefresh,2131,2.6887047570198774,2.6889,,1,0,0
ReflectionRefresh,2132,2.927395049482584,2.9204,,1,0,0
ReflectionRefresh,2133,2.6040037628263235,2.6003,,1,0,0
ReflectionRefresh,2134,2.7512968517839909,2.7473,,1,0,0
ReflectionRefresh,2135,2.918601268902421,2.919,,1,0,0
ReflectionRefresh,2136,3.0150013044476509,3.0127,,1,0,0
ReflectionRefresh,2137,2.7267006225883961,2.7209,,1,0,0
ReflectionRefresh,2138,2.6795989833772182,2.6797,,1,0,0
ReflectionRefresh,2139,3.3016013912856579,3.2884,,1,0,0
ReflectionRefresh,2140,2.716900547966361,2.7143,,1,0,0
ReflectionRefresh,2141,3.0026005115360022,2.9977,,1,0,0
ReflectionRefresh,2142,2.338796854019165,2.3369,,1,0,0
ReflectionRefresh,2143,2.8416027780622244,2.8423,,1,0,0
ReflectionRefresh,2144,3.7410997319966555,3.7376,,1,0,0
ReflectionRefresh,2145,2.4392006453126669,2.432,,1,0,0
ReflectionRefresh,2146,2.5232001207768917,2.5225,,1,0,0
ReflectionRefresh,2147,3.1626983545720577,3.1572,,1,0,0
ReflectionRefresh,2148,2.3610969074070454,2.3584,,1,0,0
ReflectionRefresh,2149,2.6007015258073807,2.6002,,1,0,0
ReflectionRefresh,2150,3.1805981416255236,3.178,,1,0,0
ReflectionRefresh,2151,3.1293013598769903,3.1223,,1,0,0
ReflectionRefresh,2152,2.3457978386431932,2.3434,,1,0,0
ReflectionRefresh,2153,2.6644060853868723,2.6638,,1,0,0
ReflectionRefresh,2154,2.7021968271583319,2.6978,,1,0,0
ReflectionRefresh,2155,2.816199092194438,2.8108,,1,0,0
ReflectionRefresh,2156,3.0033022630959749,3.0016,,1,0,0
ReflectionRefresh,2157,3.8822987116873264,3.8786,,1,0,0
ReflectionRefresh,2158,2.5573980528861284,2.5514,,1,0,0
ReflectionRefresh,2159,2.5198059156537056,2.5208,,1,0,0
ReflectionRefresh,2160,3.8448979612439871,3.8416,,1,0,0
ReflectionRefresh,2161,2.504698233678937,2.4979,,1,0,0
ReflectionRefresh,2162,3.1982993241399527,3.1966,,1,0,0
ReflectionRefresh,2163,2.4407028686255217,2.4401,,1,0,0
ReflectionRefresh,2164,2.9223994351923466,2.9121,,1,0,0
ReflectionRefresh,2165,2.8913973364979029,2.8889,,1,0,0
ReflectionRefresh,2166,2.8687994927167892,2.8696,,1,0,0
ReflectionRefresh,2167,2.6488024741411209,2.642,,1,0,0
ReflectionRefresh,2168,2.4056972470134497,2.4062,,1,0,0
ReflectionRefresh,2169,2.7893991209566593,2.7839,,1,0,0
ReflectionRefresh,2170,2.5607000570744276,2.5542,,1,0,0
ReflectionRefresh,2171,2.5885063223540783,2.5901,,1,0,0
ReflectionRefresh,2172,2.7366001158952713,2.7315,,1,0,0
ReflectionRefresh,2173,2.9213931411504745,2.9187,,1,0,0
ReflectionRefresh,2174,2.4879039265215397,2.4836,,1,0,0
ReflectionRefresh,2175,2.8837018180638552,2.8784,,1,0,0
ReflectionRefresh,2176,2.6419996283948421,2.6345,,1,0,0
ReflectionRefresh,2177,2.8104945085942745,2.8124,,1,0,0
ReflectionRefresh,2178,2.6334042195230722,2.6156,,1,0,0
ReflectionRefresh,2179,2.3473994806408882,2.3409,,1,0,0
ReflectionRefresh,2180,2.9181973077356815,2.9173,,1,0,0
ReflectionRefresh,2181,2.3254039697349072,2.3192,,1,0,0
ReflectionRefresh,2182,3.1861960887908936,3.1832,,1,0,0
ReflectionRefresh,2183,2.5104025844484568,2.5358,,1,0,0
ReflectionRefresh,2184,4.1121030226349831,4.0758,,1,0,0
ReflectionRefresh,2185,2.6344954967498779,2.6321,,1,0,0
ReflectionRefresh,2186,2.7308035641908646,2.7299,,1,0,0
ReflectionRefresh,2187,2.882298780605197,2.8738,,1,0,0
ReflectionRefresh,2188,4.1124005801975727,4.1103,,1,0,0
ReflectionRefresh,2189,2.5027990341186523,2.4956,,1,0,0
ReflectionRefresh,2190,3.0151007231324911,3.0159,,1,0,0
ReflectionRefresh,2191,2.6656959671527147,2.6594,,1,0,0
ReflectionRefresh,2192,2.8699049726128578,2.8693,,1,0,0
ReflectionRefresh,2193,2.632001182064414,2.6274,,1,0,0
ReflectionRefresh,2194,3.2281959429383278,3.2257,,1,0,0
ReflectionRefresh,2195,3.3033022191375494,3.3022,,1,0,0
ReflectionRefresh,2196,2.7812004555016756,2.7773,,1,0,0
ReflectionRefresh,2197,2.4468961637467146,2.4416,,1,0,0
ReflectionRefresh,2198,2.5176019407808781,2.5185,,1,0,0
ReflectionRefresh,2199,3.2021966762840748,3.196,,1,0,0
ReflectionRefresh,2200,3.0608063098043203,3.0531,,1,0,0
ReflectionRefresh,2201,2.6371954008936882,2.6385,,1,0,0
ReflectionRefresh,2202,2.7001984417438507,2.6915,,1,0,0
ReflectionRefresh,2203,3.2110048923641443,3.2044,,1,0,0
ReflectionRefresh,2204,2.550800796598196,2.5467,,1,0,0
ReflectionRefresh,2205,3.2500000670552254,3.2463,,1,0,0
ReflectionRefresh,2206,2.9065972194075584,2.9085,,1,0,0
ReflectionRefresh,2207,2.4458970874547958,2.4398,,1,0,0
ReflectionRefresh,2208,2.6516015641391277,2.6481,,1,0,0
ReflectionRefresh,2209,2.8821995947510004,2.8817,,1,0,0
ReflectionRefresh,2210,2.5983985979110003,2.5923,,1,0,0
ReflectionRefresh,2211,3.1053004786372185,3.1049,,1,0,0
ReflectionRefresh,2212,2.9946996364742517,2.9868,,1,0,0
ReflectionRefresh,2213,3.5474065225571394,3.5475,,1,0,0
ReflectionRefresh,2214,2.6015944313257933,2.5974,,1,0,0
ReflectionRefresh,2215,2.5348002091050148,2.5269,,1,0,0
ReflectionRefresh,2216,3.4419996663928032,3.4393,,1,0,0
ReflectionRefresh,2217,3.5263039171695709,3.5265,,1,0,0
ReflectionRefresh,2218,2.7350978925824165,2.7288,,1,0,0
ReflectionRefresh,2219,3.7194020114839077,3.7158,,1,0,0
ReflectionRefresh,2220,2.7418013196438551,2.7388,,1,0,0
ReflectionRefresh,2221,3.3440971747040749,3.3442,,1,0,0
ReflectionRefresh,2222,2.3455002810806036,2.3394,,1,0,0
ReflectionRefresh,2223,3.3506022300571203,3.3503,,1,0,0
ReflectionRefresh,2224,3.339200746268034,3.3353,,1,0,0
ReflectionRefresh,2225,2.9039965011179447,2.9025,,1,0,0
ReflectionRefresh,2226,2.6857992634177208,2.6806,,1,0,0
ReflectionRefresh,2227,3.6353033501654863,3.6297,,1,0,0
ReflectionRefresh,2228,2.3422972299158573,2.3353,,1,0,0
ReflectionRefresh,2229,2.6587017346173525,2.6558,,1,0,0
ReflectionRefresh,2230,3.1097009778022766,3.11,,1,0,0
ReflectionRefresh,2231,3.5490009468048811,3.5418,,1,0,0
ReflectionRefresh,2232,2.30019842274487,2.2985,,1,0,0
ReflectionRefresh,2233,2.3290957324206829,2.3287,,1,0,0
ReflectionRefresh,2234,2.7414045762270689,2.7371,,1,0,0
ReflectionRefresh,2235,2.5815973058342934,2.5807,,1,0,0
ReflectionRefresh,2236,2.3477040231227875,2.3396,,1,0,0
ReflectionRefresh,2237,3.7964994553476572,3.7972,,1,0,0
ReflectionRefresh,2238,2.3545988369733095,2.3501,,1,0,0
ReflectionRefresh,2239,2.6743977796286345,2.6721,,1,0,0
ReflectionRefresh,2240,3.3195011783391237,3.3163,,1,0,0
ReflectionRefresh,2241,2.3092969786375761,2.3045,,1,0,0
ReflectionRefresh,2242,3.3172052353620529,3.3186,,1,0,0
ReflectionRefresh,2243,3.0643991194665432,3.0575,,1,0,0
ReflectionRefresh,2244,2.4735969491302967,2.4706,,1,0,0
ReflectionRefresh,2245,3.1750991474837065,3.1755,,1,0,0
ReflectionRefresh,2246,3.2618055120110512,3.2564,,1,0,0
ReflectionRefresh,2247,20.740894600749016,20.7442,,1,0,0
ReflectionRefresh,2248,3.9098993875086308,3.9035,,1,0,0
ReflectionRefresh,2249,3.4155044704675674,3.4114,,1,0,0
ReflectionRefresh,2250,4.16929554194212,4.1619,,1,0,0
ReflectionRefresh,2251,4.0853032842278481,4.0816,,1,0,0
ReflectionRefresh,2252,2.7678003534674644,2.7677,,1,0,0
ReflectionRefresh,2253,2.5606008712202311,2.5558,,1,0,0
ReflectionRefresh,2254,3.4740008413791656,3.4759,,1,0,0
ReflectionRefresh,2255,3.9181974716484547,3.9079,,1,0,0
ReflectionRefresh,2256,2.58129951544106,2.5779,,1,0,0
ReflectionRefresh,2257,4.7348001971840858,4.7337,,1,0,0
ReflectionRefresh,2258,2.4198980536311865,2.414,,1,0,0
ReflectionRefresh,2259,3.0065050814300776,3.0026,,1,0,0
ReflectionRefresh,2260,2.7387968730181456,2.7398,,1,0,0
ReflectionRefresh,2261,2.4612031411379576,2.4549,,1,0,0
ReflectionRefresh,2262,2.8237954247742891,2.8244,,1,0,0
ReflectionRefresh,2263,3.5248016938567162,3.5176,,1,0,0
ReflectionRefresh,2264,2.2275014780461788,2.2257,,1,0,0
ReflectionRefresh,2265,5.3111962042748928,5.3113,,1,0,0
ReflectionRefresh,2266,2.3535005748271942,2.346,,1,0,0
ReflectionRefresh,2267,3.2459041103720665,3.2439,,1,0,0
ReflectionRefresh,2268,2.5223994161933661,2.5185,,1,0,0
ReflectionRefresh,2269,2.9259992297738791,2.9252,,1,0,0
ReflectionRefresh,2270,2.3426020052284002,2.3369,,1,0,0
ReflectionRefresh,2271,3.0229946132749319,3.0215,,1,0,0
ReflectionRefresh,2272,3.0947066843509674,3.0932,,1,0,0
ReflectionRefresh,2273,3.0717970803380013,3.0653,,1,0,0
ReflectionRefresh,2274,2.3843962699174881,2.3835,,1,0,0
ReflectionRefresh,2275,2.4635063018649817,2.4634,,1,0,0
ReflectionRefresh,2276,2.400694414973259,2.3938,,1,0,0
ReflectionRefresh,2277,2.8261053375899792,2.8256,,1,0,0
ReflectionRefresh,2278,3.0373937916010618,3.0357,,1,0,0
ReflectionRefresh,2279,2.4272038135677576,2.421,,1,0,0
ReflectionRefresh,2280,2.826502313837409,2.8263,,1,0,0
ReflectionRefresh,2281,2.5473993737250566,2.5413,,1,0,0
ReflectionRefresh,2282,3.4275013022124767,3.4277,,1,0,0
ReflectionRefresh,2283,2.525900024920702,2.521,,1,0,0
ReflectionRefresh,2284,2.6720946189016104,2.6724,,1,0,0
ReflectionRefresh,2285,14.097703620791435,14.0927,,1,0,0
ReflectionRefresh,2286,2.2369967773556709,2.2339,,1,0,0
ReflectionRefresh,2287,3.1634990591555834,3.1609,,1,0,0
ReflectionRefresh,2288,2.1523030009120703,2.1475,,1,0,0
ReflectionRefresh,2289,3.3508008345961571,3.3506,,1,0,0
ReflectionRefresh,2290,2.386096864938736,2.3817,,1,0,0
ReflectionRefresh,2291,3.3772038295865059,3.3773,,1,0,0
ReflectionRefresh,2292,2.5199970696121454,2.5128,,1,0,0
ReflectionRefresh,2293,2.1887968759983778,2.188,,1,0,0
ReflectionRefresh,2294,2.4264031089842319,2.4223,,1,0,0
ReflectionRefresh,2295,2.6109977625310421,2.6082,,1,0,0
ReflectionRefresh,2296,3.3533021342009306,3.3506,,1,0,0
ReflectionRefresh,2297,2.0047973375767469,1.9995,,1,0,0
ReflectionRefresh,2298,2.827005460858345,2.8261,,1,0,0
ReflectionRefresh,2299,2.1926942281425,2.187,,1,0,0
ReflectionRefresh,2300,2.4233064614236355,2.4247,,1,0,0
ReflectionRefresh,2301,2.5185940321534872,2.5265,,1,0,0
ReflectionRefresh,2302,2.183305099606514,2.1706,,1,0,0
ReflectionRefresh,2303,3.6200964823365211,3.6154,,1,0,0
ReflectionRefresh,2304,2.02740216627717,2.0221,,1,0,0
ReflectionRefresh,2305,2.5914965663105249,2.5923,,1,0,0
ReflectionRefresh,2306,2.4921060539782047,2.4896,,1,0,0
ReflectionRefresh,2307,2.3452946916222572,2.3405,,1,0,0
ReflectionRefresh,2308,2.8650013264268637,2.8646,,1,0,0
ReflectionRefresh,2309,2.2473002318292856,2.247,,1,0,0
ReflectionRefresh,2310,2.5201034732162952,2.5128,,1,0,0
ReflectionRefresh,2311,2.5977962650358677,2.5987,,1,0,0
ReflectionRefresh,2312,2.7105016633868217,2.7045,,1,0,0
ReflectionRefresh,2313,2.4320010561496019,2.4302,,1,0,0
ReflectionRefresh,2314,2.37699830904603,2.3789,,1,0,0
ReflectionRefresh,2315,3.2965985592454672,3.2935,,1,0,0
ReflectionRefresh,2316,2.2634000051766634,2.2571,,1,0,0
ReflectionRefresh,2317,2.8560019563883543,2.8571,,1,0,0
ReflectionRefresh,2318,2.1423965226858854,2.1373,,1,0,0
ReflectionRefresh,2319,2.4624008219689131,2.4605,,1,0,0
ReflectionRefresh,2320,2.7115007396787405,2.7111,,1,0,0
ReflectionRefresh,2321,2.551303943619132,2.5533,,1,0,0
ReflectionRefresh,2322,2.5131944566965103,2.5032,,1,0,0
ReflectionRefresh,2323,2.4700041394680738,2.4679,,1,0,0
ReflectionRefresh,2324,2.3250000085681677,2.3192,,1,0,0
ReflectionRefresh,2325,2.3975977674126625,2.3987,,1,0,0
ReflectionRefresh,2326,2.6720026507973671,2.6686,,1,0,0
ReflectionRefresh,2327,2.5725977029651403,2.5666,,1,0,0
ReflectionRefresh,2328,2.1803004201501608,2.1764,,1,0,0
ReflectionRefresh,2329,3.2583971042186022,3.2593,,1,0,0
ReflectionRefresh,2330,2.2199051454663277,2.2141,,1,0,0
ReflectionRefresh,2331,2.9225978069007397,2.9209,,1,0,0
ReflectionRefresh,2332,3.1821995507925749,3.1789,,1,0,0
ReflectionRefresh,2333,2.6659013237804174,2.6663,,1,0,0
ReflectionRefresh,2334,2.299801679328084,2.2935,,1,0,0
ReflectionRefresh,2335,2.2867985535413027,2.2831,,1,0,0
ReflectionRefresh,2336,2.780598122626543,2.7802,,1,0,0
ReflectionRefresh,2337,2.3920990061014891,2.3866,,1,0,0
ReflectionRefresh,2338,3.62080498598516,3.6212,,1,0,0
ReflectionRefresh,2339,2.1021966822445393,2.0967,,1,0,0
ReflectionRefresh,2340,2.655697287991643,2.6565,,1,0,0
ReflectionRefresh,2341,3.6031038034707308,3.5993,,1,0,0
ReflectionRefresh,2342,3.0910996720194817,3.0864,,1,0,0
ReflectionRefresh,2343,2.1602963097393513,2.1587,,1,0,0
ReflectionRefresh,2344,2.867899602279067,2.8691,,1,0,0
ReflectionRefresh,2345,2.6536069344729185,2.6495,,1,0,0
ReflectionRefresh,2346,2.4891935754567385,2.4869,,1,0,0
ReflectionRefresh,2347,2.6406038086861372,2.6332,,1,0,0
ReflectionRefresh,2348,2.7554989792406559,2.752,,1,0,0
ReflectionRefresh,2349,3.2568026799708605,3.2593,,1,0,0
ReflectionRefresh,2350,2.50219670124352,2.4939,,1,0,0
ReflectionRefresh,2351,3.3276998437941074,3.3292,,1,0,0
ReflectionRefresh,2352,2.4534014519304037,2.4466,,1,0,0
ReflectionRefresh,2353,2.9392007272690535,2.9373,,1,0,0
ReflectionRefresh,2354,2.7257015462964773,2.7219,,1,0,0
ReflectionRefresh,2355,3.0254961457103491,3.0266,,1,0,0
ReflectionRefresh,2356,2.9483984690159559,2.9457,,1,0,0
ReflectionRefresh,2357,2.5100056082010269,2.5033,,1,0,0
ReflectionRefresh,2358,3.1876983121037483,3.1837,,1,0,0
ReflectionRefresh,2359,2.5477961171418428,2.5443,,1,0,0
ReflectionRefresh,2360,2.9781037010252476,2.9775,,1,0,0
ReflectionRefresh,2361,2.5277989916503429,2.525,,1,0,0
ReflectionRefresh,2362,3.1706986483186483,3.1684,,1,0,0
ReflectionRefresh,2363,2.2213009651750326,2.215,,1,0,0
ReflectionRefresh,2364,2.5024022907018661,2.5034,,1,0,0
ReflectionRefresh,2365,3.441099775955081,3.4375,,1,0,0
ReflectionRefresh,2366,2.4200964253395796,2.4152,,1,0,0
ReflectionRefresh,2367,2.5995040778070688,2.6023,,1,0,0
ReflectionRefresh,2368,2.8638960793614388,2.8549,,1,0,0
ReflectionRefresh,2369,2.5185020640492439,2.5143,,1,0,0
ReflectionRefresh,2370,2.2569019347429276,2.2536,,1,0,0
ReflectionRefresh,2371,3.307100385427475,3.3043,,1,0,0
ReflectionRefresh,2372,3.1173964962363243,3.1112,,1,0,0
ReflectionRefresh,2373,2.8705995064228773,2.871,,1,0,0
ReflectionRefresh,2374,2.3818027693778276,2.3768,,1,0,0
ReflectionRefresh,2375,2.4686011020094156,2.4673,,1,0,0
ReflectionRefresh,2376,2.4163974449038506,2.4131,,1,0,0
ReflectionRefresh,2377,2.4671980645507574,2.4625,,1,0,0
ReflectionRefresh,2378,3.6288052797317505,3.6267,,1,0,0
ReflectionRefresh,2379,2.4555979762226343,2.4514,,1,0,0
ReflectionRefresh,2380,2.9268991202116013,2.9253,,1,0,0
ReflectionRefresh,2381,2.4767005816102028,2.4705,,1,0,0
ReflectionRefresh,2382,2.3775014560669661,2.3779,,1,0,0
ReflectionRefresh,2383,3.9618974551558495,3.9585,,1,0,0
ReflectionRefresh,2384,2.918098121881485,2.9144,,1,0,0
ReflectionRefresh,2385,3.0882016289979219,3.0867,,1,0,0
ReflectionRefresh,2386,2.5147038977593184,2.5107,,1,0,0
ReflectionRefresh,2387,2.7932964731007814,2.7908,,1,0,0
ReflectionRefresh,2388,2.6982000563293695,2.6915,,1,0,0
ReflectionRefresh,2389,3.2794997096061707,3.2763,,1,0,0
ReflectionRefresh,2390,2.9273030813783407,2.9236,,1,0,0
ReflectionRefresh,2391,2.2405965719372034,2.2382,,1,0,0
ReflectionRefresh,2392,2.4507015477865934,2.4523,,1,0,0
ReflectionRefresh,2393,2.65250145457685,2.6496,,1,0,0
ReflectionRefresh,2394,2.4992984253913164,2.4918,,1,0,0
ReflectionRefresh,2395,2.5788974016904831,2.5773,,1,0,0
ReflectionRefresh,2396,3.5155045334249735,3.51,,1,0,0
ReflectionRefresh,2397,2.7767999563366175,2.7776,,1,0,0
ReflectionRefresh,2398,2.441000659018755,2.4332,,1,0,0
ReflectionRefresh,2399,2.3874999023973942,2.3899,,1,0,0
ReflectionsOff,0,3.2528983429074287,3.2498,,1,0,0
ReflectionsOff,1,2.8767006006091833,2.8752,,1,0,0
ReflectionsOff,2,3.2917021308094263,3.2878,,1,0,0
ReflectionsOff,3,2.6808956172317266,2.6727,,1,0,0
ReflectionsOff,4,2.4174037389457226,2.4147,,1,0,0
ReflectionsOff,5,2.6110969483852386,2.6111,,1,0,0
ReflectionsOff,6,2.9281037859618664,2.9259,,1,0,0
ReflectionsOff,7,2.4926019832491875,2.485,,1,0,0
ReflectionsOff,8,2.7362953405827284,2.7375,,1,0,0
ReflectionsOff,9,3.009098581969738,3.0071,,1,0,0
ReflectionsOff,10,2.2574050817638636,2.2493,,1,0,0
ReflectionsOff,11,3.3133006654679775,3.3114,,1,0,0
ReflectionsOff,12,2.4214002769440413,2.4205,,1,0,0
ReflectionsOff,13,2.6775936130434275,2.6733,,1,0,0
ReflectionsOff,14,2.6134070940315723,2.6076,,1,0,0
ReflectionsOff,15,2.3026997223496437,2.2988,,1,0,0
ReflectionsOff,16,2.6599986013025045,2.6617,,1,0,0
ReflectionsOff,17,2.591694938018918,2.5848,,1,0,0
ReflectionsOff,18,3.2196003012359142,3.2195,,1,0,0
ReflectionsOff,19,2.5116992183029652,2.5025,,1,0,0
ReflectionsOff,20,3.7119048647582531,3.7084,,1,0,0
ReflectionsOff,21,4.7026998363435268,4.699,,1,0,0
ReflectionsOff,22,2.8683957643806934,2.8661,,1,0,0
ReflectionsOff,23,2.9239016585052013,2.9235,,1,0,0
ReflectionsOff,24,2.4928003549575806,2.4928,,1,0,0
ReflectionsOff,25,2.6248015929013491,2.616,,1,0,0
ReflectionsOff,26,3.0761975795030594,3.0701,,1,0,0
ReflectionsOff,27,3.7367984186857939,3.7335,,1,0,0
ReflectionsOff,28,2.8661068063229322,2.8634,,1,0,0
ReflectionsOff,29,2.8130952268838882,2.8075,,1,0,0
ReflectionsOff,30,3.196400124579668,3.1966,,1,0,0
ReflectionsOff,31,2.4053005035966635,2.3987,,1,0,0
ReflectionsOff,32,3.8542021065950394,3.8541,,1,0,0
ReflectionsOff,33,3.1324971932917833,3.1254,,1,0,0
ReflectionsOff,34,2.7424036525189877,2.7385,,1,0,0
ReflectionsOff,35,3.6892998032271862,3.689,,1,0,0
ReflectionsOff,36,3.169600386172533,3.1633,,1,0,0
ReflectionsOff,37,3.5197988618165255,3.5185,,1,0,0
ReflectionsOff,38,2.7308957651257515,2.725,,1,0,0
ReflectionsOff,39,3.1270054168999195,3.1257,,1,0,0
ReflectionsOff,40,2.7589001692831516,2.7533,,1,0,0
ReflectionsOff,41,2.9814979061484337,2.9806,,1,0,0
ReflectionsOff,42,2.7785005513578653,2.7736,,1,0,0
ReflectionsOff,43,3.1931973062455654,3.1924,,1,0,0
ReflectionsOff,44,2.5196003261953592,2.5132,,1,0,0
ReflectionsOff,45,2.6586025487631559,2.6549,,1,0,0
ReflectionsOff,46,3.3665958326309919,3.3666,,1,0,0
ReflectionsOff,47,2.5336025282740593,2.5277,,1,0,0
ReflectionsOff,48,3.1510982662439346,3.1518,,1,0,0
ReflectionsOff,49,3.242899663746357,3.2394,,1,0,0
ReflectionsOff,50,3.0655045993626118,3.0639,,1,0,0
ReflectionsOff,51,2.8589002322405577,2.8501,,1,0,0
ReflectionsOff,52,2.532794838771224,2.5319,,1,0,0
ReflectionsOff,53,2.9692035168409348,2.9623,,1,0,0
ReflectionsOff,54,2.7323979884386063,2.7337,,1,0,0
ReflectionsOff,55,2.6094033382833004,2.6013,,1,0,0
ReflectionsOff,56,2.9070011805742979,2.9043,,1,0,0
ReflectionsOff,57,2.5620961096137762,2.557,,1,0,0
ReflectionsOff,58,3.0318028293550014,3.0311,,1,0,0
ReflectionsOff,59,2.5592970196157694,2.5537,,1,0,0
ReflectionsOff,60,3.4502975177019835,3.4487,,1,0,0
ReflectionsOff,61,2.533801132813096,2.5284,,1,0,0
ReflectionsOff,62,2.9124999418854713,2.9123,,1,0,0
ReflectionsOff,63,2.9898029752075672,2.9843,,1,0,0
ReflectionsOff,64,3.7028982769697905,3.7032,,1,0,0
ReflectionsOff,65,2.5401997845619917,2.5321,,1,0,0
ReflectionsOff,66,2.7701035141944885,2.7692,,1,0,0
ReflectionsOff,67,3.0325963161885738,3.0282,,1,0,0
ReflectionsOff,68,2.6527990121394396,2.6489,,1,0,0
ReflectionsOff,69,2.6027990970760584,2.6031,,1,0,0
ReflectionsOff,70,2.9607000760734081,2.9551,,1,0,0
ReflectionsOff,71,2.5533020962029696,2.5491,,1,0,0
ReflectionsOff,72,2.8303996659815311,2.8321,,1,0,0
ReflectionsOff,73,2.7285998221486807,2.7232,,1,0,0
ReflectionsOff,74,2.32589989900589,2.3199,,1,0,0
ReflectionsOff,75,3.1824051402509212,3.1824,,1,0,0
ReflectionsOff,76,2.3079931270331144,2.3015,,1,0,0
ReflectionsOff,77,3.5062003880739212,3.5025,,1,0,0
ReflectionsOff,78,2.4610047694295645,2.4582,,1,0,0
ReflectionsOff,79,2.60970089584589,2.6104,,1,0,0
ReflectionsOff,80,2.3010983131825924,2.2948,,1,0,0
ReflectionsOff,81,3.1667021103203297,3.1662,,1,0,0
ReflectionsOff,82,2.4153981357812881,2.4104,,1,0,0
ReflectionsOff,83,2.4413974024355412,2.4421,,1,0,0
ReflectionsOff,84,3.47020267508924,3.4626,,1,0,0
ReflectionsOff,85,2.7178004384040833,2.7158,,1,0,0
ReflectionsOff,86,3.3296982292085886,3.3264,,1,0,0
ReflectionsOff,87,2.2994969040155411,2.2975,,1,0,0
ReflectionsOff,88,2.8867062646895647,2.887,,1,0,0
ReflectionsOff,89,2.2615999914705753,2.2561,,1,0,0
ReflectionsOff,90,2.6466979179531336,2.6446,,1,0,0
ReflectionsOff,91,3.4173964522778988,3.4168,,1,0,0
ReflectionsOff,92,2.7526998892426491,2.7479,,1,0,0
ReflectionsOff,93,2.5935019366443157,2.592,,1,0,0
ReflectionsOff,94,2.59270123206079,2.5864,,1,0,0
ReflectionsOff,95,2.9033022001385689,2.9038,,1,0,0
ReflectionsOff,96,2.472796244546771,2.4667,,1,0,0
ReflectionsOff,97,3.3123015891760588,3.307,,1,0,0
ReflectionsOff,98,2.5972009170800447,2.5936,,1,0,0
ReflectionsOff,99,2.9556972440332174,2.9552,,1,0,0
ReflectionsOff,100,2.4705994874238968,2.4644,,1,0,0
ReflectionsOff,101,2.6445011608302593,2.6422,,1,0,0
ReflectionsOff,102,2.6407029945403337,2.6373,,1,0,0
ReflectionsOff,103,2.5468962267041206,2.5477,,1,0,0
ReflectionsOff,104,3.7049036473035812,3.7001,,1,0,0
ReflectionsOff,105,2.4622944183647633,2.4557,,1,0,0
ReflectionsOff,106,2.4070010986179113,2.4064,,1,0,0
ReflectionsOff,107,2.8318027034401894,2.8301,,1,0,0
ReflectionsOff,108,2.5479025207459927,2.5412,,1,0,0
ReflectionsOff,109,2.7670988347381353,2.7659,,1,0,0
ReflectionsOff,110,3.5780966281890869,3.577,,1,0,0
ReflectionsOff,111,2.5866993237286806,2.5805,,1,0,0
ReflectionsOff,112,3.1460034660995007,3.1421,,1,0,0
ReflectionsOff,113,2.3044997360557318,2.3023,,1,0,0
ReflectionsOff,114,2.5784014724195004,2.5804,,1,0,0
ReflectionsOff,115,2.563598332926631,2.5551,,1,0,0
ReflectionsOff,116,2.4161990731954575,2.4149,,1,0,0
ReflectionsOff,117,2.7889029588550329,2.7881,,1,0,0
ReflectionsOff,118,2.3891935124993324,2.3833,,1,0,0
ReflectionsOff,119,2.8195010963827372,2.8191,,1,0,0
ReflectionsOff,120,2.8022038750350475,2.7959,,1,0,0
ReflectionsOff,121,2.2111961152404547,2.2129,,1,0,0
ReflectionsOff,122,2.5848993100225925,2.5776,,1,0,0
ReflectionsOff,123,2.3756022565066814,2.369,,1,0,0
ReflectionsOff,124,3.06719820946455,3.0677,,1,0,0
ReflectionsOff,125,2.4830002803355455,2.4762,,1,0,0
ReflectionsOff,126,3.0103032477200031,3.0103,,1,0,0
ReflectionsOff,127,2.7710956055670977,2.7644,,1,0,0
ReflectionsOff,128,3.1704010907560587,3.17,,1,0,0
ReflectionsOff,129,2.3464001715183258,2.3415,,1,0,0
ReflectionsOff,130,2.4824049323797226,2.4802,,1,0,0
ReflectionsOff,131,3.4839003346860409,3.4807,,1,0,0
ReflectionsOff,132,2.5169996079057455,2.513,,1,0,0
ReflectionsOff,133,2.907199552282691,2.9065,,1,0,0
ReflectionsOff,134,3.182397922500968,3.1757,,1,0,0
ReflectionsOff,135,2.5625992566347122,2.5594,,1,0,0
ReflectionsOff,136,2.5714002549648285,2.5722,,1,0,0
ReflectionsOff,137,2.648497698828578,2.6716,,1,0,0
ReflectionsOff,138,3.074305597692728,3.0437,,1,0,0
ReflectionsOff,139,2.6491000317037106,2.6425,,1,0,0
ReflectionsOff,140,2.4362953845411539,2.4339,,1,0,0
ReflectionsOff,141,2.5317035615444183,2.5283,,1,0,0
ReflectionsOff,142,2.3160006385296583,2.3122,,1,0,0
ReflectionsOff,143,2.8635982889682055,2.8615,,1,0,0
ReflectionsOff,144,3.1967971008270979,3.1935,,1,0,0
ReflectionsOff,145,2.6745039504021406,2.6715,,1,0,0
ReflectionsOff,146,2.8335954993963242,2.8332,,1,0,0
ReflectionsOff,147,2.6380030903965235,2.6338,,1,0,0
ReflectionsOff,148,2.6281957980245352,2.6275,,1,0,0
ReflectionsOff,149,2.93630245141685,2.9323,,1,0,0
ReflectionsOff,150,2.3919004015624523,2.3876,,1,0,0
ReflectionsOff,151,2.6721018366515636,2.6736,,1,0,0
ReflectionsOff,152,2.957596443593502,2.9499,,1,0,0
ReflectionsOff,153,2.3670988157391548,2.3692,,1,0,0
ReflectionsOff,154,2.6566043961793184,2.6523,,1,0,0
ReflectionsOff,155,2.5975978933274746,2.5921,,1,0,0
ReflectionsOff,156,2.6456986088305712,2.6445,,1,0,0
ReflectionsOff,157,3.0564058106392622,3.0526,,1,0,0
ReflectionsOff,158,2.363499253988266,2.3581,,1,0,0
ReflectionsOff,159,2.5715986266732216,2.5711,,1,0,0
ReflectionsOff,160,3.05009912699461,3.0482,,1,0,0
ReflectionsOff,161,2.6545990258455276,2.6478,,1,0,0
ReflectionsOff,162,2.9371031560003757,2.9354,,1,0,0
ReflectionsOff,163,2.6115009095519781,2.6042,,1,0,0
ReflectionsOff,164,2.8880953323096037,2.8885,,1,0,0
ReflectionsOff,165,2.51619890332222,2.5114,,1,0,0
ReflectionsOff,166,3.3514031674712896,3.3491,,1,0,0
ReflectionsOff,167,2.4305980186909437,2.4277,,1,0,0
ReflectionsOff,168,3.5348001401871443,3.5347,,1,0,0
ReflectionsOff,169,2.2744047455489635,2.2678,,1,0,0
ReflectionsOff,170,2.7047973126173019,2.706,,1,0,0
ReflectionsOff,171,2.8815972618758678,2.8804,,1,0,0
ReflectionsOff,172,3.075701417401433,3.069,,1,0,0
ReflectionsOff,173,2.4732993915677071,2.4673,,1,0,0
ReflectionsOff,174,2.4826035369187593,2.4851,,1,0,0
ReflectionsOff,175,2.8561011422425508,2.8452,,1,0,0
ReflectionsOff,176,2.4135983549058437,2.4123,,1,0,0
ReflectionsOff,177,3.0255953315645456,3.025,,1,0,0
ReflectionsOff,178,2.4104025214910507,2.4055,,1,0,0
ReflectionsOff,179,2.6497023645788431,2.6485,,1,0,0
ReflectionsOff,180,2.7094953693449497,2.7067,,1,0,0
ReflectionsOff,181,2.6096017099916935,2.6083,,1,0,0
ReflectionsOff,182,2.3956988006830215,2.3859,,1,0,0
ReflectionsOff,183,2.8869048692286015,2.8851,,1,0,0
ReflectionsOff,184,2.9223994351923466,2.9221,,1,0,0
ReflectionsOff,185,2.3736960720270872,2.3681,,1,0,0
ReflectionsOff,186,2.7869048062711954,2.7886,,1,0,0
ReflectionsOff,187,2.472597872838378,2.4655,,1,0,0
ReflectionsOff,188,2.5669005699455738,2.5678,,1,0,0
ReflectionsOff,189,4.2022960260510445,4.1981,,1,0,0
ReflectionsOff,190,2.2288053296506405,2.2237,,1,0,0
ReflectionsOff,191,2.7814980130642653,2.7814,,1,0,0
ReflectionsOff,192,2.7651998680084944,2.7585,,1,0,0
ReflectionsOff,193,2.3427011910825968,2.3399,,1,0,0
ReflectionsOff,194,2.6942957192659378,2.6962,,1,0,0
ReflectionsOff,195,2.8556052129715681,2.851,,1,0,0
ReflectionsOff,196,2.3046981077641249,2.2978,,1,0,0
ReflectionsOff,197,3.2687995117157698,3.2689,,1,0,0
ReflectionsOff,198,2.6374007575213909,2.63,,1,0,0
ReflectionsOff,199,3.1435019336640835,3.1406,,1,0,0
ReflectionsOff,200,2.8276997618377209,2.8287,,1,0,0
ReflectionsOff,201,2.4252976290881634,2.418,,1,0,0
ReflectionsOff,202,4.50690183788538,4.5078,,1,0,0
ReflectionsOff,203,2.9973993077874184,2.9908,,1,0,0
ReflectionsOff,204,2.7585956268012524,2.7561,,1,0,0
ReflectionsOff,205,3.4163051750510931,3.4126,,1,0,0
ReflectionsOff,206,2.5669005699455738,2.5646,,1,0,0
ReflectionsOff,207,3.3748936839401722,3.3706,,1,0,0
ReflectionsOff,208,2.7639030013233423,2.7624,,1,0,0
ReflectionsOff,209,2.5806971825659275,2.5754,,1,0,0
ReflectionsOff,210,3.0656037852168083,3.0633,,1,0,0
ReflectionsOff,211,4.4735968112945557,4.4747,,1,0,0
ReflectionsOff,212,2.6892998721450567,2.6804,,1,0,0
ReflectionsOff,213,2.7986040804535151,2.7963,,1,0,0
ReflectionsOff,214,2.9364016372710466,2.9379,,1,0,0
ReflectionsOff,215,2.9985969886183739,2.9906,,1,0,0
ReflectionsOff,216,2.4304988328367472,2.4268,,1,0,0
ReflectionsOff,217,3.5386974923312664,3.5385,,1,0,0
ReflectionsOff,218,2.3595024831593037,2.3539,,1,0,0
ReflectionsOff,219,3.0978033319115639,3.0986,,1,0,0
ReflectionsOff,220,3.1740008853375912,3.1682,,1,0,0
ReflectionsOff,221,3.3304989337921143,3.3273,,1,0,0
ReflectionsOff,222,2.9928004369139671,2.9898,,1,0,0
ReflectionsOff,223,2.585898619145155,2.5852,,1,0,0
ReflectionsOff,224,2.6456986088305712,2.6489,,1,0,0
ReflectionsOff,225,3.4091977868229151,3.3967,,1,0,0
ReflectionsOff,226,2.560905646532774,2.5574,,1,0,0
ReflectionsOff,227,2.4125000927597284,2.411,,1,0,0
ReflectionsOff,228,2.6174958329647779,2.6128,,1,0,0
ReflectionsOff,229,2.2292020730674267,2.2238,,1,0,0
ReflectionsOff,230,2.8176021296530962,2.8168,,1,0,0
ReflectionsOff,231,2.8469953685998917,2.8423,,1,0,0
ReflectionsOff,232,2.9300027526915073,2.9277,,1,0,0
ReflectionsOff,233,2.5214995257556438,2.5168,,1,0,0
ReflectionsOff,234,2.6190972421318293,2.6158,,1,0,0
ReflectionsOff,235,2.4625000078231096,2.4632,,1,0,0
ReflectionsOff,236,2.51030339859426,2.5034,,1,0,0
ReflectionsOff,237,3.00739798694849,3.0081,,1,0,0
ReflectionsOff,238,2.4486039765179157,2.4413,,1,0,0
ReflectionsOff,239,3.1171981245279312,3.1162,,1,0,0
ReflectionsOff,240,2.3798965848982334,2.3756,,1,0,0
ReflectionsOff,241,3.1240007374435663,3.1235,,1,0,0
ReflectionsOff,242,2.1517998538911343,2.1465,,1,0,0
ReflectionsOff,243,2.873200224712491,2.8741,,1,0,0
ReflectionsOff,244,3.8768991362303495,3.8709,,1,0,0
ReflectionsOff,245,2.3340985644608736,2.3297,,1,0,0
ReflectionsOff,246,2.6378047186881304,2.6333,,1,0,0
ReflectionsOff,247,2.2928996477276087,2.293,,1,0,0
ReflectionsOff,248,3.26009769923985,3.2538,,1,0,0
ReflectionsOff,249,2.4372024927288294,2.4341,,1,0,0
ReflectionsOff,250,2.4953018873929977,2.493,,1,0,0
ReflectionsOff,251,2.7441964484751225,2.7405,,1,0,0
ReflectionsOff,252,2.2916027810424566,2.2914,,1,0,0
ReflectionsOff,253,2.436996903270483,2.4314,,1,0,0
ReflectionsOff,254,3.1382015440613031,3.1356,,1,0,0
ReflectionsOff,255,2.9307964723557234,2.9281,,1,0,0
ReflectionsOff,256,2.4228033144026995,2.4225,,1,0,0
ReflectionsOff,257,2.7464993763715029,2.7448,,1,0,0
ReflectionsOff,258,2.4310019798576832,2.423,,1,0,0
ReflectionsOff,259,3.1516014132648706,3.1514,,1,0,0
ReflectionsOff,260,2.2752976510673761,2.2702,,1,0,0
ReflectionsOff,261,3.5637968685477972,3.5636,,1,0,0
ReflectionsOff,262,2.3012047167867422,2.2962,,1,0,0
ReflectionsOff,263,2.6149943005293608,2.6163,,1,0,0
ReflectionsOff,264,2.3841056972742081,2.3771,,1,0,0
ReflectionsOff,265,2.6618975680321455,2.6585,,1,0,0
ReflectionsOff,266,2.6044005062431097,2.6024,,1,0,0
ReflectionsOff,267,3.0863024294376373,3.0856,,1,0,0
ReflectionsOff,268,2.7297972701489925,2.7251,,1,0,0
ReflectionsOff,269,2.4381023831665516,2.436,,1,0,0
ReflectionsOff,270,3.6746952682733536,3.6729,,1,0,0
ReflectionsOff,271,2.4766013957560062,2.4685,,1,0,0
ReflectionsOff,272,3.7641015369445086,3.7618,,1,0,0
ReflectionsOff,273,2.5960954371839762,2.5936,,1,0,0
ReflectionsOff,274,2.8072067070752382,2.8055,,1,0,0
ReflectionsOff,275,2.5937994942069054,2.5929,,1,0,0
ReflectionsOff,276,2.5782950688153505,2.5725,,1,0,0
ReflectionsOff,277,3.0714003369212151,3.0689,,1,0,0
ReflectionsOff,278,3.0614016577601433,3.0588,,1,0,0
ReflectionsOff,279,2.4240007624030113,2.4211,,1,0,0
ReflectionsOff,280,2.7551020029932261,2.755,,1,0,0
ReflectionsOff,281,2.7707978151738644,2.7651,,1,0,0
ReflectionsOff,282,2.7465985622256994,2.7419,,1,0,0
ReflectionsOff,283,3.3541028387844563,3.3509,,1,0,0
ReflectionsOff,284,2.1991992834955454,2.1967,,1,0,0
ReflectionsOff,285,3.4160006325691938,3.4158,,1,0,0
ReflectionsOff,286,2.415001392364502,2.4081,,1,0,0
ReflectionsOff,287,2.8214002959430218,2.8214,,1,0,0
ReflectionsOff,288,3.6381944082677364,3.6314,,1,0,0
ReflectionsOff,289,2.7143990155309439,2.7148,,1,0,0
ReflectionsOff,290,2.6907029096037149,2.6857,,1,0,0
ReflectionsOff,291,2.2809028159826994,2.2782,,1,0,0
ReflectionsOff,292,2.87419930100441,2.8733,,1,0,0
ReflectionsOff,293,2.2010982502251863,2.1961,,1,0,0
ReflectionsOff,294,3.1801019795238972,3.1793,,1,0,0
ReflectionsOff,295,2.3366992827504873,2.3322,,1,0,0
ReflectionsOff,296,2.9094954952597618,2.9071,,1,0,0
ReflectionsOff,297,2.387606306001544,2.3815,,1,0,0
ReflectionsOff,298,2.4303996469825506,2.4299,,1,0,0
ReflectionsOff,299,3.0576956924051046,3.0539,,1,0,0
ReflectionsOff,300,2.6222008746117353,2.6174,,1,0,0
ReflectionsOff,301,2.3779973853379488,2.3754,,1,0,0
ReflectionsOff,302,2.4850056506693363,2.4828,,1,0,0
ReflectionsOff,303,2.5836946442723274,2.586,,1,0,0
ReflectionsOff,304,2.8994048479944468,2.8924,,1,0,0
ReflectionsOff,305,2.9531959444284439,2.9503,,1,0,0
ReflectionsOff,306,2.7597008738666773,2.7566,,1,0,0
ReflectionsOff,307,2.2883007768541574,2.2859,,1,0,0
ReflectionsOff,308,2.6753968559205532,2.6767,,1,0,0
ReflectionsOff,309,2.287606243044138,2.2814,,1,0,0
ReflectionsOff,310,3.4151999279856682,3.4136,,1,0,0
ReflectionsOff,311,2.2046980448067188,2.2033,,1,0,0
ReflectionsOff,312,3.9158021099865437,3.9122,,1,0,0
ReflectionsOff,313,2.3046981077641249,2.2985,,1,0,0
ReflectionsOff,314,3.3450964838266373,3.3428,,1,0,0
ReflectionsOff,315,2.2089001722633839,2.206,,1,0,0
ReflectionsOff,316,2.7995039708912373,2.8107,,1,0,0
ReflectionsOff,317,2.3851969745010138,2.3689,,1,0,0
ReflectionsOff,318,2.8846017085015774,2.8847,,1,0,0
ReflectionsOff,319,2.4042020086199045,2.3995,,1,0,0
ReflectionsOff,320,2.5753967929631472,2.5682,,1,0,0
ReflectionsOff,321,2.7341977693140507,2.7335,,1,0,0
ReflectionsOff,322,2.4339994415640831,2.4291,,1,0,0
ReflectionsOff,323,3.4486041404306889,3.4467,,1,0,0
ReflectionsOff,324,2.6257014833390713,2.6236,,1,0,0
ReflectionsOff,325,2.4122945033013821,2.4142,,1,0,0
ReflectionsOff,326,2.7169997338205576,2.7095,,1,0,0
ReflectionsOff,327,2.595606492832303,2.5935,,1,0,0
ReflectionsOff,328,3.143097972497344,3.138,,1,0,0
ReflectionsOff,329,2.2816965356469154,2.2784,,1,0,0
ReflectionsOff,330,3.6232001148164272,3.6246,,1,0,0
ReflectionsOff,331,2.9172052163630724,2.9099,,1,0,0
ReflectionsOff,332,2.6517999358475208,2.6495,,1,0,0
ReflectionsOff,333,2.3647958878427744,2.3625,,1,0,0
ReflectionsOff,334,4.1084042750298977,4.1088,,1,0,0
ReflectionsOff,335,2.2080994676798582,2.2011,,1,0,0
ReflectionsOff,336,2.9875000473111868,2.988,,1,0,0
ReflectionsOff,337,2.4343961849808693,2.4315,,1,0,0
ReflectionsOff,338,3.1063987407833338,3.1029,,1,0,0
ReflectionsOff,339,2.5823058094829321,2.5763,,1,0,0
ReflectionsOff,340,2.5778983253985643,2.5703,,1,0,0
ReflectionsOff,341,3.1133007723838091,3.1127,,1,0,0
ReflectionsOff,342,2.4127976503223181,2.4078,,1,0,0
ReflectionsOff,343,2.5205002166330814,2.5178,,1,0,0
ReflectionsOff,344,2.2366000339388847,2.2363,,1,0,0
ReflectionsOff,345,2.8917021118104458,2.8843,,1,0,0
ReflectionsOff,346,2.2093963343650103,2.2113,,1,0,0
ReflectionsOff,347,2.8376984409987926,2.8292,,1,0,0
ReflectionsOff,348,2.5181050878018141,2.5135,,1,0,0
ReflectionsOff,349,2.0562997087836266,2.0537,,1,0,0
ReflectionsOff,350,3.0967970378696918,3.0965,,1,0,0
ReflectionsOff,351,3.6587018985301256,3.6523,,1,0,0
ReflectionsOff,352,2.4087019264698029,2.4066,,1,0,0
ReflectionsOff,353,2.5807966012507677,2.5822,,1,0,0
ReflectionsOff,354,2.5732000358402729,2.5684,,1,0,0
ReflectionsOff,355,2.407298656180501,2.4021,,1,0,0
ReflectionsOff,356,2.6249999646097422,2.6217,,1,0,0
ReflectionsOff,357,3.2771045807749033,3.2736,,1,0,0
ReflectionsOff,358,2.1258008200675249,2.1217,,1,0,0
ReflectionsOff,359,2.7094953693449497,2.7079,,1,0,0
ReflectionsOff,360,2.519203582778573,2.5156,,1,0,0
ReflectionsOff,361,2.6223994791507721,2.6191,,1,0,0
ReflectionsOff,362,2.1293011959642172,2.13,,1,0,0
ReflectionsOff,363,3.5951954778283834,3.5929,,1,0,0
ReflectionsOff,364,2.4528983049094677,2.4461,,1,0,0
ReflectionsOff,365,2.2942034993320704,2.2956,,1,0,0
ReflectionsOff,366,3.2009000424295664,3.1967,,1,0,0
ReflectionsOff,367,4.8675029538571835,4.8628,,1,0,0
ReflectionsOff,368,2.6148951146751642,2.613,,1,0,0
ReflectionsOff,369,2.6321003679186106,2.6292,,1,0,0
ReflectionsOff,370,2.5383008178323507,2.5352,,1,0,0
ReflectionsOff,371,2.5474985595792532,2.5479,,1,0,0
ReflectionsOff,372,2.8355016838759184,2.832,,1,0,0
ReflectionsOff,373,2.278599888086319,2.2713,,1,0,0
ReflectionsOff,374,3.3098000567406416,3.3076,,1,0,0
ReflectionsOff,375,2.8572988230735064,2.8559,,1,0,0
ReflectionsOff,376,2.5633999612182379,2.5606,,1,0,0
ReflectionsOff,377,2.60110548697412,2.599,,1,0,0
ReflectionsOff,378,2.7033942751586437,2.6993,,1,0,0
ReflectionsOff,379,3.2262045424431562,3.2228,,1,0,0
ReflectionsOff,380,2.3803005460649729,2.375,,1,0,0
ReflectionsOff,381,2.9735970310866833,2.9738,,1,0,0
ReflectionsOff,382,2.7712017763406038,2.7691,,1,0,0
ReflectionsOff,383,2.7869967743754387,2.7794,,1,0,0
ReflectionsOff,384,2.2968042176216841,2.2913,,1,0,0
ReflectionsOff,385,2.9590986669063568,2.9567,,1,0,0
ReflectionsOff,386,2.6772958226501942,2.6735,,1,0,0
ReflectionsOff,387,3.5067035350948572,3.5071,,1,0,0
ReflectionsOff,388,2.1318027283996344,2.1265,,1,0,0
ReflectionsOff,389,3.2040958758443594,3.2048,,1,0,0
ReflectionsOff,390,2.3331986740231514,2.3269,,1,0,0
ReflectionsOff,391,3.35930404253304,3.3626,,1,0,0
ReflectionsOff,392,2.7758998330682516,2.7641,,1,0,0
ReflectionsOff,393,2.4152989499270916,2.415,,1,0,0
ReflectionsOff,394,2.7197988238185644,2.7146,,1,0,0
ReflectionsOff,395,2.2686012089252472,2.2636,,1,0,0
ReflectionsOff,396,2.9988023452460766,3.0002,,1,0,0
ReflectionsOff,397,2.6383998338133097,2.6288,,1,0,0
ReflectionsOff,398,3.1849986407905817,3.1791,,1,0,0
ReflectionsOff,399,2.5760983116924763,2.5718,,1,0,0
ReflectionsOff,400,2.9015021864324808,2.9014,,1,0,0
ReflectionsOff,401,2.5885982904583216,2.584,,1,0,0
ReflectionsOff,402,2.6136976666748524,2.6128999999999998,,1,0,0
ReflectionsOff,403,2.9597009997814894,2.9505,,1,0,0
ReflectionsOff,404,2.3707977961748838,2.3719,,1,0,0
ReflectionsOff,405,3.3333050087094307,3.3303,,1,0,0
ReflectionsOff,406,2.295599551871419,2.2894,,1,0,0
ReflectionsOff,407,2.7214002329856157,2.722,,1,0,0
ReflectionsOff,408,2.8349985368549824,2.833,,1,0,0
ReflectionsOff,409,2.6741991750895977,2.6684,,1,0,0
ReflectionsOff,410,2.4599984753876925,2.4576,,1,0,0
ReflectionsOff,411,2.9273030813783407,2.9266,,1,0,0
ReflectionsOff,412,2.7762968093156815,2.7702,,1,0,0
ReflectionsOff,413,2.8275013901293278,2.8268,,1,0,0
ReflectionsOff,414,3.3050028141587973,3.2988,,1,0,0
ReflectionsOff,415,3.088400000706315,3.0853,,1,0,0
ReflectionsOff,416,2.6207978371530771,2.6179,,1,0,0
ReflectionsOff,417,2.6709963567554951,2.6712,,1,0,0
ReflectionsOff,418,2.4220026098191738,2.4151,,1,0,0
ReflectionsOff,419,3.1928005628287792,3.1938,,1,0,0
ReflectionsOff,420,2.8172973543405533,2.8097,,1,0,0
ReflectionsOff,421,2.2353034000843763,2.2324,,1,0,0
ReflectionsOff,422,3.9082979783415794,3.9067,,1,0,0
ReflectionsOff,423,3.0434026848524809,3.0366,,1,0,0
ReflectionsOff,424,3.4223000984638929,3.4187,,1,0,0
ReflectionsOff,425,2.5281959678977728,2.5261,,1,0,0
ReflectionsOff,426,2.8924036305397749,2.8914,,1,0,0
ReflectionsOff,427,2.3173964582383633,2.3124,,1,0,0
ReflectionsOff,428,2.8135061729699373,2.8143,,1,0,0
ReflectionsOff,429,3.6772959865629673,3.6745,,1,0,0
ReflectionsOff,430,2.8650013264268637,2.8599,,1,0,0
ReflectionsOff,431,3.0821994878351688,3.0773,,1,0,0
ReflectionsOff,432,3.5633998923003674,3.559,,1,0,0
ReflectionsOff,433,2.4748016148805618,2.4715,,1,0,0
ReflectionsOff,434,3.3315971959382296,3.3288,,1,0,0
ReflectionsOff,435,2.7098993305116892,2.7085,,1,0,0
ReflectionsOff,436,3.065398195758462,3.0627,,1,0,0
ReflectionsOff,437,2.6008007116615772,2.5947,,1,0,0
ReflectionsOff,438,3.0091057997196913,3.0084,,1,0,0
ReflectionsOff,439,3.0171980615705252,3.0134,,1,0,0
ReflectionsOff,440,3.1127976253628731,3.109,,1,0,0
ReflectionsOff,441,2.4387047160416842,2.4312,,1,0,0
ReflectionsOff,442,3.2649943605065346,3.2674,,1,0,0
ReflectionsOff,443,2.651402959600091,2.6437,,1,0,0
ReflectionsOff,444,2.3783021606504917,2.3763,,1,0,0
ReflectionsOff,445,2.8316965326666832,2.8322,,1,0,0
ReflectionsOff,446,2.7197988238185644,2.7167,,1,0,0
ReflectionsOff,447,2.7236039750277996,2.7181,,1,0,0
ReflectionsOff,448,2.7499999850988388,2.7457,,1,0,0
ReflectionsOff,449,2.9147958848625422,2.9143,,1,0,0
ReflectionsOff,450,3.0220025219023228,3.015,,1,0,0
ReflectionsOff,451,3.115001367405057,3.1121,,1,0,0
ReflectionsOff,452,2.5590986479073763,2.5561,,1,0,0
ReflectionsOff,453,2.6810020208358765,2.6795,,1,0,0
ReflectionsOff,454,2.8012967668473721,2.7958,,1,0,0
ReflectionsOff,455,3.852097550407052,3.8517,,1,0,0
ReflectionsOff,456,3.3172052353620529,3.3114,,1,0,0
ReflectionsOff,457,2.8028981760144234,2.8003999999999998,,1,0,0
ReflectionsOff,458,3.2385983504354954,3.2389,,1,0,0
ReflectionsOff,459,3.2042020466178656,3.1969,,1,0,0
ReflectionsOff,460,2.7744967956095934,2.7715,,1,0,0
ReflectionsOff,461,3.4705994185060263,3.4708,,1,0,0
ReflectionsOff,462,2.7794996276497841,2.7725,,1,0,0
ReflectionsOff,463,2.768402686342597,2.7652,,1,0,0
ReflectionsOff,464,3.2326034270226955,3.2304,,1,0,0
ReflectionsOff,465,2.5207980070263147,2.5202,,1,0,0
ReflectionsOff,466,2.6012968737632036,2.6016,,1,0,0
ReflectionsOff,467,3.511401591822505,3.5054,,1,0,0
ReflectionsOff,468,2.5240008253604174,2.5157,,1,0,0
ReflectionsOff,469,2.7179988101124763,2.7165,,1,0,0
ReflectionsOff,470,3.069097176194191,3.062,,1,0,0
ReflectionsOff,471,3.5871032159775496,3.5842,,1,0,0
ReflectionsOff,472,2.4026997853070498,2.3999,,1,0,0
ReflectionsOff,473,3.3026007004082203,3.3014,,1,0,0
ReflectionsOff,474,2.3117985110729933,2.3075,,1,0,0
ReflectionsOff,475,2.6923043187707663,2.6922,,1,0,0
ReflectionsOff,476,2.7188987005501986,2.7127,,1,0,0
ReflectionsOff,477,2.652699826285243,2.65,,1,0,0
ReflectionsOff,478,3.6758999340236187,3.6759,,1,0,0
ReflectionsOff,479,2.8303004801273346,2.8241,,1,0,0
ReflectionsOff,480,2.5849984958767891,2.586,,1,0,0
ReflectionsOff,481,2.7582978364080191,2.7541,,1,0,0
ReflectionsOff,482,3.4294005017727613,3.4245,,1,0,0
ReflectionsOff,483,3.1394984107464552,3.134,,1,0,0
ReflectionsOff,484,2.8173043392598629,2.8113,,1,0,0
ReflectionsOff,485,2.8312995564192533,2.8261,,1,0,0
ReflectionsOff,486,2.895797835662961,2.8923,,1,0,0
ReflectionsOff,487,2.5489015970379114,2.5464,,1,0,0
ReflectionsOff,488,4.0931971743702888,4.0913,,1,0,0
ReflectionsOff,489,2.5249007157981396,2.5192,,1,0,0
ReflectionsOff,490,3.1103033106774092,3.1089,,1,0,0
ReflectionsOff,491,2.6687995996326208,2.6652,,1,0,0
ReflectionsOff,492,2.8946995735168457,2.8943,,1,0,0
ReflectionsOff,493,2.9679988510906696,2.9651,,1,0,0
ReflectionsOff,494,3.2977962400764227,3.2952,,1,0,0
ReflectionsOff,495,2.4764030240476131,2.4694,,1,0,0
ReflectionsOff,496,3.7899021990597248,3.7879,,1,0,0
ReflectionsOff,497,2.62099620886147,2.6177,,1,0,0
ReflectionsOff,498,2.6160997804254293,2.6128999999999998,,1,0,0
ReflectionsOff,499,2.6932044420391321,2.6901,,1,0,0
ReflectionsOff,500,2.4805981665849686,2.4811,,1,0,0
ReflectionsOff,501,3.3741991501301527,3.3671,,1,0,0
ReflectionsOff,502,2.5451034307479858,2.5451,,1,0,0
ReflectionsOff,503,3.1076956074684858,3.0963,,1,0,0
ReflectionsOff,504,2.5820010341703892,2.5778,,1,0,0
ReflectionsOff,505,3.4917020238935947,3.4911,,1,0,0
ReflectionsOff,506,2.5371953379362822,2.5314,,1,0,0
ReflectionsOff,507,2.9390023555606604,2.9405,,1,0,0
ReflectionsOff,508,2.5764030870050192,2.5679,,1,0,0
ReflectionsOff,509,2.8700963594019413,2.8717,,1,0,0
ReflectionsOff,510,4.0284013375639915,4.0242,,1,0,0
ReflectionsOff,511,2.4730016011744738,2.4681,,1,0,0
ReflectionsOff,512,2.4222009815275669,2.4172,,1,0,0
ReflectionsOff,513,3.6505952011793852,3.6511,,1,0,0
ReflectionsOff,514,2.4224985390901566,2.416,,1,0,0
ReflectionsOff,515,3.3086026087403297,3.3091,,1,0,0
ReflectionsOff,516,2.3949970491230488,2.3893,,1,0,0
ReflectionsOff,517,3.2991000916808844,3.2985,,1,0,0
ReflectionsOff,518,2.6058035437017679,2.5988,,1,0,0
ReflectionsOff,519,2.8983985539525747,2.8998,,1,0,0
ReflectionsOff,520,3.1005030032247305,3.0938,,1,0,0
ReflectionsOff,521,3.6476969253271818,3.6452,,1,0,0
ReflectionsOff,522,2.637599129229784,2.634,,1,0,0
ReflectionsOff,523,2.6508006267249584,2.6519,,1,0,0
ReflectionsOff,524,2.34289956279099,2.3369,,1,0,0
ReflectionsOff,525,2.5535998865962029,2.5536,,1,0,0
ReflectionsOff,526,3.5315051209181547,3.5277,,1,0,0
ReflectionsOff,527,3.136493731290102,3.1297,,1,0,0
ReflectionsOff,528,2.8050027322024107,2.8018,,1,0,0
ReflectionsOff,529,2.5851971004158258,2.5845,,1,0,0
ReflectionsOff,530,3.1815050169825554,3.1756,,1,0,0
ReflectionsOff,531,4.5315972529351711,4.5315,,1,0,0
ReflectionsOff,532,2.4969032965600491,2.4904,,1,0,0
ReflectionsOff,533,2.8613945469260216,2.8617,,1,0,0
ReflectionsOff,534,3.5571004264056683,3.5535,,1,0,0
ReflectionsOff,535,2.1476049441844225,2.1425,,1,0,0
ReflectionsOff,536,2.9333971906453371,2.9335,,1,0,0
ReflectionsOff,537,2.3656038101762533,2.3606,,1,0,0
ReflectionsOff,538,2.3932964541018009,2.3933,,1,0,0
ReflectionsOff,539,2.2838010918349028,2.2776,,1,0,0
ReflectionsOff,540,2.7258007321506739,2.7258,,1,0,0
ReflectionsOff,541,2.2286989260464907,2.2247,,1,0,0
ReflectionsOff,542,3.1255031935870647,3.1226,,1,0,0
ReflectionsOff,543,2.79739941470325,2.7945,,1,0,0
ReflectionsOff,544,2.7155966963618994,2.7149,,1,0,0
ReflectionsOff,545,2.2488024551421404,2.2446,,1,0,0
ReflectionsOff,546,4.1680978611111641,4.1669,,1,0,0
ReflectionsOff,547,3.2302013132721186,3.2265,,1,0,0
ReflectionsOff,548,2.6454010512679815,2.6426,,1,0,0
ReflectionsOff,549,2.3611960932612419,2.3587,,1,0,0
ReflectionsOff,550,2.4778982624411583,2.4784,,1,0,0
ReflectionsOff,551,2.7817036025226116,2.7779,,1,0,0
ReflectionsOff,552,2.4468961637467146,2.4414,,1,0,0
ReflectionsOff,553,2.6533021591603756,2.6532,,1,0,0
ReflectionsOff,554,3.5758006852120161,3.5728,,1,0,0
ReflectionsOff,555,2.2705995943397284,2.2675,,1,0,0
ReflectionsOff,556,3.2142007257789373,3.211,,1,0,0
ReflectionsOff,557,2.4642006028443575,2.4605,,1,0,0
ReflectionsOff,558,2.439902164041996,2.4379,,1,0,0
ReflectionsOff,559,2.3903981782495975,2.3868,,1,0,0
ReflectionsOff,560,2.7098993305116892,2.7105,,1,0,0
ReflectionsOff,561,2.2310020867735147,2.2256,,1,0,0
ReflectionsOff,562,3.0616000294685364,3.0611,,1,0,0
ReflectionsOff,563,2.3072988260537386,2.303,,1,0,0
ReflectionsOff,564,2.4352963082492352,2.4316,,1,0,0
ReflectionsOff,565,2.8513038996607065,2.8506,,1,0,0
ReflectionsOff,566,2.2546981927007437,2.2483,,1,0,0
ReflectionsOff,567,3.4781037829816341,3.4786,,1,0,0
ReflectionsOff,568,2.2162981331348419,2.2148,,1,0,0
ReflectionsOff,569,2.9839002527296543,2.9781,,1,0,0
ReflectionsOff,570,2.5333971716463566,2.5295,,1,0,0
ReflectionsOff,571,2.9431050643324852,2.94,,1,0,0
ReflectionsOff,572,2.7372944168746471,2.7378,,1,0,0
ReflectionsOff,573,2.7044997550547123,2.6997,,1,0,0
ReflectionsOff,574,2.6848993729799986,2.6788,,1,0,0
ReflectionsOff,575,2.5743055157363415,2.5715,,1,0,0
ReflectionsOff,576,2.8194941114634275,2.8171,,1,0,0
ReflectionsOff,577,2.5995040778070688,2.6,,1,0,0
ReflectionsOff,578,3.210799302905798,3.2076,,1,0,0
ReflectionsOff,579,2.3222009185701609,2.315,,1,0,0
ReflectionsOff,580,2.7807964943349361,2.7825,,1,0,0
ReflectionsOff,581,3.0790036544203758,3.0744,,1,0,0
ReflectionsOff,582,2.5789965875446796,2.5746,,1,0,0
ReflectionsOff,583,2.8987033292651176,2.8988,,1,0,0
ReflectionsOff,584,2.2451956756412983,2.2429,,1,0,0
ReflectionsOff,585,2.7323057875037193,2.7271,,1,0,0
ReflectionsOff,586,2.5859978049993515,2.5794,,1,0,0
ReflectionsOff,587,2.727799117565155,2.7277,,1,0,0
ReflectionsOff,588,2.9782028868794441,2.9751,,1,0,0
ReflectionsOff,589,2.5839002337306738,2.5775,,1,0,0
ReflectionsOff,590,2.3994969669729471,2.3971,,1,0,0
ReflectionsOff,591,3.7607001140713692,3.7622,,1,0,0
ReflectionsOff,592,2.3875993210822344,2.3806,,1,0,0
ReflectionsOff,593,2.6643991004675627,2.6613,,1,0,0
ReflectionsOff,594,2.7337018400430679,2.7302,,1,0,0
ReflectionsOff,595,2.4358986411243677,2.4318,,1,0,0
ReflectionsOff,596,2.72900378331542,2.7292,,1,0,0
ReflectionsOff,597,2.3418013006448746,2.3353,,1,0,0
ReflectionsOff,598,2.7377975638955832,2.7385,,1,0,0
ReflectionsOff,599,2.6025013066828251,2.5967,,1,0,0
ReflectionsOff,600,3.0038973782211542,3.001,,1,0,0
ReflectionsOff,601,5.8681974187493324,5.8653,,1,0,0
ReflectionsOff,602,3.1470025423914194,3.1464,,1,0,0
ReflectionsOff,603,2.53030052408576,2.5222,,1,0,0
ReflectionsOff,604,3.437400795519352,3.4378,,1,0,0
ReflectionsOff,605,2.6181973516941071,2.6145,,1,0,0
ReflectionsOff,606,3.8566042203456163,3.8553,,1,0,0
ReflectionsOff,607,2.4755953345447779,2.4677,,1,0,0
ReflectionsOff,608,2.6930058375000954,2.6894,,1,0,0
ReflectionsOff,609,3.3444941509515047,3.3446,,1,0,0
ReflectionsOff,610,2.6761053595691919,2.669,,1,0,0
ReflectionsOff,611,2.397193806245923,2.3936,,1,0,0
ReflectionsOff,612,3.0850055627524853,3.0856,,1,0,0
ReflectionsOff,613,2.4512966629117727,2.4448,,1,0,0
ReflectionsOff,614,2.9390023555606604,2.9375,,1,0,0
ReflectionsOff,615,2.5959962513297796,2.5949,,1,0,0
ReflectionsOff,616,2.9589994810521603,2.9533,,1,0,0
ReflectionsOff,617,2.6618055999279022,2.6554,,1,0,0
ReflectionsOff,618,2.3258007131516933,2.3239,,1,0,0
ReflectionsOff,619,3.0570933595299721,3.0566,,1,0,0
ReflectionsOff,620,2.8372022788971663,2.8303,,1,0,0
ReflectionsOff,621,2.6919005904346704,2.6905,,1,0,0
ReflectionsOff,622,3.4775014501065016,3.4735,,1,0,0
ReflectionsOff,623,2.9113024938851595,2.9084,,1,0,0
ReflectionsOff,624,3.2163974829018116,3.214,,1,0,0
ReflectionsOff,625,2.4741992820054293,2.4681,,1,0,0
ReflectionsOff,626,3.1177012715488672,3.1181,,1,0,0
ReflectionsOff,627,3.1288973987102509,3.1226,,1,0,0
ReflectionsOff,628,2.4544005282223225,2.451,,1,0,0
ReflectionsOff,629,3.7443027831614017,3.7425,,1,0,0
ReflectionsOff,630,2.2412980906665325,2.2368,,1,0,0
ReflectionsOff,631,3.7462017498910427,3.7436,,1,0,0
ReflectionsOff,632,2.5147958658635616,2.5086,,1,0,0
ReflectionsOff,633,2.6264030020684004,2.6226,,1,0,0
ReflectionsOff,634,3.23450262658298,3.2314,,1,0,0
ReflectionsOff,635,3.1192956957966089,3.1165,,1,0,0
ReflectionsOff,636,2.3098993115127087,2.3076,,1,0,0
ReflectionsOff,637,3.0676019378006458,3.0653,,1,0,0
ReflectionsOff,638,2.4264031089842319,2.4217,,1,0,0
ReflectionsOff,639,2.9927934519946575,2.9923,,1,0,0
ReflectionsOff,640,2.2985048126429319,2.2946,,1,0,0
ReflectionsOff,641,2.560097724199295,2.5572,,1,0,0
ReflectionsOff,642,3.9230016991496086,3.9217,,1,0,0
ReflectionsOff,643,2.3651006631553173,2.3584,,1,0,0
ReflectionsOff,644,3.3547973725944757,3.3553,,1,0,0
ReflectionsOff,645,2.1566043142229319,2.1522,,1,0,0
ReflectionsOff,646,3.1761976424604654,3.1717,,1,0,0
ReflectionsOff,647,2.6902989484369755,2.6911,,1,0,0
ReflectionsOff,648,2.9259000439196825,2.9218,,1,0,0
ReflectionsOff,649,2.7100977022200823,2.7026,,1,0,0
ReflectionsOff,650,2.4589993990957737,2.4589,,1,0,0
ReflectionsOff,651,2.8535006567835808,2.8482,,1,0,0
ReflectionsOff,652,2.4990008678287268,2.4967,,1,0,0
ReflectionsOff,653,2.5657028891146183,2.5664,,1,0,0
ReflectionsOff,654,2.5298965629190207,2.5265,,1,0,0
ReflectionsOff,655,2.8038052842020988,2.7988,,1,0,0
ReflectionsOff,656,2.8135983739048243,2.8141,,1,0,0
ReflectionsOff,657,3.03879682905972,3.036,,1,0,0
ReflectionsOff,658,2.8830994851887226,2.8763,,1,0,0
ReflectionsOff,659,2.6143991854041815,2.6143,,1,0,0
ReflectionsOff,660,2.4273029994219542,2.4209,,1,0,0
ReflectionsOff,661,2.4988024961203337,2.4959,,1,0,0
ReflectionsOff,662,2.4764952249825,2.4749,,1,0,0
ReflectionsOff,663,2.3102040868252516,2.3053,,1,0,0
ReflectionsOff,664,2.7298964560031891,2.7308,,1,0,0
ReflectionsOff,665,3.8089994341135025,3.8041,,1,0,0
ReflectionsOff,666,2.2310020867735147,2.2281,,1,0,0
ReflectionsOff,667,2.5696002412587404,2.5645,,1,0,0
ReflectionsOff,668,2.5919005274772644,2.5891,,1,0,0
ReflectionsOff,669,2.4297973141074181,2.4271,,1,0,0
ReflectionsOff,670,2.9410996939986944,2.9398,,1,0,0
ReflectionsOff,671,2.3370040580630302,2.3333,,1,0,0
ReflectionsOff,672,2.7663973160088062,2.7638,,1,0,0
ReflectionsOff,673,3.0002975836396217,2.9933,,1,0,0
ReflectionsOff,674,2.5437003932893276,2.5448,,1,0,0
ReflectionsOff,675,2.4837017990648746,2.477,,1,0,0
ReflectionsOff,676,3.144699614495039,3.2534,,1,0,0
ReflectionsOff,677,3.7095025181770325,3.598,,1,0,0
ReflectionsOff,678,2.4289966095238924,2.4236,,1,0,0
ReflectionsOff,679,2.6896046474575996,2.6886,,1,0,0
ReflectionsOff,680,2.2906959056854248,2.2856,,1,0,0
ReflectionsOff,681,2.51320144161582,2.5163,,1,0,0
ReflectionsOff,682,2.8797972481697798,2.8736,,1,0,0
ReflectionsOff,683,2.1969033405184746,2.1941,,1,0,0
ReflectionsOff,684,3.1259991228580475,3.1195,,1,0,0
ReflectionsOff,685,2.2231009788811207,2.2212,,1,0,0
ReflectionsOff,686,2.4359978269785643,2.4374,,1,0,0
ReflectionsOff,687,2.6408021803945303,2.6349,,1,0,0
ReflectionsOff,688,2.4512966629117727,2.4453,,1,0,0
ReflectionsOff,689,3.0008007306605577,2.9996,,1,0,0
ReflectionsOff,690,3.0372024048119783,3.0348,,1,0,0
ReflectionsOff,691,2.3589001502841711,2.3538,,1,0,0
ReflectionsOff,692,2.6410005521029234,2.639,,1,0,0
ReflectionsOff,693,2.7873015496879816,2.7869,,1,0,0
ReflectionsOff,694,2.3691963870078325,2.3639,,1,0,0
ReflectionsOff,695,2.695698756724596,2.6969,,1,0,0
ReflectionsOff,696,2.7828018646687269,2.7789,,1,0,0
ReflectionsOff,697,2.3205995094031096,2.3156,,1,0,0
ReflectionsOff,698,2.7982001192867756,2.7932,,1,0,0
ReflectionsOff,699,2.6295988354831934,2.6268,,1,0,0
ReflectionsOff,700,3.2122023403644562,3.2086,,1,0,0
ReflectionsOff,701,2.63810227625072,2.6364,,1,0,0
ReflectionsOff,702,3.2220946159213781,3.2189,,1,0,0
ReflectionsOff,703,2.20099906437099,2.1993,,1,0,0
ReflectionsOff,704,2.4336026981472969,2.4311,,1,0,0
ReflectionsOff,705,2.480498980730772,2.4802,,1,0,0
ReflectionsOff,706,2.402203856036067,2.394,,1,0,0
ReflectionsOff,707,3.196400124579668,3.1977,,1,0,0
ReflectionsOff,708,2.6509992312639952,2.6423,,1,0,0
ReflectionsOff,709,2.7182966005057096,2.7189,,1,0,0
ReflectionsOff,710,2.6255031116306782,2.6215,,1,0,0
ReflectionsOff,711,2.6473002508282661,2.6426,,1,0,0
ReflectionsOff,712,2.9493977781385183,2.9462,,1,0,0
ReflectionsOff,713,2.5221018586307764,2.5176,,1,0,0
ReflectionsOff,714,4.3270974420011044,4.3238,,1,0,0
ReflectionsOff,715,2.6753046549856663,2.6713,,1,0,0
ReflectionsOff,716,2.2592970635741949,2.2564,,1,0,0
ReflectionsOff,717,3.1760984566062689,3.1758,,1,0,0
ReflectionsOff,718,2.4066043552011251,2.3999,,1,0,0
ReflectionsOff,719,2.8031959664076567,2.8039,,1,0,0
ReflectionsOff,720,2.7441042475402355,2.7382,,1,0,0
ReflectionsOff,721,2.3754960857331753,2.3715,,1,0,0
ReflectionsOff,722,3.1714001670479774,3.173,,1,0,0
ReflectionsOff,723,2.6026999112218618,2.5938,,1,0,0
ReflectionsOff,724,2.9392007272690535,2.9383,,1,0,0
ReflectionsOff,725,2.54730018787086,2.5414,,1,0,0
ReflectionsOff,726,2.4363023694604635,2.4365,,1,0,0
ReflectionsOff,727,3.2812003046274185,3.2776,,1,0,0
ReflectionsOff,728,3.3734976314008236,3.3694,,1,0,0
ReflectionsOff,729,2.5447986554354429,2.5417,,1,0,0
ReflectionsOff,730,2.67519848421216,2.674,,1,0,0
ReflectionsOff,731,2.5721017736941576,2.5691,,1,0,0
ReflectionsOff,732,2.3822986986488104,2.377,,1,0,0
ReflectionsOff,733,3.0972009990364313,3.0967,,1,0,0
ReflectionsOff,734,2.4942036252468824,2.4873,,1,0,0
ReflectionsOff,735,3.0710955616086721,3.0703,,1,0,0
ReflectionsOff,736,2.3712017573416233,2.3666,,1,0,0
ReflectionsOff,737,2.2033022250980139,2.2037,,1,0,0
ReflectionsOff,738,2.7350978925824165,2.7321,,1,0,0
ReflectionsOff,739,2.335601020604372,2.3311,,1,0,0
ReflectionsOff,740,3.2824971713125706,3.2795,,1,0,0
ReflectionsOff,741,2.5794005487114191,2.5814,,1,0,0
ReflectionsOff,742,3.2184028532356024,3.2096,,1,0,0
ReflectionsOff,743,2.5722009595483541,2.5667,,1,0,0
ReflectionsOff,744,2.1973000839352608,2.1954,,1,0,0
ReflectionsOff,745,3.7776997778564692,3.7792,,1,0,0
ReflectionsOff,746,2.2960954811424017,2.2886,,1,0,0
ReflectionsOff,747,2.7238023467361927,2.7216,,1,0,0
ReflectionsOff,748,2.3138038814067841,2.31,,1,0,0
ReflectionsOff,749,3.1100977212190628,3.1082,,1,0,0
ReflectionsOff,750,2.3888959549367428,2.3835,,1,0,0
ReflectionsOff,751,2.8589002322405577,2.8582,,1,0,0
ReflectionsOff,752,2.4790037423372269,2.478,,1,0,0
ReflectionsOff,753,2.5570010766386986,2.5514,,1,0,0
ReflectionsOff,754,2.6098992675542831,2.6051,,1,0,0
ReflectionsOff,755,2.3752977140247822,2.3721,,1,0,0
ReflectionsOff,756,3.0759992077946663,3.0756,,1,0,0
ReflectionsOff,757,2.1635983139276505,2.1586,,1,0,0
ReflectionsOff,758,2.7305060066282749,2.7273,,1,0,0
ReflectionsOff,759,2.3475978523492813,2.3451,,1,0,0
ReflectionsOff,760,2.2905967198312283,2.2887,,1,0,0
ReflectionsOff,761,2.4136053398251534,2.4088,,1,0,0
ReflectionsOff,762,2.2935941815376282,2.2915,,1,0,0
ReflectionsOff,763,4.54360106959939,4.5432,,1,0,0
ReflectionsOff,764,2.2971017751842737,2.2923,,1,0,0
ReflectionsOff,765,2.5260983966290951,2.5248,,1,0,0
ReflectionsOff,766,2.3702026810497046,2.3652,,1,0,0
ReflectionsOff,767,2.72930134087801,2.7306,,1,0,0
ReflectionsOff,768,2.6966978330165148,2.6915,,1,0,0
ReflectionsOff,769,3.0222008936107159,3.0211,,1,0,0
ReflectionsOff,770,2.2788974456489086,2.2744,,1,0,0
ReflectionsOff,771,2.6504038833081722,2.6472,,1,0,0
ReflectionsOff,772,2.6893990579992533,2.6845,,1,0,0
ReflectionsOff,773,2.3558957036584616,2.352,,1,0,0
ReflectionsOff,774,2.8346017934381962,2.8359,,1,0,0
ReflectionsOff,775,2.5798045098781586,2.5749,,1,0,0
ReflectionsOff,776,3.5918934736400843,3.5877,,1,0,0
ReflectionsOff,777,2.3275013081729412,2.3218,,1,0,0
ReflectionsOff,778,3.5074050538241863,3.5078,,1,0,0
ReflectionsOff,779,2.2256944794207811,2.2222,,1,0,0
ReflectionsOff,780,3.9713010191917419,3.9704,,1,0,0
ReflectionsOff,781,2.1715986076742411,2.1653,,1,0,0
ReflectionsOff,782,2.5365008041262627,2.5368,,1,0,0
ReflectionsOff,783,2.849603071808815,2.8458,,1,0,0
ReflectionsOff,784,2.4261975195258856,2.4233,,1,0,0
ReflectionsOff,785,2.5409013032913208,2.5406,,1,0,0
ReflectionsOff,786,2.9546981677412987,2.9494,,1,0,0
ReflectionsOff,787,2.3326035588979721,2.331,,1,0,0
ReflectionsOff,788,3.2371953129768372,3.2338,,1,0,0
ReflectionsOff,789,2.8321994468569756,2.8267,,1,0,0
ReflectionsOff,790,2.3074049968272448,2.3012,,1,0,0
ReflectionsOff,791,2.4967971257865429,2.4955,,1,0,0
ReflectionsOff,792,2.8593041934072971,2.8545,,1,0,0
ReflectionsOff,793,2.2174958139657974,2.2119,,1,0,0
ReflectionsOff,794,2.6721018366515636,2.673,,1,0,0
ReflectionsOff,795,3.11819720081985,3.1169,,1,0,0
ReflectionsOff,796,2.1534012630581856,2.1445,,1,0,0
ReflectionsOff,797,3.2980015967041254,3.2983,,1,0,0
ReflectionsOff,798,2.3759000468999147,2.3707,,1,0,0
ReflectionsOff,799,2.758602611720562,2.7578,,1,0,0
ReflectionsOff,800,2.5567957200109959,2.5527,,1,0,0
ReflectionsOff,801,2.3198979906737804,2.3156,,1,0,0
ReflectionsOff,802,2.3990008048713207,2.3946,,1,0,0
ReflectionsOff,803,3.898504888638854,3.898,,1,0,0
ReflectionsOff,804,2.7642007917165756,2.7594,,1,0,0
ReflectionsOff,805,2.6608984917402267,2.6605,,1,0,0
ReflectionsOff,806,2.3972010239958763,2.3922,,1,0,0
ReflectionsOff,807,2.5301941204816103,2.5243,,1,0,0
ReflectionsOff,808,2.593006007373333,2.5933,,1,0,0
ReflectionsOff,809,3.080498892813921,3.0772,,1,0,0
ReflectionsOff,810,2.4657950270920992,2.4593,,1,0,0
ReflectionsOff,811,2.3873015306890011,2.3871,,1,0,0
ReflectionsOff,812,2.7531038504093885,2.7485,,1,0,0
ReflectionsOff,813,2.3347008973360062,2.331,,1,0,0
ReflectionsOff,814,2.7486961334943771,2.7478,,1,0,0
ReflectionsOff,815,2.7811012696474791,2.7757,,1,0,0
ReflectionsOff,816,2.5205002166330814,2.5174,,1,0,0
ReflectionsOff,817,2.7062995359301567,2.7026,,1,0,0
ReflectionsOff,818,2.0874007605016232,2.0851,,1,0,0
ReflectionsOff,819,3.3104023896157742,3.3093,,1,0,0
ReflectionsOff,820,2.3518991656601429,2.3469,,1,0,0
ReflectionsOff,821,3.2565973233431578,3.2557,,1,0,0
ReflectionsOff,822,3.0679989140480757,3.0654,,1,0,0
ReflectionsOff,823,2.762804739177227,2.7601,,1,0,0
ReflectionsOff,824,2.5107001420110464,2.5054,,1,0,0
ReflectionsOff,825,3.7880952004343271,3.7888,,1,0,0
ReflectionsOff,826,2.460600808262825,2.4545,,1,0,0
ReflectionsOff,827,3.4909013193100691,3.4898,,1,0,0
ReflectionsOff,828,2.56159994751215,2.5602,,1,0,0
ReflectionsOff,829,2.8294005896896124,2.8263,,1,0,0
ReflectionsOff,830,3.4181973896920681,3.4155,,1,0,0
ReflectionsOff,831,2.8192035388201475,2.8146,,1,0,0
ReflectionsOff,832,3.3638959284871817,3.3622,,1,0,0
ReflectionsOff,833,3.6031038034707308,3.5992,,1,0,0
ReflectionsOff,834,3.1941963825374842,3.1898,,1,0,0
ReflectionsOff,835,3.4782029688358307,3.472,,1,0,0
ReflectionsOff,836,2.4535998236387968,2.4505,,1,0,0
ReflectionsOff,837,3.0553997494280338,3.0497,,1,0,0
ReflectionsOff,838,2.5479025207459927,2.5452,,1,0,0
ReflectionsOff,839,3.359396243467927,3.3583,,1,0,0
ReflectionsOff,840,2.6458972133696079,2.6401,,1,0,0
ReflectionsOff,841,3.7339001428335905,3.7354,,1,0,0
ReflectionsOff,842,2.4796060752123594,2.4734,,1,0,0
ReflectionsOff,843,3.122399328276515,3.1218,,1,0,0
ReflectionsOff,844,2.5747944600880146,2.5687,,1,0,0
ReflectionsOff,845,3.543501952663064,3.5426,,1,0,0
ReflectionsOff,846,2.8709042817354202,2.8645,,1,0,0
ReflectionsOff,847,3.3421982079744339,3.3435,,1,0,0
ReflectionsOff,848,2.444699639454484,2.4364,,1,0,0
ReflectionsOff,849,3.044897923246026,3.0436,,1,0,0
ReflectionsOff,850,4.6025016345083714,4.6014,,1,0,0
ReflectionsOff,851,3.0991991516202688,3.0939,,1,0,0
ReflectionsOff,852,2.4210033006966114,2.4177,,1,0,0
ReflectionsOff,853,3.8612952921539545,3.8607,,1,0,0
ReflectionsOff,854,4.007603507488966,3.9987,,1,0,0
ReflectionsOff,855,2.44239647872746,2.4386,,1,0,0
ReflectionsOff,856,3.9242985658347607,3.9201,,1,0,0
ReflectionsOff,857,2.93630245141685,2.9328,,1,0,0
ReflectionsOff,858,3.1258007511496544,3.1251,,1,0,0
ReflectionsOff,859,2.9983986169099808,2.9938,,1,0,0
ReflectionsOff,860,3.5506023559719324,3.5439,,1,0,0
ReflectionsOff,861,2.5820010341703892,2.5792,,1,0,0
ReflectionsOff,862,4.4627976603806019,4.4955,,1,0,0
ReflectionsOff,863,2.9651005752384663,2.9256,,1,0,0
ReflectionsOff,864,3.0285005923360586,3.0255,,1,0,0
ReflectionsOff,865,3.8132015615701675,3.8084,,1,0,0
ReflectionsOff,866,2.6339993346482515,2.6341,,1,0,0
ReflectionsOff,867,3.1953018624335527,3.1929,,1,0,0
ReflectionsOff,868,2.7857993263751268,2.7805,,1,0,0
ReflectionsOff,869,4.5121954753994942,4.5107,,1,0,0
ReflectionsOff,870,2.8182044625282288,2.8103,,1,0,0
ReflectionsOff,871,3.3620961476117373,3.3622,,1,0,0
ReflectionsOff,872,3.0851049814373255,3.0844,,1,0,0
ReflectionsOff,873,3.393898718059063,3.3845,,1,0,0
ReflectionsOff,874,3.0153982806950808,3.0104,,1,0,0
ReflectionsOff,875,3.1688988674432039,3.1625,,1,0,0
ReflectionsOff,876,2.697597723454237,2.696,,1,0,0
ReflectionsOff,877,5.3551020100712776,5.3482,,1,0,0
ReflectionsOff,878,3.0881022103130817,3.0828,,1,0,0
ReflectionsOff,879,3.2807965762913227,3.2776,,1,0,0
ReflectionsOff,880,3.3690051641315222,3.3712,,1,0,0
ReflectionsOff,881,2.805300522595644,2.8003999999999998,,1,0,0
ReflectionsOff,882,3.9172973483800888,3.9117,,1,0,0
ReflectionsOff,883,4.3427012860774994,4.337,,1,0,0
ReflectionsOff,884,2.9996952507644892,2.9983,,1,0,0
ReflectionsOff,885,3.2223993912339211,3.2177,,1,0,0
ReflectionsOff,886,3.3323059324175119,3.3298,,1,0,0
ReflectionsOff,887,3.1074972357600927,3.1069,,1,0,0
ReflectionsOff,888,3.2250001095235348,3.2178,,1,0,0
ReflectionsOff,889,3.2296981662511826,3.226,,1,0,0
ReflectionsOff,890,3.5332057159394026,3.5251,,1,0,0
ReflectionsOff,891,3.4251983743160963,3.4216,,1,0,0
ReflectionsOff,892,2.8838010039180517,2.8855,,1,0,0
ReflectionsOff,893,3.4480937756597996,3.4404,,1,0,0
ReflectionsOff,894,2.5704011786729097,2.5679,,1,0,0
ReflectionsOff,895,3.86789976619184,3.8637,,1,0,0
ReflectionsOff,896,2.9119048267602921,2.9109,,1,0,0
ReflectionsOff,897,3.7340987473726273,3.7244,,1,0,0
ReflectionsOff,898,3.1606010161340237,3.1558,,1,0,0
ReflectionsOff,899,2.6566963642835617,2.654,,1,0,0
ReflectionsOff,900,3.9384993724524975,3.9373,,1,0,0
ReflectionsOff,901,2.8530044946819544,2.8463,,1,0,0
ReflectionsOff,902,3.4868975635617971,3.4886,,1,0,0
ReflectionsOff,903,2.8431972023099661,2.8195,,1,0,0
ReflectionsOff,904,3.6922052968293428,3.6793,,1,0,0
ReflectionsOff,905,2.5235968641936779,2.5175,,1,0,0
ReflectionsOff,906,3.2571996562182903,3.2572,,1,0,0
ReflectionsOff,907,2.7367984876036644,2.7274,,1,0,0
ReflectionsOff,908,3.1430060043931007,3.1439,,1,0,0
ReflectionsOff,909,3.1837939750403166,3.1818,,1,0,0
ReflectionsOff,910,3.534205025061965,3.5265,,1,0,0
ReflectionsOff,911,3.5950962919741869,3.5933,,1,0,0
ReflectionsOff,912,3.0693027656525373,3.0665,,1,0,0
ReflectionsOff,913,2.9864015523344278,2.9817,,1,0,0
ReflectionsOff,914,2.6035006158053875,2.6012,,1,0,0
ReflectionsOff,915,3.0817955266684294,3.0827,,1,0,0
ReflectionsOff,916,2.8720025438815355,2.8687,,1,0,0
ReflectionsOff,917,3.1303004361689091,3.1246,,1,0,0
ReflectionsOff,918,3.0590987298637629,3.0529,,1,0,0
ReflectionsOff,919,2.6720026507973671,2.6634,,1,0,0
ReflectionsOff,920,3.5009991843253374,3.502,,1,0,0
ReflectionsOff,921,2.8831986710429192,2.875,,1,0,0
ReflectionsOff,922,2.9196995310485363,2.9195,,1,0,0
ReflectionsOff,923,2.6196003891527653,2.6136,,1,0,0
ReflectionsOff,924,2.9400014318525791,2.9364,,1,0,0
ReflectionsOff,925,2.5466978549957275,2.5491,,1,0,0
ReflectionsOff,926,3.2026006374508142,3.1966,,1,0,0
ReflectionsOff,927,2.9006022959947586,2.8939,,1,0,0
ReflectionsOff,928,2.9328940436244011,2.9333,,1,0,0
ReflectionsOff,929,3.0492064543068409,3.0437,,1,0,0
ReflectionsOff,930,3.412698395550251,3.4071,,1,0,0
ReflectionsOff,931,2.6559948455542326,2.6533,,1,0,0
ReflectionsOff,932,3.4970026463270187,3.4965,,1,0,0
ReflectionsOff,933,3.2350977417081594,3.2286,,1,0,0
ReflectionsOff,934,2.8406037017703056,2.8373,,1,0,0
ReflectionsOff,935,2.6740999892354012,2.6732,,1,0,0
ReflectionsOff,936,3.1920988112688065,3.1915,,1,0,0
ReflectionsOff,937,2.30590277351439,2.2986,,1,0,0
ReflectionsOff,938,3.6390942987054586,3.6429,,1,0,0
ReflectionsOff,939,2.8805059846490622,2.8432,,1,0,0
ReflectionsOff,940,2.8631945606321096,2.8584,,1,0,0
ReflectionsOff,941,3.0249999836087227,3.0211,,1,0,0
ReflectionsOff,942,3.0163051560521126,3.0116,,1,0,0
ReflectionsOff,943,2.8411990497261286,2.8411,,1,0,0
ReflectionsOff,944,3.39640025049448,3.3931,,1,0,0
ReflectionsOff,945,2.506795572116971,2.5005,,1,0,0
ReflectionsOff,946,2.9792021960020065,2.9781,,1,0,0
ReflectionsOff,947,2.9545989818871021,2.947,,1,0,0
ReflectionsOff,948,2.9651997610926628,2.9636,,1,0,0
ReflectionsOff,949,2.8240999672561884,2.8233,,1,0,0
ReflectionsOff,950,2.383099403232336,2.3774,,1,0,0
ReflectionsOff,951,2.766503719612956,2.7675,,1,0,0
ReflectionsOff,952,3.4725978039205074,3.4652,,1,0,0
ReflectionsOff,953,3.4276007208973169,3.4253,,1,0,0
ReflectionsOff,954,2.5341978762298822,2.5348,,1,0,0
ReflectionsOff,955,3.000304801389575,2.9955,,1,0,0
ReflectionsOff,956,2.5479947216808796,2.5398,,1,0,0
ReflectionsOff,957,2.9785006772726774,2.9766,,1,0,0
ReflectionsOff,958,2.4637046735733747,2.4586,,1,0,0
ReflectionsOff,959,3.7073979619890451,3.7076,,1,0,0
ReflectionsOff,960,2.5876984000205994,2.5818,,1,0,0
ReflectionsOff,961,2.9864015523344278,2.986,,1,0,0
ReflectionsOff,962,2.5561011862009764,2.55,,1,0,0
ReflectionsOff,963,2.8199972584843636,2.8164,,1,0,0
ReflectionsOff,964,3.1044005881994963,3.1004,,1,0,0
ReflectionsOff,965,3.2134992070496082,3.2103,,1,0,0
ReflectionsOff,966,2.3601048160344362,2.3577,,1,0,0
ReflectionsOff,967,2.46509350836277,2.4633,,1,0,0
ReflectionsOff,968,3.1738025136291981,3.1689,,1,0,0
ReflectionsOff,969,2.5864015333354473,2.5831,,1,0,0
ReflectionsOff,970,2.6173966471105814,2.6171,,1,0,0
ReflectionsOff,971,2.3667020723223686,2.3606,,1,0,0
ReflectionsOff,972,2.6541028637439013,2.6538,,1,0,0
ReflectionsOff,973,3.2830995041877031,3.2814,,1,0,0
ReflectionsOff,974,3.9671980775892735,3.961,,1,0,0
ReflectionsOff,975,2.7357002254575491,2.7349,,1,0,0
ReflectionsOff,976,2.7146968059241772,2.7127,,1,0,0
ReflectionsOff,977,2.6188066694885492,2.6114,,1,0,0
ReflectionsOff,978,2.8737953398376703,2.8723,,1,0,0
ReflectionsOff,979,2.3758006282150745,2.3712,,1,0,0
ReflectionsOff,980,3.0556973069906235,3.0604,,1,0,0
ReflectionsOff,981,2.7690050192177296,2.7596,,1,0,0
ReflectionsOff,982,2.2097008768469095,2.2054,,1,0,0
ReflectionsOff,983,3.522300161421299,3.523,,1,0,0
ReflectionsOff,984,2.8275935910642147,2.821,,1,0,0
ReflectionsOff,985,2.4742062669247389,2.4722,,1,0,0
ReflectionsOff,986,5.0274943932890892,5.0288,,1,0,0
ReflectionsOff,987,2.2750000935047865,2.2679,,1,0,0
ReflectionsOff,988,2.6059027295559645,2.6041,,1,0,0
ReflectionsOff,989,2.5114016607403755,2.509,,1,0,0
ReflectionsOff,990,2.2445011418312788,2.2384,,1,0,0
ReflectionsOff,991,2.7979945298284292,2.7969,,1,0,0
ReflectionsOff,992,2.4899023119360209,2.4857,,1,0,0
ReflectionsOff,993,2.7231008280068636,2.7236,,1,0,0
ReflectionsOff,994,2.3182965815067291,2.3127,,1,0,0
ReflectionsOff,995,2.3512046318501234,2.3487,,1,0,0
ReflectionsOff,996,2.6648950297385454,2.6654,,1,0,0
ReflectionsOff,997,2.3602040018886328,2.3542,,1,0,0
ReflectionsOff,998,2.8672972694039345,2.8663,,1,0,0
ReflectionsOff,999,2.1937002893537283,2.1913,,1,0,0
ReflectionsOff,1000,3.4030044917017221,3.4012,,1,0,0
ReflectionsOff,1001,2.4158942978829145,2.4096,,1,0,0
ReflectionsOff,1002,2.5055059231817722,2.5062,,1,0,0
ReflectionsOff,1003,2.6621953584253788,2.6568,,1,0,0
ReflectionsOff,1004,2.5835034903138876,2.582,,1,0,0
ReflectionsOff,1005,2.6047972496598959,2.5998,,1,0,0
ReflectionsOff,1006,4.119302611798048,4.1164,,1,0,0
ReflectionsOff,1007,2.3496951907873154,2.3455,,1,0,0
ReflectionsOff,1008,2.3735049180686474,2.3684,,1,0,0
ReflectionsOff,1009,2.6284013874828815,2.6276,,1,0,0
ReflectionsOff,1010,2.9990929178893566,2.9927,,1,0,0
ReflectionsOff,1011,2.7382015250623226,2.7371,,1,0,0
ReflectionsOff,1012,2.2307042963802814,2.225,,1,0,0
ReflectionsOff,1013,2.8487953823059797,2.8484,,1,0,0
ReflectionsOff,1014,2.4898028932511806,2.4877,,1,0,0
ReflectionsOff,1015,2.2537983022630215,2.2481,,1,0,0
ReflectionsOff,1016,3.1184027902781963,3.1193,,1,0,0
ReflectionsOff,1017,2.3339993786066771,2.3292,,1,0,0
ReflectionsOff,1018,2.7367984876036644,2.7341,,1,0,0
ReflectionsOff,1019,3.1043014023452997,3.1044,,1,0,0
ReflectionsOff,1020,3.5741992760449648,3.5682,,1,0,0
ReflectionsOff,1021,2.416298259049654,2.4126,,1,0,0
ReflectionsOff,1022,2.533801132813096,2.5318,,1,0,0
ReflectionsOff,1023,2.7653982397168875,2.7654,,1,0,0
ReflectionsOff,1024,2.3053004406392574,2.3008,,1,0,0
ReflectionsOff,1025,3.5414043813943863,3.538,,1,0,0
ReflectionsOff,1026,2.2241000551730394,2.2195,,1,0,0
ReflectionsOff,1027,3.2649943605065346,3.2657,,1,0,0
ReflectionsOff,1028,2.822300186380744,2.814,,1,0,0
ReflectionsOff,1029,2.40539968945086,2.4171,,1,0,0
ReflectionsOff,1030,2.7660997584462166,2.7501,,1,0,0
ReflectionsOff,1031,2.8069019317626953,2.8055,,1,0,0
ReflectionsOff,1032,2.9340987093746662,2.9279,,1,0,0
ReflectionsOff,1033,2.5156037881970406,2.5128,,1,0,0
ReflectionsOff,1034,2.4267998524010181,2.4254,,1,0,0
ReflectionsOff,1035,2.2990007419139147,2.2943,,1,0,0
ReflectionsOff,1036,3.1826954800635576,3.1828,,1,0,0
ReflectionsOff,1037,2.812500111758709,2.8063,,1,0,0
ReflectionsOff,1038,2.549000782892108,2.5469,,1,0,0
ReflectionsOff,1039,2.9310020618140697,2.9309,,1,0,0
ReflectionsOff,1040,2.4912981316447258,2.4842,,1,0,0
ReflectionsOff,1041,4.9771047197282314,4.9736,,1,0,0
ReflectionsOff,1042,2.6642999146133661,2.6615,,1,0,0
ReflectionsOff,1043,2.64979456551373,2.6479,,1,0,0
ReflectionsOff,1044,3.5489015281200409,3.5482,,1,0,0
ReflectionsOff,1045,2.3328019306063652,2.3276,,1,0,0
ReflectionsOff,1046,2.7170989196747541,2.7165,,1,0,0
ReflectionsOff,1047,2.4828019086271524,2.4768,,1,0,0
ReflectionsOff,1048,3.026601392775774,3.0246,,1,0,0
ReflectionsOff,1049,2.7967970818281174,2.7933,,1,0,0
ReflectionsOff,1050,2.4303996469825506,2.4277,,1,0,0
ReflectionsOff,1051,3.0420988332480192,3.0406,,1,0,0
ReflectionsOff,1052,2.3397037293761969,2.3329,,1,0,0
ReflectionsOff,1053,2.4607994128018618,2.46,,1,0,0
ReflectionsOff,1054,3.5564980935305357,3.5557,,1,0,0
ReflectionsOff,1055,2.482397947460413,2.479,,1,0,0
ReflectionsOff,1056,2.867899602279067,2.8635,,1,0,0
ReflectionsOff,1057,2.8271046467125416,2.8234,,1,0,0
ReflectionsOff,1058,2.3125992156565189,2.31,,1,0,0
ReflectionsOff,1059,2.9379960615187883,2.9352,,1,0,0
ReflectionsOff,1060,3.2075042836368084,3.2064,,1,0,0
ReflectionsOff,1061,2.5991993024945259,2.5937,,1,0,0
ReflectionsOff,1062,2.7060019783675671,2.7052,,1,0,0
ReflectionsOff,1063,2.542396541684866,2.5341,,1,0,0
ReflectionsOff,1064,3.4356010146439075,3.433,,1,0,0
ReflectionsOff,1065,2.4642006028443575,2.4604,,1,0,0
ReflectionsOff,1066,2.9419998172670603,2.9405,,1,0,0
ReflectionsOff,1067,2.1762966644018888,2.1729,,1,0,0
ReflectionsOff,1068,2.8427012730389833,2.8419,,1,0,0
ReflectionsOff,1069,3.2584040891379118,3.2557,,1,0,0
ReflectionsOff,1070,2.3810940328985453,2.377,,1,0,0
ReflectionsOff,1071,2.8133008163422346,2.8129,,1,0,0
ReflectionsOff,1072,2.7767007704824209,2.7714,,1,0,0
ReflectionsOff,1073,2.6068026199936867,2.6063,,1,0,0
ReflectionsOff,1074,2.3553003557026386,2.3482,,1,0,0
ReflectionsOff,1075,2.6118976529687643,2.6116,,1,0,0
ReflectionsOff,1076,3.0906037427484989,3.0866,,1,0,0
ReflectionsOff,1077,3.2767006196081638,3.2742,,1,0,0
ReflectionsOff,1078,2.498894464224577,2.4946,,1,0,0
ReflectionsOff,1079,3.0418012756854296,3.0451,,1,0,0
ReflectionsOff,1080,2.6276006828993559,2.614,,1,0,0
ReflectionsOff,1081,3.2628967892378569,3.2632,,1,0,0
ReflectionsOff,1082,2.4910997599363327,2.4844,,1,0,0
ReflectionsOff,1083,3.31090553663671,3.3108,,1,0,0
ReflectionsOff,1084,3.5000992938876152,3.4958,,1,0,0
ReflectionsOff,1085,2.69219814799726,2.6901,,1,0,0
ReflectionsOff,1086,2.6779973413795233,2.6759,,1,0,0
ReflectionsOff,1087,2.8089003171771765,2.8022,,1,0,0
ReflectionsOff,1088,2.9820010531693697,2.9813,,1,0,0
ReflectionsOff,1089,2.7956985868513584,2.7891,,1,0,0
ReflectionsOff,1090,3.0061011202633381,3.0041,,1,0,0
ReflectionsOff,1091,2.7054988313466311,2.7027,,1,0,0
ReflectionsOff,1092,2.5885063223540783,2.5882,,1,0,0
ReflectionsOff,1093,3.0966978520154953,3.0931,,1,0,0
ReflectionsOff,1094,2.4302012752741575,2.4276,,1,0,0
ReflectionsOff,1095,3.1809948850423098,3.172,,1,0,0
ReflectionsOff,1096,2.8141015209257603,2.8095,,1,0,0
ReflectionsOff,1097,2.8040036559104919,2.797,,1,0,0
ReflectionsOff,1098,3.533198731020093,3.5344,,1,0,0
ReflectionsOff,1099,2.6688987854868174,2.6606,,1,0,0
ReflectionsOff,1100,3.0875001102685928,3.0882,,1,0,0
ReflectionsOff,1101,2.8877975419163704,2.8796,,1,0,0
ReflectionsOff,1102,3.0748015269637108,3.0757,,1,0,0
ReflectionsOff,1103,3.3428005408495665,3.3391,,1,0,0
ReflectionsOff,1104,2.8309028130024672,2.8246,,1,0,0
ReflectionsOff,1105,2.4758998770266771,2.4727,,1,0,0
ReflectionsOff,1106,3.0783943366259336,3.0782,,1,0,0
ReflectionsOff,1107,2.8758007101714611,2.8706,,1,0,0
ReflectionsOff,1108,3.302302910014987,3.3032,,1,0,0
ReflectionsOff,1109,3.3462017308920622,3.3352,,1,0,0
ReflectionsOff,1110,2.93359556235373,2.9347,,1,0,0
ReflectionsOff,1111,2.8118055779486895,2.8074,,1,0,0
ReflectionsOff,1112,2.6585955638438463,2.6564,,1,0,0
ReflectionsOff,1113,4.0206988342106342,4.018,,1,0,0
ReflectionsOff,1114,2.7915036771446466,2.787,,1,0,0
ReflectionsOff,1115,4.12329938262701,4.1197,,1,0,0
ReflectionsOff,1116,3.242899663746357,3.2378,,1,0,0
ReflectionsOff,1117,2.9488024301826954,2.9406,,1,0,0
ReflectionsOff,1118,3.0709963757544756,3.0669,,1,0,0
ReflectionsOff,1119,3.0299036297947168,3.0297,,1,0,0
ReflectionsOff,1120,3.4947986714541912,3.4913,,1,0,0
ReflectionsOff,1121,2.5436012074351311,2.5378,,1,0,0
ReflectionsOff,1122,2.9414966702461243,2.9412,,1,0,0
ReflectionsOff,1123,4.3142004869878292,4.3098,,1,0,0
ReflectionsOff,1124,2.8107992839068174,2.8035,,1,0,0
ReflectionsOff,1125,2.832100261002779,2.8322,,1,0,0
ReflectionsOff,1126,2.7964003384113312,2.7932,,1,0,0
ReflectionsOff,1127,2.3936012294143438,2.3864,,1,0,0
ReflectionsOff,1128,2.8748016338795424,2.8726,,1,0,0
ReflectionsOff,1129,3.1124008819460869,3.1099,,1,0,0
ReflectionsOff,1130,2.6396967004984617,2.6366,,1,0,0
ReflectionsOff,1131,2.49890168197453,2.4981,,1,0,0
ReflectionsOff,1132,2.8257016092538834,2.8191,,1,0,0
ReflectionsOff,1133,2.5752976071089506,2.5729,,1,0,0
ReflectionsOff,1134,2.9886974953114986,2.9882,,1,0,0
ReflectionsOff,1135,2.72930134087801,2.7232,,1,0,0
ReflectionsOff,1136,2.6362033095210791,2.6356,,1,0,0
ReflectionsOff,1137,2.6742983609437943,2.6675,,1,0,0
ReflectionsOff,1138,2.4025014135986567,2.4062,,1,0,0
ReflectionsOff,1139,2.6072987820953131,2.6004,,1,0,0
ReflectionsOff,1140,3.4419004805386066,3.4393,,1,0,0
ReflectionsOff,1141,2.4040958378463984,2.3967,,1,0,0
ReflectionsOff,1142,2.4774021003395319,2.4778,,1,0,0
ReflectionsOff,1143,3.1092970166355371,3.1068,,1,0,0
ReflectionsOff,1144,2.4827027227729559,2.475,,1,0,0
ReflectionsOff,1145,2.5493977591395378,2.5513,,1,0,0
ReflectionsOff,1146,2.9714994598180056,2.9671,,1,0,0
ReflectionsOff,1147,2.3766015656292439,2.3703,,1,0,0
ReflectionsOff,1148,2.6401998475193977,2.6345,,1,0,0
ReflectionsOff,1149,2.434304216876626,2.4325,,1,0,0
ReflectionsOff,1150,2.6753968559205532,2.6725,,1,0,0
ReflectionsOff,1151,3.4861040767282248,3.4846,,1,0,0
ReflectionsOff,1152,3.2968963496387005,3.293,,1,0,0
ReflectionsOff,1153,2.1335033234208822,2.1314,,1,0,0
ReflectionsOff,1154,3.1875991262495518,3.1877,,1,0,0
ReflectionsOff,1155,2.4601970799267292,2.4548,,1,0,0
ReflectionsOff,1156,2.646598732098937,2.6446,,1,0,0
ReflectionsOff,1157,3.2002055086195469,3.1985,,1,0,0
ReflectionsOff,1158,2.4701955262571573,2.4645,,1,0,0
ReflectionsOff,1159,3.0591979157179594,3.0578,,1,0,0
ReflectionsOff,1160,2.461103955283761,2.4588,,1,0,0
ReflectionsOff,1161,2.7106008492410183,2.707,,1,0,0
ReflectionsOff,1162,3.8839995395392179,3.8779,,1,0,0
ReflectionsOff,1163,2.3026005364954472,2.2999,,1,0,0
ReflectionsOff,1164,3.4814979881048203,3.4813,,1,0,0
ReflectionsOff,1165,2.90490360930562,2.9016,,1,0,0
ReflectionsOff,1166,2.4482000153511763,2.4429,,1,0,0
ReflectionsOff,1167,2.670797985047102,2.6694,,1,0,0
ReflectionsOff,1168,2.7777990326285362,2.7769,,1,0,0
ReflectionsOff,1169,2.8798964340239763,2.8745,,1,0,0
ReflectionsOff,1170,2.3931050673127174,2.3878,,1,0,0
ReflectionsOff,1171,2.831597113981843,2.8288,,1,0,0
ReflectionsOff,1172,2.3087018635123968,2.3049,,1,0,0
ReflectionsOff,1173,2.8367985505610704,2.8316,,1,0,0
ReflectionsOff,1174,2.6812003925442696,2.682,,1,0,0
ReflectionsOff,1175,2.655697287991643,2.6481,,1,0,0
ReflectionsOff,1176,2.5515023153275251,2.552,,1,0,0
ReflectionsOff,1177,2.600403968244791,2.5974,,1,0,0
ReflectionsOff,1178,2.7634990401566029,2.7599,,1,0,0
ReflectionsOff,1179,2.6959963142871857,2.6882,,1,0,0
ReflectionsOff,1180,3.6805979907512665,3.6819,,1,0,0
ReflectionsOff,1181,2.2498015314340591,2.2428,,1,0,0
ReflectionsOff,1182,3.2437003683298826,3.2414,,1,0,0
ReflectionsOff,1183,2.3317034356296062,2.3283,,1,0,0
ReflectionsOff,1184,2.252600621432066,2.2501,,1,0,0
ReflectionsOff,1185,3.1184949912130833,3.1213,,1,0,0
ReflectionsOff,1186,2.5306050665676594,2.5215,,1,0,0
ReflectionsOff,1187,2.3459962103515863,2.3419,,1,0,0
ReflectionsOff,1188,2.6224986650049686,2.6293,,1,0,0
ReflectionsOff,1189,2.9485048726201057,2.9338,,1,0,0
ReflectionsOff,1190,2.455095062032342,2.4487,,1,0,0
ReflectionsOff,1191,2.7372024487704039,2.7376,,1,0,0
ReflectionsOff,1192,2.7041027788072824,2.7021,,1,0,0
ReflectionsOff,1193,2.5663974229246378,2.5615,,1,0,0
ReflectionsOff,1194,2.97069875523448,2.9674,,1,0,0
ReflectionsOff,1195,2.1846017334610224,2.1795,,1,0,0
ReflectionsOff,1196,3.1198980286717415,3.1375,,1,0,0
ReflectionsOff,1197,2.7942035812884569,2.7697,,1,0,0
ReflectionsOff,1198,2.5664966087788343,2.5592,,1,0,0
ReflectionsOff,1199,2.469600411131978,2.4684,,1,0,0
ReflectionsOff,1200,2.4517998099327087,2.4471,,1,0,0
ReflectionsOff,1201,3.1488023232668638,3.147,,1,0,0
ReflectionsOff,1202,3.3608984667807817,3.357,,1,0,0
ReflectionsOff,1203,2.8655966743826866,2.8637,,1,0,0
ReflectionsOff,1204,2.9317035805433989,2.9277,,1,0,0
ReflectionsOff,1205,3.03879682905972,3.0361,,1,0,0
ReflectionsOff,1206,2.3862032685428858,2.3827,,1,0,0
ReflectionsOff,1207,2.7794996276497841,2.7803,,1,0,0
ReflectionsOff,1208,3.235700074583292,3.2294,,1,0,0
ReflectionsOff,1209,3.1669004820287228,3.1664,,1,0,0
ReflectionsOff,1210,2.436996903270483,2.4322,,1,0,0
ReflectionsOff,1211,3.1165035907179117,3.1146,,1,0,0
ReflectionsOff,1212,2.5346018373966217,2.5313,,1,0,0
ReflectionsOff,1213,2.9037981294095516,2.9021,,1,0,0
ReflectionsOff,1214,2.4721017107367516,2.4652,,1,0,0
ReflectionsOff,1215,2.8187003917992115,2.815,,1,0,0
ReflectionsOff,1216,3.0494967941194773,3.0469,,1,0,0
ReflectionsOff,1217,2.3151005152612925,2.3131,,1,0,0
ReflectionsOff,1218,3.0474986415356398,3.0471,,1,0,0
ReflectionsOff,1219,2.8891013935208321,2.887,,1,0,0
ReflectionsOff,1220,2.6955003850162029,2.6873,,1,0,0
ReflectionsOff,1221,2.7855017688125372,2.7846,,1,0,0
ReflectionsOff,1222,2.7590985409915447,2.7586,,1,0,0
ReflectionsOff,1223,3.0839995015412569,3.0789,,1,0,0
ReflectionsOff,1224,5.2982000634074211,5.2923,,1,0,0
ReflectionsOff,1225,2.6274023111909628,2.6251,,1,0,0
ReflectionsOff,1226,2.7525934856384993,2.7493,,1,0,0
ReflectionsOff,1227,2.3224065080285072,2.3204,,1,0,0
ReflectionsOff,1228,2.7946995105594397,2.7907,,1,0,0
ReflectionsOff,1229,2.9130952898412943,2.9129,,1,0,0
ReflectionsOff,1230,2.7213010471314192,2.7164,,1,0,0
ReflectionsOff,1231,3.0037981923669577,3.0051,,1,0,0
ReflectionsOff,1232,3.6635061260312796,3.6603,,1,0,0
ReflectionsOff,1233,2.5454931892454624,2.539,,1,0,0
ReflectionsOff,1234,3.0192034319043159,3.0344,,1,0,0
ReflectionsOff,1235,3.0146967619657516,2.9739,,1,0,0
ReflectionsOff,1236,2.8294005896896124,2.8304,,1,0,0
ReflectionsOff,1237,2.5079010520130396,2.5005,,1,0,0
ReflectionsOff,1238,2.5392007082700729,2.5362,,1,0,0
ReflectionsOff,1239,2.9283021576702595,2.9297,,1,0,0
ReflectionsOff,1240,2.6213009841740131,2.6128,,1,0,0
ReflectionsOff,1241,2.9872944578528404,2.9872,,1,0,0
ReflectionsOff,1242,3.7617064081132412,3.7577,,1,0,0
ReflectionsOff,1243,2.49919923953712,2.4934,,1,0,0
ReflectionsOff,1244,2.6129961479455233,2.6111,,1,0,0
ReflectionsOff,1245,3.9262045174837112,3.9226,,1,0,0
ReflectionsOff,1246,2.9124999418854713,2.9102,,1,0,0
ReflectionsOff,1247,2.8023950289934874,2.8039,,1,0,0
ReflectionsOff,1248,2.954400610178709,2.9448,,1,0,0
ReflectionsOff,1249,2.7876985259354115,2.7836,,1,0,0
ReflectionsOff,1250,3.2935019116848707,3.2959,,1,0,0
ReflectionsOff,1251,3.2928003929555416,3.2847,,1,0,0
ReflectionsOff,1252,2.76300311088562,2.7598,,1,0,0
ReflectionsOff,1253,2.6862954255193472,2.6878,,1,0,0
ReflectionsOff,1254,2.6762045454233885,2.671,,1,0,0
ReflectionsOff,1255,2.5344954337924719,2.5288,,1,0,0
ReflectionsOff,1256,2.8385983314365149,2.8395,,1,0,0
ReflectionsOff,1257,2.9903061222285032,2.9831,,1,0,0
ReflectionsOff,1258,2.6435940526425838,2.637,,1,0,0
ReflectionsOff,1259,2.9190049972385168,2.9194,,1,0,0
ReflectionsOff,1260,2.9184948652982712,2.9118,,1,0,0
ReflectionsOff,1261,2.9126063454896212,2.9147,,1,0,0
ReflectionsOff,1262,3.6312995944172144,3.6223,,1,0,0
ReflectionsOff,1263,2.9256944544613361,2.9257,,1,0,0
ReflectionsOff,1264,2.5006022769957781,2.4947,,1,0,0
ReflectionsOff,1265,3.1219033990055323,3.1226,,1,0,0
ReflectionsOff,1266,2.6189980562776327,2.6142,,1,0,0
ReflectionsOff,1267,2.8437003493309021,2.8401,,1,0,0
ReflectionsOff,1268,2.8857993893325329,2.875,,1,0,0
ReflectionsOff,1269,2.5901005137711763,2.5878,,1,0,0
ReflectionsOff,1270,2.6254961267113686,2.6231,,1,0,0
ReflectionsOff,1271,2.971903420984745,2.9681,,1,0,0
ReflectionsOff,1272,2.6034014299511909,2.6029,,1,0,0
ReflectionsOff,1273,3.3038973342627287,3.3015,,1,0,0
ReflectionsOff,1274,2.6855017058551311,2.6782,,1,0,0
ReflectionsOff,1275,2.6431973092257977,2.6408,,1,0,0
ReflectionsOff,1276,2.6376983150839806,2.6331,,1,0,0
ReflectionsOff,1277,2.41080648265779,2.4049,,1,0,0
ReflectionsOff,1278,4.0455004200339317,4.0479,,1,0,0
ReflectionsOff,1279,2.9270974919199944,2.9182,,1,0,0
ReflectionsOff,1280,2.7928997296839952,2.7926,,1,0,0
ReflectionsOff,1281,3.6793013568967581,3.6768,,1,0,0
ReflectionsOff,1282,2.4865008890628815,2.4798,,1,0,0
ReflectionsOff,1283,3.4009991213679314,3.3993,,1,0,0
ReflectionsOff,1284,2.8487953823059797,2.8449,,1,0,0
ReflectionsOff,1285,2.7269062120467424,2.7245,,1,0,0
ReflectionsOff,1286,2.790993545204401,2.7907,,1,0,0
ReflectionsOff,1287,2.5138037744909525,2.5065,,1,0,0
ReflectionsOff,1288,3.4583969973027706,3.4574,,1,0,0
ReflectionsOff,1289,3.32260481081903,3.3175,,1,0,0
ReflectionsOff,1290,3.0687996186316013,3.0698,,1,0,0
ReflectionsOff,1291,2.861295361071825,2.853,,1,0,0
ReflectionsOff,1292,2.7466057799756527,2.7522,,1,0,0
ReflectionsOff,1293,3.8894983008503914,3.8731,,1,0,0
ReflectionsOff,1294,2.8157951310276985,2.8124,,1,0,0
ReflectionsOff,1295,2.577600535005331,2.5743,,1,0,0
ReflectionsOff,1296,3.0610049143433571,3.0618,,1,0,0
ReflectionsOff,1297,2.5728954933583736,2.5657,,1,0,0
ReflectionsOff,1298,3.3351047895848751,3.337,,1,0,0
ReflectionsOff,1299,2.7769983280450106,2.7689,,1,0,0
ReflectionsOff,1300,3.4464993514120579,3.4431,,1,0,0
ReflectionsOff,1301,2.3223001044243574,2.3204,,1,0,0
ReflectionsOff,1302,2.3839003406465054,2.3814,,1,0,0
ReflectionsOff,1303,2.6124999858438969,2.6096,,1,0,0
ReflectionsOff,1304,5.1861959509551525,5.1837,,1,0,0
ReflectionsOff,1305,2.44220532476902,2.4418,,1,0,0
ReflectionsOff,1306,2.5360968429595232,2.5317,,1,0,0
ReflectionsOff,1307,2.6193028315901756,2.617,,1,0,0
ReflectionsOff,1308,2.7732993476092815,2.7689,,1,0,0
ReflectionsOff,1309,2.9267007485032082,2.9251,,1,0,0
ReflectionsOff,1310,3.3687003888189793,3.3623,,1,0,0
ReflectionsOff,1311,2.9717970173805952,2.9696,,1,0,0
ReflectionsOff,1312,2.8268990572541952,2.8239,,1,0,0
ReflectionsOff,1313,2.4433035869151354,2.4447,,1,0,0
ReflectionsOff,1314,2.2901997435837984,2.287,,1,0,0
ReflectionsOff,1315,3.390901256352663,3.3816,,1,0,0
ReflectionsOff,1316,2.5449972599744797,2.5413,,1,0,0
ReflectionsOff,1317,2.9201034922152758,2.9207,,1,0,0
ReflectionsOff,1318,2.2830995731055737,2.2774,,1,0,0
ReflectionsOff,1319,3.5133999772369862,3.5114,,1,0,0
ReflectionsOff,1320,3.1046981457620859,3.1007,,1,0,0
ReflectionsOff,1321,2.8414966072887182,2.8423,,1,0,0
ReflectionsOff,1322,2.8687994927167892,2.8603,,1,0,0
ReflectionsOff,1323,2.6839994825422764,2.6814,,1,0,0
ReflectionsOff,1324,2.7171059045940638,2.7155,,1,0,0
ReflectionsOff,1325,2.4985969066619873,2.4945,,1,0,0
ReflectionsOff,1326,2.7657030150294304,2.7638,,1,0,0
ReflectionsOff,1327,2.3430981673300266,2.3392,,1,0,0
ReflectionsOff,1328,2.7241993229836226,2.7243,,1,0,0
ReflectionsOff,1329,3.539802972227335,3.5377,,1,0,0
ReflectionsOff,1330,2.5612954050302505,2.5584,,1,0,0
ReflectionsOff,1331,2.63849925249815,2.6351,,1,0,0
ReflectionsOff,1332,3.022902412340045,3.0156,,1,0,0
ReflectionsOff,1333,2.3962017148733139,2.3923,,1,0,0
ReflectionsOff,1334,3.6384991835802794,3.6361,,1,0,0
ReflectionsOff,1335,2.4652990978211164,2.4643,,1,0,0
ReflectionsOff,1336,3.6086025647819042,3.6044,,1,0,0
ReflectionsOff,1337,2.4333971086889505,2.4314,,1,0,0
ReflectionsOff,1338,2.8855015989392996,2.8814,,1,0,0
ReflectionsOff,1339,2.6334964204579592,2.6294,,1,0,0
ReflectionsOff,1340,2.5667021982371807,2.5668,,1,0,0
ReflectionsOff,1341,2.5631024036556482,2.557,,1,0,0
ReflectionsOff,1342,2.5145974941551685,2.5117,,1,0,0
ReflectionsOff,1343,3.6672973074018955,3.6667,,1,0,0
ReflectionsOff,1344,2.5162061210721731,2.5098,,1,0,0
ReflectionsOff,1345,2.7934948448091745,2.7963,,1,0,0
ReflectionsOff,1346,2.4777990765869617,2.4707,,1,0,0
ReflectionsOff,1347,2.5403061881661415,2.5413,,1,0,0
ReflectionsOff,1348,3.7136976607143879,3.7066,,1,0,0
ReflectionsOff,1349,2.4864017032086849,2.4776,,1,0,0
ReflectionsOff,1350,3.5052013117820024,3.5052,,1,0,0
ReflectionsOff,1351,2.5448980741202831,2.5398,,1,0,0
ReflectionsOff,1352,2.5912981946021318,2.5891,,1,0,0
ReflectionsOff,1353,3.8531038444489241,3.8499,,1,0,0
ReflectionsOff,1354,2.8083971701562405,2.8074,,1,0,0
ReflectionsOff,1355,2.4574971757829189,2.4512,,1,0,0
ReflectionsOff,1356,2.9293012339621782,2.9293,,1,0,0
ReflectionsOff,1357,2.6542020495980978,2.6477,,1,0,0
ReflectionsOff,1358,2.727295970544219,2.7239,,1,0,0
ReflectionsOff,1359,3.4396045375615358,3.4373,,1,0,0
ReflectionsOff,1360,2.9825964011251926,2.9797,,1,0,0
ReflectionsOff,1361,2.494302811101079,2.4915,,1,0,0
ReflectionsOff,1362,2.9132014606148005,2.9082,,1,0,0
ReflectionsOff,1363,2.7515944093465805,2.748,,1,0,0
ReflectionsOff,1364,3.1255031935870647,3.1266,,1,0,0
ReflectionsOff,1365,2.7166029904037714,2.7093,,1,0,0
ReflectionsOff,1366,3.266794141381979,3.2662,,1,0,0
ReflectionsOff,1367,2.5456065777689219,2.5392,,1,0,0
ReflectionsOff,1368,3.1869967933744192,3.1869,,1,0,0
ReflectionsOff,1369,3.3856008667498827,3.3789,,1,0,0
ReflectionsOff,1370,2.9832979198545218,2.9796,,1,0,0
ReflectionsOff,1371,3.25179984793067,3.252,,1,0,0
ReflectionsOff,1372,3.4183035604655743,3.4145,,1,0,0
ReflectionsOff,1373,2.7667942922562361,2.7589,,1,0,0
ReflectionsOff,1374,3.6938067059963942,3.6919,,1,0,0
ReflectionsOff,1375,2.6254961267113686,2.6241,,1,0,0
ReflectionsOff,1376,2.9056973289698362,2.9046,,1,0,0
ReflectionsOff,1377,2.5947066023945808,2.5901,,1,0,0
ReflectionsOff,1378,3.3191964030265808,3.3143,,1,0,0
ReflectionsOff,1379,3.4683034755289555,3.4615,,1,0,0
ReflectionsOff,1380,2.4208971299231052,2.4188,,1,0,0
ReflectionsOff,1381,2.7827026788145304,2.7807,,1,0,0
ReflectionsOff,1382,2.9823980294167995,2.9786,,1,0,0
ReflectionsOff,1383,2.8218962252140045,2.8345,,1,0,0
ReflectionsOff,1384,3.7678997032344341,3.7479,,1,0,0
ReflectionsOff,1385,2.7448057662695646,2.7421,,1,0,0
ReflectionsOff,1386,2.976998221129179,2.9753,,1,0,0
ReflectionsOff,1387,3.483595559373498,3.4817,,1,0,0
ReflectionsOff,1388,2.6047052815556526,2.5996,,1,0,0
ReflectionsOff,1389,3.9166947826743126,3.9126,,1,0,0
ReflectionsOff,1390,2.3460034281015396,2.3407,,1,0,0
ReflectionsOff,1391,3.0746031552553177,3.074,,1,0,0
ReflectionsOff,1392,2.7192956767976284,2.7124,,1,0,0
ReflectionsOff,1393,2.3909013252705336,2.391,,1,0,0
ReflectionsOff,1394,3.2945012208074331,3.291,,1,0,0
ReflectionsOff,1395,2.8328017797321081,2.8284,,1,0,0
ReflectionsOff,1396,2.89949681609869,2.8969,,1,0,0
ReflectionsOff,1397,23.923002183437347,23.9178,,1,0,0
ReflectionsOff,1398,2.4615009315311909,2.4589,,1,0,0
ReflectionsOff,1399,20.37559449672699,20.3729,,1,0,0
ReflectionsOff,1400,2.6414045132696629,2.6318,,1,0,0
ReflectionsOff,1401,2.4279975332319736,2.4281,,1,0,0
ReflectionsOff,1402,2.5498014874756336,2.5441,,1,0,0
ReflectionsOff,1403,2.7669996488839388,2.7631,,1,0,0
ReflectionsOff,1404,2.348901703953743,2.345,,1,0,0
ReflectionsOff,1405,2.2309948690235615,2.2283,,1,0,0
ReflectionsOff,1406,2.4821003898978233,2.4802,,1,0,0
ReflectionsOff,1407,3.8900014478713274,3.8893,,1,0,0
ReflectionsOff,1408,2.2638039663434029,2.2582,,1,0,0
ReflectionsOff,1409,2.8383999597281218,2.8377,,1,0,0
ReflectionsOff,1410,2.2583971731364727,2.254,,1,0,0
ReflectionsOff,1411,3.1879961024969816,3.187,,1,0,0
ReflectionsOff,1412,2.1639030892401934,2.1595,,1,0,0
ReflectionsOff,1413,2.1960034500807524,2.1931,,1,0,0
ReflectionsOff,1414,3.1147960107773542,3.1155,,1,0,0
ReflectionsOff,1415,2.7269984129816294,2.7223,,1,0,0
ReflectionsOff,1416,2.9369047842919827,2.9323,,1,0,0
ReflectionsOff,1417,3.0510984361171722,3.051,,1,0,0
ReflectionsOff,1418,2.5056973099708557,2.5003,,1,0,0
ReflectionsOff,1419,2.2453018464148045,2.2415,,1,0,0
ReflectionsOff,1420,3.1246030703186989,3.1246,,1,0,0
ReflectionsOff,1421,2.7197988238185644,2.7158,,1,0,0
ReflectionsOff,1422,2.6335956063121557,2.6295,,1,0,0
ReflectionsOff,1423,3.2228033524006605,3.2247,,1,0,0
ReflectionsOff,1424,2.6170988567173481,2.6114,,1,0,0
ReflectionsOff,1425,2.9086025897413492,2.9039,,1,0,0
ReflectionsOff,1426,2.5008998345583677,2.495,,1,0,0
ReflectionsOff,1427,3.1910005491226912,3.1891,,1,0,0
ReflectionsOff,1428,2.730994950979948,2.7296,,1,0,0
ReflectionsOff,1429,2.5589002761989832,2.553,,1,0,0
ReflectionsOff,1430,2.3351048585027456,2.3348,,1,0,0
ReflectionsOff,1431,2.5488946121186018,2.5461,,1,0,0
ReflectionsOff,1432,2.7115007396787405,2.7085,,1,0,0
ReflectionsOff,1433,2.6393991429358721,2.6304,,1,0,0
ReflectionsOff,1434,2.6221016887575388,2.6235,,1,0,0
ReflectionsOff,1435,2.4742984678596258,2.469,,1,0,0
ReflectionsOff,1436,3.4871031530201435,3.4825,,1,0,0
ReflectionsOff,1437,2.3632014635950327,2.3583,,1,0,0
ReflectionsOff,1438,2.9169004410505295,2.9145,,1,0,0
ReflectionsOff,1439,2.5594953913241625,2.555,,1,0,0
ReflectionsOff,1440,2.560402499511838,2.557,,1,0,0
ReflectionsOff,1441,2.5917021557688713,2.5878,,1,0,0
ReflectionsOff,1442,2.4170989636331797,2.4141,,1,0,0
ReflectionsOff,1443,2.9840986244380474,2.9824,,1,0,0
ReflectionsOff,1444,3.3114016987383366,3.3086,,1,0,0
ReflectionsOff,1445,2.3955001961439848,2.3906,,1,0,0
ReflectionsOff,1446,2.5839002337306738,2.585,,1,0,0
ReflectionsOff,1447,2.7534014079719782,2.749,,1,0,0
ReflectionsOff,1448,2.6232993695884943,2.6191,,1,0,0
ReflectionsOff,1449,3.0896966345608234,3.0878,,1,0,0
ReflectionsOff,1450,2.5398030411452055,2.5336,,1,0,0
ReflectionsOff,1451,3.489696653559804,3.4902,,1,0,0
ReflectionsOff,1452,2.2452026605606079,2.2386,,1,0,0
ReflectionsOff,1453,2.6965986471623182,2.6952,,1,0,0
ReflectionsOff,1454,2.9285005293786526,2.9259,,1,0,0
ReflectionsOff,1455,4.5816963538527489,4.5785,,1,0,0
ReflectionsOff,1456,2.6220025029033422,2.6158,,1,0,0
ReflectionsOff,1457,2.6080994866788387,2.609,,1,0,0
ReflectionsOff,1458,3.0601969920098782,3.0539,,1,0,0
ReflectionsOff,1459,2.4586026556789875,2.4538,,1,0,0
ReflectionsOff,1460,3.2862031366676092,3.2812,,1,0,0
ReflectionsOff,1461,2.4733985774219036,2.4687,,1,0,0
ReflectionsOff,1462,3.3301019575446844,3.3244,,1,0,0
ReflectionsOff,1463,2.5416950229555368,2.5381,,1,0,0
ReflectionsOff,1464,2.9522038530558348,2.9504,,1,0,0
ReflectionsOff,1465,2.3990999907255173,2.4001,,1,0,0
ReflectionsOff,1466,2.6028982829302549,2.5987,,1,0,0
ReflectionsOff,1467,2.859998494386673,2.8546,,1,0,0
ReflectionsOff,1468,2.7362031396478415,2.7338,,1,0,0
ReflectionsOff,1469,2.8980018105357885,2.8966,,1,0,0
ReflectionsOff,1470,2.2905967198312283,2.2825,,1,0,0
ReflectionsOff,1471,3.3008006867021322,3.3004,,1,0,0
ReflectionsOff,1472,2.6031958404928446,2.5974,,1,0,0
ReflectionsOff,1473,2.8600057121366262,2.8602,,1,0,0
ReflectionsOff,1474,3.0425949953496456,3.0388,,1,0,0
ReflectionsOff,1475,2.8903060592710972,2.8859,,1,0,0
ReflectionsOff,1476,2.7403982821851969,2.7383,,1,0,0
ReflectionsOff,1477,2.8964001685380936,2.8894,,1,0,0
ReflectionsOff,1478,2.6913974434137344,2.6882,,1,0,0
ReflectionsOff,1479,2.7991000097244978,2.7978,,1,0,0
ReflectionsOff,1480,2.4195010773837566,2.4187,,1,0,0
ReflectionsOff,1481,2.8734977822750807,2.8686,,1,0,0
ReflectionsOff,1482,2.7427012100815773,2.736,,1,0,0
ReflectionsOff,1483,2.390298992395401,2.3909,,1,0,0
ReflectionsOff,1484,3.2883007079362869,3.2846,,1,0,0
ReflectionsOff,1485,2.7270975988358259,2.7216,,1,0,0
ReflectionsOff,1486,2.3419004864990711,2.3396,,1,0,0
ReflectionsOff,1487,2.44220532476902,2.4396,,1,0,0
ReflectionsOff,1488,2.8358984272927046,2.8334,,1,0,0
ReflectionsOff,1489,2.8495960868895054,2.8483,,1,0,0
ReflectionsOff,1490,2.4378045927733183,2.4323,,1,0,0
ReflectionsOff,1491,2.7700962964445353,2.7726,,1,0,0
ReflectionsOff,1492,2.6464001275599003,2.6374,,1,0,0
ReflectionsOff,1493,2.6803005021065474,2.6771,,1,0,0
ReflectionsOff,1494,2.9845025856047869,2.9856,,1,0,0
ReflectionsOff,1495,3.0487952753901482,3.0431,,1,0,0
ReflectionsOff,1496,3.0824050772935152,3.0735,,1,0,0
ReflectionsOff,1497,2.8240999672561884,2.8201,,1,0,0
ReflectionsOff,1498,2.4982993490993977,2.494,,1,0,0
ReflectionsOff,1499,3.5073980689048767,3.5089,,1,0,0
ReflectionsOff,1500,2.3191042710095644,2.3105,,1,0,0
ReflectionsOff,1501,2.6322987396270037,2.6316,,1,0,0
ReflectionsOff,1502,3.9477963000535965,3.9466,,1,0,0
ReflectionsOff,1503,2.7675027959048748,2.7598,,1,0,0
ReflectionsOff,1504,2.4489015340805054,2.4462,,1,0,0
ReflectionsOff,1505,3.5098001826554537,3.5108,,1,0,0
ReflectionsOff,1506,2.4182964116334915,2.4126,,1,0,0
ReflectionsOff,1507,3.1241993419826031,3.1236,,1,0,0
ReflectionsOff,1508,2.6758008170872927,2.6697,,1,0,0
ReflectionsOff,1509,2.7174036949872971,2.7156,,1,0,0
ReflectionsOff,1510,3.22339846752584,3.2203,,1,0,0
ReflectionsOff,1511,2.5375001132488251,2.5345,,1,0,0
ReflectionsOff,1512,2.3571995552629232,2.3556,,1,0,0
ReflectionsOff,1513,2.4914965033531189,2.4899,,1,0,0
ReflectionsOff,1514,2.9622022993862629,2.958,,1,0,0
ReflectionsOff,1515,2.4827027227729559,2.4788,,1,0,0
ReflectionsOff,1516,3.1567956320941448,3.1543,,1,0,0
ReflectionsOff,1517,2.6995039079338312,2.6991,,1,0,0
ReflectionsOff,1518,3.355895634740591,3.3525,,1,0,0
ReflectionsOff,1519,2.3732001427561045,2.3679,,1,0,0
ReflectionsOff,1520,3.0005031730979681,2.9977,,1,0,0
ReflectionsOff,1521,2.6151007041335106,2.6088,,1,0,0
ReflectionsOff,1522,2.691496629267931,2.6875,,1,0,0
ReflectionsOff,1523,2.6970026083290577,2.697,,1,0,0
ReflectionsOff,1524,2.5246953591704369,2.5204,,1,0,0
ReflectionsOff,1525,2.7414045762270689,2.7414,,1,0,0
ReflectionsOff,1526,2.7751983143389225,2.7651,,1,0,0
ReflectionsOff,1527,2.9091979376971722,2.9106,,1,0,0
ReflectionsOff,1528,2.7964995242655277,2.7885,,1,0,0
ReflectionsOff,1529,2.9307042714208364,2.93,,1,0,0
ReflectionsOff,1530,2.5142999365925789,2.5069,,1,0,0
ReflectionsOff,1531,2.8687994927167892,2.8699,,1,0,0
ReflectionsOff,1532,2.6310018729418516,2.6254,,1,0,0
ReflectionsOff,1533,3.0370960012078285,3.0336,,1,0,0
ReflectionsOff,1534,2.5259992107748985,2.5218,,1,0,0
ReflectionsOff,1535,3.887103172019124,3.8846,,1,0,0
ReflectionsOff,1536,2.4948979262262583,2.4934,,1,0,0
ReflectionsOff,1537,2.5712018832564354,2.5708,,1,0,0
ReflectionsOff,1538,2.5345026515424252,2.5271,,1,0,0
ReflectionsOff,1539,3.4600978251546621,3.4602,,1,0,0
ReflectionsOff,1540,2.4518989957869053,2.4448,,1,0,0
ReflectionsOff,1541,2.5898029562085867,2.5886,,1,0,0
ReflectionsOff,1542,3.0005951412022114,2.9985,,1,0,0
ReflectionsOff,1543,2.5583049282431602,2.5513,,1,0,0
ReflectionsOff,1544,3.6692956928163767,3.6662,,1,0,0
ReflectionsOff,1545,2.6106010191142559,2.6078,,1,0,0
ReflectionsOff,1546,2.960501704365015,2.9621,,1,0,0
ReflectionsOff,1547,2.4074972607195377,2.4009,,1,0,0
ReflectionsOff,1548,2.5536990724503994,2.5507,,1,0,0
ReflectionsOff,1549,2.6910004671663046,2.6869,,1,0,0
ReflectionsOff,1550,2.9474985785782337,2.9434,,1,0,0
ReflectionsOff,1551,2.6043013203889132,2.6023,,1,0,0
ReflectionsOff,1552,2.54160282202065,2.5378,,1,0,0
ReflectionsOff,1553,3.0877976678311825,3.0891,,1,0,0
ReflectionsOff,1554,2.6668012142181396,2.6593,,1,0,0
ReflectionsOff,1555,2.8797972481697798,2.8798,,1,0,0
ReflectionsOff,1556,3.4976049792021513,3.491,,1,0,0
ReflectionsOff,1557,3.2490999437868595,3.2488,,1,0,0
ReflectionsOff,1558,2.6616000104695559,2.6537,,1,0,0
ReflectionsOff,1559,2.7797974180430174,2.7792,,1,0,0
ReflectionsOff,1560,3.133297897875309,3.1304,,1,0,0
ReflectionsOff,1561,2.8400013688951731,2.8345,,1,0,0
ReflectionsOff,1562,2.7779974043369293,2.777,,1,0,0
ReflectionsOff,1563,2.7641013730317354,2.7616,,1,0,0
ReflectionsOff,1564,2.702302997931838,2.6915,,1,0,0
ReflectionsOff,1565,2.6169996708631516,2.6162,,1,0,0
ReflectionsOff,1566,2.6459963992238045,2.6432,,1,0,0
ReflectionsOff,1567,4.1478034108877182,4.1435,,1,0,0
ReflectionsOff,1568,2.8440973255783319,2.8371,,1,0,0
ReflectionsOff,1569,2.5189057923853397,2.5191,,1,0,0
ReflectionsOff,1570,4.091496579349041,4.088,,1,0,0
ReflectionsOff,1571,5.1527000032365322,5.1474,,1,0,0
ReflectionsOff,1572,2.709502587094903,2.7075,,1,0,0
ReflectionsOff,1573,2.9271966777741909,2.9254,,1,0,0
ReflectionsOff,1574,2.5767006445676088,2.5713,,1,0,0
ReflectionsOff,1575,3.1814980320632458,3.1806,,1,0,0
ReflectionsOff,1576,2.585303271189332,2.579,,1,0,0
ReflectionsOff,1577,2.9701956082135439,2.9665,,1,0,0
ReflectionsOff,1578,2.5584041140973568,2.5535,,1,0,0
ReflectionsOff,1579,2.65809940174222,2.6546,,1,0,0
ReflectionsOff,1580,2.9371031560003757,2.9303,,1,0,0
ReflectionsOff,1581,2.8847930952906609,2.8826,,1,0,0
ReflectionsOff,1582,2.5955003220587969,2.592,,1,0,0
ReflectionsOff,1583,2.7408022433519363,2.7384,,1,0,0
ReflectionsOff,1584,2.4499008432030678,2.4468,,1,0,0
ReflectionsOff,1585,2.9369969852268696,2.9341,,1,0,0
ReflectionsOff,1586,2.5801020674407482,2.5826,,1,0,0
ReflectionsOff,1587,2.4882014840841293,2.4786,,1,0,0
ReflectionsOff,1588,2.9155965894460678,2.9133,,1,0,0
ReflectionsOff,1589,2.6372023858129978,2.6383,,1,0,0
ReflectionsOff,1590,2.6792020071297884,2.6727,,1,0,0
ReflectionsOff,1591,2.5609978474676609,2.5556,,1,0,0
ReflectionsOff,1592,2.5970025453716516,2.5937,,1,0,0
ReflectionsOff,1593,2.9709963127970695,2.969,,1,0,0
ReflectionsOff,1594,2.4636054877191782,2.4608,,1,0,0
ReflectionsOff,1595,2.8682965785264969,2.8691,,1,0,0
ReflectionsOff,1596,3.0027991160750389,2.9996,,1,0,0
ReflectionsOff,1597,2.5197986979037523,2.5148,,1,0,0
ReflectionsOff,1598,2.5177013594657183,2.5108,,1,0,0
ReflectionsOff,1599,2.5964002124965191,2.5959,,1,0,0
ReflectionsOff,1600,3.1729023903608322,3.1677,,1,0,0
ReflectionsOff,1601,3.0973001848906279,3.0928,,1,0,0
ReflectionsOff,1602,3.1500991899520159,3.149,,1,0,0
ReflectionsOff,1603,2.5660998653620481,2.5622,,1,0,0
ReflectionsOff,1604,2.8794005047529936,2.88,,1,0,0
ReflectionsOff,1605,4.0141013450920582,3.9775,,1,0,0
ReflectionsOff,1606,2.5599985383450985,2.5514,,1,0,0
ReflectionsOff,1607,2.4793012998998165,2.4784,,1,0,0
ReflectionsOff,1608,3.1092970166355371,3.1061,,1,0,0
ReflectionsOff,1609,3.2560019753873348,3.251,,1,0,0
ReflectionsOff,1610,2.3391013965010643,2.3357,,1,0,0
ReflectionsOff,1611,3.6246953532099724,3.6223,,1,0,0
ReflectionsOff,1612,2.8166028205305338,2.8132,,1,0,0
ReflectionsOff,1613,2.4876983370631933,2.4892,,1,0,0
ReflectionsOff,1614,2.9183034785091877,2.9106,,1,0,0
ReflectionsOff,1615,2.4354946799576283,2.431,,1,0,0
ReflectionsOff,1616,3.5266014747321606,3.524,,1,0,0
ReflectionsOff,1617,2.5016015861183405,2.5,,1,0,0
ReflectionsOff,1618,2.8253968339413404,2.8216,,1,0,0
ReflectionsOff,1619,2.6784013025462627,2.6743,,1,0,0
ReflectionsOff,1620,2.8980018105357885,2.896,,1,0,0
ReflectionsOff,1621,3.0429989565163851,3.0405,,1,0,0
ReflectionsOff,1622,3.7174036260694265,3.7141,,1,0,0
ReflectionsOff,1623,2.452097600325942,2.4487,,1,0,0
ReflectionsOff,1624,2.8107000980526209,2.8095,,1,0,0
ReflectionsOff,1625,2.2742985747754574,2.2689,,1,0,0
ReflectionsOff,1626,2.5758999399840832,2.5766,,1,0,0
ReflectionsOff,1627,2.8142998926341534,2.809,,1,0,0
ReflectionsOff,1628,2.8348001651465893,2.8353,,1,0,0
ReflectionsOff,1629,4.0597999468445778,4.0583,,1,0,0
ReflectionsOff,1630,2.7052012737840414,2.6999,,1,0,0
ReflectionsOff,1631,2.5364016182720661,2.5358,,1,0,0
ReflectionsOff,1632,3.9977962151169777,3.9936,,1,0,0
ReflectionsOff,1633,3.4257015213370323,3.4237,,1,0,0
ReflectionsOff,1634,2.9002975206822157,2.8909,,1,0,0
ReflectionsOff,1635,2.6012046728283167,2.5927,,1,0,0
ReflectionsOff,1636,3.4881944302469492,3.4889,,1,0,0
ReflectionsOff,1637,2.2014030255377293,2.195,,1,0,0
ReflectionsOff,1638,2.793898805975914,2.7953,,1,0,0
ReflectionsOff,1639,3.1767007894814014,3.1716,,1,0,0
ReflectionsOff,1640,3.576197661459446,3.569,,1,0,0
ReflectionsOff,1641,2.5214995257556438,2.5185,,1,0,0
ReflectionsOff,1642,2.9831065330654383,2.9828,,1,0,0
ReflectionsOff,1643,2.5475977454334497,2.5415,,1,0,0
ReflectionsOff,1644,3.0714995227754116,3.071,,1,0,0
ReflectionsOff,1645,2.435700036585331,2.431,,1,0,0
ReflectionsOff,1646,2.7927013579756021,2.7907,,1,0,0
ReflectionsOff,1647,2.6700964663177729,2.6649,,1,0,0
ReflectionsOff,1648,2.7492984663695097,2.7467,,1,0,0
ReflectionsOff,1649,2.6497023645788431,2.6494,,1,0,0
ReflectionsOff,1650,3.5094034392386675,3.5022,,1,0,0
ReflectionsOff,1651,3.0833971686661243,3.083,,1,0,0
ReflectionsOff,1652,2.9522038530558348,2.9448,,1,0,0
ReflectionsOff,1653,2.8289966285228729,2.8302,,1,0,0
ReflectionsOff,1654,2.9339003376662731,2.9292,,1,0,0
ReflectionsOff,1655,2.9225978069007397,2.9182,,1,0,0
ReflectionsOff,1656,3.0283022206276655,3.0214,,1,0,0
ReflectionsOff,1657,3.087896853685379,3.0879,,1,0,0
ReflectionsOff,1658,2.528302138671279,2.5213,,1,0,0
ReflectionsOff,1659,2.8323980513960123,2.8323,,1,0,0
ReflectionsOff,1660,2.8235048521310091,2.8201,,1,0,0
ReflectionsOff,1661,2.6678997091948986,2.6612,,1,0,0
ReflectionsOff,1662,3.0855017248541117,3.0867,,1,0,0
ReflectionsOff,1663,2.5096938479691744,2.5074,,1,0,0
ReflectionsOff,1664,3.3719034399837255,3.3659,,1,0,0
ReflectionsOff,1665,2.7501983568072319,2.7428,,1,0,0
ReflectionsOff,1666,3.0211026314646006,3.0226,,1,0,0
ReflectionsOff,1667,2.6057965587824583,2.6018,,1,0,0
ReflectionsOff,1668,3.0293012969195843,3.0256,,1,0,0
ReflectionsOff,1669,2.4376984219998121,2.4308,,1,0,0
ReflectionsOff,1670,3.4318026155233383,3.431,,1,0,0
ReflectionsOff,1671,2.8253968339413404,2.8194,,1,0,0
ReflectionsOff,1672,3.2871032599359751,3.2864,,1,0,0
ReflectionsOff,1673,2.617998979985714,2.6123,,1,0,0
ReflectionsOff,1674,3.7509992253035307,3.75,,1,0,0
ReflectionsOff,1675,2.4437003303319216,2.4378,,1,0,0
ReflectionsOff,1676,3.2784014474600554,3.2806,,1,0,0
ReflectionsOff,1677,2.6063988916575909,2.5968,,1,0,0
ReflectionsOff,1678,2.913803793489933,2.9138,,1,0,0
ReflectionsOff,1679,2.7040957938879728,2.6986,,1,0,0
ReflectionsOff,1680,2.7003046125173569,2.6996,,1,0,0
ReflectionsOff,1681,2.8798964340239763,2.8738,,1,0,0
ReflectionsOff,1682,2.655697287991643,2.6529,,1,0,0
ReflectionsOff,1683,2.6728033553808928,2.6708,,1,0,0
ReflectionsOff,1684,4.2166030034422874,4.2148,,1,0,0
ReflectionsOff,1685,2.5055981241166592,2.4991,,1,0,0
ReflectionsOff,1686,2.4496952537447214,2.4466,,1,0,0
ReflectionsOff,1687,3.98710323497653,3.9883,,1,0,0
ReflectionsOff,1688,2.3776998277753592,2.3703,,1,0,0
ReflectionsOff,1689,2.87689920514822,2.8783,,1,0,0
ReflectionsOff,1690,3.1668012961745262,3.1631,,1,0,0
ReflectionsOff,1691,3.8294997066259384,3.8273,,1,0,0
ReflectionsOff,1692,2.5729024782776833,2.5652,,1,0,0
ReflectionsOff,1693,2.8175949119031429,2.8174,,1,0,0
ReflectionsOff,1694,2.7735047042369843,2.7687,,1,0,0
ReflectionsOff,1695,2.4839993566274643,2.4833,,1,0,0
ReflectionsOff,1696,2.4130952078849077,2.4078,,1,0,0
ReflectionsOff,1697,2.9810019768774509,2.9817,,1,0,0
ReflectionsOff,1698,3.0570011585950851,3.0534,,1,0,0
ReflectionsOff,1699,2.9767006635665894,2.9752,,1,0,0
ReflectionsOff,1700,2.7467971667647362,2.7412,,1,0,0
ReflectionsOff,1701,2.6753046549856663,2.6707,,1,0,0
ReflectionsOff,1702,2.4468961637467146,2.4434,,1,0,0
ReflectionsOff,1703,2.9900013469159603,2.9883,,1,0,0
ReflectionsOff,1704,3.3562995959073305,3.3551,,1,0,0
ReflectionsOff,1705,2.0419997163116932,2.0348,,1,0,0
ReflectionsOff,1706,3.2677012495696545,3.269,,1,0,0
ReflectionsOff,1707,2.3302012123167515,2.328,,1,0,0
ReflectionsOff,1708,4.193098284304142,4.1914,,1,0,0
ReflectionsOff,1709,2.10459902882576,2.1004,,1,0,0
ReflectionsOff,1710,2.8838010039180517,2.8818,,1,0,0
ReflectionsOff,1711,2.1497022826224566,2.146,,1,0,0
ReflectionsOff,1712,2.7311011217534542,2.7301,,1,0,0
ReflectionsOff,1713,2.504698233678937,2.5011,,1,0,0
ReflectionsOff,1714,2.83709610812366,2.8396,,1,0,0
ReflectionsOff,1715,2.5660998653620481,2.556,,1,0,0
ReflectionsOff,1716,2.7389030437916517,2.739,,1,0,0
ReflectionsOff,1717,3.1143990345299244,3.1114,,1,0,0
ReflectionsOff,1718,2.362400759011507,2.3567,,1,0,0
ReflectionsOff,1719,2.6418012566864491,2.6461,,1,0,0
ReflectionsOff,1720,2.8700963594019413,2.8583,,1,0,0
ReflectionsOff,1721,2.4085033219307661,2.4071,,1,0,0
ReflectionsOff,1722,2.7002976275980473,2.6977,,1,0,0
ReflectionsOff,1723,2.4153981357812881,2.4092,,1,0,0
ReflectionsOff,1724,2.6663052849471569,2.667,,1,0,0
ReflectionsOff,1725,2.6920989621430635,2.6839,,1,0,0
ReflectionsOff,1726,2.8049957472831011,2.8019,,1,0,0
ReflectionsOff,1727,2.7258007321506739,2.7238,,1,0,0
ReflectionsOff,1728,2.7339993976056576,2.7435,,1,0,0
ReflectionsOff,1729,2.30890023522079,2.2919,,1,0,0
ReflectionsOff,1730,3.05290543474257,3.0529,,1,0,0
ReflectionsOff,1731,2.4682965595275164,2.4644,,1,0,0
ReflectionsOff,1732,3.2240008004009724,3.2205,,1,0,0
ReflectionsOff,1733,3.4660997334867716,3.4656,,1,0,0
ReflectionsOff,1734,2.3892007302492857,2.384,,1,0,0
ReflectionsOff,1735,2.6312996633350849,2.6303,,1,0,0
ReflectionsOff,1736,4.2080995626747608,4.2055,,1,0,0
ReflectionsOff,1737,2.5657028891146183,2.5444,,1,0,0
ReflectionsOff,1738,2.7619968168437481,2.7632,,1,0,0
ReflectionsOff,1739,3.314498346298933,3.3087,,1,0,0
ReflectionsOff,1740,2.5044004432857037,2.5002,,1,0,0
ReflectionsOff,1741,2.4418013636022806,2.4385,,1,0,0
ReflectionsOff,1742,3.0206986702978611,3.0214,,1,0,0
ReflectionsOff,1743,3.0791028402745724,3.0774,,1,0,0
ReflectionsOff,1744,3.247101791203022,3.2395,,1,0,0
ReflectionsOff,1745,2.6819941122084856,2.6793,,1,0,0
ReflectionsOff,1746,2.6222008746117353,2.6228,,1,0,0
ReflectionsOff,1747,2.8471017722040415,2.8431,,1,0,0
ReflectionsOff,1748,2.8399021830409765,2.8342,,1,0,0
ReflectionsOff,1749,3.1528982799500227,3.1512,,1,0,0
ReflectionsOff,1750,2.441000659018755,2.4381,,1,0,0
ReflectionsOff,1751,3.0736960470676422,3.0683,,1,0,0
ReflectionsOff,1752,5.7872021570801735,5.7832,,1,0,0
ReflectionsOff,1753,2.8089003171771765,2.8014,,1,0,0
ReflectionsOff,1754,3.476899117231369,3.4747,,1,0,0
ReflectionsOff,1755,2.751403022557497,2.748,,1,0,0
ReflectionsOff,1756,2.9509000014513731,2.9506,,1,0,0
ReflectionsOff,1757,2.78339721262455,2.7761,,1,0,0
ReflectionsOff,1758,3.4526006784290075,3.4515,,1,0,0
ReflectionsOff,1759,2.5127977132797241,2.5069,,1,0,0
ReflectionsOff,1760,2.6723002083599567,2.6682,,1,0,0
ReflectionsOff,1761,4.2922054417431355,4.2934,,1,0,0
ReflectionsOff,1762,2.744295634329319,2.7498,,1,0,0
ReflectionsOff,1763,3.0812995973974466,3.0618,,1,0,0
ReflectionsOff,1764,3.3053995575755835,3.3066,,1,0,0
ReflectionsOff,1765,2.6482993271201849,2.6446,,1,0,0
ReflectionsOff,1766,2.4837017990648746,2.4795,,1,0,0
ReflectionsOff,1767,3.6431052722036839,3.636,,1,0,0
ReflectionsOff,1768,3.2179988920688629,3.2153,,1,0,0
ReflectionsOff,1769,2.6812995783984661,2.6738,,1,0,0
ReflectionsOff,1770,2.8437003493309021,2.8454,,1,0,0
ReflectionsOff,1771,3.22909583337605,3.2217,,1,0,0
ReflectionsOff,1772,3.0277990736067295,3.0264,,1,0,0
ReflectionsOff,1773,3.4074049908667803,3.4015,,1,0,0
ReflectionsOff,1774,3.093997947871685,3.0904,,1,0,0
ReflectionsOff,1775,2.4925027973949909,2.4892,,1,0,0
ReflectionsOff,1776,3.3023951109498739,3.2961,,1,0,0
ReflectionsOff,1777,2.7748015709221363,2.7707,,1,0,0
ReflectionsOff,1778,4.205300472676754,4.2009,,1,0,0
ReflectionsOff,1779,2.7723002713173628,2.764,,1,0,0
ReflectionsOff,1780,3.636897774413228,3.6417,,1,0,0
ReflectionsOff,1781,2.6980016846209764,2.6874,,1,0,0
ReflectionsOff,1782,3.0511976219713688,3.0503999999999998,,1,0,0
ReflectionsOff,1783,3.00170062109828,2.9916,,1,0,0
ReflectionsOff,1784,3.8107992149889469,3.8095,,1,0,0
ReflectionsOff,1785,2.733900211751461,2.7287,,1,0,0
ReflectionsOff,1786,3.324603196233511,3.3223,,1,0,0
ReflectionsOff,1787,3.00739798694849,2.9739,,1,0,0
ReflectionsOff,1788,2.9276006389409304,2.9258,,1,0,0
ReflectionsOff,1789,4.01840265840292,4.0117,,1,0,0
ReflectionsOff,1790,3.03309946320951,3.0301,,1,0,0
ReflectionsOff,1791,3.2405967358499765,3.2379,,1,0,0
ReflectionsOff,1792,2.7851047925651073,2.7818,,1,0,0
ReflectionsOff,1793,3.2081985846161842,3.2093,,1,0,0
ReflectionsOff,1794,2.7607993688434362,2.7524,,1,0,0
ReflectionsOff,1795,3.0737954657524824,3.0751,,1,0,0
ReflectionsOff,1796,3.1686010770499706,3.1602,,1,0,0
ReflectionsOff,1797,2.9758007731288671,2.9766,,1,0,0
ReflectionsOff,1798,3.5396046005189419,3.5364,,1,0,0
ReflectionsOff,1799,3.0711947474628687,3.0671,,1,0,0
ReflectionsOff,1800,2.6740008033812046,2.6655,,1,0,0
ReflectionsOff,1801,4.0767998434603214,4.0748,,1,0,0
ReflectionsOff,1802,2.5537982583045959,2.5508,,1,0,0
ReflectionsOff,1803,4.4094035401940346,4.4061,,1,0,0
ReflectionsOff,1804,2.7389030437916517,2.7369,,1,0,0
ReflectionsOff,1805,3.2576955854892731,3.2546,,1,0,0
ReflectionsOff,1806,2.7777990326285362,2.7737,,1,0,0
ReflectionsOff,1807,2.9487032443284988,2.9449,,1,0,0
ReflectionsOff,1808,2.9293012339621782,2.9316,,1,0,0
ReflectionsOff,1809,3.1544005032628775,3.1428,,1,0,0
ReflectionsOff,1810,2.7051940560340881,2.7033,,1,0,0
ReflectionsOff,1811,2.8350057546049356,2.83,,1,0,0
ReflectionsOff,1812,2.673398470506072,2.6685,,1,0,0
ReflectionsOff,1813,3.0553005635738373,3.0547,,1,0,0
ReflectionsOff,1814,3.2939980737864971,3.2922,,1,0,0
ReflectionsOff,1815,3.1854026019573212,3.1789,,1,0,0
ReflectionsOff,1816,2.5508999824523926,2.5498,,1,0,0
ReflectionsOff,1817,3.8803997449576855,3.8775,,1,0,0
ReflectionsOff,1818,2.646598732098937,2.6389,,1,0,0
ReflectionsOff,1819,2.9418012127280235,2.943,,1,0,0
ReflectionsOff,1820,3.321697935461998,3.3159,,1,0,0
ReflectionsOff,1821,2.765497425571084,2.7609,,1,0,0
ReflectionsOff,1822,3.1328019686043262,3.1327,,1,0,0
ReflectionsOff,1823,3.0979025177657604,3.0937,,1,0,0
ReflectionsOff,1824,3.4594954922795296,3.4552,,1,0,0
ReflectionsOff,1825,2.7799035888165236,2.7795,,1,0,0
ReflectionsOff,1826,3.0419996473938227,3.0304,,1,0,0
ReflectionsOff,1827,2.7992983814328909,2.7966,,1,0,0
ReflectionsOff,1828,2.5540036149322987,2.5503999999999998,,1,0,0
ReflectionsOff,1829,2.9973001219332218,2.9932,,1,0,0
ReflectionsOff,1830,2.7492984663695097,2.741,,1,0,0
ReflectionsOff,1831,2.9997024685144424,2.9989,,1,0,0
ReflectionsOff,1832,2.6641935110092163,2.6617,,1,0,0
ReflectionsOff,1833,3.1533022411167622,3.1463,,1,0,0
ReflectionsOff,1834,2.6933036278933287,2.6902,,1,0,0
ReflectionsOff,1835,2.8282951097935438,2.8283,,1,0,0
ReflectionsOff,1836,2.6621031574904919,2.6555,,1,0,0
ReflectionsOff,1837,2.528302138671279,2.5254,,1,0,0
ReflectionsOff,1838,3.0011974740773439,3.003,,1,0,0
ReflectionsOff,1839,2.6475978083908558,2.6404,,1,0,0
ReflectionsOff,1840,3.0709041748195887,3.0698,,1,0,0
ReflectionsOff,1841,2.5294998195022345,2.5255,,1,0,0
ReflectionsOff,1842,3.0415959190577269,3.0374,,1,0,0
ReflectionsOff,1843,2.7125000488013029,2.7106,,1,0,0
ReflectionsOff,1844,2.58970377035439,2.5896,,1,0,0
ReflectionsOff,1845,2.7770975138992071,2.775,,1,0,0
ReflectionsOff,1846,2.8410006780177355,2.8371,,1,0,0
ReflectionsOff,1847,2.7699971105903387,2.765,,1,0,0
ReflectionsOff,1848,2.2924037184566259,2.2887,,1,0,0
ReflectionsOff,1849,2.7836025692522526,2.7838,,1,0,0
ReflectionsOff,1850,2.5650935713201761,2.5604,,1,0,0
ReflectionsOff,1851,2.9066042043268681,2.9126,,1,0,0
ReflectionsOff,1852,2.7438988909125328,2.7322,,1,0,0
ReflectionsOff,1853,3.4108986146748066,3.4076,,1,0,0
ReflectionsOff,1854,2.5489015970379114,2.5452,,1,0,0
ReflectionsOff,1855,2.9392007272690535,2.9341,,1,0,0
ReflectionsOff,1856,2.4618976749479771,2.4593,,1,0,0
ReflectionsOff,1857,3.1903982162475586,3.188,,1,0,0
ReflectionsOff,1858,2.6748015079647303,2.6657,,1,0,0
ReflectionsOff,1859,2.702302997931838,2.7022,,1,0,0
ReflectionsOff,1860,2.4865008890628815,2.4824,,1,0,0
ReflectionsOff,1861,2.6321995537728071,2.6264,,1,0,0
ReflectionsOff,1862,2.6263960171490908,2.6483,,1,0,0
ReflectionsOff,1863,2.8700041584670544,2.8439,,1,0,0
ReflectionsOff,1864,2.8035996947437525,2.793,,1,0,0
ReflectionsOff,1865,2.5544997770339251,2.5555,,1,0,0
ReflectionsOff,1866,3.5139950923621655,3.5097,,1,0,0
ReflectionsOff,1867,2.5916029699146748,2.5858,,1,0,0
ReflectionsOff,1868,3.1207979191094637,3.1168,,1,0,0
ReflectionsOff,1869,3.1836025882512331,3.1802,,1,0,0
ReflectionsOff,1870,3.4242984838783741,3.4224,,1,0,0
ReflectionsOff,1871,2.3468041326850653,2.3416,,1,0,0
ReflectionsOff,1872,2.8174957260489464,2.8127,,1,0,0
ReflectionsOff,1873,2.5553996674716473,2.5541,,1,0,0
ReflectionsOff,1874,3.3142007887363434,3.3133,,1,0,0
ReflectionsOff,1875,2.5459041353315115,2.5412,,1,0,0
ReflectionsOff,1876,2.9417942278087139,2.9371,,1,0,0
ReflectionsOff,1877,2.6226048357784748,2.6195,,1,0,0
ReflectionsOff,1878,2.3776998277753592,2.3775,,1,0,0
ReflectionsOff,1879,2.8849986847490072,2.8996,,1,0,0
ReflectionsOff,1880,2.6570011395961046,2.6205,,1,0,0
ReflectionsOff,1881,3.041198942810297,3.0414,,1,0,0
ReflectionsOff,1882,2.5533020962029696,2.546,,1,0,0
ReflectionsOff,1883,3.0537981074303389,3.0527,,1,0,0
ReflectionsOff,1884,3.7018992006778717,3.6999,,1,0,0
ReflectionsOff,1885,2.819898072630167,2.8126,,1,0,0
ReflectionsOff,1886,2.4468041956424713,2.4492,,1,0,0
ReflectionsOff,1887,2.8372944798320532,2.8314,,1,0,0
ReflectionsOff,1888,2.7150013484060764,2.7097,,1,0,0
ReflectionsOff,1889,2.3151999339461327,2.3108,,1,0,0
ReflectionsOff,1890,2.975099254399538,2.9728,,1,0,0
ReflectionsOff,1891,2.8772037476301193,2.8742,,1,0,0
ReflectionsOff,1892,2.5665957946330309,2.5609,,1,0,0
ReflectionsOff,1893,2.5430058594793081,2.5403,,1,0,0
ReflectionsOff,1894,2.7997945435345173,2.7967,,1,0,0
ReflectionsOff,1895,2.5380030274391174,2.5309,,1,0,0
ReflectionsOff,1896,2.775602275505662,2.7768,,1,0,0
ReflectionsOff,1897,2.9799956828355789,2.9753,,1,0,0
ReflectionsOff,1898,2.479705261066556,2.4732,,1,0,0
ReflectionsOff,1899,2.7050948701798916,2.7038,,1,0,0
ReflectionsOff,1900,2.5684027932584286,2.5685,,1,0,0
ReflectionsOff,1901,2.6183957234025,2.6121,,1,0,0
ReflectionsOff,1902,2.6441044174134731,2.6386,,1,0,0
ReflectionsOff,1903,2.93089565820992,2.9314,,1,0,0
ReflectionsOff,1904,2.2603033576160669,2.256,,1,0,0
ReflectionsOff,1905,3.4725978039205074,3.4726,,1,0,0
ReflectionsOff,1906,2.675000112503767,2.6687,,1,0,0
ReflectionsOff,1907,2.1655044984072447,2.1649,,1,0,0
ReflectionsOff,1908,3.3401006367057562,3.3372,,1,0,0
ReflectionsOff,1909,2.2362952586263418,2.2319,,1,0,0
ReflectionsOff,1910,2.7208048850297928,2.721,,1,0,0
ReflectionsOff,1911,2.4445932358503342,2.4379,,1,0,0
ReflectionsOff,1912,2.8478032909333706,2.8459,,1,0,0
ReflectionsOff,1913,2.397498581558466,2.3949,,1,0,0
ReflectionsOff,1914,4.3185018002986908,4.3168,,1,0,0
ReflectionsOff,1915,2.520599402487278,2.5235,,1,0,0
ReflectionsOff,1916,4.9092969857156277,4.8966,,1,0,0
ReflectionsOff,1917,2.7228032704442739,2.7168,,1,0,0
ReflectionsOff,1918,2.9768990352749825,2.9787,,1,0,0
ReflectionsOff,1919,2.7578019071370363,2.7456,,1,0,0
ReflectionsOff,1920,2.9325964860618114,2.9291,,1,0,0
ReflectionsOff,1921,2.5798045098781586,2.5767,,1,0,0
ReflectionsOff,1922,3.0534013640135527,3.0497,,1,0,0
ReflectionsOff,1923,2.6085954159498215,2.6059,,1,0,0
ReflectionsOff,1924,3.0616000294685364,3.0624,,1,0,0
ReflectionsOff,1925,2.6036989875137806,2.5962,,1,0,0
ReflectionsOff,1926,3.0241000931710005,3.0247,,1,0,0
ReflectionsOff,1927,2.5054989382624626,2.4999,,1,0,0
ReflectionsOff,1928,2.9833049047738314,2.9824,,1,0,0
ReflectionsOff,1929,2.274596132338047,2.2701,,1,0,0
ReflectionsOff,1930,2.9035997577011585,2.9035,,1,0,0
ReflectionsOff,1931,3.0410997569561005,3.0369,,1,0,0
ReflectionsOff,1932,2.5245039723813534,2.5186,,1,0,0
ReflectionsOff,1933,3.2424957025796175,3.242,,1,0,0
ReflectionsOff,1934,2.5780044961720705,2.5714,,1,0,0
ReflectionsOff,1935,4.2677014134824276,4.2696,,1,0,0
ReflectionsOff,1936,3.1619968358427286,3.1539,,1,0,0
ReflectionsOff,1937,2.8460035100579262,2.8467,,1,0,0
ReflectionsOff,1938,3.5317956935614347,3.5291,,1,0,0
ReflectionsOff,1939,2.7626983355730772,2.7564,,1,0,0
ReflectionsOff,1940,2.6089993771165609,2.6263,,1,0,0
ReflectionsOff,1941,3.34530184045434,3.3179,,1,0,0
ReflectionsOff,1942,2.8227041475474834,2.8213,,1,0,0
ReflectionsOff,1943,2.4337938521057367,2.4281,,1,0,0
ReflectionsOff,1944,3.1016014982014894,3.0989,,1,0,0
ReflectionsOff,1945,2.563598332926631,2.5621,,1,0,0
ReflectionsOff,1946,3.3130031079053879,3.3123,,1,0,0
ReflectionsOff,1947,2.6308035012334585,2.6259,,1,0,0
ReflectionsOff,1948,2.304393332451582,2.304,,1,0,0
ReflectionsOff,1949,3.7572067230939865,3.7539,,1,0,0
ReflectionsOff,1950,2.6233985554426908,2.617,,1,0,0
ReflectionsOff,1951,3.3438988029956818,3.3426,,1,0,0
ReflectionsOff,1952,2.1427012979984283,2.1387,,1,0,0
ReflectionsOff,1953,3.3343962859362364,3.3362,,1,0,0
ReflectionsOff,1954,2.4624008219689131,2.4551,,1,0,0
ReflectionsOff,1955,2.71789962425828,2.7161,,1,0,0
ReflectionsOff,1956,3.4935020375996828,3.4915,,1,0,0
ReflectionsOff,1957,2.3962017148733139,2.3894,,1,0,0
ReflectionsOff,1958,3.2486962154507637,3.2493,,1,0,0
ReflectionsOff,1959,3.0244048684835434,3.0175,,1,0,0
ReflectionsOff,1960,2.3962939158082008,2.3967,,1,0,0
ReflectionsOff,1961,3.3942034933716059,3.3884,,1,0,0
ReflectionsOff,1962,2.7222009375691414,2.7206,,1,0,0
ReflectionsOff,1963,2.8160004876554012,2.8113,,1,0,0
ReflectionsOff,1964,3.1267998274415731,3.1241,,1,0,0
ReflectionsOff,1965,2.4294997565448284,2.4311,,1,0,0
ReflectionsOff,1966,3.2568948809057474,3.2511,,1,0,0
ReflectionsOff,1967,3.2114016357809305,3.2084,,1,0,0
ReflectionsOff,1968,2.5195011403411627,2.5135,,1,0,0
ReflectionsOff,1969,2.4687997065484524,2.4647,,1,0,0
ReflectionsOff,1970,2.8248014859855175,2.8244,,1,0,0
ReflectionsOff,1971,3.4890023525804281,3.4863,,1,0,0
ReflectionsOff,1972,2.719394862651825,2.7152,,1,0,0
ReflectionsOff,1973,2.74330354295671,2.7337,,1,0,0
ReflectionsOff,1974,2.8655966743826866,2.8629,,1,0,0
ReflectionsOff,1975,2.473101019859314,2.4662,,1,0,0
ReflectionsOff,1976,2.5071995332837105,2.5075,,1,0,0
ReflectionsOff,1977,2.9964002314954996,2.9943,,1,0,0
ReflectionsOff,1978,3.8307043723762035,3.8292,,1,0,0
ReflectionsOff,1979,2.6081986725330353,2.6007,,1,0,0
ReflectionsOff,1980,2.5376984849572182,2.5384,,1,0,0
ReflectionsOff,1981,3.253996605053544,3.2494,,1,0,0
ReflectionsOff,1982,2.9615007806569338,2.9569,,1,0,0
ReflectionsOff,1983,2.63550179079175,2.6324,,1,0,0
ReflectionsOff,1984,3.028203034773469,3.0252,,1,0,0
ReflectionsOff,1985,2.6192956138402224,2.6168,,1,0,0
ReflectionsOff,1986,2.3414045572280884,2.3386,,1,0,0
ReflectionsOff,1987,3.1509990803897381,3.1507,,1,0,0
ReflectionsOff,1988,3.2331987749785185,3.2314,,1,0,0
ReflectionsOff,1989,2.8858985751867294,2.8821,,1,0,0
ReflectionsOff,1990,2.4897037073969841,2.4841,,1,0,0
ReflectionsOff,1991,4.1700964793562889,4.1682,,1,0,0
ReflectionsOff,1992,2.188399899750948,2.1822,,1,0,0
ReflectionsOff,1993,2.97069875523448,2.9701,,1,0,0
ReflectionsOff,1994,3.5592049825936556,3.5601,,1,0,0
ReflectionsOff,1995,3.2612953800708055,3.2572,,1,0,0
ReflectionsOff,1996,2.606505062431097,2.5988,,1,0,0
ReflectionsOff,1997,3.1074972357600927,3.1053,,1,0,0
ReflectionsOff,1998,2.5178005453199148,2.5138,,1,0,0
ReflectionsOff,1999,3.1198980286717415,3.1202,,1,0,0
ReflectionsOff,2000,2.5400014128535986,2.5355,,1,0,0
ReflectionsOff,2001,3.1117985490709543,3.1076,,1,0,0
ReflectionsOff,2002,2.7229024562984705,2.7185,,1,0,0
ReflectionsOff,2003,2.9128969181329012,2.9094,,1,0,0
ReflectionsOff,2004,2.2382014431059361,2.2324,,1,0,0
ReflectionsOff,2005,3.2151998020708561,3.2094,,1,0,0
ReflectionsOff,2006,2.6932044420391321,2.6925,,1,0,0
ReflectionsOff,2007,2.5328940246254206,2.5305,,1,0,0
ReflectionsOff,2008,2.7245038654655218,2.7188,,1,0,0
ReflectionsOff,2009,2.4373016785830259,2.437,,1,0,0
ReflectionsOff,2010,3.2775935251265764,3.278,,1,0,0
ReflectionsOff,2011,3.0429067555814981,3.0346,,1,0,0
ReflectionsOff,2012,2.7487953193485737,2.7438,,1,0,0
ReflectionsOff,2013,2.5441043544560671,2.5376,,1,0,0
ReflectionsOff,2014,2.8925950173288584,2.893,,1,0,0
ReflectionsOff,2015,2.6854025200009346,2.6794,,1,0,0
ReflectionsOff,2016,3.3575964625924826,3.3586,,1,0,0
ReflectionsOff,2017,3.0209042597562075,3.0148,,1,0,0
ReflectionsOff,2018,2.7099985163658857,2.7083,,1,0,0
ReflectionsOff,2019,2.7335034683346748,2.7296,,1,0,0
ReflectionsOff,2020,3.327295882627368,3.3253,,1,0,0
ReflectionsOff,2021,2.5044996291399,2.4969,,1,0,0
ReflectionsOff,2022,4.0605016984045506,4.0624,,1,0,0
ReflectionsOff,2023,2.6062002871185541,2.5982,,1,0,0
ReflectionsOff,2024,2.5462019257247448,2.5466,,1,0,0
ReflectionsOff,2025,2.7790958993136883,2.7767,,1,0,0
ReflectionsOff,2026,4.271400161087513,4.261,,1,0,0
ReflectionsOff,2027,2.3456986527889967,2.344,,1,0,0
ReflectionsOff,2028,2.633900148794055,2.6335,,1,0,0
ReflectionsOff,2029,2.90490360930562,2.8978,,1,0,0
ReflectionsOff,2030,2.5751984212547541,2.5739,,1,0,0
ReflectionsOff,2031,3.7375991232693195,3.7334,,1,0,0
ReflectionsOff,2032,2.4495038669556379,2.445,,1,0,0
ReflectionsOff,2033,3.3904975280165672,3.3815,,1,0,0
ReflectionsOff,2034,2.7385982684791088,2.7356,,1,0,0
ReflectionsOff,2035,2.4652990978211164,2.463,,1,0,0
ReflectionsOff,2036,2.5682044215500355,2.5635,,1,0,0
ReflectionsOff,2037,3.2330001704394817,3.2337,,1,0,0
ReflectionsOff,2038,2.686699153855443,2.6798,,1,0,0
ReflectionsOff,2039,2.7978953439742327,2.7977,,1,0,0
ReflectionsOff,2040,2.6960032992064953,2.6904,,1,0,0
ReflectionsOff,2041,2.4676020257174969,2.4651,,1,0,0
ReflectionsOff,2042,2.8091978747397661,2.8076,,1,0,0
ReflectionsOff,2043,4.7273030504584312,4.7244,,1,0,0
ReflectionsOff,2044,2.2585955448448658,2.2544,,1,0,0
ReflectionsOff,2045,2.9983986169099808,2.9981,,1,0,0
ReflectionsOff,2046,3.2496030908077955,3.2463,,1,0,0
ReflectionsOff,2047,2.2479025647044182,2.2423,,1,0,0
ReflectionsOff,2048,3.0583972111344337,3.0552,,1,0,0
ReflectionsOff,2049,2.7318026404827833,2.7286,,1,0,0
ReflectionsOff,2050,2.4837939999997616,2.481,,1,0,0
ReflectionsOff,2051,2.5554066523909569,2.5541,,1,0,0
ReflectionsOff,2052,2.5376984849572182,2.5336,,1,0,0
ReflectionsOff,2053,2.4760982487350702,2.4735,,1,0,0
ReflectionsOff,2054,2.9232001397758722,2.9191,,1,0,0
ReflectionsOff,2055,2.5729024782776833,2.5665,,1,0,0
ReflectionsOff,2056,2.7262966614216566,2.7266,,1,0,0
ReflectionsOff,2057,2.4292021989822388,2.4222,,1,0,0
ReflectionsOff,2058,2.5105017703026533,2.5112,,1,0,0
ReflectionsOff,2059,2.4170989636331797,2.4114,,1,0,0
ReflectionsOff,2060,2.952097449451685,2.95,,1,0,0
ReflectionsOff,2061,3.0805980786681175,3.0801,,1,0,0
ReflectionsOff,2062,2.216999651864171,2.2124,,1,0,0
ReflectionsOff,2063,3.4174036700278521,3.4168,,1,0,0
ReflectionsOff,2064,2.4632015265524387,2.4576,,1,0,0
ReflectionsOff,2065,2.6673965621739626,2.6636,,1,0,0
ReflectionsOff,2066,3.5002976655960083,3.4993,,1,0,0
ReflectionsOff,2067,2.7517005801200867,2.744,,1,0,0
ReflectionsOff,2068,2.471499377861619,2.4704,,1,0,0
ReflectionsOff,2069,2.5405045598745346,2.5362,,1,0,0
ReflectionsOff,2070,2.7171981055289507,2.7145,,1,0,0
ReflectionsOff,2071,2.5281037669628859,2.5253,,1,0,0
ReflectionsOff,2072,3.3751984592527151,3.3745,,1,0,0
ReflectionsOff,2073,2.3716979194432497,2.3694,,1,0,0
ReflectionsOff,2074,3.3382014371454716,3.3309,,1,0,0
ReflectionsOff,2075,2.5308956392109394,2.5246,,1,0,0
ReflectionsOff,2076,2.7583050541579723,2.7628,,1,0,0
ReflectionsOff,2077,2.9195011593401432,3.0167,,1,0,0
ReflectionsOff,2078,2.8817956335842609,2.7594,,1,0,0
ReflectionsOff,2079,4.4845025986433029,4.4819,,1,0,0
ReflectionsOff,2080,2.4007016327232122,2.398,,1,0,0
ReflectionsOff,2081,2.6279974263161421,2.6268,,1,0,0
ReflectionsOff,2082,3.2748016528785229,3.2702,,1,0,0
ReflectionsOff,2083,2.2627976723015308,2.2584,,1,0,0
ReflectionsOff,2084,3.6660006735473871,3.6667,,1,0,0
ReflectionsOff,2085,2.501700771972537,2.4955,,1,0,0
ReflectionsOff,2086,2.4667021352797747,2.4671,,1,0,0
ReflectionsOff,2087,4.1897958144545555,4.1836,,1,0,0
ReflectionsOff,2088,2.8579011559486389,2.8577,,1,0,0
ReflectionsOff,2089,2.9071003664284945,2.9015,,1,0,0
ReflectionsOff,2090,2.4818028323352337,2.4787,,1,0,0
ReflectionsOff,2091,2.6590987108647823,2.6549,,1,0,0
ReflectionsOff,2092,2.8355016838759184,2.8328,,1,0,0
ReflectionsOff,2093,2.9545989818871021,2.9552,,1,0,0
ReflectionsOff,2094,2.5941964704543352,2.59,,1,0,0
ReflectionsOff,2095,2.6923043187707663,2.6935,,1,0,0
ReflectionsOff,2096,3.5430979914963245,3.5462,,1,0,0
ReflectionsOff,2097,3.0936012044548988,3.0766,,1,0,0
ReflectionsOff,2098,2.4940972216427326,2.4895,,1,0,0
ReflectionsOff,2099,2.7273029554635286,2.7266,,1,0,0
ReflectionsOff,2100,2.9267999343574047,2.9226,,1,0,0
ReflectionsOff,2101,2.8835954144597054,2.8816,,1,0,0
ReflectionsOff,2102,2.5482992641627789,2.5406,,1,0,0
ReflectionsOff,2103,3.1647037249058485,3.1647,,1,0,0
ReflectionsOff,2104,2.3418013006448746,2.336,,1,0,0
ReflectionsOff,2105,2.823597053065896,2.8208,,1,0,0
ReflectionsOff,2106,2.5966977700591087,2.5991,,1,0,0
ReflectionsOff,2107,2.7481010183691978,2.7402,,1,0,0
ReflectionsOff,2108,3.7995039019733667,3.7952,,1,0,0
ReflectionsOff,2109,2.3849986027926207,2.3829,,1,0,0
ReflectionsOff,2110,3.2929987646639347,3.2933,,1,0,0
ReflectionsOff,2111,2.5632015895098448,2.5569,,1,0,0
ReflectionsOff,2112,2.6427011471241713,2.6516,,1,0,0
ReflectionsOff,2113,2.7267006225883961,2.7053,,1,0,0
ReflectionsOff,2114,2.8947987593710423,2.8924,,1,0,0
ReflectionsOff,2115,2.86250002682209,2.8581,,1,0,0
ReflectionsOff,2116,3.7111961282789707,3.7089,,1,0,0
ReflectionsOff,2117,2.3929988965392113,2.387,,1,0,0
ReflectionsOff,2118,2.6202027220278978,2.6176,,1,0,0
ReflectionsOff,2119,4.7501982189714909,4.7499,,1,0,0
ReflectionsOff,2120,2.341702114790678,2.335,,1,0,0
ReflectionsOff,2121,3.3684028312563896,3.3687,,1,0,0
ReflectionsOff,2122,3.6358984652906656,3.6327,,1,0,0
ReflectionsOff,2123,2.9498015064746141,2.9462,,1,0,0
ReflectionsOff,2124,2.9714994598180056,2.9644,,1,0,0
ReflectionsOff,2125,2.8181972447782755,2.8214,,1,0,0
ReflectionsOff,2126,2.836897736415267,2.8218,,1,0,0
ReflectionsOff,2127,2.9428997077047825,2.9388,,1,0,0
ReflectionsOff,2128,3.0447065364569426,3.0402,,1,0,0
ReflectionsOff,2129,2.4716977495700121,2.4672,,1,0,0
ReflectionsOff,2130,3.3536988776177168,3.3554,,1,0,0
ReflectionsOff,2131,2.7026997413486242,2.6984,,1,0,0
ReflectionsOff,2132,2.5749008636921644,2.573,,1,0,0
ReflectionsOff,2133,2.5270974729210138,2.5222,,1,0,0
ReflectionsOff,2134,3.2333049457520247,3.2297,,1,0,0
ReflectionsOff,2135,2.5065972004085779,2.4995,,1,0,0
ReflectionsOff,2136,3.3230017870664597,3.3253,,1,0,0
ReflectionsOff,2137,2.5679988320916891,2.5599,,1,0,0
ReflectionsOff,2138,2.4649021215736866,2.4622,,1,0,0
ReflectionsOff,2139,2.5339995045214891,2.5309,,1,0,0
ReflectionsOff,2140,2.921293955296278,2.9206,,1,0,0
ReflectionsOff,2141,2.7146046049892902,2.7108,,1,0,0
ReflectionsOff,2142,2.3951956536620855,2.3904,,1,0,0
ReflectionsOff,2143,2.72900378331542,2.7282,,1,0,0
ReflectionsOff,2144,2.9517998918890953,2.951,,1,0,0
ReflectionsOff,2145,2.7538973372429609,2.7461,,1,0,0
ReflectionsOff,2146,2.8264031279832125,2.8261,,1,0,0
ReflectionsOff,2147,3.1089994590729475,3.1073,,1,0,0
ReflectionsOff,2148,2.5667021982371807,2.5591,,1,0,0
ReflectionsOff,2149,2.7075964026153088,2.7038,,1,0,0
ReflectionsOff,2150,3.5962017718702555,3.5939,,1,0,0
ReflectionsOff,2151,2.7884992305189371,2.7856,,1,0,0
ReflectionsOff,2152,2.5365008041262627,2.5379,,1,0,0
ReflectionsOff,2153,2.4778982624411583,2.4705,,1,0,0
ReflectionsOff,2154,2.7799035888165236,2.7761,,1,0,0
ReflectionsOff,2155,2.450297586619854,2.4492,,1,0,0
ReflectionsOff,2156,3.5423964727669954,3.5414,,1,0,0
ReflectionsOff,2157,2.5368055794388056,2.5324,,1,0,0
ReflectionsOff,2158,3.2776999287307262,3.2769,,1,0,0
ReflectionsOff,2159,2.44509638287127,2.4353,,1,0,0
ReflectionsOff,2160,3.3498015254735947,3.3493,,1,0,0
ReflectionsOff,2161,2.7376983780413866,2.7345,,1,0,0
ReflectionsOff,2162,3.4311010967940092,3.4289,,1,0,0
ReflectionsOff,2163,2.4763038381934166,2.4694,,1,0,0
ReflectionsOff,2164,2.9577948153018951,2.9599,,1,0,0
ReflectionsOff,2165,2.3050028830766678,2.2966,,1,0,0
ReflectionsOff,2166,2.9419998172670603,2.9428,,1,0,0
ReflectionsOff,2167,3.1117985490709543,3.1067,,1,0,0
ReflectionsOff,2168,2.4223001673817635,2.417,,1,0,0
ReflectionsOff,2169,2.8020974714308977,2.8029,,1,0,0
ReflectionsOff,2170,2.4992064572870731,2.494,,1,0,0
ReflectionsOff,2171,3.3161989413201809,3.315,,1,0,0
ReflectionsOff,2172,3.3445011358708143,3.3383,,1,0,0
ReflectionsOff,2173,2.6441963855177164,2.6412,,1,0,0
ReflectionsOff,2174,3.185303183272481,3.1856,,1,0,0
ReflectionsOff,2175,2.5269982870668173,2.522,,1,0,0
ReflectionsOff,2176,2.3227962665259838,2.32,,1,0,0
ReflectionsOff,2177,2.90790107101202,2.9075,,1,0,0
ReflectionsOff,2178,2.29489803314209,2.2899,,1,0,0
ReflectionsOff,2179,2.7517005801200867,2.7525,,1,0,0
ReflectionsOff,2180,3.5315051209181547,3.5262,,1,0,0
ReflectionsOff,2181,2.6129961479455233,2.6085,,1,0,0
ReflectionsOff,2182,2.6267007924616337,2.6263,,1,0,0
ReflectionsOff,2183,2.7928005438297987,2.79,,1,0,0
ReflectionsOff,2184,2.890703035518527,2.886,,1,0,0
ReflectionsOff,2185,2.6082978583872318,2.6047,,1,0,0
ReflectionsOff,2186,3.3042021095752716,3.3022,,1,0,0
ReflectionsOff,2187,2.56729731336236,2.5618,,1,0,0
ReflectionsOff,2188,3.1130032148212194,3.1097,,1,0,0
ReflectionsOff,2189,2.4874999653548002,2.4811,,1,0,0
ReflectionsOff,2190,3.1390944495797157,3.1395,,1,0,0
ReflectionsOff,2191,2.70620035007596,2.7044,,1,0,0
ReflectionsOff,2192,3.3721018116921186,3.3642,,1,0,0
ReflectionsOff,2193,2.3607993498444557,2.3575,,1,0,0
ReflectionsOff,2194,3.5028981510549784,3.503,,1,0,0
ReflectionsOff,2195,3.6744046956300735,3.6687,,1,0,0
ReflectionsOff,2196,2.8133008163422346,2.8125,,1,0,0
ReflectionsOff,2197,2.7030967175960541,2.6968,,1,0,0
ReflectionsOff,2198,2.9910998418927193,2.9927,,1,0,0
ReflectionsOff,2199,2.6455994229763746,2.638,,1,0,0
ReflectionsOff,2200,3.2088009174913168,3.2075,,1,0,0
ReflectionsOff,2201,2.5544997770339251,2.5496,,1,0,0
ReflectionsOff,2202,2.4668013211339712,2.4675,,1,0,0
ReflectionsOff,2203,3.1035004649311304,3.0968,,1,0,0
ReflectionsOff,2204,2.6946002617478371,2.6904,,1,0,0
ReflectionsOff,2205,3.4508006647229195,3.4501,,1,0,0
ReflectionsOff,2206,2.60970089584589,2.6048,,1,0,0
ReflectionsOff,2207,2.9509000014513731,2.9503,,1,0,0
ReflectionsOff,2208,2.4741992820054293,2.4679,,1,0,0
ReflectionsOff,2209,3.036996815353632,3.0353,,1,0,0
ReflectionsOff,2210,2.8453017584979534,2.8428,,1,0,0
ReflectionsOff,2211,2.8741001151502132,2.865,,1,0,0
ReflectionsOff,2212,3.459899453446269,3.4558,,1,0,0
ReflectionsOff,2213,2.6340987533330917,2.6281,,1,0,0
ReflectionsOff,2214,2.6531037874519825,2.6527,,1,0,0
ReflectionsOff,2215,2.9718962032347918,2.9687,,1,0,0
ReflectionsOff,2216,3.3591978717595339,3.3543,,1,0,0
ReflectionsOff,2217,2.7524020988494158,2.747,,1,0,0
ReflectionsOff,2218,2.5081986095756292,2.5075,,1,0,0
ReflectionsOff,2219,3.649603109806776,3.6469,,1,0,0
ReflectionsOff,2220,2.65549891628325,2.6478,,1,0,0
ReflectionsOff,2221,3.4751985222101212,3.4721,,1,0,0
ReflectionsOff,2222,2.3972010239958763,2.3983,,1,0,0
ReflectionsOff,2223,3.3227039966732264,3.3196,,1,0,0
ReflectionsOff,2224,2.7324971742928028,2.7251,,1,0,0
ReflectionsOff,2225,2.5001983158290386,2.4993,,1,0,0
ReflectionsOff,2226,3.1739016994833946,3.1686,,1,0,0
ReflectionsOff,2227,3.8164965808391571,3.8173,,1,0,0
ReflectionsOff,2228,2.5978032499551773,2.5904,,1,0,0
ReflectionsOff,2229,2.6293012779206038,2.6278,,1,0,0
ReflectionsOff,2230,3.6116992123425007,3.6084,,1,0,0
ReflectionsOff,2231,2.5670989416539669,2.5616,,1,0,0
ReflectionsOff,2232,3.01909726113081,3.0164,,1,0,0
ReflectionsOff,2233,3.5120039246976376,3.509,,1,0,0
ReflectionsOff,2234,2.6017006020992994,2.5953,,1,0,0
ReflectionsOff,2235,2.5371953379362822,2.5395,,1,0,0
ReflectionsOff,2236,4.1950042359530926,4.1896,,1,0,0
ReflectionsOff,2237,3.0026005115360022,2.9967,,1,0,0
ReflectionsOff,2238,3.4624999389052391,3.4625,,1,0,0
ReflectionsOff,2239,2.7483985759317875,2.7448,,1,0,0
ReflectionsOff,2240,2.6236961130052805,2.6213,,1,0,0
ReflectionsOff,2241,2.4529052898287773,2.4476,,1,0,0
ReflectionsOff,2242,2.8072986751794815,2.808,,1,0,0
ReflectionsOff,2243,2.3405966348946095,2.3361,,1,0,0
ReflectionsOff,2244,3.1732001807540655,3.17,,1,0,0
ReflectionsOff,2245,2.4712018202990294,2.4645,,1,0,0
ReflectionsOff,2246,2.5055981241166592,2.5085,,1,0,0
ReflectionsOff,2247,2.5092049036175013,2.4994,,1,0,0
ReflectionsOff,2248,2.6716978754848242,2.6696,,1,0,0
ReflectionsOff,2249,3.0958971474319696,3.0796,,1,0,0
ReflectionsOff,2250,2.3966056760400534,2.3882,,1,0,0
ReflectionsOff,2251,3.0012966599315405,3.0003,,1,0,0
ReflectionsOff,2252,2.3561012931168079,2.3521,,1,0,0
ReflectionsOff,2253,3.1265022698789835,3.1241,,1,0,0
ReflectionsOff,2254,2.4638960603624582,2.4595,,1,0,0
ReflectionsOff,2255,3.6523030139505863,3.6519,,1,0,0
ReflectionsOff,2256,3.4437996800988913,3.4417,,1,0,0
ReflectionsOff,2257,2.4103953037410975,2.404,,1,0,0
ReflectionsOff,2258,2.4898028932511806,2.4865,,1,0,0
ReflectionsOff,2259,3.3396966755390167,3.3403,,1,0,0
ReflectionsOff,2260,4.9982001073658466,4.9942,,1,0,0
ReflectionsOff,2261,2.6200043503195047,2.6157,,1,0,0
ReflectionsOff,2262,2.7170989196747541,2.7152,,1,0,0
ReflectionsOff,2263,2.899999963119626,2.9003,,1,0,0
ReflectionsOff,2264,3.052600659430027,3.0514,,1,0,0
ReflectionsOff,2265,2.7062995359301567,2.7013,,1,0,0
ReflectionsOff,2266,2.8166028205305338,2.8088,,1,0,0
ReflectionsOff,2267,2.7167941443622112,2.7136,,1,0,0
ReflectionsOff,2268,2.7079011779278517,2.7021,,1,0,0
ReflectionsOff,2269,2.8394982218742371,2.8368,,1,0,0
ReflectionsOff,2270,3.0538053251802921,3.062,,1,0,0
ReflectionsOff,2271,3.0279974453151226,3.0066,,1,0,0
ReflectionsOff,2272,2.5517998728901148,2.5454,,1,0,0
ReflectionsOff,2273,2.87390174344182,2.8729,,1,0,0
ReflectionsOff,2274,2.4777990765869617,2.4698,,1,0,0
ReflectionsOff,2275,2.8206987772136927,2.8186,,1,0,0
ReflectionsOff,2276,2.4097010027617216,2.4058,,1,0,0
ReflectionsOff,2277,2.4217970203608274,2.4231,,1,0,0
ReflectionsOff,2278,2.8105017263442278,2.8044,,1,0,0
ReflectionsOff,2279,2.5071003474295139,2.5083,,1,0,0
ReflectionsOff,2280,2.9183034785091877,2.9141,,1,0,0
ReflectionsOff,2281,2.3884992115199566,2.383,,1,0,0
ReflectionsOff,2282,4.1221017017960548,4.1221,,1,0,0
ReflectionsOff,2283,2.3217969574034214,2.3172,,1,0,0
ReflectionsOff,2284,2.967198146507144,2.9677,,1,0,0
ReflectionsOff,2285,2.4661989882588387,2.4592,,1,0,0
ReflectionsOff,2286,3.7342049181461334,3.7306,,1,0,0
ReflectionsOff,2287,2.3372943978756666,2.3344,,1,0,0
ReflectionsOff,2288,2.6389029808342457,2.6364,,1,0,0
ReflectionsOff,2289,2.7742984239012003,2.7744,,1,0,0
ReflectionsOff,2290,2.7550028171390295,2.7477,,1,0,0
ReflectionsOff,2291,2.8807965572923422,2.8774,,1,0,0
ReflectionsOff,2292,3.6066044121980667,3.6079,,1,0,0
ReflectionsOff,2293,2.7317956555634737,2.7253,,1,0,0
ReflectionsOff,2294,3.4764029551297426,3.4764,,1,0,0
ReflectionsOff,2295,2.646598732098937,2.6418,,1,0,0
ReflectionsOff,2296,2.3431973531842232,2.3408,,1,0,0
ReflectionsOff,2297,4.1061011143028736,4.1013,,1,0,0
ReflectionsOff,2298,2.8411990497261286,2.8419,,1,0,0
ReflectionsOff,2299,3.1535006128251553,3.1481,,1,0,0
ReflectionsOff,2300,2.5623016990721226,2.5564,,1,0,0
ReflectionsOff,2301,2.9925028793513775,2.9869,,1,0,0
ReflectionsOff,2302,2.7722008526325226,2.7704,,1,0,0
ReflectionsOff,2303,2.8324972372502089,2.8286,,1,0,0
ReflectionsOff,2304,2.5747024919837713,2.5716,,1,0,0
ReflectionsOff,2305,2.6953939814120531,2.695,,1,0,0
ReflectionsOff,2306,2.4911067448556423,2.4849,,1,0,0
ReflectionsOff,2307,2.9211947694420815,2.9221,,1,0,0
ReflectionsOff,2308,3.1205995474010706,3.1146,,1,0,0
ReflectionsOff,2309,2.37970519810915,2.3761,,1,0,0
ReflectionsOff,2310,2.9583971481770277,2.955,,1,0,0
ReflectionsOff,2311,2.6898030191659927,2.6916,,1,0,0
ReflectionsOff,2312,2.5044996291399,2.4965,,1,0,0
ReflectionsOff,2313,2.8312995564192533,2.8316,,1,0,0
ReflectionsOff,2314,2.9086947906762362,2.901,,1,0,0
ReflectionsOff,2315,2.5538052432239056,2.5476,,1,0,0
ReflectionsOff,2316,3.4697987139225006,3.4703,,1,0,0
ReflectionsOff,2317,2.6289965026080608,2.623,,1,0,0
ReflectionsOff,2318,2.9500992968678474,2.9506,,1,0,0
ReflectionsOff,2319,2.4462018627673388,2.44,,1,0,0
ReflectionsOff,2320,3.2705003395676613,3.2703,,1,0,0
ReflectionsOff,2321,2.5409013032913208,2.5341,,1,0,0
ReflectionsOff,2322,2.7229024562984705,2.7206,,1,0,0
ReflectionsOff,2323,2.4657950270920992,2.4628,,1,0,0
ReflectionsOff,2324,2.6203019078820944,2.6201,,1,0,0
ReflectionsOff,2325,4.103698767721653,4.0973,,1,0,0
ReflectionsOff,2326,2.5166028644889593,2.5135,,1,0,0
ReflectionsOff,2327,3.3534013200551271,3.353,,1,0,0
ReflectionsOff,2328,2.4414965882897377,2.439,,1,0,0
ReflectionsOff,2329,3.4913974814116955,3.485,,1,0,0
ReflectionsOff,2330,3.1118055339902639,3.1083,,1,0,0
ReflectionsOff,2331,2.9892006423324347,2.989,,1,0,0
ReflectionsOff,2332,2.963697537779808,2.9567,,1,0,0
ReflectionsOff,2333,3.1379959546029568,3.1348,,1,0,0
ReflectionsOff,2334,2.5775013491511345,2.5719,,1,0,0
ReflectionsOff,2335,3.2446994446218014,3.2415,,1,0,0
ReflectionsOff,2336,3.1560019124299288,3.1501,,1,0,0
ReflectionsOff,2337,2.3533022031188011,2.3473,,1,0,0
ReflectionsOff,2338,2.741099800914526,2.7392,,1,0,0
ReflectionsOff,2339,2.7704010717570782,2.7712,,1,0,0
ReflectionsOff,2340,2.6170988567173481,2.6107,,1,0,0
ReflectionsOff,2341,3.5842971410602331,3.5828,,1,0,0
ReflectionsOff,2342,2.8151997830718756,2.8085,,1,0,0
ReflectionsOff,2343,2.9585033189505339,2.9592,,1,0,0
ReflectionsOff,2344,2.5520974304527044,2.5456,,1,0,0
ReflectionsOff,2345,2.9897037893533707,2.9885,,1,0,0
ReflectionsOff,2346,4.1330005042254925,4.1337,,1,0,0
ReflectionsOff,2347,2.7642999775707722,2.758,,1,0,0
ReflectionsOff,2348,2.4084963370114565,2.4019,,1,0,0
ReflectionsOff,2349,3.3858984243124723,3.3873,,1,0,0
ReflectionsOff,2350,2.9218040872365236,2.9182,,1,0,0
ReflectionsOff,2351,2.8474985156208277,2.8436,,1,0,0
ReflectionsOff,2352,2.9055981431156397,2.8987,,1,0,0
ReflectionsOff,2353,2.5500000920146704,2.5441,,1,0,0
ReflectionsOff,2354,2.560402499511838,2.5637,,1,0,0
ReflectionsOff,2355,2.7391014155000448,2.7278,,1,0,0
ReflectionsOff,2356,2.6892998721450567,2.6888,,1,0,0
ReflectionsOff,2357,3.3662982750684023,3.3602,,1,0,0
ReflectionsOff,2358,3.0181973706930876,3.0143,,1,0,0
ReflectionsOff,2359,2.7075042016804218,2.7072,,1,0,0
ReflectionsOff,2360,2.4431971833109856,2.4375,,1,0,0
ReflectionsOff,2361,2.6643991004675627,2.6629,,1,0,0
ReflectionsOff,2362,3.3221016637980938,3.3205,,1,0,0
ReflectionsOff,2363,2.5625992566347122,2.5562,,1,0,0
ReflectionsOff,2364,3.7576034665107727,3.7546,,1,0,0
ReflectionsOff,2365,2.5987953413277864,2.5945,,1,0,0
ReflectionsOff,2366,2.8861039318144321,2.8866,,1,0,0
ReflectionsOff,2367,2.815695945173502,2.807,,1,0,0
ReflectionsOff,2368,3.2033021561801434,3.2034,,1,0,0
ReflectionsOff,2369,2.6934028137475252,2.6876,,1,0,0
ReflectionsOff,2370,3.227997338399291,3.227,,1,0,0
ReflectionsOff,2371,2.3665959015488625,2.3608,,1,0,0
ReflectionsOff,2372,2.617403632029891,2.6163,,1,0,0
ReflectionsOff,2373,3.1279975082725286,3.126,,1,0,0
ReflectionsOff,2374,3.8375991862267256,3.831,,1,0,0
ReflectionsOff,2375,2.3900014348328114,2.3842,,1,0,0
ReflectionsOff,2376,2.9034013859927654,2.9024,,1,0,0
ReflectionsOff,2377,2.6918014045804739,2.6856,,1,0,0
ReflectionsOff,2378,2.9419998172670603,2.9419,,1,0,0
ReflectionsOff,2379,2.7624007780104876,2.7577,,1,0,0
ReflectionsOff,2380,2.5910998228937387,2.5874,,1,0,0
ReflectionsOff,2381,2.8672972694039345,2.8669,,1,0,0
ReflectionsOff,2382,2.7436011005192995,2.7368,,1,0,0
ReflectionsOff,2383,3.0735968612134457,3.0748,,1,0,0
ReflectionsOff,2384,2.7974063996225595,2.7905,,1,0,0
ReflectionsOff,2385,2.9354945290833712,2.9363,,1,0,0
ReflectionsOff,2386,2.5160005316138268,2.5102,,1,0,0
ReflectionsOff,2387,2.9305981006473303,2.9321,,1,0,0
ReflectionsOff,2388,2.6077027432620525,2.598,,1,0,0
ReflectionsOff,2389,3.6562003660947084,3.6527,,1,0,0
ReflectionsOff,2390,2.5659012608230114,2.5625,,1,0,0
ReflectionsOff,2391,3.1508998945355415,3.1501,,1,0,0
ReflectionsOff,2392,2.6124007999897003,2.6081,,1,0,0
ReflectionsOff,2393,2.4692956358194351,2.4654,,1,0,0
ReflectionsOff,2394,2.4924036115407944,2.49,,1,0,0
ReflectionsOff,2395,3.3348002471029758,3.3318,,1,0,0
ReflectionsOff,2396,2.6732992846518755,2.6749,,1,0,0
ReflectionsOff,2397,2.7624999638646841,2.7582,,1,0,0
ReflectionsOff,2398,2.6742983609437943,2.6697,,1,0,0
ReflectionsOff,2399,2.5479025207459927,2.5454,,1,0,0
