phase,frame,frameMs,mainThreadMs,gpuMs,drawCalls,setPassCalls,triangles,gcBytes,focused,targetsDestroyed,legacyEffects,reactorEffects,realtimeLights,particles,reflectionStrength
NearCombat,0,4.6024941839277744,4.6515,1.606656,,74,1740351,12693,1,0,0,0,1,0,0
NearCombat,1,6.2614018097519875,6.1679,1.528832,,74,1740351,12741,1,0,0,0,1,0,0
NearCombat,2,4.6910005621612072,4.821,1.611776,,74,1740351,12693,1,0,0,0,1,0,0
NearCombat,3,4.2426022700965405,4.1929,1.532928,,74,1740351,12693,1,0,0,0,1,0,0
NearCombat,4,4.8947986215353012,4.84,1.6128,,74,1740351,12693,1,0,0,0,1,0,0
NearCombat,5,4.1339993476867676,4.1985,1.524736,,74,1740351,12693,1,0,0,0,1,0,0
NearCombat,6,4.4439979828894138,4.1217,1.954816,,74,1740351,12693,1,0,0,0,1,0,0
NearCombat,7,6.1361039988696575,4.3997,1.501184,,74,1740351,12745,1,0,0,0,1,0,0
NearCombat,8,6.0210954397916794,6.6766,1.580032,,74,1740351,12693,1,0,0,0,1,0,0
NearCombat,9,6.4883008599281311,6.0077,1.50528,,74,1740351,12693,1,0,0,0,1,0,0
NearCombat,10,6.0576032847166061,5.9072,1.575936,,74,1740351,12693,1,0,0,0,1,0,0
NearCombat,11,5.9315972030162811,6.9326,1.550336,,74,1740351,12693,1,0,0,0,1,0,0
NearCombat,12,6.2041031196713448,5.599,1.526784,,74,1740351,12693,1,0,0,0,1,0,0
NearCombat,13,6.14280067384243,6.6703,1.584128,,74,1740351,12693,1,0,0,0,1,0,0
NearCombat,14,6.1213010922074318,5.6841,1.586176,,74,1740351,12693,1,0,0,0,1,0,0
NearCombat,15,6.2647960148751736,6.6336,1.51552,,74,1740351,12693,1,0,0,0,1,0,0
NearCombat,16,6.2595023773610592,5.7083,1.586176,,74,1740351,12781,1,0,0,0,1,0,0
NearCombat,17,6.3256025314331055,6.0777,,,0,0,12693,1,0,0,0,1,0,0
NearCombat,18,5.8947987854480743,6.659,1.549312,,148,3480702,12693,1,0,0,0,1,0,0
NearCombat,19,6.1033940874040127,6.1725,,,74,1740351,12693,1,0,0,0,1,0,0
NearCombat,20,6.2056053429841995,6.5993,1.581056,,74,1740351,12693,1,0,0,0,1,0,0
NearCombat,21,6.1688986606895924,5.5396,1.5616,,74,1740351,12693,1,0,0,0,1,0,0
NearCombat,22,6.1908019706606865,6.0137,1.470464,,74,1740351,12693,1,0,0,0,1,0,0
NearCombat,23,6.1974986456334591,6.9405,1.512448,,74,1740351,12693,1,0,0,0,1,0,0
NearCombat,24,6.1905966140329838,5.013,1.562624,,74,1740351,12693,1,0,0,0,1,0,0
NearCombat,25,6.0873017646372318,6.483,1.531904,,74,1740351,12693,1,0,0,0,1,0,0
NearCombat,26,6.059601902961731,5.636,1.502208,,74,1740351,12693,1,0,0,0,1,0,0
NearCombat,27,6.2770973891019821,5.9702,1.577984,,74,1740351,12693,1,0,0,0,1,0,0
NearCombat,28,6.1558037996292114,8.1523,1.739776,,74,1740351,12693,1,0,0,0,1,0,0
NearCombat,29,6.19669770821929,5.5064,1.975296,,74,1740351,12693,1,0,0,0,1,0,0
NearCombat,30,6.0321004129946232,6.287,1.837056,,74,1740351,29435,1,0,0,0,1,0,0
NearCombat,31,12.237202376127243,5.733,1.554432,,74,1740351,12693,1,0,0,0,1,0,0
NearCombat,32,6.2218960374593735,12.6517,1.5616,,74,1740351,12693,1,0,0,0,1,0,0
NearCombat,33,6.1683035455644131,5.3193,0.01536,,74,1740351,12693,1,0,0,0,1,0,0
NearCombat,34,6.4681973308324814,6.1081,1.57696,,74,1740351,12693,1,0,0,0,1,0,0
NearCombat,35,5.9366002678871155,6.7514,1.565696,,74,1740351,12693,1,0,0,0,1,0,0
NearCombat,36,6.2350980006158352,5.4715,1.531904,,74,1740351,12693,1,0,0,0,1,0,0
NearCombat,37,6.0696001164615154,6.5883,1.526784,,74,1740351,12693,1,0,0,0,1,0,0
NearCombat,38,6.3455994240939617,5.3368,1.564672,,74,1740351,12693,1,0,0,0,1,0,0
NearCombat,39,6.2160007655620575,7.2916,1.519616,,74,1740351,12745,1,0,0,0,1,0,0
NearCombat,40,6.1014029197394848,5.7196,1.496064,,74,1740351,12781,1,0,0,0,1,0,0
NearCombat,41,6.1769983731210232,6.1127,1.567744,,74,1740351,12693,1,0,0,0,1,0,0
NearCombat,42,5.9263040311634541,6.5811,1.54112,,74,1740351,12693,1,0,0,0,1,0,0
NearCombat,43,6.1143990606069565,5.7422,1.524736,,74,1740351,12693,1,0,0,0,1,0,0
NearCombat,44,6.1580995097756386,5.9572,1.584128,,74,1740351,12693,1,0,0,0,1,0,0
NearCombat,45,6.2231007032096386,5.7932,1.53088,,74,1740351,12693,1,0,0,0,1,0,0
NearCombat,46,6.2527991831302643,6.8546,1.58208,,74,1740351,12693,1,0,0,0,1,0,0
NearCombat,47,6.0586947947740555,6.3332,1.565696,,74,1740351,12693,1,0,0,0,1,0,0
NearCombat,48,6.13960437476635,5.1564,1.972224,,74,1740351,12693,1,0,0,0,1,0,0
NearCombat,49,6.3879960216581821,6.5226,1.574912,,74,1740351,12693,1,0,0,0,1,0,0
NearCombat,50,5.9900013729929924,6.5248,1.611776,,74,1740351,12693,1,0,0,0,1,0,0
NearCombat,51,6.2674037180840969,5.5335,1.518592,,74,1740351,12693,1,0,0,0,1,0,0
NearCombat,52,5.9893000870943069,6.4881,1.58208,,74,1740351,12693,1,0,0,0,1,0,0
NearCombat,53,6.2032951973378658,5.4872,1.53088,,74,1740351,12693,1,0,0,0,1,0,0
NearCombat,54,6.1814058572053909,6.4658,1.55136,,74,1740351,12693,1,0,0,0,1,0,0
NearCombat,55,6.1303996481001377,6.4801,1.596416,,74,1740351,12693,1,0,0,0,1,0,0
NearCombat,56,6.2782950699329376,5.9399,1.564672,,74,1740351,12693,1,0,0,0,1,0,0
NearCombat,57,6.0447985306382179,6.0882,1.491968,,74,1740351,12693,1,0,0,0,1,0,0
NearCombat,58,5.9377052821218967,6.1904,1.548288,,74,1740351,12693,1,0,0,0,1,0,0
NearCombat,59,6.1561013571918011,5.6404,1.536,,74,1740351,12693,1,0,0,0,1,0,0
NearCombat,60,6.2128966674208641,6.8754,1.537024,,74,1740351,12693,1,0,0,0,1,0,0
NearCombat,61,6.0761976055800915,5.5748,1.594368,,74,1740351,12693,1,0,0,0,1,0,0
NearCombat,62,6.2711024656891823,6.4163,1.577984,,74,1740351,12693,1,0,0,0,1,0,0
NearCombat,63,6.2561011873185635,6.0609,1.49504,,74,1740351,12693,1,0,0,0,1,0,0
NearCombat,64,6.1227963306009769,6.3517,1.580032,,74,1740351,12693,1,0,0,0,1,0,0
NearCombat,65,6.317205261439085,5.8557,1.558528,,74,1740351,12781,1,0,0,0,1,0,0
NearCombat,66,5.9518991038203239,6.259,1.545216,,74,1740351,12693,1,0,0,0,1,0,0
NearCombat,67,6.2062004581093788,6.0231,1.59744,,74,1740351,12693,1,0,0,0,1,0,0
NearCombat,68,6.126998458057642,5.9791,1.55136,,74,1740351,12693,1,0,0,0,1,0,0
NearCombat,69,6.1413971707224846,6.6783,1.46432,,74,1740351,12693,1,0,0,0,1,0,0
NearCombat,70,6.0914047062397,6.7589,1.583104,,74,1740351,12693,1,0,0,0,1,0,0
NearCombat,71,6.1740009114146233,4.9785,1.550336,,74,1740351,12693,1,0,0,0,1,0,0
NearCombat,72,6.0218963772058487,6.9039,1.567744,,74,1740351,12745,1,0,0,0,1,0,0
NearCombat,73,6.5605016425251961,5.5488,1.61792,,74,1740351,12693,1,0,0,0,1,0,0
NearCombat,74,5.7222009636461735,6.4343,1.574912,,74,1740351,12693,1,0,0,0,1,0,0
NearCombat,75,6.1334962956607342,7.0102,1.50016,,74,1740351,12693,1,0,0,0,1,0,0
NearCombat,76,6.1568026430904865,4.6628,1.552384,,74,1740351,12693,1,0,0,0,1,0,0
NearCombat,77,6.2521966174244881,6.9831,1.59232,,74,1740351,12693,1,0,0,0,1,0,0
NearCombat,78,6.2093040905892849,6.3495,1.567744,,74,1740351,12693,1,0,0,0,1,0,0
NearCombat,79,6.1667943373322487,5.8313,1.606656,,74,1740351,12693,1,0,0,0,1,0,0
NearCombat,80,6.2661068513989449,6.1783,1.558528,,74,1740351,12693,1,0,0,0,1,0,0
NearCombat,81,6.1166952364146709,6.1191,1.959936,,74,1740351,12693,1,0,0,0,1,0,0
NearCombat,82,6.1390022747218609,6.4662,1.579008,,74,1740351,12693,1,0,0,0,1,0,0
NearCombat,83,6.142396479845047,6.1922,1.559552,,74,1740351,12693,1,0,0,0,1,0,0
NearCombat,84,6.3392007723450661,6.0714,1.55648,,74,1740351,12693,1,0,0,0,1,0,0
NearCombat,85,6.0080992989242077,6.5058,1.601536,,74,1740351,12693,1,0,0,0,1,0,0
NearCombat,86,6.5178996883332729,5.5707,1.549312,,74,1740351,12693,1,0,0,0,1,0,0
NearCombat,87,5.9140021912753582,7.1584,1.555456,,74,1740351,12693,1,0,0,0,1,0,0
NearCombat,88,6.2514031305909157,5.1411,1.58208,,74,1740351,12693,1,0,0,0,1,0,0
NearCombat,89,6.0397959314286709,7.001,1.545216,,74,1740351,12693,1,0,0,0,1,0,0
NearCombat,90,6.1660995706915855,6.3329,1.580032,,74,1740351,12781,1,0,0,0,1,0,0
NearCombat,91,6.1503048054873943,5.3517,1.60256,,74,1740351,12693,1,0,0,0,1,0,0
NearCombat,92,6.2943948432803154,7.0526,1.60256,,74,1740351,12693,1,0,0,0,1,0,0
NearCombat,93,6.2609054148197174,6.4588,1.522688,,74,1740351,12693,1,0,0,0,1,0,0
NearCombat,94,6.0596941038966179,5.8886,1.554432,,74,1740351,12693,1,0,0,0,1,0,0
NearCombat,95,6.1303004622459412,6.0108,1.552384,,74,1740351,12693,1,0,0,0,1,0,0
NearCombat,96,6.196201778948307,6.5428,1.554432,,74,1740351,12693,1,0,0,0,1,0,0
NearCombat,97,6.1698979698121548,5.3997,1.57184,,74,1740351,12693,1,0,0,0,1,0,0
NearCombat,98,6.1565050855278969,6.246,1.5872,,74,1740351,12693,1,0,0,0,1,0,0
NearCombat,99,6.130994763225317,5.6834,1.51552,,74,1740351,12693,1,0,0,0,1,0,0
NearCombat,100,6.3623017631471157,6.2255,1.570816,,74,1740351,12693,1,0,0,0,1,0,0
NearCombat,101,5.97210181877017,6.6662,1.585152,,74,1740351,12693,1,0,0,0,1,0,0
NearCombat,102,6.310898344963789,5.6289,1.59744,,74,1740351,12693,1,0,0,0,1,0,0
NearCombat,103,6.1470023356378078,7.6026,1.557504,,74,1740351,12693,1,0,0,0,1,0,0
NearCombat,104,6.09990069642663,5.2394,1.583104,,74,1740351,12693,1,0,0,0,1,0,0
NearCombat,105,6.2062996439635754,6.022,1.518592,,74,1740351,12745,1,0,0,0,1,0,0
NearCombat,106,6.0820011422038078,6.4935,1.538048,,74,1740351,12693,1,0,0,0,1,0,0
NearCombat,107,6.2127974815666676,6.1263,1.572864,,74,1740351,12693,1,0,0,0,1,0,0
NearCombat,108,6.2492983415722847,5.5026,1.572864,,74,1740351,12693,1,0,0,0,1,0,0
NearCombat,109,6.0843043029308319,6.3323,1.544192,,74,1740351,12693,1,0,0,0,1,0,0
NearCombat,110,6.0997945256531239,5.885,1.585152,,74,1740351,12693,1,0,0,0,1,0,0
NearCombat,111,6.2968041747808456,6.9835,1.52064,,74,1740351,12693,1,0,0,0,1,0,0
NearCombat,112,6.12569460645318,6.1942,1.580032,,74,1740351,12693,1,0,0,0,1,0,0
NearCombat,113,6.1554065905511379,6.0453,1.581056,,74,1740351,12693,1,0,0,0,1,0,0
NearCombat,114,6.1139953322708607,6.2829,1.532928,,74,1740351,12693,1,0,0,0,1,0,0
NearCombat,115,6.1006024479866028,5.5168,1.523712,,74,1740351,12781,1,0,0,0,1,0,0
NearCombat,116,6.334998644888401,5.6741,1.555456,,74,1740351,12693,1,0,0,0,1,0,0
NearCombat,117,6.0107000172138214,6.7623,1.483776,,74,1740351,12693,1,0,0,0,1,0,0
NearCombat,118,6.3149021007120609,5.3734,1.583104,,74,1740351,12693,1,0,0,0,1,0,0
NearCombat,119,5.9934947639703751,6.1354,1.539072,,74,1740351,12693,1,0,0,0,1,0,0
NearCombat,120,6.1522037722170353,6.0885,1.521664,,74,1740351,12693,1,0,0,0,1,0,0
NearCombat,121,6.1399023979902267,6.523,1.532928,,74,1740351,12693,1,0,0,0,1,0,0
NearCombat,122,6.1935940757393837,6.5034,1.53088,,74,1740351,12693,1,0,0,0,1,0,0
NearCombat,123,6.21920358389616,5.8663,1.487872,,74,1740351,12693,1,0,0,0,1,0,0
NearCombat,124,6.078401580452919,5.663,2.016256,,74,1740351,12693,1,0,0,0,1,0,0
NearCombat,125,6.0365009121596813,6.7992,1.537024,,74,1740351,12693,1,0,0,0,1,0,0
NearCombat,126,6.3315974548459053,5.3543,1.534976,,74,1740351,12693,1,0,0,0,1,0,0
NearCombat,127,5.9404973872005939,6.4401,1.584128,,74,1740351,12693,1,0,0,0,1,0,0
NearCombat,128,6.2531037256121635,6.399,1.531904,,74,1740351,12693,1,0,0,0,1,0,0
NearCombat,129,6.07459619641304,6.2348,1.531904,,74,1740351,12693,1,0,0,0,1,0,0
NearCombat,130,6.0732001438736916,6.3714,1.562624,,74,1740351,12693,1,0,0,0,1,0,0
NearCombat,131,6.3437004573643208,5.4205,1.56672,,74,1740351,12693,1,0,0,0,1,0,0
NearCombat,132,5.9945010580122471,7.037,1.60256,,74,1740351,12693,1,0,0,0,1,0,0
NearCombat,133,6.129903718829155,5.065,1.533952,,74,1740351,12693,1,0,0,0,1,0,0
NearCombat,134,6.3401996158063412,6.099,1.574912,,74,1740351,12693,1,0,0,0,1,0,0
NearCombat,135,6.0298964381217957,6.5792,1.52064,,74,1740351,12693,1,0,0,0,1,0,0
NearCombat,136,6.1928997747600079,6.1304,1.549312,,74,1740351,12693,1,0,0,0,1,0,0
NearCombat,137,6.0842051170766354,5.6275,1.523712,,74,1740351,12693,1,0,0,0,1,0,0
NearCombat,138,6.1500989831984043,7.0516,1.538048,,74,1740351,12745,1,0,0,0,1,0,0
NearCombat,139,6.1558955349028111,5.8899,1.577984,,74,1740351,12693,1,0,0,0,1,0,0
NearCombat,140,6.15150248631835,5.9478,1.55136,,74,1740351,12781,1,0,0,0,1,0,0
NearCombat,141,6.1634001322090626,6.073,1.537024,,74,1740351,12693,1,0,0,0,1,0,0
NearCombat,142,6.1730016022920609,6.5378,1.60768,,74,1740351,12693,1,0,0,0,1,0,0
NearCombat,143,6.1461948789656162,5.8473,1.539072,,74,1740351,12693,1,0,0,0,1,0,0
NearCombat,144,6.184800062328577,5.8377,1.565696,,74,1740351,12693,1,0,0,0,1,0,0
NearCombat,145,6.160905584692955,6.7382,1.57184,,74,1740351,12693,1,0,0,0,1,0,0
NearCombat,146,6.1866994947195053,6.2733,1.599488,,74,1740351,12693,1,0,0,0,1,0,0
NearCombat,147,6.0923965647816658,6.0366,1.528832,,74,1740351,12693,1,0,0,0,1,0,0
NearCombat,148,6.1610047705471516,5.9562,1.544192,,74,1740351,12693,1,0,0,0,1,0,0
NearCombat,149,6.1518000438809395,5.8126,1.547264,,74,1740351,12693,1,0,0,0,1,0,0
NearCombat,150,6.2524941749870777,7.1003,1.526784,,74,1740351,12693,1,0,0,0,1,0,0
NearCombat,151,6.02350477129221,5.4134,1.577984,,74,1740351,12693,1,0,0,0,1,0,0
NearCombat,152,6.3122943975031376,6.2873,1.590272,,74,1740351,12693,1,0,0,0,1,0,0
NearCombat,153,6.0844034887850285,6.213,1.903616,,74,1740351,12693,1,0,0,0,1,0,0
NearCombat,154,6.1112032271921635,5.8718,1.580032,,74,1740351,12693,1,0,0,0,1,0,0
NearCombat,155,6.1215986497700214,7.149,1.568768,,74,1740351,12693,1,0,0,0,1,0,0
NearCombat,156,6.1361961998045444,5.3142,1.514496,,74,1740351,12693,1,0,0,0,1,0,0
NearCombat,157,6.2032029964029789,7.082,1.55136,,74,1740351,12693,1,0,0,0,1,0,0
NearCombat,158,6.3019981607794762,5.0895,1.573888,,74,1740351,12693,1,0,0,0,1,0,0
NearCombat,159,6.0218041762709618,6.932,1.5104,,74,1740351,12693,1,0,0,0,1,0,0
NearCombat,160,6.1187995597720146,5.8229,1.558528,,74,1740351,12693,1,0,0,0,1,0,0
NearCombat,161,6.1376984231173992,6.5809,1.970176,,74,1740351,12693,1,0,0,0,1,0,0
NearCombat,162,6.2855016440153122,5.9612,1.574912,,74,1740351,12693,1,0,0,0,1,0,0
NearCombat,163,6.0297972522675991,5.8641,1.575936,,74,1740351,12693,1,0,0,0,1,0,0
NearCombat,164,6.146598607301712,6.0104,1.585152,,74,1740351,12693,1,0,0,0,1,0,0
NearCombat,165,6.3298041932284832,7.2486,1.522688,,74,1740351,12781,1,0,0,0,1,0,0
NearCombat,166,6.0849986039102077,4.9042,1.548288,,74,1740351,12693,1,0,0,0,1,0,0
NearCombat,167,6.1607002280652523,7.1164,1.542144,,74,1740351,12693,1,0,0,0,1,0,0
NearCombat,168,6.0504958964884281,5.5887,1.579008,,74,1740351,12693,1,0,0,0,1,0,0
NearCombat,169,6.205300334841013,5.7643,1.58208,,74,1740351,12693,1,0,0,0,1,0,0
NearCombat,170,6.0548041947185993,6.1977,1.5616,,74,1740351,12693,1,0,0,0,1,0,0
NearCombat,171,6.2415958382189274,5.7825,1.552384,,74,1740351,12745,1,0,0,0,1,0,0
NearCombat,172,6.2600979581475258,6.6905,1.596416,,74,1740351,12693,1,0,0,0,1,0,0
NearCombat,173,6.28150487318635,5.9672,1.526784,,74,1740351,12693,1,0,0,0,1,0,0
NearCombat,174,5.9943948872387409,6.0574,1.552384,,74,1740351,12693,1,0,0,0,1,0,0
NearCombat,175,5.9958049096167088,5.9432,1.560576,,74,1740351,12693,1,0,0,0,1,0,0
NearCombat,176,6.1874007806181908,6.4168,1.56672,,74,1740351,12693,1,0,0,0,1,0,0
NearCombat,177,6.2656956724822521,6.1952,1.539072,,74,1740351,12693,1,0,0,0,1,0,0
NearCombat,178,5.9361038729548454,6.4264,1.552384,,74,1740351,12693,1,0,0,0,1,0,0
NearCombat,179,6.1803003773093224,5.8762,1.544192,,74,1740351,12693,1,0,0,0,1,0,0
NearCombat,180,6.1780968680977821,6.2759,1.565696,,74,1740351,12693,1,0,0,0,1,0,0
NearCombat,181,6.4596016891300678,5.6246,1.549312,,74,1740351,12693,1,0,0,0,1,0,0
NearCombat,182,6.2576956115663052,6.1337,1.565696,,74,1740351,12693,1,0,0,0,1,0,0
NearCombat,183,5.8492063544690609,7.0594,1.5616,,74,1740351,12693,1,0,0,0,1,0,0
NearCombat,184,6.1096940189599991,4.949,1.565696,,74,1740351,12693,1,0,0,0,1,0,0
NearCombat,185,6.3080000691115856,6.9979,1.558528,,74,1740351,12693,1,0,0,0,1,0,0
NearCombat,186,6.0194018296897411,5.9152,1.5872,,74,1740351,12693,1,0,0,0,1,0,0
NearCombat,187,6.3213012181222439,6.5807,1.5616,,74,1740351,12693,1,0,0,0,1,0,0
NearCombat,188,6.0082976706326008,6.3698,1.57696,,74,1740351,12693,1,0,0,0,1,0,0
NearCombat,189,6.2811011448502541,5.6404,1.545216,,74,1740351,12693,1,0,0,0,1,0,0
NearCombat,190,6.082397885620594,6.7586,1.8176,,74,1740351,12781,1,0,0,0,1,0,0
NearCombat,191,6.0964995063841343,5.1857,1.529856,,74,1740351,12693,1,0,0,0,1,0,0
NearCombat,192,6.12300168722868,6.3861,1.574912,,74,1740351,12693,1,0,0,0,1,0,0
NearCombat,193,6.0879038646817207,6.7349,1.564672,,74,1740351,12693,1,0,0,0,1,0,0
NearCombat,194,6.2755951657891273,5.0195,1.557504,,74,1740351,12693,1,0,0,0,1,0,0
NearCombat,195,6.0589993372559547,7.2585,1.522688,,74,1740351,12693,1,0,0,0,1,0,0
NearCombat,196,6.5734055824577808,5.2459,1.544192,,74,1740351,12693,1,0,0,0,1,0,0
NearCombat,197,5.8687003329396248,6.1331,1.577984,,74,1740351,12693,1,0,0,0,1,0,0
NearCombat,198,6.1339992098510265,6.5716,1.595392,,74,1740351,12693,1,0,0,0,1,0,0
NearCombat,199,6.2764952890574932,5.7985,1.550336,,74,1740351,12693,1,0,0,0,1,0,0
NearCombat,200,5.994302686303854,6.2164,1.577984,,74,1740351,12693,1,0,0,0,1,0,0
NearCombat,201,6.1151008121669292,5.8267,1.552384,,74,1740351,12693,1,0,0,0,1,0,0
NearCombat,202,6.2340986914932728,6.2978,1.590272,,74,1740351,12693,1,0,0,0,1,0,0
NearCombat,203,6.11400231719017,6.4307,1.5872,,74,1740351,12693,1,0,0,0,1,0,0
NearCombat,204,6.0623018071055412,5.8067,1.59744,,74,1740351,12745,1,0,0,0,1,0,0
NearCombat,205,6.2096938490867615,6.6876,1.589248,,74,1740351,12693,1,0,0,0,1,0,0
NearCombat,206,6.2780044972896576,5.9386,1.547264,,74,1740351,12693,1,0,0,0,1,0,0
NearCombat,207,5.9729944914579391,6.5182,1.921024,,74,1740351,12693,1,0,0,0,1,0,0
NearCombat,208,6.2880031764507294,5.5662,1.547264,,74,1740351,12693,1,0,0,0,1,0,0
NearCombat,209,6.022200919687748,6.3784,1.55136,,74,1740351,12693,1,0,0,0,1,0,0
NearCombat,210,6.2563987448811531,6.3008,1.59744,,74,1740351,12693,1,0,0,0,1,0,0
NearCombat,211,6.14309823140502,5.7886,1.5616,,74,1740351,12693,1,0,0,0,1,0,0
NearCombat,212,6.1180060729384422,5.9406,1.542144,,74,1740351,12693,1,0,0,0,1,0,0
NearCombat,213,6.0324971564114094,6.7208,1.521664,,74,1740351,12693,1,0,0,0,1,0,0
NearCombat,214,6.201296579092741,5.5424,1.54624,,74,1740351,12693,1,0,0,0,1,0,0
NearCombat,215,6.253004539757967,6.3895,1.532928,,74,1740351,12781,1,0,0,0,1,0,0
NearCombat,216,5.9963008388876915,6.1204,1.539072,,74,1740351,12693,1,0,0,0,1,0,0
NearCombat,217,6.286195944994688,6.1668,1.567744,,74,1740351,12693,1,0,0,0,1,0,0
NearCombat,218,6.0401996597647667,6.5356,1.553408,,74,1740351,12693,1,0,0,0,1,0,0
NearCombat,219,6.2127974815666676,5.9942,1.521664,,74,1740351,12693,1,0,0,0,1,0,0
NearCombat,220,6.2487032264471054,6.8714,1.559552,,74,1740351,12693,1,0,0,0,1,0,0
NearCombat,221,6.1241993680596352,6.3339,1.55648,,74,1740351,12693,1,0,0,0,1,0,0
NearCombat,222,6.0816043987870216,5.8488,1.586176,,74,1740351,12693,1,0,0,0,1,0,0
NearCombat,223,6.2808957882225513,6.5929,1.544192,,74,1740351,12693,1,0,0,0,1,0,0
NearCombat,224,6.0195010155439377,4.8336,1.75616,,74,1740351,12693,1,0,0,0,1,0,0
NearCombat,225,6.3024023547768593,6.2919,1.506304,,74,1740351,12693,1,0,0,0,1,0,0
NearCombat,226,6.1831986531615257,6.3701,1.569792,,74,1740351,12693,1,0,0,0,1,0,0
NearCombat,227,6.1758998781442642,6.2396,1.523712,,74,1740351,12693,1,0,0,0,1,0,0
NearCombat,228,6.0645975172519684,6.5799,1.548288,,74,1740351,12693,1,0,0,0,1,0,0
NearCombat,229,6.170202512294054,5.3306,1.560576,,74,1740351,12693,1,0,0,0,1,0,0
NearCombat,230,6.285395473241806,6.2638,1.564672,,74,1740351,12693,1,0,0,0,1,0,0
NearCombat,231,6.009906530380249,6.469,1.501184,,74,1740351,12693,1,0,0,0,1,0,0
NearCombat,232,6.1678006313741207,5.8432,1.509376,,74,1740351,12693,1,0,0,0,1,0,0
NearCombat,233,6.2228953465819359,6.7063,1.533952,,74,1740351,12693,1,0,0,0,1,0,0
NearCombat,234,6.1894981190562248,6.067,1.574912,,74,1740351,12693,1,0,0,0,1,0,0
NearCombat,235,6.1830002814531326,5.8828,1.590272,,74,1740351,12693,1,0,0,0,1,0,0
NearCombat,236,6.027699913829565,6.6373,1.572864,,74,1740351,12693,1,0,0,0,1,0,0
NearCombat,237,6.1560021713376045,6.1744,1.534976,,74,1740351,12745,1,0,0,0,1,0,0
NearCombat,238,6.1722011305391788,5.416,1.538048,,74,1740351,12693,1,0,0,0,1,0,0
NearCombat,239,6.2854024581611156,7.0243,1.558528,,74,1740351,12693,1,0,0,0,1,0,0
NearCombat,240,6.2374998815357685,5.3638,1.5872,,74,1740351,12781,1,0,0,0,1,0,0
NearCombat,241,6.042899563908577,6.6789,1.574912,,74,1740351,12693,1,0,0,0,1,0,0
NearCombat,242,6.2602963298559189,5.8782,2.03776,,74,1740351,12693,1,0,0,0,1,0,0
NearCombat,243,6.0134991072118282,6.8021,1.518592,,74,1740351,12693,1,0,0,0,1,0,0
NearCombat,244,6.19070278480649,5.4586,1.52064,,74,1740351,12693,1,0,0,0,1,0,0
NearCombat,245,6.0689980164170265,5.5359,1.50016,,74,1740351,12693,1,0,0,0,1,0,0
NearCombat,246,7.3112030513584614,6.8765,1.56672,,74,1740351,12693,1,0,0,0,1,0,0
NearCombat,247,6.0638957656919956,7.1601,1.583104,,74,1740351,12693,1,0,0,0,1,0,0
NearCombat,248,6.6195009276270866,7.7182,1.558528,,74,1740351,12693,1,0,0,0,1,0,0
NearCombat,249,5.6439978070557117,5.2051,1.537024,,74,1740351,12693,1,0,0,0,1,0,0
NearCombat,250,6.2807044014334679,6.3466,,,74,1740351,12693,1,0,0,0,1,0,0
NearCombat,251,6.0281958431005478,5.2943,1.517568,,74,1740351,12693,1,0,0,0,1,0,0
NearCombat,252,6.1669005081057549,5.7351,1.619968,,74,1740351,12693,1,0,0,0,1,0,0
NearCombat,253,6.1226049438118935,6.351,1.579008,,74,1740351,12693,1,0,0,0,1,0,0
NearCombat,254,6.1949971131980419,6.0133,1.547264,,74,1740351,12693,1,0,0,0,1,0,0
NearCombat,255,6.1898031271994114,6.0036,1.596416,,74,1740351,12693,1,0,0,0,1,0,0
NearCombat,256,6.0921981930732727,6.8385,1.503232,,74,1740351,12693,1,0,0,0,1,0,0
NearCombat,257,6.2553002499043941,5.0835,1.502208,,74,1740351,12693,1,0,0,0,1,0,0
NearCombat,258,6.3013960607349873,6.736,1.583104,,74,1740351,12693,1,0,0,0,1,0,0
NearCombat,259,5.8440049178898335,6.023,1.523712,,74,1740351,12693,1,0,0,0,1,0,0
NearCombat,260,6.2688989564776421,5.4505,1.514496,,74,1740351,12693,1,0,0,0,1,0,0
NearCombat,261,6.0944017022848129,6.2925,1.521664,,74,1740351,12693,1,0,0,0,1,0,0
NearCombat,262,6.0268989764153957,6.2982,1.527808,,74,1740351,12693,1,0,0,0,1,0,0
NearCombat,263,6.1731007881462574,7.0208,1.539072,,74,1740351,12693,1,0,0,0,1,0,0
NearCombat,264,6.3166948966681957,5.3643,1.6128,,74,1740351,12693,1,0,0,0,1,0,0
NearCombat,265,5.9508997946977615,6.3463,1.590272,,74,1740351,12781,1,0,0,0,1,0,0
NearCombat,266,6.2747024931013584,6.5509,1.550336,,74,1740351,12693,1,0,0,0,1,0,0
NearCombat,267,6.3991001807153225,5.5395,1.529856,,74,1740351,12693,1,0,0,0,1,0,0
NearCombat,268,5.98030025139451,6.1805,1.5616,,74,1740351,12693,1,0,0,0,1,0,0
NearCombat,269,6.193098146468401,6.3384,1.50528,,74,1740351,12693,1,0,0,0,1,0,0
NearCombat,270,6.02920213714242,6.4946,1.54624,,74,1740351,12745,1,0,0,0,1,0,0
NearCombat,271,6.1562997289001942,7.0532,1.594368,,74,1740351,12693,1,0,0,0,1,0,0
NearCombat,272,6.2384991906583309,5.1474,1.553408,,74,1740351,12693,1,0,0,0,1,0,0
NearCombat,273,6.25890027731657,5.9032,1.589248,,74,1740351,12693,1,0,0,0,1,0,0
NearCombat,274,5.9570013545453548,6.38,1.605632,,74,1740351,12693,1,0,0,0,1,0,0
NearCombat,275,6.2082977965474129,5.7645,1.565696,,74,1740351,12693,1,0,0,0,1,0,0
NearCombat,276,6.4461026340723038,6.8865,1.608704,,74,1740351,12693,1,0,0,0,1,0,0
NearCombat,277,6.0362955555319786,5.6586,1.595392,,74,1740351,12693,1,0,0,0,1,0,0
NearCombat,278,6.14530174061656,6.2651,1.620992,,74,1740351,12693,1,0,0,0,1,0,0
NearCombat,279,6.1312997713685036,6.3017,1.57696,,74,1740351,12693,1,0,0,0,1,0,0
NearCombat,280,6.1405044980347157,5.9423,1.528832,,74,1740351,12693,1,0,0,0,1,0,0
NearCombat,281,6.2370961531996727,7.3518,1.52576,,74,1740351,12693,1,0,0,0,1,0,0
NearCombat,282,6.0179987922310829,4.9745,1.589248,,74,1740351,12693,1,0,0,0,1,0,0
NearCombat,283,6.2089995481073856,6.2072,1.588224,,74,1740351,12693,1,0,0,0,1,0,0
NearCombat,284,6.1522037722170353,6.6145,1.579008,,74,1740351,12693,1,0,0,0,1,0,0
NearCombat,285,6.0870959423482418,5.7026,1.547264,,74,1740351,12693,1,0,0,0,1,0,0
NearCombat,286,6.1098993755877018,6.5431,1.550336,,74,1740351,12693,1,0,0,0,1,0,0
NearCombat,287,6.2297051772475243,6.1866,1.523712,,74,1740351,12693,1,0,0,0,1,0,0
NearCombat,288,6.2010982073843479,5.7011,1.997824,,74,1740351,12693,1,0,0,0,1,0,0
NearCombat,289,6.0267006047070026,6.4111,1.58208,,74,1740351,12693,1,0,0,0,1,0,0
NearCombat,290,6.15669647231698,5.8142,1.588224,,74,1740351,12781,1,0,0,0,1,0,0
NearCombat,291,6.1696995981037617,6.4115,1.524736,,74,1740351,12693,1,0,0,0,1,0,0
NearCombat,292,6.3874009065330029,6.3817,1.540096,,74,1740351,12693,1,0,0,0,1,0,0
NearCombat,293,6.3299038447439671,5.7679,1.519616,,74,1740351,12693,1,0,0,0,1,0,0
NearCombat,294,5.9428997337818146,6.7258,1.56672,,74,1740351,12693,1,0,0,0,1,0,0
NearCombat,295,6.2437006272375584,5.8736,1.56672,,74,1740351,12693,1,0,0,0,1,0,0
NearCombat,296,5.9876982122659683,6.4331,1.581056,,74,1740351,12693,1,0,0,0,1,0,0
NearCombat,297,6.1663975939154625,6.3548,1.52064,,74,1740351,12693,1,0,0,0,1,0,0
NearCombat,298,6.2556052580475807,5.7757,1.496064,,74,1740351,12693,1,0,0,0,1,0,0
NearCombat,299,6.1640944331884384,6.1627,1.502208,,74,1740351,12693,1,0,0,0,1,0,0
NearCombat,300,6.28200126811862,5.8098,1.532928,,74,1740351,12693,1,0,0,0,1,0,0
NearCombat,301,6.19370024651289,6.6696,1.57696,,74,1740351,12693,1,0,0,0,1,0,0
NearCombat,302,6.0597010888159275,5.6122,1.586176,,74,1740351,12693,1,0,0,0,1,0,0
NearCombat,303,6.2431972473859787,6.3031,1.519616,,74,1740351,12745,1,0,0,0,1,0,0
NearCombat,304,6.00910559296608,6.1855,1.543168,,74,1740351,12693,1,0,0,0,1,0,0
NearCombat,305,6.2455004081130028,6.4011,1.504256,,74,1740351,12693,1,0,0,0,1,0,0
NearCombat,306,6.1167944222688675,5.7338,1.538048,,74,1740351,12693,1,0,0,0,1,0,0
NearCombat,307,6.1874007806181908,7.0041,1.5872,,74,1740351,12693,1,0,0,0,1,0,0
NearCombat,308,6.3000000081956387,5.7046,1.547264,,74,1740351,12693,1,0,0,0,1,0,0
NearCombat,309,6.0536991804838181,6.399,1.517568,,74,1740351,12693,1,0,0,0,1,0,0
NearCombat,310,6.1494046822190285,6.1433,1.524736,,74,1740351,12693,1,0,0,0,1,0,0
NearCombat,311,6.2357992865145206,6.5359,1.521664,,74,1740351,12693,1,0,0,0,1,0,0
NearCombat,312,6.0530966147780418,5.8611,1.519616,,74,1740351,12693,1,0,0,0,1,0,0
NearCombat,313,6.325701717287302,5.7671,1.56672,,74,1740351,12693,1,0,0,0,1,0,0
NearCombat,314,6.0484977439045906,7.0706,1.538048,,74,1740351,12693,1,0,0,0,1,0,0
NearCombat,315,6.2006022781133652,5.4605,1.54624,,74,1740351,12781,1,0,0,0,1,0,0
NearCombat,316,6.1080995947122574,6.0234,1.514496,,74,1740351,12693,1,0,0,0,1,0,0
NearCombat,317,6.2383008189499378,5.6741,1.502208,,74,1740351,12693,1,0,0,0,1,0,0
NearCombat,318,6.0939979739487171,6.3873,1.575936,,74,1740351,12693,1,0,0,0,1,0,0
NearCombat,319,6.132001057267189,6.0692,1.584128,,74,1740351,12693,1,0,0,0,1,0,0
NearCombat,320,6.0964003205299377,6.3795,1.539072,,74,1740351,12693,1,0,0,0,1,0,0
NearCombat,321,6.2035997398197651,5.4755,1.549312,,74,1740351,12693,1,0,0,0,1,0,0
NearCombat,322,6.2701036222279072,6.6557,1.558528,,74,1740351,12693,1,0,0,0,1,0,0
NearCombat,323,6.0331989079713821,6.2066,1.944576,,74,1740351,12693,1,0,0,0,1,0,0
NearCombat,324,6.1108986847102642,6.7987,1.559552,,74,1740351,12693,1,0,0,0,1,0,0
NearCombat,325,6.1736041679978371,5.3631,1.575936,,74,1740351,12693,1,0,0,0,1,0,0
NearCombat,326,6.1916951090097427,6.5095,1.639424,,74,1740351,12693,1,0,0,0,1,0,0
NearCombat,327,6.13390002399683,5.6318,1.56672,,74,1740351,12693,1,0,0,0,1,0,0
NearCombat,328,6.1613023281097412,6.2892,1.511424,,74,1740351,12693,1,0,0,0,1,0,0
NearCombat,329,6.1369966715574265,6.2296,1.481728,,74,1740351,12693,1,0,0,0,1,0,0
NearCombat,330,6.2004039064049721,5.9448,1.533952,,74,1740351,12693,1,0,0,0,1,0,0
NearCombat,331,6.2303002923727036,7.0408,1.579008,,74,1740351,12693,1,0,0,0,1,0,0
NearCombat,332,6.1419005505740643,5.3105,1.511424,,74,1740351,12693,1,0,0,0,1,0,0
NearCombat,333,6.0249008238315582,6.0881,1.590272,,74,1740351,12693,1,0,0,0,1,0,0
NearCombat,334,6.2771965749561787,5.8765,1.543168,,74,1740351,12693,1,0,0,0,1,0,0
NearCombat,335,6.0961027629673481,6.5225,1.512448,,74,1740351,12693,1,0,0,0,1,0,0
NearCombat,336,6.2324972823262215,5.8177,1.5616,,74,1740351,12745,1,0,0,0,1,0,0
NearCombat,337,6.193898618221283,6.9159,1.547264,,74,1740351,12693,1,0,0,0,1,0,0
NearCombat,338,6.0001984238624573,5.7656,1.540096,,74,1740351,12693,1,0,0,0,1,0,0
NearCombat,339,6.202302873134613,6.1005,1.540096,,74,1740351,12693,1,0,0,0,1,0,0
NearCombat,340,6.3776997849345207,6.1475,1.536,,74,1740351,12781,1,0,0,0,1,0,0
NearCombat,341,5.9367986395955086,5.9858,1.526784,,74,1740351,12693,1,0,0,0,1,0,0
NearCombat,342,6.1187995597720146,6.2849,1.562624,,74,1740351,12693,1,0,0,0,1,0,0
NearCombat,343,6.0902000404894352,6.5526,1.565696,,74,1740351,12693,1,0,0,0,1,0,0
NearCombat,344,6.5955002792179585,6.2343,1.580032,,74,1740351,12693,1,0,0,0,1,0,0
NearCombat,345,5.9148031286895275,5.6497,1.536,,74,1740351,12693,1,0,0,0,1,0,0
NearCombat,346,6.1475979164242744,5.6691,1.557504,,74,1740351,12693,1,0,0,0,1,0,0
NearCombat,347,6.1875991523265839,7.0171,1.532928,,74,1740351,12693,1,0,0,0,1,0,0
NearCombat,348,6.2371031381189823,6.0063,1.534976,,74,1740351,12693,1,0,0,0,1,0,0
NearCombat,349,6.0517005622386932,6.2531,1.57184,,74,1740351,12693,1,0,0,0,1,0,0
NearCombat,350,6.1723003163933754,5.6871,1.538048,,74,1740351,12693,1,0,0,0,1,0,0
NearCombat,351,6.1568948440253735,5.9088,1.594368,,74,1740351,12693,1,0,0,0,1,0,0
NearCombat,352,6.3324049115180969,6.2703,1.49504,,74,1740351,12693,1,0,0,0,1,0,0
NearCombat,353,6.0871951282024384,6.4265,1.517568,,74,1740351,12693,1,0,0,0,1,0,0
NearCombat,354,6.1357994563877583,6.3378,1.540096,,74,1740351,12693,1,0,0,0,1,0,0
NearCombat,355,6.1049037612974644,5.8434,1.542144,,74,1740351,12693,1,0,0,0,1,0,0
NearCombat,356,6.2483986839652061,5.8238,1.555456,,74,1740351,12693,1,0,0,0,1,0,0
NearCombat,357,6.081101018935442,7.2228,1.53088,,74,1740351,12693,1,0,0,0,1,0,0
NearCombat,358,6.3667022623121738,5.404,1.526784,,74,1740351,12693,1,0,0,0,1,0,0
NearCombat,359,5.9724985621869564,6.8618,1.543168,,74,1740351,12693,1,0,0,0,1,0,0
NearCombat,360,6.3149021007120609,5.7918,1.562624,,74,1740351,12693,1,0,0,0,1,0,0
NearCombat,361,6.0332980938255787,6.0974,1.577984,,74,1740351,12693,1,0,0,0,1,0,0
NearCombat,362,6.1044995673000813,6.7598,1.565696,,74,1740351,12693,1,0,0,0,1,0,0
NearCombat,363,6.1250990256667137,5.0456,1.55648,,74,1740351,12693,1,0,0,0,1,0,0
NearCombat,364,6.2830992974340916,6.8,1.529856,,74,1740351,12693,1,0,0,0,1,0,0
NearCombat,365,6.4218039624392986,6.0794,1.55648,,74,1740351,12781,1,0,0,0,1,0,0
NearCombat,366,5.84409711882472,6.426,1.537024,,74,1740351,12693,1,0,0,0,1,0,0
NearCombat,367,6.2055978924036026,5.3076,1.573888,,74,1740351,12693,1,0,0,0,1,0,0
NearCombat,368,6.2751984223723412,6.0763,1.572864,,74,1740351,12693,1,0,0,0,1,0,0
NearCombat,369,5.9538050554692745,6.7161,1.581056,,74,1740351,12745,1,0,0,0,1,0,0
NearCombat,370,6.2366994097828865,5.9698,1.545216,,74,1740351,12693,1,0,0,0,1,0,0
NearCombat,371,6.0680978931486607,6.3669,1.531904,,74,1740351,12693,1,0,0,0,1,0,0
NearCombat,372,6.37010345235467,5.9612,1.548288,,74,1740351,12693,1,0,0,0,1,0,0
NearCombat,373,5.8835954405367374,6.0043,1.574912,,74,1740351,12693,1,0,0,0,1,0,0
NearCombat,374,6.3620037399232388,5.7345,1.604608,,74,1740351,12693,1,0,0,0,1,0,0
NearCombat,375,6.2521966174244881,6.2072,1.564672,,74,1740351,12693,1,0,0,0,1,0,0
NearCombat,376,5.9792022220790386,6.8128,1.555456,,74,1740351,12693,1,0,0,0,1,0,0
NearCombat,377,6.0759000480175018,5.7417,1.548288,,74,1740351,12693,1,0,0,0,1,0,0
NearCombat,378,6.3900016248226166,6.0454,1.545216,,74,1740351,12693,1,0,0,0,1,0,0
NearCombat,379,6.1500989831984043,6.2069,1.614848,,74,1740351,12693,1,0,0,0,1,0,0
NearCombat,380,6.1634001322090626,6.1609,1.559552,,74,1740351,12693,1,0,0,0,1,0,0
NearCombat,381,6.1272960156202316,5.9595,1.553408,,74,1740351,12693,1,0,0,0,1,0,0
NearCombat,382,6.0489014722406864,7.343,1.549312,,74,1740351,12693,1,0,0,0,1,0,0
NearCombat,383,6.1377976089715958,5.4102,1.537024,,74,1740351,12693,1,0,0,0,1,0,0
NearCombat,384,6.1709042638540268,6.0332,1.579008,,74,1740351,12693,1,0,0,0,1,0,0
NearCombat,385,6.1418013647198677,6.2499,1.550336,,74,1740351,12693,1,0,0,0,1,0,0
NearCombat,386,6.1684949323534966,6.1579,1.589248,,74,1740351,12693,1,0,0,0,1,0,0
NearCombat,387,6.1615998856723309,6.9621,1.545216,,74,1740351,12693,1,0,0,0,1,0,0
NearCombat,388,6.1996029689908028,5.7548,1.528832,,74,1740351,12693,1,0,0,0,1,0,0
NearCombat,389,6.2342970632016659,6.3415,1.968128,,74,1740351,12693,1,0,0,0,1,0,0
NearCombat,390,6.0862032696604729,6.0123,1.539072,,74,1740351,12781,1,0,0,0,1,0,0
NearCombat,391,6.1752977780997753,5.8356,1.5616,,74,1740351,12693,1,0,0,0,1,0,0
NearCombat,392,6.3026999123394489,7.8133,1.526784,,74,1740351,12693,1,0,0,0,1,0,0
NearCombat,393,5.9684026055037975,4.9614,1.519616,,74,1740351,12693,1,0,0,0,1,0,0
NearCombat,394,6.1807963065803051,5.9949,1.516544,,74,1740351,12693,1,0,0,0,1,0,0
NearCombat,395,6.1707058921456337,6.9248,1.53088,,74,1740351,12693,1,0,0,0,1,0,0
NearCombat,396,6.1280964873731136,5.2813,1.529856,,74,1740351,12693,1,0,0,0,1,0,0
NearCombat,397,6.2220026738941669,6.3812,1.54112,,74,1740351,12693,1,0,0,0,1,0,0
NearCombat,398,6.1919004656374454,6.3654,1.538048,,74,1740351,12693,1,0,0,0,1,0,0
NearCombat,399,6.3505950383841991,6.4363,1.504256,,74,1740351,12693,1,0,0,0,1,0,0
NearCombat,400,6.007001269608736,5.5642,1.487872,,74,1740351,12693,1,0,0,0,1,0,0
NearCombat,401,6.1799036338925362,6.0147,1.545216,,74,1740351,12693,1,0,0,0,1,0,0
NearCombat,402,6.1353952623903751,6.4904,1.604608,,74,1740351,12745,1,0,0,0,1,0,0
NearCombat,403,6.1668013222515583,6.3552,1.524736,,74,1740351,12693,1,0,0,0,1,0,0
NearCombat,404,6.21920358389616,6.1663,1.554432,,74,1740351,12693,1,0,0,0,1,0,0
NearCombat,405,6.280094850808382,5.7628,1.537024,,74,1740351,12693,1,0,0,0,1,0,0
NearCombat,406,5.9361038729548454,5.8485,1.517568,,74,1740351,12693,1,0,0,0,1,0,0
NearCombat,407,6.2010982073843479,6.5614,1.522688,,74,1740351,12693,1,0,0,0,1,0,0
NearCombat,408,6.1387969180941582,5.9852,1.567744,,74,1740351,12693,1,0,0,0,1,0,0
NearCombat,409,6.2044006772339344,5.8773,1.519616,,74,1740351,12693,1,0,0,0,1,0,0
NearCombat,410,6.09199982136488,6.4872,1.554432,,74,1740351,12693,1,0,0,0,1,0,0
NearCombat,411,6.1389030888676643,6.5734,1.542144,,74,1740351,12693,1,0,0,0,1,0,0
NearCombat,412,6.2983985990285873,6.94,1.490944,,74,1740351,12693,1,0,0,0,1,0,0
NearCombat,413,6.1472011730074883,5.3446,1.554432,,74,1740351,12693,1,0,0,0,1,0,0
NearCombat,414,6.0574971139431,5.6721,1.519616,,74,1740351,12693,1,0,0,0,1,0,0
NearCombat,415,6.0703018680214882,6.728,1.764352,,74,1740351,12781,1,0,0,0,1,0,0
NearCombat,416,6.246903445571661,5.1513,1.57696,,74,1740351,12693,1,0,0,0,1,0,0
NearCombat,417,6.1726970598101616,6.6261,1.572864,,74,1740351,12693,1,0,0,0,1,0,0
NearCombat,418,6.266503594815731,5.7036,1.517568,,74,1740351,12693,1,0,0,0,1,0,0
NearCombat,419,6.2802932225167751,6.1079,1.583104,,74,1740351,12693,1,0,0,0,1,0,0
NearCombat,420,6.06890581548214,6.722,1.577984,,74,1740351,12693,1,0,0,0,1,0,0
NearCombat,421,6.1013959348201752,6.189,1.522688,,74,1740351,12693,1,0,0,0,1,0,0
NearCombat,422,6.177402101457119,6.5632,1.601536,,74,1740351,12693,1,0,0,0,1,0,0
NearCombat,423,6.0839001089334488,5.9534,1.536,,74,1740351,12693,1,0,0,0,1,0,0
NearCombat,424,6.3096019439399242,5.7238,1.91488,,74,1740351,12693,1,0,0,0,1,0,0
NearCombat,425,6.002799142152071,6.0408,1.542144,,74,1740351,12693,1,0,0,0,1,0,0
NearCombat,426,6.2127974815666676,5.7891,1.528832,,74,1740351,12693,1,0,0,0,1,0,0
NearCombat,427,6.17380253970623,6.7563,1.503232,,74,1740351,12693,1,0,0,0,1,0,0
NearCombat,428,6.2041948549449444,5.9049,1.574912,,74,1740351,12693,1,0,0,0,1,0,0
NearCombat,429,6.00660452619195,6.3675,1.521664,,74,1740351,12693,1,0,0,0,1,0,0
NearCombat,430,6.2047974206507206,6.5667,1.491968,,74,1740351,12693,1,0,0,0,1,0,0
NearCombat,431,6.18520425632596,5.535,1.54624,,74,1740351,12693,1,0,0,0,1,0,0
NearCombat,432,6.17709755897522,6.6068,1.557504,,74,1740351,12693,1,0,0,0,1,0,0
NearCombat,433,6.1608985997736454,6.037,1.517568,,74,1740351,12693,1,0,0,0,1,0,0
NearCombat,434,6.0680978931486607,6.1512,1.595392,,74,1740351,12693,1,0,0,0,1,0,0
NearCombat,435,6.2603033147752285,6.3597,1.52064,,74,1740351,12745,1,0,0,0,1,0,0
NearCombat,436,6.2275012023746967,5.3663,1.475584,,74,1740351,12693,1,0,0,0,1,0,0
NearCombat,437,6.0714003629982471,6.4541,1.562624,,74,1740351,12693,1,0,0,0,1,0,0
NearCombat,438,6.1178002506494522,6.4153,1.586176,,74,1740351,12693,1,0,0,0,1,0,0
NearCombat,439,6.1451955698430538,5.9947,1.559552,,74,1740351,12693,1,0,0,0,1,0,0
NearCombat,440,6.1722011305391788,6.3666,1.595392,,74,1740351,12781,1,0,0,0,1,0,0
NearCombat,441,6.1057042330503464,5.8744,1.533952,,74,1740351,12693,1,0,0,0,1,0,0
NearCombat,442,6.4589004032313824,6.1764,1.490944,,74,1740351,12693,1,0,0,0,1,0,0
NearCombat,443,5.9021967463195324,6.6317,1.532928,,74,1740351,12693,1,0,0,0,1,0,0
NearCombat,444,6.1724986881017685,6.3296,1.550336,,74,1740351,12693,1,0,0,0,1,0,0
NearCombat,445,6.2400014139711857,5.6325,1.55648,,74,1740351,12693,1,0,0,0,1,0,0
NearCombat,446,6.0913972556591034,5.7592,1.575936,,74,1740351,12693,1,0,0,0,1,0,0
NearCombat,447,6.2244045548141,6.1623,1.540096,,74,1740351,12693,1,0,0,0,1,0,0
NearCombat,448,6.1071994714438915,6.5837,1.533952,,74,1740351,12693,1,0,0,0,1,0,0
NearCombat,449,6.1457976698875427,5.9316,1.526784,,74,1740351,12693,1,0,0,0,1,0,0
NearCombat,450,6.1980015598237514,6.629,1.5616,,74,1740351,12693,1,0,0,0,1,0,0
NearCombat,451,6.4525012858211994,5.4613,1.543168,,74,1740351,12693,1,0,0,0,1,0,0
NearCombat,452,6.0935942456126213,6.139,1.572864,,74,1740351,12693,1,0,0,0,1,0,0
NearCombat,453,5.8470023795962334,6.6663,1.522688,,74,1740351,12693,1,0,0,0,1,0,0
NearCombat,454,6.3419998623430729,5.1123,1.538048,,74,1740351,12693,1,0,0,0,1,0,0
NearCombat,455,5.977898370474577,7.4207,1.55648,,74,1740351,12693,1,0,0,0,1,0,0
NearCombat,456,6.2308036722242832,5.0538,1.563648,,74,1740351,12693,1,0,0,0,1,0,0
NearCombat,457,6.1581986956298351,5.9358,1.567744,,74,1740351,12693,1,0,0,0,1,0,0
NearCombat,458,6.1219031922519207,6.7377,1.5616,,74,1740351,12693,1,0,0,0,1,0,0
NearCombat,459,6.216099951416254,5.595,1.527808,,74,1740351,12693,1,0,0,0,1,0,0
NearCombat,460,6.1089992523193359,6.8002,1.821696,,74,1740351,12693,1,0,0,0,1,0,0
NearCombat,461,6.3692955300211906,5.9097,1.563648,,74,1740351,12693,1,0,0,0,1,0,0
NearCombat,462,6.1438987031579018,7.0168,1.52064,,74,1740351,12693,1,0,0,0,1,0,0
NearCombat,463,5.872002337127924,6.0675,1.5104,,74,1740351,12693,1,0,0,0,1,0,0
NearCombat,464,6.3153980299830437,6.0642,1.548288,,74,1740351,12693,1,0,0,0,1,0,0
NearCombat,465,6.0267997905611992,5.8948,1.54112,,74,1740351,12781,1,0,0,0,1,0,0
NearCombat,466,6.186904851347208,6.5091,1.528832,,74,1740351,12693,1,0,0,0,1,0,0
NearCombat,467,6.2261973507702351,5.5915,1.989632,,74,1740351,12693,1,0,0,0,1,0,0
NearCombat,468,6.079202052205801,5.7867,1.555456,,74,1740351,12745,1,0,0,0,1,0,0
NearCombat,469,6.1387969180941582,6.3806,1.555456,,74,1740351,12693,1,0,0,0,1,0,0
NearCombat,470,6.20780186727643,5.4419,1.583104,,74,1740351,12693,1,0,0,0,1,0,0
NearCombat,471,6.1178002506494522,7.0387,1.5616,,74,1740351,12693,1,0,0,0,1,0,0
NearCombat,472,6.3366000540554523,5.9245,1.549312,,74,1740351,12693,1,0,0,0,1,0,0
NearCombat,473,6.2784012407064438,6.1864,1.537024,,74,1740351,12693,1,0,0,0,1,0,0
NearCombat,474,5.8213011361658573,6.2804,1.547264,,74,1740351,12693,1,0,0,0,1,0,0
NearCombat,475,6.1392998322844505,6.2109,1.611776,,74,1740351,12693,1,0,0,0,1,0,0
NearCombat,476,6.1411987990140915,6.1336,1.533952,,74,1740351,12693,1,0,0,0,1,0,0
NearCombat,477,6.1293011531233788,5.706,1.553408,,74,1740351,12693,1,0,0,0,1,0,0
NearCombat,478,6.1249998398125172,6.0593,1.568768,,74,1740351,12693,1,0,0,0,1,0,0
NearCombat,479,6.0792942531406879,6.5503,1.557504,,74,1740351,12693,1,0,0,0,1,0,0
NearCombat,480,6.266305223107338,6.473,1.52576,,74,1740351,12693,1,0,0,0,1,0,0
NearCombat,481,6.2911990098655224,6.1087,1.579008,,74,1740351,12693,1,0,0,0,1,0,0
NearCombat,482,6.0808956623077393,5.9545,1.6128,,74,1740351,12693,1,0,0,0,1,0,0
NearCombat,483,6.0502053238451481,5.8397,1.528832,,74,1740351,12693,1,0,0,0,1,0,0
NearCombat,484,6.1496952548623085,6.0306,1.543168,,74,1740351,12693,1,0,0,0,1,0,0
NearCombat,485,6.1558037996292114,6.0507,1.640448,,74,1740351,12693,1,0,0,0,1,0,0
NearCombat,486,6.204698234796524,6.2013,1.528832,,74,1740351,12693,1,0,0,0,1,0,0
NearCombat,487,6.3519980758428574,6.176,1.577984,,74,1740351,12693,1,0,0,0,1,0,0
NearCombat,488,6.3009993173182011,7.3121,1.5872,,74,1740351,12693,1,0,0,0,1,0,0
NearCombat,489,5.9271045029163361,5.2862,1.507328,,74,1740351,12693,1,0,0,0,1,0,0
NearCombat,490,6.016900297254324,6.4605,1.559552,,74,1740351,12781,1,0,0,0,1,0,0
NearCombat,491,6.1462940648198128,5.775,1.569792,,74,1740351,12693,1,0,0,0,1,0,0
NearCombat,492,6.2122023664414883,5.7939,1.528832,,74,1740351,12693,1,0,0,0,1,0,0
NearCombat,493,6.2566041015088558,6.6879,1.58208,,74,1740351,12693,1,0,0,0,1,0,0
NearCombat,494,6.2098000198602676,6.3082,1.563648,,74,1740351,12693,1,0,0,0,1,0,0
NearCombat,495,6.1209960840642452,6.2558,1.58208,,74,1740351,12693,1,0,0,0,1,0,0
NearCombat,496,6.081597413867712,6.0643,1.512448,,74,1740351,12693,1,0,0,0,1,0,0
NearCombat,497,6.2792021781206131,5.5923,1.543168,,74,1740351,12693,1,0,0,0,1,0,0
NearCombat,498,6.0812993906438351,6.9689,1.527808,,74,1740351,12693,1,0,0,0,1,0,0
NearCombat,499,6.1577027663588524,5.4112,1.521664,,74,1740351,12693,1,0,0,0,1,0,0
NearCombat,500,6.0723992064595222,6.8778,1.579008,,74,1740351,12693,1,0,0,0,1,0,0
NearCombat,501,6.2812003307044506,5.5363,1.550336,,74,1740351,12745,1,0,0,0,1,0,0
NearCombat,502,6.0141016729176044,6.2415,1.509376,,74,1740351,12693,1,0,0,0,1,0,0
NearCombat,503,6.1886976473033428,6.4795,1.519616,,74,1740351,12693,1,0,0,0,1,0,0
NearCombat,504,6.113697774708271,6.0502,1.516544,,74,1740351,12693,1,0,0,0,1,0,0
NearCombat,505,6.2999008223414421,6.7122,1.523712,,74,1740351,12693,1,0,0,0,1,0,0
NearCombat,506,6.0861040838062763,5.4157,1.54624,,74,1740351,12693,1,0,0,0,1,0,0
NearCombat,507,6.2018991447985172,6.0054,1.536,,74,1740351,12693,1,0,0,0,1,0,0
NearCombat,508,6.018197163939476,6.4363,1.577984,,74,1740351,12693,1,0,0,0,1,0,0
NearCombat,509,6.1316043138504028,6.1767,1.563648,,74,1740351,12693,1,0,0,0,1,0,0
NearCombat,510,6.231299601495266,5.9641,1.55648,,74,1740351,12693,1,0,0,0,1,0,0
NearCombat,511,6.0680978931486607,6.1901,1.537024,,74,1740351,12693,1,0,0,0,1,0,0
NearCombat,512,6.1866994947195053,5.689,1.599488,,74,1740351,12693,1,0,0,0,1,0,0
NearCombat,513,6.1960034072399139,6.7206,1.57184,,74,1740351,12693,1,0,0,0,1,0,0
NearCombat,514,6.349596194922924,5.4899,1.961984,,74,1740351,12693,1,0,0,0,1,0,0
NearCombat,515,6.0141016729176044,6.7469,1.563648,,74,1740351,12781,1,0,0,0,1,0,0
NearCombat,516,6.176395807415247,5.4107,1.553408,,74,1740351,12693,1,0,0,0,1,0,0
NearCombat,517,6.0962019488215446,6.4026,1.523712,,74,1740351,12693,1,0,0,0,1,0,0
NearCombat,518,6.2273028306663036,6.1396,1.574912,,74,1740351,12693,1,0,0,0,1,0,0
NearCombat,519,6.007001269608736,5.9492,1.54112,,74,1740351,12693,1,0,0,0,1,0,0
NearCombat,520,6.3612954691052437,6.4794,1.558528,,74,1740351,12693,1,0,0,0,1,0,0
NearCombat,521,6.16810517385602,6.7721,1.552384,,74,1740351,12693,1,0,0,0,1,0,0
NearCombat,522,6.0760984197258949,5.3708,1.50016,,74,1740351,12693,1,0,0,0,1,0,0
NearCombat,523,5.9998016804456711,6.2032,1.567744,,74,1740351,12693,1,0,0,0,1,0,0
NearCombat,524,6.27059955149889,5.6704,1.59232,,74,1740351,12693,1,0,0,0,1,0,0
NearCombat,525,6.1469953507184982,7.6489,1.590272,,74,1740351,12693,1,0,0,0,1,0,0
NearCombat,526,5.9583052061498165,5.4252,1.550336,,74,1740351,12693,1,0,0,0,1,0,0
NearCombat,527,6.1772959306836128,5.6288,1.553408,,74,1740351,12693,1,0,0,0,1,0,0
NearCombat,528,6.199199240654707,6.3628,1.75104,,74,1740351,12693,1,0,0,0,1,0,0
NearCombat,529,6.1946003697812557,5.9183,1.518592,,74,1740351,12693,1,0,0,0,1,0,0
NearCombat,530,6.144501268863678,6.1357,1.565696,,74,1740351,12693,1,0,0,0,1,0,0
NearCombat,531,6.0056974180042744,6.6329,1.58208,,74,1740351,12693,1,0,0,0,1,0,0
NearCombat,532,6.1511052772402763,5.3967,1.524736,,74,1740351,12693,1,0,0,0,1,0,0
NearCombat,533,6.1745960265398026,6.7382,1.522688,,74,1740351,12693,1,0,0,0,1,0,0
NearCombat,534,6.0952026396989822,5.8333,1.557504,,74,1740351,12745,1,0,0,0,1,0,0
NearCombat,535,6.1446004547178745,5.755,1.527808,,74,1740351,12693,1,0,0,0,1,0,0
NearCombat,536,6.2796981073915958,6.8193,1.531904,,74,1740351,12693,1,0,0,0,1,0,0
NearCombat,537,6.3134990632534027,5.7622,1.549312,,74,1740351,12693,1,0,0,0,1,0,0
NearCombat,538,6.1812005005776882,6.3169,1.524736,,74,1740351,12693,1,0,0,0,1,0,0
NearCombat,539,5.8562005870044231,6.2582,1.502208,,74,1740351,12693,1,0,0,0,1,0,0
NearCombat,540,6.1595025472342968,6.2828,1.577984,,74,1740351,12781,1,0,0,0,1,0,0
NearCombat,541,6.1160004697740078,6.1337,1.545216,,74,1740351,12693,1,0,0,0,1,0,0
NearCombat,542,6.1968960799276829,6.055,1.522688,,74,1740351,12693,1,0,0,0,1,0,0
NearCombat,543,6.8776998668909073,5.6794,1.562624,,74,1740351,12693,1,0,0,0,1,0,0
NearCombat,544,5.524603184312582,6.8131,1.565696,,74,1740351,12693,1,0,0,0,1,0,0
NearCombat,545,6.266595795750618,5.4396,1.48992,,74,1740351,12693,1,0,0,0,1,0,0
NearCombat,546,5.9223002754151821,6.9729,1.560576,,74,1740351,12693,1,0,0,0,1,0,0
NearCombat,547,6.1720027588307858,5.6873,1.545216,,74,1740351,12693,1,0,0,0,1,0,0
NearCombat,548,6.1571002006530762,6.0682,1.55648,,74,1740351,12693,1,0,0,0,1,0,0
NearCombat,549,6.2073981389403343,6.7337,1.54112,,74,1740351,12693,1,0,0,0,1,0,0
NearCombat,550,6.1648031696677208,5.4611,1.574912,,74,1740351,12693,1,0,0,0,1,0,0
NearCombat,551,6.0893991030752659,6.8264,1.512448,,74,1740351,12693,1,0,0,0,1,0,0
NearCombat,552,6.2959962524473667,6.2174,1.537024,,74,1740351,12693,1,0,0,0,1,0,0
NearCombat,553,6.13710330799222,6.126,2.009088,,74,1740351,12693,1,0,0,0,1,0,0
NearCombat,554,6.2306975014507771,5.5161,1.567744,,74,1740351,12693,1,0,0,0,1,0,0
NearCombat,555,6.0630030930042267,6.4841,1.537024,,74,1740351,12693,1,0,0,0,1,0,0
NearCombat,556,6.0989018529653549,6.8642,1.513472,,74,1740351,12693,1,0,0,0,1,0,0
NearCombat,557,6.2549957074224949,5.3777,1.552384,,74,1740351,12693,1,0,0,0,1,0,0
NearCombat,558,6.2621030956506729,5.9837,1.538048,,74,1740351,12693,1,0,0,0,1,0,0
NearCombat,559,6.0656960122287273,6.161,1.529856,,74,1740351,12693,1,0,0,0,1,0,0
NearCombat,560,6.0073058120906353,6.1486,1.585152,,74,1740351,12693,1,0,0,0,1,0,0
NearCombat,561,6.3083972781896591,6.3621,1.518592,,74,1740351,12693,1,0,0,0,1,0,0
NearCombat,562,6.09720079228282,5.9907,1.508352,,74,1740351,12693,1,0,0,0,1,0,0
NearCombat,563,6.0799955390393734,5.8731,1.528832,,74,1740351,12693,1,0,0,0,1,0,0
NearCombat,564,6.1903060413897038,6.7121,1.565696,,74,1740351,12693,1,0,0,0,1,0,0
NearCombat,565,6.0581988655030727,5.5459,1.548288,,74,1740351,12781,1,0,0,0,1,0,0
NearCombat,566,6.1747943982481956,6.9485,1.55648,,74,1740351,12693,1,0,0,0,1,0,0
NearCombat,567,6.2292022630572319,5.9427,1.557504,,74,1740351,12745,1,0,0,0,1,0,0
NearCombat,568,6.2929987907409668,6.6839,1.574912,,74,1740351,12693,1,0,0,0,1,0,0
NearCombat,569,6.1417021788656712,6.5663,1.549312,,74,1740351,12693,1,0,0,0,1,0,0
NearCombat,570,6.039703730493784,5.1837,1.54112,,74,1740351,12693,1,0,0,0,1,0,0
NearCombat,571,6.2217968516051769,6.0319,1.568768,,74,1740351,12693,1,0,0,0,1,0,0
NearCombat,572,6.2639028765261173,5.9978,1.594368,,74,1740351,12693,1,0,0,0,1,0,0
NearCombat,573,6.1068949289619923,6.7423,1.51552,,74,1740351,12693,1,0,0,0,1,0,0
NearCombat,574,6.2346016056835651,7.0578,1.519616,,74,1740351,12693,1,0,0,0,1,0,0
NearCombat,575,6.0277990996837616,4.6178,1.562624,,74,1740351,12693,1,0,0,0,1,0,0
NearCombat,576,6.1452025547623634,7.2983,1.523712,,74,1740351,12693,1,0,0,0,1,0,0
NearCombat,577,6.2437006272375584,5.0892,1.567744,,74,1740351,12693,1,0,0,0,1,0,0
NearCombat,578,5.99820027127862,6.2439,1.5872,,74,1740351,12693,1,0,0,0,1,0,0
NearCombat,579,6.3158944249153137,5.8583,1.552384,,74,1740351,12693,1,0,0,0,1,0,0
NearCombat,580,5.9681050479412079,7.3805,1.554432,,74,1740351,12693,1,0,0,0,1,0,0
NearCombat,581,6.3044996932148933,5.8969,1.554432,,74,1740351,12693,1,0,0,0,1,0,0
NearCombat,582,6.2643992714583874,5.7994,1.580032,,74,1740351,12693,1,0,0,0,1,0,0
NearCombat,583,5.954202264547348,6.0155,1.982464,,74,1740351,12693,1,0,0,0,1,0,0
NearCombat,584,6.1956988647580147,6.1316,1.570816,,74,1740351,12693,1,0,0,0,1,0,0
NearCombat,585,6.0851969756186008,5.8522,1.512448,,74,1740351,12693,1,0,0,0,1,0,0
NearCombat,586,6.1642006039619446,5.7307,1.517568,,74,1740351,12693,1,0,0,0,1,0,0
NearCombat,587,6.1582978814840317,6.3939,1.554432,,74,1740351,12693,1,0,0,0,1,0,0
NearCombat,588,6.1107003130018711,6.3629,1.523712,,74,1740351,12693,1,0,0,0,1,0,0
NearCombat,589,6.2233065254986286,5.9003,1.57184,,74,1740351,12693,1,0,0,0,1,0,0
NearCombat,590,6.34399801492691,6.2848,1.555456,,74,1740351,12781,1,0,0,0,1,0,0
NearCombat,591,5.9707979671657085,6.1575,1.523712,,74,1740351,12693,1,0,0,0,1,0,0
NearCombat,592,6.2145977281033993,5.9311,1.476608,,74,1740351,12693,1,0,0,0,1,0,0
NearCombat,593,6.235501728951931,6.3669,1.552384,,74,1740351,12693,1,0,0,0,1,0,0
NearCombat,594,5.9198979288339615,6.2228,1.529856,,74,1740351,12693,1,0,0,0,1,0,0
NearCombat,595,6.3074049539864063,5.8515,1.536,,74,1740351,12693,1,0,0,0,1,0,0
NearCombat,596,5.9874998405575752,6.0224,1.55648,,74,1740351,12693,1,0,0,0,1,0,0
NearCombat,597,6.42390176653862,6.6219,1.536,,74,1740351,12693,1,0,0,0,1,0,0
NearCombat,598,5.8567957021296024,6.0688,1.497088,,74,1740351,12693,1,0,0,0,1,0,0
NearCombat,599,6.1983983032405376,6.0344,1.589248,,74,1740351,12693,1,0,0,0,1,0,0
NearCombat,600,6.2987031415104866,5.7265,1.55648,,74,1740351,12745,1,0,0,0,1,0,0
NearCombat,601,6.0431971214711666,6.754,1.511424,,74,1740351,12693,1,0,0,0,1,0,0
NearCombat,602,6.0357991605997086,6.5219,1.563648,,74,1740351,12693,1,0,0,0,1,0,0
NearCombat,603,6.1970027163624763,5.7227,1.5104,,74,1740351,12693,1,0,0,0,1,0,0
NearCombat,604,6.23309938237071,6.2735,1.488896,,74,1740351,12693,1,0,0,0,1,0,0
NearCombat,605,6.0880030505359173,5.7439,1.539072,,74,1740351,12693,1,0,0,0,1,0,0
NearCombat,606,6.0818949714303017,6.5241,1.51552,,74,1740351,12693,1,0,0,0,1,0,0
NearCombat,607,6.2094032764434814,5.8861,1.547264,,74,1740351,12693,1,0,0,0,1,0,0
NearCombat,608,6.2841977924108505,6.0761,1.543168,,74,1740351,12693,1,0,0,0,1,0,0
NearCombat,609,6.00070133805275,6.4572,1.528832,,74,1740351,12693,1,0,0,0,1,0,0
NearCombat,610,6.1223995871841908,5.4962,1.521664,,74,1740351,12693,1,0,0,0,1,0,0
NearCombat,611,6.1383005231618881,6.3163,1.558528,,74,1740351,12693,1,0,0,0,1,0,0
NearCombat,612,6.3048964366316795,6.638,1.48992,,74,1740351,12693,1,0,0,0,1,0,0
NearCombat,613,5.9915035963058472,6.3625,1.54112,,74,1740351,12693,1,0,0,0,1,0,0
NearCombat,614,6.3712019473314285,5.4091,1.557504,,74,1740351,12693,1,0,0,0,1,0,0
NearCombat,615,5.9775016270577908,6.3008,1.485824,,74,1740351,12781,1,0,0,0,1,0,0
NearCombat,616,6.1679990030825138,6.1013,1.52064,,74,1740351,12693,1,0,0,0,1,0,0
NearCombat,617,6.08629547059536,6.2861,1.542144,,74,1740351,12693,1,0,0,0,1,0,0
NearCombat,618,6.1705997213721275,5.9187,1.518592,,74,1740351,12693,1,0,0,0,1,0,0
NearCombat,619,6.4315050840377808,6.1798,1.54624,,74,1740351,12693,1,0,0,0,1,0,0
NearCombat,620,5.8700963854789734,6.8402,1.547264,,74,1740351,12693,1,0,0,0,1,0,0
NearCombat,621,6.4932042732834816,5.0792,1.538048,,74,1740351,12693,1,0,0,0,1,0,0
NearCombat,622,5.8219954371452332,6.844,1.496064,,74,1740351,12693,1,0,0,0,1,0,0
NearCombat,623,6.339802872389555,5.4416,1.544192,,74,1740351,12693,1,0,0,0,1,0,0
NearCombat,624,5.9276004321873188,6.5503,1.49504,,74,1740351,12693,1,0,0,0,1,0,0
NearCombat,625,6.1261975206434727,6.1103,1.52576,,74,1740351,12693,1,0,0,0,1,0,0
NearCombat,626,6.2398030422627926,5.6772,1.596416,,74,1740351,12693,1,0,0,0,1,0,0
NearCombat,627,6.1730938032269478,7.4017,1.501184,,74,1740351,12693,1,0,0,0,1,0,0
NearCombat,628,6.1583048664033413,5.9458,1.514496,,74,1740351,12693,1,0,0,0,1,0,0
NearCombat,629,6.18820171803236,6.1151,1.513472,,74,1740351,12693,1,0,0,0,1,0,0
NearCombat,630,6.1191963031888008,5.6717,1.497088,,74,1740351,12693,1,0,0,0,1,0,0
NearCombat,631,6.1279973015189171,6.2575,1.975296,,74,1740351,12693,1,0,0,0,1,0,0
NearCombat,632,6.1539043672382832,6.2378,1.60768,,74,1740351,12693,1,0,0,0,1,0,0
NearCombat,633,6.14309823140502,6.0116,1.502208,,74,1740351,12745,1,0,0,0,1,0,0
NearCombat,634,6.3248015940189362,6.3515,1.514496,,74,1740351,12693,1,0,0,0,1,0,0
NearCombat,635,6.1390022747218609,6.1247,1.547264,,74,1740351,12693,1,0,0,0,1,0,0
NearCombat,636,6.0509000904858112,6.4396,1.54112,,74,1740351,12693,1,0,0,0,1,0,0
NearCombat,637,6.2109977006912231,5.643,1.53088,,74,1740351,12693,1,0,0,0,1,0,0
NearCombat,638,6.0960953123867512,6.1727,1.552384,,74,1740351,12693,1,0,0,0,1,0,0
NearCombat,639,6.39210594817996,6.2883,1.563648,,74,1740351,12693,1,0,0,0,1,0,0
NearCombat,640,6.1995959840714931,6.5174,1.533952,,74,1740351,12781,1,0,0,0,1,0,0
NearCombat,641,6.0789044946432114,5.6103,1.529856,,74,1740351,12693,1,0,0,0,1,0,0
NearCombat,642,6.0991994105279446,6.4378,1.589248,,74,1740351,12693,1,0,0,0,1,0,0
NearCombat,643,6.2905964441597462,5.8298,1.554432,,74,1740351,12693,1,0,0,0,1,0,0
NearCombat,644,6.024298258125782,6.8027,1.5616,,74,1740351,12693,1,0,0,0,1,0,0
NearCombat,645,6.1895055696368217,6.0319,1.507328,,74,1740351,12693,1,0,0,0,1,0,0
NearCombat,646,6.1761974357068539,6.6416,1.570816,,74,1740351,12693,1,0,0,0,1,0,0
NearCombat,647,6.1168014071881771,5.6321,1.527808,,74,1740351,12693,1,0,0,0,1,0,0
NearCombat,648,6.1411987990140915,6.4892,1.588224,,74,1740351,12693,1,0,0,0,1,0,0
NearCombat,649,6.2357001006603241,6.8587,1.565696,,74,1740351,12693,1,0,0,0,1,0,0
NearCombat,650,6.1078020371496677,5.2921,2.004992,,74,1740351,12693,1,0,0,0,1,0,0
NearCombat,651,6.2305978499352932,6.0954,1.554432,,74,1740351,12693,1,0,0,0,1,0,0
NearCombat,652,6.0377977788448334,6.2951,1.564672,,74,1740351,12693,1,0,0,0,1,0,0
NearCombat,653,6.173398345708847,5.7287,1.554432,,74,1740351,12693,1,0,0,0,1,0,0
NearCombat,654,6.17680000141263,7.0154,1.540096,,74,1740351,12693,1,0,0,0,1,0,0
NearCombat,655,6.3117062672972679,5.1554,1.545216,,74,1740351,12693,1,0,0,0,1,0,0
NearCombat,656,5.971499253064394,6.7224,1.538048,,74,1740351,12693,1,0,0,0,1,0,0
NearCombat,657,6.2523949891328812,5.7111,1.526784,,74,1740351,12693,1,0,0,0,1,0,0
NearCombat,658,6.0883997939527035,6.2372,1.54624,,74,1740351,12693,1,0,0,0,1,0,0
NearCombat,659,6.2603033147752285,6.4767,1.545216,,74,1740351,12693,1,0,0,0,1,0,0
NearCombat,660,6.164101418107748,6.5767,1.562624,,74,1740351,12693,1,0,0,0,1,0,0
NearCombat,661,6.0450965538620949,5.0582,1.560576,,74,1740351,12693,1,0,0,0,1,0,0
NearCombat,662,6.2834043055772781,6.5289,1.563648,,74,1740351,12693,1,0,0,0,1,0,0
NearCombat,663,5.968593992292881,5.7828,1.565696,,74,1740351,12693,1,0,0,0,1,0,0
NearCombat,664,6.131200585514307,6.719,1.55648,,74,1740351,12693,1,0,0,0,1,0,0
NearCombat,665,6.3136052340269089,5.6178,1.54624,,74,1740351,12781,1,0,0,0,1,0,0
NearCombat,666,6.0484977439045906,6.5639,1.574912,,74,1740351,12745,1,0,0,0,1,0,0
NearCombat,667,6.2128966674208641,6.569,1.580032,,74,1740351,12693,1,0,0,0,1,0,0
NearCombat,668,6.1558037996292114,5.3493,1.544192,,74,1740351,12693,1,0,0,0,1,0,0
NearCombat,669,6.1705000698566437,6.6484,1.521664,,74,1740351,12693,1,0,0,0,1,0,0
NearCombat,670,6.1583970673382282,5.7974,1.557504,,74,1740351,12693,1,0,0,0,1,0,0
NearCombat,671,6.1784014105796814,5.6556,1.497088,,74,1740351,12693,1,0,0,0,1,0,0
NearCombat,672,6.2359976582229137,7.3974,1.554432,,74,1740351,12693,1,0,0,0,1,0,0
NearCombat,673,5.9798043221235275,5.3121,1.552384,,74,1740351,12693,1,0,0,0,1,0,0
NearCombat,674,6.0490998439490795,6.623,1.555456,,74,1740351,12693,1,0,0,0,1,0,0
NearCombat,675,6.2161991372704506,5.3644,1.50528,,74,1740351,12693,1,0,0,0,1,0,0
NearCombat,676,6.2143988907337189,6.4876,1.573888,,74,1740351,12693,1,0,0,0,1,0,0
NearCombat,677,6.0229026712477207,6.1358,1.557504,,74,1740351,12693,1,0,0,0,1,0,0
NearCombat,678,6.1789965257048607,5.8406,1.547264,,74,1740351,12693,1,0,0,0,1,0,0
NearCombat,679,6.1409012414515018,6.9565,1.569792,,74,1740351,12693,1,0,0,0,1,0,0
NearCombat,680,6.3062994740903378,5.2702,1.542144,,74,1740351,12693,1,0,0,0,1,0,0
NearCombat,681,5.9591978788375854,6.9,1.968128,,74,1740351,12693,1,0,0,0,1,0,0
NearCombat,682,6.1579011380672455,5.397,1.548288,,74,1740351,12693,1,0,0,0,1,0,0
NearCombat,683,6.1856009997427464,6.2648,1.539072,,74,1740351,12693,1,0,0,0,1,0,0
NearCombat,684,6.2770973891019821,6.043,1.52576,,74,1740351,12693,1,0,0,0,1,0,0
NearCombat,685,6.0568028129637241,6.3879,1.550336,,74,1740351,12693,1,0,0,0,1,0,0
NearCombat,686,6.3407029956579208,5.9221,1.560576,,74,1740351,12693,1,0,0,0,1,0,0
NearCombat,687,6.0283942148089409,6.3483,1.521664,,74,1740351,12693,1,0,0,0,1,0,0
NearCombat,688,5.9677013196051121,6.3288,1.531904,,74,1740351,12693,1,0,0,0,1,0,0
NearCombat,689,6.1687002889811993,5.5576,1.581056,,74,1740351,12693,1,0,0,0,1,0,0
NearCombat,690,6.1533022671937943,6.2069,1.533952,,74,1740351,12781,1,0,0,0,1,0,0
NearCombat,691,6.2334961257874966,6.112,1.5616,,74,1740351,12693,1,0,0,0,1,0,0
NearCombat,692,6.1388039030134678,6.1921,1.564672,,74,1740351,12693,1,0,0,0,1,0,0
NearCombat,693,6.1080004088580608,6.4611,1.527808,,74,1740351,12693,1,0,0,0,1,0,0
NearCombat,694,6.1000990681350231,5.4903,1.48992,,74,1740351,12693,1,0,0,0,1,0,0
NearCombat,695,6.22789841145277,6.3602,1.554432,,74,1740351,12693,1,0,0,0,1,0,0
NearCombat,696,6.1399023979902267,6.3433,1.514496,,74,1740351,12693,1,0,0,0,1,0,0
NearCombat,697,6.0379961505532265,5.9859,1.517568,,74,1740351,12693,1,0,0,0,1,0,0
NearCombat,698,6.0817035846412182,5.6776,1.540096,,74,1740351,12693,1,0,0,0,1,0,0
NearCombat,699,6.4659011550247669,6.4661,1.588224,,74,1740351,12745,1,0,0,0,1,0,0
NearCombat,700,5.94409741461277,6.8274,1.494016,,74,1740351,12693,1,0,0,0,1,0,0
NearCombat,701,6.0750991106033325,5.6965,1.567744,,74,1740351,12693,1,0,0,0,1,0,0
NearCombat,702,6.1167022213339806,6.5136,1.563648,,74,1740351,12693,1,0,0,0,1,0,0
NearCombat,703,6.3270973041653633,5.3577,1.54112,,74,1740351,12693,1,0,0,0,1,0,0
NearCombat,704,6.12000422552228,6.6572,1.601536,,74,1740351,12693,1,0,0,0,1,0,0
NearCombat,705,6.1072986572980881,6.7483,1.549312,,74,1740351,12693,1,0,0,0,1,0,0
NearCombat,706,7.155498955398798,5.5974,1.532928,,74,1740351,12693,1,0,0,0,1,0,0
NearCombat,707,5.4213008843362331,6.971,1.563648,,74,1740351,12693,1,0,0,0,1,0,0
NearCombat,708,5.9618977829813957,5.3969,1.534976,,74,1740351,12693,1,0,0,0,1,0,0
NearCombat,709,6.20809942483902,6.0176,1.533952,,74,1740351,12693,1,0,0,0,1,0,0
NearCombat,710,6.037804763764143,6.3391,1.5616,,74,1740351,12693,1,0,0,0,1,0,0
NearCombat,711,6.1220945790410042,5.7711,1.565696,,74,1740351,12693,1,0,0,0,1,0,0
NearCombat,712,6.1239018104970455,7.1458,1.466368,,74,1740351,12693,1,0,0,0,1,0,0
NearCombat,713,6.3140024431049824,4.9973,1.544192,,74,1740351,12693,1,0,0,0,1,0,0
NearCombat,714,6.0249008238315582,6.4583,1.534976,,74,1740351,12693,1,0,0,0,1,0,0
NearCombat,715,6.1798966489732265,6.7544,1.494016,,74,1740351,12781,1,0,0,0,1,0,0
NearCombat,716,6.1328019946813583,5.3968,1.55648,,74,1740351,12693,1,0,0,0,1,0,0
NearCombat,717,6.1468961648643017,6.0204,1.859584,,74,1740351,12693,1,0,0,0,1,0,0
NearCombat,718,6.1730016022920609,6.5481,1.519616,,74,1740351,12693,1,0,0,0,1,0,0
NearCombat,719,6.3909012824296951,5.8989,1.769472,,74,1740351,12693,1,0,0,0,1,0,0
NearCombat,720,6.0302014462649822,7.3869,1.558528,,74,1740351,12693,1,0,0,0,1,0,0
NearCombat,721,6.1040958389639854,5.1167,1.513472,,74,1740351,12693,1,0,0,0,1,0,0
NearCombat,722,6.0830996371805668,6.0391,1.562624,,74,1740351,12693,1,0,0,0,1,0,0
NearCombat,723,6.1163054779171944,6.3046,1.549312,,74,1740351,12693,1,0,0,0,1,0,0
NearCombat,724,6.4839995466172695,5.9729,1.457152,,74,1740351,12693,1,0,0,0,1,0,0
NearCombat,725,5.8721019886434078,7.1595,1.565696,,74,1740351,12693,1,0,0,0,1,0,0
NearCombat,726,6.13469397649169,5.2172,2.019328,,74,1740351,12693,1,0,0,0,1,0,0
NearCombat,727,6.1996029689908028,5.87,1.512448,,74,1740351,12693,1,0,0,0,1,0,0
NearCombat,728,6.2142997048795223,6.508,1.575936,,74,1740351,12693,1,0,0,0,1,0,0
NearCombat,729,6.0106008313596249,6.0289,1.569792,,74,1740351,12693,1,0,0,0,1,0,0
NearCombat,730,6.2017007730901241,6.8478,1.49504,,74,1740351,12693,1,0,0,0,1,0,0
NearCombat,731,6.3022957183420658,5.5137,1.555456,,74,1740351,12693,1,0,0,0,1,0,0
NearCombat,732,6.1667021363973618,6.0531,1.581056,,74,1740351,12745,1,0,0,0,1,0,0
NearCombat,733,6.0623018071055412,6.1465,1.552384,,74,1740351,12693,1,0,0,0,1,0,0
NearCombat,734,6.1565972864627838,6.132,1.54624,,74,1740351,12693,1,0,0,0,1,0,0
NearCombat,735,6.1574052087962627,6.8224,1.574912,,74,1740351,12693,1,0,0,0,1,0,0
NearCombat,736,6.1282948590815067,5.1425,1.548288,,74,1740351,12693,1,0,0,0,1,0,0
NearCombat,737,6.1953016556799412,6.8287,1.512448,,74,1740351,12693,1,0,0,0,1,0,0
NearCombat,738,6.1385985463857651,6.523,1.573888,,74,1740351,12693,1,0,0,0,1,0,0
NearCombat,739,6.2210033647716045,5.7223,1.564672,,74,1740351,12693,1,0,0,0,1,0,0
NearCombat,740,6.0942955315113068,7.3038,1.596416,,74,1740351,12781,1,0,0,0,1,0,0
NearCombat,741,6.131200585514307,5.0487,1.513472,,74,1740351,12693,1,0,0,0,1,0,0
NearCombat,742,6.2295990064740181,6.6462,1.55136,,74,1740351,12693,1,0,0,0,1,0,0
NearCombat,743,6.0074049979448318,5.2381,1.577984,,74,1740351,12693,1,0,0,0,1,0,0
NearCombat,744,6.2842969782650471,6.4968,1.586176,,74,1740351,12693,1,0,0,0,1,0,0
NearCombat,745,6.1799036338925362,6.1385,1.539072,,74,1740351,12693,1,0,0,0,1,0,0
NearCombat,746,6.2243975698947906,5.5464,1.567744,,74,1740351,12693,1,0,0,0,1,0,0
NearCombat,747,6.0602962039411068,6.9795,1.572864,,74,1740351,12693,1,0,0,0,1,0,0
NearCombat,748,6.1382013373076916,5.377,1.527808,,74,1740351,12693,1,0,0,0,1,0,0
NearCombat,749,6.1087016947567463,7.0498,1.54624,,74,1740351,12693,1,0,0,0,1,0,0
NearCombat,750,6.2612034380435944,5.941,1.603584,,74,1740351,12693,1,0,0,0,1,0,0
NearCombat,751,6.1406958848237991,5.4796,1.539072,,74,1740351,12693,1,0,0,0,1,0,0
NearCombat,752,6.1951032839715481,6.9987,1.555456,,74,1740351,12693,1,0,0,0,1,0,0
NearCombat,753,6.0479948297142982,5.8176,1.544192,,74,1740351,12693,1,0,0,0,1,0,0
NearCombat,754,6.0666031204164028,6.0362,1.526784,,74,1740351,12693,1,0,0,0,1,0,0
NearCombat,755,6.18550181388855,5.5508,1.54624,,74,1740351,12693,1,0,0,0,1,0,0
NearCombat,756,6.0734977014362812,6.5761,1.60768,,74,1740351,12693,1,0,0,0,1,0,0
NearCombat,757,6.2688989564776421,6.3786,1.793024,,74,1740351,12693,1,0,0,0,1,0,0
NearCombat,758,6.0571003705263138,6.3169,1.563648,,74,1740351,12693,1,0,0,0,1,0,0
NearCombat,759,6.0987030155956745,5.5083,1.552384,,74,1740351,12693,1,0,0,0,1,0,0
NearCombat,760,6.3595948740839958,6.8653,1.547264,,74,1740351,12693,1,0,0,0,1,0,0
NearCombat,761,6.0765021480619907,5.6541,1.559552,,74,1740351,12693,1,0,0,0,1,0,0
NearCombat,762,6.2585035338997841,6.4136,1.557504,,74,1740351,12693,1,0,0,0,1,0,0
NearCombat,763,6.04879530146718,6.4986,1.581056,,74,1740351,12693,1,0,0,0,1,0,0
NearCombat,764,6.1612031422555447,5.584,1.95584,,74,1740351,12693,1,0,0,0,1,0,0
NearCombat,765,6.0714003629982471,6.5666,1.536,,74,1740351,12833,1,0,0,0,1,0,0
NearCombat,766,6.3096019439399242,5.4156,1.580032,,74,1740351,12693,1,0,0,0,1,0,0
NearCombat,767,6.0477959923446178,6.6043,1.548288,,74,1740351,12693,1,0,0,0,1,0,0
NearCombat,768,6.3862032257020473,6.1409,1.534976,,74,1740351,12693,1,0,0,0,1,0,0
NearCombat,769,5.8905966579914093,6.4529,1.573888,,74,1740351,12693,1,0,0,0,1,0,0
NearCombat,770,6.2871030531823635,5.7816,1.569792,,74,1740351,12693,1,0,0,0,1,0,0
NearCombat,771,6.1857993714511395,6.0109,1.542144,,74,1740351,12693,1,0,0,0,1,0,0
NearCombat,772,6.0341977514326572,6.1514,1.568768,,74,1740351,12693,1,0,0,0,1,0,0
NearCombat,773,6.3364016823470592,5.7868,1.573888,,74,1740351,12693,1,0,0,0,1,0,0
NearCombat,774,5.9222010895609856,6.5762,1.55648,,74,1740351,12693,1,0,0,0,1,0,0
NearCombat,775,6.1487951315939426,5.8467,1.570816,,74,1740351,12693,1,0,0,0,1,0,0
NearCombat,776,6.44400529563427,6.228,1.5616,,74,1740351,12693,1,0,0,0,1,0,0
NearCombat,777,6.1154975555837154,6.1139,1.507328,,74,1740351,12693,1,0,0,0,1,0,0
NearCombat,778,5.9052011929452419,6.2115,1.534976,,74,1740351,12693,1,0,0,0,1,0,0
NearCombat,779,6.1271968297660351,6.0745,1.528832,,74,1740351,12693,1,0,0,0,1,0,0
NearCombat,780,6.1735049821436405,6.0369,1.563648,,74,1740351,12693,1,0,0,0,1,0,0
NearCombat,781,6.2048966065049171,6.4019,1.580032,,74,1740351,12693,1,0,0,0,1,0,0
NearCombat,782,6.1339992098510265,5.8329,1.547264,,74,1740351,12693,1,0,0,0,1,0,0
NearCombat,783,6.0633006505668163,6.9716,1.512448,,74,1740351,12693,1,0,0,0,1,0,0
NearCombat,784,6.3263038173317909,5.4673,1.519616,,74,1740351,12693,1,0,0,0,1,0,0
NearCombat,785,5.9669995680451393,6.2395,1.57696,,74,1740351,12693,1,0,0,0,1,0,0
NearCombat,786,6.1171981506049633,6.5905,1.531904,,74,1740351,12693,1,0,0,0,1,0,0
NearCombat,787,6.4736963249742985,5.3604,1.531904,,74,1740351,12693,1,0,0,0,1,0,0
NearCombat,788,5.9885061345994473,7.2171,1.593344,,74,1740351,12693,1,0,0,0,1,0,0
NearCombat,789,6.04309793561697,5.3805,1.548288,,74,1740351,12693,1,0,0,0,1,0,0
NearCombat,790,6.2107001431286335,6.2878,1.487872,,74,1740351,12781,1,0,0,0,1,0,0
NearCombat,791,6.1221015639603138,6.1921,1.496064,,74,1740351,12693,1,0,0,0,1,0,0
NearCombat,792,6.3280966132879257,5.6881,1.577984,,74,1740351,12693,1,0,0,0,1,0,0
NearCombat,793,6.0372021980583668,6.5731,1.528832,,74,1740351,12693,1,0,0,0,1,0,0
NearCombat,794,6.16809818893671,5.5264,1.55136,,74,1740351,12693,1,0,0,0,1,0,0
NearCombat,795,5.9984978288412094,6.7031,1.538048,,74,1740351,12693,1,0,0,0,1,0,0
NearCombat,796,6.2679988332092762,5.9064,1.532928,,74,1740351,12693,1,0,0,0,1,0,0
NearCombat,797,6.1352038756012917,6.1965,1.583104,,74,1740351,12693,1,0,0,0,1,0,0
NearCombat,798,6.1332979239523411,6.6129,1.53088,,74,1740351,12745,1,0,0,0,1,0,0
NearCombat,799,6.3136974349617958,5.4351,1.539072,,74,1740351,12693,1,0,0,0,1,0,0
NearCombat,800,6.1749005690217018,6.4464,1.560576,,74,1740351,12693,1,0,0,0,1,0,0
NearCombat,801,5.86690055206418,6.4516,1.58208,,74,1740351,12693,1,0,0,0,1,0,0
NearCombat,802,6.50629960000515,5.2079,1.543168,,74,1740351,12693,1,0,0,0,1,0,0
NearCombat,803,6.04880228638649,6.2822,1.603584,,74,1740351,12693,1,0,0,0,1,0,0
NearCombat,804,6.1123017221689224,6.606,1.558528,,74,1740351,12693,1,0,0,0,1,0,0
NearCombat,805,6.2647960148751736,6.3573,1.532928,,74,1740351,12693,1,0,0,0,1,0,0
NearCombat,806,5.9978030622005463,6.5025,1.563648,,74,1740351,12693,1,0,0,0,1,0,0
NearCombat,807,6.2555982731282711,5.987,1.939456,,74,1740351,12693,1,0,0,0,1,0,0
NearCombat,808,6.3524022698402405,5.5548,1.509376,,74,1740351,12693,1,0,0,0,1,0,0
NearCombat,809,5.922902375459671,7.2365,1.542144,,74,1740351,12693,1,0,0,0,1,0,0
NearCombat,810,6.0542942956089973,5.204,1.4848,,74,1740351,12693,1,0,0,0,1,0,0
NearCombat,811,6.3216057606041431,6.726,1.534976,,74,1740351,12693,1,0,0,0,1,0,0
NearCombat,812,6.1384993605315685,5.7237,1.573888,,74,1740351,12693,1,0,0,0,1,0,0
NearCombat,813,6.1464994214475155,6.1861,1.554432,,74,1740351,12693,1,0,0,0,1,0,0
NearCombat,814,6.0924957506358624,6.2015,1.534976,,74,1740351,12693,1,0,0,0,1,0,0
NearCombat,815,6.1151999980211258,5.9354,1.554432,,74,1740351,12781,1,0,0,0,1,0,0
NearCombat,816,6.2446002848446369,6.1354,1.52064,,74,1740351,12693,1,0,0,0,1,0,0
NearCombat,817,6.0819019563496113,6.4412,1.542144,,74,1740351,12693,1,0,0,0,1,0,0
NearCombat,818,6.1645973473787308,6.2025,1.572864,,74,1740351,12693,1,0,0,0,1,0,0
NearCombat,819,6.092502735555172,6.5015,1.518592,,74,1740351,12693,1,0,0,0,1,0,0
NearCombat,820,6.1686011031270027,5.4615,1.55136,,74,1740351,12693,1,0,0,0,1,0,0
NearCombat,821,6.1173965223133564,6.3569,1.560576,,74,1740351,12693,1,0,0,0,1,0,0
NearCombat,822,6.4137047156691551,5.8119,1.569792,,74,1740351,12693,1,0,0,0,1,0,0
NearCombat,823,5.93519676476717,6.6897,1.528832,,74,1740351,12693,1,0,0,0,1,0,0
NearCombat,824,6.1201034113764763,6.0807,1.59232,,74,1740351,12693,1,0,0,0,1,0,0
NearCombat,825,6.2043932266533375,5.7602,1.502208,,74,1740351,12693,1,0,0,0,1,0,0
NearCombat,826,6.2229023315012455,6,1.536,,74,1740351,12693,1,0,0,0,1,0,0
NearCombat,827,6.1390022747218609,6.2366,1.565696,,74,1740351,12693,1,0,0,0,1,0,0
NearCombat,828,6.1463010497391224,6.8656,1.533952,,74,1740351,12693,1,0,0,0,1,0,0
NearCombat,829,6.1074970290064812,5.6772,1.574912,,74,1740351,12693,1,0,0,0,1,0,0
NearCombat,830,6.048200186342001,5.9086,1.577984,,74,1740351,12693,1,0,0,0,1,0,0
NearCombat,831,6.39780331403017,6.0808,1.570816,,74,1740351,12745,1,0,0,0,1,0,0
NearCombat,832,6.1323978006839752,6.9877,1.552384,,74,1740351,12693,1,0,0,0,1,0,0
NearCombat,833,6.1986963264644146,6.0394,1.524736,,74,1740351,12693,1,0,0,0,1,0,0
NearCombat,834,6.1224065721035,5.7711,1.82272,,74,1740351,12693,1,0,0,0,1,0,0
NearCombat,835,6.1661987565457821,6.6015,1.584128,,74,1740351,12693,1,0,0,0,1,0,0
NearCombat,836,6.0854945331811905,6.3739,1.542144,,74,1740351,12693,1,0,0,0,1,0,0
NearCombat,837,6.3139032572507858,6.3941,1.542144,,74,1740351,12693,1,0,0,0,1,0,0
NearCombat,838,6.201502401381731,5.8402,1.577984,,74,1740351,12693,1,0,0,0,1,0,0
NearCombat,839,6.0934950597584248,6.1977,1.55136,,74,1740351,12693,1,0,0,0,1,0,0
NearCombat,840,6.34730001911521,5.4924,1.563648,,74,1740351,12781,1,0,0,0,1,0,0
NearCombat,841,5.9700044803321362,7.3164,1.619968,,74,1740351,12693,1,0,0,0,1,0,0
NearCombat,842,6.1389952898025513,5.7091,1.580032,,74,1740351,12693,1,0,0,0,1,0,0
NearCombat,843,6.2392996624112129,5.673,2.006016,,74,1740351,12693,1,0,0,0,1,0,0
NearCombat,844,6.1956066638231277,7.1632,1.536,,74,1740351,12693,1,0,0,0,1,0,0
NearCombat,845,6.1870962381362915,5.5225,1.51552,,74,1740351,12693,1,0,0,0,1,0,0
NearCombat,846,6.1634001322090626,6.768,1.545216,,74,1740351,12693,1,0,0,0,1,0,0
NearCombat,847,5.9570013545453548,5.1534,1.593344,,74,1740351,12693,1,0,0,0,1,0,0
NearCombat,848,6.1562005430459976,6.2507,1.557504,,74,1740351,12693,1,0,0,0,1,0,0
NearCombat,849,6.1410996131598949,6.7605,1.533952,,74,1740351,12693,1,0,0,0,1,0,0
NearCombat,850,6.1636976897716522,4.8845,1.560576,,74,1740351,12693,1,0,0,0,1,0,0
NearCombat,851,6.1258007772266865,6.6186,1.59232,,74,1740351,12693,1,0,0,0,1,0,0
NearCombat,852,6.2643000856041908,6.2435,1.572864,,74,1740351,12693,1,0,0,0,1,0,0
NearCombat,853,6.073901429772377,6.4071,1.537024,,74,1740351,12693,1,0,0,0,1,0,0
NearCombat,854,6.1628967523574829,5.9702,1.542144,,74,1740351,12693,1,0,0,0,1,0,0
NearCombat,855,6.1203017830848694,6.1458,1.548288,,74,1740351,12693,1,0,0,0,1,0,0
NearCombat,856,6.1040036380290985,5.6242,1.533952,,74,1740351,12693,1,0,0,0,1,0,0
NearCombat,857,6.159899290651083,6.128,1.532928,,74,1740351,12693,1,0,0,0,1,0,0
NearCombat,858,6.1833970248699188,6.0992,1.550336,,74,1740351,12693,1,0,0,0,1,0,0
NearCombat,859,6.217998918145895,6.9724,1.552384,,74,1740351,12693,1,0,0,0,1,0,0
NearCombat,860,6.126998458057642,6.1463,1.544192,,74,1740351,12693,1,0,0,0,1,0,0
NearCombat,861,6.1015021055936813,5.5434,1.54624,,74,1740351,12693,1,0,0,0,1,0,0
NearCombat,862,6.4813988283276558,6.2027,1.54112,,74,1740351,12693,1,0,0,0,1,0,0
NearCombat,863,5.8405045419931412,6.1023,1.501184,,74,1740351,12693,1,0,0,0,1,0,0
NearCombat,864,6.3691963441669941,6.324,1.5104,,74,1740351,12745,1,0,0,0,1,0,0
NearCombat,865,5.9766015037894249,6.1528,1.5616,,74,1740351,12781,1,0,0,0,1,0,0
NearCombat,866,6.1886976473033428,6.2559,1.552384,,74,1740351,12693,1,0,0,0,1,0,0
NearCombat,867,6.14580512046814,6.4545,1.499136,,74,1740351,12693,1,0,0,0,1,0,0
NearCombat,868,6.1004958115518093,5.5364,1.524736,,74,1740351,12693,1,0,0,0,1,0,0
NearCombat,869,6.3258009031414986,6.4346,1.540096,,74,1740351,12693,1,0,0,0,1,0,0
NearCombat,870,5.9443027712404728,5.6384,1.544192,,74,1740351,12693,1,0,0,0,1,0,0
NearCombat,871,6.1152991838753223,6.0314,1.529856,,74,1740351,12693,1,0,0,0,1,0,0
NearCombat,872,6.184800062328577,6.878,1.548288,,74,1740351,12693,1,0,0,0,1,0,0
NearCombat,873,6.6283019259572029,5.8143,1.532928,,74,1740351,12693,1,0,0,0,1,0,0
NearCombat,874,5.7178996503353119,6.8529,1.507328,,74,1740351,12693,1,0,0,0,1,0,0
NearCombat,875,6.2842969782650471,5.4502,1.457152,,74,1740351,12693,1,0,0,0,1,0,0
NearCombat,876,5.919997114688158,6.0883,1.560576,,74,1740351,12693,1,0,0,0,1,0,0
NearCombat,877,6.2419003807008266,6.728,1.560576,,74,1740351,12693,1,0,0,0,1,0,0
NearCombat,878,6.1872024089097977,5.0224,1.512448,,74,1740351,12693,1,0,0,0,1,0,0
NearCombat,879,6.0267006047070026,7.7003,1.497088,,74,1740351,12693,1,0,0,0,1,0,0
NearCombat,880,6.24749856069684,5.527,1.548288,,74,1740351,12693,1,0,0,0,1,0,0
NearCombat,881,6.0455002821981907,5.8662,1.52064,,74,1740351,12693,1,0,0,0,1,0,0
NearCombat,882,6.2867985107004642,5.4746,1.523712,,74,1740351,12693,1,0,0,0,1,0,0
NearCombat,883,6.2632015906274319,6.6266,1.531904,,74,1740351,12693,1,0,0,0,1,0,0
NearCombat,884,5.98329771310091,6.1599,1.549312,,74,1740351,12693,1,0,0,0,1,0,0
NearCombat,885,6.1714993789792061,6.0683,1.524736,,74,1740351,12693,1,0,0,0,1,0,0
NearCombat,886,6.4604026265442371,5.8681,1.506304,,74,1740351,12693,1,0,0,0,1,0,0
NearCombat,887,5.8684027753770351,7.6282,1.475584,,74,1740351,12693,1,0,0,0,1,0,0
NearCombat,888,6.190100684762001,5.0425,1.9456,,74,1740351,12693,1,0,0,0,1,0,0
NearCombat,889,6.1919004656374454,6.478,1.552384,,74,1740351,12693,1,0,0,0,1,0,0
NearCombat,890,6.0935942456126213,6.2801,1.509376,,74,1740351,12781,1,0,0,0,1,0,0
NearCombat,891,6.2925028614699841,5.2552,1.513472,,74,1740351,12693,1,0,0,0,1,0,0
NearCombat,892,6.3916030339896679,7.0581,1.52576,,74,1740351,12693,1,0,0,0,1,0,0
NearCombat,893,5.8803996071219444,6.04,1.506304,,74,1740351,12693,1,0,0,0,1,0,0
NearCombat,894,6.4207981340587139,6.043,1.591296,,74,1740351,12693,1,0,0,0,1,0,0
NearCombat,895,5.9772958047688007,6.0834,1.54112,,74,1740351,12693,1,0,0,0,1,0,0
NearCombat,896,6.0828020796179771,5.9472,1.524736,,74,1740351,12693,1,0,0,0,1,0,0
NearCombat,897,6.274801678955555,6.5056,1.536,,74,1740351,12745,1,0,0,0,1,0,0
NearCombat,898,6.3060019165277481,6.3358,1.528832,,74,1740351,12693,1,0,0,0,1,0,0
NearCombat,899,6.1285006813704967,5.9015,1.477632,,74,1740351,12693,1,0,0,0,1,0,0
NearCombat,900,6.035699974745512,6.5883,1.534976,,74,1740351,12693,1,0,0,0,1,0,0
NearCombat,901,6.1574969440698624,5.9205,1.521664,,74,1740351,12693,1,0,0,0,1,0,0
NearCombat,902,6.2842969782650471,6.0994,1.557504,,74,1740351,12693,1,0,0,0,1,0,0
NearCombat,903,6.158800795674324,6.2115,1.534976,,74,1740351,12693,1,0,0,0,1,0,0
NearCombat,904,6.1354027129709721,5.6648,1.529856,,74,1740351,12693,1,0,0,0,1,0,0
NearCombat,905,6.061699241399765,6.9641,1.511424,,74,1740351,12693,1,0,0,0,1,0,0
NearCombat,906,6.4126984216272831,5.38,1.53088,,74,1740351,12693,1,0,0,0,1,0,0
NearCombat,907,5.967502947896719,7.6491,1.549312,,74,1740351,12693,1,0,0,0,1,0,0
NearCombat,908,6.2862951308488846,5.1521,1.555456,,74,1740351,12693,1,0,0,0,1,0,0
NearCombat,909,6.2390021048486233,5.8451,1.632256,,74,1740351,12693,1,0,0,0,1,0,0
NearCombat,910,5.9294998645782471,6.5683,1.542144,,74,1740351,12693,1,0,0,0,1,0,0
NearCombat,911,6.1845025047659874,5.9584,1.53088,,74,1740351,12693,1,0,0,0,1,0,0
NearCombat,912,6.1792018823325634,5.9735,1.526784,,74,1740351,12693,1,0,0,0,1,0,0
NearCombat,913,6.0663972981274128,6.1084,1.521664,,74,1740351,12693,1,0,0,0,1,0,0
NearCombat,914,6.3404976390302181,6.5752,1.573888,,74,1740351,12693,1,0,0,0,1,0,0
NearCombat,915,5.9277988038957119,6.1868,1.490944,,74,1740351,12781,1,0,0,0,1,0,0
NearCombat,916,6.216702051460743,5.8291,1.529856,,74,1740351,12693,1,0,0,0,1,0,0
NearCombat,917,6.1937994323670864,6.2217,1.502208,,74,1740351,12693,1,0,0,0,1,0,0
NearCombat,918,6.0299034230411053,5.8779,1.548288,,74,1740351,12693,1,0,0,0,1,0,0
NearCombat,919,6.9920988753438,5.853,1.5616,,74,1740351,12693,1,0,0,0,1,0,0
NearCombat,920,5.4206987842917442,7.001,1.625088,,74,1740351,12693,1,0,0,0,1,0,0
NearCombat,921,6.1519984155893326,5.5702,1.944576,,74,1740351,12693,1,0,0,0,1,0,0
NearCombat,922,6.0177012346684933,6.1017,1.507328,,74,1740351,12693,1,0,0,0,1,0,0
NearCombat,923,6.191999651491642,6.4137,1.534976,,74,1740351,12693,1,0,0,0,1,0,0
NearCombat,924,6.2194019556045532,5.738,1.609728,,74,1740351,12693,1,0,0,0,1,0,0
NearCombat,925,6.1013959348201752,6.1453,1.583104,,74,1740351,12693,1,0,0,0,1,0,0
NearCombat,926,6.2863025814294815,5.7827,1.523712,,74,1740351,12693,1,0,0,0,1,0,0
NearCombat,927,6.0132015496492386,6.9345,1.550336,,74,1740351,12693,1,0,0,0,1,0,0
NearCombat,928,6.2411990948021412,5.9728,1.526784,,74,1740351,12693,1,0,0,0,1,0,0
NearCombat,929,6.1603034846484661,5.6573,1.491968,,74,1740351,12693,1,0,0,0,1,0,0
NearCombat,930,6.0153980739414692,6.1412,1.59232,,74,1740351,12745,1,0,0,0,1,0,0
NearCombat,931,6.4397957175970078,6.3132,1.577984,,74,1740351,12693,1,0,0,0,1,0,0
NearCombat,932,5.8911987580358982,6.6578,1.531904,,74,1740351,12693,1,0,0,0,1,0,0
NearCombat,933,6.1631021089851856,5.5992,1.504256,,74,1740351,12693,1,0,0,0,1,0,0
NearCombat,934,6.0652992688119411,6.5189,1.537024,,74,1740351,12693,1,0,0,0,1,0,0
NearCombat,935,6.3507016748189926,6.255,1.52064,,74,1740351,12693,1,0,0,0,1,0,0
NearCombat,936,5.9981010854244232,5.8327,1.583104,,74,1740351,12693,1,0,0,0,1,0,0
NearCombat,937,6.1293011531233788,7.1829,1.542144,,74,1740351,12693,1,0,0,0,1,0,0
NearCombat,938,6.1528980731964111,5.2057,1.563648,,74,1740351,12693,1,0,0,0,1,0,0
NearCombat,939,6.5000993199646473,6.3996,1.50016,,74,1740351,12693,1,0,0,0,1,0,0
NearCombat,940,5.7957977987825871,6.4465,1.538048,,74,1740351,12781,1,0,0,0,1,0,0
NearCombat,941,6.2139029614627361,5.4483,1.540096,,74,1740351,12693,1,0,0,0,1,0,0
NearCombat,942,6.1768991872668266,6.3685,1.577984,,74,1740351,12693,1,0,0,0,1,0,0
NearCombat,943,6.1364015564322472,6.1428,1.555456,,74,1740351,12693,1,0,0,0,1,0,0
NearCombat,944,6.2473001889884472,6.2972,1.537024,,74,1740351,12693,1,0,0,0,1,0,0
NearCombat,945,6.1383005231618881,6.1239,1.554432,,74,1740351,12693,1,0,0,0,1,0,0
NearCombat,946,6.1553996056318283,6.1468,1.497088,,74,1740351,12693,1,0,0,0,1,0,0
NearCombat,947,6.1313989572227,5.6194,1.522688,,74,1740351,12693,1,0,0,0,1,0,0
NearCombat,948,6.1698979698121548,6.7703,1.609728,,74,1740351,12693,1,0,0,0,1,0,0
NearCombat,949,6.1616990715265274,6.1709,1.538048,,74,1740351,12693,1,0,0,0,1,0,0
NearCombat,950,6.4055058173835278,6.1751,1.549312,,74,1740351,12693,1,0,0,0,1,0,0
NearCombat,951,6.04039803147316,6.1121,1.573888,,74,1740351,12693,1,0,0,0,1,0,0
NearCombat,952,6.1675948090851307,6.4974,1.559552,,74,1740351,12693,1,0,0,0,1,0,0
NearCombat,953,6.0087018646299839,6.1223,1.529856,,74,1740351,12693,1,0,0,0,1,0,0
NearCombat,954,6.2223994173109531,5.3604,1.589248,,74,1740351,12693,1,0,0,0,1,0,0
NearCombat,955,6.1313989572227,6.9076,1.521664,,74,1740351,12693,1,0,0,0,1,0,0
NearCombat,956,6.25020544975996,5.3375,1.588224,,74,1740351,12693,1,0,0,0,1,0,0
NearCombat,957,6.1385985463857651,6.48,1.579008,,74,1740351,12693,1,0,0,0,1,0,0
NearCombat,958,6.302898284047842,6.0522,1.53088,,74,1740351,12693,1,0,0,0,1,0,0
NearCombat,959,6.0122022405266762,6.2301,1.499136,,74,1740351,12693,1,0,0,0,1,0,0
NearCombat,960,6.0817957855761051,7.0183,1.532928,,74,1740351,12693,1,0,0,0,1,0,0
NearCombat,961,6.1432044021785259,5.0204,1.54112,,74,1740351,12693,1,0,0,0,1,0,0
NearCombat,962,6.2903980724513531,6.2398,1.550336,,74,1740351,12693,1,0,0,0,1,0,0
NearCombat,963,6.08059810474515,6.857,1.581056,,74,1740351,12745,1,0,0,0,1,0,0
NearCombat,964,6.3531035557389259,5.9274,1.526784,,74,1740351,12693,1,0,0,0,1,0,0
NearCombat,965,6.0355016030371189,6.4557,1.562624,,74,1740351,12781,1,0,0,0,1,0,0
NearCombat,966,6.0796979814767838,6.2555,1.583104,,74,1740351,12693,1,0,0,0,1,0,0
NearCombat,967,6.2669995240867138,5.3712,1.533952,,74,1740351,12693,1,0,0,0,1,0,0
NearCombat,968,6.0454010963439941,6.8328,1.523712,,74,1740351,12693,1,0,0,0,1,0,0
NearCombat,969,6.1393990181386471,6.0905,1.558528,,74,1740351,12693,1,0,0,0,1,0,0
NearCombat,970,6.2703019939363,6.4398,1.55136,,74,1740351,12693,1,0,0,0,1,0,0
NearCombat,971,6.4107002690434456,5.4357,1.518592,,74,1740351,12693,1,0,0,0,1,0,0
NearCombat,972,5.7781958021223545,5.8554,1.573888,,74,1740351,12693,1,0,0,0,1,0,0
NearCombat,973,6.137301679700613,6.5115,1.52576,,74,1740351,12693,1,0,0,0,1,0,0
NearCombat,974,6.1525013297796249,5.5413,1.564672,,74,1740351,12693,1,0,0,0,1,0,0
NearCombat,975,6.1610969714820385,6.2886,1.552384,,74,1740351,12693,1,0,0,0,1,0,0
FleetMedium,0,8.2931974902749062,8.5898,,,73,1401615,18993,1,0,0,0,1,0,0
FleetMedium,1,8.0122025683522224,7.9546,0.013312,,73,1401615,18905,1,0,0,0,1,0,0
FleetMedium,2,9.4729028642177582,6.9404,0.013312,,73,1401615,18905,1,0,0,0,1,0,0
FleetMedium,3,12.230598367750645,11.2473,0.012288,,73,1401615,18905,1,0,0,0,1,0,0
FleetMedium,4,12.376395985484123,11.1453,0.014336,,73,1401615,18905,1,0,0,0,1,0,0
FleetMedium,5,12.449702247977257,13.342,0.014336,,73,1401615,18905,1,0,0,0,1,0,0
FleetMedium,6,12.417701072990894,11.1568,0.016384,,73,1401615,31597,1,0,0,0,1,0,0
FleetMedium,7,12.483099475502968,13.0352,0.01536,,73,1401615,19349,1,0,0,0,1,0,0
FleetMedium,8,12.449298053979874,13.9816,0.014336,,73,1401615,19349,1,0,0,0,1,0,0
FleetMedium,9,12.215604074299335,12.4886,0.014336,,73,1401615,19349,1,0,0,0,1,0,0
FleetMedium,10,12.338301166892052,12.937,0.014336,,73,1401615,19401,1,0,0,0,1,0,0
FleetMedium,11,12.356993742287159,11.312,0.013312,,73,1401615,19349,1,0,0,0,1,0,0
FleetMedium,12,12.554804794490337,10.2434,0.01536,,73,1401615,19349,1,0,0,0,1,0,0
FleetMedium,13,12.237995862960815,13.9084,0.014336,,73,1401615,19349,1,0,0,0,1,0,0
FleetMedium,14,12.433900497853756,11.5246,0.023552,,73,1401615,19437,1,0,0,0,1,0,0
FleetMedium,15,12.455902993679047,13.1751,0.014336,,73,1401615,19349,1,0,0,0,1,0,0
FleetMedium,16,12.3218959197402,11.9304,0.014336,,73,1401615,19349,1,0,0,0,1,0,0
FleetMedium,17,12.551906518638134,11.867,0.022528,,73,1401615,19349,1,0,0,0,1,0,0
FleetMedium,18,12.502700090408325,14.2074,0.013312,,73,1401615,19349,1,0,0,0,1,0,0
FleetMedium,19,12.187797576189041,12.3296,0.013312,,73,1401615,19349,1,0,0,0,1,0,0
FleetMedium,20,12.505300343036652,11.5634,0.01536,,73,1401615,19349,1,0,0,0,1,0,0
FleetMedium,21,12.428699061274529,12.7147,0.023552,,73,1401615,19349,1,0,0,0,1,0,0
FleetMedium,22,12.382199987769127,11.4206,0.014336,,73,1401615,19349,1,0,0,0,1,0,0
FleetMedium,23,12.363102287054062,13.865,0.014336,,73,1401615,19349,1,0,0,0,1,0,0
FleetMedium,24,12.309701181948185,10.3711,0.013312,,73,1401615,20001,1,0,0,0,1,0,0
FleetMedium,25,12.450297363102436,11.9512,0.016384,,73,1401615,19349,1,0,0,0,1,0,0
FleetMedium,26,12.550496496260166,12.3077,0.031744,,73,1401615,19349,1,0,0,0,1,0,0
FleetMedium,27,12.457305565476418,12.2883,0.014336,,73,1401615,19489,1,0,0,0,1,0,0
FleetMedium,28,12.283198535442352,12.6518,0.014336,,73,1401615,19349,1,0,0,0,1,0,0
FleetMedium,29,12.368296273052692,13.0079,0.01536,,73,1401615,19349,1,0,0,0,1,0,0
FleetMedium,30,12.640702538192272,14.3268,0.014336,,73,1401615,19349,1,0,0,0,1,0,0
FleetMedium,31,12.218502350151539,9.5189,0.013312,,73,1401615,19349,1,0,0,0,1,0,0
FleetMedium,32,12.43249699473381,12.1458,0.014336,,73,1401615,19349,1,0,0,0,1,0,0
FleetMedium,33,12.498299591243267,13.3481,0.03072,,73,1401615,19349,1,0,0,0,1,0,0
FleetMedium,34,12.52059917896986,13.8564,0.013312,,73,1401615,19349,1,0,0,0,1,0,0
FleetMedium,35,12.396201491355896,10.8306,0.013312,,73,1401615,19349,1,0,0,0,1,0,0
FleetMedium,36,12.506696395576,12.8697,0.016384,,73,1401615,19349,1,0,0,0,1,0,0
FleetMedium,37,12.236805632710457,11.851,0.014336,,73,1401615,19349,1,0,0,0,1,0,0
FleetMedium,38,12.468898668885231,13.14,0.013312,,73,1401615,19349,1,0,0,0,1,0,0
FleetMedium,39,12.245599180459976,12.4372,0.014336,,73,1401615,19437,1,0,0,0,1,0,0
FleetMedium,40,12.532802298665047,11.7106,0.01536,,73,1401615,19349,1,0,0,0,1,0,0
FleetMedium,41,12.396896257996559,11.8558,0.013312,,73,1401615,19349,1,0,0,0,1,0,0
FleetMedium,42,12.516801245510578,11.7644,0.013312,,73,1401615,19349,1,0,0,0,1,0,0
FleetMedium,43,12.320096604526043,14.4038,0.013312,,73,1401615,19349,1,0,0,0,1,0,0
FleetMedium,44,12.370004318654537,11.3895,0.014336,,73,1401615,19401,1,0,0,0,1,0,0
FleetMedium,45,12.257496826350689,11.9563,0.01536,,73,1401615,19349,1,0,0,0,1,0,0
FleetMedium,46,12.59199995547533,11.6068,0.014336,,73,1401615,19349,1,0,0,0,1,0,0
FleetMedium,47,12.336599640548229,13.1208,0.032768,,73,1401615,19349,1,0,0,0,1,0,0
FleetMedium,48,12.310600839555264,14.8407,0.014336,,73,1401615,19349,1,0,0,0,1,0,0
FleetMedium,49,12.333999387919903,10.2993,0.01536,,73,1401615,19349,1,0,0,0,1,0,0
FleetMedium,50,12.542502954602242,12.4434,0.013312,,73,1401615,19349,1,0,0,0,1,0,0
FleetMedium,51,12.244401499629021,12.9553,0.022528,,73,1401615,19349,1,0,0,0,1,0,0
FleetMedium,52,12.375793419778347,11.6551,0.01536,,73,1401615,19437,1,0,0,0,1,0,0
FleetMedium,53,12.351104989647865,12.4957,0.01536,,73,1401615,19349,1,0,0,0,1,0,0
FleetMedium,54,12.527897953987122,12.8661,0.013312,,73,1401615,19349,1,0,0,0,1,0,0
FleetMedium,55,12.322201393544674,12.1582,0.01536,,73,1401615,19349,1,0,0,0,1,0,0
FleetMedium,56,12.27109506726265,10.8831,0.022528,,73,1401615,19349,1,0,0,0,1,0,0
FleetMedium,57,13.237499631941319,13.3786,0.014336,,73,1401615,19349,1,0,0,0,1,0,0
FleetMedium,58,12.368402443826199,15.3295,0.02048,,73,1401615,19349,1,0,0,0,1,0,0
FleetMedium,59,12.408099137246609,9.9399,0.013312,,73,1401615,19349,1,0,0,0,1,0,0
FleetMedium,60,12.342503294348717,12.1352,0.01536,,73,1401615,19349,1,0,0,0,1,0,0
FleetMedium,61,12.38709595054388,12.5814,0.012288,,73,1401615,19401,1,0,0,0,1,0,0
FleetMedium,62,12.290901504456997,11.9048,0.01536,,73,1401615,19349,1,0,0,0,1,0,0
FleetMedium,63,12.510898523032665,12.7471,0.031744,,73,1401615,19349,1,0,0,0,1,0,0
FleetMedium,64,12.216602452099323,11.9835,0.014336,,73,1401615,19349,1,0,0,0,1,0,0
FleetMedium,65,12.324397452175617,11.994,0.021504,,73,1401615,20089,1,0,0,0,1,0,0
FleetMedium,66,12.659205123782158,13.053,0.013312,,73,1401615,19349,1,0,0,0,1,0,0
FleetMedium,67,12.214300222694874,11.4962,0.013312,,73,1401615,19349,1,0,0,0,1,0,0
FleetMedium,68,12.292900122702122,13.2004,0.014336,,73,1401615,19349,1,0,0,0,1,0,0
FleetMedium,69,12.382199987769127,12.7428,0.03072,,73,1401615,19349,1,0,0,0,1,0,0
FleetMedium,70,12.316497042775154,11.1841,0.022528,,73,1401615,19349,1,0,0,0,1,0,0
FleetMedium,71,12.566801160573959,13.2453,0.013312,,73,1401615,19349,1,0,0,0,1,0,0
FleetMedium,72,12.21770141273737,13.7859,0.013312,,73,1401615,19349,1,0,0,0,1,0,0
FleetMedium,73,12.434998527169228,10.8428,0.013312,,73,1401615,19349,1,0,0,0,1,0,0
FleetMedium,74,12.288101948797703,11.4491,0.014336,,73,1401615,19349,1,0,0,0,1,0,0
FleetMedium,75,12.314597144722939,12.7908,0.014336,,73,1401615,19349,1,0,0,0,1,0,0
FleetMedium,76,12.346201576292515,12.2474,0.014336,,73,1401615,19349,1,0,0,0,1,0,0
FleetMedium,77,12.332901358604431,13.3906,0.016384,,73,1401615,19349,1,0,0,0,1,0,0
FleetMedium,78,12.389193288981915,11.8381,0.014336,,73,1401615,19489,1,0,0,0,1,0,0
FleetMedium,79,12.392906472086906,11.9944,0.014336,,73,1401615,19349,1,0,0,0,1,0,0
FleetMedium,80,12.502494268119335,12.5928,0.013312,,73,1401615,19349,1,0,0,0,1,0,0
FleetMedium,81,12.354102917015553,11.4061,0.014336,,73,1401615,19349,1,0,0,0,1,0,0
FleetMedium,82,12.55230326205492,14.2453,0.014336,,73,1401615,19349,1,0,0,0,1,0,0
FleetMedium,83,12.306993827223778,12.2059,0.013312,,73,1401615,19349,1,0,0,0,1,0,0
FleetMedium,84,12.398200109601021,10.7701,0.01536,,73,1401615,19349,1,0,0,0,1,0,0
FleetMedium,85,12.244905345141888,13.0477,0.013312,,73,1401615,19349,1,0,0,0,1,0,0
FleetMedium,86,12.314398773014545,12.0018,0.014336,,73,1401615,19349,1,0,0,0,1,0,0
FleetMedium,87,12.391900643706322,12.999,0.02048,,73,1401615,19349,1,0,0,0,1,0,0
FleetMedium,88,12.441199272871017,12.5811,0.022528,,73,1401615,19349,1,0,0,0,1,0,0
FleetMedium,89,12.250594794750214,11.5645,0.012288,,73,1401615,19349,1,0,0,0,1,0,0
FleetMedium,90,12.499405071139336,12.2687,0.01536,,73,1401615,19349,1,0,0,0,1,0,0
FleetMedium,91,12.230498716235161,12.2691,0.012288,,73,1401615,19437,1,0,0,0,1,0,0
FleetMedium,92,12.284297496080399,12.2364,0.013312,,73,1401615,19349,1,0,0,0,1,0,0
FleetMedium,93,12.491702102124691,13.029,0.014336,,73,1401615,19349,1,0,0,0,1,0,0
FleetMedium,94,12.494898401200771,13.1529,0.013312,,73,1401615,19349,1,0,0,0,1,0,0
FleetMedium,95,12.264002114534378,11.4308,0.014336,,73,1401615,19401,1,0,0,0,1,0,0
FleetMedium,96,12.398200109601021,13.5067,0.022528,,73,1401615,19349,1,0,0,0,1,0,0
FleetMedium,97,12.446201406419277,10.5739,0.013312,,73,1401615,19349,1,0,0,0,1,0,0
FleetMedium,98,12.363598681986332,13.2739,0.014336,,73,1401615,19349,1,0,0,0,1,0,0
FleetMedium,99,12.180902995169163,11.9006,0.021504,,73,1401615,19349,1,0,0,0,1,0,0
FleetMedium,100,12.549497187137604,12.0131,0.01536,,73,1401615,19349,1,0,0,0,1,0,0
FleetMedium,101,12.211897410452366,13.2144,0.023552,,73,1401615,19349,1,0,0,0,1,0,0
FleetMedium,102,12.561004608869553,12.5662,0.012288,,73,1401615,19349,1,0,0,0,1,0,0
FleetMedium,103,12.298894114792347,10.9664,0.012288,,73,1401615,19349,1,0,0,0,1,0,0
FleetMedium,104,12.4301016330719,12.4238,0.014336,,73,1401615,19437,1,0,0,0,1,0,0
FleetMedium,105,12.318898923695087,12.8025,0.03072,,73,1401615,19349,1,0,0,0,1,0,0
FleetMedium,106,12.176502496004105,13.1734,0.014336,,73,1401615,20001,1,0,0,0,1,0,0
FleetMedium,107,12.449702247977257,11.9487,0.014336,,73,1401615,19349,1,0,0,0,1,0,0
FleetMedium,108,12.454301118850708,12.1901,0.022528,,73,1401615,19349,1,0,0,0,1,0,0
FleetMedium,109,12.306398712098598,11.7293,0.01536,,73,1401615,19349,1,0,0,0,1,0,0
FleetMedium,110,12.242396362125874,12.8093,0.028672,,73,1401615,19349,1,0,0,0,1,0,0
FleetMedium,111,12.487499974668026,12.7029,0.014336,,73,1401615,19349,1,0,0,0,1,0,0
FleetMedium,112,12.350099161267281,11.9078,0.01536,,73,1401615,19401,1,0,0,0,1,0,0
FleetMedium,113,12.378599494695663,11.8417,0.014336,,73,1401615,19349,1,0,0,0,1,0,0
FleetMedium,114,12.370805256068707,13.9737,0.014336,,73,1401615,19349,1,0,0,0,1,0,0
FleetMedium,115,12.336599640548229,11.0097,0.012288,,73,1401615,19349,1,0,0,0,1,0,0
FleetMedium,116,12.466298416256905,12.8907,0.014336,,73,1401615,19349,1,0,0,0,1,0,0
FleetMedium,117,12.447498738765717,11.6033,0.013312,,73,1401615,19437,1,0,0,0,1,0,0
FleetMedium,118,12.253103777766228,13.6188,0.014336,,73,1401615,19349,1,0,0,0,1,0,0
FleetMedium,119,12.313194572925568,11.5938,0.016384,,73,1401615,19349,1,0,0,0,1,0,0
FleetMedium,120,12.414001859724522,12.5178,0.013312,,73,1401615,19349,1,0,0,0,1,0,0
FleetMedium,121,12.114697135984898,12.5483,0.012288,,73,1401615,19349,1,0,0,0,1,0,0
FleetMedium,122,12.714901939034462,11.5652,0.014336,,73,1401615,19349,1,0,0,0,1,0,0
FleetMedium,123,12.325099669396877,14.0865,0.014336,,73,1401615,19349,1,0,0,0,1,0,0
FleetMedium,124,12.359799817204475,11.1207,0.021504,,73,1401615,19349,1,0,0,0,1,0,0
FleetMedium,125,12.23480049520731,12.2546,0.013312,,73,1401615,19349,1,0,0,0,1,0,0
FleetMedium,126,12.347300536930561,11.9289,0.013312,,73,1401615,19349,1,0,0,0,1,0,0
FleetMedium,127,12.375404126942158,12.7135,0.013312,,73,1401615,19349,1,0,0,0,1,0,0
FleetMedium,128,12.216496281325817,12.2167,0.019456,,73,1401615,19349,1,0,0,0,1,0,0
FleetMedium,129,12.929598800837994,12.3252,0.032768,,73,1401615,19401,1,0,0,0,1,0,0
FleetMedium,130,11.888300999999046,13.2883,0.014336,,73,1401615,19437,1,0,0,0,1,0,0
FleetMedium,131,12.37640343606472,12.2766,0.013312,,73,1401615,19349,1,0,0,0,1,0,0
FleetMedium,132,12.445599772036076,11.2499,0.013312,,73,1401615,19349,1,0,0,0,1,0,0
FleetMedium,133,12.526998296380043,12.9117,0.013312,,73,1401615,19349,1,0,0,0,1,0,0
FleetMedium,134,12.680002488195896,12.5551,0.014336,,73,1401615,19349,1,0,0,0,1,0,0
FleetMedium,135,12.127097696065903,12.5687,0.02048,,73,1401615,19349,1,0,0,0,1,0,0
FleetMedium,136,12.29109987616539,12.3196,0.022528,,73,1401615,19349,1,0,0,0,1,0,0
FleetMedium,137,12.31099758297205,12.2182,0.014336,,73,1401615,19349,1,0,0,0,1,0,0
FleetMedium,138,12.602401897311211,11.2654,0.02048,,73,1401615,19477,1,0,0,0,1,0,0
FleetMedium,139,12.556299567222595,15.3537,0.013312,,73,1401615,19349,1,0,0,0,1,0,0
FleetMedium,140,12.326098047196865,10.5649,0.012288,,73,1401615,19349,1,0,0,0,1,0,0
FleetMedium,141,12.038002721965313,13.2968,0.017408,,73,1401615,19349,1,0,0,0,1,0,0
FleetMedium,142,12.36400194466114,11.3092,0.014336,,73,1401615,19437,1,0,0,0,1,0,0
FleetMedium,143,12.58579920977354,11.9755,0.021504,,73,1401615,19349,1,0,0,0,1,0,0
FleetMedium,144,12.36229483038187,12.787,0.01536,,73,1401615,19349,1,0,0,0,1,0,0
FleetMedium,145,12.425304390490055,12.5233,0.014336,,73,1401615,19349,1,0,0,0,1,0,0
FleetMedium,146,12.369798496365547,12.6482,0.01536,,73,1401615,19401,1,0,0,0,1,0,0
FleetMedium,147,12.185700237751007,11.8538,0.021504,,73,1401615,20001,1,0,0,0,1,0,0
FleetMedium,148,12.514802627265453,11.5888,0.029696,,73,1401615,19349,1,0,0,0,1,0,0
FleetMedium,149,12.301495298743248,13.1688,0.012288,,73,1401615,19349,1,0,0,0,1,0,0
FleetMedium,150,12.355200946331024,12.416,0.014336,,73,1401615,19349,1,0,0,0,1,0,0
FleetMedium,151,12.380598112940788,13.2472,0.013312,,73,1401615,19349,1,0,0,0,1,0,0
FleetMedium,152,12.367899529635906,10.9921,0.013312,,73,1401615,19349,1,0,0,0,1,0,0
FleetMedium,153,12.286202982068062,12.6381,0.014336,,73,1401615,19349,1,0,0,0,1,0,0
FleetMedium,154,12.488102540373802,11.9279,0.019456,,73,1401615,19349,1,0,0,0,1,0,0
FleetMedium,155,12.354095466434956,14.486,0.013312,,73,1401615,19437,1,0,0,0,1,0,0
FleetMedium,156,12.523398734629154,11.0822,0.013312,,73,1401615,19349,1,0,0,0,1,0,0
FleetMedium,157,12.34840601682663,12.1603,0.023552,,73,1401615,19349,1,0,0,0,1,0,0
FleetMedium,158,12.310097925364971,12.0772,0.014336,,73,1401615,19349,1,0,0,0,1,0,0
FleetMedium,159,12.575998902320862,12.0313,0.021504,,73,1401615,19349,1,0,0,0,1,0,0
FleetMedium,160,12.174099683761597,14.4021,0.014336,,73,1401615,19349,1,0,0,0,1,0,0
FleetMedium,161,12.371499091386795,11.7438,0.021504,,73,1401615,19349,1,0,0,0,1,0,0
FleetMedium,162,12.318997643887997,11.1429,0.014336,,73,1401615,19349,1,0,0,0,1,0,0
FleetMedium,163,12.22810335457325,12.4175,0.013312,,73,1401615,19401,1,0,0,0,1,0,0
FleetMedium,164,12.446499429643154,12.1831,0.014336,,73,1401615,19349,1,0,0,0,1,0,0
FleetMedium,165,12.345096096396446,12.7057,0.014336,,73,1401615,19349,1,0,0,0,1,0,0
FleetMedium,166,12.3558035120368,12.2493,0.021504,,73,1401615,19349,1,0,0,0,1,0,0
FleetMedium,167,12.335799634456635,12.3503,0.014336,,73,1401615,19349,1,0,0,0,1,0,0
FleetMedium,168,12.29460071772337,12.1227,0.01536,,73,1401615,19437,1,0,0,0,1,0,0
FleetMedium,169,12.595499865710735,12.3012,0.021504,,73,1401615,19349,1,0,0,0,1,0,0
FleetMedium,170,12.343898415565491,13.1593,0.022528,,73,1401615,19349,1,0,0,0,1,0,0
FleetMedium,171,12.35909853130579,13.2501,0.014336,,73,1401615,19349,1,0,0,0,1,0,0
FleetMedium,172,12.52400130033493,14.097,0.01536,,73,1401615,19349,1,0,0,0,1,0,0
FleetMedium,173,13.795400969684124,8.7255,0.021504,,73,1401615,19349,1,0,0,0,1,0,0
FleetMedium,174,13.083397410809994,15.8428,0.032768,,73,1401615,19381,1,0,0,0,1,0,0
FleetMedium,175,10.083701461553574,14.4193,0.013312,,73,1401615,19381,1,0,0,0,1,0,0
FleetMedium,176,12.113301083445549,6.8565,0.01536,,73,1401615,19349,1,0,0,0,1,0,0
FleetMedium,177,12.457199394702911,11.735,0.019456,,73,1401615,19349,1,0,0,0,1,0,0
FleetMedium,178,12.225503101944923,12.5063,0.028672,,73,1401615,19349,1,0,0,0,1,0,0
FleetMedium,179,12.402196414768696,12.6489,0.021504,,73,1401615,19349,1,0,0,0,1,0,0
FleetMedium,180,12.157298624515533,12.5933,0.012288,,73,1401615,19401,1,0,0,0,1,0,0
FleetMedium,181,12.550899758934975,11.5269,0.014336,,73,1401615,19437,1,0,0,0,1,0,0
FleetMedium,182,12.235005386173725,11.9809,0.02048,,73,1401615,19349,1,0,0,0,1,0,0
FleetMedium,183,12.329698540270329,12.8672,0.028672,,73,1401615,19349,1,0,0,0,1,0,0
FleetMedium,184,12.643799185752869,12.2532,0.012288,,73,1401615,19349,1,0,0,0,1,0,0
FleetMedium,185,12.093898840248585,13.4753,0.014336,,73,1401615,19349,1,0,0,0,1,0,0
FleetMedium,186,12.49260175973177,13.1888,0.014336,,73,1401615,19349,1,0,0,0,1,0,0
FleetMedium,187,12.189299799501896,10.4034,0.021504,,73,1401615,19349,1,0,0,0,1,0,0
FleetMedium,188,12.338499538600445,12.3842,0.014336,,73,1401615,20001,1,0,0,0,1,0,0
FleetMedium,189,12.3370960354805,13.6114,0.02048,,73,1401615,19349,1,0,0,0,1,0,0
FleetMedium,190,12.318303808569908,11.5602,0.012288,,73,1401615,19349,1,0,0,0,1,0,0
FleetMedium,191,12.321300804615021,12.139099999999999,0.02048,,73,1401615,19349,1,0,0,0,1,0,0
FleetMedium,192,12.564796023070812,13.0096,0.014336,,73,1401615,19349,1,0,0,0,1,0,0
FleetMedium,193,12.319699861109257,12.0105,0.013312,,73,1401615,19349,1,0,0,0,1,0,0
FleetMedium,194,12.268402613699436,12.6269,0.019456,,73,1401615,19437,1,0,0,0,1,0,0
FleetMedium,195,12.393303215503693,12.0968,0.022528,,73,1401615,19349,1,0,0,0,1,0,0
FleetMedium,196,12.441297993063927,12.5706,0.028672,,73,1401615,19349,1,0,0,0,1,0,0
FleetMedium,197,12.193700298666954,11.688,0.013312,,73,1401615,19401,1,0,0,0,1,0,0
FleetMedium,198,12.388201430439949,11.9496,0.014336,,73,1401615,19349,1,0,0,0,1,0,0
FleetMedium,199,12.279393151402473,12.4497,0.014336,,73,1401615,19349,1,0,0,0,1,0,0
FleetMedium,200,12.17230036854744,11.9947,0.029696,,73,1401615,19349,1,0,0,0,1,0,0
FleetMedium,201,12.558801099658012,12.5714,0.014336,,73,1401615,19349,1,0,0,0,1,0,0
FleetMedium,202,12.336104176938534,13.0414,0.01536,,73,1401615,19349,1,0,0,0,1,0,0
FleetMedium,203,12.196995317935944,12.4293,0.012288,,73,1401615,19349,1,0,0,0,1,0,0
FleetMedium,204,12.605201452970505,12.0079,0.014336,,73,1401615,19349,1,0,0,0,1,0,0
FleetMedium,205,12.118501588702202,12.1614,0.028672,,73,1401615,19349,1,0,0,0,1,0,0
FleetMedium,206,12.335601262748241,11.8569,0.013312,,73,1401615,19349,1,0,0,0,1,0,0
FleetMedium,207,12.307596392929554,13.0076,0.021504,,73,1401615,19437,1,0,0,0,1,0,0
FleetMedium,208,12.311103753745556,12.8148,0.013312,,73,1401615,19349,1,0,0,0,1,0,0
FleetMedium,209,12.411295436322689,12.0654,0.014336,,73,1401615,19349,1,0,0,0,1,0,0
FleetMedium,210,12.400205247104168,11.351,0.014336,,73,1401615,19349,1,0,0,0,1,0,0
FleetMedium,211,12.236897833645344,14.3123,0.014336,,73,1401615,19349,1,0,0,0,1,0,0
FleetMedium,212,12.237400747835636,11.3272,0.014336,,73,1401615,19349,1,0,0,0,1,0,0
FleetMedium,213,12.272696942090988,11.6044,0.013312,,73,1401615,19349,1,0,0,0,1,0,0
FleetMedium,214,12.455002404749393,11.7471,0.016384,,73,1401615,19401,1,0,0,0,1,0,0
FleetMedium,215,12.558496557176113,13.0896,0.012288,,73,1401615,19349,1,0,0,0,1,0,0
FleetMedium,216,12.342503294348717,12.4127,0.013312,,73,1401615,19349,1,0,0,0,1,0,0
FleetMedium,217,12.287897057831287,12.0163,0.013312,,73,1401615,19349,1,0,0,0,1,0,0
FleetMedium,218,12.355704791843891,12.708,0.03072,,73,1401615,19349,1,0,0,0,1,0,0
FleetMedium,219,12.499900534749031,12.0834,0.02048,,73,1401615,19349,1,0,0,0,1,0,0
FleetMedium,220,13.074398040771484,12.6866,0.013312,,73,1401615,19437,1,0,0,0,1,0,0
FleetMedium,221,12.2231999412179,13.5544,0.022528,,73,1401615,19349,1,0,0,0,1,0,0
FleetMedium,222,12.634296901524067,12.1805,0.014336,,73,1401615,19349,1,0,0,0,1,0,0
FleetMedium,223,12.086600065231323,11.5958,0.027648,,73,1401615,19349,1,0,0,0,1,0,0
FleetMedium,224,12.321704998612404,12.4235,0.014336,,73,1401615,19349,1,0,0,0,1,0,0
FleetMedium,225,12.417396530508995,12.1744,0.01536,,73,1401615,19349,1,0,0,0,1,0,0
FleetMedium,226,12.203202582895756,12.3644,0.022528,,73,1401615,19349,1,0,0,0,1,0,0
FleetMedium,227,12.305796146392822,12.178,0.012288,,73,1401615,19349,1,0,0,0,1,0,0
FleetMedium,228,12.286401353776455,12.2769,0.021504,,73,1401615,19349,1,0,0,0,1,0,0
FleetMedium,229,12.301296927034855,12.0295,0.014336,,73,1401615,20001,1,0,0,0,1,0,0
FleetMedium,230,12.359105981886387,12.3085,0.013312,,73,1401615,19349,1,0,0,0,1,0,0
FleetMedium,231,12.198597192764282,12.0525,0.014336,,73,1401615,19401,1,0,0,0,1,0,0
FleetMedium,232,12.174099683761597,12.348,0.029696,,73,1401615,19349,1,0,0,0,1,0,0
FleetMedium,233,12.319303117692471,12.1037,0.013312,,73,1401615,19437,1,0,0,0,1,0,0
FleetMedium,234,12.365596368908882,12.2356,0.013312,,73,1401615,19349,1,0,0,0,1,0,0
FleetMedium,235,12.383900582790375,13.3812,0.029696,,73,1401615,19349,1,0,0,0,1,0,0
FleetMedium,236,12.357397936284542,11.8506,0.014336,,73,1401615,19349,1,0,0,0,1,0,0
FleetMedium,237,12.25410308688879,12.0011,0.021504,,73,1401615,19349,1,0,0,0,1,0,0
FleetMedium,238,12.465299107134342,13.0111,0.014336,,73,1401615,19349,1,0,0,0,1,0,0
FleetMedium,239,12.635097838938236,12.0407,0.014336,,73,1401615,19349,1,0,0,0,1,0,0
FleetMedium,240,12.294905260205269,12.875,0.013312,,73,1401615,19349,1,0,0,0,1,0,0
FleetMedium,241,12.232298962771893,12.1673,0.014336,,73,1401615,19349,1,0,0,0,1,0,0
FleetMedium,242,12.240597046911716,12.9523,0.019456,,73,1401615,19349,1,0,0,0,1,0,0
FleetMedium,243,12.573200277984142,11.2165,0.013312,,73,1401615,19349,1,0,0,0,1,0,0
FleetMedium,244,12.307504191994667,12.5997,0.02048,,73,1401615,19349,1,0,0,0,1,0,0
FleetMedium,245,12.25739810615778,12.3877,0.013312,,73,1401615,19349,1,0,0,0,1,0,0
FleetMedium,246,12.306901626288891,12.1484,0.013312,,73,1401615,19437,1,0,0,0,1,0,0
FleetMedium,247,12.291000224649906,13.1142,0.013312,,73,1401615,19349,1,0,0,0,1,0,0
FleetMedium,248,12.291694991290569,11.2512,0.013312,,73,1401615,19401,1,0,0,0,1,0,0
FleetMedium,249,12.630903162062168,12.5857,0.016384,,73,1401615,19349,1,0,0,0,1,0,0
FleetMedium,250,12.114498764276505,12.2877,0.013312,,73,1401615,19349,1,0,0,0,1,0,0
FleetMedium,251,12.272002175450325,12.3768,0.012288,,73,1401615,19349,1,0,0,0,1,0,0
FleetMedium,252,12.397102080285549,12.1212,0.014336,,73,1401615,19349,1,0,0,0,1,0,0
FleetMedium,253,12.36449833959341,12.1853,0.021504,,73,1401615,19349,1,0,0,0,1,0,0
FleetMedium,254,12.622399255633354,12.8908,0.019456,,73,1401615,19349,1,0,0,0,1,0,0
FleetMedium,255,12.054300867021084,12.4102,0.013312,,73,1401615,19349,1,0,0,0,1,0,0
FleetMedium,256,12.143600732088089,12.2388,0.013312,,73,1401615,19349,1,0,0,0,1,0,0
FleetMedium,257,12.554697692394257,12.8666,0.014336,,73,1401615,19349,1,0,0,0,1,0,0
FleetMedium,258,12.394897639751434,11.6878,0.019456,,73,1401615,19349,1,0,0,0,1,0,0
FleetMedium,259,12.491801753640175,11.8795,0.022528,,73,1401615,19437,1,0,0,0,1,0,0
FleetMedium,260,12.209701351821423,13.6675,0.021504,,73,1401615,19349,1,0,0,0,1,0,0
FleetMedium,261,12.397300451993942,11.7501,0.01536,,73,1401615,19349,1,0,0,0,1,0,0
FleetMedium,262,12.539398856461048,12.0422,0.014336,,73,1401615,19349,1,0,0,0,1,0,0
FleetMedium,263,12.325899675488472,12.6162,0.013312,,73,1401615,19349,1,0,0,0,1,0,0
FleetMedium,264,12.298298999667168,12.2199,0.026624,,73,1401615,19349,1,0,0,0,1,0,0
FleetMedium,265,12.2937997803092,14.448,0.022528,,73,1401615,19401,1,0,0,0,1,0,0
FleetMedium,266,12.330902740359306,10.083,0.014336,,73,1401615,19349,1,0,0,0,1,0,0
FleetMedium,267,14.705300331115723,11.9231,0.029696,,73,1401615,19349,1,0,0,0,1,0,0
FleetMedium,268,12.436394579708576,22.022,0.013312,,73,1401615,35441,1,0,0,0,1,0,0
FleetMedium,269,126.45420432090759,19.5773,,,0,0,12873,1,0,0,0,1,0,0
FleetMedium,270,6.6872024908661842,113.4906,0.029696,,381,2825228,12781,1,0,0,0,1,0,0
FleetMedium,271,4.6581989154219627,4.805,0.49664,,73,1401615,12693,1,0,0,0,1,0,0
FleetMedium,272,5.0159012898802757,4.9584,1.41824,,73,1401615,12693,1,0,0,0,1,0,0
FleetMedium,273,4.8421979881823063,4.7773,1.3568,,73,1401615,12745,1,0,0,0,1,0,0
FleetMedium,274,4.6863025054335594,4.7675,1.736704,,73,1401615,12693,1,0,0,0,1,0,0
FleetMedium,275,5.2317958325147629,4.9251,1.359872,,73,1401615,12693,1,0,0,0,1,0,0
FleetMedium,276,6.051303818821907,4.6715,1.419264,,73,1401615,12693,1,0,0,0,1,0,0
FleetMedium,277,7.3253968730568886,6.7684,1.36704,,73,1401615,12693,1,0,0,0,1,0,0
FleetMedium,278,6.1670988798141479,8.1616,1.379328,,73,1401615,12693,1,0,0,0,1,0,0
FleetMedium,279,5.5230017751455307,5.7135,1.335296,,73,1401615,12781,1,0,0,0,1,0,0
FleetMedium,280,5.89029910042882,5.238,1.384448,,73,1401615,12693,1,0,0,0,1,0,0
FleetMedium,281,8.8677015155553818,5.8264,1.302528,,73,1401615,12693,1,0,0,0,1,0,0
FleetMedium,282,5.5059026926755905,9.0638,1.380352,,73,1401615,12693,1,0,0,0,1,0,0
FleetMedium,283,5.1192957907915115,5.2064,1.284096,,73,1401615,12693,1,0,0,0,1,0,0
FleetMedium,284,5.3311013616621494,4.8914,1.384448,,73,1401615,12693,1,0,0,0,1,0,0
FleetMedium,285,6.2091979198157787,5.0486,1.404928,,73,1401615,12693,1,0,0,0,1,0,0
FleetMedium,286,6.3531035557389259,6.1573,1.394688,,73,1401615,12693,1,0,0,0,1,0,0
FleetMedium,287,5.8591980487108231,6.6573,1.409024,,73,1401615,12693,1,0,0,0,1,0,0
FleetMedium,288,6.1982991173863411,5.8504,1.385472,,73,1401615,12693,1,0,0,0,1,0,0
FleetMedium,289,6.1784014105796814,6.544,1.281024,,73,1401615,12693,1,0,0,0,1,0,0
FleetMedium,290,6.2207980081439018,6.1363,1.414144,,73,1401615,12693,1,0,0,0,1,0,0
FleetMedium,291,6.20240205898881,5.8977,1.388544,,73,1401615,12693,1,0,0,0,1,0,0
FleetMedium,292,6.0067037120461464,6.7523,1.284096,,73,1401615,12693,1,0,0,0,1,0,0
FleetMedium,293,6.1271968297660351,5.4133,1.378304,,73,1401615,12693,1,0,0,0,1,0,0
FleetMedium,294,6.3415034674108028,6.6775,1.385472,,73,1401615,12693,1,0,0,0,1,0,0
FleetMedium,295,5.9916949830949306,5.7402,1.311744,,73,1401615,12693,1,0,0,0,1,0,0
FleetMedium,296,6.1407028697431087,5.8185,1.383424,,73,1401615,12693,1,0,0,0,1,0,0
FleetMedium,297,6.2977960333228111,6.248,1.343488,,73,1401615,12693,1,0,0,0,1,0,0
FleetMedium,298,5.9839002788066864,6.6892,1.296384,,73,1401615,12693,1,0,0,0,1,0,0
FleetMedium,299,20.606201142072678,5.8276,,,0,0,12693,1,0,0,0,1,0,0
FleetMedium,300,5.9223002754151821,21.3762,1.3824,,146,2803230,12693,1,0,0,0,1,0,0
FleetMedium,301,4.4454010203480721,4.4779,1.73568,,73,1401615,12693,1,0,0,0,1,0,0
FleetMedium,302,5.14600332826376,5.131,1.3568,,73,1401615,12781,1,0,0,0,1,0,0
FleetMedium,303,4.5990007929503918,4.6069,1.323008,,73,1401615,12693,1,0,0,0,1,0,0
FleetMedium,304,4.2882934212684631,4.336,1.390592,,73,1401615,12693,1,0,0,0,1,0,0
FleetMedium,305,4.5535005629062653,4.4338,1.662976,,73,1401615,12745,1,0,0,0,1,0,0
FleetMedium,306,5.69649925455451,5.1774,1.340416,,73,1401615,12693,1,0,0,0,1,0,0
FleetMedium,307,6.0117063112556934,5.4792,1.303552,,73,1401615,12693,1,0,0,0,1,0,0
FleetMedium,308,6.31059380248189,5.6987,1.389568,,73,1401615,12693,1,0,0,0,1,0,0
FleetMedium,309,6.0074049979448318,6.6389,1.34144,,73,1401615,12693,1,0,0,0,1,0,0
FleetMedium,310,6.1780968680977821,6.0841,1.338368,,73,1401615,12693,1,0,0,0,1,0,0
FleetMedium,311,6.5012047998607159,7.5744,1.345536,,73,1401615,12693,1,0,0,0,1,0,0
FleetMedium,312,5.8793933130800724,5.4696,1.316864,,73,1401615,12693,1,0,0,0,1,0,0
FleetMedium,313,6.138400174677372,5.2882,1.393664,,73,1401615,12693,1,0,0,0,1,0,0
FleetMedium,314,6.6891014575958252,6.568,1.38752,,73,1401615,12693,1,0,0,0,1,0,0
FleetMedium,315,6.1107994988560677,5.9992,1.363968,,73,1401615,12693,1,0,0,0,1,0,0
FleetMedium,316,6.1564058996737,6.474,1.353728,,73,1401615,12693,1,0,0,0,1,0,0
FleetMedium,317,6.2801940366625786,5.8936,1.374208,,73,1401615,12693,1,0,0,0,1,0,0
FleetMedium,318,6.0875993221998215,5.9989,1.360896,,73,1401615,12693,1,0,0,0,1,0,0
FleetMedium,319,6.1137047596275806,6.9152,1.299456,,73,1401615,12693,1,0,0,0,1,0,0
FleetMedium,320,6.2048966065049171,5.1966,1.352704,,73,1401615,12693,1,0,0,0,1,0,0
FleetMedium,321,6.2299035489559174,6.6778,1.388544,,73,1401615,12693,1,0,0,0,1,0,0
FleetMedium,322,6.0898950323462486,5.8938,1.368064,,73,1401615,12693,1,0,0,0,1,0,0
FleetMedium,323,6.1276005581021309,6.0427,1.3824,,73,1401615,12693,1,0,0,0,1,0,0
FleetMedium,324,6.2056053429841995,7.2823,1.388544,,73,1401615,12693,1,0,0,0,1,0,0
FleetMedium,325,6.1360970139503479,5.7102,1.35168,,73,1401615,12693,1,0,0,0,1,0,0
FleetMedium,326,6.3014030456542969,6.1073,1.603584,,73,1401615,12693,1,0,0,0,1,0,0
FleetMedium,327,6.07679970562458,6.6994,1.36192,,73,1401615,12693,1,0,0,0,1,0,0
FleetMedium,328,6.4687002450227737,5.0877,1.328128,,73,1401615,12781,1,0,0,0,1,0,0
FleetMedium,329,5.9485970996320248,7.1065,1.370112,,73,1401615,12693,1,0,0,0,1,0,0
FleetMedium,330,6.0648028738796711,5.2822,1.37728,,73,1401615,12693,1,0,0,0,1,0,0
FleetMedium,331,6.3228951767086983,6.9735,1.384448,,73,1401615,12693,1,0,0,0,1,0,0
FleetMedium,332,6.0221017338335514,5.4798,1.348608,,73,1401615,12693,1,0,0,0,1,0,0
FleetMedium,333,6.2586027197539806,6.2615,1.360896,,73,1401615,12693,1,0,0,0,1,0,0
FleetMedium,334,5.9957979246973991,6.4791,1.349632,,73,1401615,12693,1,0,0,0,1,0,0
FleetMedium,335,6.1819017864763737,6.4288,1.343488,,73,1401615,12693,1,0,0,0,1,0,0
FleetMedium,336,6.16809818893671,5.3742,1.33632,,73,1401615,12693,1,0,0,0,1,0,0
FleetMedium,337,6.208496168255806,6.0475,1.3824,,73,1401615,12693,1,0,0,0,1,0,0
FleetMedium,338,6.0259001329541206,5.997,1.286144,,73,1401615,12745,1,0,0,0,1,0,0
FleetMedium,339,6.8682045675814152,8.3943,1.374208,,73,1401615,12693,1,0,0,0,1,0,0
FleetMedium,340,5.5316966027021408,5.0167,1.376256,,73,1401615,12693,1,0,0,0,1,0,0
FleetMedium,341,6.0899020172655582,5.7923,1.323008,,73,1401615,12693,1,0,0,0,1,0,0
FleetMedium,342,6.2142997048795223,6.6039,1.37728,,73,1401615,12693,1,0,0,0,1,0,0
FleetMedium,343,6.13959738984704,5.447,1.808384,,73,1401615,12693,1,0,0,0,1,0,0
FleetMedium,344,6.1101047322154045,6.1591,1.374208,,73,1401615,12693,1,0,0,0,1,0,0
FleetMedium,345,6.0689980164170265,5.7088,1.337344,,73,1401615,12693,1,0,0,0,1,0,0
FleetMedium,346,6.209502462297678,6.0139,1.32096,,73,1401615,12693,1,0,0,0,1,0,0
FleetMedium,347,6.2808957882225513,6.4121,1.379328,,73,1401615,12693,1,0,0,0,1,0,0
FleetMedium,348,6.1402991414070129,5.9702,1.312768,,73,1401615,12693,1,0,0,0,1,0,0
FleetMedium,349,6.1033023521304131,6.7683,1.360896,,73,1401615,12693,1,0,0,0,1,0,0
FleetMedium,350,6.3413972966372967,6.1533,1.327104,,73,1401615,12693,1,0,0,0,1,0,0
FleetMedium,351,5.9719034470617771,5.6584,1.434624,,73,1401615,12693,1,0,0,0,1,0,0
FleetMedium,352,6.2920991331338882,6.124,1.370112,,73,1401615,12693,1,0,0,0,1,0,0
FleetMedium,353,6.027699913829565,6.3419,1.342464,,73,1401615,12781,1,0,0,0,1,0,0
FleetMedium,354,6.17380253970623,5.9272,1.35168,,73,1401615,12693,1,0,0,0,1,0,0
FleetMedium,355,6.2392996624112129,6.4264,1.36704,,73,1401615,12693,1,0,0,0,1,0,0
FleetMedium,356,6.0732001438736916,5.9302,1.339392,,73,1401615,12693,1,0,0,0,1,0,0
FleetMedium,357,6.1629959382116795,6.6587,1.354752,,73,1401615,12693,1,0,0,0,1,0,0
FleetMedium,358,6.288300734013319,5.4292,1.398784,,73,1401615,12693,1,0,0,0,1,0,0
FleetMedium,359,6.1419005505740643,6.5632,1.352704,,73,1401615,12693,1,0,0,0,1,0,0
FleetMedium,360,6.0616000555455685,5.9813,1.374208,,73,1401615,12693,1,0,0,0,1,0,0
FleetMedium,361,6.1791026964783669,6.3876,1.390592,,73,1401615,12693,1,0,0,0,1,0,0
FleetMedium,362,6.1508007347583771,6.5959,1.350656,,73,1401615,12693,1,0,0,0,1,0,0
FleetMedium,363,6.1802011914551258,5.8553,1.378304,,73,1401615,12693,1,0,0,0,1,0,0
FleetMedium,364,6.2019983306527138,6.2428,1.389568,,73,1401615,12693,1,0,0,0,1,0,0
FleetMedium,365,6.3110967166721821,6.7912,1.368064,,73,1401615,12693,1,0,0,0,1,0,0
FleetMedium,366,5.9535996988415718,5.28,1.343488,,73,1401615,12693,1,0,0,0,1,0,0
FleetMedium,367,6.1631021089851856,5.957,1.354752,,73,1401615,12693,1,0,0,0,1,0,0
FleetMedium,368,6.1011975631117821,6.3482,1.364992,,73,1401615,12693,1,0,0,0,1,0,0
FleetMedium,369,6.1804987490177155,6.6921,1.373184,,73,1401615,12693,1,0,0,0,1,0,0
FleetMedium,370,6.308999378234148,5.1996,1.34144,,73,1401615,12693,1,0,0,0,1,0,0
FleetMedium,371,6.0909013263881207,6.5721,1.355776,,73,1401615,12745,1,0,0,0,1,0,0
FleetMedium,372,6.0732993297278881,6.4339,1.342464,,73,1401615,12693,1,0,0,0,1,0,0
FleetMedium,373,6.1692036688327789,5.7308,1.373184,,73,1401615,12693,1,0,0,0,1,0,0
FleetMedium,374,6.0687004588544369,7.1122,1.338368,,73,1401615,12693,1,0,0,0,1,0,0
FleetMedium,375,6.1689978465437889,5.5202,1.37216,,73,1401615,12693,1,0,0,0,1,0,0
FleetMedium,376,6.1940969899296761,5.6052,1.3568,,73,1401615,12693,1,0,0,0,1,0,0
FleetMedium,377,6.1935018748044968,6.454,1.316864,,73,1401615,12693,1,0,0,0,1,0,0
FleetMedium,378,6.08059810474515,5.7088,1.77664,,73,1401615,12781,1,0,0,0,1,0,0
FleetMedium,379,6.1721019446849823,6.5482,1.391616,,73,1401615,12693,1,0,0,0,1,0,0
FleetMedium,380,6.195401307195425,5.7758,1.32096,,73,1401615,12693,1,0,0,0,1,0,0
FleetMedium,381,6.0672974213957787,6.6752,1.404928,,73,1401615,12693,1,0,0,0,1,0,0
FleetMedium,382,6.2581067904829979,5.677,1.334272,,73,1401615,12693,1,0,0,0,1,0,0
FleetMedium,383,6.0293935239315033,6.3178,1.316864,,73,1401615,12693,1,0,0,0,1,0,0
FleetMedium,384,6.2083047814667225,6.4864,1.3824,,73,1401615,12693,1,0,0,0,1,0,0
FleetMedium,385,6.246697623282671,5.8973,1.334272,,73,1401615,12693,1,0,0,0,1,0,0
FleetMedium,386,6.046003196388483,6.3342,1.312768,,73,1401615,12693,1,0,0,0,1,0,0
FleetMedium,387,6.1339992098510265,6.8478,1.36192,,73,1401615,12693,1,0,0,0,1,0,0
FleetMedium,388,6.1821001581847668,5.2803,1.330176,,73,1401615,12693,1,0,0,0,1,0,0
FleetMedium,389,6.1773951165378094,6.1793,1.32608,,73,1401615,12693,1,0,0,0,1,0,0
FleetMedium,390,6.2183034606277943,5.8639,1.349632,,73,1401615,12693,1,0,0,0,1,0,0
FleetMedium,391,6.0431971214711666,6.3824,1.369088,,73,1401615,12693,1,0,0,0,1,0,0
FleetMedium,392,6.1965985223650932,6.7748,1.314816,,73,1401615,12693,1,0,0,0,1,0,0
FleetMedium,393,6.1208051629364491,5.6011,1.328128,,73,1401615,12693,1,0,0,0,1,0,0
FleetMedium,394,6.12819567322731,6.3613,1.324032,,73,1401615,12693,1,0,0,0,1,0,0
FleetMedium,395,6.133099552243948,5.9672,1.306624,,73,1401615,12693,1,0,0,0,1,0,0
FleetMedium,396,6.1645056121051311,5.6071,1.339392,,73,1401615,12693,1,0,0,0,1,0,0
FleetMedium,397,6.2236962839961052,6.3723,1.369088,,73,1401615,12693,1,0,0,0,1,0,0
FleetMedium,398,6.1615998856723309,6.4623,1.328128,,73,1401615,12693,1,0,0,0,1,0,0
FleetMedium,399,6.1818026006221771,5.4502,1.360896,,73,1401615,12693,1,0,0,0,1,0,0
FleetMedium,400,6.120599340647459,6.2164,1.332224,,73,1401615,12693,1,0,0,0,1,0,0
FleetMedium,401,6.2165958806872368,6.3501,1.31584,,73,1401615,12693,1,0,0,0,1,0,0
FleetMedium,402,6.2238024547696114,6.2621,1.3291519999999999,,73,1401615,12693,1,0,0,0,1,0,0
FleetMedium,403,6.0813990421593189,6.0016,1.345536,,73,1401615,12781,1,0,0,0,1,0,0
FleetMedium,404,6.3310018740594387,6.2107,1.32096,,73,1401615,12745,1,0,0,0,1,0,0
FleetMedium,405,6.2047974206507206,6.7256,1.360896,,73,1401615,12693,1,0,0,0,1,0,0
FleetMedium,406,6.1571993865072727,5.8086,1.3568,,73,1401615,12693,1,0,0,0,1,0,0
FleetMedium,407,6.1046062037348747,6.3281,1.308672,,73,1401615,12693,1,0,0,0,1,0,0
FleetMedium,408,6.164193619042635,5.5629,1.345536,,73,1401615,12693,1,0,0,0,1,0,0
FleetMedium,409,6.1944019980728626,6.2289,1.40288,,73,1401615,12693,1,0,0,0,1,0,0
FleetMedium,410,6.27850042656064,7.5215,1.306624,,73,1401615,12693,1,0,0,0,1,0,0
FleetMedium,411,5.9688990004360676,5.763,1.384448,,73,1401615,12693,1,0,0,0,1,0,0
FleetMedium,412,6.1337016522884369,6.0751,1.366016,,73,1401615,12693,1,0,0,0,1,0,0
FleetMedium,413,6.1760982498526573,5.3762,1.345536,,73,1401615,12693,1,0,0,0,1,0,0
FleetMedium,414,6.1025014147162437,5.8543,1.33632,,73,1401615,12693,1,0,0,0,1,0,0
FleetMedium,415,6.1256024055182934,6.2054,1.404928,,73,1401615,12693,1,0,0,0,1,0,0
FleetMedium,416,6.166000384837389,6.6075,1.309696,,73,1401615,12693,1,0,0,0,1,0,0
FleetMedium,417,6.1907949857413769,6.0943,1.350656,,73,1401615,12693,1,0,0,0,1,0,0
FleetMedium,418,6.200205534696579,6.1924,1.366016,,73,1401615,12693,1,0,0,0,1,0,0
FleetMedium,419,6.0477959923446178,5.8423,1.366016,,73,1401615,12693,1,0,0,0,1,0,0
FleetMedium,420,6.1470023356378078,6.4544,1.340416,,73,1401615,12693,1,0,0,0,1,0,0
FleetMedium,421,6.1470945365726948,5.6777,1.378304,,73,1401615,12693,1,0,0,0,1,0,0
FleetMedium,422,6.2377057038247585,6.4954,1.286144,,73,1401615,12693,1,0,0,0,1,0,0
FleetMedium,423,6.2875989824533463,6.7683,1.36192,,73,1401615,12693,1,0,0,0,1,0,0
FleetMedium,424,5.9704012237489223,6.0915,1.342464,,73,1401615,12693,1,0,0,0,1,0,0
FleetMedium,425,6.1921980232000351,5.6282,1.332224,,73,1401615,12693,1,0,0,0,1,0,0
FleetMedium,426,6.0516013763844967,5.8833,1.785856,,73,1401615,12693,1,0,0,0,1,0,0
FleetMedium,427,6.1866994947195053,6.9354,1.364992,,73,1401615,12693,1,0,0,0,1,0,0
FleetMedium,428,6.12220074981451,5.2879,1.364992,,73,1401615,12781,1,0,0,0,1,0,0
FleetMedium,429,6.2622944824397564,6.3898,1.354752,,73,1401615,12693,1,0,0,0,1,0,0
FleetMedium,430,6.1700041405856609,6.2543,1.33632,,73,1401615,12693,1,0,0,0,1,0,0
FleetMedium,431,6.0312002897262573,6.0481,1.363968,,73,1401615,12693,1,0,0,0,1,0,0
FleetMedium,432,6.1596017330884933,5.9326,1.313792,,73,1401615,12693,1,0,0,0,1,0,0
FleetMedium,433,6.2119970098137856,6.5262,1.36704,,73,1401615,12693,1,0,0,0,1,0,0
FleetMedium,434,6.0615008696913719,6.5813,1.36704,,73,1401615,12693,1,0,0,0,1,0,0
FleetMedium,435,6.1268992722034454,6.111,1.349632,,73,1401615,12693,1,0,0,0,1,0,0
FleetMedium,436,6.216702051460743,5.8247,1.363968,,73,1401615,12693,1,0,0,0,1,0,0
FleetMedium,437,6.0175950638949871,6.3285,1.3312,,73,1401615,12745,1,0,0,0,1,0,0
FleetMedium,438,6.1461026780307293,6.4229,1.344512,,73,1401615,12693,1,0,0,0,1,0,0
FleetMedium,439,6.2616993673145771,5.3684,1.39776,,73,1401615,12693,1,0,0,0,1,0,0
FleetMedium,440,6.2509989365935326,5.9637,1.35168,,73,1401615,12693,1,0,0,0,1,0,0
FleetMedium,441,6.046003196388483,6.2477,1.380352,,73,1401615,12693,1,0,0,0,1,0,0
FleetMedium,442,6.3005951233208179,5.9289,1.36704,,73,1401615,12693,1,0,0,0,1,0,0
FleetMedium,443,6.0613024979829788,6.1051,1.330176,,73,1401615,12693,1,0,0,0,1,0,0
FleetMedium,444,6.1361039988696575,6.2944,1.358848,,73,1401615,12693,1,0,0,0,1,0,0
FleetMedium,445,6.1302934773266315,6.2392,1.36192,,73,1401615,12693,1,0,0,0,1,0,0
FleetMedium,446,6.2292022630572319,6.0082,1.332224,,73,1401615,12693,1,0,0,0,1,0,0
FleetMedium,447,6.0205995105206966,6.4273,1.363968,,73,1401615,12693,1,0,0,0,1,0,0
FleetMedium,448,6.3001983799040318,6.5658,1.362944,,73,1401615,12693,1,0,0,0,1,0,0
FleetMedium,449,6.1326036229729652,5.5218,1.324032,,73,1401615,12693,1,0,0,0,1,0,0
FleetMedium,450,6.0927011072635651,6.7379,1.36192,,73,1401615,12693,1,0,0,0,1,0,0
FleetMedium,451,6.2683955766260624,5.5921,1.376256,,73,1401615,12693,1,0,0,0,1,0,0
FleetMedium,452,6.0631022788584232,6.079,1.608704,,73,1401615,12693,1,0,0,0,1,0,0
FleetMedium,453,6.1526005156338215,6.623,1.369088,,73,1401615,12781,1,0,0,0,1,0,0
FleetMedium,454,6.3935020007193089,5.5297,1.381376,,73,1401615,12693,1,0,0,0,1,0,0
FleetMedium,455,6.0294996947050095,6.6468,1.33632,,73,1401615,12693,1,0,0,0,1,0,0
FleetMedium,456,6.3299955800175667,5.8176,1.366016,,73,1401615,12693,1,0,0,0,1,0,0
FleetMedium,457,6.09420333057642,6.8062,1.409024,,73,1401615,12693,1,0,0,0,1,0,0
FleetMedium,458,6.0972999781370163,5.7329,1.3291519999999999,,73,1401615,12693,1,0,0,0,1,0,0
FleetMedium,459,6.0294996947050095,6.2626,1.41312,,73,1401615,12693,1,0,0,0,1,0,0
FleetMedium,460,6.2138959765434265,6.862,1.362944,,73,1401615,12693,1,0,0,0,1,0,0
FleetMedium,461,6.3043013215065,5.4729,1.3824,,73,1401615,12693,1,0,0,0,1,0,0
FleetMedium,462,6.0833049938082695,6.3904,1.37728,,73,1401615,12693,1,0,0,0,1,0,0
FleetMedium,463,6.2584960833191872,6.2957,1.41312,,73,1401615,12693,1,0,0,0,1,0,0
FleetMedium,464,6.0013039037585258,6.1965,1.383424,,73,1401615,12693,1,0,0,0,1,0,0
FleetMedium,465,6.1059948056936264,6.0008,1.378304,,73,1401615,12693,1,0,0,0,1,0,0
FleetMedium,466,6.18820171803236,5.3379,1.37216,,73,1401615,12693,1,0,0,0,1,0,0
FleetMedium,467,6.371903233230114,6.8064,1.350656,,73,1401615,12693,1,0,0,0,1,0,0
FleetMedium,468,6.0586947947740555,6.1182,1.364992,,73,1401615,12693,1,0,0,0,1,0,0
FleetMedium,469,5.9652989730238914,6.3448,1.419264,,73,1401615,12693,1,0,0,0,1,0,0
FleetMedium,470,6.138102151453495,6.2085,1.583104,,73,1401615,12745,1,0,0,0,1,0,0
FleetMedium,471,6.1363023705780506,5.1623,1.890304,,73,1401615,12693,1,0,0,0,1,0,0
FleetMedium,472,6.1454009264707565,7.0582,1.42336,,73,1401615,12693,1,0,0,0,1,0,0
FleetMedium,473,6.1122942715883255,6.02,1.309696,,73,1401615,12693,1,0,0,0,1,0,0
FleetMedium,474,6.2345024198293686,5.9526,1.333248,,73,1401615,12693,1,0,0,0,1,0,0
FleetMedium,475,6.2978034839034081,5.605,1.401856,,73,1401615,12693,1,0,0,0,1,0,0
FleetMedium,476,5.9620961546897888,6.4567,1.293312,,73,1401615,12693,1,0,0,0,1,0,0
FleetMedium,477,6.1578019522130489,6.484,1.380352,,73,1401615,12693,1,0,0,0,1,0,0
FleetMedium,478,6.9464994594454765,5.9648,1.396736,,73,1401615,12781,1,0,0,0,1,0,0
FleetMedium,479,6.0284011997282505,6.2882,1.282048,,73,1401615,12693,1,0,0,0,1,0,0
FleetMedium,480,6.1715985648334026,7.4669,1.343488,,73,1401615,12693,1,0,0,0,1,0,0
FleetMedium,481,6.1289966106414795,5.1059,1.379328,,73,1401615,12693,1,0,0,0,1,0,0
FleetMedium,482,6.2218043021857738,6.219,1.314816,,73,1401615,12693,1,0,0,0,1,0,0
FleetMedium,483,6.0562002472579479,5.8169,1.366016,,73,1401615,12693,1,0,0,0,1,0,0
FleetMedium,484,6.5572988241910934,6.412,1.355776,,73,1401615,12693,1,0,0,0,1,0,0
FleetMedium,485,5.9071993455290794,7.0551,1.398784,,73,1401615,12693,1,0,0,0,1,0,0
FleetMedium,486,6.2233987264335155,5.1197,1.31584,,73,1401615,12693,1,0,0,0,1,0,0
FleetMedium,487,6.0212016105651855,6.6456,1.299456,,73,1401615,12693,1,0,0,0,1,0,0
FleetMedium,488,6.1947987414896488,6.1805,1.395712,,73,1401615,12693,1,0,0,0,1,0,0
FleetMedium,489,6.0009993612766266,5.7652,1.806336,,73,1401615,12693,1,0,0,0,1,0,0
FleetMedium,490,6.2089995481073856,6.9185,1.342464,,73,1401615,12693,1,0,0,0,1,0,0
FleetMedium,491,6.15449994802475,5.0629,1.370112,,73,1401615,12693,1,0,0,0,1,0,0
FleetMedium,492,6.2060020864009857,6.2777,1.309696,,73,1401615,12693,1,0,0,0,1,0,0
FleetMedium,493,6.0509992763400078,6.3452,1.34656,,73,1401615,12693,1,0,0,0,1,0,0
FleetMedium,494,6.3120038248598576,5.6493,1.394688,,73,1401615,12693,1,0,0,0,1,0,0
FleetMedium,495,6.2027992680668831,7.3772,1.376256,,73,1401615,12693,1,0,0,0,1,0,0
FleetMedium,496,6.0728956013917923,5.4941,1.348608,,73,1401615,12693,1,0,0,0,1,0,0
FleetMedium,497,6.1926022171974182,5.6251,1.380352,,73,1401615,12693,1,0,0,0,1,0,0
FleetMedium,498,6.197300273925066,6.4645,1.328128,,73,1401615,12693,1,0,0,0,1,0,0
FleetMedium,499,6.0568028129637241,6.1854,1.333248,,73,1401615,12693,1,0,0,0,1,0,0
FleetMedium,500,6.31849467754364,7.0845,1.355776,,73,1401615,12693,1,0,0,0,1,0,0
FleetMedium,501,6.1657028272747993,5.4596,1.335296,,73,1401615,12693,1,0,0,0,1,0,0
FleetMedium,502,6.4480016008019447,6.7013,1.348608,,73,1401615,12693,1,0,0,0,1,0,0
FleetMedium,503,5.8591980487108231,6.1311,1.343488,,73,1401615,12833,1,0,0,0,1,0,0
FleetMedium,504,6.1807045713067055,6.0446,1.39264,,73,1401615,12693,1,0,0,0,1,0,0
FleetMedium,505,6.2017999589443207,7.0526,1.3056,,73,1401615,12693,1,0,0,0,1,0,0
FleetMedium,506,6.113697774708271,5.3663,1.378304,,73,1401615,12693,1,0,0,0,1,0,0
FleetMedium,507,6.1814980581402779,5.9649,1.358848,,73,1401615,12693,1,0,0,0,1,0,0
FleetMedium,508,6.2340986914932728,6.5316,1.358848,,73,1401615,12693,1,0,0,0,1,0,0
FleetMedium,509,6.0565052554011345,5.431,1.39776,,73,1401615,12693,1,0,0,0,1,0,0
FleetMedium,510,6.0915956273674965,6.2311,1.35168,,73,1401615,12693,1,0,0,0,1,0,0
FleetMedium,511,6.0928994789719582,6.4875,1.327104,,73,1401615,12693,1,0,0,0,1,0,0
FleetMedium,512,6.3913054764270782,5.498,1.353728,,73,1401615,12693,1,0,0,0,1,0,0
FleetMedium,513,6.0499999672174454,6.2077,1.399808,,73,1401615,12693,1,0,0,0,1,0,0
FleetMedium,514,5.9922975488007069,5.9514,1.353728,,73,1401615,12693,1,0,0,0,1,0,0
FleetMedium,515,6.1839004047214985,6.195,1.38752,,73,1401615,12693,1,0,0,0,1,0,0
FleetMedium,516,6.1865998432040215,6.3136,1.386496,,73,1401615,12693,1,0,0,0,1,0,0
FleetMedium,517,6.082397885620594,5.7913,1.369088,,73,1401615,12693,1,0,0,0,1,0,0
FleetMedium,518,8.0915037542581558,7.3567,1.390592,,73,1401615,12693,1,0,0,0,1,0,0
FleetMedium,519,6.6883005201816559,9.0686,1.358848,,73,1401615,12693,1,0,0,0,1,0,0
FleetMedium,520,6.7298966459929943,6.6353,1.371136,,73,1401615,12693,1,0,0,0,1,0,0
FleetMedium,521,5.6398031301796436,5.5955,1.410048,,73,1401615,12693,1,0,0,0,1,0,0
FleetMedium,522,10.500099509954453,10.5351,1.400832,,73,1401615,12693,1,0,0,0,1,0,0
FleetMedium,523,5.5967969819903374,5.6674,1.378304,,73,1401615,12693,1,0,0,0,1,0,0
FleetMedium,524,8.5916025564074516,8.479,1.422336,,73,1401615,12693,1,0,0,0,1,0,0
FleetMedium,525,8.1549957394599915,8.0561,1.409024,,73,1401615,12693,1,0,0,0,1,0,0
FleetMedium,526,6.0741002671420574,6.1,1.381376,,73,1401615,12781,1,0,0,0,1,0,0
FleetMedium,527,5.3312997333705425,5.4812,1.357824,,73,1401615,12693,1,0,0,0,1,0,0
FleetMedium,528,4.8612030223011971,4.8084,1.390592,,73,1401615,12693,1,0,0,0,1,0,0
FleetMedium,529,5.2044996991753578,5.2515,1.41312,,73,1401615,12693,1,0,0,0,1,0,0
FleetMedium,530,5.21369744092226,5.165,1.385472,,73,1401615,12693,1,0,0,0,1,0,0
FleetMedium,531,5.0585032440721989,5.0541,1.371136,,73,1401615,12693,1,0,0,0,1,0,0
FleetMedium,532,5.8392998762428761,5.7865,1.427456,,73,1401615,12693,1,0,0,0,1,0,0
FleetMedium,533,5.4949973709881306,5.4148,1.726464,,73,1401615,12693,1,0,0,0,1,0,0
FleetMedium,534,5.5084042251110077,5.5701,1.393664,,73,1401615,12693,1,0,0,0,1,0,0
FleetMedium,535,5.7145976461470127,5.7626,1.363968,,73,1401615,12745,1,0,0,0,1,0,0
FleetMedium,536,5.0624008290469646,4.9491,1.408,,73,1401615,12693,1,0,0,0,1,0,0
FleetMedium,537,5.2708969451487064,5.13,1.349632,,73,1401615,12693,1,0,0,0,1,0,0
FleetMedium,538,6.2719034031033516,5.3632,1.388544,,73,1401615,12693,1,0,0,0,1,0,0
FleetMedium,539,5.9787980280816555,6.5404,1.416192,,73,1401615,12693,1,0,0,0,1,0,0
FleetMedium,540,6.1255032196640968,5.5951,1.398784,,73,1401615,12693,1,0,0,0,1,0,0
FleetMedium,541,6.37850072234869,7.4037,1.362944,,73,1401615,12693,1,0,0,0,1,0,0
FleetMedium,542,5.9376982972025871,4.8871,1.379328,,73,1401615,12693,1,0,0,0,1,0,0
FleetMedium,543,6.1846016906201839,6.2838,1.33632,,73,1401615,12693,1,0,0,0,1,0,0
FleetMedium,544,6.6211945377290249,7.4767,1.39776,,73,1401615,12693,1,0,0,0,1,0,0
FleetMedium,545,7.5068026781082153,7.4486,1.345536,,73,1401615,12693,1,0,0,0,1,0,0
FleetMedium,546,6.1981999315321445,6.1794,1.386496,,73,1401615,12693,1,0,0,0,1,0,0
FleetMedium,547,5.69399818778038,5.771,1.729536,,73,1401615,12693,1,0,0,0,1,0,0
FleetMedium,548,6.5230014733970165,6.3932,1.389568,,73,1401615,12693,1,0,0,0,1,0,0
FleetMedium,549,6.7589995451271534,6.888,1.380352,,73,1401615,12693,1,0,0,0,1,0,0
FleetMedium,550,6.3042021356523037,6.1523,1.390592,,73,1401615,12693,1,0,0,0,1,0,0
FleetMedium,551,6.6127977333962917,6.6256,1.364992,,73,1401615,12693,1,0,0,0,1,0,0
FleetMedium,552,5.79049764201045,5.8034,1.368064,,73,1401615,12781,1,0,0,0,1,0,0
FleetMedium,553,6.7069018259644508,6.7766,1.36704,,73,1401615,12693,1,0,0,0,1,0,0
FleetMedium,554,5.8706984855234623,5.7692,1.400832,,73,1401615,12693,1,0,0,0,1,0,0
FleetMedium,555,6.66259927675128,6.6945,1.3568,,73,1401615,12693,1,0,0,0,1,0,0
FleetMedium,556,6.4292019233107567,6.3218,1.386496,,73,1401615,12693,1,0,0,0,1,0,0
FleetMedium,557,7.1259001269936562,7.2307,1.386496,,73,1401615,12693,1,0,0,0,1,0,0
FleetMedium,558,6.4078019931912422,6.3226,1.379328,,73,1401615,12693,1,0,0,0,1,0,0
FleetMedium,559,6.1927014030516148,6.2719,1.399808,,73,1401615,12693,1,0,0,0,1,0,0
FleetMedium,560,5.9169004671275616,5.8158,1.337344,,73,1401615,12693,1,0,0,0,1,0,0
FleetMedium,561,5.6698978878557682,5.751,1.393664,,73,1401615,12693,1,0,0,0,1,0,0
FleetMedium,562,6.1502978205680847,5.8896,1.383424,,73,1401615,12693,1,0,0,0,1,0,0
FleetMedium,563,6.6035003401339054,6.8241,1.399808,,73,1401615,12693,1,0,0,0,1,0,0
FleetMedium,564,6.8600978702306747,6.7804,1.35168,,73,1401615,12693,1,0,0,0,1,0,0
FleetMedium,565,6.4816041849553585,6.5601,1.408,,73,1401615,12693,1,0,0,0,1,0,0
FleetMedium,566,5.8508999645709991,5.7384,1.389568,,73,1401615,12693,1,0,0,0,1,0,0
FleetMedium,567,6.2221018597483635,6.3203,1.399808,,73,1401615,12693,1,0,0,0,1,0,0
FleetMedium,568,6.8178996443748474,6.7179,1.350656,,73,1401615,12745,1,0,0,0,1,0,0
FleetMedium,569,5.46649657189846,5.5278,1.426432,,73,1401615,12693,1,0,0,0,1,0,0
FleetMedium,570,7.15980026870966,7.0499,1.467392,,73,1401615,12693,1,0,0,0,1,0,0
FleetMedium,571,7.0761977694928646,7.1595,1.364992,,73,1401615,12693,1,0,0,0,1,0,0
FleetMedium,572,6.181604228913784,6.0771,1.380352,,73,1401615,12693,1,0,0,0,1,0,0
FleetMedium,573,5.5650016292929649,5.6332,1.380352,,73,1401615,12693,1,0,0,0,1,0,0
FleetMedium,574,5.6467968970537186,5.6155,1.795072,,73,1401615,12693,1,0,0,0,1,0,0
FleetMedium,575,16.579499468207359,6.4306,,,0,0,12693,1,0,0,0,1,0,0
FleetMedium,576,7.4893990531563759,17.6008,1.348608,,146,2803230,12781,1,0,0,0,1,0,0
FleetMedium,577,6.0310019180178642,6.0584,1.494016,,73,1401615,12693,1,0,0,0,1,0,0
FleetMedium,578,6.339802872389555,6.2519,1.626112,,73,1401615,12693,1,0,0,0,1,0,0
FleetMedium,579,5.85549883544445,5.8324,1.380352,,73,1401615,12693,1,0,0,0,1,0,0
FleetMedium,580,6.6191963851451874,6.5898,1.41824,,73,1401615,12693,1,0,0,0,1,0,0
FleetMedium,581,6.05750409886241,6.1005,1.376256,,73,1401615,12693,1,0,0,0,1,0,0
FleetMedium,582,6.42339838668704,6.4,1.355776,,73,1401615,12693,1,0,0,0,1,0,0
FleetMedium,583,6.6016013734042645,6.6044,1.363968,,73,1401615,12693,1,0,0,0,1,0,0
FleetMedium,584,6.3077947124838829,6.2716,1.417216,,73,1401615,12693,1,0,0,0,1,0,0
FleetMedium,585,6.8491990678012371,6.8341,1.389568,,73,1401615,12693,1,0,0,0,1,0,0
FleetMedium,586,6.6580004058778286,6.6355,1.350656,,73,1401615,12693,1,0,0,0,1,0,0
FleetMedium,587,6.262301467359066,6.2894,1.340416,,73,1401615,12693,1,0,0,0,1,0,0
FleetMedium,588,8.7161986157298088,8.6337,1.393664,,73,1401615,12693,1,0,0,0,1,0,0
FleetMedium,589,6.392601877450943,6.4655,1.344512,,73,1401615,12693,1,0,0,0,1,0,0
FleetMedium,590,6.0146967880427837,5.9358,1.330176,,73,1401615,12693,1,0,0,0,1,0,0
FleetMedium,591,6.0052010230720043,6.052,1.352704,,73,1401615,12693,1,0,0,0,1,0,0
FleetMedium,592,6.7663053050637245,6.6905,1.81248,,73,1401615,12693,1,0,0,0,1,0,0
FleetMedium,593,7.6976967975497246,7.7103,1.734656,,73,1401615,12693,1,0,0,0,1,0,0
FleetMedium,594,7.5104027055203915,7.4524,1.349632,,73,1401615,12693,1,0,0,0,1,0,0
FleetMedium,595,6.5441965125501156,6.5449,1.357824,,73,1401615,12693,1,0,0,0,1,0,0
FleetMedium,596,6.5764030441641808,6.5157,1.388544,,73,1401615,12693,1,0,0,0,1,0,0
FleetMedium,597,6.7812004126608372,6.8263,1.369088,,73,1401615,12745,1,0,0,0,1,0,0
FleetMedium,598,6.2108985148370266,6.2076,1.342464,,73,1401615,12781,1,0,0,0,1,0,0
FleetMedium,599,7.27859977632761,7.2294,1.376256,,73,1401615,12693,1,0,0,0,1,0,0
FleetMedium,600,6.1342972330749035,6.0702,1.391616,,73,1401615,12693,1,0,0,0,1,0,0
FleetMedium,601,6.89500430598855,6.9109,1.375232,,73,1401615,12693,1,0,0,0,1,0,0
FleetMedium,602,6.641000509262085,6.6172,1.34656,,73,1401615,12693,1,0,0,0,1,0,0
FleetMedium,603,7.4501982890069485,7.5013,1.34144,,73,1401615,12693,1,0,0,0,1,0,0
FleetMedium,604,6.7963008768856525,6.6823,1.399808,,73,1401615,12693,1,0,0,0,1,0,0
FleetMedium,605,6.1900014989078045,6.3176,1.301504,,73,1401615,12693,1,0,0,0,1,0,0
FleetMedium,606,6.8633998744189739,6.6959,1.362944,,73,1401615,12693,1,0,0,0,1,0,0
FleetMedium,607,6.14829920232296,6.2689,1.316864,,73,1401615,12693,1,0,0,0,1,0,0
FleetMedium,608,6.6309948451817036,6.4807,1.393664,,73,1401615,12693,1,0,0,0,1,0,0
FleetMedium,609,6.57750153914094,6.7024,1.278976,,73,1401615,12693,1,0,0,0,1,0,0
FleetMedium,610,6.0005029663443565,5.9256,1.403904,,73,1401615,12693,1,0,0,0,1,0,0
FleetMedium,611,6.2309950590133667,6.2515,1.292288,,73,1401615,12693,1,0,0,0,1,0,0
FleetMedium,612,6.3248015940189362,6.293,1.357824,,73,1401615,12693,1,0,0,0,1,0,0
FleetMedium,613,6.253004539757967,6.2242,1.267712,,73,1401615,12693,1,0,0,0,1,0,0
FleetMedium,614,6.2063988298177719,6.226,1.335296,,73,1401615,12693,1,0,0,0,1,0,0
FleetMedium,615,6.6402992233633995,6.669,1.273856,,73,1401615,12693,1,0,0,0,1,0,0
FleetMedium,616,7.7572986483573914,7.6381,1.327104,,73,1401615,12693,1,0,0,0,1,0,0
FleetMedium,617,6.0751982964575291,6.1754,1.281024,,73,1401615,12693,1,0,0,0,1,0,0
FleetMedium,618,5.7035996578633785,5.6587,1.36192,,73,1401615,12693,1,0,0,0,1,0,0
FleetMedium,619,7.9612033441662788,7.9389,1.298432,,73,1401615,12693,1,0,0,0,1,0,0
FleetMedium,620,5.9562996029853821,5.8646,1.753088,,73,1401615,12693,1,0,0,0,1,0,0
FleetMedium,621,6.6151004284620285,6.7071,1.275904,,73,1401615,12781,1,0,0,0,1,0,0
FleetMedium,622,7.0276004262268543,6.8365,1.569792,,73,1401615,12693,1,0,0,0,1,0,0
FleetMedium,623,7.0680980570614338,7.1935,1.517568,,73,1401615,12693,1,0,0,0,1,0,0
FleetMedium,624,6.4537981525063515,6.467,1.574912,,73,1401615,12693,1,0,0,0,1,0,0
FleetMedium,625,6.481504999101162,6.5322,1.482752,,73,1401615,12693,1,0,0,0,1,0,0
FleetMedium,626,7.2920988313853741,7.2368,1.589248,,73,1401615,12693,1,0,0,0,1,0,0
FleetMedium,627,6.502494215965271,6.3544,1.28,,73,1401615,12693,1,0,0,0,1,0,0
FleetMedium,628,6.0164043679833412,6.1605,1.337344,,73,1401615,12745,1,0,0,0,1,0,0
FleetMedium,629,5.8502973988652229,5.8387,1.27488,,73,1401615,12693,1,0,0,0,1,0,0
FleetMedium,630,6.1903982423245907,6.1281,1.352704,,73,1401615,12693,1,0,0,0,1,0,0
FleetMedium,631,5.9512048028409481,5.9759,1.289216,,73,1401615,12693,1,0,0,0,1,0,0
FleetMedium,632,5.8178994804620743,5.7755,1.33632,,73,1401615,12693,1,0,0,0,1,0,0
FleetMedium,633,5.7098995894193649,5.7471,1.275904,,73,1401615,12693,1,0,0,0,1,0,0
FleetMedium,634,5.7857991196215153,5.726,1.381376,,73,1401615,12693,1,0,0,0,1,0,0
FleetMedium,635,6.5251984633505344,6.5509,1.337344,,73,1401615,12693,1,0,0,0,1,0,0
FleetMedium,636,7.2879036888480186,7.2077,1.380352,,73,1401615,12693,1,0,0,0,1,0,0
FleetMedium,637,6.1142006888985634,6.1913,1.332224,,73,1401615,12693,1,0,0,0,1,0,0
FleetMedium,638,6.1636976897716522,6.1021,1.342464,,73,1401615,12693,1,0,0,0,1,0,0
FleetMedium,639,5.6758006103336811,5.7276,1.314816,,73,1401615,12693,1,0,0,0,1,0,0
FleetMedium,640,6.5519982017576694,6.37,1.3312,,73,1401615,12693,1,0,0,0,1,0,0
FleetMedium,641,6.6617983393371105,6.7899,1.313792,,73,1401615,12693,1,0,0,0,1,0,0
FleetMedium,642,6.6738026216626167,6.6545,1.349632,,73,1401615,12693,1,0,0,0,1,0,0
FleetMedium,643,6.0426020063459873,6.0275,1.333248,,73,1401615,12693,1,0,0,0,1,0,0
FleetMedium,644,6.6982991993427277,6.5625,1.353728,,73,1401615,12693,1,0,0,0,1,0,0
FleetMedium,645,5.7213008403778076,5.8578,1.328128,,73,1401615,12781,1,0,0,0,1,0,0
FleetMedium,646,7.2053996846079826,7.1516,1.350656,,73,1401615,12693,1,0,0,0,1,0,0
FleetMedium,647,6.9245961494743824,6.9634,1.293312,,73,1401615,12693,1,0,0,0,1,0,0
FleetMedium,648,5.8635985478758812,5.8143,1.360896,,73,1401615,12693,1,0,0,0,1,0,0
FleetMedium,649,5.8570010587573051,5.8889,1.304576,,73,1401615,12693,1,0,0,0,1,0,0
FleetMedium,650,5.9446003288030624,5.8591,1.355776,,73,1401615,12693,1,0,0,0,1,0,0
FleetMedium,651,6.09199982136488,6.1384,1.291264,,73,1401615,12693,1,0,0,0,1,0,0
FleetMedium,652,5.9456988237798214,5.766,1.37216,,73,1401615,12693,1,0,0,0,1,0,0
FleetMedium,653,6.5105017274618149,6.6512,1.328128,,73,1401615,12693,1,0,0,0,1,0,0
FleetMedium,654,5.8086025528609753,5.8047,1.352704,,73,1401615,12693,1,0,0,0,1,0,0
FleetMedium,655,5.8237952180206776,5.8523,1.319936,,73,1401615,12693,1,0,0,0,1,0,0
FleetMedium,656,5.5162059143185616,5.4279,1.333248,,73,1401615,12693,1,0,0,0,1,0,0
FleetMedium,657,6.7967972718179226,6.8252,1.294336,,73,1401615,12693,1,0,0,0,1,0,0
FleetMedium,658,7.8694019466638565,7.8283,1.319936,,73,1401615,12693,1,0,0,0,1,0,0
FleetMedium,659,5.9589003212749958,6.0038,1.659904,,73,1401615,12693,1,0,0,0,1,0,0
FleetMedium,660,6.0195010155439377,5.9313,1.7664,,73,1401615,12693,1,0,0,0,1,0,0
FleetMedium,661,5.5467970669269562,5.6358,1.31072,,73,1401615,12745,1,0,0,0,1,0,0
FleetMedium,662,6.459197960793972,6.1274,1.35168,,73,1401615,12693,1,0,0,0,1,0,0
FleetMedium,663,6.0267997905611992,6.334,1.313792,,73,1401615,12693,1,0,0,0,1,0,0
FleetMedium,664,5.1602041348814964,5.0996,1.345536,,73,1401615,12693,1,0,0,0,1,0,0
FleetMedium,665,5.8735967613756657,5.9302,1.324032,,73,1401615,12693,1,0,0,0,1,0,0
FleetMedium,666,6.1019985005259514,6.0391,1.313792,,73,1401615,12693,1,0,0,0,1,0,0
FleetMedium,667,6.3805058598518372,6.3975,1.67936,,73,1401615,12693,1,0,0,0,1,0,0
FleetMedium,668,7.2729946114122868,7.1128,1.727488,,73,1401615,12693,1,0,0,0,1,0,0
FleetMedium,669,6.6749006509780884,6.6384,1.29536,,73,1401615,12693,1,0,0,0,1,0,0
FleetMedium,670,6.5348995849490166,6.5727,1.317888,,73,1401615,12781,1,0,0,0,1,0,0
FleetMedium,671,7.1194018237292767,7.2103,1.26976,,73,1401615,12693,1,0,0,0,1,0,0
FleetMedium,672,7.4007017537951469,7.3099,1.373184,,73,1401615,12693,1,0,0,0,1,0,0
FleetMedium,673,5.4981010034680367,5.5766,1.32096,,73,1401615,12693,1,0,0,0,1,0,0
FleetMedium,674,5.9918011538684368,5.9502,1.701888,,73,1401615,12693,1,0,0,0,1,0,0
FleetMedium,675,7.0630954578518867,7.0684,1.360896,,73,1401615,12693,1,0,0,0,1,0,0
FleetMedium,676,6.11130241304636,6.0683,1.563648,,73,1401615,12693,1,0,0,0,1,0,0
ConcentratedExplosions,0,25.164194405078888,24.999,1.490944,,74,1740351,23777,1,1,0,1,2,0,0.12
ConcentratedExplosions,1,6.3308035023510456,6.3467,1.511424,,84,1754445,33805,1,1,0,1,2,0,0.195492581
ConcentratedExplosions,2,5.9729022905230522,6.0305,1.491968,,84,1754449,19257,1,1,0,1,2,0,0.21448499
ConcentratedExplosions,3,8.2344952970743179,5.3872,1.532928,,84,1754453,18605,1,1,0,1,2,0,0.2324037
ConcentratedExplosions,4,12.445500120520592,9.6102,0.012288,,84,1754457,18605,1,1,0,1,2,0,0.2571072
ConcentratedExplosions,5,12.24590465426445,11.2834,0.012288,,84,1754461,18605,1,1,0,1,2,0,0.2944437
ConcentratedExplosions,6,22.901998832821846,17.587,0.01536,,84,1754465,25303,1,1,0,1,2,0,0.3311814
ConcentratedExplosions,7,7.8946007415652275,19.7953,0.014336,,84,1754469,22767,1,1,0,1,2,0,0.3998874
ConcentratedExplosions,8,28.137302026152611,27.1759,0.021504,,82,1754471,18527,1,1,0,1,2,0,0.423571169
ConcentratedExplosions,9,14.21089842915535,15.1688,0.02048,,82,1754475,23485,1,1,0,1,2,0,0.5079831
ConcentratedExplosions,10,58.059900999069214,27.6893,,,0,0,125342,1,1,0,1,2,0,0.5506158
ConcentratedExplosions,11,10.407100431621075,40.7996,0.011264,,413,4064962,19727,1,2,0,2,3,0,1.72080719
ConcentratedExplosions,12,4.956497810781002,4.9259,0.821248,,90,1904361,12763,1,2,0,2,3,0,1.6578449
ConcentratedExplosions,13,6.2703019939363,6.2473,1.567744,,91,1904367,19461,1,2,0,2,3,0,1.62875569
ConcentratedExplosions,14,5.6172972545027733,5.719,1.600512,,91,1904371,16891,1,2,0,2,3,0,1.59276152
ConcentratedExplosions,15,9.9807046353816986,4.3082,1.54112,,91,1904375,12735,1,2,0,2,3,0,1.56126344
ConcentratedExplosions,16,6.1214002780616283,10.4867,0.067584,,91,1904379,12683,1,2,0,2,3,0,1.50699031
ConcentratedExplosions,17,6.5637966617941856,6.1944,0.057344,,92,1904385,12683,1,2,0,2,3,0,1.47474444
ConcentratedExplosions,18,6.7182965576648712,6.686,1.577984,,92,1904389,12683,1,2,0,2,3,0,1.44102108
ConcentratedExplosions,19,5.2694017067551613,6.3746,1.53088,,92,1904393,12683,1,2,0,2,3,0,1.407395
ConcentratedExplosions,20,6.1792018823325634,6.2721,1.615872,,93,1904399,12683,1,2,0,2,3,0,1.381636
ConcentratedExplosions,21,5.9975977055728436,5.6038,1.574912,,93,1904403,12683,1,2,0,2,3,0,1.35210216
ConcentratedExplosions,22,8.34720116108656,6.1046,1.640448,,93,1904407,12683,1,2,0,2,3,0,1.32411468
ConcentratedExplosions,23,5.865100771188736,8.9338,1.563648,,93,1904411,12683,1,2,0,2,3,0,1.28624511
ConcentratedExplosions,24,5.3773028776049614,5.358,1.512448,,93,1904415,12683,1,2,0,2,3,0,1.26036978
ConcentratedExplosions,25,5.3438986651599407,5.2908,1.601536,,91,1904417,12683,1,2,0,2,3,0,1.2371645
ConcentratedExplosions,26,5.9491991996765137,4.8626,,,91,1904421,12683,1,2,0,2,3,0,1.21458387
ConcentratedExplosions,27,6.0814982280135155,5.8918,1.670144,,91,1904425,12683,1,2,0,2,3,0,1.18999624
ConcentratedExplosions,28,6.2016015872359276,5.873,1.57696,,91,1904429,12683,1,2,0,2,3,0,1.16544783
ConcentratedExplosions,29,6.0830996371805668,6.3585,1.620992,,91,1904433,12683,1,2,0,2,3,0,1.1410104
ConcentratedExplosions,30,6.14280067384243,6.1164,1.605632,,91,1904437,12683,1,2,0,2,3,0,1.1176101
ConcentratedExplosions,31,6.1284014955163,6.1169,1.616896,,91,1904441,12683,1,2,0,2,3,0,1.09453917
ConcentratedExplosions,32,6.39319745823741,6.0599,1.544192,,91,1904445,12683,1,2,0,2,3,0,1.07206869
ConcentratedExplosions,33,6.0259001329541206,6.8342,1.606656,,91,1904449,12683,1,2,0,2,3,0,1.04919446
ConcentratedExplosions,34,6.0829012654721737,6.1365,1.548288,,91,1904453,12683,1,2,0,2,3,0,1.02815175
ConcentratedExplosions,35,6.3074971549212933,6.5241,1.57696,,91,1904457,12683,1,2,0,2,3,0,1.00740683
ConcentratedExplosions,36,6.0352040454745293,5.2847,1.620992,,91,1904461,12683,1,2,0,2,3,0,1.9970094
ConcentratedExplosions,37,6.14800164476037,6.9418,1.616896,,90,1844281,18019,1,3,0,3,3,0,1.95367157
ConcentratedExplosions,38,27.451694011688232,27.8928,1.518592,,78,1255621,19461,1,3,0,3,3,0,1.91057479
ConcentratedExplosions,39,5.1853032782673836,5.2916,,,78,1255625,16891,1,3,0,3,3,0,1.73042274
ConcentratedExplosions,40,4.6076034195721149,4.1423,1.374208,,78,1255629,12683,1,3,0,3,3,0,1.69853389
ConcentratedExplosions,41,6.2956986948847771,5.0831,0.058368,,78,1255633,12683,1,3,0,3,3,0,1.67074025
ConcentratedExplosions,42,6.1532952822744846,5.9961,0.04608,,78,1255637,12683,1,3,0,3,3,0,1.6335721
ConcentratedExplosions,43,6.1070010997354984,6.1404,1.345536,,78,1255641,12683,1,3,0,3,3,0,1.598126
ConcentratedExplosions,44,6.12270412966609,5.9278,1.325056,,78,1255645,12683,1,3,0,3,3,0,1.56378722
ConcentratedExplosions,45,6.1817956157028675,7.0516,1.380352,,78,1255649,12735,1,3,0,3,3,0,1.53018022
ConcentratedExplosions,46,6.077905185520649,5.5139,1.34144,,78,1255653,12683,1,3,0,3,3,0,1.49706185
ConcentratedExplosions,47,6.207695696502924,6.2679,1.3824,,78,1255657,12683,1,3,0,3,3,0,1.46527731
ConcentratedExplosions,48,6.1746030114591122,5.7244,1.375232,,78,1255661,12683,1,3,0,3,3,0,1.43358994
ConcentratedExplosions,49,6.0826954431831837,6.5682,1.38752,,76,1255663,12683,1,3,0,3,3,0,1.4028306
ConcentratedExplosions,50,6.3542020507156849,5.9121,1.364992,,76,1255667,12683,1,3,0,3,3,0,1.37325144
ConcentratedExplosions,51,5.9028980322182178,5.753,1.404928,,76,1255671,12683,1,3,0,3,3,0,1.34309852
ConcentratedExplosions,52,6.223299540579319,6.6535,1.369088,,76,1255675,12683,1,3,0,3,3,0,1.31575453
ConcentratedExplosions,53,6.0994047671556473,5.8964,1.404928,,76,1255679,12683,1,3,0,3,3,0,1.28760517
ConcentratedExplosions,54,6.1514950357377529,6.9091,1.376256,,76,1255683,12683,1,3,0,3,3,0,1.26067615
ConcentratedExplosions,55,6.2442035414278507,5.107,1.342464,,76,1255687,12683,1,3,0,3,3,0,1.23416293
ConcentratedExplosions,56,6.20510196313262,6.6225,1.354752,,76,1255691,12683,1,3,0,3,3,0,1.207897
ConcentratedExplosions,57,5.9652989730238914,5.9749,1.364992,,76,1255695,12683,1,3,0,3,3,0,1.18242526
ConcentratedExplosions,58,6.1214994639158249,5.9286,1.406976,,76,1255699,12683,1,3,0,3,3,0,1.15851569
ConcentratedExplosions,59,6.2481011264026165,6.4002,1.429504,,76,1255703,12683,1,3,0,3,3,0,1.13455451
ConcentratedExplosions,60,6.1818948015570641,7.814,1.359872,,76,1255707,18231,1,4,0,4,3,0,1.997734
ConcentratedExplosions,61,6.0725058428943157,5.1132,1.354752,,81,1484629,12943,1,4,0,4,3,0,1.95333815
ConcentratedExplosions,62,6.2143988907337189,5.9551,1.37728,,81,1484633,12763,1,4,0,4,3,0,1.9107722
ConcentratedExplosions,63,6.0795987956225872,6.1576,1.452032,,81,1484637,12763,1,4,0,4,3,0,1.868257
ConcentratedExplosions,64,6.564795970916748,5.6366,1.44384,,81,1484641,12763,1,4,0,4,3,0,1.82766283
ConcentratedExplosions,65,5.8276006020605564,6.9328,1.501184,,83,1484647,12763,1,4,0,4,3,0,1.78491032
ConcentratedExplosions,66,6.129903718829155,5.7284,1.462272,,83,1484651,12763,1,4,0,4,3,0,1.74787688
ConcentratedExplosions,67,6.0988026671111584,6.6075,1.44384,,83,1484655,12763,1,4,0,4,3,0,1.70983124
ConcentratedExplosions,68,6.1920988373458385,5.3779,1.462272,,83,1484659,12763,1,4,0,4,3,0,1.6728816
ConcentratedExplosions,69,7.0746950805187225,6.5598,1.46432,,83,1484663,12763,1,4,0,4,3,0,1.63626587
ConcentratedExplosions,70,6.0213007964193821,6.9198,1.429504,,83,1484667,12763,1,4,0,4,3,0,1.59551167
ConcentratedExplosions,71,6.2603033147752285,5.5931,1.426432,,83,1484671,12763,1,4,0,4,3,0,1.56171036
ConcentratedExplosions,72,5.9644985012710094,6.4279,1.442816,,83,1484675,12763,1,4,0,4,3,0,1.52740788
ConcentratedExplosions,73,6.3749998807907104,6.1099,1.409024,,83,1484679,12763,1,4,0,4,3,0,1.4955045
ConcentratedExplosions,74,6.007801741361618,6.2907,1.471488,,83,1484683,12763,1,4,0,4,3,0,1.46222425
ConcentratedExplosions,75,6.16809818893671,6.3345,1.447936,,81,1484685,12763,1,4,0,4,3,0,1.43161666
ConcentratedExplosions,76,6.1773029156029224,6.021,1.468416,,81,1484689,12763,1,4,0,4,3,0,1.40093672
ConcentratedExplosions,77,6.15669647231698,6.2755,1.421312,,81,1484693,12763,1,4,0,4,3,0,1.37094843
ConcentratedExplosions,78,6.2567032873630524,5.8911,1.460224,,81,1484697,12815,1,4,0,4,3,0,1.34177661
ConcentratedExplosions,79,6.0226968489587307,6.1076,1.478656,,81,1484701,12763,1,4,0,4,3,0,1.312846
ConcentratedExplosions,80,6.1411987990140915,5.8939,1.516544,,81,1484705,12763,1,4,0,4,3,0,1.28566134
ConcentratedExplosions,81,6.124603096395731,6.3404,1.431552,,81,1484709,12763,1,4,0,4,3,0,1.25859642
ConcentratedExplosions,82,6.3996952958405018,6.6996,1.449984,,81,1484713,12763,1,4,0,4,3,0,1.23224688
ConcentratedExplosions,83,6.0874009504914284,6.7087,1.475584,,81,1484717,12763,1,4,0,4,3,0,1.2053827
ConcentratedExplosions,84,6.0727042146027088,5.5081,1.475584,,81,1484721,12763,1,4,0,4,3,0,1.18044782
ConcentratedExplosions,85,6.2379958108067513,7.0234,1.471488,,81,1484725,19461,1,4,0,4,3,0,1.15615928
ConcentratedExplosions,86,12.216000817716122,7.3635,1.536,,81,1484729,22147,1,5,0,5,3,0,1.993386
ConcentratedExplosions,87,12.374901212751865,11.2638,1.84832,,89,1677799,12763,1,5,0,5,3,0,1.90689528
ConcentratedExplosions,88,6.0409014113247395,11.5297,0.058368,,89,1677803,12763,1,5,0,5,3,0,1.82343733
ConcentratedExplosions,89,6.2154973857104778,6.2807,0.04608,,90,1677873,12763,1,5,0,5,3,0,1.78415585
ConcentratedExplosions,90,6.1669005081057549,6.2013,1.54624,,90,1677877,12763,1,5,0,5,3,0,1.74470568
ConcentratedExplosions,91,6.177402101457119,6.2789,1.496064,,90,1677881,12763,1,5,0,5,3,0,1.70650959
ConcentratedExplosions,92,6.1867986805737019,5.5028,1.523712,,90,1677885,12763,1,5,0,5,3,0,1.66916966
ConcentratedExplosions,93,6.2035005539655685,6.2151,1.547264,,91,1677891,12763,1,5,0,5,3,0,1.63267446
ConcentratedExplosions,94,6.0828020796179771,6.0094,1.518592,,91,1677895,12763,1,5,0,5,3,0,1.59696436
ConcentratedExplosions,95,6.23390031978488,6.5393,1.554432,,91,1677899,12763,1,5,0,5,3,0,1.56278753
ConcentratedExplosions,96,6.2205004505813122,5.9671,1.591296,,91,1677903,12763,1,5,0,5,3,0,1.52860188
ConcentratedExplosions,97,6.024596281349659,5.9993,1.50016,,92,1677909,12763,1,5,0,5,3,0,1.495317
ConcentratedExplosions,98,6.2668011523783207,7.1433,1.527808,,92,1677913,12763,1,5,0,5,3,0,1.46384871
ConcentratedExplosions,99,6.0857995413243771,5.4477,1.564672,,90,1677915,12763,1,5,0,5,3,0,1.43189824
ConcentratedExplosions,100,6.265497300773859,6.1173,1.538048,,90,1677919,12763,1,5,0,5,3,0,1.40161586
ConcentratedExplosions,101,5.9702028520405293,5.7832,1.564672,,91,1677925,12763,1,5,0,5,3,0,1.37118828
ConcentratedExplosions,102,6.1341980472207069,6.5195,1.555456,,91,1677929,12763,1,5,0,5,3,0,1.34288418
ConcentratedExplosions,103,6.2208049930632114,6.5919,1.488896,,91,1677933,12763,1,5,0,5,3,0,1.3144865
ConcentratedExplosions,104,6.13409886136651,5.5004,1.537024,,91,1677937,12763,1,5,0,5,3,0,1.286379
ConcentratedExplosions,105,6.1861961148679256,5.6875,1.55136,,91,1677941,12763,1,5,0,5,3,0,1.25932777
ConcentratedExplosions,106,6.2466058880090714,6.3384,1.560576,,91,1677945,12763,1,5,0,5,3,0,1.23269916
ConcentratedExplosions,107,6.0234977863729,6.7925,1.545216,,91,1677949,12763,1,5,0,5,3,0,1.20645869
ConcentratedExplosions,108,6.1722011305391788,7.0402,1.579008,,91,1677953,19461,1,5,0,5,3,0,1.18175745
ConcentratedExplosions,109,12.320599518716335,4.6457,1.51552,,91,1677957,16943,1,5,0,5,3,0,1.15704429
ConcentratedExplosions,110,12.231902219355106,13.1013,1.504256,,91,1677961,17035,1,6,0,6,3,0,1.95563245
ConcentratedExplosions,111,6.2333969399333,11.4776,0.072704,,78,1107305,12763,1,6,0,6,3,0,1.87081468
ConcentratedExplosions,112,6.1267009004950523,6.617,0.04608,,78,1107309,12763,1,6,0,6,3,0,1.829144
ConcentratedExplosions,113,6.183999590575695,5.5231,1.34144,,78,1107313,12763,1,6,0,6,3,0,1.78917468
ConcentratedExplosions,114,6.1016012914478779,6.4406,1.368064,,78,1107317,12763,1,6,0,6,3,0,1.749801
ConcentratedExplosions,115,6.2260981649160385,5.9344,1.35168,,78,1107321,12763,1,6,0,6,3,0,1.71188319
ConcentratedExplosions,116,6.1010983772575855,6.4924,1.343488,,78,1107325,12763,1,6,0,6,3,0,1.674122
ConcentratedExplosions,117,6.1813988722860813,5.66,1.34144,,78,1107329,12763,1,6,0,6,3,0,1.63800848
ConcentratedExplosions,118,6.2853032723069191,6.2597,1.36704,,78,1107333,12763,1,6,0,6,3,0,1.60229552
ConcentratedExplosions,119,6.042899563908577,6.9711,1.339392,,78,1107337,12763,1,6,0,6,3,0,1.56686437
ConcentratedExplosions,120,6.1420989222824574,5.3876,1.338368,,78,1107341,12763,1,6,0,6,3,0,1.53361785
ConcentratedExplosions,121,6.1615006998181343,5.8589,1.340416,,78,1107345,12763,1,6,0,6,3,0,1.50062728
ConcentratedExplosions,122,6.1135981231927872,6.8377,1.33632,,78,1107349,12763,1,6,0,6,3,0,1.46832538
ConcentratedExplosions,123,6.3238022848963737,5.2449,1.330176,,78,1107353,12763,1,6,0,6,3,0,1.43704009
ConcentratedExplosions,124,6.0757016763091087,6.7074,1.410048,,76,1107355,12763,1,6,0,6,3,0,1.40546179
ConcentratedExplosions,125,6.2255952507257462,5.8624,1.328128,,76,1107359,12763,1,6,0,6,3,0,1.375854
ConcentratedExplosions,126,6.0012047179043293,6.2791,1.327104,,76,1107363,12763,1,6,0,6,3,0,1.346241
ConcentratedExplosions,127,6.1359978280961514,6.37,1.33632,,76,1107367,12763,1,6,0,6,3,0,1.31837368
ConcentratedExplosions,128,6.0874009504914284,6.4771,1.371136,,76,1107371,12763,1,6,0,6,3,0,1.290552
ConcentratedExplosions,129,6.2248017638921738,5.6956,1.309696,,76,1107375,12763,1,6,0,6,3,0,1.26360583
ConcentratedExplosions,130,6.2094954773783684,5.6825,1.381376,,76,1107379,12763,1,6,0,6,3,0,1.23670959
ConcentratedExplosions,131,5.9852041304111481,7.3946,1.338368,,76,1107383,19461,1,6,0,6,3,0,1.21052659
ConcentratedExplosions,132,12.45309691876173,5.5759,1.335296,,76,1107387,16891,1,6,0,6,3,0,1.185886
ConcentratedExplosions,133,12.146499007940292,12.3606,1.772544,,76,1107391,12683,1,6,0,6,3,0,1.13643456
ConcentratedExplosions,134,7.0157027803361416,13.2744,0.068608,,76,1107395,17035,1,7,0,7,3,0,1.956839
ConcentratedExplosions,135,5.3007015958428383,5.6908,0.05632,,115,1735225,12763,1,7,0,7,3,0,1.90765691
ConcentratedExplosions,136,6.1146966181695461,6.1021,1.338368,,115,1735229,12763,1,7,0,7,3,0,1.87139213
ConcentratedExplosions,137,6.3513037748634815,6.2995,1.545216,,115,1735233,12763,1,7,0,7,3,0,1.83049142
ConcentratedExplosions,138,6.0098995454609394,5.4579,1.513472,,117,1735303,12815,1,7,0,7,3,0,1.78904188
ConcentratedExplosions,139,6.342198234051466,6.121,1.563648,,117,1735307,12763,1,7,0,7,3,0,1.75076652
ConcentratedExplosions,140,5.9886975213885307,7.2446,1.572864,,117,1735311,12763,1,7,0,7,3,0,1.7113483
ConcentratedExplosions,141,6.12270412966609,5.325,1.588224,,117,1735315,12763,1,7,0,7,3,0,1.67502248
ConcentratedExplosions,142,6.1928005889058113,6.2762,1.604608,,118,1735321,12763,1,7,0,7,3,0,1.63876116
ConcentratedExplosions,143,6.1334962956607342,6.0344,1.537024,,118,1735325,12763,1,7,0,7,3,0,1.602965
ConcentratedExplosions,144,6.1155045405030251,5.8077,1.560576,,118,1735329,12763,1,7,0,7,3,0,1.56836331
ConcentratedExplosions,145,6.2994970940053463,6.475,1.590272,,118,1735333,12763,1,7,0,7,3,0,1.53468633
ConcentratedExplosions,146,6.0919006355106831,6.1235,1.513472,,119,1735339,12763,1,7,0,7,3,0,1.5008347
ConcentratedExplosions,147,6.1173965223133564,6.3703,1.603584,,119,1735343,12763,1,7,0,7,3,0,1.46888816
ConcentratedExplosions,148,6.1387047171592712,6.3178,1.562624,,119,1735347,12763,1,7,0,7,3,0,1.43757033
ConcentratedExplosions,149,6.11159997060895,5.3822,1.534976,,117,1735349,12763,1,7,0,7,3,0,1.40689254
ConcentratedExplosions,150,6.4142998307943344,6.9557,1.552384,,118,1735355,12763,1,7,0,7,3,0,1.37707782
ConcentratedExplosions,151,5.88189484551549,5.4298,1.575936,,118,1735359,12763,1,7,0,7,3,0,1.34654808
ConcentratedExplosions,152,6.39780331403017,7.5262,1.52576,,118,1735363,12763,1,7,0,7,3,0,1.31922126
ConcentratedExplosions,153,6.1035007238388062,5.0353,1.590272,,118,1735367,12763,1,7,0,7,3,0,1.29020643
ConcentratedExplosions,154,6.07459619641304,6.706,1.574912,,118,1735371,19461,1,7,0,7,3,0,1.2631979
ConcentratedExplosions,155,12.431002222001553,5.7293,1.534976,,118,1735375,16891,1,7,0,7,3,0,1.23695254
ConcentratedExplosions,156,12.082397937774658,12.4154,1.548288,,118,1735379,12683,1,7,0,7,3,0,1.18515635
ConcentratedExplosions,157,6.158000323921442,11.9134,0.055296,,118,1735383,12683,1,7,0,7,3,0,1.13717616
ConcentratedExplosions,158,7.8428005799651146,8.9215,0.054272,,118,1735387,17439,1,8,0,8,3,0,1.11358249
ConcentratedExplosions,159,5.6839003227651119,5.6907,1.537024,,81,1272807,12763,1,8,0,8,3,0,1.94385934
ConcentratedExplosions,160,4.9630030989646912,4.7807,1.583104,,81,1272811,12763,1,8,0,8,3,0,1.90419757
ConcentratedExplosions,161,6.2269982881844044,4.9134,1.401856,,81,1272815,12763,1,8,0,8,3,0,1.87028766
ConcentratedExplosions,162,6.1531038954854012,5.9594,1.396736,,81,1272819,12763,1,8,0,8,3,0,1.82867181
ConcentratedExplosions,163,6.1447988264262676,6.9449,1.414144,,81,1272823,12763,1,8,0,8,3,0,1.78854382
ConcentratedExplosions,164,6.37799734249711,5.5266,1.431552,,81,1272827,12763,1,8,0,8,3,0,1.74943173
ConcentratedExplosions,165,6.1437995173037052,6.3443,1.41824,,81,1272831,12763,1,8,0,8,3,0,1.70982707
ConcentratedExplosions,166,8.1942034885287285,6.3265,1.393664,,81,1272835,12763,1,8,0,8,3,0,1.67260838
ConcentratedExplosions,167,6.1689978465437889,8.1854,1.412096,,81,1272839,12763,1,8,0,8,3,0,1.62435246
ConcentratedExplosions,168,6.007801741361618,6.2072,1.398784,,81,1272843,12763,1,8,0,8,3,0,1.58903873
ConcentratedExplosions,169,6.2306975014507771,5.7137,1.414144,,81,1272847,12815,1,8,0,8,3,0,1.55546379
ConcentratedExplosions,170,6.2924036756157875,6.882,1.381376,,83,1272853,12763,1,8,0,8,3,0,1.52147317
ConcentratedExplosions,171,6.0783941298723221,6.0128,1.650688,,83,1272857,12763,1,8,0,8,3,0,1.487983
ConcentratedExplosions,172,6.3787060789763927,6.007,1.414144,,83,1272861,12763,1,8,0,8,3,0,1.45641053
ConcentratedExplosions,173,6.1587938107550144,6.1307,1.399808,,81,1272863,12763,1,8,0,8,3,0,1.42408121
ConcentratedExplosions,174,6.0335034504532814,6.6405,1.835008,,81,1272867,12763,1,8,0,8,3,0,1.39362741
ConcentratedExplosions,175,6.1240009963512421,5.662,1.426432,,81,1272871,12763,1,8,0,8,3,0,1.36450028
ConcentratedExplosions,176,6.0537983663380146,6.4992,1.429504,,81,1272875,12763,1,8,0,8,3,0,1.33563507
ConcentratedExplosions,177,6.1353030614554882,6.7389,1.432576,,81,1272879,19461,1,8,0,8,3,0,1.30777586
ConcentratedExplosions,178,12.253798544406891,5.377,1.380352,,81,1272883,16891,1,8,0,8,3,0,1.28020978
ConcentratedExplosions,179,12.318700551986694,11.7732,1.412096,,81,1272887,12683,1,8,0,8,3,0,1.22710264
ConcentratedExplosions,180,6.3383998349308968,12.1179,0.068608,,81,1272891,12683,1,8,0,8,3,0,1.176228
ConcentratedExplosions,181,6.0472008772194386,6.5059,0.06656,,81,1272895,12683,1,8,0,8,3,0,1.15099359
ConcentratedExplosions,182,6.3309948891401291,7.042,1.408,,81,1272899,17035,1,9,0,9,3,0,1.9829663
ConcentratedExplosions,183,6.06890581548214,5.3125,1.399808,,86,1486279,12763,1,9,0,9,3,0,1.93787813
ConcentratedExplosions,184,6.0462937690317631,6.5417,1.380352,,86,1486283,12763,1,9,0,9,3,0,1.89570391
ConcentratedExplosions,185,6.1247022822499275,5.5336,1.476608,,86,1486287,12763,1,9,0,9,3,0,1.854681
ConcentratedExplosions,186,6.1900014989078045,6.2506,1.49504,,86,1486355,12763,1,9,0,9,3,0,1.814114
ConcentratedExplosions,187,6.1435019597411156,6.2101,1.462272,,87,1486361,12763,1,9,0,9,3,0,1.7741
ConcentratedExplosions,188,6.0884989798069,6.1882,1.564672,,87,1486365,12763,1,9,0,9,3,0,1.73534238
ConcentratedExplosions,189,6.2143988907337189,6.0273,1.451008,,87,1486369,12763,1,9,0,9,3,0,1.69784868
ConcentratedExplosions,190,6.0904975980520248,6.2433,1.451008,,87,1486373,12763,1,9,0,9,3,0,1.66049767
ConcentratedExplosions,191,6.1305980198085308,6.1192,1.50016,,88,1486379,12763,1,9,0,9,3,0,1.62476969
ConcentratedExplosions,192,6.2577025964856148,6.1385,1.482752,,88,1486383,12763,1,9,0,9,3,0,1.58966327
ConcentratedExplosions,193,6.09119888395071,5.92,1.506304,,88,1486387,12763,1,9,0,9,3,0,1.5546937
ConcentratedExplosions,194,6.3120038248598576,6.0508,1.50016,,88,1486391,12763,1,9,0,9,3,0,1.52147341
ConcentratedExplosions,195,5.9348000213503838,6.3482,1.473536,,89,1486397,12763,1,9,0,9,3,0,1.48788
ConcentratedExplosions,196,6.1654974706470966,6.6323,1.463296,,89,1486401,12763,1,9,0,9,3,0,1.45704722
ConcentratedExplosions,197,6.1455001123249531,5.7717,1.504256,,87,1486403,12763,1,9,0,9,3,0,1.42577016
ConcentratedExplosions,198,6.1717969365417957,5.8453,1.444864,,87,1486407,12763,1,9,0,9,3,0,1.39534092
ConcentratedExplosions,199,6.2271044589579105,6.5773,1.504256,,88,1486413,12763,1,9,0,9,3,0,1.36551332
ConcentratedExplosions,200,6.0330997221171856,6.6531,1.465344,,88,1486417,19513,1,9,0,9,3,0,1.33614337
ConcentratedExplosions,201,12.304698117077351,5.82,1.451008,,88,1486421,16891,1,9,0,9,3,0,1.30836654
ConcentratedExplosions,202,12.404301203787327,11.9735,1.441792,,88,1486425,12683,1,9,0,9,3,0,1.25371552
ConcentratedExplosions,203,6.0774022713303566,12.4107,0.057344,,88,1486429,12683,1,9,0,9,3,0,1.20123136
ConcentratedExplosions,204,6.08279462903738,5.7605,0.06656,,88,1486433,12683,1,9,0,9,3,0,1.17643476
ConcentratedExplosions,205,6.3428003340959549,6.3632,1.47968,,88,1486437,12683,1,9,0,9,3,0,1.15220082
ConcentratedExplosions,206,6.2159015797078609,6.0087,1.485824,,88,1486441,12683,1,9,0,9,3,0,1.127539
ConcentratedExplosions,207,6.0551022179424763,7.366,1.45408,,88,1486445,17035,1,10,0,10,3,0,1.95545626
ConcentratedExplosions,208,6.0262968763709068,5.4953,1.447936,,104,1542735,12763,1,10,0,10,3,0,1.91296065
ConcentratedExplosions,209,6.2005030922591686,5.4971,1.486848,,104,1542739,12763,1,10,0,10,3,0,1.87166572
ConcentratedExplosions,210,6.1358986422419548,6.4182,1.470464,,104,1542743,12763,1,10,0,10,3,0,1.83019137
ConcentratedExplosions,211,6.0687996447086334,5.9185,1.506304,,105,1542813,12763,1,10,0,10,3,0,1.79013777
ConcentratedExplosions,212,6.1346017755568027,7.1663,1.534976,,105,1542817,12763,1,10,0,10,3,0,1.75146592
ConcentratedExplosions,213,6.1958972364664078,5.1104,1.435648,,105,1542821,12763,1,10,0,10,3,0,1.71330571
ConcentratedExplosions,214,6.1463010497391224,6.056,1.519616,,105,1542825,12763,1,10,0,10,3,0,1.67569113
ConcentratedExplosions,215,6.0467971488833427,6.1367,1.516544,,106,1542831,12763,1,10,0,10,3,0,1.63927567
ConcentratedExplosions,216,6.1626061797142029,6.2977,1.503232,,106,1542835,12763,1,10,0,10,3,0,1.60430121
ConcentratedExplosions,217,6.6732992418110371,7.925,1.470464,,106,1542839,12763,1,10,0,10,3,0,1.56950521
ConcentratedExplosions,218,5.8561014011502266,4.7222,1.523712,,106,1542843,12763,1,10,0,10,3,0,1.53276718
ConcentratedExplosions,219,6.09179399907589,6.4352,1.462272,,107,1542849,12763,1,10,0,10,3,0,1.50131464
ConcentratedExplosions,220,6.0741002671420574,6.0619,1.517568,,107,1542853,12763,1,10,0,10,3,0,1.46935725
ConcentratedExplosions,221,6.3145053572952747,5.6354,1.93024,,107,1542857,12763,1,10,0,10,3,0,1.43824744
ConcentratedExplosions,222,6.0036987997591496,6.5959,1.517568,,105,1542859,12763,1,10,0,10,3,0,1.40668547
ConcentratedExplosions,223,6.0741002671420574,6.5351,1.527808,,106,1542865,19461,1,10,0,10,3,0,1.37739563
ConcentratedExplosions,224,12.420400977134705,6.8941,1.411072,,106,1542869,16891,1,10,0,10,3,0,1.34845829
ConcentratedExplosions,225,12.366100214421749,11.5975,1.531904,,106,1542873,12683,1,10,0,10,3,0,1.29139566
ConcentratedExplosions,226,6.09989371150732,11.5778,0.067584,,106,1542877,12683,1,10,0,10,3,0,1.23728335
ConcentratedExplosions,227,6.1650015413761139,6.1696,0.068608,,106,1542881,12683,1,10,0,10,3,0,1.21154332
ConcentratedExplosions,228,6.0220025479793549,5.8625,1.475584,,106,1542885,12683,1,10,0,10,3,0,1.18614733
ConcentratedExplosions,229,6.183999590575695,6.076,1.501184,,106,1542889,12735,1,10,0,10,3,0,1.16192615
ConcentratedExplosions,230,6.2605016864836216,6.8171,1.485824,,106,1542893,12683,1,10,0,10,3,0,1.13764143
ConcentratedExplosions,231,6.0404972173273563,5.5846,1.504256,,106,1542897,12683,1,10,0,10,3,0,1.11364853
ConcentratedExplosions,232,6.1758998781442642,6.5552,1.44896,,106,1542901,17035,1,11,0,11,3,0,1.95813012
ConcentratedExplosions,233,6.1015021055936813,5.2155,1.532928,,75,1007145,12763,1,11,0,11,3,0,1.91473258
ConcentratedExplosions,234,6.3616000115871429,6.1174,1.497088,,75,1007149,12763,1,11,0,11,3,0,1.87288606
ConcentratedExplosions,235,5.9707979671657085,7.0228,1.253376,,75,1007153,12763,1,11,0,11,3,0,1.8303175
ConcentratedExplosions,236,6.1552012339234352,5.4598,1.287168,,75,1007157,12763,1,11,0,11,3,0,1.791326
ConcentratedExplosions,237,6.2200962565839291,6.551,1.257472,,75,1007161,12763,1,11,0,11,3,0,1.75208175
ConcentratedExplosions,238,6.3448059372603893,5.7535,1.247232,,75,1007165,12763,1,11,0,11,3,0,1.71338117
ConcentratedExplosions,239,6.0101971030235291,6.6917,1.267712,,75,1007169,12763,1,11,0,11,3,0,1.67487192
ConcentratedExplosions,240,6.1035007238388062,6.4026,1.231872,,75,1007173,12763,1,11,0,11,3,0,1.63927245
ConcentratedExplosions,241,6.137301679700613,5.8412,1.271808,,75,1007177,12763,1,11,0,11,3,0,1.6039741
ConcentratedExplosions,242,6.1803003773093224,7.0652,1.28,,75,1007181,12763,1,11,0,11,3,0,1.56932712
ConcentratedExplosions,243,6.2465984374284744,4.6411,1.284096,,75,1007185,12763,1,11,0,11,3,0,1.53527451
ConcentratedExplosions,244,6.0116001404821873,6.3902,1.247232,,75,1007189,12763,1,11,0,11,3,0,1.50168931
ConcentratedExplosions,245,6.1650015413761139,6.0528,1.517568,,75,1007193,12763,1,11,0,11,3,0,1.470139
ConcentratedExplosions,246,6.0965986922383308,7.1315,1.257472,,75,1007197,19461,1,11,0,11,3,0,1.43855035
ConcentratedExplosions,247,12.442601844668388,5.053,1.236992,,73,1007199,16891,1,11,0,11,3,0,1.40805733
ConcentratedExplosions,248,12.431398965418339,12.2413,1.309696,,73,1007203,12683,1,11,0,11,3,0,1.34804881
ConcentratedExplosions,249,5.9986962005496025,12.6201,0.058368,,73,1007207,12683,1,11,0,11,3,0,1.29095626
ConcentratedExplosions,250,6.1735049821436405,5.8415,0.058368,,73,1007211,12683,1,11,0,11,3,0,1.26438868
ConcentratedExplosions,251,6.0554989613592625,6.3374,1.252352,,73,1007215,12683,1,11,0,11,3,0,1.23769271
ConcentratedExplosions,252,6.3232993707060814,6.7251,1.301504,,73,1007219,12683,1,11,0,11,3,0,1.21212828
ConcentratedExplosions,253,6.103096529841423,5.7486,1.268736,,73,1007223,12683,1,11,0,11,3,0,1.18607378
ConcentratedExplosions,254,6.0102040879428387,6.0243,1.24416,,73,1007227,12683,1,11,0,11,3,0,1.161532
ConcentratedExplosions,255,6.4393989741802216,5.8391,1.247232,,73,1007231,12683,1,11,0,11,3,0,1.13793111
ConcentratedExplosions,256,6.0677011497318745,7.7516,1.30048,,73,1007235,17035,1,12,0,12,3,0,1.99811792
ConcentratedExplosions,257,6.1004958115518093,5.0439,1.29024,,76,1154237,12763,1,12,0,12,3,0,1.95452321
ConcentratedExplosions,258,6.0950042679905891,6.0832,1.282048,,76,1154241,12763,1,12,0,12,3,0,1.91173518
ConcentratedExplosions,259,6.2827947549521923,6.3315,1.36704,,76,1154245,12763,1,12,0,12,3,0,1.870004
ConcentratedExplosions,260,5.9891012497246265,5.9092,1.324032,,76,1154249,12815,1,12,0,12,3,0,1.82802713
ConcentratedExplosions,261,6.165199913084507,6.4062,1.549312,,76,1154253,12763,1,12,0,12,3,0,1.788971
ConcentratedExplosions,262,6.18849927559495,5.8722,1.73056,,78,1154259,12763,1,12,0,12,3,0,1.74972034
ConcentratedExplosions,263,6.1121033504605293,5.723,1.311744,,78,1154263,12763,1,12,0,12,3,0,1.711271
ConcentratedExplosions,264,6.2406957149505615,5.8783,1.317888,,78,1154267,12763,1,12,0,12,3,0,1.67420757
ConcentratedExplosions,265,6.1553004197776318,6.4208,1.302528,,78,1154271,12763,1,12,0,12,3,0,1.63727582
ConcentratedExplosions,266,6.180803757160902,6.8196,1.323008,,78,1154275,12763,1,12,0,12,3,0,1.60172951
ConcentratedExplosions,267,6.2740999273955822,5.4635,1.319936,,78,1154279,12763,1,12,0,12,3,0,1.56689382
ConcentratedExplosions,268,6.0453019104897976,7.3726,1.306624,,78,1154283,12763,1,12,0,12,3,0,1.53239024
ConcentratedExplosions,269,6.1218962073326111,5.6352,1.366016,,78,1154287,19461,1,12,0,12,3,0,1.49994242
ConcentratedExplosions,270,12.452700175344944,5.9838,1.390592,,78,1154291,16891,1,12,0,12,3,0,1.46786189
ConcentratedExplosions,271,12.119798921048641,12.6969,1.350656,,76,1154293,12683,1,12,0,12,3,0,1.40494514
ConcentratedExplosions,272,6.316198967397213,12.1029,0.068608,,76,1154297,12683,1,12,0,12,3,0,1.34660149
ConcentratedExplosions,273,5.9828017838299274,5.4695,0.04608,,76,1154301,12683,1,12,0,12,3,0,1.31728065
ConcentratedExplosions,274,6.3933036290109158,6.2338,1.317888,,76,1154305,12683,1,12,0,12,3,0,1.29017091
ConcentratedExplosions,275,6.0888961888849735,6.4703,1.333248,,76,1154309,12683,1,12,0,12,3,0,1.261897
ConcentratedExplosions,276,6.1810021288692951,6.2013,1.327104,,76,1154313,12683,1,12,0,12,3,0,1.23562145
ConcentratedExplosions,277,6.2077026814222336,5.7844,1.389568,,76,1154317,12683,1,12,0,12,3,0,1.20958316
ConcentratedExplosions,278,6.1628967523574829,6.1206,1.344512,,76,1154321,12683,1,12,0,12,3,0,1.18406034
ConcentratedExplosions,279,5.9754038229584694,7.1636,1.324032,,76,1154325,12683,1,12,0,12,3,0,1.15932918
ConcentratedExplosions,280,6.1162980273365974,4.8291,1.3312,,76,1154329,12683,1,12,0,12,3,0,1.13591433
ConcentratedExplosions,281,6.3678002916276455,8.1193,1.338368,,76,1154333,17035,1,13,0,12,3,0,1.956728
ConcentratedExplosions,282,5.9941965155303478,4.7227,1.332224,,78,1187565,12763,1,13,0,12,3,0,1.91203368
ConcentratedExplosions,283,6.2094032764434814,6.4074,1.34656,,78,1187569,12763,1,13,0,12,3,0,1.87097776
ConcentratedExplosions,284,6.064895074814558,5.9813,1.39776,,78,1187573,12763,1,13,0,12,3,0,1.82946134
ConcentratedExplosions,285,6.3409013673663139,5.7473,1.36192,,78,1187577,12763,1,13,0,12,3,0,1.789883
ConcentratedExplosions,286,6.0177012346684933,6.4859,1.370112,,78,1187581,12763,1,13,0,12,3,0,1.74950516
ConcentratedExplosions,287,6.2732002697885036,5.8738,1.409024,,78,1187585,12763,1,13,0,12,3,0,1.71210957
ConcentratedExplosions,288,6.0172975063323975,6.0433,1.340416,,78,1187589,12763,1,13,0,12,3,0,1.67406082
ConcentratedExplosions,289,6.3809026032686234,7.2401,1.430528,,78,1187593,12763,1,13,0,12,3,0,1.63843882
ConcentratedExplosions,290,6.0244970954954624,6.4048,1.370112,,78,1187597,12763,1,13,0,12,3,0,1.601577
ConcentratedExplosions,291,6.3542020507156849,5.5279,1.37728,,78,1187601,12815,1,13,0,12,3,0,1.56761551
ConcentratedExplosions,292,6.0439980588853359,6.9544,1.374208,,78,1187605,19461,1,13,0,12,3,0,1.53265917
ConcentratedExplosions,293,12.330399826169014,6.0521,1.805312,,78,1187609,16891,1,13,0,12,3,0,1.50021183
ConcentratedExplosions,294,12.268303893506527,12.0716,1.370112,,78,1187613,12683,1,13,0,12,3,0,1.43636465
ConcentratedExplosions,295,6.0757016763091087,12.9569,0.06656,,76,1187615,12683,1,13,0,12,3,0,1.37584233
ConcentratedExplosions,296,6.3833971507847309,5.1167,0.058368,,76,1187619,12683,1,13,0,12,3,0,1.34693408
ConcentratedExplosions,297,6.1265020631253719,6.1139,1.353728,,76,1187623,12683,1,13,0,12,3,0,1.317297
ConcentratedExplosions,298,6.2688989564776421,6.1551,1.411072,,76,1187627,12683,1,13,0,12,3,0,1.28954363
ConcentratedExplosions,299,6.0353032313287258,6.1179,1.350656,,76,1187631,12683,1,13,0,12,3,0,1.2618283
ConcentratedExplosions,300,6.1748935841023922,6.6439,1.343488,,76,1187635,12683,1,13,0,12,3,0,1.23578286
ConcentratedExplosions,301,6.2266015447676182,5.1726,1.342464,,76,1187639,12683,1,13,0,12,3,0,1.20976627
ConcentratedExplosions,302,6.2599987722933292,6.547,1.33632,,76,1187643,12683,1,13,0,12,3,0,1.18416226
ConcentratedExplosions,303,6.0951034538447857,6.4886,1.39776,,76,1187647,12683,1,13,0,12,3,0,1.15904367
ConcentratedExplosions,304,6.2158019281923771,5.4919,1.3824,,76,1187651,12683,1,13,0,12,3,0,1.135172
ConcentratedExplosions,305,6.5893991850316525,8.6683,1.335296,,76,1187655,17035,1,14,0,12,3,0,1.11140788
ConcentratedExplosions,306,5.5940970778465271,4.9168,1.366016,,96,1397493,12763,1,14,0,12,3,0,1.08683908
ConcentratedExplosions,307,6.23660022392869,5.5948,1.385472,,96,1397497,12763,1,14,0,12,3,0,1.066473
ConcentratedExplosions,308,6.1756023205816746,6.098,1.41312,,96,1397501,12763,1,14,0,12,3,0,1.04428709
ConcentratedExplosions,309,6.0965986922383308,6.3649,1.8688,,96,1397505,12763,1,14,0,12,3,0,1.022845
ConcentratedExplosions,310,6.1389030888676643,6.1798,1.414144,,96,1397509,12763,1,14,0,12,3,0,1.00217879
ConcentratedExplosions,311,6.1257937923073769,5.5563,1.491968,,96,1397513,12763,1,14,0,12,3,0,0.9818606
ConcentratedExplosions,312,6.2942034564912319,5.9519,1.444864,,97,1397539,12763,1,14,0,12,3,0,0.9620653
ConcentratedExplosions,313,6.10289815813303,7.3448,1.458176,,97,1397543,12763,1,14,0,12,3,0,0.942212641
ConcentratedExplosions,314,6.1337016522884369,6.0207,1.41312,,97,1397547,12763,1,14,0,12,3,0,0.923423052
ConcentratedExplosions,315,6.335799116641283,6.9908,1.47456,,97,1397551,19461,1,14,0,12,3,0,0.9049835
ConcentratedExplosions,316,12.413903139531612,5.9919,1.431552,,98,1397557,16891,1,14,0,12,3,0,0.886393249
ConcentratedExplosions,317,12.055696919560432,11.5305,1.417216,,98,1397561,12683,1,14,0,12,3,0,0.851270854
ConcentratedExplosions,318,6.3485968858003616,13.3071,0.0512,,98,1397565,12683,1,14,0,12,3,0,0.818745852
ConcentratedExplosions,319,6.1261053197085857,5.0353,0.064512,,96,1397567,12683,1,14,0,12,3,0,0.80222
ConcentratedExplosions,320,6.0152988880872726,6.1875,1.38752,,96,1397571,12735,1,14,0,12,3,0,0.7866544
ConcentratedExplosions,321,6.1715985648334026,6.2497,1.480704,,96,1397575,12683,1,14,0,12,3,0,0.7717257
ConcentratedExplosions,322,6.3408021815121174,5.5366,1.414144,,96,1397579,12683,1,14,0,12,3,0,0.75676614
ConcentratedExplosions,323,5.9984978288412094,7.2177,1.462272,,96,1397583,12683,1,14,0,12,3,0,0.741764
ConcentratedExplosions,324,6.08300045132637,5.4153,1.478656,,96,1397587,12683,1,14,0,12,3,0,0.727906168
ConcentratedExplosions,325,6.2333969399333,6.3156,1.4336,,96,1397591,12683,1,14,0,12,3,0,0.7141772
ConcentratedExplosions,326,6.0745039954781532,5.8484,1.409024,,96,1397595,12683,1,14,0,12,3,0,0.7004391
ConcentratedExplosions,327,6.3494970090687275,6.2525,1.451008,,96,1397599,12683,1,14,0,12,3,0,0.6873652
ConcentratedExplosions,328,5.9609054587781429,6.1889,1.39776,,96,1397603,12683,1,14,0,12,3,0,0.674022436
ConcentratedExplosions,329,6.1568948440253735,6.1782,1.445888,,96,1397607,12683,1,14,0,12,3,0,0.661789536
ConcentratedExplosions,330,6.2140021473169327,6.7362,1.461248,,96,1397611,17035,1,15,0,12,3,0,1.95575953
ConcentratedExplosions,331,6.143402773886919,5.3776,1.422336,,87,1321423,12763,1,15,0,12,3,0,1.912155
ConcentratedExplosions,332,6.2228953465819359,5.9537,1.435648,,87,1321427,12763,1,15,0,12,3,0,1.87008655
ConcentratedExplosions,333,6.1937994323670864,6.2061,1.43872,,87,1321431,12763,1,15,0,12,3,0,1.82850277
ConcentratedExplosions,334,5.962202325463295,5.904,1.388544,,87,1321435,12763,1,15,0,12,3,0,1.78811669
ConcentratedExplosions,335,6.2006022781133652,6.2075,1.391616,,87,1321439,12763,1,15,0,12,3,0,1.75016308
ConcentratedExplosions,336,6.1426940374076366,6.2709,1.441792,,87,1321443,12763,1,15,0,12,3,0,1.71162891
ConcentratedExplosions,337,6.1282031238079071,6.0159,1.40288,,87,1321447,12763,1,15,0,12,3,0,1.67437363
ConcentratedExplosions,338,6.3577028922736645,7.0308,1.404928,,87,1321451,19461,1,15,0,12,3,0,1.6380955
ConcentratedExplosions,339,12.18040008097887,5.7989,1.430528,,87,1321455,16891,1,15,0,12,3,0,1.60137463
ConcentratedExplosions,340,12.313797138631344,12.1627,1.847296,,87,1321459,12683,1,15,0,12,3,0,1.53354383
ConcentratedExplosions,341,6.41549751162529,12.0992,0.058368,,87,1321463,12683,1,15,0,12,3,0,1.468202
ConcentratedExplosions,342,5.7391016744077206,6.341,0.05632,,87,1321467,12683,1,15,0,12,3,0,1.43539441
ConcentratedExplosions,343,6.1467047780752182,6.1278,1.4336,,85,1321469,12683,1,15,0,12,3,0,1.40673983
ConcentratedExplosions,344,6.281993817538023,6.1248,1.434624,,85,1321473,12683,1,15,0,12,3,0,1.37675953
ConcentratedExplosions,345,6.0243057087063789,5.7475,1.453056,,85,1321477,12683,1,15,0,12,3,0,1.34685957
ConcentratedExplosions,346,6.2413974665105343,6.0948,1.442816,,85,1321481,12683,1,15,0,12,3,0,1.31887162
ConcentratedExplosions,347,6.0705994255840778,6.643,1.395712,,85,1321485,12683,1,15,0,12,3,0,1.29056585
ConcentratedExplosions,348,6.2226969748735428,5.7649,1.414144,,85,1321489,12683,1,15,0,12,3,0,1.26369274
ConcentratedExplosions,349,6.2119048088788986,6.5455,1.468416,,85,1321493,12683,1,15,0,12,3,0,1.23680341
ConcentratedExplosions,350,6.0932966880500317,6.0944,1.416192,,85,1321497,12683,1,15,0,12,3,0,1.210608
ConcentratedExplosions,351,6.2299035489559174,5.8723,1.43872,,85,1321501,12735,1,15,0,12,3,0,1.185526
ConcentratedExplosions,352,6.0050948522984982,6.8521,1.458176,,85,1321505,12683,1,15,0,12,3,0,1.16049373
ConcentratedExplosions,353,6.3029052689671516,5.1099,1.390592,,85,1321509,12683,1,15,0,12,3,0,1.13693678
ConcentratedExplosions,354,6.0224984772503376,7.312,1.393664,,85,1321513,29187,1,16,0,12,3,0,1.9996717
ConcentratedExplosions,355,6.3528981991112232,5.4401,1.422336,,75,1168253,12763,1,16,0,12,3,0,1.95636141
ConcentratedExplosions,356,6.1763040721416473,6.065,1.458176,,75,1168257,12763,1,16,0,12,3,0,1.91177952
ConcentratedExplosions,357,5.8942954055964947,5.9739,1.359872,,75,1168261,12763,1,16,0,12,3,0,1.86949742
ConcentratedExplosions,358,6.231299601495266,5.5819,1.368064,,75,1168265,12763,1,16,0,12,3,0,1.83009768
ConcentratedExplosions,359,6.01210305467248,7.0384,1.334272,,75,1168269,12763,1,16,0,12,3,0,1.78943121
ConcentratedExplosions,360,6.2973001040518284,5.6827,1.337344,,75,1168273,12763,1,16,0,12,3,0,1.75113308
ConcentratedExplosions,361,6.8820011802017689,7.3196,1.352704,,75,1168277,19461,1,16,0,12,3,0,1.71198142
ConcentratedExplosions,362,11.693601496517658,6.1772,1.359872,,75,1168281,16891,1,16,0,12,3,0,1.67029333
ConcentratedExplosions,363,12.172498740255833,11.6421,1.396736,,75,1168285,12683,1,16,0,12,3,0,1.60200453
ConcentratedExplosions,364,6.242701318114996,11.8088,0.059392,,75,1168289,12683,1,16,0,12,3,0,1.5341872
ConcentratedExplosions,365,6.1118975281715393,6.5197,0.06656,,75,1168293,12683,1,16,0,12,3,0,1.50064909
ConcentratedExplosions,366,6.3124005682766438,5.6496,1.33632,,75,1168297,12683,1,16,0,12,3,0,1.46860349
ConcentratedExplosions,367,6.0652992688119411,7.0264,1.388544,,73,1168299,12683,1,16,0,12,3,0,1.4363066
ConcentratedExplosions,368,6.3270973041653633,5.8345,1.325056,,73,1168303,12683,1,16,0,12,3,0,1.40602112
ConcentratedExplosions,369,6.0706986114382744,5.5326,1.80736,,73,1168307,12683,1,16,0,12,3,0,1.37518966
ConcentratedExplosions,370,6.1315051279962063,7.3665,1.373184,,73,1168311,12683,1,16,0,12,3,0,1.34632039
ConcentratedExplosions,371,6.0959961265325546,5.6793,1.385472,,73,1168315,18009,1,16,0,12,3,0,1.31785333
ConcentratedExplosions,372,8.5403984412550926,7.7115,,,0,0,12683,1,16,0,12,3,0,1.29022324
ConcentratedExplosions,373,5.2397036924958229,7.4633,1.400832,,170,2451262,12683,1,16,0,12,3,0,1.25261033
ConcentratedExplosions,374,4.8516015522181988,4.6304,1.456128,,83,1171935,12683,1,16,0,12,3,0,1.23015094
ConcentratedExplosions,375,6.2983985990285873,5.8351,1.526784,,83,1171939,12683,1,16,0,12,3,0,1.20976281
ConcentratedExplosions,376,8.4361964836716652,6.4411,,,0,0,12683,1,16,0,12,3,0,1.18386745
ConcentratedExplosions,377,4.9994047731161118,7.6548,1.409024,,169,2472218,12683,1,16,0,12,3,0,1.15016985
ConcentratedExplosions,378,5.34739950671792,5.278,1.81248,,85,1168363,17035,1,17,0,12,3,0,1.13071978
ConcentratedExplosions,379,5.9571005403995514,4.093,,,228,918721,12763,1,17,0,12,3,0,1.11033332
ConcentratedExplosions,380,5.9954011812806129,6.5614,1.401856,,72,918413,12763,1,17,0,12,3,0,1.08811951
ConcentratedExplosions,381,6.1080004088580608,5.1703,1.31584,,72,918417,12763,1,17,0,12,3,0,1.06627977
ConcentratedExplosions,382,6.2920991331338882,6.1253,1.268736,,72,918421,12815,1,17,0,12,3,0,1.04455066
ConcentratedExplosions,383,6.1535998247563839,6.3542,1.206272,,72,918425,12763,1,17,0,12,3,0,1.02270257
ConcentratedExplosions,384,6.0417018830776215,7.1126,1.232896,,72,918429,19461,1,17,0,12,3,0,1.00184882
ConcentratedExplosions,385,12.402196414768696,6.5677,1.261568,,72,918433,16891,1,17,0,11,3,0,0.981856167
ConcentratedExplosions,386,12.241099961102009,12.4281,1.215488,,72,918437,12683,1,17,0,11,3,0,0.942263842
ConcentratedExplosions,387,6.1751985922455788,11.4166,0.070656,,72,918441,12763,1,17,0,11,3,0,0.905019
ConcentratedExplosions,388,6.1187003739178181,5.8263,0.08704,,72,918445,12763,1,17,0,11,3,0,0.8868935
ConcentratedExplosions,389,8.5668014362454414,5.9719,1.284096,,72,918449,12763,1,17,0,11,3,0,0.869358242
ConcentratedExplosions,390,5.1722009666264057,9.3061,1.2544,,72,918453,12763,1,17,0,11,3,0,0.8454977
ConcentratedExplosions,391,4.7760982997715473,4.0855,1.273856,,70,918455,12763,1,17,0,11,3,0,0.8314718
ConcentratedExplosions,392,6.0817035846412182,4.7276,,,70,918459,12763,1,17,0,11,3,0,0.8187678
ConcentratedExplosions,393,6.1870962381362915,6.3801,1.309696,,70,918459,12763,1,17,0,11,3,0,0.8029281
ConcentratedExplosions,394,6.1634993180632591,6.1953,1.253376,,70,918463,12763,1,17,0,11,3,0,0.787192643
ConcentratedExplosions,395,6.1029051430523396,6.0106,1.276928,,70,918467,12763,1,17,0,11,3,0,0.7718877
ConcentratedExplosions,396,6.2647960148751736,6.2493,1.5104,,70,918471,12763,1,17,0,11,3,0,0.757088959
ConcentratedExplosions,397,6.2206988222897053,6.1637,1.231872,,70,918475,12763,1,17,0,11,3,0,0.7422567
ConcentratedExplosions,398,6.00960198789835,6.502,1.221632,,70,918479,12763,1,17,0,11,3,0,0.72788
ConcentratedExplosions,399,6.2761977314949036,5.5627,1.275904,,70,918483,12763,1,17,0,11,3,0,0.714315355
ConcentratedExplosions,400,6.128805223852396,6.5791,1.226752,,70,918487,12763,1,17,0,11,3,0,0.7004808
ConcentratedExplosions,401,6.05179974809289,6.431,1.2288,,70,918491,12763,1,17,0,11,3,0,0.6872904
ConcentratedExplosions,402,6.1964001506567,5.3358,1.261568,,70,918495,12763,1,17,0,11,3,0,0.67456764
ConcentratedExplosions,403,6.9166948087513447,9.2924,1.241088,,70,918499,17919,1,18,0,12,3,0,1.963742
ConcentratedExplosions,404,19.188201054930687,3.8019,,,0,0,12763,1,18,0,12,3,0,1.91505826
ConcentratedExplosions,405,6.7917020060122013,19.7421,1.204224,,75,1094957,12763,1,18,0,12,3,0,1.78676736
ConcentratedExplosions,406,6.7323981784284115,9.2098,1.363968,,150,2189922,19461,1,18,0,12,3,0,1.74363971
ConcentratedExplosions,407,5.9356009587645531,5.8959,1.324032,,75,1094965,16891,1,18,0,12,3,0,1.7020154
ConcentratedExplosions,408,8.9042019098997116,4.0457,0.045056,,75,1094969,12683,1,18,0,12,3,0,1.66622412
ConcentratedExplosions,409,5.9673963114619255,8.7165,,,75,1094973,12683,1,18,0,12,3,0,1.61408043
ConcentratedExplosions,410,6.3757016323506832,6.0534,0.04608,,75,1094977,12735,1,18,0,12,3,0,1.58014619
ConcentratedExplosions,411,5.9320009313523769,6.8527,1.296384,,75,1094981,12683,1,18,0,12,3,0,1.54476178
ConcentratedExplosions,412,6.1337016522884369,6.9693,1.271808,,75,1094985,12683,1,18,0,12,3,0,1.512629
ConcentratedExplosions,413,6.0984976589679718,6.2081,1.383424,,75,1094989,12683,1,18,0,12,3,0,1.48018444
ConcentratedExplosions,414,6.1569018289446831,4.9271,1.345536,,75,1094993,12683,1,18,0,12,3,0,1.44869411
ConcentratedExplosions,415,6.3958968967199326,5.7447,1.263616,,75,1094997,12683,1,18,0,12,3,0,1.41766024
ConcentratedExplosions,416,6.0963011346757412,6.2226,1.31584,,73,1094999,12683,1,18,0,12,3,0,1.38620818
ConcentratedExplosions,417,6.1341980472207069,6.39,1.327104,,73,1095003,12683,1,18,0,12,3,0,1.35695767
ConcentratedExplosions,418,6.0051018372178078,6.4146,1.28,,73,1095007,12683,1,18,0,12,3,0,1.32822454
ConcentratedExplosions,419,6.4430981874465942,5.7251,1.364992,,73,1095011,12683,1,18,0,12,3,0,1.30075967
ConcentratedExplosions,420,5.9670987538993359,8.0585,1.344512,,73,1095015,12683,1,18,0,12,3,0,1.27200353
ConcentratedExplosions,421,6.1507015489041805,4.8861,1.24416,,73,1095019,12683,1,18,0,12,3,0,1.24601316
ConcentratedExplosions,422,6.2465984374284744,5.3861,1.316864,,73,1095023,12683,1,18,0,12,3,0,1.21985316
ConcentratedExplosions,423,6.2022036872804165,8.0433,1.345536,,73,1095027,12683,1,18,0,12,3,0,1.19392383
ConcentratedExplosions,424,6.112195085734129,4.2818,1.275904,,73,1095031,12683,1,18,0,12,3,0,1.16879988
ConcentratedExplosions,425,6.0928994789719582,6.7058,1.313792,,73,1095035,12683,1,18,0,12,3,0,1.14463115
ConcentratedExplosions,426,6.2260064296424389,5.5586,1.328128,,73,1095039,12683,1,18,0,12,3,0,1.121108
ConcentratedExplosions,427,6.0905967839062214,7.7292,1.288192,,73,1095043,17035,1,19,0,12,3,0,1.96249938
ConcentratedExplosions,428,6.0398029163479805,5.4019,1.29024,,101,1253071,12763,1,19,0,12,3,0,1.91959012
ConcentratedExplosions,429,6.2383008189499378,6.0667,1.316864,,100,1253073,12763,1,19,0,12,3,0,1.87804723
ConcentratedExplosions,430,6.8009989336133,8.2065,1.335296,,100,1253077,19461,1,19,0,12,3,0,1.83616781
ConcentratedExplosions,431,11.69449370354414,5.3724,1.41824,,100,1253081,16891,1,19,0,12,3,0,1.79167223
ConcentratedExplosions,432,12.194104492664337,11.7543,1.352704,,100,1253085,12683,1,19,0,12,3,0,1.71790147
ConcentratedExplosions,433,6.2171979807317257,11.5401,0.054272,,100,1253089,12683,1,19,0,12,3,0,1.64452243
ConcentratedExplosions,434,6.2794005498290062,6.2804,0.05632,,100,1253093,12683,1,19,0,12,3,0,1.60844743
ConcentratedExplosions,435,5.9514031745493412,5.9736,1.441792,,100,1253097,12683,1,19,0,12,3,0,1.57289863
ConcentratedExplosions,436,6.2691965140402317,6.8214,1.353728,,100,1253101,12683,1,19,0,12,3,0,1.54000962
ConcentratedExplosions,437,6.02920213714242,5.7395,1.4336,,100,1253105,12683,1,19,0,12,3,0,1.50618887
ConcentratedExplosions,438,6.2265023589134216,6.2891,1.390592,,100,1253109,12683,1,19,0,12,3,0,1.47444165
ConcentratedExplosions,439,6.1453939415514469,6.4584,1.355776,,102,1253135,12683,1,19,0,12,3,0,1.44243741
ConcentratedExplosions,440,6.3453018665313721,5.8193,1.406976,,100,1253137,12683,1,19,0,12,3,0,1.41161036
ConcentratedExplosions,441,6.0796979814767838,6.8737,1.427456,,100,1253141,12735,1,19,0,12,3,0,1.38055336
ConcentratedExplosions,442,6.0623018071055412,5.1926,1.381376,,100,1253145,12683,1,19,0,12,3,0,1.351515
ConcentratedExplosions,443,6.4102038741111755,7.1319,1.804288,,100,1253149,12683,1,19,0,12,3,0,1.32324314
ConcentratedExplosions,444,5.96369756385684,5.52,1.44896,,100,1253153,12683,1,19,0,12,3,0,1.29407263
ConcentratedExplosions,445,5.9823980554938316,5.8476,1.337344,,100,1253157,12683,1,19,0,12,3,0,1.26758611
ConcentratedExplosions,446,6.1831986531615257,6.6497,1.396736,,100,1253161,12683,1,19,0,12,3,0,1.2416327
ConcentratedExplosions,447,6.1810021288692951,5.5494,1.439744,,100,1253165,12683,1,19,0,12,3,0,1.215441
ConcentratedExplosions,448,6.3139032572507858,6.0141,1.42336,,100,1253169,12683,1,19,0,12,3,0,1.18988645
ConcentratedExplosions,449,5.9205996803939342,6.608,1.404928,,100,1253173,12683,1,19,0,12,3,0,1.16441429
ConcentratedExplosions,450,6.1392998322844505,5.7737,1.405952,,100,1253177,12683,1,19,0,12,3,0,1.141095
ConcentratedExplosions,451,6.6465986892580986,7.763,1.408,,100,1253181,17035,1,20,0,12,3,0,1.117479
ConcentratedExplosions,452,5.7487031444907188,4.8394,1.395712,,76,1039551,12763,1,20,0,12,3,0,1.95396686
ConcentratedExplosions,453,6.074199452996254,6.4327,1.43872,,76,1039555,19461,1,20,0,12,3,0,1.91363084
ConcentratedExplosions,454,12.301701121032238,6.9636,1.273856,,76,1039559,16891,1,20,0,12,3,0,1.87199545
ConcentratedExplosions,455,12.416793964803219,10.419,1.283072,,76,1039563,12683,1,20,0,12,3,0,1.79067576
ConcentratedExplosions,456,6.0149021446704865,12.2689,0.058368,,76,1039567,12683,1,20,0,12,3,0,1.71250713
ConcentratedExplosions,457,6.2287980690598488,6.0403,0.059392,,76,1039571,12683,1,20,0,12,3,0,1.67599714
ConcentratedExplosions,458,6.2721017748117447,6.6515,1.23392,,76,1039575,12683,1,20,0,12,3,0,1.63909137
ConcentratedExplosions,459,6.1517008580267429,5.5545,1.306624,,76,1039579,12683,1,20,0,12,3,0,1.60283434
ConcentratedExplosions,460,5.9768990613520145,6.4529,1.286144,,76,1039583,12683,1,20,0,12,3,0,1.56813431
ConcentratedExplosions,461,6.1693028546869755,5.9593,1.27488,,76,1039587,12683,1,20,0,12,3,0,1.535217
ConcentratedExplosions,462,6.17929408326745,6.7368,1.319936,,76,1039591,12683,1,20,0,12,3,0,1.50204384
ConcentratedExplosions,463,6.2496033497154713,5.6478,1.352704,,76,1039595,12683,1,20,0,11,3,0,1.46961558
ConcentratedExplosions,464,6.0921981930732727,5.7954,1.250304,,74,1039597,12683,1,20,0,11,3,0,1.43761134
ConcentratedExplosions,465,6.1794007197022438,6.5849,1.288192,,74,1039601,12763,1,20,0,11,3,0,1.40716243
ConcentratedExplosions,466,6.1736041679978371,5.9514,1.319936,,74,1039605,12763,1,20,0,11,3,0,1.37701464
ConcentratedExplosions,467,6.0477959923446178,7.1888,1.294336,,74,1039609,12763,1,20,0,11,3,0,1.347618
ConcentratedExplosions,468,6.2227039597928524,4.9714,1.33632,,74,1039613,12763,1,20,0,11,3,0,1.3195045
ConcentratedExplosions,469,6.109197624027729,6.4463,1.344512,,74,1039617,12763,1,20,0,11,3,0,1.29126728
ConcentratedExplosions,470,6.18769833818078,6.6236,1.257472,,74,1039621,12763,1,20,0,11,3,0,1.26420867
ConcentratedExplosions,471,6.027501542121172,5.6375,1.281024,,74,1039625,12763,1,20,0,11,3,0,1.23745632
ConcentratedExplosions,472,6.248802412301302,5.8952,1.301504,,74,1039629,12815,1,20,0,11,3,0,1.2120142
ConcentratedExplosions,473,6.1571002006530762,6.6207,1.270784,,74,1039633,12763,1,20,0,11,3,0,1.18626583
ConcentratedExplosions,474,6.0468963347375393,5.7638,1.399808,,74,1039637,12763,1,20,0,11,3,0,1.161505
ConcentratedExplosions,475,6.1180982738733292,5.7821,1.307648,,74,1039641,12763,1,20,0,11,3,0,1.13776219
ConcentratedExplosions,476,6.4075044356286526,8.5036,1.263616,,74,1039645,27021,1,21,0,12,3,0,1.95654619
ConcentratedExplosions,477,12.210395187139511,5.2593,1.267712,,80,1006653,16963,1,21,0,12,3,0,1.91158128
ConcentratedExplosions,478,12.316404841840267,11.3957,1.325056,,80,1006657,12755,1,21,0,12,3,0,1.82898545
ConcentratedExplosions,479,5.9886975213885307,12.229,0.050176,,80,1006661,12755,1,21,0,12,3,0,1.74961412
ConcentratedExplosions,480,6.387599278241396,5.8269,0.068608,,80,1006665,12755,1,21,0,12,3,0,1.712394
ConcentratedExplosions,481,6.158000323921442,6.1343,1.309696,,80,1006669,12755,1,21,0,12,3,0,1.67365289
ConcentratedExplosions,482,5.9661990962922573,6.1589,1.255424,,80,1006673,12755,1,21,0,12,3,0,1.63721788
ConcentratedExplosions,483,6.2413052655756474,6.7829,1.36192,,80,1006677,12755,1,21,0,12,3,0,1.60275209
ConcentratedExplosions,484,6.078195758163929,5.992,1.258496,,80,1006681,12755,1,21,0,12,3,0,1.56755483
ConcentratedExplosions,485,6.2428996898233891,6.0036,1.250304,,80,1006685,12755,1,21,0,12,3,0,1.53409994
ConcentratedExplosions,486,5.9753046371042728,6.832,1.299456,,80,1006689,12755,1,21,0,12,3,0,1.500563
ConcentratedExplosions,487,6.2388959340751171,5.1996,1.308672,,80,1006693,12755,1,21,0,11,3,0,1.46922719
ConcentratedExplosions,488,6.1013037338852882,7.125,1.256448,,80,1006697,12755,1,21,0,11,3,0,1.43728662
ConcentratedExplosions,489,6.1562005430459976,4.9743,1.703936,,78,1006699,12755,1,21,0,11,3,0,1.40680027
ConcentratedExplosions,490,6.2467972747981548,6.0474,1.240064,,78,1006703,12755,1,21,0,11,3,0,1.37677276
ConcentratedExplosions,491,6.2544005922973156,7.0794,1.243136,,78,1006707,12755,1,21,0,11,3,0,1.34703791
ConcentratedExplosions,492,6.0706986114382744,5.7151,1.277952,,78,1006711,12755,1,21,0,11,3,0,1.31798983
ConcentratedExplosions,493,6.0723000206053257,6.9085,1.293312,,78,1006715,12755,1,21,0,11,3,0,1.29046977
ConcentratedExplosions,494,6.1337016522884369,5.4411,1.327104,,78,1006719,12755,1,21,0,11,3,0,1.26359141
ConcentratedExplosions,495,6.14010076969862,5.7714,1.299456,,78,1006723,12755,1,21,0,11,3,0,1.23708451
ConcentratedExplosions,496,6.13390002399683,6.1825,1.277952,,78,1006727,12755,1,21,0,11,3,0,1.21118164
ConcentratedExplosions,497,6.2932963483035564,6.5751,1.265664,,78,1006731,12755,1,21,0,11,3,0,1.1859206
ConcentratedExplosions,498,6.0984976589679718,6.8144,1.288192,,78,1006735,12755,1,21,0,11,3,0,1.16062713
ConcentratedExplosions,499,6.1446004547178745,6.3918,1.309696,,78,1006739,19453,1,21,0,11,3,0,1.136705
ConcentratedExplosions,500,12.462705373764038,6.7882,1.266688,,78,1006743,21243,1,22,0,12,3,0,1.99958372
ConcentratedExplosions,501,12.265696190297604,10.8332,1.291264,,88,1239301,12763,1,22,0,12,3,0,1.91109085
ConcentratedExplosions,502,6.0365009121596813,12.3855,0.058368,,88,1239305,12815,1,22,0,12,3,0,1.82815313
ConcentratedExplosions,503,6.21349923312664,5.7333,0.068608,,89,1239375,12763,1,22,0,12,3,0,1.78878868
ConcentratedExplosions,504,6.124603096395731,7.2167,1.33632,,89,1239379,12763,1,22,0,12,3,0,1.74923873
ConcentratedExplosions,505,6.1779972165822983,5.7207,1.3312,,89,1239383,12763,1,22,0,12,3,0,1.71119308
ConcentratedExplosions,506,6.1116991564631462,5.982,1.408,,89,1239387,12763,1,22,0,12,3,0,1.67373681
ConcentratedExplosions,507,6.2017007730901241,6.3532,1.385472,,90,1239393,12763,1,22,0,12,3,0,1.6375705
ConcentratedExplosions,508,6.1031035147607327,5.6444,1.324032,,90,1239397,12763,1,22,0,12,3,0,1.6017524
ConcentratedExplosions,509,6.1907949857413769,6.5827,1.386496,,90,1239401,12763,1,22,0,12,3,0,1.567349
ConcentratedExplosions,510,6.0565052554011345,5.7777,1.343488,,90,1239405,12763,1,22,0,12,3,0,1.53328681
ConcentratedExplosions,511,6.23609684407711,6.2469,1.364992,,91,1239411,12763,1,22,0,12,3,0,1.50075853
ConcentratedExplosions,512,6.1729024164378643,5.9872,1.354752,,91,1239415,12763,1,22,0,11,3,0,1.468067
ConcentratedExplosions,513,6.3151996582746506,6.1484,1.349632,,89,1239417,12763,1,22,0,11,3,0,1.436488
ConcentratedExplosions,514,6.0785007663071156,6.7405,1.348608,,89,1239421,12763,1,22,0,11,3,0,1.40496576
ConcentratedExplosions,515,6.1092972755432129,5.7774,1.386496,,90,1239427,12763,1,22,0,11,3,0,1.37535632
ConcentratedExplosions,516,6.1267009004950523,6.2441,1.398784,,90,1239495,12763,1,22,0,11,3,0,1.34630167
ConcentratedExplosions,517,6.2426021322607994,5.7514,1.383424,,90,1239499,12763,1,22,0,11,3,0,1.317857
ConcentratedExplosions,518,6.0528982430696487,6.3385,1.374208,,90,1239503,12763,1,22,0,11,3,0,1.28957045
ConcentratedExplosions,519,6.2300027348101139,6.8917,1.406976,,90,1239507,12763,1,22,0,11,3,0,1.26279819
ConcentratedExplosions,520,6.1554987914860249,5.3006,1.3824,,90,1239511,12763,1,22,0,11,3,0,1.23589933
ConcentratedExplosions,521,6.1599984765052795,5.8791,1.371136,,90,1239515,12763,1,22,0,11,3,0,1.20996058
ConcentratedExplosions,522,6.1117983423173428,6.949,1.39776,,90,1239519,19461,1,22,0,11,3,0,1.18462265
ConcentratedExplosions,523,12.402700260281563,7.0687,1.332224,,90,1239523,16891,1,22,0,11,3,0,1.16008079
ConcentratedExplosions,524,12.21960037946701,11.8502,1.39264,,90,1239527,17035,1,23,0,12,3,0,1.9544338
ConcentratedExplosions,525,6.19070278480649,11.4479,0.06144,,81,907531,12763,1,23,0,12,3,0,1.869756
ConcentratedExplosions,526,6.1801942065358162,6.0378,0.049152,,81,907535,12763,1,23,0,12,3,0,1.82839262
ConcentratedExplosions,527,6.210600957274437,6.2235,1.242112,,81,907539,12763,1,23,0,12,3,0,1.78809679
ConcentratedExplosions,528,5.9589995071291924,5.6909,1.238016,,81,907543,12763,1,23,0,12,3,0,1.748582
ConcentratedExplosions,529,6.21950114145875,6.7166,1.247232,,81,907547,12763,1,23,0,12,3,0,1.71156836
ConcentratedExplosions,530,6.1929989606142044,6.0438,1.243136,,81,907551,12763,1,23,0,12,3,0,1.67385423
ConcentratedExplosions,531,6.0059027746319771,5.9419,1.247232,,81,907555,12763,1,23,0,12,3,0,1.63720977
ConcentratedExplosions,532,6.24450109899044,7.0402,1.252352,,81,907559,12815,1,23,0,12,3,0,1.6025176
ConcentratedExplosions,533,6.1446996405720711,5.1872,1.65888,,81,907563,12763,1,23,0,12,3,0,1.56730819
ConcentratedExplosions,534,6.3411989249289036,6.4333,1.250304,,81,907567,12763,1,23,0,12,3,0,1.53349769
ConcentratedExplosions,535,5.9732003137469292,5.8602,1.23392,,81,907571,12763,1,23,0,12,3,0,1.499454
ConcentratedExplosions,536,6.30459887906909,5.8736,1.250304,,81,907575,12763,1,23,0,12,3,0,1.468155
ConcentratedExplosions,537,6.0871033929288387,6.5598,1.229824,,81,907579,12763,1,23,0,12,3,0,1.43590844
ConcentratedExplosions,538,6.1596017330884933,5.9012,1.226752,,79,907581,12763,1,23,0,12,3,0,1.40552509
ConcentratedExplosions,539,6.2223994173109531,6.5245,1.240064,,79,907585,12763,1,23,0,12,3,0,1.37551165
ConcentratedExplosions,540,6.0913972556591034,6.6104,1.241088,,79,907589,12763,1,23,0,12,3,0,1.345922
ConcentratedExplosions,541,6.2303002923727036,5.6503,1.209344,,79,907593,12763,1,23,0,12,3,0,1.31764853
ConcentratedExplosions,542,6.0244970954954624,6.49,1.252352,,79,907597,12763,1,23,0,12,3,0,1.289422
ConcentratedExplosions,543,6.0981009155511856,6.1043,1.268736,,79,907601,12763,1,23,0,12,3,0,1.26277733
ConcentratedExplosions,544,6.1420989222824574,5.8319,1.246208,,79,907605,12763,1,23,0,12,3,0,1.23644161
ConcentratedExplosions,545,6.2830992974340916,7.8666,1.225728,,79,907609,19461,1,23,0,12,3,0,1.21054578
ConcentratedExplosions,546,12.155399657785892,4.6253,1.242112,,79,907613,16891,1,23,0,12,3,0,1.18469334
ConcentratedExplosions,547,12.345804832875729,11.5705,1.206272,,79,907617,12683,1,23,0,12,3,0,1.1364516
ConcentratedExplosions,548,6.2250001356005669,13.9734,0.055296,,79,907621,19339,1,24,0,12,3,0,1.08975077
ConcentratedExplosions,549,6.1243977397680283,4.7165,0.06144,,84,1135975,12755,1,24,0,12,3,0,1.06704557
ConcentratedExplosions,550,6.1701033264398575,5.8712,1.24416,,84,1135979,12755,1,24,0,12,3,0,1.04524052
ConcentratedExplosions,551,6.2946993857622147,6.6719,1.34656,,84,1135983,12755,1,24,0,12,3,0,1.02379465
ConcentratedExplosions,552,6.0335956513881683,7.1989,1.319936,,84,1135987,12755,1,24,0,12,3,0,1.002442
ConcentratedExplosions,553,6.33010221645236,5.8353,1.358848,,84,1135991,12755,1,24,0,12,3,0,0.9824621
ConcentratedExplosions,554,6.0606007464230061,5.3329,1.344512,,84,1135995,12755,1,24,0,12,3,0,0.9620001
ConcentratedExplosions,555,6.2580001540482044,5.892,1.32608,,84,1135999,12755,1,24,0,12,3,0,0.942877054
ConcentratedExplosions,556,6.1063989996910095,6.2638,1.334272,,84,1136003,12755,1,24,0,12,3,0,0.9235997
ConcentratedExplosions,557,6.2759001739323139,6.1545,1.347584,,84,1136007,12755,1,24,0,12,3,0,0.9052371
ConcentratedExplosions,558,6.30459887906909,6.7661,1.278976,,84,1136011,12755,1,24,0,12,3,0,0.8868143
ConcentratedExplosions,559,5.93270268291235,5.8102,1.330176,,84,1136015,12755,1,24,0,12,3,0,0.8687548
ConcentratedExplosions,560,6.1446004547178745,5.8072,1.334272,,84,1136019,12755,1,24,0,12,3,0,0.8521603
ConcentratedExplosions,561,6.3090985640883446,6.8064,1.291264,,84,1136023,12755,1,24,0,11,3,0,0.8353715
ConcentratedExplosions,562,6.1284014955163,5.7979,1.337344,,84,1136027,12755,1,24,0,11,3,0,0.818545163
ConcentratedExplosions,563,5.9642004780471325,7.022,1.353728,,82,1136029,12807,1,24,0,11,3,0,0.8025904
ConcentratedExplosions,564,6.3737952150404453,5.2876,1.3291519999999999,,82,1136033,12755,1,24,0,11,3,0,0.7874231
ConcentratedExplosions,565,6.0236039571464062,6.0459,1.347584,,82,1136037,12755,1,24,0,11,3,0,0.7715969
ConcentratedExplosions,566,6.1045987531542778,6.0326,1.321984,,82,1136041,12755,1,24,0,11,3,0,0.756994843
ConcentratedExplosions,567,6.1116991564631462,6.0034,1.312768,,82,1136045,12755,1,24,0,11,3,0,0.742539644
ConcentratedExplosions,568,6.1943028122186661,7.5207,1.352704,,82,1136049,19453,1,24,0,11,3,0,0.7284053
ConcentratedExplosions,569,12.401396408677101,5.3801,1.324032,,82,1136053,16883,1,24,0,11,3,0,0.7144163
ConcentratedExplosions,570,12.245004065334797,13.0639,1.319936,,82,1136057,12675,1,24,0,11,3,0,0.687394261
ConcentratedExplosions,571,6.1335954815149307,11.3128,0.045056,,82,1136061,12675,1,24,0,11,3,0,0.661950052
ConcentratedExplosions,572,6.8515022285282612,8.6292,0.059392,,82,1136065,17035,1,25,0,12,3,0,1.99817836
ConcentratedExplosions,573,5.7633998803794384,5.5182,1.33632,,121,1555239,12763,1,25,0,12,3,0,1.94902658
ConcentratedExplosions,574,5.9225978329777718,5.1868,1.323008,,120,1555241,12763,1,25,0,12,3,0,1.90869987
ConcentratedExplosions,575,6.35870173573494,5.8285,1.514496,,120,1555245,12763,1,25,0,12,3,0,1.86820579
ConcentratedExplosions,576,5.9971017763018608,7.2291,1.557504,,120,1555249,12763,1,25,0,12,3,0,1.82577252
ConcentratedExplosions,577,6.1133997514843941,5.5246,1.519616,,121,1555319,12763,1,25,0,12,3,0,1.78671765
ConcentratedExplosions,578,5.9678005054593086,5.8441,1.462272,,121,1555323,12763,1,25,0,12,3,0,1.74784672
ConcentratedExplosions,579,6.1437003314495087,6.2884,1.46944,,120,1555325,12763,1,25,0,12,3,0,1.71079624
ConcentratedExplosions,580,6.1443946324288845,5.614,1.5616,,120,1555329,12763,1,25,0,12,3,0,1.67355478
ConcentratedExplosions,581,6.2643992714583874,6.2603,1.445888,,121,1555335,12763,1,25,0,12,3,0,1.63720167
ConcentratedExplosions,582,6.0894060879945755,6.4903,1.509376,,121,1555339,12763,1,25,0,12,3,0,1.60103488
ConcentratedExplosions,583,6.1341980472207069,5.7257,1.472512,,121,1555343,12763,1,25,0,12,3,0,1.56672466
ConcentratedExplosions,584,6.1063989996910095,6.4782,1.437696,,121,1555347,12763,1,25,0,12,3,0,1.53298521
ConcentratedExplosions,585,6.2197986990213394,6.2724,1.465344,,122,1555353,12763,1,25,0,11,3,0,1.5001992
ConcentratedExplosions,586,6.3652992248535156,5.841,1.529856,,122,1555357,12763,1,25,0,11,3,0,1.46760559
ConcentratedExplosions,587,5.8689056895673275,6.5314,1.52064,,119,1555273,12763,1,25,0,11,3,0,1.43506622
ConcentratedExplosions,588,6.1082979664206505,6.0277,1.518592,,119,1555277,12763,1,25,0,11,3,0,1.40577841
ConcentratedExplosions,589,6.27089710906148,6.395,1.492992,,120,1555283,12763,1,25,0,11,3,0,1.37600625
ConcentratedExplosions,590,6.3211023807525635,6.5669,1.71008,,120,1555287,12763,1,25,0,11,3,0,1.34617674
ConcentratedExplosions,591,7.1870959363877773,7.5331,1.477632,,120,1555291,19461,1,25,0,11,3,0,1.31684387
ConcentratedExplosions,592,10.934701189398766,5.0667,1.482752,,120,1555295,16891,1,25,0,11,3,0,1.28436589
ConcentratedExplosions,593,12.371102347970009,11.3507,1.49504,,120,1555299,12683,1,25,0,11,3,0,1.236679
ConcentratedExplosions,594,6.1673964373767376,12.0927,0.057344,,120,1555303,12735,1,25,0,11,3,0,1.1851393
ConcentratedExplosions,595,6.1284014955163,6.4966,0.06656,,120,1555307,12683,1,25,0,11,3,0,1.16036463
ConcentratedExplosions,596,6.1839004047214985,5.9204,1.492992,,120,1555311,12683,1,25,0,11,3,0,1.13633275
ConcentratedExplosions,597,6.1491993255913258,6.1961,1.50528,,120,1555315,17035,1,26,0,12,3,0,1.11266124
ConcentratedExplosions,598,6.2553994357585907,5.4707,,,77,1048853,12763,1,26,0,12,3,0,1.08968437
ConcentratedExplosions,599,6.1656036414206028,6.3563,1.532928,,77,1048857,12763,1,26,0,12,3,0,1.06687129
ConcentratedExplosions,600,6.1794007197022438,6.0089,1.35168,,77,1048861,12763,1,26,0,12,3,0,1.04492557
ConcentratedExplosions,601,6.1505953781306744,5.5908,1.321984,,77,1048865,12763,1,26,0,12,3,0,1.02345514
ConcentratedExplosions,602,6.2925028614699841,6.1397,1.345536,,77,1048869,12763,1,26,0,12,3,0,1.00259364
ConcentratedExplosions,603,5.9956987388432026,6.9107,1.316864,,77,1048873,12763,1,26,0,12,3,0,0.9817632
ConcentratedExplosions,604,6.3022039830684662,5.3323,1.325056,,77,1048877,12763,1,26,0,12,3,0,0.9623857
ConcentratedExplosions,605,6.0501983389258385,7.0725,1.384448,,77,1048881,12763,1,26,0,12,3,0,0.942500353
ConcentratedExplosions,606,6.2320013530552387,5.2817,1.3312,,77,1048885,12763,1,26,0,12,3,0,0.923864365
ConcentratedExplosions,607,6.1260983347892761,6.3501,1.32608,,77,1048889,12763,1,26,0,12,3,0,0.90512234
ConcentratedExplosions,608,6.2831984832882881,6.0311,1.337344,,77,1048893,12763,1,26,0,12,3,0,0.887136757
ConcentratedExplosions,609,6.1741992831230164,6.2419,1.3291519999999999,,77,1048897,12763,1,26,0,12,3,0,0.86913
ConcentratedExplosions,610,5.9846015647053719,6.5757,1.298432,,77,1048901,12763,1,26,0,12,3,0,0.851859033
ConcentratedExplosions,611,6.11729733645916,5.5123,1.436672,,77,1048905,12763,1,26,0,12,3,0,0.83550936
ConcentratedExplosions,612,6.4203017391264439,6.3134,1.339392,,75,1048907,12763,1,26,0,12,3,0,0.819185257
ConcentratedExplosions,613,5.9752976521849632,6.2592,1.313792,,75,1048911,12763,1,26,0,12,3,0,0.8024643
ConcentratedExplosions,614,6.2043014913797379,6.6124,1.381376,,75,1048915,19461,1,26,0,12,3,0,0.787271857
ConcentratedExplosions,615,12.341801077127457,6.1612,1.362944,,75,1048919,16891,1,26,0,12,3,0,0.771865
ConcentratedExplosions,616,12.312499806284904,11.9953,1.342464,,75,1048923,12683,1,26,0,12,3,0,0.7422957
ConcentratedExplosions,617,6.0613024979829788,12.5412,0.067584,,75,1048927,12683,1,26,0,12,3,0,0.714169145
ConcentratedExplosions,618,6.1865006573498249,6.0763,0.067584,,75,1048931,12683,1,26,0,12,3,0,0.700806141
ConcentratedExplosions,619,6.1487951315939426,6.3953,1.34144,,75,1048935,12683,1,26,0,12,3,0,0.687485337
ConcentratedExplosions,620,6.6288053058087826,5.4644,1.814528,,75,1048939,12683,1,26,0,12,3,0,0.674556553
ConcentratedExplosions,621,6.9787981919944286,9.375,1.319936,,75,1048943,17035,1,27,0,12,3,0,1.11081934
ConcentratedExplosions,622,5.4112952202558517,5.5324,1.806336,,90,1083871,12763,1,27,0,12,3,0,1.08483434
ConcentratedExplosions,623,5.6862030178308487,5.1419,1.364992,,90,1083875,12763,1,27,0,12,3,0,1.06516874
ConcentratedExplosions,624,6.159899290651083,4.9508,1.303552,,90,1083879,12815,1,27,0,12,3,0,1.04494786
ConcentratedExplosions,625,6.055598147213459,6.808,1.32608,,90,1083883,12763,1,27,0,12,3,0,1.023544
ConcentratedExplosions,626,6.26789964735508,6.3335,1.313792,,90,1083887,12763,1,27,0,12,3,0,1.00299871
ConcentratedExplosions,627,6.1048045754432678,6.089,1.391616,,90,1083891,12763,1,27,0,12,3,0,0.9822389
ConcentratedExplosions,628,6.198100745677948,5.5263,1.519616,,89,1083893,12763,1,27,0,12,3,0,0.962501764
ConcentratedExplosions,629,6.0702948831021786,5.8961,1.317888,,89,1083897,12763,1,27,0,12,3,0,0.942938149
ConcentratedExplosions,630,6.208701990544796,6.307,1.306624,,89,1083901,12763,1,27,0,12,3,0,0.9242308
ConcentratedExplosions,631,6.2945010140538216,6.1536,1.34144,,89,1083905,12763,1,27,0,12,3,0,0.9055493
ConcentratedExplosions,632,6.0431971214711666,7.7556,1.281024,,89,1083909,12763,1,27,0,12,3,0,0.887065
ConcentratedExplosions,633,6.1417021788656712,5.3188,1.323008,,89,1083913,12763,1,27,0,12,3,0,0.869739652
ConcentratedExplosions,634,6.1401999555528164,6.299,1.314816,,89,1083917,12763,1,27,0,12,3,0,0.8525442
ConcentratedExplosions,635,6.0198977589607239,5.0705,1.31072,,89,1083921,12763,1,27,0,11,3,0,0.835758269
ConcentratedExplosions,636,6.1946995556354523,6.7463,1.35168,,86,1083901,12763,1,27,0,11,3,0,0.81968534
ConcentratedExplosions,637,6.1400015838444233,6.6852,1.312768,,86,1083905,19461,1,27,0,11,3,0,0.803533
ConcentratedExplosions,638,12.461104430258274,6.1479,1.307648,,86,1083909,16891,1,27,0,11,3,0,0.7879017
ConcentratedExplosions,639,12.323101051151752,11.4975,1.370112,,86,1083913,12683,1,27,0,11,3,0,0.7572983
ConcentratedExplosions,640,6.0512968339025974,12.3873,0.059392,,86,1083917,12683,1,27,0,11,3,0,0.728450537
ConcentratedExplosions,641,6.1740009114146233,6.7399,0.047104,,86,1083921,12683,1,27,0,11,3,0,0.7147797
ConcentratedExplosions,642,6.1303004622459412,5.3401,1.283072,,86,1083925,12683,1,27,0,11,3,0,0.701156855
ConcentratedExplosions,643,6.1156959272921085,5.8737,1.301504,,86,1083929,12683,1,27,0,11,3,0,0.687947452
ConcentratedExplosions,644,6.1285006813704967,6.657,1.35168,,86,1083933,12683,1,27,0,11,3,0,0.675076663
ConcentratedExplosions,645,6.30160141736269,6.0812,1.286144,,86,1083937,12683,1,27,0,11,3,0,0.662479341
ConcentratedExplosions,646,6.0794996097683907,6.8921,1.362944,,86,1083941,19339,1,28,0,12,3,0,1.11150861
ConcentratedExplosions,647,6.3266013748943806,4.9287,1.312768,,73,923817,12755,1,28,0,12,3,0,1.08881617
ConcentratedExplosions,648,6.0418015345931053,6.0736,1.273856,,73,923821,12755,1,28,0,12,3,0,1.06576777
ConcentratedExplosions,649,6.230201106518507,6.7581,1.234944,,73,923825,12755,1,28,0,12,3,0,1.04428327
ConcentratedExplosions,650,6.04579783976078,6.1918,1.216512,,73,923829,12755,1,28,0,12,3,0,1.02265394
ConcentratedExplosions,651,6.1491001397371292,6.1064,1.415168,,73,923833,12755,1,28,0,12,3,0,1.00216246
ConcentratedExplosions,652,6.3123013824224472,5.0186,1.226752,,73,923837,12755,1,28,0,12,3,0,0.981811166
ConcentratedExplosions,653,5.9705995954573154,6.4356,1.195008,,73,923841,12755,1,28,0,12,3,0,0.9614217
ConcentratedExplosions,654,6.1607002280652523,6.6994,1.1776,,73,923845,12755,1,28,0,12,3,0,0.94259274
ConcentratedExplosions,655,6.3001983799040318,5.2857,1.227776,,73,923849,12807,1,28,0,12,3,0,0.9236183
ConcentratedExplosions,656,6.0044005513191223,6.2875,1.201152,,73,923853,12755,1,28,0,12,3,0,0.904679537
ConcentratedExplosions,657,6.1352960765361786,6.057,1.215488,,73,923857,12755,1,28,0,12,3,0,0.887057364
ConcentratedExplosions,658,6.2506021931767464,5.9442,1.225728,,73,923861,12755,1,28,0,12,3,0,0.8694713
ConcentratedExplosions,659,6.2487032264471054,6.5541,1.188864,,73,923865,12755,1,28,0,11,3,0,0.851981163
ConcentratedExplosions,660,6.0689980164170265,7.7247,1.210368,,73,923869,19453,1,28,0,11,3,0,0.8349157
ConcentratedExplosions,661,12.445203028619289,5.1163,1.250304,,71,923871,16963,1,28,0,11,3,0,0.8187328
ConcentratedExplosions,662,12.36449833959341,12.5354,1.23392,,71,923875,12755,1,28,0,11,3,0,0.786716044
ConcentratedExplosions,663,6.159899290651083,12.1395,0.055296,,71,923879,12755,1,28,0,11,3,0,0.7563997
ConcentratedExplosions,664,6.19119917973876,6.5203,0.06656,,71,923883,12755,1,28,0,11,3,0,0.741829038
ConcentratedExplosions,665,6.0481010004878044,5.9738,1.214464,,71,923887,12755,1,28,0,11,3,0,0.7275298
ConcentratedExplosions,666,6.0785999521613121,5.4115,1.210368,,71,923891,12755,1,28,0,11,3,0,0.7138874
ConcentratedExplosions,667,6.1658020131289959,6.2559,1.27488,,71,923895,12755,1,28,0,11,3,0,0.7004932
ConcentratedExplosions,668,6.1063989996910095,5.8623,1.639424,,71,923899,12755,1,28,0,11,3,0,0.687223852
ConcentratedExplosions,669,6.17680000141263,6.4211,1.221632,,71,923903,12755,1,28,0,11,3,0,0.6743892
ConcentratedExplosions,670,6.0846018604934216,7.7283,1.199104,,71,923907,17115,1,29,0,12,3,0,1.9995538
ConcentratedExplosions,671,6.2566963024437428,4.4432,1.204224,,78,990487,12763,1,29,0,12,3,0,1.955805
ConcentratedExplosions,672,6.15369901061058,6.5298,1.220608,,78,990491,12763,1,29,0,12,3,0,1.9119035
ConcentratedExplosions,673,6.0173044912517071,6.0128,1.352704,,78,990495,12763,1,29,0,12,3,0,1.86977148
ConcentratedExplosions,674,6.20809942483902,6.2285,1.283072,,78,990499,12763,1,29,0,12,3,0,1.82955253
ConcentratedExplosions,675,6.2633007764816284,6.4489,1.314816,,78,990503,12763,1,29,0,12,3,0,1.78904879
ConcentratedExplosions,676,5.99279347807169,5.6854,1.321984,,78,990507,12763,1,29,0,12,3,0,1.74917948
ConcentratedExplosions,677,6.4845024608075619,6.2823,1.344512,,78,990511,12763,1,29,0,12,3,0,1.71194446
ConcentratedExplosions,678,5.92699833214283,6.0981,1.345536,,78,990515,12763,1,29,0,12,3,0,1.67263436
ConcentratedExplosions,679,6.04610238224268,5.9048,1.355776,,78,990519,12763,1,29,0,12,3,0,1.63757384
ConcentratedExplosions,680,6.3722999766469,6.7952,1.321984,,78,990523,12763,1,29,0,12,3,0,1.60264361
ConcentratedExplosions,681,6.083496380597353,5.4575,1.325056,,78,990527,12763,1,29,0,12,3,0,1.56671953
ConcentratedExplosions,682,6.0960035771131516,6.6523,1.349632,,78,990531,12763,1,29,0,12,3,0,1.53325558
ConcentratedExplosions,683,6.2108985148370266,7.3978,1.34144,,78,990535,19461,1,29,0,12,3,0,1.50051844
ConcentratedExplosions,684,12.32760027050972,4.9648,1.327104,,78,990539,16891,1,29,0,12,3,0,1.46796322
ConcentratedExplosions,685,12.156901881098747,12.012,1.386496,,76,990541,12683,1,29,0,12,3,0,1.40565848
ConcentratedExplosions,686,6.3145975582301617,12.153,0.058368,,76,990545,12735,1,29,0,12,3,0,1.34710717
ConcentratedExplosions,687,6.2525016255676746,6.4489,0.062464,,76,990549,12683,1,29,0,12,3,0,1.31778121
ConcentratedExplosions,688,6.0297972522675991,6.2393,1.34656,,76,990553,12683,1,29,0,12,3,0,1.2894522
ConcentratedExplosions,689,6.1893989332020283,6.1816,1.32608,,76,990557,12683,1,29,0,12,3,0,1.26278365
ConcentratedExplosions,690,6.0957055538892746,6.173,1.33632,,76,990561,12683,1,29,0,12,3,0,1.23605835
ConcentratedExplosions,691,6.231299601495266,5.5304,1.343488,,76,990565,12683,1,29,0,12,3,0,1.21036482
ConcentratedExplosions,692,5.9872944839298725,6.3852,1.337344,,76,990569,12683,1,29,0,12,3,0,1.18472731
ConcentratedExplosions,693,6.163300946354866,7.6616,1.31584,,77,990595,12683,1,29,0,12,3,0,1.16067708
ConcentratedExplosions,694,6.1217048205435276,4.5075,1.36192,,77,990599,12683,1,29,0,12,3,0,1.13650262
ConcentratedExplosions,695,6.23909430578351,7.284,1.371136,,77,990603,17035,1,30,0,12,3,0,1.95636618
ConcentratedExplosions,696,6.3110049813985825,5.4432,1.381376,,74,806039,12763,1,30,0,12,3,0,1.91257286
ConcentratedExplosions,697,6.13390002399683,5.8924,1.349632,,74,806043,12763,1,30,0,12,3,0,1.8693608
ConcentratedExplosions,698,6.1625991947948933,7.3665,1.225728,,74,806047,12763,1,30,0,12,3,0,1.82838178
ConcentratedExplosions,699,6.1133005656301975,5.2554,1.191936,,74,806051,12763,1,30,0,12,3,0,1.78819954
ConcentratedExplosions,700,6.0638957656919956,6.4246,1.190912,,74,806055,12763,1,30,0,12,3,0,1.7492938
ConcentratedExplosions,701,6.0704010538756847,5.5316,1.210368,,74,806059,12763,1,30,0,12,3,0,1.71161962
ConcentratedExplosions,702,6.159899290651083,5.9252,1.245184,,74,806063,12763,1,30,0,12,3,0,1.67479765
ConcentratedExplosions,703,6.2178005464375019,7.139,1.235968,,74,806067,12763,1,30,0,12,3,0,1.6383239
ConcentratedExplosions,704,6.2378048896789551,5.5108,1.234944,,74,806071,12763,1,30,0,12,3,0,1.60239577
ConcentratedExplosions,705,5.9432964771986008,6.1755,1.425408,,74,806075,12763,1,30,0,12,3,0,1.56722665
ConcentratedExplosions,706,6.2570013105869293,6.8828,1.209344,,74,806079,19461,1,30,0,12,3,0,1.53451324
ConcentratedExplosions,707,12.304896488785744,5.4954,1.197056,,75,806085,16891,1,30,0,12,3,0,1.50089145
ConcentratedExplosions,708,12.373505160212517,12.3987,1.176576,,75,806089,12683,1,30,0,12,3,0,1.437141
ConcentratedExplosions,709,6.3600977882742882,11.9838,0.057344,,74,806093,12683,1,30,0,12,3,0,1.37607527
ConcentratedExplosions,710,5.9827025979757309,6.3933,0.068608,,74,806097,12683,1,30,0,12,3,0,1.345825
ConcentratedExplosions,711,6.2732002697885036,5.6738,1.189888,,74,806101,12683,1,30,0,12,3,0,1.31805229
ConcentratedExplosions,712,5.907794926315546,6.3584,1.184768,,74,806105,12683,1,30,0,12,3,0,1.289624
ConcentratedExplosions,713,6.2699052505195141,6.0446,1.185792,,74,806109,12683,1,30,0,12,3,0,1.26348484
ConcentratedExplosions,714,6.0657951980829239,6.1342,1.225728,,74,806113,12683,1,30,0,12,3,0,1.23639917
ConcentratedExplosions,715,6.2634991481900215,6.1874,1.216512,,76,806247,12683,1,30,0,12,3,0,1.21082211
ConcentratedExplosions,716,6.0239015147089958,6.9565,1.212416,,77,806273,12735,1,30,0,12,3,0,1.18504274
ConcentratedExplosions,717,6.5594031475484371,5.2791,1.21344,,77,806277,12683,1,30,0,12,3,0,1.16083992
ConcentratedExplosions,718,5.921095609664917,6.3125,1.210368,,77,806281,12683,1,30,0,12,3,0,1.13512743
ConcentratedExplosions,719,6.1494046822190285,8.0685,1.197056,,77,806285,17035,1,31,0,12,3,0,0.662230551
ConcentratedExplosions,720,6.1350977048277855,5.9752,1.169408,,107,1312195,12763,1,31,0,12,3,0,0.649890959
ConcentratedExplosions,721,6.1475979164242744,6.0748,1.432576,,107,1312199,12763,1,31,0,12,3,0,0.637867033
ConcentratedExplosions,722,6.3579012639820576,5.7522,,,107,1312203,12763,1,31,0,12,3,0,0.6260992
ConcentratedExplosions,723,6.4033023081719875,6.248,1.395712,,107,1312207,12763,1,31,0,12,3,0,0.614217162
ConcentratedExplosions,724,6.09199982136488,6.0699,1.40288,,107,1312211,12763,1,31,0,12,3,0,0.602539
ConcentratedExplosions,725,6.0356007888913155,6.3109,1.3291519999999999,,107,1312215,12763,1,31,0,12,3,0,0.5916911
ConcentratedExplosions,726,6.0803997330367565,6.2529,1.425408,,107,1312219,12763,1,31,0,12,3,0,0.5811897
ConcentratedExplosions,727,6.3131023198366165,5.3666,1.416192,,107,1312223,12763,1,31,0,12,3,0,0.5708522
ConcentratedExplosions,728,6.1535998247563839,6.3462,1.36192,,107,1312227,12763,1,31,0,12,3,0,0.56036973
ConcentratedExplosions,729,6.1787981539964676,7.5265,1.446912,,107,1312231,19461,1,31,0,12,3,0,0.550391734
ConcentratedExplosions,730,12.261798605322838,5.1684,1.391616,,107,1312235,16891,1,31,0,12,3,0,0.5406052
ConcentratedExplosions,731,12.246003374457359,11.8788,1.417216,,107,1312239,12683,1,31,0,11,3,0,0.5218506
ConcentratedExplosions,732,6.0997945256531239,12.9374,0.057344,,107,1312243,12683,1,31,0,11,3,0,0.50397
ConcentratedExplosions,733,6.1516016721725464,5.1087,0.065536,,105,1312181,12763,1,31,0,11,3,0,0.4953678
ConcentratedExplosions,734,6.2194019556045532,6.3746,1.42848,,105,1312185,12763,1,31,0,11,3,0,0.486890763
ConcentratedExplosions,735,6.2553994357585907,6.1096,1.412096,,105,1312189,12763,1,31,0,11,3,0,0.478517771
ConcentratedExplosions,736,5.9572989121079445,6.4151,1.388544,,105,1312193,12763,1,31,0,11,3,0,0.471842438
ConcentratedExplosions,737,6.1726970598101616,7.3223,1.697792,,105,1312197,12763,1,31,0,11,3,0,0.489714324
ConcentratedExplosions,738,6.1331065371632576,4.9162,1.429504,,105,1312201,12763,1,31,0,11,3,0,0.5082324
ConcentratedExplosions,739,6.1754961498081684,6.1075,1.370112,,105,1312205,12763,1,31,0,11,3,0,0.5266318
ConcentratedExplosions,740,6.0603031888604164,5.8023,1.399808,,105,1312209,12763,1,31,0,11,3,0,0.545158267
ConcentratedExplosions,741,6.1563989147543907,6.493,1.419264,,105,1312213,12763,1,31,0,11,3,0,0.5633392
ConcentratedExplosions,742,6.6344956867396832,6.8309,1.384448,,105,1312217,12763,1,31,0,11,3,0,0.5818083
ConcentratedExplosions,743,8.1263035535812378,9.0844,1.426432,,105,1312221,17115,1,32,0,12,3,0,1.1334852
ConcentratedExplosions,744,5.8947987854480743,5.8786,1.445888,,74,815805,12763,1,32,0,12,3,0,1.10258508
ConcentratedExplosions,745,7.0184026844799519,7.1203,1.39776,,74,815809,12763,1,32,0,12,3,0,1.08077776
ConcentratedExplosions,746,4.3343962170183659,3.9168,1.236992,,74,815813,12815,1,32,0,12,3,0,1.05546129
ConcentratedExplosions,747,5.0829011015594006,4.4831,1.29024,,74,815817,12763,1,32,0,12,3,0,1.04017007
ConcentratedExplosions,748,6.2868976965546608,5.2356,1.251328,,75,815819,12763,1,32,0,12,3,0,1.02256525
ConcentratedExplosions,749,6.143402773886919,5.7367,1.29536,,75,815823,12763,1,32,0,12,3,0,1.00126874
ConcentratedExplosions,750,6.3248015940189362,6.2163,1.260544,,75,815827,12763,1,32,0,12,3,0,0.9809574
ConcentratedExplosions,751,5.9030968695878983,6.4541,1.234944,,75,815831,12763,1,32,0,12,3,0,0.960549
ConcentratedExplosions,752,6.1660995706915855,7.2192,1.294336,,75,815835,19461,1,32,0,12,3,0,0.941950262
ConcentratedExplosions,753,12.286905199289322,5.8962,1.251328,,75,815839,16891,1,32,0,12,3,0,0.9229747
ConcentratedExplosions,754,12.388697825372219,11.2155,1.651712,,75,815843,12683,1,32,0,12,3,0,0.8864952
ConcentratedExplosions,755,6.0814982280135155,12.5827,0.075776,,75,815847,12683,1,32,0,12,3,0,0.8514375
ConcentratedExplosions,756,6.2001985497772694,6.0021,0.067584,,73,815849,12683,1,32,0,12,3,0,0.8348361
ConcentratedExplosions,757,6.0935020446777344,6.4622,1.246208,,73,815853,12683,1,32,0,12,3,0,0.8183094
ConcentratedExplosions,758,6.3285999931395054,5.7334,1.3056,,73,815857,12683,1,32,0,12,3,0,0.802450061
ConcentratedExplosions,759,6.1905044130980968,6.0516,1.446912,,73,815861,12683,1,32,0,12,3,0,0.786370635
ConcentratedExplosions,760,5.9500993229448795,6.441,1.271808,,73,815865,12683,1,32,0,12,3,0,0.771019
ConcentratedExplosions,761,6.3324971124529839,5.7643,1.25952,,73,815869,12683,1,32,0,12,3,0,0.7566063
ConcentratedExplosions,762,5.8998013846576214,6.7462,1.246208,,73,815873,12683,1,32,0,12,3,0,0.7416274
ConcentratedExplosions,763,6.5141012892127037,6.3124,1.307648,,73,815877,12683,1,32,0,12,3,0,0.727998137
ConcentratedExplosions,764,5.9579010121524334,5.6748,1.299456,,73,815881,12683,1,32,0,12,3,0,0.713306069
ConcentratedExplosions,765,6.0447985306382179,7.109,1.273856,,73,815885,12683,1,32,0,12,3,0,0.700188041
ConcentratedExplosions,766,6.2663974240422249,5.1186,1.291264,,73,815889,12683,1,32,0,12,3,0,0.6871831
ConcentratedExplosions,767,6.0902992263436317,6.8978,1.304576,,73,815893,12683,1,32,0,12,3,0,0.6740172
ConcentratedExplosions,768,7.1407030336558819,7.3778,1.250304,,73,815897,19357,1,33,0,12,3,0,1.1117419
ConcentratedExplosions,769,6.1249998398125172,5.6168,1.251328,,86,1202361,12773,1,33,0,12,3,0,1.085137
ConcentratedExplosions,770,6.2766014598309994,7.3292,1.324032,,86,1202365,12773,1,33,0,12,3,0,1.0629015
ConcentratedExplosions,771,6.2694940716028214,4.8279,1.338368,,86,1202369,12773,1,33,0,12,3,0,1.04066169
ConcentratedExplosions,772,6.0106008313596249,6.6945,1.36192,,86,1202373,12773,1,33,0,12,3,0,1.01898527
ConcentratedExplosions,773,6.0606007464230061,6.3446,1.406976,,86,1202377,12773,1,33,0,12,3,0,0.998696864
ConcentratedExplosions,774,6.0778982006013393,5.4014,1.411072,,86,1202381,12773,1,33,0,12,3,0,0.9787162
ConcentratedExplosions,775,6.8766013719141483,8.5443,1.404928,,86,1202385,19471,1,33,0,12,3,0,0.9591476
ConcentratedExplosions,776,11.773101054131985,4.8503,1.416192,,86,1202389,16901,1,33,0,12,3,0,0.9375597
ConcentratedExplosions,777,12.322498485445976,11.9519,1.72544,,86,1202393,12745,1,33,0,12,3,0,0.9019173
ConcentratedExplosions,778,6.0351048596203327,12.6636,0.070656,,86,1202397,12693,1,33,0,12,3,0,0.8663208
ConcentratedExplosions,779,6.1532952822744846,5.8405,0.06656,,86,1202401,12693,1,33,0,11,3,0,0.8494995
ConcentratedExplosions,780,6.1223004013299942,5.5204,1.410048,,86,1202405,12693,1,33,0,11,3,0,0.8327502
ConcentratedExplosions,781,6.2607992440462112,5.6598,1.37216,,84,1202407,12773,1,33,0,11,3,0,0.816477656
ConcentratedExplosions,782,6.2071997672319412,6.9981,1.307648,,84,1202411,12773,1,33,0,11,3,0,0.800232053
ConcentratedExplosions,783,6.0607991181313992,6.5165,1.362944,,84,1202415,12773,1,33,0,11,3,0,0.784510136
ConcentratedExplosions,784,6.2930057756602764,5.9308,1.359872,,84,1202419,12773,1,33,0,11,3,0,0.769519567
ConcentratedExplosions,785,5.9920987114310265,5.8558,1.368064,,84,1202423,12773,1,33,0,11,3,0,0.7543224
ConcentratedExplosions,786,6.1625991947948933,5.8028,1.823744,,84,1202427,12773,1,33,0,11,3,0,0.7401917
ConcentratedExplosions,787,6.17949990555644,6.6419,1.399808,,84,1202431,12773,1,33,0,11,3,0,0.725996256
ConcentratedExplosions,788,6.20809942483902,6.3919,1.323008,,84,1202435,12773,1,33,0,11,3,0,0.7120971
ConcentratedExplosions,789,6.1359978280961514,6.5075,1.36704,,84,1202439,12773,1,33,0,11,3,0,0.6984633
ConcentratedExplosions,790,6.2025012448430061,6.3152,1.384448,,84,1202443,12773,1,33,0,11,3,0,0.685304761
ConcentratedExplosions,791,6.1036990955471992,5.2855,1.369088,,84,1202447,12773,1,33,0,11,3,0,0.6723159
ConcentratedExplosions,792,6.1568026430904865,7.5429,1.404928,,84,1202451,17115,1,34,0,12,3,0,1.99237239
ConcentratedExplosions,793,6.2364018522202969,5.8083,1.385472,,83,909103,12763,1,34,0,12,3,0,1.94828367
ConcentratedExplosions,794,5.998597014695406,4.6203,1.319936,,83,909107,12763,1,34,0,12,3,0,1.904706
ConcentratedExplosions,795,6.1615998856723309,6.6485,1.267712,,83,909111,12763,1,34,0,12,3,0,1.86379206
ConcentratedExplosions,796,6.22249860316515,5.7781,1.270784,,83,909115,12763,1,34,0,12,3,0,1.8227644
ConcentratedExplosions,797,6.178698968142271,6.1761,1.242112,,83,909119,12763,1,34,0,12,3,0,1.78233278
ConcentratedExplosions,798,6.0560018755495548,7.7219,1.299456,,83,909123,19461,1,34,0,12,3,0,1.74315727
ConcentratedExplosions,799,12.513498775660992,5.0614,1.262592,,82,909125,16891,1,34,0,12,3,0,1.70567656
ConcentratedExplosions,800,12.114902026951313,11.9286,1.253376,,82,909129,12683,1,34,0,12,3,0,1.63101184
ConcentratedExplosions,801,6.0455002821981907,12.2879,0.05632,,82,909133,12683,1,34,0,12,3,0,1.56215441
ConcentratedExplosions,802,6.1984979547560215,6.1632,0.062464,,82,909137,12683,1,34,0,12,3,0,1.52900457
ConcentratedExplosions,803,6.3063986599445343,5.8346,1.236992,,82,909141,12683,1,34,0,12,3,0,1.49582613
ConcentratedExplosions,804,5.9972009621560574,7.3038,1.304576,,82,909145,12683,1,34,0,12,3,0,1.4628917
ConcentratedExplosions,805,6.12790510058403,5.3468,1.268736,,79,909125,12683,1,34,0,12,3,0,1.432322
ConcentratedExplosions,806,6.2069939449429512,5.5157,1.235968,,79,909129,12735,1,34,0,12,3,0,1.40182281
ConcentratedExplosions,807,6.2838010489940643,6.4693,1.245184,,79,909133,12683,1,34,0,12,3,0,1.37167072
ConcentratedExplosions,808,5.9465984813869,6.1655,1.247232,,79,909137,12683,1,34,0,12,3,0,1.3418864
ConcentratedExplosions,809,6.19070278480649,6.154,1.277952,,79,909141,12683,1,34,0,12,3,0,1.31437027
ConcentratedExplosions,810,6.33039977401495,5.6531,1.296384,,79,909145,12683,1,34,0,12,3,0,1.28639984
ConcentratedExplosions,811,5.956901703029871,6.508,1.292288,,79,909149,12683,1,34,0,12,3,0,1.2584933
ConcentratedExplosions,812,6.2744966708123684,6.5921,1.265664,,79,909153,12683,1,34,0,12,3,0,1.23285937
ConcentratedExplosions,813,5.9740999713540077,5.5451,1.266688,,79,909157,12683,1,34,0,12,3,0,1.20649934
ConcentratedExplosions,814,6.1133997514843941,7.3829,1.294336,,79,909161,12683,1,34,0,12,3,0,1.18199718
ConcentratedExplosions,815,6.1592049896717072,5.092,1.245184,,79,909165,12683,1,34,0,12,3,0,1.15751112
ConcentratedExplosions,816,6.2270974740386009,5.7117,1.263616,,79,909169,12683,1,34,0,12,3,0,1.133428
ConcentratedExplosions,817,6.1158020980656147,7.8213,1.289216,,79,909173,17035,1,35,0,12,3,0,1.10966313
ConcentratedExplosions,818,6.2456987798213959,4.4763,1.235968,,74,994785,12763,1,35,0,12,3,0,1.08688045
ConcentratedExplosions,819,6.0807964764535427,6.9946,1.296384,,74,994789,12763,1,35,0,12,3,0,1.06417
ConcentratedExplosions,820,6.0951034538447857,6.6305,1.265664,,74,994793,18089,1,35,0,12,3,0,1.04258585
ConcentratedExplosions,821,14.241297729313374,15.0086,1.32608,,88,1022097,19461,1,35,0,12,3,0,1.02145994
ConcentratedExplosions,822,7.5023029930889606,7.5301,1.334272,,90,1134125,16891,1,35,0,12,3,0,0.9740166
ConcentratedExplosions,823,9.267694316804409,5.24,1.512448,,88,1009277,12683,1,35,0,12,3,0,0.9500642
ConcentratedExplosions,824,6.2037059105932713,9.2498,0.219136,,88,1018417,12683,1,35,0,12,3,0,0.921426833
ConcentratedExplosions,825,7.53139890730381,6.3408,,,0,0,12683,1,35,0,12,3,0,0.902827
ConcentratedExplosions,826,4.8727961257100105,6.3181,1.4336,,178,2139866,12683,1,35,0,12,3,0,0.88084203
ConcentratedExplosions,827,6.268402561545372,5.3267,1.851392,,86,994845,12683,1,35,0,12,3,0,0.8669573
ConcentratedExplosions,828,5.9888958930969238,5.4683,1.452032,,230,995133,12683,1,35,0,12,3,0,0.8494783
ConcentratedExplosions,829,6.1591058038175106,5.8858,1.332224,,81,994839,12683,1,35,0,12,3,0,0.8331718
ConcentratedExplosions,830,6.3010985031723976,6.2508,1.425408,,72,994827,12683,1,35,0,12,3,0,0.816792667
ConcentratedExplosions,831,6.0133007355034351,6.9501,1.333248,,72,994831,12683,1,35,0,12,3,0,0.485993922
ConcentratedExplosions,832,6.0816965997219086,5.4392,1.297408,,72,994835,12683,1,35,0,12,3,0,0.4779154
ConcentratedExplosions,833,6.2693026848137379,6.0334,1.323008,,72,994839,12683,1,35,0,12,3,0,0.4699288
ConcentratedExplosions,834,7.2230016812682152,6.7662,1.359872,,72,994843,12683,1,35,0,12,3,0,0.471715242
ConcentratedExplosions,835,4.9676941707730293,7.2482,1.353728,,72,994847,12683,1,35,0,12,3,0,0.493384242
ConcentratedExplosions,836,6.1622024513781071,4.442,1.41824,,72,994851,12683,1,35,0,12,3,0,0.5082874
ConcentratedExplosions,837,6.1609977856278419,6.8723,1.328128,,72,994855,12735,1,35,0,12,3,0,0.5267739
ConcentratedExplosions,838,8.2871029153466225,5.9841,1.321984,,72,994859,12683,1,35,0,12,3,0,0.545257
ConcentratedExplosions,839,3.9958972483873367,7.604,1.371136,,72,994863,12683,1,35,0,12,3,0,0.570118248
ConcentratedExplosions,840,6.2008006498217583,4.8612,1.352704,,72,994867,12683,1,35,0,12,3,0,0.582105935
ConcentratedExplosions,841,6.1466055922210217,7.1791,1.311744,,72,994867,17035,1,36,0,12,3,0,1.99828207
ConcentratedExplosions,842,6.2465984374284744,4.7584,1.741824,,74,930729,12763,1,36,0,12,3,0,1.95412338
ConcentratedExplosions,843,6.0232994146645069,6.0407,1.312768,,74,930733,12763,1,36,0,12,3,0,1.910333
ConcentratedExplosions,844,6.346400361508131,6.9436,1.26976,,74,930737,19461,1,36,0,12,3,0,1.86912
ConcentratedExplosions,845,12.369501404464245,6.5502,1.324032,,74,930741,16891,1,36,0,12,3,0,1.82674515
ConcentratedExplosions,846,12.22559530287981,11.813,1.342464,,74,930745,12683,1,36,0,12,3,0,1.74714684
ConcentratedExplosions,847,6.1818026006221771,11.6191,0.069632,,74,930749,12683,1,36,0,12,3,0,1.67220473
ConcentratedExplosions,848,6.0299956239759922,6.5123,0.067584,,74,930753,12683,1,36,0,12,3,0,1.63566554
ConcentratedExplosions,849,6.3972007483243942,5.4578,1.352704,,74,930757,12683,1,36,0,12,3,0,1.600872
ConcentratedExplosions,850,5.9919003397226334,6.1853,1.338368,,74,930761,12683,1,36,0,12,3,0,1.56485355
ConcentratedExplosions,851,6.1108986847102642,6.4127,1.325056,,74,930765,12683,1,36,0,12,3,0,1.53193116
ConcentratedExplosions,852,6.139200646430254,6.6909,1.3312,,74,930769,12683,1,36,0,12,3,0,1.49914646
ConcentratedExplosions,853,6.7619048058986664,5.7157,,,0,0,12683,1,36,0,12,3,0,1.46699524
ConcentratedExplosions,854,5.5388961918652058,6.5034,1.352704,,147,1861550,12683,1,36,0,12,3,0,1.43247128
ConcentratedExplosions,855,6.3294004648923874,5.4327,,,73,930781,12683,1,36,0,12,3,0,1.40486848
ConcentratedExplosions,856,7.0782029069960117,6.8672,,,0,0,12683,1,36,0,12,3,0,1.37405419
ConcentratedExplosions,857,5.18049905076623,7.2255,1.540096,,146,1861574,12683,1,36,0,12,3,0,1.34049141
ConcentratedExplosions,858,6.2271966598927975,4.7618,,,73,930793,12683,1,36,0,12,3,0,1.31651223
ConcentratedExplosions,859,6.0409014113247395,5.9208,1.3312,,73,930797,12683,1,36,0,12,3,0,1.28832722
ConcentratedExplosions,860,6.3921981491148472,6.5846,1.301504,,73,930801,12683,1,36,0,12,3,0,1.2616365
ConcentratedExplosions,861,6.0777068138122559,6.0174,1.292288,,73,930805,12683,1,36,0,12,3,0,1.23407483
ConcentratedExplosions,862,6.1276997439563274,5.9581,1.298432,,73,930809,12683,1,36,0,12,3,0,1.208503
ConcentratedExplosions,863,6.0366992838680744,6.8543,1.308672,,73,930813,12683,1,36,0,12,3,0,1.183331
ConcentratedExplosions,864,6.33339723572135,5.4059,1.311744,,73,930817,12683,1,36,0,12,3,0,1.15911722
ConcentratedExplosions,865,6.0132015496492386,6.4082,1.288192,,73,930821,12683,1,36,0,12,3,0,1.99757254
ConcentratedExplosions,866,6.1298967339098454,6.734,1.313792,,74,870641,17115,1,37,0,12,3,0,1.95437765
ConcentratedExplosions,867,6.3313986174762249,5.9558,1.34656,,80,603727,19461,1,37,0,12,3,0,1.91138935
ConcentratedExplosions,868,12.251105159521103,6.1454,1.236992,,80,603731,16943,1,37,0,12,3,0,1.86806858
ConcentratedExplosions,869,12.297895736992359,11.6268,1.174528,,80,603735,12683,1,37,0,12,3,0,1.78726089
ConcentratedExplosions,870,6.05500303208828,12.7365,0.06144,,80,603739,12683,1,37,0,12,3,0,1.70998454
ConcentratedExplosions,871,6.1572985723614693,6.2367,0.065536,,80,603743,12683,1,37,0,12,3,0,1.67329371
ConcentratedExplosions,872,6.4393989741802216,6.3624,1.149952,,79,603619,12683,1,37,0,12,3,0,1.63687134
ConcentratedExplosions,873,5.8907028287649155,6.3307,1.445888,,79,603623,12683,1,37,0,12,3,0,1.59971523
ConcentratedExplosions,874,6.3203019089996815,5.1421,1.148928,,79,603627,12683,1,37,0,12,3,0,1.566542
ConcentratedExplosions,875,5.9263957664370537,6.0483,1.558528,,79,603631,12683,1,37,0,12,3,0,1.5317961
ConcentratedExplosions,876,6.3423044048249722,6.3612,1.155072,,79,603635,12683,1,37,0,12,3,0,1.49999285
ConcentratedExplosions,877,6.0134991072118282,5.9274,1.129472,,79,603639,12683,1,37,0,12,3,0,1.46677041
FacingSun,0,5.5624009110033512,5.5784,1.57184,,81,1748131,12693,1,0,0,0,1,0,0
FacingSun,1,4.9786991439759731,4.9067,1.550336,,81,1748131,12693,1,0,0,0,1,0,0
FacingSun,2,5.05440030246973,5.134,1.594368,,81,1748131,12693,1,0,0,0,1,0,0
FacingSun,3,5.4893991909921169,5.4175,1.555456,,81,1748131,12693,1,0,0,0,1,0,0
FacingSun,4,5.5480017326772213,5.5924,1.593344,,81,1748131,12693,1,0,0,0,1,0,0
FacingSun,5,4.3844031170010567,4.3806,1.532928,,81,1748131,12693,1,0,0,0,1,0,0
FacingSun,6,6.1386977322399616,6.1003,1.581056,,81,1748131,29347,1,0,0,0,1,0,0
FacingSun,7,8.36930237710476,5.0061,1.547264,,81,1748131,12693,1,0,0,0,1,0,0
FacingSun,8,7.4251983314752579,10.1503,1.58208,,81,1748131,12693,1,0,0,0,1,0,0
FacingSun,9,5.7072988711297512,6.3114,0.013312,,81,1748131,12781,1,0,0,0,1,0,0
FacingSun,10,5.8597009629011154,5.8065,1.640448,,81,1748131,12693,1,0,0,0,1,0,0
FacingSun,11,5.6016016751527786,4.8503,1.5616,,81,1748131,12693,1,0,0,0,1,0,0
FacingSun,12,6.1637968756258488,6.1228,1.57184,,81,1748131,12693,1,0,0,0,1,0,0
FacingSun,13,6.4053996466100216,6.7335,1.572864,,81,1748131,12693,1,0,0,0,1,0,0
FacingSun,14,5.9874998405575752,6.1047,1.524736,,81,1748131,12693,1,0,0,0,1,0,0
FacingSun,15,6.276098545640707,6.3677,1.593344,,81,1748131,12693,1,0,0,0,1,0,0
FacingSun,16,6.0989018529653549,5.8656,1.589248,,81,1748131,12693,1,0,0,0,1,0,0
FacingSun,17,6.09720079228282,5.6129,1.558528,,81,1748131,12693,1,0,0,0,1,0,0
FacingSun,18,6.2071001157164574,7.0631,1.577984,,81,1748131,12693,1,0,0,0,1,0,0
FacingSun,19,6.056398618966341,5.2915,1.539072,,81,1748131,12693,1,0,0,0,1,0,0
FacingSun,20,6.6934027709066868,7.3653,1.545216,,81,1748131,12693,1,0,0,0,1,0,0
FacingSun,21,6.00039679557085,6.1635,1.606656,,81,1748131,12693,1,0,0,0,1,0,0
FacingSun,22,5.9755030088126659,5.619,1.808384,,81,1748131,12693,1,0,0,0,1,0,0
FacingSun,23,6.34180149063468,6.1967,,,81,1748131,12693,1,0,0,0,1,0,0
FacingSun,24,6.0159936547279358,6.1166,1.548288,,81,1748131,12693,1,0,0,0,1,0,0
FacingSun,25,6.4705004915595055,5.7413,1.560576,,81,1748131,12693,1,0,0,0,1,0,0
FacingSun,26,5.9139030054211617,6.3907,1.560576,,81,1748131,12693,1,0,0,0,1,0,0
FacingSun,27,6.3203019089996815,6.8915,1.573888,,81,1748131,12693,1,0,0,0,1,0,0
FacingSun,28,6.4547974616289139,6.4294,1.534976,,81,1748131,12693,1,0,0,0,1,0,0
FacingSun,29,5.6791030801832676,4.9747,1.641472,,81,1748131,12693,1,0,0,0,1,0,0
FacingSun,30,6.5360968001186848,5.8711,1.589248,,81,1748131,12693,1,0,0,0,1,0,0
FacingSun,31,6.4904973842203617,7.8332,1.564672,,81,1748131,12693,1,0,0,0,1,0,0
FacingSun,32,5.573200061917305,5.0608,1.572864,,81,1748131,12693,1,0,0,0,1,0,0
FacingSun,33,6.3579012639820576,6.1986,1.531904,,81,1748131,12693,1,0,0,0,1,0,0
FacingSun,34,6.1201034113764763,5.956,1.596416,,81,1748131,12781,1,0,0,0,1,0,0
FacingSun,35,6.5908022224903107,7.0187,1.978368,,81,1748131,12693,1,0,0,0,1,0,0
FacingSun,36,5.77639602124691,6.0189,1.572864,,81,1748131,12693,1,0,0,0,1,0,0
FacingSun,37,6.0993977822363377,5.1039,1.583104,,81,1748131,12693,1,0,0,0,1,0,0
FacingSun,38,6.2380032613873482,7.0326,1.57184,,81,1748131,12693,1,0,0,0,1,0,0
FacingSun,39,6.0930978506803513,5.8354,1.568768,,81,1748131,12745,1,0,0,0,1,0,0
FacingSun,40,6.3476050272583961,5.6167,1.564672,,81,1748131,12693,1,0,0,0,1,0,0
FacingSun,41,6.15969393402338,6.6863,1.554432,,81,1748131,12693,1,0,0,0,1,0,0
FacingSun,42,6.0944017022848129,6.693,1.588224,,81,1748131,12693,1,0,0,0,1,0,0
FacingSun,43,6.1776004731655121,5.3716,1.55136,,81,1748131,12693,1,0,0,0,1,0,0
FacingSun,44,6.1802011914551258,6.1344,1.53088,,81,1748131,12693,1,0,0,0,1,0,0
FacingSun,45,6.0450965538620949,6.4334,1.580032,,81,1748131,12693,1,0,0,0,1,0,0
FacingSun,46,6.245804950594902,6.6111,1.604608,,81,1748131,12693,1,0,0,0,1,0,0
FacingSun,47,6.2008998356759548,5.8003,1.531904,,81,1748131,12693,1,0,0,0,1,0,0
FacingSun,48,6.2781958840787411,6.1857,1.590272,,81,1748131,12693,1,0,0,0,1,0,0
FacingSun,49,5.9566041454672813,6.1398,1.589248,,81,1748131,12693,1,0,0,0,1,0,0
FacingSun,50,6.2233987264335155,6.4499,1.522688,,81,1748131,12693,1,0,0,0,1,0,0
FacingSun,51,6.1946003697812557,5.154,1.575936,,81,1748131,12693,1,0,0,0,1,0,0
FacingSun,52,6.0696001164615154,5.8807,1.569792,,81,1748131,12693,1,0,0,0,1,0,0
FacingSun,53,6.2227961607277393,6.5645,1.543168,,81,1748131,12693,1,0,0,0,1,0,0
FacingSun,54,6.2490999698638916,5.676,1.62816,,81,1748131,12693,1,0,0,0,1,0,0
FacingSun,55,6.0526006855070591,6.7659,1.567744,,81,1748131,12693,1,0,0,0,1,0,0
FacingSun,56,6.1165038496255875,6.0997,1.54624,,81,1748131,12693,1,0,0,0,1,0,0
FacingSun,57,6.1706989072263241,6.2328,1.59744,,81,1748131,12693,1,0,0,0,1,0,0
FacingSun,58,6.227295845746994,5.6062,1.57696,,81,1748131,12693,1,0,0,0,1,0,0
FacingSun,59,6.0971016064286232,6.1452,1.554432,,81,1748131,12781,1,0,0,0,1,0,0
FacingSun,60,6.2321005389094353,7.0012,1.624064,,81,1748131,12693,1,0,0,0,1,0,0
FacingSun,61,6.2313987873494625,6.4367,1.588224,,81,1748131,12693,1,0,0,0,1,0,0
FacingSun,62,6.123504601418972,5.0866,1.523712,,81,1748131,12693,1,0,0,0,1,0,0
FacingSun,63,6.1428998596966267,6.4117,1.59232,,81,1748131,12693,1,0,0,0,1,0,0
FacingSun,64,6.1377976089715958,6.6491,1.589248,,81,1748131,12693,1,0,0,0,1,0,0
FacingSun,65,6.1681973747909069,5.8074,1.569792,,81,1748131,12693,1,0,0,0,1,0,0
FacingSun,66,6.13410584628582,6.1813,1.570816,,81,1748131,12693,1,0,0,0,1,0,0
FacingSun,67,6.1100977472960949,5.8599,1.584128,,81,1748131,12693,1,0,0,0,1,0,0
FacingSun,68,6.1865998432040215,5.6751,1.51552,,81,1748131,12693,1,0,0,0,1,0,0
FacingSun,69,6.1533022671937943,6.3739,1.59232,,81,1748131,12693,1,0,0,0,1,0,0
FacingSun,70,6.1355936340987682,5.8552,1.619968,,81,1748131,12693,1,0,0,0,1,0,0
FacingSun,71,6.2796059064567089,6.7706,1.544192,,81,1748131,12693,1,0,0,0,1,0,0
FacingSun,72,6.1379959806799889,6.0925,1.625088,,81,1748131,12745,1,0,0,0,1,0,0
FacingSun,73,6.1639030463993549,5.9555,1.575936,,81,1748131,12693,1,0,0,0,1,0,0
FacingSun,74,6.2852962873876095,7.1329,1.531904,,81,1748131,12693,1,0,0,0,1,0,0
FacingSun,75,5.9824050404131413,5.7735,2.029568,,81,1748131,12693,1,0,0,0,1,0,0
FacingSun,76,6.1401999555528164,6.1971,1.637376,,81,1748131,12693,1,0,0,0,1,0,0
FacingSun,77,6.1208968982100487,6.082,1.568768,,81,1748131,12693,1,0,0,0,1,0,0
FacingSun,78,6.3350978307425976,5.887,1.569792,,81,1748131,12693,1,0,0,0,1,0,0
FacingSun,79,6.1833048239350319,6.1409,1.588224,,81,1748131,12693,1,0,0,0,1,0,0
FacingSun,80,6.0657951980829239,6.0681,1.548288,,81,1748131,12693,1,0,0,0,1,0,0
FacingSun,81,6.1464002355933189,6.7281,1.599488,,81,1748131,12693,1,0,0,0,1,0,0
FacingSun,82,6.3041029497981071,6.1896,1.555456,,81,1748131,12693,1,0,0,0,1,0,0
FacingSun,83,6.0589993372559547,6.5739,1.590272,,81,1748131,12693,1,0,0,0,1,0,0
FacingSun,84,6.1946995556354523,5.8932,1.603584,,81,1748131,12781,1,0,0,0,1,0,0
FacingSun,85,6.1213010922074318,5.8056,1.579008,,81,1748131,12693,1,0,0,0,1,0,0
FacingSun,86,6.1352960765361786,6.0662,1.512448,,81,1748131,12693,1,0,0,0,1,0,0
FacingSun,87,6.2990998849272728,6.2021,1.629184,,81,1748131,12693,1,0,0,0,1,0,0
FacingSun,88,6.2638036906719208,6.2462,1.562624,,81,1748131,12693,1,0,0,0,1,0,0
FacingSun,89,6.3186013139784336,7.3332,1.785856,,81,1748131,12693,1,0,0,0,1,0,0
FacingSun,90,5.9660007245838642,5.3569,1.593344,,81,1748131,23122,1,0,0,0,1,0,0
FacingSun,91,6.4249006099998951,6.265,1.553408,,81,1748131,106349,1,0,0,0,1,0,0
FacingSun,92,5.94139751046896,5.8079,1.529856,,81,1748131,86843,1,0,0,0,1,0,0
FacingSun,93,6.2334961257874966,6.3905,1.575936,,81,1748131,29113,1,0,0,0,1,0,0
FacingSun,94,6.2298043631017208,5.7931,1.543168,,81,1748131,12693,1,0,0,0,1,0,0
FacingSun,95,6.2562995590269566,7.3724,1.537024,,81,1748131,12693,1,0,0,0,1,0,0
FacingSun,96,5.9510981664061546,5.3605,1.575936,,81,1748131,12693,1,0,0,0,1,0,0
FacingSun,97,6.3440972007811069,6.3007,1.558528,,81,1748131,12693,1,0,0,0,1,0,0
FacingSun,98,5.9623015113174915,5.5783,1.508352,,81,1748131,12693,1,0,0,0,1,0,0
FacingSun,99,6.2495041638612747,6.6877,1.570816,,81,1748131,12693,1,0,0,0,1,0,0
FacingSun,100,6.0262968763709068,6.3628,1.554432,,81,1748131,12693,1,0,0,0,1,0,0
FacingSun,101,6.2127974815666676,5.1398,1.716224,,81,1748131,12693,1,0,0,0,1,0,0
FacingSun,102,6.0801021754741669,5.6504,1.536,,81,1748131,12693,1,0,0,0,1,0,0
FacingSun,103,6.1242985539138317,6.107,1.564672,,81,1748131,12693,1,0,0,0,1,0,0
FacingSun,104,6.2223994173109531,6.7539,1.50528,,81,1748131,12693,1,0,0,0,1,0,0
FacingSun,105,6.2757013365626335,6.0398,1.538048,,81,1748131,12745,1,0,0,0,1,0,0
FacingSun,106,6.18550181388855,6.4444,1.560576,,81,1748131,12693,1,0,0,0,1,0,0
FacingSun,107,6.1803995631635189,6.3928,1.52064,,81,1748131,12693,1,0,0,0,1,0,0
FacingSun,108,6.0156038962304592,5.5778,1.57184,,81,1748131,12693,1,0,0,0,1,0,0
FacingSun,109,6.1500989831984043,6.5279,1.547264,,81,1748131,12781,1,0,0,0,1,0,0
FacingSun,110,6.1205001547932625,5.3916,1.931264,,81,1748131,12693,1,0,0,0,1,0,0
FacingSun,111,6.2347999773919582,7.0327,1.589248,,81,1748131,12693,1,0,0,0,1,0,0
FacingSun,112,6.2462938949465752,5.2863,1.56672,,81,1748131,12693,1,0,0,0,1,0,0
FacingSun,113,6.1672050505876541,7.3031,1.564672,,81,1748131,12693,1,0,0,0,1,0,0
FacingSun,114,6.0984976589679718,5.8672,1.589248,,81,1748131,12693,1,0,0,0,1,0,0
FacingSun,115,6.193898618221283,5.3635,1.54624,,81,1748131,12693,1,0,0,0,1,0,0
FacingSun,116,6.1170989647507668,6.9349,1.531904,,81,1748131,12693,1,0,0,0,1,0,0
FacingSun,117,6.0328016988933086,5.0079,1.568768,,81,1748131,12693,1,0,0,0,1,0,0
FacingSun,118,6.2268991023302078,5.9969,1.614848,,81,1748131,12693,1,0,0,0,1,0,0
FacingSun,119,6.1281039379537106,7.286,1.516544,,81,1748131,12693,1,0,0,0,1,0,0
FacingSun,120,6.4052012749016285,5.0693,1.55136,,81,1748131,12693,1,0,0,0,1,0,0
FacingSun,121,6.06099795550108,6.3726,1.62816,,81,1748131,12693,1,0,0,0,1,0,0
FacingSun,122,6.1582978814840317,7.0289,1.543168,,81,1748131,12693,1,0,0,0,1,0,0
FacingSun,123,6.35870173573494,5.6407,1.577984,,81,1748131,12693,1,0,0,0,1,0,0
FacingSun,124,5.9840986505150795,6.3178,1.581056,,81,1748131,12693,1,0,0,0,1,0,0
FacingSun,125,6.1337016522884369,6.3548,1.54112,,81,1748131,12693,1,0,0,0,1,0,0
FacingSun,126,6.1468961648643017,6.109,1.57184,,81,1748131,12693,1,0,0,0,1,0,0
FacingSun,127,6.5940050408244133,6.0908,1.594368,,81,1748131,12693,1,0,0,0,1,0,0
FacingSun,128,6.1486959457397461,6.2947,1.502208,,81,1748131,12693,1,0,0,0,1,0,0
FacingSun,129,6.0737030580639839,6.9294,1.598464,,81,1748131,12693,1,0,0,0,1,0,0
FacingSun,130,6.14529475569725,4.9873,1.616896,,81,1748131,12693,1,0,0,0,1,0,0
FacingSun,131,6.3660005107522011,6.8224,1.532928,,81,1748131,12693,1,0,0,0,1,0,0
FacingSun,132,6.0220025479793549,6.2055,1.57184,,81,1748131,12693,1,0,0,0,1,0,0
FacingSun,133,6.1261975206434727,6.147,1.56672,,81,1748131,12693,1,0,0,0,1,0,0
FacingSun,134,6.1898031271994114,6.2329,1.5104,,81,1748131,12781,1,0,0,0,1,0,0
FacingSun,135,6.2133008614182472,5.5544,1.585152,,81,1748131,12693,1,0,0,0,1,0,0
FacingSun,136,6.1727962456643581,6.5078,1.60256,,81,1748131,12693,1,0,0,0,1,0,0
FacingSun,137,5.9948060661554337,5.907,1.581056,,81,1748131,12693,1,0,0,0,1,0,0
FacingSun,138,6.1074970290064812,5.7177,1.58208,,81,1748131,12745,1,0,0,0,1,0,0
FacingSun,139,6.36439910158515,6.4491,1.552384,,81,1748131,12693,1,0,0,0,1,0,0
FacingSun,140,6.0038971714675426,6.7038,1.497088,,81,1748131,12693,1,0,0,0,1,0,0
FacingSun,141,6.2282029539346695,6.1706,1.55136,,81,1748131,12693,1,0,0,0,1,0,0
FacingSun,142,6.1414968222379684,5.7324,1.588224,,81,1748131,12693,1,0,0,0,1,0,0
FacingSun,143,6.2069017440080643,6.1271,2.01216,,81,1748131,12693,1,0,0,0,1,0,0
FacingSun,144,5.9942035004496574,5.6163,1.554432,,81,1748131,12693,1,0,0,0,1,0,0
FacingSun,145,6.1236959882080555,6.7065,1.584128,,81,1748131,12693,1,0,0,0,1,0,0
FacingSun,146,6.1771045438945293,5.7212,1.512448,,81,1748131,12693,1,0,0,0,1,0,0
FacingSun,147,6.1715985648334026,6.2836,1.593344,,81,1748131,12693,1,0,0,0,1,0,0
FacingSun,148,6.223299540579319,6.7336,1.573888,,81,1748131,12693,1,0,0,0,1,0,0
FacingSun,149,6.0821995139122009,6.4162,1.532928,,81,1748131,12693,1,0,0,0,1,0,0
FacingSun,150,6.4321993850171566,7.3321,1.601536,,81,1748131,12693,1,0,0,0,1,0,0
FacingSun,151,5.8475979603827,4.9094,1.547264,,81,1748131,12693,1,0,0,0,1,0,0
FacingSun,152,6.3266013748943806,5.4832,,,81,1748131,12693,1,0,0,0,1,0,0
FacingSun,153,5.9184026904404163,6.0661,1.590272,,81,1748131,12693,1,0,0,0,1,0,0
FacingSun,154,6.2528983689844608,6.8788,1.57696,,81,1748131,12693,1,0,0,0,1,0,0
FacingSun,155,6.2099983915686607,5.7542,1.591296,,81,1748131,12693,1,0,0,0,1,0,0
FacingSun,156,6.0202027671039104,5.7921,1.567744,,81,1748131,12693,1,0,0,0,1,0,0
FacingSun,157,6.2144980765879154,7.044,1.511424,,81,1748131,12693,1,0,0,0,1,0,0
FacingSun,158,6.1679990030825138,4.8305,1.5872,,81,1748131,12693,1,0,0,0,1,0,0
FacingSun,159,6.2678004615008831,7.1294,1.572864,,81,1748131,12781,1,0,0,0,1,0,0
FacingSun,160,5.9716976247727871,5.7787,1.583104,,81,1748131,12693,1,0,0,0,1,0,0
FacingSun,161,6.1435019597411156,5.7408,1.555456,,81,1748131,12693,1,0,0,0,1,0,0
FacingSun,162,6.1642997898161411,6.6428,1.575936,,81,1748131,12693,1,0,0,0,1,0,0
FacingSun,163,6.1206985265016556,6.1444,1.563648,,81,1748131,12693,1,0,0,0,1,0,0
FacingSun,164,6.1699049547314644,6.1193,1.539072,,81,1748131,12693,1,0,0,0,1,0,0
FacingSun,165,6.3260984607040882,6.0993,1.598464,,81,1748131,12693,1,0,0,0,1,0,0
FacingSun,166,6.0974988155066967,5.6943,1.560576,,81,1748131,12693,1,0,0,0,1,0,0
FacingSun,167,6.0953018255531788,7.2176,1.573888,,81,1748131,12693,1,0,0,0,1,0,0
FacingSun,168,6.3549955375492573,5.0464,1.588224,,81,1748131,12693,1,0,0,0,1,0,0
FacingSun,169,5.9169004671275616,7.2273,1.529856,,81,1748131,12693,1,0,0,0,1,0,0
FacingSun,170,8.129301480948925,8.9003,1.564672,,81,1748131,21589,1,0,0,0,1,0,0
FacingSun,171,5.1236040890216827,4.9438,1.569792,,81,1748131,12745,1,0,0,0,1,0,0
FacingSun,172,6.7966976203024387,5.645,1.558528,,81,1748131,12693,1,0,0,0,1,0,0
FacingSun,173,4.5716976746916771,5.9156,1.594368,,81,1748131,12693,1,0,0,0,1,0,0
FacingSun,174,6.2146047130227089,4.5404,1.522688,,81,1748131,12693,1,0,0,0,1,0,0
FacingSun,175,6.1665959656238556,6.3011,1.552384,,81,1748131,12693,1,0,0,0,1,0,0
FacingSun,176,6.1131021939218044,5.8267,1.542144,,81,1748131,12693,1,0,0,0,1,0,0
FacingSun,177,6.14260183647275,6.5946,1.600512,,81,1748131,12693,1,0,0,0,1,0,0
FacingSun,178,6.2440973706543446,6.125,1.616896,,81,1748131,12693,1,0,0,0,1,0,0
FacingSun,179,6.2116994522511959,6.1376,1.762304,,81,1748131,12693,1,0,0,0,1,0,0
FacingSun,180,6.1296978965401649,6.0104,1.550336,,81,1748131,12693,1,0,0,0,1,0,0
FacingSun,181,6.0277990996837616,5.7838,1.555456,,81,1748131,12693,1,0,0,0,1,0,0
FacingSun,182,6.1568026430904865,7.3378,1.52576,,81,1748131,12693,1,0,0,0,1,0,0
FacingSun,183,6.3797971233725548,4.9416,1.567744,,81,1748131,12693,1,0,0,0,1,0,0
FacingSun,184,6.0193026438355446,6.5944,1.631232,,81,1748131,12781,1,0,0,0,1,0,0
FacingSun,185,6.2857992015779018,5.7027,1.491968,,81,1748131,12693,1,0,0,0,1,0,0
FacingSun,186,6.1153983697295189,6.3949,1.599488,,81,1748131,12693,1,0,0,0,1,0,0
FacingSun,187,6.0149021446704865,7.1264,1.54624,,81,1748131,12693,1,0,0,0,1,0,0
FacingSun,188,6.25620037317276,5.0081,1.545216,,81,1748131,12693,1,0,0,0,1,0,0
FacingSun,189,6.0936012305319309,7.9455,1.553408,,81,1748131,12693,1,0,0,0,1,0,0
FacingSun,190,6.204499863088131,5.6215,1.606656,,81,1748131,12693,1,0,0,0,1,0,0
FacingSun,191,6.1592971906065941,5.8225,1.5104,,81,1748131,12693,1,0,0,0,1,0,0
FacingSun,192,6.0928002931177616,5.9896,1.632256,,81,1748131,12693,1,0,0,0,1,0,0
FacingSun,193,6.1768991872668266,5.7299,1.999872,,81,1748131,12693,1,0,0,0,1,0,0
FacingSun,194,6.32960582152009,6.6248,1.558528,,81,1748131,12693,1,0,0,0,1,0,0
FacingSun,195,5.9792944230139256,6.024,1.565696,,81,1748131,12693,1,0,0,0,1,0,0
FacingSun,196,6.2116002663969994,5.6587,1.59744,,81,1748131,12693,1,0,0,0,1,0,0
FacingSun,197,6.2711024656891823,7.149,1.477632,,81,1748131,12693,1,0,0,0,1,0,0
FacingSun,198,6.0185021720826626,5.752,1.627136,,81,1748131,12693,1,0,0,0,1,0,0
FacingSun,199,6.22469512745738,6.3971,1.55136,,81,1748131,12693,1,0,0,0,1,0,0
FacingSun,200,5.9978030622005463,5.7704,1.53088,,81,1748131,12693,1,0,0,0,1,0,0
FacingSun,201,6.1760982498526573,5.7142,1.584128,,81,1748131,12693,1,0,0,0,1,0,0
FacingSun,202,6.1165038496255875,6.7004,1.586176,,81,1748131,12693,1,0,0,0,1,0,0
FacingSun,203,6.14010076969862,6.6011,1.538048,,81,1748131,12693,1,0,0,0,1,0,0
FacingSun,204,6.201594602316618,5.9712,1.665024,,81,1748131,12745,1,0,0,0,1,0,0
FacingSun,205,6.2004039064049721,5.9411,1.589248,,81,1748131,12693,1,0,0,0,1,0,0
FacingSun,206,6.1952946707606316,5.6181,1.544192,,81,1748131,12693,1,0,0,0,1,0,0
FacingSun,207,6.0166027396917343,6.3523,1.555456,,81,1748131,12693,1,0,0,0,1,0,0
FacingSun,208,6.1292019672691822,5.7658,1.622016,,81,1748131,12693,1,0,0,0,1,0,0
FacingSun,209,6.2007014639675617,5.9806,1.531904,,81,1748131,12781,1,0,0,0,1,0,0
FacingSun,210,6.0999998822808266,6.2384,1.5616,,81,1748131,12693,1,0,0,0,1,0,0
FacingSun,211,6.2328940257430077,6.7887,2.069504,,81,1748131,12693,1,0,0,0,1,0,0
FacingSun,212,6.2058037146925926,6.9238,1.537024,,81,1748131,12693,1,0,0,0,1,0,0
FacingSun,213,6.1854026280343533,4.8618,1.554432,,81,1748131,12693,1,0,0,0,1,0,0
FacingSun,214,6.0395975597202778,7.1871,1.63328,,81,1748131,12693,1,0,0,0,1,0,0
FacingSun,215,6.2771965749561787,4.8109,1.526784,,81,1748131,12693,1,0,0,0,1,0,0
FacingSun,216,6.0147037729620934,7.2429,1.526784,,81,1748131,12693,1,0,0,0,1,0,0
FacingSun,217,6.1448980122804642,5.1112,1.594368,,81,1748131,12693,1,0,0,0,1,0,0
FacingSun,218,6.1576035805046558,6.1594,1.557504,,81,1748131,12693,1,0,0,0,1,0,0
FacingSun,219,6.0912980698049068,5.9317,1.527808,,81,1748131,12693,1,0,0,0,1,0,0
FacingSun,220,6.4404974691569805,6.2132,1.618944,,81,1748131,12693,1,0,0,0,1,0,0
FacingSun,221,6.1325044371187687,6.4243,1.486848,,81,1748131,12693,1,0,0,0,1,0,0
FacingSun,222,6.1461948789656162,6.2285,1.545216,,81,1748131,12693,1,0,0,0,1,0,0
FacingSun,223,6.0600056312978268,6.151,1.579008,,81,1748131,12693,1,0,0,0,1,0,0
FacingSun,224,6.1491001397371292,5.6786,1.604608,,81,1748131,12693,1,0,0,0,1,0,0
FacingSun,225,6.1701955273747444,6.6059,1.573888,,81,1748131,12693,1,0,0,0,1,0,0
FacingSun,226,6.1362031847238541,6.5399,1.616896,,81,1748131,12693,1,0,0,0,1,0,0
FacingSun,227,6.0259993188083172,6.1576,1.480704,,81,1748131,12693,1,0,0,0,1,0,0
FacingSun,228,6.1742984689772129,5.0494,1.580032,,81,1748131,12693,1,0,0,0,1,0,0
FacingSun,229,6.1945011839270592,6.5171,1.586176,,81,1748131,12693,1,0,0,0,1,0,0
FacingSun,230,6.0634990222752094,6.8338,1.513472,,81,1748131,12693,1,0,0,0,1,0,0
FacingSun,231,6.1160996556282043,5.4043,1.526784,,81,1748131,12693,1,0,0,0,1,0,0
FacingSun,232,6.2273028306663036,6.173,1.550336,,81,1748131,12693,1,0,0,0,1,0,0
FacingSun,233,6.1447988264262676,5.8688,1.544192,,81,1748131,12693,1,0,0,0,1,0,0
FacingSun,234,6.4185019582509995,6.3088,1.552384,,81,1748131,12781,1,0,0,0,1,0,0
FacingSun,235,6.1881942674517632,6.468,1.552384,,81,1748131,12693,1,0,0,0,1,0,0
FacingSun,236,5.9392997063696384,6.1078,1.52576,,81,1748131,12693,1,0,0,0,1,0,0
FacingSun,237,6.1089000664651394,6.1646,1.563648,,81,1748131,12745,1,0,0,0,1,0,0
FacingSun,238,6.1365007422864437,5.8799,1.563648,,81,1748131,12693,1,0,0,0,1,0,0
FacingSun,239,6.1879036948084831,6.3796,1.540096,,81,1748131,12693,1,0,0,0,1,0,0
FacingSun,240,6.2478953041136265,6.9169,1.54624,,81,1748131,12693,1,0,0,0,1,0,0
FacingSun,241,5.95850357785821,5.1064,1.529856,,81,1748131,12693,1,0,0,0,1,0,0
FacingSun,242,6.1913975514471531,7.0557,1.52064,,81,1748131,12693,1,0,0,0,1,0,0
FacingSun,243,6.2662982381880283,5.1943,1.543168,,81,1748131,12693,1,0,0,0,1,0,0
FacingSun,244,6.0727042146027088,6.943,2.030592,,81,1748131,12693,1,0,0,0,1,0,0
FacingSun,245,6.1865998432040215,5.0326,1.50528,,81,1748131,12693,1,0,0,0,1,0,0
FacingSun,246,6.0417018830776215,6.9598,1.543168,,81,1748131,12693,1,0,0,0,1,0,0
FacingSun,247,6.2146969139575958,5.899,1.573888,,81,1748131,12693,1,0,0,0,1,0,0
FacingSun,248,6.19910005480051,6.6493,1.540096,,81,1748131,12693,1,0,0,0,1,0,0
FacingSun,249,6.2415036372840405,5.7131,1.580032,,81,1748131,12693,1,0,0,0,1,0,0
FacingSun,250,5.9129958972334862,7.0177,1.57696,,81,1748131,12693,1,0,0,0,1,0,0
FacingSun,251,6.187797524034977,5.5242,1.521664,,81,1748131,12693,1,0,0,0,1,0,0
FacingSun,252,6.2624998390674591,5.9261,1.538048,,81,1748131,12693,1,0,0,0,1,0,0
FacingSun,253,6.1589004471898079,5.8307,1.569792,,81,1748131,12693,1,0,0,0,1,0,0
FacingSun,254,6.0311011038720608,6.5913,1.542144,,81,1748131,12693,1,0,0,0,1,0,0
FacingSun,255,6.2348991632461548,6.927,1.553408,,81,1748131,12693,1,0,0,0,1,0,0
FacingSun,256,6.1321994289755821,5.8726,1.599488,,81,1748131,12693,1,0,0,0,1,0,0
FacingSun,257,6.1615006998181343,5.9062,1.547264,,81,1748131,12693,1,0,0,0,1,0,0
FacingSun,258,6.161798257380724,5.6439,1.569792,,81,1748131,12693,1,0,0,0,1,0,0
FacingSun,259,6.1331065371632576,6.1836,1.601536,,81,1748131,12781,1,0,0,0,1,0,0
FacingSun,260,6.1607002280652523,6.2199,1.5872,,81,1748131,12693,1,0,0,0,1,0,0
FacingSun,261,6.239796057343483,5.6897,1.559552,,81,1748131,12693,1,0,0,0,1,0,0
FacingSun,262,5.9676021337509155,6.6377,1.586176,,81,1748131,12693,1,0,0,0,1,0,0
FacingSun,263,6.2080002389848232,5.7036,1.521664,,81,1748131,12693,1,0,0,0,1,0,0
FacingSun,264,6.123795174062252,6.2829,1.605632,,81,1748131,12693,1,0,0,0,1,0,0
FacingSun,265,6.1285998672246933,7.1575,1.572864,,81,1748131,12693,1,0,0,0,1,0,0
FacingSun,266,6.2470026314258575,5.2825,1.54112,,81,1748131,12693,1,0,0,0,1,0,0
FacingSun,267,6.0623018071055412,5.8537,1.605632,,81,1748131,12693,1,0,0,0,1,0,0
FacingSun,268,6.1384993605315685,6.1651,1.595392,,81,1748131,12693,1,0,0,0,1,0,0
FacingSun,269,6.0765021480619907,6.2754,1.46944,,81,1748131,12693,1,0,0,0,1,0,0
FacingSun,270,6.29939790815115,6.9031,1.593344,,81,1748131,12745,1,0,0,0,1,0,0
FacingSun,271,6.0484977439045906,6.0395,1.547264,,81,1748131,12693,1,0,0,0,1,0,0
FacingSun,272,6.3888039439916611,5.4843,1.57184,,81,1748131,12693,1,0,0,0,1,0,0
FacingSun,273,5.9179989621043205,6.4965,1.572864,,81,1748131,12693,1,0,0,0,1,0,0
FacingSun,274,6.1470023356378078,5.6657,1.553408,,81,1748131,12693,1,0,0,0,1,0,0
FacingSun,275,6.1534936539828777,6.2065,1.526784,,81,1748131,12693,1,0,0,0,1,0,0
FacingSun,276,6.1562005430459976,6.0983,1.577984,,81,1748131,12693,1,0,0,0,1,0,0
FacingSun,277,6.1916029080748558,5.9355,1.57696,,81,1748131,12693,1,0,0,0,1,0,0
FacingSun,278,6.3009001314640045,7.6823,1.524736,,81,1748131,12693,1,0,0,0,1,0,0
FacingSun,279,5.9310020878911018,4.8956,1.6128,,81,1748131,12693,1,0,0,0,1,0,0
FacingSun,280,6.1241001822054386,6.5705,1.562624,,81,1748131,12693,1,0,0,0,1,0,0
FacingSun,281,6.115596741437912,5.681,1.498112,,81,1748131,12693,1,0,0,0,1,0,0
FacingSun,282,6.1789043247699738,5.776,1.598464,,81,1748131,12693,1,0,0,0,1,0,0
FacingSun,283,6.1602960340678692,7.4312,1.557504,,81,1748131,12693,1,0,0,0,1,0,0
FacingSun,284,6.1995037831366062,5.2286,1.521664,,81,1748131,12781,1,0,0,0,1,0,0
FacingSun,285,6.2937997281551361,6.0504,1.560576,,81,1748131,12693,1,0,0,0,1,0,0
FacingSun,286,6.052196491509676,6.6034,1.583104,,81,1748131,12693,1,0,0,0,1,0,0
FacingSun,287,6.1088008806109428,6.2339,2.023424,,81,1748131,12693,1,0,0,0,1,0,0
FacingSun,288,6.2542022205889225,5.7222,1.577984,,81,1748131,12693,1,0,0,0,1,0,0
FacingSun,289,5.938598420470953,6.0885,1.564672,,81,1748131,12693,1,0,0,0,1,0,0
FacingSun,290,6.1946003697812557,6.0027,1.603584,,81,1748131,12693,1,0,0,0,1,0,0
FacingSun,291,8.2608982920646667,6.9016,1.580032,,81,1748131,12693,1,0,0,0,1,0,0
FacingSun,292,6.5672975033521652,7.8541,1.577984,,81,1748131,12693,1,0,0,0,1,0,0
FacingSun,293,6.0328016988933086,6.0354,1.560576,,81,1748131,12693,1,0,0,0,1,0,0
FacingSun,294,6.0549038462340832,5.9599,1.608704,,81,1748131,12693,1,0,0,0,1,0,0
FacingSun,295,6.1711948364973068,6.5294,1.608704,,81,1748131,12693,1,0,0,0,1,0,0
FacingSun,296,6.1150016263127327,5.5051,1.593344,,81,1748131,12693,1,0,0,0,1,0,0
FacingSun,297,6.0907029546797276,7.2547,1.594368,,81,1748131,12693,1,0,0,0,1,0,0
FacingSun,298,6.2750000506639481,5.5559,1.579008,,81,1748131,12693,1,0,0,0,1,0,0
FacingSun,299,6.1545991338789463,6.2561,1.569792,,81,1748131,12693,1,0,0,0,1,0,0
FacingSun,300,6.0434029437601566,6.2809,1.593344,,81,1748131,12693,1,0,0,0,1,0,0
FacingSun,301,6.1428998596966267,5.9892,1.524736,,81,1748131,12693,1,0,0,0,1,0,0
FacingSun,302,6.0933958739042282,6.0546,1.6128,,81,1748131,12693,1,0,0,0,1,0,0
FacingSun,303,6.3015022315084934,6.5143,1.58208,,81,1748131,12745,1,0,0,0,1,0,0
FacingSun,304,6.2561011873185635,5.8833,1.600512,,81,1748131,12693,1,0,0,0,1,0,0
FacingSun,305,6.1825965531170368,6.1157,1.609728,,81,1748131,12693,1,0,0,0,1,0,0
FacingSun,306,6.010799203068018,6.5175,1.562624,,81,1748131,12693,1,0,0,0,1,0,0
FacingSun,307,6.2928004190325737,5.6154,1.549312,,81,1748131,12693,1,0,0,0,1,0,0
FacingSun,308,6.141297984868288,6.2976,1.575936,,81,1748131,12693,1,0,0,0,1,0,0
FacingSun,309,6.1037060804665089,6.7954,1.534976,,81,1748131,12781,1,0,0,0,1,0,0
FacingSun,310,6.112195085734129,5.3088,1.672192,,81,1748131,12693,1,0,0,0,1,0,0
FacingSun,311,6.1797052621841431,5.9914,1.611776,,81,1748131,12693,1,0,0,0,1,0,0
FacingSun,312,6.3599986024200916,6.3224,1.554432,,81,1748131,12693,1,0,0,0,1,0,0
FacingSun,313,5.9545990079641342,6.9755,1.53088,,81,1748131,12693,1,0,0,0,1,0,0
FacingSun,314,6.4152991399168968,5.3352,1.626112,,81,1748131,12693,1,0,0,0,1,0,0
FacingSun,315,5.9373015537858009,6.4254,1.555456,,81,1748131,12693,1,0,0,0,1,0,0
FacingSun,316,6.1927014030516148,7.1548,1.650688,,81,1748131,12693,1,0,0,0,1,0,0
FacingSun,317,6.351495161652565,5.1138,1.625088,,81,1748131,12693,1,0,0,0,1,0,0
FacingSun,318,6.1002057045698166,6.3682,1.829888,,81,1748131,12693,1,0,0,0,1,0,0
FacingSun,319,6.0689980164170265,6.8309,1.590272,,81,1748131,12693,1,0,0,0,1,0,0
FacingSun,320,6.2580001540482044,6.025,1.649664,,81,1748131,12693,1,0,0,0,1,0,0
FacingSun,321,6.1328019946813583,5.9545,1.599488,,81,1748131,12693,1,0,0,0,1,0,0
FacingSun,322,6.1600976623594761,5.7813,1.55648,,81,1748131,12693,1,0,0,0,1,0,0
FacingSun,323,6.4706988632678986,6.3087,1.557504,,81,1748131,12693,1,0,0,0,1,0,0
FacingSun,324,6.0341977514326572,6.3065,1.548288,,81,1748131,12693,1,0,0,0,1,0,0
FacingSun,325,6.0227042995393276,6.229,2.070528,,81,1748131,12693,1,0,0,0,1,0,0
FacingSun,326,6.12519821152091,6.3835,1.519616,,81,1748131,12693,1,0,0,0,1,0,0
FacingSun,327,6.2284013256430626,5.7192,1.572864,,81,1748131,12693,1,0,0,0,1,0,0
FacingSun,328,6.0759992338716984,7.1076,1.60256,,81,1748131,12693,1,0,0,0,1,0,0
FacingSun,329,6.1615006998181343,5.1307,1.511424,,81,1748131,12693,1,0,0,0,1,0,0
FacingSun,330,6.1525013297796249,6.1471,1.574912,,81,1748131,12693,1,0,0,0,1,0,0
FacingSun,331,6.4876982942223549,5.9096,1.60768,,81,1748131,12693,1,0,0,0,1,0,0
FacingSun,332,5.8066966012120247,6.3857,1.55136,,81,1748131,12693,1,0,0,0,1,0,0
FacingSun,333,6.0944017022848129,6.2461,1.58208,,81,1748131,12693,1,0,0,0,1,0,0
FacingSun,334,6.1410004273056984,6.0274,1.60256,,81,1748131,12781,1,0,0,0,1,0,0
FacingSun,335,6.4676022157073021,5.5247,1.50528,,81,1748131,12693,1,0,0,0,1,0,0
FacingSun,336,5.8662979863584042,7.295,1.575936,,81,1748131,12745,1,0,0,0,1,0,0
FacingSun,337,6.242701318114996,6.1279,1.548288,,81,1748131,12693,1,0,0,0,1,0,0
FacingSun,338,6.3989018090069294,5.7446,1.524736,,81,1748131,12693,1,0,0,0,1,0,0
FacingSun,339,5.9113944880664349,6.0035,1.593344,,81,1748131,12693,1,0,0,0,1,0,0
FacingSun,340,6.1429990455508232,6.6521,1.569792,,81,1748131,12693,1,0,0,0,1,0,0
FacingSun,341,6.1047053895890713,6.0972,1.542144,,81,1748131,12693,1,0,0,0,1,0,0
FacingSun,342,6.1214002780616283,5.2033,1.606656,,81,1748131,12693,1,0,0,0,1,0,0
FacingSun,343,6.3711944967508316,8.4491,1.537024,,81,1748131,18019,1,0,0,0,1,0,0
FacingSun,344,11.171300895512104,6.5473,,,0,0,12693,1,0,0,0,1,0,0
FacingSun,345,6.0807042755186558,10.6243,1.609728,,188,3635394,12693,1,0,0,0,1,0,0
FacingSun,346,4.9290959723293781,4.9899,1.67424,,93,1802571,12693,1,0,0,0,1,0,0
FacingSun,347,5.699504166841507,5.5652,1.709056,,91,1751739,12693,1,0,0,0,1,0,0
FacingSun,348,5.910700187087059,5.9484,2.018304,,95,1981895,12693,1,0,0,0,1,0,0
FacingSun,349,5.140695720911026,5.1475,1.631232,,93,1779347,12693,1,0,0,0,1,0,0
FacingSun,350,4.9782027490437031,4.9937,1.73056,,93,1748155,12693,1,0,0,0,1,0,0
FacingSun,351,5.911798682063818,5.7301,1.636352,,237,1748443,12693,1,0,0,0,1,0,0
FacingSun,352,6.1044003814458847,5.3894,1.60768,,88,1748145,12693,1,0,0,0,1,0,0
FacingSun,353,6.0983984731137753,5.3991,1.63328,,81,1748131,12693,1,0,0,0,1,0,0
FacingSun,354,6.1782030388712883,6.5372,1.572864,,81,1748131,12693,1,0,0,0,1,0,0
FacingSun,355,6.1981999315321445,5.9861,1.605632,,81,1748131,12693,1,0,0,0,1,0,0
FacingSun,356,6.2334961257874966,5.9706,1.57184,,81,1748131,12693,1,0,0,0,1,0,0
FacingSun,357,7.1187997236847878,6.386,1.606656,,81,1748131,12693,1,0,0,0,1,0,0
FacingSun,358,5.3544007241725922,7.6773,1.63328,,81,1748131,12693,1,0,0,0,1,0,0
FacingSun,359,5.82750141620636,4.4157,1.562624,,81,1748131,12781,1,0,0,0,1,0,0
FacingSun,360,6.2982002273201942,5.6508,1.565696,,81,1748131,12693,1,0,0,0,1,0,0
FacingSun,361,8.5243973881006241,7.33,1.595392,,81,1748131,12693,1,0,0,0,1,0,0
FacingSun,362,4.3112030252814293,7.6404,1.59232,,81,1748131,12693,1,0,0,0,1,0,0
FacingSun,363,5.50919771194458,5.1808,1.589248,,81,1748131,12693,1,0,0,0,1,0,0
FacingSun,364,6.11130241304636,5.3323,1.625088,,81,1748131,12693,1,0,0,0,1,0,0
FacingSun,365,6.1897961422801018,6.1884,1.953792,,81,1748131,12693,1,0,0,0,1,0,0
FacingSun,366,6.3169007189571857,5.6093,1.5872,,81,1748131,12693,1,0,0,0,1,0,0
FacingSun,367,6.0534011572599411,6.387,1.61792,,81,1748131,12693,1,0,0,0,1,0,0
FacingSun,368,6.1147036030888557,7.411,1.564672,,81,1748131,12693,1,0,0,0,1,0,0
FacingSun,369,6.3772960565984249,4.804,1.580032,,81,1748131,12745,1,0,0,0,1,0,0
FacingSun,370,5.979705136269331,6.3204,1.593344,,81,1748131,12693,1,0,0,0,1,0,0
FacingSun,371,6.1070933006703854,6.5637,1.555456,,81,1748131,12693,1,0,0,0,1,0,0
FacingSun,372,6.2292022630572319,5.6228,1.973248,,81,1748131,12693,1,0,0,0,1,0,0
FacingSun,373,6.0411989688873291,6.4466,1.59232,,81,1748131,12693,1,0,0,0,1,0,0
FacingSun,374,6.254903506487608,5.5302,1.57696,,81,1748131,12693,1,0,0,0,1,0,0
FacingSun,375,7.6603954657912254,5.8756,1.609728,,81,1748131,12693,1,0,0,0,1,0,0
FacingSun,376,6.214803084731102,9.0899,1.627136,,81,1748131,12693,1,0,0,0,1,0,0
FacingSun,377,6.1321994289755821,5.6671,1.492992,,81,1748131,12693,1,0,0,0,1,0,0
FacingSun,378,6.0626985505223274,5.8305,1.52576,,81,1748131,12693,1,0,0,0,1,0,0
FacingSun,379,6.0946005396544933,5.4371,,,0,0,12693,1,0,0,0,1,0,0
FacingSun,380,6.1541027389466763,7.0396,1.542144,,162,3496262,12693,1,0,0,0,1,0,0
FacingSun,381,6.1078020371496677,6.2106,1.57696,,81,1748131,12693,1,0,0,0,1,0,0
FacingSun,382,6.2396968714892864,5.9558,1.671168,,81,1748131,12693,1,0,0,0,1,0,0
FacingSun,383,6.222803145647049,6.2691,1.569792,,81,1748131,12693,1,0,0,0,1,0,0
FacingSun,384,6.0671982355415821,6.3297,1.482752,,81,1748131,12781,1,0,0,0,1,0,0
FacingSun,385,6.2938989140093327,5.7746,1.63328,,81,1748131,12693,1,0,0,0,1,0,0
FacingSun,386,6.2686013989150524,5.8946,1.529856,,81,1748131,12693,1,0,0,0,1,0,0
FacingSun,387,5.9442957863211632,6.0834,1.536,,81,1748131,12693,1,0,0,0,1,0,0
FacingSun,388,6.3474066555500031,5.7377,1.65376,,81,1748131,12693,1,0,0,0,1,0,0
FacingSun,389,5.9667942114174366,6.4505,1.539072,,81,1748131,12693,1,0,0,0,1,0,0
FacingSun,390,6.2800026498734951,6.8909,1.47456,,81,1748131,12693,1,0,0,0,1,0,0
FacingSun,391,6.1919004656374454,5.583,1.581056,,81,1748131,12693,1,0,0,0,1,0,0
FacingSun,392,6.1004958115518093,6.3563,1.591296,,81,1748131,12693,1,0,0,0,1,0,0
FacingSun,393,6.2038050964474678,6.1546,1.555456,,81,1748131,12693,1,0,0,0,1,0,0
FacingSun,394,6.1902990564703941,6.6957,1.574912,,81,1748131,12693,1,0,0,0,1,0,0
FacingSun,395,6.1406958848237991,5.8036,1.564672,,81,1748131,12693,1,0,0,0,1,0,0
FacingSun,396,6.1244047246873379,5.7429,1.48992,,81,1748131,12693,1,0,0,0,1,0,0
FacingSun,397,6.1267009004950523,6.0657,1.599488,,81,1748131,12693,1,0,0,0,1,0,0
FacingSun,398,6.22469512745738,7.2845,1.537024,,81,1748131,12693,1,0,0,0,1,0,0
FacingSun,399,6.2267999164760113,6.2716,1.552384,,81,1748131,12693,1,0,0,0,1,0,0
FacingSun,400,6.0767005197703838,6.1269,1.574912,,81,1748131,12693,1,0,0,0,1,0,0
FacingSun,401,6.0732001438736916,4.9344,1.584128,,81,1748131,12693,1,0,0,0,1,0,0
FacingSun,402,6.2039042823016644,6.5152,1.518592,,81,1748131,12745,1,0,0,0,1,0,0
FacingSun,403,6.03789696469903,6.3516,1.575936,,81,1748131,12693,1,0,0,0,1,0,0
FacingSun,404,6.2081986106932163,6.043,1.588224,,81,1748131,12693,1,0,0,0,1,0,0
FacingSun,405,6.1517008580267429,5.378,1.570816,,81,1748131,12693,1,0,0,0,1,0,0
FacingSun,406,6.266503594815731,6.3784,1.574912,,81,1748131,12693,1,0,0,0,1,0,0
FacingSun,407,6.1568948440253735,6.3889,1.605632,,81,1748131,12693,1,0,0,0,1,0,0
FacingSun,408,6.1533022671937943,6.713,1.78176,,81,1748131,12693,1,0,0,0,1,0,0
FacingSun,409,6.1149024404585361,5.4864,1.529856,,81,1748131,12781,1,0,0,0,1,0,0
FacingSun,410,6.1427010223269463,5.9496,1.615872,,81,1748131,12693,1,0,0,0,1,0,0
FacingSun,411,6.3073979690670967,7.1734,1.555456,,81,1748131,12693,1,0,0,0,1,0,0
FacingSun,412,6.2686013989150524,5.2992,1.563648,,81,1748131,12693,1,0,0,0,1,0,0
FacingSun,413,5.9835957363247871,6.8154,1.590272,,81,1748131,12693,1,0,0,0,1,0,0
FacingSun,414,6.3705001957714558,5.2305,1.509376,,81,1748131,12693,1,0,0,0,1,0,0
FacingSun,415,6.1385985463857651,6.9087,1.939456,,81,1748131,12693,1,0,0,0,1,0,0
FacingSun,416,6.0685020871460438,6.338,1.580032,,81,1748131,12693,1,0,0,0,1,0,0
FacingSun,417,6.1830994673073292,5.9022,1.56672,,81,1748131,12693,1,0,0,0,1,0,0
FacingSun,418,6.3231009989976883,6.2769,1.573888,,81,1748131,12693,1,0,0,0,1,0,0
FacingSun,419,6.158000323921442,5.8867,1.593344,,81,1748131,12693,1,0,0,0,1,0,0
FacingSun,420,6.1555979773402214,6.0655,1.55648,,81,1748131,12693,1,0,0,0,1,0,0
FacingSun,421,6.0788053087890148,5.7871,1.574912,,81,1748131,12693,1,0,0,0,1,0,0
FacingSun,422,6.0161990113556385,6.4328,1.580032,,81,1748131,12693,1,0,0,0,1,0,0
FacingSun,423,6.1598001047968864,6.234,1.533952,,81,1748131,12693,1,0,0,0,1,0,0
FacingSun,424,6.161196157336235,6.1248,1.605632,,81,1748131,12693,1,0,0,0,1,0,0
FacingSun,425,6.1747021973133087,6.3686,1.555456,,81,1748131,12693,1,0,0,0,1,0,0
FacingSun,426,6.1360970139503479,6.5286,1.511424,,81,1748131,12693,1,0,0,0,1,0,0
FacingSun,427,6.1155045405030251,5.1797,1.595392,,81,1748131,12693,1,0,0,0,1,0,0
FacingSun,428,6.2724985182285309,6.9278,1.59744,,81,1748131,12693,1,0,0,0,1,0,0
FacingSun,429,5.9597007930278778,5.93,1.557504,,81,1748131,12693,1,0,0,0,1,0,0
FacingSun,430,6.1910999938845634,5.8479,1.609728,,81,1748131,12693,1,0,0,0,1,0,0
FacingSun,431,6.1896964907646179,6.2902,1.614848,,81,1748131,12693,1,0,0,0,1,0,0
FacingSun,432,6.1407028697431087,6.1895,1.52064,,81,1748131,12693,1,0,0,0,1,0,0
FacingSun,433,6.4544999040663242,5.9019,1.640448,,81,1748131,12693,1,0,0,0,1,0,0
FacingSun,434,5.9265024028718472,6.6084,1.572864,,81,1748131,12781,1,0,0,0,1,0,0
FacingSun,435,6.0432963073253632,6.5539,1.574912,,81,1748131,12745,1,0,0,0,1,0,0
FacingSun,436,6.1489017680287361,6.0844,1.595392,,81,1748131,12693,1,0,0,0,1,0,0
FacingSun,437,6.1025014147162437,5.0738,1.599488,,81,1748131,12693,1,0,0,0,1,0,0
FacingSun,438,6.2500000931322575,6.5349,1.506304,,81,1748131,12693,1,0,0,0,1,0,0
FacingSun,439,6.0394983738660812,6.1776,1.62304,,81,1748131,12693,1,0,0,0,1,0,0
FacingSun,440,6.3542020507156849,7.9434,1.590272,,81,1748131,12693,1,0,0,0,1,0,0
FacingSun,441,5.9350975789129734,4.7515,1.613824,,81,1748131,12693,1,0,0,0,1,0,0
FacingSun,442,6.18849927559495,5.8341,,,81,1748131,12693,1,0,0,0,1,0,0
FacingSun,443,6.0520973056554794,5.8093,1.659904,,81,1748131,12693,1,0,0,0,1,0,0
FacingSun,444,6.2269060872495174,6.1065,1.567744,,81,1748131,12693,1,0,0,0,1,0,0
FacingSun,445,6.1486959457397461,5.8531,1.55136,,81,1748131,12693,1,0,0,0,1,0,0
FacingSun,446,6.0818027704954147,6.7426,1.572864,,81,1748131,12693,1,0,0,0,1,0,0
FacingSun,447,6.2372945249080658,6.0706,1.606656,,81,1748131,12693,1,0,0,0,1,0,0
FacingSun,448,6.4006024040281773,5.8833,1.584128,,81,1748131,12693,1,0,0,0,1,0,0
FacingSun,449,5.8496030978858471,7.3176,1.564672,,81,1748131,12693,1,0,0,0,1,0,0
FacingSun,450,6.2438989989459515,5.7755,1.600512,,81,1748131,12693,1,0,0,0,1,0,0
FacingSun,451,6.2214992940425873,5.4858,1.550336,,81,1748131,12693,1,0,0,0,1,0,0
FacingSun,452,6.070996169000864,6.6129,1.60256,,81,1748131,12693,1,0,0,0,1,0,0
FacingSun,453,6.2027070671319962,5.5241,2.01216,,81,1748131,12693,1,0,0,0,1,0,0
FacingSun,454,6.0959961265325546,7.5105,1.554432,,81,1748131,12693,1,0,0,0,1,0,0
FacingSun,455,6.4283022657036781,5.077,1.62816,,81,1748131,12693,1,0,0,0,1,0,0
FacingSun,456,5.9521966613829136,6.6399,1.508352,,81,1748131,12693,1,0,0,0,1,0,0
FacingSun,457,6.1830002814531326,5.6872,1.522688,,81,1748131,12693,1,0,0,0,1,0,0
FacingSun,458,6.2816045247018337,6.2574,1.593344,,81,1748131,12693,1,0,0,0,1,0,0
FacingSun,459,6.2573980540037155,7.4146,1.599488,,81,1748131,12781,1,0,0,0,1,0,0
FacingSun,460,6.11400231719017,4.9718,1.517568,,81,1748131,12693,1,0,0,0,1,0,0
FacingSun,461,6.1948979273438454,6.3218,1.56672,,81,1748131,12693,1,0,0,0,1,0,0
FacingSun,462,5.98629517480731,6.2692,1.580032,,81,1748131,12693,1,0,0,0,1,0,0
FacingSun,463,6.11429987475276,5.4386,1.531904,,81,1748131,12693,1,0,0,0,1,0,0
FacingSun,464,6.1860047280788422,6.2957,1.547264,,81,1748131,12693,1,0,0,0,1,0,0
FacingSun,465,6.0798963531851768,6.259,1.618944,,81,1748131,12693,1,0,0,0,1,0,0
FacingSun,466,6.1357002705335617,5.7945,1.558528,,81,1748131,12693,1,0,0,0,1,0,0
FacingSun,467,6.1554987914860249,6.2166,1.598464,,81,1748131,12693,1,0,0,0,1,0,0
FacingSun,468,6.2017007730901241,6.4036,1.577984,,81,1748131,12745,1,0,0,0,1,0,0
FacingSun,469,6.1522037722170353,6.1512,1.527808,,81,1748131,12693,1,0,0,0,1,0,0
FacingSun,470,6.1402991414070129,6.4746,1.567744,,81,1748131,12693,1,0,0,0,1,0,0
FacingSun,471,6.1857001855969429,5.9763,1.574912,,81,1748131,12693,1,0,0,0,1,0,0
FacingSun,472,6.0422974638640881,5.9005,1.57184,,81,1748131,12693,1,0,0,0,1,0,0
FacingSun,473,6.2217051163315773,6.3786,1.590272,,81,1748131,12693,1,0,0,0,1,0,0
FacingSun,474,6.1299959197640419,6.1138,1.63328,,81,1748131,12693,1,0,0,0,1,0,0
FacingSun,475,6.2666027806699276,5.8285,1.557504,,81,1748131,12693,1,0,0,0,1,0,0
FacingSun,476,6.1204009689390659,6.6274,1.593344,,81,1748131,12693,1,0,0,0,1,0,0
FacingSun,477,6.2610968016088009,6.1101,1.584128,,81,1748131,12693,1,0,0,0,1,0,0
FacingSun,478,6.3149021007120609,5.8422,1.54112,,81,1748131,12693,1,0,0,0,1,0,0
FacingSun,479,5.9624998830258846,6.6276,1.591296,,81,1748131,12693,1,0,0,0,1,0,0
FacingSun,480,6.0570011846721172,5.6677,1.557504,,81,1748131,12693,1,0,0,0,1,0,0
FacingSun,481,6.2181972898542881,6.0921,1.532928,,81,1748131,12693,1,0,0,0,1,0,0
FacingSun,482,6.1171981506049633,6.1191,1.57184,,81,1748131,12693,1,0,0,0,1,0,0
FacingSun,483,6.2736039981245995,6.2675,1.599488,,81,1748131,12693,1,0,0,0,1,0,0
FacingSun,484,6.0196993872523308,6.6818,1.583104,,81,1748131,12781,1,0,0,0,1,0,0
FacingSun,485,6.3692955300211906,5.3788,1.596416,,81,1748131,12693,1,0,0,0,1,0,0
FacingSun,486,6.0964003205299377,6.4672,1.58208,,81,1748131,12693,1,0,0,0,1,0,0
FacingSun,487,5.9788054786622524,6.9257,1.75104,,81,1748131,12693,1,0,0,0,1,0,0
FacingSun,488,6.159098818898201,5.0133,1.580032,,81,1748131,12693,1,0,0,0,1,0,0
FacingSun,489,6.0964003205299377,6.8177,1.579008,,81,1748131,12693,1,0,0,0,1,0,0
FacingSun,490,6.350396666675806,5.4277,1.570816,,81,1748131,12693,1,0,0,0,1,0,0
FacingSun,491,5.9134992770850658,6.0969,1.591296,,81,1748131,12693,1,0,0,0,1,0,0
FacingSun,492,6.3949050381779671,6.3492,1.57184,,81,1748131,12693,1,0,0,0,1,0,0
FacingSun,493,6.063598208129406,6.3559,1.548288,,81,1748131,12693,1,0,0,0,1,0,0
FacingSun,494,6.2171979807317257,6.4915,1.6128,,81,1748131,12693,1,0,0,0,1,0,0
FacingSun,495,6.0185021720826626,5.4379,1.603584,,81,1748131,12693,1,0,0,0,1,0,0
FacingSun,496,6.1266012489795685,6.5915,1.620992,,81,1748131,12693,1,0,0,0,1,0,0
FacingSun,497,6.1980937607586384,6.6591,1.60256,,81,1748131,12693,1,0,0,0,1,0,0
FacingSun,498,6.0465065762400627,5.7257,1.547264,,81,1748131,12693,1,0,0,0,1,0,0
FacingSun,499,6.2469956465065479,5.8294,1.518592,,81,1748131,12693,1,0,0,0,1,0,0
FacingSun,500,6.0694017447531223,6.1919,2.034688,,81,1748131,12693,1,0,0,0,1,0,0
FacingSun,501,6.23660022392869,5.8729,1.594368,,81,1748131,12745,1,0,0,0,1,0,0
FacingSun,502,6.1893989332020283,6.3942,1.542144,,81,1748131,12693,1,0,0,0,1,0,0
FacingSun,503,6.0678995214402676,6.2521,1.635328,,81,1748131,12693,1,0,0,0,1,0,0
FacingSun,504,6.0787983238697052,5.7838,1.555456,,81,1748131,12693,1,0,0,0,1,0,0
FacingSun,505,6.1739017255604267,7.1099,1.513472,,81,1748131,12693,1,0,0,0,1,0,0
FacingSun,506,6.2004039064049721,6.0193,1.603584,,81,1748131,12693,1,0,0,0,1,0,0
FacingSun,507,6.2068947590887547,6.3309,1.60256,,81,1748131,12693,1,0,0,0,1,0,0
FacingSun,508,5.9742983430624008,5.4512,1.503232,,81,1748131,12693,1,0,0,0,1,0,0
FacingSun,509,6.3664047047495842,6.451,1.891328,,81,1748131,12781,1,0,0,0,1,0,0
FacingSun,510,5.9767006896436214,5.551,1.589248,,81,1748131,12693,1,0,0,0,1,0,0
FacingSun,511,6.2803006730973721,6.2535,1.516544,,81,1748131,12693,1,0,0,0,1,0,0
FacingSun,512,5.9670987538993359,6.8535,1.63328,,81,1748131,12693,1,0,0,0,1,0,0
FacingSun,513,6.3958968967199326,5.1434,1.569792,,81,1748131,12693,1,0,0,0,1,0,0
FacingSun,514,5.9861042536795139,6.8781,1.526784,,81,1748131,12693,1,0,0,0,1,0,0
FacingSun,515,6.2776007689535618,5.4821,1.627136,,81,1748131,12693,1,0,0,0,1,0,0
FacingSun,516,6.1225979588925838,6.7381,1.54112,,81,1748131,12693,1,0,0,0,1,0,0
FacingSun,517,6.2920991331338882,5.9221,1.51552,,81,1748131,12693,1,0,0,0,1,0,0
FacingSun,518,6.0650012455880642,6.4297,1.595392,,81,1748131,12693,1,0,0,0,1,0,0
FacingSun,519,6.1176018789410591,5.8624,1.635328,,81,1748131,12693,1,0,0,0,1,0,0
FacingSun,520,6.1428998596966267,6.5073,1.563648,,81,1748131,12693,1,0,0,0,1,0,0
FacingSun,521,6.2100975774228573,5.8034,1.603584,,81,1748131,12693,1,0,0,0,1,0,0
FacingSun,522,6.2231998890638351,6.3382,1.534976,,81,1748131,12693,1,0,0,0,1,0,0
FacingSun,523,6.0973991639912128,6.1484,1.514496,,81,1748131,12693,1,0,0,0,1,0,0
FacingSun,524,6.2851971015334129,5.7255,1.642496,,81,1748131,12693,1,0,0,0,1,0,0
FacingSun,525,6.0077025555074215,6.5932,1.550336,,81,1748131,12693,1,0,0,0,1,0,0
FacingSun,526,6.2348991632461548,6.0332,1.590272,,81,1748131,12693,1,0,0,0,1,0,0
FacingSun,527,6.0358983464539051,6.21,1.59744,,81,1748131,12693,1,0,0,0,1,0,0
FacingSun,528,6.1095026321709156,5.8254,2.011136,,81,1748131,12693,1,0,0,0,1,0,0
FacingSun,529,6.1072986572980881,5.8677,1.545216,,81,1748131,12693,1,0,0,0,1,0,0
FacingSun,530,6.3532027415931225,7.5212,1.5616,,81,1748131,12693,1,0,0,0,1,0,0
FacingSun,531,6.089597474783659,5.0436,1.573888,,81,1748131,12693,1,0,0,0,1,0,0
FacingSun,532,6.0663972981274128,6.6953,1.837056,,81,1748131,12693,1,0,0,0,1,0,0
FacingSun,533,6.3333050347864628,5.6186,1.560576,,81,1748131,12693,1,0,0,0,1,0,0
FacingSun,534,6.0919006355106831,6.396,1.596416,,81,1748131,12833,1,0,0,0,1,0,0
FacingSun,535,5.9590986929833889,6.4887,1.512448,,81,1748131,12693,1,0,0,0,1,0,0
FacingSun,536,6.3017006032168865,5.0169,1.59232,,81,1748131,12693,1,0,0,0,1,0,0
FacingSun,537,6.0392008163034916,7.0748,1.598464,,81,1748131,12693,1,0,0,0,1,0,0
FacingSun,538,6.1344956047832966,6.1319,1.564672,,81,1748131,12693,1,0,0,0,1,0,0
FacingSun,539,6.5898029133677483,5.6211,1.58208,,81,1748131,12693,1,0,0,0,1,0,0
FacingSun,540,5.7350979186594486,7.1154,1.539072,,81,1748131,12693,1,0,0,0,1,0,0
FacingSun,541,6.3686012290418148,5.1241,1.534976,,81,1748131,12693,1,0,0,0,1,0,0
FacingSun,542,5.9256022796034813,6.5285,1.615872,,81,1748131,12693,1,0,0,0,1,0,0
FacingSun,543,6.2809949740767479,5.818,1.57696,,81,1748131,12693,1,0,0,0,1,0,0
FacingSun,544,6.3098003156483173,6.2493,1.608704,,81,1748131,12693,1,0,0,0,1,0,0
FacingSun,545,5.9336028061807156,6.8355,1.595392,,81,1748131,12693,1,0,0,0,1,0,0
FacingSun,546,6.2991990707814693,6.0047,1.61792,,81,1748131,12693,1,0,0,0,1,0,0
FacingSun,547,6.0060019604861736,6.1831,1.514496,,81,1748131,12693,1,0,0,0,1,0,0
FacingSun,548,6.1530964449048042,5.8045,1.562624,,81,1748131,12693,1,0,0,0,1,0,0
FacingSun,549,6.0957055538892746,5.7569,1.595392,,81,1748131,12693,1,0,0,0,1,0,0
FacingSun,550,6.1857001855969429,7.4055,1.573888,,81,1748131,12693,1,0,0,0,1,0,0
FacingSun,551,6.1457976698875427,5.0246,1.629184,,81,1748131,12693,1,0,0,0,1,0,0
FacingSun,552,6.1049959622323513,6.1215,1.599488,,81,1748131,12693,1,0,0,0,1,0,0
FacingSun,553,6.3790036365389824,6.1482,1.51552,,81,1748131,12693,1,0,0,0,1,0,0
FacingSun,554,5.971797276288271,6.4137,2.026496,,81,1748131,12693,1,0,0,0,1,0,0
FacingSun,555,6.1473003588616848,6.8509,1.577984,,81,1748131,12693,1,0,0,0,1,0,0
FacingSun,556,6.1471019871532917,5.6223,1.596416,,81,1748131,12693,1,0,0,0,1,0,0
FacingSun,557,6.14309823140502,5.908,1.600512,,81,1748131,12693,1,0,0,0,1,0,0
FacingSun,558,6.3264030031859875,5.8131,1.585152,,81,1748131,12693,1,0,0,0,1,0,0
FacingSun,559,6.0072988271713257,6.3966,1.49504,,81,1748131,12781,1,0,0,0,1,0,0
FacingSun,560,6.2426021322607994,6.4813,1.61792,,81,1748131,12693,1,0,0,0,1,0,0
FacingSun,561,6.0472008772194386,6.6915,1.599488,,81,1748131,12693,1,0,0,0,1,0,0
FacingSun,562,6.1100977472960949,5.2483,1.580032,,81,1748131,12693,1,0,0,0,1,0,0
FacingSun,563,6.1618974432349205,6.2274,1.588224,,81,1748131,12693,1,0,0,0,1,0,0
FacingSun,564,6.0829012654721737,6.0753,1.538048,,81,1748131,12693,1,0,0,0,1,0,0
FacingSun,565,6.2525016255676746,6.9242,1.516544,,81,1748131,12693,1,0,0,0,1,0,0
FacingSun,566,6.10019825398922,5.0954,1.627136,,81,1748131,12693,1,0,0,0,1,0,0
FacingSun,567,6.1194021254777908,6.5969,1.581056,,81,1748131,12745,1,0,0,0,1,0,0
FacingSun,568,6.1830002814531326,5.7465,1.59232,,81,1748131,12693,1,0,0,0,1,0,0
FacingSun,569,6.1894981190562248,6.8442,1.596416,,81,1748131,12693,1,0,0,0,1,0,0
FacingSun,570,6.1365007422864437,6.0258,1.547264,,81,1748131,12693,1,0,0,0,1,0,0
FacingSun,571,6.1300029046833515,5.7987,1.54112,,81,1748131,12693,1,0,0,0,1,0,0
FacingSun,572,6.1922972090542316,6.0035,1.583104,,81,1748131,12693,1,0,0,0,1,0,0
FacingSun,573,6.0432963073253632,5.8596,1.600512,,81,1748131,12693,1,0,0,0,1,0,0
FacingSun,574,6.2049035914242268,6.2322,1.52576,,81,1748131,12693,1,0,0,0,1,0,0
FacingSun,575,6.2073981389403343,6.4898,1.524736,,81,1748131,12693,1,0,0,0,1,0,0
FacingSun,576,6.1287982389330864,6.1617,1.598464,,81,1748131,12693,1,0,0,0,1,0,0
FacingSun,577,6.0725058428943157,6.1439,1.58208,,81,1748131,12693,1,0,0,0,1,0,0
FacingSun,578,6.1892997473478317,5.8508,1.619968,,81,1748131,12693,1,0,0,0,1,0,0
FacingSun,579,6.11699977889657,6.4484,1.569792,,81,1748131,12693,1,0,0,0,1,0,0
FacingSun,580,6.1687994748353958,6.5629,1.55648,,81,1748131,12693,1,0,0,0,1,0,0
FacingSun,581,6.0886973515152931,5.2379,1.579008,,81,1748131,12693,1,0,0,0,1,0,0
FacingSun,582,6.1038974672555923,6.3941,1.59232,,81,1748131,12693,1,0,0,0,1,0,0
FacingSun,583,6.2464000657200813,6.4522,1.533952,,81,1748131,12693,1,0,0,0,1,0,0
FacingSun,584,6.13440340384841,5.3936,2.101248,,81,1748131,12781,1,0,0,0,1,0,0
FacingSun,585,6.004698108881712,6.5868,1.589248,,81,1748131,12693,1,0,0,0,1,0,0
FacingSun,586,6.1375000514090061,5.843,1.522688,,81,1748131,12693,1,0,0,0,1,0,0
FacingSun,587,6.32689893245697,6.2199,1.618944,,81,1748131,12693,1,0,0,0,1,0,0
FacingSun,588,6.0954010114073753,6.6769,1.542144,,81,1748131,12693,1,0,0,0,1,0,0
FacingSun,589,6.308999378234148,6.3159,1.543168,,81,1748131,12693,1,0,0,0,1,0,0
FacingSun,590,6.1552012339234352,6.0885,1.596416,,81,1748131,12693,1,0,0,0,1,0,0
FacingSun,591,5.9904973022639751,6.1804,1.549312,,81,1748131,12693,1,0,0,0,1,0,0
FacingSun,592,6.3224062323570251,5.4615,1.64864,,81,1748131,12693,1,0,0,0,1,0,0
FacingSun,593,6.1192954890429974,7.0721,1.573888,,81,1748131,12693,1,0,0,0,1,0,0
FacingSun,594,6.2103033997118473,5.3707,1.564672,,81,1748131,12693,1,0,0,0,1,0,0
FacingSun,595,5.9930980205535889,6.4156,1.572864,,81,1748131,12693,1,0,0,0,1,0,0
FacingSun,596,6.2373015098273754,6.1365,1.608704,,81,1748131,12693,1,0,0,0,1,0,0
FacingSun,597,6.3305981457233429,6.111,1.60256,,81,1748131,12693,1,0,0,0,1,0,0
FacingSun,598,6.0633006505668163,6.1612,1.532928,,81,1748131,12693,1,0,0,0,1,0,0
FacingSun,599,6.1062006279826164,6.4268,1.584128,,81,1748131,12693,1,0,0,0,1,0,0
FacingSun,600,6.1187003739178181,5.6356,1.542144,,81,1748131,12745,1,0,0,0,1,0,0
FacingSun,601,6.11400231719017,5.8874,1.502208,,81,1748131,12693,1,0,0,0,1,0,0
FacingSun,602,6.0639949515461922,6.4555,1.632256,,81,1748131,12693,1,0,0,0,1,0,0
FacingSun,603,6.2383008189499378,7.1631,1.614848,,81,1748131,12693,1,0,0,0,1,0,0
FacingSun,604,6.0945013538002968,4.801,1.539072,,81,1748131,12693,1,0,0,0,1,0,0
FacingSun,605,6.33259629830718,6.3499,1.549312,,81,1748131,12693,1,0,0,0,1,0,0
FacingSun,606,6.1253048479557037,6.603,1.560576,,81,1748131,12693,1,0,0,0,1,0,0
FacingSun,607,6.0835955664515495,5.7969,1.53088,,81,1748131,12693,1,0,0,0,1,0,0
FacingSun,608,6.407199427485466,6.265,1.57184,,81,1748131,12693,1,0,0,0,1,0,0
FacingSun,609,6.1981999315321445,5.9134,1.564672,,81,1748131,12781,1,0,0,0,1,0,0
FacingSun,610,6.0472008772194386,6.8824,1.574912,,81,1748131,12693,1,0,0,0,1,0,0
FacingSun,611,6.1049037612974644,6.1711,1.544192,,81,1748131,12693,1,0,0,0,1,0,0
FacingSun,612,6.070996169000864,5.516,1.547264,,81,1748131,12693,1,0,0,0,1,0,0
FacingSun,613,6.2871030531823635,6.2018,1.568768,,81,1748131,12693,1,0,0,0,1,0,0
FacingSun,614,6.0411989688873291,6.2648,1.565696,,81,1748131,12693,1,0,0,0,1,0,0
FacingSun,615,6.2351971864700317,6.4367,1.585152,,81,1748131,12693,1,0,0,0,1,0,0
FacingSun,616,6.0971016064286232,6.0074,1.583104,,81,1748131,12693,1,0,0,0,1,0,0
FacingSun,617,6.37280335649848,6.0715,1.55136,,81,1748131,12693,1,0,0,0,1,0,0
FacingSun,618,5.8643990196287632,6.9842,1.563648,,81,1748131,12693,1,0,0,0,1,0,0
FacingSun,619,6.123802624642849,5.5675,1.557504,,81,1748131,12693,1,0,0,0,1,0,0
FacingSun,620,6.1745960265398026,5.6469,1.553408,,81,1748131,12693,1,0,0,0,1,0,0
FacingSun,621,6.2097008340060711,6.0431,1.552384,,81,1748131,12693,1,0,0,0,1,0,0
FacingSun,622,6.1580995097756386,5.9088,1.536,,81,1748131,12693,1,0,0,0,1,0,0
FacingSun,623,6.1104022897779942,6.8969,1.8688,,81,1748131,12693,1,0,0,0,1,0,0
FacingSun,624,6.3332980498671532,6.1125,1.629184,,81,1748131,12693,1,0,0,0,1,0,0
FacingSun,625,5.9785004705190659,6.1486,1.555456,,81,1748131,12693,1,0,0,0,1,0,0
FacingSun,626,6.293601356446743,5.9622,1.55136,,81,1748131,12693,1,0,0,0,1,0,0
FacingSun,627,5.91609999537468,6.182,1.598464,,81,1748131,12693,1,0,0,0,1,0,0
FacingSun,628,6.137095857411623,6.2649,1.540096,,81,1748131,12693,1,0,0,0,1,0,0
FacingSun,629,6.3477042131125927,5.8126,1.614848,,81,1748131,12693,1,0,0,0,1,0,0
FacingSun,630,6.4401007257401943,6.2505,2.018304,,81,1748131,12693,1,0,0,0,1,0,0
FacingSun,631,6.1252973973751068,7.0438,1.508352,,81,1748131,12693,1,0,0,0,1,0,0
FacingSun,632,6.1923963949084282,5.4385,1.616896,,81,1748131,12693,1,0,0,0,1,0,0
FacingSun,633,6.0754041187465191,7.2503,1.590272,,81,1748131,12745,1,0,0,0,1,0,0
FacingSun,634,6.2763961032032967,5.4018,1.487872,,81,1748131,12781,1,0,0,0,1,0,0
FacingSun,635,6.09690323472023,6.2971,1.60768,,81,1748131,12693,1,0,0,0,1,0,0
FacingSun,636,6.1314981430768967,6.0234,1.522688,,81,1748131,12693,1,0,0,0,1,0,0
FacingSun,637,6.5053002908825874,6.2651,1.548288,,81,1748131,12693,1,0,0,0,1,0,0
FacingSun,638,5.9095025062561035,6.5232,1.608704,,81,1748131,12693,1,0,0,0,1,0,0
FacingSun,639,6.0747023671865463,5.8542,1.586176,,81,1748131,12693,1,0,0,0,1,0,0
FacingSun,640,6.2191965989768505,5.54,1.537024,,81,1748131,12693,1,0,0,0,1,0,0
FacingSun,641,6.1205001547932625,6.7881,1.584128,,81,1748131,12693,1,0,0,0,1,0,0
FacingSun,642,6.4365006983280182,5.6655,1.591296,,81,1748131,12693,1,0,0,0,1,0,0
FacingSun,643,6.4018992707133293,6.4228,1.559552,,81,1748131,12693,1,0,0,0,1,0,0
FacingSun,644,5.8353031054139137,6.2017,1.57184,,81,1748131,12693,1,0,0,0,1,0,0
FacingSun,645,6.0918936505913734,6.0867,1.568768,,81,1748131,12693,1,0,0,0,1,0,0
FacingSun,646,6.14850502461195,6.0015,1.531904,,81,1748131,12693,1,0,0,0,1,0,0
FacingSun,647,6.1860969290137291,6.3053,1.585152,,81,1748131,12693,1,0,0,0,1,0,0
FacingSun,648,6.0751982964575291,6.6299,1.584128,,81,1748131,12693,1,0,0,0,1,0,0
FacingSun,649,6.1305058188736439,6.4786,1.559552,,81,1748131,12693,1,0,0,0,1,0,0
FacingSun,650,6.19370024651289,5.8114,1.59232,,81,1748131,12693,1,0,0,0,1,0,0
FacingSun,651,6.2326956540346146,5.7485,1.588224,,81,1748131,12693,1,0,0,0,1,0,0
FacingSun,652,6.0229026712477207,5.8064,1.5872,,81,1748131,12693,1,0,0,0,1,0,0
FacingSun,653,6.21379679068923,5.8579,1.600512,,81,1748131,12693,1,0,0,0,1,0,0
FacingSun,654,6.165199913084507,6.7039,1.585152,,81,1748131,12693,1,0,0,0,1,0,0
FacingSun,655,6.4035998657345772,5.8505,1.518592,,81,1748131,12693,1,0,0,0,1,0,0
FacingSun,656,5.9013040736317635,7.1482,1.609728,,81,1748131,12693,1,0,0,0,1,0,0
FacingSun,657,6.4085954800248146,5.2729,1.613824,,81,1748131,12693,1,0,0,0,1,0,0
FacingSun,658,5.9296060353517532,6.003,1.562624,,81,1748131,12693,1,0,0,0,1,0,0
FacingSun,659,6.2375990673899651,7.1584,1.593344,,81,1748131,12781,1,0,0,0,1,0,0
FacingSun,660,6.1322986148297787,5.4723,1.588224,,81,1748131,12693,1,0,0,0,1,0,0
FacingSun,661,6.1464994214475155,6.3226,1.767424,,81,1748131,12693,1,0,0,0,1,0,0
FacingSun,662,6.2461025081574917,6.0011,1.595392,,81,1748131,12693,1,0,0,0,1,0,0
FacingSun,663,6.0614938847720623,6.6325,1.642496,,81,1748131,12693,1,0,0,0,1,0,0
FacingSun,664,6.1270054429769516,5.9032,1.5616,,81,1748131,12693,1,0,0,0,1,0,0
FacingSun,665,6.22519850730896,5.4702,1.57696,,81,1748131,12693,1,0,0,0,1,0,0
FacingSun,666,6.0878968797624111,6.9384,1.570816,,81,1748131,12745,1,0,0,0,1,0,0
FacingSun,667,6.1011053621768951,5.5976,1.524736,,81,1748131,12693,1,0,0,0,1,0,0
FacingSun,668,6.227295845746994,5.6961,1.611776,,81,1748131,12693,1,0,0,0,1,0,0
FacingSun,669,6.2457979656755924,6.7935,1.563648,,81,1748131,12693,1,0,0,0,1,0,0
FacingSun,670,6.1600054614245892,6.0925,1.52576,,81,1748131,12693,1,0,0,0,1,0,0
FacingSun,671,5.9938989579677582,6.8095,1.59744,,81,1748131,12693,1,0,0,0,1,0,0
FacingSun,672,6.2517998740077019,5.3806,1.528832,,81,1748131,12693,1,0,0,0,1,0,0
FacingSun,673,6.1153983697295189,6.4084,1.523712,,81,1748131,12693,1,0,0,0,1,0,0
FacingSun,674,6.1314981430768967,6.0458,1.61792,,81,1748131,12693,1,0,0,0,1,0,0
FacingSun,675,6.0124006122350693,5.9535,2.024448,,81,1748131,12693,1,0,0,0,1,0,0
FacingSun,676,6.2667019665241241,6.1707,1.539072,,81,1748131,12693,1,0,0,0,1,0,0
FacingSun,677,6.2455995939671993,6.52,1.609728,,81,1748131,12693,1,0,0,0,1,0,0
FacingSun,678,6.3920989632606506,5.7863,1.593344,,81,1748131,12693,1,0,0,0,1,0,0
FacingSun,679,5.755499005317688,6.2846,1.506304,,81,1748131,12693,1,0,0,0,1,0,0
FacingSun,680,6.3374009914696217,5.7366,1.605632,,81,1748131,12693,1,0,0,0,1,0,0
FacingSun,681,6.042099092155695,6.5827,1.595392,,81,1748131,12693,1,0,0,0,1,0,0
FacingSun,682,6.2060020864009857,6.0976,1.538048,,81,1748131,12693,1,0,0,0,1,0,0
FacingSun,683,6.1830994673073292,6.1461,1.608704,,81,1748131,12693,1,0,0,0,1,0,0
FacingSun,684,6.1417021788656712,6.5254,1.61792,,81,1748131,12781,1,0,0,0,1,0,0
FacingSun,685,6.0128970071673393,6.0221,1.509376,,81,1748131,12693,1,0,0,0,1,0,0
FacingSun,686,6.46060099825263,5.1967,1.565696,,81,1748131,12693,1,0,0,0,1,0,0
FacingSun,687,5.9346016496419907,6.6615,1.584128,,81,1748131,12693,1,0,0,0,1,0,0
FacingSun,688,6.2437998130917549,5.6395,1.577984,,81,1748131,12693,1,0,0,0,1,0,0
FacingSun,689,6.1262967064976692,6.7558,1.603584,,81,1748131,12693,1,0,0,0,1,0,0
FacingSun,690,6.311904639005661,6.0826,1.588224,,81,1748131,12693,1,0,0,0,1,0,0
FacingSun,691,6.0764951631426811,6.6854,1.542144,,81,1748131,12693,1,0,0,0,1,0,0
FacingSun,692,6.0775014571845531,5.3883,1.600512,,81,1748131,12693,1,0,0,0,1,0,0
FacingSun,693,6.2444019131362438,6.4353,1.586176,,81,1748131,12693,1,0,0,0,1,0,0
FacingSun,694,6.2422971241176128,6.7267,1.531904,,81,1748131,12693,1,0,0,0,1,0,0
FacingSun,695,5.9546059928834438,5.5287,1.585152,,81,1748131,12693,1,0,0,0,1,0,0
FacingSun,696,6.1175948940217495,6.31,1.625088,,81,1748131,12693,1,0,0,0,1,0,0
FacingSun,697,6.3474983908236027,5.753,1.563648,,81,1748131,12693,1,0,0,0,1,0,0
FacingSun,698,6.1796060763299465,6.7773,1.601536,,81,1748131,12693,1,0,0,0,1,0,0
FacingSun,699,6.0167941264808178,5.8645,1.606656,,81,1748131,12745,1,0,0,0,1,0,0
FacingSun,700,6.5130032598972321,6.335,1.549312,,81,1748131,12693,1,0,0,0,1,0,0
FacingSun,701,5.9679988771677017,6.5674,1.589248,,81,1748131,12693,1,0,0,0,1,0,0
FacingSun,702,6.0486039146780968,6.2803,1.58208,,81,1748131,12693,1,0,0,0,1,0,0
FacingSun,703,6.0830996371805668,5.5041,1.548288,,81,1748131,12693,1,0,0,0,1,0,0
FacingSun,704,6.24259514734149,7.4905,1.6128,,81,1748131,12693,1,0,0,0,1,0,0
FacingSun,705,6.1186011880636215,5.0929,1.590272,,81,1748131,12693,1,0,0,0,1,0,0
FacingSun,706,6.1382013373076916,6.8787,1.590272,,81,1748131,12693,1,0,0,0,1,0,0
FacingSun,707,6.1758006922900677,5.8549,1.59744,,81,1748131,12693,1,0,0,0,1,0,0
FacingSun,708,6.17709755897522,5.9937,1.614848,,81,1748131,12693,1,0,0,0,1,0,0
FacingSun,709,6.1793015338480473,6.1191,1.531904,,81,1748131,12781,1,0,0,0,1,0,0
FacingSun,710,6.0810018330812454,5.2953,1.608704,,81,1748131,12693,1,0,0,0,1,0,0
FacingSun,711,6.18849927559495,6.5325,1.625088,,81,1748131,12693,1,0,0,0,1,0,0
FacingSun,712,6.4243976958096027,5.598,1.972224,,81,1748131,12693,1,0,0,0,1,0,0
FacingSun,713,5.9746033512055874,7.0185,1.60256,,81,1748131,12693,1,0,0,0,1,0,0
FacingSun,714,6.0271965339779854,6.4542,1.589248,,81,1748131,12693,1,0,0,0,1,0,0
FacingSun,715,6.1865998432040215,5.1013,1.508352,,81,1748131,12693,1,0,0,0,1,0,0
FacingSun,716,6.1364015564322472,6.9062,1.614848,,81,1748131,12693,1,0,0,0,1,0,0
FacingSun,717,6.1240009963512421,5.774,1.59744,,81,1748131,12693,1,0,0,0,1,0,0
FacingSun,718,6.3158022239804268,6.0691,1.555456,,81,1748131,12693,1,0,0,0,1,0,0
FacingSun,719,6.0525937005877495,6.5744,1.591296,,81,1748131,12693,1,0,0,0,1,0,0
FacingSun,720,6.3258009031414986,5.4132,1.565696,,81,1748131,12693,1,0,0,0,1,0,0
FacingSun,721,5.9707057662308216,6.8049,1.539072,,81,1748131,12693,1,0,0,0,1,0,0
FacingSun,722,6.1711948364973068,6.1263,1.548288,,81,1748131,12693,1,0,0,0,1,0,0
FacingSun,723,6.0889031738042831,6.0016,1.610752,,81,1748131,12693,1,0,0,0,1,0,0
FacingSun,724,6.1458973214030266,6.3232,1.55136,,81,1748131,12693,1,0,0,0,1,0,0
FacingSun,725,6.0821003280580044,5.4831,1.573888,,81,1748131,12693,1,0,0,0,1,0,0
FacingSun,726,6.1571993865072727,6.46,1.601536,,81,1748131,12693,1,0,0,0,1,0,0
FacingSun,727,6.3776005990803242,5.6291,1.519616,,81,1748131,12693,1,0,0,0,1,0,0
FacingSun,728,6.0080992989242077,6.6216,1.57696,,81,1748131,12693,1,0,0,0,1,0,0
FacingSun,729,6.2741991132497787,6.7641,1.586176,,81,1748131,12693,1,0,0,0,1,0,0
FacingSun,730,6.09720079228282,6.0579,1.570816,,81,1748131,12693,1,0,0,0,1,0,0
FacingSun,731,6.1214002780616283,5.8582,1.609728,,81,1748131,12693,1,0,0,0,1,0,0
FacingSun,732,6.1284014955163,5.5173,1.550336,,81,1748131,12745,1,0,0,0,1,0,0
FacingSun,733,6.3717970624566078,6.9006,1.557504,,81,1748131,12693,1,0,0,0,1,0,0
FacingSun,734,6.04880228638649,6.2156,1.598464,,81,1748131,12781,1,0,0,0,1,0,0
FacingSun,735,6.1399023979902267,5.6416,1.585152,,81,1748131,12693,1,0,0,0,1,0,0
FacingSun,736,6.0127978213131428,6.6607,1.839104,,81,1748131,12693,1,0,0,0,1,0,0
FacingSun,737,6.1510982923209667,5.7265,1.606656,,81,1748131,12693,1,0,0,0,1,0,0
FacingSun,738,6.1345025897026062,6.2416,1.58208,,81,1748131,12693,1,0,0,0,1,0,0
FacingSun,739,6.2253968790173531,6.777,1.529856,,81,1748131,12693,1,0,0,0,1,0,0
FacingSun,740,6.132001057267189,5.1792,1.574912,,81,1748131,12693,1,0,0,0,1,0,0
FacingSun,741,7.075602188706398,6.7648,1.580032,,81,1748131,12693,1,0,0,0,1,0,0
FacingSun,742,5.2418014965951443,6.8216,1.555456,,81,1748131,12693,1,0,0,0,1,0,0
FacingSun,743,6.510700099170208,5.2826,1.601536,,81,1748131,12693,1,0,0,0,1,0,0
FacingSun,744,5.9952950105071068,6.1079,1.531904,,81,1748131,12693,1,0,0,0,1,0,0
FacingSun,745,6.1363023705780506,6.3975,1.534976,,81,1748131,12693,1,0,0,0,1,0,0
FacingSun,746,6.0079009272158146,6.5471,1.552384,,81,1748131,12693,1,0,0,0,1,0,0
FacingSun,747,6.0750991106033325,5.7674,1.569792,,81,1748131,12693,1,0,0,0,1,0,0
FacingSun,748,6.3371029682457447,5.9719,1.539072,,81,1748131,12693,1,0,0,0,1,0,0
FacingSun,749,6.1274943873286247,5.7605,1.55648,,81,1748131,12693,1,0,0,0,1,0,0
FacingSun,750,6.0732001438736916,6.1911,1.521664,,81,1748131,12693,1,0,0,0,1,0,0
FacingSun,751,6.216900423169136,6.1452,1.529856,,81,1748131,12693,1,0,0,0,1,0,0
FacingSun,752,6.0979025438427925,6.4913,1.590272,,81,1748131,12693,1,0,0,0,1,0,0
FacingSun,753,6.4453016966581345,5.3643,1.591296,,81,1748131,12693,1,0,0,0,1,0,0
FacingSun,754,5.826899316161871,6.6116,1.557504,,81,1748131,12693,1,0,0,0,1,0,0
FacingSun,755,6.0788975097239017,6.2484,1.575936,,81,1748131,12693,1,0,0,0,1,0,0
FacingSun,756,6.3496031798422337,6.6239,1.554432,,81,1748131,12693,1,0,0,0,1,0,0
FacingSun,757,6.1835953965783119,6.1101,1.52576,,81,1748131,12693,1,0,0,0,1,0,0
FacingSun,758,5.9984056279063225,6.3523,1.815552,,81,1748131,12693,1,0,0,0,1,0,0
FacingSun,759,6.1108986847102642,5.5947,1.851392,,81,1748131,12781,1,0,0,0,1,0,0
FacingSun,760,6.3178003765642643,6.0121,1.978368,,81,1748131,12693,1,0,0,0,1,0,0
FacingSun,761,5.9784012846648693,6.492,1.579008,,81,1748131,12693,1,0,0,0,1,0,0
FacingSun,762,6.1402991414070129,5.3252,1.575936,,81,1748131,12693,1,0,0,0,1,0,0
FacingSun,763,6.4142006449401379,6.2042,1.519616,,81,1748131,12693,1,0,0,0,1,0,0
FacingSun,764,5.8964001946151257,6.5056,1.588224,,81,1748131,12693,1,0,0,0,1,0,0
FacingSun,765,6.25949539244175,5.726,1.632256,,81,1748131,12745,1,0,0,0,1,0,0
FacingSun,766,6.2781036831438541,6.8912,1.579008,,81,1748131,12693,1,0,0,0,1,0,0
FacingSun,767,6.2095946632325649,5.6586,1.545216,,81,1748131,12693,1,0,0,0,1,0,0
FacingSun,768,5.9378049336373806,6.9636,1.634304,,81,1748131,12693,1,0,0,0,1,0,0
FacingSun,769,6.1629959382116795,5.9867,1.540096,,81,1748131,12693,1,0,0,0,1,0,0
FacingSun,770,6.4111039973795414,5.3726,1.599488,,81,1748131,12693,1,0,0,0,1,0,0
FacingSun,771,5.9602963738143444,6.3928,1.609728,,81,1748131,12693,1,0,0,0,1,0,0
FacingSun,772,6.1497022397816181,5.9165,1.557504,,81,1748131,12693,1,0,0,0,1,0,0
FacingSun,773,6.1491993255913258,6.3527,1.521664,,81,1748131,12693,1,0,0,0,1,0,0
FacingSun,774,6.1160004697740078,6.7863,1.6128,,81,1748131,12693,1,0,0,0,1,0,0
FacingSun,775,6.4303996041417122,6.0518,1.543168,,81,1748131,12693,1,0,0,0,1,0,0
FacingSun,776,5.9840986505150795,5.7356,1.57696,,81,1748131,12693,1,0,0,0,1,0,0
FacingSun,777,6.0863024555146694,6.4112,1.609728,,81,1748131,12693,1,0,0,0,1,0,0
FacingSun,778,6.2952027656137943,5.3057,1.543168,,81,1748131,12693,1,0,0,0,1,0,0
FacingSun,779,6.0543934814631939,7.7287,1.539072,,81,1748131,12693,1,0,0,0,1,0,0
FacingSun,780,6.2725055031478405,5.6305,1.61792,,81,1748131,12693,1,0,0,0,1,0,0
FacingSun,781,6.3892998732626438,5.3029,1.50528,,81,1748131,12693,1,0,0,0,1,0,0
FacingSun,782,5.9412983246147633,7.8349,1.599488,,81,1748131,12693,1,0,0,0,1,0,0
FacingSun,783,6.1959964223206043,4.6888,1.635328,,81,1748131,12693,1,0,0,0,1,0,0
FacingSun,784,6.0949050821363926,7.1524,1.599488,,81,1748131,12781,1,0,0,0,1,0,0
FacingSun,785,6.0626985505223274,6.0258,1.545216,,81,1748131,12693,1,0,0,0,1,0,0
FacingSun,786,6.1379959806799889,5.6903,1.568768,,81,1748131,12693,1,0,0,0,1,0,0
FacingSun,787,6.2161069363355637,6.1185,1.542144,,81,1748131,12693,1,0,0,0,1,0,0
FacingSun,788,6.13389303907752,6.1105,1.5872,,81,1748131,12693,1,0,0,0,1,0,0
FacingSun,789,6.2775015830993652,5.6482,1.60768,,81,1748131,12693,1,0,0,0,1,0,0
FacingSun,790,6.1731999740004539,6.288,1.542144,,81,1748131,12693,1,0,0,0,1,0,0
FacingSun,791,5.9239016845822334,6.3994,1.584128,,81,1748131,12693,1,0,0,0,1,0,0
FacingSun,792,6.3207978382706642,5.7418,1.584128,,81,1748131,12693,1,0,0,0,1,0,0
FacingSun,793,5.9901997447013855,6.0323,1.517568,,81,1748131,12693,1,0,0,0,1,0,0
FacingSun,794,6.2083047814667225,6.6116,1.575936,,81,1748131,12693,1,0,0,0,1,0,0
FacingSun,795,6.2370961531996727,5.8896,1.583104,,81,1748131,12693,1,0,0,0,1,0,0
FacingSun,796,6.0624009929597378,6.3391,1.55136,,81,1748131,12693,1,0,0,0,1,0,0
FacingSun,797,6.2795989215373993,6.2131,1.598464,,81,1748131,12693,1,0,0,0,1,0,0
FacingSun,798,5.9306053444743156,6.6076,1.542144,,81,1748131,12745,1,0,0,0,1,0,0
FacingSun,799,6.1406958848237991,5.8611,1.536,,81,1748131,12693,1,0,0,0,1,0,0
FacingSun,800,6.2172971665859222,5.9833,1.59744,,81,1748131,12693,1,0,0,0,1,0,0
FacingSun,801,6.0190050862729549,6.6864,1.591296,,81,1748131,12693,1,0,0,0,1,0,0
FacingSun,802,6.3436012715101242,5.5304,1.560576,,81,1748131,12693,1,0,0,0,1,0,0
FacingSun,803,6.2857992015779018,6.4206,1.646592,,81,1748131,12693,1,0,0,0,1,0,0
FacingSun,804,5.921095609664917,5.6174,1.562624,,81,1748131,12693,1,0,0,0,1,0,0
FacingSun,805,6.254301406443119,6.6436,1.552384,,81,1748131,12693,1,0,0,0,1,0,0
FacingSun,806,6.0570011846721172,5.6132,1.569792,,81,1748131,12693,1,0,0,0,1,0,0
FacingSun,807,6.2354025430977345,6.4862,1.6384,,81,1748131,12693,1,0,0,0,1,0,0
FacingSun,808,6.0789966955780983,6.8077,1.591296,,81,1748131,12693,1,0,0,0,1,0,0
FacingSun,809,6.0591977089643478,5.6825,1.654784,,81,1748131,12781,1,0,0,0,1,0,0
FacingSun,810,6.266503594815731,5.8104,1.589248,,81,1748131,12693,1,0,0,0,1,0,0
FacingSun,811,6.1934026889503,5.9619,1.95072,,81,1748131,12693,1,0,0,0,1,0,0
FacingSun,812,6.1069941148161888,6.1879,1.599488,,81,1748131,12693,1,0,0,0,1,0,0
FacingSun,813,6.1098001897335052,6.4945,1.575936,,81,1748131,12693,1,0,0,0,1,0,0
FacingSun,814,6.2199048697948456,6.0532,1.521664,,81,1748131,12693,1,0,0,0,1,0,0
FacingSun,815,6.0443948023021221,6.0477,1.610752,,81,1748131,12693,1,0,0,0,1,0,0
FacingSun,816,6.3056051731109619,6.3727,1.550336,,81,1748131,12693,1,0,0,0,1,0,0
FacingSun,817,6.0743978247046471,6.1726,1.516544,,81,1748131,12693,1,0,0,0,1,0,0
FacingSun,818,6.0113025829195976,5.8987,1.563648,,81,1748131,12693,1,0,0,0,1,0,0
FacingSun,819,6.2942956574261189,5.8913,1.584128,,81,1748131,12693,1,0,0,0,1,0,0
FacingSun,820,6.0821003280580044,7.0548,1.524736,,81,1748131,12693,1,0,0,0,1,0,0
FacingSun,821,6.2459041364490986,5.2205,1.593344,,81,1748131,12693,1,0,0,0,1,0,0
FacingSun,822,6.1473995447158813,6.0617,1.624064,,81,1748131,12693,1,0,0,0,1,0,0
FacingSun,823,6.1684949323534966,6.2939,1.481728,,81,1748131,12693,1,0,0,0,1,0,0
FacingSun,824,6.2571996822953224,5.9037,1.588224,,81,1748131,12693,1,0,0,0,1,0,0
FacingSun,825,5.9158019721508026,6.7429,1.564672,,81,1748131,12693,1,0,0,0,1,0,0
FacingSun,826,6.1761974357068539,5.8684,1.50016,,81,1748131,12693,1,0,0,0,1,0,0
FacingSun,827,6.1892997473478317,6.0095,1.635328,,81,1748131,12693,1,0,0,0,1,0,0
FacingSun,828,6.1135063879191875,6.3216,1.548288,,81,1748131,12693,1,0,0,0,1,0,0
FacingSun,829,6.13169651478529,6.1378,1.526784,,81,1748131,12693,1,0,0,0,1,0,0
FacingSun,830,6.1727040447294712,5.9367,1.580032,,81,1748131,12693,1,0,0,0,1,0,0
FacingSun,831,6.1865998432040215,6.5368,1.599488,,81,1748131,12745,1,0,0,0,1,0,0
FacingSun,832,6.1922972090542316,6.0298,1.539072,,81,1748131,12693,1,0,0,0,1,0,0
FacingSun,833,6.2030968256294727,5.8126,1.655808,,81,1748131,12693,1,0,0,0,1,0,0
FacingSun,834,6.0494048520922661,6.7091,1.574912,,81,1748131,12781,1,0,0,0,1,0,0
FacingSun,835,6.2892008572816849,6.1048,1.53088,,81,1748131,12693,1,0,0,0,1,0,0
FacingSun,836,6.1514950357377529,6.0472,1.59232,,81,1748131,12693,1,0,0,0,1,0,0
FacingSun,837,6.0813990421593189,6.8636,1.595392,,81,1748131,12693,1,0,0,0,1,0,0
FacingSun,838,6.0517005622386932,5.7882,1.557504,,81,1748131,12693,1,0,0,0,1,0,0
FacingSun,839,6.1128046363592148,6.2351,1.626112,,81,1748131,12693,1,0,0,0,1,0,0
FacingSun,840,6.4820009283721447,6.6762,1.579008,,81,1748131,12693,1,0,0,0,1,0,0
FacingSun,841,5.8691962622106075,5.1614,1.524736,,81,1748131,12693,1,0,0,0,1,0,0
FacingSun,842,6.1433035880327225,5.8303,1.598464,,81,1748131,12693,1,0,0,0,1,0,0
FacingSun,843,6.2841977924108505,6.3829,1.620992,,81,1748131,12693,1,0,0,0,1,0,0
FacingSun,844,6.2913973815739155,5.6961,1.586176,,81,1748131,12693,1,0,0,0,1,0,0
FacingSun,845,6.01780042052269,6.8971,1.62816,,81,1748131,12693,1,0,0,0,1,0,0
FacingSun,846,6.0821995139122009,5.7,1.54624,,81,1748131,12693,1,0,0,0,1,0,0
FacingSun,847,6.3215987756848335,6.023,1.534976,,81,1748131,12693,1,0,0,0,1,0,0
FacingSun,848,6.0011055320501328,6.6323,1.570816,,81,1748131,12693,1,0,0,0,1,0,0
FacingSun,849,6.0732001438736916,5.4903,1.593344,,81,1748131,12693,1,0,0,0,1,0,0
FacingSun,850,6.3262968324124813,7.0675,1.600512,,81,1748131,12693,1,0,0,0,1,0,0
FacingSun,851,6.1853034421801567,5.3668,1.596416,,81,1748131,12693,1,0,0,0,1,0,0
FacingSun,852,6.2423963099718094,6.7663,1.55648,,81,1748131,12693,1,0,0,0,1,0,0
FacingSun,853,5.9000002220273018,6.386,1.544192,,81,1748131,12693,1,0,0,0,1,0,0
FacingSun,854,6.3192034140229225,5.2242,1.572864,,81,1748131,12693,1,0,0,0,1,0,0
FacingSun,855,5.990298930555582,7.747,1.583104,,81,1748131,12693,1,0,0,0,1,0,0
FacingSun,856,6.2934947200119495,4.7451,1.99168,,81,1748131,12693,1,0,0,0,1,0,0
FacingSun,857,6.0422052629292011,6.1076,1.62304,,81,1748131,12693,1,0,0,0,1,0,0
FacingSun,858,6.2072989530861378,6.6166,1.512448,,81,1748131,12693,1,0,0,0,1,0,0
FacingSun,859,6.254301406443119,5.4741,1.526784,,81,1748131,12781,1,0,0,0,1,0,0
FacingSun,860,6.0177012346684933,7.3056,1.573888,,81,1748131,12693,1,0,0,0,1,0,0
FacingSun,861,6.1839004047214985,5.206,1.78688,,81,1748131,12693,1,0,0,0,1,0,0
FacingSun,862,6.164193619042635,6.8267,1.53088,,81,1748131,12693,1,0,0,0,1,0,0
FacingSun,863,6.2039042823016644,5.4398,1.586176,,81,1748131,12693,1,0,0,0,1,0,0
FacingSun,864,6.1208968982100487,6.9256,1.574912,,81,1748131,12745,1,0,0,0,1,0,0
FacingSun,865,6.208403967320919,5.5655,1.507328,,81,1748131,12693,1,0,0,0,1,0,0
FacingSun,866,6.1272960156202316,6.7905,1.5616,,81,1748131,12693,1,0,0,0,1,0,0
FacingSun,867,6.4034014940261841,5.4037,1.584128,,81,1748131,12693,1,0,0,0,1,0,0
FacingSun,868,5.9080002829432487,6.685,1.534976,,81,1748131,12693,1,0,0,0,1,0,0
FacingSun,869,6.261500995606184,5.9541,1.58208,,81,1748131,12693,1,0,0,0,1,0,0
FacingSun,870,6.0766013339161873,6.5196,1.686528,,81,1748131,12693,1,0,0,0,1,0,0
FacingSun,871,6.2228953465819359,6.1195,1.503232,,81,1748131,12693,1,0,0,0,1,0,0
FacingSun,872,6.1693028546869755,6.0454,1.5872,,81,1748131,12693,1,0,0,0,1,0,0
FacingSun,873,6.1993976123631,6.1671,1.558528,,81,1748131,12693,1,0,0,0,1,0,0
FacingSun,874,6.1433035880327225,5.8021,1.584128,,81,1748131,12693,1,0,0,0,1,0,0
FacingSun,875,6.2762969173491,6.6986,1.6384,,81,1748131,12693,1,0,0,0,1,0,0
FacingSun,876,6.0750991106033325,5.8741,1.553408,,81,1748131,12693,1,0,0,0,1,0,0
FacingSun,877,6.1031035147607327,5.8839,1.480704,,81,1748131,12693,1,0,0,0,1,0,0
FacingSun,878,6.5415957942605019,8.2484,1.620992,,81,1748131,12693,1,0,0,0,1,0,0
FacingSun,879,6.1191041022539139,4.6431,1.590272,,81,1748131,12693,1,0,0,0,1,0,0
FacingSun,880,6.1432966031134129,6.1285,1.593344,,81,1748131,12693,1,0,0,0,1,0,0
FacingSun,881,6.1133997514843941,6.4134,1.707008,,81,1748131,12693,1,0,0,0,1,0,0
FacingSun,882,5.9923045337200165,5.3918,1.524736,,81,1748131,12693,1,0,0,0,1,0,0
FacingSun,883,6.2017999589443207,6.2991,1.615872,,81,1748131,12693,1,0,0,0,1,0,0
FacingSun,884,6.098894402384758,6.4705,1.588224,,81,1748131,12781,1,0,0,0,1,0,0
FacingSun,885,6.3642007298767567,5.5282,1.57184,,81,1748131,12693,1,0,0,0,1,0,0
FacingSun,886,6.1254040338099,6.4208,1.627136,,81,1748131,12693,1,0,0,0,1,0,0
FacingSun,887,6.0026007704436779,6.2226,1.584128,,81,1748131,12693,1,0,0,0,1,0,0
FacingSun,888,6.2617985531687737,6.9253,1.522688,,81,1748131,12693,1,0,0,0,1,0,0
FacingSun,889,6.1754961498081684,5.5824,1.615872,,81,1748131,12693,1,0,0,0,1,0,0
FacingSun,890,6.1647039838135242,6.5388,1.637376,,81,1748131,12693,1,0,0,0,1,0,0
FacingSun,891,6.1494968831539154,5.5968,1.52064,,81,1748131,12693,1,0,0,0,1,0,0
FacingSun,892,6.1564058996737,6.845,1.997824,,81,1748131,12693,1,0,0,0,1,0,0
FacingSun,893,6.04929868131876,5.8062,1.586176,,81,1748131,12693,1,0,0,0,1,0,0
FacingSun,894,6.1918012797832489,5.7281,1.527808,,81,1748131,12693,1,0,0,0,1,0,0
FacingSun,895,6.3309948891401291,6.0081,1.61792,,81,1748131,12693,1,0,0,0,1,0,0
FacingSun,896,5.8626984246075153,6.701,1.64352,,81,1748131,12693,1,0,0,0,1,0,0
FacingSun,897,6.0664042830467224,5.4937,1.5872,,81,1748131,12745,1,0,0,0,1,0,0
FacingSun,898,6.1905966140329838,6.7732,1.564672,,81,1748131,12693,1,0,0,0,1,0,0
FacingSun,899,6.2897037714719772,5.9342,1.601536,,81,1748131,12693,1,0,0,0,1,0,0
FacingSun,900,6.1191963031888008,5.9696,1.554432,,81,1748131,12693,1,0,0,0,1,0,0
FacingSun,901,6.1379037797451019,6.5301,1.616896,,81,1748131,12693,1,0,0,0,1,0,0
FacingSun,902,6.0975980013608932,5.2158,1.603584,,81,1748131,12693,1,0,0,0,1,0,0
FacingSun,903,6.2803006730973721,7.5247,1.557504,,81,1748131,12693,1,0,0,0,1,0,0
FacingSun,904,6.11729733645916,5.4242,1.547264,,81,1748131,12693,1,0,0,0,1,0,0
FacingSun,905,6.1069019138813019,6.1117,1.606656,,81,1748131,12693,1,0,0,0,1,0,0
FacingSun,906,6.2285005114972591,5.8105,1.581056,,81,1748131,12693,1,0,0,0,1,0,0
FacingSun,907,6.2354025430977345,6.5562,1.613824,,81,1748131,12693,1,0,0,0,1,0,0
FacingSun,908,5.9321997687220573,6.5375,1.606656,,81,1748131,12693,1,0,0,0,1,0,0
FacingSun,909,6.12220074981451,6.2157,1.622016,,81,1748131,12781,1,0,0,0,1,0,0
FacingSun,910,6.5037980675697327,5.5984,1.619968,,81,1748131,12693,1,0,0,0,1,0,0
FacingSun,911,5.9446003288030624,6.5737,1.615872,,81,1748131,12693,1,0,0,0,1,0,0
FacingSun,912,6.2782950699329376,5.3669,1.568768,,81,1748131,12693,1,0,0,0,1,0,0
FacingSun,913,5.9522036463022232,6.5284,1.854464,,81,1748131,12693,1,0,0,0,1,0,0
FacingSun,914,6.445698905736208,5.5552,1.575936,,81,1748131,12693,1,0,0,0,1,0,0
FacingSun,915,6.542800460010767,6.6582,1.604608,,81,1748131,12693,1,0,0,0,1,0,0
FacingSun,916,5.66519983112812,7.1675,1.5616,,81,1748131,12693,1,0,0,0,1,0,0
FacingSun,917,6.1870040372014046,4.7919,1.652736,,81,1748131,12693,1,0,0,0,1,0,0
FacingSun,918,6.1235968023538589,7.2175,1.508352,,81,1748131,12693,1,0,0,0,1,0,0
FacingSun,919,6.089597474783659,6.2299,1.604608,,81,1748131,12693,1,0,0,0,1,0,0
FacingSun,920,6.7114015109837055,5.3626,1.58208,,81,1748131,12693,1,0,0,0,1,0,0
FacingSun,921,5.9223002754151821,6.695,1.572864,,81,1748131,12693,1,0,0,0,1,0,0
FacingSun,922,6.1681973747909069,6.0136,1.581056,,81,1748131,12693,1,0,0,0,1,0,0
FacingSun,923,6.0866000130772591,7.2498,1.596416,,81,1748131,12693,1,0,0,0,1,0,0
FacingSun,924,6.2616001814603806,4.575,1.544192,,81,1748131,12693,1,0,0,0,1,0,0
FacingSun,925,6.0862032696604729,7.3514,1.595392,,81,1748131,12693,1,0,0,0,1,0,0
FacingSun,926,6.14260183647275,5.1887,1.609728,,81,1748131,12693,1,0,0,0,1,0,0
FacingSun,927,6.1506945639848709,6.7489,1.585152,,81,1748131,12693,1,0,0,0,1,0,0
FacingSun,928,6.2490999698638916,5.8582,1.5872,,81,1748131,12693,1,0,0,0,1,0,0
FacingSun,929,6.1958050355315208,5.9384,1.6128,,81,1748131,12693,1,0,0,0,1,0,0
FacingSun,930,6.0386974364519119,6.5344,1.559552,,81,1748131,12745,1,0,0,0,1,0,0
FacingSun,931,6.1321002431213856,6.7877,1.645568,,81,1748131,12693,1,0,0,0,1,0,0
FacingSun,932,6.26410124823451,4.7479,1.642496,,81,1748131,12693,1,0,0,0,1,0,0
FacingSun,933,6.0384990647435188,7.5281,1.577984,,81,1748131,12693,1,0,0,0,1,0,0
FacingSun,934,6.430002860724926,4.7149,1.616896,,81,1748131,12781,1,0,0,0,1,0,0
FacingSun,935,5.8227963745594025,6.7341,1.650688,,81,1748131,12693,1,0,0,0,1,0,0
FacingSun,936,6.23610382899642,5.7924,1.575936,,81,1748131,12693,1,0,0,0,1,0,0
FacingSun,937,6.17109565064311,6.4442,1.64352,,81,1748131,12693,1,0,0,0,1,0,0
FacingSun,938,6.0778982006013393,5.5601,1.661952,,81,1748131,12693,1,0,0,0,1,0,0
FacingSun,939,6.4042019657790661,6.8535,1.608704,,81,1748131,12693,1,0,0,0,1,0,0
FacingSun,940,5.9052011929452419,5.9734,1.6384,,81,1748131,12693,1,0,0,0,1,0,0
FacingSun,941,6.0529974289238453,6.0112,1.636352,,81,1748131,12693,1,0,0,0,1,0,0
FacingSun,942,6.2821004539728165,6.0002,1.590272,,81,1748131,12693,1,0,0,0,1,0,0
FacingSun,943,6.1910999938845634,7.4747,1.569792,,81,1748131,12693,1,0,0,0,1,0,0
FacingSun,944,6.0756024904549122,5.7749,1.580032,,81,1748131,12693,1,0,0,0,1,0,0
FacingSun,945,6.3188988715410233,5.7121,1.588224,,81,1748131,12693,1,0,0,0,1,0,0
FacingSun,946,6.0448981821537018,6.6262,1.8176,,81,1748131,12693,1,0,0,0,1,0,0
FacingSun,947,6.1263036914169788,5.3859,1.555456,,81,1748131,12693,1,0,0,0,1,0,0
FacingSun,948,6.19119917973876,6.459,1.57696,,81,1748131,12693,1,0,0,0,1,0,0
FacingSun,949,6.2410007230937481,6.1143,1.603584,,81,1748131,12693,1,0,0,0,1,0,0
FacingSun,950,6.07679970562458,6.3891,1.569792,,81,1748131,12693,1,0,0,0,1,0,0
FacingSun,951,6.12519821152091,5.8905,1.570816,,81,1748131,12693,1,0,0,0,1,0,0
FacingSun,952,6.3242986798286438,5.5279,1.604608,,81,1748131,12693,1,0,0,0,1,0,0
FacingSun,953,6.1823059804737568,6.4985,1.708032,,81,1748131,12693,1,0,0,0,1,0,0
FacingSun,954,5.9469956904649734,6.9854,1.598464,,81,1748131,12693,1,0,0,0,1,0,0
FacingSun,955,6.1193029396235943,5.7108,1.59232,,81,1748131,12693,1,0,0,0,1,0,0
FacingSun,956,6.205300334841013,6.6637,1.6128,,81,1748131,12693,1,0,0,0,1,0,0
FacingSun,957,6.1655966565012932,5.1044,2.041856,,81,1748131,12693,1,0,0,0,1,0,0
FacingSun,958,6.2782028689980507,6.1402,1.660928,,81,1748131,12693,1,0,0,0,1,0,0
FacingSun,959,6.261295173317194,6.6698,1.584128,,81,1748131,12781,1,0,0,0,1,0,0
FacingSun,960,5.9461025521159172,6.0538,1.591296,,81,1748131,12693,1,0,0,0,1,0,0
FacingSun,961,6.1925030313432217,6.5154,1.601536,,81,1748131,12693,1,0,0,0,1,0,0
FacingSun,962,6.0348003171384335,5.9249,1.583104,,81,1748131,12693,1,0,0,0,1,0,0
FacingSun,963,6.27850042656064,5.2151,1.611776,,81,1748131,12745,1,0,0,0,1,0,0
FacingSun,964,6.0196002013981342,6.1983,1.605632,,81,1748131,12693,1,0,0,0,1,0,0
FacingSun,965,6.1464002355933189,6.471,1.609728,,81,1748131,12693,1,0,0,0,1,0,0
FacingSun,966,6.1098993755877018,6.3825,1.59232,,81,1748131,12693,1,0,0,0,1,0,0
FacingSun,967,6.2614935450255871,5.5757,1.65888,,81,1748131,12693,1,0,0,0,1,0,0
FacingSun,968,6.0362033545970917,6.1362,1.609728,,81,1748131,12693,1,0,0,0,1,0,0
FacingSun,969,6.2347007915377617,6.436,1.594368,,81,1748131,12693,1,0,0,0,1,0,0
FacingSun,970,6.1806971207261086,6.9009,1.616896,,81,1748131,12693,1,0,0,0,1,0,0
FacingSun,971,6.1775012873113155,6.0234,1.6128,,81,1748131,12693,1,0,0,0,1,0,0
FacingSun,972,6.0893991030752659,5.889,1.563648,,81,1748131,12693,1,0,0,0,1,0,0
FacingSun,973,6.1872024089097977,6.0875,1.665024,,81,1748131,12693,1,0,0,0,1,0,0
FacingSun,974,6.0571003705263138,6.0117,1.596416,,81,1748131,12693,1,0,0,0,1,0,0
