wall,simulation,phase,intensity,voiceCount,worldSources,outputPeak,destroyed,pending,shot
3.784,0.000,Startup,0.0000,0,0,0.00000,0,0,Chase
5.001,0.000,Narrative pause and skip,0.0000,1,0,0.09220,0,0,Chase
5.113,0.000,Narrative pause and skip,0.0000,1,0,0.00024,0,0,Chase
5.215,0.000,Narrative pause and skip,0.0000,1,0,0.02280,0,0,Chase
5.322,0.000,Narrative pause and skip,0.0000,1,0,0.00091,0,0,Chase
5.427,0.000,Narrative pause and skip,0.0000,1,0,0.00003,0,0,Chase
5.532,0.000,Narrative pause and skip,0.0000,1,0,0.11871,0,0,Chase
5.633,0.000,Narrative pause and skip,0.0000,1,0,0.03002,0,0,Chase
5.734,0.000,Narrative pause and skip,0.0000,1,0,0.11147,0,0,Chase
5.839,0.000,Narrative pause and skip,0.0000,1,0,0.09120,0,0,Chase
5.948,0.000,Narrative pause and skip,0.0000,1,0,0.01526,0,0,Chase
6.058,0.000,Narrative pause and skip,0.0000,1,0,0.13301,0,0,Chase
6.166,0.000,Narrative pause and skip,0.0000,1,0,0.11241,0,0,Chase
6.273,0.000,Narrative pause and skip,0.0000,0,0,0.00000,0,0,Chase
6.378,0.000,Narrative pause and skip,0.0000,0,0,0.00000,0,0,Chase
6.483,0.000,Narrative pause and skip,0.0000,0,0,0.00000,0,0,Chase
7.035,0.340,Normal input slower flight,0.0000,0,0,0.00000,0,0,Chase
7.152,0.500,Normal input slower flight,0.0000,0,0,0.00173,0,0,Chase
7.258,0.540,Normal input slower flight,0.0025,1,4,0.00172,0,0,Chase
7.363,0.720,Normal input slower flight,0.0485,1,4,0.08457,0,0,Chase
7.463,0.820,Normal input slower flight,0.0667,1,3,0.00963,0,0,Chase
7.565,0.920,Normal input slower flight,0.0809,1,0,0.00198,0,0,Chase
7.670,1.020,Normal input slower flight,0.0929,1,0,0.00141,0,0,Chase
7.776,1.120,Normal input slower flight,0.1252,1,4,0.04486,0,0,Chase
7.876,1.220,Normal input slower flight,0.1673,1,6,0.15460,0,0,Chase
7.979,1.340,Normal input slower flight,0.2137,1,6,0.02037,0,0,Chase
8.083,1.440,Normal input slower flight,0.2521,1,3,0.05463,0,0,Chase
8.189,1.540,Normal input slower flight,0.2824,1,0,0.00490,0,0,Chase
8.289,1.640,Normal input slower flight,0.3177,1,3,0.09791,0,0,Chase
8.392,1.740,Normal input slower flight,0.3526,1,3,0.07812,0,0,Chase
8.501,1.860,Normal input slower flight,0.3749,1,3,0.02450,0,0,Chase
8.606,1.960,Normal input slower flight,0.3999,1,2,0.03423,0,0,Chase
8.709,2.060,Normal input slower flight,0.4200,1,2,0.00597,0,0,Chase
8.812,2.160,Normal input slower flight,0.4553,1,5,0.10021,0,0,Chase
8.912,2.260,Normal input slower flight,0.4887,1,4,0.10834,0,0,Chase
9.013,2.360,Normal input slower flight,0.5081,1,3,0.05115,0,0,Chase
9.122,2.480,Normal input slower flight,0.5426,1,3,0.17250,0,0,Chase
9.226,2.580,Normal input slower flight,0.5648,1,3,0.03390,0,0,Chase
9.331,2.680,Normal input slower flight,0.6105,1,7,0.17032,0,0,Chase
9.435,2.780,Normal input slower flight,0.6516,1,5,0.09227,0,0,Chase
9.536,2.880,Normal input slower flight,0.6770,1,4,0.05295,0,0,Chase
9.641,3.000,Normal input slower flight,0.6981,1,0,0.14889,0,0,Chase
9.745,3.100,Normal input slower flight,0.7045,1,0,0.10022,0,0,Chase
9.846,3.200,Normal input slower flight,0.7232,1,3,0.10421,0,0,Chase
9.948,3.300,Normal input slower flight,0.7392,1,3,0.02050,0,0,Chase
10.055,3.400,Normal input slower flight,0.7455,1,2,0.00289,0,0,Chase
10.163,3.520,Normal input slower flight,0.7493,1,0,0.01734,0,0,Chase
10.268,3.620,Normal input slower flight,0.7467,1,0,0.01385,0,0,Chase
10.370,3.720,Normal input slower flight,0.7560,0,3,0.10416,0,0,Chase
10.475,3.820,Normal input slower flight,0.7584,0,3,0.01467,0,0,Chase
10.576,3.920,Normal input slower flight,0.7578,0,2,0.00360,0,0,Chase
10.676,4.020,Normal input slower flight,0.7561,0,0,0.00170,0,0,Chase
10.786,4.140,Normal input slower flight,0.7516,0,0,0.00169,0,0,Chase
10.888,4.240,Normal input slower flight,0.7629,0,4,0.11535,0,0,Chase
10.993,4.340,Normal input slower flight,0.7657,0,4,0.02374,0,0,Chase
11.096,4.440,Normal input slower flight,0.7673,0,3,0.00522,0,0,Chase
11.206,4.560,Normal input slower flight,0.7674,0,2,0.12910,0,0,Chase
11.311,4.660,Normal input slower flight,0.7771,0,3,0.04930,0,0,Chase
11.413,4.760,Normal input slower flight,0.7838,0,2,0.01059,0,0,Chase
11.520,4.880,Normal input slower flight,0.7819,0,1,0.00308,0,0,Chase
11.623,4.980,Normal input slower flight,0.7802,0,0,0.00169,0,0,Chase
11.727,5.080,Normal input slower flight,0.7753,0,0,0.00168,0,0,Chase
11.829,5.180,Normal input slower flight,0.7701,0,0,0.00171,0,0,Chase
11.930,5.280,Normal input slower flight,0.7712,0,3,0.11473,0,0,Chase
12.032,5.380,Normal input slower flight,0.7691,0,3,0.02262,0,0,Chase
12.132,5.480,Normal input slower flight,0.7671,0,2,0.00359,0,0,Chase
12.234,5.580,Normal input slower flight,0.7809,0,4,0.12182,0,1,Chase
12.340,5.700,Normal input slower flight,0.8000,0,4,0.02838,0,1,Chase
12.443,5.800,Normal input slower flight,0.8253,0,7,0.13044,0,1,Chase
12.546,5.900,Normal input slower flight,0.8489,0,5,0.03633,0,1,Chase
12.651,6.000,Normal input slower flight,0.8678,0,4,0.00548,0,1,Chase
12.761,6.120,Normal input slower flight,0.8691,0,1,0.00180,0,1,Chase
12.863,6.220,Normal input slower flight,0.8701,0,1,0.00170,0,1,Chase
12.968,6.320,Normal input slower flight,0.8691,0,3,0.05622,0,1,Chase
13.069,6.420,Normal input slower flight,0.8765,0,4,0.03536,0,1,Chase
13.175,6.520,Normal input slower flight,0.8810,0,3,0.00589,0,1,Chase
13.282,6.640,Normal input slower flight,0.8790,0,1,0.00263,0,1,Chase
13.385,6.740,Normal input slower flight,0.8771,0,0,0.00170,0,1,Chase
13.486,6.840,Normal input slower flight,0.8903,0,5,0.14686,0,1,Chase
13.590,6.940,Normal input slower flight,0.9097,0,5,0.02882,0,1,Chase
13.693,7.040,Normal input slower flight,0.9205,0,4,0.00545,0,1,Chase
13.796,7.140,Normal input slower flight,0.9254,0,0,0.00172,0,1,Chase
13.902,7.260,Normal input slower flight,0.9293,0,0,0.00168,0,1,Chase
14.007,7.360,Normal input slower flight,0.9371,0,4,0.12333,0,1,Chase
14.113,7.460,Normal input slower flight,0.9481,0,4,0.02428,0,1,Chase
14.216,7.560,Normal input slower flight,0.9569,0,4,0.06679,0,2,Chase
14.321,7.680,Normal input slower flight,0.9643,0,1,0.01826,0,2,Chase
14.427,7.780,Normal input slower flight,0.9707,0,1,0.00635,0,2,Chase
14.528,7.880,Normal input slower flight,0.9756,0,2,0.07305,0,2,Chase
14.633,7.980,Normal input slower flight,0.9799,0,3,0.07752,0,2,Chase
14.744,8.100,Normal input slower flight,0.9834,0,2,0.01456,0,2,Chase
14.845,8.200,Normal input slower flight,0.9862,0,1,0.00178,0,2,Chase
14.948,8.300,Normal input slower flight,0.9886,0,1,0.00171,0,2,Chase
15.051,8.400,Normal input slower flight,0.9906,0,1,0.00170,0,2,Chase
15.155,8.500,Normal input slower flight,0.9916,0,1,0.00171,0,2,Chase
15.256,8.600,Normal input slower flight,0.9893,1,0,0.02259,0,2,Chase
15.362,8.720,Normal input slower flight,0.9871,1,0,0.02203,0,2,Chase
15.466,8.820,Normal input slower flight,0.9831,1,3,0.00166,0,2,Chase
15.568,8.920,Normal input slower flight,0.9848,1,3,0.02914,0,2,Chase
15.671,9.020,Normal input slower flight,0.9858,1,3,0.00565,0,2,Chase
15.775,9.120,Normal input slower flight,0.9810,1,2,0.04571,0,2,Chase
15.884,9.240,Normal input slower flight,0.9773,1,2,0.05124,0,2,Chase
15.988,9.340,Normal input slower flight,0.9737,1,4,0.11025,0,2,Chase
16.091,9.440,Normal input slower flight,0.9730,1,4,0.01195,0,2,Chase
16.191,9.540,Normal input slower flight,0.9707,1,3,0.04753,0,2,Chase
16.301,9.660,Normal input slower flight,0.9663,1,0,0.00831,0,2,Chase
16.405,9.760,Normal input slower flight,0.9646,1,0,0.03242,0,2,Chase
16.509,9.860,Normal input slower flight,0.9597,1,2,0.06345,0,2,Chase
16.614,9.960,Normal input slower flight,0.9567,1,2,0.03562,0,2,Chase
16.716,10.060,Normal input slower flight,0.9576,0,2,0.06408,1,1,Chase
16.823,10.180,Normal input slower flight,0.9552,0,1,0.03901,1,1,Chase
16.930,10.280,Normal input slower flight,0.9517,0,1,0.03394,1,1,Chase
17.040,10.400,Normal input slower flight,0.9464,0,1,0.02661,1,1,Chase
17.141,10.500,Normal input slower flight,0.9421,0,1,0.02650,1,1,Chase
17.242,10.600,Normal input slower flight,0.9335,0,1,0.01773,1,1,Chase
17.345,10.700,Normal input slower flight,0.9249,0,1,0.01088,1,1,Chase
17.448,10.800,Normal input slower flight,0.9144,1,1,0.02534,1,1,Chase
17.553,10.900,Normal input slower flight,0.9086,1,4,0.03668,1,1,Chase
17.662,11.020,Normal input slower flight,0.9027,1,4,0.00766,1,1,Chase
17.766,11.120,Normal input slower flight,0.8934,1,3,0.01710,1,1,Chase
17.871,11.220,Normal input slower flight,0.8843,1,1,0.02286,1,1,Chase
17.976,11.320,Normal input slower flight,0.8730,1,1,0.05787,1,1,Chase
18.084,11.440,Normal input slower flight,0.8615,1,1,0.06618,1,1,Chase
18.187,11.540,Normal input slower flight,0.8490,1,1,0.06035,1,1,Chase
18.289,11.640,Normal input slower flight,0.8355,1,1,0.00646,1,1,Chase
18.391,11.740,Normal input slower flight,0.8226,1,1,0.07493,1,1,Chase
18.493,11.840,Normal input slower flight,0.8077,1,1,0.00222,1,1,Chase
18.601,11.960,Normal input slower flight,0.7930,1,1,0.02335,1,1,Chase
18.706,12.060,Normal input slower flight,0.7772,1,1,0.01241,1,1,Chase
18.811,12.160,Normal input slower flight,0.7603,1,1,0.04910,1,1,Chase
18.912,12.260,Normal input slower flight,0.7451,1,1,0.00211,1,1,Chase
19.013,12.360,Normal input slower flight,0.7345,0,3,0.12164,2,0,Chase
19.116,12.460,Normal input slower flight,0.7281,0,3,0.06027,2,0,Chase
19.223,12.580,Normal input slower flight,0.7195,0,3,0.04484,2,0,Chase
19.326,12.680,Normal input slower flight,0.7104,0,1,0.03850,2,0,Chase
19.427,12.780,Normal input slower flight,0.7009,0,1,0.03205,2,0,Chase
19.529,12.880,Normal input slower flight,0.6924,0,3,0.10979,2,0,Chase
19.630,12.980,Normal input slower flight,0.6853,0,3,0.02648,2,0,Chase
19.734,13.080,Normal input slower flight,0.6754,0,2,0.01455,2,0,Chase
19.839,13.200,Normal input slower flight,0.6659,1,1,0.02423,2,0,Chase
19.942,13.300,Normal input slower flight,0.6557,1,1,0.00887,2,0,Chase
20.046,13.400,Normal input slower flight,0.6441,1,1,0.00362,2,0,Chase
20.151,13.500,Normal input slower flight,0.6324,1,1,0.00449,2,0,Chase
20.256,13.600,Normal input slower flight,0.6192,1,1,0.18479,2,0,Chase
20.356,13.700,Normal input slower flight,0.6072,1,1,0.09052,2,0,Chase
20.464,13.820,Normal input slower flight,0.5941,1,3,0.00438,2,0,Chase
20.567,13.920,Normal input slower flight,0.5840,1,3,0.07834,2,0,Chase
20.669,14.020,Normal input slower flight,0.5742,1,3,0.07080,2,0,Chase
20.776,14.120,Normal input slower flight,0.5629,1,1,0.00405,2,0,Chase
20.885,14.240,Normal input slower flight,0.5524,1,1,0.06570,2,0,Chase
20.990,14.340,Normal input slower flight,0.5412,1,3,0.10323,2,0,Chase
21.096,14.440,Normal input slower flight,0.5327,1,3,0.07654,2,0,Chase
21.202,14.560,Normal input slower flight,0.5238,1,2,0.01084,2,0,Chase
21.307,14.660,Normal input slower flight,0.5142,1,1,0.00173,2,0,Chase
21.410,14.760,Normal input slower flight,0.5051,1,1,0.00196,2,0,Chase
21.514,14.860,Normal input slower flight,0.4961,1,3,0.04125,2,0,Chase
21.614,14.960,Normal input slower flight,0.4891,1,3,0.09005,2,0,Chase
21.715,15.060,Normal input slower flight,0.4813,1,1,0.00382,2,0,Chase
21.823,15.180,Normal input slower flight,0.4728,1,0,0.11263,2,0,Chase
21.924,15.280,Normal input slower flight,0.4646,1,0,0.04745,2,0,Chase
22.028,15.380,Normal input slower flight,0.4546,1,0,0.07714,2,0,Chase
22.131,15.480,Normal input slower flight,0.4449,1,0,0.09719,2,0,Chase
22.240,15.600,Normal input slower flight,0.4343,1,0,0.00340,2,0,Chase
22.341,15.700,Normal input slower flight,0.4246,1,0,0.01425,2,0,Chase
22.441,15.800,Normal input slower flight,0.4148,1,0,0.09417,2,0,Chase
22.545,15.900,Normal input slower flight,0.4070,1,2,0.13963,2,0,Chase
22.648,16.000,Normal input slower flight,0.3999,1,2,0.01735,2,0,Chase
22.754,16.100,Normal input slower flight,0.3918,1,1,0.10106,2,0,Chase
22.855,16.200,Normal input slower flight,0.3843,1,0,0.02334,2,0,Chase
22.956,16.300,Normal input slower flight,0.3765,1,0,0.01551,2,0,Chase
23.062,16.420,Normal input slower flight,0.3715,1,2,0.04258,2,0,Chase
23.168,16.520,Normal input slower flight,0.3661,1,2,0.00422,2,0,Chase
23.269,16.620,Normal input slower flight,0.3602,1,1,0.00204,2,0,Chase
23.370,16.720,Normal input slower flight,0.3547,1,0,0.00177,2,0,Chase
23.475,16.820,Normal input slower flight,0.3480,1,0,0.00227,2,0,Chase
23.581,16.940,Normal input slower flight,0.3414,1,0,0.00166,2,0,Chase
23.685,17.040,Normal input slower flight,0.3346,1,0,0.00219,2,0,Chase
23.785,17.140,Normal input slower flight,0.3275,1,0,0.05387,2,0,Chase
23.888,17.240,Normal input slower flight,0.3206,1,0,0.04749,2,0,Chase
23.991,17.340,Normal input slower flight,0.3130,1,0,0.01755,2,0,Chase
24.095,17.440,Normal input slower flight,0.3056,1,0,0.00202,2,0,Chase
24.201,17.560,Normal input slower flight,0.2982,1,0,0.03597,2,0,Chase
24.304,17.660,Normal input slower flight,0.2906,1,0,0.00552,2,0,Chase
24.409,17.760,Normal input slower flight,0.2829,1,0,0.00776,2,0,Chase
24.516,17.860,Normal input slower flight,0.2785,1,3,0.06932,2,0,Chase
24.622,17.980,Normal input slower flight,0.2769,1,3,0.01436,2,0,Chase
24.723,18.080,Normal input slower flight,0.2745,1,2,0.05603,2,0,Chase
24.824,18.180,Normal input slower flight,0.2719,1,0,0.00814,2,0,Chase
24.927,18.280,Normal input slower flight,0.2690,1,0,0.00887,2,0,Chase
25.031,18.380,Normal input slower flight,0.2654,1,0,0.00227,2,0,Chase
25.135,18.480,Normal input slower flight,0.2620,1,0,0.00226,2,0,Chase
25.236,18.580,Normal input slower flight,0.2579,1,0,0.00176,2,0,Chase
25.342,18.700,Normal input slower flight,0.2539,1,0,0.00229,2,0,Chase
25.449,18.800,Normal input slower flight,0.2493,1,0,0.01396,2,0,Chase
25.552,18.900,Normal input slower flight,0.2474,1,2,0.03027,2,0,Chase
25.655,19.000,Normal input slower flight,0.2457,0,2,0.00502,2,0,Chase
25.760,19.120,Normal input slower flight,0.2432,0,1,0.00199,2,0,Chase
25.863,19.220,Normal input slower flight,0.2407,0,0,0.00168,2,0,Chase
25.963,19.320,Normal input slower flight,0.2379,0,0,0.00163,2,0,Chase
26.067,19.420,Normal input slower flight,0.2347,0,0,0.00167,2,0,Chase
26.171,19.520,Normal input slower flight,0.2314,0,0,0.00167,2,0,Chase
26.273,19.620,Normal input slower flight,0.2277,0,0,0.00167,2,0,Chase
26.376,19.720,Normal input slower flight,0.2242,0,0,0.00168,2,0,Chase
26.484,19.840,Normal input slower flight,0.2201,0,0,0.00170,2,0,Chase
26.586,19.940,Normal input slower flight,0.2162,0,0,0.00170,2,0,Chase
26.687,20.040,Normal input slower flight,0.2121,0,0,0.00168,2,0,Chase
26.790,20.140,Normal input slower flight,0.2079,0,0,0.00169,2,0,Chase
26.892,20.240,Normal input slower flight,0.2039,0,0,0.00171,2,0,Chase
26.992,20.340,Normal input slower flight,0.1991,0,0,0.00172,2,0,Chase
27.096,20.440,Normal input slower flight,0.1944,0,0,0.00173,2,0,Chase
27.202,20.560,Normal input slower flight,0.1897,0,0,0.00170,2,0,Chase
27.303,20.660,Normal input slower flight,0.1850,0,0,0.00168,2,0,Chase
27.405,20.760,Normal input slower flight,0.1806,0,0,0.00167,2,0,Chase
27.508,20.860,Normal input slower flight,0.1755,0,0,0.00166,2,0,Chase
27.609,20.960,Normal input slower flight,0.1710,0,0,0.00167,2,0,Chase
27.711,21.060,Normal input slower flight,0.1664,0,0,0.00168,2,0,Chase
27.817,21.160,Normal input slower flight,0.1617,0,0,0.00166,2,0,Chase
27.925,21.280,Normal input slower flight,0.1571,0,0,0.00168,2,0,Chase
28.026,21.380,Normal input slower flight,0.1528,0,0,0.00168,2,0,Chase
28.133,21.480,Normal input slower flight,0.1482,0,0,0.00169,2,0,Chase
28.242,21.600,Normal input slower flight,0.1437,0,0,0.00169,2,0,Chase
28.352,21.700,Normal input slower flight,0.1393,0,0,0.00168,2,0,Chase
28.456,21.800,Normal input slower flight,0.1350,0,0,0.00171,2,0,Chase
28.561,21.920,Normal input slower flight,0.1309,0,0,0.00171,2,0,Chase
28.668,22.020,Normal input slower flight,0.1266,0,0,0.00173,2,0,Chase
28.769,22.120,Normal input slower flight,0.1227,0,0,0.00173,2,0,Chase
28.873,22.220,Normal input slower flight,0.1189,0,0,0.00168,2,0,Chase
28.973,22.320,Normal input slower flight,0.1151,0,0,0.00168,2,0,Chase
29.074,22.420,Normal input slower flight,0.1114,0,0,0.00166,2,0,Chase
29.175,22.520,Normal input slower flight,0.1078,0,0,0.00168,2,0,Chase
29.282,22.640,Normal input slower flight,0.1042,0,0,0.00167,2,0,Chase
29.382,22.740,Normal input slower flight,0.1008,0,0,0.00167,2,0,Chase
29.485,22.840,Normal input slower flight,0.0973,0,0,0.00169,2,0,Chase
29.590,22.940,Normal input slower flight,0.0938,0,0,0.00166,2,0,Chase
29.693,23.040,Normal input slower flight,0.0905,0,0,0.00168,2,0,Chase
29.806,23.160,Normal input slower flight,0.0871,0,0,0.00169,2,0,Chase
29.913,23.260,Normal input slower flight,0.0838,0,0,0.00170,2,0,Chase
30.014,23.360,Normal input slower flight,0.0809,0,0,0.00170,2,0,Chase
30.123,23.480,Normal input slower flight,0.0780,0,0,0.00171,2,0,Chase
30.227,23.580,Normal input slower flight,0.0752,0,0,0.00171,2,0,Chase
30.332,23.680,Normal input slower flight,0.0724,0,0,0.00173,2,0,Chase
30.441,23.800,Normal input slower flight,0.0697,0,0,0.00173,2,0,Chase
30.546,23.900,Normal input slower flight,0.0670,0,0,0.00167,2,0,Chase
30.651,24.000,Normal input slower flight,0.0644,0,0,0.00167,2,0,Chase
30.762,24.120,Normal input slower flight,0.0618,0,0,0.00165,2,0,Chase
30.865,24.220,Normal input slower flight,0.0595,0,0,0.00169,2,0,Chase
30.970,24.320,Normal input slower flight,0.0570,0,0,0.00168,2,0,Chase
31.072,24.420,Normal input slower flight,0.0547,0,0,0.00167,2,0,Chase
31.182,24.540,Normal input slower flight,0.0525,0,0,0.00168,2,0,Chase
31.290,24.640,Normal input slower flight,0.0502,0,0,0.00169,2,0,Chase
31.394,24.740,Normal input slower flight,0.0482,0,0,0.00170,2,0,Chase
31.502,24.860,Normal input slower flight,0.0462,0,0,0.00168,2,0,Chase
31.604,24.960,Normal input slower flight,0.0444,0,0,0.00170,2,0,Chase
31.706,25.060,Normal input slower flight,0.0426,0,0,0.00173,2,0,Chase
31.809,25.160,Normal input slower flight,0.0408,0,0,0.00170,2,0,Chase
31.916,25.260,Normal input slower flight,0.0391,0,0,0.00171,2,0,Chase
32.020,25.380,Normal input slower flight,0.0376,0,0,0.00173,2,0,Chase
32.125,25.480,Normal input slower flight,0.0361,0,0,0.00172,2,0,Chase
32.233,25.580,Normal input slower flight,0.0345,0,0,0.00169,2,0,Chase
32.333,25.680,Normal input slower flight,0.0332,0,0,0.00168,2,0,Chase
32.435,25.780,Normal input slower flight,0.0318,0,0,0.00165,2,0,Chase
32.541,25.900,Normal input slower flight,0.0302,0,0,0.00169,2,0,Chase
32.645,26.000,Normal input slower flight,0.0287,0,0,0.00166,2,0,Chase
32.747,26.100,Normal input slower flight,0.0273,0,0,0.00167,2,0,Chase
32.850,26.200,Normal input slower flight,0.0259,0,0,0.00168,2,0,Chase
32.956,26.300,Normal input slower flight,0.0246,0,0,0.00169,2,0,Chase
33.057,26.400,Normal input slower flight,0.0235,0,0,0.00170,2,0,Chase
33.157,26.500,Normal input slower flight,0.0224,0,0,0.00170,2,0,Chase
33.260,26.620,Normal input slower flight,0.0213,0,0,0.00170,2,0,Chase
33.361,26.720,Normal input slower flight,0.0203,0,0,0.00173,2,0,Chase
33.463,26.820,Normal input slower flight,0.0192,0,0,0.00170,2,0,Chase
33.569,26.920,Normal input slower flight,0.0181,0,0,0.00174,2,0,Chase
33.675,27.020,Normal input slower flight,0.0171,0,0,0.00173,2,0,Chase
33.785,27.140,Normal input slower flight,0.0161,0,0,0.00172,2,0,Chase
33.892,27.240,Normal input slower flight,0.0151,0,0,0.00168,2,0,Chase
34.000,27.360,Normal input slower flight,0.0143,0,0,0.00168,2,0,Chase
34.105,27.460,Normal input slower flight,0.0135,0,0,0.00165,2,0,Chase
34.208,27.560,Normal input slower flight,0.0127,0,0,0.00165,2,0,Chase
34.310,27.660,Normal input slower flight,0.0120,0,0,0.00167,2,0,Chase
34.412,27.760,Normal input slower flight,0.0113,0,0,0.00165,2,0,Chase
34.513,27.860,Normal input slower flight,0.0107,0,0,0.00164,2,0,Chase
34.615,27.960,Normal input slower flight,0.0101,0,0,0.00169,2,0,Chase
34.723,28.080,Normal input slower flight,0.0096,0,0,0.00168,2,0,Chase
34.824,28.180,Normal input slower flight,0.0090,0,0,0.00167,2,0,Chase
34.925,28.280,Normal input slower flight,0.0085,0,0,0.00170,2,0,Chase
35.029,28.380,Normal input slower flight,0.0080,0,0,0.00170,2,0,Chase
35.130,28.480,Normal input slower flight,0.0076,0,0,0.00171,2,0,Chase
35.235,28.580,Normal input slower flight,0.0072,0,0,0.00170,2,0,Chase
35.345,28.700,Normal input slower flight,0.0068,0,0,0.00169,2,0,Chase
35.446,28.800,Normal input slower flight,0.0064,0,0,0.00171,2,0,Chase
35.550,28.900,Normal input slower flight,0.0060,0,0,0.00169,2,0,Chase
35.653,29.000,Normal input slower flight,0.0057,0,0,0.00170,2,0,Chase
35.753,29.100,Normal input slower flight,0.0054,0,0,0.00167,2,0,Chase
35.856,29.200,Normal input slower flight,0.0051,0,0,0.00166,2,0,Chase
35.963,29.320,Normal input slower flight,0.0048,0,0,0.00167,2,0,Chase
36.064,29.420,Normal input slower flight,0.0045,0,0,0.00166,2,0,Chase
36.167,29.520,Normal input slower flight,0.0043,0,0,0.00166,2,0,Chase
36.269,29.620,Normal input slower flight,0.0040,0,0,0.00168,2,0,Chase
36.370,29.720,Normal input slower flight,0.0038,0,0,0.00168,2,0,Chase
36.476,29.820,Normal input slower flight,0.0036,0,0,0.00170,2,0,Chase
36.585,29.940,Normal input slower flight,0.0034,0,0,0.00165,2,0,Chase
36.686,30.041,Normal input slower flight,0.0032,0,0,0.00170,2,0,Chase
36.792,30.141,Normal input slower flight,0.0030,0,0,0.00171,2,0,Chase
36.895,30.241,Normal input slower flight,0.0029,0,0,0.00171,2,0,Chase
36.997,30.341,Normal input slower flight,0.0027,0,0,0.00169,2,0,Chase
37.101,30.461,Normal input slower flight,0.0025,0,0,0.00171,2,0,Chase
37.208,30.561,Normal input slower flight,0.0024,0,0,0.00169,2,0,Chase
37.313,30.661,Normal input slower flight,0.0023,0,0,0.00170,2,0,Chase
37.421,30.781,Normal input slower flight,0.0021,0,0,0.00170,2,0,Chase
37.524,30.881,Normal input slower flight,0.0020,0,0,0.00166,2,0,Chase
37.630,30.981,Normal input slower flight,0.0019,0,0,0.00167,2,0,Chase
37.734,31.081,Normal input slower flight,0.0018,0,0,0.00168,2,0,Chase
37.837,31.181,Normal input slower flight,0.0017,0,0,0.00164,2,0,Chase
37.944,31.301,Normal input slower flight,0.0016,0,0,0.00169,2,0,Chase
38.046,31.401,Normal input slower flight,0.0015,0,0,0.00170,2,0,Chase
38.147,31.501,Normal input slower flight,0.0014,0,0,0.00170,2,0,Chase
38.248,31.601,Normal input slower flight,0.0013,0,0,0.00171,2,0,Chase
38.348,31.701,Normal input slower flight,0.0013,0,0,0.00170,2,0,Chase
38.451,31.801,Normal input slower flight,0.0012,0,0,0.00167,2,0,Chase
38.555,31.901,Normal input slower flight,0.0011,0,0,0.00174,2,0,Chase
38.663,32.021,Normal input slower flight,0.0011,0,0,0.00171,2,0,Chase
38.764,32.121,Normal input slower flight,0.0010,0,0,0.00171,2,0,Chase
38.868,32.221,Normal input slower flight,0.0010,0,0,0.00169,2,0,Chase
38.971,32.321,Normal input slower flight,0.0009,0,0,0.00170,2,0,Chase
39.072,32.421,Normal input slower flight,0.0009,0,0,0.00166,2,0,Chase
39.176,32.521,Normal input slower flight,0.0008,0,0,0.00166,2,0,Chase
39.276,32.621,Normal input slower flight,0.0008,0,0,0.00167,2,0,Chase
39.381,32.741,Normal input slower flight,0.0007,0,0,0.00166,2,0,Chase
39.483,32.841,Normal input slower flight,0.0007,0,0,0.00166,2,0,Chase
39.588,32.941,Normal input slower flight,0.0006,0,0,0.00167,2,0,Chase
39.692,33.041,Normal input slower flight,0.0006,0,0,0.00164,2,0,Chase
39.800,33.161,Normal input slower flight,0.0006,0,0,0.00170,2,0,Chase
39.903,33.261,Normal input slower flight,0.0005,0,0,0.00169,2,0,Chase
40.007,33.361,Normal input slower flight,0.0005,0,0,0.00169,2,0,Chase
40.109,33.461,Normal input slower flight,0.0005,0,0,0.00171,2,0,Chase
40.211,33.561,Normal input slower flight,0.0005,0,0,0.00174,2,0,Chase
40.315,33.661,Normal input slower flight,0.0004,0,0,0.00173,2,0,Chase
40.421,33.781,Normal input slower flight,0.0004,0,0,0.00171,2,0,Chase
40.525,33.881,Normal input slower flight,0.0004,0,0,0.00167,2,0,Chase
40.630,33.981,Normal input slower flight,0.0004,0,0,0.00170,2,0,Chase
40.735,34.081,Normal input slower flight,0.0003,0,0,0.00170,2,0,Chase
40.840,34.201,Normal input slower flight,0.0003,0,0,0.00169,2,0,Chase
40.944,34.301,Normal input slower flight,0.0003,0,0,0.00163,2,0,Chase
41.045,34.401,Normal input slower flight,0.0003,0,0,0.00168,2,0,Chase
41.150,34.501,Normal input slower flight,0.0003,0,0,0.00168,2,0,Chase
41.251,34.601,Normal input slower flight,0.0003,0,0,0.00166,2,0,Chase
41.351,34.701,Normal input slower flight,0.0002,0,0,0.00167,2,0,Chase
41.452,34.801,Normal input slower flight,0.0002,0,0,0.00170,2,0,Chase
41.555,34.901,Normal input slower flight,0.0002,0,0,0.00169,2,0,Chase
41.661,35.021,Normal input slower flight,0.0002,0,0,0.00173,2,0,Chase
41.765,35.121,Normal input slower flight,0.0002,0,0,0.00169,2,0,Chase
41.870,35.221,Normal input slower flight,0.0002,0,0,0.00174,2,0,Chase
41.975,35.321,Normal input slower flight,0.0142,1,4,0.10490,2,0,Chase
42.082,35.441,Normal input slower flight,0.0415,1,4,0.01544,2,0,Chase
42.186,35.541,Normal input slower flight,0.0632,1,3,0.00271,2,0,Chase
42.287,35.641,Normal input slower flight,0.0787,1,0,0.00229,2,0,Chase
42.388,35.741,Normal input slower flight,0.0915,1,0,0.00177,2,0,Chase
42.488,35.841,Normal input slower flight,0.1001,1,0,0.12697,2,0,Chase
42.595,35.941,Normal input slower flight,0.1074,1,0,0.13901,2,0,Chase
42.703,36.061,Normal input slower flight,0.1120,1,0,0.06945,2,0,Chase
42.807,36.161,Normal input slower flight,0.1149,1,0,0.10823,2,0,Chase
42.912,36.261,Normal input slower flight,0.1170,1,0,0.00193,2,0,Chase
43.017,36.361,Normal input slower flight,0.1170,1,0,0.03076,2,0,Chase
43.123,36.481,Normal input slower flight,0.1170,1,0,0.08018,2,0,Chase
43.224,36.581,Normal input slower flight,0.1165,1,0,0.06658,2,0,Chase
43.327,36.681,Normal input slower flight,0.1159,1,0,0.02854,2,0,Chase
43.428,36.781,Normal input slower flight,0.1152,1,0,0.01187,2,0,Chase
43.530,36.881,Normal input slower flight,0.1141,1,0,0.00157,2,0,Chase
43.631,36.981,Normal input slower flight,0.1132,1,0,0.00131,2,0,Chase
43.734,37.081,Normal input slower flight,0.1161,1,3,0.15727,2,0,Chase
43.836,37.181,Normal input slower flight,0.1319,1,3,0.12816,2,0,Chase
43.942,37.301,Normal input slower flight,0.1436,1,3,0.04751,2,0,Chase
44.043,37.401,Normal input slower flight,0.1515,1,0,0.09926,2,0,Chase
44.146,37.501,Normal input slower flight,0.1583,1,0,0.05115,2,0,Chase
44.250,37.601,Normal input slower flight,0.1608,1,0,0.02912,2,0,Chase
44.350,37.701,Normal input slower flight,0.1628,1,0,0.04616,2,0,Chase
44.454,37.801,Normal input slower flight,0.1634,1,0,0.14346,2,0,Chase
44.555,37.901,Normal input slower flight,0.1630,1,0,0.06571,2,0,Chase
44.660,38.021,Normal input slower flight,0.1626,1,0,0.01070,2,0,Chase
44.760,38.121,Normal input slower flight,0.1615,1,0,0.06628,2,0,Chase
44.861,38.221,Normal input slower flight,0.1605,1,0,0.00572,2,0,Chase
44.965,38.321,Normal input slower flight,0.1589,1,0,0.10713,2,0,Chase
45.073,38.421,Normal input slower flight,0.1614,1,2,0.10956,2,0,Chase
45.181,38.541,Normal input slower flight,0.1654,1,2,0.04547,2,0,Chase
45.282,38.641,Normal input slower flight,0.1667,1,1,0.04785,2,0,Chase
45.386,38.741,Normal input slower flight,0.1678,1,0,0.11158,2,0,Chase
45.489,38.841,Normal input slower flight,0.1720,1,2,0.06670,2,0,DropletContact
45.592,38.941,Normal input slower flight,0.1790,1,2,0.01737,2,0,DropletContact
45.693,39.041,Normal input slower flight,0.1831,1,1,0.00248,2,0,DropletContact
45.794,39.141,Normal input slower flight,0.1848,1,0,0.00153,2,0,DropletContact
45.896,39.241,Normal input slower flight,0.1862,1,0,0.00175,2,0,DropletContact
46.002,39.361,Normal input slower flight,0.1994,1,3,0.03921,2,0,DropletContact
46.103,39.461,Normal input slower flight,0.2153,1,3,0.01565,2,0,Chase
46.205,39.561,Normal input slower flight,0.2260,1,2,0.00259,2,0,Chase
46.310,39.661,Normal input slower flight,0.2330,1,0,0.00238,2,0,Chase
46.411,39.761,Normal input slower flight,0.2380,1,0,0.01452,2,0,Chase
46.514,39.861,Normal input slower flight,0.2387,1,0,0.00227,2,0,Chase
46.620,39.981,Normal input slower flight,0.2393,1,0,0.01154,2,0,Chase
46.722,40.081,Normal input slower flight,0.2385,1,0,0.01143,2,0,Chase
46.825,40.181,Normal input slower flight,0.2388,1,3,0.00662,2,0,Chase
46.926,40.281,Normal input slower flight,0.2549,1,3,0.04232,2,0,Chase
47.031,40.381,Normal input slower flight,0.2645,1,3,0.01265,2,0,Chase
47.134,40.481,Normal input slower flight,0.2724,1,2,0.00450,2,0,Chase
47.243,40.601,Normal input slower flight,0.2773,1,2,0.08539,2,0,Chase
47.345,40.701,Normal input slower flight,0.2886,1,2,0.03606,2,0,Chase
47.447,40.801,Normal input slower flight,0.2955,1,2,0.01512,2,0,Chase
47.554,40.901,Normal input slower flight,0.2984,0,0,0.00131,2,0,Chase
47.661,41.021,Normal input slower flight,0.3126,0,3,0.14379,2,0,Chase
47.766,41.121,Normal input slower flight,0.3309,0,5,0.07944,2,0,Chase
47.870,41.221,Normal input slower flight,0.3507,0,4,0.01566,2,0,Chase
47.975,41.321,Normal input slower flight,0.3619,0,1,0.00345,2,0,Chase
48.080,41.441,Normal input slower flight,0.3693,0,0,0.00168,2,0,Chase
48.185,41.541,Normal input slower flight,0.3731,0,0,0.00170,2,0,Chase
48.289,41.641,Normal input slower flight,0.3728,0,0,0.00170,2,0,Chase
48.395,41.741,Normal input slower flight,0.3725,0,0,0.00171,2,0,Chase
48.501,41.861,Normal input slower flight,0.3704,0,0,0.00173,2,0,Chase
48.605,41.961,Normal input slower flight,0.3687,0,1,0.02648,2,0,Chase
48.711,42.061,Normal input slower flight,0.3659,0,1,0.00457,2,0,Chase
48.813,42.161,Normal input slower flight,0.3627,0,0,0.00169,2,0,Chase
48.913,42.261,Normal input slower flight,0.3644,0,3,0.22532,2,0,Chase
49.017,42.361,Normal input slower flight,0.3768,0,4,0.07491,2,0,Chase
49.121,42.481,Normal input slower flight,0.3982,0,4,0.05350,2,0,Chase
49.223,42.581,Normal input slower flight,0.4104,0,2,0.00792,2,0,Chase
49.327,42.681,Normal input slower flight,0.4187,0,1,0.00232,2,0,Chase
49.431,42.781,Normal input slower flight,0.4230,0,0,0.00169,2,0,Chase
49.534,42.881,Normal input slower flight,0.4226,0,0,0.00168,2,0,Chase
49.640,43.001,Normal input slower flight,0.4222,0,0,0.00168,2,0,Chase
49.746,43.101,Normal input slower flight,0.4198,0,0,0.00168,2,0,Chase
49.850,43.201,Normal input slower flight,0.4174,0,0,0.00170,2,0,Chase
49.954,43.301,Normal input slower flight,0.4170,0,3,0.15599,2,0,Chase
50.059,43.421,Normal input slower flight,0.4234,0,3,0.02521,2,0,Chase
50.165,43.521,Normal input slower flight,0.4279,0,2,0.00430,2,0,Chase
50.268,43.621,Normal input slower flight,0.4270,0,0,0.00186,2,0,Chase
50.374,43.721,Normal input slower flight,0.4317,0,2,0.08353,2,0,Chase
50.480,43.841,Normal input slower flight,0.4331,0,2,0.01694,2,0,Chase
50.583,43.941,Normal input slower flight,0.4330,0,1,0.00288,2,0,Chase
50.684,44.041,Normal input slower flight,0.4320,0,0,0.00168,2,0,Chase
50.785,44.141,Normal input slower flight,0.4340,0,2,0.08886,2,0,Chase
50.887,44.241,Normal input slower flight,0.4448,0,3,0.06600,2,0,Chase
50.993,44.341,Normal input slower flight,0.4495,0,2,0.00841,2,0,Chase
51.102,44.461,Normal input slower flight,0.4536,0,3,0.00349,2,0,Chase
51.208,44.561,Normal input slower flight,0.4607,0,2,0.03301,2,0,Chase
51.312,44.661,Normal input slower flight,0.4634,0,2,0.00408,2,0,Chase
51.412,44.761,Normal input slower flight,0.4649,0,1,0.00184,2,0,Chase
51.521,44.881,Normal input slower flight,0.4675,0,2,0.07086,2,0,Chase
51.623,44.981,Normal input slower flight,0.4749,0,4,0.10354,2,0,Chase
51.728,45.081,Normal input slower flight,0.4817,0,5,0.01910,2,0,Chase
51.834,45.181,Normal input slower flight,0.4948,0,3,0.02743,2,0,Chase
51.941,45.301,Normal input slower flight,0.5015,0,2,0.00574,2,0,Chase
52.045,45.401,Normal input slower flight,0.5024,0,1,0.07149,2,0,Chase
52.149,45.501,Normal input slower flight,0.5041,0,1,0.01496,2,0,Chase
52.253,45.601,Normal input slower flight,0.5019,0,1,0.00237,2,0,Chase
52.363,45.721,Normal input slower flight,0.4997,0,0,0.00170,2,0,Chase
52.466,45.821,Normal input slower flight,0.4973,0,2,0.05249,2,0,Chase
52.566,45.921,Normal input slower flight,0.4966,1,2,0.03880,2,0,Chase
52.673,46.021,Normal input slower flight,0.4953,1,1,0.00526,2,0,Chase
52.773,46.121,Normal input slower flight,0.4923,1,0,0.00304,2,0,Chase
52.874,46.221,Normal input slower flight,0.4894,1,0,0.00327,2,0,Chase
52.982,46.341,Normal input slower flight,0.4932,1,3,0.03226,2,0,Chase
53.084,46.441,Normal input slower flight,0.5012,1,5,0.03920,2,0,Chase
53.188,46.541,Normal input slower flight,0.5077,1,4,0.06836,2,0,Chase
53.294,46.641,Normal input slower flight,0.5117,1,3,0.13860,2,0,Chase
53.394,46.741,Normal input slower flight,0.5204,1,2,0.01689,2,0,Chase
53.495,46.841,Normal input slower flight,0.5198,1,1,0.10695,2,0,Chase
53.602,46.961,Normal input slower flight,0.5192,1,0,0.02819,2,0,Chase
53.706,47.061,Normal input slower flight,0.5181,1,2,0.06410,2,0,Chase
53.811,47.161,Normal input slower flight,0.5324,1,5,0.06658,2,0,Chase
53.915,47.261,Normal input slower flight,0.5685,1,5,0.11637,2,0,Chase
54.022,47.381,Normal input slower flight,0.5935,1,6,0.11876,2,0,Chase
54.126,47.481,Normal input slower flight,0.6209,1,3,0.00963,2,0,Chase
54.229,47.581,Normal input slower flight,0.6341,1,3,0.00450,2,0,Chase
54.333,47.681,Normal input slower flight,0.6543,1,2,0.02481,2,0,Chase
54.434,47.781,Normal input slower flight,0.6667,1,2,0.00630,2,0,Chase
54.537,47.881,Normal input slower flight,0.6700,1,0,0.00364,2,0,Chase
54.645,48.001,Normal input slower flight,0.6777,1,2,0.12590,2,0,Chase
54.745,48.101,Normal input slower flight,0.6771,1,2,0.07008,2,0,Chase
54.845,48.201,Normal input slower flight,0.6796,1,3,0.10269,2,0,Chase
54.947,48.301,Normal input slower flight,0.6833,1,2,0.07231,2,0,Chase
55.049,48.401,Normal input slower flight,0.6822,1,2,0.02459,2,0,Chase
55.150,48.501,Normal input slower flight,0.6809,1,0,0.01715,2,0,Chase
55.255,48.601,Normal input slower flight,0.6763,1,0,0.01166,2,0,Chase
55.363,48.721,Normal input slower flight,0.6753,1,2,0.07447,2,0,Chase
55.468,48.821,Normal input slower flight,0.6739,1,5,0.03269,2,0,Chase
55.569,48.921,Normal input slower flight,0.6819,1,4,0.05981,2,0,Chase
55.669,49.021,Normal input slower flight,0.6929,1,5,0.07903,2,0,Chase
55.769,49.121,Normal input slower flight,0.6951,1,4,0.00893,2,0,Chase
55.874,49.221,Normal input slower flight,0.6971,1,1,0.05748,2,0,Chase
55.982,49.341,Normal input slower flight,0.6979,1,2,0.03336,2,0,Chase
56.085,49.441,Normal input slower flight,0.6981,1,2,0.04333,2,0,Chase
56.190,49.541,Normal input slower flight,0.6967,1,1,0.00270,2,0,Chase
56.293,49.641,Normal input slower flight,0.6933,1,0,0.00311,2,0,Chase
56.394,49.741,Normal input slower flight,0.6901,1,0,0.07842,2,0,Chase
56.495,49.841,Normal input slower flight,0.6839,1,0,0.07867,2,0,Chase
56.602,49.961,Normal input slower flight,0.6778,1,0,0.03612,2,0,Chase
56.708,50.061,Normal input slower flight,0.6700,1,0,0.00116,2,0,Chase
56.814,50.161,Normal input slower flight,0.6613,1,0,0.14754,2,0,Chase
56.920,50.281,Normal input slower flight,0.6552,1,3,0.17166,2,0,Chase
57.020,50.381,Normal input slower flight,0.6509,1,5,0.07718,2,0,Chase
57.123,50.481,Normal input slower flight,0.6497,1,4,0.04426,2,0,Chase
57.224,50.581,Normal input slower flight,0.6461,1,2,0.03871,2,0,Chase
57.324,50.681,Normal input slower flight,0.6483,1,5,0.04789,2,0,Chase
57.428,50.781,Normal input slower flight,0.6615,1,4,0.01877,2,0,Chase
57.532,50.881,Normal input slower flight,0.6717,1,5,0.02605,2,0,Chase
57.633,50.981,Normal input slower flight,0.6822,1,3,0.00548,2,0,Chase
57.741,51.101,Normal input slower flight,0.6884,1,3,0.04519,2,0,Chase
57.842,51.201,Normal input slower flight,0.7057,1,3,0.02873,2,0,Chase
57.944,51.301,Normal input slower flight,0.7166,1,3,0.00885,2,0,Chase
58.045,51.401,Normal input slower flight,0.7245,1,3,0.03983,2,0,Chase
58.150,51.501,Normal input slower flight,0.7403,1,4,0.06464,2,0,Chase
58.254,51.601,Normal input slower flight,0.7449,1,3,0.01438,2,0,Chase
58.361,51.721,Normal input slower flight,0.7575,1,3,0.04298,2,0,Chase
58.464,51.821,Normal input slower flight,0.7620,1,2,0.03873,2,0,Chase
58.568,51.921,Normal input slower flight,0.7615,1,1,0.03955,2,0,Chase
58.672,52.021,Normal input slower flight,0.7599,1,0,0.00620,2,0,Chase
58.776,52.121,Normal input slower flight,0.7553,1,0,0.00181,2,0,Chase
58.881,52.241,Normal input slower flight,0.7533,1,2,0.04276,2,0,Chase
58.982,52.341,Normal input slower flight,0.7495,1,2,0.00882,2,0,Chase
59.087,52.441,Normal input slower flight,0.7451,1,2,0.03201,2,0,Chase
59.191,52.541,Normal input slower flight,0.7396,1,1,0.01641,2,0,Chase
59.293,52.641,Normal input slower flight,0.7374,0,3,0.05546,2,0,Chase
59.397,52.741,Normal input slower flight,0.7400,0,5,0.01712,2,0,Chase
59.501,52.861,Normal input slower flight,0.7429,0,5,0.08026,2,0,Chase
59.601,52.961,Normal input slower flight,0.7506,0,5,0.01437,2,0,Chase
59.705,53.061,Normal input slower flight,0.7581,0,3,0.02769,2,0,Chase
59.810,53.161,Normal input slower flight,0.7588,0,2,0.00678,2,0,Chase
59.914,53.261,Normal input slower flight,0.7585,0,0,0.00253,2,0,Chase
60.021,53.381,Normal input slower flight,0.7548,0,0,0.00171,2,0,Chase
60.124,53.481,Normal input slower flight,0.7513,0,0,0.00170,2,0,Chase
60.227,53.581,Normal input slower flight,0.7449,0,0,0.00170,2,0,Chase
60.332,53.681,Normal input slower flight,0.7383,0,0,0.00173,2,0,Chase
60.433,53.781,Normal input slower flight,0.7310,0,0,0.00169,2,0,Chase
60.536,53.881,Normal input slower flight,0.7220,0,0,0.00170,2,0,Chase
60.642,54.001,Normal input slower flight,0.7135,0,0,0.00168,2,0,Chase
60.746,54.101,Normal input slower flight,0.7020,0,0,0.00168,2,0,Chase
60.847,54.201,Normal input slower flight,0.6948,0,3,0.13483,2,0,Attacker
60.947,54.301,Normal input slower flight,0.6956,0,5,0.08310,2,0,Attacker
61.049,54.401,Normal input slower flight,0.6945,0,4,0.01433,2,0,Attacker
61.150,54.501,Normal input slower flight,0.7005,0,4,0.03853,2,0,Attacker
61.252,54.601,Normal input slower flight,0.7066,0,5,0.11725,2,0,Attacker
61.352,54.701,Normal input slower flight,0.7298,0,5,0.04687,2,0,Attacker
61.454,54.801,Normal input slower flight,0.7419,0,3,0.00791,2,0,Attacker
61.560,54.921,Normal input slower flight,0.7468,0,1,0.00230,2,0,Attacker
61.660,55.021,Normal input slower flight,0.7553,0,2,0.12511,2,0,Chase
61.764,55.121,Normal input slower flight,0.7548,0,4,0.01652,2,0,Chase
61.865,55.221,Normal input slower flight,0.7632,0,3,0.04440,2,0,Chase
61.967,55.321,Normal input slower flight,0.7644,0,3,0.05225,2,0,Chase
62.068,55.421,Normal input slower flight,0.7665,0,4,0.17221,2,0,Chase
62.169,55.521,Normal input slower flight,0.7690,0,2,0.02780,2,0,Chase
62.269,55.621,Normal input slower flight,0.7888,0,2,0.07858,2,1,Chase
62.372,55.721,Normal input slower flight,0.8075,0,2,0.03715,2,1,Chase
62.474,55.821,Normal input slower flight,0.8130,1,3,0.03336,2,1,Chase
62.580,55.941,Normal input slower flight,0.8144,1,2,0.00561,2,1,Chase
62.683,56.041,Normal input slower flight,0.8138,1,1,0.00181,2,1,Chase
62.785,56.141,Normal input slower flight,0.8100,1,3,0.00210,2,1,Chase
62.887,56.241,Normal input slower flight,0.8198,1,5,0.08092,2,1,Chase
62.990,56.341,Normal input slower flight,0.8248,1,5,0.05976,2,1,Chase
63.094,56.441,Normal input slower flight,0.8385,1,6,0.03564,2,1,Chase
63.201,56.561,Normal input slower flight,0.8510,1,3,0.02364,2,1,Chase
63.305,56.661,Normal input slower flight,0.8541,1,1,0.00277,2,1,Chase
63.410,56.761,Normal input slower flight,0.8619,1,0,0.01665,2,1,Chase
63.515,56.861,Normal input slower flight,0.8607,1,1,0.02376,2,1,Chase
63.623,56.981,Normal input slower flight,0.8599,1,1,0.04293,2,1,Chase
63.727,57.081,Normal input slower flight,0.8564,1,0,0.09773,2,1,Chase
63.832,57.181,Normal input slower flight,0.8523,1,0,0.06247,2,1,Chase
63.935,57.281,Normal input slower flight,0.8481,1,0,0.00490,2,1,Chase
64.043,57.401,Normal input slower flight,0.8422,1,0,0.07627,2,1,Chase
64.146,57.501,Normal input slower flight,0.8372,1,0,0.00150,2,1,Chase
64.250,57.601,Normal input slower flight,0.8335,0,1,0.10361,3,0,Chase
64.353,57.701,Normal input slower flight,0.8438,0,3,0.09650,3,0,Chase
64.459,57.821,Normal input slower flight,0.8573,0,3,0.05037,3,0,Chase
64.562,57.921,Normal input slower flight,0.8674,0,2,0.04192,3,0,Chase
64.665,58.021,Normal input slower flight,0.8792,0,1,0.03849,3,0,Chase
64.766,58.121,Normal input slower flight,0.8786,0,1,0.03672,3,0,Chase
64.868,58.221,Normal input slower flight,0.8795,0,2,0.03949,3,0,Chase
64.970,58.321,Normal input slower flight,0.8773,0,2,0.02051,3,0,Chase
65.074,58.421,Normal input slower flight,0.8735,1,1,0.03059,3,0,Chase
65.181,58.541,Normal input slower flight,0.8683,1,1,0.00564,3,0,Chase
65.282,58.641,Normal input slower flight,0.8613,1,3,0.05032,3,0,Chase
65.386,58.741,Normal input slower flight,0.8568,1,3,0.01098,3,0,Chase
65.489,58.841,Normal input slower flight,0.8490,1,3,0.16996,3,0,Chase
65.591,58.941,Normal input slower flight,0.8412,1,1,0.06889,3,0,Chase
65.696,59.041,Normal input slower flight,0.8315,1,1,0.07994,3,0,Chase
65.801,59.161,Normal input slower flight,0.8224,1,3,0.06621,3,0,Chase
65.906,59.261,Normal input slower flight,0.8152,1,3,0.03646,3,0,Chase
66.008,59.361,Normal input slower flight,0.8052,1,2,0.00336,3,0,Chase
66.111,59.461,Normal input slower flight,0.7957,1,1,0.11496,3,0,Chase
66.212,59.561,Normal input slower flight,0.7847,1,1,0.06710,3,0,Chase
66.312,59.661,Normal input slower flight,0.7734,1,2,0.08081,3,0,Chase
66.414,59.761,Normal input slower flight,0.7621,1,2,0.02308,3,0,Chase
66.514,59.861,Normal input slower flight,0.7493,1,1,0.00602,3,0,Chase
66.620,59.981,Normal input slower flight,0.7368,1,1,0.04022,3,0,Chase
66.723,60.081,Normal input slower flight,0.7230,1,1,0.12468,3,0,Chase
66.824,60.181,Normal input slower flight,0.7095,1,1,0.00195,3,0,Chase
66.925,60.281,Normal input slower flight,0.6957,1,0,0.13587,3,0,Chase
67.025,60.381,Normal input slower flight,0.6817,1,0,0.00907,3,0,Chase
67.129,60.481,Normal input slower flight,0.6672,1,0,0.09370,3,0,Chase
67.233,60.581,Normal input slower flight,0.6518,1,0,0.06168,3,0,Chase
67.336,60.681,Normal input slower flight,0.6386,1,2,0.06039,3,0,Chase
67.443,60.801,Normal input slower flight,0.6263,1,2,0.01043,3,0,Chase
67.546,60.901,Normal input slower flight,0.6160,1,3,0.05989,3,0,Chase
67.651,61.001,Normal input slower flight,0.6068,1,2,0.02756,3,0,Chase
67.756,61.101,Normal input slower flight,0.5958,1,1,0.00860,3,0,Chase
67.860,61.221,Normal input slower flight,0.5883,1,2,0.04117,3,0,Chase
67.963,61.321,Normal input slower flight,0.5800,1,2,0.01459,3,0,Chase
68.068,61.421,Normal input slower flight,0.5710,1,1,0.01084,3,0,Chase
68.172,61.521,Normal input slower flight,0.5624,1,0,0.00336,3,0,Chase
68.273,61.621,Normal input slower flight,0.5527,1,0,0.00830,3,0,Chase
68.380,61.741,Normal input slower flight,0.5437,1,1,0.03742,3,0,Chase
68.482,61.841,Normal input slower flight,0.5338,1,1,0.00831,3,0,Chase
68.587,61.941,Normal input slower flight,0.5235,1,0,0.01027,3,0,Chase
68.692,62.041,Normal input slower flight,0.5128,1,0,0.01027,3,0,Chase
68.792,62.141,Normal input slower flight,0.5020,1,0,0.03753,3,0,Chase
68.894,62.241,Normal input slower flight,0.4915,1,0,0.02491,3,0,Chase
68.996,62.341,Normal input slower flight,0.4799,1,0,0.00949,3,0,Chase
69.101,62.461,Normal input slower flight,0.4690,1,0,0.00810,3,0,Chase
69.202,62.561,Normal input slower flight,0.4576,1,0,0.00674,3,0,Chase
69.306,62.661,Normal input slower flight,0.4471,1,2,0.03924,3,0,Chase
69.410,62.761,Normal input slower flight,0.4387,1,2,0.03882,3,0,Chase
69.513,62.861,Normal input slower flight,0.4295,1,1,0.02412,3,0,Chase
69.615,62.961,Normal input slower flight,0.4208,1,0,0.01587,3,0,Chase
69.717,63.061,Normal input slower flight,0.4116,1,0,0.03439,3,0,Chase
69.823,63.181,Normal input slower flight,0.4047,1,2,0.05781,3,0,Chase
69.925,63.281,Normal input slower flight,0.3988,1,2,0.02732,3,0,Chase
70.027,63.381,Normal input slower flight,0.3922,1,1,0.00343,3,0,Chase
70.130,63.481,Normal input slower flight,0.3860,1,0,0.01877,3,0,Chase
70.232,63.581,Normal input slower flight,0.3784,1,0,0.01614,3,0,Chase
70.335,63.681,Normal input slower flight,0.3713,1,1,0.02858,3,0,Chase
70.437,63.781,Normal input slower flight,0.3641,0,1,0.00423,3,0,Chase
70.543,63.901,Normal input slower flight,0.3565,0,0,0.00139,3,0,Chase
70.644,64.001,Normal input slower flight,0.3495,0,0,0.00170,3,0,Chase
70.745,64.101,Normal input slower flight,0.3410,0,0,0.00169,3,0,Chase
70.846,64.201,Normal input slower flight,0.3332,0,0,0.00168,3,0,Chase
70.948,64.301,Normal input slower flight,0.3251,0,0,0.00170,3,0,Chase
71.053,64.401,Normal input slower flight,0.3167,0,0,0.00167,3,0,Chase
71.153,64.501,Normal input slower flight,0.3089,0,0,0.00169,3,0,Chase
71.254,64.601,Normal input slower flight,0.3007,0,0,0.00169,3,0,Chase
71.356,64.701,Normal input slower flight,0.2953,0,3,0.21901,3,0,Chase
71.462,64.821,Normal input slower flight,0.2928,0,3,0.04130,3,0,Chase
71.567,64.921,Normal input slower flight,0.2933,0,4,0.07656,3,0,Chase
71.671,65.021,Normal input slower flight,0.2943,0,2,0.01498,3,0,Chase
71.774,65.121,Normal input slower flight,0.2931,0,1,0.00307,3,0,Chase
71.875,65.221,Normal input slower flight,0.2922,0,1,0.05824,3,0,Chase
71.980,65.341,Normal input slower flight,0.2902,0,1,0.00968,3,0,Chase
72.084,65.441,Normal input slower flight,0.2881,0,0,0.00167,3,0,Chase
72.189,65.541,Normal input slower flight,0.2852,0,0,0.00166,3,0,Chase
72.293,65.641,Normal input slower flight,0.2813,0,0,0.00166,3,0,Chase
72.395,65.741,Normal input slower flight,0.2777,0,0,0.00169,3,0,Chase
72.501,65.861,Normal input slower flight,0.2730,0,0,0.00167,3,0,Chase
72.602,65.961,Normal input slower flight,0.2687,0,0,0.00170,3,0,Chase
72.706,66.061,Normal input slower flight,0.2636,0,0,0.00168,3,0,Chase
72.808,66.161,Normal input slower flight,0.2587,0,0,0.00168,3,0,Chase
72.910,66.261,Normal input slower flight,0.2556,0,2,0.06887,3,0,Chase
73.013,66.361,Normal input slower flight,0.2529,0,2,0.01761,3,0,Chase
73.114,66.461,Normal input slower flight,0.2505,0,1,0.00342,3,0,Chase
73.221,66.581,Normal input slower flight,0.2473,0,0,0.00173,3,0,Chase
73.322,66.681,Normal input slower flight,0.2439,0,0,0.00171,3,0,Chase
73.426,66.781,Normal input slower flight,0.2419,0,2,0.11827,3,0,Chase
73.527,66.881,Normal input slower flight,0.2407,0,2,0.02070,3,0,Chase
73.628,66.981,Normal input slower flight,0.2395,0,1,0.00535,3,0,Chase
73.728,67.081,Normal input slower flight,0.2374,0,0,0.00169,3,0,Chase
73.831,67.181,Normal input slower flight,0.2352,0,0,0.00167,3,0,Chase
73.935,67.281,Normal input slower flight,0.2326,0,0,0.00168,3,0,Chase
74.035,67.381,Normal input slower flight,0.2297,0,0,0.00168,3,0,Chase
74.142,67.501,Normal input slower flight,0.2268,0,0,0.00167,3,0,Chase
74.243,67.601,Normal input slower flight,0.2233,0,0,0.00168,3,0,Chase
74.344,67.701,Normal input slower flight,0.2200,0,0,0.00169,3,0,Chase
74.444,67.801,Normal input slower flight,0.2165,0,0,0.00166,3,0,Chase
74.544,67.901,Normal input slower flight,0.2127,0,0,0.00168,3,0,Chase
74.644,68.001,Normal input slower flight,0.2092,0,0,0.00169,3,0,Chase
74.748,68.101,Normal input slower flight,0.2048,0,0,0.00172,3,0,Chase
74.848,68.201,Normal input slower flight,0.2009,0,0,0.00171,3,0,Chase
74.948,68.301,Normal input slower flight,0.1969,0,0,0.00170,3,0,Chase
75.050,68.401,Normal input slower flight,0.1928,0,0,0.00173,3,0,Chase
75.153,68.501,Normal input slower flight,0.1888,0,0,0.00170,3,0,Chase
75.256,68.601,Normal input slower flight,0.1843,0,0,0.00169,3,0,Chase
75.361,68.720,Normal input slower flight,0.1801,0,0,0.00168,3,0,Chase
75.463,68.820,Normal input slower flight,0.1756,0,0,0.00170,3,0,Chase
75.563,68.920,Normal input slower flight,0.1712,0,0,0.00169,3,0,Chase
75.668,69.020,Normal input slower flight,0.1667,0,0,0.00167,3,0,Chase
75.768,69.120,Normal input slower flight,0.1622,0,0,0.00167,3,0,Chase
75.872,69.220,Normal input slower flight,0.1578,0,0,0.00168,3,0,Chase
75.975,69.320,Normal input slower flight,0.1533,0,0,0.00169,3,0,Chase
76.076,69.420,Normal input slower flight,0.1491,0,0,0.00169,3,0,Chase
76.182,69.540,Normal input slower flight,0.1449,0,0,0.00166,3,0,Chase
76.287,69.640,Normal input slower flight,0.1404,0,0,0.00169,3,0,Chase
76.390,69.740,Normal input slower flight,0.1364,0,0,0.00171,3,0,Chase
76.494,69.840,Normal input slower flight,0.1323,0,0,0.00170,3,0,Chase
76.595,69.940,Normal input slower flight,0.1285,0,0,0.00171,3,0,Chase
76.700,70.060,Normal input slower flight,0.1247,0,0,0.00172,3,0,Chase
76.802,70.160,Normal input slower flight,0.1209,0,0,0.00170,3,0,Chase
76.902,70.260,Normal input slower flight,0.1174,0,0,0.00171,3,0,Chase
77.004,70.360,Normal input slower flight,0.1138,0,0,0.00169,3,0,Chase
77.106,70.460,Normal input slower flight,0.1103,0,0,0.00169,3,0,Chase
77.209,70.560,Normal input slower flight,0.1068,0,0,0.00169,3,0,Chase
77.311,70.660,Normal input slower flight,0.1033,0,0,0.00165,3,0,Chase
77.412,70.760,Normal input slower flight,0.1001,0,0,0.00165,3,0,Chase
77.515,70.860,Normal input slower flight,0.0967,0,0,0.00167,3,0,Chase
77.623,70.980,Normal input slower flight,0.0935,0,0,0.00165,3,0,Chase
77.725,71.080,Normal input slower flight,0.0902,0,0,0.00169,3,0,Chase
77.827,71.180,Normal input slower flight,0.0871,0,0,0.00167,3,0,Chase
77.929,71.280,Normal input slower flight,0.0841,0,0,0.00170,3,0,Chase
78.030,71.380,Normal input slower flight,0.0812,0,0,0.00168,3,0,Chase
78.130,71.480,Normal input slower flight,0.0784,0,0,0.00165,3,0,Chase
78.234,71.580,Normal input slower flight,0.0756,0,0,0.00169,3,0,Chase
78.335,71.680,Normal input slower flight,0.0729,0,0,0.00172,3,0,Chase
78.440,71.800,Normal input slower flight,0.0704,0,0,0.00170,3,0,Chase
78.544,71.900,Normal input slower flight,0.0678,0,0,0.00169,3,0,Chase
78.644,72.000,Normal input slower flight,0.0654,0,0,0.00172,3,0,Chase
78.744,72.100,Normal input slower flight,0.0631,0,0,0.00169,3,0,Chase
78.850,72.200,Normal input slower flight,0.0608,0,0,0.00167,3,0,Chase
78.951,72.300,Normal input slower flight,0.0586,0,0,0.00167,3,0,Chase
79.055,72.400,Normal input slower flight,0.0565,0,0,0.00166,3,0,Chase
79.159,72.520,Normal input slower flight,0.0545,0,0,0.00167,3,0,Chase
79.264,72.620,Normal input slower flight,0.0522,0,0,0.00168,3,0,Chase
79.368,72.720,Normal input slower flight,0.0499,0,0,0.00164,3,0,Chase
79.471,72.820,Normal input slower flight,0.0477,0,0,0.00169,3,0,Chase
79.574,72.920,Normal input slower flight,0.0456,0,0,0.00168,3,0,Chase
79.680,73.040,Normal input slower flight,0.0436,0,0,0.00170,3,0,Chase
79.785,73.140,Normal input slower flight,0.0415,0,0,0.00171,3,0,Chase
79.887,73.240,Normal input slower flight,0.0397,0,0,0.00170,3,0,Chase
79.992,73.340,Normal input slower flight,0.0379,0,0,0.00167,3,0,Chase
80.095,73.440,Normal input slower flight,0.0362,0,0,0.00171,3,0,Chase
80.195,73.540,Normal input slower flight,0.0346,0,0,0.00169,3,0,Chase
80.302,73.660,Normal input slower flight,0.0330,0,0,0.00171,3,0,Chase
80.407,73.760,Normal input slower flight,0.0315,0,0,0.00169,3,0,Chase
80.507,73.860,Normal input slower flight,0.0302,0,0,0.00170,3,0,Chase
80.611,73.960,Normal input slower flight,0.0288,0,0,0.00170,3,0,Chase
80.714,74.060,Normal input slower flight,0.0274,0,0,0.00166,3,0,Chase
80.814,74.160,Normal input slower flight,0.0261,0,0,0.00166,3,0,Chase
80.915,74.260,Normal input slower flight,0.0249,0,0,0.00166,3,0,Chase
81.022,74.380,Normal input slower flight,0.0236,0,0,0.00166,3,0,Chase
81.125,74.480,Normal input slower flight,0.0224,0,0,0.00168,3,0,Chase
81.227,74.580,Normal input slower flight,0.0212,0,0,0.00168,3,0,Chase
81.329,74.679,Normal input slower flight,0.0201,0,0,0.00170,3,0,Chase
81.434,74.779,Normal input slower flight,0.0189,0,0,0.00169,3,0,Chase
81.535,74.879,Normal input slower flight,0.0179,0,0,0.00170,3,0,Chase
81.636,74.979,Normal input slower flight,0.0169,0,0,0.00169,3,0,Chase
81.742,75.099,Normal input slower flight,0.0160,0,0,0.00174,3,0,Chase
81.847,75.199,Normal input slower flight,0.0150,0,0,0.00172,3,0,Chase
81.949,75.299,Normal input slower flight,0.0142,0,0,0.00173,3,0,Chase
82.053,75.399,Normal input slower flight,0.0134,0,0,0.00169,3,0,Chase
82.160,75.519,Normal input slower flight,0.0127,0,0,0.00170,3,0,Chase
82.265,75.619,Normal input slower flight,0.0119,0,0,0.00166,3,0,Chase
82.366,75.719,Normal input slower flight,0.0113,0,0,0.00168,3,0,Chase
82.468,75.819,Normal input slower flight,0.0107,0,0,0.00168,3,0,Chase
82.568,75.919,Normal input slower flight,0.0101,0,0,0.00167,3,0,Chase
82.670,76.019,Normal input slower flight,0.0095,0,0,0.00168,3,0,Chase
82.773,76.119,Normal input slower flight,0.0090,0,0,0.00168,3,0,Chase
82.876,76.219,Normal input slower flight,0.0085,0,0,0.00168,3,0,Chase
82.979,76.339,Normal input slower flight,0.0080,0,0,0.00170,3,0,Chase
83.084,76.439,Normal input slower flight,0.0076,0,0,0.00170,3,0,Chase
83.185,76.539,Normal input slower flight,0.0072,0,0,0.00173,3,0,Chase
83.291,76.639,Normal input slower flight,0.0067,0,0,0.00169,3,0,Chase
83.393,76.739,Normal input slower flight,0.0064,0,0,0.00171,3,0,Chase
83.494,76.839,Normal input slower flight,0.0060,0,0,0.00173,3,0,Chase
83.602,76.959,Normal input slower flight,0.0057,0,0,0.00170,3,0,Chase
83.705,77.059,Normal input slower flight,0.0054,0,0,0.00167,3,0,Chase
83.809,77.159,Normal input slower flight,0.0051,0,0,0.00166,3,0,Chase
83.912,77.259,Normal input slower flight,0.0048,0,0,0.00167,3,0,Chase
84.015,77.359,Normal input slower flight,0.0045,0,0,0.00166,3,0,Chase
84.116,77.459,Normal input slower flight,0.0043,0,0,0.00168,3,0,Chase
84.222,77.579,Normal input slower flight,0.0040,0,0,0.00167,3,0,Chase
84.323,77.679,Normal input slower flight,0.0038,0,0,0.00167,3,0,Chase
84.427,77.779,Normal input slower flight,0.0036,0,0,0.00168,3,0,Chase
84.528,77.879,Normal input slower flight,0.0034,0,0,0.00168,3,0,Chase
84.631,77.979,Normal input slower flight,0.0032,0,0,0.00170,3,0,Chase
84.734,78.079,Normal input slower flight,0.0030,0,0,0.00169,3,0,Chase
84.840,78.199,Normal input slower flight,0.0029,0,0,0.00170,3,0,Chase
84.945,78.299,Normal input slower flight,0.0027,0,0,0.00171,3,0,Chase
85.050,78.399,Normal input slower flight,0.0025,0,0,0.00171,3,0,Chase
85.151,78.499,Normal input slower flight,0.0024,0,0,0.00173,3,0,Chase
85.253,78.599,Normal input slower flight,0.0023,0,0,0.00173,3,0,Chase
85.355,78.699,Normal input slower flight,0.0021,0,0,0.00169,3,0,Chase
85.460,78.819,Normal input slower flight,0.0020,0,0,0.00168,3,0,Chase
85.565,78.919,Normal input slower flight,0.0019,0,0,0.00166,3,0,Chase
85.668,79.019,Normal input slower flight,0.0018,0,0,0.00168,3,0,Chase
85.768,79.119,Normal input slower flight,0.0017,0,0,0.00167,3,0,Chase
85.873,79.219,Normal input slower flight,0.0016,0,0,0.00168,3,0,Chase
85.974,79.319,Normal input slower flight,0.0015,0,0,0.00169,3,0,Chase
86.081,79.439,Normal input slower flight,0.0014,0,0,0.00163,3,0,Chase
86.185,79.539,Normal input slower flight,0.0014,0,0,0.00168,3,0,Chase
86.289,79.639,Normal input slower flight,0.0013,0,0,0.00169,3,0,Chase
86.394,79.739,Normal input slower flight,0.0012,0,0,0.00170,3,0,Chase
86.494,79.839,Normal input slower flight,0.0011,0,0,0.00170,3,0,Chase
86.594,79.939,Normal input slower flight,0.0011,0,0,0.00170,3,0,Chase
86.696,80.039,Normal input slower flight,0.0010,0,0,0.00173,3,0,Chase
86.801,80.159,Normal input slower flight,0.0010,0,0,0.00170,3,0,Chase
86.904,80.259,Normal input slower flight,0.0009,0,0,0.00172,3,0,Chase
87.007,80.359,Normal input slower flight,0.0009,0,0,0.00169,3,0,Chase
87.108,80.459,Normal input slower flight,0.0008,0,0,0.00167,3,0,Chase
87.209,80.558,Normal input slower flight,0.0008,0,0,0.00169,3,0,Chase
87.310,80.658,Normal input slower flight,0.0007,0,0,0.00168,3,0,Chase
87.411,80.758,Normal input slower flight,0.0007,0,0,0.00165,3,0,Chase
87.516,80.858,Normal input slower flight,0.0006,0,0,0.00168,3,0,Chase
87.620,80.978,Normal input slower flight,0.0006,0,0,0.00169,3,0,Chase
87.723,81.078,Normal input slower flight,0.0006,0,0,0.00168,3,0,Chase
87.827,81.178,Normal input slower flight,0.0005,0,0,0.00168,3,0,Chase
87.930,81.278,Normal input slower flight,0.0005,0,0,0.00169,3,0,Chase
88.031,81.378,Normal input slower flight,0.0005,0,0,0.00172,3,0,Chase
88.132,81.478,Normal input slower flight,0.0005,0,0,0.00170,3,0,Chase
88.232,81.578,Normal input slower flight,0.0004,0,0,0.00171,3,0,Chase
88.336,81.678,Normal input slower flight,0.0004,0,0,0.00169,3,0,Chase
88.442,81.798,Normal input slower flight,0.0004,0,0,0.00170,3,0,Chase
88.542,81.898,Normal input slower flight,0.0004,0,0,0.00171,3,0,Chase
88.644,81.998,Normal input slower flight,0.0003,0,0,0.00169,3,0,Chase
88.745,82.098,Normal input slower flight,0.0003,0,0,0.00167,3,0,Chase
88.850,82.198,Normal input slower flight,0.0003,0,0,0.00169,3,0,Chase
88.952,82.298,Normal input slower flight,0.0003,0,0,0.00168,3,0,Chase
89.055,82.398,Normal input slower flight,0.0003,0,0,0.00167,3,0,Chase
89.156,82.498,Normal input slower flight,0.0003,0,0,0.00166,3,0,Chase
89.262,82.618,Normal input slower flight,0.0002,0,0,0.00167,3,0,Chase
89.366,82.718,Normal input slower flight,0.0002,0,0,0.00169,3,0,Chase
89.468,82.818,Normal input slower flight,0.0002,0,0,0.00166,3,0,Chase
89.571,82.918,Normal input slower flight,0.0002,0,0,0.00166,3,0,Chase
89.676,83.018,Normal input slower flight,0.0002,0,0,0.00171,3,0,Chase
89.779,83.138,Normal input slower flight,0.0002,0,0,0.00170,3,0,Chase
89.880,83.238,Normal input slower flight,0.0002,0,0,0.00169,3,0,Chase
89.980,83.338,Normal input slower flight,0.0002,0,0,0.00172,3,0,Chase
90.082,83.438,Normal input slower flight,0.0002,0,0,0.00171,3,0,Chase
90.187,83.538,Normal input slower flight,0.0075,1,2,0.06657,3,0,Chase
90.289,83.638,Normal input slower flight,0.0156,1,2,0.01853,3,0,Chase
90.390,83.738,Normal input slower flight,0.0222,1,1,0.00203,3,0,Chase
90.495,83.838,Normal input slower flight,0.0272,1,0,0.00225,3,0,Chase
90.603,83.958,Normal input slower flight,0.0312,1,0,0.00196,3,0,Chase
90.708,84.058,Normal input slower flight,0.0341,1,0,0.00395,3,0,Chase
90.810,84.158,Normal input slower flight,0.0360,1,0,0.11942,3,0,Chase
90.910,84.258,Normal input slower flight,0.0375,1,0,0.11185,3,0,Chase
91.011,84.358,Normal input slower flight,0.0382,1,0,0.00535,3,0,Chase
91.130,84.478,Normal input slower flight,0.0388,1,0,0.12185,3,0,Chase
91.231,84.578,Normal input slower flight,0.0530,1,3,0.16626,3,0,Chase
91.331,84.678,Normal input slower flight,0.0689,1,3,0.11599,3,0,Chase
91.434,84.778,Normal input slower flight,0.0816,1,2,0.06843,3,0,Chase
91.539,84.898,Normal input slower flight,0.0907,1,0,0.00135,3,0,Chase
91.640,84.998,Normal input slower flight,0.0980,1,0,0.00168,3,0,Chase
91.742,85.098,Normal input slower flight,0.1023,1,0,0.00136,3,0,Chase
91.845,85.198,Normal input slower flight,0.1058,1,0,0.00441,3,0,Chase
91.947,85.298,Normal input slower flight,0.1105,1,3,0.12059,3,0,Chase
92.051,85.398,Normal input slower flight,0.1317,1,3,0.12422,3,0,Chase
92.152,85.498,Normal input slower flight,0.1485,1,3,0.02224,3,0,Chase
92.252,85.598,Normal input slower flight,0.1590,1,2,0.14263,3,0,Chase
92.356,85.698,Normal input slower flight,0.1680,1,0,0.07038,3,0,Chase
92.460,85.818,Normal input slower flight,0.1733,1,0,0.13808,3,0,Chase
92.562,85.918,Normal input slower flight,0.1765,1,0,0.00667,3,0,Chase
92.664,86.018,Normal input slower flight,0.1787,1,0,0.11185,3,0,Chase
92.765,86.118,Normal input slower flight,0.1785,1,0,0.15557,3,0,Chase
92.866,86.218,Normal input slower flight,0.1782,1,0,0.02731,3,0,Chase
92.967,86.318,Normal input slower flight,0.1774,1,0,0.05246,3,0,Chase
93.068,86.418,Normal input slower flight,0.1764,1,0,0.06240,3,0,Chase
93.172,86.517,Normal input slower flight,0.1752,1,0,0.00432,3,0,Chase
93.275,86.617,Normal input slower flight,0.1735,1,0,0.13553,3,0,Chase
93.381,86.737,Normal input slower flight,0.1718,1,0,0.03389,3,0,Chase
93.485,86.837,Normal input slower flight,0.1696,1,0,0.12007,3,0,Chase
93.586,86.937,Normal input slower flight,0.1675,1,0,0.00306,3,0,Chase
93.690,87.037,Normal input slower flight,0.1651,1,0,0.00168,3,0,Chase
93.793,87.137,Normal input slower flight,0.1647,1,2,0.05063,3,0,Attacker
93.895,87.237,Normal input slower flight,0.1674,1,2,0.01031,3,0,Attacker
93.996,87.337,Normal input slower flight,0.1672,1,1,0.00262,3,0,Attacker
94.102,87.457,Normal input slower flight,0.1754,1,2,0.03928,3,0,Attacker
94.202,87.557,Normal input slower flight,0.1818,1,2,0.00866,3,0,Attacker
94.305,87.657,Normal input slower flight,0.1885,1,3,0.08529,3,0,Attacker
94.408,87.757,Normal input slower flight,0.2005,1,2,0.01575,3,0,Attacker
94.510,87.857,Normal input slower flight,0.2066,1,2,0.00278,3,0,Attacker
94.612,87.957,Normal input slower flight,0.2117,1,0,0.01414,3,0,Chase
94.716,88.057,Normal input slower flight,0.2131,1,0,0.01356,3,0,Chase
94.820,88.177,Normal input slower flight,0.2156,1,2,0.00470,3,0,Chase
94.921,88.277,Normal input slower flight,0.2238,1,2,0.02267,3,0,Chase
95.024,88.377,Normal input slower flight,0.2276,1,2,0.01001,3,0,Chase
95.126,88.477,Normal input slower flight,0.2380,1,2,0.04212,3,0,Chase
95.231,88.577,Normal input slower flight,0.2461,1,2,0.01218,3,0,Chase
95.332,88.677,Normal input slower flight,0.2517,1,1,0.01626,3,0,Chase
95.432,88.777,Normal input slower flight,0.2546,1,0,0.01401,3,0,Chase
95.535,88.877,Normal input slower flight,0.2546,0,0,0.00128,3,0,Chase
95.641,88.997,Normal input slower flight,0.2738,0,4,0.13272,3,0,Chase
95.746,89.097,Normal input slower flight,0.2943,0,4,0.03882,3,0,Chase
95.852,89.197,Normal input slower flight,0.3104,0,3,0.00691,3,0,Chase
95.953,89.297,Normal input slower flight,0.3198,0,0,0.00166,3,0,Chase
96.053,89.397,Normal input slower flight,0.3250,0,0,0.00168,3,0,Chase
96.161,89.517,Normal input slower flight,0.3425,0,3,0.11723,3,0,Chase
96.266,89.617,Normal input slower flight,0.3577,0,3,0.03021,3,0,Chase
96.366,89.717,Normal input slower flight,0.3701,0,2,0.00396,3,0,Chase
96.471,89.817,Normal input slower flight,0.3756,0,0,0.00168,3,0,Chase
96.574,89.917,Normal input slower flight,0.3782,0,0,0.00171,3,0,Chase
96.675,90.017,Normal input slower flight,0.3793,0,0,0.00171,3,0,Chase
96.775,90.117,Normal input slower flight,0.3780,0,0,0.00167,3,0,Chase
96.881,90.237,Normal input slower flight,0.3767,0,0,0.00166,3,0,Chase
96.985,90.337,Normal input slower flight,0.3739,0,0,0.00168,3,0,Chase
97.089,90.437,Normal input slower flight,0.3711,0,0,0.00166,3,0,Chase
97.192,90.537,Normal input slower flight,0.3676,0,0,0.00167,3,0,Chase
97.295,90.637,Normal input slower flight,0.3635,0,0,0.00168,3,0,Chase
97.401,90.757,Normal input slower flight,0.3602,0,3,0.00167,3,0,Chase
97.506,90.857,Normal input slower flight,0.3627,0,3,0.05931,3,0,Chase
97.608,90.957,Normal input slower flight,0.3646,0,3,0.01601,3,0,Chase
97.712,91.057,Normal input slower flight,0.3684,0,4,0.10123,3,0,Chase
97.815,91.157,Normal input slower flight,0.3730,0,2,0.01445,3,0,Chase
97.920,91.277,Normal input slower flight,0.3760,0,1,0.00288,3,0,Chase
98.022,91.377,Normal input slower flight,0.3750,0,0,0.00170,3,0,Chase
98.123,91.477,Normal input slower flight,0.3740,0,0,0.00168,3,0,Chase
98.223,91.577,Normal input slower flight,0.3791,0,3,0.16850,3,0,Chase
98.324,91.677,Normal input slower flight,0.3906,0,3,0.03318,3,0,Chase
98.426,91.777,Normal input slower flight,0.3984,0,2,0.00520,3,0,Chase
98.528,91.877,Normal input slower flight,0.4085,0,2,0.02721,3,0,Chase
98.630,91.977,Normal input slower flight,0.4176,0,2,0.00649,3,0,Chase
98.731,92.077,Normal input slower flight,0.4278,0,4,0.22052,3,0,Chase
98.835,92.177,Normal input slower flight,0.4477,0,3,0.04332,3,0,Chase
98.940,92.297,Normal input slower flight,0.4606,0,2,0.00642,3,0,Chase
99.040,92.397,Normal input slower flight,0.4662,0,0,0.00191,3,0,Chase
99.142,92.496,Normal input slower flight,0.4708,0,0,0.00168,3,0,Chase
99.244,92.596,Normal input slower flight,0.4750,0,3,0.18195,3,0,Chase
99.347,92.696,Normal input slower flight,0.4896,0,3,0.04118,3,0,Chase
99.450,92.796,Normal input slower flight,0.4969,0,3,0.00814,3,0,Chase
99.555,92.896,Normal input slower flight,0.4991,0,0,0.00179,3,0,Chase
99.656,92.996,Normal input slower flight,0.5006,0,0,0.00170,3,0,Chase
99.761,93.116,Normal input slower flight,0.5002,0,2,0.12375,3,0,Chase
99.863,93.216,Normal input slower flight,0.5055,0,2,0.02768,3,0,Chase
99.968,93.316,Normal input slower flight,0.5060,0,2,0.00690,3,0,Chase
100.072,93.416,Normal input slower flight,0.5091,0,2,0.07423,3,0,Chase
100.176,93.516,Normal input slower flight,0.5114,0,2,0.01487,3,0,Chase
100.283,93.636,Normal input slower flight,0.5116,0,3,0.18098,3,0,Chase
100.383,93.736,Normal input slower flight,0.5163,0,2,0.03575,3,0,Chase
100.485,93.836,Normal input slower flight,0.5156,1,2,0.02640,3,0,Chase
100.588,93.936,Normal input slower flight,0.5198,1,2,0.03950,3,0,Chase
100.690,94.036,Normal input slower flight,0.5224,1,2,0.00868,3,0,Chase
100.791,94.136,Normal input slower flight,0.5213,1,1,0.01684,3,0,Chase
100.892,94.236,Normal input slower flight,0.5245,1,2,0.07823,3,0,Chase
100.993,94.336,Normal input slower flight,0.5239,1,2,0.01550,3,0,Chase
101.099,94.456,Normal input slower flight,0.5232,1,2,0.13321,3,0,Chase
101.201,94.556,Normal input slower flight,0.5213,1,1,0.00649,3,0,Chase
101.305,94.656,Normal input slower flight,0.5200,1,3,0.12894,3,0,Chase
101.406,94.756,Normal input slower flight,0.5305,1,3,0.02319,3,0,Chase
101.508,94.856,Normal input slower flight,0.5309,1,3,0.05351,3,0,Chase
101.609,94.956,Normal input slower flight,0.5313,1,2,0.07665,3,0,Chase
101.712,95.056,Normal input slower flight,0.5296,1,0,0.01542,3,0,Chase
101.816,95.156,Normal input slower flight,0.5309,1,2,0.02796,3,0,Chase
101.921,95.276,Normal input slower flight,0.5404,1,3,0.01315,3,0,Chase
102.025,95.376,Normal input slower flight,0.5408,1,2,0.04522,3,0,Chase
102.129,95.476,Normal input slower flight,0.5411,1,1,0.10198,3,0,Chase
102.231,95.576,Normal input slower flight,0.5387,1,0,0.01139,3,0,Chase
102.334,95.676,Normal input slower flight,0.5361,1,0,0.11427,3,0,Chase
102.434,95.776,Normal input slower flight,0.5442,1,3,0.06363,3,0,Chase
102.536,95.876,Normal input slower flight,0.5455,1,3,0.11156,3,0,Chase
102.642,95.996,Normal input slower flight,0.5558,1,5,0.11130,3,0,Chase
102.746,96.096,Normal input slower flight,0.5661,1,3,0.07099,3,0,Chase
102.849,96.196,Normal input slower flight,0.5736,1,2,0.11610,3,0,Chase
102.954,96.296,Normal input slower flight,0.5934,1,3,0.12095,3,0,Chase
103.055,96.396,Normal input slower flight,0.6055,1,3,0.03753,3,0,Chase
103.155,96.496,Normal input slower flight,0.6146,1,2,0.00829,3,0,Chase
103.260,96.616,Normal input slower flight,0.6140,1,0,0.00455,3,0,Chase
103.363,96.716,Normal input slower flight,0.6135,1,0,0.01741,3,0,Chase
103.464,96.816,Normal input slower flight,0.6218,1,3,0.03330,3,0,Chase
103.566,96.916,Normal input slower flight,0.6285,0,5,0.13847,3,0,Chase
103.667,97.016,Normal input slower flight,0.6429,0,5,0.08926,3,0,Chase
103.768,97.116,Normal input slower flight,0.6517,0,3,0.01705,3,0,Chase
103.872,97.216,Normal input slower flight,0.6685,0,4,0.08372,3,0,Chase
103.974,97.316,Normal input slower flight,0.6812,0,4,0.06085,3,0,Chase
104.076,97.416,Normal input slower flight,0.6912,0,3,0.01568,3,0,Chase
104.182,97.536,Normal input slower flight,0.6969,0,1,0.00255,3,0,Chase
104.284,97.636,Normal input slower flight,0.6960,0,2,0.00164,3,0,Chase
104.388,97.736,Normal input slower flight,0.7035,0,4,0.05728,3,0,Chase
104.489,97.836,Normal input slower flight,0.7147,0,5,0.07759,3,0,Chase
104.589,97.936,Normal input slower flight,0.7257,0,5,0.08526,3,0,Chase
104.692,98.036,Normal input slower flight,0.7312,0,4,0.06795,3,0,Chase
104.796,98.136,Normal input slower flight,0.7305,0,1,0.02030,3,0,Chase
104.896,98.236,Normal input slower flight,0.7299,0,1,0.00376,3,0,Chase
105.000,98.356,Normal input slower flight,0.7334,0,4,0.12475,3,0,Chase
105.102,98.455,Normal input slower flight,0.7498,0,4,0.03115,3,0,Chase
105.204,98.555,Normal input slower flight,0.7560,0,3,0.00860,3,0,Chase
105.306,98.655,Normal input slower flight,0.7555,0,1,0.00195,3,0,Chase
105.409,98.755,Normal input slower flight,0.7547,0,0,0.00170,3,0,Chase
105.513,98.855,Normal input slower flight,0.7505,0,0,0.00168,3,0,Chase
105.614,98.955,Normal input slower flight,0.7466,0,0,0.00168,3,0,Chase
105.720,99.075,Normal input slower flight,0.7405,0,0,0.00166,3,0,Chase
105.823,99.175,Normal input slower flight,0.7335,0,0,0.00166,3,0,Chase
105.926,99.275,Normal input slower flight,0.7258,0,0,0.00169,3,0,Chase
106.027,99.375,Normal input slower flight,0.7183,0,2,0.06184,3,0,Chase
106.128,99.475,Normal input slower flight,0.7126,0,2,0.01129,3,0,Chase
106.228,99.575,Normal input slower flight,0.7072,0,3,0.05017,3,0,Chase
106.329,99.675,Normal input slower flight,0.7050,0,4,0.05836,3,0,Chase
106.432,99.775,Normal input slower flight,0.7019,0,3,0.01260,3,0,Chase
106.533,99.875,Normal input slower flight,0.7008,0,4,0.23907,3,0,Chase
106.636,99.975,Normal input slower flight,0.7103,1,5,0.10142,3,0,Chase
106.740,100.095,Normal input slower flight,0.7129,1,4,0.01587,3,0,Chase
106.843,100.195,Normal input slower flight,0.7215,1,3,0.03247,3,0,Chase
106.947,100.295,Normal input slower flight,0.7258,1,2,0.01097,3,0,Chase
107.050,100.395,Normal input slower flight,0.7315,1,4,0.10676,3,0,Chase
107.151,100.495,Normal input slower flight,0.7470,1,3,0.02062,3,0,Chase
107.252,100.595,Normal input slower flight,0.7469,1,3,0.02094,3,0,Chase
107.356,100.695,Normal input slower flight,0.7604,1,3,0.11368,3,0,Chase
107.461,100.815,Normal input slower flight,0.7740,1,5,0.07032,3,0,Chase
107.564,100.915,Normal input slower flight,0.7902,1,6,0.06683,3,0,Chase
107.667,101.015,Normal input slower flight,0.8086,1,3,0.15931,3,0,Chase
107.767,101.115,Normal input slower flight,0.8170,1,4,0.04054,3,0,Chase
107.867,101.215,Normal input slower flight,0.8285,1,2,0.04364,3,0,Chase
107.968,101.315,Normal input slower flight,0.8302,1,1,0.00588,3,0,Chase
108.071,101.415,Normal input slower flight,0.8299,1,2,0.00721,3,0,Chase
108.172,101.515,Normal input slower flight,0.8350,1,2,0.12090,3,0,Chase
108.276,101.615,Normal input slower flight,0.8325,1,2,0.11755,3,0,Chase
108.380,101.735,Normal input slower flight,0.8353,1,2,0.01603,3,0,Chase
108.482,101.835,Normal input slower flight,0.8327,1,2,0.00485,3,0,Chase
108.586,101.935,Normal input slower flight,0.8305,1,4,0.00259,3,0,Chase
108.689,102.035,Normal input slower flight,0.8350,1,3,0.03161,3,0,Chase
108.791,102.135,Normal input slower flight,0.8329,1,3,0.00936,3,0,Chase
108.893,102.235,Normal input slower flight,0.8311,1,3,0.06181,3,0,Chase
109.001,102.355,Normal input slower flight,0.8256,1,1,0.00350,3,0,Chase
109.105,102.455,Normal input slower flight,0.8202,1,0,0.00603,3,0,Chase
109.206,102.555,Normal input slower flight,0.8127,1,0,0.12240,3,0,Chase
109.307,102.655,Normal input slower flight,0.8042,1,0,0.02167,3,0,Chase
109.408,102.755,Normal input slower flight,0.7959,1,0,0.17613,3,0,Chase
109.511,102.855,Normal input slower flight,0.7877,1,2,0.09589,3,0,Chase
109.614,102.955,Normal input slower flight,0.7803,1,2,0.01079,3,0,Chase
109.720,103.075,Normal input slower flight,0.7800,1,5,0.19607,3,0,Chase
109.822,103.175,Normal input slower flight,0.7783,1,4,0.13896,3,0,Chase
109.922,103.275,Normal input slower flight,0.7783,1,5,0.08749,3,0,Chase
110.024,103.375,Normal input slower flight,0.7766,1,2,0.01153,3,0,Chase
110.127,103.475,Normal input slower flight,0.7750,1,1,0.00282,3,0,Chase
110.229,103.575,Normal input slower flight,0.7702,1,0,0.00216,3,0,Chase
110.329,103.675,Normal input slower flight,0.7650,1,0,0.00182,3,0,Chase
110.431,103.775,Normal input slower flight,0.7587,1,0,0.00211,3,0,Chase
110.531,103.875,Normal input slower flight,0.7532,1,2,0.04576,3,0,Chase
110.633,103.975,Normal input slower flight,0.7487,1,2,0.01228,3,0,Chase
110.734,104.075,Normal input slower flight,0.7695,1,6,0.11428,3,1,Chase
110.834,104.175,Normal input slower flight,0.8011,1,6,0.08115,3,1,Chase
110.935,104.275,Normal input slower flight,0.8226,1,6,0.02550,3,1,Chase
111.040,104.395,Normal input slower flight,0.8332,1,2,0.01587,3,1,Chase
111.142,104.495,Normal input slower flight,0.8421,1,2,0.00406,3,1,Chase
111.246,104.595,Normal input slower flight,0.8417,1,2,0.03921,3,1,Chase
111.346,104.694,Normal input slower flight,0.8412,1,2,0.00664,3,1,Chase
111.449,104.794,Normal input slower flight,0.8383,1,1,0.00928,3,1,Chase
111.554,104.894,Normal input slower flight,0.8334,1,1,0.00335,3,1,Chase
111.660,105.014,Normal input slower flight,0.8318,1,3,0.03642,3,1,Chase
111.763,105.114,Normal input slower flight,0.8288,1,5,0.03205,3,1,Chase
111.867,105.214,Normal input slower flight,0.8322,1,3,0.02365,3,1,Chase
111.970,105.314,Normal input slower flight,0.8337,1,1,0.00227,3,1,Chase
112.073,105.414,Normal input slower flight,0.8371,1,2,0.03825,3,1,Chase
112.173,105.514,Normal input slower flight,0.8501,1,2,0.00975,3,1,Chase
112.276,105.614,Normal input slower flight,0.8517,1,1,0.03103,3,1,Chase
112.376,105.714,Normal input slower flight,0.8559,1,0,0.05139,3,1,Chase
112.477,105.814,Normal input slower flight,0.8554,1,0,0.10156,3,1,Chase
112.581,105.934,Normal input slower flight,0.8549,1,0,0.00133,3,1,Chase
112.682,106.034,Normal input slower flight,0.8546,1,3,0.01998,3,2,Chase
112.785,106.134,Normal input slower flight,0.8786,1,4,0.07538,3,2,Chase
112.887,106.234,Normal input slower flight,0.8990,1,4,0.06860,3,2,Chase
112.989,106.334,Normal input slower flight,0.9132,1,3,0.02043,3,2,Chase
113.091,106.434,Normal input slower flight,0.9258,1,2,0.01268,3,2,Chase
113.195,106.534,Normal input slower flight,0.9307,1,2,0.02140,3,2,Chase
113.302,106.654,Normal input slower flight,0.9314,1,3,0.03129,3,2,Chase
113.402,106.754,Normal input slower flight,0.9354,1,3,0.01378,3,2,Chase
113.505,106.854,Normal input slower flight,0.9323,1,2,0.00787,3,2,Chase
113.605,106.954,Normal input slower flight,0.9344,1,3,0.04481,3,2,Chase
113.707,107.054,Normal input slower flight,0.9334,1,3,0.02918,3,2,Chase
113.814,107.154,Normal input slower flight,0.9328,0,2,0.09939,4,1,Explosion
113.920,107.274,Normal input slower flight,0.9422,1,1,0.10722,4,1,Explosion
114.021,107.374,Normal input slower flight,0.9422,1,1,0.07071,4,1,Explosion
114.122,107.474,Normal input slower flight,0.9434,1,1,0.04500,4,1,Explosion
114.224,107.574,Normal input slower flight,0.9409,1,1,0.03714,4,1,Explosion
114.324,107.674,Normal input slower flight,0.9383,1,3,0.09196,4,1,Explosion
114.428,107.774,Normal input slower flight,0.9374,1,3,0.06279,4,1,Explosion
114.530,107.874,Normal input slower flight,0.9324,1,3,0.10086,4,1,Explosion
114.633,107.974,Normal input slower flight,0.9301,1,3,0.04047,4,1,Explosion
114.736,108.074,Normal input slower flight,0.9245,1,3,0.03705,4,1,Explosion
114.840,108.194,Normal input slower flight,0.9187,1,3,0.03863,4,1,Explosion
114.945,108.294,Normal input slower flight,0.9117,1,2,0.03274,4,1,Chase
115.049,108.394,Normal input slower flight,0.9028,1,2,0.01887,4,1,Chase
115.155,108.494,Normal input slower flight,0.8939,1,1,0.00319,4,1,Chase
115.256,108.594,Normal input slower flight,0.8821,1,1,0.04391,4,1,Chase
115.360,108.714,Normal input slower flight,0.8767,0,2,0.12979,5,0,Chase
115.464,108.814,Normal input slower flight,0.8687,1,2,0.08073,5,0,Chase
115.566,108.914,Normal input slower flight,0.8605,1,2,0.06739,5,0,Chase
115.667,109.014,Normal input slower flight,0.8519,1,2,0.04619,5,0,Chase
115.771,109.114,Normal input slower flight,0.8406,1,2,0.02022,5,0,Chase
115.873,109.214,Normal input slower flight,0.8308,1,4,0.08663,5,0,Chase
115.974,109.314,Normal input slower flight,0.8215,1,4,0.02262,5,0,Chase
116.074,109.414,Normal input slower flight,0.8118,1,4,0.10433,5,0,Chase
116.175,109.514,Normal input slower flight,0.8016,1,2,0.05230,5,0,Chase
116.281,109.634,Normal input slower flight,0.7892,1,2,0.13847,5,0,Chase
116.383,109.734,Normal input slower flight,0.7778,1,2,0.01042,5,0,Chase
116.487,109.834,Normal input slower flight,0.7636,1,2,0.12788,5,0,Chase
116.589,109.934,Normal input slower flight,0.7503,1,1,0.00257,5,0,Chase
116.691,110.034,Normal input slower flight,0.7366,1,1,0.11596,5,0,Chase
116.795,110.134,Normal input slower flight,0.7219,1,1,0.13533,5,0,Chase
116.895,110.234,Normal input slower flight,0.7085,1,1,0.12400,5,0,Chase
117.000,110.354,Normal input slower flight,0.6932,1,1,0.09739,5,0,Chase
117.102,110.454,Normal input slower flight,0.6787,1,1,0.00483,5,0,Chase
117.203,110.554,Normal input slower flight,0.6657,1,3,0.12532,5,0,Chase
117.306,110.653,Normal input slower flight,0.6539,1,3,0.03019,5,0,Chase
117.407,110.753,Normal input slower flight,0.6430,1,2,0.01163,5,0,Chase
117.510,110.853,Normal input slower flight,0.6297,1,1,0.00226,5,0,Chase
117.613,110.953,Normal input slower flight,0.6173,1,1,0.00289,5,0,Chase
117.719,111.073,Normal input slower flight,0.6039,1,1,0.05656,5,0,Chase
117.820,111.173,Normal input slower flight,0.5909,1,1,0.10457,5,0,Chase
117.922,111.273,Normal input slower flight,0.5780,1,1,0.01113,5,0,Chase
118.025,111.373,Normal input slower flight,0.5671,1,2,0.11329,5,0,Chase
118.126,111.473,Normal input slower flight,0.5569,1,2,0.11601,5,0,Chase
118.227,111.573,Normal input slower flight,0.5471,1,3,0.13596,5,0,Chase
118.327,111.673,Normal input slower flight,0.5395,1,2,0.03092,5,0,Chase
118.431,111.773,Normal input slower flight,0.5313,1,2,0.05526,5,0,Chase
118.531,111.873,Normal input slower flight,0.5227,1,1,0.06434,5,0,Chase
118.631,111.973,Normal input slower flight,0.5145,1,1,0.01143,5,0,Chase
118.734,112.073,Normal input slower flight,0.5043,1,0,0.14652,5,0,Chase
118.835,112.173,Normal input slower flight,0.4944,1,0,0.15448,5,0,Chase
118.940,112.293,Normal input slower flight,0.4841,1,0,0.09128,5,0,Chase
119.042,112.393,Normal input slower flight,0.4758,1,2,0.03033,5,0,Chase
119.143,112.493,Normal input slower flight,0.4691,1,2,0.00654,5,0,Chase
119.246,112.593,Normal input slower flight,0.4606,1,1,0.02922,5,0,Chase
119.347,112.693,Normal input slower flight,0.4529,1,0,0.01096,5,0,Chase
119.449,112.793,Normal input slower flight,0.4446,1,0,0.00269,5,0,Chase
119.552,112.893,Normal input slower flight,0.4358,1,0,0.02633,5,0,Chase
119.652,112.993,Normal input slower flight,0.4277,1,0,0.00908,5,0,Chase
119.755,113.093,Normal input slower flight,0.4180,1,0,0.00664,5,0,Chase
119.856,113.193,Normal input slower flight,0.4090,1,0,0.01898,5,0,Chase
119.961,113.313,Normal input slower flight,0.3994,1,0,0.00994,5,0,Chase
120.065,113.413,Normal input slower flight,0.3893,1,0,0.03355,5,0,Chase
120.166,113.513,Normal input slower flight,0.3800,1,0,0.02444,5,0,Chase
120.269,113.613,Normal input slower flight,0.3700,1,0,0.00975,5,0,Chase
120.373,113.713,Normal input slower flight,0.3606,1,0,0.00568,5,0,Chase
120.475,113.813,Normal input slower flight,0.3509,1,0,0.01140,5,0,Chase
120.576,113.913,Normal input slower flight,0.3417,1,0,0.03970,5,0,Chase
120.680,114.033,Normal input slower flight,0.3323,1,0,0.02053,5,0,Chase
120.781,114.133,Normal input slower flight,0.3224,1,0,0.00759,5,0,Chase
120.882,114.233,Normal input slower flight,0.3158,1,2,0.02853,5,0,Chase
120.984,114.333,Normal input slower flight,0.3090,1,2,0.01156,5,0,Chase
121.086,114.433,Normal input slower flight,0.3024,1,1,0.01880,5,0,Chase
121.189,114.533,Normal input slower flight,0.2958,1,0,0.02158,5,0,Chase
121.292,114.633,Normal input slower flight,0.2888,1,0,0.00202,5,0,Chase
121.392,114.733,Normal input slower flight,0.2826,1,1,0.02082,5,0,Chase
121.494,114.833,Normal input slower flight,0.2757,1,1,0.01925,5,0,Chase
121.601,114.953,Normal input slower flight,0.2691,1,0,0.01354,5,0,Chase
121.701,115.053,Normal input slower flight,0.2623,0,0,0.00132,5,0,Chase
121.802,115.153,Normal input slower flight,0.2553,0,0,0.00152,5,0,Chase
121.906,115.253,Normal input slower flight,0.2505,0,2,0.10119,5,0,Chase
122.007,115.353,Normal input slower flight,0.2462,0,2,0.01773,5,0,Chase
122.107,115.453,Normal input slower flight,0.2421,0,1,0.00319,5,0,Chase
122.209,115.553,Normal input slower flight,0.2376,0,0,0.00167,5,0,Chase
122.310,115.653,Normal input slower flight,0.2329,0,0,0.00166,5,0,Chase
122.411,115.753,Normal input slower flight,0.2283,0,0,0.00168,5,0,Chase
122.513,115.853,Normal input slower flight,0.2232,0,0,0.00166,5,0,Chase
122.615,115.953,Normal input slower flight,0.2184,0,0,0.00167,5,0,Chase
122.721,116.073,Normal input slower flight,0.2133,0,0,0.00168,5,0,Chase
122.822,116.173,Normal input slower flight,0.2083,0,0,0.00170,5,0,Chase
122.925,116.273,Normal input slower flight,0.2033,0,0,0.00170,5,0,Chase
123.026,116.373,Normal input slower flight,0.1982,0,0,0.00170,5,0,Chase
123.127,116.473,Normal input slower flight,0.1935,0,0,0.00173,5,0,Chase
123.231,116.572,Normal input slower flight,0.1882,0,0,0.00175,5,0,Chase
123.332,116.672,Normal input slower flight,0.1832,0,0,0.00170,5,0,Chase
123.433,116.772,Normal input slower flight,0.1782,0,0,0.00172,5,0,Chase
123.534,116.872,Normal input slower flight,0.1733,0,0,0.00170,5,0,Chase
123.635,116.972,Normal input slower flight,0.1685,0,0,0.00169,5,0,Chase
123.740,117.092,Normal input slower flight,0.1634,0,0,0.00169,5,0,Chase
123.842,117.192,Normal input slower flight,0.1586,0,0,0.00168,5,0,Chase
123.945,117.292,Normal input slower flight,0.1537,0,0,0.00167,5,0,Chase
124.049,117.392,Normal input slower flight,0.1490,0,0,0.00168,5,0,Chase
124.151,117.492,Normal input slower flight,0.1446,0,0,0.00168,5,0,Chase
124.256,117.592,Normal input slower flight,0.1399,0,0,0.00169,5,0,Chase
124.360,117.712,Normal input slower flight,0.1357,0,0,0.00168,5,0,Chase
124.463,117.812,Normal input slower flight,0.1314,0,0,0.00167,5,0,Chase
124.567,117.912,Normal input slower flight,0.1272,0,0,0.00170,5,0,Chase
124.670,118.012,Normal input slower flight,0.1232,0,0,0.00170,5,0,Chase
124.770,118.112,Normal input slower flight,0.1193,0,0,0.00173,5,0,Chase
124.874,118.212,Normal input slower flight,0.1155,0,0,0.00171,5,0,Chase
124.976,118.312,Normal input slower flight,0.1118,0,0,0.00171,5,0,Chase
125.080,118.432,Normal input slower flight,0.1083,0,0,0.00171,5,0,Chase
125.181,118.532,Normal input slower flight,0.1048,0,0,0.00168,5,0,Chase
125.283,118.632,Normal input slower flight,0.1012,0,0,0.00169,5,0,Chase
125.385,118.732,Normal input slower flight,0.0977,0,0,0.00167,5,0,Chase
125.489,118.832,Normal input slower flight,0.0943,0,0,0.00168,5,0,Chase
125.590,118.932,Normal input slower flight,0.0911,0,0,0.00166,5,0,Chase
125.694,119.032,Normal input slower flight,0.0879,0,0,0.00163,5,0,Chase
125.800,119.152,Normal input slower flight,0.0848,0,0,0.00168,5,0,Chase
125.901,119.252,Normal input slower flight,0.0820,0,0,0.00170,5,0,Chase
126.001,119.352,Normal input slower flight,0.0790,0,0,0.00169,5,0,Chase
126.103,119.452,Normal input slower flight,0.0762,0,0,0.00169,5,0,Chase
126.205,119.552,Normal input slower flight,0.0732,0,0,0.00170,5,0,Chase
126.306,119.652,Normal input slower flight,0.0704,0,0,0.00171,5,0,Chase
126.408,119.752,Normal input slower flight,0.0677,0,0,0.00173,5,0,Chase
126.510,119.852,Normal input slower flight,0.0651,0,0,0.00169,5,0,Chase
126.610,119.952,Normal input slower flight,0.0626,0,0,0.00174,5,0,Chase
126.711,120.052,Normal input slower flight,0.0602,0,0,0.00173,5,0,Chase
126.812,120.152,Normal input slower flight,0.0580,0,0,0.00172,5,0,Chase
126.912,120.252,Normal input slower flight,0.0557,0,0,0.00169,5,0,Chase
127.016,120.352,Normal input slower flight,0.0534,0,0,0.00166,5,0,Chase
127.124,120.472,Normal input slower flight,0.0511,0,0,0.00166,5,0,Chase
127.226,120.572,Normal input slower flight,0.0489,0,0,0.00168,5,0,Chase
127.328,120.672,Normal input slower flight,0.0469,0,0,0.00168,5,0,Chase
127.433,120.772,Normal input slower flight,0.0449,0,0,0.00170,5,0,Chase
127.533,120.872,Normal input slower flight,0.0431,0,0,0.00167,5,0,Chase
127.635,120.972,Normal input slower flight,0.0413,0,0,0.00166,5,0,Chase
127.741,121.092,Normal input slower flight,0.0396,0,0,0.00168,5,0,Chase
127.845,121.192,Normal input slower flight,0.0379,0,0,0.00170,5,0,Chase
127.947,121.292,Normal input slower flight,0.0364,0,0,0.00169,5,0,Chase
128.050,121.392,Normal input slower flight,0.0348,0,0,0.00170,5,0,Chase
128.151,121.492,Normal input slower flight,0.0334,0,0,0.00171,5,0,Chase
128.255,121.592,Normal input slower flight,0.0320,0,0,0.00171,5,0,Chase
128.360,121.712,Normal input slower flight,0.0307,0,0,0.00173,5,0,Chase
128.461,121.812,Normal input slower flight,0.0295,0,0,0.00173,5,0,Chase
128.561,121.912,Normal input slower flight,0.0283,0,0,0.00167,5,0,Chase
128.663,122.012,Normal input slower flight,0.0271,0,0,0.00168,5,0,Chase
128.766,122.112,Normal input slower flight,0.0258,0,0,0.00168,5,0,Chase
128.870,122.212,Normal input slower flight,0.0246,0,0,0.00168,5,0,Chase
128.971,122.312,Normal input slower flight,0.0234,0,0,0.00167,5,0,Chase
129.073,122.412,Normal input slower flight,0.0224,0,0,0.00167,5,0,Chase
129.175,122.512,Normal input slower flight,0.0213,0,0,0.00166,5,0,Chase
129.276,122.611,Normal input slower flight,0.0203,0,0,0.00168,5,0,Chase
129.382,122.731,Normal input slower flight,0.0194,0,0,0.00168,5,0,Chase
129.485,122.831,Normal input slower flight,0.0184,0,0,0.00170,5,0,Chase
129.586,122.931,Normal input slower flight,0.0176,0,0,0.00170,5,0,Chase
129.689,123.031,Normal input slower flight,0.0167,0,0,0.00170,5,0,Chase
129.790,123.131,Normal input slower flight,0.0158,0,0,0.00170,5,0,Chase
129.895,123.231,Normal input slower flight,0.0149,0,0,0.00173,5,0,Chase
129.995,123.331,Normal input slower flight,0.0141,0,0,0.00170,5,0,Chase
130.096,123.431,Normal input slower flight,0.0133,0,0,0.00170,5,0,Chase
130.203,123.551,Normal input slower flight,0.0126,0,0,0.00169,5,0,Chase
130.305,123.651,Normal input slower flight,0.0119,0,0,0.00166,5,0,Chase
130.406,123.751,Normal input slower flight,0.0112,0,0,0.00169,5,0,Chase
130.509,123.851,Normal input slower flight,0.0106,0,0,0.00168,5,0,Chase
130.612,123.951,Normal input slower flight,0.0100,0,0,0.00165,5,0,Chase
130.714,124.051,Normal input slower flight,0.0094,0,0,0.00168,5,0,Chase
130.816,124.151,Normal input slower flight,0.0089,0,0,0.00169,5,0,Chase
130.923,124.271,Normal input slower flight,0.0084,0,0,0.00166,5,0,Chase
131.027,124.371,Normal input slower flight,0.0079,0,0,0.00168,5,0,Chase
131.128,124.471,Normal input slower flight,0.0075,0,0,0.00169,5,0,Chase
131.228,124.571,Normal input slower flight,0.0071,0,0,0.00171,5,0,Chase
131.329,124.671,Normal input slower flight,0.0067,0,0,0.00171,5,0,Chase
131.432,124.771,Normal input slower flight,0.0063,0,0,0.00171,5,0,Chase
131.536,124.871,Normal input slower flight,0.0060,0,0,0.00173,5,0,Chase
131.640,124.991,Normal input slower flight,0.0057,0,0,0.00170,5,0,Chase
131.741,125.091,Normal input slower flight,0.0053,0,0,0.00169,5,0,Chase
131.844,125.191,Normal input slower flight,0.0050,0,0,0.00168,5,0,Chase
131.945,125.291,Normal input slower flight,0.0048,0,0,0.00170,5,0,Chase
132.048,125.391,Normal input slower flight,0.0045,0,0,0.00169,5,0,Chase
132.151,125.491,Normal input slower flight,0.0043,0,0,0.00167,5,0,Chase
132.253,125.591,Normal input slower flight,0.0040,0,0,0.00165,5,0,Chase
132.354,125.691,Normal input slower flight,0.0038,0,0,0.00166,5,0,Chase
132.456,125.791,Normal input slower flight,0.0036,0,0,0.00165,5,0,Chase
132.561,125.911,Normal input slower flight,0.0034,0,0,0.00169,5,0,Chase
132.665,126.011,Normal input slower flight,0.0032,0,0,0.00166,5,0,Chase
132.768,126.111,Normal input slower flight,0.0030,0,0,0.00167,5,0,Chase
132.872,126.211,Normal input slower flight,0.0028,0,0,0.00168,5,0,Chase
132.974,126.311,Normal input slower flight,0.0027,0,0,0.00170,5,0,Chase
133.079,126.431,Normal input slower flight,0.0025,0,0,0.00171,5,0,Chase
133.181,126.531,Normal input slower flight,0.0024,0,0,0.00172,5,0,Chase
133.281,126.631,Normal input slower flight,0.0023,0,0,0.00174,5,0,Chase
133.382,126.731,Normal input slower flight,0.0021,0,0,0.00169,5,0,Chase
133.482,126.831,Normal input slower flight,0.0020,0,0,0.00172,5,0,Chase
133.585,126.931,Normal input slower flight,0.0019,0,0,0.00169,5,0,Chase
133.686,127.031,Normal input slower flight,0.0018,0,0,0.00168,5,0,Chase
133.790,127.131,Normal input slower flight,0.0017,0,0,0.00165,5,0,Chase
133.893,127.231,Normal input slower flight,0.0016,0,0,0.00165,5,0,Chase
133.996,127.331,Normal input slower flight,0.0015,0,0,0.00167,5,0,Chase
134.102,127.451,Normal input slower flight,0.0014,0,0,0.00166,5,0,Chase
134.203,127.551,Normal input slower flight,0.0014,0,0,0.00169,5,0,Chase
134.306,127.651,Normal input slower flight,0.0013,0,0,0.00167,5,0,Chase
134.410,127.751,Normal input slower flight,0.0012,0,0,0.00170,5,0,Chase
134.514,127.851,Normal input slower flight,0.0011,0,0,0.00170,5,0,Chase
134.620,127.971,Normal input slower flight,0.0011,0,0,0.00170,5,0,Chase
134.722,128.071,Normal input slower flight,0.0010,0,0,0.00170,5,0,Chase
134.822,128.171,Normal input slower flight,0.0010,0,0,0.00171,5,0,Chase
134.925,128.271,Normal input slower flight,0.0009,0,0,0.00171,5,0,Chase
135.027,128.371,Normal input slower flight,0.0009,0,0,0.00172,5,0,Chase
135.132,128.471,Normal input slower flight,0.0008,0,0,0.00172,5,0,Chase
135.233,128.571,Normal input slower flight,0.0008,0,0,0.00169,5,0,Chase
135.333,128.671,Normal input slower flight,0.0007,0,0,0.00170,5,0,Chase
135.436,128.771,Normal input slower flight,0.0007,0,0,0.00170,5,0,Chase
135.542,128.891,Normal input slower flight,0.0006,0,0,0.00168,5,0,Chase
135.647,128.991,Normal input slower flight,0.0006,0,0,0.00166,5,0,Chase
135.747,129.091,Normal input slower flight,0.0006,0,0,0.00166,5,0,Chase
135.849,129.191,Normal input slower flight,0.0005,0,0,0.00166,5,0,Chase
135.950,129.291,Normal input slower flight,0.0005,0,0,0.00167,5,0,Chase
136.053,129.391,Normal input slower flight,0.0005,0,0,0.00168,5,0,Chase
136.156,129.491,Normal input slower flight,0.0005,0,0,0.00169,5,0,Chase
136.261,129.611,Normal input slower flight,0.0004,0,0,0.00169,5,0,Chase
136.362,129.711,Normal input slower flight,0.0004,0,0,0.00170,5,0,Chase
136.466,129.811,Normal input slower flight,0.0004,0,0,0.00167,5,0,Chase
136.568,129.911,Normal input slower flight,0.0004,0,0,0.00174,5,0,Chase
136.671,130.011,Normal input slower flight,0.0003,0,0,0.00172,5,0,Chase
136.774,130.111,Normal input slower flight,0.0003,0,0,0.00168,5,0,Chase
136.880,130.231,Normal input slower flight,0.0003,0,0,0.00169,5,0,Chase
136.981,130.331,Normal input slower flight,0.0003,0,0,0.00170,5,0,Chase
137.082,130.431,Normal input slower flight,0.0003,0,0,0.00166,5,0,Chase
137.185,130.531,Normal input slower flight,0.0003,0,0,0.00168,5,0,Chase
137.285,130.631,Normal input slower flight,0.0002,0,0,0.00166,5,0,Chase
137.388,130.731,Normal input slower flight,0.0002,0,0,0.00167,5,0,Chase
137.492,130.831,Normal input slower flight,0.0002,0,0,0.00167,5,0,Chase
137.592,130.931,Normal input slower flight,0.0002,0,0,0.00168,5,0,Chase
137.694,131.031,Normal input slower flight,0.0002,0,0,0.00168,5,0,Chase
137.795,131.131,Normal input slower flight,0.0002,0,0,0.00169,5,0,Chase
137.897,131.231,Normal input slower flight,0.0002,0,0,0.00170,5,0,Chase
138.003,131.351,Normal input slower flight,0.0002,0,0,0.00168,5,0,Chase
138.105,131.451,Normal input slower flight,0.0002,0,0,0.00171,5,0,Chase
138.205,131.551,Normal input slower flight,0.0001,0,0,0.00171,5,0,Chase
138.307,131.651,Normal input slower flight,0.0001,0,0,0.00167,5,0,Chase
138.411,131.751,Normal input slower flight,0.0001,0,0,0.00166,5,0,Chase
138.513,131.851,Normal input slower flight,0.0001,0,0,0.00170,5,0,Chase
138.613,131.951,Normal input slower flight,0.0001,0,0,0.00166,5,0,Chase
138.716,132.051,Normal input slower flight,0.0001,0,0,0.00168,5,0,Chase
138.823,132.171,Normal input slower flight,0.0001,0,0,0.00167,5,0,Chase
138.926,132.271,Normal input slower flight,0.0031,1,2,0.14265,5,0,Chase
139.029,132.372,Normal input slower flight,0.0120,1,2,0.03873,5,0,Chase
139.129,132.472,Normal input slower flight,0.0192,1,2,0.00385,5,0,Chase
139.231,132.572,Normal input slower flight,0.0246,1,0,0.00207,5,0,Chase
139.334,132.672,Normal input slower flight,0.0290,1,0,0.00146,5,0,Chase
139.434,132.772,Normal input slower flight,0.0357,1,3,0.22002,5,0,Chase
139.536,132.872,Normal input slower flight,0.0561,1,3,0.02737,5,0,Chase
139.636,132.972,Normal input slower flight,0.0728,1,3,0.09904,5,0,Chase
139.742,133.092,Normal input slower flight,0.0848,1,0,0.06743,5,0,Chase
139.845,133.192,Normal input slower flight,0.0948,1,0,0.10423,5,0,Chase
139.947,133.292,Normal input slower flight,0.1017,1,0,0.07330,5,0,Chase
140.050,133.392,Normal input slower flight,0.1063,1,0,0.09160,5,0,Chase
140.151,133.492,Normal input slower flight,0.1101,1,0,0.07412,5,0,Chase
140.254,133.592,Normal input slower flight,0.1113,1,0,0.04499,5,0,Chase
140.355,133.692,Normal input slower flight,0.1123,1,0,0.02445,5,0,Chase
140.461,133.812,Normal input slower flight,0.1124,1,0,0.00118,5,0,Chase
140.561,133.912,Normal input slower flight,0.1121,1,0,0.00153,5,0,Chase
140.662,134.012,Normal input slower flight,0.1117,1,0,0.01258,5,0,Chase
140.763,134.112,Normal input slower flight,0.1237,1,3,0.07216,5,0,Chase
140.867,134.212,Normal input slower flight,0.1405,1,3,0.03116,5,0,Chase
140.969,134.312,Normal input slower flight,0.1513,1,2,0.02635,5,0,Chase
141.070,134.412,Normal input slower flight,0.1593,1,0,0.07533,5,0,Chase
141.172,134.512,Normal input slower flight,0.1651,1,0,0.08990,5,0,Chase
141.274,134.612,Normal input slower flight,0.1677,1,0,0.00437,5,0,Chase
141.376,134.712,Normal input slower flight,0.1698,1,0,0.02934,5,0,Chase
141.481,134.832,Normal input slower flight,0.1700,1,0,0.11335,5,0,Chase
141.584,134.932,Normal input slower flight,0.1696,1,0,0.00505,5,0,Chase
141.686,135.032,Normal input slower flight,0.1690,1,0,0.05816,5,0,Chase
141.788,135.132,Normal input slower flight,0.1679,1,0,0.12352,5,0,Chase
141.889,135.232,Normal input slower flight,0.1668,1,0,0.05348,5,0,Chase
141.992,135.332,Normal input slower flight,0.1651,1,0,0.10449,5,0,Chase
142.094,135.432,Normal input slower flight,0.1635,1,0,0.08761,5,0,Chase
142.194,135.532,Normal input slower flight,0.1616,1,0,0.01689,5,0,Chase
142.300,135.652,Normal input slower flight,0.1595,1,0,0.02785,5,0,Chase
142.404,135.752,Normal input slower flight,0.1573,1,0,0.04346,5,0,Chase
142.507,135.852,Normal input slower flight,0.1554,1,2,0.01445,5,0,Chase
142.607,135.952,Normal input slower flight,0.1583,1,2,0.02800,5,0,Chase
142.710,136.052,Normal input slower flight,0.1592,1,2,0.00549,5,0,Chase
142.812,136.152,Normal input slower flight,0.1591,1,1,0.00259,5,0,Chase
142.912,136.252,Normal input slower flight,0.1601,1,2,0.00115,5,0,Chase
143.016,136.352,Normal input slower flight,0.1853,1,4,0.04378,5,0,Chase
143.120,136.472,Normal input slower flight,0.2064,1,4,0.01045,5,0,Chase
143.222,136.572,Normal input slower flight,0.2204,1,2,0.00246,5,0,Chase
143.325,136.672,Normal input slower flight,0.2311,1,0,0.00207,5,0,Chase
143.428,136.772,Normal input slower flight,0.2384,1,0,0.01164,5,0,Chase
143.532,136.872,Normal input slower flight,0.2414,1,0,0.00257,5,0,Chase
143.634,136.972,Normal input slower flight,0.2439,1,0,0.01443,5,0,Chase
143.736,137.073,Normal input slower flight,0.2436,1,0,0.01566,5,0,Chase
143.842,137.193,Normal input slower flight,0.2516,1,3,0.08066,5,0,Chase
143.944,137.293,Normal input slower flight,0.2669,1,3,0.01426,5,0,Chase
144.046,137.393,Normal input slower flight,0.2762,1,2,0.01062,5,0,Chase
144.149,137.493,Normal input slower flight,0.2840,1,0,0.00306,5,0,Chase
144.252,137.593,Normal input slower flight,0.2973,1,3,0.05619,5,0,Chase
144.355,137.693,Normal input slower flight,0.3177,1,3,0.02200,5,0,Chase
144.460,137.813,Normal input slower flight,0.3304,1,2,0.01410,5,0,Chase
144.561,137.913,Normal input slower flight,0.3384,0,0,0.00131,5,0,Chase
144.663,138.013,Normal input slower flight,0.3443,0,0,0.00154,5,0,Chase
144.764,138.113,Normal input slower flight,0.3443,0,0,0.00171,5,0,Chase
144.865,138.213,Normal input slower flight,0.3442,0,0,0.00170,5,0,Chase
144.966,138.313,Normal input slower flight,0.3430,0,0,0.00173,5,0,Chase
145.069,138.413,Normal input slower flight,0.3413,0,0,0.00172,5,0,Chase
145.172,138.513,Normal input slower flight,0.3525,0,3,0.10955,5,0,Chase
145.274,138.613,Normal input slower flight,0.3579,0,3,0.03027,5,0,Chase
145.375,138.713,Normal input slower flight,0.3622,0,2,0.00490,5,0,Chase
145.475,138.813,Normal input slower flight,0.3625,0,0,0.00168,5,0,Chase
145.576,138.913,Normal input slower flight,0.3618,0,0,0.00166,5,0,Chase
145.676,139.013,Normal input slower flight,0.3606,0,0,0.00165,5,0,Chase
145.780,139.133,Normal input slower flight,0.3582,0,0,0.00169,5,0,Chase
145.883,139.233,Normal input slower flight,0.3559,0,0,0.00168,5,0,Chase
145.985,139.333,Normal input slower flight,0.3524,0,0,0.00168,5,0,Chase
146.087,139.433,Normal input slower flight,0.3490,0,1,0.02693,5,0,Chase
146.193,139.533,Normal input slower flight,0.3452,0,1,0.00558,5,0,Chase
146.296,139.633,Normal input slower flight,0.3408,0,0,0.00171,5,0,Chase
146.400,139.753,Normal input slower flight,0.3420,0,3,0.16760,5,0,Chase
146.504,139.853,Normal input slower flight,0.3619,0,6,0.07196,5,0,Chase
146.605,139.953,Normal input slower flight,0.3888,0,5,0.04435,5,0,Chase
146.709,140.053,Normal input slower flight,0.4063,0,3,0.00736,5,0,Chase
146.811,140.153,Normal input slower flight,0.4173,0,1,0.00257,5,0,Chase
146.912,140.253,Normal input slower flight,0.4272,0,2,0.15645,5,0,Chase
147.015,140.353,Normal input slower flight,0.4371,0,2,0.02848,5,0,Chase
147.115,140.453,Normal input slower flight,0.4451,0,2,0.00779,5,0,Chase
147.222,140.573,Normal input slower flight,0.4472,0,0,0.00183,5,0,Chase
147.322,140.673,Normal input slower flight,0.4517,0,3,0.22174,5,0,Chase
147.423,140.773,Normal input slower flight,0.4681,0,3,0.05135,5,0,Chase
147.526,140.873,Normal input slower flight,0.4749,0,3,0.00604,5,0,Chase
147.626,140.973,Normal input slower flight,0.4803,0,0,0.00168,5,0,Chase
147.728,141.073,Normal input slower flight,0.4873,0,3,0.22758,5,0,Chase
147.829,141.173,Normal input slower flight,0.5038,0,3,0.05408,5,0,Chase
147.929,141.273,Normal input slower flight,0.5145,0,3,0.01071,5,0,Chase
148.031,141.373,Normal input slower flight,0.5175,0,0,0.00187,5,0,Chase
148.135,141.473,Normal input slower flight,0.5201,0,0,0.00172,5,0,Chase
148.236,141.573,Normal input slower flight,0.5186,0,0,0.00171,5,0,Chase
148.342,141.694,Normal input slower flight,0.5167,0,0,0.00169,5,0,Chase
148.444,141.794,Normal input slower flight,0.5136,0,0,0.00170,5,0,Chase
148.546,141.894,Normal input slower flight,0.5095,0,0,0.00169,5,0,Chase
148.647,141.994,Normal input slower flight,0.5079,0,2,0.04585,5,0,Chase
148.749,142.094,Normal input slower flight,0.5066,0,3,0.04685,5,0,Chase
148.851,142.194,Normal input slower flight,0.5062,0,2,0.00765,5,0,Chase
148.954,142.294,Normal input slower flight,0.5044,0,1,0.00343,5,0,Chase
149.056,142.394,Normal input slower flight,0.5016,0,0,0.00168,5,0,Chase
149.157,142.494,Normal input slower flight,0.5020,0,2,0.06536,5,0,Chase
149.261,142.614,Normal input slower flight,0.5001,0,2,0.01128,5,0,Chase
149.364,142.714,Normal input slower flight,0.4983,0,1,0.00284,5,0,Chase
149.465,142.814,Normal input slower flight,0.4950,1,0,0.00170,5,0,Chase
149.565,142.914,Normal input slower flight,0.4915,1,1,0.03252,5,0,Chase
149.667,143.014,Normal input slower flight,0.4878,1,1,0.00487,5,0,Chase
149.769,143.114,Normal input slower flight,0.4825,1,0,0.00278,5,0,Chase
149.870,143.214,Normal input slower flight,0.4781,1,2,0.00414,5,0,Chase
149.971,143.314,Normal input slower flight,0.4817,1,4,0.06317,5,0,Chase
150.074,143.414,Normal input slower flight,0.4893,1,4,0.01724,5,0,Chase
150.180,143.534,Normal input slower flight,0.4935,1,2,0.06562,5,0,Chase
150.281,143.634,Normal input slower flight,0.4926,1,0,0.13396,5,0,Chase
150.384,143.734,Normal input slower flight,0.4943,1,2,0.01739,5,0,Chase
150.486,143.834,Normal input slower flight,0.4949,1,2,0.11515,5,0,Chase
150.589,143.934,Normal input slower flight,0.5026,1,4,0.05157,5,0,Chase
150.692,144.034,Normal input slower flight,0.5143,1,3,0.06637,5,0,Chase
150.795,144.134,Normal input slower flight,0.5201,1,3,0.03127,5,0,Chase
150.897,144.234,Normal input slower flight,0.5462,1,4,0.14167,5,0,Chase
151.002,144.354,Normal input slower flight,0.5567,1,2,0.07150,5,0,Chase
151.103,144.454,Normal input slower flight,0.5652,1,2,0.00354,5,0,Chase
151.204,144.554,Normal input slower flight,0.5703,1,3,0.01276,5,0,Chase
151.306,144.654,Normal input slower flight,0.6036,1,5,0.03421,5,0,Chase
151.409,144.754,Normal input slower flight,0.6356,1,5,0.00959,5,0,Chase
151.511,144.854,Normal input slower flight,0.6511,1,4,0.00276,5,0,Chase
151.612,144.954,Normal input slower flight,0.6641,1,0,0.13479,5,0,Chase
151.716,145.054,Normal input slower flight,0.6675,1,0,0.06250,5,0,Chase
151.823,145.174,Normal input slower flight,0.6793,1,3,0.09833,5,0,Chase
151.924,145.274,Normal input slower flight,0.6930,1,3,0.06522,5,0,Chase
152.027,145.374,Normal input slower flight,0.6953,1,2,0.05588,5,0,Chase
152.129,145.474,Normal input slower flight,0.7025,1,2,0.04127,5,0,Chase
152.232,145.574,Normal input slower flight,0.7035,1,2,0.01561,5,0,Chase
152.335,145.674,Normal input slower flight,0.7103,1,3,0.09559,5,0,Chase
152.440,145.794,Normal input slower flight,0.7130,1,2,0.03174,5,0,Chase
152.540,145.894,Normal input slower flight,0.7110,1,1,0.04020,5,0,Chase
152.641,145.994,Normal input slower flight,0.7091,1,0,0.05294,5,0,Chase
152.741,146.094,Normal input slower flight,0.7063,1,2,0.03867,5,0,Chase
152.843,146.194,Normal input slower flight,0.7042,1,2,0.09901,5,0,Chase
152.945,146.294,Normal input slower flight,0.7006,1,1,0.00285,5,0,Chase
153.046,146.395,Normal input slower flight,0.6955,1,1,0.07336,5,0,Chase
153.146,146.495,Normal input slower flight,0.6931,1,2,0.04140,5,0,Chase
153.249,146.595,Normal input slower flight,0.6908,1,3,0.03018,5,0,Chase
153.352,146.695,Normal input slower flight,0.6895,1,3,0.05775,5,0,Chase
153.455,146.795,Normal input slower flight,0.6983,1,4,0.11806,5,0,Chase
153.560,146.915,Normal input slower flight,0.7013,1,3,0.07824,5,0,Chase
153.661,147.015,Normal input slower flight,0.7031,1,2,0.01480,5,0,Chase
153.761,147.115,Normal input slower flight,0.7002,1,0,0.00897,5,0,Chase
153.864,147.215,Normal input slower flight,0.6974,1,0,0.07968,5,0,Chase
153.965,147.315,Normal input slower flight,0.6926,1,0,0.05711,5,0,Chase
154.067,147.415,Normal input slower flight,0.6869,1,0,0.04852,5,0,Chase
154.169,147.515,Normal input slower flight,0.6807,1,0,0.02691,5,0,Chase
154.270,147.615,Normal input slower flight,0.6726,1,1,0.05771,5,0,Chase
154.372,147.715,Normal input slower flight,0.6774,1,5,0.05849,5,0,Chase
154.473,147.815,Normal input slower flight,0.6914,1,6,0.04356,5,0,Chase
154.574,147.915,Normal input slower flight,0.7127,1,6,0.03508,5,0,Chase
154.674,148.015,Normal input slower flight,0.7313,1,5,0.06163,5,0,Chase
154.775,148.115,Normal input slower flight,0.7499,1,4,0.03486,5,0,Chase
154.880,148.235,Normal input slower flight,0.7715,1,2,0.01351,5,0,Chase
154.981,148.335,Normal input slower flight,0.7784,1,1,0.00627,5,0,Chase
155.083,148.435,Normal input slower flight,0.7816,1,0,0.00403,5,0,Chase
155.186,148.535,Normal input slower flight,0.7820,1,0,0.02784,5,0,Chase
155.289,148.635,Normal input slower flight,0.7870,1,4,0.08579,5,0,Chase
155.391,148.735,Normal input slower flight,0.8056,1,4,0.05175,5,0,Chase
155.492,148.835,Normal input slower flight,0.8079,1,3,0.03762,5,0,Chase
155.595,148.935,Normal input slower flight,0.8111,1,2,0.04938,5,0,Chase
155.702,149.055,Normal input slower flight,0.8155,1,2,0.01067,5,0,Chase
155.805,149.155,Normal input slower flight,0.8137,1,2,0.01703,5,0,Chase
155.907,149.255,Normal input slower flight,0.8117,1,0,0.00534,5,0,Chase
156.009,149.355,Normal input slower flight,0.8063,1,0,0.00282,5,0,Chase
156.111,149.455,Normal input slower flight,0.8189,1,3,0.06958,5,1,Chase
156.211,149.555,Normal input slower flight,0.8226,1,3,0.02460,5,1,Chase
156.313,149.655,Normal input slower flight,0.8217,0,2,0.00484,5,1,Chase
156.416,149.755,Normal input slower flight,0.8201,0,1,0.00253,5,1,Chase
156.516,149.855,Normal input slower flight,0.8184,0,3,0.02846,5,1,Chase
156.621,149.975,Normal input slower flight,0.8167,0,3,0.00543,5,1,Chase
156.725,150.075,Normal input slower flight,0.8135,0,4,0.10081,5,1,Chase
156.827,150.175,Normal input slower flight,0.8135,0,5,0.15001,5,1,Chase
156.929,150.275,Normal input slower flight,0.8193,0,5,0.05974,5,1,Chase
157.031,150.375,Normal input slower flight,0.8185,0,3,0.00983,5,1,Chase
157.131,150.475,Normal input slower flight,0.8223,0,3,0.09196,5,1,Chase
157.233,150.575,Normal input slower flight,0.8221,0,3,0.04652,5,1,Chase
157.335,150.675,Normal input slower flight,0.8218,0,2,0.01123,5,1,Chase
157.436,150.775,Normal input slower flight,0.8208,0,0,0.00166,5,1,Chase
157.541,150.895,Normal input slower flight,0.8173,0,0,0.00168,5,1,Chase
157.642,150.995,Normal input slower flight,0.8152,0,0,0.00168,5,1,Chase
157.743,151.096,Normal input slower flight,0.8148,0,2,0.02473,5,1,Chase
157.844,151.196,Normal input slower flight,0.8281,0,5,0.16772,5,1,Chase
157.946,151.296,Normal input slower flight,0.8430,0,4,0.04270,5,1,Chase
158.049,151.396,Normal input slower flight,0.8520,0,4,0.10775,5,1,Chase
158.150,151.496,Normal input slower flight,0.8747,0,3,0.07810,5,1,Chase
158.253,151.596,Normal input slower flight,0.8951,0,6,0.07934,5,1,Chase
158.354,151.696,Normal input slower flight,0.9128,0,4,0.02017,5,1,Chase
158.456,151.796,Normal input slower flight,0.9275,0,4,0.06559,5,1,Chase
158.561,151.916,Normal input slower flight,0.9398,0,2,0.01257,5,1,Chase
158.665,152.016,Normal input slower flight,0.9493,0,1,0.00238,5,1,Chase
158.769,152.116,Normal input slower flight,0.9538,0,3,0.00168,5,1,Chase
158.870,152.216,Normal input slower flight,0.9615,0,3,0.05359,5,1,Chase
158.971,152.316,Normal input slower flight,0.9680,0,3,0.01217,5,1,Chase
159.072,152.416,Normal input slower flight,0.9734,0,2,0.00186,5,1,Chase
159.173,152.516,Normal input slower flight,0.9779,0,2,0.11473,5,2,Penetration
159.276,152.616,Normal input slower flight,0.9816,0,3,0.07753,5,2,Penetration
159.377,152.716,Normal input slower flight,0.9847,1,2,0.01832,5,2,Penetration
159.483,152.836,Normal input slower flight,0.9873,1,1,0.02239,5,2,Penetration
159.588,152.936,Normal input slower flight,0.9896,1,1,0.00309,5,2,Penetration
159.689,153.036,Normal input slower flight,0.9887,1,1,0.00229,5,2,Penetration
159.792,153.136,Normal input slower flight,0.9843,1,1,0.00142,5,2,Penetration
159.895,153.236,Normal input slower flight,0.9802,1,1,0.02977,5,2,Penetration
160.001,153.356,Normal input slower flight,0.9717,1,1,0.05271,5,2,Chase
160.101,153.456,Normal input slower flight,0.9637,1,1,0.08194,5,2,Chase
160.202,153.556,Normal input slower flight,0.9539,1,1,0.00162,5,2,Chase
160.303,153.656,Normal input slower flight,0.9427,1,0,0.02017,5,2,Chase
160.407,153.756,Normal input slower flight,0.9343,1,2,0.03805,5,2,Chase
160.510,153.856,Normal input slower flight,0.9259,1,2,0.05409,5,2,Chase
160.611,153.956,Normal input slower flight,0.9183,1,1,0.01421,5,2,Chase
160.713,154.056,Normal input slower flight,0.9134,0,2,0.11946,6,1,Chase
160.816,154.156,Normal input slower flight,0.9132,1,2,0.06381,6,1,Chase
160.920,154.276,Normal input slower flight,0.9144,1,4,0.06386,6,1,Chase
161.022,154.376,Normal input slower flight,0.9135,1,3,0.02759,6,1,Chase
161.125,154.476,Normal input slower flight,0.9126,1,3,0.01983,6,1,Chase
161.227,154.576,Normal input slower flight,0.9078,1,1,0.04810,6,1,Chase
161.327,154.676,Normal input slower flight,0.9034,1,3,0.10898,6,1,Chase
161.429,154.776,Normal input slower flight,0.9006,1,3,0.11519,6,1,Chase
161.530,154.876,Normal input slower flight,0.9022,1,6,0.14290,6,2,Chase
161.634,154.976,Normal input slower flight,0.9156,1,4,0.04050,6,2,Chase
161.737,155.076,Normal input slower flight,0.9162,1,3,0.01951,6,2,Chase
161.840,155.196,Normal input slower flight,0.9260,1,4,0.04142,6,2,Chase
161.941,155.296,Normal input slower flight,0.9303,1,4,0.01947,6,2,Chase
162.042,155.396,Normal input slower flight,0.9280,1,3,0.00251,6,2,Chase
162.144,155.496,Normal input slower flight,0.9257,1,2,0.02838,6,2,Chase
162.246,155.596,Normal input slower flight,0.9187,1,2,0.00260,6,2,Chase
162.348,155.696,Normal input slower flight,0.9174,1,5,0.04243,6,2,Chase
162.449,155.797,Normal input slower flight,0.9141,1,5,0.01214,6,2,Chase
162.551,155.897,Normal input slower flight,0.9088,1,4,0.00612,6,2,Chase
162.652,155.997,Normal input slower flight,0.9038,1,1,0.00448,6,2,Chase
162.755,156.097,Normal input slower flight,0.9018,0,2,0.08425,7,1,Chase
162.856,156.197,Normal input slower flight,0.9001,0,2,0.06414,7,1,Chase
162.960,156.317,Normal input slower flight,0.8979,1,2,0.04984,7,1,Chase
163.060,156.417,Normal input slower flight,0.8940,1,2,0.02895,7,1,Chase
163.160,156.517,Normal input slower flight,0.8898,1,2,0.01770,7,1,Chase
163.261,156.617,Normal input slower flight,0.8816,1,2,0.01502,7,1,Chase
163.364,156.717,Normal input slower flight,0.8739,1,1,0.03729,7,1,Chase
163.464,156.817,Normal input slower flight,0.8656,1,1,0.05018,7,1,Chase
163.566,156.917,Normal input slower flight,0.8572,1,1,0.08033,7,1,Chase
163.666,157.017,Normal input slower flight,0.8490,1,1,0.01114,7,1,Chase
163.767,157.117,Normal input slower flight,0.8384,1,1,0.02055,7,1,Chase
163.869,157.217,Normal input slower flight,0.8289,1,1,0.01439,7,1,Chase
163.971,157.317,Normal input slower flight,0.8171,1,1,0.05320,7,1,Chase
164.073,157.417,Normal input slower flight,0.8048,1,1,0.01878,7,1,Chase
164.174,157.517,Normal input slower flight,0.7926,1,1,0.00524,7,1,Chase
164.274,157.617,Normal input slower flight,0.7793,1,1,0.04451,7,1,Chase
164.376,157.717,Normal input slower flight,0.7668,1,1,0.00248,7,1,Chase
164.481,157.837,Normal input slower flight,0.7527,1,1,0.00999,7,1,Chase
164.584,157.937,Normal input slower flight,0.7382,1,1,0.00720,7,1,Chase
164.685,158.037,Normal input slower flight,0.7240,1,1,0.00177,7,1,Chase
164.788,158.137,Normal input slower flight,0.7085,1,1,0.00435,7,1,Chase
164.891,158.237,Normal input slower flight,0.6939,1,1,0.09981,7,1,Chase
164.992,158.337,Normal input slower flight,0.6782,1,1,0.00146,7,1,Chase
165.093,158.437,Normal input slower flight,0.6631,1,1,0.03033,7,1,Chase
165.193,158.537,Normal input slower flight,0.6479,1,1,0.11655,7,1,Chase
165.294,158.637,Normal input slower flight,0.6342,1,3,0.15085,7,1,Chase
165.395,158.737,Normal input slower flight,0.6223,1,2,0.11274,7,1,Chase
165.500,158.857,Normal input slower flight,0.6089,1,1,0.03810,7,1,Chase
165.603,158.957,Normal input slower flight,0.5958,1,0,0.01029,7,1,Chase
165.704,159.057,Normal input slower flight,0.5850,0,1,0.12963,8,0,Chase
165.805,159.157,Normal input slower flight,0.5779,0,3,0.07953,8,0,Chase
165.909,159.257,Normal input slower flight,0.5723,0,3,0.05909,8,0,Chase
166.011,159.357,Normal input slower flight,0.5644,0,2,0.04701,8,0,Chase
166.114,159.457,Normal input slower flight,0.5569,0,1,0.03797,8,0,Chase
166.215,159.557,Normal input slower flight,0.5481,0,1,0.03549,8,0,Chase
166.320,159.677,Normal input slower flight,0.5390,0,1,0.01866,8,0,Chase
166.425,159.777,Normal input slower flight,0.5296,0,1,0.01426,8,0,Chase
166.525,159.877,Normal input slower flight,0.5194,1,1,0.02976,8,0,Chase
166.626,159.977,Normal input slower flight,0.5099,1,1,0.00882,8,0,Chase
166.727,160.077,Normal input slower flight,0.4993,1,1,0.00431,8,0,Chase
166.828,160.177,Normal input slower flight,0.4887,1,1,0.00539,8,0,Chase
166.932,160.277,Normal input slower flight,0.4779,1,1,0.05995,8,0,Chase
167.034,160.377,Normal input slower flight,0.4663,1,1,0.02288,8,0,Chase
167.136,160.478,Normal input slower flight,0.4554,1,1,0.09765,8,0,Chase
167.241,160.598,Normal input slower flight,0.4439,1,1,0.08191,8,0,Chase
167.342,160.698,Normal input slower flight,0.4331,1,1,0.00300,8,0,Chase
167.444,160.798,Normal input slower flight,0.4218,1,1,0.06450,8,0,Chase
167.547,160.898,Normal input slower flight,0.4107,1,1,0.03696,8,0,Chase
167.648,160.998,Normal input slower flight,0.4003,1,1,0.02756,8,0,Chase
167.752,161.098,Normal input slower flight,0.3893,1,1,0.03206,8,0,Chase
167.852,161.198,Normal input slower flight,0.3791,1,1,0.00253,8,0,Chase
167.954,161.298,Normal input slower flight,0.3688,1,1,0.11858,8,0,Chase
168.054,161.398,Normal input slower flight,0.3587,1,1,0.04657,8,0,Chase
168.156,161.498,Normal input slower flight,0.3489,1,1,0.00757,8,0,Chase
168.260,161.618,Normal input slower flight,0.3387,1,1,0.00242,8,0,Chase
168.360,161.718,Normal input slower flight,0.3291,1,0,0.10339,8,0,Chase
168.462,161.818,Normal input slower flight,0.3190,1,0,0.00174,8,0,Chase
168.564,161.918,Normal input slower flight,0.3092,1,0,0.01832,8,0,Chase
168.666,162.018,Normal input slower flight,0.2998,1,0,0.09807,8,0,Chase
168.768,162.118,Normal input slower flight,0.2908,1,2,0.16724,8,0,Chase
168.869,162.218,Normal input slower flight,0.2846,1,2,0.01110,8,0,Chase
168.970,162.318,Normal input slower flight,0.2779,1,2,0.03071,8,0,Chase
169.071,162.418,Normal input slower flight,0.2714,1,0,0.14490,8,0,Chase
169.174,162.518,Normal input slower flight,0.2649,1,0,0.08499,8,0,Chase
169.274,162.618,Normal input slower flight,0.2588,1,2,0.06465,8,0,Chase
169.376,162.718,Normal input slower flight,0.2554,1,2,0.06461,8,0,Chase
169.479,162.838,Normal input slower flight,0.2510,1,2,0.11024,8,0,Chase
169.581,162.938,Normal input slower flight,0.2466,1,0,0.00658,8,0,Chase
169.683,163.038,Normal input slower flight,0.2421,1,0,0.01918,8,0,Chase
169.784,163.138,Normal input slower flight,0.2369,1,0,0.01000,8,0,Chase
169.884,163.238,Normal input slower flight,0.2322,1,0,0.00316,8,0,Chase
169.987,163.338,Normal input slower flight,0.2270,1,0,0.00702,8,0,Chase
170.089,163.438,Normal input slower flight,0.2220,1,0,0.01316,8,0,Chase
170.190,163.538,Normal input slower flight,0.2170,1,0,0.00274,8,0,Chase
170.291,163.638,Normal input slower flight,0.2116,1,0,0.00763,8,0,Chase
170.392,163.738,Normal input slower flight,0.2066,1,0,0.02163,8,0,Chase
170.494,163.838,Normal input slower flight,0.2012,1,0,0.00458,8,0,Chase
170.595,163.938,Normal input slower flight,0.1960,1,0,0.00992,8,0,Chase
170.699,164.058,Normal input slower flight,0.1907,1,0,0.01935,8,0,Chase
170.800,164.158,Normal input slower flight,0.1853,1,0,0.01081,8,0,Chase
170.902,164.258,Normal input slower flight,0.1800,1,0,0.00642,8,0,Chase
171.002,164.358,Normal input slower flight,0.1747,1,0,0.00655,8,0,Chase
171.103,164.458,Normal input slower flight,0.1697,1,0,0.00808,8,0,Chase
171.205,164.558,Normal input slower flight,0.1644,1,0,0.02773,8,0,Chase
171.306,164.658,Normal input slower flight,0.1594,1,0,0.00883,8,0,Chase
171.411,164.758,Normal input slower flight,0.1545,1,0,0.01535,8,0,Chase
171.511,164.858,Normal input slower flight,0.1496,1,0,0.01260,8,0,Chase
171.612,164.958,Normal input slower flight,0.1450,1,0,0.01446,8,0,Chase
171.714,165.058,Normal input slower flight,0.1404,1,0,0.01252,8,0,Chase
171.814,165.159,Normal input slower flight,0.1360,1,0,0.01406,8,0,Chase
171.919,165.279,Normal input slower flight,0.1317,1,0,0.00240,8,0,Chase
172.021,165.379,Normal input slower flight,0.1274,1,0,0.00239,8,0,Chase
172.122,165.479,Normal input slower flight,0.1232,1,0,0.02111,8,0,Chase
172.225,165.579,Normal input slower flight,0.1191,1,0,0.01373,8,0,Chase
172.326,165.679,Normal input slower flight,0.1152,0,0,0.00125,8,0,Chase
172.428,165.779,Normal input slower flight,0.1115,0,0,0.00151,8,0,Chase
172.530,165.879,Normal input slower flight,0.1078,0,0,0.00166,8,0,Chase
172.632,165.979,Normal input slower flight,0.1042,0,0,0.00170,8,0,Chase
172.734,166.079,Normal input slower flight,0.1007,0,0,0.00167,8,0,Chase
172.834,166.179,Normal input slower flight,0.0974,0,0,0.00170,8,0,Chase
172.936,166.279,Normal input slower flight,0.0941,0,0,0.00170,8,0,Chase
173.040,166.399,Normal input slower flight,0.0909,0,0,0.00170,8,0,Chase
173.140,166.499,Normal input slower flight,0.0880,0,0,0.00174,8,0,Chase
173.241,166.599,Normal input slower flight,0.0849,0,0,0.00169,8,0,Chase
173.344,166.699,Normal input slower flight,0.0817,0,0,0.00172,8,0,Chase
173.446,166.799,Normal input slower flight,0.0788,0,0,0.00169,8,0,Chase
173.549,166.899,Normal input slower flight,0.0760,0,0,0.00167,8,0,Chase
173.650,166.999,Normal input slower flight,0.0733,0,0,0.00167,8,0,Chase
173.751,167.099,Normal input slower flight,0.0703,0,0,0.00168,8,0,Chase
173.852,167.199,Normal input slower flight,0.0674,0,0,0.00167,8,0,Chase
173.953,167.299,Normal input slower flight,0.0647,0,0,0.00166,8,0,Chase
174.055,167.399,Normal input slower flight,0.0620,0,0,0.00166,8,0,Chase
174.160,167.519,Normal input slower flight,0.0595,0,0,0.00168,8,0,Chase
174.261,167.619,Normal input slower flight,0.0570,0,0,0.00168,8,0,Chase
174.361,167.719,Normal input slower flight,0.0547,0,0,0.00167,8,0,Chase
174.463,167.819,Normal input slower flight,0.0524,0,0,0.00170,8,0,Chase
174.565,167.919,Normal input slower flight,0.0503,0,0,0.00170,8,0,Chase
174.668,168.019,Normal input slower flight,0.0482,0,0,0.00170,8,0,Chase
174.770,168.119,Normal input slower flight,0.0462,0,0,0.00170,8,0,Chase
174.873,168.219,Normal input slower flight,0.0443,0,0,0.00172,8,0,Chase
174.973,168.319,Normal input slower flight,0.0426,0,0,0.00170,8,0,Chase
175.074,168.419,Normal input slower flight,0.0408,0,0,0.00169,8,0,Chase
175.174,168.519,Normal input slower flight,0.0392,0,0,0.00170,8,0,Chase
175.275,168.619,Normal input slower flight,0.0376,0,0,0.00169,8,0,Chase
175.380,168.739,Normal input slower flight,0.0361,0,0,0.00168,8,0,Chase
175.483,168.839,Normal input slower flight,0.0346,0,0,0.00166,8,0,Chase
175.584,168.939,Normal input slower flight,0.0332,0,0,0.00165,8,0,Chase
175.687,169.039,Normal input slower flight,0.0318,0,0,0.00169,8,0,Chase
175.790,169.139,Normal input slower flight,0.0305,0,0,0.00168,8,0,Chase
175.893,169.239,Normal input slower flight,0.0293,0,0,0.00168,8,0,Chase
175.994,169.339,Normal input slower flight,0.0281,0,0,0.00167,8,0,Chase
176.094,169.439,Normal input slower flight,0.0270,0,0,0.00171,8,0,Chase
176.195,169.539,Normal input slower flight,0.0259,0,0,0.00170,8,0,Chase
176.302,169.659,Normal input slower flight,0.0248,0,0,0.00171,8,0,Chase
176.404,169.759,Normal input slower flight,0.0238,0,0,0.00175,8,0,Chase
176.508,169.860,Normal input slower flight,0.0228,0,0,0.00170,8,0,Chase
176.609,169.960,Normal input slower flight,0.0219,0,0,0.00171,8,0,Chase
176.710,170.060,Normal input slower flight,0.0210,0,0,0.00170,8,0,Chase
176.812,170.160,Normal input slower flight,0.0200,0,0,0.00170,8,0,Chase
176.914,170.260,Normal input slower flight,0.0190,0,0,0.00169,8,0,Chase
177.015,170.360,Normal input slower flight,0.0182,0,0,0.00167,8,0,Chase
177.116,170.400,Normal input slower flight,0.0179,0,0,0.00000,8,0,Chase
177.217,170.400,Normal input slower flight,0.0179,0,0,0.00000,8,0,Chase
177.317,170.400,Normal input slower flight,0.0179,0,0,0.00000,8,0,Chase
177.418,170.400,Normal input slower flight,0.0179,0,0,0.00000,8,0,Chase
177.930,0.340,Live event stress and interrupted transmission,0.0095,1,0,0.00000,0,1,Chase
178.037,0.480,Live event stress and interrupted transmission,0.0122,1,0,0.02223,0,1,Chase
178.139,0.580,Live event stress and interrupted transmission,0.0134,1,0,0.00252,0,1,Chase
178.240,0.680,Live event stress and interrupted transmission,0.0143,1,0,0.00228,0,1,Chase
178.349,0.800,Live event stress and interrupted transmission,0.0150,1,0,0.00236,0,1,Chase
178.452,0.900,Live event stress and interrupted transmission,0.0153,1,0,0.00187,0,1,Chase
178.553,1.000,Live event stress and interrupted transmission,0.0157,1,0,0.02009,0,1,Chase
178.653,1.020,Live event stress and interrupted transmission,0.0157,0,0,0.00000,0,1,Chase
178.759,1.020,Live event stress and interrupted transmission,0.0157,0,0,0.00000,0,1,Chase
178.862,1.020,Live event stress and interrupted transmission,0.0157,0,0,0.00000,0,1,Chase
178.967,1.100,Live event stress and interrupted transmission,0.0156,1,0,0.00409,0,1,Chase
179.080,1.220,Live event stress and interrupted transmission,0.0156,1,0,0.04948,0,1,Chase
179.186,1.320,Live event stress and interrupted transmission,0.0180,1,0,0.14205,0,1,Chase
179.295,1.440,Live event stress and interrupted transmission,0.0227,1,0,0.12482,0,1,Chase
179.403,1.540,Live event stress and interrupted transmission,0.0308,1,0,0.03186,0,1,Chase
179.506,1.640,Live event stress and interrupted transmission,0.0364,1,0,0.06353,0,1,Chase
179.614,1.760,Live event stress and interrupted transmission,0.0433,1,0,0.06018,0,1,Chase
179.714,1.860,Live event stress and interrupted transmission,0.0479,1,0,0.14847,0,1,Chase
179.817,1.960,Live event stress and interrupted transmission,0.0545,1,0,0.00705,0,1,Chase
179.920,2.060,Live event stress and interrupted transmission,0.0635,1,0,0.10616,0,1,Chase
180.024,2.160,Live event stress and interrupted transmission,0.0737,1,0,0.08819,0,1,Chase
180.130,2.260,Live event stress and interrupted transmission,0.0911,1,0,0.01923,0,1,Chase
180.238,2.380,Live event stress and interrupted transmission,0.1060,1,0,0.01000,0,1,Chase
180.341,2.480,Live event stress and interrupted transmission,0.1208,1,0,0.00224,0,1,Chase
180.445,2.580,Live event stress and interrupted transmission,0.1338,1,0,0.00240,0,1,Chase
180.545,2.680,Live event stress and interrupted transmission,0.1459,1,0,0.00284,0,1,Chase
180.645,2.780,Live event stress and interrupted transmission,0.1554,1,0,0.00517,0,1,Chase
180.750,2.880,Live event stress and interrupted transmission,0.1649,1,0,0.02461,0,1,Chase
180.855,3.000,Live event stress and interrupted transmission,0.1785,1,0,0.11350,0,1,Chase
180.961,3.100,Live event stress and interrupted transmission,0.1886,1,0,0.01060,0,1,Chase
181.062,3.200,Live event stress and interrupted transmission,0.1964,1,0,0.04842,0,1,Chase
181.167,3.300,Live event stress and interrupted transmission,0.2006,1,0,0.06897,0,1,Chase
181.270,3.400,Live event stress and interrupted transmission,0.2028,1,0,0.11672,0,1,Chase
181.374,3.520,Live event stress and interrupted transmission,0.2042,1,0,0.09913,0,1,Chase
181.476,3.620,Live event stress and interrupted transmission,0.2036,1,0,0.00442,0,1,Chase
181.577,3.720,Live event stress and interrupted transmission,0.2030,1,0,0.08148,0,1,Chase
181.678,3.820,Live event stress and interrupted transmission,0.2019,1,0,0.11739,0,1,Chase
181.779,3.920,Live event stress and interrupted transmission,0.2004,1,0,0.09847,0,1,Chase
181.884,4.020,Live event stress and interrupted transmission,0.1988,1,0,0.00566,0,1,Chase
181.986,4.120,Live event stress and interrupted transmission,0.1966,1,0,0.00307,0,1,Chase
182.095,4.240,Live event stress and interrupted transmission,0.1945,1,0,0.00293,0,1,Chase
182.200,4.340,Live event stress and interrupted transmission,0.1918,1,0,0.00390,0,1,Chase
182.306,4.440,Live event stress and interrupted transmission,0.1890,1,0,0.00713,0,1,Chase
182.407,4.540,Live event stress and interrupted transmission,0.1863,1,0,0.00702,0,1,Chase
182.510,4.640,Live event stress and interrupted transmission,0.1832,1,0,0.11306,0,1,Chase
182.615,4.760,Live event stress and interrupted transmission,0.1804,1,0,0.13253,0,1,Chase
182.720,4.860,Live event stress and interrupted transmission,0.1777,0,1,0.02052,1,0,Chase
182.820,4.960,Live event stress and interrupted transmission,0.1847,0,1,0.07971,1,0,Chase
182.926,5.060,Live event stress and interrupted transmission,0.1884,0,1,0.04772,1,0,Chase
183.029,5.160,Live event stress and interrupted transmission,0.1902,0,1,0.04106,1,0,Chase
183.139,5.280,Live event stress and interrupted transmission,0.1912,0,1,0.03105,1,0,Chase
183.246,5.380,Live event stress and interrupted transmission,0.1906,0,1,0.03099,1,0,Chase
183.356,5.500,Live event stress and interrupted transmission,0.1900,0,1,0.02310,1,0,Chase
183.460,5.600,Live event stress and interrupted transmission,0.1885,0,1,0.01689,1,0,Chase
183.566,5.700,Live event stress and interrupted transmission,0.1871,0,1,0.01162,1,0,Chase
183.674,5.820,Live event stress and interrupted transmission,0.1852,0,1,0.00679,1,0,Chase
183.777,5.920,Live event stress and interrupted transmission,0.1832,0,1,0.00626,1,0,Chase
183.879,6.020,Live event stress and interrupted transmission,0.1812,0,1,0.00529,1,0,Chase
183.983,6.120,Live event stress and interrupted transmission,0.1786,0,1,0.00359,1,0,Chase
184.085,6.220,Live event stress and interrupted transmission,0.1762,0,1,0.00263,1,0,Chase
184.187,6.320,Live event stress and interrupted transmission,0.1734,0,1,0.00281,1,0,Chase
184.288,6.420,Live event stress and interrupted transmission,0.1706,0,1,0.00289,1,0,Chase
184.390,6.520,Live event stress and interrupted transmission,0.2861,1,6,0.17593,1,200,Penetration
184.496,6.640,Live event stress and interrupted transmission,0.3841,1,6,0.09509,1,200,Penetration
184.598,6.740,Live event stress and interrupted transmission,0.4650,1,6,0.02592,1,200,Penetration
184.700,6.840,Live event stress and interrupted transmission,0.5212,1,6,0.00448,1,200,Penetration
184.802,6.940,Live event stress and interrupted transmission,0.5651,1,6,0.00244,1,200,Penetration
184.904,7.040,Live event stress and interrupted transmission,0.5956,1,6,0.00413,1,200,Penetration
185.008,7.140,Live event stress and interrupted transmission,0.6151,1,6,0.02454,1,200,Penetration
185.114,7.260,Live event stress and interrupted transmission,0.6304,1,6,0.00436,1,200,Penetration
185.217,7.360,Live event stress and interrupted transmission,0.6330,1,6,0.04530,1,200,Chase
185.319,7.460,Live event stress and interrupted transmission,0.6748,1,6,0.10295,1,200,Chase
185.424,7.560,Live event stress and interrupted transmission,0.7327,1,0,0.12482,1,200,Chase
185.524,7.660,Live event stress and interrupted transmission,0.7774,1,0,0.13380,1,200,Chase
185.630,7.760,Live event stress and interrupted transmission,0.8163,1,0,0.01340,1,200,Chase
185.734,7.880,Live event stress and interrupted transmission,0.8470,1,0,0.02735,1,200,Chase
185.836,7.980,Live event stress and interrupted transmission,0.8729,1,0,0.13894,1,200,Chase
185.942,8.080,Live event stress and interrupted transmission,0.8958,1,0,0.01477,1,200,Chase
186.046,8.180,Live event stress and interrupted transmission,0.9137,1,0,0.13646,1,200,Chase
186.156,8.300,Live event stress and interrupted transmission,0.9289,1,0,0.08134,1,200,Chase
186.256,8.400,Live event stress and interrupted transmission,0.9408,1,0,0.01882,1,200,Chase
186.364,8.500,Live event stress and interrupted transmission,0.9516,1,1,0.06555,2,199,Chase
186.468,8.600,Live event stress and interrupted transmission,0.9600,1,12,0.24536,16,185,Chase
186.569,8.700,Live event stress and interrupted transmission,0.9667,1,12,0.19378,23,178,Chase
186.679,8.820,Live event stress and interrupted transmission,0.9725,1,12,0.27520,34,167,Chase
186.780,8.920,Live event stress and interrupted transmission,0.9771,1,12,0.20923,37,164,Chase
186.886,9.020,Live event stress and interrupted transmission,0.9813,1,12,0.14253,47,154,Chase
186.998,9.140,Live event stress and interrupted transmission,0.9846,1,12,0.16199,53,148,Chase
187.104,9.240,Live event stress and interrupted transmission,0.9874,1,12,0.08942,55,146,Chase
187.208,9.340,Live event stress and interrupted transmission,0.9896,1,12,0.09645,63,138,Chase
187.319,9.460,Live event stress and interrupted transmission,0.9914,1,12,0.17545,70,131,Chase
187.427,9.560,Live event stress and interrupted transmission,0.9930,1,12,0.09875,73,128,Chase
187.530,9.660,Live event stress and interrupted transmission,0.9942,1,12,0.12225,80,121,Chase
187.638,9.780,Live event stress and interrupted transmission,0.9952,1,12,0.04466,87,114,Chase
187.746,9.880,Live event stress and interrupted transmission,0.9961,1,12,0.15867,94,107,Chase
187.847,9.980,Live event stress and interrupted transmission,0.9967,1,12,0.13180,100,101,Chase
187.948,10.080,Live event stress and interrupted transmission,0.9973,1,12,0.14354,111,90,Chase
188.056,10.200,Live event stress and interrupted transmission,0.9978,1,12,0.05889,120,81,Chase
188.157,10.300,Live event stress and interrupted transmission,0.9981,1,12,0.05245,130,71,Chase
188.264,10.400,Live event stress and interrupted transmission,0.9985,1,12,0.02982,133,68,Chase
188.366,10.500,Live event stress and interrupted transmission,0.9987,1,12,0.02063,136,65,Chase
188.467,10.600,Live event stress and interrupted transmission,0.9989,1,12,0.01859,145,56,Chase
188.567,10.700,Live event stress and interrupted transmission,0.9991,1,12,0.25763,151,50,Chase
188.674,10.820,Live event stress and interrupted transmission,0.9993,1,12,0.20465,159,42,Chase
188.776,10.920,Live event stress and interrupted transmission,0.9994,1,12,0.06190,165,36,Chase
188.879,11.020,Live event stress and interrupted transmission,0.9995,1,12,0.10916,171,30,Chase
188.985,11.120,Live event stress and interrupted transmission,0.9996,1,12,0.13519,180,21,Chase
189.090,11.220,Live event stress and interrupted transmission,0.9997,1,12,0.16848,190,11,Chase
189.190,11.320,Live event stress and interrupted transmission,0.9997,0,12,0.10551,198,3,Chase
189.295,11.440,Live event stress and interrupted transmission,0.9998,0,12,0.08211,201,0,Chase
189.400,11.540,Live event stress and interrupted transmission,0.9998,0,11,0.05792,201,0,Chase
189.505,11.640,Live event stress and interrupted transmission,0.9998,0,10,0.04951,201,0,Chase
189.610,11.740,Live event stress and interrupted transmission,0.9999,0,10,0.04169,201,0,Chase
189.715,11.860,Live event stress and interrupted transmission,0.9999,0,10,0.03210,201,0,Chase
189.821,11.960,Live event stress and interrupted transmission,0.9999,0,10,0.01672,201,0,Chase
189.924,12.060,Live event stress and interrupted transmission,0.9999,0,10,0.02087,201,0,Chase
190.025,12.160,Live event stress and interrupted transmission,0.9999,1,8,0.02760,201,0,Chase
190.136,12.280,Live event stress and interrupted transmission,0.9999,1,8,0.00510,201,0,Chase
190.238,12.380,Live event stress and interrupted transmission,1.0000,1,8,0.00540,201,0,Chase
190.343,12.480,Aftermath decay,1.0000,1,8,0.10859,201,0,Chase
190.444,12.580,Aftermath decay,1.0000,1,8,0.02188,201,0,Chase
190.547,12.680,Aftermath decay,1.0000,1,7,0.00550,201,0,Chase
190.658,12.800,Aftermath decay,1.0000,1,7,0.01880,201,0,Chase
190.762,12.900,Aftermath decay,1.0000,1,7,0.10423,201,0,Chase
190.863,13.000,Aftermath decay,1.0000,1,7,0.08323,201,0,Chase
190.970,13.100,Aftermath decay,1.0000,1,7,0.00334,201,0,Chase
191.074,13.220,Aftermath decay,1.0000,1,7,0.04002,201,0,Chase
191.181,13.320,Aftermath decay,1.0000,1,7,0.05291,201,0,Chase
191.284,13.420,Aftermath decay,1.0000,1,6,0.00968,201,0,Chase
191.385,13.520,Aftermath decay,1.0000,1,6,0.00151,201,0,Chase
191.496,13.640,Aftermath decay,1.0000,1,5,0.00212,201,0,Chase
191.599,13.740,Aftermath decay,1.0000,1,5,0.00211,201,0,Chase
191.703,13.840,Aftermath decay,1.0000,1,3,0.14085,201,0,Chase
191.804,13.940,Aftermath decay,1.0000,1,1,0.13744,201,0,Chase
191.907,14.040,Aftermath decay,1.0000,1,0,0.08462,201,0,Chase
192.014,14.160,Aftermath decay,1.0000,1,0,0.13879,201,0,Chase
192.117,14.260,Aftermath decay,1.0000,1,0,0.00136,201,0,Chase
192.220,14.360,Aftermath decay,1.0000,1,0,0.06334,201,0,Chase
192.325,14.460,Aftermath decay,1.0000,1,0,0.05990,201,0,Chase
192.434,14.580,Aftermath decay,1.0000,1,0,0.07831,201,0,Chase
192.536,14.680,Aftermath decay,1.0000,1,0,0.12282,201,0,Chase
192.638,14.780,Aftermath decay,1.0000,1,0,0.02481,201,0,Chase
192.741,14.880,Aftermath decay,1.0000,1,0,0.00969,201,0,Chase
192.846,14.980,Aftermath decay,1.0000,1,0,0.10676,201,0,Chase
192.955,15.100,Aftermath decay,1.0000,1,0,0.06726,201,0,Chase
193.056,15.200,Aftermath decay,1.0000,1,0,0.00626,201,0,Chase
193.161,15.300,Aftermath decay,1.0000,1,0,0.01686,201,0,Chase
193.264,15.400,Aftermath decay,1.0000,1,0,0.08176,201,0,Chase
193.365,15.500,Aftermath decay,1.0000,1,0,0.03877,201,0,Chase
193.470,15.600,Aftermath decay,1.0000,1,0,0.05238,201,0,Chase
193.579,15.720,Aftermath decay,1.0000,1,0,0.00543,201,0,Chase
193.685,15.820,Aftermath decay,1.0000,1,0,0.00199,201,0,Chase
193.789,15.920,Aftermath decay,1.0000,1,0,0.00196,201,0,Chase
193.895,16.040,Aftermath decay,0.9994,1,0,0.00177,201,0,Chase
193.998,16.140,Aftermath decay,0.9979,1,0,0.00206,201,0,Chase
194.099,16.240,Aftermath decay,0.9964,1,0,0.03888,201,0,Chase
194.204,16.340,Aftermath decay,0.9881,1,0,0.05546,201,0,Chase
194.307,16.440,Aftermath decay,0.9801,1,0,0.02415,201,0,Chase
194.408,16.540,Aftermath decay,0.9692,1,0,0.00493,201,0,Chase
194.516,16.660,Aftermath decay,0.9557,1,0,0.00305,201,0,Chase
194.617,16.760,Aftermath decay,0.9429,1,0,0.01289,201,0,Chase
194.721,16.860,Aftermath decay,0.9245,1,0,0.01325,201,0,Chase
194.825,16.960,Aftermath decay,0.9076,1,0,0.00814,201,0,Chase
194.926,17.060,Aftermath decay,0.8886,1,0,0.00290,201,0,Chase
195.030,17.160,Aftermath decay,0.8684,1,0,0.04916,201,0,Chase
195.130,17.260,Aftermath decay,0.8487,1,0,0.01357,201,0,Chase
195.238,17.380,Aftermath decay,0.8258,1,0,0.01136,201,0,Chase
195.341,17.480,Aftermath decay,0.8039,1,0,0.00233,201,0,Chase
195.442,17.580,Aftermath decay,0.7803,1,0,0.00173,201,0,Chase
195.546,17.680,Aftermath decay,0.7571,1,0,0.00177,201,0,Chase
195.647,17.780,Aftermath decay,0.7336,1,0,0.00246,201,0,Chase
195.749,17.880,Aftermath decay,0.7093,1,0,0.01611,201,0,Chase
195.855,18.000,Aftermath decay,0.6862,1,0,0.01428,201,0,Chase
195.958,18.100,Aftermath decay,0.6611,0,0,0.00121,201,0,Chase
196.059,18.200,Aftermath decay,0.6372,0,0,0.00147,201,0,Chase
196.164,18.300,Aftermath decay,0.6114,0,0,0.00169,201,0,Chase
196.265,18.400,Aftermath decay,0.5874,0,0,0.00170,201,0,Chase
196.367,18.500,Aftermath decay,0.5641,0,0,0.00168,201,0,Chase
196.470,18.600,Aftermath decay,0.5395,0,0,0.00170,201,0,Chase
196.577,18.720,Aftermath decay,0.5160,0,0,0.00173,201,0,Chase
196.680,18.820,Aftermath decay,0.4911,0,0,0.00173,201,0,Chase
196.785,18.920,Aftermath decay,0.4673,0,0,0.00172,201,0,Chase
196.886,19.020,Aftermath decay,0.4448,0,0,0.00173,201,0,Chase
196.990,19.120,Aftermath decay,0.4213,0,0,0.00169,201,0,Chase
197.095,19.240,Aftermath decay,0.3996,0,0,0.00166,201,0,Chase
197.199,19.340,Aftermath decay,0.3772,0,0,0.00166,201,0,Chase
197.303,19.440,Aftermath decay,0.3554,0,0,0.00166,201,0,Chase
197.407,19.540,Aftermath decay,0.3355,0,0,0.00166,201,0,Chase
197.515,19.660,Aftermath decay,0.3165,0,0,0.00170,201,0,Chase
197.620,19.760,Aftermath decay,0.2985,0,0,0.00167,201,0,Chase
197.724,19.860,Aftermath decay,0.2813,0,0,0.00168,201,0,Chase
197.830,19.960,Aftermath decay,0.2652,0,0,0.00167,201,0,Chase
197.937,20.080,Aftermath decay,0.2503,0,0,0.00170,201,0,Chase
198.039,20.180,Aftermath decay,0.2365,0,0,0.00170,201,0,Chase
198.144,20.280,Aftermath decay,0.2227,0,0,0.00171,201,0,Chase
198.249,20.380,Aftermath decay,0.2101,0,0,0.00173,201,0,Chase
198.355,20.500,Aftermath decay,0.1985,0,0,0.00172,201,0,Chase
198.456,20.600,Aftermath decay,0.1877,0,0,0.00172,201,0,Chase
198.560,20.700,Aftermath decay,0.1768,0,0,0.00169,201,0,Chase
198.663,20.800,Aftermath decay,0.1670,0,0,0.00170,201,0,Chase
198.763,20.900,Aftermath decay,0.1579,0,0,0.00165,201,0,Chase
198.866,21.000,Aftermath decay,0.1491,0,0,0.00164,201,0,Chase
198.969,21.100,Aftermath decay,0.1409,0,0,0.00168,201,0,Chase
199.069,21.200,Aftermath decay,0.1333,0,0,0.00169,201,0,Chase
199.175,21.320,Aftermath decay,0.1259,0,0,0.00167,201,0,Chase
199.278,21.420,Aftermath decay,0.1189,0,0,0.00168,201,0,Chase
199.382,21.520,Aftermath decay,0.1120,0,0,0.00169,201,0,Chase
199.485,21.620,Aftermath decay,0.1058,0,0,0.00169,201,0,Chase
199.587,21.720,Aftermath decay,0.0999,0,0,0.00170,201,0,Chase
199.689,21.820,Aftermath decay,0.0944,0,0,0.00171,201,0,Chase
199.795,21.940,Aftermath decay,0.0892,0,0,0.00171,201,0,Chase
199.896,22.040,Aftermath decay,0.0844,0,0,0.00172,201,0,Chase
199.999,22.140,Aftermath decay,0.0796,0,0,0.00170,201,0,Chase
200.106,22.240,Aftermath decay,0.0749,0,0,0.00169,201,0,Chase
200.216,22.360,Aftermath decay,0.0706,0,0,0.00168,201,0,Chase
200.316,22.460,Aftermath decay,0.0668,0,0,0.00168,201,0,Chase
200.421,22.560,Aftermath decay,0.0629,0,0,0.00167,201,0,Chase
200.524,22.660,Aftermath decay,0.0594,0,0,0.00168,201,0,Chase
200.625,22.760,Aftermath decay,0.0561,0,0,0.00169,201,0,Chase
200.729,22.860,Aftermath decay,0.0530,0,0,0.00167,201,0,Chase
200.838,22.980,Aftermath decay,0.0500,0,0,0.00168,201,0,Chase
200.942,23.080,Aftermath decay,0.0471,0,0,0.00169,201,0,Chase
201.046,23.180,Aftermath decay,0.0444,0,0,0.00169,201,0,Chase
201.147,23.280,Aftermath decay,0.0420,0,0,0.00170,201,0,Chase
201.255,23.400,Aftermath decay,0.0396,0,0,0.00171,201,0,Chase
201.356,23.500,Aftermath decay,0.0375,0,0,0.00171,201,0,Chase
201.459,23.600,Aftermath decay,0.0353,0,0,0.00169,201,0,Chase
201.562,23.700,Aftermath decay,0.0334,0,0,0.00168,201,0,Chase
201.674,23.820,Aftermath decay,0.0314,0,0,0.00170,201,0,Chase
201.778,23.920,Aftermath decay,0.0296,0,0,0.00169,201,0,Chase
201.880,24.020,Aftermath decay,0.0279,0,0,0.00168,201,0,Chase
201.983,24.120,Aftermath decay,0.0264,0,0,0.00166,201,0,Chase
202.086,24.220,Aftermath decay,0.0249,0,0,0.00167,201,0,Chase
202.196,24.340,Aftermath decay,0.0235,0,0,0.00166,201,0,Chase
202.298,24.440,Aftermath decay,0.0222,0,0,0.00167,201,0,Chase
202.400,24.540,Aftermath decay,0.0209,0,0,0.00169,201,0,Chase
202.503,24.640,Aftermath decay,0.0198,0,0,0.00168,201,0,Chase
202.604,24.740,Aftermath decay,0.0187,0,0,0.00171,201,0,Chase
202.706,24.840,Aftermath decay,0.0177,0,0,0.00170,201,0,Chase
202.808,24.940,Aftermath decay,0.0167,0,0,0.00172,201,0,Chase
202.909,25.040,Aftermath decay,0.0158,0,0,0.00171,201,0,Chase
203.010,25.140,Aftermath decay,0.0149,0,0,0.00169,201,0,Chase
203.117,25.260,Aftermath decay,0.0141,0,0,0.00174,201,0,Chase
203.222,25.360,Aftermath decay,0.0133,0,0,0.00169,201,0,Chase
203.326,25.460,Aftermath decay,0.0125,0,0,0.00169,201,0,Chase
203.434,25.580,Aftermath decay,0.0118,0,0,0.00168,201,0,Chase
203.534,25.680,Aftermath decay,0.0112,0,0,0.00166,201,0,Chase
203.639,25.780,Aftermath decay,0.0105,0,0,0.00166,201,0,Chase
203.745,25.880,Aftermath decay,0.0099,0,0,0.00168,201,0,Chase
203.847,25.980,Aftermath decay,0.0094,0,0,0.00169,201,0,Chase
203.948,26.080,Aftermath decay,0.0089,0,0,0.00167,201,0,Chase
204.048,26.180,Aftermath decay,0.0084,0,0,0.00168,201,0,Chase
204.155,26.300,Aftermath decay,0.0079,0,0,0.00171,201,0,Chase
204.260,26.400,Aftermath decay,0.0075,0,0,0.00171,201,0,Chase
204.362,26.500,Aftermath decay,0.0070,0,0,0.00175,201,0,Chase
204.465,26.600,Aftermath decay,0.0067,0,0,0.00169,201,0,Chase
204.569,26.700,Aftermath decay,0.0063,0,0,0.00171,201,0,Chase
204.669,26.800,Aftermath decay,0.0059,0,0,0.00170,201,0,Chase
204.774,26.920,Aftermath decay,0.0056,0,0,0.00170,201,0,Chase
204.879,27.020,Aftermath decay,0.0053,0,0,0.00168,201,0,Chase
204.982,27.120,Aftermath decay,0.0050,0,0,0.00166,201,0,Chase
205.089,27.220,Aftermath decay,0.0047,0,0,0.00167,201,0,Chase
205.195,27.340,Aftermath decay,0.0044,0,0,0.00168,201,0,Chase
205.298,27.440,Aftermath decay,0.0042,0,0,0.00168,201,0,Chase
205.401,27.540,Aftermath decay,0.0040,0,0,0.00169,201,0,Chase
205.502,27.640,Aftermath decay,0.0037,0,0,0.00167,201,0,Chase
205.605,27.740,Aftermath decay,0.0035,0,0,0.00171,201,0,Chase
205.710,27.840,Aftermath decay,0.0033,0,0,0.00170,201,0,Chase
205.815,27.960,Aftermath decay,0.0031,0,0,0.00170,201,0,Chase
205.915,28.060,Aftermath decay,0.0030,0,0,0.00175,201,0,Chase
206.019,28.160,Aftermath decay,0.0028,0,0,0.00170,201,0,Chase
206.121,28.260,Aftermath decay,0.0026,0,0,0.00172,201,0,Chase
206.226,28.360,Aftermath decay,0.0025,0,0,0.00169,201,0,Chase
206.329,28.460,Aftermath decay,0.0024,0,0,0.00167,201,0,Chase
206.435,28.580,Aftermath decay,0.0022,0,0,0.00168,201,0,Chase
206.540,28.680,Aftermath decay,0.0021,0,0,0.00166,201,0,Chase
206.641,28.780,Aftermath decay,0.0020,0,0,0.00166,201,0,Chase
206.743,28.880,Aftermath decay,0.0019,0,0,0.00168,201,0,Chase
206.843,28.980,Aftermath decay,0.0018,0,0,0.00170,201,0,Chase
206.944,29.080,Aftermath decay,0.0017,0,0,0.00168,201,0,Chase
207.047,29.180,Aftermath decay,0.0016,0,0,0.00168,201,0,Chase
207.150,29.280,Aftermath decay,0.0015,0,0,0.00172,201,0,Chase
207.255,29.400,Aftermath decay,0.0014,0,0,0.00170,201,0,Chase
207.356,29.500,Aftermath decay,0.0013,0,0,0.00173,201,0,Chase
207.460,29.600,Aftermath decay,0.0013,0,0,0.00173,201,0,Chase
207.560,29.700,Aftermath decay,0.0012,0,0,0.00170,201,0,Chase
207.662,29.800,Aftermath decay,0.0011,0,0,0.00172,201,0,Chase
207.764,29.900,Aftermath decay,0.0011,0,0,0.00169,201,0,Chase
207.869,30.001,Aftermath decay,0.0010,0,0,0.00166,201,0,Chase
207.979,30.121,Aftermath decay,0.0009,0,0,0.00167,201,0,Chase
208.082,30.221,Aftermath decay,0.0009,0,0,0.00166,201,0,Chase
208.183,30.321,Aftermath decay,0.0008,0,0,0.00166,201,0,Chase
208.285,30.421,Aftermath decay,0.0008,0,0,0.00165,201,0,Chase
208.389,30.521,Aftermath decay,0.0008,0,0,0.00170,201,0,Chase
208.494,30.641,Aftermath decay,0.0007,0,0,0.00166,201,0,Chase
208.594,30.741,Aftermath decay,0.0007,0,0,0.00169,201,0,Chase
208.695,30.841,Aftermath decay,0.0006,0,0,0.00172,201,0,Chase
208.796,30.941,Aftermath decay,0.0006,0,0,0.00168,201,0,Chase
208.897,31.041,Aftermath decay,0.0006,0,0,0.00173,201,0,Chase
208.999,31.141,Aftermath decay,0.0005,0,0,0.00173,201,0,Chase
209.103,31.241,Aftermath decay,0.0005,0,0,0.00172,201,0,Chase
209.207,31.341,Aftermath decay,0.0005,0,0,0.00172,201,0,Chase
209.309,31.441,Aftermath decay,0.0005,0,0,0.00169,201,0,Chase
209.416,31.561,Aftermath decay,0.0004,0,0,0.00164,201,0,Chase
209.520,31.661,Aftermath decay,0.0004,0,0,0.00167,201,0,Chase
209.623,31.761,Aftermath decay,0.0004,0,0,0.00166,201,0,Chase
209.726,31.861,Aftermath decay,0.0004,0,0,0.00168,201,0,Chase
209.836,31.981,Aftermath decay,0.0003,0,0,0.00165,201,0,Chase
209.942,32.081,Aftermath decay,0.0003,0,0,0.00167,201,0,Chase
210.044,32.181,Aftermath decay,0.0003,0,0,0.00168,201,0,Chase
210.147,32.281,Aftermath decay,0.0003,0,0,0.00169,201,0,Chase
210.250,32.381,Aftermath decay,0.0003,0,0,0.00170,201,0,Chase
210.768,0.000,Full-fleet origin shift,0.0000,0,0,0.00172,0,0,Chase
211.241,0.340,Three continuous restarts,0.0000,0,0,0.00000,0,0,Chase
211.706,0.340,Three continuous restarts,0.0000,0,0,0.00000,0,0,Chase
212.167,0.320,Three continuous restarts,0.0000,0,0,0.00000,0,0,Chase
212.600,0.020,Results transition,0.0000,0,0,0.00000,0,0,Chase
