phase,frame,frameMs,cpuFrameMs,mainThreadMs,gpuMs,drawCalls,gcBytes,unityGraphicsBytes,focused,damagedPending,exploded,escaped,beams,reactorEffects,breakingFormation,fleeing,fleetInstancedDrawCalls,fleetVisibleInstancedShips,fleetChunkCount,maximumShipSpeedMetersPerSecond
AllFleetRetreatPanorama,1,3.26260,1.90000,3.80680,0.71578,,13831.00000,446963336.00000,1,0,0,0,0,0,0,0,46,12,2,0.00000
AllFleetRetreatPanorama,2,3.94090,1.89230,3.83770,1.30560,,13879.00000,446963336.00000,1,0,0,0,0,0,12,0,46,12,2,27.99999
AllFleetRetreatPanorama,3,16.77880,4.39420,16.81140,0.70451,,18469.00000,446881416.00000,1,0,0,0,0,0,12,0,46,12,2,27.99999
AllFleetRetreatPanorama,4,8.57370,3.81640,8.56630,0.67891,,86501.00000,446920916.00000,1,0,0,0,0,0,12,0,46,12,2,55.99983
AllFleetRetreatPanorama,5,2.97440,3.84670,3.00530,0.67174,,30203.00000,446916700.00000,1,0,0,0,0,0,12,0,46,12,2,55.99983
AllFleetRetreatPanorama,6,4.80180,16.81980,4.82470,0.71270,,13881.00000,446998620.00000,1,0,0,0,0,0,12,0,46,12,2,55.99983
AllFleetRetreatPanorama,7,2.90540,8.57770,2.90790,0.69222,,13881.00000,446998620.00000,1,0,0,0,0,0,12,0,46,12,2,55.99983
AllFleetRetreatPanorama,8,2.23951,3.01280,2.25350,0.01024,,13881.00000,446998620.00000,1,0,0,0,0,0,12,0,46,12,2,55.99983
AllFleetRetreatPanorama,9,1.97420,4.83080,1.94150,0.67789,,13881.00000,446998620.00000,1,0,0,0,0,0,12,0,46,12,2,83.99937
AllFleetRetreatPanorama,10,2.48730,2.91210,2.48930,0.72294,,13881.00000,446916700.00000,1,0,0,0,0,0,12,0,46,12,2,83.99937
AllFleetRetreatPanorama,11,2.81700,2.25720,2.78720,0.71066,,13881.00000,446916700.00000,1,0,0,0,0,0,12,0,46,12,2,83.99937
AllFleetRetreatPanorama,12,2.50079,1.94510,2.53030,0.67789,,13881.00000,446916700.00000,1,0,0,0,0,0,12,0,46,12,2,83.99937
AllFleetRetreatPanorama,13,2.44990,2.49380,2.39840,0.66458,,13881.00000,446916700.00000,1,0,0,0,0,0,12,0,46,12,2,83.99937
AllFleetRetreatPanorama,14,2.18110,2.79420,2.22910,0.65434,,13881.00000,446916700.00000,1,0,0,0,0,0,12,0,46,12,2,83.99937
AllFleetRetreatPanorama,15,2.00760,2.53500,2.00420,0.67584,,13881.00000,446933084.00000,1,0,0,0,0,0,12,0,46,12,2,83.99937
AllFleetRetreatPanorama,16,2.03130,2.40410,2.03450,0.65638,,13881.00000,447015004.00000,1,0,0,0,0,0,12,0,46,12,2,83.99937
AllFleetRetreatPanorama,17,2.04400,2.23350,2.02380,0.89805,,13881.00000,446998620.00000,1,0,0,0,0,0,12,0,46,12,2,83.99937
AllFleetRetreatPanorama,18,2.45730,2.00780,2.41080,1.26771,,13881.00000,446916700.00000,1,0,0,0,0,0,12,0,46,12,2,111.99840
AllFleetRetreatPanorama,19,2.29890,2.03770,2.35530,0.66458,,13881.00000,446916700.00000,1,0,0,0,0,0,12,0,46,12,2,111.99840
AllFleetRetreatPanorama,20,2.07490,2.02630,2.08060,0.65126,,13881.00000,446916700.00000,1,0,0,0,0,0,12,0,46,12,2,111.99840
AllFleetRetreatPanorama,21,2.45150,2.41510,2.39390,1.24518,,13881.00000,446916700.00000,1,0,0,0,0,0,12,0,46,12,2,111.99840
AllFleetRetreatPanorama,22,2.29020,2.35790,2.31950,0.64819,,13881.00000,446916700.00000,1,0,0,0,0,0,12,0,46,12,2,111.99840
AllFleetRetreatPanorama,23,2.23909,2.08350,2.03840,0.66560,,13881.00000,446916700.00000,1,0,0,0,0,0,12,0,46,12,2,111.99840
AllFleetRetreatPanorama,24,4.08170,2.40090,4.23970,0.65434,,19765.00000,446916700.00000,1,0,0,0,0,0,12,0,46,12,2,111.99840
AllFleetRetreatPanorama,25,3.09270,2.32600,3.10610,0.65331,,18117.00000,446916700.00000,1,0,0,0,0,0,12,0,46,12,2,139.99690
AllFleetRetreatPanorama,26,2.37810,2.04220,2.38200,0.68301,,13881.00000,446933084.00000,1,0,0,0,0,0,12,0,46,12,2,139.99690
AllFleetRetreatPanorama,27,2.07120,4.24490,1.99910,0.03482,,13881.00000,446933084.00000,1,0,0,0,0,0,12,0,46,12,2,139.99690
AllFleetRetreatPanorama,28,2.84120,3.11290,2.73080,0.03379,,13881.00000,446916700.00000,1,0,0,0,0,0,12,0,46,12,2,139.99690
AllFleetRetreatPanorama,29,3.05750,2.38710,3.19340,0.65434,,13881.00000,446916700.00000,1,0,0,0,0,0,12,0,46,12,2,139.99690
AllFleetRetreatPanorama,30,2.72791,2.00320,2.69500,0.65741,,13881.00000,446916700.00000,1,0,0,0,0,0,12,0,46,12,2,139.99690
AllFleetRetreatPanorama,31,2.72970,2.73480,2.72780,0.63386,,13881.00000,446916700.00000,1,0,0,0,0,0,12,0,46,12,2,139.99690
AllFleetRetreatPanorama,32,2.23040,3.19760,2.28740,0.66560,,13881.00000,446916700.00000,1,0,0,0,0,0,12,0,46,12,2,139.99690
AllFleetRetreatPanorama,33,2.57750,2.69930,2.57180,0.66867,,13881.00000,446998620.00000,1,0,0,0,0,0,12,0,46,12,2,167.99460
AllFleetRetreatPanorama,34,2.16540,2.73360,2.16920,0.66458,,13881.00000,446998620.00000,1,0,0,0,0,0,12,0,46,12,2,167.99460
AllFleetRetreatPanorama,35,2.63050,2.29190,2.61340,1.24006,,13881.00000,446916700.00000,1,0,0,0,0,0,12,0,46,12,2,167.99460
AllFleetRetreatPanorama,36,2.03220,2.57690,2.01160,0.65741,,13881.00000,446933084.00000,1,0,0,0,0,0,12,0,46,12,2,167.99460
AllFleetRetreatPanorama,37,1.87470,2.17440,1.90770,0.75878,,13881.00000,446933084.00000,1,0,0,0,0,0,12,0,46,12,2,167.99460
AllFleetRetreatPanorama,38,1.92070,2.62050,1.91660,0.65434,,13881.00000,446998620.00000,1,0,0,0,0,0,12,0,46,12,2,167.99460
AllFleetRetreatPanorama,39,1.86990,2.01550,1.86670,0.65946,,13881.00000,446998620.00000,1,0,0,0,0,0,12,0,46,12,2,167.99460
AllFleetRetreatPanorama,40,1.87910,1.91170,1.88140,0.67174,,13881.00000,446916700.00000,1,0,0,0,0,0,12,0,46,12,2,167.99460
AllFleetRetreatPanorama,41,1.90400,1.92040,1.89820,0.67072,,13881.00000,446933084.00000,1,0,0,0,0,0,12,0,46,12,2,167.99460
AllFleetRetreatPanorama,42,2.78020,1.87020,2.74240,0.66560,,13881.00000,446933084.00000,1,0,0,0,0,0,12,0,46,12,2,167.99460
AllFleetRetreatPanorama,43,2.75140,1.88430,2.75350,0.67277,,13881.00000,446916700.00000,1,0,0,0,0,0,12,0,46,12,2,195.99130
AllFleetRetreatPanorama,44,2.17860,1.90160,2.16020,0.65843,,13881.00000,446916700.00000,1,0,0,0,0,0,12,0,46,12,2,195.99130
AllFleetRetreatPanorama,45,2.04170,2.74570,2.05120,0.67277,,13881.00000,446916700.00000,1,0,0,0,0,0,12,0,46,12,2,195.99130
AllFleetRetreatPanorama,46,2.58270,2.76030,2.46680,1.25440,,13881.00000,446916700.00000,1,0,0,0,0,0,12,0,46,12,2,195.99130
AllFleetRetreatPanorama,47,2.11600,2.16360,2.18890,0.66560,,13881.00000,446916700.00000,1,0,0,0,0,0,12,0,46,12,2,195.99130
AllFleetRetreatPanorama,48,2.19290,2.05490,2.24370,0.66150,,13881.00000,446916700.00000,1,0,0,0,0,0,12,0,46,12,2,195.99130
AllFleetRetreatPanorama,49,2.36690,2.47140,2.21280,0.66560,,13881.00000,446998620.00000,1,0,0,0,0,0,12,0,46,12,2,195.99130
AllFleetRetreatPanorama,50,2.42900,2.19340,2.52640,0.68096,,13881.00000,446998620.00000,1,0,0,0,0,0,12,0,46,12,2,195.99130
AllFleetRetreatPanorama,51,2.18070,2.24820,2.20600,1.25133,,13881.00000,446916700.00000,1,0,0,0,0,0,12,0,46,12,2,223.98690
AllFleetRetreatPanorama,52,2.19990,2.22000,2.17640,0.64717,,13933.00000,446916700.00000,1,0,0,0,0,0,12,0,46,12,2,223.98690
AllFleetRetreatPanorama,53,1.92420,2.53250,1.96390,0.66560,,13881.00000,446916700.00000,1,0,0,0,0,0,12,0,46,12,2,223.98690
AllFleetRetreatPanorama,54,2.05880,2.20980,2.04830,0.68301,,13881.00000,446916700.00000,1,0,0,0,0,0,12,0,46,12,2,223.98690
AllFleetRetreatPanorama,55,2.00810,2.18030,2.00720,0.65024,,13881.00000,446916700.00000,1,0,0,0,0,0,12,0,46,12,2,223.98690
AllFleetRetreatPanorama,56,1.99430,1.96720,1.98870,0.66970,,13881.00000,446916700.00000,1,0,0,0,0,0,12,0,46,12,2,223.98690
AllFleetRetreatPanorama,57,2.22980,2.05210,2.18470,0.66253,,13881.00000,446916700.00000,1,0,0,0,0,0,12,0,46,12,2,223.98690
AllFleetRetreatPanorama,58,2.06800,2.01000,2.10530,0.65638,,13881.00000,446933084.00000,1,0,0,0,0,0,12,0,46,12,2,223.98690
AllFleetRetreatPanorama,59,1.90570,1.99300,1.90680,0.67789,,13881.00000,446949468.00000,1,0,0,0,0,0,12,0,46,12,2,223.98690
AllFleetRetreatPanorama,60,1.90330,2.18880,1.90040,0.67584,,13881.00000,446933084.00000,1,0,0,0,0,0,12,0,46,12,2,223.98690
AllFleetRetreatPanorama,61,1.81210,2.10880,1.81210,0.67174,,13881.00000,446933084.00000,1,0,0,0,0,0,12,0,46,12,2,251.98110
AllFleetRetreatPanorama,62,1.86800,1.91030,1.86280,0.65843,,13881.00000,446933084.00000,1,0,0,0,0,0,12,0,46,12,2,251.98110
AllFleetRetreatPanorama,63,1.90260,1.90340,1.86040,0.68198,,13881.00000,446916700.00000,1,0,0,0,0,0,12,0,46,12,2,251.98110
AllFleetRetreatPanorama,64,1.87120,1.81470,1.91020,0.65536,,13881.00000,446998620.00000,1,0,0,0,0,0,12,0,46,12,2,251.98110
AllFleetRetreatPanorama,65,1.99830,1.86650,1.94860,0.65126,,13881.00000,446998620.00000,1,0,0,0,0,0,12,0,46,12,2,251.98110
AllFleetRetreatPanorama,66,2.35200,1.86310,2.37930,1.27488,,13881.00000,446916700.00000,1,0,0,0,0,0,12,0,46,12,2,251.98110
AllFleetRetreatPanorama,67,2.35210,1.91300,2.31100,0.68096,,13881.00000,446916700.00000,1,0,0,0,0,0,12,0,46,12,2,251.98110
AllFleetRetreatPanorama,68,2.27390,1.95130,2.27300,0.65843,,13881.00000,446916700.00000,1,0,0,0,0,0,12,0,46,12,2,251.98110
AllFleetRetreatPanorama,69,2.01550,2.38260,2.05520,0.66560,,13881.00000,446916700.00000,1,0,0,0,0,0,12,0,46,12,2,251.98110
AllFleetRetreatPanorama,70,2.04841,2.31510,1.99050,0.69018,,13881.00000,446998620.00000,1,0,0,0,0,0,12,0,46,12,2,251.98110
AllFleetRetreatPanorama,71,2.15650,2.27810,2.20340,0.69530,,13881.00000,446998620.00000,1,0,0,0,0,0,12,0,46,12,2,279.97390
AllFleetRetreatPanorama,72,2.25160,2.06030,2.20430,0.67584,,13881.00000,446916700.00000,1,0,0,0,0,0,12,0,46,12,2,279.97390
AllFleetRetreatPanorama,73,2.38440,1.99460,2.36270,0.68301,,13881.00000,446916700.00000,1,0,0,0,0,0,12,0,46,12,2,279.97390
AllFleetRetreatPanorama,74,2.59560,2.20810,2.64490,0.67891,,13881.00000,446916700.00000,1,0,0,0,0,0,12,0,46,12,2,279.97390
AllFleetRetreatPanorama,75,2.25070,2.20840,2.25420,0.71168,,13881.00000,446998620.00000,1,0,0,0,0,0,12,0,46,12,2,279.97390
AllFleetRetreatPanorama,76,2.10650,2.36690,2.09560,0.90317,,13881.00000,446998620.00000,1,0,0,0,0,0,12,0,46,12,2,279.97390
AllFleetRetreatPanorama,77,2.37780,2.64850,2.20520,1.26669,,13881.00000,446916700.00000,1,0,0,0,0,0,12,0,46,12,2,279.97390
AllFleetRetreatPanorama,78,2.44810,2.25790,2.58210,0.67072,,13881.00000,446916700.00000,1,0,0,0,0,0,12,0,46,12,2,279.97390
AllFleetRetreatPanorama,79,2.56100,2.09940,2.58170,0.70246,,13881.00000,446916700.00000,1,0,0,0,0,0,12,0,46,12,2,307.96490
AllFleetRetreatPanorama,80,2.20730,2.20900,2.20630,0.67072,,13881.00000,446998620.00000,1,0,0,0,0,0,12,0,46,12,2,307.96490
AllFleetRetreatPanorama,81,2.48810,2.58580,2.43450,0.66560,,13881.00000,446998620.00000,1,0,0,0,0,0,12,0,46,12,2,307.96490
AllFleetRetreatPanorama,82,2.18810,2.58580,2.22990,1.26566,,13881.00000,446916700.00000,1,0,0,0,0,0,12,0,46,12,2,307.96490
AllFleetRetreatPanorama,83,2.40590,2.21050,2.35060,0.70451,,13881.00000,446916700.00000,1,0,0,0,0,0,12,0,46,12,2,307.96490
AllFleetRetreatPanorama,84,2.16580,2.44080,2.21460,0.65024,,13881.00000,446916700.00000,1,0,0,0,0,0,12,0,46,12,2,307.96490
AllFleetRetreatPanorama,85,2.28190,2.23400,2.22910,0.67174,,13881.00000,446916700.00000,1,0,0,0,0,0,12,0,46,12,2,307.96490
AllFleetRetreatPanorama,86,2.28230,2.35500,2.31140,0.67379,,13881.00000,446916700.00000,1,0,0,0,0,0,12,0,46,12,2,307.96490
AllFleetRetreatPanorama,87,2.00821,2.21790,2.01410,0.68506,,13881.00000,446916700.00000,1,0,0,0,0,0,12,0,46,12,2,307.96490
AllFleetRetreatPanorama,88,2.24250,2.23360,2.14000,0.66150,,13881.00000,446998620.00000,1,0,0,0,0,0,12,0,46,12,2,335.95410
AllFleetRetreatPanorama,89,2.30860,2.31580,2.34380,0.67379,,13881.00000,446998620.00000,1,0,0,0,0,0,12,0,46,12,2,335.95410
AllFleetRetreatPanorama,90,2.20940,2.01760,2.27290,0.68096,,13969.00000,446916700.00000,1,0,0,0,0,0,12,0,46,12,2,335.95410
AllFleetRetreatPanorama,91,1.94200,2.14470,1.93730,0.67277,,13881.00000,446998620.00000,1,0,0,0,0,0,12,0,46,12,2,335.95410
AllFleetRetreatPanorama,92,2.05590,2.34930,2.04140,0.89907,,13881.00000,446998620.00000,1,0,0,0,0,0,12,0,46,12,2,335.95410
AllFleetRetreatPanorama,93,2.08220,2.27640,2.02530,0.66560,,13881.00000,446916700.00000,1,0,0,0,0,0,12,0,46,12,2,335.95410
AllFleetRetreatPanorama,94,1.88050,1.94080,1.94420,0.68710,,13881.00000,446998620.00000,1,0,0,0,0,0,12,0,46,12,2,335.95410
AllFleetRetreatPanorama,95,1.80940,2.04670,1.81430,0.68608,,13881.00000,446998620.00000,1,0,0,0,0,0,12,0,46,12,2,335.95410
AllFleetRetreatPanorama,96,1.83750,2.02990,1.82760,0.68198,,13881.00000,446998620.00000,1,0,0,0,0,0,12,0,46,12,2,335.95410
AllFleetRetreatPanorama,97,1.90860,1.94800,1.91190,0.64922,,13881.00000,447080540.00000,1,0,0,0,0,0,12,0,46,12,2,335.95410
AllFleetRetreatPanorama,98,1.85960,1.81770,1.85570,0.68813,,13881.00000,446998620.00000,1,0,0,0,0,0,12,0,46,12,2,363.94110
AllFleetRetreatPanorama,99,2.08290,1.83030,2.03430,0.65843,,16577.00000,446919080.00000,1,0,0,0,0,0,12,0,46,12,2,363.94110
AllFleetRetreatPanorama,100,2.16330,1.91470,2.19810,0.66765,,13881.00000,447001000.00000,1,0,0,0,0,0,12,0,46,12,2,363.94110
AllFleetRetreatPanorama,101,1.86880,1.85920,1.87230,0.67277,,13881.00000,447001000.00000,1,0,0,0,0,0,12,0,46,12,2,363.94110
AllFleetRetreatPanorama,102,1.80300,2.03840,1.80280,0.73933,,13881.00000,446919080.00000,1,0,0,0,0,0,12,0,46,12,2,363.94110
AllFleetRetreatPanorama,103,1.80040,2.20110,1.79490,0.67789,,13881.00000,446919080.00000,1,0,0,0,0,0,12,0,46,12,2,363.94110
AllFleetRetreatPanorama,104,2.09150,1.87500,2.08420,0.67379,,13881.00000,446919080.00000,1,0,0,0,0,0,12,0,46,12,2,363.94110
AllFleetRetreatPanorama,105,1.84500,1.80520,1.80200,0.65843,,13881.00000,446919080.00000,1,0,0,0,0,0,12,0,46,12,2,363.94110
AllFleetRetreatPanorama,106,1.83690,1.79740,1.87840,0.68301,,13881.00000,446935464.00000,1,0,0,0,0,0,12,0,46,12,2,363.94110
AllFleetRetreatPanorama,107,1.98940,2.08660,1.98650,0.66765,,13881.00000,447017384.00000,1,0,0,0,0,0,12,0,46,12,2,363.94110
AllFleetRetreatPanorama,108,2.22770,1.80490,2.18700,0.67584,,13881.00000,447082920.00000,1,0,0,0,0,0,12,0,46,12,2,391.92580
AllFleetRetreatPanorama,109,2.71190,1.88130,2.71110,0.68096,,13881.00000,447001000.00000,1,0,0,0,0,0,12,0,46,12,2,391.92580
AllFleetRetreatPanorama,110,2.53400,1.98920,2.49170,0.69120,,13881.00000,446919080.00000,1,0,0,0,0,0,12,0,46,12,2,391.92580
AllFleetRetreatPanorama,111,2.14700,2.18980,2.21560,0.89395,,13881.00000,446919080.00000,1,0,0,0,0,0,12,0,46,12,2,391.92580
AllFleetRetreatPanorama,112,2.17110,2.71450,2.15080,0.69018,,13881.00000,446919080.00000,1,0,0,0,0,0,12,0,46,12,2,391.92580
AllFleetRetreatPanorama,113,1.88360,2.49560,1.89970,0.69018,,13881.00000,446919080.00000,1,0,0,0,0,0,12,0,46,12,2,391.92580
AllFleetRetreatPanorama,114,1.93670,2.21900,1.91010,0.65536,,13881.00000,446919080.00000,1,0,0,0,0,0,12,0,46,12,2,391.92580
AllFleetRetreatPanorama,115,2.27270,2.15370,2.24050,0.69939,,13881.00000,446919080.00000,1,0,0,0,0,0,12,0,46,12,2,391.92580
AllFleetRetreatPanorama,116,1.98330,1.90220,2.03210,0.66765,,13881.00000,446919080.00000,1,0,0,0,0,0,12,0,46,12,2,391.92580
AllFleetRetreatPanorama,117,1.98760,1.91270,1.97370,0.69632,,13881.00000,446919080.00000,1,0,0,0,0,0,12,0,46,12,2,419.90810
AllFleetRetreatPanorama,118,2.09570,2.24430,2.08850,0.66458,,13881.00000,447001000.00000,1,0,0,0,0,0,12,0,46,12,2,419.90810
AllFleetRetreatPanorama,119,1.78640,2.03490,1.80470,0.68301,,13881.00000,447082920.00000,1,0,0,0,0,0,12,0,46,12,2,419.90810
AllFleetRetreatPanorama,120,2.17970,1.97700,2.13250,0.91034,,13881.00000,447001000.00000,1,0,0,0,0,0,12,0,46,12,2,419.90810
AllFleetRetreatPanorama,121,1.94790,2.09140,1.98680,0.67482,,13881.00000,447001000.00000,1,0,0,0,0,0,12,0,46,12,2,419.90810
AllFleetRetreatPanorama,122,2.22110,1.80780,2.04130,0.67482,,13881.00000,447001000.00000,1,0,0,0,0,0,12,0,46,12,2,419.90810
AllFleetRetreatPanorama,123,2.42010,2.13560,2.56070,0.68710,,13881.00000,446919080.00000,1,0,0,0,0,0,12,0,46,12,2,419.90810
AllFleetRetreatPanorama,124,1.98470,1.98920,1.99980,0.65946,,13881.00000,446919080.00000,1,0,0,0,0,0,12,0,46,12,2,419.90810
AllFleetRetreatPanorama,125,1.99310,2.04790,1.95040,0.68608,,13881.00000,446919080.00000,1,0,0,0,0,0,12,0,46,12,2,419.90810
AllFleetRetreatPanorama,126,2.13470,2.56500,2.14810,0.63795,,13881.00000,446919080.00000,1,0,0,0,0,0,12,0,46,12,2,419.90810
AllFleetRetreatPanorama,127,2.13540,2.00460,2.14940,0.68813,,13881.00000,446919080.00000,1,0,0,0,0,0,12,0,46,12,2,447.88750
AllFleetRetreatPanorama,128,2.08580,1.95460,2.08450,0.66662,,13881.00000,446919080.00000,1,0,0,0,0,0,12,0,46,12,2,447.88750
AllFleetRetreatPanorama,129,3.13760,2.15180,3.06720,0.68813,,13881.00000,446919080.00000,1,0,0,0,0,0,12,0,46,12,2,447.88750
AllFleetRetreatPanorama,130,3.08690,2.15370,3.08190,0.64307,,13881.00000,446919080.00000,1,0,0,0,0,0,12,0,46,12,2,447.88750
AllFleetRetreatPanorama,131,2.22280,2.08780,2.28420,0.68301,,13881.00000,446935464.00000,1,0,0,0,0,0,12,0,46,12,2,447.88750
AllFleetRetreatPanorama,132,1.89710,3.07200,1.90450,0.67174,,13881.00000,447017384.00000,1,0,0,0,0,0,12,0,46,12,2,447.88750
AllFleetRetreatPanorama,133,1.96170,3.08620,1.94830,0.65741,,13881.00000,447082920.00000,1,0,0,0,0,0,12,0,46,12,2,447.88750
AllFleetRetreatPanorama,134,1.90130,2.28770,1.90830,0.65126,,13881.00000,447001000.00000,1,0,0,0,0,0,12,0,46,12,2,447.88750
AllFleetRetreatPanorama,135,1.86910,1.90670,1.87120,0.74854,,13881.00000,447001000.00000,1,0,0,0,0,0,12,0,46,12,2,447.88750
AllFleetRetreatPanorama,136,2.15540,1.95110,2.11590,0.68813,,13881.00000,447001000.00000,1,0,0,0,0,0,12,0,46,12,2,475.86400
AllFleetRetreatPanorama,137,2.65869,1.91090,2.66850,0.69734,,13881.00000,446919080.00000,1,0,0,0,0,0,12,0,46,12,2,475.86400
AllFleetRetreatPanorama,138,1.89381,1.87350,1.91330,0.66867,,13881.00000,447001000.00000,1,0,0,0,0,0,12,0,46,12,2,475.86400
AllFleetRetreatPanorama,139,2.43990,2.11840,2.43240,0.65536,,13881.00000,447001000.00000,1,0,0,0,0,0,12,0,46,12,2,475.86400
AllFleetRetreatPanorama,140,2.24540,2.67140,2.24150,0.68608,,13881.00000,446919080.00000,1,0,0,0,0,0,12,0,46,12,2,475.86400
AllFleetRetreatPanorama,141,2.02820,1.91700,1.97700,0.73114,,13881.00000,446919080.00000,1,0,0,0,0,0,12,0,46,12,2,475.86400
AllFleetRetreatPanorama,142,1.81499,2.43610,1.86820,0.70656,,13881.00000,446919080.00000,1,0,0,0,0,0,12,0,46,12,2,475.86400
AllFleetRetreatPanorama,143,2.16870,2.24450,2.15790,0.70758,,13881.00000,446919080.00000,1,0,0,0,0,0,12,0,46,12,2,475.86400
AllFleetRetreatPanorama,144,2.91460,1.97930,2.83970,0.67789,,13881.00000,446919080.00000,1,0,0,0,0,0,12,0,46,12,2,475.86400
AllFleetRetreatPanorama,145,2.16840,1.87110,2.21510,0.68813,,13881.00000,446919080.00000,1,0,0,0,0,0,12,0,46,12,2,503.83730
AllFleetRetreatPanorama,146,2.18520,2.16100,2.17180,0.70451,,13933.00000,446919080.00000,1,0,0,0,0,0,12,0,46,12,2,503.83730
AllFleetRetreatPanorama,147,1.81750,2.84260,1.84980,0.67789,,13881.00000,446919080.00000,1,0,0,0,0,0,12,0,46,12,2,503.83730
AllFleetRetreatPanorama,148,1.94320,2.21870,1.90170,0.67584,,13881.00000,446919080.00000,1,0,0,0,0,0,12,0,46,12,2,503.83730
AllFleetRetreatPanorama,149,1.95160,2.17460,1.98780,0.67379,,13881.00000,446919080.00000,1,0,0,0,0,0,12,0,46,12,2,503.83730
AllFleetRetreatPanorama,150,1.80020,1.85230,1.80070,0.71885,,13881.00000,447001000.00000,1,0,0,0,0,0,12,0,46,12,2,503.83730
AllFleetRetreatPanorama,151,1.93260,1.90400,1.92640,0.68506,,13881.00000,447082920.00000,1,0,0,0,0,0,12,0,46,12,2,503.83730
AllFleetRetreatPanorama,152,1.82750,1.99040,1.79530,0.69837,,13881.00000,447017384.00000,1,0,0,0,0,0,12,0,46,12,2,503.83730
AllFleetRetreatPanorama,153,1.74520,1.80300,1.76840,0.67482,,13881.00000,446935464.00000,1,0,0,0,0,0,12,0,46,12,2,503.83730
AllFleetRetreatPanorama,154,1.92110,1.92880,1.88370,0.67686,,13881.00000,446935464.00000,1,0,0,0,0,0,12,0,46,12,2,503.83730
AllFleetRetreatPanorama,155,2.38141,1.79840,2.41800,0.66150,,13881.00000,446935464.00000,1,0,0,0,0,0,12,0,46,12,2,531.80710
AllFleetRetreatPanorama,156,1.86540,1.77120,1.86410,0.67482,,13881.00000,447001000.00000,1,0,0,0,0,0,12,0,46,12,2,531.80710
AllFleetRetreatPanorama,157,1.84980,1.88670,1.84050,0.69939,,13881.00000,447001000.00000,1,0,0,0,0,0,12,0,46,12,2,531.80710
AllFleetRetreatPanorama,158,1.88189,2.42070,1.84520,0.91136,,13881.00000,447001000.00000,1,0,0,0,0,0,12,0,46,12,2,531.80710
AllFleetRetreatPanorama,159,2.26090,1.86670,2.27970,0.66662,,13881.00000,447001000.00000,1,0,0,0,0,0,12,0,46,12,2,531.80710
AllFleetRetreatPanorama,160,1.97000,1.84340,1.98310,0.69632,,13881.00000,446919080.00000,1,0,0,0,0,0,12,0,46,12,2,531.80710
AllFleetRetreatPanorama,161,1.94900,1.84800,1.95010,0.66765,,13881.00000,447001000.00000,1,0,0,0,0,0,12,0,46,12,2,531.80710
AllFleetRetreatPanorama,162,1.81759,2.28310,1.74710,0.70144,,13881.00000,447001000.00000,1,0,0,0,0,0,12,0,46,12,2,531.80710
AllFleetRetreatPanorama,163,1.84571,1.98650,1.90920,0.67072,,13969.00000,446935464.00000,1,0,0,0,0,0,12,0,46,12,2,531.80710
AllFleetRetreatPanorama,164,1.89610,1.95320,1.85720,0.67277,,13881.00000,447017384.00000,1,0,0,0,0,0,12,0,46,12,2,531.80710
AllFleetRetreatPanorama,165,1.78580,1.75100,1.82020,0.69018,,13881.00000,447082920.00000,1,0,0,0,0,0,12,0,46,12,2,559.77320
AllFleetRetreatPanorama,166,2.09020,1.91170,2.05310,1.14381,,13881.00000,447001000.00000,1,0,0,0,0,0,12,0,46,12,2,559.77320
AllFleetRetreatPanorama,167,2.94211,1.86000,2.83920,0.66662,,13881.00000,447001000.00000,1,0,0,0,0,0,12,0,46,12,2,559.77320
AllFleetRetreatPanorama,168,2.44189,1.82250,2.52150,0.65229,,13881.00000,447001000.00000,1,0,0,0,0,0,12,0,46,12,2,559.77320
AllFleetRetreatPanorama,169,2.28241,2.05820,2.26850,0.69120,,13881.00000,446919080.00000,1,0,0,0,0,0,12,0,46,12,2,559.77320
AllFleetRetreatPanorama,170,1.95100,2.84800,1.98970,0.70349,,13881.00000,446919080.00000,1,0,0,0,0,0,12,0,46,12,2,559.77320
AllFleetRetreatPanorama,171,1.82980,2.52730,1.80080,0.67686,,13881.00000,446919080.00000,1,0,0,0,0,0,12,0,46,12,2,559.77320
AllFleetRetreatPanorama,172,1.94630,2.27380,1.96850,0.67072,,13881.00000,446919080.00000,1,0,0,0,0,0,12,0,46,12,2,559.77320
AllFleetRetreatPanorama,173,1.86460,1.99410,1.86270,0.65741,,13881.00000,446935464.00000,1,0,0,0,0,0,12,0,46,12,2,559.77320
AllFleetRetreatPanorama,174,2.10250,1.80430,2.05910,0.68608,,13881.00000,446935464.00000,1,0,0,0,0,0,12,0,46,12,2,559.77320
AllFleetRetreatPanorama,175,2.35280,1.97300,2.34050,0.66560,,13881.00000,446919080.00000,1,0,0,0,0,0,12,0,46,12,2,587.73530
AllFleetRetreatPanorama,176,2.29131,1.86550,2.31050,0.68403,,13881.00000,446919080.00000,1,0,0,0,0,0,12,0,46,12,2,587.73530
AllFleetRetreatPanorama,177,2.40710,2.06510,2.42280,0.69325,,13881.00000,446919080.00000,1,0,0,0,0,0,12,0,46,12,2,587.73530
AllFleetRetreatPanorama,178,1.85330,2.34380,1.85690,0.74035,,13881.00000,446919080.00000,1,0,0,0,0,0,12,0,46,12,2,587.73530
AllFleetRetreatPanorama,179,1.78610,2.31320,1.78570,0.68301,,13881.00000,447001000.00000,1,0,0,0,0,0,12,0,46,12,2,587.73530
AllFleetRetreatPanorama,180,1.82670,2.42590,1.78560,0.68710,,13881.00000,447001000.00000,1,0,0,0,0,0,12,0,46,12,2,587.73530
AllFleetRetreatPanorama,181,2.30890,1.86000,2.30270,0.67174,,13881.00000,447001000.00000,1,0,0,0,0,0,12,0,46,12,2,587.73530
AllFleetRetreatPanorama,182,2.32880,1.78820,2.36410,0.67482,,13881.00000,447001000.00000,1,0,0,0,0,0,12,0,46,12,2,587.73530
AllFleetRetreatPanorama,183,1.99110,1.78820,1.98740,0.66970,,13881.00000,446919080.00000,1,0,0,0,0,0,12,0,46,12,2,587.73530
AllFleetRetreatPanorama,184,1.92670,2.30540,1.92490,0.67174,,13881.00000,447001000.00000,1,0,0,0,0,0,12,0,46,12,2,615.69320
AllFleetRetreatPanorama,185,2.09830,2.36680,2.06460,0.73933,,13881.00000,447001000.00000,1,0,0,0,0,0,12,0,46,12,2,615.69320
AllFleetRetreatPanorama,186,1.85980,1.99010,1.89090,1.27386,,13881.00000,446919080.00000,1,0,0,0,0,0,12,0,46,12,2,615.69320
AllFleetRetreatPanorama,187,1.83270,1.92820,1.82550,0.69632,,13881.00000,447001000.00000,1,0,0,0,0,0,12,0,46,12,2,615.69320
AllFleetRetreatPanorama,188,1.80879,2.06750,1.80860,0.65741,,13881.00000,447082920.00000,1,0,0,0,0,0,12,0,46,12,2,615.69320
AllFleetRetreatPanorama,189,1.99931,1.89430,1.96790,1.23699,,13881.00000,447017384.00000,1,0,0,0,0,0,12,0,46,12,2,615.69320
AllFleetRetreatPanorama,190,2.38210,1.82830,2.35600,0.67174,,13881.00000,446935464.00000,1,0,0,0,0,0,12,0,46,12,2,615.69320
AllFleetRetreatPanorama,191,2.16920,1.81120,2.12080,0.67072,,13881.00000,446919080.00000,1,0,0,0,0,0,12,0,46,12,2,615.69320
AllFleetRetreatPanorama,192,2.21260,1.97160,2.28240,0.67174,,13881.00000,446919080.00000,1,0,0,0,0,0,12,0,46,12,2,615.69320
AllFleetRetreatPanorama,193,2.10680,2.35910,2.10000,0.67789,,13881.00000,447001000.00000,1,0,0,0,0,0,12,0,46,12,2,615.69320
AllFleetRetreatPanorama,194,1.87780,2.12430,1.90330,0.70144,,13881.00000,447001000.00000,1,0,0,0,0,0,12,0,46,12,2,643.64650
AllFleetRetreatPanorama,195,3.06060,2.28570,3.05070,0.67072,,16577.00000,446921460.00000,1,0,0,0,0,0,12,0,46,12,2,643.64650
AllFleetRetreatPanorama,196,2.71960,2.10360,2.64970,0.65434,,13881.00000,446921460.00000,1,0,0,0,0,0,12,0,46,12,2,643.64650
AllFleetRetreatPanorama,197,2.63459,1.90650,2.68730,0.69325,,13881.00000,446921460.00000,1,0,0,0,0,0,12,0,46,12,2,643.64650
AllFleetRetreatPanorama,198,2.20000,3.05370,2.18590,0.69120,,13881.00000,447003380.00000,1,0,0,0,0,0,12,0,46,12,2,643.64650
AllFleetRetreatPanorama,199,1.89180,2.65430,1.90900,0.92672,,13881.00000,447003380.00000,1,0,0,0,0,0,12,0,46,12,2,643.64650
AllFleetRetreatPanorama,200,4.88990,2.69150,1.91130,0.92672,,13881.00000,447003380.00000,1,0,0,0,0,0,12,0,46,12,2,643.64650
AllFleetRetreatPanorama,201,2.41060,2.19080,5.25050,0.66867,,13881.00000,447003380.00000,1,0,0,0,0,0,12,0,46,12,2,671.59520
AllFleetRetreatPanorama,202,2.36670,1.91190,2.48600,0.66048,,13881.00000,446921460.00000,1,0,0,0,0,0,12,0,46,12,2,671.59520
AllFleetRetreatPanorama,203,1.97730,1.91440,1.97830,0.67277,,13881.00000,447003380.00000,1,0,0,0,0,0,12,0,46,12,2,671.59520
AllFleetRetreatPanorama,204,1.88530,5.25510,1.88260,0.68403,,13881.00000,447003380.00000,1,0,0,0,0,0,12,0,46,12,2,671.59520
AllFleetRetreatPanorama,205,1.96790,2.48950,1.95830,0.71475,,13881.00000,447003380.00000,1,0,0,0,0,0,12,0,46,12,2,671.59520
AllFleetRetreatPanorama,206,1.83940,1.98120,1.81200,0.66150,,13881.00000,447003380.00000,1,0,0,0,0,0,12,0,46,12,2,671.59520
AllFleetRetreatPanorama,207,1.88630,1.88560,1.91820,0.65638,,13881.00000,446921460.00000,1,0,0,0,0,0,12,0,46,12,2,671.59520
AllFleetRetreatPanorama,208,1.98729,1.96210,1.95170,0.69427,,13881.00000,447003380.00000,1,0,0,0,0,0,12,0,46,12,2,671.59520
AllFleetRetreatPanorama,209,2.44440,1.81500,2.41830,0.67994,,13881.00000,447003380.00000,1,0,0,0,0,0,12,0,46,12,2,671.59520
AllFleetRetreatPanorama,210,2.64010,1.92080,2.64270,0.69734,,13881.00000,446921460.00000,1,0,0,0,0,0,12,0,46,12,2,671.59520
AllFleetRetreatPanorama,211,2.40650,1.95420,2.41130,0.66150,,13881.00000,447003380.00000,1,0,0,0,0,0,12,0,46,12,2,699.53860
AllFleetRetreatPanorama,212,2.06400,2.42230,2.10280,0.71270,,13881.00000,447003380.00000,1,0,0,0,0,0,12,0,46,12,2,699.53860
AllFleetRetreatPanorama,213,2.13390,2.64640,2.11790,1.09261,,13881.00000,446921460.00000,1,0,0,0,0,0,12,0,46,12,2,699.53860
AllFleetRetreatPanorama,214,1.82180,2.41520,1.81110,0.63386,,13881.00000,446921460.00000,1,0,0,0,0,0,12,0,46,12,2,699.53860
AllFleetRetreatPanorama,215,1.77820,2.10600,1.79390,0.68813,,13881.00000,447003380.00000,1,0,0,0,0,0,12,0,46,12,2,699.53860
AllFleetRetreatPanorama,216,2.81660,2.12350,2.76120,0.69530,,13881.00000,447003380.00000,1,0,0,0,0,0,12,0,46,12,2,699.53860
AllFleetRetreatPanorama,217,2.09790,1.81430,2.13090,0.67891,,13881.00000,446921460.00000,1,0,0,0,0,0,12,0,46,12,2,699.53860
AllFleetRetreatPanorama,218,2.06010,1.79670,2.06850,0.65434,,13881.00000,446937844.00000,1,0,0,0,0,0,12,0,46,12,2,699.53860
AllFleetRetreatPanorama,219,1.89860,2.76490,1.89120,0.66150,,13881.00000,446937844.00000,1,0,0,0,0,0,12,0,46,12,2,699.53860
AllFleetRetreatPanorama,220,1.86520,2.13360,1.87140,0.66970,,13881.00000,446921460.00000,1,0,0,0,0,0,12,0,46,12,2,727.47680
AllFleetRetreatPanorama,221,2.17860,2.07140,2.12250,0.68198,,13881.00000,446921460.00000,1,0,0,0,0,0,12,0,46,12,2,727.47680
AllFleetRetreatPanorama,222,2.32230,1.89430,2.37070,0.65843,,13881.00000,446921460.00000,1,0,0,0,0,0,12,0,46,12,2,727.47680
AllFleetRetreatPanorama,223,2.98100,1.87390,2.76870,0.67174,,13881.00000,446921460.00000,1,0,0,0,0,0,12,0,46,12,2,727.47680
AllFleetRetreatPanorama,224,2.48300,2.12550,2.64260,0.67482,,13881.00000,446921460.00000,1,0,0,0,0,0,12,0,46,12,2,727.47680
AllFleetRetreatPanorama,225,2.04910,2.37320,2.05820,0.68198,,13881.00000,447003380.00000,1,0,0,0,0,0,12,0,46,12,2,727.47680
AllFleetRetreatPanorama,226,2.21700,2.78380,2.16730,0.65126,,13881.00000,447003380.00000,1,0,0,0,0,0,12,0,46,12,2,727.47680
AllFleetRetreatPanorama,227,2.33860,2.65070,2.37860,1.14381,,13881.00000,446921460.00000,1,0,0,0,0,0,12,0,46,12,2,727.47680
AllFleetRetreatPanorama,228,2.15020,2.06140,2.15440,0.67379,,13881.00000,446921460.00000,1,0,0,0,0,0,12,0,46,12,2,727.47680
AllFleetRetreatPanorama,229,1.86360,2.17210,1.85570,0.73421,,13881.00000,446921460.00000,1,0,0,0,0,0,12,0,46,12,2,755.40920
AllFleetRetreatPanorama,230,5.66690,2.38320,2.42960,0.73421,,13881.00000,446921460.00000,1,0,0,0,0,0,12,0,46,12,2,755.40920
AllFleetRetreatPanorama,231,2.64450,2.15780,5.75240,0.68198,,13881.00000,447003380.00000,1,0,0,0,0,0,12,0,46,12,2,755.40920
AllFleetRetreatPanorama,232,2.00600,1.85950,2.13100,0.66662,,13969.00000,447003380.00000,1,0,0,0,0,0,12,0,46,12,2,755.40920
AllFleetRetreatPanorama,233,1.96540,2.43470,1.96250,0.73318,,13881.00000,446937844.00000,1,0,0,0,0,0,12,0,46,12,2,755.40920
AllFleetRetreatPanorama,234,2.04410,5.75740,2.02200,0.65229,,13881.00000,447019764.00000,1,0,0,0,0,0,12,0,46,12,2,755.40920
AllFleetRetreatPanorama,235,2.04510,2.13470,1.98030,0.70554,,13881.00000,447003380.00000,1,0,0,0,0,0,12,0,46,12,2,755.40920
AllFleetRetreatPanorama,236,2.65220,1.96610,2.64590,1.27078,,13881.00000,446921460.00000,1,0,0,0,0,0,12,0,46,12,2,783.33560
AllFleetRetreatPanorama,237,2.33930,2.02690,2.41220,0.69222,,13881.00000,447003380.00000,1,0,0,0,0,0,12,0,46,12,2,783.33560
AllFleetRetreatPanorama,238,1.81901,1.98340,1.82780,0.68096,,13933.00000,447003380.00000,1,0,0,0,0,0,12,0,46,12,2,783.33560
AllFleetRetreatPanorama,239,1.86570,2.64960,1.85760,1.56979,,13881.00000,447003380.00000,1,0,0,0,0,0,12,0,46,12,2,783.33560
AllFleetRetreatPanorama,240,1.97791,2.41530,1.97270,0.64819,,13881.00000,447085300.00000,1,0,0,0,0,0,12,0,46,12,2,783.33560
AllFleetRetreatPanorama,241,2.06180,1.83070,2.01100,0.68403,,13881.00000,447003380.00000,1,0,0,0,0,0,12,0,46,12,2,783.33560
AllFleetRetreatPanorama,242,2.12150,1.86070,2.15870,1.26874,,13881.00000,446921460.00000,1,0,0,0,0,0,12,0,46,12,2,783.33560
AllFleetRetreatPanorama,243,2.13700,1.97550,2.13690,0.65741,,13881.00000,446921460.00000,1,0,0,0,0,0,12,0,46,12,2,783.33560
AllFleetRetreatPanorama,244,1.91350,2.01450,1.91700,0.64922,,13881.00000,446921460.00000,1,0,0,0,0,0,12,0,46,12,2,783.33560
AllFleetRetreatPanorama,245,1.86950,2.16180,1.86820,0.69325,,13881.00000,447003380.00000,1,0,0,0,0,0,12,0,46,12,2,783.33560
AllFleetRetreatPanorama,246,1.84620,2.14020,1.84250,0.66765,,13881.00000,447085300.00000,1,0,0,0,0,0,12,0,46,12,2,811.25560
AllFleetRetreatPanorama,247,1.97230,1.92150,1.93400,0.96154,,13881.00000,447003380.00000,1,0,0,0,0,0,12,0,46,12,2,811.25560
AllFleetRetreatPanorama,248,1.95470,1.87160,1.98160,0.66355,,13881.00000,446921460.00000,1,0,0,0,0,0,12,0,46,12,2,811.25560
AllFleetRetreatPanorama,249,2.05240,1.84650,2.04440,0.65741,,13881.00000,447003380.00000,1,0,0,0,0,0,12,0,46,12,2,811.25560
AllFleetRetreatPanorama,250,1.84710,1.93680,1.84370,0.65331,,13881.00000,447003380.00000,1,0,0,0,0,0,12,0,46,12,2,811.25560
AllFleetRetreatPanorama,251,2.70140,1.98580,2.62760,1.23904,,13881.00000,446921460.00000,1,0,0,0,0,0,12,0,46,12,2,811.25560
AllFleetRetreatPanorama,252,2.20780,2.04810,2.18840,0.64512,,13881.00000,447003380.00000,1,0,0,0,0,0,12,0,46,12,2,811.25560
AllFleetRetreatPanorama,253,2.18040,1.84650,2.26670,0.70144,,13881.00000,447003380.00000,1,0,0,0,0,0,12,0,46,12,2,811.25560
AllFleetRetreatPanorama,254,1.92170,2.63390,1.91900,0.67072,,13881.00000,446921460.00000,1,0,0,0,0,0,12,0,46,12,2,811.25560
AllFleetRetreatPanorama,255,1.84270,2.19190,1.84320,1.07110,,13881.00000,446937844.00000,1,0,0,0,0,0,12,0,46,12,2,811.25560
AllFleetRetreatPanorama,256,1.91960,2.26910,1.91400,0.66253,,13881.00000,446937844.00000,1,0,0,0,0,0,12,0,46,12,2,839.16900
AllFleetRetreatPanorama,257,2.03170,1.92150,2.02810,0.66867,,16577.00000,446923840.00000,1,0,0,0,0,0,12,0,46,12,2,839.16900
AllFleetRetreatPanorama,258,2.14160,1.84560,2.09210,0.65331,,13881.00000,446923840.00000,1,0,0,0,0,0,12,0,46,12,2,839.16900
AllFleetRetreatPanorama,259,1.91940,1.91650,1.96080,0.67072,,13881.00000,447005760.00000,1,0,0,0,0,0,12,0,46,12,2,839.16900
AllFleetRetreatPanorama,260,1.96110,2.03050,1.96080,0.66048,,13881.00000,447087680.00000,1,0,0,0,0,0,12,0,46,12,2,839.16900
AllFleetRetreatPanorama,261,1.83750,2.09610,1.82050,0.89498,,13881.00000,447087680.00000,1,0,0,0,0,0,12,0,46,12,2,839.16900
AllFleetRetreatPanorama,262,1.75920,1.96370,1.77830,0.98406,,13881.00000,447022144.00000,1,0,0,0,0,0,12,0,46,12,2,839.16900
AllFleetRetreatPanorama,263,1.80590,1.96360,1.80340,1.25235,,13881.00000,446940224.00000,1,0,0,0,0,0,12,0,46,12,2,839.16900
AllFleetRetreatPanorama,264,1.83140,1.82290,1.78370,0.65843,,13881.00000,447005760.00000,1,0,0,0,0,0,12,0,46,12,2,839.16900
AllFleetRetreatPanorama,265,1.88670,1.78080,1.92680,0.67482,,13881.00000,447005760.00000,1,0,0,0,0,0,12,0,46,12,2,839.16900
AllFleetRetreatPanorama,266,2.30420,1.80570,2.07950,1.28000,,13881.00000,446923840.00000,1,0,0,0,0,0,12,0,46,12,2,867.07530
AllFleetRetreatPanorama,267,2.70580,1.78620,2.88150,0.66458,,13881.00000,446923840.00000,1,0,0,0,0,0,12,0,46,12,2,867.07530
AllFleetRetreatPanorama,268,1.90490,1.92940,1.92340,0.65536,,13881.00000,446923840.00000,1,0,0,0,0,0,12,0,46,12,2,867.07530
AllFleetRetreatPanorama,269,1.99290,2.09260,1.92770,0.66765,,13881.00000,446923840.00000,1,0,0,0,0,0,12,0,46,12,2,867.07530
AllFleetRetreatPanorama,270,1.90880,2.88550,1.96580,0.67072,,13881.00000,447005760.00000,1,0,0,0,0,0,12,0,46,12,2,867.07530
AllFleetRetreatPanorama,271,1.84000,1.92660,1.83830,0.67686,,13881.00000,447022144.00000,1,0,0,0,0,0,12,0,46,12,2,867.07530
AllFleetRetreatPanorama,272,2.17970,1.93170,2.17670,0.65638,,13881.00000,446956608.00000,1,0,0,0,0,0,12,0,46,12,2,867.07530
AllFleetRetreatPanorama,273,1.96880,1.97030,1.94100,0.67686,,13881.00000,446940224.00000,1,0,0,0,0,0,12,0,46,12,2,867.07530
AllFleetRetreatPanorama,274,2.09880,1.84280,2.08550,0.67789,,13881.00000,446923840.00000,1,0,0,0,0,0,12,0,46,12,2,867.07530
AllFleetRetreatPanorama,275,1.84900,2.18050,1.88550,0.65638,,13881.00000,446923840.00000,1,0,0,0,0,0,12,0,46,12,2,867.07530
AllFleetRetreatPanorama,276,2.13000,1.94390,2.12160,0.65434,,13881.00000,447005760.00000,1,0,0,0,0,0,12,0,46,12,2,894.97430
AllFleetRetreatPanorama,277,1.92140,2.08880,1.92630,0.65331,,13881.00000,447005760.00000,1,0,0,0,0,0,12,0,46,12,2,894.97430
AllFleetRetreatPanorama,278,1.99020,1.88830,1.98010,1.26874,,13881.00000,446923840.00000,1,0,0,0,0,0,12,0,46,12,2,894.97430
AllFleetRetreatPanorama,279,1.84580,2.12480,1.84680,0.65024,,13881.00000,447005760.00000,1,0,0,0,0,0,12,0,46,12,2,894.97430
AllFleetRetreatPanorama,280,1.82730,1.92890,1.78600,0.64819,,13881.00000,447005760.00000,1,0,0,0,0,0,12,0,46,12,2,894.97430
AllFleetRetreatPanorama,281,2.46400,1.98330,2.34900,1.23290,,13881.00000,446923840.00000,1,0,0,0,0,0,12,0,46,12,2,894.97430
AllFleetRetreatPanorama,282,2.42410,1.84980,2.53530,0.66458,,13881.00000,446923840.00000,1,0,0,0,0,0,12,0,46,12,2,894.97430
AllFleetRetreatPanorama,283,2.14390,1.78920,2.13040,0.64922,,13881.00000,446923840.00000,1,0,0,0,0,0,12,0,46,12,2,894.97430
AllFleetRetreatPanorama,284,1.97340,2.35770,1.98770,0.65126,,13881.00000,446923840.00000,1,0,0,0,0,0,12,0,46,12,2,894.97430
AllFleetRetreatPanorama,285,2.16040,2.54120,2.13030,0.67277,,13881.00000,446923840.00000,1,0,0,0,0,0,12,0,46,12,2,894.97430
AllFleetRetreatPanorama,286,1.96730,2.13740,1.98040,0.67482,,13881.00000,446923840.00000,1,0,0,0,0,0,12,0,46,12,2,922.86550
AllFleetRetreatPanorama,287,2.02960,1.99200,2.03800,0.67277,,13881.00000,446923840.00000,1,0,0,0,0,0,12,0,46,12,2,922.86550
AllFleetRetreatPanorama,288,2.00101,2.13440,2.00230,0.63590,,13881.00000,446923840.00000,1,0,0,0,0,0,12,0,46,12,2,922.86550
AllFleetRetreatPanorama,289,2.40740,1.98330,2.40790,0.66253,,13881.00000,446923840.00000,1,0,0,0,0,0,12,0,46,12,2,922.86550
AllFleetRetreatPanorama,290,1.90840,2.04090,1.86020,0.69427,,13881.00000,446923840.00000,1,0,0,0,0,0,12,0,46,12,2,922.86550
AllFleetRetreatPanorama,291,1.80910,2.00540,1.86040,0.67379,,13881.00000,446940224.00000,1,0,0,0,0,0,12,0,46,12,2,922.86550
AllFleetRetreatPanorama,292,1.82650,2.41170,1.82280,0.64614,,13881.00000,446940224.00000,1,0,0,0,0,0,12,0,46,12,2,922.86550
AllFleetRetreatPanorama,293,1.83140,1.86420,1.82480,0.65229,,13881.00000,446923840.00000,1,0,0,0,0,0,12,0,46,12,2,922.86550
AllFleetRetreatPanorama,294,2.03200,1.86270,2.03120,0.66150,,13881.00000,447005760.00000,1,0,0,0,0,0,12,0,46,12,2,922.86550
AllFleetRetreatPanorama,295,1.92870,1.82540,1.91990,0.62771,,13881.00000,447005760.00000,1,0,0,0,0,0,12,0,46,12,2,922.86550
AllFleetRetreatPanorama,296,2.00480,1.82770,1.95360,1.23494,,13881.00000,446923840.00000,1,0,0,0,0,0,12,0,46,12,2,950.74870
AllFleetRetreatPanorama,297,2.89130,2.03400,2.93370,0.64717,,13881.00000,446923840.00000,1,0,0,0,0,0,12,0,46,12,2,950.74870
AllFleetRetreatPanorama,298,1.94050,1.92270,1.89470,0.67584,,13881.00000,446923840.00000,1,0,0,0,0,0,12,0,46,12,2,950.74870
AllFleetRetreatPanorama,299,2.37360,1.95730,2.41130,1.22778,,13881.00000,446923840.00000,1,0,0,0,0,0,12,0,46,12,2,950.74870
AllFleetRetreatPanorama,300,1.84840,2.93790,1.85320,0.65638,,13881.00000,446923840.00000,1,0,0,0,0,0,12,0,46,12,2,950.74870
AllFleetRetreatPanorama,301,2.65060,1.89940,2.59890,0.62054,,13881.00000,446923840.00000,1,0,0,0,0,0,12,0,46,12,2,950.74870
AllFleetRetreatPanorama,302,2.32690,2.41530,2.36170,0.65536,,13881.00000,446923840.00000,1,0,0,0,0,0,12,0,46,12,2,950.74870
AllFleetRetreatPanorama,303,2.21120,1.85710,2.20510,0.62874,,13881.00000,446923840.00000,1,0,0,0,0,0,12,0,46,12,2,950.74870
AllFleetRetreatPanorama,304,2.06240,2.60550,1.98630,1.24723,,13881.00000,446923840.00000,1,0,0,0,0,0,12,0,46,12,2,950.74870
AllFleetRetreatPanorama,305,1.99510,2.36630,2.06600,0.65229,,13969.00000,447005760.00000,1,0,0,0,0,0,12,0,46,12,2,978.62310
AllFleetRetreatPanorama,306,2.59979,2.20880,2.55860,0.66970,,16577.00000,447007936.00000,1,0,0,0,0,0,12,0,46,12,2,978.62310
AllFleetRetreatPanorama,307,2.04470,1.98900,2.08000,0.64102,,13881.00000,446926220.00000,1,0,0,0,0,0,12,0,46,12,2,978.62310
AllFleetRetreatPanorama,308,2.50950,2.06890,2.45660,0.65126,,13881.00000,446926220.00000,1,0,0,0,0,0,12,0,46,12,2,978.62310
AllFleetRetreatPanorama,309,2.38610,2.56090,2.41580,0.64614,,13881.00000,446926220.00000,1,0,0,0,0,0,12,0,46,12,2,978.62310
AllFleetRetreatPanorama,310,2.14359,2.08300,2.10600,0.68608,,13881.00000,447008140.00000,1,0,0,0,0,0,12,0,46,12,2,978.62310
AllFleetRetreatPanorama,311,2.78960,2.46270,2.78480,0.64819,,13881.00000,447008140.00000,1,0,0,0,0,0,12,0,46,12,2,978.62310
AllFleetRetreatPanorama,312,1.97300,2.42020,2.01370,1.24826,,13881.00000,446926220.00000,1,0,0,0,0,0,12,0,46,12,2,978.62310
AllFleetRetreatPanorama,313,2.34269,2.11010,2.34550,0.65024,,13881.00000,446926220.00000,1,0,0,0,0,0,12,0,46,12,2,1006.48900
AllFleetRetreatPanorama,314,1.91030,2.78800,1.91140,0.65843,,13881.00000,446926220.00000,1,0,0,0,0,0,12,0,46,12,2,1006.48900
AllFleetRetreatPanorama,315,2.25870,2.01660,2.25400,0.65229,,13881.00000,446926220.00000,1,0,0,0,0,0,12,0,46,12,2,1006.48900
AllFleetRetreatPanorama,316,2.01880,2.34810,1.94300,0.65638,,13881.00000,446926220.00000,1,0,0,0,0,0,12,0,46,12,2,1006.48900
AllFleetRetreatPanorama,317,1.95519,1.91390,2.00630,0.64717,,13881.00000,446926220.00000,1,0,0,0,0,0,12,0,46,12,2,1006.48900
AllFleetRetreatPanorama,318,2.16860,2.25740,2.17870,0.66867,,13881.00000,446926220.00000,1,0,0,0,0,0,12,0,46,12,2,1006.48900
AllFleetRetreatPanorama,319,2.21950,1.94700,2.20620,0.64102,,13881.00000,446926220.00000,1,0,0,0,0,0,12,0,46,12,2,1006.48900
AllFleetRetreatPanorama,320,2.09400,2.00930,2.10400,0.65434,,13881.00000,446926220.00000,1,0,0,0,0,0,12,0,46,12,2,1006.48900
AllFleetRetreatPanorama,321,1.86830,2.18210,1.82610,0.65536,,13881.00000,446926220.00000,1,0,0,0,0,0,12,0,46,12,2,1006.48900
AllFleetRetreatPanorama,322,1.79990,2.21140,1.84100,0.67482,,13881.00000,447008140.00000,1,0,0,0,0,0,12,0,46,12,2,1006.48900
AllFleetRetreatPanorama,323,1.87630,2.10670,1.87480,0.63898,,13881.00000,447008140.00000,1,0,0,0,0,0,12,0,46,12,2,1034.34500
AllFleetRetreatPanorama,324,2.24510,1.82890,2.23740,0.65638,,13881.00000,446926220.00000,1,0,0,0,0,0,12,0,46,12,2,1034.34500
AllFleetRetreatPanorama,325,2.33060,1.84360,2.25990,0.63283,,13881.00000,446926220.00000,1,0,0,0,0,0,12,0,46,12,2,1034.34500
AllFleetRetreatPanorama,326,2.20940,1.87750,2.18330,0.67174,,13881.00000,446926220.00000,1,0,0,0,0,0,12,0,46,12,2,1034.34500
AllFleetRetreatPanorama,327,2.19179,2.23980,2.25960,0.66048,,13881.00000,447008140.00000,1,0,0,0,0,0,12,0,46,12,2,1034.34500
AllFleetRetreatPanorama,328,1.88690,2.26640,1.89390,0.88883,,13881.00000,447008140.00000,1,0,0,0,0,0,12,0,46,12,2,1034.34500
AllFleetRetreatPanorama,329,1.86170,2.18730,1.85790,0.64922,,13881.00000,447008140.00000,1,0,0,0,0,0,12,0,46,12,2,1034.34500
AllFleetRetreatPanorama,330,1.96300,2.26350,1.93730,0.64512,,13881.00000,447024524.00000,1,0,0,0,0,0,12,0,46,12,2,1034.34500
AllFleetRetreatPanorama,331,1.96670,1.89800,1.98830,0.82125,,13881.00000,446942604.00000,1,0,0,0,0,0,12,0,46,12,2,1034.34500
AllFleetRetreatPanorama,332,2.10030,1.86120,2.06130,0.68096,,13881.00000,446926220.00000,1,0,0,0,0,0,12,0,46,12,2,1034.34500
AllFleetRetreatPanorama,333,2.37440,1.94080,2.40370,0.66560,,13881.00000,446926220.00000,1,0,0,0,0,0,12,0,46,12,2,1062.19100
AllFleetRetreatPanorama,334,2.00460,1.99190,1.98390,0.64000,,13881.00000,446926220.00000,1,0,0,0,0,0,12,0,46,12,2,1062.19100
AllFleetRetreatPanorama,335,1.89800,2.06370,1.91860,0.66662,,13933.00000,446926220.00000,1,0,0,0,0,0,12,0,46,12,2,1062.19100
AllFleetRetreatPanorama,336,1.90760,2.40740,1.90310,0.65536,,13881.00000,447008140.00000,1,0,0,0,0,0,12,0,46,12,2,1062.19100
AllFleetRetreatPanorama,337,1.91140,1.98750,1.87620,0.65229,,13881.00000,447008140.00000,1,0,0,0,0,0,12,0,46,12,2,1062.19100
AllFleetRetreatPanorama,338,1.98190,1.92170,2.01690,0.64512,,13881.00000,446926220.00000,1,0,0,0,0,0,12,0,46,12,2,1062.19100
AllFleetRetreatPanorama,339,2.15670,1.90590,2.14710,0.65741,,13881.00000,447008140.00000,1,0,0,0,0,0,12,0,46,12,2,1062.19100
AllFleetRetreatPanorama,340,2.42390,1.87900,2.38890,0.64614,,13881.00000,447008140.00000,1,0,0,0,0,0,12,0,46,12,2,1062.19100
AllFleetRetreatPanorama,341,2.77180,2.01990,2.79770,0.64205,,13881.00000,446926220.00000,1,0,0,0,0,0,12,0,46,12,2,1062.19100
AllFleetRetreatPanorama,342,2.15911,2.15000,2.11940,0.66048,,13881.00000,446926220.00000,1,0,0,0,0,0,12,0,46,12,2,1090.02700
AllFleetRetreatPanorama,343,2.53340,2.39260,2.53950,0.63283,,13881.00000,446926220.00000,1,0,0,0,0,0,12,0,46,12,2,1090.02700
AllFleetRetreatPanorama,344,2.42230,2.80170,2.44290,0.64410,,13881.00000,446926220.00000,1,0,0,0,0,0,12,0,46,12,2,1090.02700
AllFleetRetreatPanorama,345,2.03180,2.12350,1.97420,0.64000,,13881.00000,446926220.00000,1,0,0,0,0,0,12,0,46,12,2,1090.02700
AllFleetRetreatPanorama,346,2.00360,2.54430,2.05480,0.65024,,13881.00000,446926220.00000,1,0,0,0,0,0,12,0,46,12,2,1090.02700
AllFleetRetreatPanorama,347,2.61589,2.44680,2.44250,0.63386,,13881.00000,447008140.00000,1,0,0,0,0,0,12,0,46,12,2,1090.02700
AllFleetRetreatPanorama,348,2.97961,1.97750,3.10980,0.64102,,13881.00000,447008140.00000,1,0,0,0,0,0,12,0,46,12,2,1090.02700
AllFleetRetreatPanorama,349,2.57309,2.05780,2.55130,1.23085,,13881.00000,446926220.00000,1,0,0,0,0,0,12,0,46,12,2,1090.02700
AllFleetRetreatPanorama,350,2.23110,2.45110,2.23010,0.81920,,13881.00000,446926220.00000,1,0,0,0,0,0,12,0,46,12,2,1117.85300
AllFleetRetreatPanorama,351,2.51700,3.11460,2.46830,0.82227,,16577.00000,446928600.00000,1,0,0,0,0,0,12,0,46,12,2,1117.85300
AllFleetRetreatPanorama,352,2.02820,2.55900,2.10100,0.65126,,13881.00000,446928600.00000,1,0,0,0,0,0,12,0,46,12,2,1117.85300
AllFleetRetreatPanorama,353,1.97070,2.23580,1.96690,0.63488,,13881.00000,446928600.00000,1,0,0,0,0,0,12,0,46,12,2,1117.85300
AllFleetRetreatPanorama,354,2.91210,2.47320,2.89910,0.64102,,13881.00000,446928600.00000,1,0,0,0,0,0,12,0,46,12,2,1117.85300
AllFleetRetreatPanorama,355,1.90860,2.10490,1.91720,0.64205,,13881.00000,446928600.00000,1,0,0,0,0,0,12,0,46,12,2,1117.85300
AllFleetRetreatPanorama,356,1.88450,1.97050,1.84840,0.64512,,13881.00000,446928600.00000,1,0,0,0,0,0,12,0,46,12,2,1117.85300
AllFleetRetreatPanorama,357,1.90040,2.90420,1.90960,0.64922,,13881.00000,446928600.00000,1,0,0,0,0,0,12,0,46,12,2,1117.85300
AllFleetRetreatPanorama,358,1.91840,1.92140,1.94090,0.64205,,13881.00000,446928600.00000,1,0,0,0,0,0,12,0,46,12,2,1117.85300
AllFleetRetreatPanorama,359,2.01060,1.85140,1.99300,0.64512,,13881.00000,446928600.00000,1,0,0,0,0,0,12,0,46,12,2,1117.85300
AllFleetRetreatPanorama,360,2.02060,1.91280,2.02880,0.65229,,13881.00000,446928600.00000,1,0,0,0,0,0,12,0,46,12,2,1145.66700
AllFleetRetreatPanorama,361,2.34090,1.94340,2.26370,0.64307,,13881.00000,446928600.00000,1,0,0,0,0,0,12,0,46,12,2,1145.66700
AllFleetRetreatPanorama,362,1.94330,1.99650,2.01400,0.64922,,13881.00000,446928600.00000,1,0,0,0,0,0,12,0,46,12,2,1145.66700
AllFleetRetreatPanorama,363,1.90460,2.03160,1.90480,0.64307,,13881.00000,446928600.00000,1,0,0,0,0,0,12,0,46,12,2,1145.66700
AllFleetRetreatPanorama,364,1.89751,2.26630,1.87070,0.64717,,13881.00000,446928600.00000,1,0,0,0,0,0,12,0,46,12,2,1145.66700
AllFleetRetreatPanorama,365,2.04460,2.01700,2.05980,0.64922,,13881.00000,446928600.00000,1,0,0,0,0,0,12,0,46,12,2,1145.66700
AllFleetRetreatPanorama,366,2.03080,1.90810,2.02070,0.64410,,13881.00000,446928600.00000,1,0,0,0,0,0,12,0,46,12,2,1145.66700
AllFleetRetreatPanorama,367,2.16970,1.87320,2.11710,0.65126,,13881.00000,446928600.00000,1,0,0,0,0,0,12,0,46,12,2,1145.66700
AllFleetRetreatPanorama,368,1.97370,2.06230,2.03610,0.63898,,13881.00000,446928600.00000,1,0,0,0,0,0,12,0,46,12,2,1145.66700
AllFleetRetreatPanorama,369,2.26769,2.02440,2.20770,0.64819,,13881.00000,446928600.00000,1,0,0,0,0,0,12,0,46,12,2,1173.46900
AllFleetRetreatPanorama,370,2.07971,2.12100,2.13220,0.65331,,13881.00000,446928600.00000,1,0,0,0,0,0,12,0,46,12,2,1173.46900
AllFleetRetreatPanorama,371,1.91759,2.03940,1.90690,0.65638,,13881.00000,447010520.00000,1,0,0,0,0,0,12,0,46,12,2,1173.46900
AllFleetRetreatPanorama,372,1.89110,2.21150,1.85800,0.65229,,13881.00000,447010520.00000,1,0,0,0,0,0,12,0,46,12,2,1173.46900
AllFleetRetreatPanorama,373,1.81451,2.13530,1.85130,0.63693,,13881.00000,446928600.00000,1,0,0,0,0,0,12,0,46,12,2,1173.46900
AllFleetRetreatPanorama,374,2.18580,1.91030,2.12240,0.62874,,13881.00000,446928600.00000,1,0,0,0,0,0,12,0,46,12,2,1173.46900
AllFleetRetreatPanorama,375,2.16810,1.86060,2.22040,0.65536,,13969.00000,446928600.00000,1,0,0,0,0,0,12,0,46,12,2,1173.46900
AllFleetRetreatPanorama,376,1.81440,1.85480,1.81730,0.63693,,13881.00000,446928600.00000,1,0,0,0,0,0,12,0,46,12,2,1173.46900
AllFleetRetreatPanorama,377,2.14000,2.12570,2.09360,0.64717,,13881.00000,446928600.00000,1,0,0,0,0,0,12,0,46,12,2,1173.46900
AllFleetRetreatPanorama,378,2.14710,2.22320,2.17850,0.64819,,13881.00000,446928600.00000,1,0,0,0,0,0,12,0,46,12,2,1173.46900
AllFleetRetreatPanorama,379,1.95320,1.81990,1.95020,0.63898,,13881.00000,446928600.00000,1,0,0,0,0,0,12,0,46,12,2,1201.26000
AllFleetRetreatPanorama,380,2.02680,2.09740,2.03130,0.64717,,13881.00000,446928600.00000,1,0,0,0,0,0,12,0,46,12,2,1201.26000
AllFleetRetreatPanorama,381,2.45111,2.18210,2.37020,0.64717,,13881.00000,446944984.00000,1,0,0,0,0,0,12,0,46,12,2,1201.26000
AllFleetRetreatPanorama,382,2.46020,1.95330,2.44270,0.65024,,13881.00000,446944984.00000,1,0,0,0,0,0,12,0,46,12,2,1201.26000
AllFleetRetreatPanorama,383,2.23190,2.03390,2.27890,0.66355,,13881.00000,446928600.00000,1,0,0,0,0,0,12,0,46,12,2,1201.26000
AllFleetRetreatPanorama,384,2.04300,2.37610,2.03750,0.66867,,13881.00000,447010520.00000,1,0,0,0,0,0,12,0,46,12,2,1201.26000
AllFleetRetreatPanorama,385,1.85930,2.44730,1.88620,0.64102,,13881.00000,447026904.00000,1,0,0,0,0,0,12,0,46,12,2,1201.26000
AllFleetRetreatPanorama,386,1.97890,2.28230,1.98010,0.64717,,13881.00000,446944984.00000,1,0,0,0,0,0,12,0,46,12,2,1201.26000
AllFleetRetreatPanorama,387,2.04420,2.04120,2.00030,0.65229,,13881.00000,447010520.00000,1,0,0,0,0,0,12,0,46,12,2,1201.26000
AllFleetRetreatPanorama,388,1.83950,1.88920,1.88050,0.63283,,13881.00000,447010520.00000,1,0,0,0,0,0,12,0,46,12,2,1201.26000
AllFleetRetreatPanorama,389,1.95920,1.98310,1.94920,0.65331,,13881.00000,447010520.00000,1,0,0,0,0,0,12,0,46,12,2,1229.03700
AllFleetRetreatPanorama,390,2.16590,2.00330,2.15230,0.64000,,16577.00000,447094820.00000,1,0,0,0,0,0,12,0,46,12,2,1229.03700
AllFleetRetreatPanorama,391,2.37309,1.88320,2.17730,0.64000,,13881.00000,447012900.00000,1,0,0,0,0,0,12,0,46,12,2,1229.03700
AllFleetRetreatPanorama,392,2.22871,1.95210,2.32750,1.20218,,13881.00000,446930980.00000,1,0,0,0,0,0,12,0,46,12,2,1229.03700
AllFleetRetreatPanorama,393,1.98960,2.15670,2.08740,0.63898,,13881.00000,446947364.00000,1,0,0,0,0,0,12,0,46,12,2,1229.03700
AllFleetRetreatPanorama,394,1.81610,2.18270,1.81110,0.64922,,13881.00000,446947364.00000,1,0,0,0,0,0,12,0,46,12,2,1229.03700
AllFleetRetreatPanorama,395,1.92920,2.33130,1.91780,0.64512,,13881.00000,446930980.00000,1,0,0,0,0,0,12,0,46,12,2,1229.03700
AllFleetRetreatPanorama,396,1.93880,2.09040,1.94450,0.66662,,13881.00000,447012900.00000,1,0,0,0,0,0,12,0,46,12,2,1229.03700
AllFleetRetreatPanorama,397,1.91860,1.81370,1.92030,0.63693,,13881.00000,447012900.00000,1,0,0,0,0,0,12,0,46,12,2,1229.03700
AllFleetRetreatPanorama,398,1.94300,1.92060,1.90370,0.64307,,13881.00000,446947364.00000,1,0,0,0,0,0,12,0,46,12,2,1229.03700
AllFleetRetreatPanorama,399,1.89530,1.94750,1.92510,0.64307,,13881.00000,447029284.00000,1,0,0,0,0,0,12,0,46,12,2,1256.80100
AllFleetRetreatPanorama,400,2.48970,1.92270,2.48870,0.63693,,13881.00000,447012900.00000,1,0,0,0,0,0,12,0,46,12,2,1256.80100
AllFleetRetreatPanorama,401,1.85250,1.90620,1.85020,0.64000,,13881.00000,446930980.00000,1,0,0,0,0,0,12,0,46,12,2,1256.80100
AllFleetRetreatPanorama,402,1.90920,1.92780,1.90790,0.62976,,13881.00000,447012900.00000,1,0,0,0,0,0,12,0,46,12,2,1256.80100
AllFleetRetreatPanorama,403,1.89180,2.49170,1.85230,0.64000,,13881.00000,447012900.00000,1,0,0,0,0,0,12,0,46,12,2,1256.80100
AllFleetRetreatPanorama,404,1.86160,1.85340,1.89830,0.65741,,13881.00000,447012900.00000,1,0,0,0,0,0,12,0,46,12,2,1256.80100
AllFleetRetreatPanorama,405,1.84930,1.91040,1.84750,0.65126,,13881.00000,447094820.00000,1,0,0,0,0,0,12,0,46,12,2,1256.80100
AllFleetRetreatPanorama,406,1.76080,1.85470,1.76040,0.64205,,13881.00000,447012900.00000,1,0,0,0,0,0,12,0,46,12,2,1256.80100
AllFleetRetreatPanorama,407,5.04270,1.90100,1.90840,0.64205,,13881.00000,447012900.00000,1,0,0,0,0,0,11,1,46,12,2,1284.55200
AllFleetRetreatPanorama,408,2.90840,1.84980,5.93650,0.64614,,13881.00000,447012900.00000,1,0,0,0,0,0,11,1,46,12,2,1284.55200
AllFleetRetreatPanorama,409,2.03420,1.76310,2.11020,0.66867,,13881.00000,446930980.00000,1,0,0,0,0,0,11,1,46,12,2,1284.55200
AllFleetRetreatPanorama,410,2.01350,1.91180,2.00080,0.65946,,13881.00000,446930980.00000,1,0,0,0,0,0,11,1,46,12,2,1284.55200
AllFleetRetreatPanorama,411,1.95360,5.94100,1.96930,0.67174,,13881.00000,446930980.00000,1,0,0,0,0,0,11,1,46,12,2,1284.55200
AllFleetRetreatPanorama,412,2.03630,2.11360,2.02940,0.67277,,13881.00000,446930980.00000,1,0,0,0,0,0,11,1,46,12,2,1284.55200
AllFleetRetreatPanorama,413,1.97160,2.00440,1.92600,0.68096,,13881.00000,446930980.00000,1,0,0,0,0,0,11,1,46,12,2,1284.55200
AllFleetRetreatPanorama,414,2.85130,1.97220,2.85190,0.65331,,13881.00000,446930980.00000,1,0,0,0,0,0,11,1,46,12,2,1284.55200
AllFleetRetreatPanorama,415,2.48660,2.03240,2.52170,0.72192,,13881.00000,447012900.00000,1,0,0,0,0,0,11,1,46,12,2,1284.55200
AllFleetRetreatPanorama,416,1.85880,1.92870,1.85780,0.66867,,13881.00000,447012900.00000,1,0,0,0,0,0,11,1,46,12,2,1312.28800
AllFleetRetreatPanorama,417,1.93390,2.85590,1.92880,1.30253,,13881.00000,446947364.00000,1,0,0,0,0,0,11,1,46,12,2,1312.28800
AllFleetRetreatPanorama,418,8.94050,2.52600,5.84490,0.64205,,13881.00000,446947364.00000,1,0,0,0,0,0,11,1,46,12,2,1312.28800
AllFleetRetreatPanorama,419,5.75740,1.86240,5.78210,0.72294,,13881.00000,446930980.00000,1,0,0,0,0,0,11,1,46,12,2,1312.28800
AllFleetRetreatPanorama,420,5.41820,1.93290,5.38760,1.23802,,13881.00000,446930980.00000,1,0,0,0,0,0,11,1,46,12,2,1340.00900
AllFleetRetreatPanorama,421,5.89850,5.84980,5.88910,0.67686,,16577.00000,446933360.00000,1,0,0,0,0,0,11,1,46,12,2,1340.00900
AllFleetRetreatPanorama,422,5.88210,5.79110,5.86400,1.25952,,13933.00000,446933360.00000,1,0,0,0,0,0,11,1,46,12,2,1340.00900
AllFleetRetreatPanorama,423,5.62090,5.39200,5.65220,0.66970,,13881.00000,446933360.00000,1,0,0,0,0,0,11,1,46,12,2,1340.00900
AllFleetRetreatPanorama,424,6.00640,5.89570,5.95360,0.67277,,13881.00000,446933360.00000,1,0,0,0,0,0,11,1,46,12,2,1367.71400
AllFleetRetreatPanorama,425,5.51520,5.87080,5.57250,0.69325,,13881.00000,446933360.00000,1,0,0,0,0,0,11,1,46,12,2,1367.71400
AllFleetRetreatPanorama,426,5.91500,5.65770,5.84780,0.68096,,13881.00000,446933360.00000,1,0,0,0,0,0,11,1,46,12,2,1367.71400
AllFleetRetreatPanorama,427,5.51290,5.96160,5.57570,0.91443,,13881.00000,446933360.00000,1,0,0,0,0,0,11,1,46,12,2,1395.40400
AllFleetRetreatPanorama,428,6.07701,5.57830,5.54040,0.70144,,15169.00000,446934128.00000,1,0,0,0,0,0,11,1,46,12,2,1395.40400
AllFleetRetreatPanorama,429,6.36400,5.85380,6.82170,0.70042,,13969.00000,446934200.00000,1,0,0,0,0,0,11,1,46,12,2,1395.40400
AllFleetRetreatPanorama,430,5.74360,5.58230,5.72440,0.69734,,13881.00000,446934200.00000,1,0,0,0,0,0,11,1,46,12,2,1423.07600
AllFleetRetreatPanorama,431,29.98870,5.54600,5.61540,0.70349,,13881.00000,446934200.00000,1,0,0,0,0,0,11,1,46,12,2,1450.73000
AllFleetRetreatPanorama,432,3.84269,6.82790,31.18080,0.66253,,16577.00000,446934200.00000,1,0,0,0,0,0,11,1,46,12,2,1450.73000
AllFleetRetreatPanorama,433,2.78501,5.72960,2.87350,0.67174,,13881.00000,446936580.00000,1,0,0,0,0,0,11,1,46,12,2,1450.73000
AllFleetRetreatPanorama,434,2.35590,5.62090,2.36680,0.67174,,13881.00000,446936580.00000,1,0,0,0,0,0,11,1,46,12,2,1450.73000
AllFleetRetreatPanorama,435,2.67710,31.18920,2.67710,0.69222,,13881.00000,446936580.00000,1,0,0,0,0,0,11,1,46,12,2,1478.36700
AllFleetRetreatPanorama,436,2.40560,2.88170,2.34660,0.69427,,13881.00000,446936580.00000,1,0,0,0,0,0,11,1,46,12,2,1478.36700
AllFleetRetreatPanorama,437,5.66970,2.37270,2.48440,0.69427,,13881.00000,446936580.00000,1,0,0,0,0,0,11,1,46,12,2,1478.36700
AllFleetRetreatPanorama,438,2.77780,2.68320,5.90780,0.68403,,13881.00000,447018500.00000,1,0,0,0,0,0,11,1,46,12,2,1478.36700
AllFleetRetreatPanorama,439,3.30370,2.36800,3.26570,0.70349,,13881.00000,447018500.00000,1,0,0,0,0,0,11,1,46,12,2,1478.36700
AllFleetRetreatPanorama,440,2.68420,2.51020,2.74740,0.67891,,13881.00000,446936580.00000,1,0,0,0,0,0,11,1,46,12,2,1478.36700
AllFleetRetreatPanorama,441,2.53200,5.91490,2.52260,0.67891,,13881.00000,446936580.00000,1,0,0,0,0,0,11,1,46,12,2,1505.98400
AllFleetRetreatPanorama,442,2.55910,3.27270,2.57310,0.67379,,13881.00000,446936580.00000,1,0,0,0,0,0,11,1,46,12,2,1505.98400
AllFleetRetreatPanorama,443,2.34360,2.76930,2.30170,0.91341,,13881.00000,446936580.00000,1,0,0,0,0,0,11,1,46,12,2,1505.98400
AllFleetRetreatPanorama,444,2.66800,2.52630,2.67800,1.22368,,13881.00000,446936580.00000,1,0,0,0,0,0,11,1,46,12,2,1505.98400
AllFleetRetreatPanorama,445,2.96441,2.57650,2.98510,0.68710,,13881.00000,446936580.00000,1,0,0,0,0,0,11,1,46,12,2,1505.98400
AllFleetRetreatPanorama,446,2.25350,2.30580,2.20170,0.65126,,13881.00000,446936580.00000,1,0,0,0,0,0,11,1,46,12,2,1505.98400
AllFleetRetreatPanorama,447,2.41000,2.68400,2.39960,0.66662,,13881.00000,446936580.00000,1,0,0,0,0,0,11,1,46,12,2,1505.98400
AllFleetRetreatPanorama,448,1.94360,2.98950,1.99060,0.64922,,13881.00000,446936580.00000,1,0,0,0,0,0,11,1,46,12,2,1505.98400
AllFleetRetreatPanorama,449,1.92520,2.20770,1.92640,0.68710,,13881.00000,447018500.00000,1,0,0,0,0,0,11,1,46,12,2,1533.58200
AllFleetRetreatPanorama,450,2.08310,2.40500,2.07870,0.64819,,16577.00000,447020880.00000,1,0,0,0,0,0,11,1,46,12,2,1533.58200
AllFleetRetreatPanorama,451,2.04390,1.99420,2.00520,0.65331,,13881.00000,446938960.00000,1,0,0,0,0,0,11,1,46,12,2,1533.58200
AllFleetRetreatPanorama,452,2.25070,1.92940,2.24150,0.63488,,13881.00000,447020880.00000,1,0,0,0,0,0,11,1,46,12,2,1533.58200
AllFleetRetreatPanorama,453,2.04060,2.08140,2.06680,0.67789,,13881.00000,447020880.00000,1,0,0,0,0,0,11,1,46,12,2,1533.58200
AllFleetRetreatPanorama,454,2.49700,2.00840,2.50140,0.63795,,13881.00000,446938960.00000,1,0,0,0,0,0,11,1,46,12,2,1533.58200
AllFleetRetreatPanorama,455,2.69260,2.24580,2.69750,0.62259,,13881.00000,446938960.00000,1,0,0,0,0,0,11,1,46,12,2,1533.58200
AllFleetRetreatPanorama,456,2.13970,2.07040,2.07710,0.64307,,13881.00000,446938960.00000,1,0,0,0,0,0,11,1,46,12,2,1533.58200
AllFleetRetreatPanorama,457,2.37460,2.50510,2.36270,1.28819,,13881.00000,446938960.00000,1,0,0,0,0,0,11,1,46,12,2,1533.58200
AllFleetRetreatPanorama,458,2.24960,2.70090,2.27540,0.63693,,13881.00000,446938960.00000,1,0,0,0,0,0,10,2,46,12,2,1561.15800
AllFleetRetreatPanorama,459,2.34760,2.08260,2.36290,0.64307,,13881.00000,446938960.00000,1,0,0,0,0,0,10,2,46,12,2,1561.15800
AllFleetRetreatPanorama,460,2.23369,2.36700,2.24240,0.64717,,13881.00000,447020880.00000,1,0,0,0,0,0,10,2,46,12,2,1561.15800
AllFleetRetreatPanorama,461,2.28500,2.28040,2.10250,0.66765,,13881.00000,447020880.00000,1,0,0,0,0,0,10,2,46,12,2,1561.15800
AllFleetRetreatPanorama,462,2.54741,2.36690,2.66810,1.23187,,13881.00000,446938960.00000,1,0,0,0,0,0,10,2,46,12,2,1561.15800
AllFleetRetreatPanorama,463,2.55020,2.24610,2.49380,0.66560,,13881.00000,446938960.00000,1,0,0,0,0,0,10,2,46,12,2,1561.15800
AllFleetRetreatPanorama,464,2.28020,2.10600,2.37570,0.63283,,13881.00000,446938960.00000,1,0,0,0,0,0,10,2,46,12,2,1561.15800
AllFleetRetreatPanorama,465,2.63220,2.67210,2.59400,0.69939,,13881.00000,446938960.00000,1,0,0,0,0,0,10,2,46,12,2,1561.15800
AllFleetRetreatPanorama,466,2.22110,2.49730,2.24620,0.63898,,13881.00000,446938960.00000,1,0,0,0,0,0,10,2,46,12,2,1588.71400
AllFleetRetreatPanorama,467,2.48390,2.37840,2.24900,0.67174,,13881.00000,446938960.00000,1,0,0,0,0,0,10,2,46,12,2,1588.71400
AllFleetRetreatPanorama,468,2.37070,2.59810,2.61100,0.64512,,13881.00000,446938960.00000,1,0,0,0,0,0,10,2,46,12,2,1588.71400
AllFleetRetreatPanorama,469,2.38110,2.25070,2.37770,0.67584,,13881.00000,446938960.00000,1,0,0,0,0,0,10,2,46,12,2,1588.71400
AllFleetRetreatPanorama,470,2.46580,2.25310,2.46630,0.65024,,13881.00000,446938960.00000,1,0,0,0,0,0,10,2,46,12,2,1588.71400
AllFleetRetreatPanorama,471,2.64700,2.61490,2.54300,0.64717,,13881.00000,446938960.00000,1,0,0,0,0,0,10,2,46,12,2,1588.71400
AllFleetRetreatPanorama,472,2.13000,2.38140,2.21690,1.23597,,13881.00000,446938960.00000,1,0,0,0,0,0,10,2,46,12,2,1588.71400
AllFleetRetreatPanorama,473,1.90050,2.46900,1.84420,0.66970,,13881.00000,446955344.00000,1,0,0,0,0,0,10,2,46,12,2,1588.71400
AllFleetRetreatPanorama,474,2.43480,2.54630,2.49520,0.64410,,13969.00000,446955344.00000,1,0,0,0,0,0,10,2,46,12,2,1588.71400
AllFleetRetreatPanorama,475,2.12550,2.21990,2.11190,0.64512,,13881.00000,446938960.00000,1,0,0,0,0,0,9,3,46,12,2,1616.24700
AllFleetRetreatPanorama,476,2.06340,1.84730,2.02870,0.64512,,13881.00000,446938960.00000,1,0,0,0,0,0,9,3,46,12,2,1616.24700
AllFleetRetreatPanorama,477,1.82611,2.49810,1.86620,0.67994,,13881.00000,446938960.00000,1,0,0,0,0,0,9,3,46,12,2,1616.24700
AllFleetRetreatPanorama,478,2.01959,2.11520,2.00830,0.63795,,13933.00000,446938960.00000,1,0,0,0,0,0,9,3,46,12,2,1616.24700
AllFleetRetreatPanorama,479,2.26830,2.03190,2.26130,0.65638,,13881.00000,446955344.00000,1,0,0,0,0,0,9,3,46,12,2,1616.24700
AllFleetRetreatPanorama,480,1.90720,1.86900,1.92120,0.63898,,13881.00000,446955344.00000,1,0,0,0,0,0,9,3,46,12,2,1616.24700
AllFleetRetreatPanorama,481,1.99580,2.01220,1.93920,0.66355,,13881.00000,446938960.00000,1,0,0,0,0,0,9,3,46,12,2,1616.24700
AllFleetRetreatPanorama,482,1.95770,2.26440,2.00850,0.64614,,13881.00000,446938960.00000,1,0,0,0,0,0,9,3,46,12,2,1616.24700
AllFleetRetreatPanorama,483,1.94370,1.92390,1.94210,0.64922,,13881.00000,446938960.00000,1,0,0,0,0,0,9,3,46,12,2,1616.24700
AllFleetRetreatPanorama,484,1.79680,1.94180,1.79480,0.65741,,13881.00000,446938960.00000,1,0,0,0,0,0,9,3,46,12,2,1616.24700
AllFleetRetreatPanorama,485,1.74491,2.01110,1.74790,0.68096,,13881.00000,447020880.00000,1,0,0,0,0,0,9,3,46,12,2,1643.75800
AllFleetRetreatPanorama,486,1.91960,1.94430,1.91330,0.64410,,16577.00000,447023260.00000,1,0,0,0,0,0,9,3,46,12,2,1643.75800
AllFleetRetreatPanorama,487,2.65310,1.79700,2.58650,0.64922,,13881.00000,446941340.00000,1,0,0,0,0,0,9,3,46,12,2,1643.75800
AllFleetRetreatPanorama,488,2.30360,1.74990,2.34840,0.65638,,13881.00000,446941340.00000,1,0,0,0,0,0,9,3,46,12,2,1643.75800
AllFleetRetreatPanorama,489,2.08410,1.91550,2.08850,0.69530,,13881.00000,446941340.00000,1,0,0,0,0,0,9,3,46,12,2,1643.75800
AllFleetRetreatPanorama,490,1.92340,2.59000,1.91840,0.64512,,13881.00000,447023260.00000,1,0,0,0,0,0,9,3,46,12,2,1643.75800
AllFleetRetreatPanorama,491,1.83690,2.35360,1.83810,0.65024,,13881.00000,447023260.00000,1,0,0,0,0,0,9,3,46,12,2,1643.75800
AllFleetRetreatPanorama,492,2.07190,2.09210,2.01500,0.62464,,13881.00000,446941340.00000,1,0,0,0,0,0,9,3,46,12,2,1643.75800
AllFleetRetreatPanorama,493,1.84700,1.92300,1.89400,0.66662,,13881.00000,446941340.00000,1,0,0,0,0,0,9,3,46,12,2,1643.75800
AllFleetRetreatPanorama,494,2.24020,1.84240,2.23680,0.65024,,13881.00000,446941340.00000,1,0,0,0,0,0,9,3,46,12,2,1643.75800
AllFleetRetreatPanorama,495,1.96660,2.01850,1.96520,0.64819,,13881.00000,446941340.00000,1,0,0,0,0,0,8,4,46,12,2,1671.24400
AllFleetRetreatPanorama,496,1.99709,1.89730,1.99180,0.64717,,13881.00000,446941340.00000,1,0,0,0,0,0,8,4,46,12,2,1671.24400
AllFleetRetreatPanorama,497,1.81650,2.23980,1.81520,0.67277,,13881.00000,446941340.00000,1,0,0,0,0,0,8,4,46,12,2,1671.24400
AllFleetRetreatPanorama,498,2.10490,1.96880,2.00830,0.63590,,13881.00000,446941340.00000,1,0,0,0,0,0,8,4,46,12,2,1671.24400
AllFleetRetreatPanorama,499,2.05660,1.99550,2.13500,0.64922,,13881.00000,446941340.00000,1,0,0,0,0,0,8,4,46,12,2,1671.24400
AllFleetRetreatPanorama,500,2.31540,1.81870,2.32130,0.64717,,13881.00000,446941340.00000,1,0,0,0,0,0,8,4,46,12,2,1671.24400
AllFleetRetreatPanorama,501,1.91310,2.01190,1.90750,0.68301,,13881.00000,446941340.00000,1,0,0,0,0,0,8,4,46,12,2,1671.24400
AllFleetRetreatPanorama,502,2.60470,2.13790,2.59730,0.63693,,13881.00000,446941340.00000,1,0,0,0,0,0,8,4,46,12,2,1671.24400
AllFleetRetreatPanorama,503,2.14160,2.32410,2.10710,0.64307,,13881.00000,446941340.00000,1,0,0,0,0,0,8,4,46,12,2,1671.24400
AllFleetRetreatPanorama,504,2.27100,1.91030,2.30130,0.65946,,13881.00000,446941340.00000,1,0,0,0,0,0,8,4,46,12,2,1698.70500
AllFleetRetreatPanorama,505,2.25110,2.60110,2.25220,0.67174,,13881.00000,447023260.00000,1,0,0,0,0,0,8,4,46,12,2,1698.70500
AllFleetRetreatPanorama,506,2.05310,2.11010,2.04950,0.88064,,13881.00000,447023260.00000,1,0,0,0,0,0,8,4,46,12,2,1698.70500
AllFleetRetreatPanorama,507,2.05060,2.30430,2.04530,1.24826,,13881.00000,446941340.00000,1,0,0,0,0,0,8,4,46,12,2,1698.70500
AllFleetRetreatPanorama,508,2.37161,2.25440,2.33950,0.64614,,13881.00000,446941340.00000,1,0,0,0,0,0,8,4,46,12,2,1698.70500
AllFleetRetreatPanorama,509,2.18080,2.05190,2.13780,0.68813,,13881.00000,446941340.00000,1,0,0,0,0,0,8,4,46,12,2,1698.70500
AllFleetRetreatPanorama,510,2.74310,2.04790,2.80770,0.64205,,13881.00000,446941340.00000,1,0,0,0,0,0,8,4,46,12,2,1698.70500
AllFleetRetreatPanorama,511,2.09190,2.34200,2.09340,0.64410,,13881.00000,446941340.00000,1,0,0,0,0,0,8,4,46,12,2,1698.70500
AllFleetRetreatPanorama,512,2.42210,2.14120,2.41900,0.64000,,13881.00000,446941340.00000,1,0,0,0,0,0,8,4,46,12,2,1698.70500
AllFleetRetreatPanorama,513,2.08640,2.81180,2.03300,0.66867,,13881.00000,446957724.00000,1,0,0,0,0,0,8,4,46,12,2,1726.14100
AllFleetRetreatPanorama,514,1.95670,2.09700,2.00000,0.65126,,16577.00000,446960104.00000,1,0,0,0,0,0,8,4,46,12,2,1726.14100
AllFleetRetreatPanorama,515,1.86760,2.42230,1.86920,0.66150,,13881.00000,446960104.00000,1,0,0,0,0,0,8,4,46,12,2,1726.14100
AllFleetRetreatPanorama,516,2.50790,2.03660,2.46510,0.63693,,13881.00000,446960104.00000,1,0,0,0,0,0,8,4,46,12,2,1726.14100
AllFleetRetreatPanorama,517,2.00160,2.00260,2.03460,0.67072,,13881.00000,446943720.00000,1,0,0,0,0,0,8,4,46,12,2,1726.14100
AllFleetRetreatPanorama,518,2.60599,1.87220,2.50930,1.23085,,13881.00000,446943720.00000,1,0,0,0,0,0,8,4,46,12,2,1726.14100
AllFleetRetreatPanorama,519,2.44490,2.46910,2.53280,0.65536,,13881.00000,446943720.00000,1,0,0,0,0,0,8,4,46,12,2,1726.14100
AllFleetRetreatPanorama,520,2.09340,2.03800,2.08850,0.65024,,13881.00000,446943720.00000,1,0,0,0,0,0,8,4,46,12,2,1726.14100
AllFleetRetreatPanorama,521,1.85870,2.51430,1.83980,0.87450,,13881.00000,446943720.00000,1,0,0,0,0,0,8,4,46,12,2,1726.14100
AllFleetRetreatPanorama,522,1.74170,2.53600,1.76180,0.64102,,13881.00000,446960104.00000,1,0,0,0,0,0,7,5,46,12,2,1753.57800
AllFleetRetreatPanorama,523,2.11710,2.09190,2.06270,0.65331,,13881.00000,446960104.00000,1,0,0,0,0,0,7,5,46,12,2,1753.57800
AllFleetRetreatPanorama,524,3.05230,1.84260,3.07260,0.64205,,13881.00000,446943720.00000,1,0,0,0,0,0,7,5,46,12,2,1753.57800
AllFleetRetreatPanorama,525,2.32990,1.76460,2.31390,0.67379,,13881.00000,446943720.00000,1,0,0,0,0,0,7,5,46,12,2,1753.57800
AllFleetRetreatPanorama,526,2.15670,2.06540,2.17900,0.66867,,13881.00000,446943720.00000,1,0,0,0,0,0,7,5,46,12,2,1753.57800
AllFleetRetreatPanorama,527,2.22440,3.07710,2.18590,0.66150,,13881.00000,446943720.00000,1,0,0,0,0,0,7,5,46,12,2,1753.57800
AllFleetRetreatPanorama,528,1.98660,2.31850,1.98520,0.63078,,13881.00000,446943720.00000,1,0,0,0,0,0,7,5,46,12,2,1753.57800
AllFleetRetreatPanorama,529,2.49120,2.18270,2.46970,0.68301,,13881.00000,446943720.00000,1,0,0,0,0,0,7,5,46,12,2,1753.57800
AllFleetRetreatPanorama,530,2.53850,2.18890,2.56000,0.63386,,13881.00000,446943720.00000,1,0,0,0,0,0,7,5,46,12,2,1753.57800
AllFleetRetreatPanorama,531,2.23060,1.98810,2.21900,0.66253,,13881.00000,446943720.00000,1,0,0,0,0,0,7,5,46,12,2,1780.99300
AllFleetRetreatPanorama,532,2.44910,2.47760,2.45610,0.63898,,16577.00000,447028020.00000,1,0,0,0,0,0,7,5,46,12,2,1780.99300
AllFleetRetreatPanorama,533,2.14760,2.56550,2.10650,0.68403,,13881.00000,447028020.00000,1,0,0,0,0,0,7,5,46,12,2,1780.99300
AllFleetRetreatPanorama,534,1.93480,2.22330,1.98740,1.22573,,13881.00000,446946100.00000,1,0,0,0,0,0,7,5,46,12,2,1780.99300
AllFleetRetreatPanorama,535,1.83649,2.46090,1.83930,0.66048,,13881.00000,447028020.00000,1,0,0,0,0,0,7,5,46,12,2,1780.99300
AllFleetRetreatPanorama,536,2.10430,2.10970,2.09740,0.64205,,13881.00000,447028020.00000,1,0,0,0,0,0,7,5,46,12,2,1780.99300
AllFleetRetreatPanorama,537,2.05250,1.98980,2.03820,1.22470,,13881.00000,446946100.00000,1,0,0,0,0,0,7,5,46,12,2,1780.99300
AllFleetRetreatPanorama,538,2.59980,1.84210,2.54650,0.65434,,13881.00000,446946100.00000,1,0,0,0,0,0,7,5,46,12,2,1780.99300
AllFleetRetreatPanorama,539,2.22000,2.10090,2.23610,0.70861,,13881.00000,446946100.00000,1,0,0,0,0,0,7,5,46,12,2,1780.99300
AllFleetRetreatPanorama,540,2.12680,2.04310,2.15760,0.66867,,13881.00000,446946100.00000,1,0,0,0,0,0,6,6,46,12,2,1808.38400
AllFleetRetreatPanorama,541,1.98560,2.55120,1.98670,0.68403,,13881.00000,446946100.00000,1,0,0,0,0,0,6,6,46,12,2,1808.38400
AllFleetRetreatPanorama,542,1.84000,2.24130,1.83730,0.66560,,13881.00000,446946100.00000,1,0,0,0,0,0,6,6,46,12,2,1808.38400
AllFleetRetreatPanorama,543,1.87000,2.16280,1.83210,0.67379,,13881.00000,446962484.00000,1,0,0,0,0,0,6,6,46,12,2,1808.38400
AllFleetRetreatPanorama,544,2.41950,1.99080,2.38520,0.64307,,13881.00000,446962484.00000,1,0,0,0,0,0,6,6,46,12,2,1808.38400
AllFleetRetreatPanorama,545,2.36250,1.84060,2.39860,0.64205,,13969.00000,446946100.00000,1,0,0,0,0,0,6,6,46,12,2,1808.38400
AllFleetRetreatPanorama,546,2.33810,1.83530,2.34670,0.64614,,13881.00000,446946100.00000,1,0,0,0,0,0,6,6,46,12,2,1808.38400
AllFleetRetreatPanorama,547,2.30750,2.38780,2.30790,0.63488,,13881.00000,446946100.00000,1,0,0,0,0,0,6,6,46,12,2,1808.38400
AllFleetRetreatPanorama,548,2.06100,2.40340,2.02250,0.87757,,13881.00000,446962484.00000,1,0,0,0,0,0,6,6,46,12,2,1808.38400
AllFleetRetreatPanorama,549,1.85240,2.35200,1.88840,0.64205,,13881.00000,447044404.00000,1,0,0,0,0,0,6,6,46,12,2,1808.38400
AllFleetRetreatPanorama,550,1.80170,2.31360,1.79100,0.70451,,13881.00000,447028020.00000,1,0,0,0,0,0,5,7,46,12,2,1835.74900
AllFleetRetreatPanorama,551,1.87700,2.02630,1.88220,1.23699,,13881.00000,446946100.00000,1,0,0,0,0,0,5,7,46,12,2,1835.74900
AllFleetRetreatPanorama,552,2.70911,1.89290,2.50430,0.66458,,13881.00000,447028020.00000,1,0,0,0,0,0,5,7,46,12,2,1835.74900
AllFleetRetreatPanorama,553,2.79080,1.79440,2.88140,0.65126,,13881.00000,447028020.00000,1,0,0,0,0,0,5,7,46,12,2,1835.74900
AllFleetRetreatPanorama,554,2.19660,1.88520,2.26540,1.22982,,13881.00000,446946100.00000,1,0,0,0,0,0,5,7,46,12,2,1835.74900
AllFleetRetreatPanorama,555,2.01760,2.51110,2.02230,0.64922,,13881.00000,446946100.00000,1,0,0,0,0,0,5,7,46,12,2,1835.74900
AllFleetRetreatPanorama,556,1.92930,2.88660,1.93600,0.64205,,13881.00000,446946100.00000,1,0,0,0,0,0,5,7,46,12,2,1835.74900
AllFleetRetreatPanorama,557,1.96890,2.26930,1.96850,0.64819,,13881.00000,446946100.00000,1,0,0,0,0,0,5,7,46,12,2,1835.74900
AllFleetRetreatPanorama,558,1.93720,2.02550,1.90360,0.63283,,13881.00000,446946100.00000,1,0,0,0,0,0,5,7,46,12,2,1835.74900
AllFleetRetreatPanorama,559,1.93670,1.93850,1.96770,0.64000,,13881.00000,446946100.00000,1,0,0,0,0,0,5,7,46,12,2,1863.08800
AllFleetRetreatPanorama,560,2.51570,1.97110,2.49600,0.64307,,16577.00000,446948480.00000,1,0,0,0,0,0,5,7,46,12,2,1863.08800
AllFleetRetreatPanorama,561,2.14920,1.90610,2.12010,0.63386,,13881.00000,446948480.00000,1,0,0,0,0,0,5,7,46,12,2,1863.08800
AllFleetRetreatPanorama,562,2.45689,1.97040,2.48020,0.63078,,13881.00000,446948480.00000,1,0,0,0,0,0,5,7,46,12,2,1863.08800
AllFleetRetreatPanorama,563,2.44041,2.50080,2.41210,0.65331,,13881.00000,446948480.00000,1,0,0,0,0,0,5,7,46,12,2,1863.08800
AllFleetRetreatPanorama,564,2.07540,2.12390,2.11490,0.63181,,13881.00000,446948480.00000,1,0,0,0,0,0,5,7,46,12,2,1863.08800
AllFleetRetreatPanorama,565,2.72460,2.48510,2.68310,1.23494,,13881.00000,446948480.00000,1,0,0,0,0,0,5,7,46,12,2,1863.08800
AllFleetRetreatPanorama,566,2.14449,2.41590,2.06540,0.64512,,13881.00000,446948480.00000,1,0,0,0,0,0,5,7,46,12,2,1863.08800
AllFleetRetreatPanorama,567,2.59391,2.11820,2.61840,0.64307,,13881.00000,446948480.00000,1,0,0,0,0,0,5,7,46,12,2,1890.40100
AllFleetRetreatPanorama,568,2.44870,2.68690,2.42720,0.65126,,13881.00000,446948480.00000,1,0,0,0,0,0,5,7,46,12,2,1890.40100
AllFleetRetreatPanorama,569,2.20400,2.07010,2.26470,0.87552,,13881.00000,447030400.00000,1,0,0,0,0,0,5,7,46,12,2,1890.40100
AllFleetRetreatPanorama,570,2.06610,2.62720,2.06720,0.64410,,13881.00000,447030400.00000,1,0,0,0,0,0,5,7,46,12,2,1890.40100
AllFleetRetreatPanorama,571,2.52470,2.43480,2.53790,1.07520,,13933.00000,446948480.00000,1,0,0,0,0,0,5,7,46,12,2,1890.40100
AllFleetRetreatPanorama,572,2.86640,2.26940,2.86050,0.63283,,13881.00000,446948480.00000,1,0,0,0,0,0,5,7,46,12,2,1890.40100
AllFleetRetreatPanorama,573,3.70249,2.07080,3.63340,0.65331,,13881.00000,446948480.00000,1,0,0,0,0,0,5,7,46,12,2,1890.40100
AllFleetRetreatPanorama,574,2.72701,2.54190,2.77490,0.63181,,13881.00000,446948480.00000,1,0,0,0,0,0,5,7,46,12,2,1890.40100
AllFleetRetreatPanorama,575,2.44490,2.86460,2.44360,1.27488,,13881.00000,447030400.00000,1,0,0,0,0,0,5,7,46,12,2,1917.68500
AllFleetRetreatPanorama,576,2.36780,3.63810,2.37030,0.64307,,13881.00000,447030400.00000,1,0,0,0,0,0,5,7,46,12,2,1917.68500
AllFleetRetreatPanorama,577,2.17560,2.77960,2.16100,1.56058,,13881.00000,446948480.00000,1,0,0,0,0,0,5,7,46,12,2,1917.68500
AllFleetRetreatPanorama,578,2.05000,2.44880,2.02440,0.65024,,13881.00000,446948480.00000,1,0,0,0,0,0,5,7,46,12,2,1917.68500
AllFleetRetreatPanorama,579,2.01630,2.37440,2.04250,0.64614,,13881.00000,446948480.00000,1,0,0,0,0,0,5,7,46,12,2,1917.68500
AllFleetRetreatPanorama,580,2.40100,2.16440,2.36620,0.65024,,13881.00000,446948480.00000,1,0,0,0,0,0,5,7,46,12,2,1917.68500
AllFleetRetreatPanorama,581,2.43760,2.02700,2.41230,0.66048,,13881.00000,446948480.00000,1,0,0,0,0,0,5,7,46,12,2,1917.68500
AllFleetRetreatPanorama,582,2.51830,2.04560,2.46480,0.65024,,13881.00000,446948480.00000,1,0,0,0,0,0,5,7,46,12,2,1917.68500
AllFleetRetreatPanorama,583,2.25320,2.36990,2.29930,0.66867,,13881.00000,446948480.00000,1,0,0,0,0,0,5,7,46,12,2,1917.68500
AllFleetRetreatPanorama,584,2.01750,2.41630,2.00910,0.64922,,13881.00000,446948480.00000,1,0,0,0,0,0,5,7,46,12,2,1944.94100
AllFleetRetreatPanorama,585,2.36770,2.47340,2.41630,0.66662,,16577.00000,446950860.00000,1,0,0,0,0,0,5,7,46,12,2,1944.94100
AllFleetRetreatPanorama,586,3.29290,2.30420,3.21050,0.64922,,13881.00000,446950860.00000,1,0,0,0,0,0,5,7,46,12,2,1944.94100
AllFleetRetreatPanorama,587,2.52410,2.01210,2.56250,0.64000,,13881.00000,446950860.00000,1,0,0,0,0,0,5,7,46,12,2,1944.94100
AllFleetRetreatPanorama,588,1.98340,2.42040,2.00650,0.66150,,13881.00000,446950860.00000,1,0,0,0,0,0,5,7,46,12,2,1944.94100
AllFleetRetreatPanorama,589,1.84320,3.21630,1.86280,0.64512,,13881.00000,446950860.00000,1,0,0,0,0,0,5,7,46,12,2,1944.94100
AllFleetRetreatPanorama,590,1.87170,2.56630,1.86630,0.65229,,13881.00000,446967244.00000,1,0,0,0,0,0,5,7,46,12,2,1944.94100
AllFleetRetreatPanorama,591,2.04619,2.00920,2.04580,0.64307,,13881.00000,447049164.00000,1,0,0,0,0,0,5,7,46,12,2,1944.94100
AllFleetRetreatPanorama,592,1.83620,1.86520,1.82630,0.62874,,13881.00000,447032780.00000,1,0,0,0,0,0,5,7,46,12,2,1944.94100
AllFleetRetreatPanorama,593,2.67170,1.86930,2.56890,1.21037,,13881.00000,446950860.00000,1,0,0,0,0,0,5,7,46,12,2,1972.16700
AllFleetRetreatPanorama,594,2.03240,2.04880,2.13400,0.62464,,13881.00000,446950860.00000,1,0,0,0,0,0,5,7,46,12,2,1972.16700
AllFleetRetreatPanorama,595,1.82490,1.82870,1.81860,0.64000,,13881.00000,447032780.00000,1,0,0,0,0,0,5,7,46,12,2,1972.16700
AllFleetRetreatPanorama,596,1.89179,2.57360,1.89220,0.65536,,13881.00000,447032780.00000,1,0,0,0,0,0,5,7,46,12,2,1972.16700
AllFleetRetreatPanorama,597,1.88850,2.13790,1.87330,1.05882,,13881.00000,447032780.00000,1,0,0,0,0,0,5,7,46,12,2,1972.16700
AllFleetRetreatPanorama,598,2.86091,1.82240,2.74280,0.63693,,13881.00000,447032780.00000,1,0,0,0,0,0,5,7,46,12,2,1972.16700
AllFleetRetreatPanorama,599,2.99480,1.89520,3.05840,0.64512,,13881.00000,446950860.00000,1,0,0,0,0,0,5,7,46,12,2,1972.16700
AllFleetRetreatPanorama,600,2.38080,1.87630,2.40180,0.65843,,13881.00000,446950860.00000,1,0,0,0,0,0,5,7,46,12,2,1972.16700
AllFleetRetreatPanorama,601,2.58830,2.74830,2.52280,0.65126,,13881.00000,446950860.00000,1,0,0,0,0,0,5,7,46,12,2,1999.38000
AllFleetRetreatPanorama,602,2.44610,3.06270,2.48220,0.64717,,16577.00000,446950860.00000,1,0,0,0,0,0,5,7,46,12,2,1999.38000
AllFleetRetreatPanorama,603,2.11040,2.40880,2.13980,0.66970,,13881.00000,446953240.00000,1,0,0,0,0,0,5,7,46,12,2,1999.38000
AllFleetRetreatPanorama,604,2.47010,2.52910,2.47260,0.65843,,13881.00000,447035160.00000,1,0,0,0,0,0,5,7,46,12,2,1999.38000
AllFleetRetreatPanorama,605,2.00420,2.48560,2.00390,0.65741,,13881.00000,447035160.00000,1,0,0,0,0,0,5,7,46,12,2,1999.38000
AllFleetRetreatPanorama,606,2.20140,2.14300,2.17650,1.22982,,13881.00000,446953240.00000,1,0,0,0,0,0,5,7,46,12,2,1999.38000
AllFleetRetreatPanorama,607,2.29760,2.47550,2.24270,0.66560,,13881.00000,447035160.00000,1,0,0,0,0,0,5,7,46,12,2,1999.38000
AllFleetRetreatPanorama,608,2.60360,2.00650,2.62470,0.64922,,13881.00000,447035160.00000,1,0,0,0,0,0,5,7,46,12,2,1999.38000
AllFleetRetreatPanorama,609,2.27370,2.18310,2.30500,0.66560,,13881.00000,446953240.00000,1,0,0,0,0,0,5,7,46,12,2,1999.38000
AllFleetRetreatPanorama,610,2.03470,2.24750,1.98590,0.63386,,13881.00000,446953240.00000,1,0,0,0,0,0,5,7,46,12,2,2027.05300
AllFleetRetreatPanorama,611,2.02450,2.62870,2.04890,0.64512,,13969.00000,446953240.00000,1,0,0,0,0,0,5,7,46,12,2,2027.05300
AllFleetRetreatPanorama,612,2.23510,2.30860,2.22180,0.64922,,13881.00000,446953240.00000,1,0,0,0,0,0,5,7,46,12,2,2027.05300
AllFleetRetreatPanorama,613,2.55080,1.98850,2.57680,0.64102,,13881.00000,446953240.00000,1,0,0,0,0,0,5,7,46,12,2,2027.05300
AllFleetRetreatPanorama,614,2.34880,2.05170,2.34310,0.64410,,13881.00000,446953240.00000,1,0,0,0,0,0,5,7,46,12,2,2027.05300
AllFleetRetreatPanorama,615,2.39580,2.22510,2.40300,0.64410,,13881.00000,447035160.00000,1,0,0,0,0,0,5,7,46,12,2,2027.05300
AllFleetRetreatPanorama,616,1.86280,2.58040,1.85910,0.64307,,13881.00000,447035160.00000,1,0,0,0,0,0,5,7,46,12,2,2027.05300
AllFleetRetreatPanorama,617,1.93610,2.34740,1.90210,0.65434,,13881.00000,446953240.00000,1,0,0,0,0,0,5,7,46,12,2,2027.05300
AllFleetRetreatPanorama,618,1.91910,2.40590,1.95300,0.63488,,13881.00000,446953240.00000,1,0,0,0,0,0,5,7,46,12,2,2027.05300
AllFleetRetreatPanorama,619,1.98780,1.86170,1.95270,0.64922,,13881.00000,446953240.00000,1,0,0,0,0,0,5,7,46,12,2,2027.05300
AllFleetRetreatPanorama,620,2.58770,1.90520,2.59300,0.65434,,13881.00000,446953240.00000,1,0,0,0,0,0,5,7,46,12,2,2054.73500
AllFleetRetreatPanorama,621,2.12431,1.95550,2.06240,0.64102,,13881.00000,447035160.00000,1,0,0,0,0,0,5,7,46,12,2,2054.73500
AllFleetRetreatPanorama,622,2.05519,1.95900,2.04340,0.63590,,13881.00000,447035160.00000,1,0,0,0,0,0,5,7,46,12,2,2054.73500
AllFleetRetreatPanorama,623,2.26541,2.59600,2.34740,1.22675,,13881.00000,446953240.00000,1,0,0,0,0,0,5,7,46,12,2,2054.73500
AllFleetRetreatPanorama,624,1.90640,2.06620,1.90880,0.64614,,13881.00000,447035160.00000,1,0,0,0,0,0,5,7,46,12,2,2054.73500
AllFleetRetreatPanorama,625,2.35880,2.04650,2.34210,0.66150,,13881.00000,447035160.00000,1,0,0,0,0,0,5,7,46,12,2,2054.73500
AllFleetRetreatPanorama,626,2.19390,2.35080,2.18460,0.63693,,13881.00000,447035160.00000,1,0,0,0,0,0,5,7,46,12,2,2054.73500
AllFleetRetreatPanorama,627,2.66190,1.91160,2.59940,0.64614,,13881.00000,447035160.00000,1,0,0,0,0,0,5,7,46,12,2,2054.73500
AllFleetRetreatPanorama,628,1.94870,2.34500,2.01940,1.22573,,13881.00000,446953240.00000,1,0,0,0,0,0,5,7,46,12,2,2082.42500
AllFleetRetreatPanorama,629,2.18900,2.18800,2.18650,0.64512,,16577.00000,447037540.00000,1,0,0,0,0,0,5,7,46,12,2,2082.42500
AllFleetRetreatPanorama,630,2.65840,2.60310,2.57010,0.63795,,13881.00000,447037540.00000,1,0,0,0,0,0,5,7,46,12,2,2082.42500
AllFleetRetreatPanorama,631,2.42620,2.02240,2.47960,0.82227,,13881.00000,446955620.00000,1,0,0,0,0,0,5,7,46,12,2,2082.42500
AllFleetRetreatPanorama,632,1.97060,2.18970,1.94460,0.63795,,13881.00000,446955620.00000,1,0,0,0,0,0,5,7,46,12,2,2082.42500
AllFleetRetreatPanorama,633,2.12510,2.58100,2.13030,0.66048,,13881.00000,446955620.00000,1,0,0,0,0,0,5,7,46,12,2,2082.42500
AllFleetRetreatPanorama,634,2.42020,2.48390,2.41470,0.65229,,13881.00000,446955620.00000,1,0,0,0,0,0,5,7,46,12,2,2082.42500
AllFleetRetreatPanorama,635,2.23030,1.94800,2.25360,0.64102,,13881.00000,446955620.00000,1,0,0,0,0,0,5,7,46,12,2,2082.42500
AllFleetRetreatPanorama,636,2.06600,2.13370,2.06900,0.63693,,13881.00000,446955620.00000,1,0,0,0,0,0,5,7,46,12,2,2082.42500
AllFleetRetreatPanorama,637,2.33130,2.41820,2.29920,0.65741,,13881.00000,446955620.00000,1,0,0,0,0,0,5,7,46,12,2,2110.12400
AllFleetRetreatPanorama,638,2.04760,2.25700,2.08000,0.64000,,13881.00000,446955620.00000,1,0,0,0,0,0,5,7,46,12,2,2110.12400
AllFleetRetreatPanorama,639,1.85450,2.07220,1.85370,0.65536,,13881.00000,446955620.00000,1,0,0,0,0,0,5,7,46,12,2,2110.12400
AllFleetRetreatPanorama,640,2.55850,2.30170,2.39120,0.63693,,13881.00000,446955620.00000,1,0,0,0,0,0,5,7,46,12,2,2110.12400
AllFleetRetreatPanorama,641,3.07690,2.08320,3.21330,0.64102,,13881.00000,446955620.00000,1,0,0,0,0,0,5,7,46,12,2,2110.12400
AllFleetRetreatPanorama,642,2.66080,1.85650,2.62090,0.65331,,13881.00000,447037540.00000,1,0,0,0,0,0,5,7,46,12,2,2110.12400
AllFleetRetreatPanorama,643,2.23320,2.39450,2.26240,0.65536,,13881.00000,447037540.00000,1,0,0,0,0,0,5,7,46,12,2,2110.12400
AllFleetRetreatPanorama,644,2.10890,3.21780,2.12730,1.33120,,13881.00000,446955620.00000,1,0,0,0,0,0,5,7,46,12,2,2110.12400
AllFleetRetreatPanorama,645,1.92700,2.62500,1.92400,0.63488,,13881.00000,446955620.00000,1,0,0,0,0,0,5,7,46,12,2,2110.12400
AllFleetRetreatPanorama,646,1.98690,2.26590,1.96300,0.64102,,13881.00000,446955620.00000,1,0,0,0,0,0,5,7,46,12,2,2137.83000
AllFleetRetreatPanorama,647,2.18830,2.13070,2.15830,0.66253,,16577.00000,446958000.00000,1,0,0,0,0,0,5,7,46,12,2,2137.83000
AllFleetRetreatPanorama,648,2.20380,1.92650,2.25350,0.62669,,13881.00000,446958000.00000,1,0,0,0,0,0,5,7,46,12,2,2137.83000
AllFleetRetreatPanorama,649,2.01800,1.96520,2.01010,0.65126,,13881.00000,446958000.00000,1,0,0,0,0,0,5,7,46,12,2,2137.83000
AllFleetRetreatPanorama,650,1.92900,2.16100,1.92460,0.65434,,13881.00000,447039920.00000,1,0,0,0,0,0,5,7,46,12,2,2137.83000
AllFleetRetreatPanorama,651,1.88790,2.25670,1.89010,0.64205,,13881.00000,447039920.00000,1,0,0,0,0,0,5,7,46,12,2,2137.83000
AllFleetRetreatPanorama,652,1.81940,2.01340,1.81800,0.78848,,13881.00000,446958000.00000,1,0,0,0,0,0,5,7,46,12,2,2137.83000
AllFleetRetreatPanorama,653,1.90320,1.92800,1.85100,0.65741,,13881.00000,447039920.00000,1,0,0,0,0,0,5,7,46,12,2,2137.83000
AllFleetRetreatPanorama,654,1.85020,1.89290,1.89620,0.65331,,13881.00000,447121840.00000,1,0,0,0,0,0,5,7,46,12,2,2137.83000
AllFleetRetreatPanorama,655,1.88020,1.82040,1.88150,0.66662,,13881.00000,447056304.00000,1,0,0,0,0,0,5,7,46,12,2,2137.83000
AllFleetRetreatPanorama,656,2.34940,1.85330,2.25870,1.22470,,13881.00000,446974384.00000,1,0,0,0,0,0,5,7,46,12,2,2165.54400
AllFleetRetreatPanorama,657,3.24799,1.89890,3.28660,0.66560,,13881.00000,446958000.00000,1,0,0,0,0,0,5,7,46,12,2,2165.54400
AllFleetRetreatPanorama,658,2.42161,1.88360,2.35700,0.64000,,13881.00000,446958000.00000,1,0,0,0,0,0,5,7,46,12,2,2165.54400
AllFleetRetreatPanorama,659,2.56430,2.26320,2.63760,1.26259,,13881.00000,446974384.00000,1,0,0,0,0,0,5,7,46,12,2,2165.54400
AllFleetRetreatPanorama,660,2.09120,3.29070,2.10380,0.64717,,13933.00000,446974384.00000,1,0,0,0,0,0,5,7,46,12,2,2165.54400
AllFleetRetreatPanorama,661,1.88960,2.36810,1.88650,0.66560,,13881.00000,446958000.00000,1,0,0,0,0,0,5,7,46,12,2,2165.54400
AllFleetRetreatPanorama,662,1.92660,2.64230,1.91850,0.64614,,13881.00000,446958000.00000,1,0,0,0,0,0,5,7,46,12,2,2165.54400
AllFleetRetreatPanorama,663,2.14050,2.10790,2.09360,0.64205,,13881.00000,446958000.00000,1,0,0,0,0,0,5,7,46,12,2,2165.54400
AllFleetRetreatPanorama,664,1.90020,1.88980,1.93480,0.64614,,13881.00000,446958000.00000,1,0,0,0,0,0,5,7,46,12,2,2165.54400
AllFleetRetreatPanorama,665,1.82940,1.92160,1.83650,0.66970,,13881.00000,446974384.00000,1,0,0,0,0,0,5,7,46,12,2,2193.26600
AllFleetRetreatPanorama,666,2.39610,2.09680,2.38340,0.65946,,13881.00000,446974384.00000,1,0,0,0,0,0,5,7,46,12,2,2193.26600
AllFleetRetreatPanorama,667,2.17340,1.93770,2.15800,0.67072,,13881.00000,446958000.00000,1,0,0,0,0,0,5,7,46,12,2,2193.26600
AllFleetRetreatPanorama,668,2.00060,1.83950,1.97350,0.66150,,13881.00000,447039920.00000,1,0,0,0,0,0,5,7,46,12,2,2193.26600
AllFleetRetreatPanorama,669,1.89880,2.38680,1.93900,0.67891,,13881.00000,447039920.00000,1,0,0,0,0,0,5,7,46,12,2,2193.26600
AllFleetRetreatPanorama,670,2.27759,2.16120,2.27040,0.89088,,13881.00000,446958000.00000,1,0,0,0,0,0,5,7,46,12,2,2193.26600
AllFleetRetreatPanorama,671,1.95140,1.97610,1.95540,0.64819,,13881.00000,446958000.00000,1,0,0,0,0,0,5,7,46,12,2,2193.26600
AllFleetRetreatPanorama,672,1.81700,1.94180,1.81270,0.66662,,13881.00000,446958000.00000,1,0,0,0,0,0,5,7,46,12,2,2193.26600
AllFleetRetreatPanorama,673,1.85490,2.27410,1.85230,0.66355,,13881.00000,446958000.00000,1,0,0,0,0,0,5,7,46,12,2,2193.26600
AllFleetRetreatPanorama,674,1.93639,1.95840,1.89500,0.64307,,13881.00000,446958000.00000,1,0,0,0,0,0,5,7,46,12,2,2193.26600
AllFleetRetreatPanorama,675,1.82410,1.81560,1.86440,0.65434,,13881.00000,446958000.00000,1,0,0,0,0,0,4,8,46,12,2,2220.99400
AllFleetRetreatPanorama,676,2.01730,1.85470,2.00380,0.65536,,16577.00000,446960380.00000,1,0,0,0,0,0,4,8,46,12,2,2220.99400
AllFleetRetreatPanorama,677,1.96740,1.89720,1.97100,0.64819,,13881.00000,446960380.00000,1,0,0,0,0,0,4,8,46,12,2,2220.99400
AllFleetRetreatPanorama,678,2.46680,1.86660,2.45110,0.64205,,13881.00000,446960380.00000,1,0,0,0,0,0,4,8,46,12,2,2220.99400
AllFleetRetreatPanorama,679,2.08930,2.00630,2.04150,0.65741,,13881.00000,446960380.00000,1,0,0,0,0,0,4,8,46,12,2,2220.99400
AllFleetRetreatPanorama,680,2.01580,1.97350,2.00410,0.63078,,13881.00000,446976764.00000,1,0,0,0,0,0,4,8,46,12,2,2220.99400
AllFleetRetreatPanorama,681,1.92400,2.45480,1.98610,0.66765,,13969.00000,446976764.00000,1,0,0,0,0,0,4,8,46,12,2,2220.99400
AllFleetRetreatPanorama,682,1.86470,2.04570,1.84820,0.64922,,13881.00000,446960380.00000,1,0,0,0,0,0,4,8,46,12,2,2220.99400
AllFleetRetreatPanorama,683,1.92810,2.00660,1.92380,0.65126,,13881.00000,446960380.00000,1,0,0,0,0,0,4,8,46,12,2,2220.99400
AllFleetRetreatPanorama,684,2.33919,1.98840,2.28350,0.64614,,13881.00000,446960380.00000,1,0,0,0,0,0,4,8,46,12,2,2220.99400
AllFleetRetreatPanorama,685,2.83190,1.85060,2.84520,0.66458,,13881.00000,446960380.00000,1,0,0,0,0,0,4,8,46,12,2,2248.72900
AllFleetRetreatPanorama,686,2.33880,1.92640,2.37450,0.62566,,13881.00000,446960380.00000,1,0,0,0,0,0,4,8,46,12,2,2248.72900
AllFleetRetreatPanorama,687,2.20380,2.28590,2.19820,0.64717,,13881.00000,446976764.00000,1,0,0,0,0,0,4,8,46,12,2,2248.72900
AllFleetRetreatPanorama,688,2.15430,2.85010,2.15820,0.64819,,13881.00000,447058684.00000,1,0,0,0,0,0,4,8,46,12,2,2248.72900
AllFleetRetreatPanorama,689,1.93390,2.37870,1.90020,0.66150,,13881.00000,447042300.00000,1,0,0,0,0,0,4,8,46,12,2,2248.72900
AllFleetRetreatPanorama,690,1.92160,2.20200,1.95610,1.23802,,13881.00000,446960380.00000,1,0,0,0,0,0,4,8,46,12,2,2248.72900
AllFleetRetreatPanorama,691,1.95490,2.16130,1.95080,0.65638,,13881.00000,446976764.00000,1,0,0,0,0,0,4,8,46,12,2,2248.72900
AllFleetRetreatPanorama,692,1.86970,1.90330,1.87130,0.63590,,13881.00000,446976764.00000,1,0,0,0,0,0,4,8,46,12,2,2248.72900
AllFleetRetreatPanorama,693,1.82081,1.95920,1.81850,0.65229,,13881.00000,447042300.00000,1,0,0,0,0,0,4,8,46,12,2,2248.72900
AllFleetRetreatPanorama,694,1.81980,1.95330,1.81120,0.63386,,13881.00000,447124220.00000,1,0,0,0,0,0,4,8,46,12,2,2276.47000
AllFleetRetreatPanorama,695,2.05780,1.87410,2.01510,0.65331,,16577.00000,447044680.00000,1,0,0,0,0,0,4,8,46,12,2,2276.47000
AllFleetRetreatPanorama,696,1.80419,1.82100,1.84810,1.23904,,13881.00000,446962760.00000,1,0,0,0,0,0,4,8,46,12,2,2276.47000
AllFleetRetreatPanorama,697,1.96390,1.81360,1.94660,0.63078,,13881.00000,447044680.00000,1,0,0,0,0,0,4,8,46,12,2,2276.47000
AllFleetRetreatPanorama,698,1.80190,2.01750,1.81590,0.62464,,13881.00000,447044680.00000,1,0,0,0,0,0,4,8,46,12,2,2276.47000
AllFleetRetreatPanorama,699,1.73750,1.85030,1.73720,0.65536,,13881.00000,446962760.00000,1,0,0,0,0,0,4,8,46,12,2,2276.47000
AllFleetRetreatPanorama,700,2.70330,1.94910,2.57630,0.64205,,13881.00000,446962760.00000,1,0,0,0,0,0,4,8,46,12,2,2276.47000
AllFleetRetreatPanorama,701,2.95790,1.81810,2.96860,0.64410,,13881.00000,446962760.00000,1,0,0,0,0,0,4,8,46,12,2,2276.47000
AllFleetRetreatPanorama,702,2.32759,1.73940,2.36230,0.64410,,13881.00000,446962760.00000,1,0,0,0,0,0,4,8,46,12,2,2276.47000
AllFleetRetreatPanorama,703,2.26801,2.58440,2.30760,0.64922,,13881.00000,446962760.00000,1,0,0,0,0,0,3,9,46,12,2,2304.21800
AllFleetRetreatPanorama,704,2.41780,2.97260,2.37730,0.64000,,13881.00000,446962760.00000,1,0,0,0,0,0,3,9,46,12,2,2304.21800
AllFleetRetreatPanorama,705,2.10450,2.36830,2.13670,0.66560,,13881.00000,446962760.00000,1,0,0,0,0,0,3,9,46,12,2,2304.21800
AllFleetRetreatPanorama,706,2.02600,2.31180,1.97420,0.63795,,13881.00000,446962760.00000,1,0,0,0,0,0,3,9,46,12,2,2304.21800
AllFleetRetreatPanorama,707,2.26340,2.38230,2.29020,0.66048,,13881.00000,446962760.00000,1,0,0,0,0,0,3,9,46,12,2,2304.21800
AllFleetRetreatPanorama,708,2.67970,2.14090,2.69900,0.63693,,13881.00000,446962760.00000,1,0,0,0,0,0,3,9,46,12,2,2304.21800
AllFleetRetreatPanorama,709,2.17790,1.97760,2.12410,0.65638,,13881.00000,446962760.00000,1,0,0,0,0,0,3,9,46,12,2,2304.21800
AllFleetRetreatPanorama,710,2.00070,2.29520,2.00270,0.63283,,13881.00000,446962760.00000,1,0,0,0,0,0,3,9,46,12,2,2304.21800
AllFleetRetreatPanorama,711,2.21110,2.70170,2.17730,0.66560,,13881.00000,446962760.00000,1,0,0,0,0,0,3,9,46,12,2,2304.21800
AllFleetRetreatPanorama,712,2.00741,2.17640,2.04030,0.64410,,13881.00000,446962760.00000,1,0,0,0,0,0,3,9,46,12,2,2331.97200
AllFleetRetreatPanorama,713,2.48490,2.00560,2.42940,0.66150,,16577.00000,446965140.00000,1,0,0,0,0,0,3,9,46,12,2,2331.97200
AllFleetRetreatPanorama,714,2.34050,2.17960,2.38140,0.64102,,13881.00000,446965140.00000,1,0,0,0,0,0,3,9,46,12,2,2331.97200
AllFleetRetreatPanorama,715,2.72810,2.04280,2.72580,0.65229,,13881.00000,446965140.00000,1,0,0,0,0,0,3,9,46,12,2,2331.97200
AllFleetRetreatPanorama,716,2.08080,2.43190,2.04510,0.64410,,13881.00000,447047060.00000,1,0,0,0,0,0,3,9,46,12,2,2331.97200
AllFleetRetreatPanorama,717,1.86020,2.38460,1.90290,0.65536,,13881.00000,447047060.00000,1,0,0,0,0,0,3,9,46,12,2,2331.97200
AllFleetRetreatPanorama,718,1.88279,2.72880,1.87800,1.22470,,13881.00000,446965140.00000,1,0,0,0,0,0,3,9,46,12,2,2331.97200
AllFleetRetreatPanorama,719,1.83350,2.04810,1.83320,0.65229,,13881.00000,447047060.00000,1,0,0,0,0,0,3,9,46,12,2,2331.97200
AllFleetRetreatPanorama,720,1.98900,1.90550,1.98690,0.64307,,13881.00000,447047060.00000,1,0,0,0,0,0,3,9,46,12,2,2331.97200
AllFleetRetreatPanorama,721,2.10259,1.88100,2.03820,0.65536,,13881.00000,446965140.00000,1,0,0,0,0,0,3,9,46,12,2,2331.97200
AllFleetRetreatPanorama,722,2.47710,1.83590,2.45730,0.64410,,13881.00000,446965140.00000,1,0,0,0,0,0,3,9,46,12,2,2359.73200
AllFleetRetreatPanorama,723,2.03540,1.98930,2.10220,0.64614,,13881.00000,446965140.00000,1,0,0,0,0,0,3,9,46,12,2,2359.73200
AllFleetRetreatPanorama,724,1.89890,2.04170,1.89310,0.64205,,13881.00000,446965140.00000,1,0,0,0,0,0,3,9,46,12,2,2359.73200
AllFleetRetreatPanorama,725,2.00060,2.46090,2.00310,0.65126,,13881.00000,447047060.00000,1,0,0,0,0,0,3,9,46,12,2,2359.73200
AllFleetRetreatPanorama,726,1.83850,2.10580,1.84030,0.64410,,13881.00000,447047060.00000,1,0,0,0,0,0,3,9,46,12,2,2359.73200
AllFleetRetreatPanorama,727,2.21840,1.89630,2.16840,1.24006,,13881.00000,446965140.00000,1,0,0,0,0,0,3,9,46,12,2,2359.73200
AllFleetRetreatPanorama,728,2.52870,2.00560,2.07910,0.64410,,13881.00000,447047060.00000,1,0,0,0,0,0,3,9,46,12,2,2359.73200
AllFleetRetreatPanorama,729,2.96130,1.84290,3.40390,0.63693,,13881.00000,447047060.00000,1,0,0,0,0,0,3,9,46,12,2,2359.73200
AllFleetRetreatPanorama,730,2.21820,2.17150,2.24990,1.21856,,13881.00000,447047060.00000,1,0,0,0,0,0,3,9,46,12,2,2359.73200
AllFleetRetreatPanorama,731,1.84750,2.08720,1.84750,0.66150,,13881.00000,447047060.00000,1,0,0,0,0,0,3,9,46,12,2,2387.49700
AllFleetRetreatPanorama,732,2.18810,3.40720,2.14190,1.26874,,16577.00000,446967316.00000,1,0,0,0,0,0,3,9,46,12,2,2387.49700
AllFleetRetreatPanorama,733,2.23890,2.25280,2.27470,0.66458,,13881.00000,447049440.00000,1,0,0,0,0,0,3,9,46,12,2,2387.49700
AllFleetRetreatPanorama,734,1.89180,1.85020,1.89830,0.65638,,13881.00000,447049440.00000,1,0,0,0,0,0,3,9,46,12,2,2387.49700
AllFleetRetreatPanorama,735,2.26150,2.14440,2.25000,1.22778,,13881.00000,446967520.00000,1,0,0,0,0,0,3,9,46,12,2,2387.49700
AllFleetRetreatPanorama,736,2.25180,2.27740,2.24410,0.64614,,13881.00000,447049440.00000,1,0,0,0,0,0,3,9,46,12,2,2387.49700
AllFleetRetreatPanorama,737,2.17280,1.90040,2.13930,0.64410,,13881.00000,447049440.00000,1,0,0,0,0,0,3,9,46,12,2,2387.49700
AllFleetRetreatPanorama,738,1.96060,2.25350,1.98530,0.64614,,13881.00000,446967520.00000,1,0,0,0,0,0,3,9,46,12,2,2387.49700
AllFleetRetreatPanorama,739,2.31640,2.24800,2.25680,0.64000,,13881.00000,446967520.00000,1,0,0,0,0,0,3,9,46,12,2,2387.49700
AllFleetRetreatPanorama,740,2.38140,2.14250,2.43640,0.64512,,13881.00000,446967520.00000,1,0,0,0,0,0,3,9,46,12,2,2415.26800
AllFleetRetreatPanorama,741,2.32300,1.98830,2.31870,0.65229,,13881.00000,447049440.00000,1,0,0,0,0,0,3,9,46,12,2,2415.26800
AllFleetRetreatPanorama,742,2.59650,2.26040,2.56170,0.63590,,13881.00000,447049440.00000,1,0,0,0,0,0,3,9,46,12,2,2415.26800
AllFleetRetreatPanorama,743,2.35230,2.43950,2.37660,0.87142,,13881.00000,446967520.00000,1,0,0,0,0,0,3,9,46,12,2,2415.26800
AllFleetRetreatPanorama,744,2.27220,2.32230,2.28110,0.64410,,13881.00000,446967520.00000,1,0,0,0,0,0,3,9,46,12,2,2415.26800
AllFleetRetreatPanorama,745,1.99900,2.56520,1.99930,0.65331,,13881.00000,446967520.00000,1,0,0,0,0,0,3,9,46,12,2,2415.26800
AllFleetRetreatPanorama,746,1.96800,2.38140,1.93010,0.80589,,13881.00000,446967520.00000,1,0,0,0,0,0,3,9,46,12,2,2415.26800
AllFleetRetreatPanorama,747,2.03360,2.28450,2.02800,0.64819,,13881.00000,446967520.00000,1,0,0,0,0,0,3,9,46,12,2,2415.26800
AllFleetRetreatPanorama,748,1.76860,2.00210,1.80300,0.65126,,13881.00000,446967520.00000,1,0,0,0,0,0,3,9,46,12,2,2415.26800
AllFleetRetreatPanorama,749,1.82320,1.93310,1.81310,0.65536,,13881.00000,446967520.00000,1,0,0,0,0,0,3,9,46,12,2,2443.04300
AllFleetRetreatPanorama,750,2.64430,2.03190,2.59290,0.63898,,13881.00000,446967520.00000,1,0,0,0,0,0,3,9,46,12,2,2443.04300
AllFleetRetreatPanorama,751,2.17350,1.80600,2.21120,0.64819,,13969.00000,446967520.00000,1,0,0,0,0,0,3,9,46,12,2,2443.04300
AllFleetRetreatPanorama,752,2.02209,1.81580,1.99440,0.65843,,13881.00000,446967520.00000,1,0,0,0,0,0,3,9,46,12,2,2443.04300
AllFleetRetreatPanorama,753,1.97850,2.59620,1.96810,0.63590,,13881.00000,447049440.00000,1,0,0,0,0,0,3,9,46,12,2,2443.04300
AllFleetRetreatPanorama,754,1.94320,2.21600,1.97130,0.64512,,13881.00000,447049440.00000,1,0,0,0,0,0,3,9,46,12,2,2443.04300
AllFleetRetreatPanorama,755,2.31550,1.99720,2.16790,0.63078,,13933.00000,446967520.00000,1,0,0,0,0,0,3,9,46,12,2,2443.04300
AllFleetRetreatPanorama,756,1.86310,1.97110,2.02080,0.62976,,13881.00000,446967520.00000,1,0,0,0,0,0,3,9,46,12,2,2443.04300
AllFleetRetreatPanorama,757,1.90790,1.97450,1.85450,0.64614,,13881.00000,446967520.00000,1,0,0,0,0,0,3,9,46,12,2,2443.04300
AllFleetRetreatPanorama,758,1.88060,2.17080,1.92460,0.64000,,13881.00000,446967520.00000,1,0,0,0,0,0,3,9,46,12,2,2443.04300
AllFleetRetreatPanorama,759,1.84640,2.02380,1.84040,0.64102,,13881.00000,446983904.00000,1,0,0,0,0,0,3,9,46,12,2,2470.82400
AllFleetRetreatPanorama,760,2.02910,1.85740,2.02470,0.64205,,16577.00000,446986284.00000,1,0,0,0,0,0,3,9,46,12,2,2470.82400
AllFleetRetreatPanorama,761,1.93430,1.92740,1.93140,0.65024,,13881.00000,446969900.00000,1,0,0,0,0,0,3,9,46,12,2,2470.82400
AllFleetRetreatPanorama,762,1.90200,1.84550,1.90110,0.64205,,13881.00000,447051820.00000,1,0,0,0,0,0,3,9,46,12,2,2470.82400
AllFleetRetreatPanorama,763,1.87850,2.02740,1.83900,0.64512,,13881.00000,447051820.00000,1,0,0,0,0,0,3,9,46,12,2,2470.82400
AllFleetRetreatPanorama,764,1.95910,1.93420,1.99010,0.65331,,13881.00000,446986284.00000,1,0,0,0,0,0,3,9,46,12,2,2470.82400
AllFleetRetreatPanorama,765,2.11140,1.90490,2.10550,0.66355,,13881.00000,447068204.00000,1,0,0,0,0,0,3,9,46,12,2,2470.82400
AllFleetRetreatPanorama,766,1.91970,1.84160,1.88230,0.72704,,13881.00000,447051820.00000,1,0,0,0,0,0,3,9,46,12,2,2470.82400
AllFleetRetreatPanorama,767,1.99750,1.99250,2.02250,0.64000,,13881.00000,446969900.00000,1,0,0,0,0,0,3,9,46,12,2,2470.82400
AllFleetRetreatPanorama,768,2.12040,2.11040,2.07610,0.64000,,13881.00000,447051820.00000,1,0,0,0,0,0,3,9,46,12,2,2470.82400
AllFleetRetreatPanorama,769,1.79140,1.88570,1.83320,0.65536,,13881.00000,447051820.00000,1,0,0,0,0,0,2,10,46,12,2,2498.61000
AllFleetRetreatPanorama,770,1.88220,2.02680,1.88230,1.22266,,13881.00000,446969900.00000,1,0,0,0,0,0,2,10,46,12,2,2498.61000
AllFleetRetreatPanorama,771,1.90260,2.08040,1.89990,0.63283,,13881.00000,447051820.00000,1,0,0,0,0,0,2,10,46,12,2,2498.61000
AllFleetRetreatPanorama,772,1.79960,1.83640,1.79990,0.64410,,13881.00000,447068204.00000,1,0,0,0,0,0,2,10,46,12,2,2498.61000
AllFleetRetreatPanorama,773,2.19540,1.88490,2.18290,1.30970,,13881.00000,446986284.00000,1,0,0,0,0,0,2,10,46,12,2,2498.61000
AllFleetRetreatPanorama,774,1.89950,1.90250,1.86540,0.65229,,13881.00000,446969900.00000,1,0,0,0,0,0,2,10,46,12,2,2498.61000
AllFleetRetreatPanorama,775,1.96690,1.80280,1.97410,0.64000,,13881.00000,446969900.00000,1,0,0,0,0,0,2,10,46,12,2,2498.61000
AllFleetRetreatPanorama,776,2.03570,2.18610,1.96220,0.67174,,13881.00000,446969900.00000,1,0,0,0,0,0,2,10,46,12,2,2498.61000
AllFleetRetreatPanorama,777,2.21470,1.86910,2.30630,0.64410,,13881.00000,446969900.00000,1,0,0,0,0,0,2,10,46,12,2,2498.61000
AllFleetRetreatPanorama,778,1.87560,1.97750,1.87970,0.63590,,13881.00000,446986284.00000,1,0,0,0,0,0,2,10,46,12,2,2498.61000
AllFleetRetreatPanorama,779,1.93130,1.96480,1.86610,0.63795,,13881.00000,447002668.00000,1,0,0,0,0,0,2,10,46,12,2,2526.40100
AllFleetRetreatPanorama,780,2.35700,2.30910,2.32930,0.64307,,16577.00000,446988664.00000,1,0,0,0,0,0,2,10,46,12,2,2526.40100
AllFleetRetreatPanorama,781,2.59920,1.88200,2.65170,0.66765,,13881.00000,446972280.00000,1,0,0,0,0,0,2,10,46,12,2,2526.40100
AllFleetRetreatPanorama,782,2.03560,1.87000,2.05160,0.65843,,13881.00000,446972280.00000,1,0,0,0,0,0,2,10,46,12,2,2526.40100
AllFleetRetreatPanorama,783,2.10240,2.33360,2.10140,0.66560,,13881.00000,447054200.00000,1,0,0,0,0,0,2,10,46,12,2,2526.40100
AllFleetRetreatPanorama,784,1.88000,2.65810,1.82550,0.64922,,13881.00000,447054200.00000,1,0,0,0,0,0,2,10,46,12,2,2526.40100
AllFleetRetreatPanorama,785,1.89080,2.05500,1.93600,0.65331,,13881.00000,446972280.00000,1,0,0,0,0,0,2,10,46,12,2,2526.40100
AllFleetRetreatPanorama,786,2.15680,2.10540,2.14060,0.63181,,13881.00000,447054200.00000,1,0,0,0,0,0,2,10,46,12,2,2526.40100
AllFleetRetreatPanorama,787,1.92659,1.82980,1.91720,0.63795,,13881.00000,447054200.00000,1,0,0,0,0,0,2,10,46,12,2,2526.40100
AllFleetRetreatPanorama,788,1.96480,1.93920,1.98130,1.20218,,13881.00000,446972280.00000,1,0,0,0,0,0,2,10,46,12,2,2526.40100
AllFleetRetreatPanorama,789,1.94780,2.14370,1.94110,0.65024,,13881.00000,447054200.00000,1,0,0,0,0,0,2,10,46,12,2,2554.19600
AllFleetRetreatPanorama,790,1.95310,1.91990,1.91680,0.63693,,13881.00000,447054200.00000,1,0,0,0,0,0,2,10,46,12,2,2554.19600
AllFleetRetreatPanorama,791,1.85010,1.98430,1.88120,0.63283,,13881.00000,446972280.00000,1,0,0,0,0,0,2,10,46,12,2,2554.19600
AllFleetRetreatPanorama,792,1.87720,1.94370,1.87590,0.64410,,13881.00000,447054200.00000,1,0,0,0,0,0,2,10,46,12,2,2554.19600
AllFleetRetreatPanorama,793,2.12209,1.91890,2.11230,0.69734,,13881.00000,447054200.00000,1,0,0,0,0,0,2,10,46,12,2,2554.19600
AllFleetRetreatPanorama,794,2.25350,1.88410,2.26390,1.25030,,13881.00000,446972280.00000,1,0,0,0,0,0,2,10,46,12,2,2554.19600
AllFleetRetreatPanorama,795,2.51890,1.88010,2.48040,0.67789,,13881.00000,446972280.00000,1,0,0,0,0,0,2,10,46,12,2,2554.19600
AllFleetRetreatPanorama,796,2.11660,2.11450,2.04880,0.66253,,13881.00000,446972280.00000,1,0,0,0,0,0,2,10,46,12,2,2554.19600
AllFleetRetreatPanorama,797,2.58430,2.26620,2.63700,0.68608,,13881.00000,446972280.00000,1,0,0,0,0,0,2,10,46,12,2,2554.19600
AllFleetRetreatPanorama,798,2.13020,2.48290,2.14400,0.64512,,13881.00000,446972280.00000,1,0,0,0,0,0,2,10,46,12,2,2581.99600
AllFleetRetreatPanorama,799,2.40790,2.05510,2.34550,0.64819,,16577.00000,446974660.00000,1,0,0,0,0,0,2,10,46,12,2,2581.99600
AllFleetRetreatPanorama,800,2.28650,2.64310,2.27940,0.64614,,13881.00000,447056580.00000,1,0,0,0,0,0,2,10,46,12,2,2581.99600
AllFleetRetreatPanorama,801,2.60860,2.14810,2.60090,0.65229,,13881.00000,447056580.00000,1,0,0,0,0,0,2,10,46,12,2,2581.99600
AllFleetRetreatPanorama,802,2.16049,2.34880,2.21900,0.64205,,13881.00000,446974660.00000,1,0,0,0,0,0,2,10,46,12,2,2581.99600
AllFleetRetreatPanorama,803,2.44520,2.28300,2.42890,0.65229,,13881.00000,446974660.00000,1,0,0,0,0,0,2,10,46,12,2,2581.99600
AllFleetRetreatPanorama,804,1.87520,2.60500,1.90000,0.63693,,13881.00000,447056580.00000,1,0,0,0,0,0,2,10,46,12,2,2581.99600
AllFleetRetreatPanorama,805,2.08110,2.22390,2.01410,0.64922,,13881.00000,447056580.00000,1,0,0,0,0,0,2,10,46,12,2,2581.99600
AllFleetRetreatPanorama,806,1.84490,2.43280,1.90530,0.64102,,13881.00000,446974660.00000,1,0,0,0,0,0,2,10,46,12,2,2581.99600
AllFleetRetreatPanorama,807,1.81081,1.90340,1.81380,0.65331,,13881.00000,446974660.00000,1,0,0,0,0,0,2,10,46,12,2,2581.99600
AllFleetRetreatPanorama,808,1.92260,2.01860,1.91520,0.64307,,13881.00000,446974660.00000,1,0,0,0,0,0,2,10,46,12,2,2609.82700
AllFleetRetreatPanorama,809,2.14640,1.90800,2.14560,0.64819,,13881.00000,446974660.00000,1,0,0,0,0,0,2,10,46,12,2,2609.82700
AllFleetRetreatPanorama,810,2.34020,1.81610,2.25890,0.64819,,13881.00000,446974660.00000,1,0,0,0,0,0,2,10,46,12,2,2609.82700
AllFleetRetreatPanorama,811,2.02550,1.91790,2.10000,0.65638,,13881.00000,446974660.00000,1,0,0,0,0,0,2,10,46,12,2,2609.82700
AllFleetRetreatPanorama,812,2.03380,2.14800,2.03400,0.63488,,13881.00000,446991044.00000,1,0,0,0,0,0,2,10,46,12,2,2609.82700
AllFleetRetreatPanorama,813,1.89910,2.26240,1.88330,0.64614,,13881.00000,446991044.00000,1,0,0,0,0,0,2,10,46,12,2,2609.82700
AllFleetRetreatPanorama,814,1.87820,2.10220,1.84360,0.63795,,13881.00000,446974660.00000,1,0,0,0,0,0,2,10,46,12,2,2609.82700
AllFleetRetreatPanorama,815,2.18060,2.03670,2.18170,0.65638,,13881.00000,446974660.00000,1,0,0,0,0,0,2,10,46,12,2,2609.82700
AllFleetRetreatPanorama,816,1.81750,1.88660,1.85890,0.64819,,13881.00000,446974660.00000,1,0,0,0,0,0,2,10,46,12,2,2609.82700
AllFleetRetreatPanorama,817,1.77119,1.84750,1.75720,0.66662,,13881.00000,446974660.00000,1,0,0,0,0,0,2,10,46,12,2,2609.82700
AllFleetRetreatPanorama,818,2.18600,2.18560,2.04980,0.63693,,13881.00000,447056580.00000,1,0,0,0,0,0,2,10,46,12,2,2637.66200
AllFleetRetreatPanorama,819,2.71080,1.86230,2.82260,0.65434,,16577.00000,447056580.00000,1,0,0,0,0,0,2,10,46,12,2,2637.66200
AllFleetRetreatPanorama,820,2.14560,1.75990,2.10350,0.63898,,13881.00000,446977040.00000,1,0,0,0,0,0,2,10,46,12,2,2637.66200
AllFleetRetreatPanorama,821,1.88640,2.05460,1.94100,0.64102,,13881.00000,446977040.00000,1,0,0,0,0,0,2,10,46,12,2,2637.66200
AllFleetRetreatPanorama,822,1.93810,2.82670,1.93690,0.63898,,13881.00000,446977040.00000,1,0,0,0,0,0,2,10,46,12,2,2637.66200
AllFleetRetreatPanorama,823,1.87420,2.10720,1.86600,0.66970,,13881.00000,446977040.00000,1,0,0,0,0,0,2,10,46,12,2,2637.66200
AllFleetRetreatPanorama,824,1.84150,1.94410,1.79660,0.63181,,13881.00000,446977040.00000,1,0,0,0,0,0,2,10,46,12,2,2637.66200
AllFleetRetreatPanorama,825,1.81150,1.94090,1.85950,0.64512,,13969.00000,446977040.00000,1,0,0,0,0,0,2,10,46,12,2,2637.66200
AllFleetRetreatPanorama,826,2.49190,1.86970,2.42970,0.64819,,13881.00000,446977040.00000,1,0,0,0,0,0,2,10,46,12,2,2637.66200
AllFleetRetreatPanorama,827,1.92830,1.79950,1.98200,0.65843,,13881.00000,446977040.00000,1,0,0,0,0,0,2,10,46,12,2,2665.50100
AllFleetRetreatPanorama,828,1.88681,1.86210,1.86240,0.64307,,13881.00000,446977040.00000,1,0,0,0,0,0,2,10,46,12,2,2665.50100
AllFleetRetreatPanorama,829,1.80000,2.43360,1.81590,0.65946,,13881.00000,446993424.00000,1,0,0,0,0,0,2,10,46,12,2,2665.50100
AllFleetRetreatPanorama,830,1.88170,1.98510,1.88030,0.64102,,13881.00000,447009808.00000,1,0,0,0,0,0,2,10,46,12,2,2665.50100
AllFleetRetreatPanorama,831,1.81640,1.86510,1.81470,0.65536,,13881.00000,446993424.00000,1,0,0,0,0,0,2,10,46,12,2,2665.50100
AllFleetRetreatPanorama,832,1.99320,1.81830,1.94430,0.66048,,13881.00000,446977040.00000,1,0,0,0,0,0,2,10,46,12,2,2665.50100
AllFleetRetreatPanorama,833,2.23320,1.88270,2.26220,0.66150,,13881.00000,446977040.00000,1,0,0,0,0,0,2,10,46,12,2,2665.50100
AllFleetRetreatPanorama,834,2.23670,1.81770,2.24230,0.63898,,13881.00000,446977040.00000,1,0,0,0,0,0,2,10,46,12,2,2665.50100
AllFleetRetreatPanorama,835,2.05030,1.94820,2.04080,0.65843,,13881.00000,446977040.00000,1,0,0,0,0,0,2,10,46,12,2,2665.50100
AllFleetRetreatPanorama,836,1.99650,2.26540,2.00450,0.63386,,13881.00000,446977040.00000,1,0,0,0,0,0,2,10,46,12,2,2665.50100
AllFleetRetreatPanorama,837,2.19610,2.24510,2.15390,0.64717,,13881.00000,446977040.00000,1,0,0,0,0,0,2,10,46,12,2,2693.34300
AllFleetRetreatPanorama,838,2.03860,2.04490,2.06630,0.64614,,16577.00000,446979420.00000,1,0,0,0,0,0,2,10,46,12,2,2693.34300
AllFleetRetreatPanorama,839,1.83681,2.00710,1.84140,0.65536,,13881.00000,446995804.00000,1,0,0,0,0,0,2,10,46,12,2,2693.34300
AllFleetRetreatPanorama,840,1.77520,2.15660,1.77350,0.63693,,13881.00000,446995804.00000,1,0,0,0,0,0,2,10,46,12,2,2693.34300
AllFleetRetreatPanorama,841,1.94190,2.06900,1.93290,0.66253,,13881.00000,446979420.00000,1,0,0,0,0,0,2,10,46,12,2,2693.34300
AllFleetRetreatPanorama,842,2.88350,1.84350,2.75680,0.64000,,13881.00000,446979420.00000,1,0,0,0,0,0,2,10,46,12,2,2693.34300
AllFleetRetreatPanorama,843,2.27860,1.77610,2.38980,0.64922,,13881.00000,446979420.00000,1,0,0,0,0,0,2,10,46,12,2,2693.34300
AllFleetRetreatPanorama,844,2.01320,1.93570,2.01660,0.65741,,13881.00000,446979420.00000,1,0,0,0,0,0,2,10,46,12,2,2693.34300
AllFleetRetreatPanorama,845,1.89780,2.76100,1.90280,0.68301,,13881.00000,446979420.00000,1,0,0,0,0,0,2,10,46,12,2,2693.34300
AllFleetRetreatPanorama,846,1.85069,2.39310,1.84970,0.63898,,13881.00000,446979420.00000,1,0,0,0,0,0,2,10,46,12,2,2693.34300
AllFleetRetreatPanorama,847,1.89090,2.01940,1.88200,0.66150,,13881.00000,446979420.00000,1,0,0,0,0,0,2,10,46,12,2,2721.18800
AllFleetRetreatPanorama,848,2.21240,1.90500,2.14190,0.64410,,13881.00000,446979420.00000,1,0,0,0,0,0,2,10,46,12,2,2721.18800
AllFleetRetreatPanorama,849,2.74660,1.85190,2.75370,0.65536,,13881.00000,446979420.00000,1,0,0,0,0,0,2,10,46,12,2,2721.18800
AllFleetRetreatPanorama,850,2.41470,1.88520,2.46990,0.64410,,13881.00000,446979420.00000,1,0,0,0,0,0,2,10,46,12,2,2721.18800
AllFleetRetreatPanorama,851,1.92000,2.14450,1.92150,0.65229,,13881.00000,446979420.00000,1,0,0,0,0,0,2,10,46,12,2,2721.18800
AllFleetRetreatPanorama,852,1.88670,2.75770,1.87670,0.64000,,13881.00000,446979420.00000,1,0,0,0,0,0,2,10,46,12,2,2721.18800
AllFleetRetreatPanorama,853,1.99730,2.47300,1.94300,0.67072,,13933.00000,447061340.00000,1,0,0,0,0,0,2,10,46,12,2,2721.18800
AllFleetRetreatPanorama,854,1.85060,1.92380,1.90920,0.64614,,13881.00000,447061340.00000,1,0,0,0,0,0,2,10,46,12,2,2721.18800
AllFleetRetreatPanorama,855,1.92890,1.87900,1.91090,0.62976,,13881.00000,446979420.00000,1,0,0,0,0,0,2,10,46,12,2,2721.18800
AllFleetRetreatPanorama,856,1.92120,1.94520,1.86710,0.62874,,13881.00000,447061340.00000,1,0,0,0,0,0,2,10,46,12,2,2749.03600
AllFleetRetreatPanorama,857,2.67450,1.91170,2.70810,0.64717,,16577.00000,447061340.00000,1,0,0,0,0,0,2,10,46,12,2,2749.03600
AllFleetRetreatPanorama,858,2.13490,1.91360,2.10300,1.22573,,13881.00000,446981800.00000,1,0,0,0,0,0,2,10,46,12,2,2749.03600
AllFleetRetreatPanorama,859,2.12550,1.87130,2.16320,0.65229,,13881.00000,447063720.00000,1,0,0,0,0,0,2,10,46,12,2,2749.03600
AllFleetRetreatPanorama,860,2.00590,2.71080,2.01530,0.66253,,13881.00000,447063720.00000,1,0,0,0,0,0,2,10,46,12,2,2749.03600
AllFleetRetreatPanorama,861,1.85220,2.10630,1.84830,0.65946,,13881.00000,446998184.00000,1,0,0,0,0,0,2,10,46,12,2,2749.03600
AllFleetRetreatPanorama,862,1.86790,2.16600,1.86870,0.65843,,13881.00000,447080104.00000,1,0,0,0,0,0,2,10,46,12,2,2749.03600
AllFleetRetreatPanorama,863,1.78550,2.01800,1.77570,0.64000,,13881.00000,447063720.00000,1,0,0,0,0,0,2,10,46,12,2,2749.03600
AllFleetRetreatPanorama,864,2.36540,1.85110,2.30880,0.63693,,13881.00000,446981800.00000,1,0,0,0,0,0,2,10,46,12,2,2749.03600
AllFleetRetreatPanorama,865,2.30390,1.87150,2.35110,0.64819,,13881.00000,446998184.00000,1,0,0,0,0,0,2,10,46,12,2,2749.03600
AllFleetRetreatPanorama,866,2.03150,1.77830,2.02950,0.63795,,13881.00000,446998184.00000,1,0,0,0,0,0,1,11,46,12,2,2776.88700
AllFleetRetreatPanorama,867,2.14360,2.31300,2.13060,1.22266,,15169.00000,446982640.00000,1,0,0,0,0,0,1,11,46,12,2,2776.88700
AllFleetRetreatPanorama,868,2.05030,2.35510,2.05380,0.64205,,13881.00000,446982640.00000,1,0,0,0,0,0,1,11,46,12,2,2776.88700
AllFleetRetreatPanorama,869,1.87100,2.03330,1.84040,0.63795,,13881.00000,446982640.00000,1,0,0,0,0,0,1,11,46,12,2,2776.88700
AllFleetRetreatPanorama,870,1.79600,2.13510,1.83220,0.63898,,13881.00000,446982640.00000,1,0,0,0,0,0,1,11,46,12,2,2776.88700
AllFleetRetreatPanorama,871,1.87340,2.05670,1.85220,0.65843,,13881.00000,447064560.00000,1,0,0,0,0,0,1,11,46,12,2,2776.88700
AllFleetRetreatPanorama,872,2.10030,1.84340,2.11230,0.63386,,13881.00000,447064560.00000,1,0,0,0,0,0,1,11,46,12,2,2776.88700
AllFleetRetreatPanorama,873,1.94770,1.83470,1.93940,0.82637,,13881.00000,446982640.00000,1,0,0,0,0,0,1,11,46,12,2,2776.88700
AllFleetRetreatPanorama,874,1.82980,1.85570,1.83210,0.65843,,13881.00000,447064560.00000,1,0,0,0,0,0,1,11,46,12,2,2776.88700
AllFleetRetreatPanorama,875,1.99210,2.11510,1.94280,0.63693,,13881.00000,447146480.00000,1,0,0,0,0,0,1,11,46,12,2,2776.88700
AllFleetRetreatPanorama,876,1.88930,1.94250,1.93610,0.64614,,13881.00000,447064560.00000,1,0,0,0,0,0,1,11,46,12,2,2804.74200
AllFleetRetreatPanorama,877,2.05000,1.83440,2.04130,0.65331,,16577.00000,447066940.00000,1,0,0,0,0,0,1,11,46,12,2,2804.74200
AllFleetRetreatPanorama,878,1.87980,1.94520,1.85880,0.64512,,13881.00000,447083324.00000,1,0,0,0,0,0,1,11,46,12,2,2804.74200
AllFleetRetreatPanorama,879,1.86080,1.93860,1.85160,1.24109,,13881.00000,447001404.00000,1,0,0,0,0,0,1,11,46,12,2,2804.74200
AllFleetRetreatPanorama,880,3.38220,2.04570,3.34580,0.64205,,13881.00000,446985020.00000,1,0,0,0,0,0,1,11,46,12,2,2804.74200
AllFleetRetreatPanorama,881,2.04100,1.86230,2.09180,0.65434,,13881.00000,446985020.00000,1,0,0,0,0,0,1,11,46,12,2,2804.74200
AllFleetRetreatPanorama,882,1.96750,1.85480,1.95790,0.64205,,13881.00000,446985020.00000,1,0,0,0,0,0,1,11,46,12,2,2804.74200
AllFleetRetreatPanorama,883,1.80550,3.34950,1.81810,0.65638,,13881.00000,447001404.00000,1,0,0,0,0,0,1,11,46,12,2,2804.74200
AllFleetRetreatPanorama,884,1.85610,2.09480,1.85080,0.65331,,13881.00000,447017788.00000,1,0,0,0,0,0,1,11,46,12,2,2804.74200
AllFleetRetreatPanorama,885,1.82830,1.96100,1.82420,0.66355,,13881.00000,447083324.00000,1,0,0,0,0,0,1,11,46,12,2,2804.74200
AllFleetRetreatPanorama,886,1.92000,1.82070,1.88470,0.63386,,13881.00000,447066940.00000,1,0,0,0,0,0,1,11,46,12,2,2832.59900
AllFleetRetreatPanorama,887,2.02870,1.85350,2.06110,0.63590,,13881.00000,446985020.00000,1,0,0,0,0,0,1,11,46,12,2,2832.59900
AllFleetRetreatPanorama,888,2.28810,1.82690,2.26840,0.65331,,13881.00000,446985020.00000,1,0,0,0,0,0,1,11,46,12,2,2832.59900
AllFleetRetreatPanorama,889,2.58720,1.88700,2.59520,0.65024,,13881.00000,446985020.00000,1,0,0,0,0,0,1,11,46,12,2,2832.59900
AllFleetRetreatPanorama,890,1.97341,2.06340,1.97550,0.64205,,13881.00000,446985020.00000,1,0,0,0,0,0,1,11,46,12,2,2832.59900
AllFleetRetreatPanorama,891,2.04870,2.27180,2.00410,0.65024,,13881.00000,446985020.00000,1,0,0,0,0,0,1,11,46,12,2,2832.59900
AllFleetRetreatPanorama,892,1.75730,2.59840,1.80110,0.63181,,13881.00000,446985020.00000,1,0,0,0,0,0,1,11,46,12,2,2832.59900
AllFleetRetreatPanorama,893,1.84500,1.97850,1.83670,0.65843,,13881.00000,446985020.00000,1,0,0,0,0,0,1,11,46,12,2,2832.59900
AllFleetRetreatPanorama,894,1.87299,2.00650,1.86950,0.65126,,13881.00000,447001404.00000,1,0,0,0,0,0,1,11,46,12,2,2832.59900
AllFleetRetreatPanorama,895,2.49010,1.80310,2.48080,0.64717,,13881.00000,447001404.00000,1,0,0,0,0,0,1,11,46,12,2,2860.45800
AllFleetRetreatPanorama,896,2.12210,1.83910,2.06290,0.64102,,16577.00000,446987400.00000,1,0,0,0,0,0,1,11,46,12,2,2860.45800
AllFleetRetreatPanorama,897,1.82980,1.87240,1.89390,0.66048,,13881.00000,446987400.00000,1,0,0,0,0,0,1,11,46,12,2,2860.45800
AllFleetRetreatPanorama,898,1.95630,2.48360,1.89510,0.63590,,13881.00000,446987400.00000,1,0,0,0,0,0,1,11,46,12,2,2860.45800
AllFleetRetreatPanorama,899,1.92140,2.06570,1.97630,0.64717,,13969.00000,446987400.00000,1,0,0,0,0,0,1,11,46,12,2,2860.45800
AllFleetRetreatPanorama,900,1.86901,1.89630,1.86580,0.64819,,13881.00000,446987400.00000,1,0,0,0,0,0,1,11,46,12,2,2860.45800
AllFleetRetreatPanorama,901,2.71120,1.89760,2.67180,0.65434,,13881.00000,446987400.00000,1,0,0,0,0,0,1,11,46,12,2,2860.45800
AllFleetRetreatPanorama,902,2.43180,1.97900,2.40820,0.64410,,13881.00000,446987400.00000,1,0,0,0,0,0,1,11,46,12,2,2860.45800
AllFleetRetreatPanorama,903,2.79520,1.86850,2.39940,0.66560,,13881.00000,447003784.00000,1,0,0,0,0,0,1,11,46,12,2,2860.45800
AllFleetRetreatPanorama,904,2.02970,2.67450,2.47140,0.63488,,13881.00000,447003784.00000,1,0,0,0,0,0,1,11,46,12,2,2860.45800
AllFleetRetreatPanorama,905,2.08520,2.41060,2.07790,0.64717,,13881.00000,446987400.00000,1,0,0,0,0,0,1,11,46,12,2,2888.32100
AllFleetRetreatPanorama,906,2.45970,2.40220,2.41200,0.64819,,16577.00000,446989780.00000,1,0,0,0,0,0,1,11,46,12,2,2888.32100
AllFleetRetreatPanorama,907,1.96990,2.47370,2.01310,0.64307,,13881.00000,446989780.00000,1,0,0,0,0,0,1,11,46,12,2,2888.32100
AllFleetRetreatPanorama,908,1.99020,2.08100,1.99150,0.65331,,13881.00000,446989780.00000,1,0,0,0,0,0,1,11,46,12,2,2888.32100
AllFleetRetreatPanorama,909,2.13640,2.41540,2.09500,0.64922,,13881.00000,446989780.00000,1,0,0,0,0,0,1,11,46,12,2,2888.32100
AllFleetRetreatPanorama,910,2.05180,2.01650,2.08880,0.65024,,13881.00000,446989780.00000,1,0,0,0,0,0,1,11,46,12,2,2888.32100
AllFleetRetreatPanorama,911,1.89880,1.99500,1.85720,0.63590,,13881.00000,446989780.00000,1,0,0,0,0,0,1,11,46,12,2,2888.32100
AllFleetRetreatPanorama,912,2.72170,2.09940,2.75810,0.87552,,13881.00000,446989780.00000,1,0,0,0,0,0,1,11,46,12,2,2888.32100
AllFleetRetreatPanorama,913,2.12530,2.09250,2.12020,0.65536,,13881.00000,446989780.00000,1,0,0,0,0,0,1,11,46,12,2,2888.32100
AllFleetRetreatPanorama,914,2.05281,1.86050,2.02310,0.65331,,13881.00000,447071700.00000,1,0,0,0,0,0,1,11,46,12,2,2916.18700
AllFleetRetreatPanorama,915,2.07640,2.76070,2.09410,0.64205,,13881.00000,447071700.00000,1,0,0,0,0,0,1,11,46,12,2,2916.18700
AllFleetRetreatPanorama,916,1.87220,2.12320,1.84080,0.64000,,13881.00000,446989780.00000,1,0,0,0,0,0,1,11,46,12,2,2916.18700
AllFleetRetreatPanorama,917,2.20060,2.02580,2.23180,0.64000,,13881.00000,446989780.00000,1,0,0,0,0,0,1,11,46,12,2,2916.18700
AllFleetRetreatPanorama,918,1.81669,2.09640,1.81900,0.63386,,13881.00000,447006164.00000,1,0,0,0,0,0,1,11,46,12,2,2916.18700
AllFleetRetreatPanorama,919,2.65430,1.84330,2.64490,0.64307,,13881.00000,447006164.00000,1,0,0,0,0,0,1,11,46,12,2,2916.18700
AllFleetRetreatPanorama,920,2.29810,2.23470,2.29920,0.64922,,13881.00000,447071700.00000,1,0,0,0,0,0,1,11,46,12,2,2916.18700
AllFleetRetreatPanorama,921,2.18490,1.82210,2.14340,0.69837,,13881.00000,447071700.00000,1,0,0,0,0,0,1,11,46,12,2,2916.18700
AllFleetRetreatPanorama,922,1.91780,2.64840,1.94980,1.22778,,13881.00000,446989780.00000,1,0,0,0,0,0,1,11,46,12,2,2916.18700
AllFleetRetreatPanorama,923,2.14880,2.30260,2.14960,0.68096,,13881.00000,446989780.00000,1,0,0,0,0,0,0,12,46,12,2,2944.05400
AllFleetRetreatPanorama,924,2.25970,2.14590,2.25150,0.69427,,16577.00000,446992160.00000,1,0,0,0,0,0,0,12,46,12,2,2944.05400
AllFleetRetreatPanorama,925,1.89210,1.95230,1.89340,0.69222,,13881.00000,446992160.00000,1,0,0,0,0,0,0,12,46,12,2,2944.05400
AllFleetRetreatPanorama,926,2.35990,2.15170,2.28260,0.68403,,13881.00000,446992160.00000,1,0,0,0,0,0,0,12,46,12,2,2944.05400
AllFleetRetreatPanorama,927,2.39040,2.25470,2.46070,0.64512,,13881.00000,446992160.00000,1,0,0,0,0,0,0,12,46,12,2,2944.05400
AllFleetRetreatPanorama,928,1.88780,1.89660,1.88450,0.65638,,13881.00000,447074080.00000,1,0,0,0,0,0,0,12,46,12,2,2944.05400
AllFleetRetreatPanorama,929,1.88020,2.28530,1.88440,0.65638,,13881.00000,447074080.00000,1,0,0,0,0,0,0,12,46,12,2,2944.05400
AllFleetRetreatPanorama,930,1.86860,2.46390,1.86450,1.21958,,13881.00000,446992160.00000,1,0,0,0,0,0,0,12,46,12,2,2944.05400
AllFleetRetreatPanorama,931,1.82280,1.88710,1.81850,0.65331,,13881.00000,446992160.00000,1,0,0,0,0,0,0,12,46,12,2,2944.05400
AllFleetRetreatPanorama,932,2.53590,1.88690,2.48760,0.64000,,13881.00000,446992160.00000,1,0,0,0,0,0,0,12,46,12,2,2944.05400
AllFleetRetreatPanorama,933,1.86560,1.86710,1.90750,0.64512,,13881.00000,446992160.00000,1,0,0,0,0,0,0,12,46,12,2,2971.92500
AllFleetRetreatPanorama,934,1.99690,1.82120,1.98160,0.64307,,13881.00000,447074080.00000,1,0,0,0,0,0,0,12,46,12,2,2971.92500
AllFleetRetreatPanorama,935,1.94590,2.49040,1.95820,0.66355,,13881.00000,447074080.00000,1,0,0,0,0,0,0,12,46,12,2,2971.92500
AllFleetRetreatPanorama,936,2.00201,1.91000,1.99630,0.65434,,13881.00000,446992160.00000,1,0,0,0,0,0,0,12,46,12,2,2971.92500
AllFleetRetreatPanorama,937,2.27680,1.98410,2.23500,0.66970,,13881.00000,446992160.00000,1,0,0,0,0,0,0,12,46,12,2,2971.92500
AllFleetRetreatPanorama,938,1.91329,1.96140,1.95060,0.63693,,13881.00000,446992160.00000,1,0,0,0,0,0,0,12,46,12,2,2971.92500
AllFleetRetreatPanorama,939,2.38780,2.00020,2.32200,0.64819,,13881.00000,446992160.00000,1,0,0,0,0,0,0,12,46,12,2,2971.92500
AllFleetRetreatPanorama,940,2.24820,2.23810,2.29190,0.65536,,13881.00000,446992160.00000,1,0,0,0,0,0,0,12,46,12,2,2971.92500
AllFleetRetreatPanorama,941,1.79430,1.95350,1.79860,0.67686,,13881.00000,447074080.00000,1,0,0,0,0,0,0,12,46,12,2,2971.92500
AllFleetRetreatPanorama,942,1.92650,2.32540,1.86750,0.63795,,13881.00000,447156000.00000,1,0,0,0,0,0,0,12,46,12,2,2971.92500
AllFleetRetreatPanorama,943,2.12270,2.30200,2.16650,0.65536,,13881.00000,447156000.00000,1,0,0,0,0,0,0,12,46,12,2,2999.79700
AllFleetRetreatPanorama,944,1.99420,1.80150,1.99730,0.62669,,16577.00000,447076460.00000,1,0,0,0,0,0,0,12,46,12,2,2999.79700
AllFleetRetreatPanorama,945,1.95170,1.87070,1.91820,0.66150,,13881.00000,446994540.00000,1,0,0,0,0,0,0,12,46,12,2,2999.79700
AllFleetRetreatPanorama,946,2.03570,2.17090,2.05430,0.64512,,13881.00000,447076460.00000,1,0,0,0,0,0,0,12,46,12,2,2999.79700
AllFleetRetreatPanorama,947,2.47810,2.00090,2.44600,0.63590,,13881.00000,447076460.00000,1,0,0,0,0,0,0,12,46,12,2,2999.79700
AllFleetRetreatPanorama,948,1.95590,1.92210,1.96460,1.21754,,13881.00000,446994540.00000,1,0,0,0,0,0,0,12,46,12,2,2999.79700
AllFleetRetreatPanorama,949,2.13620,2.05780,2.14410,0.66048,,13881.00000,447010924.00000,1,0,0,0,0,0,0,12,46,12,2,2999.79700
AllFleetRetreatPanorama,950,2.03131,2.44910,2.02920,0.63898,,13933.00000,447010924.00000,1,0,0,0,0,0,0,12,46,12,2,2999.79700
AllFleetRetreatPanorama,951,1.90500,1.96840,1.89670,0.67789,,13881.00000,446994540.00000,1,0,0,0,0,0,0,12,46,12,2,2999.79700
AllFleetRetreatPanorama,952,1.86340,2.14660,1.88260,0.64205,,13881.00000,447076460.00000,1,0,0,0,0,0,0,12,46,12,2,3027.67200
AllFleetRetreatPanorama,953,1.92180,2.03250,1.88380,0.65126,,13881.00000,447076460.00000,1,0,0,0,0,0,0,12,46,12,2,3027.67200
AllFleetRetreatPanorama,954,2.96769,1.89920,2.91200,1.22163,,13881.00000,446994540.00000,1,0,0,0,0,0,0,12,46,12,2,3027.67200
AllFleetRetreatPanorama,955,2.74221,1.88480,2.81870,0.64205,,13881.00000,446994540.00000,1,0,0,0,0,0,0,12,46,12,2,3027.67200
AllFleetRetreatPanorama,956,1.95770,1.88610,1.95600,0.63488,,13881.00000,446994540.00000,1,0,0,0,0,0,0,12,46,12,2,3027.67200
AllFleetRetreatPanorama,957,1.93570,2.91590,1.93840,0.65638,,13881.00000,447076460.00000,1,0,0,0,0,0,0,12,46,12,2,3027.67200
AllFleetRetreatPanorama,958,2.02160,2.82230,1.95600,0.64307,,13881.00000,447076460.00000,1,0,0,0,0,0,0,12,46,12,2,3027.67200
AllFleetRetreatPanorama,959,2.47130,1.95910,2.46700,0.65331,,13881.00000,446994540.00000,1,0,0,0,0,0,0,12,46,12,2,3027.67200
AllFleetRetreatPanorama,960,2.26470,1.94100,2.32150,0.65638,,13881.00000,447076460.00000,1,0,0,0,0,0,0,12,46,12,2,3027.67200
AllFleetRetreatPanorama,961,1.99990,1.95910,1.99670,0.66560,,13881.00000,447076460.00000,1,0,0,0,0,0,0,12,46,12,2,3055.55000
AllFleetRetreatPanorama,962,2.12410,2.46990,2.11700,1.22061,,16577.00000,446996920.00000,1,0,0,0,0,0,0,12,46,12,2,3055.55000
AllFleetRetreatPanorama,963,1.89020,2.32470,1.84650,0.65741,,13881.00000,447078840.00000,1,0,0,0,0,0,0,12,46,12,2,3055.55000
AllFleetRetreatPanorama,964,1.81589,2.00040,1.86060,0.64819,,13881.00000,447078840.00000,1,0,0,0,0,0,0,12,46,12,2,3055.55000
AllFleetRetreatPanorama,965,1.87450,2.12100,1.86840,0.66560,,13881.00000,446996920.00000,1,0,0,0,0,0,0,12,46,12,2,3055.55000
AllFleetRetreatPanorama,966,1.88610,1.85020,1.88020,0.63693,,13881.00000,447078840.00000,1,0,0,0,0,0,0,12,46,12,2,3055.55000
AllFleetRetreatPanorama,967,1.76960,1.86380,1.77470,0.65638,,13881.00000,447095224.00000,1,0,0,0,0,0,0,12,46,12,2,3055.55000
AllFleetRetreatPanorama,968,1.82530,1.87130,1.82170,0.63898,,13881.00000,447013304.00000,1,0,0,0,0,0,0,12,46,12,2,3055.55000
AllFleetRetreatPanorama,969,2.16409,1.88320,2.00710,0.67379,,13881.00000,446996920.00000,1,0,0,0,0,0,0,12,46,12,2,3055.55000
AllFleetRetreatPanorama,970,2.21901,1.77720,2.28910,0.63898,,13881.00000,446996920.00000,1,0,0,0,0,0,0,12,46,12,2,3055.55000
AllFleetRetreatPanorama,971,1.97080,1.82410,2.02670,0.66150,,13969.00000,446996920.00000,1,0,0,0,0,0,0,12,46,12,2,3083.42900
AllFleetRetreatPanorama,972,2.16110,2.01300,2.16180,0.63283,,13881.00000,447078840.00000,1,0,0,0,0,0,0,12,46,12,2,3083.42900
AllFleetRetreatPanorama,973,1.83591,2.29410,1.83920,0.64819,,13881.00000,447078840.00000,1,0,0,0,0,0,0,12,46,12,2,3083.42900
AllFleetRetreatPanorama,974,2.23400,2.03060,2.14660,0.64819,,13881.00000,446996920.00000,1,0,0,0,0,0,0,12,46,12,2,3083.42900
AllFleetRetreatPanorama,975,2.62310,2.16460,2.67660,0.66150,,13881.00000,446996920.00000,1,0,0,0,0,0,0,12,46,12,2,3083.42900
AllFleetRetreatPanorama,976,2.49910,1.84220,2.52010,0.63693,,13881.00000,446996920.00000,1,0,0,0,0,0,0,12,46,12,2,3083.42900
AllFleetRetreatPanorama,977,2.28150,2.14970,2.27370,0.66150,,13881.00000,446996920.00000,1,0,0,0,0,0,0,12,46,12,2,3083.42900
AllFleetRetreatPanorama,978,1.99970,2.68000,1.99950,0.66048,,13881.00000,446996920.00000,1,0,0,0,0,0,0,12,46,12,2,3083.42900
AllFleetRetreatPanorama,979,1.90509,2.52330,1.87100,0.65638,,13881.00000,446996920.00000,1,0,0,0,0,0,0,12,46,12,2,3083.42900
AllFleetRetreatPanorama,980,1.94630,2.27770,1.97540,0.65434,,13881.00000,446996920.00000,1,0,0,0,0,0,0,12,46,12,2,3083.42900
AllFleetRetreatPanorama,981,1.86280,2.00320,1.86550,0.65946,,13881.00000,446996920.00000,1,0,0,0,0,0,0,12,46,12,2,3111.31100
AllFleetRetreatPanorama,982,2.27151,1.87410,2.21530,0.64000,,16577.00000,446999300.00000,1,0,0,0,0,0,0,12,46,12,2,3111.31100
AllFleetRetreatPanorama,983,2.25529,1.97840,2.29110,0.65536,,13881.00000,446999300.00000,1,0,0,0,0,0,0,12,46,12,2,3111.31100
AllFleetRetreatPanorama,984,2.72740,1.86850,2.70220,0.63283,,13881.00000,446999300.00000,1,0,0,0,0,0,0,12,46,12,2,3111.31100
AllFleetRetreatPanorama,985,1.82930,2.21790,1.86530,0.65024,,13881.00000,446999300.00000,1,0,0,0,0,0,0,12,46,12,2,3111.31100
AllFleetRetreatPanorama,986,1.99230,2.29430,1.98470,0.66253,,13881.00000,447081220.00000,1,0,0,0,0,0,0,12,46,12,2,3111.31100
AllFleetRetreatPanorama,987,1.98241,2.70500,1.97420,0.64102,,13881.00000,447081220.00000,1,0,0,0,0,0,0,12,46,12,2,3111.31100
AllFleetRetreatPanorama,988,1.93890,1.86800,1.94390,0.65536,,13881.00000,446999300.00000,1,0,0,0,0,0,0,12,46,12,2,3111.31100
AllFleetRetreatPanorama,989,1.89520,1.98870,1.89420,0.68096,,13881.00000,446999300.00000,1,0,0,0,0,0,0,12,46,12,2,3111.31100
AllFleetRetreatPanorama,990,1.87470,1.97750,1.83270,0.63795,,13881.00000,447015684.00000,1,0,0,0,0,0,0,12,46,12,2,3139.19500
AllFleetRetreatPanorama,991,2.05080,1.94700,2.03910,0.63795,,16577.00000,447015684.00000,1,0,0,0,0,0,0,12,46,12,2,3139.19500
AllFleetRetreatPanorama,992,2.60140,1.89680,2.63670,0.64717,,13881.00000,447001680.00000,1,0,0,0,0,0,0,12,46,12,2,3139.19500
AllFleetRetreatPanorama,993,1.83940,1.83510,1.84670,0.65126,,13881.00000,447001680.00000,1,0,0,0,0,0,0,12,46,12,2,3139.19500
AllFleetRetreatPanorama,994,1.92900,2.04240,1.91960,0.64410,,13881.00000,447001680.00000,1,0,0,0,0,0,0,12,46,12,2,3139.19500
AllFleetRetreatPanorama,995,2.05620,2.64030,1.98150,0.65229,,13881.00000,447001680.00000,1,0,0,0,0,0,0,12,46,12,2,3139.19500
AllFleetRetreatPanorama,996,1.92370,1.84890,1.93680,0.63283,,13881.00000,447001680.00000,1,0,0,0,0,0,0,12,46,12,2,3139.19500
AllFleetRetreatPanorama,997,2.15750,1.92180,2.17890,0.65536,,13881.00000,447001680.00000,1,0,0,0,0,0,0,12,46,12,2,3139.19500
AllFleetRetreatPanorama,998,1.87830,2.00950,1.88520,0.82432,,13881.00000,447001680.00000,1,0,0,0,0,0,0,12,46,12,2,3139.19500
AllFleetRetreatPanorama,999,2.08070,1.93920,2.07310,0.65024,,13881.00000,447001680.00000,1,0,0,0,0,0,0,12,46,12,2,3139.19500
AllFleetRetreatPanorama,1000,1.93860,2.18170,1.91140,0.63795,,13881.00000,447001680.00000,1,0,0,0,0,0,0,12,46,12,2,3167.08100
AllFleetRetreatPanorama,1001,2.23380,1.88790,2.21250,0.66662,,13881.00000,447001680.00000,1,0,0,0,0,0,0,12,46,12,2,3167.08100
AllFleetRetreatPanorama,1002,1.88660,2.07590,1.93100,0.64717,,13881.00000,447001680.00000,1,0,0,0,0,0,0,12,46,12,2,3167.08100
AllFleetRetreatPanorama,1003,2.00360,1.91430,1.98880,0.64000,,13881.00000,447001680.00000,1,0,0,0,0,0,0,12,46,12,2,3167.08100
AllFleetRetreatPanorama,1004,1.98690,2.21630,1.99590,0.64614,,13881.00000,447001680.00000,1,0,0,0,0,0,0,12,46,12,2,3167.08100
AllFleetRetreatPanorama,1005,1.84630,1.93370,1.83970,0.64819,,13881.00000,447001680.00000,1,0,0,0,0,0,0,12,46,12,2,3167.08100
AllFleetRetreatPanorama,1006,1.83530,1.99310,1.83680,0.64102,,13881.00000,447001680.00000,1,0,0,0,0,0,0,12,46,12,2,3167.08100
AllFleetRetreatPanorama,1007,2.43830,1.99870,2.39280,0.64819,,13881.00000,447001680.00000,1,0,0,0,0,0,0,12,46,12,2,3167.08100
AllFleetRetreatPanorama,1008,1.89120,1.84240,1.93180,0.64614,,13881.00000,447001680.00000,1,0,0,0,0,0,0,12,46,12,2,3167.08100
AllFleetRetreatPanorama,1009,1.84170,1.83930,1.83830,0.64614,,13881.00000,447001680.00000,1,0,0,0,0,0,0,12,46,12,2,3167.08100
AllFleetRetreatPanorama,1010,2.14220,2.39540,2.13820,0.65434,,13881.00000,447001680.00000,1,0,0,0,0,0,0,12,46,12,2,3194.96900
AllFleetRetreatPanorama,1011,1.98941,1.93500,1.97830,0.64819,,16577.00000,447004060.00000,1,0,0,0,0,0,0,12,46,12,2,3194.96900
AllFleetRetreatPanorama,1012,1.98140,1.84090,1.98310,0.64717,,13881.00000,447004060.00000,1,0,0,0,0,0,0,12,46,12,2,3194.96900
AllFleetRetreatPanorama,1013,2.13639,2.14110,2.09380,0.64614,,13881.00000,447004060.00000,1,0,0,0,0,0,0,12,46,12,2,3194.96900
AllFleetRetreatPanorama,1014,2.59931,1.98140,2.09640,0.64102,,13881.00000,447004060.00000,1,0,0,0,0,0,0,12,46,12,2,3194.96900
AllFleetRetreatPanorama,1015,2.76780,1.98550,3.29000,0.63898,,13881.00000,447004060.00000,1,0,0,0,0,0,0,12,46,12,2,3194.96900
AllFleetRetreatPanorama,1016,2.16260,2.09690,2.17890,0.64205,,13881.00000,447004060.00000,1,0,0,0,0,0,0,12,46,12,2,3194.96900
AllFleetRetreatPanorama,1017,1.82970,2.09930,1.82760,0.65126,,13881.00000,447004060.00000,1,0,0,0,0,0,0,12,46,12,2,3194.96900
AllFleetRetreatPanorama,1018,1.86160,3.29340,1.81170,0.64307,,13881.00000,447004060.00000,1,0,0,0,0,0,0,12,46,12,2,3194.96900
AllFleetRetreatPanorama,1019,2.39220,2.18180,2.43380,0.64819,,13881.00000,447004060.00000,1,0,0,0,0,0,0,12,46,12,2,3222.85800
AllFleetRetreatPanorama,1020,2.18540,1.83060,2.17290,0.63181,,13881.00000,447004060.00000,1,0,0,0,0,0,0,12,46,12,2,3222.85800
AllFleetRetreatPanorama,1021,2.31890,1.81500,2.28890,0.65229,,13881.00000,447004060.00000,1,0,0,0,0,0,0,12,46,12,2,3222.85800
AllFleetRetreatPanorama,1022,2.51270,2.43700,2.52230,0.63898,,13881.00000,447004060.00000,1,0,0,0,0,0,0,12,46,12,2,3222.85800
AllFleetRetreatPanorama,1023,2.36050,2.17720,2.30200,0.64717,,13881.00000,447085980.00000,1,0,0,0,0,0,0,12,46,12,2,3222.85800
AllFleetRetreatPanorama,1024,2.43120,2.29740,2.46850,0.88166,,13881.00000,447167900.00000,1,0,0,0,0,0,0,12,46,12,2,3222.85800
AllFleetRetreatPanorama,1025,1.92020,2.52680,1.94330,0.87040,,13881.00000,447085980.00000,1,0,0,0,0,0,0,12,46,12,2,3222.85800
AllFleetRetreatPanorama,1026,2.49120,2.30550,2.47010,1.21549,,13881.00000,447004060.00000,1,0,0,0,0,0,0,12,46,12,2,3222.85800
AllFleetRetreatPanorama,1027,2.33770,2.47200,2.35450,0.65741,,13881.00000,447004060.00000,1,0,0,0,0,0,0,12,46,12,2,3222.85800
AllFleetRetreatPanorama,1028,2.09280,1.94730,2.00020,0.63693,,13881.00000,447004060.00000,1,0,0,0,0,0,0,12,46,12,2,3250.75000
AllFleetRetreatPanorama,1029,2.91430,2.47380,2.99300,0.66253,,16577.00000,447006440.00000,1,0,0,0,0,0,0,12,46,12,2,3250.75000
AllFleetRetreatPanorama,1030,2.11540,2.35670,2.11910,0.64102,,13881.00000,447088360.00000,1,0,0,0,0,0,0,12,46,12,2,3250.75000
AllFleetRetreatPanorama,1031,1.95400,2.00330,1.95390,0.65024,,13881.00000,447088360.00000,1,0,0,0,0,0,0,12,46,12,2,3250.75000
AllFleetRetreatPanorama,1032,1.88990,2.99590,1.88950,1.02093,,13881.00000,447088360.00000,1,0,0,0,0,0,0,12,46,12,2,3250.75000
AllFleetRetreatPanorama,1033,1.85170,2.12230,1.81190,0.64717,,13881.00000,447088360.00000,1,0,0,0,0,0,0,12,46,12,2,3250.75000
AllFleetRetreatPanorama,1034,2.11190,1.95700,2.14000,0.64102,,13881.00000,447006440.00000,1,0,0,0,0,0,0,12,46,12,2,3250.75000
AllFleetRetreatPanorama,1035,1.91490,1.89290,1.90030,0.64102,,13881.00000,447088360.00000,1,0,0,0,0,0,0,12,46,12,2,3250.75000
AllFleetRetreatPanorama,1036,2.58930,1.81480,2.58140,0.64922,,13881.00000,447088360.00000,1,0,0,0,0,0,0,12,46,12,2,3250.75000
AllFleetRetreatPanorama,1037,2.30740,2.14270,2.31450,1.24109,,13881.00000,447006440.00000,1,0,0,0,0,0,0,12,46,12,2,3278.64400
AllFleetRetreatPanorama,1038,2.15360,1.90290,2.10970,0.65024,,16577.00000,447090740.00000,1,0,0,0,0,0,0,12,46,12,2,3278.64400
AllFleetRetreatPanorama,1039,1.95110,2.58490,1.98500,0.65741,,13881.00000,447090740.00000,1,0,0,0,0,0,0,12,46,12,2,3278.64400
AllFleetRetreatPanorama,1040,2.11020,2.31770,2.10000,0.65126,,13881.00000,447008820.00000,1,0,0,0,0,0,0,12,46,12,2,3278.64400
AllFleetRetreatPanorama,1041,2.09630,2.11280,2.04660,0.65331,,13881.00000,447008820.00000,1,0,0,0,0,0,0,12,46,12,2,3278.64400
AllFleetRetreatPanorama,1042,1.88850,1.98760,1.95140,0.63590,,13969.00000,447008820.00000,1,0,0,0,0,0,0,12,46,12,2,3278.64400
AllFleetRetreatPanorama,1043,3.83430,2.10300,3.66870,0.64717,,13881.00000,447008820.00000,1,0,0,0,0,0,0,12,46,12,2,3278.64400
AllFleetRetreatPanorama,1044,2.93410,2.04940,3.06800,0.63898,,13933.00000,447008820.00000,1,0,0,0,0,0,0,12,46,12,2,3278.64400
AllFleetRetreatPanorama,1045,2.29060,1.95370,2.29190,0.67072,,13881.00000,447090740.00000,1,0,0,0,0,0,0,12,46,12,2,3306.53900
AllFleetRetreatPanorama,1046,2.03940,3.68010,2.04110,0.64512,,13881.00000,447090740.00000,1,0,0,0,0,0,0,12,46,12,2,3306.53900
AllFleetRetreatPanorama,1047,2.14520,3.07370,2.11470,1.22266,,13881.00000,447008820.00000,1,0,0,0,0,0,0,12,46,12,2,3306.53900
AllFleetRetreatPanorama,1048,3.37580,2.29640,2.93670,0.65434,,13881.00000,447008820.00000,1,0,0,0,0,0,0,12,46,12,2,3306.53900
AllFleetRetreatPanorama,1049,2.78350,2.04470,3.20170,0.66867,,13881.00000,447008820.00000,1,0,0,0,0,0,0,12,46,12,2,3306.53900
AllFleetRetreatPanorama,1050,2.08010,2.11780,2.08290,1.23802,,13881.00000,447090740.00000,1,0,0,0,0,0,0,12,46,12,2,3306.53900
AllFleetRetreatPanorama,1051,2.39570,2.96150,2.39390,0.67686,,13881.00000,447090740.00000,1,0,0,0,0,0,0,12,46,12,2,3306.53900
AllFleetRetreatPanorama,1052,1.88470,3.20640,1.88880,1.63635,,13881.00000,447008820.00000,1,0,0,0,0,0,0,12,46,12,2,3306.53900
AllFleetRetreatPanorama,1053,1.90100,2.08740,1.86180,0.68403,,13881.00000,447025204.00000,1,0,0,0,0,0,0,12,46,12,2,3306.53900
AllFleetRetreatPanorama,1054,1.85600,2.39790,1.87600,0.66150,,13881.00000,447041588.00000,1,0,0,0,0,0,0,12,46,12,2,3334.43600
AllFleetRetreatPanorama,1055,2.53980,1.89220,2.53820,0.63898,,16577.00000,447027584.00000,1,0,0,0,0,0,0,12,46,12,2,3334.43600
AllFleetRetreatPanorama,1056,2.31060,1.86490,2.31130,0.67072,,13881.00000,447093120.00000,1,0,0,0,0,0,0,12,46,12,2,3334.43600
AllFleetRetreatPanorama,1057,2.05470,1.88020,2.06330,0.64205,,13881.00000,447175040.00000,1,0,0,0,0,0,0,12,46,12,2,3334.43600
AllFleetRetreatPanorama,1058,2.30810,2.54220,2.19390,1.22266,,13881.00000,447093120.00000,1,0,0,0,0,0,0,12,46,12,2,3334.43600
AllFleetRetreatPanorama,1059,2.07110,2.31530,2.17260,1.05677,,13881.00000,447093120.00000,1,0,0,0,0,0,0,12,46,12,2,3334.43600
AllFleetRetreatPanorama,1060,1.99561,2.06640,1.97760,0.64717,,13881.00000,447175040.00000,1,0,0,0,0,0,0,12,46,12,2,3334.43600
AllFleetRetreatPanorama,1061,2.08250,2.19800,2.07980,0.83456,,13881.00000,447175040.00000,1,0,0,0,0,0,0,12,46,12,2,3334.43600
AllFleetRetreatPanorama,1062,2.30630,2.17570,2.31840,0.80589,,13881.00000,447093120.00000,1,0,0,0,0,0,0,12,46,12,2,3334.43600
AllFleetRetreatPanorama,1063,2.21500,1.98100,2.16790,0.63693,,13881.00000,447093120.00000,1,0,0,0,0,0,0,12,46,12,2,3362.33500
AllFleetRetreatPanorama,1064,2.02730,2.08280,2.06630,0.66355,,13881.00000,447175040.00000,1,0,0,0,0,0,0,12,46,12,2,3362.33500
AllFleetRetreatPanorama,1065,1.91330,2.32150,1.91220,0.93491,,13881.00000,447093120.00000,1,0,0,0,0,0,0,12,46,12,2,3362.33500
AllFleetRetreatPanorama,1066,1.98720,2.17090,1.97450,0.63386,,13881.00000,447027584.00000,1,0,0,0,0,0,0,12,46,12,2,3362.33500
AllFleetRetreatPanorama,1067,2.11670,2.06930,2.12460,0.65741,,13881.00000,447027584.00000,1,0,0,0,0,0,0,12,46,12,2,3362.33500
AllFleetRetreatPanorama,1068,2.37970,1.91540,2.33400,0.65024,,13881.00000,447011200.00000,1,0,0,0,0,0,0,12,46,12,2,3362.33500
AllFleetRetreatPanorama,1069,2.34360,1.97740,2.26960,0.68506,,13881.00000,447011200.00000,1,0,0,0,0,0,0,12,46,12,2,3362.33500
AllFleetRetreatPanorama,1070,3.02190,2.12790,3.09620,0.64717,,13881.00000,447011200.00000,1,0,0,0,0,0,0,12,46,12,2,3362.33500
AllFleetRetreatPanorama,1071,2.08951,2.33760,2.11900,0.70349,,13881.00000,447011200.00000,1,0,0,0,0,0,0,12,46,12,2,3362.33500
AllFleetRetreatPanorama,1072,1.95540,2.27400,1.95500,1.25747,,13881.00000,447093120.00000,1,0,0,0,0,0,0,12,46,12,2,3390.23600
AllFleetRetreatPanorama,1073,2.10580,3.09920,2.06060,0.69632,,16577.00000,447095296.00000,1,0,0,0,0,0,0,12,46,12,2,3390.23600
AllFleetRetreatPanorama,1074,1.90800,2.12210,1.94710,0.65331,,13881.00000,447013580.00000,1,0,0,0,0,0,0,12,46,12,2,3390.23600
AllFleetRetreatPanorama,1075,2.05220,1.95800,2.02880,0.70554,,13881.00000,447013580.00000,1,0,0,0,0,0,0,12,46,12,2,3390.23600
AllFleetRetreatPanorama,1076,2.09630,2.06340,2.10200,0.64000,,13881.00000,447013580.00000,1,0,0,0,0,0,0,12,46,12,2,3390.23600
AllFleetRetreatPanorama,1077,2.23090,1.94990,2.22880,0.69530,,13881.00000,447029964.00000,1,0,0,0,0,0,0,12,46,12,2,3390.23600
AllFleetRetreatPanorama,1078,2.07540,2.03240,2.02930,0.66970,,13881.00000,447111884.00000,1,0,0,0,0,0,0,12,46,12,2,3390.23600
AllFleetRetreatPanorama,1079,2.14121,2.10660,2.18280,0.68506,,13881.00000,447095500.00000,1,0,0,0,0,0,0,12,46,12,2,3390.23600
AllFleetRetreatPanorama,1080,1.94340,2.23350,1.91700,0.65229,,13881.00000,447013580.00000,1,0,0,0,0,0,0,12,46,12,2,3390.23600
AllFleetRetreatPanorama,1081,1.99670,2.03460,2.01410,0.67789,,13881.00000,447095500.00000,1,0,0,0,0,0,0,12,46,12,2,3390.23600
AllFleetRetreatPanorama,1082,1.81050,2.18640,1.81850,0.65741,,13881.00000,447095500.00000,1,0,0,0,0,0,0,12,46,12,2,3418.13800
AllFleetRetreatPanorama,1083,2.59000,1.92030,2.54230,1.26464,,16577.00000,447015960.00000,1,0,0,0,0,0,0,12,46,12,2,3418.13800
AllFleetRetreatPanorama,1084,2.23570,2.01710,2.25470,0.63795,,13881.00000,447032344.00000,1,0,0,0,0,0,0,12,46,12,2,3418.13800
AllFleetRetreatPanorama,1085,1.97600,1.82090,1.98610,0.67891,,13881.00000,447032344.00000,1,0,0,0,0,0,0,12,46,12,2,3418.13800
AllFleetRetreatPanorama,1086,1.85230,2.54620,1.85360,0.66765,,13881.00000,447097880.00000,1,0,0,0,0,0,0,12,46,12,2,3418.13800
AllFleetRetreatPanorama,1087,1.87150,2.25920,1.86430,0.67686,,13881.00000,447179800.00000,1,0,0,0,0,0,0,12,46,12,2,3418.13800
AllFleetRetreatPanorama,1088,1.85770,1.98980,1.85870,0.95846,,13881.00000,447097880.00000,1,0,0,0,0,0,0,12,46,12,2,3418.13800
AllFleetRetreatPanorama,1089,2.14600,1.85680,2.04960,1.26464,,13881.00000,447015960.00000,1,0,0,0,0,0,0,12,46,12,2,3418.13800
AllFleetRetreatPanorama,1090,2.43970,1.86760,2.52390,0.63386,,13881.00000,447015960.00000,1,0,0,0,0,0,0,12,46,12,2,3418.13800
AllFleetRetreatPanorama,1091,2.26330,1.86130,1.99970,0.69325,,13881.00000,447032344.00000,1,0,0,0,0,0,0,12,46,12,2,3418.13800
AllFleetRetreatPanorama,1092,2.27240,2.05620,2.51800,0.71680,,13881.00000,447032344.00000,1,0,0,0,0,0,0,12,46,12,2,3446.04200
AllFleetRetreatPanorama,1093,2.09810,2.52730,2.10030,0.68403,,13881.00000,447015960.00000,1,0,0,0,0,0,0,12,46,12,2,3446.04200
AllFleetRetreatPanorama,1094,1.88840,2.00280,1.85240,0.68813,,13881.00000,447015960.00000,1,0,0,0,0,0,0,12,46,12,2,3446.04200
AllFleetRetreatPanorama,1095,1.88950,2.52220,1.90480,0.70758,,13881.00000,447015960.00000,1,0,0,0,0,0,0,12,46,12,2,3446.04200
AllFleetRetreatPanorama,1096,1.85580,2.10380,1.87530,0.69325,,13881.00000,447032344.00000,1,0,0,0,0,0,0,12,46,12,2,3446.04200
AllFleetRetreatPanorama,1097,1.79830,1.85550,1.79610,0.71987,,13881.00000,447032344.00000,1,0,0,0,0,0,0,12,46,12,2,3446.04200
AllFleetRetreatPanorama,1098,1.80070,1.90730,1.79940,0.67277,,13881.00000,447015960.00000,1,0,0,0,0,0,0,12,46,12,2,3446.04200
AllFleetRetreatPanorama,1099,2.09360,1.87790,2.03990,0.67379,,13881.00000,447097880.00000,1,0,0,0,0,0,0,12,46,12,2,3446.04200
AllFleetRetreatPanorama,1100,2.13270,1.79810,2.14020,0.66355,,13881.00000,447097880.00000,1,0,0,0,0,0,0,12,46,12,2,3446.04200
AllFleetRetreatPanorama,1101,1.83990,1.80170,1.87610,1.30867,,13881.00000,447097880.00000,1,0,0,0,0,0,0,12,46,12,2,3446.04200
AllFleetRetreatPanorama,1102,1.86620,2.04250,1.84160,0.66253,,13881.00000,447179800.00000,1,0,0,0,0,0,0,12,46,12,2,3473.98400
AllFleetRetreatPanorama,1103,2.22190,2.14320,2.23840,0.73011,,16577.00000,447100260.00000,1,0,0,0,0,0,0,12,46,12,2,3473.98400
AllFleetRetreatPanorama,1104,1.94220,1.87900,1.93690,1.25030,,13881.00000,447018340.00000,1,0,0,0,0,0,0,12,46,12,2,3473.98400
AllFleetRetreatPanorama,1105,1.93150,1.84580,1.92900,0.69939,,13881.00000,447100260.00000,1,0,0,0,0,0,0,12,46,12,2,3473.98400
AllFleetRetreatPanorama,1106,1.82170,2.24150,1.78810,0.68301,,13881.00000,447100260.00000,1,0,0,0,0,0,0,12,46,12,2,3473.98400
AllFleetRetreatPanorama,1107,2.69580,1.93960,2.69670,1.23904,,13881.00000,447018340.00000,1,0,0,0,0,0,0,12,46,12,2,3473.98400
AllFleetRetreatPanorama,1108,2.21540,1.93250,2.23080,0.67891,,13881.00000,447100260.00000,1,0,0,0,0,0,0,12,46,12,2,3473.98400
AllFleetRetreatPanorama,1109,2.22640,1.79100,2.23220,0.71987,,13881.00000,447100260.00000,1,0,0,0,0,0,0,12,46,12,2,3473.98400
AllFleetRetreatPanorama,1110,1.90000,2.70030,1.89730,1.24723,,13881.00000,447018340.00000,1,0,0,0,0,0,0,12,46,12,2,3473.98400
AllFleetRetreatPanorama,1111,2.20240,2.23450,2.11400,0.72397,,13881.00000,447018340.00000,1,0,0,0,0,0,0,12,46,12,2,3501.92700
AllFleetRetreatPanorama,1112,2.08990,2.23540,2.16990,0.67277,,13969.00000,447018340.00000,1,0,0,0,0,0,0,12,46,12,2,3501.92700
AllFleetRetreatPanorama,1113,2.20980,1.90000,2.09960,0.68813,,13881.00000,447100260.00000,1,0,0,0,0,0,0,12,46,12,2,3501.92700
AllFleetRetreatPanorama,1114,2.50950,2.11680,2.61430,0.66662,,13881.00000,447100260.00000,1,0,0,0,0,0,0,12,46,12,2,3501.92700
AllFleetRetreatPanorama,1115,2.12740,2.17240,2.11770,0.71885,,13881.00000,447018340.00000,1,0,0,0,0,0,0,12,46,12,2,3501.92700
AllFleetRetreatPanorama,1116,2.21400,2.10280,2.18310,0.67891,,13881.00000,447100260.00000,1,0,0,0,0,0,0,12,46,12,2,3501.92700
AllFleetRetreatPanorama,1117,1.87930,2.61690,1.91530,0.70042,,13881.00000,447100260.00000,1,0,0,0,0,0,0,12,46,12,2,3501.92700
AllFleetRetreatPanorama,1118,2.10090,2.12090,2.09480,0.65229,,13881.00000,447018340.00000,1,0,0,0,0,0,0,12,46,12,2,3501.92700
AllFleetRetreatPanorama,1119,2.26780,2.18560,2.26540,0.67891,,13881.00000,447100260.00000,1,0,0,0,0,0,0,12,46,12,2,3501.92700
AllFleetRetreatPanorama,1120,1.87919,1.91790,1.86150,0.63590,,13881.00000,447100260.00000,1,0,0,0,0,0,0,12,46,12,2,3501.92700
AllFleetRetreatPanorama,1121,2.37860,2.09780,2.34220,1.32915,,13881.00000,447018340.00000,1,0,0,0,0,0,0,12,46,12,2,3529.87100
AllFleetRetreatPanorama,1122,2.25500,2.26770,2.29880,0.66355,,16577.00000,447102640.00000,1,0,0,0,0,0,0,12,46,12,2,3529.87100
AllFleetRetreatPanorama,1123,2.16310,1.86380,2.09700,0.67379,,13881.00000,447102640.00000,1,0,0,0,0,0,0,12,46,12,2,3529.87100
AllFleetRetreatPanorama,1124,2.30630,2.34510,2.36520,1.25542,,13881.00000,447020720.00000,1,0,0,0,0,0,0,12,46,12,2,3529.87100
AllFleetRetreatPanorama,1125,1.87250,2.30180,1.87160,0.66560,,13881.00000,447037104.00000,1,0,0,0,0,0,0,12,46,12,2,3529.87100
AllFleetRetreatPanorama,1126,1.94720,2.09990,1.81580,0.66355,,13881.00000,447053488.00000,1,0,0,0,0,0,0,12,46,12,2,3529.87100
AllFleetRetreatPanorama,1127,2.00220,2.36910,2.12600,0.66253,,13881.00000,447037104.00000,1,0,0,0,0,0,0,12,46,12,2,3529.87100
AllFleetRetreatPanorama,1128,2.19841,1.87510,1.95770,0.66048,,13881.00000,447102640.00000,1,0,0,0,0,0,0,12,46,12,2,3529.87100
AllFleetRetreatPanorama,1129,2.94690,1.82100,3.14800,0.68710,,13881.00000,447102640.00000,1,0,0,0,0,0,0,12,46,12,2,3529.87100
AllFleetRetreatPanorama,1130,2.46450,2.12920,2.27130,0.68198,,13881.00000,447102640.00000,1,0,0,0,0,0,0,12,46,12,2,3557.81500
AllFleetRetreatPanorama,1131,2.46631,1.96470,2.57710,0.70451,,16577.00000,447102640.00000,1,0,0,0,0,0,0,12,46,12,2,3557.81500
AllFleetRetreatPanorama,1132,4.59539,3.15510,2.24890,0.70451,,13881.00000,447102640.00000,1,0,0,0,0,0,0,12,46,12,2,3557.81500
AllFleetRetreatPanorama,1133,2.27961,2.27570,4.61100,0.66355,,13881.00000,447105020.00000,1,0,0,0,0,0,0,12,46,12,2,3557.81500
AllFleetRetreatPanorama,1134,2.94439,2.58360,2.96920,0.65843,,13881.00000,447023100.00000,1,0,0,0,0,0,0,12,46,12,2,3557.81500
AllFleetRetreatPanorama,1135,2.77320,2.25460,2.77430,0.67379,,13881.00000,447023100.00000,1,0,0,0,0,0,0,12,46,12,2,3557.81500
AllFleetRetreatPanorama,1136,2.13620,4.62610,2.18330,0.67379,,13933.00000,447023100.00000,1,0,0,0,0,0,0,12,46,12,2,3557.81500
AllFleetRetreatPanorama,1137,1.94080,2.97530,1.94010,0.90624,,13881.00000,447023100.00000,1,0,0,0,0,0,0,12,46,12,2,3585.76000
AllFleetRetreatPanorama,1138,2.07460,2.77800,2.06570,0.66867,,13881.00000,447023100.00000,1,0,0,0,0,0,0,12,46,12,2,3585.76000
AllFleetRetreatPanorama,1139,2.10810,2.18630,2.08050,0.69734,,13881.00000,447023100.00000,1,0,0,0,0,0,0,12,46,12,2,3585.76000
AllFleetRetreatPanorama,1140,2.74740,1.94280,2.64800,0.69222,,13881.00000,447023100.00000,1,0,0,0,0,0,0,12,46,12,2,3585.76000
AllFleetRetreatPanorama,1141,2.37700,2.06840,2.38210,0.66765,,13881.00000,447023100.00000,1,0,0,0,0,0,0,12,46,12,2,3585.76000
AllFleetRetreatPanorama,1142,2.74800,2.08400,2.82600,0.69325,,13881.00000,447039484.00000,1,0,0,0,0,0,0,12,46,12,2,3585.76000
AllFleetRetreatPanorama,1143,2.21811,2.65190,2.23060,0.68096,,13881.00000,447039484.00000,1,0,0,0,0,0,0,12,46,12,2,3585.76000
AllFleetRetreatPanorama,1144,2.19340,2.38590,2.19710,1.62406,,13881.00000,447023100.00000,1,0,0,0,0,0,0,12,46,12,2,3585.76000
AllFleetRetreatPanorama,1145,2.13250,2.82960,2.10160,0.66048,,13881.00000,447039484.00000,1,0,0,0,0,0,0,12,46,12,2,3613.70700
AllFleetRetreatPanorama,1146,2.14490,2.23580,2.17600,0.68198,,16577.00000,447041864.00000,1,0,0,0,0,0,0,12,46,12,2,3613.70700
AllFleetRetreatPanorama,1147,2.19370,2.20080,2.17760,0.66970,,13881.00000,447107400.00000,1,0,0,0,0,0,0,12,46,12,2,3613.70700
AllFleetRetreatPanorama,1148,2.07940,2.10470,2.08980,0.66458,,13881.00000,447107400.00000,1,0,0,0,0,0,0,12,46,12,2,3613.70700
AllFleetRetreatPanorama,1149,2.36220,2.17860,2.30170,1.25645,,13881.00000,447025480.00000,1,0,0,0,0,0,0,12,46,12,2,3613.70700
AllFleetRetreatPanorama,1150,2.00850,2.18120,2.01340,0.66765,,13881.00000,447107400.00000,1,0,0,0,0,0,0,12,46,12,2,3613.70700
AllFleetRetreatPanorama,1151,2.13260,2.09320,2.16980,0.93901,,13881.00000,447107400.00000,1,0,0,0,0,0,0,12,46,12,2,3613.70700
AllFleetRetreatPanorama,1152,2.01140,2.30570,2.00910,0.70451,,13881.00000,447025480.00000,1,0,0,0,0,0,0,12,46,12,2,3613.70700
AllFleetRetreatPanorama,1153,1.96270,2.01670,1.96990,0.65229,,13881.00000,447107400.00000,1,0,0,0,0,0,0,12,46,12,2,3613.70700
AllFleetRetreatPanorama,1154,1.99270,2.17460,1.98230,0.68915,,13881.00000,447107400.00000,1,0,0,0,0,0,0,12,46,12,2,3613.70700
AllFleetRetreatPanorama,1155,2.49680,2.01210,2.44520,0.67174,,13881.00000,447025480.00000,1,0,0,0,0,0,0,12,46,12,2,3641.65400
AllFleetRetreatPanorama,1156,2.25060,1.97360,2.30150,0.68198,,16577.00000,447109576.00000,1,0,0,0,0,0,0,12,46,12,2,3641.65400
AllFleetRetreatPanorama,1157,1.88170,1.98530,1.88170,0.72909,,13881.00000,447126164.00000,1,0,0,0,0,0,0,12,46,12,2,3641.65400
AllFleetRetreatPanorama,1158,1.90640,2.44850,1.90490,0.67994,,13881.00000,447044244.00000,1,0,0,0,0,0,0,12,46,12,2,3641.65400
AllFleetRetreatPanorama,1159,1.84110,2.30410,1.83780,0.68506,,13881.00000,447044244.00000,1,0,0,0,0,0,0,12,46,12,2,3641.65400
AllFleetRetreatPanorama,1160,1.89320,1.88540,1.89020,0.66765,,13881.00000,447044244.00000,1,0,0,0,0,0,0,12,46,12,2,3641.65400
AllFleetRetreatPanorama,1161,1.87370,1.90860,1.83380,0.67994,,13881.00000,447027860.00000,1,0,0,0,0,0,0,12,46,12,2,3641.65400
AllFleetRetreatPanorama,1162,5.16170,1.84090,1.84820,0.67994,,13881.00000,447027860.00000,1,0,0,0,0,0,0,12,46,12,2,3641.65400
AllFleetRetreatPanorama,1163,2.65330,1.89340,5.93530,0.70656,,13881.00000,447109780.00000,1,0,0,0,0,0,0,12,46,12,2,3669.60200
AllFleetRetreatPanorama,1164,2.61220,1.83640,2.61340,0.67277,,13881.00000,447109780.00000,1,0,0,0,0,0,0,12,46,12,2,3669.60200
AllFleetRetreatPanorama,1165,1.99931,1.85100,2.03250,0.72192,,13881.00000,447027860.00000,1,0,0,0,0,0,0,12,46,12,2,3669.60200
AllFleetRetreatPanorama,1166,2.18220,5.93950,2.19830,0.65434,,13881.00000,447027860.00000,1,0,0,0,0,0,0,12,46,12,2,3669.60200
AllFleetRetreatPanorama,1167,2.15860,2.61760,2.15450,0.65843,,13881.00000,447027860.00000,1,0,0,0,0,0,0,12,46,12,2,3669.60200
AllFleetRetreatPanorama,1168,2.61430,2.03550,2.59530,0.67891,,13881.00000,447027860.00000,1,0,0,0,0,0,0,12,46,12,2,3669.60200
AllFleetRetreatPanorama,1169,2.10561,2.20100,2.07820,0.65229,,13881.00000,447027860.00000,1,0,0,0,0,0,0,12,46,12,2,3669.60200
AllFleetRetreatPanorama,1170,2.23040,2.15680,2.25810,0.66253,,13881.00000,447027860.00000,1,0,0,0,0,0,0,12,46,12,2,3669.60200
AllFleetRetreatPanorama,1171,2.42749,2.59970,2.41980,0.65434,,13881.00000,447109780.00000,1,0,0,0,0,0,0,12,46,12,2,3669.60200
AllFleetRetreatPanorama,1172,2.02421,2.08180,2.02610,0.65229,,13881.00000,447109780.00000,1,0,0,0,0,0,0,12,46,12,2,3697.55100
AllFleetRetreatPanorama,1173,2.12090,2.26200,2.10560,0.64410,,16577.00000,447030240.00000,1,0,0,0,0,0,0,12,46,12,2,3697.55100
AllFleetRetreatPanorama,1174,2.04360,2.42410,2.00650,0.66253,,13881.00000,447112160.00000,1,0,0,0,0,0,0,12,46,12,2,3697.55100
AllFleetRetreatPanorama,1175,2.66570,2.02980,2.70640,0.63898,,13881.00000,447112160.00000,1,0,0,0,0,0,0,12,46,12,2,3697.55100
AllFleetRetreatPanorama,1176,1.86520,2.10950,1.86010,1.22266,,13881.00000,447030240.00000,1,0,0,0,0,0,0,12,46,12,2,3697.55100
AllFleetRetreatPanorama,1177,1.88331,2.01270,1.83950,0.65741,,13881.00000,447112160.00000,1,0,0,0,0,0,0,12,46,12,2,3697.55100
AllFleetRetreatPanorama,1178,1.78120,2.71030,1.82300,0.66765,,13969.00000,447194080.00000,1,0,0,0,0,0,0,12,46,12,2,3697.55100
AllFleetRetreatPanorama,1179,2.00090,1.86470,1.92870,0.63898,,13881.00000,447112160.00000,1,0,0,0,0,0,0,12,46,12,2,3697.55100
AllFleetRetreatPanorama,1180,2.04740,1.84260,2.11460,0.64717,,13881.00000,447112160.00000,1,0,0,0,0,0,0,12,46,12,2,3697.55100
AllFleetRetreatPanorama,1181,1.79750,1.82610,1.79500,0.64000,,13881.00000,447112160.00000,1,0,0,0,0,0,0,12,46,12,2,3697.55100
AllFleetRetreatPanorama,1182,2.11530,1.93220,2.01690,1.31072,,13881.00000,447030240.00000,1,0,0,0,0,0,0,12,46,12,2,3725.50100
AllFleetRetreatPanorama,1183,2.61800,2.11760,2.69820,0.63898,,16577.00000,447032620.00000,1,0,0,0,0,0,0,12,46,12,2,3725.50100
AllFleetRetreatPanorama,1184,2.14300,1.79720,2.05840,0.65843,,13881.00000,447032620.00000,1,0,0,0,0,0,0,12,46,12,2,3725.50100
AllFleetRetreatPanorama,1185,2.29751,2.02220,2.38010,1.22778,,13881.00000,447032620.00000,1,0,0,0,0,0,0,12,46,12,2,3725.50100
AllFleetRetreatPanorama,1186,1.92790,2.70050,1.93210,0.67584,,13881.00000,447032620.00000,1,0,0,0,0,0,0,12,46,12,2,3725.50100
AllFleetRetreatPanorama,1187,2.17920,2.06110,2.14920,0.63795,,13881.00000,447032620.00000,1,0,0,0,0,0,0,12,46,12,2,3725.50100
AllFleetRetreatPanorama,1188,2.00650,2.38370,2.02410,0.65741,,13881.00000,447032620.00000,1,0,0,0,0,0,0,12,46,12,2,3725.50100
AllFleetRetreatPanorama,1189,1.88760,1.93530,1.85400,0.63795,,13881.00000,447032620.00000,1,0,0,0,0,0,0,12,46,12,2,3725.50100
AllFleetRetreatPanorama,1190,2.94430,2.15200,2.92050,0.68710,,13881.00000,447032620.00000,1,0,0,0,0,0,0,12,46,12,2,3725.50100
AllFleetRetreatPanorama,1191,2.28950,2.02750,2.31430,0.64205,,13881.00000,447049004.00000,1,0,0,0,0,0,0,12,46,12,2,3753.45100
AllFleetRetreatPanorama,1192,2.20870,1.85670,2.19770,0.65741,,13881.00000,447049004.00000,1,0,0,0,0,0,0,12,46,12,2,3753.45100
AllFleetRetreatPanorama,1193,2.05510,2.92630,2.06890,1.22266,,13881.00000,447032620.00000,1,0,0,0,0,0,0,12,46,12,2,3753.45100
AllFleetRetreatPanorama,1194,2.01500,2.31930,1.97060,0.66765,,13881.00000,447032620.00000,1,0,0,0,0,0,0,12,46,12,2,3753.45100
AllFleetRetreatPanorama,1195,2.15290,2.20120,2.19190,0.64102,,13881.00000,447032620.00000,1,0,0,0,0,0,0,12,46,12,2,3753.45100
AllFleetRetreatPanorama,1196,2.11680,2.07300,2.08530,0.66048,,13881.00000,447032620.00000,1,0,0,0,0,0,0,12,46,12,2,3753.45100
AllFleetRetreatPanorama,1197,2.28980,1.97620,2.31530,0.64307,,13881.00000,447032620.00000,1,0,0,0,0,0,0,12,46,12,2,3753.45100
AllFleetRetreatPanorama,1198,1.85750,2.19470,1.86060,0.66765,,13881.00000,447032620.00000,1,0,0,0,0,0,0,12,46,12,2,3753.45100
AllFleetRetreatPanorama,1199,1.91990,2.09120,1.85660,0.63795,,13881.00000,447032620.00000,1,0,0,0,0,0,0,12,46,12,2,3753.45100
AllFleetRetreatPanorama,1200,2.15310,2.31970,2.20920,0.66048,,13881.00000,447032620.00000,1,0,0,0,0,0,0,12,46,12,2,3781.40200
AllFleetRetreatPanorama,1201,2.01790,1.86370,2.01400,0.64717,,16577.00000,447035000.00000,1,0,0,0,0,0,0,12,46,12,2,3781.40200
AllFleetRetreatPanorama,1202,1.98910,1.85940,1.98110,0.69632,,13881.00000,447035000.00000,1,0,0,0,0,0,0,12,46,12,2,3781.40200
AllFleetRetreatPanorama,1203,1.87820,2.21300,1.87860,0.63795,,13881.00000,447035000.00000,1,0,0,0,0,0,0,12,46,12,2,3781.40200
AllFleetRetreatPanorama,1204,2.34860,2.01700,2.25520,0.66458,,13881.00000,447035000.00000,1,0,0,0,0,0,0,12,46,12,2,3781.40200
AllFleetRetreatPanorama,1205,2.26910,1.98520,2.32090,0.64307,,13881.00000,447035000.00000,1,0,0,0,0,0,0,12,46,12,2,3781.40200
AllFleetRetreatPanorama,1206,2.06600,1.88230,2.04900,0.66765,,13881.00000,447035000.00000,1,0,0,0,0,0,0,12,46,12,2,3781.40200
AllFleetRetreatPanorama,1207,2.12310,2.25940,2.16850,0.63488,,13881.00000,447035000.00000,1,0,0,0,0,0,0,12,46,12,2,3781.40200
AllFleetRetreatPanorama,1208,1.88060,2.32530,1.87370,0.65024,,13881.00000,447116920.00000,1,0,0,0,0,0,0,12,46,12,2,3781.40200
AllFleetRetreatPanorama,1209,1.96840,2.05280,1.92990,0.64102,,13881.00000,447116920.00000,1,0,0,0,0,0,0,12,46,12,2,3781.40200
AllFleetRetreatPanorama,1210,1.81390,2.17120,1.85450,0.67584,,13881.00000,447035000.00000,1,0,0,0,0,0,0,12,46,12,2,3809.35400
AllFleetRetreatPanorama,1211,1.87330,1.87710,1.84910,0.64000,,13881.00000,447116920.00000,1,0,0,0,0,0,0,12,46,12,2,3809.35400
AllFleetRetreatPanorama,1212,1.88380,1.93230,1.89160,0.65229,,13881.00000,447198840.00000,1,0,0,0,0,0,0,12,46,12,2,3809.35400
AllFleetRetreatPanorama,1213,3.03610,1.85710,3.02400,0.64614,,13881.00000,447116920.00000,1,0,0,0,0,0,0,12,46,12,2,3809.35400
AllFleetRetreatPanorama,1214,2.37800,1.85170,2.34190,0.67994,,13881.00000,447116920.00000,1,0,0,0,0,0,0,12,46,12,2,3809.35400
AllFleetRetreatPanorama,1215,1.86030,1.89420,1.90740,0.64000,,13881.00000,447116920.00000,1,0,0,0,0,0,0,12,46,12,2,3809.35400
AllFleetRetreatPanorama,1216,1.96210,3.02810,1.95900,1.26464,,13881.00000,447035000.00000,1,0,0,0,0,0,0,12,46,12,2,3809.35400
AllFleetRetreatPanorama,1217,2.07320,2.34610,2.06610,0.64614,,13881.00000,447116920.00000,1,0,0,0,0,0,0,12,46,12,2,3809.35400
AllFleetRetreatPanorama,1218,1.82490,1.91050,1.82810,0.66048,,13881.00000,447116920.00000,1,0,0,0,0,0,0,12,46,12,2,3809.35400
AllFleetRetreatPanorama,1219,2.11870,1.96170,1.95800,0.64000,,13881.00000,447035000.00000,1,0,0,0,0,0,0,12,46,12,2,3837.30600
AllFleetRetreatPanorama,1220,3.13880,2.07010,3.17520,0.64717,,16577.00000,447037380.00000,1,0,0,0,0,0,0,12,46,12,2,3837.30600
AllFleetRetreatPanorama,1221,2.35371,1.83080,2.43470,0.63795,,13881.00000,447037380.00000,1,0,0,0,0,0,0,12,46,12,2,3837.30600
AllFleetRetreatPanorama,1222,2.19369,1.96050,2.20680,1.24314,,13881.00000,447119300.00000,1,0,0,0,0,0,0,12,46,12,2,3837.30600
AllFleetRetreatPanorama,1223,1.86460,3.18070,1.87180,0.63386,,13881.00000,447119300.00000,1,0,0,0,0,0,0,12,46,12,2,3837.30600
AllFleetRetreatPanorama,1224,1.97900,2.43800,1.96990,0.66970,,13881.00000,447037380.00000,1,0,0,0,0,0,0,12,46,12,2,3837.30600
AllFleetRetreatPanorama,1225,1.91460,2.21020,1.88280,0.63283,,13881.00000,447037380.00000,1,0,0,0,0,0,0,12,46,12,2,3837.30600
AllFleetRetreatPanorama,1226,2.74270,1.87460,2.74670,0.66867,,13881.00000,447037380.00000,1,0,0,0,0,0,0,12,46,12,2,3837.30600
AllFleetRetreatPanorama,1227,2.55619,1.97290,2.56910,0.65126,,13881.00000,447037380.00000,1,0,0,0,0,0,0,12,46,12,2,3837.30600
AllFleetRetreatPanorama,1228,2.13270,1.88590,2.13560,0.65229,,13933.00000,447119300.00000,1,0,0,0,0,0,0,12,46,12,2,3865.26000
AllFleetRetreatPanorama,1229,2.37680,2.75050,2.37490,0.66150,,16577.00000,447119300.00000,1,0,0,0,0,0,0,12,46,12,2,3865.26000
AllFleetRetreatPanorama,1230,1.92870,2.57200,1.88950,1.27590,,13881.00000,447056144.00000,1,0,0,0,0,0,0,12,46,12,2,3865.26000
AllFleetRetreatPanorama,1231,1.81930,2.13870,1.85820,0.63386,,13881.00000,447056144.00000,1,0,0,0,0,0,0,12,46,12,2,3865.26000
AllFleetRetreatPanorama,1232,1.84040,2.37780,1.83720,0.65536,,13881.00000,447121680.00000,1,0,0,0,0,0,0,12,46,12,2,3865.26000
AllFleetRetreatPanorama,1233,2.03120,1.89250,2.01420,0.65741,,13881.00000,447121680.00000,1,0,0,0,0,0,0,12,46,12,2,3865.26000
AllFleetRetreatPanorama,1234,1.91910,1.86080,1.92480,0.65434,,13881.00000,447121680.00000,1,0,0,0,0,0,0,12,46,12,2,3865.26000
AllFleetRetreatPanorama,1235,1.96880,1.84000,1.94880,0.64922,,13881.00000,447121680.00000,1,0,0,0,0,0,0,12,46,12,2,3865.26000
AllFleetRetreatPanorama,1236,1.89250,2.01690,1.87260,0.65946,,13881.00000,447039760.00000,1,0,0,0,0,0,0,12,46,12,2,3865.26000
AllFleetRetreatPanorama,1237,2.11200,1.92760,2.14690,0.67277,,13881.00000,447121680.00000,1,0,0,0,0,0,0,12,46,12,2,3865.26000
AllFleetRetreatPanorama,1238,1.97530,1.95130,1.96630,0.66765,,13881.00000,447121680.00000,1,0,0,0,0,0,0,12,46,12,2,3893.21300
AllFleetRetreatPanorama,1239,2.05550,1.87500,2.06240,1.22675,,13881.00000,447039760.00000,1,0,0,0,0,0,0,12,46,12,2,3893.21300
AllFleetRetreatPanorama,1240,1.85080,2.14940,1.82180,0.69222,,13881.00000,447121680.00000,1,0,0,0,0,0,0,12,46,12,2,3893.21300
AllFleetRetreatPanorama,1241,2.08680,1.96920,2.03050,0.64922,,13881.00000,447121680.00000,1,0,0,0,0,0,0,12,46,12,2,3893.21300
AllFleetRetreatPanorama,1242,1.97190,2.06490,2.04030,0.70246,,13881.00000,447039760.00000,1,0,0,0,0,0,0,12,46,12,2,3893.21300
AllFleetRetreatPanorama,1243,1.81470,1.82730,1.81890,0.64717,,13881.00000,447121680.00000,1,0,0,0,0,0,0,12,46,12,2,3893.21300
AllFleetRetreatPanorama,1244,1.81000,2.03420,1.80820,0.68506,,13881.00000,447121680.00000,1,0,0,0,0,0,0,12,46,12,2,3893.21300
AllFleetRetreatPanorama,1245,2.03920,2.04340,2.02520,1.24723,,13881.00000,447039760.00000,1,0,0,0,0,0,0,12,46,12,2,3893.21300
AllFleetRetreatPanorama,1246,2.15890,1.82170,2.16320,0.68506,,13881.00000,447121680.00000,1,0,0,0,0,0,0,12,46,12,2,3893.21300
AllFleetRetreatPanorama,1247,1.92180,1.81050,1.87140,0.66662,,13881.00000,447121680.00000,1,0,0,0,0,0,0,12,46,12,2,3893.21300
AllFleetRetreatPanorama,1248,1.79629,2.02800,1.84070,0.66048,,13881.00000,447039760.00000,1,0,0,0,0,0,0,12,46,12,2,3921.16800
AllFleetRetreatPanorama,1249,2.38370,2.16660,2.25950,0.65126,,16577.00000,447124060.00000,1,0,0,0,0,0,0,12,46,12,2,3921.16800
AllFleetRetreatPanorama,1250,2.50430,1.87490,2.60630,0.70144,,13969.00000,447124060.00000,1,0,0,0,0,0,0,12,46,12,2,3921.16800
AllFleetRetreatPanorama,1251,2.03170,1.84410,2.03080,0.66458,,13881.00000,447042140.00000,1,0,0,0,0,0,0,12,46,12,2,3921.16800
AllFleetRetreatPanorama,1252,2.38340,2.26350,2.35090,0.89805,,13881.00000,447042140.00000,1,0,0,0,0,0,0,12,46,12,2,3921.16800
AllFleetRetreatPanorama,1253,2.01950,2.61080,2.05940,0.66253,,13881.00000,447042140.00000,1,0,0,0,0,0,0,12,46,12,2,3921.16800
AllFleetRetreatPanorama,1254,1.82110,2.03400,1.81880,0.69018,,13881.00000,447042140.00000,1,0,0,0,0,0,0,12,46,12,2,3921.16800
AllFleetRetreatPanorama,1255,1.84430,2.35400,1.80240,0.65434,,13881.00000,447124060.00000,1,0,0,0,0,0,0,12,46,12,2,3921.16800
AllFleetRetreatPanorama,1256,2.40770,2.06200,2.28480,0.68608,,13881.00000,447124060.00000,1,0,0,0,0,0,0,12,46,12,2,3921.16800
AllFleetRetreatPanorama,1257,3.54979,1.82140,3.63080,0.64512,,19207.00000,447648348.00000,1,0,0,0,0,0,0,12,46,12,2,3949.12300
AllFleetRetreatPanorama,1258,6.31940,1.80580,2.76590,0.64512,,16577.00000,447943260.00000,1,0,0,0,0,0,0,12,46,12,2,3949.12300
AllFleetRetreatPanorama,1259,5.21350,2.28950,6.78140,0.68506,,13881.00000,448107100.00000,1,0,0,0,0,0,0,12,46,12,2,3949.12300
AllFleetRetreatPanorama,1260,3.15860,3.63570,5.09700,0.71987,,13881.00000,448191400.00000,1,0,0,0,0,0,0,12,46,12,2,3949.12300
AllFleetRetreatPanorama,1261,32.78460,2.77160,2.78940,0.71987,,13881.00000,448191400.00000,1,0,0,0,0,0,0,12,46,12,2,4005.03500
AllFleetRetreatPanorama,1262,4.44690,6.78750,34.41560,0.72090,,16577.00000,448128040.00000,1,0,0,0,0,0,0,12,46,12,2,4005.03500
AllFleetRetreatPanorama,1263,2.32780,5.10320,2.40110,1.28102,,13881.00000,448029940.00000,1,0,0,0,0,0,0,12,46,12,2,4005.03500
AllFleetRetreatPanorama,1264,11.39270,2.79420,2.15530,1.28102,,13881.00000,448029940.00000,1,0,0,0,0,0,0,12,46,12,2,4032.99200
AllFleetRetreatPanorama,1265,3.77750,34.42320,12.83410,0.72499,,16577.00000,448114240.00000,1,0,0,0,0,0,0,12,46,12,2,4032.99200
AllFleetRetreatPanorama,1266,2.70230,2.40680,2.81940,1.38854,,13881.00000,448032320.00000,1,0,0,0,0,0,0,12,46,12,2,4032.99200
AllFleetRetreatPanorama,1267,2.29850,2.16140,2.29430,0.75571,,13881.00000,447950400.00000,1,0,0,0,0,0,0,12,46,12,2,4032.99200
AllFleetRetreatPanorama,1268,2.74890,12.87930,2.75430,0.66970,,13881.00000,447950400.00000,1,0,0,0,0,0,0,12,46,12,2,4032.99200
AllFleetRetreatPanorama,1269,2.50950,2.82530,2.47610,0.71987,,13881.00000,447950400.00000,1,0,0,0,0,0,0,12,46,12,2,4060.95000
AllFleetRetreatPanorama,1270,2.29850,2.29890,2.32900,0.71168,,13881.00000,447688256.00000,1,0,0,0,0,0,0,12,46,12,2,4060.95000
AllFleetRetreatPanorama,1271,2.30910,2.75800,2.27740,0.67379,,13881.00000,447770176.00000,1,0,0,0,0,0,0,12,46,12,2,4060.95000
AllFleetRetreatPanorama,1272,3.09920,2.47950,3.13970,0.70861,,13881.00000,447770176.00000,1,0,0,0,0,0,0,12,46,12,2,4060.95000
AllFleetRetreatPanorama,1273,2.52110,2.33220,2.47580,0.66150,,13881.00000,447688256.00000,1,0,0,0,0,0,0,12,46,12,2,4060.95000
AllFleetRetreatPanorama,1274,2.20339,2.28070,2.22930,0.71680,,13881.00000,447049280.00000,1,0,0,0,0,0,0,12,46,12,2,4060.95000
AllFleetRetreatPanorama,1275,2.71640,3.14280,2.65740,0.70758,,13881.00000,447049280.00000,1,0,0,0,0,0,0,12,46,12,2,4060.95000
AllFleetRetreatPanorama,1276,2.06430,2.47880,2.10700,0.68813,,13881.00000,447131200.00000,1,0,0,0,0,0,0,12,46,12,2,4060.95000
AllFleetRetreatPanorama,1277,1.91590,2.23260,1.90730,0.69120,,13881.00000,447131200.00000,1,0,0,0,0,0,0,12,46,12,2,4088.90800
AllFleetRetreatPanorama,1278,2.45550,2.66630,2.42840,1.30970,,16577.00000,447051660.00000,1,0,0,0,0,0,0,12,46,12,2,4088.90800
AllFleetRetreatPanorama,1279,2.02940,2.11250,2.07140,0.66765,,13881.00000,447051660.00000,1,0,0,0,0,0,0,12,46,12,2,4088.90800
AllFleetRetreatPanorama,1280,2.14160,1.91090,2.13190,0.68096,,13881.00000,447051660.00000,1,0,0,0,0,0,0,12,46,12,2,4088.90800
AllFleetRetreatPanorama,1281,2.16870,2.43180,2.17340,0.68608,,13881.00000,447051660.00000,1,0,0,0,0,0,0,12,46,12,2,4088.90800
AllFleetRetreatPanorama,1282,2.17590,2.07480,2.17900,0.69325,,13881.00000,447051660.00000,1,0,0,0,0,0,0,12,46,12,2,4088.90800
AllFleetRetreatPanorama,1283,2.08870,2.13580,2.04380,0.68608,,13881.00000,447051660.00000,1,0,0,0,0,0,0,12,46,12,2,4088.90800
AllFleetRetreatPanorama,1284,2.22370,2.17620,2.26030,0.71680,,13881.00000,447051660.00000,1,0,0,0,0,0,0,12,46,12,2,4088.90800
AllFleetRetreatPanorama,1285,1.88230,2.18200,1.88260,0.70246,,13881.00000,447068044.00000,1,0,0,0,0,0,0,12,46,12,2,4088.90800
AllFleetRetreatPanorama,1286,1.77570,2.04680,1.77970,0.73626,,13881.00000,447068044.00000,1,0,0,0,0,0,0,12,46,12,2,4088.90800
AllFleetRetreatPanorama,1287,1.85080,2.26280,1.82150,0.71680,,13881.00000,447051660.00000,1,0,0,0,0,0,0,12,46,12,2,4116.86700
AllFleetRetreatPanorama,1288,2.23540,1.88500,2.16650,0.70758,,16577.00000,447054040.00000,1,0,0,0,0,0,0,12,46,12,2,4116.86700
AllFleetRetreatPanorama,1289,2.40550,1.78180,2.40960,0.67686,,13881.00000,447054040.00000,1,0,0,0,0,0,0,12,46,12,2,4116.86700
AllFleetRetreatPanorama,1290,2.36250,1.82460,2.41020,0.72909,,13881.00000,447054040.00000,1,0,0,0,0,0,0,12,46,12,2,4116.86700
AllFleetRetreatPanorama,1291,9.29950,2.16930,2.06300,0.72909,,13881.00000,447054040.00000,1,0,0,0,0,0,0,12,46,12,2,4116.86700
AllFleetRetreatPanorama,1292,2.95990,2.41260,9.95260,0.68403,,13881.00000,447135960.00000,1,0,0,0,0,0,0,12,46,12,2,4144.82600
AllFleetRetreatPanorama,1293,4.24560,2.41360,2.80610,0.68403,,16717.00000,447135960.00000,1,0,0,0,0,0,0,12,46,12,2,4144.82600
AllFleetRetreatPanorama,1294,5.33600,2.06670,4.09780,0.69939,,13881.00000,447056420.00000,1,0,0,0,0,0,0,12,46,12,2,4144.82600
AllFleetRetreatPanorama,1295,2.91570,9.95760,5.68390,0.72397,,13881.00000,447138340.00000,1,0,0,0,0,0,0,12,46,12,2,4144.82600
AllFleetRetreatPanorama,1296,2.44690,2.81070,2.58550,0.68506,,13881.00000,447138340.00000,1,0,0,0,0,0,0,12,46,12,2,4144.82600
AllFleetRetreatPanorama,1297,2.36040,4.10240,2.33760,1.28102,,13881.00000,447056420.00000,1,0,0,0,0,0,0,12,46,12,2,4144.82600
AllFleetRetreatPanorama,1298,2.03430,5.68970,2.06110,0.67891,,13881.00000,447056420.00000,1,0,0,0,0,0,0,12,46,12,2,4144.82600
AllFleetRetreatPanorama,1299,2.07900,2.58890,2.04460,0.64102,,13881.00000,447056420.00000,1,0,0,0,0,0,0,12,46,12,2,4172.78600
AllFleetRetreatPanorama,1300,2.78620,2.34110,2.77360,0.68608,,15169.00000,447057260.00000,1,0,0,0,0,0,0,12,46,12,2,4172.78600
AllFleetRetreatPanorama,1301,2.18320,2.06430,2.22100,0.65843,,13881.00000,447057260.00000,1,0,0,0,0,0,0,12,46,12,2,4172.78600
AllFleetRetreatPanorama,1302,2.26430,2.04740,2.25430,0.66560,,13881.00000,447057260.00000,1,0,0,0,0,0,0,12,46,12,2,4172.78600
AllFleetRetreatPanorama,1303,2.49810,2.77650,2.45530,0.65126,,13881.00000,447057260.00000,1,0,0,0,0,0,0,12,46,12,2,4172.78600
AllFleetRetreatPanorama,1304,2.34320,2.22470,2.34400,0.67482,,13881.00000,447057260.00000,1,0,0,0,0,0,0,12,46,12,2,4172.78600
AllFleetRetreatPanorama,1305,2.05590,2.25710,2.01260,1.24006,,13881.00000,447057260.00000,1,0,0,0,0,0,0,12,46,12,2,4172.78600
AllFleetRetreatPanorama,1306,2.16030,2.45940,2.24000,0.67174,,13881.00000,447057260.00000,1,0,0,0,0,0,0,12,46,12,2,4172.78600
AllFleetRetreatPanorama,1307,2.05940,2.34710,2.02290,0.63795,,13881.00000,447057260.00000,1,0,0,0,0,0,0,12,46,12,2,4172.78600
AllFleetRetreatPanorama,1308,2.26670,2.01580,2.28820,0.66970,,13881.00000,447057260.00000,1,0,0,0,0,0,0,12,46,12,2,4200.74600
AllFleetRetreatPanorama,1309,2.36790,2.24290,2.36520,0.65638,,16577.00000,447059640.00000,1,0,0,0,0,0,0,12,46,12,2,4200.74600
AllFleetRetreatPanorama,1310,2.58080,2.02670,2.43620,0.67072,,13881.00000,447059640.00000,1,0,0,0,0,0,0,12,46,12,2,4200.74600
AllFleetRetreatPanorama,1311,2.41160,2.29120,2.52320,0.64819,,13881.00000,447141560.00000,1,0,0,0,0,0,0,12,46,12,2,4200.74600
AllFleetRetreatPanorama,1312,1.93780,2.36830,1.95570,0.67174,,13881.00000,447141560.00000,1,0,0,0,0,0,0,12,46,12,2,4200.74600
AllFleetRetreatPanorama,1313,1.99989,2.44300,2.00790,1.36806,,13881.00000,447059640.00000,1,0,0,0,0,0,0,12,46,12,2,4200.74600
AllFleetRetreatPanorama,1314,1.86070,2.52600,1.86460,0.67379,,13881.00000,447059640.00000,1,0,0,0,0,0,0,12,46,12,2,4200.74600
AllFleetRetreatPanorama,1315,1.81050,1.95870,1.75750,0.65229,,13881.00000,447059640.00000,1,0,0,0,0,0,0,12,46,12,2,4200.74600
AllFleetRetreatPanorama,1316,1.91720,2.01050,1.96670,0.69837,,13881.00000,447059640.00000,1,0,0,0,0,0,0,12,46,12,2,4200.74600
AllFleetRetreatPanorama,1317,1.78090,1.86700,1.77810,0.66765,,13881.00000,447141560.00000,1,0,0,0,0,0,0,12,46,12,2,4228.70700
AllFleetRetreatPanorama,1318,2.01260,1.75980,2.00980,0.66458,,16577.00000,447141560.00000,1,0,0,0,0,0,0,12,46,12,2,4228.70700
AllFleetRetreatPanorama,1319,1.85380,1.96900,1.84770,1.24723,,13881.00000,447143940.00000,1,0,0,0,0,0,0,12,46,12,2,4228.70700
AllFleetRetreatPanorama,1320,1.86550,1.78170,1.85970,0.67277,,13881.00000,447225860.00000,1,0,0,0,0,0,0,12,46,12,2,4228.70700
AllFleetRetreatPanorama,1321,1.87750,2.01230,1.83530,0.64922,,13881.00000,447143940.00000,1,0,0,0,0,0,0,12,46,12,2,4228.70700
AllFleetRetreatPanorama,1322,4.79259,1.85040,1.90520,0.64922,,13881.00000,447143940.00000,1,0,0,0,0,0,0,12,46,12,2,4228.70700
AllFleetRetreatPanorama,1323,2.06360,1.86220,4.97950,0.63488,,13881.00000,447143940.00000,1,0,0,0,0,0,0,12,46,12,2,4228.70700
AllFleetRetreatPanorama,1324,1.93841,1.83760,1.88140,0.64512,,13881.00000,447062020.00000,1,0,0,0,0,0,0,12,46,12,2,4228.70700
AllFleetRetreatPanorama,1325,2.92290,1.90790,2.93150,0.66150,,13881.00000,447062020.00000,1,0,0,0,0,0,0,12,46,12,2,4256.66900
AllFleetRetreatPanorama,1326,2.36570,4.98280,2.38020,0.70349,,13881.00000,447062020.00000,1,0,0,0,0,0,0,12,46,12,2,4256.66900
AllFleetRetreatPanorama,1327,2.03430,1.88500,2.04670,0.65229,,13881.00000,447062020.00000,1,0,0,0,0,0,0,12,46,12,2,4256.66900
AllFleetRetreatPanorama,1328,1.83000,2.93630,1.84230,0.66560,,13881.00000,447078404.00000,1,0,0,0,0,0,0,12,46,12,2,4256.66900
AllFleetRetreatPanorama,1329,2.01240,2.38400,1.99500,0.66253,,13881.00000,447078404.00000,1,0,0,0,0,0,0,12,46,12,2,4256.66900
AllFleetRetreatPanorama,1330,2.70900,2.05000,2.64890,0.70758,,13881.00000,447062020.00000,1,0,0,0,0,0,0,12,46,12,2,4256.66900
AllFleetRetreatPanorama,1331,1.96180,1.84570,2.00800,0.63898,,13881.00000,447062020.00000,1,0,0,0,0,0,0,12,46,12,2,4256.66900
AllFleetRetreatPanorama,1332,2.36070,1.99850,2.36040,0.66253,,13881.00000,447062020.00000,1,0,0,0,0,0,0,12,46,12,2,4256.66900
AllFleetRetreatPanorama,1333,1.96630,2.65200,1.97880,0.65536,,13881.00000,447143940.00000,1,0,0,0,0,0,0,12,46,12,2,4256.66900
AllFleetRetreatPanorama,1334,2.04370,2.01040,2.00370,0.67789,,13879.00000,447183440.00000,1,0,0,0,0,0,0,12,46,12,2,4256.66900
AllFleetRetreatPanorama,1335,2.09480,2.36440,2.08140,1.24314,,13879.00000,447101520.00000,1,0,0,0,0,0,0,12,46,12,2,4284.63000
AllFleetRetreatPanorama,1336,2.15270,1.98280,2.18900,0.68813,,16575.00000,447146320.00000,1,0,0,0,0,0,0,12,46,12,2,4284.63000
AllFleetRetreatPanorama,1337,1.78480,2.01330,1.79020,0.88474,,13879.00000,447146320.00000,1,0,0,0,0,0,0,12,46,12,2,4284.63000
AllFleetRetreatPanorama,1338,1.86650,2.08460,1.86130,1.26771,,13879.00000,447064400.00000,1,0,0,0,0,0,0,12,46,12,2,4284.63000
AllFleetRetreatPanorama,1339,2.18530,2.19170,2.14060,0.65434,,13879.00000,447146320.00000,1,0,0,0,0,0,0,12,46,12,2,4284.63000
AllFleetRetreatPanorama,1340,2.08380,1.79240,2.06110,0.65434,,13879.00000,447146320.00000,1,0,0,0,0,0,0,12,46,12,2,4284.63000
AllFleetRetreatPanorama,1341,2.18830,1.86390,2.24230,1.23392,,13879.00000,447064400.00000,1,0,0,0,0,0,0,12,46,12,2,4284.63000
AllFleetRetreatPanorama,1342,1.85820,2.14360,1.85760,0.68198,,13879.00000,447146320.00000,1,0,0,0,0,0,0,12,46,12,2,4284.63000
AllFleetRetreatPanorama,1343,1.86620,2.06390,1.86710,0.67789,,13879.00000,447146320.00000,1,0,0,0,0,0,0,12,46,12,2,4284.63000
AllFleetRetreatPanorama,1344,1.84020,2.24550,1.83410,1.23904,,13879.00000,447064400.00000,1,0,0,0,0,0,0,12,46,12,2,4284.63000
AllFleetRetreatPanorama,1345,1.83900,1.86080,1.84020,0.67891,,13879.00000,447146320.00000,1,0,0,0,0,0,0,12,46,12,2,4312.59300
AllFleetRetreatPanorama,1346,2.15250,1.86990,2.10570,0.68506,,16575.00000,447148700.00000,1,0,0,0,0,0,0,12,46,12,2,4312.59300
AllFleetRetreatPanorama,1347,2.31380,1.83670,2.28990,0.67379,,13879.00000,447066780.00000,1,0,0,0,0,0,0,12,46,12,2,4312.59300
AllFleetRetreatPanorama,1348,2.16250,1.84320,2.21280,0.67686,,13879.00000,447148700.00000,1,0,0,0,0,0,0,12,46,12,2,4312.59300
AllFleetRetreatPanorama,1349,1.95510,2.10820,1.95480,0.65434,,13879.00000,447165084.00000,1,0,0,0,0,0,0,12,46,12,2,4312.59300
AllFleetRetreatPanorama,1350,2.44180,2.29340,2.43120,1.28922,,13879.00000,447083164.00000,1,0,0,0,0,0,0,12,46,12,2,4312.59300
AllFleetRetreatPanorama,1351,2.25110,2.21630,2.19590,0.71066,,13879.00000,447148700.00000,1,0,0,0,0,0,0,12,46,12,2,4312.59300
AllFleetRetreatPanorama,1352,5.50200,1.95880,1.86340,0.71066,,13879.00000,447148700.00000,1,0,0,0,0,0,0,12,46,12,2,4312.59300
AllFleetRetreatPanorama,1353,3.19491,2.43520,6.85190,1.27181,,13879.00000,447066780.00000,1,0,0,0,0,0,0,12,46,12,2,4339.45800
AllFleetRetreatPanorama,1354,2.42450,2.19990,2.39510,0.68813,,13879.00000,447148700.00000,1,0,0,0,0,0,0,12,46,12,2,4339.45800
AllFleetRetreatPanorama,1355,2.12710,1.86670,2.17960,0.69325,,13879.00000,447148700.00000,1,0,0,0,0,0,0,12,46,12,2,4339.45800
AllFleetRetreatPanorama,1356,1.95191,6.85630,1.94770,0.67994,,13879.00000,447148700.00000,1,0,0,0,0,0,0,12,46,12,2,4339.45800
AllFleetRetreatPanorama,1357,2.03520,2.39840,1.97930,0.67174,,13879.00000,447230620.00000,1,0,0,0,0,0,0,12,46,12,2,4339.45800
AllFleetRetreatPanorama,1358,1.91960,2.18260,1.97100,0.66867,,13967.00000,447148700.00000,1,0,0,0,0,0,0,12,46,12,2,4339.45800
AllFleetRetreatPanorama,1359,2.17860,1.95070,2.11780,0.66970,,13879.00000,447066780.00000,1,0,0,0,0,0,0,12,46,12,2,4339.45800
AllFleetRetreatPanorama,1360,2.14860,1.98330,2.19160,0.64922,,13879.00000,447148700.00000,1,0,0,0,0,0,0,12,46,12,2,4339.45800
AllFleetRetreatPanorama,1361,1.82990,1.97440,1.83910,0.66253,,13879.00000,447148700.00000,1,0,0,0,0,0,0,12,46,12,2,4339.45800
AllFleetRetreatPanorama,1362,1.86210,2.12190,1.85710,0.66458,,13879.00000,447066780.00000,1,0,0,0,0,0,0,12,46,12,2,4361.95300
AllFleetRetreatPanorama,1363,2.15850,2.19560,2.15500,0.66662,,16575.00000,447151080.00000,1,0,0,0,0,0,0,12,46,12,2,4361.95300
AllFleetRetreatPanorama,1364,1.88000,1.84220,1.85490,0.65638,,13879.00000,447167464.00000,1,0,0,0,0,0,0,12,46,12,2,4361.95300
AllFleetRetreatPanorama,1365,1.97389,1.86000,1.95210,0.65434,,13879.00000,447085544.00000,1,0,0,0,0,0,0,12,46,12,2,4361.95300
AllFleetRetreatPanorama,1366,2.23070,2.15740,2.26160,0.66560,,13879.00000,447151080.00000,1,0,0,0,0,0,0,12,46,12,2,4361.95300
AllFleetRetreatPanorama,1367,1.89470,1.85740,1.90440,0.65331,,13879.00000,447151080.00000,1,0,0,0,0,0,0,12,46,12,2,4361.95300
AllFleetRetreatPanorama,1368,1.89670,1.95490,1.89100,0.75059,,13879.00000,447069160.00000,1,0,0,0,0,0,0,12,46,12,2,4361.95300
AllFleetRetreatPanorama,1369,1.98830,2.26470,1.97640,0.65843,,13879.00000,447151080.00000,1,0,0,0,0,0,0,12,46,12,2,4361.95300
AllFleetRetreatPanorama,1370,1.85470,1.90760,1.86090,0.64205,,13879.00000,447151080.00000,1,0,0,0,0,0,0,12,46,12,2,4361.95300
AllFleetRetreatPanorama,1371,1.91840,1.89490,1.86630,0.68506,,13879.00000,447069160.00000,1,0,0,0,0,0,0,12,46,12,2,4361.95300
AllFleetRetreatPanorama,1372,1.96090,1.97980,2.00440,0.65229,,13879.00000,447069160.00000,1,0,0,0,0,0,0,12,46,12,2,4389.88700
AllFleetRetreatPanorama,1373,2.06150,1.86400,2.05180,0.64819,,16575.00000,447071540.00000,1,0,0,0,0,0,0,12,46,12,2,4389.88700
AllFleetRetreatPanorama,1374,1.88430,1.86970,1.85640,0.66355,,13879.00000,447071540.00000,1,0,0,0,0,0,0,12,46,12,2,4389.88700
AllFleetRetreatPanorama,1375,2.68330,2.00720,2.64060,0.67891,,13879.00000,447071540.00000,1,0,0,0,0,0,0,12,46,12,2,4389.88700
AllFleetRetreatPanorama,1376,2.11650,2.05430,2.09550,0.66150,,13879.00000,447071540.00000,1,0,0,0,0,0,0,12,46,12,2,4389.88700
AllFleetRetreatPanorama,1377,2.45210,1.85970,2.52190,0.65741,,13879.00000,447071540.00000,1,0,0,0,0,0,0,12,46,12,2,4389.88700
AllFleetRetreatPanorama,1378,2.32920,2.64650,2.33330,0.66355,,13879.00000,447153460.00000,1,0,0,0,0,0,0,12,46,12,2,4389.88700
AllFleetRetreatPanorama,1379,2.06000,2.10040,2.04160,0.89805,,13879.00000,447153460.00000,1,0,0,0,0,0,0,12,46,12,2,4389.88700
AllFleetRetreatPanorama,1380,2.02370,2.52600,2.03760,1.25440,,13879.00000,447071540.00000,1,0,0,0,0,0,0,12,46,12,2,4389.88700
AllFleetRetreatPanorama,1381,1.90420,2.33680,1.86650,0.63795,,13879.00000,447071540.00000,1,0,0,0,0,0,0,12,46,12,2,4417.82100
AllFleetRetreatPanorama,1382,2.85869,2.04520,2.88320,0.64410,,13931.00000,447071540.00000,1,0,0,0,0,0,0,12,46,12,2,4417.82100
AllFleetRetreatPanorama,1383,2.23350,2.04060,2.23430,0.67277,,13879.00000,447071540.00000,1,0,0,0,0,0,0,12,46,12,2,4417.82100
AllFleetRetreatPanorama,1384,1.90070,1.86940,1.89870,0.65434,,13879.00000,447071540.00000,1,0,0,0,0,0,0,12,46,12,2,4417.82100
AllFleetRetreatPanorama,1385,2.08980,2.88600,2.09260,0.65434,,13879.00000,447071540.00000,1,0,0,0,0,0,0,12,46,12,2,4417.82100
AllFleetRetreatPanorama,1386,2.22040,2.23720,2.18320,0.66765,,13879.00000,447153460.00000,1,0,0,0,0,0,0,12,46,12,2,4417.82100
AllFleetRetreatPanorama,1387,2.62130,1.90110,2.64730,0.67994,,13879.00000,447153460.00000,1,0,0,0,0,0,0,12,46,12,2,4417.82100
AllFleetRetreatPanorama,1388,2.19290,2.09510,2.13770,0.64410,,13879.00000,447071540.00000,1,0,0,0,0,0,0,12,46,12,2,4417.82100
AllFleetRetreatPanorama,1389,2.38190,2.18540,2.43060,0.65331,,13879.00000,447071540.00000,1,0,0,0,0,0,0,12,46,12,2,4417.82100
AllFleetRetreatPanorama,1390,1.99560,2.65000,1.99050,0.66048,,13879.00000,447071540.00000,1,0,0,0,0,0,0,12,46,12,2,4445.75700
AllFleetRetreatPanorama,1391,2.09810,2.14210,2.05220,0.67174,,16575.00000,447073920.00000,1,0,0,0,0,0,0,12,46,12,2,4445.75700
AllFleetRetreatPanorama,1392,2.05410,2.43420,2.09900,0.64922,,13879.00000,447073920.00000,1,0,0,0,0,0,0,12,46,12,2,4445.75700
AllFleetRetreatPanorama,1393,1.92570,1.99350,1.92400,0.65331,,13879.00000,447073920.00000,1,0,0,0,0,0,0,12,46,12,2,4445.75700
AllFleetRetreatPanorama,1394,1.86330,2.05650,1.86230,0.64102,,13879.00000,447073920.00000,1,0,0,0,0,0,0,12,46,12,2,4445.75700
AllFleetRetreatPanorama,1395,1.87720,2.10240,1.87640,0.66970,,13879.00000,447073920.00000,1,0,0,0,0,0,0,12,46,12,2,4445.75700
AllFleetRetreatPanorama,1396,2.20991,1.92670,2.09070,0.65536,,13879.00000,447073920.00000,1,0,0,0,0,0,0,12,46,12,2,4445.75700
AllFleetRetreatPanorama,1397,2.80879,1.86490,2.83790,0.65536,,13879.00000,447073920.00000,1,0,0,0,0,0,0,12,46,12,2,4445.75700
AllFleetRetreatPanorama,1398,2.07180,1.87890,2.14470,0.65434,,13879.00000,447073920.00000,1,0,0,0,0,0,0,12,46,12,2,4445.75700
AllFleetRetreatPanorama,1399,2.15260,2.09440,2.14650,0.67072,,13879.00000,447073920.00000,1,0,0,0,0,0,0,12,46,12,2,4473.69300
AllFleetRetreatPanorama,1400,2.39340,2.84210,2.32870,0.66970,,16575.00000,447076300.00000,1,0,0,0,0,0,0,12,46,12,2,4473.69300
AllFleetRetreatPanorama,1401,1.90710,2.14820,1.97430,0.65638,,13879.00000,447076300.00000,1,0,0,0,0,0,0,12,46,12,2,4473.69300
AllFleetRetreatPanorama,1402,2.11860,2.14980,2.05550,0.65229,,13879.00000,447076300.00000,1,0,0,0,0,0,0,12,46,12,2,4473.69300
AllFleetRetreatPanorama,1403,2.40060,2.33140,2.45160,0.66355,,13879.00000,447076300.00000,1,0,0,0,0,0,0,12,46,12,2,4473.69300
AllFleetRetreatPanorama,1404,1.83980,1.97700,1.83780,0.65331,,13879.00000,447076300.00000,1,0,0,0,0,0,0,12,46,12,2,4473.69300
AllFleetRetreatPanorama,1405,1.86730,2.05890,1.86600,1.26464,,13879.00000,447076300.00000,1,0,0,0,0,0,0,12,46,12,2,4473.69300
AllFleetRetreatPanorama,1406,1.97590,2.45470,1.96500,0.65946,,13879.00000,447158220.00000,1,0,0,0,0,0,0,12,46,12,2,4473.69300
AllFleetRetreatPanorama,1407,1.90290,1.84000,1.87160,0.65638,,13879.00000,447158220.00000,1,0,0,0,0,0,0,12,46,12,2,4473.69300
AllFleetRetreatPanorama,1408,1.83080,1.86860,1.86620,1.22982,,13879.00000,447076300.00000,1,0,0,0,0,0,0,12,46,12,2,4473.69300
AllFleetRetreatPanorama,1409,1.97620,1.96740,1.96220,0.65741,,13879.00000,447158220.00000,1,0,0,0,0,0,0,12,46,12,2,4501.63000
AllFleetRetreatPanorama,1410,2.01610,1.87370,2.01830,0.64717,,13879.00000,447158220.00000,1,0,0,0,0,0,0,12,46,12,2,4501.63000
AllFleetRetreatPanorama,1411,1.78020,1.86840,1.78560,0.66662,,13879.00000,447092684.00000,1,0,0,0,0,0,0,12,46,12,2,4501.63000
AllFleetRetreatPanorama,1412,1.95880,1.96580,1.95230,0.67072,,13879.00000,447174604.00000,1,0,0,0,0,0,0,12,46,12,2,4501.63000
AllFleetRetreatPanorama,1413,1.90709,2.02150,1.87080,0.65741,,13879.00000,447158220.00000,1,0,0,0,0,0,0,12,46,12,2,4501.63000
AllFleetRetreatPanorama,1414,1.93311,1.78860,1.96000,0.64614,,13879.00000,447076300.00000,1,0,0,0,0,0,0,12,46,12,2,4501.63000
AllFleetRetreatPanorama,1415,1.95630,1.95520,1.94680,0.66150,,13879.00000,447076300.00000,1,0,0,0,0,0,0,12,46,12,2,4501.63000
AllFleetRetreatPanorama,1416,2.05230,1.87350,2.05120,0.65536,,13879.00000,447076300.00000,1,0,0,0,0,0,0,12,46,12,2,4501.63000
AllFleetRetreatPanorama,1417,1.87240,1.96280,1.87930,0.65229,,13879.00000,447076300.00000,1,0,0,0,0,0,0,12,46,12,2,4501.63000
AllFleetRetreatPanorama,1418,2.15850,1.94970,2.09190,0.65434,,13879.00000,447076300.00000,1,0,0,0,0,0,0,12,46,12,2,4501.63000
AllFleetRetreatPanorama,1419,2.10740,2.05380,2.10860,0.65843,,13879.00000,447076300.00000,1,0,0,0,0,0,0,12,46,12,2,4529.56800
AllFleetRetreatPanorama,1420,2.19940,1.88220,2.25210,0.66150,,16575.00000,447078476.00000,1,0,0,0,0,0,0,12,46,12,2,4529.56800
AllFleetRetreatPanorama,1421,2.09350,2.09520,2.08110,0.66458,,13879.00000,447078680.00000,1,0,0,0,0,0,0,12,46,12,2,4529.56800
AllFleetRetreatPanorama,1422,2.19630,2.11190,2.17690,0.64717,,13879.00000,447078680.00000,1,0,0,0,0,0,0,12,46,12,2,4529.56800
AllFleetRetreatPanorama,1423,1.95520,2.25470,1.96900,0.65536,,13879.00000,447078680.00000,1,0,0,0,0,0,0,12,46,12,2,4529.56800
AllFleetRetreatPanorama,1424,1.93740,2.08430,1.90640,0.68813,,13879.00000,447160600.00000,1,0,0,0,0,0,0,12,46,12,2,4529.56800
AllFleetRetreatPanorama,1425,2.10480,2.17940,2.10530,0.65126,,13879.00000,447160600.00000,1,0,0,0,0,0,0,12,46,12,2,4529.56800
AllFleetRetreatPanorama,1426,3.23540,1.97160,3.20850,0.64307,,13879.00000,447078680.00000,1,0,0,0,0,0,0,12,46,12,2,4529.56800
AllFleetRetreatPanorama,1427,2.14580,1.90910,2.17480,0.66048,,13879.00000,447078680.00000,1,0,0,0,0,0,0,12,46,12,2,4529.56800
AllFleetRetreatPanorama,1428,2.08550,2.10780,2.08930,0.64614,,13879.00000,447078680.00000,1,0,0,0,0,0,0,12,46,12,2,4557.50600
AllFleetRetreatPanorama,1429,2.39610,3.21700,2.25090,0.65331,,16575.00000,447081060.00000,1,0,0,0,0,0,0,12,46,12,2,4557.50600
AllFleetRetreatPanorama,1430,2.11250,2.17840,2.26090,0.65946,,13967.00000,447081060.00000,1,0,0,0,0,0,0,12,46,12,2,4557.50600
AllFleetRetreatPanorama,1431,2.83650,2.09210,2.80900,0.64512,,13879.00000,447081060.00000,1,0,0,0,0,0,0,12,46,12,2,4557.50600
AllFleetRetreatPanorama,1432,2.61070,2.25390,2.61790,0.65024,,13879.00000,447081060.00000,1,0,0,0,0,0,0,12,46,12,2,4557.50600
AllFleetRetreatPanorama,1433,2.09110,2.26390,2.06910,0.65946,,13879.00000,447081060.00000,1,0,0,0,0,0,0,12,46,12,2,4557.50600
AllFleetRetreatPanorama,1434,2.38650,2.81420,2.34360,1.32096,,13879.00000,447081060.00000,1,0,0,0,0,0,0,12,46,12,2,4557.50600
AllFleetRetreatPanorama,1435,2.34010,2.62310,2.35080,0.63590,,13879.00000,447081060.00000,1,0,0,0,0,0,0,12,46,12,2,4557.50600
AllFleetRetreatPanorama,1436,2.03190,2.07290,2.06840,0.66765,,13879.00000,447081060.00000,1,0,0,0,0,0,0,12,46,12,2,4557.50600
AllFleetRetreatPanorama,1437,2.06050,2.34850,2.06510,0.67686,,13879.00000,447162980.00000,1,0,0,0,0,0,0,12,46,12,2,4585.44600
AllFleetRetreatPanorama,1438,2.79030,2.35450,2.75050,0.64922,,16575.00000,447165360.00000,1,0,0,0,0,0,0,12,46,12,2,4585.44600
AllFleetRetreatPanorama,1439,2.38639,2.07200,2.35060,1.23290,,13879.00000,447083440.00000,1,0,0,0,0,0,0,12,46,12,2,4585.44600
AllFleetRetreatPanorama,1440,2.53941,2.06940,2.58910,0.66662,,13879.00000,447083440.00000,1,0,0,0,0,0,0,12,46,12,2,4585.44600
AllFleetRetreatPanorama,1441,2.54780,2.75710,2.53020,0.86426,,13879.00000,447083440.00000,1,0,0,0,0,0,0,12,46,12,2,4585.44600
AllFleetRetreatPanorama,1442,2.09860,2.35740,2.10930,0.65638,,13879.00000,447165360.00000,1,0,0,0,0,0,0,12,46,12,2,4585.44600
AllFleetRetreatPanorama,1443,1.98360,2.59500,1.99460,0.63898,,13879.00000,447165360.00000,1,0,0,0,0,0,0,12,46,12,2,4585.44600
AllFleetRetreatPanorama,1444,2.14090,2.53500,2.06250,1.21754,,13879.00000,447083440.00000,1,0,0,0,0,0,0,12,46,12,2,4585.44600
AllFleetRetreatPanorama,1445,2.23920,2.11240,2.30050,0.65024,,13879.00000,447165360.00000,1,0,0,0,0,0,0,12,46,12,2,4585.44600
AllFleetRetreatPanorama,1446,2.01850,1.99730,2.01980,0.64512,,13879.00000,447165360.00000,1,0,0,0,0,0,0,12,46,12,2,4613.38600
AllFleetRetreatPanorama,1447,2.05640,2.06540,2.04990,1.22778,,13879.00000,447083440.00000,1,0,0,0,0,0,0,12,46,12,2,4613.38600
AllFleetRetreatPanorama,1448,2.06450,2.30360,2.05940,0.66355,,13879.00000,447165360.00000,1,0,0,0,0,0,0,12,46,12,2,4613.38600
AllFleetRetreatPanorama,1449,1.90540,2.02300,1.87570,0.65741,,13879.00000,447165360.00000,1,0,0,0,0,0,0,12,46,12,2,4613.38600
AllFleetRetreatPanorama,1450,1.90750,2.05300,1.94170,0.65331,,13879.00000,447083440.00000,1,0,0,0,0,0,0,12,46,12,2,4613.38600
AllFleetRetreatPanorama,1451,1.88041,2.06330,1.87750,0.65229,,13879.00000,447165360.00000,1,0,0,0,0,0,0,12,46,12,2,4613.38600
AllFleetRetreatPanorama,1452,1.87790,1.87890,1.87890,0.65331,,13879.00000,447165360.00000,1,0,0,0,0,0,0,12,46,12,2,4613.38600
AllFleetRetreatPanorama,1453,2.19600,1.94460,2.18200,1.21549,,13879.00000,447083440.00000,1,0,0,0,0,0,0,12,46,12,2,4613.38600
AllFleetRetreatPanorama,1454,2.30440,1.88060,2.24170,0.63590,,13879.00000,447083440.00000,1,0,0,0,0,0,0,12,46,12,2,4613.38600
AllFleetRetreatPanorama,1455,2.63020,1.88140,2.67880,0.63693,,13879.00000,447083440.00000,1,0,0,0,0,0,0,12,46,12,2,4641.32700
AllFleetRetreatPanorama,1456,2.75330,2.18610,2.75450,0.63693,,16575.00000,447085820.00000,1,0,0,0,0,0,0,12,46,12,2,4641.32700
AllFleetRetreatPanorama,1457,2.01330,2.24620,2.01510,0.65843,,13879.00000,447085820.00000,1,0,0,0,0,0,0,12,46,12,2,4641.32700
AllFleetRetreatPanorama,1458,1.88830,2.68230,1.88800,0.64512,,13879.00000,447085820.00000,1,0,0,0,0,0,0,12,46,12,2,4641.32700
AllFleetRetreatPanorama,1459,1.97250,2.75810,1.92750,0.64922,,13879.00000,447167740.00000,1,0,0,0,0,0,0,12,46,12,2,4641.32700
AllFleetRetreatPanorama,1460,2.14010,2.01780,2.16860,0.64410,,13879.00000,447167740.00000,1,0,0,0,0,0,0,12,46,12,2,4641.32700
AllFleetRetreatPanorama,1461,2.79910,1.89180,2.77640,1.20730,,13879.00000,447085820.00000,1,0,0,0,0,0,0,12,46,12,2,4641.32700
AllFleetRetreatPanorama,1462,2.31400,1.93120,2.32900,0.63590,,13879.00000,447167740.00000,1,0,0,0,0,0,0,12,46,12,2,4641.32700
AllFleetRetreatPanorama,1463,1.92720,2.17210,1.93560,0.86528,,13879.00000,447167740.00000,1,0,0,0,0,0,0,12,46,12,2,4641.32700
AllFleetRetreatPanorama,1464,1.97370,2.78100,1.92150,1.29946,,13879.00000,447085820.00000,1,0,0,0,0,0,0,12,46,12,2,4669.26800
AllFleetRetreatPanorama,1465,2.18690,2.33260,2.22460,0.65229,,16575.00000,447170120.00000,1,0,0,0,0,0,0,12,46,12,2,4669.26800
AllFleetRetreatPanorama,1466,1.96970,1.93840,1.97170,0.63898,,13879.00000,447170120.00000,1,0,0,0,0,0,0,12,46,12,2,4669.26800
AllFleetRetreatPanorama,1467,2.23860,1.92600,2.18010,0.65229,,13879.00000,447088200.00000,1,0,0,0,0,0,0,12,46,12,2,4669.26800
AllFleetRetreatPanorama,1468,2.21900,2.22760,2.24150,0.63078,,13879.00000,447088200.00000,1,0,0,0,0,0,0,12,46,12,2,4669.26800
AllFleetRetreatPanorama,1469,2.12000,1.97470,2.06850,0.64922,,13879.00000,447088200.00000,1,0,0,0,0,0,0,12,46,12,2,4669.26800
AllFleetRetreatPanorama,1470,2.13410,2.18520,2.19110,0.63898,,13879.00000,447088200.00000,1,0,0,0,0,0,0,12,46,12,2,4669.26800
AllFleetRetreatPanorama,1471,2.11870,2.24640,2.08520,0.64307,,13879.00000,447088200.00000,1,0,0,0,0,0,0,12,46,12,2,4669.26800
AllFleetRetreatPanorama,1472,1.95960,2.07200,1.99950,0.64922,,13879.00000,447088200.00000,1,0,0,0,0,0,0,12,46,12,2,4669.26800
AllFleetRetreatPanorama,1473,1.84060,2.19530,1.84050,0.64307,,13879.00000,447104584.00000,1,0,0,0,0,0,0,12,46,12,2,4669.26800
AllFleetRetreatPanorama,1474,2.00140,2.08900,1.95830,0.63898,,13879.00000,447104584.00000,1,0,0,0,0,0,0,12,46,12,2,4697.21100
AllFleetRetreatPanorama,1475,2.38360,2.00220,2.34620,0.64000,,13931.00000,447088200.00000,1,0,0,0,0,0,0,12,46,12,2,4697.21100
AllFleetRetreatPanorama,1476,3.26300,1.84410,3.32020,0.65024,,13879.00000,447088200.00000,1,0,0,0,0,0,0,12,46,12,2,4697.21100
AllFleetRetreatPanorama,1477,2.41410,1.96110,2.42000,0.64205,,13879.00000,447088200.00000,1,0,0,0,0,0,0,12,46,12,2,4697.21100
AllFleetRetreatPanorama,1478,2.52479,2.34930,2.46840,0.83968,,13879.00000,447088200.00000,1,0,0,0,0,0,0,12,46,12,2,4697.21100
AllFleetRetreatPanorama,1479,2.01960,3.32380,2.07060,0.64922,,13879.00000,447088200.00000,1,0,0,0,0,0,0,12,46,12,2,4697.21100
AllFleetRetreatPanorama,1480,2.91840,2.42320,2.89650,0.64512,,13879.00000,447088200.00000,1,0,0,0,0,0,0,12,46,12,2,4697.21100
AllFleetRetreatPanorama,1481,2.58220,2.47150,2.56800,0.65331,,13879.00000,447170120.00000,1,0,0,0,0,0,0,12,46,12,2,4697.21100
AllFleetRetreatPanorama,1482,2.51110,2.07340,2.49170,0.64819,,13879.00000,447170120.00000,1,0,0,0,0,0,0,12,46,12,2,4725.15300
AllFleetRetreatPanorama,1483,2.53600,2.90050,2.52430,1.24621,,16575.00000,447172500.00000,1,0,0,0,0,0,0,12,46,12,2,4725.15300
AllFleetRetreatPanorama,1484,2.02410,2.57260,2.06910,0.63386,,13879.00000,447172500.00000,1,0,0,0,0,0,0,12,46,12,2,4725.15300
AllFleetRetreatPanorama,1485,1.96310,2.49560,1.96650,0.99738,,13879.00000,447090580.00000,1,0,0,0,0,0,0,12,46,12,2,4725.15300
AllFleetRetreatPanorama,1486,2.32650,2.52870,2.32420,0.64307,,13879.00000,447172500.00000,1,0,0,0,0,0,0,12,46,12,2,4725.15300
AllFleetRetreatPanorama,1487,2.31260,2.07240,1.96540,0.63590,,13879.00000,447172500.00000,1,0,0,0,0,0,0,12,46,12,2,4725.15300
AllFleetRetreatPanorama,1488,2.83140,1.96910,3.12160,1.21754,,13879.00000,447090580.00000,1,0,0,0,0,0,0,12,46,12,2,4725.15300
AllFleetRetreatPanorama,1489,2.08390,2.32720,2.11210,0.63078,,13879.00000,447172500.00000,1,0,0,0,0,0,0,12,46,12,2,4725.15300
AllFleetRetreatPanorama,1490,1.96050,1.96870,1.93910,0.65024,,13879.00000,447172500.00000,1,0,0,0,0,0,0,12,46,12,2,4753.09700
AllFleetRetreatPanorama,1491,2.24050,3.12910,2.25810,0.64717,,16575.00000,447092756.00000,1,0,0,0,0,0,0,12,46,12,2,4753.09700
AllFleetRetreatPanorama,1492,2.20530,2.11660,2.16800,0.64717,,13879.00000,447092960.00000,1,0,0,0,0,0,0,12,46,12,2,4753.09700
AllFleetRetreatPanorama,1493,1.92490,1.94270,1.96470,0.64717,,13879.00000,447092960.00000,1,0,0,0,0,0,0,12,46,12,2,4753.09700
AllFleetRetreatPanorama,1494,1.95930,2.26110,1.95810,0.65434,,13879.00000,447174880.00000,1,0,0,0,0,0,0,12,46,12,2,4753.09700
AllFleetRetreatPanorama,1495,3.40880,2.17110,3.22240,0.63181,,13879.00000,447174880.00000,1,0,0,0,0,0,0,12,46,12,2,4753.09700
AllFleetRetreatPanorama,1496,2.42219,1.96720,2.44340,1.09158,,13879.00000,447092960.00000,1,0,0,0,0,0,0,12,46,12,2,4753.09700
AllFleetRetreatPanorama,1497,2.41240,1.96190,2.49220,0.64614,,13967.00000,447092960.00000,1,0,0,0,0,0,0,12,46,12,2,4753.09700
AllFleetRetreatPanorama,1498,2.10720,3.23490,2.14340,0.63898,,13879.00000,447092960.00000,1,0,0,0,0,0,0,12,46,12,2,4753.09700
AllFleetRetreatPanorama,1499,2.36600,2.44910,2.37180,0.64512,,13879.00000,447174880.00000,1,0,0,0,0,0,0,12,46,12,2,4781.04200
AllFleetRetreatPanorama,1500,2.22740,2.49650,2.09270,0.63898,,13879.00000,447174880.00000,1,0,0,0,0,0,0,12,46,12,2,4781.04200
AllFleetRetreatPanorama,1501,2.98280,2.14710,3.07240,0.63898,,13879.00000,447092960.00000,1,0,0,0,0,0,0,12,46,12,2,4781.04200
AllFleetRetreatPanorama,1502,2.35810,2.37530,2.31800,0.65434,,13879.00000,447092960.00000,1,0,0,0,0,0,0,12,46,12,2,4781.04200
AllFleetRetreatPanorama,1503,2.62080,2.09560,2.67430,0.64819,,13879.00000,447092960.00000,1,0,0,0,0,0,0,12,46,12,2,4781.04200
AllFleetRetreatPanorama,1504,2.23530,3.07770,2.24790,0.64819,,13879.00000,447109344.00000,1,0,0,0,0,0,0,12,46,12,2,4781.04200
AllFleetRetreatPanorama,1505,2.35290,2.32400,2.28260,0.86016,,13879.00000,447109344.00000,1,0,0,0,0,0,0,12,46,12,2,4781.04200
AllFleetRetreatPanorama,1506,2.21480,2.67870,2.25750,1.20832,,13879.00000,447092960.00000,1,0,0,0,0,0,0,12,46,12,2,4781.04200
AllFleetRetreatPanorama,1507,2.44311,2.25260,2.39910,0.64819,,13879.00000,447092960.00000,1,0,0,0,0,0,0,12,46,12,2,4808.98600
AllFleetRetreatPanorama,1508,3.44850,2.28780,3.45280,0.65024,,16575.00000,447095340.00000,1,0,0,0,0,0,0,12,46,12,2,4808.98600
AllFleetRetreatPanorama,1509,2.40790,2.26230,2.43620,0.65434,,13879.00000,447177260.00000,1,0,0,0,0,0,0,12,46,12,2,4808.98600
AllFleetRetreatPanorama,1510,2.44300,2.40340,2.44270,0.65638,,13879.00000,447177260.00000,1,0,0,0,0,0,0,12,46,12,2,4808.98600
AllFleetRetreatPanorama,1511,2.43080,3.45920,2.35670,0.66765,,13879.00000,447095340.00000,1,0,0,0,0,0,0,12,46,12,2,4808.98600
AllFleetRetreatPanorama,1512,2.30000,2.44200,2.23160,0.65536,,13879.00000,447095340.00000,1,0,0,0,0,0,0,12,46,12,2,4808.98600
AllFleetRetreatPanorama,1513,2.00430,2.44700,2.13890,0.64000,,13879.00000,447095340.00000,1,0,0,0,0,0,0,12,46,12,2,4808.98600
AllFleetRetreatPanorama,1514,2.48830,2.36200,2.47890,0.65638,,13879.00000,447095340.00000,1,0,0,0,0,0,0,12,46,12,2,4808.98600
AllFleetRetreatPanorama,1515,2.45831,2.23570,2.25210,0.64819,,13879.00000,447095340.00000,1,0,0,0,0,0,0,12,46,12,2,4836.93200
AllFleetRetreatPanorama,1516,2.71910,2.14300,2.85520,0.64410,,16575.00000,447095340.00000,1,0,0,0,0,0,0,12,46,12,2,4836.93200
AllFleetRetreatPanorama,1517,2.21020,2.48380,2.25720,0.62669,,13879.00000,447097720.00000,1,0,0,0,0,0,0,12,46,12,2,4836.93200
AllFleetRetreatPanorama,1518,2.08660,2.26420,2.07250,1.01888,,13879.00000,447097720.00000,1,0,0,0,0,0,0,12,46,12,2,4836.93200
AllFleetRetreatPanorama,1519,2.06370,2.85970,2.07350,0.65229,,13879.00000,447179640.00000,1,0,0,0,0,0,0,12,46,12,2,4836.93200
AllFleetRetreatPanorama,1520,1.97560,2.26160,1.97930,0.64819,,13879.00000,447179640.00000,1,0,0,0,0,0,0,12,46,12,2,4836.93200
AllFleetRetreatPanorama,1521,3.19770,2.07650,3.10500,0.65638,,13879.00000,447097720.00000,1,0,0,0,0,0,0,12,46,12,2,4836.93200
AllFleetRetreatPanorama,1522,2.35779,2.07720,2.41940,0.63283,,13879.00000,447097720.00000,1,0,0,0,0,0,0,12,46,12,2,4836.93200
AllFleetRetreatPanorama,1523,2.48530,1.98270,2.45910,0.65024,,13879.00000,447179640.00000,1,0,0,0,0,0,0,12,46,12,2,4836.93200
AllFleetRetreatPanorama,1524,2.59710,3.11410,2.62700,0.64614,,13879.00000,447179640.00000,1,0,0,0,0,0,0,12,46,12,2,4864.87800
AllFleetRetreatPanorama,1525,2.65170,2.42400,2.49690,0.91136,,16575.00000,447100100.00000,1,0,0,0,0,0,0,12,46,12,2,4864.87800
AllFleetRetreatPanorama,1526,2.57479,2.46610,2.65150,0.68198,,13879.00000,447100100.00000,1,0,0,0,0,0,0,12,46,12,2,4864.87800
AllFleetRetreatPanorama,1527,2.56981,2.63040,2.49340,0.63795,,13879.00000,447100100.00000,1,0,0,0,0,0,0,12,46,12,2,4864.87800
AllFleetRetreatPanorama,1528,2.20800,2.50130,2.34640,0.64922,,13879.00000,447100100.00000,1,0,0,0,0,0,0,12,46,12,2,4864.87800
AllFleetRetreatPanorama,1529,2.70980,2.65590,2.66750,0.65843,,13879.00000,447100100.00000,1,0,0,0,0,0,0,12,46,12,2,4864.87800
AllFleetRetreatPanorama,1530,2.16900,2.49740,2.20920,0.64102,,13879.00000,447100100.00000,1,0,0,0,0,0,0,12,46,12,2,4864.87800
AllFleetRetreatPanorama,1531,2.03460,2.34990,2.02920,0.64000,,13879.00000,447182020.00000,1,0,0,0,0,0,0,12,46,12,2,4864.87800
AllFleetRetreatPanorama,1532,2.06849,2.67040,2.06680,0.64410,,13879.00000,447182020.00000,1,0,0,0,0,0,0,12,46,12,2,4892.82400
AllFleetRetreatPanorama,1533,2.49020,2.21220,2.38670,0.63898,,13879.00000,447100100.00000,1,0,0,0,0,0,0,12,46,12,2,4892.82400
AllFleetRetreatPanorama,1534,2.67900,2.03320,2.71870,0.64614,,13879.00000,447100100.00000,1,0,0,0,0,0,0,12,46,12,2,4892.82400
AllFleetRetreatPanorama,1535,2.09280,2.06960,2.14090,0.64819,,13879.00000,447100100.00000,1,0,0,0,0,0,0,12,46,12,2,4892.82400
AllFleetRetreatPanorama,1536,2.11200,2.39040,2.07760,0.64922,,13879.00000,447100100.00000,1,0,0,0,0,0,0,12,46,12,2,4892.82400
AllFleetRetreatPanorama,1537,2.40710,2.72240,2.43240,0.64307,,13879.00000,447100100.00000,1,0,0,0,0,0,0,12,46,12,2,4892.82400
AllFleetRetreatPanorama,1538,2.03330,2.14470,2.03560,0.64819,,13879.00000,447100100.00000,1,0,0,0,0,0,0,12,46,12,2,4892.82400
AllFleetRetreatPanorama,1539,1.99000,2.08100,1.95530,0.66560,,13879.00000,447100100.00000,1,0,0,0,0,0,0,12,46,12,2,4892.82400
AllFleetRetreatPanorama,1540,2.58440,2.43560,2.25250,0.63898,,13879.00000,447100100.00000,1,0,0,0,0,0,0,12,46,12,2,4892.82400
AllFleetRetreatPanorama,1541,2.76630,2.03850,3.06850,0.64819,,13879.00000,447100100.00000,1,0,0,0,0,0,0,12,46,12,2,4920.77200
AllFleetRetreatPanorama,1542,2.95250,1.95810,2.92770,0.65434,,16575.00000,447118864.00000,1,0,0,0,0,0,0,12,46,12,2,4920.77200
AllFleetRetreatPanorama,1543,2.14120,2.26680,2.14550,0.65536,,13879.00000,447118864.00000,1,0,0,0,0,0,0,12,46,12,2,4920.77200
AllFleetRetreatPanorama,1544,1.93900,3.07500,1.99010,1.50426,,13879.00000,447184400.00000,1,0,0,0,0,0,0,12,46,12,2,4920.77200
AllFleetRetreatPanorama,1545,2.01319,2.93260,2.01640,0.63283,,13879.00000,447184400.00000,1,0,0,0,0,0,0,12,46,12,2,4920.77200
AllFleetRetreatPanorama,1546,2.12781,2.14910,2.08220,0.62771,,13879.00000,447102480.00000,1,0,0,0,0,0,0,12,46,12,2,4920.77200
AllFleetRetreatPanorama,1547,3.12990,1.99300,3.15460,0.63078,,13879.00000,447102480.00000,1,0,0,0,0,0,0,12,46,12,2,4920.77200
AllFleetRetreatPanorama,1548,2.47370,2.01930,2.43820,0.63488,,13879.00000,447102480.00000,1,0,0,0,0,0,0,12,46,12,2,4920.77200
AllFleetRetreatPanorama,1549,2.31910,2.08550,2.34370,0.65741,,13879.00000,447102480.00000,1,0,0,0,0,0,0,12,46,12,2,4948.72000
AllFleetRetreatPanorama,1550,2.25490,3.16000,2.26190,0.64819,,16575.00000,447102480.00000,1,0,0,0,0,0,0,12,46,12,2,4948.72000
AllFleetRetreatPanorama,1551,2.22781,2.44210,2.22440,0.65229,,13879.00000,447104860.00000,1,0,0,0,0,0,0,12,46,12,2,4948.72000
AllFleetRetreatPanorama,1552,2.32880,2.34820,2.32550,0.64614,,13879.00000,447186780.00000,1,0,0,0,0,0,0,12,46,12,2,4948.72000
AllFleetRetreatPanorama,1553,2.31590,2.26690,2.02920,0.64000,,13879.00000,447186780.00000,1,0,0,0,0,0,0,12,46,12,2,4948.72000
AllFleetRetreatPanorama,1554,2.42209,2.22830,2.68140,1.22675,,13879.00000,447104860.00000,1,0,0,0,0,0,0,12,46,12,2,4948.72000
AllFleetRetreatPanorama,1555,2.56510,2.32890,2.54880,0.64307,,13879.00000,447104860.00000,1,0,0,0,0,0,0,12,46,12,2,4948.72000
AllFleetRetreatPanorama,1556,2.08560,2.03920,2.07850,0.63078,,13879.00000,447104860.00000,1,0,0,0,0,0,0,12,46,12,2,4948.72000
AllFleetRetreatPanorama,1557,2.31690,2.68550,2.30840,0.64512,,13879.00000,447104860.00000,1,0,0,0,0,0,0,12,46,12,2,4948.72000
AllFleetRetreatPanorama,1558,2.06940,2.55200,2.05410,0.64614,,13879.00000,447104860.00000,1,0,0,0,0,0,0,12,46,12,2,4976.66800
AllFleetRetreatPanorama,1559,2.17430,2.08140,2.16400,0.63590,,13931.00000,447104860.00000,1,0,0,0,0,0,0,12,46,12,2,4976.66800
AllFleetRetreatPanorama,1560,2.26400,2.31190,2.19700,0.64102,,13967.00000,447186780.00000,1,0,0,0,0,0,0,12,46,12,2,4976.66800
AllFleetRetreatPanorama,1561,2.44740,2.05670,2.51750,0.63795,,13879.00000,447186780.00000,1,0,0,0,0,0,0,12,46,12,2,4976.66800
AllFleetRetreatPanorama,1562,2.23430,2.16670,2.23980,1.24723,,13879.00000,447104860.00000,1,0,0,0,0,0,0,12,46,12,2,4976.66800
AllFleetRetreatPanorama,1563,2.29620,2.21050,2.27260,0.84787,,13879.00000,447186780.00000,1,0,0,0,0,0,0,12,46,12,2,4976.66800
AllFleetRetreatPanorama,1564,2.13510,2.52310,2.16730,0.64000,,13879.00000,447186780.00000,1,0,0,0,0,0,0,12,46,12,2,4976.66800
AllFleetRetreatPanorama,1565,2.19670,2.24420,2.19500,0.65126,,13879.00000,447104860.00000,1,0,0,0,0,0,0,12,46,12,2,4976.66800
AllFleetRetreatPanorama,1566,2.18700,2.27730,2.17140,0.63488,,13879.00000,447104860.00000,1,0,0,0,0,0,0,12,46,12,2,4976.66800
AllFleetRetreatPanorama,1567,2.67460,2.17240,2.64530,0.63898,,13879.00000,447104860.00000,1,0,0,0,0,0,0,12,46,12,2,5004.61700
AllFleetRetreatPanorama,1568,2.98520,2.19910,2.90200,0.65434,,16575.00000,447107240.00000,1,0,0,0,0,0,0,12,46,12,2,5004.61700
AllFleetRetreatPanorama,1569,2.47150,2.17680,2.57140,0.64717,,13879.00000,447107240.00000,1,0,0,0,0,0,0,12,46,12,2,5004.61700
AllFleetRetreatPanorama,1570,2.34540,2.65020,2.35530,0.65024,,13879.00000,447107240.00000,1,0,0,0,0,0,0,12,46,12,2,5004.61700
AllFleetRetreatPanorama,1571,2.01730,2.90650,2.01600,0.64717,,13879.00000,447107240.00000,1,0,0,0,0,0,0,12,46,12,2,5004.61700
AllFleetRetreatPanorama,1572,2.06320,2.57480,2.06090,0.63795,,13879.00000,447107240.00000,1,0,0,0,0,0,0,12,46,12,2,5004.61700
AllFleetRetreatPanorama,1573,2.35930,2.35830,2.31580,0.64512,,13879.00000,447189160.00000,1,0,0,0,0,0,0,12,46,12,2,5004.61700
AllFleetRetreatPanorama,1574,2.22780,2.01840,2.20880,0.64614,,13879.00000,447189160.00000,1,0,0,0,0,0,0,12,46,12,2,5004.61700
AllFleetRetreatPanorama,1575,2.31610,2.06380,2.34900,1.24416,,13879.00000,447107240.00000,1,0,0,0,0,0,0,12,46,12,2,5032.56700
AllFleetRetreatPanorama,1576,2.33920,2.31890,2.34100,0.64102,,16575.00000,447126004.00000,1,0,0,0,0,0,0,12,46,12,2,5032.56700
AllFleetRetreatPanorama,1577,2.00060,2.21460,1.97290,0.63181,,13879.00000,447207924.00000,1,0,0,0,0,0,0,12,46,12,2,5032.56700
AllFleetRetreatPanorama,1578,2.00170,2.35460,1.98530,0.64819,,13879.00000,447191540.00000,1,0,0,0,0,0,0,12,46,12,2,5032.56700
AllFleetRetreatPanorama,1579,2.22120,2.34640,2.23810,0.64000,,13879.00000,447191540.00000,1,0,0,0,0,0,0,12,46,12,2,5032.56700
AllFleetRetreatPanorama,1580,2.18170,1.97790,2.19180,0.66150,,13879.00000,447191540.00000,1,0,0,0,0,0,0,12,46,12,2,5032.56700
AllFleetRetreatPanorama,1581,1.95400,1.98990,1.95480,0.68096,,13879.00000,447109620.00000,1,0,0,0,0,0,0,12,46,12,2,5032.56700
AllFleetRetreatPanorama,1582,2.10510,2.24430,2.07410,0.65229,,13879.00000,447109620.00000,1,0,0,0,0,0,0,12,46,12,2,5032.56700
AllFleetRetreatPanorama,1583,2.11630,2.19520,2.07700,0.68096,,13879.00000,447109620.00000,1,0,0,0,0,0,0,12,46,12,2,5032.56700
AllFleetRetreatPanorama,1584,2.19800,1.95840,2.11610,0.64307,,13879.00000,447191540.00000,1,0,0,0,0,0,0,12,46,12,2,5060.51700
AllFleetRetreatPanorama,1585,1.96730,2.07780,2.10340,0.68198,,13879.00000,447191540.00000,1,0,0,0,0,0,0,12,46,12,2,5060.51700
AllFleetRetreatPanorama,1586,4.86190,2.08140,1.96310,0.68198,,13879.00000,447191540.00000,1,0,0,0,0,0,0,12,46,12,2,5060.51700
AllFleetRetreatPanorama,1587,2.32690,2.12060,5.14800,0.66048,,13879.00000,447191540.00000,1,0,0,0,0,0,0,12,46,12,2,5060.51700
AllFleetRetreatPanorama,1588,2.23450,2.10710,2.27990,0.64819,,13879.00000,447109620.00000,1,0,0,0,0,0,0,12,46,12,2,5060.51700
AllFleetRetreatPanorama,1589,2.78310,1.96690,2.77950,0.65229,,13879.00000,447109620.00000,1,0,0,0,0,0,0,12,46,12,2,5060.51700
AllFleetRetreatPanorama,1590,2.05990,5.15270,2.06160,0.68096,,13879.00000,447109620.00000,1,0,0,0,0,0,0,12,46,12,2,5060.51700
AllFleetRetreatPanorama,1591,1.92400,2.28460,1.93350,0.68301,,13879.00000,447109620.00000,1,0,0,0,0,0,0,12,46,12,2,5060.51700
AllFleetRetreatPanorama,1592,2.12880,2.78330,2.08680,0.68198,,13879.00000,447109620.00000,1,0,0,0,0,0,0,12,46,12,2,5088.46800
AllFleetRetreatPanorama,1593,2.08390,2.06460,2.09740,0.68096,,16575.00000,447109620.00000,1,0,0,0,0,0,0,12,46,12,2,5088.46800
AllFleetRetreatPanorama,1594,1.82691,1.93670,1.85460,0.68096,,13879.00000,447193920.00000,1,0,0,0,0,0,0,12,46,12,2,5088.46800
AllFleetRetreatPanorama,1595,2.22240,2.08970,2.20440,0.68096,,13879.00000,447193920.00000,1,0,0,0,0,0,0,12,46,12,2,5088.46800
AllFleetRetreatPanorama,1596,2.18790,2.09980,2.14400,0.67994,,13879.00000,447112000.00000,1,0,0,0,0,0,0,12,46,12,2,5088.46800
AllFleetRetreatPanorama,1597,2.09370,1.85690,2.10260,0.65331,,13879.00000,447193920.00000,1,0,0,0,0,0,0,12,46,12,2,5088.46800
AllFleetRetreatPanorama,1598,2.03940,2.20800,2.07300,0.67994,,13879.00000,447193920.00000,1,0,0,0,0,0,0,12,46,12,2,5088.46800
AllFleetRetreatPanorama,1599,2.14330,2.14670,2.14200,0.67891,,13879.00000,447112000.00000,1,0,0,0,0,0,0,12,46,12,2,5088.46800
AllFleetRetreatPanorama,1600,2.29230,2.10590,2.26590,0.66560,,13879.00000,447193920.00000,1,0,0,0,0,0,0,12,46,12,2,5088.46800
AllFleetRetreatPanorama,1601,2.13420,2.07560,2.15260,0.68403,,13879.00000,447193920.00000,1,0,0,0,0,0,0,12,46,12,2,5088.46800
AllFleetRetreatPanorama,1602,2.49670,2.14450,2.19000,1.29434,,13879.00000,447112000.00000,1,0,0,0,0,0,0,12,46,12,2,5116.41900
AllFleetRetreatPanorama,1603,2.73950,2.26870,3.02590,0.66355,,16575.00000,447112000.00000,1,0,0,0,0,0,0,12,46,12,2,5116.41900
AllFleetRetreatPanorama,1604,2.67770,2.15700,2.67880,0.68506,,13879.00000,447114380.00000,1,0,0,0,0,0,0,12,46,12,2,5116.41900
AllFleetRetreatPanorama,1605,2.03810,2.19380,2.03750,0.65229,,13879.00000,447196300.00000,1,0,0,0,0,0,0,12,46,12,2,5116.41900
AllFleetRetreatPanorama,1606,1.84570,3.03050,1.85300,0.90419,,13879.00000,447196300.00000,1,0,0,0,0,0,0,12,46,12,2,5116.41900
AllFleetRetreatPanorama,1607,2.04460,2.68300,1.99160,0.67174,,13879.00000,447114380.00000,1,0,0,0,0,0,0,12,46,12,2,5116.41900
AllFleetRetreatPanorama,1608,2.66300,2.04160,2.68950,0.65843,,13879.00000,447196300.00000,1,0,0,0,0,0,0,12,46,12,2,5116.41900
AllFleetRetreatPanorama,1609,2.34280,1.85650,2.34780,0.64512,,13879.00000,447196300.00000,1,0,0,0,0,0,0,12,46,12,2,5116.41900
AllFleetRetreatPanorama,1610,2.19930,1.99430,2.19510,1.25440,,13879.00000,447114380.00000,1,0,0,0,0,0,0,12,46,12,2,5144.37100
AllFleetRetreatPanorama,1611,2.35101,2.69340,2.34390,0.64922,,13879.00000,447114380.00000,1,0,0,0,0,0,0,12,46,12,2,5144.37100
AllFleetRetreatPanorama,1612,1.91430,2.35190,1.88020,0.66867,,13879.00000,447114380.00000,1,0,0,0,0,0,0,12,46,12,2,5144.37100
AllFleetRetreatPanorama,1613,1.92770,2.19900,1.96630,0.70758,,13879.00000,447196300.00000,1,0,0,0,0,0,0,12,46,12,2,5144.37100
AllFleetRetreatPanorama,1614,1.84790,2.34780,1.84840,0.68301,,13879.00000,447212684.00000,1,0,0,0,0,0,0,12,46,12,2,5144.37100
AllFleetRetreatPanorama,1615,1.93230,1.88350,1.92650,0.69325,,13879.00000,447147148.00000,1,0,0,0,0,0,0,12,46,12,2,5144.37100
AllFleetRetreatPanorama,1616,4.97910,1.96920,1.91190,0.69325,,13879.00000,447130764.00000,1,0,0,0,0,0,0,12,46,12,2,5144.37100
AllFleetRetreatPanorama,1617,2.99200,1.85100,5.98210,0.69939,,13879.00000,447196300.00000,1,0,0,0,0,0,0,12,46,12,2,5144.37100
AllFleetRetreatPanorama,1618,2.16840,1.92950,2.15640,0.69325,,13879.00000,447196300.00000,1,0,0,0,0,0,0,12,46,12,2,5172.32400
AllFleetRetreatPanorama,1619,2.40390,1.91490,2.46570,0.71066,,16575.00000,447116556.00000,1,0,0,0,0,0,0,12,46,12,2,5172.32400
AllFleetRetreatPanorama,1620,2.20110,5.98680,2.19850,0.67994,,13879.00000,447198680.00000,1,0,0,0,0,0,0,12,46,12,2,5172.32400
AllFleetRetreatPanorama,1621,2.06380,2.15960,2.04610,0.67891,,13879.00000,447198680.00000,1,0,0,0,0,0,0,12,46,12,2,5172.32400
AllFleetRetreatPanorama,1622,2.79290,2.46920,2.71530,1.28205,,13879.00000,447116760.00000,1,0,0,0,0,0,0,12,46,12,2,5172.32400
AllFleetRetreatPanorama,1623,2.48230,2.20180,2.56840,0.67584,,13879.00000,447116760.00000,1,0,0,0,0,0,0,12,46,12,2,5172.32400
AllFleetRetreatPanorama,1624,2.32830,2.04850,2.27130,0.62669,,13879.00000,447116760.00000,1,0,0,0,0,0,0,12,46,12,2,5172.32400
AllFleetRetreatPanorama,1625,2.32119,2.72140,2.37070,1.40493,,13967.00000,447198680.00000,1,0,0,0,0,0,0,12,46,12,2,5172.32400
AllFleetRetreatPanorama,1626,1.91730,2.57240,1.92740,0.65331,,13879.00000,447198680.00000,1,0,0,0,0,0,0,12,46,12,2,5172.32400
AllFleetRetreatPanorama,1627,2.07020,2.27480,2.02900,0.67277,,13879.00000,447116760.00000,1,0,0,0,0,0,0,12,46,12,2,5200.29900
AllFleetRetreatPanorama,1628,2.56100,2.37370,2.53380,0.64000,,16575.00000,447119140.00000,1,0,0,0,0,0,0,12,46,12,2,5200.29900
AllFleetRetreatPanorama,1629,2.80490,1.93010,2.85200,0.63795,,13879.00000,447119140.00000,1,0,0,0,0,0,0,12,46,12,2,5200.29900
AllFleetRetreatPanorama,1630,2.22840,2.03120,2.21740,0.63898,,13879.00000,447119140.00000,1,0,0,0,0,0,0,12,46,12,2,5200.29900
AllFleetRetreatPanorama,1631,2.06240,2.53840,2.06990,0.66150,,13879.00000,447119140.00000,1,0,0,0,0,0,0,12,46,12,2,5200.29900
AllFleetRetreatPanorama,1632,1.99250,2.85580,1.94400,0.64410,,13879.00000,447119140.00000,1,0,0,0,0,0,0,12,46,12,2,5200.29900
AllFleetRetreatPanorama,1633,1.93560,2.22110,1.97280,0.65843,,13879.00000,447119140.00000,1,0,0,0,0,0,0,12,46,12,2,5200.29900
AllFleetRetreatPanorama,1634,1.88810,2.07320,1.89410,0.63898,,13879.00000,447119140.00000,1,0,0,0,0,0,0,12,46,12,2,5200.29900
AllFleetRetreatPanorama,1635,2.12740,1.94830,2.08670,0.66458,,13879.00000,447119140.00000,1,0,0,0,0,0,0,12,46,12,2,5200.29900
AllFleetRetreatPanorama,1636,2.06939,1.97640,2.09680,0.65331,,13879.00000,447119140.00000,1,0,0,0,0,0,0,12,46,12,2,5228.27400
AllFleetRetreatPanorama,1637,2.16361,1.89710,2.12430,0.64717,,16575.00000,447121520.00000,1,0,0,0,0,0,0,12,46,12,2,5228.27400
AllFleetRetreatPanorama,1638,1.96040,2.09010,1.99940,0.64717,,13879.00000,447121520.00000,1,0,0,0,0,0,0,12,46,12,2,5228.27400
AllFleetRetreatPanorama,1639,1.95420,2.10070,1.95060,0.66253,,13879.00000,447121520.00000,1,0,0,0,0,0,0,12,46,12,2,5228.27400
AllFleetRetreatPanorama,1640,1.83810,2.12760,1.83450,0.65946,,13879.00000,447121520.00000,1,0,0,0,0,0,0,12,46,12,2,5228.27400
AllFleetRetreatPanorama,1641,1.91990,2.00220,1.91130,0.65024,,13879.00000,447121520.00000,1,0,0,0,0,0,0,12,46,12,2,5228.27400
AllFleetRetreatPanorama,1642,2.58940,1.95330,2.53050,0.64717,,13879.00000,447121520.00000,1,0,0,0,0,0,0,12,46,12,2,5228.27400
AllFleetRetreatPanorama,1643,1.92220,1.83730,1.98310,0.64717,,13879.00000,447121520.00000,1,0,0,0,0,0,0,12,46,12,2,5228.27400
AllFleetRetreatPanorama,1644,2.52400,1.91540,2.49850,0.64410,,13879.00000,447121520.00000,1,0,0,0,0,0,0,12,46,12,2,5228.27400
AllFleetRetreatPanorama,1645,2.13510,2.53370,2.09520,0.64512,,13879.00000,447121520.00000,1,0,0,0,0,0,0,12,46,12,2,5256.25000
AllFleetRetreatPanorama,1646,3.26280,1.98640,3.27580,0.64307,,13879.00000,447121520.00000,1,0,0,0,0,0,0,12,46,12,2,5256.25000
AllFleetRetreatPanorama,1647,2.29510,2.50250,2.28170,0.65331,,13931.00000,447121520.00000,1,0,0,0,0,0,0,12,46,12,2,5256.25000
AllFleetRetreatPanorama,1648,2.12030,2.09910,2.16220,0.65741,,13879.00000,447121520.00000,1,0,0,0,0,0,0,12,46,12,2,5256.25000
AllFleetRetreatPanorama,1649,2.24130,3.27940,2.23240,0.64819,,13879.00000,447121520.00000,1,0,0,0,0,0,0,12,46,12,2,5256.25000
AllFleetRetreatPanorama,1650,1.93890,2.28590,1.94330,0.64819,,13879.00000,447203440.00000,1,0,0,0,0,0,0,12,46,12,2,5256.25000
AllFleetRetreatPanorama,1651,1.84539,2.16530,1.84410,0.64410,,13879.00000,447203440.00000,1,0,0,0,0,0,0,12,46,12,2,5256.25000
AllFleetRetreatPanorama,1652,1.93900,2.23590,1.88780,0.64614,,13879.00000,447121520.00000,1,0,0,0,0,0,0,12,46,12,2,5256.25000
AllFleetRetreatPanorama,1653,2.48120,1.94630,2.46900,0.64717,,13879.00000,447121520.00000,1,0,0,0,0,0,0,12,46,12,2,5256.25000
AllFleetRetreatPanorama,1654,2.17300,1.84650,2.20400,0.64717,,13879.00000,447121520.00000,1,0,0,0,0,0,0,12,46,12,2,5284.22700
AllFleetRetreatPanorama,1655,2.39070,1.89060,2.34730,0.62259,,16575.00000,447123900.00000,1,0,0,0,0,0,0,12,46,12,2,5284.22700
AllFleetRetreatPanorama,1656,2.14580,2.47640,2.19600,0.64717,,13879.00000,447205820.00000,1,0,0,0,0,0,0,12,46,12,2,5284.22700
AllFleetRetreatPanorama,1657,1.95360,2.20780,1.89580,0.64512,,13879.00000,447205820.00000,1,0,0,0,0,0,0,12,46,12,2,5284.22700
AllFleetRetreatPanorama,1658,2.21720,2.35020,2.21740,1.24109,,13879.00000,447123900.00000,1,0,0,0,0,0,0,12,46,12,2,5284.22700
AllFleetRetreatPanorama,1659,2.02570,2.19870,2.07220,0.63898,,13879.00000,447123900.00000,1,0,0,0,0,0,0,12,46,12,2,5284.22700
AllFleetRetreatPanorama,1660,2.00360,1.89820,1.98080,0.64614,,13879.00000,447123900.00000,1,0,0,0,0,0,0,12,46,12,2,5284.22700
AllFleetRetreatPanorama,1661,2.53950,2.22250,2.55420,0.65024,,13879.00000,447123900.00000,1,0,0,0,0,0,0,12,46,12,2,5284.22700
AllFleetRetreatPanorama,1662,2.01480,2.07580,1.98100,0.64102,,13879.00000,447123900.00000,1,0,0,0,0,0,0,12,46,12,2,5284.22700
AllFleetRetreatPanorama,1663,2.10730,1.98370,2.12410,0.63590,,13879.00000,447123900.00000,1,0,0,0,0,0,0,12,46,12,2,5284.22700
AllFleetRetreatPanorama,1664,2.26730,2.55750,2.27720,0.64307,,13879.00000,447123900.00000,1,0,0,0,0,0,0,12,46,12,2,5312.20300
AllFleetRetreatPanorama,1665,2.44230,1.98380,2.42160,0.63386,,16575.00000,447126280.00000,1,0,0,0,0,0,0,12,46,12,2,5312.20300
AllFleetRetreatPanorama,1666,2.52219,2.12680,2.53100,0.64410,,13879.00000,447126280.00000,1,0,0,0,0,0,0,12,46,12,2,5312.20300
AllFleetRetreatPanorama,1667,2.55350,2.28100,2.49560,0.64307,,13879.00000,447126280.00000,1,0,0,0,0,0,0,12,46,12,2,5312.20300
AllFleetRetreatPanorama,1668,2.06170,2.42620,2.11170,0.65126,,13879.00000,447126280.00000,1,0,0,0,0,0,0,12,46,12,2,5312.20300
AllFleetRetreatPanorama,1669,2.00430,2.53460,1.96310,0.63590,,13879.00000,447126280.00000,1,0,0,0,0,0,0,12,46,12,2,5312.20300
AllFleetRetreatPanorama,1670,2.02090,2.49880,2.05890,0.64000,,13879.00000,447126280.00000,1,0,0,0,0,0,0,12,46,12,2,5312.20300
AllFleetRetreatPanorama,1671,1.87470,2.11510,1.87210,0.64819,,13879.00000,447126280.00000,1,0,0,0,0,0,0,12,46,12,2,5312.20300
AllFleetRetreatPanorama,1672,2.83200,1.96660,2.75780,0.64614,,13879.00000,447126280.00000,1,0,0,0,0,0,0,12,46,12,2,5340.18000
AllFleetRetreatPanorama,1673,2.34490,2.06350,2.39030,0.63078,,13879.00000,447126280.00000,1,0,0,0,0,0,0,12,46,12,2,5340.18000
AllFleetRetreatPanorama,1674,2.12750,1.87560,2.13240,0.65126,,13879.00000,447126280.00000,1,0,0,0,0,0,0,12,46,12,2,5340.18000
AllFleetRetreatPanorama,1675,1.91280,2.76250,1.91770,0.64102,,13879.00000,447208200.00000,1,0,0,0,0,0,0,12,46,12,2,5340.18000
AllFleetRetreatPanorama,1676,1.86530,2.39490,1.86790,0.64819,,13879.00000,447208200.00000,1,0,0,0,0,0,0,12,46,12,2,5340.18000
AllFleetRetreatPanorama,1677,1.87770,2.13660,1.83890,1.21754,,13879.00000,447126280.00000,1,0,0,0,0,0,0,12,46,12,2,5340.18000
AllFleetRetreatPanorama,1678,1.87640,1.92180,1.91020,0.64614,,13879.00000,447208200.00000,1,0,0,0,0,0,0,12,46,12,2,5340.18000
AllFleetRetreatPanorama,1679,2.04370,1.87090,2.03860,0.64717,,13879.00000,447208200.00000,1,0,0,0,0,0,0,12,46,12,2,5340.18000
AllFleetRetreatPanorama,1680,2.19080,1.84190,2.18920,0.64512,,13879.00000,447126280.00000,1,0,0,0,0,0,0,12,46,12,2,5340.18000
AllFleetRetreatPanorama,1681,2.01600,1.91270,1.96990,0.65434,,13879.00000,447208200.00000,1,0,0,0,0,0,0,12,46,12,2,5340.18000
AllFleetRetreatPanorama,1682,2.31930,2.04130,2.29290,0.63181,,13879.00000,447208200.00000,1,0,0,0,0,0,0,12,46,12,2,5368.15700
AllFleetRetreatPanorama,1683,2.39270,2.19170,2.41590,0.63898,,16575.00000,447128660.00000,1,0,0,0,0,0,0,12,46,12,2,5368.15700
AllFleetRetreatPanorama,1684,2.21520,1.97270,2.23590,0.64614,,13879.00000,447128660.00000,1,0,0,0,0,0,0,12,46,12,2,5368.15700
AllFleetRetreatPanorama,1685,1.89131,2.29680,1.89680,0.64205,,13879.00000,447128660.00000,1,0,0,0,0,0,0,12,46,12,2,5368.15700
AllFleetRetreatPanorama,1686,1.88279,2.42170,1.87900,0.66048,,13879.00000,447128660.00000,1,0,0,0,0,0,0,12,46,12,2,5368.15700
AllFleetRetreatPanorama,1687,2.09320,2.23980,1.97860,0.64410,,13879.00000,447210580.00000,1,0,0,0,0,0,0,12,46,12,2,5368.15700
AllFleetRetreatPanorama,1688,2.28410,1.90010,2.35250,0.65331,,13879.00000,447210580.00000,1,0,0,0,0,0,0,12,46,12,2,5368.15700
AllFleetRetreatPanorama,1689,1.99450,1.88200,1.99700,0.65126,,13879.00000,447128660.00000,1,0,0,0,0,0,0,12,46,12,2,5368.15700
AllFleetRetreatPanorama,1690,1.89529,1.98460,1.91600,0.64512,,13879.00000,447145044.00000,1,0,0,0,0,0,0,12,46,12,2,5368.15700
AllFleetRetreatPanorama,1691,1.79841,2.35750,1.80560,0.64102,,13879.00000,447145044.00000,1,0,0,0,0,0,0,12,46,12,2,5368.15700
AllFleetRetreatPanorama,1692,2.04210,2.00020,1.98500,0.64000,,13879.00000,447128660.00000,1,0,0,0,0,0,0,12,46,12,2,5396.13400
AllFleetRetreatPanorama,1693,2.07720,1.91910,2.12600,0.64614,,16575.00000,447212960.00000,1,0,0,0,0,0,0,12,46,12,2,5396.13400
AllFleetRetreatPanorama,1694,1.91620,1.80820,1.85160,0.64410,,13879.00000,447212960.00000,1,0,0,0,0,0,0,12,46,12,2,5396.13400
AllFleetRetreatPanorama,1695,2.04160,1.98870,2.09300,0.64717,,13967.00000,447131040.00000,1,0,0,0,0,0,0,12,46,12,2,5396.13400
AllFleetRetreatPanorama,1696,1.94620,2.12820,1.95300,0.65229,,13879.00000,447212960.00000,1,0,0,0,0,0,0,12,46,12,2,5396.13400
AllFleetRetreatPanorama,1697,1.76430,1.85390,1.76460,0.64819,,13879.00000,447212960.00000,1,0,0,0,0,0,0,12,46,12,2,5396.13400
AllFleetRetreatPanorama,1698,1.83640,2.09650,1.79600,1.22675,,13879.00000,447131040.00000,1,0,0,0,0,0,0,12,46,12,2,5396.13400
AllFleetRetreatPanorama,1699,2.29240,1.95560,2.31800,0.64410,,13879.00000,447147424.00000,1,0,0,0,0,0,0,12,46,12,2,5396.13400
AllFleetRetreatPanorama,1700,1.90660,1.76710,1.90790,0.64819,,13879.00000,447147424.00000,1,0,0,0,0,0,0,12,46,12,2,5396.13400
AllFleetRetreatPanorama,1701,2.03051,1.79950,2.02550,0.64512,,13879.00000,447131040.00000,1,0,0,0,0,0,0,12,46,12,2,5396.13400
AllFleetRetreatPanorama,1702,1.96049,2.32040,1.94490,0.65638,,13879.00000,447212960.00000,1,0,0,0,0,0,0,12,46,12,2,5424.11100
AllFleetRetreatPanorama,1703,2.42760,1.91050,2.28490,0.64614,,13879.00000,447212960.00000,1,0,0,0,0,0,0,12,46,12,2,5424.11100
AllFleetRetreatPanorama,1704,2.70390,2.02780,2.83530,0.63795,,13879.00000,447131040.00000,1,0,0,0,0,0,0,12,46,12,2,5424.11100
AllFleetRetreatPanorama,1705,2.49889,1.95440,2.50620,0.64717,,13879.00000,447131040.00000,1,0,0,0,0,0,0,12,46,12,2,5424.11100
AllFleetRetreatPanorama,1706,2.06430,2.28850,2.06260,0.66560,,13879.00000,447131040.00000,1,0,0,0,0,0,0,12,46,12,2,5424.11100
AllFleetRetreatPanorama,1707,2.23820,2.84020,2.22530,0.64102,,13879.00000,447131040.00000,1,0,0,0,0,0,0,12,46,12,2,5424.11100
AllFleetRetreatPanorama,1708,3.03480,2.50880,2.90510,0.64410,,13879.00000,447131040.00000,1,0,0,0,0,0,0,12,46,12,2,5424.11100
AllFleetRetreatPanorama,1709,5.24420,2.06540,4.19810,0.63590,,13879.00000,447131040.00000,1,0,0,0,0,0,0,12,46,12,2,5452.08900
AllFleetRetreatPanorama,1710,4.18930,2.22820,5.16070,0.66867,,28727.00000,447131040.00000,1,0,0,0,0,0,0,12,46,12,2,5452.08900
AllFleetRetreatPanorama,1711,4.22860,2.91340,4.25720,0.66048,,13879.00000,447133420.00000,1,0,0,0,0,0,0,12,46,12,2,5452.08900
AllFleetRetreatPanorama,1712,3.92270,4.20350,4.04100,0.64000,,13879.00000,447133420.00000,1,0,0,0,0,0,0,12,46,12,2,5452.08900
AllFleetRetreatPanorama,1713,3.52210,5.16620,3.48350,0.64614,,13879.00000,447133420.00000,1,0,0,0,0,0,0,12,46,12,2,5452.08900
AllFleetRetreatPanorama,1714,3.49610,4.26380,3.19540,1.23802,,13879.00000,447133420.00000,1,0,0,0,0,0,0,12,46,12,2,5480.06700
AllFleetRetreatPanorama,1715,3.42370,4.04570,3.71160,0.66560,,16575.00000,447135800.00000,1,0,0,0,0,0,0,12,46,12,2,5480.06700
AllFleetRetreatPanorama,1716,3.89060,3.48830,3.87910,0.64717,,13879.00000,447135800.00000,1,0,0,0,0,0,0,12,46,12,2,5480.06700
AllFleetRetreatPanorama,1717,3.32399,3.20010,3.28760,0.67584,,13879.00000,447135800.00000,1,0,0,0,0,0,0,12,46,12,2,5480.06700
AllFleetRetreatPanorama,1718,3.45371,3.71680,3.49440,0.65331,,13879.00000,447135800.00000,1,0,0,0,0,0,0,12,46,12,2,5480.06700
AllFleetRetreatPanorama,1719,3.27180,3.88750,3.27600,1.25235,,13879.00000,447135800.00000,1,0,0,0,0,0,0,12,46,12,2,5480.06700
AllFleetRetreatPanorama,1720,3.60560,3.29360,3.32230,0.63181,,13879.00000,447135800.00000,1,0,0,0,0,0,0,12,46,12,2,5508.04500
AllFleetRetreatPanorama,1721,3.24280,3.50000,3.50120,0.65126,,13879.00000,447135800.00000,1,0,0,0,0,0,0,12,46,12,2,5508.04500
AllFleetRetreatPanorama,1722,4.23650,3.28020,4.03710,0.63590,,13879.00000,447135800.00000,1,0,0,0,0,0,0,12,46,12,2,5508.04500
AllFleetRetreatPanorama,1723,3.56150,3.32760,3.55470,0.66048,,13879.00000,447135800.00000,1,0,0,0,0,0,0,12,46,12,2,5508.04500
AllFleetRetreatPanorama,1724,2.75880,3.50610,2.71910,0.63898,,13879.00000,447135800.00000,1,0,0,0,0,0,0,12,46,12,2,5508.04500
AllFleetRetreatPanorama,1725,3.11770,4.04170,3.34860,0.65843,,13879.00000,447135800.00000,1,0,0,0,0,0,0,12,46,12,2,5508.04500
AllFleetRetreatPanorama,1726,3.14809,3.56030,3.13650,0.64819,,13879.00000,447135800.00000,1,0,0,0,0,0,0,12,46,12,2,5536.02300
AllFleetRetreatPanorama,1727,3.91470,2.72380,3.74370,0.65229,,16575.00000,447135800.00000,1,0,0,0,0,0,0,12,46,12,2,5536.02300
AllFleetRetreatPanorama,1728,3.87280,3.35360,3.61980,0.64205,,13931.00000,447138180.00000,1,0,0,0,0,0,0,12,46,12,2,5536.02300
AllFleetRetreatPanorama,1729,4.07421,3.14250,4.52400,0.64922,,13879.00000,447138180.00000,1,0,0,0,0,0,0,12,46,12,2,5536.02300
AllFleetRetreatPanorama,1730,3.95280,3.74870,3.61520,0.63181,,13879.00000,447138180.00000,1,0,0,0,0,0,0,12,46,12,2,5536.02300
AllFleetRetreatPanorama,1731,3.76520,3.62400,4.07970,0.66253,,13879.00000,447138180.00000,1,0,0,0,0,0,0,12,46,12,2,5564.00100
AllFleetRetreatPanorama,1732,4.12350,4.52780,3.64160,0.64205,,17863.00000,447139020.00000,1,0,0,0,0,0,0,12,46,12,2,5564.00100
AllFleetRetreatPanorama,1733,4.41320,3.62100,4.50710,0.65946,,13879.00000,447141400.00000,1,0,0,0,0,0,0,12,46,12,2,5564.00100
AllFleetRetreatPanorama,1734,120.93359,4.08420,4.24710,0.63488,,13879.00000,447141400.00000,1,0,0,0,0,0,0,12,46,12,2,5703.00900
AllFleetRetreatPanorama,1735,65.25950,3.64840,124.91800,0.64512,,42209.00000,447143780.00000,1,0,0,0,0,0,0,12,46,12,2,5703.00900
AllFleetRetreatPanorama,1736,7.53990,4.51240,64.04010,0.64512,,17623.00000,447146160.00000,1,0,0,0,0,0,0,12,46,12,2,5703.00900
AllFleetRetreatPanorama,1737,13.96000,4.25570,4.39890,0.66662,,32009.00000,447190084.00000,1,0,0,0,0,0,0,12,46,12,2,5703.00900
AllFleetRetreatPanorama,1738,3.40950,124.92300,13.69490,0.09011,,14677.00000,447190084.00000,1,0,0,0,0,0,0,12,46,12,2,5703.00900
AllFleetRetreatPanorama,1739,81.71560,64.04830,4.00960,0.64922,,17373.00000,447152964.00000,1,0,0,0,0,0,0,12,46,12,2,5703.00900
AllFleetRetreatPanorama,1740,5.97770,4.40530,82.79860,0.65741,,23257.00000,447155344.00000,1,0,0,0,0,0,0,12,46,12,2,5703.00900
AllFleetRetreatPanorama,1741,6.11540,13.70310,6.35000,0.65741,,18117.00000,447155344.00000,1,0,0,0,0,0,0,12,46,12,2,5703.00900
AllFleetRetreatPanorama,1742,2.38340,4.01520,3.00070,0.65843,,14677.00000,447155344.00000,1,0,0,0,0,0,0,12,46,12,2,5703.00900
AllFleetRetreatPanorama,1743,2.13220,82.80760,2.28810,0.03482,,13881.00000,447237264.00000,1,0,0,0,0,0,0,12,46,12,2,5703.00900
AllFleetRetreatPanorama,1744,4.97740,6.35940,3.51590,0.03379,,13881.00000,447237264.00000,1,0,0,0,0,0,0,12,46,12,2,5703.00900
AllFleetRetreatPanorama,1745,7.23909,3.00620,6.87490,0.67072,,27121.00000,447155344.00000,1,0,0,0,0,0,0,12,46,12,2,5703.00900
AllFleetRetreatPanorama,1746,2.59680,2.29190,4.34810,0.67072,,14677.00000,447155344.00000,1,0,0,0,0,0,0,12,46,12,2,5703.00900
AllFleetRetreatPanorama,1747,3.91530,3.52030,2.76710,0.72192,,13881.00000,447155344.00000,1,0,0,0,0,0,0,12,46,12,2,5703.00900
AllFleetRetreatPanorama,1748,3.78500,6.88040,4.72740,0.11162,,14677.00000,447155344.00000,1,0,0,0,0,0,0,12,46,12,2,5703.00900
AllFleetRetreatPanorama,1749,3.84750,4.35510,2.99050,0.68915,,17373.00000,447157724.00000,1,0,0,0,0,0,0,12,46,12,2,5703.00900
AllFleetRetreatPanorama,1750,4.16140,2.77090,5.10010,0.66970,,14677.00000,447157724.00000,1,0,0,0,0,0,0,12,46,12,2,5703.00900
AllFleetRetreatPanorama,1751,3.39110,4.73510,3.16880,0.68301,,14677.00000,447157724.00000,1,0,0,0,0,0,0,12,46,12,2,5703.00900
AllFleetRetreatPanorama,1752,5.93510,2.99680,4.77340,0.66867,,13881.00000,447157724.00000,1,0,0,0,0,0,0,12,46,12,2,5703.00900
AllFleetRetreatPanorama,1753,9.57850,5.10690,5.16160,0.66662,,14677.00000,447157724.00000,1,0,0,0,0,0,0,12,46,12,2,5706.69600
AllFleetRetreatPanorama,1754,16.80030,3.17700,11.24000,0.67891,,14677.00000,447157724.00000,1,0,0,0,0,0,0,12,46,12,2,5733.45400
AllFleetRetreatPanorama,1755,6.25310,4.78260,16.38380,0.70451,,17373.00000,447160104.00000,1,0,0,0,0,0,0,12,46,12,2,5733.45400
AllFleetRetreatPanorama,1756,2.81280,5.16830,4.02130,0.70451,,14677.00000,447160104.00000,1,0,0,0,0,0,0,12,46,12,2,5733.45400
AllFleetRetreatPanorama,1757,2.75320,11.25040,2.45320,0.68403,,13881.00000,447160104.00000,1,0,0,0,0,0,0,12,46,12,2,5733.45400
AllFleetRetreatPanorama,1758,2.39980,16.39150,2.82830,0.71373,,13933.00000,447160104.00000,1,0,0,0,0,0,0,12,46,12,2,5733.45400
AllFleetRetreatPanorama,1759,2.17480,4.02620,2.18920,0.73011,,13881.00000,447160104.00000,1,0,0,0,0,0,0,12,46,12,2,5760.22400
AllFleetRetreatPanorama,1760,3.39539,2.45730,3.32150,0.70246,,16577.00000,447162484.00000,1,0,0,0,0,0,0,12,46,12,2,5760.22400
AllFleetRetreatPanorama,1761,2.59581,2.83200,2.58820,0.69325,,13881.00000,447162484.00000,1,0,0,0,0,0,0,12,46,12,2,5760.22400
AllFleetRetreatPanorama,1762,2.38060,2.19180,2.42990,0.71680,,13881.00000,447162484.00000,1,0,0,0,0,0,0,12,46,12,2,5760.22400
AllFleetRetreatPanorama,1763,2.13700,3.32810,2.13980,0.66253,,13881.00000,447162484.00000,1,0,0,0,0,0,0,12,46,12,2,5760.22400
AllFleetRetreatPanorama,1764,2.62810,2.59320,2.50130,0.79462,,13881.00000,447162484.00000,1,0,0,0,0,0,0,12,46,12,2,5760.22400
AllFleetRetreatPanorama,1765,7.57980,2.43440,5.46120,0.68198,,13881.00000,447162484.00000,1,0,0,0,0,0,0,12,46,12,2,5787.00600
AllFleetRetreatPanorama,1766,10.83411,2.14440,6.37840,0.68198,,14677.00000,447162484.00000,1,0,0,0,0,0,0,12,46,12,2,5787.00600
AllFleetRetreatPanorama,1767,108.48790,2.51330,11.80380,1.28614,,14677.00000,447162484.00000,1,0,0,0,0,0,0,12,46,12,2,5947.93100
AllFleetRetreatPanorama,1768,109.15280,5.46550,109.39410,0.69734,,17461.00000,447164864.00000,1,0,0,0,0,0,0,12,46,12,2,6082.32700
AllFleetRetreatPanorama,1769,28.56060,6.38570,108.16730,0.65126,,17425.00000,447167244.00000,1,0,0,0,0,0,0,12,46,12,2,6109.23600
AllFleetRetreatPanorama,1770,5.48540,11.81640,27.29580,1.29229,,17373.00000,447169624.00000,1,0,0,0,0,0,0,12,46,12,2,6136.15600
AllFleetRetreatPanorama,1771,11.24030,109.40370,5.16680,0.71782,,14677.00000,447169624.00000,1,0,0,0,0,0,0,12,46,12,2,6136.15600
AllFleetRetreatPanorama,1772,3.01240,108.17970,10.61030,0.71782,,14765.00000,447169624.00000,1,0,0,0,0,0,0,12,46,12,2,6136.15600
AllFleetRetreatPanorama,1773,4.69120,27.30480,3.76800,0.65126,,13881.00000,447169624.00000,1,0,0,0,0,0,0,12,46,12,2,6163.08400
AllFleetRetreatPanorama,1774,4.25260,5.17030,4.38290,0.66458,,17373.00000,447171800.00000,1,0,0,0,0,0,0,12,46,12,2,6163.08400
AllFleetRetreatPanorama,1775,4.17520,10.61780,3.67610,0.64410,,14677.00000,447172004.00000,1,0,0,0,0,0,0,12,46,12,2,6163.08400
AllFleetRetreatPanorama,1776,2.55600,3.77320,3.95870,0.65843,,14677.00000,447172004.00000,1,0,0,0,0,0,0,12,46,12,2,6163.08400
AllFleetRetreatPanorama,1777,5.16080,4.38880,2.61490,0.66560,,13881.00000,447172004.00000,1,0,0,0,0,0,0,12,46,12,2,6190.02200
AllFleetRetreatPanorama,1778,3.82550,3.68180,5.62450,0.70349,,14677.00000,447172004.00000,1,0,0,0,0,0,0,12,46,12,2,6190.02200
AllFleetRetreatPanorama,1779,2.38930,3.96790,3.09180,0.67994,,14677.00000,447172004.00000,1,0,0,0,0,0,0,12,46,12,2,6190.02200
AllFleetRetreatPanorama,1780,3.31700,2.62010,2.58150,0.71782,,13881.00000,447172004.00000,1,0,0,0,0,0,0,12,46,12,2,6190.02200
AllFleetRetreatPanorama,1781,2.31410,5.63170,2.99130,0.67994,,14677.00000,447172004.00000,1,0,0,0,0,0,0,12,46,12,2,6190.02200
AllFleetRetreatPanorama,1782,5.13010,3.09650,3.73250,0.69530,,13881.00000,447172004.00000,1,0,0,0,0,0,0,12,46,12,2,6190.02200
AllFleetRetreatPanorama,1783,5.08550,2.58950,4.11830,0.64717,,14677.00000,447172004.00000,1,0,0,0,0,0,0,12,46,12,2,6216.97000
AllFleetRetreatPanorama,1784,3.46859,2.99610,5.51790,0.66662,,17373.00000,447174384.00000,1,0,0,0,0,0,0,12,46,12,2,6216.97000
AllFleetRetreatPanorama,1785,2.31220,3.74110,2.47980,1.25952,,13881.00000,447174384.00000,1,0,0,0,0,0,0,12,46,12,2,6216.97000
AllFleetRetreatPanorama,1786,2.45380,4.12490,2.55240,0.66765,,14677.00000,447174384.00000,1,0,0,0,0,0,0,12,46,12,2,6216.97000
AllFleetRetreatPanorama,1787,5.67521,5.52340,2.96500,0.71066,,13881.00000,447174384.00000,1,0,0,0,0,0,0,12,46,12,2,6216.97000
AllFleetRetreatPanorama,1788,2.91030,2.48410,5.51880,0.71066,,14677.00000,447174384.00000,1,0,0,0,0,0,0,12,46,12,2,6216.97000
AllFleetRetreatPanorama,1789,2.62310,2.55770,2.79990,0.67482,,13881.00000,447174384.00000,1,0,0,0,0,0,0,12,46,12,2,6243.92700
AllFleetRetreatPanorama,1790,2.13430,2.96790,2.13810,0.70349,,13881.00000,447174384.00000,1,0,0,0,0,0,0,12,46,12,2,6243.92700
AllFleetRetreatPanorama,1791,4.57290,5.52410,3.65310,0.64717,,13881.00000,447174384.00000,1,0,0,0,0,0,0,12,46,12,2,6243.92700
AllFleetRetreatPanorama,1792,2.69960,2.80420,3.57080,0.69018,,14677.00000,447174384.00000,1,0,0,0,0,0,0,12,46,12,2,6243.92700
AllFleetRetreatPanorama,1793,2.87060,2.14200,2.67980,0.64410,,13881.00000,447174384.00000,1,0,0,0,0,0,0,12,46,12,2,6243.92700
AllFleetRetreatPanorama,1794,2.41000,3.65880,2.58980,0.86938,,13881.00000,447174384.00000,1,0,0,0,0,0,0,12,46,12,2,6243.92700
AllFleetRetreatPanorama,1795,2.34830,3.57640,2.31680,0.64410,,13881.00000,447174384.00000,1,0,0,0,0,0,0,12,46,12,2,6243.92700
AllFleetRetreatPanorama,1796,2.52830,2.68530,2.43090,0.69939,,13881.00000,447174384.00000,1,0,0,0,0,0,0,12,46,12,2,6270.89300
AllFleetRetreatPanorama,1797,2.36390,2.59330,2.49230,0.64614,,16577.00000,447176764.00000,1,0,0,0,0,0,0,12,46,12,2,6270.89300
AllFleetRetreatPanorama,1798,2.14610,2.32180,2.14700,0.67584,,13881.00000,447176764.00000,1,0,0,0,0,0,0,12,46,12,2,6270.89300
AllFleetRetreatPanorama,1799,1.96040,2.43590,1.96550,0.67686,,13881.00000,447176764.00000,1,0,0,0,0,0,0,12,46,12,2,6270.89300
AllFleetRetreatPanorama,1800,1.95450,2.49660,1.91030,0.72806,,13881.00000,447176764.00000,1,0,0,0,0,0,0,12,46,12,2,6270.89300
AllFleetRetreatPanorama,1801,1.97810,2.15240,2.01110,0.66970,,13881.00000,447176764.00000,1,0,0,0,0,0,0,12,46,12,2,6270.89300
AllFleetRetreatPanorama,1802,1.92270,1.96810,1.93610,0.65741,,13881.00000,447176764.00000,1,0,0,0,0,0,0,12,46,12,2,6270.89300
AllFleetRetreatPanorama,1803,2.05230,1.91310,1.96280,0.67686,,13881.00000,447176764.00000,1,0,0,0,0,0,0,12,46,12,2,6270.89300
AllFleetRetreatPanorama,1804,2.51170,2.01400,2.57940,0.68813,,13881.00000,447176764.00000,1,0,0,0,0,0,0,12,46,12,2,6270.89300
AllFleetRetreatPanorama,1805,2.23270,1.93840,2.19590,0.65843,,13881.00000,447176764.00000,1,0,0,0,0,0,0,12,46,12,2,6297.86800
AllFleetRetreatPanorama,1806,2.36530,1.96660,2.39980,0.67584,,16577.00000,447179144.00000,1,0,0,0,0,0,0,12,46,12,2,6297.86800
AllFleetRetreatPanorama,1807,2.21150,2.58280,2.21790,0.70349,,13881.00000,447261064.00000,1,0,0,0,0,0,0,12,46,12,2,6297.86800
AllFleetRetreatPanorama,1808,1.96930,2.19920,1.95090,0.71885,,13881.00000,447261064.00000,1,0,0,0,0,0,0,12,46,12,2,6297.86800
AllFleetRetreatPanorama,1809,2.09600,2.40320,2.11090,1.30662,,13881.00000,447179144.00000,1,0,0,0,0,0,0,12,46,12,2,6297.86800
AllFleetRetreatPanorama,1810,2.26080,2.22060,2.20840,0.69530,,13881.00000,447179144.00000,1,0,0,0,0,0,0,12,46,12,2,6297.86800
AllFleetRetreatPanorama,1811,2.39160,1.95330,2.43210,0.68813,,13881.00000,447179144.00000,1,0,0,0,0,0,0,12,46,12,2,6297.86800
AllFleetRetreatPanorama,1812,2.07230,2.11410,2.03560,0.66662,,13881.00000,447179144.00000,1,0,0,0,0,0,0,12,46,12,2,6297.86800
AllFleetRetreatPanorama,1813,2.60500,2.21120,2.63320,0.65946,,13881.00000,447179144.00000,1,0,0,0,0,0,0,12,46,12,2,6297.86800
AllFleetRetreatPanorama,1814,2.03190,2.43620,2.02380,0.67584,,13881.00000,447179144.00000,1,0,0,0,0,0,0,12,46,12,2,6324.85200
AllFleetRetreatPanorama,1815,2.05550,2.03970,2.02420,0.67789,,13881.00000,447261064.00000,1,0,0,0,0,0,0,12,46,12,2,6324.85200
AllFleetRetreatPanorama,1816,2.13360,2.63640,2.16250,0.93082,,13881.00000,447261064.00000,1,0,0,0,0,0,0,12,46,12,2,6324.85200
AllFleetRetreatPanorama,1817,2.27100,2.02710,2.26030,1.24621,,13881.00000,447179144.00000,1,0,0,0,0,0,0,12,46,12,2,6324.85200
AllFleetRetreatPanorama,1818,2.40280,2.02800,2.40480,0.70144,,13881.00000,447261064.00000,1,0,0,0,0,0,0,12,46,12,2,6324.85200
AllFleetRetreatPanorama,1819,2.07071,2.16540,2.07180,0.65741,,13881.00000,447261064.00000,1,0,0,0,0,0,0,12,46,12,2,6324.85200
AllFleetRetreatPanorama,1820,2.05069,2.26450,2.00040,1.28819,,13881.00000,447179144.00000,1,0,0,0,0,0,0,12,46,12,2,6324.85200
AllFleetRetreatPanorama,1821,2.01690,2.40900,2.06230,0.69018,,13881.00000,447261064.00000,1,0,0,0,0,0,0,12,46,12,2,6324.85200
AllFleetRetreatPanorama,1822,2.15100,2.07540,2.13600,0.67072,,13881.00000,447261064.00000,1,0,0,0,0,0,0,12,46,12,2,6324.85200
AllFleetRetreatPanorama,1823,2.69131,2.00400,2.64410,0.70246,,13881.00000,447179144.00000,1,0,0,0,0,0,0,12,46,12,2,6351.84400
AllFleetRetreatPanorama,1824,3.18570,2.06540,3.10020,0.65843,,16577.00000,447181524.00000,1,0,0,0,0,0,0,12,46,12,2,6351.84400
AllFleetRetreatPanorama,1825,2.68600,2.13930,2.60590,0.67174,,13881.00000,447181524.00000,1,0,0,0,0,0,0,12,46,12,2,6351.84400
AllFleetRetreatPanorama,1826,2.38510,2.64830,2.40930,0.70451,,13881.00000,447181524.00000,1,0,0,0,0,0,0,12,46,12,2,6351.84400
AllFleetRetreatPanorama,1827,2.16920,3.11250,2.20810,0.66867,,13969.00000,447181524.00000,1,0,0,0,0,0,0,12,46,12,2,6351.84400
AllFleetRetreatPanorama,1828,2.14830,2.73720,2.14800,0.69018,,13881.00000,447263444.00000,1,0,0,0,0,0,0,12,46,12,2,6351.84400
AllFleetRetreatPanorama,1829,1.86280,2.41280,1.86160,0.68198,,13933.00000,447263444.00000,1,0,0,0,0,0,0,12,46,12,2,6351.84400
AllFleetRetreatPanorama,1830,2.44390,2.21100,2.33710,1.24109,,13881.00000,447181524.00000,1,0,0,0,0,0,0,12,46,12,2,6351.84400
AllFleetRetreatPanorama,1831,2.45010,2.15060,2.50460,0.67277,,13881.00000,447181524.00000,1,0,0,0,0,0,0,12,46,12,2,6351.84400
AllFleetRetreatPanorama,1832,2.47550,1.86410,2.50770,0.67482,,13881.00000,447181524.00000,1,0,0,0,0,0,0,12,46,12,2,6378.84600
AllFleetRetreatPanorama,1833,2.26520,2.34090,2.24360,0.68301,,13881.00000,447181524.00000,1,0,0,0,0,0,0,12,46,12,2,6378.84600
AllFleetRetreatPanorama,1834,2.07400,2.50850,2.09720,0.64512,,13881.00000,447181524.00000,1,0,0,0,0,0,0,12,46,12,2,6378.84600
AllFleetRetreatPanorama,1835,2.01590,2.51120,1.94590,0.67686,,13881.00000,447181524.00000,1,0,0,0,0,0,0,12,46,12,2,6378.84600
AllFleetRetreatPanorama,1836,2.10940,2.24760,2.17270,0.66355,,13881.00000,447263444.00000,1,0,0,0,0,0,0,12,46,12,2,6378.84600
AllFleetRetreatPanorama,1837,2.18180,2.10080,2.15180,0.64922,,13881.00000,447263444.00000,1,0,0,0,0,0,0,12,46,12,2,6378.84600
AllFleetRetreatPanorama,1838,4.49870,1.94970,3.79210,0.66765,,13881.00000,447181524.00000,1,0,0,0,0,0,0,12,46,12,2,6378.84600
AllFleetRetreatPanorama,1839,2.02080,2.17600,2.71350,0.67891,,14677.00000,447181524.00000,1,0,0,0,0,0,0,12,46,12,2,6378.84600
AllFleetRetreatPanorama,1840,2.05830,2.15450,1.96200,0.65843,,13881.00000,447181524.00000,1,0,0,0,0,0,0,12,46,12,2,6405.85500
AllFleetRetreatPanorama,1841,3.67170,3.79540,2.77900,0.70349,,16577.00000,447265824.00000,1,0,0,0,0,0,0,12,46,12,2,6405.85500
AllFleetRetreatPanorama,1842,2.25670,2.71610,3.17370,0.71066,,14677.00000,447265824.00000,1,0,0,0,0,0,0,12,46,12,2,6405.85500
AllFleetRetreatPanorama,1843,4.86940,1.96470,3.49830,1.28410,,13881.00000,447183904.00000,1,0,0,0,0,0,0,12,46,12,2,6405.85500
AllFleetRetreatPanorama,1844,9.93590,2.78320,5.63230,0.65434,,14677.00000,447183904.00000,1,0,0,0,0,0,0,12,46,12,2,6432.87500
AllFleetRetreatPanorama,1845,4.42680,3.17780,8.32770,0.67072,,14677.00000,447183904.00000,1,0,0,0,0,0,0,12,46,12,2,6432.87500
AllFleetRetreatPanorama,1846,5.01830,3.50120,5.65480,0.68710,,14677.00000,447183904.00000,1,0,0,0,0,0,0,12,46,12,2,6432.87500
AllFleetRetreatPanorama,1847,4.33290,5.63690,4.13030,0.66355,,14677.00000,447183904.00000,1,0,0,0,0,0,0,12,46,12,2,6432.87500
AllFleetRetreatPanorama,1848,2.71880,8.33390,3.71310,0.66355,,14677.00000,447183904.00000,1,0,0,0,0,0,0,12,46,12,2,6432.87500
AllFleetRetreatPanorama,1849,6.55600,5.66430,4.23910,0.66560,,13881.00000,447183904.00000,1,0,0,0,0,0,0,12,46,12,2,6459.90100
AllFleetRetreatPanorama,1850,2.50780,4.13390,5.20800,0.67789,,17373.00000,447186284.00000,1,0,0,0,0,0,0,12,46,12,2,6459.90100
AllFleetRetreatPanorama,1851,3.45080,3.71710,2.73560,0.66662,,13881.00000,447186284.00000,1,0,0,0,0,0,0,12,46,12,2,6459.90100
AllFleetRetreatPanorama,1852,2.69799,4.24490,2.94650,0.65741,,14677.00000,447186284.00000,1,0,0,0,0,0,0,12,46,12,2,6459.90100
AllFleetRetreatPanorama,1853,2.44150,5.21320,2.74050,0.65946,,13881.00000,447186284.00000,1,0,0,0,0,0,0,12,46,12,2,6459.90100
AllFleetRetreatPanorama,1854,8.56350,2.74250,3.85770,0.68608,,14677.00000,447186284.00000,1,0,0,0,0,0,0,12,46,12,2,6486.93600
AllFleetRetreatPanorama,1855,3.41290,2.95210,7.73480,0.67174,,14677.00000,447186284.00000,1,0,0,0,0,0,0,12,46,12,2,6486.93600
AllFleetRetreatPanorama,1856,108.06391,2.74520,4.47990,0.82739,,14677.00000,447186284.00000,1,0,0,0,0,0,0,12,46,12,2,6624.18500
AllFleetRetreatPanorama,1857,7.99190,3.86310,108.23690,0.66048,,18801.00000,447189504.00000,1,0,0,0,0,0,0,12,46,12,2,6624.18500
AllFleetRetreatPanorama,1858,105.63630,7.74080,7.53570,1.28205,,17373.00000,447191680.00000,1,0,0,0,0,0,0,12,46,12,2,6624.18500
AllFleetRetreatPanorama,1859,108.25130,4.48470,107.46560,0.66355,,17373.00000,447194264.00000,1,0,0,0,0,0,0,12,46,12,2,6624.18500
AllFleetRetreatPanorama,1860,59.11570,108.24820,107.85770,0.66355,,17513.00000,447196644.00000,1,0,0,0,0,0,0,12,46,12,2,6624.18500
AllFleetRetreatPanorama,1861,27.26509,7.54310,64.47760,0.68608,,46267.00000,447199024.00000,1,0,0,0,0,0,0,12,46,12,2,6624.18500
AllFleetRetreatPanorama,1862,9.98880,107.47060,24.96700,0.68608,,31531.00000,447201404.00000,1,0,0,0,0,0,0,12,46,12,2,6624.18500
AllFleetRetreatPanorama,1863,3.38990,107.86620,4.84070,0.67891,,14681.00000,447201404.00000,1,0,0,0,0,0,0,12,46,12,2,6624.18500
AllFleetRetreatPanorama,1864,2.57730,64.48270,2.86900,0.09626,,13881.00000,447201404.00000,1,0,0,0,0,0,0,12,46,12,2,6624.18500
AllFleetRetreatPanorama,1865,2.59980,24.97900,2.54030,0.08806,,16577.00000,447203784.00000,1,0,0,0,0,0,0,12,46,12,2,6624.18500
AllFleetRetreatPanorama,1866,2.48670,4.84860,2.48950,0.66048,,13881.00000,447203784.00000,1,0,0,0,0,0,0,12,46,12,2,6624.18500
AllFleetRetreatPanorama,1867,2.33320,2.87420,2.36570,0.70349,,13881.00000,447203784.00000,1,0,0,0,0,0,0,12,46,12,2,6624.18500
AllFleetRetreatPanorama,1868,2.21200,2.54490,2.22720,0.66458,,13881.00000,447203784.00000,1,0,0,0,0,0,0,12,46,12,2,6624.18500
AllFleetRetreatPanorama,1869,2.69490,2.49290,2.34830,0.68506,,13881.00000,447203784.00000,1,0,0,0,0,0,0,12,46,12,2,6624.18500
AllFleetRetreatPanorama,1870,2.42900,2.36980,2.77090,0.64307,,16705.00000,447203784.00000,1,0,0,0,0,0,0,12,46,12,2,6624.18500
AllFleetRetreatPanorama,1871,2.01240,2.23110,1.97550,0.66867,,13881.00000,447285704.00000,1,0,0,0,0,0,0,12,46,12,2,6624.18500
AllFleetRetreatPanorama,1872,1.91660,2.35280,1.96370,0.69939,,13881.00000,447302088.00000,1,0,0,0,0,0,0,12,46,12,2,6624.18500
AllFleetRetreatPanorama,1873,2.33470,2.77500,2.32960,0.08704,,13881.00000,447220168.00000,1,0,0,0,0,0,0,12,46,12,2,6624.18500
AllFleetRetreatPanorama,1874,2.18780,1.97880,2.16980,0.66662,,13881.00000,447203784.00000,1,0,0,0,0,0,0,12,46,12,2,6624.18500
AllFleetRetreatPanorama,1875,2.00930,1.96800,1.98130,0.65126,,13881.00000,447203784.00000,1,0,0,0,0,0,0,12,46,12,2,6624.18500
AllFleetRetreatPanorama,1876,3.40540,2.33170,3.35790,0.67482,,13881.00000,447203784.00000,1,0,0,0,0,0,0,12,46,12,2,6624.18500
AllFleetRetreatPanorama,1877,2.67420,2.17430,2.69490,0.66765,,13881.00000,447203784.00000,1,0,0,0,0,0,0,12,46,12,2,6624.18500
AllFleetRetreatPanorama,1878,6.04010,1.98580,4.07240,0.64819,,13881.00000,447203784.00000,1,0,0,0,0,0,0,12,46,12,2,6624.18500
AllFleetRetreatPanorama,1879,31.44410,3.36370,5.45090,0.64819,,14681.00000,447203784.00000,1,0,0,0,0,0,0,12,46,12,2,6624.18500
AllFleetRetreatPanorama,1880,11.99670,2.70450,34.59550,0.67482,,17465.00000,447206164.00000,1,0,0,0,0,0,0,12,46,12,2,6624.18500
AllFleetRetreatPanorama,1881,5.08540,4.07600,9.55850,0.67482,,14681.00000,447206164.00000,1,0,0,0,0,0,0,12,46,12,2,6624.18500
AllFleetRetreatPanorama,1882,3.34850,5.46180,3.80410,1.36909,,14681.00000,447206164.00000,1,0,0,0,0,0,0,12,46,12,2,6624.18500
AllFleetRetreatPanorama,1883,4.26811,34.60460,3.46870,0.64614,,13881.00000,447206164.00000,1,0,0,0,0,0,0,12,46,12,2,6624.18500
AllFleetRetreatPanorama,1884,3.60079,9.56780,4.45430,0.64614,,14681.00000,447206164.00000,1,0,0,0,0,0,0,12,46,12,2,6624.18500
AllFleetRetreatPanorama,1885,5.28960,3.81210,4.26380,0.67277,,13881.00000,447206164.00000,1,0,0,0,0,0,0,12,46,12,2,6624.18500
AllFleetRetreatPanorama,1886,3.42160,3.47310,4.69020,0.67277,,17429.00000,447208544.00000,1,0,0,0,0,0,0,12,46,12,2,6624.18500
AllFleetRetreatPanorama,1887,2.71750,4.46260,2.62310,1.09568,,13881.00000,447208544.00000,1,0,0,0,0,0,0,12,46,12,2,6624.18500
AllFleetRetreatPanorama,1888,4.26740,4.27220,3.60570,0.65331,,13881.00000,447208544.00000,1,0,0,0,0,0,0,12,46,12,2,6624.18500
AllFleetRetreatPanorama,1889,3.88880,4.69720,3.75960,0.65331,,13881.00000,447208544.00000,1,0,0,0,0,0,0,12,46,12,2,6624.18500
AllFleetRetreatPanorama,1890,3.04820,2.63110,3.81570,0.67584,,14681.00000,447208544.00000,1,0,0,0,0,0,0,12,46,12,2,6624.18500
AllFleetRetreatPanorama,1891,2.52060,3.60910,2.69720,0.66765,,13881.00000,447208544.00000,1,0,0,0,0,0,0,12,46,12,2,6624.18500
AllFleetRetreatPanorama,1892,2.92389,3.76460,2.89800,0.67072,,13881.00000,447208544.00000,1,0,0,0,0,0,0,12,46,12,2,6624.18500
AllFleetRetreatPanorama,1893,2.43990,3.82230,2.40830,0.64819,,13881.00000,447290464.00000,1,0,0,0,0,0,0,12,46,12,2,6624.18500
AllFleetRetreatPanorama,1894,2.42660,2.70400,2.47240,0.67482,,13881.00000,447290464.00000,1,0,0,0,0,0,0,12,46,12,2,6624.18500
AllFleetRetreatPanorama,1895,2.42030,2.90410,2.37010,1.25747,,13881.00000,447208544.00000,1,0,0,0,0,0,0,12,46,12,2,6624.18500
AllFleetRetreatPanorama,1896,3.60230,2.41410,3.59720,0.66355,,13881.00000,447208544.00000,1,0,0,0,0,0,0,12,46,12,2,6624.18500
AllFleetRetreatPanorama,1897,3.86670,2.47850,3.78720,0.68403,,13881.00000,447208544.00000,1,0,0,0,0,0,0,12,46,12,2,6624.18500
AllFleetRetreatPanorama,1898,3.09770,2.37870,3.19880,0.68403,,16577.00000,447210924.00000,1,0,0,0,0,0,0,12,46,12,2,6624.18500
AllFleetRetreatPanorama,1899,3.41330,3.60640,3.40240,0.67482,,13881.00000,447210924.00000,1,0,0,0,0,0,0,12,46,12,2,6624.18500
AllFleetRetreatPanorama,1900,3.17270,3.79550,3.09950,0.67072,,13881.00000,447210924.00000,1,0,0,0,0,0,0,12,46,12,2,6624.18500
AllFleetRetreatPanorama,1901,5.17590,3.20470,4.69800,0.67789,,13881.00000,447210924.00000,1,0,0,0,0,0,0,12,46,12,2,6624.18500
AllFleetRetreatPanorama,1902,3.82080,3.40750,3.39680,0.67789,,13881.00000,447210924.00000,1,0,0,0,0,0,0,12,46,12,2,6624.18500
AllFleetRetreatPanorama,1903,2.38240,3.10810,3.23270,0.69632,,14681.00000,447210924.00000,1,0,0,0,0,0,0,12,46,12,2,6624.18500
AllFleetRetreatPanorama,1904,2.26230,4.70730,2.35300,0.71987,,13881.00000,447210924.00000,1,0,0,0,0,0,0,12,46,12,2,6624.18500
AllFleetRetreatPanorama,1905,2.19670,3.40120,2.15410,0.66458,,14041.00000,447210924.00000,1,0,0,0,0,0,0,12,46,12,2,6624.18500
AllFleetRetreatPanorama,1906,2.27860,3.23740,2.30870,0.70349,,13881.00000,447210924.00000,1,0,0,0,0,0,0,12,46,12,2,6624.18500
AllFleetRetreatPanorama,1907,2.31880,2.35950,2.30170,0.65843,,13881.00000,447292844.00000,1,0,0,0,0,0,0,12,46,12,2,6624.18500
AllFleetRetreatPanorama,1908,2.70680,2.15990,2.72830,0.70042,,13881.00000,447292844.00000,1,0,0,0,0,0,0,12,46,12,2,6624.18500
AllFleetRetreatPanorama,1909,2.12140,2.31560,2.07760,1.34451,,13881.00000,447210924.00000,1,0,0,0,0,0,0,12,46,12,2,6624.18500
AllFleetRetreatPanorama,1910,2.17720,2.30670,2.14210,0.69325,,13881.00000,447210924.00000,1,0,0,0,0,0,0,12,46,12,2,6624.18500
AllFleetRetreatPanorama,1911,4.55950,2.73320,3.09710,0.71373,,13881.00000,447210924.00000,1,0,0,0,0,0,0,12,46,12,2,6624.18500
AllFleetRetreatPanorama,1912,3.61340,2.08250,4.93190,0.71373,,17377.00000,447213304.00000,1,0,0,0,0,0,0,12,46,12,2,6624.18500
AllFleetRetreatPanorama,1913,2.62200,2.14840,2.72210,0.68813,,13881.00000,447213304.00000,1,0,0,0,0,0,0,12,46,12,2,6624.18500
AllFleetRetreatPanorama,1914,2.39600,3.10280,2.45790,0.70451,,13881.00000,447213304.00000,1,0,0,0,0,0,0,12,46,12,2,6624.18500
AllFleetRetreatPanorama,1915,2.33810,4.94010,2.34930,0.69018,,13881.00000,447213304.00000,1,0,0,0,0,0,0,12,46,12,2,6624.18500
AllFleetRetreatPanorama,1916,2.45600,2.72860,2.41280,0.68403,,13881.00000,447213304.00000,1,0,0,0,0,0,0,12,46,12,2,6624.18500
AllFleetRetreatPanorama,1917,2.83800,2.46380,2.81570,0.67994,,13881.00000,447213304.00000,1,0,0,0,0,0,0,12,46,12,2,6624.18500
AllFleetRetreatPanorama,1918,2.47000,2.35530,2.51980,0.68710,,13881.00000,447295224.00000,1,0,0,0,0,0,0,12,46,12,2,6624.18500
AllFleetRetreatPanorama,1919,2.53119,2.41810,2.49650,0.70861,,13881.00000,447295224.00000,1,0,0,0,0,0,0,12,46,12,2,6624.18500
AllFleetRetreatPanorama,1920,2.37710,2.82110,2.38500,1.28102,,13881.00000,447213304.00000,1,0,0,0,0,0,0,12,46,12,2,6624.18500
AllFleetRetreatPanorama,1921,2.19260,2.52450,2.20540,0.65536,,13881.00000,447213304.00000,1,0,0,0,0,0,0,12,46,12,2,6624.18500
AllFleetRetreatPanorama,1922,2.79480,2.50080,2.67700,0.68096,,13881.00000,447213304.00000,1,0,0,0,0,0,0,12,46,12,2,6624.18500
AllFleetRetreatPanorama,1923,3.21049,2.39040,3.29080,0.68198,,13881.00000,447213304.00000,1,0,0,0,0,0,0,12,46,12,2,6624.18500
AllFleetRetreatPanorama,1924,2.97161,2.20850,2.99930,0.67174,,13881.00000,447213304.00000,1,0,0,0,0,0,0,12,46,12,2,6624.18500
AllFleetRetreatPanorama,1925,2.45890,2.68190,2.40620,0.67584,,13881.00000,447295224.00000,1,0,0,0,0,0,0,12,46,12,2,6624.18500
AllFleetRetreatPanorama,1926,2.31409,3.29630,2.25420,0.70042,,13969.00000,447295224.00000,1,0,0,0,0,0,0,12,46,12,2,6624.18500
AllFleetRetreatPanorama,1927,2.80300,3.00410,2.88810,1.25952,,13881.00000,447213304.00000,1,0,0,0,0,0,0,12,46,12,2,6624.18500
AllFleetRetreatPanorama,1928,3.86860,2.41030,3.75560,0.66867,,13881.00000,447213304.00000,1,0,0,0,0,0,0,12,46,12,2,6624.18500
AllFleetRetreatPanorama,1929,3.50950,2.25900,3.51670,0.63181,,13881.00000,447213304.00000,1,0,0,0,0,0,0,12,46,12,2,6624.18500
AllFleetRetreatPanorama,1930,5.64311,2.89270,3.89510,0.68301,,13881.00000,447213304.00000,1,0,0,0,0,0,0,12,46,12,2,6624.18500
AllFleetRetreatPanorama,1931,6.13209,3.76560,5.61230,0.66765,,14681.00000,447213304.00000,1,0,0,0,0,0,0,12,46,12,2,6624.18500
AllFleetRetreatPanorama,1932,5.18650,3.52470,6.50000,0.66765,,17377.00000,447215684.00000,1,0,0,0,0,0,0,12,46,12,2,6624.18500
AllFleetRetreatPanorama,1933,7.46170,3.90130,3.58100,0.67482,,14681.00000,447215684.00000,1,0,0,0,0,0,0,12,46,12,2,6624.18500
AllFleetRetreatPanorama,1934,5.33920,5.61670,8.35020,0.85402,,14681.00000,447215684.00000,1,0,0,0,0,0,0,12,46,12,2,6624.18500
AllFleetRetreatPanorama,1935,2.95670,6.50690,4.72020,0.68198,,14681.00000,447215684.00000,1,0,0,0,0,0,0,12,46,12,2,6624.18500
AllFleetRetreatPanorama,1936,4.94070,3.58710,3.25290,0.66560,,13881.00000,447215684.00000,1,0,0,0,0,0,0,12,46,12,2,6624.18500
AllFleetRetreatPanorama,1937,4.17490,8.35720,5.39730,0.66560,,14681.00000,447215684.00000,1,0,0,0,0,0,0,12,46,12,2,6624.18500
AllFleetRetreatPanorama,1938,2.63450,4.72830,3.17000,0.67789,,13881.00000,447215684.00000,1,0,0,0,0,0,0,12,46,12,2,6624.18500
AllFleetRetreatPanorama,1939,6.48480,3.25720,3.70340,0.66150,,13881.00000,447215684.00000,1,0,0,0,0,0,0,12,46,12,2,6624.18500
AllFleetRetreatPanorama,1940,5.20740,5.40500,6.95220,0.66150,,17377.00000,447215684.00000,1,0,0,0,0,0,0,12,46,12,2,6624.18500
AllFleetRetreatPanorama,1941,2.82240,3.17560,3.75930,0.67994,,14681.00000,447218064.00000,1,0,0,0,0,0,0,12,46,12,2,6624.18500
AllFleetRetreatPanorama,1942,3.50490,3.70730,3.00350,0.67686,,13881.00000,447218064.00000,1,0,0,0,0,0,0,12,46,12,2,6624.18500
AllFleetRetreatPanorama,1943,3.09520,6.95860,2.89190,0.67686,,13881.00000,447218064.00000,1,0,0,0,0,0,0,12,46,12,2,6624.18500
AllFleetRetreatPanorama,1944,2.07400,3.76480,2.89170,0.65946,,14681.00000,447218064.00000,1,0,0,0,0,0,0,12,46,12,2,6624.18500
AllFleetRetreatPanorama,1945,4.41150,3.00840,3.98120,0.66867,,13881.00000,447218064.00000,1,0,0,0,0,0,0,12,46,12,2,6624.18500
AllFleetRetreatPanorama,1946,4.53050,2.89580,3.46130,0.66253,,14733.00000,447218064.00000,1,0,0,0,0,0,0,12,46,12,2,6624.18500
AllFleetRetreatPanorama,1947,5.26420,2.89610,5.97630,0.67686,,14681.00000,447218064.00000,1,0,0,0,0,0,0,12,46,12,2,6624.18500
AllFleetRetreatPanorama,1948,5.09470,3.98680,3.50180,0.66662,,14681.00000,447218064.00000,1,0,0,0,0,0,0,12,46,12,2,6624.18500
AllFleetRetreatPanorama,1949,4.34650,3.46600,6.04210,0.66970,,14681.00000,447218064.00000,1,0,0,0,0,0,0,12,46,12,2,6624.18500
AllFleetRetreatPanorama,1950,28.41940,5.98330,3.30330,0.71168,,17377.00000,447220444.00000,1,0,0,0,0,0,0,12,46,12,2,6624.18500
AllFleetRetreatPanorama,1951,6.84440,3.50910,29.98520,0.73728,,14681.00000,447220444.00000,1,0,0,0,0,0,0,12,46,12,2,6624.18500
AllFleetRetreatPanorama,1952,7.06650,6.04710,6.44340,0.69018,,14681.00000,447220444.00000,1,0,0,0,0,0,0,12,46,12,2,6624.18500
AllFleetRetreatPanorama,1953,4.08130,3.31000,6.48520,0.75878,,14681.00000,447220444.00000,1,0,0,0,0,0,0,12,46,12,2,6624.18500
AllFleetRetreatPanorama,1954,2.95811,29.99270,3.06790,1.31379,,14769.00000,447220444.00000,1,0,0,0,0,0,0,12,46,12,2,6624.18500
AllFleetRetreatPanorama,1955,4.68829,6.44720,3.14390,0.73830,,14681.00000,447220444.00000,1,0,0,0,0,0,0,12,46,12,2,6624.18500
AllFleetRetreatPanorama,1956,4.27650,6.49440,4.71350,0.68915,,14681.00000,447220444.00000,1,0,0,0,0,0,0,12,46,12,2,6624.18500
AllFleetRetreatPanorama,1957,4.73050,3.07280,4.28980,0.69939,,16577.00000,447220444.00000,1,0,0,0,0,0,0,12,46,12,2,6624.18500
AllFleetRetreatPanorama,1958,3.21500,3.14780,4.67240,0.70144,,14681.00000,447222824.00000,1,0,0,0,0,0,0,12,46,12,2,6624.18500
AllFleetRetreatPanorama,1959,2.58460,4.72200,3.21650,1.35782,,14681.00000,447222824.00000,1,0,0,0,0,0,0,12,46,12,2,6624.18500
AllFleetRetreatPanorama,1960,2.40920,4.29560,2.54010,0.72192,,14681.00000,447304744.00000,1,0,0,0,0,0,0,12,46,12,2,6624.18500
AllFleetRetreatPanorama,1961,2.24890,4.67830,2.24160,0.73421,,13881.00000,447304744.00000,1,0,0,0,0,0,0,12,46,12,2,6624.18500
AllFleetRetreatPanorama,1962,3.39230,3.22200,2.09210,1.36806,,13881.00000,447222824.00000,1,0,0,0,0,0,0,12,46,12,2,6624.18500
AllFleetRetreatPanorama,1963,3.91970,2.54440,4.97560,0.73421,,14681.00000,447222824.00000,1,0,0,0,0,0,0,12,46,12,2,6624.18500
AllFleetRetreatPanorama,1964,2.90340,2.24560,3.13960,0.71475,,14681.00000,447222824.00000,1,0,0,0,0,0,0,12,46,12,2,6624.18500
AllFleetRetreatPanorama,1965,2.26270,2.09570,2.26500,0.75776,,13881.00000,447222824.00000,1,0,0,0,0,0,0,12,46,12,2,6624.18500
AllFleetRetreatPanorama,1966,2.39311,4.98030,2.25520,0.70349,,13881.00000,447222824.00000,1,0,0,0,0,0,0,12,46,12,2,6624.18500
AllFleetRetreatPanorama,1967,4.51400,3.14480,3.53810,0.71885,,13881.00000,447222824.00000,1,0,0,0,0,0,0,12,46,12,2,6624.18500
AllFleetRetreatPanorama,1968,2.16400,2.26940,3.25890,0.72192,,14681.00000,447222824.00000,1,0,0,0,0,0,0,12,46,12,2,6624.18500
AllFleetRetreatPanorama,1969,1.95160,2.26240,1.95470,0.73626,,13881.00000,447222824.00000,1,0,0,0,0,0,0,12,46,12,2,6624.18500
AllFleetRetreatPanorama,1970,2.11170,3.54200,2.06130,0.73318,,16577.00000,447225204.00000,1,0,0,0,0,0,0,12,46,12,2,6624.18500
AllFleetRetreatPanorama,1971,1.95430,3.26340,1.99750,0.72294,,13881.00000,447307124.00000,1,0,0,0,0,0,0,12,46,12,2,6624.18500
AllFleetRetreatPanorama,1972,2.04910,1.95760,2.04350,0.70861,,13881.00000,447307124.00000,1,0,0,0,0,0,0,12,46,12,2,6624.18500
AllFleetRetreatPanorama,1973,2.09160,2.06460,2.05450,1.35475,,13881.00000,447225204.00000,1,0,0,0,0,0,0,12,46,12,2,6624.18500
AllFleetRetreatPanorama,1974,2.49290,2.00060,2.50320,0.72090,,13881.00000,447225204.00000,1,0,0,0,0,0,0,12,46,12,2,6624.18500
AllFleetRetreatPanorama,1975,2.28470,2.04690,2.26350,0.72397,,13881.00000,447225204.00000,1,0,0,0,0,0,0,12,46,12,2,6624.18500
AllFleetRetreatPanorama,1976,2.26080,2.05730,2.07960,0.71373,,13881.00000,447225204.00000,1,0,0,0,0,0,0,12,46,12,2,6624.18500
AllFleetRetreatPanorama,1977,2.14110,2.50690,2.34560,0.71578,,13881.00000,447225204.00000,1,0,0,0,0,0,0,12,46,12,2,6624.18500
AllFleetRetreatPanorama,1978,2.29960,2.26640,2.30770,0.69939,,13881.00000,447225204.00000,1,0,0,0,0,0,0,12,46,12,2,6624.18500
AllFleetRetreatPanorama,1979,2.07800,2.08270,1.99270,0.72090,,13881.00000,447307124.00000,1,0,0,0,0,0,0,12,46,12,2,6624.18500
AllFleetRetreatPanorama,1980,2.51930,2.34840,2.53620,0.71475,,13881.00000,447307124.00000,1,0,0,0,0,0,0,12,46,12,2,6624.18500
AllFleetRetreatPanorama,1981,2.80330,2.31020,2.80160,0.70758,,13881.00000,447225204.00000,1,0,0,0,0,0,0,12,46,12,2,6624.18500
AllFleetRetreatPanorama,1982,2.59830,1.99870,2.64600,0.70554,,13881.00000,447225204.00000,1,0,0,0,0,0,0,12,46,12,2,6624.18500
AllFleetRetreatPanorama,1983,1.88559,2.54070,1.88310,0.97587,,13881.00000,447241588.00000,1,0,0,0,0,0,0,12,46,12,2,6624.18500
AllFleetRetreatPanorama,1984,2.00530,2.80900,1.99910,0.70758,,13881.00000,447241588.00000,1,0,0,0,0,0,0,12,46,12,2,6624.18500
AllFleetRetreatPanorama,1985,1.95440,2.64930,1.89580,0.67789,,13881.00000,447225204.00000,1,0,0,0,0,0,0,12,46,12,2,6624.18500
AllFleetRetreatPanorama,1986,3.15040,1.88670,3.09940,0.71270,,13881.00000,447225204.00000,1,0,0,0,0,0,0,12,46,12,2,6624.18500
AllFleetRetreatPanorama,1987,2.44630,2.00190,2.50350,0.71270,,13881.00000,447225204.00000,1,0,0,0,0,0,0,12,46,12,2,6624.18500
AllFleetRetreatPanorama,1988,2.18140,1.89820,2.20180,0.70349,,13881.00000,447225204.00000,1,0,0,0,0,0,0,12,46,12,2,6624.18500
AllFleetRetreatPanorama,1989,2.04740,3.10810,2.04800,0.73421,,13881.00000,447225204.00000,1,0,0,0,0,0,0,12,46,12,2,6624.18500
AllFleetRetreatPanorama,1990,1.99980,2.50880,1.96960,0.71885,,13881.00000,447225204.00000,1,0,0,0,0,0,0,12,46,12,2,6624.18500
AllFleetRetreatPanorama,1991,1.86849,2.20630,1.90730,0.74957,,13881.00000,447225204.00000,1,0,0,0,0,0,0,12,46,12,2,6624.18500
AllFleetRetreatPanorama,1992,1.92251,2.05100,1.91570,0.71885,,13881.00000,447225204.00000,1,0,0,0,0,0,0,12,46,12,2,6624.18500
AllFleetRetreatPanorama,1993,2.20030,1.97230,2.12110,0.69530,,13881.00000,447307124.00000,1,0,0,0,0,0,0,12,46,12,2,6624.18500
AllFleetRetreatPanorama,1994,2.16250,1.90970,2.18610,0.69427,,13881.00000,447307124.00000,1,0,0,0,0,0,0,12,46,12,2,6624.18500
AllFleetRetreatPanorama,1995,2.30020,1.91880,2.26320,0.74957,,13881.00000,447225204.00000,1,0,0,0,0,0,0,12,46,12,2,6624.18500
AllFleetRetreatPanorama,1996,2.01220,2.12520,2.09350,0.70144,,13881.00000,447225204.00000,1,0,0,0,0,0,0,12,46,12,2,6624.18500
AllFleetRetreatPanorama,1997,2.51590,2.18920,2.49670,0.71168,,16577.00000,447227584.00000,1,0,0,0,0,0,0,12,46,12,2,6624.18500
AllFleetRetreatPanorama,1998,2.06949,2.26720,2.08290,0.72192,,13881.00000,447309504.00000,1,0,0,0,0,0,0,12,46,12,2,6624.18500
AllFleetRetreatPanorama,1999,1.99481,2.09730,1.99390,0.72909,,13881.00000,447309504.00000,1,0,0,0,0,0,0,12,46,12,2,6624.18500
AllFleetRetreatPanorama,2000,2.24709,2.49960,2.14750,0.69120,,13881.00000,447227584.00000,1,0,0,0,0,0,0,12,46,12,2,6624.18500
AllFleetRetreatPanorama,2001,2.87971,2.08710,2.95810,0.71475,,13881.00000,447227584.00000,1,0,0,0,0,0,0,12,46,12,2,6624.18500
AllFleetRetreatPanorama,2002,2.26580,1.99730,2.27260,0.70451,,13881.00000,447227584.00000,1,0,0,0,0,0,0,12,46,12,2,6624.18500
AllFleetRetreatPanorama,2003,1.98780,2.15270,1.97970,0.74752,,13881.00000,447227584.00000,1,0,0,0,0,0,0,12,46,12,2,6624.18500
AllFleetRetreatPanorama,2004,2.21370,2.96300,2.21300,0.71373,,13881.00000,447227584.00000,1,0,0,0,0,0,0,12,46,12,2,6624.18500
AllFleetRetreatPanorama,2005,2.03600,2.27680,1.99660,0.76083,,13881.00000,447309504.00000,1,0,0,0,0,0,0,12,46,12,2,6624.18500
AllFleetRetreatPanorama,2006,2.22300,1.98300,2.26050,0.70246,,13881.00000,447309504.00000,1,0,0,0,0,0,0,12,46,12,2,6624.18500
AllFleetRetreatPanorama,2007,2.15130,2.21690,2.09580,0.72397,,13881.00000,447227584.00000,1,0,0,0,0,0,0,12,46,12,2,6624.18500
AllFleetRetreatPanorama,2008,2.11620,2.00040,2.12560,0.69325,,13933.00000,447227584.00000,1,0,0,0,0,0,0,12,46,12,2,6624.18500
AllFleetRetreatPanorama,2009,1.95450,2.26300,1.99090,0.73523,,13881.00000,447309504.00000,1,0,0,0,0,0,0,12,46,12,2,6624.18500
AllFleetRetreatPanorama,2010,1.92330,2.09890,1.88560,0.74035,,13881.00000,447309504.00000,1,0,0,0,0,0,0,12,46,12,2,6624.18500
AllFleetRetreatPanorama,2011,1.83300,2.12890,1.86780,0.71885,,13881.00000,447227584.00000,1,0,0,0,0,0,0,12,46,12,2,6624.18500
AllFleetRetreatPanorama,2012,1.88810,1.99370,1.88030,0.72499,,13881.00000,447227584.00000,1,0,0,0,0,0,0,12,46,12,2,6624.18500
AllFleetRetreatPanorama,2013,1.84660,1.88880,1.84800,0.73318,,13881.00000,447227584.00000,1,0,0,0,0,0,0,12,46,12,2,6624.18500
AllFleetRetreatPanorama,2014,1.79340,1.87090,1.79130,0.74854,,13881.00000,447309504.00000,1,0,0,0,0,0,0,12,46,12,2,6624.18500
AllFleetRetreatPanorama,2015,2.21160,1.88290,2.13070,0.70554,,13881.00000,447391424.00000,1,0,0,0,0,0,0,12,46,12,2,6624.18500
AllFleetRetreatPanorama,2016,2.59140,1.85090,2.60760,0.69120,,13969.00000,447309504.00000,1,0,0,0,0,0,0,12,46,12,2,6624.18500
AllFleetRetreatPanorama,2017,2.24290,1.79390,2.26760,0.73318,,13881.00000,447227584.00000,1,0,0,0,0,0,0,12,46,12,2,6624.18500
AllFleetRetreatPanorama,2018,2.27080,2.13390,2.28480,0.74547,,13881.00000,447309504.00000,1,0,0,0,0,0,0,12,46,12,2,6624.18500
AllFleetRetreatPanorama,2019,1.89350,2.61060,1.89800,0.72090,,13881.00000,447309504.00000,1,0,0,0,0,0,0,12,46,12,2,6624.18500
AllFleetRetreatPanorama,2020,1.87299,2.27090,1.87440,0.73114,,13881.00000,447227584.00000,1,0,0,0,0,0,0,12,46,12,2,6624.18500
AllFleetRetreatPanorama,2021,1.98321,2.28780,1.92340,0.73114,,13881.00000,447309504.00000,1,0,0,0,0,0,0,12,46,12,2,6624.18500
AllFleetRetreatPanorama,2022,1.89960,1.90140,1.92890,0.70042,,13881.00000,447309504.00000,1,0,0,0,0,0,0,12,46,12,2,6624.18500
AllFleetRetreatPanorama,2023,5.04840,1.87720,2.53740,0.70042,,13881.00000,447309504.00000,1,0,0,0,0,0,0,12,46,12,2,6624.18500
AllFleetRetreatPanorama,2024,3.12020,1.92700,5.51590,0.72909,,16577.00000,447311884.00000,1,0,0,0,0,0,0,12,46,12,2,6624.18500
AllFleetRetreatPanorama,2025,2.22870,1.93140,2.33650,0.71885,,13881.00000,447311884.00000,1,0,0,0,0,0,0,12,46,12,2,6624.18500
AllFleetRetreatPanorama,2026,2.15570,2.54210,2.01080,0.69325,,13881.00000,447311884.00000,1,0,0,0,0,0,0,12,46,12,2,6624.18500
AllFleetRetreatPanorama,2027,2.76560,5.52260,2.89730,0.73728,,13881.00000,447229964.00000,1,0,0,0,0,0,0,12,46,12,2,6624.18500
AllFleetRetreatPanorama,2028,2.67130,2.34170,2.67030,0.73114,,13881.00000,447229964.00000,1,0,0,0,0,0,0,12,46,12,2,6624.18500
AllFleetRetreatPanorama,2029,2.10310,2.01670,2.07590,0.77619,,13881.00000,447229964.00000,1,0,0,0,0,0,0,12,46,12,2,6624.18500
AllFleetRetreatPanorama,2030,2.34540,2.90060,2.34050,1.39469,,13881.00000,447311884.00000,1,0,0,0,0,0,0,12,46,12,2,6624.18500
AllFleetRetreatPanorama,2031,2.07700,2.67470,2.10900,0.74752,,13881.00000,447311884.00000,1,0,0,0,0,0,0,12,46,12,2,6624.18500
AllFleetRetreatPanorama,2032,2.09060,2.07970,2.08890,0.77414,,13881.00000,447229964.00000,1,0,0,0,0,0,0,12,46,12,2,6624.18500
AllFleetRetreatPanorama,2033,2.62060,2.34440,2.61160,0.72704,,13881.00000,447229964.00000,1,0,0,0,0,0,0,12,46,12,2,6624.18500
AllFleetRetreatPanorama,2034,2.32530,2.11170,2.17020,0.77926,,13881.00000,447229964.00000,1,0,0,0,0,0,0,12,46,12,2,6624.18500
AllFleetRetreatPanorama,2035,2.32910,2.09190,2.46140,0.78131,,13881.00000,447229964.00000,1,0,0,0,0,0,0,12,46,12,2,6624.18500
AllFleetRetreatPanorama,2036,2.33340,2.61470,2.35300,0.74547,,13881.00000,447229964.00000,1,0,0,0,0,0,0,12,46,12,2,6624.18500
AllFleetRetreatPanorama,2037,2.14240,2.17330,2.13680,0.76083,,13881.00000,447229964.00000,1,0,0,0,0,0,0,12,46,12,2,6624.18500
AllFleetRetreatPanorama,2038,2.29060,2.46440,2.28270,0.73114,,13881.00000,447311884.00000,1,0,0,0,0,0,0,12,46,12,2,6624.18500
AllFleetRetreatPanorama,2039,2.27881,2.35550,2.23870,0.71168,,13881.00000,447311884.00000,1,0,0,0,0,0,0,12,46,12,2,6624.18500
AllFleetRetreatPanorama,2040,1.87759,2.13960,1.92120,0.72499,,13881.00000,447229964.00000,1,0,0,0,0,0,0,12,46,12,2,6624.18500
AllFleetRetreatPanorama,2041,2.05101,2.28580,1.99830,0.72294,,13881.00000,447311884.00000,1,0,0,0,0,0,0,12,46,12,2,6624.18500
AllFleetRetreatPanorama,2042,2.84989,2.24170,2.87970,0.68915,,16577.00000,447314264.00000,1,0,0,0,0,0,0,12,46,12,2,6624.18500
AllFleetRetreatPanorama,2043,2.00960,1.92380,2.00980,1.36909,,13881.00000,447232344.00000,1,0,0,0,0,0,0,12,46,12,2,6624.18500
AllFleetRetreatPanorama,2044,2.34140,2.00360,2.30330,0.71987,,13881.00000,447232344.00000,1,0,0,0,0,0,0,12,46,12,2,6624.18500
AllFleetRetreatPanorama,2045,1.95410,2.88350,1.99600,0.73728,,13881.00000,447232344.00000,1,0,0,0,0,0,0,12,46,12,2,6624.18500
AllFleetRetreatPanorama,2046,1.92750,2.01320,1.89760,0.72602,,13881.00000,447232344.00000,1,0,0,0,0,0,0,12,46,12,2,6624.18500
AllFleetRetreatPanorama,2047,2.31510,2.30620,2.33690,0.75366,,13881.00000,447232344.00000,1,0,0,0,0,0,0,12,46,12,2,6624.18500
AllFleetRetreatPanorama,2048,2.02460,1.99800,2.01480,0.72192,,13881.00000,447232344.00000,1,0,0,0,0,0,0,12,46,12,2,6624.18500
AllFleetRetreatPanorama,2049,2.26081,1.90070,2.22340,0.74957,,13881.00000,447232344.00000,1,0,0,0,0,0,0,12,46,12,2,6624.18500
AllFleetRetreatPanorama,2050,1.91340,2.33960,1.95430,0.70758,,13881.00000,447248728.00000,1,0,0,0,0,0,0,12,46,12,2,6624.18500
AllFleetRetreatPanorama,2051,48.89130,2.01710,3.33860,0.73523,,13881.00000,447248728.00000,0,0,0,0,0,0,0,12,46,12,2,6624.18500
