phase,frame,frameMs,cpuFrameMs,mainThreadMs,gpuMs,drawCalls,gcBytes,unityGraphicsBytes,focused,damagedPending,exploded,escaped,beams,reactorEffects,breakingFormation,fleeing,fleetInstancedDrawCalls,fleetVisibleInstancedShips,fleetChunkCount,maximumShipSpeedMetersPerSecond
AllFleetRetreatPanorama,1,2.44340,1.86360,2.53260,0.69120,,13831.00000,440427240.00000,1,0,0,0,0,0,0,0,46,12,2,0.00000
AllFleetRetreatPanorama,2,2.73070,1.66770,2.69160,1.28819,,13879.00000,440427240.00000,1,0,0,0,0,0,0,0,46,12,2,0.00000
AllFleetRetreatPanorama,3,1.96480,5.68070,2.00390,0.66662,,13831.00000,440443624.00000,1,0,0,0,0,0,0,0,46,12,2,0.00000
AllFleetRetreatPanorama,4,2.07870,2.53790,2.04340,1.21754,,13831.00000,440443624.00000,1,0,0,0,0,0,0,0,46,12,2,0.00000
AllFleetRetreatPanorama,5,1.82870,2.69600,1.86810,0.69632,,13831.00000,440509160.00000,1,0,0,0,0,0,0,0,46,12,2,0.00000
AllFleetRetreatPanorama,6,1.78010,2.00780,1.77930,0.66765,,13831.00000,440591080.00000,1,0,0,0,0,0,0,0,46,12,2,0.00000
AllFleetRetreatPanorama,7,2.59160,2.04790,2.52420,0.64922,,13831.00000,440509160.00000,1,0,0,0,0,0,12,0,46,12,2,27.99999
AllFleetRetreatPanorama,8,18.26640,1.87090,18.12340,0.66150,,34791.00000,440439140.00000,1,0,0,0,0,0,12,0,46,12,2,27.99999
AllFleetRetreatPanorama,9,11.20600,1.78260,11.18100,0.66458,,97099.00000,440462524.00000,1,0,0,0,0,0,12,0,46,12,2,55.99983
AllFleetRetreatPanorama,10,3.41499,2.52900,3.58420,0.67072,,18117.00000,440462524.00000,1,0,0,0,0,0,12,0,46,12,2,55.99983
AllFleetRetreatPanorama,11,2.20070,18.13150,2.19650,0.01024,,13881.00000,440544444.00000,1,0,0,0,0,0,12,0,46,12,2,55.99983
AllFleetRetreatPanorama,12,2.06610,11.19600,2.07660,0.03379,,13881.00000,440560828.00000,1,0,0,0,0,0,12,0,46,12,2,55.99983
AllFleetRetreatPanorama,13,1.86811,3.58880,1.87410,0.03277,,13881.00000,440478908.00000,1,0,0,0,0,0,12,0,46,12,2,83.99937
AllFleetRetreatPanorama,14,2.06020,2.20040,2.01240,0.65024,,13881.00000,440462524.00000,1,0,0,0,0,0,12,0,46,12,2,83.99937
AllFleetRetreatPanorama,15,1.84630,2.07950,1.89180,0.73114,,13881.00000,440544444.00000,1,0,0,0,0,0,12,0,46,12,2,83.99937
AllFleetRetreatPanorama,16,1.98850,1.87720,1.98470,0.66253,,13881.00000,440544444.00000,1,0,0,0,0,0,12,0,46,12,2,83.99937
AllFleetRetreatPanorama,17,2.09610,2.01580,2.08690,1.25850,,13881.00000,440462524.00000,1,0,0,0,0,0,12,0,46,12,2,83.99937
AllFleetRetreatPanorama,18,2.04390,1.89490,1.99160,0.66253,,13881.00000,440544444.00000,1,0,0,0,0,0,12,0,46,12,2,83.99937
AllFleetRetreatPanorama,19,2.08900,1.98770,2.09280,0.68915,,13881.00000,440544444.00000,1,0,0,0,0,0,12,0,46,12,2,83.99937
AllFleetRetreatPanorama,20,1.99280,2.09080,2.02830,1.35782,,13881.00000,440462524.00000,1,0,0,0,0,0,12,0,46,12,2,83.99937
AllFleetRetreatPanorama,21,2.07060,1.99570,2.02870,0.68608,,13881.00000,440544444.00000,1,0,0,0,0,0,12,0,46,12,2,83.99937
AllFleetRetreatPanorama,22,2.35430,2.09690,2.36630,0.68813,,13881.00000,440544444.00000,1,0,0,0,0,0,12,0,46,12,2,83.99937
AllFleetRetreatPanorama,23,2.67290,2.03250,2.59490,1.22266,,13881.00000,440462524.00000,1,0,0,0,0,0,12,0,46,12,2,111.99840
AllFleetRetreatPanorama,24,2.41740,2.03250,2.44990,0.66765,,13881.00000,440462524.00000,1,0,0,0,0,0,12,0,46,12,2,111.99840
AllFleetRetreatPanorama,25,2.12910,2.37120,2.17010,0.65229,,13881.00000,440462524.00000,1,0,0,0,0,0,12,0,46,12,2,111.99840
AllFleetRetreatPanorama,26,2.19580,2.60280,2.16900,0.88371,,13881.00000,440478908.00000,1,0,0,0,0,0,12,0,46,12,2,111.99840
AllFleetRetreatPanorama,27,2.00530,2.45550,2.03080,0.66048,,13881.00000,440478908.00000,1,0,0,0,0,0,12,0,46,12,2,111.99840
AllFleetRetreatPanorama,28,2.05310,2.17420,2.05010,0.66970,,13881.00000,440462524.00000,1,0,0,0,0,0,12,0,46,12,2,111.99840
AllFleetRetreatPanorama,29,2.06210,2.17420,2.00730,0.67789,,13881.00000,440544444.00000,1,0,0,0,0,0,12,0,46,12,2,111.99840
AllFleetRetreatPanorama,30,2.07330,2.03560,2.04940,0.67994,,13881.00000,440544444.00000,1,0,0,0,0,0,12,0,46,12,2,111.99840
AllFleetRetreatPanorama,31,3.28070,2.05440,3.24410,1.24723,,13881.00000,440462524.00000,1,0,0,0,0,0,12,0,46,12,2,139.99690
AllFleetRetreatPanorama,32,2.30880,2.01210,2.38650,0.67174,,13881.00000,440462524.00000,1,0,0,0,0,0,12,0,46,12,2,139.99690
AllFleetRetreatPanorama,33,1.95300,2.05520,1.96220,0.70861,,13881.00000,440544444.00000,1,0,0,0,0,0,12,0,46,12,2,139.99690
AllFleetRetreatPanorama,34,2.04590,3.25420,2.00400,0.69325,,13881.00000,440544444.00000,1,0,0,0,0,0,12,0,46,12,2,139.99690
AllFleetRetreatPanorama,35,1.90770,2.39030,1.95020,0.68506,,13881.00000,440462524.00000,1,0,0,0,0,0,12,0,46,12,2,139.99690
AllFleetRetreatPanorama,36,1.83260,1.96670,1.83020,0.65126,,13881.00000,440478908.00000,1,0,0,0,0,0,12,0,46,12,2,139.99690
AllFleetRetreatPanorama,37,1.94401,2.00810,1.93740,0.71270,,13881.00000,440478908.00000,1,0,0,0,0,0,12,0,46,12,2,139.99690
AllFleetRetreatPanorama,38,1.97260,1.95460,1.97170,0.67891,,13881.00000,440462524.00000,1,0,0,0,0,0,12,0,46,12,2,139.99690
AllFleetRetreatPanorama,39,1.81640,1.83410,1.81630,0.69939,,13881.00000,440462524.00000,1,0,0,0,0,0,12,0,46,12,2,139.99690
AllFleetRetreatPanorama,40,1.87511,1.94100,1.81590,0.66970,,13881.00000,440462524.00000,1,0,0,0,0,0,12,0,46,12,2,139.99690
AllFleetRetreatPanorama,41,2.30390,1.97490,2.29340,0.67686,,13881.00000,440544444.00000,1,0,0,0,0,0,12,0,46,12,2,167.99460
AllFleetRetreatPanorama,42,2.23670,1.82000,2.26930,0.69734,,13881.00000,440544444.00000,1,0,0,0,0,0,12,0,46,12,2,167.99460
AllFleetRetreatPanorama,43,2.10240,1.82010,2.09720,0.68301,,13881.00000,440462524.00000,1,0,0,0,0,0,12,0,46,12,2,167.99460
AllFleetRetreatPanorama,44,1.96910,2.29950,1.96240,0.69427,,13881.00000,440462524.00000,1,0,0,0,0,0,12,0,46,12,2,167.99460
AllFleetRetreatPanorama,45,2.14280,2.27340,1.99210,0.70042,,13881.00000,440462524.00000,1,0,0,0,0,0,12,0,46,12,2,167.99460
AllFleetRetreatPanorama,46,2.77340,2.10100,2.91780,0.65126,,13881.00000,440462524.00000,1,0,0,0,0,0,12,0,46,12,2,167.99460
AllFleetRetreatPanorama,47,2.43140,1.96640,2.36430,0.63795,,13881.00000,440462524.00000,1,0,0,0,0,0,12,0,46,12,2,167.99460
AllFleetRetreatPanorama,48,2.59581,1.99590,2.62390,0.72090,,13881.00000,440462524.00000,1,0,0,0,0,0,12,0,46,12,2,167.99460
AllFleetRetreatPanorama,49,2.22350,2.92250,2.20080,0.89190,,13881.00000,440462524.00000,1,0,0,0,0,0,12,0,46,12,2,167.99460
AllFleetRetreatPanorama,50,2.30230,2.37250,2.35080,0.67789,,13933.00000,440462524.00000,1,0,0,0,0,0,12,0,46,12,2,195.99130
AllFleetRetreatPanorama,51,2.06360,2.62830,2.06810,0.70349,,13881.00000,440544444.00000,1,0,0,0,0,0,12,0,46,12,2,195.99130
AllFleetRetreatPanorama,52,1.83650,2.20430,1.84140,0.67277,,13881.00000,440544444.00000,1,0,0,0,0,0,12,0,46,12,2,195.99130
AllFleetRetreatPanorama,53,2.03729,2.35500,2.03020,1.27386,,13881.00000,440478908.00000,1,0,0,0,0,0,12,0,46,12,2,195.99130
AllFleetRetreatPanorama,54,1.91801,2.07230,1.87430,0.67686,,13881.00000,440560828.00000,1,0,0,0,0,0,12,0,46,12,2,195.99130
AllFleetRetreatPanorama,55,2.26589,1.84520,2.25930,0.69120,,13881.00000,440544444.00000,1,0,0,0,0,0,12,0,46,12,2,195.99130
AllFleetRetreatPanorama,56,2.53510,2.03310,2.51000,0.67584,,13881.00000,440462524.00000,1,0,0,0,0,0,12,0,46,12,2,195.99130
AllFleetRetreatPanorama,57,2.34480,1.87760,2.38320,0.66253,,13881.00000,440478908.00000,1,0,0,0,0,0,12,0,46,12,2,195.99130
AllFleetRetreatPanorama,58,2.19830,2.26530,2.18670,0.68813,,13881.00000,440478908.00000,1,0,0,0,0,0,12,0,46,12,2,195.99130
AllFleetRetreatPanorama,59,2.69150,2.51750,2.60650,1.25235,,13881.00000,440462524.00000,1,0,0,0,0,0,12,0,46,12,2,223.98690
AllFleetRetreatPanorama,60,2.21970,2.38980,2.30840,0.67072,,13881.00000,440462524.00000,1,0,0,0,0,0,12,0,46,12,2,223.98690
AllFleetRetreatPanorama,61,1.88350,2.19500,1.87680,0.68915,,13881.00000,440478908.00000,1,0,0,0,0,0,12,0,46,12,2,223.98690
AllFleetRetreatPanorama,62,1.86470,2.61280,1.86410,0.65331,,13881.00000,440560828.00000,1,0,0,0,0,0,12,0,46,12,2,223.98690
AllFleetRetreatPanorama,63,1.85150,2.31330,1.85030,0.70246,,13881.00000,440626364.00000,1,0,0,0,0,0,12,0,46,12,2,223.98690
AllFleetRetreatPanorama,64,1.73430,1.88110,1.73160,0.66867,,13881.00000,440544444.00000,1,0,0,0,0,0,12,0,46,12,2,223.98690
AllFleetRetreatPanorama,65,2.09700,1.86820,2.02730,0.68506,,13881.00000,440462524.00000,1,0,0,0,0,0,12,0,46,12,2,223.98690
AllFleetRetreatPanorama,66,1.98230,1.85350,2.03970,0.66560,,13881.00000,440462524.00000,1,0,0,0,0,0,12,0,46,12,2,223.98690
AllFleetRetreatPanorama,67,2.21580,1.73490,2.16080,0.70042,,13881.00000,440462524.00000,1,0,0,0,0,0,12,0,46,12,2,223.98690
AllFleetRetreatPanorama,68,2.17700,2.03150,2.21400,0.71885,,13881.00000,440478908.00000,1,0,0,0,0,0,12,0,46,12,2,223.98690
AllFleetRetreatPanorama,69,2.30220,2.04300,2.31350,0.65946,,13881.00000,440560828.00000,1,0,0,0,0,0,12,0,46,12,2,251.98110
AllFleetRetreatPanorama,70,1.92800,2.16450,1.88520,0.89907,,13881.00000,440544444.00000,1,0,0,0,0,0,12,0,46,12,2,251.98110
AllFleetRetreatPanorama,71,1.86380,2.21870,1.89590,0.71782,,13881.00000,440478908.00000,1,0,0,0,0,0,12,0,46,12,2,251.98110
AllFleetRetreatPanorama,72,1.78420,2.31650,1.78870,0.71168,,13881.00000,440560828.00000,1,0,0,0,0,0,12,0,46,12,2,251.98110
AllFleetRetreatPanorama,73,1.87950,1.88850,1.78870,0.70349,,13881.00000,440626364.00000,1,0,0,0,0,0,12,0,46,12,2,251.98110
AllFleetRetreatPanorama,74,2.46730,1.89880,2.44930,0.70246,,13881.00000,440544444.00000,1,0,0,0,0,0,12,0,46,12,2,251.98110
AllFleetRetreatPanorama,75,3.14970,1.79120,3.20650,0.66150,,19845.00000,440462524.00000,1,0,0,0,0,0,12,0,46,12,2,251.98110
AllFleetRetreatPanorama,76,2.26570,1.79170,2.30290,0.67174,,18117.00000,440462524.00000,1,0,0,0,0,0,12,0,46,12,2,251.98110
AllFleetRetreatPanorama,77,1.69560,2.45390,1.69570,0.66253,,13881.00000,440544444.00000,1,0,0,0,0,0,12,0,46,12,2,251.98110
AllFleetRetreatPanorama,78,1.70540,3.20980,1.69610,0.04506,,13881.00000,440560828.00000,1,0,0,0,0,0,12,0,46,12,2,251.98110
AllFleetRetreatPanorama,79,2.35670,2.30560,2.34760,0.03379,,13881.00000,440478908.00000,1,0,0,0,0,0,12,0,46,12,2,279.97390
AllFleetRetreatPanorama,80,2.03050,1.69930,1.98000,0.69120,,13881.00000,440544444.00000,1,0,0,0,0,0,12,0,46,12,2,279.97390
AllFleetRetreatPanorama,81,1.75101,1.69920,1.80530,0.67174,,13881.00000,440544444.00000,1,0,0,0,0,0,12,0,46,12,2,279.97390
AllFleetRetreatPanorama,82,1.90800,2.35140,1.88340,0.71066,,13881.00000,440544444.00000,1,0,0,0,0,0,12,0,46,12,2,279.97390
AllFleetRetreatPanorama,83,1.95429,1.98310,1.95710,0.66150,,13881.00000,440626364.00000,1,0,0,0,0,0,12,0,46,12,2,279.97390
AllFleetRetreatPanorama,84,1.88960,1.80840,1.89920,0.70042,,13881.00000,440544444.00000,1,0,0,0,0,0,12,0,46,12,2,279.97390
AllFleetRetreatPanorama,85,1.78750,1.88690,1.78650,0.66970,,13881.00000,440478908.00000,1,0,0,0,0,0,12,0,46,12,2,279.97390
AllFleetRetreatPanorama,86,1.84720,1.96060,1.80500,0.68813,,13881.00000,440478908.00000,1,0,0,0,0,0,12,0,46,12,2,279.97390
AllFleetRetreatPanorama,87,1.92410,1.90250,1.94790,0.66662,,13881.00000,440462524.00000,1,0,0,0,0,0,12,0,46,12,2,279.97390
AllFleetRetreatPanorama,88,1.72590,1.78910,1.73550,0.67174,,13881.00000,440462524.00000,1,0,0,0,0,0,12,0,46,12,2,279.97390
AllFleetRetreatPanorama,89,1.82500,1.80880,1.81600,0.67789,,13881.00000,440462524.00000,1,0,0,0,0,0,12,0,46,12,2,307.96490
AllFleetRetreatPanorama,90,2.33210,1.95120,2.15450,0.67789,,13881.00000,440462524.00000,1,0,0,0,0,0,12,0,46,12,2,307.96490
AllFleetRetreatPanorama,91,2.00100,1.73870,2.15210,0.66970,,13881.00000,440462524.00000,1,0,0,0,0,0,12,0,46,12,2,307.96490
AllFleetRetreatPanorama,92,1.86450,1.81950,1.82650,0.66150,,13881.00000,440462524.00000,1,0,0,0,0,0,12,0,46,12,2,307.96490
AllFleetRetreatPanorama,93,2.06880,2.16180,2.11100,0.64205,,13881.00000,440462524.00000,1,0,0,0,0,0,12,0,46,12,2,307.96490
AllFleetRetreatPanorama,94,1.72140,2.15610,1.71860,0.68096,,13881.00000,440462524.00000,1,0,0,0,0,0,12,0,46,12,2,307.96490
AllFleetRetreatPanorama,95,1.73160,1.82980,1.73130,0.70246,,13881.00000,440544444.00000,1,0,0,0,0,0,12,0,46,12,2,307.96490
AllFleetRetreatPanorama,96,1.83510,2.11450,1.82240,0.69325,,13881.00000,440626364.00000,1,0,0,0,0,0,12,0,46,12,2,307.96490
AllFleetRetreatPanorama,97,1.97640,1.72200,1.98840,0.67686,,13881.00000,440544444.00000,1,0,0,0,0,0,12,0,46,12,2,307.96490
AllFleetRetreatPanorama,98,1.96740,1.73440,1.90790,1.22368,,13881.00000,440462524.00000,1,0,0,0,0,0,12,0,46,12,2,307.96490
AllFleetRetreatPanorama,99,2.52270,1.82570,2.56370,0.70144,,13881.00000,440462524.00000,1,0,0,0,0,0,12,0,46,12,2,335.95410
AllFleetRetreatPanorama,100,1.96450,1.99130,1.94930,0.70656,,13881.00000,440544444.00000,1,0,0,0,0,0,12,0,46,12,2,335.95410
AllFleetRetreatPanorama,101,1.85830,1.91060,1.87390,0.67686,,13881.00000,440626364.00000,1,0,0,0,0,0,12,0,46,12,2,335.95410
AllFleetRetreatPanorama,102,1.96220,2.56720,1.94840,0.68813,,13881.00000,440626364.00000,1,0,0,0,0,0,12,0,46,12,2,335.95410
AllFleetRetreatPanorama,103,1.75530,1.95360,1.72230,0.65126,,13881.00000,440544444.00000,1,0,0,0,0,0,12,0,46,12,2,335.95410
AllFleetRetreatPanorama,104,1.80280,1.87710,1.84080,1.24723,,13881.00000,440462524.00000,1,0,0,0,0,0,12,0,46,12,2,335.95410
AllFleetRetreatPanorama,105,1.85590,1.95140,1.72780,0.64410,,13881.00000,440544444.00000,1,0,0,0,0,0,12,0,46,12,2,335.95410
AllFleetRetreatPanorama,106,1.86270,1.72510,1.98930,0.66458,,13881.00000,440544444.00000,1,0,0,0,0,0,12,0,46,12,2,335.95410
AllFleetRetreatPanorama,107,1.94530,1.84380,1.92340,1.28614,,13881.00000,440478908.00000,1,0,0,0,0,0,12,0,46,12,2,335.95410
AllFleetRetreatPanorama,108,1.69270,1.73070,1.71090,0.69837,,13881.00000,440560828.00000,1,0,0,0,0,0,12,0,46,12,2,335.95410
AllFleetRetreatPanorama,109,1.93440,1.99220,1.87850,0.65434,,13881.00000,440544444.00000,1,0,0,0,0,0,12,0,46,12,2,335.95410
AllFleetRetreatPanorama,110,1.79950,1.92680,1.84490,0.65843,,13881.00000,440478908.00000,1,0,0,0,0,0,12,0,46,12,2,363.94110
AllFleetRetreatPanorama,111,2.23639,1.71350,2.15900,0.69632,,16577.00000,440481288.00000,1,0,0,0,0,0,12,0,46,12,2,363.94110
AllFleetRetreatPanorama,112,1.91120,1.88220,1.95650,0.73523,,13881.00000,440464904.00000,1,0,0,0,0,0,12,0,46,12,2,363.94110
AllFleetRetreatPanorama,113,2.00550,1.84860,2.01280,0.69018,,13881.00000,440464904.00000,1,0,0,0,0,0,12,0,46,12,2,363.94110
AllFleetRetreatPanorama,114,1.95290,2.16500,1.94860,0.68506,,13881.00000,440464904.00000,1,0,0,0,0,0,12,0,46,12,2,363.94110
AllFleetRetreatPanorama,115,2.28720,1.96110,2.23220,0.65434,,13881.00000,440464904.00000,1,0,0,0,0,0,12,0,46,12,2,363.94110
AllFleetRetreatPanorama,116,2.18020,2.01680,2.16170,0.70349,,13881.00000,440464904.00000,1,0,0,0,0,0,12,0,46,12,2,363.94110
AllFleetRetreatPanorama,117,2.97720,1.95250,3.00040,0.66458,,13881.00000,440464904.00000,1,0,0,0,0,0,12,0,46,12,2,363.94110
AllFleetRetreatPanorama,118,2.84860,2.23610,2.86730,0.70758,,13881.00000,440464904.00000,1,0,0,0,0,0,12,0,46,12,2,363.94110
AllFleetRetreatPanorama,119,2.64020,2.16850,2.57370,0.67072,,13881.00000,440464904.00000,1,0,0,0,0,0,12,0,46,12,2,391.92580
AllFleetRetreatPanorama,120,2.38930,3.00570,2.42000,0.67482,,13881.00000,440464904.00000,1,0,0,0,0,0,12,0,46,12,2,391.92580
AllFleetRetreatPanorama,121,2.89810,2.87360,2.92120,0.69222,,13881.00000,440464904.00000,1,0,0,0,0,0,12,0,46,12,2,391.92580
AllFleetRetreatPanorama,122,2.37260,2.57800,2.35060,0.69427,,13881.00000,440481288.00000,1,0,0,0,0,0,12,0,46,12,2,391.92580
AllFleetRetreatPanorama,123,2.05590,2.42430,2.08300,0.71168,,13881.00000,440481288.00000,1,0,0,0,0,0,12,0,46,12,2,391.92580
AllFleetRetreatPanorama,124,2.70339,2.92590,2.65590,0.70963,,13881.00000,440546824.00000,1,0,0,0,0,0,12,0,46,12,2,391.92580
AllFleetRetreatPanorama,125,1.94240,2.35670,1.97960,0.67686,,13881.00000,440546824.00000,1,0,0,0,0,0,12,0,46,12,2,391.92580
AllFleetRetreatPanorama,126,1.78620,2.08730,1.78510,0.67789,,13881.00000,440546824.00000,1,0,0,0,0,0,12,0,46,12,2,391.92580
AllFleetRetreatPanorama,127,2.38920,2.66060,2.32620,0.65536,,13881.00000,440628744.00000,1,0,0,0,0,0,12,0,46,12,2,419.90810
AllFleetRetreatPanorama,128,1.95990,1.98390,2.01230,0.67174,,13881.00000,440546824.00000,1,0,0,0,0,0,12,0,46,12,2,419.90810
AllFleetRetreatPanorama,129,1.95940,1.79000,1.91600,0.71270,,13881.00000,440464904.00000,1,0,0,0,0,0,12,0,46,12,2,419.90810
AllFleetRetreatPanorama,130,1.92360,2.33270,1.93850,0.70246,,13881.00000,440546824.00000,1,0,0,0,0,0,12,0,46,12,2,419.90810
AllFleetRetreatPanorama,131,1.98231,2.01700,2.00050,0.66048,,13881.00000,440546824.00000,1,0,0,0,0,0,12,0,46,12,2,419.90810
AllFleetRetreatPanorama,132,2.00450,1.91930,1.96280,0.72704,,13881.00000,440464904.00000,1,0,0,0,0,0,12,0,46,12,2,419.90810
AllFleetRetreatPanorama,133,2.19880,1.94220,2.19520,0.69530,,13881.00000,440546824.00000,1,0,0,0,0,0,12,0,46,12,2,419.90810
AllFleetRetreatPanorama,134,1.90800,2.00340,1.90760,0.67891,,13881.00000,440546824.00000,1,0,0,0,0,0,12,0,46,12,2,419.90810
AllFleetRetreatPanorama,135,1.82940,1.96630,1.85990,0.66867,,13881.00000,440464904.00000,1,0,0,0,0,0,12,0,46,12,2,419.90810
AllFleetRetreatPanorama,136,2.46980,2.19920,2.45660,0.67789,,13881.00000,440464904.00000,1,0,0,0,0,0,12,0,46,12,2,419.90810
AllFleetRetreatPanorama,137,2.01711,1.91060,1.97570,0.69120,,13881.00000,440481288.00000,1,0,0,0,0,0,12,0,46,12,2,447.88750
AllFleetRetreatPanorama,138,2.44820,1.86290,2.48190,0.67174,,13881.00000,440481288.00000,1,0,0,0,0,0,12,0,46,12,2,447.88750
AllFleetRetreatPanorama,139,1.96110,2.46070,1.92540,0.66458,,13881.00000,440546824.00000,1,0,0,0,0,0,12,0,46,12,2,447.88750
AllFleetRetreatPanorama,140,2.23410,1.97940,2.23240,0.92058,,13881.00000,440546824.00000,1,0,0,0,0,0,12,0,46,12,2,447.88750
AllFleetRetreatPanorama,141,2.00810,2.48580,2.02980,0.70246,,13881.00000,440464904.00000,1,0,0,0,0,0,12,0,46,12,2,447.88750
AllFleetRetreatPanorama,142,2.17410,1.92950,2.15930,0.68813,,13881.00000,440464904.00000,1,0,0,0,0,0,12,0,46,12,2,447.88750
AllFleetRetreatPanorama,143,2.20130,2.23750,1.99180,0.68506,,13881.00000,440481288.00000,1,0,0,0,0,0,12,0,46,12,2,447.88750
AllFleetRetreatPanorama,144,2.73850,2.03400,2.91430,0.67584,,13881.00000,440481288.00000,1,0,0,0,0,0,12,0,46,12,2,447.88750
AllFleetRetreatPanorama,145,1.90670,2.16290,1.94750,0.69222,,13881.00000,440546824.00000,1,0,0,0,0,0,12,0,46,12,2,447.88750
AllFleetRetreatPanorama,146,1.77690,1.99600,1.77040,0.66970,,13933.00000,440546824.00000,1,0,0,0,0,0,12,0,46,12,2,475.86400
AllFleetRetreatPanorama,147,1.93501,2.91840,1.88970,0.64819,,13881.00000,440464904.00000,1,0,0,0,0,0,12,0,46,12,2,475.86400
AllFleetRetreatPanorama,148,1.73289,1.95050,1.78530,0.69939,,13969.00000,440481288.00000,1,0,0,0,0,0,12,0,46,12,2,475.86400
AllFleetRetreatPanorama,149,1.69780,1.77330,1.69100,0.71578,,13881.00000,440497672.00000,1,0,0,0,0,0,12,0,46,12,2,475.86400
AllFleetRetreatPanorama,150,1.85470,1.89230,1.81340,0.71782,,13881.00000,440563208.00000,1,0,0,0,0,0,12,0,46,12,2,475.86400
AllFleetRetreatPanorama,151,2.54330,1.78770,2.57550,0.67686,,13881.00000,440563208.00000,1,0,0,0,0,0,12,0,46,12,2,475.86400
AllFleetRetreatPanorama,152,1.87840,1.69330,1.87080,0.69018,,13881.00000,440481288.00000,1,0,0,0,0,0,12,0,46,12,2,475.86400
AllFleetRetreatPanorama,153,1.85840,1.81620,1.86270,0.68710,,13881.00000,440464904.00000,1,0,0,0,0,0,12,0,46,12,2,475.86400
AllFleetRetreatPanorama,154,1.85870,2.57980,1.85040,0.66867,,13881.00000,440546824.00000,1,0,0,0,0,0,12,0,46,12,2,475.86400
AllFleetRetreatPanorama,155,1.95230,1.87440,1.88050,0.67584,,13881.00000,440546824.00000,1,0,0,0,0,0,12,0,46,12,2,475.86400
AllFleetRetreatPanorama,156,1.89900,1.86710,1.96420,0.68506,,13881.00000,440464904.00000,1,0,0,0,0,0,12,0,46,12,2,475.86400
AllFleetRetreatPanorama,157,1.77080,1.85460,1.77240,0.85606,,13881.00000,440546824.00000,1,0,0,0,0,0,12,0,46,12,2,503.83730
AllFleetRetreatPanorama,158,1.87241,1.88380,1.83880,0.71578,,13881.00000,440546824.00000,1,0,0,0,0,0,12,0,46,12,2,503.83730
AllFleetRetreatPanorama,159,2.70680,1.96760,2.69510,1.23290,,13881.00000,440464904.00000,1,0,0,0,0,0,12,0,46,12,2,503.83730
AllFleetRetreatPanorama,160,2.60160,1.77570,2.58350,0.65434,,13881.00000,440464904.00000,1,0,0,0,0,0,12,0,46,12,2,503.83730
AllFleetRetreatPanorama,161,3.18650,1.84230,3.20030,0.67482,,19207.00000,441071112.00000,1,0,0,0,0,0,12,0,46,12,2,503.83730
AllFleetRetreatPanorama,162,7.39110,2.70010,3.07720,0.67482,,13881.00000,441366024.00000,1,0,0,0,0,0,12,0,46,12,2,503.83730
AllFleetRetreatPanorama,163,6.71740,2.58820,8.68260,0.71373,,13881.00000,441529864.00000,1,0,0,0,0,0,12,0,46,12,2,531.80710
AllFleetRetreatPanorama,164,3.45300,3.20630,5.76020,1.30560,,13881.00000,441529864.00000,1,0,0,0,0,0,12,0,46,12,2,531.80710
AllFleetRetreatPanorama,165,23.92490,3.08370,2.64710,1.30560,,13881.00000,441529864.00000,1,0,0,0,0,0,12,0,46,12,2,559.77320
AllFleetRetreatPanorama,166,4.19179,8.68990,25.36950,0.70656,,13881.00000,441611784.00000,1,0,0,0,0,0,12,0,46,12,2,559.77320
AllFleetRetreatPanorama,167,2.24090,5.76660,2.33760,0.93696,,13881.00000,441447944.00000,1,0,0,0,0,0,12,0,46,12,2,559.77320
AllFleetRetreatPanorama,168,2.29190,2.65340,2.29050,1.24928,,13881.00000,441447944.00000,1,0,0,0,0,0,12,0,46,12,2,587.73530
AllFleetRetreatPanorama,169,2.02970,25.37750,2.03020,0.71475,,13881.00000,441447944.00000,1,0,0,0,0,0,12,0,46,12,2,587.73530
AllFleetRetreatPanorama,170,2.06520,2.34520,2.02970,0.70963,,13881.00000,441366024.00000,1,0,0,0,0,0,12,0,46,12,2,587.73530
AllFleetRetreatPanorama,171,2.08141,2.29620,2.06960,0.74138,,13881.00000,441447944.00000,1,0,0,0,0,0,12,0,46,12,2,587.73530
AllFleetRetreatPanorama,172,1.97020,2.03550,2.01380,0.72090,,13881.00000,441447944.00000,1,0,0,0,0,0,12,0,46,12,2,587.73530
AllFleetRetreatPanorama,173,1.99360,2.03720,1.91190,1.29229,,13881.00000,441366024.00000,1,0,0,0,0,0,12,0,46,12,2,587.73530
AllFleetRetreatPanorama,174,2.19370,2.07390,2.26480,0.65536,,13881.00000,441185800.00000,1,0,0,0,0,0,12,0,46,12,2,587.73530
AllFleetRetreatPanorama,175,1.84360,2.01830,1.84810,0.67379,,13881.00000,441185800.00000,1,0,0,0,0,0,12,0,46,12,2,587.73530
AllFleetRetreatPanorama,176,1.78690,1.91600,1.78260,1.27181,,13881.00000,441185800.00000,1,0,0,0,0,0,12,0,46,12,2,587.73530
AllFleetRetreatPanorama,177,1.86260,2.26950,1.82000,0.63898,,13881.00000,441267720.00000,1,0,0,0,0,0,12,0,46,12,2,587.73530
AllFleetRetreatPanorama,178,1.87600,1.85210,1.91600,0.67277,,13881.00000,440546824.00000,1,0,0,0,0,0,12,0,46,12,2,615.69320
AllFleetRetreatPanorama,179,2.53830,1.78590,2.23140,1.23290,,13881.00000,440546824.00000,1,0,0,0,0,0,12,0,46,12,2,615.69320
AllFleetRetreatPanorama,180,2.76200,1.82350,3.04600,0.65638,,13881.00000,440464904.00000,1,0,0,0,0,0,12,0,46,12,2,615.69320
AllFleetRetreatPanorama,181,1.83960,1.91880,1.84320,0.65536,,13881.00000,440464904.00000,1,0,0,0,0,0,12,0,46,12,2,615.69320
AllFleetRetreatPanorama,182,1.87730,2.23540,1.82340,0.71885,,13881.00000,440464904.00000,1,0,0,0,0,0,12,0,46,12,2,615.69320
AllFleetRetreatPanorama,183,1.88430,3.05120,1.89910,0.67482,,13881.00000,440546824.00000,1,0,0,0,0,0,12,0,46,12,2,615.69320
AllFleetRetreatPanorama,184,1.89650,1.84720,1.93000,0.68813,,13881.00000,440546824.00000,1,0,0,0,0,0,12,0,46,12,2,615.69320
AllFleetRetreatPanorama,185,1.99360,1.82730,1.95670,0.67277,,13881.00000,440464904.00000,1,0,0,0,0,0,12,0,46,12,2,615.69320
AllFleetRetreatPanorama,186,2.53340,1.90250,2.53330,0.67994,,13881.00000,440464904.00000,1,0,0,0,0,0,12,0,46,12,2,615.69320
AllFleetRetreatPanorama,187,2.40860,1.93370,2.36910,0.70246,,13881.00000,440464904.00000,1,0,0,0,0,0,12,0,46,12,2,643.64650
AllFleetRetreatPanorama,188,2.30100,1.96010,2.34720,1.28922,,16577.00000,440467080.00000,1,0,0,0,0,0,12,0,46,12,2,643.64650
AllFleetRetreatPanorama,189,2.37980,2.53890,2.38390,0.66355,,13881.00000,440467284.00000,1,0,0,0,0,0,12,0,46,12,2,643.64650
AllFleetRetreatPanorama,190,2.16250,2.37370,2.11520,0.70144,,13881.00000,440467284.00000,1,0,0,0,0,0,12,0,46,12,2,643.64650
AllFleetRetreatPanorama,191,1.86400,2.35170,1.90380,0.69837,,13881.00000,440549204.00000,1,0,0,0,0,0,12,0,46,12,2,643.64650
AllFleetRetreatPanorama,192,1.84280,2.38850,1.78950,0.70963,,13881.00000,440549204.00000,1,0,0,0,0,0,12,0,46,12,2,643.64650
AllFleetRetreatPanorama,193,2.08230,2.12030,2.09130,1.26771,,13881.00000,440467284.00000,1,0,0,0,0,0,12,0,46,12,2,643.64650
AllFleetRetreatPanorama,194,2.06110,1.90830,2.09480,0.67789,,13881.00000,440467284.00000,1,0,0,0,0,0,12,0,46,12,2,643.64650
AllFleetRetreatPanorama,195,9.20640,1.79330,1.68510,0.67789,,13881.00000,440467284.00000,1,0,0,0,0,0,12,0,46,12,2,671.59520
AllFleetRetreatPanorama,196,2.60200,2.09520,10.03300,0.70451,,13881.00000,440549204.00000,1,0,0,0,0,0,12,0,46,12,2,671.59520
AllFleetRetreatPanorama,197,4.71550,2.09800,2.20210,0.70451,,13881.00000,440549204.00000,1,0,0,0,0,0,12,0,46,12,2,671.59520
AllFleetRetreatPanorama,198,5.29480,1.68840,5.25700,0.68403,,13881.00000,440467284.00000,1,0,0,0,0,0,12,0,46,12,2,671.59520
AllFleetRetreatPanorama,199,2.37420,10.03860,4.87740,0.72192,,13969.00000,440549204.00000,1,0,0,0,0,0,12,0,46,12,2,699.53860
AllFleetRetreatPanorama,200,2.54600,2.20870,2.62340,0.69939,,13881.00000,440549204.00000,1,0,0,0,0,0,12,0,46,12,2,699.53860
AllFleetRetreatPanorama,201,5.97161,5.26360,2.20160,0.69939,,13881.00000,440549204.00000,1,0,0,0,0,0,12,0,46,12,2,699.53860
AllFleetRetreatPanorama,202,3.39400,4.88270,7.08960,0.66867,,13881.00000,440549204.00000,1,0,0,0,0,0,12,0,46,12,2,699.53860
AllFleetRetreatPanorama,203,2.12140,2.62760,2.18870,0.64819,,13881.00000,440467284.00000,1,0,0,0,0,0,12,0,46,12,2,699.53860
AllFleetRetreatPanorama,204,2.10480,2.20770,2.10230,0.62566,,13881.00000,440467284.00000,1,0,0,0,0,0,12,0,46,12,2,699.53860
AllFleetRetreatPanorama,205,2.05440,7.09490,2.03360,0.65638,,13881.00000,440549204.00000,1,0,0,0,0,0,12,0,46,12,2,699.53860
AllFleetRetreatPanorama,206,1.89470,2.19290,1.91450,0.66150,,13881.00000,440549204.00000,1,0,0,0,0,0,12,0,46,12,2,727.47680
AllFleetRetreatPanorama,207,2.33850,2.10670,2.29960,0.66560,,13881.00000,440467284.00000,1,0,0,0,0,0,12,0,46,12,2,727.47680
AllFleetRetreatPanorama,208,2.42710,2.03850,2.46240,0.67686,,13881.00000,440467284.00000,1,0,0,0,0,0,12,0,46,12,2,727.47680
AllFleetRetreatPanorama,209,1.86960,1.91920,1.87120,0.67686,,13881.00000,440467284.00000,1,0,0,0,0,0,12,0,46,12,2,727.47680
AllFleetRetreatPanorama,210,1.98119,2.30370,1.97820,1.25133,,13881.00000,440467284.00000,1,0,0,0,0,0,12,0,46,12,2,727.47680
AllFleetRetreatPanorama,211,2.14000,2.46670,2.13500,0.69530,,13881.00000,440549204.00000,1,0,0,0,0,0,12,0,46,12,2,727.47680
AllFleetRetreatPanorama,212,1.85690,1.87520,1.82050,0.66560,,13881.00000,440549204.00000,1,0,0,0,0,0,12,0,46,12,2,727.47680
AllFleetRetreatPanorama,213,1.95710,1.98180,1.98920,0.68710,,13881.00000,440467284.00000,1,0,0,0,0,0,12,0,46,12,2,727.47680
AllFleetRetreatPanorama,214,2.31440,2.13900,2.23560,0.66253,,13881.00000,440549204.00000,1,0,0,0,0,0,12,0,46,12,2,727.47680
AllFleetRetreatPanorama,215,2.31280,1.82360,2.23460,0.65126,,13881.00000,440549204.00000,1,0,0,0,0,0,12,0,46,12,2,727.47680
AllFleetRetreatPanorama,216,1.99481,1.99200,2.13650,0.66560,,13933.00000,440467284.00000,1,0,0,0,0,0,12,0,46,12,2,755.40920
AllFleetRetreatPanorama,217,2.19990,2.23920,2.15460,0.66355,,13881.00000,440549204.00000,1,0,0,0,0,0,12,0,46,12,2,755.40920
AllFleetRetreatPanorama,218,2.08800,2.23870,2.11250,0.71168,,13881.00000,440549204.00000,1,0,0,0,0,0,12,0,46,12,2,755.40920
AllFleetRetreatPanorama,219,2.32350,2.14010,2.30280,0.65946,,13881.00000,440467284.00000,1,0,0,0,0,0,12,0,46,12,2,755.40920
AllFleetRetreatPanorama,220,2.50291,2.15920,2.40900,0.66253,,13881.00000,440467284.00000,1,0,0,0,0,0,12,0,46,12,2,755.40920
AllFleetRetreatPanorama,221,2.17180,2.11730,2.21680,0.66662,,13881.00000,440467284.00000,1,0,0,0,0,0,12,0,46,12,2,755.40920
AllFleetRetreatPanorama,222,2.44500,2.30650,2.41970,0.69530,,13881.00000,440549204.00000,1,0,0,0,0,0,12,0,46,12,2,755.40920
AllFleetRetreatPanorama,223,2.25390,2.41590,2.33020,0.64205,,13881.00000,440549204.00000,1,0,0,0,0,0,12,0,46,12,2,755.40920
AllFleetRetreatPanorama,224,2.09290,2.22180,2.09040,0.88064,,13881.00000,440483668.00000,1,0,0,0,0,0,12,0,46,12,2,755.40920
AllFleetRetreatPanorama,225,1.87270,2.42470,1.87080,0.67379,,13881.00000,440565588.00000,1,0,0,0,0,0,12,0,46,12,2,783.33560
AllFleetRetreatPanorama,226,1.80620,2.33500,1.80550,0.91341,,13881.00000,440631124.00000,1,0,0,0,0,0,12,0,46,12,2,783.33560
AllFleetRetreatPanorama,227,1.75240,2.09500,1.74460,0.67891,,13881.00000,440565588.00000,1,0,0,0,0,0,12,0,46,12,2,783.33560
AllFleetRetreatPanorama,228,1.87520,1.87580,1.83110,0.67072,,13881.00000,440565588.00000,1,0,0,0,0,0,12,0,46,12,2,783.33560
AllFleetRetreatPanorama,229,2.35630,1.80980,2.36630,0.70861,,13881.00000,440549204.00000,1,0,0,0,0,0,12,0,46,12,2,783.33560
AllFleetRetreatPanorama,230,2.18050,1.74850,2.19110,0.68915,,13881.00000,440467284.00000,1,0,0,0,0,0,12,0,46,12,2,783.33560
AllFleetRetreatPanorama,231,6.07640,1.83500,2.19260,0.68915,,13881.00000,440467284.00000,1,0,0,0,0,0,12,0,46,12,2,783.33560
AllFleetRetreatPanorama,232,2.60720,2.37100,6.44100,0.66355,,13881.00000,440549204.00000,1,0,0,0,0,0,12,0,46,12,2,811.25560
AllFleetRetreatPanorama,233,2.63250,2.19670,2.58760,1.26976,,13881.00000,440549204.00000,1,0,0,0,0,0,12,0,46,12,2,811.25560
AllFleetRetreatPanorama,234,2.07540,2.19680,2.13940,0.70963,,13881.00000,440467284.00000,1,0,0,0,0,0,12,0,46,12,2,811.25560
AllFleetRetreatPanorama,235,2.04970,6.44580,2.01140,0.66867,,13881.00000,440467284.00000,1,0,0,0,0,0,12,0,46,12,2,811.25560
AllFleetRetreatPanorama,236,1.91290,2.59410,1.95580,0.69120,,13881.00000,440467284.00000,1,0,0,0,0,0,12,0,46,12,2,811.25560
AllFleetRetreatPanorama,237,2.15690,2.14620,2.10560,0.67584,,13881.00000,440467284.00000,1,0,0,0,0,0,12,0,46,12,2,811.25560
AllFleetRetreatPanorama,238,2.01150,2.01590,2.06090,0.67072,,13881.00000,440467284.00000,1,0,0,0,0,0,12,0,46,12,2,811.25560
AllFleetRetreatPanorama,239,2.01370,1.95940,2.01410,0.62771,,13881.00000,440467284.00000,1,0,0,0,0,0,12,0,46,12,2,811.25560
AllFleetRetreatPanorama,240,2.05930,2.11000,2.05720,0.67072,,13881.00000,440467284.00000,1,0,0,0,0,0,12,0,46,12,2,811.25560
AllFleetRetreatPanorama,241,2.03370,2.06430,2.02840,0.65434,,13881.00000,440467284.00000,1,0,0,0,0,0,12,0,46,12,2,811.25560
AllFleetRetreatPanorama,242,2.29490,2.01710,2.14840,0.67072,,13881.00000,440467284.00000,1,0,0,0,0,0,12,0,46,12,2,839.16900
AllFleetRetreatPanorama,243,2.30030,2.06050,2.43350,0.62976,,16577.00000,440467284.00000,1,0,0,0,0,0,12,0,46,12,2,839.16900
AllFleetRetreatPanorama,244,1.79240,2.03200,1.79590,0.90522,,13881.00000,440486048.00000,1,0,0,0,0,0,12,0,46,12,2,839.16900
AllFleetRetreatPanorama,245,1.75220,2.15190,1.75180,0.63181,,13881.00000,440486048.00000,1,0,0,0,0,0,12,0,46,12,2,839.16900
AllFleetRetreatPanorama,246,1.84550,2.43700,1.84320,0.67584,,13881.00000,440469664.00000,1,0,0,0,0,0,12,0,46,12,2,839.16900
AllFleetRetreatPanorama,247,1.70609,1.79870,1.69820,0.62771,,13881.00000,440486048.00000,1,0,0,0,0,0,12,0,46,12,2,839.16900
AllFleetRetreatPanorama,248,1.96490,1.75430,1.92240,0.66355,,13881.00000,440486048.00000,1,0,0,0,0,0,12,0,46,12,2,839.16900
AllFleetRetreatPanorama,249,2.00340,1.84590,1.99400,0.66150,,13881.00000,440469664.00000,1,0,0,0,0,0,12,0,46,12,2,839.16900
AllFleetRetreatPanorama,250,2.31740,1.70080,2.36460,0.66458,,13881.00000,440469664.00000,1,0,0,0,0,0,12,0,46,12,2,839.16900
AllFleetRetreatPanorama,251,1.88360,1.92530,1.88090,0.62976,,13881.00000,440469664.00000,1,0,0,0,0,0,12,0,46,12,2,839.16900
AllFleetRetreatPanorama,252,1.80590,1.99730,1.78450,0.67584,,13881.00000,440469664.00000,1,0,0,0,0,0,12,0,46,12,2,867.07530
AllFleetRetreatPanorama,253,1.99600,2.36780,1.97790,0.63590,,13881.00000,440469664.00000,1,0,0,0,0,0,12,0,46,12,2,867.07530
AllFleetRetreatPanorama,254,1.76810,1.88350,1.79960,0.67686,,13881.00000,440469664.00000,1,0,0,0,0,0,12,0,46,12,2,867.07530
AllFleetRetreatPanorama,255,1.75930,1.78690,1.75280,0.64000,,13881.00000,440469664.00000,1,0,0,0,0,0,12,0,46,12,2,867.07530
AllFleetRetreatPanorama,256,1.76330,1.98050,1.76520,0.66970,,13881.00000,440551584.00000,1,0,0,0,0,0,12,0,46,12,2,867.07530
AllFleetRetreatPanorama,257,2.37960,1.80220,2.37580,0.64102,,13881.00000,440551584.00000,1,0,0,0,0,0,12,0,46,12,2,867.07530
AllFleetRetreatPanorama,258,1.87470,1.75580,1.87200,0.67789,,13881.00000,440486048.00000,1,0,0,0,0,0,12,0,46,12,2,867.07530
AllFleetRetreatPanorama,259,1.84940,1.76840,1.80920,0.63488,,13881.00000,440567968.00000,1,0,0,0,0,0,12,0,46,12,2,867.07530
AllFleetRetreatPanorama,260,1.86690,2.37890,1.89970,0.67174,,13881.00000,440551584.00000,1,0,0,0,0,0,12,0,46,12,2,867.07530
AllFleetRetreatPanorama,261,1.88460,1.87460,1.88170,1.21958,,13881.00000,440469664.00000,1,0,0,0,0,0,12,0,46,12,2,867.07530
AllFleetRetreatPanorama,262,1.93120,1.81180,1.92250,0.68301,,13881.00000,440551584.00000,1,0,0,0,0,0,12,0,46,12,2,867.07530
AllFleetRetreatPanorama,263,1.91160,1.90250,1.87970,0.62976,,13881.00000,440551584.00000,1,0,0,0,0,0,12,0,46,12,2,894.97430
AllFleetRetreatPanorama,264,2.13220,1.88480,2.16300,0.67584,,13881.00000,440469664.00000,1,0,0,0,0,0,12,0,46,12,2,894.97430
AllFleetRetreatPanorama,265,2.03700,1.92530,1.92070,0.65434,,13881.00000,440551584.00000,1,0,0,0,0,0,12,0,46,12,2,894.97430
AllFleetRetreatPanorama,266,1.86760,1.88270,1.97180,0.66253,,13969.00000,440551584.00000,1,0,0,0,0,0,12,0,46,12,2,894.97430
AllFleetRetreatPanorama,267,2.31140,2.16610,2.31170,1.22778,,13881.00000,440469664.00000,1,0,0,0,0,0,12,0,46,12,2,894.97430
AllFleetRetreatPanorama,268,2.85259,1.92410,2.78480,0.89498,,13881.00000,440469664.00000,1,0,0,0,0,0,12,0,46,12,2,894.97430
AllFleetRetreatPanorama,269,2.37490,1.97540,2.38190,0.66458,,13881.00000,440469664.00000,1,0,0,0,0,0,12,0,46,12,2,894.97430
AllFleetRetreatPanorama,270,2.28061,2.31500,2.26650,0.85094,,13881.00000,440469664.00000,1,0,0,0,0,0,12,0,46,12,2,894.97430
AllFleetRetreatPanorama,271,2.23310,2.79420,2.27860,0.63590,,13881.00000,440469664.00000,1,0,0,0,0,0,12,0,46,12,2,894.97430
AllFleetRetreatPanorama,272,2.58770,2.38700,2.58210,0.66355,,13881.00000,440469664.00000,1,0,0,0,0,0,12,0,46,12,2,922.86550
AllFleetRetreatPanorama,273,2.32810,2.27020,2.33300,0.65229,,13881.00000,440486048.00000,1,0,0,0,0,0,12,0,46,12,2,922.86550
AllFleetRetreatPanorama,274,2.12750,2.28170,2.09740,0.66253,,13881.00000,440486048.00000,1,0,0,0,0,0,12,0,46,12,2,922.86550
AllFleetRetreatPanorama,275,1.96620,2.58610,1.94730,1.22470,,13881.00000,440469664.00000,1,0,0,0,0,0,12,0,46,12,2,922.86550
AllFleetRetreatPanorama,276,2.26811,2.33610,2.28850,0.66048,,13881.00000,440469664.00000,1,0,0,0,0,0,12,0,46,12,2,922.86550
AllFleetRetreatPanorama,277,1.96070,2.10150,1.97930,0.65741,,13881.00000,440469664.00000,1,0,0,0,0,0,12,0,46,12,2,922.86550
AllFleetRetreatPanorama,278,2.07420,1.95060,2.01770,0.65843,,13881.00000,440469664.00000,1,0,0,0,0,0,12,0,46,12,2,922.86550
AllFleetRetreatPanorama,279,2.45530,2.29150,2.50200,0.62566,,13881.00000,440469664.00000,1,0,0,0,0,0,12,0,46,12,2,922.86550
AllFleetRetreatPanorama,280,1.75339,1.98200,1.71820,0.65741,,13881.00000,440486048.00000,1,0,0,0,0,0,12,0,46,12,2,922.86550
AllFleetRetreatPanorama,281,1.86200,2.02090,1.88200,0.66867,,13881.00000,440486048.00000,1,0,0,0,0,0,12,0,46,12,2,950.74870
AllFleetRetreatPanorama,282,2.59450,2.50560,2.59180,0.66458,,13881.00000,440469664.00000,1,0,0,0,0,0,12,0,46,12,2,950.74870
AllFleetRetreatPanorama,283,3.34799,1.72090,3.31160,0.64410,,13881.00000,440469664.00000,1,0,0,0,0,0,12,0,46,12,2,950.74870
AllFleetRetreatPanorama,284,2.16020,1.88550,2.15130,1.23802,,13881.00000,440469664.00000,1,0,0,0,0,0,12,0,46,12,2,950.74870
AllFleetRetreatPanorama,285,2.38530,2.59540,2.35120,0.65843,,13881.00000,440469664.00000,1,0,0,0,0,0,12,0,46,12,2,950.74870
AllFleetRetreatPanorama,286,2.30101,3.31640,2.31350,0.65843,,13881.00000,440469664.00000,1,0,0,0,0,0,12,0,46,12,2,950.74870
AllFleetRetreatPanorama,287,2.19570,2.15540,2.24400,0.63488,,13881.00000,440469664.00000,1,0,0,0,0,0,12,0,46,12,2,950.74870
AllFleetRetreatPanorama,288,2.14160,2.35720,2.14170,0.66765,,13881.00000,440469664.00000,1,0,0,0,0,0,12,0,46,12,2,950.74870
AllFleetRetreatPanorama,289,2.18771,2.31730,2.14770,0.64922,,13881.00000,440551584.00000,1,0,0,0,0,0,12,0,46,12,2,978.62310
AllFleetRetreatPanorama,290,2.15950,2.24820,2.14900,0.64102,,16577.00000,440553964.00000,1,0,0,0,0,0,12,0,46,12,2,978.62310
AllFleetRetreatPanorama,291,1.87190,2.14500,1.90770,0.63078,,13881.00000,440472044.00000,1,0,0,0,0,0,12,0,46,12,2,978.62310
AllFleetRetreatPanorama,292,1.87960,2.15240,1.87740,0.66458,,13881.00000,440553964.00000,1,0,0,0,0,0,12,0,46,12,2,978.62310
AllFleetRetreatPanorama,293,2.32780,2.15190,2.32990,0.65536,,13881.00000,440553964.00000,1,0,0,0,0,0,12,0,46,12,2,978.62310
AllFleetRetreatPanorama,294,1.77100,1.91090,1.76340,1.23597,,13881.00000,440472044.00000,1,0,0,0,0,0,12,0,46,12,2,978.62310
AllFleetRetreatPanorama,295,1.95770,1.88070,1.89040,0.62874,,13881.00000,440553964.00000,1,0,0,0,0,0,12,0,46,12,2,978.62310
AllFleetRetreatPanorama,296,1.85970,2.33320,1.88730,0.66048,,13881.00000,440553964.00000,1,0,0,0,0,0,12,0,46,12,2,978.62310
AllFleetRetreatPanorama,297,4.91750,1.76690,1.84160,0.66048,,13881.00000,440553964.00000,1,0,0,0,0,0,12,0,46,12,2,978.62310
AllFleetRetreatPanorama,298,2.12720,1.89340,5.18340,0.64410,,13881.00000,440553964.00000,1,0,0,0,0,0,12,0,46,12,2,1006.48900
AllFleetRetreatPanorama,299,2.64340,1.89020,2.66280,0.65843,,13881.00000,440472044.00000,1,0,0,0,0,0,12,0,46,12,2,1006.48900
AllFleetRetreatPanorama,300,2.23790,1.84400,2.19070,0.66253,,13881.00000,440472044.00000,1,0,0,0,0,0,12,0,46,12,2,1006.48900
AllFleetRetreatPanorama,301,2.20420,5.18700,2.25480,0.68506,,13881.00000,440472044.00000,1,0,0,0,0,0,12,0,46,12,2,1006.48900
AllFleetRetreatPanorama,302,1.92440,2.66980,1.91730,0.67174,,13881.00000,440488428.00000,1,0,0,0,0,0,12,0,46,12,2,1006.48900
AllFleetRetreatPanorama,303,1.88630,2.19550,1.89150,0.69222,,13881.00000,440570348.00000,1,0,0,0,0,0,12,0,46,12,2,1006.48900
AllFleetRetreatPanorama,304,1.95480,2.25850,1.95340,0.64819,,13881.00000,440553964.00000,1,0,0,0,0,0,12,0,46,12,2,1006.48900
AllFleetRetreatPanorama,305,1.84900,1.92070,1.84470,0.66048,,13881.00000,440472044.00000,1,0,0,0,0,0,12,0,46,12,2,1006.48900
AllFleetRetreatPanorama,306,2.04140,1.89550,1.98900,0.66662,,13881.00000,440472044.00000,1,0,0,0,0,0,12,0,46,12,2,1006.48900
AllFleetRetreatPanorama,307,2.02980,1.95700,2.06020,0.70144,,13881.00000,440472044.00000,1,0,0,0,0,0,12,0,46,12,2,1034.34500
AllFleetRetreatPanorama,308,2.18960,1.84880,2.19700,0.67994,,13933.00000,440472044.00000,1,0,0,0,0,0,12,0,46,12,2,1034.34500
AllFleetRetreatPanorama,309,2.55510,1.99230,2.53900,0.70144,,13881.00000,440553964.00000,1,0,0,0,0,0,12,0,46,12,2,1034.34500
AllFleetRetreatPanorama,310,1.79580,2.06480,1.80920,0.65946,,13881.00000,440570348.00000,1,0,0,0,0,0,12,0,46,12,2,1034.34500
AllFleetRetreatPanorama,311,1.78830,2.20130,1.75430,0.84070,,13881.00000,440488428.00000,1,0,0,0,0,0,12,0,46,12,2,1034.34500
AllFleetRetreatPanorama,312,1.88650,2.54290,1.90700,0.65843,,13881.00000,440553964.00000,1,0,0,0,0,0,12,0,46,12,2,1034.34500
AllFleetRetreatPanorama,313,2.94510,1.81280,2.94150,0.65843,,13881.00000,440553964.00000,1,0,0,0,0,0,12,0,46,12,2,1034.34500
AllFleetRetreatPanorama,314,2.47280,1.75750,2.47480,0.69837,,13881.00000,440488428.00000,1,0,0,0,0,0,12,0,46,12,2,1034.34500
AllFleetRetreatPanorama,315,2.17000,1.91040,2.17260,0.67686,,13881.00000,440488428.00000,1,0,0,0,0,0,12,0,46,12,2,1034.34500
AllFleetRetreatPanorama,316,2.40970,2.94460,2.18810,0.67789,,13881.00000,440472044.00000,1,0,0,0,0,0,12,0,46,12,2,1062.19100
AllFleetRetreatPanorama,317,2.53900,2.47870,2.71390,0.65946,,13881.00000,440472044.00000,1,0,0,0,0,0,12,0,46,12,2,1062.19100
AllFleetRetreatPanorama,318,2.24300,2.17560,2.19620,0.69222,,13881.00000,440472044.00000,1,0,0,0,0,0,12,0,46,12,2,1062.19100
AllFleetRetreatPanorama,319,2.30890,2.19800,2.33170,0.68301,,13881.00000,440472044.00000,1,0,0,0,0,0,12,0,46,12,2,1062.19100
AllFleetRetreatPanorama,320,2.70460,2.71950,2.65980,0.71782,,13881.00000,440472044.00000,1,0,0,0,0,0,12,0,46,12,2,1062.19100
AllFleetRetreatPanorama,321,3.29340,2.20280,3.26250,0.67277,,13881.00000,440472044.00000,1,0,0,0,0,0,12,0,46,12,2,1062.19100
AllFleetRetreatPanorama,322,2.12520,2.33650,2.19990,0.67686,,13881.00000,440472044.00000,1,0,0,0,0,0,12,0,46,12,2,1062.19100
AllFleetRetreatPanorama,323,1.98140,2.66630,1.98430,0.68915,,13881.00000,440472044.00000,1,0,0,0,0,0,12,0,46,12,2,1062.19100
AllFleetRetreatPanorama,324,2.12910,3.26750,2.13040,0.65843,,13881.00000,440553964.00000,1,0,0,0,0,0,12,0,46,12,2,1062.19100
AllFleetRetreatPanorama,325,1.81610,2.20480,1.82490,0.67686,,13881.00000,440553964.00000,1,0,0,0,0,0,12,0,46,12,2,1090.02700
AllFleetRetreatPanorama,326,2.22860,1.98880,2.04430,1.27488,,13881.00000,440472044.00000,1,0,0,0,0,0,12,0,46,12,2,1090.02700
AllFleetRetreatPanorama,327,5.25460,2.13530,2.35030,1.27488,,13881.00000,440472044.00000,1,0,0,0,0,0,12,0,46,12,2,1090.02700
AllFleetRetreatPanorama,328,2.93840,1.82860,5.96670,0.69530,,13881.00000,440553964.00000,1,0,0,0,0,0,12,0,46,12,2,1090.02700
AllFleetRetreatPanorama,329,2.28250,2.05090,2.23620,0.67482,,13881.00000,440553964.00000,1,0,0,0,0,0,12,0,46,12,2,1090.02700
AllFleetRetreatPanorama,330,2.14370,2.35590,2.13170,0.66867,,13881.00000,440472044.00000,1,0,0,0,0,0,12,0,46,12,2,1090.02700
AllFleetRetreatPanorama,331,2.15741,5.97460,2.22870,0.67277,,13969.00000,440472044.00000,1,0,0,0,0,0,12,0,46,12,2,1090.02700
AllFleetRetreatPanorama,332,2.18150,2.24290,2.17620,0.67277,,13881.00000,440472044.00000,1,0,0,0,0,0,12,0,46,12,2,1117.85300
AllFleetRetreatPanorama,333,2.16860,2.13600,2.16240,0.67482,,16577.00000,440472044.00000,1,0,0,0,0,0,12,0,46,12,2,1117.85300
AllFleetRetreatPanorama,334,1.97820,2.23210,1.92410,0.63386,,13881.00000,440556344.00000,1,0,0,0,0,0,12,0,46,12,2,1117.85300
AllFleetRetreatPanorama,335,1.99830,2.17950,2.01140,0.64922,,13881.00000,440556344.00000,1,0,0,0,0,0,12,0,46,12,2,1117.85300
AllFleetRetreatPanorama,336,2.03681,2.16830,2.07260,0.66765,,13881.00000,440474424.00000,1,0,0,0,0,0,12,0,46,12,2,1117.85300
AllFleetRetreatPanorama,337,1.86370,1.92800,1.86820,0.64307,,13881.00000,440474424.00000,1,0,0,0,0,0,12,0,46,12,2,1117.85300
AllFleetRetreatPanorama,338,1.78350,2.01600,1.78050,0.63590,,13881.00000,440556344.00000,1,0,0,0,0,0,12,0,46,12,2,1117.85300
AllFleetRetreatPanorama,339,1.74420,2.07740,1.74100,0.64922,,13881.00000,440556344.00000,1,0,0,0,0,0,12,0,46,12,2,1117.85300
AllFleetRetreatPanorama,340,2.48600,1.87300,2.43590,0.64614,,13881.00000,440474424.00000,1,0,0,0,0,0,12,0,46,12,2,1117.85300
AllFleetRetreatPanorama,341,1.85651,1.78450,1.88390,0.63078,,13881.00000,440556344.00000,1,0,0,0,0,0,12,0,46,12,2,1117.85300
AllFleetRetreatPanorama,342,2.75890,1.74480,2.75390,0.66355,,13881.00000,440556344.00000,1,0,0,0,0,0,12,0,46,12,2,1145.66700
AllFleetRetreatPanorama,343,1.92510,2.44060,1.93480,0.65126,,13881.00000,440474424.00000,1,0,0,0,0,0,12,0,46,12,2,1145.66700
AllFleetRetreatPanorama,344,1.89410,1.88810,1.86300,0.65536,,13881.00000,440474424.00000,1,0,0,0,0,0,12,0,46,12,2,1145.66700
AllFleetRetreatPanorama,345,1.80310,2.75800,1.79580,0.65434,,13881.00000,440474424.00000,1,0,0,0,0,0,12,0,46,12,2,1145.66700
AllFleetRetreatPanorama,346,1.81149,1.93840,1.84040,0.63488,,13881.00000,440490808.00000,1,0,0,0,0,0,12,0,46,12,2,1145.66700
AllFleetRetreatPanorama,347,1.78200,1.86650,1.77140,0.65024,,13881.00000,440572728.00000,1,0,0,0,0,0,12,0,46,12,2,1145.66700
AllFleetRetreatPanorama,348,2.21631,1.79930,2.20330,0.67379,,13881.00000,440556344.00000,1,0,0,0,0,0,12,0,46,12,2,1145.66700
AllFleetRetreatPanorama,349,1.90180,1.84460,1.91200,0.64922,,13881.00000,440556344.00000,1,0,0,0,0,0,12,0,46,12,2,1145.66700
AllFleetRetreatPanorama,350,1.79610,1.77520,1.79030,0.63693,,13881.00000,440638264.00000,1,0,0,0,0,0,12,0,46,12,2,1145.66700
AllFleetRetreatPanorama,351,1.89050,2.20670,1.85060,1.24211,,13881.00000,440556344.00000,1,0,0,0,0,0,12,0,46,12,2,1145.66700
AllFleetRetreatPanorama,352,1.75130,1.91490,1.79110,0.66662,,13881.00000,440556344.00000,1,0,0,0,0,0,12,0,46,12,2,1173.46900
AllFleetRetreatPanorama,353,1.81330,1.79320,1.81160,0.65331,,13881.00000,440556344.00000,1,0,0,0,0,0,12,0,46,12,2,1173.46900
AllFleetRetreatPanorama,354,1.75150,1.85370,1.74840,1.21037,,13881.00000,440490808.00000,1,0,0,0,0,0,12,0,46,12,2,1173.46900
AllFleetRetreatPanorama,355,2.02230,1.79340,2.01570,0.65331,,13881.00000,440572728.00000,1,0,0,0,0,0,12,0,46,12,2,1173.46900
AllFleetRetreatPanorama,356,2.75750,1.81440,2.71330,0.67277,,13881.00000,440556344.00000,1,0,0,0,0,0,12,0,46,12,2,1173.46900
AllFleetRetreatPanorama,357,1.98060,1.75160,2.00760,1.23392,,13881.00000,440474424.00000,1,0,0,0,0,0,12,0,46,12,2,1173.46900
AllFleetRetreatPanorama,358,2.09500,2.01800,2.10650,0.63590,,13881.00000,440556344.00000,1,0,0,0,0,0,12,0,46,12,2,1173.46900
AllFleetRetreatPanorama,359,1.71949,2.71660,1.71450,0.64000,,13881.00000,440572728.00000,1,0,0,0,0,0,12,0,46,12,2,1173.46900
AllFleetRetreatPanorama,360,1.70930,2.01100,1.71050,0.68506,,13881.00000,440572728.00000,1,0,0,0,0,0,12,0,46,12,2,1173.46900
AllFleetRetreatPanorama,361,1.73520,2.11030,1.73100,0.66458,,13881.00000,440638264.00000,1,0,0,0,0,0,12,0,46,12,2,1173.46900
AllFleetRetreatPanorama,362,1.95180,1.71750,1.89930,0.65331,,13881.00000,440638264.00000,1,0,0,0,0,0,12,0,46,12,2,1173.46900
AllFleetRetreatPanorama,363,2.49480,1.71330,2.16620,1.22778,,13881.00000,440556344.00000,1,0,0,0,0,0,12,0,46,12,2,1201.26000
AllFleetRetreatPanorama,364,3.18491,1.73370,3.53610,0.64307,,13881.00000,440474424.00000,1,0,0,0,0,0,12,0,46,12,2,1201.26000
AllFleetRetreatPanorama,365,2.21589,1.90270,2.21670,0.64205,,13881.00000,440474424.00000,1,0,0,0,0,0,12,0,46,12,2,1201.26000
AllFleetRetreatPanorama,366,2.19000,2.17300,2.14740,0.64000,,13881.00000,440474424.00000,1,0,0,0,0,0,12,0,46,12,2,1201.26000
AllFleetRetreatPanorama,367,1.84000,3.53940,1.88760,0.66458,,13881.00000,440474424.00000,1,0,0,0,0,0,12,0,46,12,2,1201.26000
AllFleetRetreatPanorama,368,1.76710,2.21950,1.76340,0.63078,,13881.00000,440474424.00000,1,0,0,0,0,0,12,0,46,12,2,1201.26000
AllFleetRetreatPanorama,369,2.10110,2.15040,2.06840,0.64512,,13881.00000,440474424.00000,1,0,0,0,0,0,12,0,46,12,2,1201.26000
AllFleetRetreatPanorama,370,1.79690,1.89040,1.81930,0.63693,,13881.00000,440556344.00000,1,0,0,0,0,0,12,0,46,12,2,1201.26000
AllFleetRetreatPanorama,371,2.65860,1.76710,2.60320,0.65638,,13881.00000,440556344.00000,1,0,0,0,0,0,12,0,46,12,2,1229.03700
AllFleetRetreatPanorama,372,2.57389,2.07230,2.57280,0.65638,,16577.00000,440476804.00000,1,0,0,0,0,0,12,0,46,12,2,1229.03700
AllFleetRetreatPanorama,373,1.99970,1.82310,2.04520,0.63181,,13881.00000,440476804.00000,1,0,0,0,0,0,12,0,46,12,2,1229.03700
AllFleetRetreatPanorama,374,1.97920,2.60720,1.97660,0.64922,,13881.00000,440476804.00000,1,0,0,0,0,0,12,0,46,12,2,1229.03700
AllFleetRetreatPanorama,375,2.15869,2.57620,2.15700,0.65229,,13881.00000,440558724.00000,1,0,0,0,0,0,12,0,46,12,2,1229.03700
AllFleetRetreatPanorama,376,1.99031,2.04970,1.94110,0.64512,,13881.00000,440558724.00000,1,0,0,0,0,0,12,0,46,12,2,1229.03700
AllFleetRetreatPanorama,377,2.10969,1.97980,2.15430,1.22163,,13881.00000,440476804.00000,1,0,0,0,0,0,12,0,46,12,2,1229.03700
AllFleetRetreatPanorama,378,2.38890,2.15970,2.36990,0.64102,,13881.00000,440558724.00000,1,0,0,0,0,0,12,0,46,12,2,1229.03700
AllFleetRetreatPanorama,379,2.49360,1.94440,2.49780,0.67174,,13881.00000,440558724.00000,1,0,0,0,0,0,12,0,46,12,2,1229.03700
AllFleetRetreatPanorama,380,2.31000,2.15690,2.11480,0.64102,,13881.00000,440476804.00000,1,0,0,0,0,0,12,0,46,12,2,1256.80100
AllFleetRetreatPanorama,381,2.56240,2.37330,2.59770,0.65536,,13881.00000,440476804.00000,1,0,0,0,0,0,12,0,46,12,2,1256.80100
AllFleetRetreatPanorama,382,2.12020,2.50170,2.25390,0.64614,,13881.00000,440476804.00000,1,0,0,0,0,0,12,0,46,12,2,1256.80100
AllFleetRetreatPanorama,383,1.79629,2.12040,1.80180,0.65638,,13881.00000,440558724.00000,1,0,0,0,0,0,12,0,46,12,2,1256.80100
AllFleetRetreatPanorama,384,1.92270,2.60240,1.89810,0.63898,,13881.00000,440640644.00000,1,0,0,0,0,0,12,0,46,12,2,1256.80100
AllFleetRetreatPanorama,385,3.24300,2.25970,3.25170,1.22163,,13881.00000,440558724.00000,1,0,0,0,0,0,12,0,46,12,2,1256.80100
AllFleetRetreatPanorama,386,2.05890,1.80690,1.98930,0.65126,,13881.00000,440558724.00000,1,0,0,0,0,0,12,0,46,12,2,1256.80100
AllFleetRetreatPanorama,387,1.79260,1.90250,1.86280,0.64717,,13881.00000,440558724.00000,1,0,0,0,0,0,12,0,46,12,2,1256.80100
AllFleetRetreatPanorama,388,1.78360,3.25620,1.78100,0.64717,,13881.00000,440476804.00000,1,0,0,0,0,0,12,0,46,12,2,1256.80100
AllFleetRetreatPanorama,389,1.81210,1.99510,1.81070,0.63590,,13881.00000,440558724.00000,1,0,0,0,0,0,12,0,46,12,2,1256.80100
AllFleetRetreatPanorama,390,1.86960,1.86610,1.86730,0.64410,,13881.00000,440558724.00000,1,0,0,0,0,0,11,1,46,12,2,1284.55200
AllFleetRetreatPanorama,391,2.33810,1.78450,2.32800,1.24621,,13881.00000,440476804.00000,1,0,0,0,0,0,11,1,46,12,2,1284.55200
AllFleetRetreatPanorama,392,2.46001,1.81360,2.39600,0.64102,,13881.00000,440476804.00000,1,0,0,0,0,0,11,1,46,12,2,1284.55200
AllFleetRetreatPanorama,393,2.16630,1.87020,2.17750,0.65024,,13881.00000,440476804.00000,1,0,0,0,0,0,11,1,46,12,2,1284.55200
AllFleetRetreatPanorama,394,2.40920,2.33080,2.23630,0.65843,,13881.00000,440476804.00000,1,0,0,0,0,0,11,1,46,12,2,1284.55200
AllFleetRetreatPanorama,395,2.43760,2.39900,2.64050,0.66662,,13881.00000,440476804.00000,1,0,0,0,0,0,11,1,46,12,2,1284.55200
AllFleetRetreatPanorama,396,1.92030,2.18090,1.92810,0.82125,,13881.00000,440476804.00000,1,0,0,0,0,0,11,1,46,12,2,1284.55200
AllFleetRetreatPanorama,397,2.08200,2.23940,2.02540,0.64717,,13881.00000,440558724.00000,1,0,0,0,0,0,11,1,46,12,2,1284.55200
AllFleetRetreatPanorama,398,2.04250,2.64440,2.07190,0.62464,,13881.00000,440558724.00000,1,0,0,0,0,0,11,1,46,12,2,1284.55200
AllFleetRetreatPanorama,399,2.35910,1.93130,2.31570,0.64922,,13881.00000,440476804.00000,1,0,0,0,0,0,11,1,46,12,2,1312.28800
AllFleetRetreatPanorama,400,2.72800,2.02870,2.77260,0.63181,,13933.00000,440476804.00000,1,0,0,0,0,0,11,1,46,12,2,1312.28800
AllFleetRetreatPanorama,401,2.73190,2.07490,2.64570,0.63078,,13881.00000,440476804.00000,1,0,0,0,0,0,11,1,46,12,2,1312.28800
AllFleetRetreatPanorama,402,2.32290,2.32010,2.37380,0.63386,,13969.00000,440476804.00000,1,0,0,0,0,0,11,1,46,12,2,1312.28800
AllFleetRetreatPanorama,403,2.05860,2.77740,2.09590,0.89190,,13881.00000,440476804.00000,1,0,0,0,0,0,11,1,46,12,2,1312.28800
AllFleetRetreatPanorama,404,2.63630,2.64960,2.63150,0.62976,,13881.00000,440476804.00000,1,0,0,0,0,0,11,1,46,12,2,1312.28800
AllFleetRetreatPanorama,405,2.37119,2.37790,2.24960,0.65229,,13881.00000,440558724.00000,1,0,0,0,0,0,11,1,46,12,2,1312.28800
AllFleetRetreatPanorama,406,2.41560,2.09980,2.49970,0.63283,,13881.00000,440558724.00000,1,0,0,0,0,0,11,1,46,12,2,1312.28800
AllFleetRetreatPanorama,407,2.49510,2.63520,2.46200,1.22880,,13881.00000,440558724.00000,1,0,0,0,0,0,11,1,46,12,2,1340.00900
AllFleetRetreatPanorama,408,2.20340,2.26030,2.18060,0.63795,,16577.00000,440561104.00000,1,0,0,0,0,0,11,1,46,12,2,1340.00900
AllFleetRetreatPanorama,409,2.12030,2.50600,2.17670,1.09978,,13881.00000,440479184.00000,1,0,0,0,0,0,11,1,46,12,2,1340.00900
AllFleetRetreatPanorama,410,2.13340,2.46630,2.13590,0.63590,,13881.00000,440561104.00000,1,0,0,0,0,0,11,1,46,12,2,1340.00900
AllFleetRetreatPanorama,411,1.88761,2.18440,1.89020,0.65024,,13881.00000,440561104.00000,1,0,0,0,0,0,11,1,46,12,2,1340.00900
AllFleetRetreatPanorama,412,1.99870,2.18050,1.94790,1.20422,,13881.00000,440479184.00000,1,0,0,0,0,0,11,1,46,12,2,1340.00900
AllFleetRetreatPanorama,413,2.38900,2.13920,2.41100,0.64717,,13881.00000,440479184.00000,1,0,0,0,0,0,11,1,46,12,2,1340.00900
AllFleetRetreatPanorama,414,1.91100,1.89340,1.89770,0.64819,,13881.00000,440479184.00000,1,0,0,0,0,0,11,1,46,12,2,1340.00900
AllFleetRetreatPanorama,415,2.42830,1.95080,2.42450,0.65024,,13881.00000,440479184.00000,1,0,0,0,0,0,11,1,46,12,2,1340.00900
AllFleetRetreatPanorama,416,1.94460,2.41520,1.96330,0.64922,,13881.00000,440561104.00000,1,0,0,0,0,0,11,1,46,12,2,1367.71400
AllFleetRetreatPanorama,417,2.02040,1.90130,1.96900,0.63898,,13881.00000,440561104.00000,1,0,0,0,0,0,11,1,46,12,2,1367.71400
AllFleetRetreatPanorama,418,1.79009,2.42800,1.84380,0.63283,,13881.00000,440479184.00000,1,0,0,0,0,0,11,1,46,12,2,1367.71400
AllFleetRetreatPanorama,419,2.17980,1.96700,2.15990,0.65229,,13881.00000,440561104.00000,1,0,0,0,0,0,11,1,46,12,2,1367.71400
AllFleetRetreatPanorama,420,2.37860,1.97200,2.36590,0.65229,,13881.00000,440561104.00000,1,0,0,0,0,0,11,1,46,12,2,1367.71400
AllFleetRetreatPanorama,421,2.09920,1.84690,2.10240,1.21344,,13881.00000,440479184.00000,1,0,0,0,0,0,11,1,46,12,2,1367.71400
AllFleetRetreatPanorama,422,2.02600,2.16320,1.99500,0.66458,,13881.00000,440561104.00000,1,0,0,0,0,0,11,1,46,12,2,1367.71400
AllFleetRetreatPanorama,423,2.21610,2.37080,2.21210,0.65024,,13881.00000,440561104.00000,1,0,0,0,0,0,11,1,46,12,2,1367.71400
AllFleetRetreatPanorama,424,2.30180,2.10740,2.31120,1.05062,,13881.00000,440479184.00000,1,0,0,0,0,0,11,1,46,12,2,1367.71400
AllFleetRetreatPanorama,425,1.93300,1.99930,1.95850,0.64000,,13881.00000,440479184.00000,1,0,0,0,0,0,11,1,46,12,2,1367.71400
AllFleetRetreatPanorama,426,1.83120,2.21740,1.79450,0.64000,,13881.00000,440479184.00000,1,0,0,0,0,0,11,1,46,12,2,1395.40400
AllFleetRetreatPanorama,427,2.77540,2.31530,2.74110,0.64307,,15169.00000,440480024.00000,1,0,0,0,0,0,11,1,46,12,2,1395.40400
AllFleetRetreatPanorama,428,2.37740,1.96180,2.43190,0.64205,,13881.00000,440480024.00000,1,0,0,0,0,0,11,1,46,12,2,1395.40400
AllFleetRetreatPanorama,429,2.22860,1.79820,2.21930,0.64717,,13881.00000,440480024.00000,1,0,0,0,0,0,11,1,46,12,2,1395.40400
AllFleetRetreatPanorama,430,2.20240,2.74580,2.20080,0.65638,,13881.00000,440480024.00000,1,0,0,0,0,0,11,1,46,12,2,1395.40400
AllFleetRetreatPanorama,431,2.10310,2.43600,2.10210,0.64410,,13881.00000,440496408.00000,1,0,0,0,0,0,11,1,46,12,2,1395.40400
AllFleetRetreatPanorama,432,1.98141,2.22420,1.92640,0.64614,,13881.00000,440496408.00000,1,0,0,0,0,0,11,1,46,12,2,1395.40400
AllFleetRetreatPanorama,433,2.19899,2.20600,2.24520,0.64102,,13881.00000,440561944.00000,1,0,0,0,0,0,11,1,46,12,2,1395.40400
AllFleetRetreatPanorama,434,2.55030,2.10600,2.48620,0.65843,,13881.00000,440561944.00000,1,0,0,0,0,0,11,1,46,12,2,1395.40400
AllFleetRetreatPanorama,435,2.39370,1.92990,2.44810,0.63078,,13881.00000,440480024.00000,1,0,0,0,0,0,11,1,46,12,2,1423.07600
AllFleetRetreatPanorama,436,1.92910,2.24900,1.93240,0.65638,,13881.00000,440480024.00000,1,0,0,0,0,0,11,1,46,12,2,1423.07600
AllFleetRetreatPanorama,437,2.72521,2.49010,2.59260,0.64717,,13881.00000,440480024.00000,1,0,0,0,0,0,11,1,46,12,2,1423.07600
AllFleetRetreatPanorama,438,2.39480,2.45180,2.43530,0.64717,,13881.00000,440480024.00000,1,0,0,0,0,0,11,1,46,12,2,1423.07600
AllFleetRetreatPanorama,439,2.38090,1.93570,2.42130,0.64307,,13881.00000,440480024.00000,1,0,0,0,0,0,11,1,46,12,2,1423.07600
AllFleetRetreatPanorama,440,2.71390,2.60040,2.67240,0.64307,,13881.00000,440480024.00000,1,0,0,0,0,0,11,1,46,12,2,1423.07600
AllFleetRetreatPanorama,441,2.27340,2.44220,2.31290,0.66048,,13881.00000,440480024.00000,1,0,0,0,0,0,11,1,46,12,2,1423.07600
AllFleetRetreatPanorama,442,1.99040,2.42630,1.95770,0.63488,,13881.00000,440561944.00000,1,0,0,0,0,0,11,1,46,12,2,1423.07600
AllFleetRetreatPanorama,443,1.88570,2.67870,1.92760,0.87347,,13881.00000,440643864.00000,1,0,0,0,0,0,11,1,46,12,2,1423.07600
AllFleetRetreatPanorama,444,1.91590,2.31820,1.88180,1.20832,,13881.00000,440561944.00000,1,0,0,0,0,0,11,1,46,12,2,1450.73000
AllFleetRetreatPanorama,445,2.24350,1.96130,2.26890,0.63590,,16577.00000,440482404.00000,1,0,0,0,0,0,11,1,46,12,2,1450.73000
AllFleetRetreatPanorama,446,1.89600,1.93080,1.88980,0.63283,,13881.00000,440564324.00000,1,0,0,0,0,0,11,1,46,12,2,1450.73000
AllFleetRetreatPanorama,447,1.76560,1.88520,1.77190,0.63693,,13881.00000,440564324.00000,1,0,0,0,0,0,11,1,46,12,2,1450.73000
AllFleetRetreatPanorama,448,2.57690,2.27250,2.51850,1.21446,,13881.00000,440482404.00000,1,0,0,0,0,0,11,1,46,12,2,1450.73000
AllFleetRetreatPanorama,449,2.46430,1.89410,2.50610,0.64614,,13881.00000,440564324.00000,1,0,0,0,0,0,11,1,46,12,2,1450.73000
AllFleetRetreatPanorama,450,2.75030,1.77530,2.74650,0.65126,,13881.00000,440564324.00000,1,0,0,0,0,0,11,1,46,12,2,1450.73000
AllFleetRetreatPanorama,451,2.18480,2.52480,2.17560,1.36090,,13881.00000,440482404.00000,1,0,0,0,0,0,11,1,46,12,2,1450.73000
AllFleetRetreatPanorama,452,2.03951,2.51040,2.04780,0.63488,,13881.00000,440482404.00000,1,0,0,0,0,0,11,1,46,12,2,1450.73000
AllFleetRetreatPanorama,453,2.01319,2.75070,1.96860,0.63386,,13881.00000,440482404.00000,1,0,0,0,0,0,11,1,46,12,2,1478.36700
AllFleetRetreatPanorama,454,2.27870,2.17920,2.18420,0.65331,,13881.00000,440482404.00000,1,0,0,0,0,0,11,1,46,12,2,1478.36700
AllFleetRetreatPanorama,455,2.25731,2.05060,2.37980,0.63795,,13881.00000,440482404.00000,1,0,0,0,0,0,11,1,46,12,2,1478.36700
AllFleetRetreatPanorama,456,1.80030,1.97160,1.79470,0.64614,,13881.00000,440498788.00000,1,0,0,0,0,0,11,1,46,12,2,1478.36700
AllFleetRetreatPanorama,457,1.99430,2.19190,1.99150,0.64410,,13881.00000,440580708.00000,1,0,0,0,0,0,11,1,46,12,2,1478.36700
AllFleetRetreatPanorama,458,1.83970,2.38320,1.80620,0.63795,,13881.00000,440564324.00000,1,0,0,0,0,0,11,1,46,12,2,1478.36700
AllFleetRetreatPanorama,459,1.94780,1.79810,1.97430,0.64307,,13881.00000,440482404.00000,1,0,0,0,0,0,11,1,46,12,2,1478.36700
AllFleetRetreatPanorama,460,1.87560,1.99510,1.87290,0.65331,,13881.00000,440482404.00000,1,0,0,0,0,0,11,1,46,12,2,1478.36700
AllFleetRetreatPanorama,461,1.80360,1.80960,1.80140,0.64000,,13881.00000,440498788.00000,1,0,0,0,0,0,11,1,46,12,2,1478.36700
AllFleetRetreatPanorama,462,2.21120,1.97830,2.08760,0.63898,,13881.00000,440498788.00000,1,0,0,0,0,0,11,1,46,12,2,1478.36700
AllFleetRetreatPanorama,463,2.09870,1.87640,2.20270,0.65536,,13881.00000,440482404.00000,1,0,0,0,0,0,11,1,46,12,2,1505.98400
AllFleetRetreatPanorama,464,1.97420,1.80440,1.94050,0.63386,,13881.00000,440482404.00000,1,0,0,0,0,0,11,1,46,12,2,1505.98400
AllFleetRetreatPanorama,465,2.08730,2.09360,2.12420,0.86118,,13881.00000,440482404.00000,1,0,0,0,0,0,11,1,46,12,2,1505.98400
AllFleetRetreatPanorama,466,2.04480,2.20680,2.03760,0.64614,,13881.00000,440482404.00000,1,0,0,0,0,0,11,1,46,12,2,1505.98400
AllFleetRetreatPanorama,467,1.83051,1.94360,1.83440,0.62976,,13881.00000,440482404.00000,1,0,0,0,0,0,11,1,46,12,2,1505.98400
AllFleetRetreatPanorama,468,1.80150,2.12750,1.79480,0.64307,,13881.00000,440482404.00000,1,0,0,0,0,0,11,1,46,12,2,1505.98400
AllFleetRetreatPanorama,469,1.78670,2.04150,1.78390,0.63898,,13881.00000,440482404.00000,1,0,0,0,0,0,11,1,46,12,2,1505.98400
AllFleetRetreatPanorama,470,2.61950,1.83750,2.57710,0.64512,,13881.00000,440482404.00000,1,0,0,0,0,0,11,1,46,12,2,1505.98400
AllFleetRetreatPanorama,471,1.96530,1.79750,1.94330,0.63693,,13881.00000,440482404.00000,1,0,0,0,0,0,11,1,46,12,2,1505.98400
AllFleetRetreatPanorama,472,1.81290,1.78650,1.87150,0.65126,,13969.00000,440482404.00000,1,0,0,0,0,0,11,1,46,12,2,1505.98400
AllFleetRetreatPanorama,473,1.81900,2.58010,1.81720,0.64512,,13881.00000,440482404.00000,1,0,0,0,0,0,11,1,46,12,2,1533.58200
AllFleetRetreatPanorama,474,1.94800,1.94600,1.94540,0.64819,,16577.00000,440498788.00000,1,0,0,0,0,0,11,1,46,12,2,1533.58200
AllFleetRetreatPanorama,475,1.69470,1.87460,1.69370,0.62874,,13881.00000,440583088.00000,1,0,0,0,0,0,11,1,46,12,2,1533.58200
AllFleetRetreatPanorama,476,1.72010,1.82040,1.68050,0.64717,,13881.00000,440648624.00000,1,0,0,0,0,0,11,1,46,12,2,1533.58200
AllFleetRetreatPanorama,477,1.71361,1.94850,1.74960,0.64000,,13881.00000,440566704.00000,1,0,0,0,0,0,11,1,46,12,2,1533.58200
AllFleetRetreatPanorama,478,1.71510,1.69650,1.70820,1.21651,,13881.00000,440501168.00000,1,0,0,0,0,0,11,1,46,12,2,1533.58200
AllFleetRetreatPanorama,479,2.39500,1.68320,2.37990,0.63795,,13881.00000,440583088.00000,1,0,0,0,0,0,11,1,46,12,2,1533.58200
AllFleetRetreatPanorama,480,1.77120,1.75220,1.72690,0.65024,,13881.00000,440583088.00000,1,0,0,0,0,0,11,1,46,12,2,1533.58200
AllFleetRetreatPanorama,481,2.12050,1.71140,2.16380,0.64000,,13881.00000,440501168.00000,1,0,0,0,0,0,11,1,46,12,2,1533.58200
AllFleetRetreatPanorama,482,1.92640,2.38340,1.88700,0.64205,,13881.00000,440566704.00000,1,0,0,0,0,0,11,1,46,12,2,1533.58200
AllFleetRetreatPanorama,483,1.97810,1.73010,2.00830,0.62362,,13881.00000,440566704.00000,1,0,0,0,0,0,10,2,46,12,2,1561.15800
AllFleetRetreatPanorama,484,2.15190,2.16760,2.11610,1.22880,,13881.00000,440484784.00000,1,0,0,0,0,0,10,2,46,12,2,1561.15800
AllFleetRetreatPanorama,485,2.79030,1.89030,2.80180,0.63898,,13881.00000,440484784.00000,1,0,0,0,0,0,10,2,46,12,2,1561.15800
AllFleetRetreatPanorama,486,2.89800,2.01110,2.77900,0.63898,,13881.00000,440484784.00000,1,0,0,0,0,0,10,2,46,12,2,1561.15800
AllFleetRetreatPanorama,487,2.86530,2.11880,2.87540,0.63795,,13881.00000,440484784.00000,1,0,0,0,0,0,10,2,46,12,2,1561.15800
AllFleetRetreatPanorama,488,2.35780,2.80470,2.28080,0.64512,,13881.00000,440484784.00000,1,0,0,0,0,0,10,2,46,12,2,1561.15800
AllFleetRetreatPanorama,489,2.23750,2.78880,2.40350,0.85606,,13881.00000,440484784.00000,1,0,0,0,0,0,10,2,46,12,2,1561.15800
AllFleetRetreatPanorama,490,2.16210,2.88150,2.16870,0.64922,,13881.00000,440484784.00000,1,0,0,0,0,0,10,2,46,12,2,1561.15800
AllFleetRetreatPanorama,491,2.06770,2.28750,2.05910,0.84992,,13881.00000,440484784.00000,1,0,0,0,0,0,10,2,46,12,2,1588.71400
AllFleetRetreatPanorama,492,2.00220,2.41070,1.95220,0.65024,,13881.00000,440484784.00000,1,0,0,0,0,0,10,2,46,12,2,1588.71400
AllFleetRetreatPanorama,493,2.66640,2.17310,2.70540,0.62874,,13933.00000,440484784.00000,1,0,0,0,0,0,10,2,46,12,2,1588.71400
AllFleetRetreatPanorama,494,2.06940,2.06400,2.06600,0.64205,,13881.00000,440484784.00000,1,0,0,0,0,0,10,2,46,12,2,1588.71400
AllFleetRetreatPanorama,495,2.15590,1.95680,2.15480,0.66355,,13881.00000,440566704.00000,1,0,0,0,0,0,10,2,46,12,2,1588.71400
AllFleetRetreatPanorama,496,1.87950,2.71060,1.87990,0.64205,,13881.00000,440566704.00000,1,0,0,0,0,0,10,2,46,12,2,1588.71400
AllFleetRetreatPanorama,497,2.04030,2.07080,2.00020,0.63386,,13881.00000,440484784.00000,1,0,0,0,0,0,10,2,46,12,2,1588.71400
AllFleetRetreatPanorama,498,2.56160,2.15900,2.56660,0.65024,,13881.00000,440566704.00000,1,0,0,0,0,0,10,2,46,12,2,1588.71400
AllFleetRetreatPanorama,499,2.00700,1.88360,2.03140,0.63488,,13881.00000,440566704.00000,1,0,0,0,0,0,10,2,46,12,2,1588.71400
AllFleetRetreatPanorama,500,2.49420,2.00380,2.47390,0.64307,,13881.00000,440484784.00000,1,0,0,0,0,0,9,3,46,12,2,1616.24700
AllFleetRetreatPanorama,501,1.91769,2.57150,1.91660,0.63488,,13881.00000,440501168.00000,1,0,0,0,0,0,9,3,46,12,2,1616.24700
AllFleetRetreatPanorama,502,1.82820,2.03490,1.77630,0.66048,,13881.00000,440501168.00000,1,0,0,0,0,0,9,3,46,12,2,1616.24700
AllFleetRetreatPanorama,503,2.38850,2.47800,2.42380,0.64000,,13881.00000,440484784.00000,1,0,0,0,0,0,9,3,46,12,2,1616.24700
AllFleetRetreatPanorama,504,2.06130,1.92040,2.05400,0.64819,,13881.00000,440484784.00000,1,0,0,0,0,0,9,3,46,12,2,1616.24700
AllFleetRetreatPanorama,505,2.28070,1.77920,2.29550,0.64307,,13881.00000,440484784.00000,1,0,0,0,0,0,9,3,46,12,2,1616.24700
AllFleetRetreatPanorama,506,2.55690,2.42740,2.37110,0.65638,,13881.00000,440484784.00000,1,0,0,0,0,0,9,3,46,12,2,1616.24700
AllFleetRetreatPanorama,507,2.51690,2.05760,2.64650,0.62771,,13881.00000,440484784.00000,1,0,0,0,0,0,9,3,46,12,2,1616.24700
AllFleetRetreatPanorama,508,2.06600,2.29910,2.08950,0.64819,,13881.00000,440566704.00000,1,0,0,0,0,0,9,3,46,12,2,1616.24700
AllFleetRetreatPanorama,509,2.05730,2.37660,2.01520,0.64000,,13881.00000,440648624.00000,1,0,0,0,0,0,9,3,46,12,2,1616.24700
AllFleetRetreatPanorama,510,2.12480,2.65110,2.15820,0.87757,,13881.00000,440566704.00000,1,0,0,0,0,0,9,3,46,12,2,1643.75800
AllFleetRetreatPanorama,511,2.35540,2.09570,2.31770,1.18272,,16577.00000,440487164.00000,1,0,0,0,0,0,9,3,46,12,2,1643.75800
AllFleetRetreatPanorama,512,2.18610,2.01880,2.16050,0.65638,,13881.00000,440487164.00000,1,0,0,0,0,0,9,3,46,12,2,1643.75800
AllFleetRetreatPanorama,513,2.45470,2.16230,2.47110,0.62874,,13881.00000,440487164.00000,1,0,0,0,0,0,9,3,46,12,2,1643.75800
AllFleetRetreatPanorama,514,2.88570,2.32350,2.91030,0.63898,,13881.00000,440487164.00000,1,0,0,0,0,0,9,3,46,12,2,1643.75800
AllFleetRetreatPanorama,515,2.18630,2.16450,2.20750,0.63181,,13881.00000,440487164.00000,1,0,0,0,0,0,9,3,46,12,2,1643.75800
AllFleetRetreatPanorama,516,2.00900,2.47610,2.00720,0.65434,,13881.00000,440487164.00000,1,0,0,0,0,0,9,3,46,12,2,1643.75800
AllFleetRetreatPanorama,517,2.09910,2.91530,2.06190,0.64717,,13881.00000,440569084.00000,1,0,0,0,0,0,9,3,46,12,2,1643.75800
AllFleetRetreatPanorama,518,1.78670,2.21130,1.82310,0.64000,,13881.00000,440569084.00000,1,0,0,0,0,0,9,3,46,12,2,1643.75800
AllFleetRetreatPanorama,519,1.98220,2.01070,1.97290,1.22061,,13881.00000,440487164.00000,1,0,0,0,0,0,8,4,46,12,2,1671.24400
AllFleetRetreatPanorama,520,2.40320,2.06480,2.39020,0.64922,,13881.00000,440569084.00000,1,0,0,0,0,0,8,4,46,12,2,1671.24400
AllFleetRetreatPanorama,521,2.35670,1.82570,2.35230,0.64102,,13881.00000,440569084.00000,1,0,0,0,0,0,8,4,46,12,2,1671.24400
AllFleetRetreatPanorama,522,1.92550,1.97620,1.89190,0.64410,,13881.00000,440487164.00000,1,0,0,0,0,0,8,4,46,12,2,1671.24400
AllFleetRetreatPanorama,523,2.08100,2.39350,2.11920,0.63795,,13881.00000,440487164.00000,1,0,0,0,0,0,8,4,46,12,2,1671.24400
AllFleetRetreatPanorama,524,1.95770,2.35520,1.95280,0.64205,,13881.00000,440487164.00000,1,0,0,0,0,0,8,4,46,12,2,1671.24400
AllFleetRetreatPanorama,525,1.84530,1.89610,1.84410,0.64819,,13881.00000,440487164.00000,1,0,0,0,0,0,8,4,46,12,2,1671.24400
AllFleetRetreatPanorama,526,1.77610,2.12230,1.77290,0.63898,,13881.00000,440569084.00000,1,0,0,0,0,0,8,4,46,12,2,1671.24400
AllFleetRetreatPanorama,527,1.78400,1.95660,1.78020,0.64819,,13881.00000,440651004.00000,1,0,0,0,0,0,8,4,46,12,2,1671.24400
AllFleetRetreatPanorama,528,2.14270,1.84710,2.00740,1.22266,,13881.00000,440569084.00000,1,0,0,0,0,0,8,4,46,12,2,1698.70500
AllFleetRetreatPanorama,529,2.63230,1.77570,2.74020,0.62874,,13881.00000,440487164.00000,1,0,0,0,0,0,8,4,46,12,2,1698.70500
AllFleetRetreatPanorama,530,2.20130,1.78290,2.18590,0.64819,,13881.00000,440487164.00000,1,0,0,0,0,0,8,4,46,12,2,1698.70500
AllFleetRetreatPanorama,531,2.05710,2.01170,2.05170,0.62771,,13881.00000,440503548.00000,1,0,0,0,0,0,8,4,46,12,2,1698.70500
AllFleetRetreatPanorama,532,2.42720,2.74560,2.43690,0.64307,,13881.00000,440503548.00000,1,0,0,0,0,0,8,4,46,12,2,1698.70500
AllFleetRetreatPanorama,533,2.12100,2.19320,2.07890,0.82330,,13881.00000,440487164.00000,1,0,0,0,0,0,8,4,46,12,2,1698.70500
AllFleetRetreatPanorama,534,2.11790,2.05680,2.12220,0.64000,,13881.00000,440487164.00000,1,0,0,0,0,0,8,4,46,12,2,1698.70500
AllFleetRetreatPanorama,535,1.91610,2.44250,1.94860,0.64717,,13881.00000,440487164.00000,1,0,0,0,0,0,8,4,46,12,2,1698.70500
AllFleetRetreatPanorama,536,2.03210,2.08400,2.00510,0.64819,,13881.00000,440487164.00000,1,0,0,0,0,0,8,4,46,12,2,1698.70500
AllFleetRetreatPanorama,537,2.02910,2.12740,2.04200,0.65843,,13881.00000,440487164.00000,1,0,0,0,0,0,8,4,46,12,2,1698.70500
AllFleetRetreatPanorama,538,1.91840,1.95250,1.87930,0.65638,,13881.00000,440487164.00000,1,0,0,0,0,0,8,4,46,12,2,1726.14100
AllFleetRetreatPanorama,539,2.31980,2.00920,2.34380,0.64205,,16577.00000,440489544.00000,1,0,0,0,0,0,8,4,46,12,2,1726.14100
AllFleetRetreatPanorama,540,2.18840,2.04610,2.19110,0.64410,,13881.00000,440571464.00000,1,0,0,0,0,0,8,4,46,12,2,1726.14100
AllFleetRetreatPanorama,541,2.12130,1.88400,2.05870,0.68813,,13881.00000,440571464.00000,1,0,0,0,0,0,8,4,46,12,2,1726.14100
AllFleetRetreatPanorama,542,1.87090,2.34950,1.93160,0.63898,,13969.00000,440489544.00000,1,0,0,0,0,0,8,4,46,12,2,1726.14100
AllFleetRetreatPanorama,543,2.76950,2.19570,2.62200,0.63283,,13881.00000,440489544.00000,1,0,0,0,0,0,8,4,46,12,2,1726.14100
AllFleetRetreatPanorama,544,2.46350,2.06290,2.59280,0.64614,,13881.00000,440489544.00000,1,0,0,0,0,0,8,4,46,12,2,1726.14100
AllFleetRetreatPanorama,545,2.92040,1.93460,2.78620,0.64102,,13881.00000,440489544.00000,1,0,0,0,0,0,8,4,46,12,2,1726.14100
AllFleetRetreatPanorama,546,2.04960,2.62770,2.17400,0.65126,,13881.00000,440489544.00000,1,0,0,0,0,0,7,5,46,12,2,1753.57800
AllFleetRetreatPanorama,547,1.94630,2.59660,1.95120,0.63795,,13881.00000,440489544.00000,1,0,0,0,0,0,7,5,46,12,2,1753.57800
AllFleetRetreatPanorama,548,1.88290,2.79080,1.84340,0.64512,,13881.00000,440571464.00000,1,0,0,0,0,0,7,5,46,12,2,1753.57800
AllFleetRetreatPanorama,549,1.78050,2.17730,1.81710,0.64717,,13881.00000,440587848.00000,1,0,0,0,0,0,7,5,46,12,2,1753.57800
AllFleetRetreatPanorama,550,2.04360,1.95510,2.03580,0.64102,,13881.00000,440587848.00000,1,0,0,0,0,0,7,5,46,12,2,1753.57800
AllFleetRetreatPanorama,551,2.33990,1.84720,2.33840,0.64000,,13881.00000,440571464.00000,1,0,0,0,0,0,7,5,46,12,2,1753.57800
AllFleetRetreatPanorama,552,2.35240,1.81990,2.32360,0.63283,,13881.00000,440489544.00000,1,0,0,0,0,0,7,5,46,12,2,1753.57800
AllFleetRetreatPanorama,553,2.62170,2.03920,2.60230,0.87245,,13881.00000,440489544.00000,1,0,0,0,0,0,7,5,46,12,2,1753.57800
AllFleetRetreatPanorama,554,1.98010,2.34110,2.01880,0.64307,,13881.00000,440571464.00000,1,0,0,0,0,0,7,5,46,12,2,1753.57800
AllFleetRetreatPanorama,555,1.80780,2.32720,1.80610,0.87552,,13881.00000,440571464.00000,1,0,0,0,0,0,7,5,46,12,2,1753.57800
AllFleetRetreatPanorama,556,1.83760,2.60570,1.79300,0.64000,,13881.00000,440489544.00000,1,0,0,0,0,0,7,5,46,12,2,1780.99300
AllFleetRetreatPanorama,557,2.27880,2.02210,2.29560,0.64819,,16577.00000,440573844.00000,1,0,0,0,0,0,7,5,46,12,2,1780.99300
AllFleetRetreatPanorama,558,2.42300,1.80930,2.36680,0.63693,,13881.00000,440573844.00000,1,0,0,0,0,0,7,5,46,12,2,1780.99300
AllFleetRetreatPanorama,559,1.97400,1.79700,2.03540,1.22061,,13881.00000,440491924.00000,1,0,0,0,0,0,7,5,46,12,2,1780.99300
AllFleetRetreatPanorama,560,2.22400,2.29960,2.22810,0.63590,,13881.00000,440491924.00000,1,0,0,0,0,0,7,5,46,12,2,1780.99300
AllFleetRetreatPanorama,561,1.94040,2.37130,1.93150,0.64410,,13881.00000,440491924.00000,1,0,0,0,0,0,7,5,46,12,2,1780.99300
AllFleetRetreatPanorama,562,2.10220,2.03890,2.09140,0.65229,,13881.00000,440491924.00000,1,0,0,0,0,0,7,5,46,12,2,1780.99300
AllFleetRetreatPanorama,563,2.27330,2.23090,2.23260,0.64205,,13881.00000,440491924.00000,1,0,0,0,0,0,7,5,46,12,2,1780.99300
AllFleetRetreatPanorama,564,2.04610,1.93550,2.08610,0.64512,,13881.00000,440491924.00000,1,0,0,0,0,0,7,5,46,12,2,1780.99300
AllFleetRetreatPanorama,565,2.10170,2.09530,2.08920,0.64307,,13881.00000,440491924.00000,1,0,0,0,0,0,6,6,46,12,2,1808.38400
AllFleetRetreatPanorama,566,2.15980,2.23590,2.16550,0.64205,,13881.00000,440491924.00000,1,0,0,0,0,0,6,6,46,12,2,1808.38400
AllFleetRetreatPanorama,567,2.14270,2.08990,2.13430,0.64205,,13881.00000,440491924.00000,1,0,0,0,0,0,6,6,46,12,2,1808.38400
AllFleetRetreatPanorama,568,2.18900,2.09430,2.15000,0.63488,,13881.00000,440573844.00000,1,0,0,0,0,0,6,6,46,12,2,1808.38400
AllFleetRetreatPanorama,569,1.89751,2.16920,1.91600,0.63488,,13881.00000,440573844.00000,1,0,0,0,0,0,6,6,46,12,2,1808.38400
AllFleetRetreatPanorama,570,1.95280,2.13910,1.96610,0.64819,,13881.00000,440491924.00000,1,0,0,0,0,0,6,6,46,12,2,1808.38400
AllFleetRetreatPanorama,571,2.01890,2.15400,2.00510,0.64922,,13881.00000,440491924.00000,1,0,0,0,0,0,6,6,46,12,2,1808.38400
AllFleetRetreatPanorama,572,1.84920,1.91930,1.86230,0.64512,,13881.00000,440491924.00000,1,0,0,0,0,0,6,6,46,12,2,1808.38400
AllFleetRetreatPanorama,573,2.14050,1.96970,2.12630,0.63795,,13881.00000,440491924.00000,1,0,0,0,0,0,6,6,46,12,2,1808.38400
AllFleetRetreatPanorama,574,2.28490,2.00830,2.15200,0.64819,,13881.00000,440491924.00000,1,0,0,0,0,0,6,6,46,12,2,1808.38400
AllFleetRetreatPanorama,575,2.48030,1.86490,2.58270,0.63488,,13881.00000,440491924.00000,1,0,0,0,0,0,5,7,46,12,2,1835.74900
AllFleetRetreatPanorama,576,2.16990,2.13090,2.17060,0.63898,,13881.00000,440491924.00000,1,0,0,0,0,0,5,7,46,12,2,1835.74900
AllFleetRetreatPanorama,577,1.85400,2.16010,1.86320,0.65331,,13881.00000,440573844.00000,1,0,0,0,0,0,5,7,46,12,2,1835.74900
AllFleetRetreatPanorama,578,2.00260,2.58780,1.99560,0.87450,,13881.00000,440573844.00000,1,0,0,0,0,0,5,7,46,12,2,1835.74900
AllFleetRetreatPanorama,579,1.92390,2.17640,1.88680,0.64102,,13881.00000,440491924.00000,1,0,0,0,0,0,5,7,46,12,2,1835.74900
AllFleetRetreatPanorama,580,1.99220,1.86680,2.02820,0.63181,,13881.00000,440573844.00000,1,0,0,0,0,0,5,7,46,12,2,1835.74900
AllFleetRetreatPanorama,581,1.94950,1.99890,1.94870,0.63488,,13881.00000,440573844.00000,1,0,0,0,0,0,5,7,46,12,2,1835.74900
AllFleetRetreatPanorama,582,2.03000,1.89040,2.02770,1.23494,,13881.00000,440491924.00000,1,0,0,0,0,0,5,7,46,12,2,1835.74900
AllFleetRetreatPanorama,583,2.11320,2.03190,2.08670,0.65331,,13881.00000,440573844.00000,1,0,0,0,0,0,5,7,46,12,2,1835.74900
AllFleetRetreatPanorama,584,1.81310,1.95240,1.82920,0.64819,,13881.00000,440573844.00000,1,0,0,0,0,0,5,7,46,12,2,1835.74900
AllFleetRetreatPanorama,585,2.01690,2.03130,1.97010,1.22880,,13881.00000,440491924.00000,1,0,0,0,0,0,5,7,46,12,2,1863.08800
AllFleetRetreatPanorama,586,2.39179,2.08960,2.37890,0.64000,,16577.00000,440576224.00000,1,0,0,0,0,0,5,7,46,12,2,1863.08800
AllFleetRetreatPanorama,587,2.28760,1.83220,2.25730,0.64205,,13933.00000,440576224.00000,1,0,0,0,0,0,5,7,46,12,2,1863.08800
AllFleetRetreatPanorama,588,2.71490,1.97350,2.78570,1.22368,,13881.00000,440494304.00000,1,0,0,0,0,0,5,7,46,12,2,1863.08800
AllFleetRetreatPanorama,589,2.33540,2.38210,2.32450,0.63898,,13881.00000,440494304.00000,1,0,0,0,0,0,5,7,46,12,2,1863.08800
AllFleetRetreatPanorama,590,2.07060,2.26050,2.03060,0.64102,,13881.00000,440494304.00000,1,0,0,0,0,0,5,7,46,12,2,1863.08800
AllFleetRetreatPanorama,591,2.07760,2.78950,2.10640,0.62259,,13881.00000,440510688.00000,1,0,0,0,0,0,5,7,46,12,2,1863.08800
AllFleetRetreatPanorama,592,2.11300,2.32870,2.09170,0.62669,,13881.00000,440510688.00000,1,0,0,0,0,0,5,7,46,12,2,1863.08800
AllFleetRetreatPanorama,593,2.32550,2.03430,2.33590,0.63795,,13881.00000,440494304.00000,1,0,0,0,0,0,5,7,46,12,2,1863.08800
AllFleetRetreatPanorama,594,2.01760,2.10980,2.00560,0.64410,,13881.00000,440576224.00000,1,0,0,0,0,0,5,7,46,12,2,1890.40100
AllFleetRetreatPanorama,595,2.83680,2.09660,2.75710,0.64512,,13881.00000,440576224.00000,1,0,0,0,0,0,5,7,46,12,2,1890.40100
AllFleetRetreatPanorama,596,2.23890,2.33930,2.29420,1.22573,,13881.00000,440494304.00000,1,0,0,0,0,0,5,7,46,12,2,1890.40100
AllFleetRetreatPanorama,597,2.27580,2.00890,2.27380,0.64819,,13881.00000,440494304.00000,1,0,0,0,0,0,5,7,46,12,2,1890.40100
AllFleetRetreatPanorama,598,2.08430,2.76370,2.07250,0.64000,,13881.00000,440494304.00000,1,0,0,0,0,0,5,7,46,12,2,1890.40100
AllFleetRetreatPanorama,599,2.00080,2.29860,2.03930,0.62362,,13881.00000,440494304.00000,1,0,0,0,0,0,5,7,46,12,2,1890.40100
AllFleetRetreatPanorama,600,2.29690,2.27720,2.26070,0.63283,,13881.00000,440494304.00000,1,0,0,0,0,0,5,7,46,12,2,1890.40100
AllFleetRetreatPanorama,601,2.32220,2.07640,2.33150,0.62976,,13881.00000,440494304.00000,1,0,0,0,0,0,5,7,46,12,2,1890.40100
AllFleetRetreatPanorama,602,2.64240,2.04340,2.64860,0.63283,,13881.00000,440494304.00000,1,0,0,0,0,0,5,7,46,12,2,1917.68500
AllFleetRetreatPanorama,603,1.94540,2.26470,1.95410,0.62874,,13881.00000,440494304.00000,1,0,0,0,0,0,5,7,46,12,2,1917.68500
AllFleetRetreatPanorama,604,1.86330,2.33680,1.85540,0.63488,,13881.00000,440494304.00000,1,0,0,0,0,0,5,7,46,12,2,1917.68500
AllFleetRetreatPanorama,605,1.92930,2.65280,1.88550,0.63590,,13881.00000,440576224.00000,1,0,0,0,0,0,5,7,46,12,2,1917.68500
AllFleetRetreatPanorama,606,1.82390,1.95770,1.84760,0.63181,,13881.00000,440576224.00000,1,0,0,0,0,0,5,7,46,12,2,1917.68500
AllFleetRetreatPanorama,607,1.79800,1.85960,1.81090,0.63590,,13881.00000,440494304.00000,1,0,0,0,0,0,5,7,46,12,2,1917.68500
AllFleetRetreatPanorama,608,1.79340,1.88970,1.79330,0.62669,,13881.00000,440576224.00000,1,0,0,0,0,0,5,7,46,12,2,1917.68500
AllFleetRetreatPanorama,609,1.84700,1.85080,1.83660,0.64000,,13881.00000,440576224.00000,1,0,0,0,0,0,5,7,46,12,2,1917.68500
AllFleetRetreatPanorama,610,2.58500,1.81470,2.53260,1.21139,,13881.00000,440494304.00000,1,0,0,0,0,0,5,7,46,12,2,1917.68500
AllFleetRetreatPanorama,611,1.99430,1.79680,2.00130,0.63898,,13881.00000,440576224.00000,1,0,0,0,0,0,5,7,46,12,2,1917.68500
AllFleetRetreatPanorama,612,1.79590,1.83970,1.79390,0.64000,,13881.00000,440576224.00000,1,0,0,0,0,0,5,7,46,12,2,1917.68500
AllFleetRetreatPanorama,613,1.81210,2.53640,1.82660,0.62874,,13969.00000,440494304.00000,1,0,0,0,0,0,5,7,46,12,2,1944.94100
AllFleetRetreatPanorama,614,2.10210,2.00480,2.09460,0.63488,,16577.00000,440496684.00000,1,0,0,0,0,0,5,7,46,12,2,1944.94100
AllFleetRetreatPanorama,615,1.94380,1.79680,1.94780,0.64512,,13881.00000,440496684.00000,1,0,0,0,0,0,5,7,46,12,2,1944.94100
AllFleetRetreatPanorama,616,2.05350,1.82990,2.06180,0.65536,,13881.00000,440496684.00000,1,0,0,0,0,0,5,7,46,12,2,1944.94100
AllFleetRetreatPanorama,617,2.48280,2.09840,2.42900,0.63795,,13881.00000,440578604.00000,1,0,0,0,0,0,5,7,46,12,2,1944.94100
AllFleetRetreatPanorama,618,2.24780,1.95120,2.24480,0.62976,,13881.00000,440578604.00000,1,0,0,0,0,0,5,7,46,12,2,1944.94100
AllFleetRetreatPanorama,619,2.33750,2.06500,2.38510,0.65229,,13881.00000,440496684.00000,1,0,0,0,0,0,5,7,46,12,2,1944.94100
AllFleetRetreatPanorama,620,2.16090,2.43280,2.15080,0.86118,,13881.00000,440496684.00000,1,0,0,0,0,0,5,7,46,12,2,1944.94100
AllFleetRetreatPanorama,621,1.82310,2.24840,1.83120,0.64717,,13881.00000,440496684.00000,1,0,0,0,0,0,5,7,46,12,2,1944.94100
AllFleetRetreatPanorama,622,2.62130,2.38920,2.52110,0.64512,,13881.00000,440496684.00000,1,0,0,0,0,0,5,7,46,12,2,1972.16700
AllFleetRetreatPanorama,623,2.26050,2.15460,2.32810,0.64819,,13881.00000,440496684.00000,1,0,0,0,0,0,5,7,46,12,2,1972.16700
AllFleetRetreatPanorama,624,2.34130,1.83450,2.33730,0.63181,,13881.00000,440496684.00000,1,0,0,0,0,0,5,7,46,12,2,1972.16700
AllFleetRetreatPanorama,625,2.36920,2.52950,2.37230,0.65126,,13881.00000,440578604.00000,1,0,0,0,0,0,5,7,46,12,2,1972.16700
AllFleetRetreatPanorama,626,1.95609,2.33410,1.95090,0.63795,,13881.00000,440578604.00000,1,0,0,0,0,0,5,7,46,12,2,1972.16700
AllFleetRetreatPanorama,627,2.32940,2.34260,2.28430,0.63590,,13881.00000,440496684.00000,1,0,0,0,0,0,5,7,46,12,2,1972.16700
AllFleetRetreatPanorama,628,2.25250,2.37700,2.29220,0.64102,,13881.00000,440578604.00000,1,0,0,0,0,0,5,7,46,12,2,1972.16700
AllFleetRetreatPanorama,629,1.94330,1.95590,1.93250,0.65024,,13881.00000,440578604.00000,1,0,0,0,0,0,5,7,46,12,2,1972.16700
AllFleetRetreatPanorama,630,1.88909,2.28910,1.87920,1.21344,,13881.00000,440496684.00000,1,0,0,0,0,0,5,7,46,12,2,1972.16700
AllFleetRetreatPanorama,631,2.15690,2.29700,2.10050,0.66150,,13881.00000,440578604.00000,1,0,0,0,0,0,5,7,46,12,2,1999.38000
AllFleetRetreatPanorama,632,2.13980,1.93670,2.14090,0.65638,,16577.00000,440578604.00000,1,0,0,0,0,0,5,7,46,12,2,1999.38000
AllFleetRetreatPanorama,633,2.11880,1.88270,2.16260,0.63898,,13881.00000,440499064.00000,1,0,0,0,0,0,5,7,46,12,2,1999.38000
AllFleetRetreatPanorama,634,2.35810,2.10770,2.35340,0.65434,,13881.00000,440515448.00000,1,0,0,0,0,0,5,7,46,12,2,1999.38000
AllFleetRetreatPanorama,635,2.45530,2.14680,2.45620,0.63795,,13881.00000,440515448.00000,1,0,0,0,0,0,5,7,46,12,2,1999.38000
AllFleetRetreatPanorama,636,2.18970,2.16750,2.18350,0.81101,,13881.00000,440499064.00000,1,0,0,0,0,0,5,7,46,12,2,1999.38000
AllFleetRetreatPanorama,637,1.99841,2.35820,1.96040,0.64512,,13881.00000,440499064.00000,1,0,0,0,0,0,5,7,46,12,2,1999.38000
AllFleetRetreatPanorama,638,2.19459,2.46070,2.23160,0.64000,,13881.00000,440499064.00000,1,0,0,0,0,0,5,7,46,12,2,1999.38000
AllFleetRetreatPanorama,639,2.99820,2.18800,2.99240,0.65126,,13881.00000,440499064.00000,1,0,0,0,0,0,5,7,46,12,2,1999.38000
AllFleetRetreatPanorama,640,2.23560,1.96350,2.21710,0.64614,,13881.00000,440499064.00000,1,0,0,0,0,0,5,7,46,12,2,2027.05300
AllFleetRetreatPanorama,641,2.41030,2.23650,2.39300,0.86630,,13881.00000,440499064.00000,1,0,0,0,0,0,5,7,46,12,2,2027.05300
AllFleetRetreatPanorama,642,2.26670,2.99680,2.24090,0.64922,,13881.00000,440499064.00000,1,0,0,0,0,0,5,7,46,12,2,2027.05300
AllFleetRetreatPanorama,643,1.91000,2.22080,1.95180,0.62874,,13881.00000,440499064.00000,1,0,0,0,0,0,5,7,46,12,2,2027.05300
AllFleetRetreatPanorama,644,1.84650,2.39750,1.84960,0.65229,,13881.00000,440580984.00000,1,0,0,0,0,0,5,7,46,12,2,2027.05300
AllFleetRetreatPanorama,645,2.01820,2.24570,2.01520,0.64307,,13881.00000,440580984.00000,1,0,0,0,0,0,5,7,46,12,2,2027.05300
AllFleetRetreatPanorama,646,2.05640,1.95490,2.04950,0.64205,,13881.00000,440499064.00000,1,0,0,0,0,0,5,7,46,12,2,2027.05300
AllFleetRetreatPanorama,647,1.84140,1.85260,1.83670,0.64307,,13881.00000,440499064.00000,1,0,0,0,0,0,5,7,46,12,2,2027.05300
AllFleetRetreatPanorama,648,1.87640,2.01890,1.84290,0.63898,,13881.00000,440499064.00000,1,0,0,0,0,0,5,7,46,12,2,2027.05300
AllFleetRetreatPanorama,649,1.73880,2.05430,1.77380,0.62771,,13881.00000,440515448.00000,1,0,0,0,0,0,5,7,46,12,2,2027.05300
AllFleetRetreatPanorama,650,1.97830,1.84000,1.96300,0.63898,,13881.00000,440515448.00000,1,0,0,0,0,0,5,7,46,12,2,2054.73500
AllFleetRetreatPanorama,651,1.99620,1.84700,2.00190,0.63693,,13881.00000,440499064.00000,1,0,0,0,0,0,5,7,46,12,2,2054.73500
AllFleetRetreatPanorama,652,1.77870,1.77760,1.77900,0.65331,,13881.00000,440515448.00000,1,0,0,0,0,0,5,7,46,12,2,2054.73500
AllFleetRetreatPanorama,653,1.95520,1.96700,1.95100,0.64000,,13881.00000,440515448.00000,1,0,0,0,0,0,5,7,46,12,2,2054.73500
AllFleetRetreatPanorama,654,1.84280,2.00490,1.78260,0.64614,,13881.00000,440580984.00000,1,0,0,0,0,0,5,7,46,12,2,2054.73500
AllFleetRetreatPanorama,655,1.89860,1.78190,1.95140,0.64102,,13881.00000,440580984.00000,1,0,0,0,0,0,5,7,46,12,2,2054.73500
AllFleetRetreatPanorama,656,1.85020,1.95400,1.84460,0.65024,,13881.00000,440499064.00000,1,0,0,0,0,0,5,7,46,12,2,2054.73500
AllFleetRetreatPanorama,657,1.77880,1.78640,1.78070,0.62669,,13881.00000,440580984.00000,1,0,0,0,0,0,5,7,46,12,2,2054.73500
AllFleetRetreatPanorama,658,2.23430,1.95440,2.23000,0.65024,,13881.00000,440580984.00000,1,0,0,0,0,0,5,7,46,12,2,2054.73500
AllFleetRetreatPanorama,659,1.79790,1.84800,1.78400,0.63898,,13881.00000,440499064.00000,1,0,0,0,0,0,5,7,46,12,2,2054.73500
AllFleetRetreatPanorama,660,2.11060,1.78410,2.03590,0.64717,,13881.00000,440515448.00000,1,0,0,0,0,0,5,7,46,12,2,2082.42500
AllFleetRetreatPanorama,661,2.80380,2.23300,2.86470,0.63386,,16577.00000,440517828.00000,1,0,0,0,0,0,5,7,46,12,2,2082.42500
AllFleetRetreatPanorama,662,2.41200,1.78710,2.41760,0.63693,,13881.00000,440501444.00000,1,0,0,0,0,0,5,7,46,12,2,2082.42500
AllFleetRetreatPanorama,663,1.90030,2.03930,1.89530,0.65126,,13881.00000,440583364.00000,1,0,0,0,0,0,5,7,46,12,2,2082.42500
AllFleetRetreatPanorama,664,1.91430,2.86830,1.91540,0.64614,,13881.00000,440583364.00000,1,0,0,0,0,0,5,7,46,12,2,2082.42500
AllFleetRetreatPanorama,665,1.90480,2.42070,1.82900,0.63181,,13881.00000,440501444.00000,1,0,0,0,0,0,5,7,46,12,2,2082.42500
AllFleetRetreatPanorama,666,2.30950,1.89920,2.38080,0.63078,,13881.00000,440501444.00000,1,0,0,0,0,0,5,7,46,12,2,2082.42500
AllFleetRetreatPanorama,667,2.34250,1.91920,2.33260,0.63283,,13881.00000,440501444.00000,1,0,0,0,0,0,5,7,46,12,2,2082.42500
AllFleetRetreatPanorama,668,3.61930,1.83230,3.60550,0.64205,,13881.00000,440501444.00000,1,0,0,0,0,0,5,7,46,12,2,2082.42500
AllFleetRetreatPanorama,669,2.32160,2.38440,2.27800,0.63590,,13881.00000,440501444.00000,1,0,0,0,0,0,5,7,46,12,2,2110.12400
AllFleetRetreatPanorama,670,2.09050,2.33640,2.13740,0.66150,,13881.00000,440501444.00000,1,0,0,0,0,0,5,7,46,12,2,2110.12400
AllFleetRetreatPanorama,671,1.84850,3.60970,1.84890,0.63898,,13881.00000,440517828.00000,1,0,0,0,0,0,5,7,46,12,2,2110.12400
AllFleetRetreatPanorama,672,1.79770,2.28140,1.79620,0.63078,,13881.00000,440517828.00000,1,0,0,0,0,0,5,7,46,12,2,2110.12400
AllFleetRetreatPanorama,673,1.78029,2.14060,1.77170,0.64717,,13881.00000,440501444.00000,1,0,0,0,0,0,5,7,46,12,2,2110.12400
AllFleetRetreatPanorama,674,1.86711,1.85290,1.86700,0.63795,,13881.00000,440517828.00000,1,0,0,0,0,0,5,7,46,12,2,2110.12400
AllFleetRetreatPanorama,675,1.91000,1.79960,1.86820,0.63386,,13881.00000,440517828.00000,1,0,0,0,0,0,5,7,46,12,2,2110.12400
AllFleetRetreatPanorama,676,1.78120,1.77610,1.81930,0.65843,,13881.00000,440501444.00000,1,0,0,0,0,0,5,7,46,12,2,2110.12400
AllFleetRetreatPanorama,677,1.90330,1.87020,1.89870,0.65024,,13881.00000,440583364.00000,1,0,0,0,0,0,5,7,46,12,2,2110.12400
AllFleetRetreatPanorama,678,1.83640,1.87110,1.81970,0.63898,,13881.00000,440583364.00000,1,0,0,0,0,0,5,7,46,12,2,2110.12400
AllFleetRetreatPanorama,679,2.29340,1.82220,2.29310,0.64205,,13881.00000,440501444.00000,1,0,0,0,0,0,5,7,46,12,2,2137.83000
AllFleetRetreatPanorama,680,2.46600,1.90150,2.40960,0.64000,,16577.00000,440503824.00000,1,0,0,0,0,0,5,7,46,12,2,2137.83000
AllFleetRetreatPanorama,681,2.15270,1.82220,2.18930,0.62874,,13933.00000,440503824.00000,1,0,0,0,0,0,5,7,46,12,2,2137.83000
AllFleetRetreatPanorama,682,2.64770,2.29830,2.52780,1.21958,,13881.00000,440503824.00000,1,0,0,0,0,0,5,7,46,12,2,2137.83000
AllFleetRetreatPanorama,683,3.18220,2.41410,3.13330,0.64717,,13881.00000,440503824.00000,1,0,0,0,0,0,5,7,46,12,2,2137.83000
AllFleetRetreatPanorama,684,3.30980,2.19560,3.35020,0.83251,,13969.00000,440503824.00000,1,0,0,0,0,0,5,7,46,12,2,2137.83000
AllFleetRetreatPanorama,685,2.27360,2.53410,2.35990,0.62771,,13881.00000,440503824.00000,1,0,0,0,0,0,5,7,46,12,2,2137.83000
AllFleetRetreatPanorama,686,2.52260,3.14080,2.49790,0.88064,,13881.00000,440503824.00000,1,0,0,0,0,0,5,7,46,12,2,2137.83000
AllFleetRetreatPanorama,687,2.46100,3.35720,2.49560,0.64102,,13881.00000,440585744.00000,1,0,0,0,0,0,5,7,46,12,2,2165.54400
AllFleetRetreatPanorama,688,2.30000,2.36740,2.29100,0.63181,,13881.00000,440585744.00000,1,0,0,0,0,0,5,7,46,12,2,2165.54400
AllFleetRetreatPanorama,689,2.38020,2.50260,2.34220,1.22163,,13881.00000,440503824.00000,1,0,0,0,0,0,5,7,46,12,2,2165.54400
AllFleetRetreatPanorama,690,1.94510,2.50060,1.98470,0.64102,,13881.00000,440503824.00000,1,0,0,0,0,0,5,7,46,12,2,2165.54400
AllFleetRetreatPanorama,691,2.04889,2.29510,2.04330,0.64410,,13881.00000,440503824.00000,1,0,0,0,0,0,5,7,46,12,2,2165.54400
AllFleetRetreatPanorama,692,2.15330,2.34660,2.15590,0.64102,,13881.00000,440503824.00000,1,0,0,0,0,0,5,7,46,12,2,2165.54400
AllFleetRetreatPanorama,693,1.92930,1.98840,1.92900,0.65024,,13881.00000,440503824.00000,1,0,0,0,0,0,5,7,46,12,2,2165.54400
AllFleetRetreatPanorama,694,1.98800,2.04710,1.94290,0.65638,,13881.00000,440503824.00000,1,0,0,0,0,0,5,7,46,12,2,2165.54400
AllFleetRetreatPanorama,695,2.02810,2.15940,2.06540,0.65741,,13881.00000,440503824.00000,1,0,0,0,0,0,5,7,46,12,2,2165.54400
AllFleetRetreatPanorama,696,2.18510,1.93250,2.18240,0.64307,,13881.00000,440503824.00000,1,0,0,0,0,0,5,7,46,12,2,2193.26600
AllFleetRetreatPanorama,697,2.25780,1.94680,2.20550,0.64819,,13881.00000,440503824.00000,1,0,0,0,0,0,5,7,46,12,2,2193.26600
AllFleetRetreatPanorama,698,2.22530,2.06860,2.26050,0.65024,,13881.00000,440503824.00000,1,0,0,0,0,0,5,7,46,12,2,2193.26600
AllFleetRetreatPanorama,699,2.11361,2.18570,2.06980,0.64512,,13881.00000,440503824.00000,1,0,0,0,0,0,5,7,46,12,2,2193.26600
AllFleetRetreatPanorama,700,2.09690,2.20920,2.11750,0.62874,,13881.00000,440503824.00000,1,0,0,0,0,0,5,7,46,12,2,2193.26600
AllFleetRetreatPanorama,701,1.92430,2.26420,1.94250,0.64819,,13881.00000,440585744.00000,1,0,0,0,0,0,5,7,46,12,2,2193.26600
AllFleetRetreatPanorama,702,1.73070,2.07330,1.73300,0.64205,,13881.00000,440585744.00000,1,0,0,0,0,0,5,7,46,12,2,2193.26600
AllFleetRetreatPanorama,703,1.84420,2.12140,1.84090,1.22470,,13881.00000,440520208.00000,1,0,0,0,0,0,5,7,46,12,2,2193.26600
AllFleetRetreatPanorama,704,1.89870,1.94590,1.88730,0.65946,,13881.00000,440520208.00000,1,0,0,0,0,0,5,7,46,12,2,2193.26600
AllFleetRetreatPanorama,705,1.91690,1.73610,1.88500,0.64000,,13881.00000,440503824.00000,1,0,0,0,0,0,5,7,46,12,2,2193.26600
AllFleetRetreatPanorama,706,1.84210,1.84380,1.87680,0.64102,,13881.00000,440503824.00000,1,0,0,0,0,0,4,8,46,12,2,2220.99400
AllFleetRetreatPanorama,707,2.12230,1.89040,2.04610,0.64512,,16577.00000,440506204.00000,1,0,0,0,0,0,4,8,46,12,2,2220.99400
AllFleetRetreatPanorama,708,1.81370,1.88850,1.86030,0.63693,,13881.00000,440506204.00000,1,0,0,0,0,0,4,8,46,12,2,2220.99400
AllFleetRetreatPanorama,709,1.74490,1.87980,1.74820,0.65024,,13881.00000,440506204.00000,1,0,0,0,0,0,4,8,46,12,2,2220.99400
AllFleetRetreatPanorama,710,1.77151,2.05330,1.77260,0.63181,,13881.00000,440506204.00000,1,0,0,0,0,0,4,8,46,12,2,2220.99400
AllFleetRetreatPanorama,711,1.98109,1.86460,1.92970,0.63386,,13881.00000,440588124.00000,1,0,0,0,0,0,4,8,46,12,2,2220.99400
AllFleetRetreatPanorama,712,1.83980,1.75140,1.88950,0.64000,,13881.00000,440588124.00000,1,0,0,0,0,0,4,8,46,12,2,2220.99400
AllFleetRetreatPanorama,713,1.78780,1.77580,1.78460,0.62771,,13881.00000,440506204.00000,1,0,0,0,0,0,4,8,46,12,2,2220.99400
AllFleetRetreatPanorama,714,2.13430,1.93290,2.12510,0.64000,,13881.00000,440588124.00000,1,0,0,0,0,0,4,8,46,12,2,2220.99400
AllFleetRetreatPanorama,715,1.93549,1.89220,1.93380,0.65229,,13881.00000,440588124.00000,1,0,0,0,0,0,4,8,46,12,2,2220.99400
AllFleetRetreatPanorama,716,2.11690,1.78760,2.09150,1.21549,,13881.00000,440506204.00000,1,0,0,0,0,0,4,8,46,12,2,2248.72900
AllFleetRetreatPanorama,717,2.40300,2.12870,2.31510,0.63488,,13881.00000,440506204.00000,1,0,0,0,0,0,4,8,46,12,2,2248.72900
AllFleetRetreatPanorama,718,1.86450,1.93730,1.97380,0.62976,,13881.00000,440506204.00000,1,0,0,0,0,0,4,8,46,12,2,2248.72900
AllFleetRetreatPanorama,719,2.33350,2.09520,2.26100,1.21754,,13881.00000,440506204.00000,1,0,0,0,0,0,4,8,46,12,2,2248.72900
AllFleetRetreatPanorama,720,2.60799,2.31870,2.62090,0.64410,,13881.00000,440506204.00000,1,0,0,0,0,0,4,8,46,12,2,2248.72900
AllFleetRetreatPanorama,721,2.03870,1.97720,2.07020,0.62566,,13881.00000,440506204.00000,1,0,0,0,0,0,4,8,46,12,2,2248.72900
AllFleetRetreatPanorama,722,2.05440,2.26550,2.02470,0.63898,,13881.00000,440506204.00000,1,0,0,0,0,0,4,8,46,12,2,2248.72900
AllFleetRetreatPanorama,723,1.80610,2.62450,1.84600,0.64512,,13881.00000,440588124.00000,1,0,0,0,0,0,4,8,46,12,2,2248.72900
AllFleetRetreatPanorama,724,1.75300,2.07410,1.74990,0.65024,,13881.00000,440588124.00000,1,0,0,0,0,0,4,8,46,12,2,2248.72900
AllFleetRetreatPanorama,725,2.07340,2.02800,1.99080,0.62566,,13881.00000,440506204.00000,1,0,0,0,0,0,4,8,46,12,2,2248.72900
AllFleetRetreatPanorama,726,2.01340,1.84890,2.02830,0.64819,,13881.00000,440506204.00000,1,0,0,0,0,0,4,8,46,12,2,2276.47000
AllFleetRetreatPanorama,727,3.21640,1.75230,3.12950,0.63693,,16577.00000,440508584.00000,1,0,0,0,0,0,4,8,46,12,2,2276.47000
AllFleetRetreatPanorama,728,2.49570,1.99780,2.61690,0.64307,,13881.00000,440508584.00000,1,0,0,0,0,0,4,8,46,12,2,2276.47000
AllFleetRetreatPanorama,729,1.92110,2.03400,1.91580,0.62669,,13881.00000,440508584.00000,1,0,0,0,0,0,4,8,46,12,2,2276.47000
AllFleetRetreatPanorama,730,2.02810,3.13410,2.02860,0.63386,,13881.00000,440508584.00000,1,0,0,0,0,0,4,8,46,12,2,2276.47000
AllFleetRetreatPanorama,731,2.08740,2.62190,2.08520,0.63693,,13881.00000,440524968.00000,1,0,0,0,0,0,4,8,46,12,2,2276.47000
AllFleetRetreatPanorama,732,1.84740,1.91920,1.80350,0.64307,,13881.00000,440541352.00000,1,0,0,0,0,0,4,8,46,12,2,2276.47000
AllFleetRetreatPanorama,733,1.82500,2.03200,1.86960,0.64102,,13881.00000,440524968.00000,1,0,0,0,0,0,4,8,46,12,2,2276.47000
AllFleetRetreatPanorama,734,2.20940,2.08890,2.19760,0.64614,,13881.00000,440508584.00000,1,0,0,0,0,0,4,8,46,12,2,2276.47000
AllFleetRetreatPanorama,735,2.04600,1.80680,2.04840,0.63386,,13881.00000,440508584.00000,1,0,0,0,0,0,3,9,46,12,2,2304.21800
AllFleetRetreatPanorama,736,1.85620,1.87250,1.85400,0.65638,,13881.00000,440508584.00000,1,0,0,0,0,0,3,9,46,12,2,2304.21800
AllFleetRetreatPanorama,737,2.02210,2.20150,2.00800,0.66970,,13881.00000,440590504.00000,1,0,0,0,0,0,3,9,46,12,2,2304.21800
AllFleetRetreatPanorama,738,1.96800,2.05150,1.94150,0.64614,,13881.00000,440590504.00000,1,0,0,0,0,0,3,9,46,12,2,2304.21800
AllFleetRetreatPanorama,739,2.04799,1.85670,2.07740,1.22778,,13881.00000,440508584.00000,1,0,0,0,0,0,3,9,46,12,2,2304.21800
AllFleetRetreatPanorama,740,1.81070,2.01100,1.81190,0.64819,,13881.00000,440590504.00000,1,0,0,0,0,0,3,9,46,12,2,2304.21800
AllFleetRetreatPanorama,741,1.72660,1.94460,1.72390,0.64512,,13881.00000,440672424.00000,1,0,0,0,0,0,3,9,46,12,2,2304.21800
AllFleetRetreatPanorama,742,1.99030,2.08110,1.98250,0.65946,,13881.00000,440590504.00000,1,0,0,0,0,0,3,9,46,12,2,2304.21800
AllFleetRetreatPanorama,743,1.82170,1.81510,1.82050,0.62362,,13881.00000,440508584.00000,1,0,0,0,0,0,3,9,46,12,2,2304.21800
AllFleetRetreatPanorama,744,1.84580,1.72700,1.80090,0.62874,,13881.00000,440508584.00000,1,0,0,0,0,0,3,9,46,12,2,2304.21800
AllFleetRetreatPanorama,745,1.92120,1.98560,1.95280,0.62874,,13881.00000,440524968.00000,1,0,0,0,0,0,3,9,46,12,2,2304.21800
AllFleetRetreatPanorama,746,1.88390,1.82510,1.88020,0.63795,,13881.00000,440541352.00000,1,0,0,0,0,0,3,9,46,12,2,2331.97200
AllFleetRetreatPanorama,747,2.05320,1.80500,2.05230,0.64205,,16577.00000,440524968.00000,1,0,0,0,0,0,3,9,46,12,2,2331.97200
AllFleetRetreatPanorama,748,1.86940,1.95640,1.87140,0.63283,,13881.00000,440592884.00000,1,0,0,0,0,0,3,9,46,12,2,2331.97200
AllFleetRetreatPanorama,749,2.32670,1.88450,2.27210,0.63898,,13881.00000,440592884.00000,1,0,0,0,0,0,3,9,46,12,2,2331.97200
AllFleetRetreatPanorama,750,2.42130,2.05560,2.46400,0.64819,,13881.00000,440510964.00000,1,0,0,0,0,0,3,9,46,12,2,2331.97200
AllFleetRetreatPanorama,751,1.86870,1.87470,1.82520,0.64614,,13881.00000,440510964.00000,1,0,0,0,0,0,3,9,46,12,2,2331.97200
AllFleetRetreatPanorama,752,1.81620,2.27640,1.84840,0.65331,,13881.00000,440592884.00000,1,0,0,0,0,0,3,9,46,12,2,2331.97200
AllFleetRetreatPanorama,753,1.77880,2.46800,1.78140,0.64512,,13881.00000,440592884.00000,1,0,0,0,0,0,3,9,46,12,2,2331.97200
AllFleetRetreatPanorama,754,2.12310,1.82970,2.08080,0.65229,,13881.00000,440510964.00000,1,0,0,0,0,0,3,9,46,12,2,2331.97200
AllFleetRetreatPanorama,755,2.04790,1.85300,2.08290,0.64819,,13881.00000,440510964.00000,1,0,0,0,0,0,3,9,46,12,2,2359.73200
AllFleetRetreatPanorama,756,2.11270,1.78500,2.05940,0.64000,,13881.00000,440510964.00000,1,0,0,0,0,0,3,9,46,12,2,2359.73200
AllFleetRetreatPanorama,757,2.29030,2.08420,2.33460,0.63590,,13969.00000,440510964.00000,1,0,0,0,0,0,3,9,46,12,2,2359.73200
AllFleetRetreatPanorama,758,1.80900,2.08600,1.80560,0.64102,,13881.00000,440510964.00000,1,0,0,0,0,0,3,9,46,12,2,2359.73200
AllFleetRetreatPanorama,759,1.76990,2.06230,1.73410,0.63078,,13881.00000,440510964.00000,1,0,0,0,0,0,3,9,46,12,2,2359.73200
AllFleetRetreatPanorama,760,1.72180,2.33820,1.75290,0.64614,,13881.00000,440510964.00000,1,0,0,0,0,0,3,9,46,12,2,2359.73200
AllFleetRetreatPanorama,761,1.75320,1.80880,1.74130,0.63898,,13881.00000,440527348.00000,1,0,0,0,0,0,3,9,46,12,2,2359.73200
AllFleetRetreatPanorama,762,1.88580,1.73780,1.88990,0.65229,,13881.00000,440527348.00000,1,0,0,0,0,0,3,9,46,12,2,2359.73200
AllFleetRetreatPanorama,763,1.75630,1.75640,1.75620,0.63795,,13881.00000,440510964.00000,1,0,0,0,0,0,3,9,46,12,2,2359.73200
AllFleetRetreatPanorama,764,1.89960,1.74560,1.89010,0.64102,,13881.00000,440510964.00000,1,0,0,0,0,0,3,9,46,12,2,2359.73200
AllFleetRetreatPanorama,765,2.43030,1.89260,2.35930,0.64000,,13881.00000,440592884.00000,1,0,0,0,0,0,3,9,46,12,2,2359.73200
AllFleetRetreatPanorama,766,2.75930,1.75940,2.64470,0.65024,,13881.00000,440592884.00000,1,0,0,0,0,0,3,9,46,12,2,2387.49700
AllFleetRetreatPanorama,767,2.73130,1.89320,2.86250,1.19910,,16577.00000,440513344.00000,1,0,0,0,0,0,3,9,46,12,2,2387.49700
AllFleetRetreatPanorama,768,2.02080,2.36360,2.03210,0.87450,,13881.00000,440513344.00000,1,0,0,0,0,0,3,9,46,12,2,2387.49700
AllFleetRetreatPanorama,769,2.18170,2.65720,2.11600,0.64512,,13881.00000,440513344.00000,1,0,0,0,0,0,3,9,46,12,2,2387.49700
AllFleetRetreatPanorama,770,2.23460,2.86850,2.24200,0.64307,,13881.00000,440529728.00000,1,0,0,0,0,0,3,9,46,12,2,2387.49700
AllFleetRetreatPanorama,771,1.84200,2.03700,1.89900,0.64000,,13881.00000,440529728.00000,1,0,0,0,0,0,3,9,46,12,2,2387.49700
AllFleetRetreatPanorama,772,2.06750,2.12280,2.00820,1.22266,,13881.00000,440513344.00000,1,0,0,0,0,0,3,9,46,12,2,2387.49700
AllFleetRetreatPanorama,773,2.37530,2.24640,2.42140,0.64512,,13881.00000,440529728.00000,1,0,0,0,0,0,3,9,46,12,2,2387.49700
AllFleetRetreatPanorama,774,2.05130,1.90290,2.04520,0.62771,,13881.00000,440529728.00000,1,0,0,0,0,0,3,9,46,12,2,2387.49700
AllFleetRetreatPanorama,775,1.96930,2.01330,1.92660,1.21754,,13881.00000,440513344.00000,1,0,0,0,0,0,3,9,46,12,2,2415.26800
AllFleetRetreatPanorama,776,2.06200,2.42540,2.08030,0.64717,,13881.00000,440513344.00000,1,0,0,0,0,0,3,9,46,12,2,2415.26800
AllFleetRetreatPanorama,777,1.80420,2.04980,1.82900,0.63488,,13933.00000,440513344.00000,1,0,0,0,0,0,3,9,46,12,2,2415.26800
AllFleetRetreatPanorama,778,1.79460,1.92980,1.78160,0.63898,,13881.00000,440513344.00000,1,0,0,0,0,0,3,9,46,12,2,2415.26800
AllFleetRetreatPanorama,779,1.90190,2.08300,1.90290,0.64819,,13881.00000,440595264.00000,1,0,0,0,0,0,3,9,46,12,2,2415.26800
AllFleetRetreatPanorama,780,2.80090,1.83170,2.63290,0.64410,,13881.00000,440595264.00000,1,0,0,0,0,0,3,9,46,12,2,2415.26800
AllFleetRetreatPanorama,781,3.16290,1.78470,3.23280,1.20627,,13881.00000,440513344.00000,1,0,0,0,0,0,3,9,46,12,2,2415.26800
AllFleetRetreatPanorama,782,3.42389,1.90580,3.44210,0.64205,,13881.00000,440513344.00000,1,0,0,0,0,0,3,9,46,12,2,2415.26800
AllFleetRetreatPanorama,783,3.48990,2.63780,3.46050,0.64205,,13881.00000,440513344.00000,1,0,0,0,0,0,3,9,46,12,2,2443.04300
AllFleetRetreatPanorama,784,2.52050,3.23850,2.54230,0.73728,,13881.00000,440513344.00000,1,0,0,0,0,0,3,9,46,12,2,2443.04300
AllFleetRetreatPanorama,785,2.50910,3.45010,2.50960,0.64000,,13881.00000,440513344.00000,1,0,0,0,0,0,3,9,46,12,2,2443.04300
AllFleetRetreatPanorama,786,2.50870,3.46570,2.52370,0.64512,,13881.00000,440513344.00000,1,0,0,0,0,0,3,9,46,12,2,2443.04300
AllFleetRetreatPanorama,787,2.64420,2.54630,2.57670,0.64102,,13881.00000,440513344.00000,1,0,0,0,0,0,3,9,46,12,2,2443.04300
AllFleetRetreatPanorama,788,2.19420,2.51610,2.26350,0.64307,,13881.00000,440513344.00000,1,0,0,0,0,0,3,9,46,12,2,2443.04300
AllFleetRetreatPanorama,789,2.47790,2.52900,2.46320,0.84787,,13881.00000,440513344.00000,1,0,0,0,0,0,3,9,46,12,2,2443.04300
AllFleetRetreatPanorama,790,2.42730,2.58180,2.42630,0.64000,,13881.00000,440513344.00000,1,0,0,0,0,0,3,9,46,12,2,2443.04300
AllFleetRetreatPanorama,791,2.46560,2.26700,2.48260,0.63898,,13881.00000,440513344.00000,1,0,0,0,0,0,3,9,46,12,2,2470.82400
AllFleetRetreatPanorama,792,2.55620,2.46730,2.49680,0.63795,,16577.00000,440515724.00000,1,0,0,0,0,0,3,9,46,12,2,2470.82400
AllFleetRetreatPanorama,793,2.03300,2.43000,2.09740,0.63693,,13881.00000,440597644.00000,1,0,0,0,0,0,3,9,46,12,2,2470.82400
AllFleetRetreatPanorama,794,1.94080,2.48780,1.93500,0.64819,,13881.00000,440597644.00000,1,0,0,0,0,0,3,9,46,12,2,2470.82400
AllFleetRetreatPanorama,795,1.93480,2.50060,1.92890,1.40083,,13881.00000,440515724.00000,1,0,0,0,0,0,3,9,46,12,2,2470.82400
AllFleetRetreatPanorama,796,1.90840,2.10060,1.91070,0.65126,,13881.00000,440532108.00000,1,0,0,0,0,0,3,9,46,12,2,2470.82400
AllFleetRetreatPanorama,797,1.88560,1.93800,1.86570,0.64717,,13881.00000,440532108.00000,1,0,0,0,0,0,3,9,46,12,2,2470.82400
AllFleetRetreatPanorama,798,1.89710,1.93230,1.86890,0.65229,,13881.00000,440515724.00000,1,0,0,0,0,0,3,9,46,12,2,2470.82400
AllFleetRetreatPanorama,799,2.85760,1.91360,2.80440,0.64000,,13881.00000,440515724.00000,1,0,0,0,0,0,3,9,46,12,2,2470.82400
AllFleetRetreatPanorama,800,2.54930,1.86840,2.59640,0.64410,,13881.00000,440515724.00000,1,0,0,0,0,0,2,10,46,12,2,2498.61000
AllFleetRetreatPanorama,801,2.28170,1.87200,2.29730,0.64410,,13881.00000,440597644.00000,1,0,0,0,0,0,2,10,46,12,2,2498.61000
AllFleetRetreatPanorama,802,1.93110,2.81380,1.93280,0.66355,,13881.00000,440597644.00000,1,0,0,0,0,0,2,10,46,12,2,2498.61000
AllFleetRetreatPanorama,803,1.94740,2.60220,1.89650,0.64614,,13881.00000,440515724.00000,1,0,0,0,0,0,2,10,46,12,2,2498.61000
AllFleetRetreatPanorama,804,1.92460,2.30200,1.94750,0.64614,,13881.00000,440532108.00000,1,0,0,0,0,0,2,10,46,12,2,2498.61000
AllFleetRetreatPanorama,805,2.01130,1.93680,2.02290,0.62669,,13881.00000,440532108.00000,1,0,0,0,0,0,2,10,46,12,2,2498.61000
AllFleetRetreatPanorama,806,2.25750,1.90150,2.23830,0.64819,,13881.00000,440515724.00000,1,0,0,0,0,0,2,10,46,12,2,2498.61000
AllFleetRetreatPanorama,807,2.77620,1.95210,2.75280,0.64410,,13881.00000,440515724.00000,1,0,0,0,0,0,2,10,46,12,2,2498.61000
AllFleetRetreatPanorama,808,2.22710,2.02720,2.20610,0.65229,,13881.00000,440597644.00000,1,0,0,0,0,0,2,10,46,12,2,2498.61000
AllFleetRetreatPanorama,809,2.20340,2.24520,2.17700,0.65126,,13881.00000,440597644.00000,1,0,0,0,0,0,2,10,46,12,2,2526.40100
AllFleetRetreatPanorama,810,2.58450,2.75850,2.62270,1.08237,,16577.00000,440518104.00000,1,0,0,0,0,0,2,10,46,12,2,2526.40100
AllFleetRetreatPanorama,811,2.14090,2.21150,2.16860,0.63386,,13881.00000,440518104.00000,1,0,0,0,0,0,2,10,46,12,2,2526.40100
AllFleetRetreatPanorama,812,2.51570,2.18270,2.36840,0.65946,,13881.00000,440600024.00000,1,0,0,0,0,0,2,10,46,12,2,2526.40100
AllFleetRetreatPanorama,813,2.74300,2.62670,2.77900,0.64819,,13881.00000,440600024.00000,1,0,0,0,0,0,2,10,46,12,2,2526.40100
AllFleetRetreatPanorama,814,2.17620,2.17280,2.24690,1.20730,,13881.00000,440600024.00000,1,0,0,0,0,0,2,10,46,12,2,2526.40100
AllFleetRetreatPanorama,815,1.88890,2.37570,1.89930,0.61645,,13881.00000,440600024.00000,1,0,0,0,0,0,2,10,46,12,2,2526.40100
AllFleetRetreatPanorama,816,1.77530,2.78420,1.77780,0.82022,,13881.00000,440534488.00000,1,0,0,0,0,0,2,10,46,12,2,2526.40100
AllFleetRetreatPanorama,817,1.80410,2.25190,1.79550,0.63898,,13881.00000,440550872.00000,1,0,0,0,0,0,2,10,46,12,2,2526.40100
AllFleetRetreatPanorama,818,1.80250,1.90330,1.80560,0.64922,,13881.00000,440616408.00000,1,0,0,0,0,0,2,10,46,12,2,2554.19600
AllFleetRetreatPanorama,819,1.96810,1.78160,1.93350,0.62874,,13881.00000,440600024.00000,1,0,0,0,0,0,2,10,46,12,2,2554.19600
AllFleetRetreatPanorama,820,1.81780,1.79890,1.79090,0.65331,,13881.00000,440518104.00000,1,0,0,0,0,0,2,10,46,12,2,2554.19600
AllFleetRetreatPanorama,821,2.54540,1.80860,2.57630,0.64717,,13881.00000,440518104.00000,1,0,0,0,0,0,2,10,46,12,2,2554.19600
AllFleetRetreatPanorama,822,1.91590,1.93610,1.92330,0.65331,,13881.00000,440518104.00000,1,0,0,0,0,0,2,10,46,12,2,2554.19600
AllFleetRetreatPanorama,823,2.26620,1.79710,2.09860,0.62566,,13881.00000,440518104.00000,1,0,0,0,0,0,2,10,46,12,2,2554.19600
AllFleetRetreatPanorama,824,2.29920,2.58050,2.32210,0.65843,,13881.00000,440534488.00000,1,0,0,0,0,0,2,10,46,12,2,2554.19600
AllFleetRetreatPanorama,825,2.23100,1.92710,2.34080,0.62157,,13969.00000,440534488.00000,1,0,0,0,0,0,2,10,46,12,2,2554.19600
AllFleetRetreatPanorama,826,2.16780,2.11220,2.17190,1.22982,,13881.00000,440518104.00000,1,0,0,0,0,0,2,10,46,12,2,2554.19600
AllFleetRetreatPanorama,827,1.86900,2.32990,1.87000,0.65331,,13881.00000,440518104.00000,1,0,0,0,0,0,2,10,46,12,2,2554.19600
AllFleetRetreatPanorama,828,3.58640,2.34680,3.43410,0.64922,,13881.00000,440518104.00000,1,0,0,0,0,0,2,10,46,12,2,2581.99600
AllFleetRetreatPanorama,829,4.31970,2.17700,3.83910,0.64307,,16577.00000,440520280.00000,1,0,0,0,0,0,2,10,46,12,2,2581.99600
AllFleetRetreatPanorama,830,3.40980,1.87440,3.93220,0.63488,,13881.00000,440520484.00000,1,0,0,0,0,0,2,10,46,12,2,2581.99600
AllFleetRetreatPanorama,831,2.62450,3.45260,2.64900,0.63898,,13881.00000,440520484.00000,1,0,0,0,0,0,2,10,46,12,2,2581.99600
AllFleetRetreatPanorama,832,2.25920,3.84650,2.24210,0.65229,,13881.00000,440520484.00000,1,0,0,0,0,0,2,10,46,12,2,2581.99600
AllFleetRetreatPanorama,833,2.65810,3.94030,2.63610,0.64000,,13881.00000,440520484.00000,1,0,0,0,0,0,2,10,46,12,2,2581.99600
AllFleetRetreatPanorama,834,2.30150,2.65580,2.35250,0.63590,,13881.00000,440520484.00000,1,0,0,0,0,0,2,10,46,12,2,2609.82700
AllFleetRetreatPanorama,835,2.09790,2.24940,2.09450,0.64102,,13881.00000,440602404.00000,1,0,0,0,0,0,2,10,46,12,2,2609.82700
AllFleetRetreatPanorama,836,1.97460,2.64430,1.97940,0.63693,,13881.00000,440602404.00000,1,0,0,0,0,0,2,10,46,12,2,2609.82700
AllFleetRetreatPanorama,837,1.85789,2.35820,1.85400,1.21651,,13881.00000,440520484.00000,1,0,0,0,0,0,2,10,46,12,2,2609.82700
AllFleetRetreatPanorama,838,1.90000,2.09950,1.85820,0.64512,,13881.00000,440602404.00000,1,0,0,0,0,0,2,10,46,12,2,2609.82700
AllFleetRetreatPanorama,839,1.86791,1.98380,1.90430,0.63488,,13881.00000,440602404.00000,1,0,0,0,0,0,2,10,46,12,2,2609.82700
AllFleetRetreatPanorama,840,2.04060,1.85830,2.03650,1.21242,,13881.00000,440520484.00000,1,0,0,0,0,0,2,10,46,12,2,2609.82700
AllFleetRetreatPanorama,841,2.40010,1.86210,2.37560,0.65434,,13881.00000,440520484.00000,1,0,0,0,0,0,2,10,46,12,2,2609.82700
AllFleetRetreatPanorama,842,1.78800,1.90790,1.81080,0.63795,,13881.00000,440602404.00000,1,0,0,0,0,0,2,10,46,12,2,2609.82700
AllFleetRetreatPanorama,843,1.93549,2.04080,1.89030,0.65126,,13881.00000,440602404.00000,1,0,0,0,0,0,2,10,46,12,2,2609.82700
AllFleetRetreatPanorama,844,1.98020,2.37920,2.00310,0.83866,,13881.00000,440602404.00000,1,0,0,0,0,0,2,10,46,12,2,2637.66200
AllFleetRetreatPanorama,845,2.23260,1.81410,2.21320,0.63795,,16577.00000,440604784.00000,1,0,0,0,0,0,2,10,46,12,2,2637.66200
AllFleetRetreatPanorama,846,1.96150,1.89360,1.98210,0.63283,,13881.00000,440522864.00000,1,0,0,0,0,0,2,10,46,12,2,2637.66200
AllFleetRetreatPanorama,847,1.82640,2.00700,1.82420,0.62874,,13881.00000,440604784.00000,1,0,0,0,0,0,2,10,46,12,2,2637.66200
AllFleetRetreatPanorama,848,2.09240,2.21740,2.05120,0.64000,,13881.00000,440604784.00000,1,0,0,0,0,0,2,10,46,12,2,2637.66200
AllFleetRetreatPanorama,849,1.85670,1.98600,1.89020,1.22368,,13881.00000,440604784.00000,1,0,0,0,0,0,2,10,46,12,2,2637.66200
AllFleetRetreatPanorama,850,2.04030,1.82860,1.81460,0.64000,,13881.00000,440686704.00000,1,0,0,0,0,0,2,10,46,12,2,2637.66200
AllFleetRetreatPanorama,851,1.87560,2.05480,2.09790,0.86938,,13881.00000,440604784.00000,1,0,0,0,0,0,2,10,46,12,2,2637.66200
AllFleetRetreatPanorama,852,5.03880,1.89400,1.94100,0.86938,,13881.00000,440604784.00000,1,0,0,0,0,0,2,10,46,12,2,2637.66200
AllFleetRetreatPanorama,853,2.51030,1.81800,5.52920,0.63386,,13881.00000,440604784.00000,1,0,0,0,0,0,2,10,46,12,2,2665.50100
AllFleetRetreatPanorama,854,3.05740,2.10080,3.04780,0.65741,,13881.00000,440522864.00000,1,0,0,0,0,0,2,10,46,12,2,2665.50100
AllFleetRetreatPanorama,855,2.72020,1.94530,2.63780,0.63898,,13881.00000,440522864.00000,1,0,0,0,0,0,2,10,46,12,2,2665.50100
AllFleetRetreatPanorama,856,2.24970,5.53370,2.36460,0.67789,,13881.00000,440522864.00000,1,0,0,0,0,0,2,10,46,12,2,2665.50100
AllFleetRetreatPanorama,857,2.00079,3.05180,1.96520,0.64819,,13881.00000,440522864.00000,1,0,0,0,0,0,2,10,46,12,2,2665.50100
AllFleetRetreatPanorama,858,1.99481,2.65050,2.00670,0.69837,,13881.00000,440522864.00000,1,0,0,0,0,0,2,10,46,12,2,2665.50100
AllFleetRetreatPanorama,859,1.87310,2.36950,1.88230,0.67072,,13881.00000,440522864.00000,1,0,0,0,0,0,2,10,46,12,2,2665.50100
AllFleetRetreatPanorama,860,1.93389,1.96900,1.93170,0.67789,,13881.00000,440539248.00000,1,0,0,0,0,0,2,10,46,12,2,2665.50100
AllFleetRetreatPanorama,861,1.90461,2.03030,1.89660,0.64614,,13881.00000,440539248.00000,1,0,0,0,0,0,2,10,46,12,2,2665.50100
AllFleetRetreatPanorama,862,2.07150,1.88560,2.07230,0.67891,,13881.00000,440522864.00000,1,0,0,0,0,0,2,10,46,12,2,2693.34300
AllFleetRetreatPanorama,863,2.11580,1.93420,2.06400,0.66048,,16577.00000,440607164.00000,1,0,0,0,0,0,2,10,46,12,2,2693.34300
AllFleetRetreatPanorama,864,1.88730,1.90000,1.91780,0.69120,,13933.00000,440607164.00000,1,0,0,0,0,0,2,10,46,12,2,2693.34300
AllFleetRetreatPanorama,865,1.80860,2.07530,1.82640,0.65638,,13881.00000,440525244.00000,1,0,0,0,0,0,2,10,46,12,2,2693.34300
AllFleetRetreatPanorama,866,1.77540,2.06680,1.77620,0.69530,,13881.00000,440607164.00000,1,0,0,0,0,0,2,10,46,12,2,2693.34300
AllFleetRetreatPanorama,867,2.03690,1.92100,2.03510,0.64717,,13881.00000,440607164.00000,1,0,0,0,0,0,2,10,46,12,2,2693.34300
AllFleetRetreatPanorama,868,2.03690,1.82960,2.00470,0.64614,,13881.00000,440525244.00000,1,0,0,0,0,0,2,10,46,12,2,2693.34300
AllFleetRetreatPanorama,869,2.38600,1.77890,2.34480,0.65331,,13881.00000,440607164.00000,1,0,0,0,0,0,2,10,46,12,2,2693.34300
AllFleetRetreatPanorama,870,2.23670,2.03770,2.24170,0.65024,,13881.00000,440607164.00000,1,0,0,0,0,0,2,10,46,12,2,2693.34300
AllFleetRetreatPanorama,871,1.98501,2.01120,2.02520,1.35373,,13881.00000,440525244.00000,1,0,0,0,0,0,2,10,46,12,2,2721.18800
AllFleetRetreatPanorama,872,3.07190,2.34850,3.03680,0.65843,,13881.00000,440525244.00000,1,0,0,0,0,0,2,10,46,12,2,2721.18800
AllFleetRetreatPanorama,873,2.23970,2.24570,2.26260,0.68915,,13881.00000,440525244.00000,1,0,0,0,0,0,2,10,46,12,2,2721.18800
AllFleetRetreatPanorama,874,2.16130,2.02890,2.12790,0.66355,,13881.00000,440607164.00000,1,0,0,0,0,0,2,10,46,12,2,2721.18800
AllFleetRetreatPanorama,875,1.94380,3.04550,1.95740,0.68710,,13881.00000,440607164.00000,1,0,0,0,0,0,2,10,46,12,2,2721.18800
AllFleetRetreatPanorama,876,2.18480,2.26670,2.18930,1.26771,,13881.00000,440525244.00000,1,0,0,0,0,0,2,10,46,12,2,2721.18800
AllFleetRetreatPanorama,877,1.96080,2.13110,1.82090,0.66765,,13881.00000,440607164.00000,1,0,0,0,0,0,2,10,46,12,2,2721.18800
AllFleetRetreatPanorama,878,1.87720,1.96140,2.02770,0.69530,,13881.00000,440607164.00000,1,0,0,0,0,0,2,10,46,12,2,2721.18800
AllFleetRetreatPanorama,879,1.74610,2.19260,1.74120,1.65786,,13881.00000,440541628.00000,1,0,0,0,0,0,2,10,46,12,2,2721.18800
AllFleetRetreatPanorama,880,2.49311,1.82400,2.45000,0.68403,,13881.00000,440623548.00000,1,0,0,0,0,0,2,10,46,12,2,2721.18800
AllFleetRetreatPanorama,881,1.87970,2.03040,1.91690,0.69632,,13881.00000,440607164.00000,1,0,0,0,0,0,2,10,46,12,2,2749.03600
AllFleetRetreatPanorama,882,2.24160,1.74400,2.22370,1.24518,,16577.00000,440527624.00000,1,0,0,0,0,0,2,10,46,12,2,2749.03600
AllFleetRetreatPanorama,883,2.16460,2.45330,2.16640,0.68608,,13881.00000,440609544.00000,1,0,0,0,0,0,2,10,46,12,2,2749.03600
AllFleetRetreatPanorama,884,1.83280,1.91960,1.83680,0.66662,,13881.00000,440609544.00000,1,0,0,0,0,0,2,10,46,12,2,2749.03600
AllFleetRetreatPanorama,885,1.78830,2.22780,1.77620,1.25645,,13881.00000,440609544.00000,1,0,0,0,0,0,2,10,46,12,2,2749.03600
AllFleetRetreatPanorama,886,2.01689,2.16900,1.95070,0.66150,,13881.00000,440691464.00000,1,0,0,0,0,0,2,10,46,12,2,2749.03600
AllFleetRetreatPanorama,887,2.31901,1.83930,2.32090,0.67994,,13881.00000,440609544.00000,1,0,0,0,0,0,2,10,46,12,2,2749.03600
AllFleetRetreatPanorama,888,2.23580,1.77940,2.23800,1.27078,,13881.00000,440527624.00000,1,0,0,0,0,0,2,10,46,12,2,2749.03600
AllFleetRetreatPanorama,889,2.29340,1.95390,2.29950,0.65024,,13881.00000,440527624.00000,1,0,0,0,0,0,2,10,46,12,2,2749.03600
AllFleetRetreatPanorama,890,2.22850,2.33060,2.25250,0.65946,,13881.00000,440527624.00000,1,0,0,0,0,0,1,11,46,12,2,2776.88700
AllFleetRetreatPanorama,891,2.84710,2.24300,2.70970,0.66662,,15169.00000,440527624.00000,1,0,0,0,0,0,1,11,46,12,2,2776.88700
AllFleetRetreatPanorama,892,2.18510,2.30290,2.26620,0.64922,,13969.00000,440528464.00000,1,0,0,0,0,0,1,11,46,12,2,2776.88700
AllFleetRetreatPanorama,893,2.32910,2.25700,2.37100,0.63386,,13881.00000,440528464.00000,1,0,0,0,0,0,1,11,46,12,2,2776.88700
AllFleetRetreatPanorama,894,2.52070,2.71610,2.46850,0.65741,,13881.00000,440528464.00000,1,0,0,0,0,0,1,11,46,12,2,2776.88700
AllFleetRetreatPanorama,895,2.16480,2.27210,2.21360,1.23290,,13881.00000,440528464.00000,1,0,0,0,0,0,1,11,46,12,2,2776.88700
AllFleetRetreatPanorama,896,2.22740,2.37590,2.17980,1.23802,,13881.00000,440528464.00000,1,0,0,0,0,0,1,11,46,12,2,2776.88700
AllFleetRetreatPanorama,897,1.96840,2.47490,1.99240,0.65126,,13881.00000,440528464.00000,1,0,0,0,0,0,1,11,46,12,2,2776.88700
AllFleetRetreatPanorama,898,2.61830,2.21840,2.61070,0.65638,,13881.00000,440528464.00000,1,0,0,0,0,0,1,11,46,12,2,2776.88700
AllFleetRetreatPanorama,899,2.15980,2.18390,2.15120,0.63898,,13881.00000,440528464.00000,1,0,0,0,0,0,1,11,46,12,2,2804.74200
AllFleetRetreatPanorama,900,2.06750,1.99630,2.08930,0.66560,,16577.00000,440530640.00000,1,0,0,0,0,0,1,11,46,12,2,2804.74200
AllFleetRetreatPanorama,901,1.87760,2.61550,1.83570,0.68710,,13881.00000,440547228.00000,1,0,0,0,0,0,1,11,46,12,2,2804.74200
AllFleetRetreatPanorama,902,2.27100,2.15670,2.30780,0.67072,,13881.00000,440563612.00000,1,0,0,0,0,0,1,11,46,12,2,2804.74200
AllFleetRetreatPanorama,903,1.78490,2.09260,1.76560,0.69018,,13881.00000,440547228.00000,1,0,0,0,0,0,1,11,46,12,2,2804.74200
AllFleetRetreatPanorama,904,1.76830,1.83880,1.78210,0.65024,,13881.00000,440530844.00000,1,0,0,0,0,0,1,11,46,12,2,2804.74200
AllFleetRetreatPanorama,905,1.84420,2.31080,1.84020,0.66458,,13881.00000,440530844.00000,1,0,0,0,0,0,1,11,46,12,2,2804.74200
AllFleetRetreatPanorama,906,2.84529,1.76880,2.78210,0.64205,,13881.00000,440530844.00000,1,0,0,0,0,0,1,11,46,12,2,2804.74200
AllFleetRetreatPanorama,907,1.91460,1.78490,1.95880,0.64512,,13881.00000,440547228.00000,1,0,0,0,0,0,1,11,46,12,2,2804.74200
AllFleetRetreatPanorama,908,1.89660,1.84300,1.89810,0.65229,,13881.00000,440629148.00000,1,0,0,0,0,0,1,11,46,12,2,2804.74200
AllFleetRetreatPanorama,909,5.05910,2.78600,2.03530,0.65229,,13881.00000,440612764.00000,1,0,0,0,0,0,1,11,46,12,2,2832.59900
AllFleetRetreatPanorama,910,2.44790,1.96280,5.38270,0.64717,,13881.00000,440612764.00000,1,0,0,0,0,0,1,11,46,12,2,2832.59900
AllFleetRetreatPanorama,911,2.50490,1.90220,2.56580,0.65843,,13881.00000,440612764.00000,1,0,0,0,0,0,1,11,46,12,2,2832.59900
AllFleetRetreatPanorama,912,2.28670,2.03910,2.29110,0.66150,,13881.00000,440530844.00000,1,0,0,0,0,0,1,11,46,12,2,2832.59900
AllFleetRetreatPanorama,913,1.99080,5.38720,1.99570,0.64819,,13881.00000,440530844.00000,1,0,0,0,0,0,1,11,46,12,2,2832.59900
AllFleetRetreatPanorama,914,1.77140,2.57010,1.77080,0.67072,,13881.00000,440547228.00000,1,0,0,0,0,0,1,11,46,12,2,2832.59900
AllFleetRetreatPanorama,915,1.93620,2.29500,1.88680,0.66355,,13881.00000,440629148.00000,1,0,0,0,0,0,1,11,46,12,2,2832.59900
AllFleetRetreatPanorama,916,1.76420,1.99840,1.81060,0.64307,,13881.00000,440629148.00000,1,0,0,0,0,0,1,11,46,12,2,2832.59900
AllFleetRetreatPanorama,917,1.76270,1.77390,1.75990,0.64410,,13881.00000,440547228.00000,1,0,0,0,0,0,1,11,46,12,2,2860.45800
AllFleetRetreatPanorama,918,2.64370,1.88960,2.46050,0.67379,,16577.00000,440530844.00000,1,0,0,0,0,0,1,11,46,12,2,2860.45800
AllFleetRetreatPanorama,919,2.58610,1.81420,2.74340,0.65331,,13881.00000,440533224.00000,1,0,0,0,0,0,1,11,46,12,2,2860.45800
AllFleetRetreatPanorama,920,2.11360,1.76350,2.06990,0.66048,,13881.00000,440533224.00000,1,0,0,0,0,0,1,11,46,12,2,2860.45800
AllFleetRetreatPanorama,921,2.12000,2.46660,2.16690,0.65741,,13881.00000,440533224.00000,1,0,0,0,0,0,1,11,46,12,2,2860.45800
AllFleetRetreatPanorama,922,1.88200,2.74730,1.86890,0.67379,,13881.00000,440533224.00000,1,0,0,0,0,0,1,11,46,12,2,2860.45800
AllFleetRetreatPanorama,923,2.06660,2.07310,2.04420,0.66048,,13881.00000,440533224.00000,1,0,0,0,0,0,1,11,46,12,2,2860.45800
AllFleetRetreatPanorama,924,2.83980,2.16950,2.82600,0.67789,,13881.00000,440533224.00000,1,0,0,0,0,0,1,11,46,12,2,2860.45800
AllFleetRetreatPanorama,925,2.49980,1.87250,2.45440,0.64512,,13881.00000,440533224.00000,1,0,0,0,0,0,1,11,46,12,2,2888.32100
AllFleetRetreatPanorama,926,2.64639,2.04730,2.71940,0.68096,,16577.00000,440533224.00000,1,0,0,0,0,0,1,11,46,12,2,2888.32100
AllFleetRetreatPanorama,927,2.02061,2.82930,2.02230,0.65638,,13881.00000,440535604.00000,1,0,0,0,0,0,1,11,46,12,2,2888.32100
AllFleetRetreatPanorama,928,2.49950,2.45870,2.48720,0.66253,,13881.00000,440535604.00000,1,0,0,0,0,0,1,11,46,12,2,2888.32100
AllFleetRetreatPanorama,929,2.03770,2.72330,2.04550,0.64717,,13881.00000,440535604.00000,1,0,0,0,0,0,1,11,46,12,2,2888.32100
AllFleetRetreatPanorama,930,1.87810,2.02590,1.83460,0.89702,,13881.00000,440535604.00000,1,0,0,0,0,0,1,11,46,12,2,2888.32100
AllFleetRetreatPanorama,931,1.86570,2.49150,1.90410,0.66867,,13881.00000,440535604.00000,1,0,0,0,0,0,1,11,46,12,2,2888.32100
AllFleetRetreatPanorama,932,2.04550,2.04880,2.03770,0.66048,,13881.00000,440617524.00000,1,0,0,0,0,0,1,11,46,12,2,2888.32100
AllFleetRetreatPanorama,933,1.86930,1.83780,1.87130,0.64819,,13881.00000,440617524.00000,1,0,0,0,0,0,1,11,46,12,2,2888.32100
AllFleetRetreatPanorama,934,1.91020,1.90700,1.88560,0.67584,,13881.00000,440535604.00000,1,0,0,0,0,0,1,11,46,12,2,2888.32100
AllFleetRetreatPanorama,935,1.78090,2.04130,1.79850,0.62259,,13881.00000,440617524.00000,1,0,0,0,0,0,1,11,46,12,2,2916.18700
AllFleetRetreatPanorama,936,1.91410,1.87450,1.87160,0.66253,,13881.00000,440699444.00000,1,0,0,0,0,0,1,11,46,12,2,2916.18700
AllFleetRetreatPanorama,937,1.87580,1.88900,1.89430,1.24211,,13881.00000,440617524.00000,1,0,0,0,0,0,1,11,46,12,2,2916.18700
AllFleetRetreatPanorama,938,1.90410,1.80190,1.90950,0.66662,,13881.00000,440617524.00000,1,0,0,0,0,0,1,11,46,12,2,2916.18700
AllFleetRetreatPanorama,939,1.80340,1.87510,1.81400,0.63693,,13881.00000,440617524.00000,1,0,0,0,0,0,1,11,46,12,2,2916.18700
AllFleetRetreatPanorama,940,1.98820,1.89710,1.98320,0.64922,,13881.00000,440535604.00000,1,0,0,0,0,0,1,11,46,12,2,2916.18700
AllFleetRetreatPanorama,941,1.84320,1.91240,1.83920,0.65024,,13881.00000,440535604.00000,1,0,0,0,0,0,1,11,46,12,2,2916.18700
AllFleetRetreatPanorama,942,1.90610,1.81670,1.86170,0.66253,,13881.00000,440617524.00000,1,0,0,0,0,0,1,11,46,12,2,2916.18700
AllFleetRetreatPanorama,943,1.79850,1.98650,1.83060,0.64307,,13881.00000,440617524.00000,1,0,0,0,0,0,1,11,46,12,2,2916.18700
AllFleetRetreatPanorama,944,2.40010,1.84270,2.39920,0.65946,,13881.00000,440535604.00000,1,0,0,0,0,0,1,11,46,12,2,2916.18700
AllFleetRetreatPanorama,945,2.00030,1.86450,2.00150,0.63693,,13881.00000,440535604.00000,1,0,0,0,0,0,0,12,46,12,2,2944.05400
AllFleetRetreatPanorama,946,2.03980,1.83420,1.96420,0.64717,,16577.00000,440537984.00000,1,0,0,0,0,0,0,12,46,12,2,2944.05400
AllFleetRetreatPanorama,947,2.54810,2.40270,2.50110,0.65946,,13881.00000,440537984.00000,1,0,0,0,0,0,0,12,46,12,2,2944.05400
AllFleetRetreatPanorama,948,2.25830,2.00540,2.36520,0.66662,,13881.00000,440537984.00000,1,0,0,0,0,0,0,12,46,12,2,2944.05400
AllFleetRetreatPanorama,949,2.01770,1.96750,2.01400,0.73011,,13881.00000,440537984.00000,1,0,0,0,0,0,0,12,46,12,2,2944.05400
AllFleetRetreatPanorama,950,1.85911,2.50540,1.84580,0.67277,,13881.00000,440619904.00000,1,0,0,0,0,0,0,12,46,12,2,2944.05400
AllFleetRetreatPanorama,951,1.85040,2.36850,1.85490,0.88781,,13881.00000,440619904.00000,1,0,0,0,0,0,0,12,46,12,2,2944.05400
AllFleetRetreatPanorama,952,1.87850,2.01710,1.88030,1.24006,,13881.00000,440537984.00000,1,0,0,0,0,0,0,12,46,12,2,2944.05400
AllFleetRetreatPanorama,953,1.84470,1.84980,1.80390,0.64512,,13881.00000,440619904.00000,1,0,0,0,0,0,0,12,46,12,2,2944.05400
AllFleetRetreatPanorama,954,1.81960,1.85890,1.85290,0.67072,,13881.00000,440619904.00000,1,0,0,0,0,0,0,12,46,12,2,2944.05400
AllFleetRetreatPanorama,955,2.01340,1.88380,1.96780,0.65536,,13881.00000,440619904.00000,1,0,0,0,0,0,0,12,46,12,2,2971.92500
AllFleetRetreatPanorama,956,2.47260,1.80720,2.49210,0.63795,,13881.00000,440619904.00000,1,0,0,0,0,0,0,12,46,12,2,2971.92500
AllFleetRetreatPanorama,957,1.83990,1.85680,1.84500,0.65126,,13881.00000,440537984.00000,1,0,0,0,0,0,0,12,46,12,2,2971.92500
AllFleetRetreatPanorama,958,1.94780,1.97220,1.91340,0.66048,,13933.00000,440537984.00000,1,0,0,0,0,0,0,12,46,12,2,2971.92500
AllFleetRetreatPanorama,959,1.83660,2.49720,1.86920,0.65536,,13881.00000,440537984.00000,1,0,0,0,0,0,0,12,46,12,2,2971.92500
AllFleetRetreatPanorama,960,1.82660,1.84810,1.80580,0.66970,,13881.00000,440537984.00000,1,0,0,0,0,0,0,12,46,12,2,2971.92500
AllFleetRetreatPanorama,961,1.79491,1.91620,1.81510,0.65024,,13881.00000,440537984.00000,1,0,0,0,0,0,0,12,46,12,2,2971.92500
AllFleetRetreatPanorama,962,1.85900,1.87180,1.80330,0.66765,,13881.00000,440537984.00000,1,0,0,0,0,0,0,12,46,12,2,2971.92500
AllFleetRetreatPanorama,963,2.45410,1.80840,2.49240,0.65229,,13969.00000,440619904.00000,1,0,0,0,0,0,0,12,46,12,2,2971.92500
AllFleetRetreatPanorama,964,2.01330,1.81780,1.97130,0.65638,,13881.00000,440619904.00000,1,0,0,0,0,0,0,12,46,12,2,2971.92500
AllFleetRetreatPanorama,965,1.92170,1.80620,1.96510,1.24006,,13881.00000,440537984.00000,1,0,0,0,0,0,0,12,46,12,2,2999.79700
AllFleetRetreatPanorama,966,2.51441,2.49490,2.51270,0.66355,,16577.00000,440540364.00000,1,0,0,0,0,0,0,12,46,12,2,2999.79700
AllFleetRetreatPanorama,967,3.51920,1.97380,3.49000,0.64614,,13881.00000,440540364.00000,1,0,0,0,0,0,0,12,46,12,2,2999.79700
AllFleetRetreatPanorama,968,2.53020,1.96800,2.50230,0.66765,,13881.00000,440622284.00000,1,0,0,0,0,0,0,12,46,12,2,2999.79700
AllFleetRetreatPanorama,969,2.33170,2.51610,2.31840,0.65229,,13881.00000,440622284.00000,1,0,0,0,0,0,0,12,46,12,2,2999.79700
AllFleetRetreatPanorama,970,2.84770,3.49610,2.87570,1.23494,,13881.00000,440540364.00000,1,0,0,0,0,0,0,12,46,12,2,2999.79700
AllFleetRetreatPanorama,971,2.27070,2.50750,2.26280,0.64307,,13881.00000,440540364.00000,1,0,0,0,0,0,0,12,46,12,2,2999.79700
AllFleetRetreatPanorama,972,1.98350,2.32460,1.97360,0.63795,,13881.00000,440540364.00000,1,0,0,0,0,0,0,12,46,12,2,2999.79700
AllFleetRetreatPanorama,973,2.13491,2.88030,2.08650,0.67482,,13881.00000,440556748.00000,1,0,0,0,0,0,0,12,46,12,2,3027.67200
AllFleetRetreatPanorama,974,1.96970,2.26800,2.03090,0.63795,,13881.00000,440556748.00000,1,0,0,0,0,0,0,12,46,12,2,3027.67200
AllFleetRetreatPanorama,975,1.86150,1.97930,1.85720,0.64819,,13881.00000,440540364.00000,1,0,0,0,0,0,0,12,46,12,2,3027.67200
AllFleetRetreatPanorama,976,1.82190,2.09570,1.82180,0.63386,,13881.00000,440622284.00000,1,0,0,0,0,0,0,12,46,12,2,3027.67200
AllFleetRetreatPanorama,977,2.43820,2.03430,2.42230,0.66253,,13881.00000,440622284.00000,1,0,0,0,0,0,0,12,46,12,2,3027.67200
AllFleetRetreatPanorama,978,2.22570,1.86120,2.16790,0.63693,,13881.00000,440540364.00000,1,0,0,0,0,0,0,12,46,12,2,3027.67200
AllFleetRetreatPanorama,979,2.24660,1.82520,2.30620,0.62771,,13881.00000,440540364.00000,1,0,0,0,0,0,0,12,46,12,2,3027.67200
AllFleetRetreatPanorama,980,2.00670,2.42690,2.00330,0.63898,,13881.00000,440540364.00000,1,0,0,0,0,0,0,12,46,12,2,3027.67200
AllFleetRetreatPanorama,981,2.14160,2.17200,2.13790,0.65024,,13881.00000,440540364.00000,1,0,0,0,0,0,0,12,46,12,2,3027.67200
AllFleetRetreatPanorama,982,1.89080,2.30930,1.89570,0.64614,,13881.00000,440540364.00000,1,0,0,0,0,0,0,12,46,12,2,3027.67200
AllFleetRetreatPanorama,983,2.08559,2.00650,2.02700,0.64205,,13881.00000,440540364.00000,1,0,0,0,0,0,0,12,46,12,2,3055.55000
AllFleetRetreatPanorama,984,2.57360,2.14080,2.48610,0.64205,,16577.00000,440542744.00000,1,0,0,0,0,0,0,12,46,12,2,3055.55000
AllFleetRetreatPanorama,985,2.31210,1.89810,2.44100,0.65024,,13881.00000,440542744.00000,1,0,0,0,0,0,0,12,46,12,2,3055.55000
AllFleetRetreatPanorama,986,2.16531,2.03010,2.13390,0.63795,,13881.00000,440542744.00000,1,0,0,0,0,0,0,12,46,12,2,3055.55000
AllFleetRetreatPanorama,987,2.41049,2.49380,2.42520,0.64512,,13881.00000,440624664.00000,1,0,0,0,0,0,0,12,46,12,2,3055.55000
AllFleetRetreatPanorama,988,2.24290,2.44450,2.19350,0.64205,,13881.00000,440706584.00000,1,0,0,0,0,0,0,12,46,12,2,3055.55000
AllFleetRetreatPanorama,989,2.52750,2.13820,2.43810,1.36909,,13881.00000,440624664.00000,1,0,0,0,0,0,0,12,46,12,2,3055.55000
AllFleetRetreatPanorama,990,2.20360,2.42920,2.31680,0.62259,,13881.00000,440542744.00000,1,0,0,0,0,0,0,12,46,12,2,3055.55000
AllFleetRetreatPanorama,991,2.39970,2.19730,2.31070,0.63693,,13881.00000,440542744.00000,1,0,0,0,0,0,0,12,46,12,2,3055.55000
AllFleetRetreatPanorama,992,2.07490,2.44850,2.15760,0.66150,,13881.00000,440624664.00000,1,0,0,0,0,0,0,12,46,12,2,3083.42900
AllFleetRetreatPanorama,993,1.90480,2.32170,1.86380,0.65331,,13881.00000,440624664.00000,1,0,0,0,0,0,0,12,46,12,2,3083.42900
AllFleetRetreatPanorama,994,1.74750,2.31790,1.78580,1.20627,,13881.00000,440542744.00000,1,0,0,0,0,0,0,12,46,12,2,3083.42900
AllFleetRetreatPanorama,995,1.78020,2.16210,1.77870,0.64410,,13881.00000,440624664.00000,1,0,0,0,0,0,0,12,46,12,2,3083.42900
AllFleetRetreatPanorama,996,1.78240,1.86770,1.78220,0.64000,,13881.00000,440624664.00000,1,0,0,0,0,0,0,12,46,12,2,3083.42900
AllFleetRetreatPanorama,997,1.72521,1.78930,1.72250,0.66560,,13881.00000,440542744.00000,1,0,0,0,0,0,0,12,46,12,2,3083.42900
AllFleetRetreatPanorama,998,1.73620,1.78250,1.72900,0.63693,,13881.00000,440559128.00000,1,0,0,0,0,0,0,12,46,12,2,3083.42900
AllFleetRetreatPanorama,999,1.79160,1.78580,1.75600,0.64512,,13881.00000,440575512.00000,1,0,0,0,0,0,0,12,46,12,2,3083.42900
AllFleetRetreatPanorama,1000,2.00350,1.72590,2.03560,0.62054,,13881.00000,440559128.00000,1,0,0,0,0,0,0,12,46,12,2,3083.42900
AllFleetRetreatPanorama,1001,1.71980,1.73290,1.71590,0.65843,,13881.00000,440542744.00000,1,0,0,0,0,0,0,12,46,12,2,3083.42900
AllFleetRetreatPanorama,1002,2.03600,1.75970,2.02460,0.64000,,13881.00000,440624664.00000,1,0,0,0,0,0,0,12,46,12,2,3111.31100
AllFleetRetreatPanorama,1003,2.14840,2.03930,2.14560,0.62976,,16577.00000,440627044.00000,1,0,0,0,0,0,0,12,46,12,2,3111.31100
AllFleetRetreatPanorama,1004,2.70510,1.71950,2.61960,1.23290,,13881.00000,440545124.00000,1,0,0,0,0,0,0,12,46,12,2,3111.31100
AllFleetRetreatPanorama,1005,2.21870,2.02830,2.29770,0.65638,,13881.00000,440545124.00000,1,0,0,0,0,0,0,12,46,12,2,3111.31100
AllFleetRetreatPanorama,1006,1.84000,2.14920,1.83830,0.64307,,13881.00000,440545124.00000,1,0,0,0,0,0,0,12,46,12,2,3111.31100
AllFleetRetreatPanorama,1007,2.20470,2.62340,2.17960,0.63283,,13881.00000,440545124.00000,1,0,0,0,0,0,0,12,46,12,2,3111.31100
AllFleetRetreatPanorama,1008,2.28110,2.30130,2.21070,0.64512,,13881.00000,440545124.00000,1,0,0,0,0,0,0,12,46,12,2,3111.31100
AllFleetRetreatPanorama,1009,2.38090,1.84190,2.40720,0.66765,,13881.00000,440627044.00000,1,0,0,0,0,0,0,12,46,12,2,3111.31100
AllFleetRetreatPanorama,1010,2.54860,2.18340,2.59330,0.63590,,13881.00000,440627044.00000,1,0,0,0,0,0,0,12,46,12,2,3111.31100
AllFleetRetreatPanorama,1011,1.97090,2.21510,1.97070,0.63898,,13881.00000,440545124.00000,1,0,0,0,0,0,0,12,46,12,2,3139.19500
AllFleetRetreatPanorama,1012,2.29770,2.41200,2.24620,0.64205,,16577.00000,440545124.00000,1,0,0,0,0,0,0,12,46,12,2,3139.19500
AllFleetRetreatPanorama,1013,2.66560,2.59710,2.59750,0.65741,,13881.00000,440547504.00000,1,0,0,0,0,0,0,12,46,12,2,3139.19500
AllFleetRetreatPanorama,1014,2.74890,1.97430,2.80370,0.64614,,13881.00000,440547504.00000,1,0,0,0,0,0,0,12,46,12,2,3139.19500
AllFleetRetreatPanorama,1015,1.96150,2.25030,2.00820,0.63488,,13881.00000,440547504.00000,1,0,0,0,0,0,0,12,46,12,2,3139.19500
AllFleetRetreatPanorama,1016,2.10250,2.60460,2.08900,0.67789,,13881.00000,440547504.00000,1,0,0,0,0,0,0,12,46,12,2,3139.19500
AllFleetRetreatPanorama,1017,1.86300,2.80780,1.86770,0.65638,,13881.00000,440547504.00000,1,0,0,0,0,0,0,12,46,12,2,3139.19500
AllFleetRetreatPanorama,1018,1.84820,2.01240,1.84840,0.78746,,13881.00000,440629424.00000,1,0,0,0,0,0,0,12,46,12,2,3139.19500
AllFleetRetreatPanorama,1019,1.77740,2.09270,1.77760,0.64205,,13881.00000,440629424.00000,1,0,0,0,0,0,0,12,46,12,2,3139.19500
AllFleetRetreatPanorama,1020,2.17930,1.87170,2.13470,0.64922,,13881.00000,440547504.00000,1,0,0,0,0,0,0,12,46,12,2,3167.08100
AllFleetRetreatPanorama,1021,2.00020,1.85170,2.03410,0.66048,,13881.00000,440547504.00000,1,0,0,0,0,0,0,12,46,12,2,3167.08100
AllFleetRetreatPanorama,1022,1.78030,1.78050,1.78430,0.63795,,13881.00000,440563888.00000,1,0,0,0,0,0,0,12,46,12,2,3167.08100
AllFleetRetreatPanorama,1023,1.71590,2.13770,1.71230,0.63693,,13881.00000,440563888.00000,1,0,0,0,0,0,0,12,46,12,2,3167.08100
AllFleetRetreatPanorama,1024,1.80450,2.03720,1.78900,0.63795,,13881.00000,440547504.00000,1,0,0,0,0,0,0,12,46,12,2,3167.08100
AllFleetRetreatPanorama,1025,2.17390,1.78740,2.14030,0.65843,,13881.00000,440629424.00000,1,0,0,0,0,0,0,12,46,12,2,3167.08100
AllFleetRetreatPanorama,1026,2.19290,1.71530,2.18630,0.64614,,13881.00000,440629424.00000,1,0,0,0,0,0,0,12,46,12,2,3167.08100
AllFleetRetreatPanorama,1027,1.86000,1.79220,1.89520,0.64614,,13881.00000,440547504.00000,1,0,0,0,0,0,0,12,46,12,2,3167.08100
AllFleetRetreatPanorama,1028,1.86880,2.14350,1.87030,0.65434,,13881.00000,440547504.00000,1,0,0,0,0,0,0,12,46,12,2,3167.08100
AllFleetRetreatPanorama,1029,2.15720,2.19040,2.10220,0.64410,,13881.00000,440547504.00000,1,0,0,0,0,0,0,12,46,12,2,3167.08100
AllFleetRetreatPanorama,1030,2.46360,1.89990,2.39090,0.65638,,13881.00000,440547504.00000,1,0,0,0,0,0,0,12,46,12,2,3194.96900
AllFleetRetreatPanorama,1031,2.39110,1.87380,2.40030,0.63898,,16577.00000,440549884.00000,1,0,0,0,0,0,0,12,46,12,2,3194.96900
AllFleetRetreatPanorama,1032,2.08880,2.10770,2.07080,0.63898,,13881.00000,440549884.00000,1,0,0,0,0,0,0,12,46,12,2,3194.96900
AllFleetRetreatPanorama,1033,2.27520,2.39940,2.35820,0.64819,,13969.00000,440549884.00000,1,0,0,0,0,0,0,12,46,12,2,3194.96900
AllFleetRetreatPanorama,1034,2.03830,2.40670,2.03300,0.63488,,13881.00000,440549884.00000,1,0,0,0,0,0,0,12,46,12,2,3194.96900
AllFleetRetreatPanorama,1035,2.37750,2.07670,2.37730,0.62259,,13881.00000,440549884.00000,1,0,0,0,0,0,0,12,46,12,2,3194.96900
AllFleetRetreatPanorama,1036,2.87740,2.36340,2.83490,0.64512,,13881.00000,440549884.00000,1,0,0,0,0,0,0,12,46,12,2,3194.96900
AllFleetRetreatPanorama,1037,2.11210,2.03740,2.15660,0.64205,,13881.00000,440549884.00000,1,0,0,0,0,0,0,12,46,12,2,3194.96900
AllFleetRetreatPanorama,1038,2.22490,2.38190,2.22270,1.20934,,13881.00000,440549884.00000,1,0,0,0,0,0,0,12,46,12,2,3194.96900
AllFleetRetreatPanorama,1039,1.92600,2.84030,1.92150,0.63488,,13881.00000,440549884.00000,1,0,0,0,0,0,0,12,46,12,2,3222.85800
AllFleetRetreatPanorama,1040,2.10940,2.16050,2.10880,0.64000,,13881.00000,440549884.00000,1,0,0,0,0,0,0,12,46,12,2,3222.85800
AllFleetRetreatPanorama,1041,2.27720,2.22630,2.23470,0.64922,,13881.00000,440549884.00000,1,0,0,0,0,0,0,12,46,12,2,3222.85800
AllFleetRetreatPanorama,1042,1.86590,1.92460,1.90490,0.64410,,13881.00000,440549884.00000,1,0,0,0,0,0,0,12,46,12,2,3222.85800
AllFleetRetreatPanorama,1043,2.14910,2.11180,2.14010,0.64000,,13881.00000,440549884.00000,1,0,0,0,0,0,0,12,46,12,2,3222.85800
AllFleetRetreatPanorama,1044,2.17320,2.23840,2.17080,0.65741,,13881.00000,440631804.00000,1,0,0,0,0,0,0,12,46,12,2,3222.85800
AllFleetRetreatPanorama,1045,1.89799,1.90800,1.88730,0.62464,,13881.00000,440631804.00000,1,0,0,0,0,0,0,12,46,12,2,3222.85800
AllFleetRetreatPanorama,1046,1.93620,2.14390,1.89300,0.64000,,13881.00000,440549884.00000,1,0,0,0,0,0,0,12,46,12,2,3222.85800
AllFleetRetreatPanorama,1047,1.96550,2.17380,2.01120,0.64717,,13881.00000,440549884.00000,1,0,0,0,0,0,0,12,46,12,2,3222.85800
AllFleetRetreatPanorama,1048,1.78771,1.89040,1.78930,0.62464,,13881.00000,440549884.00000,1,0,0,0,0,0,0,12,46,12,2,3222.85800
AllFleetRetreatPanorama,1049,1.84300,1.89600,1.84050,0.63181,,13881.00000,440549884.00000,1,0,0,0,0,0,0,12,46,12,2,3250.75000
AllFleetRetreatPanorama,1050,1.96139,2.01400,1.95160,0.65126,,16577.00000,440549884.00000,1,0,0,0,0,0,0,12,46,12,2,3250.75000
AllFleetRetreatPanorama,1051,2.73730,1.79210,2.68040,0.63795,,13881.00000,440552264.00000,1,0,0,0,0,0,0,12,46,12,2,3250.75000
AllFleetRetreatPanorama,1052,1.82340,1.84390,1.87130,0.64512,,13933.00000,440634184.00000,1,0,0,0,0,0,0,12,46,12,2,3250.75000
AllFleetRetreatPanorama,1053,2.30270,1.95470,2.29230,0.64614,,13881.00000,440634184.00000,1,0,0,0,0,0,0,12,46,12,2,3250.75000
AllFleetRetreatPanorama,1054,1.79491,2.68380,1.80460,0.86938,,13881.00000,440552264.00000,1,0,0,0,0,0,0,12,46,12,2,3250.75000
AllFleetRetreatPanorama,1055,1.74820,1.87490,1.72470,0.61235,,13881.00000,440568648.00000,1,0,0,0,0,0,0,12,46,12,2,3250.75000
AllFleetRetreatPanorama,1056,1.77430,2.29670,1.79100,0.63795,,13881.00000,440568648.00000,1,0,0,0,0,0,0,12,46,12,2,3250.75000
AllFleetRetreatPanorama,1057,1.80760,1.80780,1.77150,0.63488,,13881.00000,440552264.00000,1,0,0,0,0,0,0,12,46,12,2,3250.75000
AllFleetRetreatPanorama,1058,1.70320,1.72780,1.73130,0.64717,,13881.00000,440552264.00000,1,0,0,0,0,0,0,12,46,12,2,3250.75000
AllFleetRetreatPanorama,1059,2.03180,1.79420,2.01640,0.64410,,13881.00000,440552264.00000,1,0,0,0,0,0,0,12,46,12,2,3278.64400
AllFleetRetreatPanorama,1060,2.07569,1.77420,2.07610,0.63795,,16577.00000,440554644.00000,1,0,0,0,0,0,0,12,46,12,2,3278.64400
AllFleetRetreatPanorama,1061,1.78491,1.73360,1.77180,0.63386,,13881.00000,440554644.00000,1,0,0,0,0,0,0,12,46,12,2,3278.64400
AllFleetRetreatPanorama,1062,2.03630,2.02030,2.03500,0.64922,,13881.00000,440554644.00000,1,0,0,0,0,0,0,12,46,12,2,3278.64400
AllFleetRetreatPanorama,1063,2.06510,2.07970,2.03940,0.63693,,13881.00000,440571028.00000,1,0,0,0,0,0,0,12,46,12,2,3278.64400
AllFleetRetreatPanorama,1064,1.76880,1.77540,1.80770,0.64922,,13881.00000,440652948.00000,1,0,0,0,0,0,0,12,46,12,2,3278.64400
AllFleetRetreatPanorama,1065,1.92290,2.03910,1.91790,1.23290,,13881.00000,440636564.00000,1,0,0,0,0,0,0,12,46,12,2,3278.64400
AllFleetRetreatPanorama,1066,1.85180,2.04250,1.84720,0.62976,,13881.00000,440636564.00000,1,0,0,0,0,0,0,12,46,12,2,3278.64400
AllFleetRetreatPanorama,1067,1.97140,1.81040,1.96350,0.65638,,13881.00000,440636564.00000,1,0,0,0,0,0,0,12,46,12,2,3278.64400
AllFleetRetreatPanorama,1068,1.83850,1.92050,1.84390,1.22163,,13881.00000,440554644.00000,1,0,0,0,0,0,0,12,46,12,2,3278.64400
AllFleetRetreatPanorama,1069,1.86230,1.84960,1.79080,0.63078,,13881.00000,440636564.00000,1,0,0,0,0,0,0,12,46,12,2,3278.64400
AllFleetRetreatPanorama,1070,1.97119,1.96670,2.03560,0.63795,,13881.00000,440636564.00000,1,0,0,0,0,0,0,12,46,12,2,3306.53900
AllFleetRetreatPanorama,1071,1.88000,1.84650,1.86980,0.64102,,13881.00000,440554644.00000,1,0,0,0,0,0,0,12,46,12,2,3306.53900
AllFleetRetreatPanorama,1072,1.80610,1.79370,1.81130,0.64614,,13881.00000,440571028.00000,1,0,0,0,0,0,0,12,46,12,2,3306.53900
AllFleetRetreatPanorama,1073,1.76730,2.03880,1.76530,0.63181,,13881.00000,440652948.00000,1,0,0,0,0,0,0,12,46,12,2,3306.53900
AllFleetRetreatPanorama,1074,1.85380,1.87250,1.84990,0.64000,,13881.00000,440636564.00000,1,0,0,0,0,0,0,12,46,12,2,3306.53900
AllFleetRetreatPanorama,1075,3.32241,1.81410,3.20240,0.63795,,13881.00000,440554644.00000,1,0,0,0,0,0,0,12,46,12,2,3306.53900
AllFleetRetreatPanorama,1076,2.37600,1.76820,2.47790,0.62976,,13881.00000,440554644.00000,1,0,0,0,0,0,0,12,46,12,2,3306.53900
AllFleetRetreatPanorama,1077,1.90980,1.85260,1.90920,0.64614,,13881.00000,440571028.00000,1,0,0,0,0,0,0,12,46,12,2,3306.53900
AllFleetRetreatPanorama,1078,1.80730,3.20680,1.81170,0.64717,,13881.00000,440652948.00000,1,0,0,0,0,0,0,12,46,12,2,3306.53900
AllFleetRetreatPanorama,1079,1.92230,2.48190,1.91120,0.62464,,13881.00000,440652948.00000,1,0,0,0,0,0,0,12,46,12,2,3306.53900
AllFleetRetreatPanorama,1080,2.13600,1.91250,2.08900,1.23187,,13881.00000,440571028.00000,1,0,0,0,0,0,0,12,46,12,2,3334.43600
AllFleetRetreatPanorama,1081,2.63060,1.81490,2.59800,0.63078,,16577.00000,440557024.00000,1,0,0,0,0,0,0,12,46,12,2,3334.43600
AllFleetRetreatPanorama,1082,2.20870,1.91410,2.27120,0.63078,,13881.00000,440557024.00000,1,0,0,0,0,0,0,12,46,12,2,3334.43600
AllFleetRetreatPanorama,1083,2.04250,2.09290,1.99210,1.20730,,13881.00000,440557024.00000,1,0,0,0,0,0,0,12,46,12,2,3334.43600
AllFleetRetreatPanorama,1084,2.08290,2.60170,2.13990,0.64102,,13881.00000,440557024.00000,1,0,0,0,0,0,0,12,46,12,2,3334.43600
AllFleetRetreatPanorama,1085,2.04820,2.27560,2.00850,0.64307,,13881.00000,440638944.00000,1,0,0,0,0,0,0,12,46,12,2,3334.43600
AllFleetRetreatPanorama,1086,2.10140,1.99570,2.13330,0.64819,,13881.00000,440638944.00000,1,0,0,0,0,0,0,12,46,12,2,3334.43600
AllFleetRetreatPanorama,1087,1.94780,2.14320,1.94120,0.62362,,13881.00000,440557024.00000,1,0,0,0,0,0,0,12,46,12,2,3334.43600
AllFleetRetreatPanorama,1088,1.96049,2.01150,1.96450,0.62771,,13881.00000,440638944.00000,1,0,0,0,0,0,0,12,46,12,2,3334.43600
AllFleetRetreatPanorama,1089,2.09530,2.13680,2.02620,0.63181,,13881.00000,440638944.00000,1,0,0,0,0,0,0,12,46,12,2,3362.33500
AllFleetRetreatPanorama,1090,2.43480,1.94420,2.45260,0.64307,,13881.00000,440557024.00000,1,0,0,0,0,0,0,12,46,12,2,3362.33500
AllFleetRetreatPanorama,1091,2.06740,1.96710,2.09510,0.63283,,13881.00000,440557024.00000,1,0,0,0,0,0,0,12,46,12,2,3362.33500
AllFleetRetreatPanorama,1092,2.27630,2.03070,2.27860,0.64819,,13881.00000,440638944.00000,1,0,0,0,0,0,0,12,46,12,2,3362.33500
AllFleetRetreatPanorama,1093,1.84140,2.45600,1.84130,0.63693,,13881.00000,440638944.00000,1,0,0,0,0,0,0,12,46,12,2,3362.33500
AllFleetRetreatPanorama,1094,2.15240,2.09810,2.13440,0.64102,,13881.00000,440557024.00000,1,0,0,0,0,0,0,12,46,12,2,3362.33500
AllFleetRetreatPanorama,1095,2.50030,2.28280,2.46810,0.64614,,13881.00000,440557024.00000,1,0,0,0,0,0,0,12,46,12,2,3362.33500
AllFleetRetreatPanorama,1096,2.05590,1.84520,2.08040,0.63283,,13881.00000,440557024.00000,1,0,0,0,0,0,0,12,46,12,2,3362.33500
AllFleetRetreatPanorama,1097,2.89720,2.13860,2.85940,0.62669,,13881.00000,440557024.00000,1,0,0,0,0,0,0,12,46,12,2,3362.33500
AllFleetRetreatPanorama,1098,2.20900,2.47180,2.24550,0.63693,,13881.00000,440557024.00000,1,0,0,0,0,0,0,12,46,12,2,3390.23600
AllFleetRetreatPanorama,1099,2.42880,2.08340,2.38110,0.63795,,16577.00000,440559404.00000,1,0,0,0,0,0,0,12,46,12,2,3390.23600
AllFleetRetreatPanorama,1100,2.20440,2.86510,2.19160,0.64717,,13881.00000,440575788.00000,1,0,0,0,0,0,0,12,46,12,2,3390.23600
AllFleetRetreatPanorama,1101,2.06220,2.24950,2.09220,0.63590,,13881.00000,440575788.00000,1,0,0,0,0,0,0,12,46,12,2,3390.23600
AllFleetRetreatPanorama,1102,2.54620,2.38530,2.52550,0.62976,,13881.00000,440559404.00000,1,0,0,0,0,0,0,12,46,12,2,3390.23600
AllFleetRetreatPanorama,1103,2.26370,2.19480,2.27130,0.64102,,13881.00000,440575788.00000,1,0,0,0,0,0,0,12,46,12,2,3390.23600
AllFleetRetreatPanorama,1104,2.71500,2.09710,2.61940,0.64717,,13881.00000,440575788.00000,1,0,0,0,0,0,0,12,46,12,2,3390.23600
AllFleetRetreatPanorama,1105,2.22980,2.53010,2.30220,1.21037,,13969.00000,440559404.00000,1,0,0,0,0,0,0,12,46,12,2,3390.23600
AllFleetRetreatPanorama,1106,1.89060,2.27690,1.93120,0.64205,,13881.00000,440559404.00000,1,0,0,0,0,0,0,12,46,12,2,3390.23600
AllFleetRetreatPanorama,1107,1.95120,2.62280,1.94340,0.63898,,13881.00000,440559404.00000,1,0,0,0,0,0,0,12,46,12,2,3418.13800
AllFleetRetreatPanorama,1108,2.44650,2.30500,2.38850,0.65536,,16577.00000,440643704.00000,1,0,0,0,0,0,0,12,46,12,2,3418.13800
AllFleetRetreatPanorama,1109,2.74000,1.93380,2.58760,0.64205,,13881.00000,440643704.00000,1,0,0,0,0,0,0,12,46,12,2,3418.13800
AllFleetRetreatPanorama,1110,2.12920,1.94720,2.28250,0.65434,,13881.00000,440561784.00000,1,0,0,0,0,0,0,12,46,12,2,3418.13800
AllFleetRetreatPanorama,1111,1.99550,2.39220,2.03550,0.65126,,13881.00000,440643704.00000,1,0,0,0,0,0,0,12,46,12,2,3418.13800
AllFleetRetreatPanorama,1112,1.85509,2.59660,1.84340,0.62259,,13881.00000,440725624.00000,1,0,0,0,0,0,0,12,46,12,2,3418.13800
AllFleetRetreatPanorama,1113,1.98860,2.28680,1.98610,0.64614,,13881.00000,440643704.00000,1,0,0,0,0,0,0,12,46,12,2,3418.13800
AllFleetRetreatPanorama,1114,1.85710,2.03920,1.85200,0.65024,,13881.00000,440578168.00000,1,0,0,0,0,0,0,12,46,12,2,3418.13800
AllFleetRetreatPanorama,1115,1.82961,1.84920,1.83420,0.62874,,13881.00000,440578168.00000,1,0,0,0,0,0,0,12,46,12,2,3418.13800
AllFleetRetreatPanorama,1116,1.78170,1.99040,1.73970,0.65843,,13881.00000,440561784.00000,1,0,0,0,0,0,0,12,46,12,2,3446.04200
AllFleetRetreatPanorama,1117,2.09740,1.85600,2.09170,0.63693,,13881.00000,440643704.00000,1,0,0,0,0,0,0,12,46,12,2,3446.04200
AllFleetRetreatPanorama,1118,2.36200,1.83760,2.38410,0.64102,,13881.00000,440643704.00000,1,0,0,0,0,0,0,12,46,12,2,3446.04200
AllFleetRetreatPanorama,1119,2.12110,1.74320,2.11930,1.22982,,13881.00000,440561784.00000,1,0,0,0,0,0,0,12,46,12,2,3446.04200
AllFleetRetreatPanorama,1120,2.52490,2.09570,2.50980,0.64205,,13881.00000,440561784.00000,1,0,0,0,0,0,0,12,46,12,2,3446.04200
AllFleetRetreatPanorama,1121,2.10170,2.38770,2.05480,0.85811,,13881.00000,440561784.00000,1,0,0,0,0,0,0,12,46,12,2,3446.04200
AllFleetRetreatPanorama,1122,2.29740,2.12400,2.31090,0.63898,,13881.00000,440561784.00000,1,0,0,0,0,0,0,12,46,12,2,3446.04200
AllFleetRetreatPanorama,1123,2.20870,2.51400,2.15030,0.63693,,13881.00000,440561784.00000,1,0,0,0,0,0,0,12,46,12,2,3446.04200
AllFleetRetreatPanorama,1124,2.36080,2.05830,2.44160,0.64102,,13881.00000,440561784.00000,1,0,0,0,0,0,0,12,46,12,2,3446.04200
AllFleetRetreatPanorama,1125,2.09330,2.31470,2.09240,0.64102,,13881.00000,440643704.00000,1,0,0,0,0,0,0,12,46,12,2,3473.98400
AllFleetRetreatPanorama,1126,2.07020,2.15730,2.03390,0.64102,,16577.00000,440646084.00000,1,0,0,0,0,0,0,12,46,12,2,3473.98400
AllFleetRetreatPanorama,1127,1.95010,2.44570,1.98360,0.62976,,13881.00000,440564164.00000,1,0,0,0,0,0,0,12,46,12,2,3473.98400
AllFleetRetreatPanorama,1128,2.00060,2.09670,1.97040,0.64102,,13881.00000,440646084.00000,1,0,0,0,0,0,0,12,46,12,2,3473.98400
AllFleetRetreatPanorama,1129,1.77700,2.03730,1.80750,0.62669,,13881.00000,440662468.00000,1,0,0,0,0,0,0,12,46,12,2,3473.98400
AllFleetRetreatPanorama,1130,1.80160,1.98710,1.79770,0.64307,,13881.00000,440580548.00000,1,0,0,0,0,0,0,12,46,12,2,3473.98400
AllFleetRetreatPanorama,1131,1.83200,1.97400,1.82240,0.64717,,13881.00000,440580548.00000,1,0,0,0,0,0,0,12,46,12,2,3473.98400
AllFleetRetreatPanorama,1132,1.88570,1.81070,1.84910,0.62874,,13881.00000,440596932.00000,1,0,0,0,0,0,0,12,46,12,2,3473.98400
AllFleetRetreatPanorama,1133,2.75310,1.80070,2.76220,0.64717,,13881.00000,440580548.00000,1,0,0,0,0,0,0,12,46,12,2,3473.98400
AllFleetRetreatPanorama,1134,2.41690,1.82750,2.43310,0.64205,,13881.00000,440564164.00000,1,0,0,0,0,0,0,12,46,12,2,3473.98400
AllFleetRetreatPanorama,1135,1.84000,1.85190,1.83610,0.64819,,13881.00000,440564164.00000,1,0,0,0,0,0,0,12,46,12,2,3501.92700
AllFleetRetreatPanorama,1136,1.92080,2.76730,1.91760,0.64614,,13881.00000,440564164.00000,1,0,0,0,0,0,0,12,46,12,2,3501.92700
AllFleetRetreatPanorama,1137,1.85050,2.43700,1.81120,0.64819,,13881.00000,440646084.00000,1,0,0,0,0,0,0,12,46,12,2,3501.92700
AllFleetRetreatPanorama,1138,1.85970,1.84040,1.88790,0.65024,,13881.00000,440646084.00000,1,0,0,0,0,0,0,12,46,12,2,3501.92700
AllFleetRetreatPanorama,1139,1.97370,1.92190,1.97560,1.22880,,13881.00000,440564164.00000,1,0,0,0,0,0,0,12,46,12,2,3501.92700
AllFleetRetreatPanorama,1140,3.30020,1.81500,3.26780,0.65331,,13881.00000,440564164.00000,1,0,0,0,0,0,0,12,46,12,2,3501.92700
AllFleetRetreatPanorama,1141,2.58141,1.89120,2.59380,0.64512,,13881.00000,440564164.00000,1,0,0,0,0,0,0,12,46,12,2,3501.92700
AllFleetRetreatPanorama,1142,2.32749,1.97940,2.29260,0.62566,,13881.00000,440564164.00000,1,0,0,0,0,0,0,12,46,12,2,3501.92700
AllFleetRetreatPanorama,1143,1.99670,3.27230,2.03590,0.64717,,13881.00000,440564164.00000,1,0,0,0,0,0,0,12,46,12,2,3501.92700
AllFleetRetreatPanorama,1144,2.18860,2.59900,2.05480,0.64922,,13881.00000,440564164.00000,1,0,0,0,0,0,0,12,46,12,2,3529.87100
AllFleetRetreatPanorama,1145,2.93180,2.29600,3.04400,0.64102,,16577.00000,440566544.00000,1,0,0,0,0,0,0,12,46,12,2,3529.87100
AllFleetRetreatPanorama,1146,2.25730,2.03910,2.25800,0.64102,,13881.00000,440566544.00000,1,0,0,0,0,0,0,12,46,12,2,3529.87100
AllFleetRetreatPanorama,1147,2.01849,2.05870,1.97540,0.63590,,13933.00000,440566544.00000,1,0,0,0,0,0,0,12,46,12,2,3529.87100
AllFleetRetreatPanorama,1148,1.81081,3.04740,1.86120,0.64205,,13881.00000,440566544.00000,1,0,0,0,0,0,0,12,46,12,2,3529.87100
AllFleetRetreatPanorama,1149,1.82460,2.26170,1.79110,0.63283,,13881.00000,440566544.00000,1,0,0,0,0,0,0,12,46,12,2,3529.87100
AllFleetRetreatPanorama,1150,2.09200,1.97900,2.11220,0.64000,,13881.00000,440566544.00000,1,0,0,0,0,0,0,12,46,12,2,3529.87100
AllFleetRetreatPanorama,1151,2.14320,1.86420,2.13880,0.64512,,13881.00000,440566544.00000,1,0,0,0,0,0,0,12,46,12,2,3529.87100
AllFleetRetreatPanorama,1152,1.92100,1.79410,1.90110,0.65229,,13881.00000,440566544.00000,1,0,0,0,0,0,0,12,46,12,2,3529.87100
AllFleetRetreatPanorama,1153,1.89630,2.11570,1.86020,0.64307,,13881.00000,440566544.00000,1,0,0,0,0,0,0,12,46,12,2,3529.87100
AllFleetRetreatPanorama,1154,2.22730,2.14250,2.27150,0.64410,,13881.00000,440566544.00000,1,0,0,0,0,0,0,12,46,12,2,3557.81500
AllFleetRetreatPanorama,1155,1.98501,1.90430,1.98340,0.64819,,16577.00000,440568924.00000,1,0,0,0,0,0,0,12,46,12,2,3557.81500
AllFleetRetreatPanorama,1156,1.79889,1.86310,1.79650,0.66458,,13881.00000,440568924.00000,1,0,0,0,0,0,0,12,46,12,2,3557.81500
AllFleetRetreatPanorama,1157,1.89600,2.27580,1.88520,0.62976,,13881.00000,440650844.00000,1,0,0,0,0,0,0,12,46,12,2,3557.81500
AllFleetRetreatPanorama,1158,1.90510,1.98750,1.91060,0.62874,,13881.00000,440650844.00000,1,0,0,0,0,0,0,12,46,12,2,3557.81500
AllFleetRetreatPanorama,1159,1.78620,1.80040,1.74340,0.65638,,13881.00000,440568924.00000,1,0,0,0,0,0,0,12,46,12,2,3557.81500
AllFleetRetreatPanorama,1160,1.79570,1.88920,1.77450,0.62976,,13881.00000,440650844.00000,1,0,0,0,0,0,0,12,46,12,2,3557.81500
AllFleetRetreatPanorama,1161,2.09031,1.91370,2.14530,0.63078,,13881.00000,440650844.00000,1,0,0,0,0,0,0,12,46,12,2,3557.81500
AllFleetRetreatPanorama,1162,1.93240,1.74770,1.92020,1.24621,,13881.00000,440568924.00000,1,0,0,0,0,0,0,12,46,12,2,3557.81500
AllFleetRetreatPanorama,1163,1.87930,1.77760,1.88130,0.64102,,13881.00000,440650844.00000,1,0,0,0,0,0,0,12,46,12,2,3557.81500
AllFleetRetreatPanorama,1164,1.76990,2.14900,1.76540,0.64205,,13881.00000,440650844.00000,1,0,0,0,0,0,0,12,46,12,2,3585.76000
AllFleetRetreatPanorama,1165,2.05160,1.92380,1.97940,0.64102,,13881.00000,440585308.00000,1,0,0,0,0,0,0,12,46,12,2,3585.76000
AllFleetRetreatPanorama,1166,2.34830,1.88470,2.41160,0.64614,,13881.00000,440585308.00000,1,0,0,0,0,0,0,12,46,12,2,3585.76000
AllFleetRetreatPanorama,1167,2.07440,1.76870,2.05580,0.81818,,13881.00000,440568924.00000,1,0,0,0,0,0,0,12,46,12,2,3585.76000
AllFleetRetreatPanorama,1168,2.06980,1.98270,2.04480,0.64205,,13881.00000,440568924.00000,1,0,0,0,0,0,0,12,46,12,2,3585.76000
AllFleetRetreatPanorama,1169,1.99060,2.41540,2.01630,0.63693,,13881.00000,440568924.00000,1,0,0,0,0,0,0,12,46,12,2,3585.76000
AllFleetRetreatPanorama,1170,2.52630,2.06080,2.42960,0.63283,,13881.00000,440568924.00000,1,0,0,0,0,0,0,12,46,12,2,3585.76000
AllFleetRetreatPanorama,1171,2.06910,2.04920,2.16070,0.64410,,13881.00000,440568924.00000,1,0,0,0,0,0,0,12,46,12,2,3585.76000
AllFleetRetreatPanorama,1172,1.73279,2.02010,1.74260,0.64717,,13881.00000,440650844.00000,1,0,0,0,0,0,0,12,46,12,2,3585.76000
AllFleetRetreatPanorama,1173,2.11440,2.43670,2.11120,0.64000,,13881.00000,440650844.00000,1,0,0,0,0,0,0,12,46,12,2,3585.76000
AllFleetRetreatPanorama,1174,2.20480,2.16480,2.13870,1.21856,,13881.00000,440568924.00000,1,0,0,0,0,0,0,12,46,12,2,3613.70700
AllFleetRetreatPanorama,1175,2.97630,1.74540,2.87860,0.63795,,16577.00000,440571304.00000,1,0,0,0,0,0,0,12,46,12,2,3613.70700
AllFleetRetreatPanorama,1176,2.49350,2.11400,2.47490,0.64614,,13881.00000,440571304.00000,1,0,0,0,0,0,0,12,46,12,2,3613.70700
AllFleetRetreatPanorama,1177,2.29510,2.14350,2.40430,0.63795,,13969.00000,440571304.00000,1,0,0,0,0,0,0,12,46,12,2,3613.70700
AllFleetRetreatPanorama,1178,2.04570,2.88220,2.07870,0.63488,,13881.00000,440571304.00000,1,0,0,0,0,0,0,12,46,12,2,3613.70700
AllFleetRetreatPanorama,1179,2.15730,2.47970,2.15180,0.62054,,13881.00000,440571304.00000,1,0,0,0,0,0,0,12,46,12,2,3613.70700
AllFleetRetreatPanorama,1180,2.27200,2.40790,2.23340,0.63795,,13881.00000,440653224.00000,1,0,0,0,0,0,0,12,46,12,2,3613.70700
AllFleetRetreatPanorama,1181,1.91440,2.08170,1.95340,0.65229,,13881.00000,440653224.00000,1,0,0,0,0,0,0,12,46,12,2,3613.70700
AllFleetRetreatPanorama,1182,2.21870,2.15600,2.20710,0.64102,,13881.00000,440571304.00000,1,0,0,0,0,0,0,12,46,12,2,3641.65400
AllFleetRetreatPanorama,1183,2.63760,2.23780,2.58620,0.62976,,16577.00000,440573684.00000,1,0,0,0,0,0,0,12,46,12,2,3641.65400
AllFleetRetreatPanorama,1184,2.41530,1.95710,2.44950,0.65434,,13881.00000,440573684.00000,1,0,0,0,0,0,0,12,46,12,2,3641.65400
AllFleetRetreatPanorama,1185,2.13010,2.21120,2.07120,1.20832,,13881.00000,440573684.00000,1,0,0,0,0,0,0,12,46,12,2,3641.65400
AllFleetRetreatPanorama,1186,2.01960,2.58960,2.08230,0.65843,,13881.00000,440573684.00000,1,0,0,0,0,0,0,12,46,12,2,3641.65400
AllFleetRetreatPanorama,1187,2.30300,2.45450,2.29450,0.82125,,13881.00000,440573684.00000,1,0,0,0,0,0,0,12,46,12,2,3641.65400
AllFleetRetreatPanorama,1188,2.61210,2.07650,2.56100,0.64205,,13881.00000,440573684.00000,1,0,0,0,0,0,0,12,46,12,2,3641.65400
AllFleetRetreatPanorama,1189,2.55770,2.08640,2.56010,0.62771,,13881.00000,440573684.00000,1,0,0,0,0,0,0,12,46,12,2,3641.65400
AllFleetRetreatPanorama,1190,2.16130,2.29840,2.09550,0.63898,,13881.00000,440573684.00000,1,0,0,0,0,0,0,12,46,12,2,3641.65400
AllFleetRetreatPanorama,1191,2.45350,2.56540,2.55760,0.63181,,13881.00000,440573684.00000,1,0,0,0,0,0,0,12,46,12,2,3669.60200
AllFleetRetreatPanorama,1192,1.95470,2.56420,1.95390,0.63590,,13881.00000,440573684.00000,1,0,0,0,0,0,0,12,46,12,2,3669.60200
AllFleetRetreatPanorama,1193,1.86240,2.09960,1.85510,0.64614,,13881.00000,440573684.00000,1,0,0,0,0,0,0,12,46,12,2,3669.60200
AllFleetRetreatPanorama,1194,1.81690,2.56090,1.82310,0.65126,,13881.00000,440573684.00000,1,0,0,0,0,0,0,12,46,12,2,3669.60200
AllFleetRetreatPanorama,1195,1.70880,1.95640,1.70760,0.64307,,13881.00000,440655604.00000,1,0,0,0,0,0,0,12,46,12,2,3669.60200
AllFleetRetreatPanorama,1196,1.80840,1.85810,1.76010,0.64102,,13881.00000,440655604.00000,1,0,0,0,0,0,0,12,46,12,2,3669.60200
AllFleetRetreatPanorama,1197,2.15380,1.82560,2.19470,0.63283,,13881.00000,440655604.00000,1,0,0,0,0,0,0,12,46,12,2,3669.60200
AllFleetRetreatPanorama,1198,1.70410,1.71000,1.70420,0.64205,,13881.00000,440655604.00000,1,0,0,0,0,0,0,12,46,12,2,3669.60200
AllFleetRetreatPanorama,1199,2.64180,1.76340,2.62400,1.22163,,13881.00000,440573684.00000,1,0,0,0,0,0,0,12,46,12,2,3669.60200
AllFleetRetreatPanorama,1200,1.90470,2.19740,1.88030,0.63898,,13881.00000,440590068.00000,1,0,0,0,0,0,0,12,46,12,2,3669.60200
AllFleetRetreatPanorama,1201,2.27400,1.70740,2.21850,0.63386,,13881.00000,440590068.00000,1,0,0,0,0,0,0,12,46,12,2,3697.55100
AllFleetRetreatPanorama,1202,2.30310,2.62830,2.37360,0.64000,,16577.00000,440575860.00000,1,0,0,0,0,0,0,12,46,12,2,3697.55100
AllFleetRetreatPanorama,1203,1.91940,1.88350,1.92330,0.62157,,13881.00000,440576064.00000,1,0,0,0,0,0,0,12,46,12,2,3697.55100
AllFleetRetreatPanorama,1204,1.82930,2.22300,1.82270,0.64410,,13881.00000,440576064.00000,1,0,0,0,0,0,0,12,46,12,2,3697.55100
AllFleetRetreatPanorama,1205,2.26330,2.37750,2.25040,0.64717,,13881.00000,440576064.00000,1,0,0,0,0,0,0,12,46,12,2,3697.55100
AllFleetRetreatPanorama,1206,2.58660,1.92720,2.51100,0.63693,,13881.00000,440576064.00000,1,0,0,0,0,0,0,12,46,12,2,3697.55100
AllFleetRetreatPanorama,1207,2.37630,1.82580,2.41630,0.63795,,13881.00000,440576064.00000,1,0,0,0,0,0,0,12,46,12,2,3697.55100
AllFleetRetreatPanorama,1208,2.30010,2.25560,2.30150,0.66150,,13881.00000,440576064.00000,1,0,0,0,0,0,0,12,46,12,2,3697.55100
AllFleetRetreatPanorama,1209,1.98710,2.51550,1.95450,0.86528,,13881.00000,440576064.00000,1,0,0,0,0,0,0,12,46,12,2,3697.55100
AllFleetRetreatPanorama,1210,1.90440,2.42130,1.95300,0.64717,,13881.00000,440576064.00000,1,0,0,0,0,0,0,12,46,12,2,3725.50100
AllFleetRetreatPanorama,1211,2.08860,2.30690,2.04660,0.64512,,16577.00000,440594828.00000,1,0,0,0,0,0,0,12,46,12,2,3725.50100
AllFleetRetreatPanorama,1212,2.14380,1.96120,2.18460,0.65229,,13881.00000,440594828.00000,1,0,0,0,0,0,0,12,46,12,2,3725.50100
AllFleetRetreatPanorama,1213,2.25960,1.95690,2.20410,0.64205,,13881.00000,440578444.00000,1,0,0,0,0,0,0,12,46,12,2,3725.50100
AllFleetRetreatPanorama,1214,3.34020,2.05010,3.35690,0.63693,,13881.00000,440578444.00000,1,0,0,0,0,0,0,12,46,12,2,3725.50100
AllFleetRetreatPanorama,1215,2.28500,2.18820,2.25750,0.62362,,13881.00000,440578444.00000,1,0,0,0,0,0,0,12,46,12,2,3725.50100
AllFleetRetreatPanorama,1216,2.35350,2.20850,2.38930,0.64614,,13881.00000,440594828.00000,1,0,0,0,0,0,0,12,46,12,2,3725.50100
AllFleetRetreatPanorama,1217,2.06990,3.36540,2.06640,0.64614,,13881.00000,440594828.00000,1,0,0,0,0,0,0,12,46,12,2,3725.50100
AllFleetRetreatPanorama,1218,1.99320,2.26310,1.98920,0.64102,,13881.00000,440578444.00000,1,0,0,0,0,0,0,12,46,12,2,3725.50100
AllFleetRetreatPanorama,1219,2.15159,2.39330,2.14490,0.63386,,13881.00000,440578444.00000,1,0,0,0,0,0,0,12,46,12,2,3753.45100
AllFleetRetreatPanorama,1220,2.43400,2.07000,2.39270,0.64819,,13881.00000,440578444.00000,1,0,0,0,0,0,0,12,46,12,2,3753.45100
AllFleetRetreatPanorama,1221,2.19410,1.99340,2.23180,0.63283,,13881.00000,440578444.00000,1,0,0,0,0,0,0,12,46,12,2,3753.45100
AllFleetRetreatPanorama,1222,1.94180,2.14880,1.93200,0.63795,,13881.00000,440578444.00000,1,0,0,0,0,0,0,12,46,12,2,3753.45100
AllFleetRetreatPanorama,1223,2.17209,2.39580,2.17400,0.64614,,13881.00000,440578444.00000,1,0,0,0,0,0,0,12,46,12,2,3753.45100
AllFleetRetreatPanorama,1224,2.46570,2.23500,2.43450,0.63795,,13881.00000,440578444.00000,1,0,0,0,0,0,0,12,46,12,2,3753.45100
AllFleetRetreatPanorama,1225,1.99720,1.93510,1.98470,0.63795,,13881.00000,440578444.00000,1,0,0,0,0,0,0,12,46,12,2,3753.45100
AllFleetRetreatPanorama,1226,1.80970,2.17800,1.84580,0.64000,,13881.00000,440578444.00000,1,0,0,0,0,0,0,12,46,12,2,3753.45100
AllFleetRetreatPanorama,1227,1.97220,2.44000,1.91860,0.64102,,13881.00000,440660364.00000,1,0,0,0,0,0,0,12,46,12,2,3753.45100
AllFleetRetreatPanorama,1228,2.20560,1.99030,2.23590,0.65229,,13881.00000,440742284.00000,1,0,0,0,0,0,0,12,46,12,2,3781.40200
AllFleetRetreatPanorama,1229,2.05720,1.84970,2.04760,0.63795,,16577.00000,440662744.00000,1,0,0,0,0,0,0,12,46,12,2,3781.40200
AllFleetRetreatPanorama,1230,1.90250,1.92440,1.91100,0.87040,,13881.00000,440662744.00000,1,0,0,0,0,0,0,12,46,12,2,3781.40200
AllFleetRetreatPanorama,1231,1.81570,2.24000,1.78020,0.64922,,13881.00000,440662744.00000,1,0,0,0,0,0,0,12,46,12,2,3781.40200
AllFleetRetreatPanorama,1232,1.72060,2.05110,1.75930,0.64307,,13881.00000,440662744.00000,1,0,0,0,0,0,0,12,46,12,2,3781.40200
AllFleetRetreatPanorama,1233,1.76541,1.91430,1.76160,0.64000,,13881.00000,440662744.00000,1,0,0,0,0,0,0,12,46,12,2,3781.40200
AllFleetRetreatPanorama,1234,1.97370,1.78320,1.97180,0.63181,,13881.00000,440580824.00000,1,0,0,0,0,0,0,12,46,12,2,3781.40200
AllFleetRetreatPanorama,1235,1.72760,1.76250,1.72420,0.61952,,13881.00000,440580824.00000,1,0,0,0,0,0,0,12,46,12,2,3781.40200
AllFleetRetreatPanorama,1236,2.23290,1.76470,2.22240,0.65331,,13881.00000,440580824.00000,1,0,0,0,0,0,0,12,46,12,2,3781.40200
AllFleetRetreatPanorama,1237,1.86030,1.97430,1.81880,0.64819,,13881.00000,440580824.00000,1,0,0,0,0,0,0,12,46,12,2,3781.40200
AllFleetRetreatPanorama,1238,1.71650,1.72690,1.75940,0.64307,,13881.00000,440580824.00000,1,0,0,0,0,0,0,12,46,12,2,3781.40200
AllFleetRetreatPanorama,1239,1.83570,2.22620,1.82470,0.62976,,13881.00000,440580824.00000,1,0,0,0,0,0,0,12,46,12,2,3809.35400
AllFleetRetreatPanorama,1240,1.91010,1.82180,1.91520,0.63898,,13881.00000,440662744.00000,1,0,0,0,0,0,0,12,46,12,2,3809.35400
AllFleetRetreatPanorama,1241,1.71220,1.76240,1.71200,0.64717,,13881.00000,440662744.00000,1,0,0,0,0,0,0,12,46,12,2,3809.35400
AllFleetRetreatPanorama,1242,1.81890,1.82790,1.80790,1.21242,,13881.00000,440580824.00000,1,0,0,0,0,0,0,12,46,12,2,3809.35400
AllFleetRetreatPanorama,1243,1.83070,1.91780,1.79430,0.64922,,13933.00000,440662744.00000,1,0,0,0,0,0,0,12,46,12,2,3809.35400
AllFleetRetreatPanorama,1244,1.95400,1.71490,1.98440,0.63898,,13881.00000,440679128.00000,1,0,0,0,0,0,0,12,46,12,2,3809.35400
AllFleetRetreatPanorama,1245,1.81690,1.81040,1.81810,0.63181,,13881.00000,440597208.00000,1,0,0,0,0,0,0,12,46,12,2,3809.35400
AllFleetRetreatPanorama,1246,1.81890,1.79860,1.80850,0.65946,,13881.00000,440662744.00000,1,0,0,0,0,0,0,12,46,12,2,3809.35400
AllFleetRetreatPanorama,1247,1.78460,1.98840,1.78550,0.63590,,13881.00000,440679128.00000,1,0,0,0,0,0,0,12,46,12,2,3809.35400
AllFleetRetreatPanorama,1248,1.86290,1.82200,1.79130,0.64000,,13881.00000,440597208.00000,1,0,0,0,0,0,0,12,46,12,2,3809.35400
AllFleetRetreatPanorama,1249,1.98330,1.81220,1.99880,0.63488,,13969.00000,440580824.00000,1,0,0,0,0,0,0,12,46,12,2,3837.30600
AllFleetRetreatPanorama,1250,1.95540,1.78900,1.99740,0.63898,,16577.00000,440583204.00000,1,0,0,0,0,0,0,12,46,12,2,3837.30600
AllFleetRetreatPanorama,1251,1.87510,1.79430,1.85910,0.64000,,13881.00000,440583204.00000,1,0,0,0,0,0,0,12,46,12,2,3837.30600
AllFleetRetreatPanorama,1252,2.14340,2.00140,2.13170,0.64512,,13881.00000,440583204.00000,1,0,0,0,0,0,0,12,46,12,2,3837.30600
AllFleetRetreatPanorama,1253,1.92450,2.00120,1.94210,0.64307,,13881.00000,440665124.00000,1,0,0,0,0,0,0,12,46,12,2,3837.30600
AllFleetRetreatPanorama,1254,3.26920,1.86210,2.99180,0.63795,,13881.00000,440665124.00000,1,0,0,0,0,0,0,12,46,12,2,3837.30600
AllFleetRetreatPanorama,1255,2.96880,2.13670,3.22480,1.22778,,13881.00000,440583204.00000,1,0,0,0,0,0,0,12,46,12,2,3837.30600
AllFleetRetreatPanorama,1256,2.14410,1.94510,2.14090,0.64717,,13881.00000,440583204.00000,1,0,0,0,0,0,0,12,46,12,2,3837.30600
AllFleetRetreatPanorama,1257,2.33070,3.00400,2.24230,0.66048,,13881.00000,440583204.00000,1,0,0,0,0,0,0,12,46,12,2,3837.30600
AllFleetRetreatPanorama,1258,2.21960,3.22800,2.28490,0.64410,,13881.00000,440583204.00000,1,0,0,0,0,0,0,12,46,12,2,3865.26000
AllFleetRetreatPanorama,1259,2.85720,2.14450,2.80490,0.64102,,16577.00000,440583204.00000,1,0,0,0,0,0,0,12,46,12,2,3865.26000
AllFleetRetreatPanorama,1260,2.04360,2.24610,2.10110,0.64102,,13881.00000,440667504.00000,1,0,0,0,0,0,0,12,46,12,2,3865.26000
AllFleetRetreatPanorama,1261,1.93280,2.28870,1.93140,0.63283,,13881.00000,440749424.00000,1,0,0,0,0,0,0,12,46,12,2,3865.26000
AllFleetRetreatPanorama,1262,1.88680,2.80930,1.88660,1.24006,,13881.00000,440667504.00000,1,0,0,0,0,0,0,12,46,12,2,3865.26000
AllFleetRetreatPanorama,1263,1.88690,2.10430,1.88080,0.62669,,13881.00000,440667504.00000,1,0,0,0,0,0,0,12,46,12,2,3865.26000
AllFleetRetreatPanorama,1264,1.78030,1.93460,1.78590,0.64410,,13881.00000,440667504.00000,1,0,0,0,0,0,0,12,46,12,2,3865.26000
AllFleetRetreatPanorama,1265,2.11870,1.89030,2.06690,0.65331,,13881.00000,440585584.00000,1,0,0,0,0,0,0,12,46,12,2,3865.26000
AllFleetRetreatPanorama,1266,2.22090,1.88390,2.26010,0.64102,,13881.00000,440667504.00000,1,0,0,0,0,0,0,12,46,12,2,3865.26000
AllFleetRetreatPanorama,1267,1.97560,1.78870,1.97430,0.64102,,13881.00000,440667504.00000,1,0,0,0,0,0,0,12,46,12,2,3865.26000
AllFleetRetreatPanorama,1268,2.08270,2.06970,2.08150,0.64819,,13881.00000,440585584.00000,1,0,0,0,0,0,0,12,46,12,2,3893.21300
AllFleetRetreatPanorama,1269,2.48180,2.26330,2.43670,0.64102,,13881.00000,440667504.00000,1,0,0,0,0,0,0,12,46,12,2,3893.21300
AllFleetRetreatPanorama,1270,2.15760,1.97720,2.13320,0.64410,,13881.00000,440667504.00000,1,0,0,0,0,0,0,12,46,12,2,3893.21300
AllFleetRetreatPanorama,1271,2.28610,2.08420,2.33170,0.62976,,13881.00000,440585584.00000,1,0,0,0,0,0,0,12,46,12,2,3893.21300
AllFleetRetreatPanorama,1272,2.08941,2.43990,2.10050,0.62566,,13881.00000,440585584.00000,1,0,0,0,0,0,0,12,46,12,2,3893.21300
AllFleetRetreatPanorama,1273,2.09670,2.13680,2.03430,0.63386,,13881.00000,440585584.00000,1,0,0,0,0,0,0,12,46,12,2,3893.21300
AllFleetRetreatPanorama,1274,2.29090,2.33610,2.29590,0.65741,,13881.00000,440585584.00000,1,0,0,0,0,0,0,12,46,12,2,3893.21300
AllFleetRetreatPanorama,1275,2.15990,2.10390,2.13720,0.63386,,13881.00000,440585584.00000,1,0,0,0,0,0,0,12,46,12,2,3893.21300
AllFleetRetreatPanorama,1276,2.35590,2.03820,2.41340,0.86733,,13881.00000,440585584.00000,1,0,0,0,0,0,0,12,46,12,2,3893.21300
AllFleetRetreatPanorama,1277,1.96940,2.30160,1.96510,0.62976,,13881.00000,440667504.00000,1,0,0,0,0,0,0,12,46,12,2,3921.16800
AllFleetRetreatPanorama,1278,2.03390,2.14160,2.03040,1.07622,,16577.00000,440669884.00000,1,0,0,0,0,0,0,12,46,12,2,3921.16800
AllFleetRetreatPanorama,1279,2.12540,2.41690,2.11750,0.64717,,13881.00000,440587964.00000,1,0,0,0,0,0,0,12,46,12,2,3921.16800
AllFleetRetreatPanorama,1280,2.10741,1.96890,2.03900,0.63078,,13881.00000,440587964.00000,1,0,0,0,0,0,0,12,46,12,2,3921.16800
AllFleetRetreatPanorama,1281,2.14230,2.03360,2.21240,0.64512,,13881.00000,440587964.00000,1,0,0,0,0,0,0,12,46,12,2,3921.16800
AllFleetRetreatPanorama,1282,2.12100,2.12140,2.11480,0.63488,,13881.00000,440587964.00000,1,0,0,0,0,0,0,12,46,12,2,3921.16800
AllFleetRetreatPanorama,1283,1.92060,2.04250,1.91870,0.65024,,13881.00000,440669884.00000,1,0,0,0,0,0,0,12,46,12,2,3921.16800
AllFleetRetreatPanorama,1284,1.79810,2.21630,1.80170,0.65946,,13881.00000,440686268.00000,1,0,0,0,0,0,0,12,46,12,2,3921.16800
AllFleetRetreatPanorama,1285,1.81530,2.11770,1.80710,1.22368,,13881.00000,440604348.00000,1,0,0,0,0,0,0,12,46,12,2,3921.16800
AllFleetRetreatPanorama,1286,2.22029,1.92180,2.17670,0.63283,,13881.00000,440587964.00000,1,0,0,0,0,0,0,12,46,12,2,3921.16800
AllFleetRetreatPanorama,1287,1.95130,1.80460,1.98590,0.64512,,13881.00000,440587964.00000,1,0,0,0,0,0,0,12,46,12,2,3949.12300
AllFleetRetreatPanorama,1288,2.35440,1.81050,2.34420,0.65024,,16577.00000,440590344.00000,1,0,0,0,0,0,0,12,46,12,2,3949.12300
AllFleetRetreatPanorama,1289,2.37980,2.17940,2.38180,0.63386,,13881.00000,440672264.00000,1,0,0,0,0,0,0,12,46,12,2,3949.12300
AllFleetRetreatPanorama,1290,1.83690,1.98880,1.83300,0.62976,,13881.00000,440672264.00000,1,0,0,0,0,0,0,12,46,12,2,3949.12300
AllFleetRetreatPanorama,1291,2.16200,2.34940,2.06710,0.64410,,13881.00000,440590344.00000,1,0,0,0,0,0,0,12,46,12,2,3949.12300
AllFleetRetreatPanorama,1292,2.21890,2.38610,2.25290,0.64000,,13881.00000,440606728.00000,1,0,0,0,0,0,0,12,46,12,2,3949.12300
AllFleetRetreatPanorama,1293,2.08490,1.83720,2.10950,0.86221,,13881.00000,440606728.00000,1,0,0,0,0,0,0,12,46,12,2,3949.12300
AllFleetRetreatPanorama,1294,1.96970,2.07150,1.99150,1.19398,,13881.00000,440590344.00000,1,0,0,0,0,0,0,12,46,12,2,3949.12300
AllFleetRetreatPanorama,1295,2.44320,2.25710,2.40760,0.64205,,13881.00000,440590344.00000,1,0,0,0,0,0,0,12,46,12,2,3949.12300
AllFleetRetreatPanorama,1296,2.58790,2.11250,2.56360,0.64000,,13881.00000,440590344.00000,1,0,0,0,0,0,0,12,46,12,2,3977.07900
AllFleetRetreatPanorama,1297,2.01180,1.99450,2.05760,0.65229,,13881.00000,440590344.00000,1,0,0,0,0,0,0,12,46,12,2,3977.07900
AllFleetRetreatPanorama,1298,1.83270,2.41190,1.81340,0.64000,,13881.00000,440606728.00000,1,0,0,0,0,0,0,12,46,12,2,3977.07900
AllFleetRetreatPanorama,1299,1.79630,2.56820,1.81360,0.63386,,13881.00000,440606728.00000,1,0,0,0,0,0,0,12,46,12,2,3977.07900
AllFleetRetreatPanorama,1300,1.77180,2.06190,1.77130,0.64307,,13881.00000,440590344.00000,1,0,0,0,0,0,0,12,46,12,2,3977.07900
AllFleetRetreatPanorama,1301,1.93330,1.81670,1.92130,0.64307,,13881.00000,440590344.00000,1,0,0,0,0,0,0,12,46,12,2,3977.07900
AllFleetRetreatPanorama,1302,1.97810,1.81690,1.93710,0.64307,,13881.00000,440590344.00000,1,0,0,0,0,0,0,12,46,12,2,3977.07900
AllFleetRetreatPanorama,1303,2.74870,1.77520,2.66480,0.64307,,13881.00000,440590344.00000,1,0,0,0,0,0,0,12,46,12,2,3977.07900
AllFleetRetreatPanorama,1304,2.87430,1.92590,2.92150,0.66970,,13881.00000,440590344.00000,1,0,0,0,0,0,0,12,46,12,2,3977.07900
AllFleetRetreatPanorama,1305,2.56910,1.94030,2.58270,0.64512,,13881.00000,440590344.00000,1,0,0,0,0,0,0,12,46,12,2,4005.03500
AllFleetRetreatPanorama,1306,2.82990,2.67500,2.77930,0.65843,,16577.00000,440592724.00000,1,0,0,0,0,0,0,12,46,12,2,4005.03500
AllFleetRetreatPanorama,1307,2.28999,2.92940,2.34100,0.64512,,13881.00000,440592724.00000,1,0,0,0,0,0,0,12,46,12,2,4005.03500
AllFleetRetreatPanorama,1308,1.91631,2.58940,1.93830,0.64614,,13881.00000,440592724.00000,1,0,0,0,0,0,0,12,46,12,2,4005.03500
AllFleetRetreatPanorama,1309,2.14760,2.78470,2.14430,0.63283,,13881.00000,440592724.00000,1,0,0,0,0,0,0,12,46,12,2,4005.03500
AllFleetRetreatPanorama,1310,2.13330,2.34470,2.08960,0.64614,,13881.00000,440592724.00000,1,0,0,0,0,0,0,12,46,12,2,4005.03500
AllFleetRetreatPanorama,1311,2.26370,1.94160,2.16220,0.64205,,13881.00000,440674644.00000,1,0,0,0,0,0,0,12,46,12,2,4005.03500
AllFleetRetreatPanorama,1312,2.02800,2.14700,2.16720,0.64717,,13881.00000,440674644.00000,1,0,0,0,0,0,0,12,46,12,2,4005.03500
AllFleetRetreatPanorama,1313,5.35810,2.09400,2.02020,0.64717,,13881.00000,440674644.00000,1,0,0,0,0,0,0,12,46,12,2,4032.99200
AllFleetRetreatPanorama,1314,3.33930,2.16540,6.55360,0.64000,,16577.00000,440674644.00000,1,0,0,0,0,0,0,12,46,12,2,4032.99200
AllFleetRetreatPanorama,1315,2.65650,2.17020,2.68810,0.65434,,13881.00000,440595104.00000,1,0,0,0,0,0,0,12,46,12,2,4032.99200
AllFleetRetreatPanorama,1316,2.39830,2.02390,2.44630,0.64614,,13969.00000,440595104.00000,1,0,0,0,0,0,0,12,46,12,2,4032.99200
AllFleetRetreatPanorama,1317,3.15631,6.56020,3.12510,0.69120,,13881.00000,440595104.00000,1,0,0,0,0,0,0,12,46,12,2,4032.99200
AllFleetRetreatPanorama,1318,2.39899,2.69320,2.30390,0.65536,,13881.00000,440595104.00000,1,0,0,0,0,0,0,12,46,12,2,4032.99200
AllFleetRetreatPanorama,1319,2.43660,2.45080,2.53840,0.66355,,13881.00000,440595104.00000,1,0,0,0,0,0,0,12,46,12,2,4032.99200
AllFleetRetreatPanorama,1320,2.19460,3.14960,2.19240,0.68301,,13881.00000,440595104.00000,1,0,0,0,0,0,0,12,46,12,2,4060.95000
AllFleetRetreatPanorama,1321,2.16260,2.31010,2.15270,0.66355,,13881.00000,440595104.00000,1,0,0,0,0,0,0,12,46,12,2,4060.95000
AllFleetRetreatPanorama,1322,2.41310,2.54230,2.35200,0.68506,,13881.00000,440677024.00000,1,0,0,0,0,0,0,12,46,12,2,4060.95000
AllFleetRetreatPanorama,1323,2.61780,2.19670,2.60430,0.66765,,13881.00000,440677024.00000,1,0,0,0,0,0,0,12,46,12,2,4060.95000
AllFleetRetreatPanorama,1324,2.13390,2.15710,2.18970,1.27488,,13881.00000,440595104.00000,1,0,0,0,0,0,0,12,46,12,2,4060.95000
AllFleetRetreatPanorama,1325,2.37390,2.36140,2.37140,0.67379,,13881.00000,440595104.00000,1,0,0,0,0,0,0,12,46,12,2,4060.95000
AllFleetRetreatPanorama,1326,2.10060,2.60860,2.09830,0.66458,,13881.00000,440595104.00000,1,0,0,0,0,0,0,12,46,12,2,4060.95000
AllFleetRetreatPanorama,1327,2.80201,2.19500,2.75260,0.68403,,13881.00000,440677024.00000,1,0,0,0,0,0,0,12,46,12,2,4060.95000
AllFleetRetreatPanorama,1328,3.25360,2.37520,3.16630,0.66253,,13881.00000,440677024.00000,1,0,0,0,0,0,0,12,46,12,2,4088.90800
AllFleetRetreatPanorama,1329,3.04140,2.10220,3.10220,0.65638,,16577.00000,440597484.00000,1,0,0,0,0,0,0,12,46,12,2,4088.90800
AllFleetRetreatPanorama,1330,2.15230,2.75710,2.20830,0.66150,,13881.00000,440597484.00000,1,0,0,0,0,0,0,12,46,12,2,4088.90800
AllFleetRetreatPanorama,1331,2.00760,3.17140,2.00630,0.65536,,13881.00000,440597484.00000,1,0,0,0,0,0,0,12,46,12,2,4088.90800
AllFleetRetreatPanorama,1332,2.27070,3.10720,2.25070,0.64102,,13933.00000,440597484.00000,1,0,0,0,0,0,0,12,46,12,2,4088.90800
AllFleetRetreatPanorama,1333,2.52370,2.21290,2.49340,0.65229,,13881.00000,440597484.00000,1,0,0,0,0,0,0,12,46,12,2,4088.90800
AllFleetRetreatPanorama,1334,2.08670,2.01100,2.13150,0.66048,,13881.00000,440597484.00000,1,0,0,0,0,0,0,12,46,12,2,4088.90800
AllFleetRetreatPanorama,1335,1.92940,2.25510,1.86190,0.65741,,13881.00000,440597484.00000,1,0,0,0,0,0,0,12,46,12,2,4088.90800
AllFleetRetreatPanorama,1336,2.26340,2.49760,2.31320,0.66355,,13881.00000,440597484.00000,1,0,0,0,0,0,0,12,46,12,2,4088.90800
AllFleetRetreatPanorama,1337,2.20790,2.13510,2.13660,0.68096,,13881.00000,440679404.00000,1,0,0,0,0,0,0,12,46,12,2,4116.86700
AllFleetRetreatPanorama,1338,2.56690,1.86530,2.59740,0.65946,,16577.00000,440681784.00000,1,0,0,0,0,0,0,12,46,12,2,4116.86700
AllFleetRetreatPanorama,1339,2.00320,2.31770,2.03930,1.12845,,13881.00000,440616248.00000,1,0,0,0,0,0,0,12,46,12,2,4116.86700
AllFleetRetreatPanorama,1340,2.40010,2.13970,2.37210,0.65741,,13881.00000,440616248.00000,1,0,0,0,0,0,0,12,46,12,2,4116.86700
AllFleetRetreatPanorama,1341,1.84000,2.60220,1.86450,0.88166,,13881.00000,440599864.00000,1,0,0,0,0,0,0,12,46,12,2,4116.86700
AllFleetRetreatPanorama,1342,1.85960,2.04300,1.85310,0.69018,,13881.00000,440616248.00000,1,0,0,0,0,0,0,12,46,12,2,4116.86700
AllFleetRetreatPanorama,1343,5.96450,2.37560,2.13710,0.69018,,13881.00000,440616248.00000,1,0,0,0,0,0,0,12,46,12,2,4116.86700
AllFleetRetreatPanorama,1344,2.09740,1.86710,5.90740,0.66560,,13881.00000,440681784.00000,1,0,0,0,0,0,0,12,46,12,2,4116.86700
AllFleetRetreatPanorama,1345,2.27910,1.85630,2.00930,1.31072,,13881.00000,440681784.00000,1,0,0,0,0,0,0,12,46,12,2,4144.82600
AllFleetRetreatPanorama,1346,2.95510,2.14030,2.96010,0.67072,,16577.00000,440602244.00000,1,0,0,0,0,0,0,12,46,12,2,4144.82600
AllFleetRetreatPanorama,1347,1.98270,5.91070,2.25410,0.65024,,13881.00000,440602244.00000,1,0,0,0,0,0,0,12,46,12,2,4144.82600
AllFleetRetreatPanorama,1348,1.81800,2.01240,1.81690,0.66150,,13881.00000,440602244.00000,1,0,0,0,0,0,0,12,46,12,2,4144.82600
AllFleetRetreatPanorama,1349,1.85760,2.96420,1.83740,0.68096,,13881.00000,440602244.00000,1,0,0,0,0,0,0,12,46,12,2,4144.82600
AllFleetRetreatPanorama,1350,1.90770,2.25740,1.92270,0.64819,,13881.00000,440602244.00000,1,0,0,0,0,0,0,12,46,12,2,4144.82600
AllFleetRetreatPanorama,1351,1.97839,1.82030,1.95230,0.63386,,13881.00000,440602244.00000,1,0,0,0,0,0,0,12,46,12,2,4144.82600
AllFleetRetreatPanorama,1352,2.36370,1.84200,2.29720,0.63898,,13881.00000,440602244.00000,1,0,0,0,0,0,0,12,46,12,2,4144.82600
AllFleetRetreatPanorama,1353,2.91049,1.92570,2.98000,0.63898,,13881.00000,440602244.00000,1,0,0,0,0,0,0,12,46,12,2,4144.82600
AllFleetRetreatPanorama,1354,2.32701,1.95630,2.28090,0.65638,,13881.00000,440618628.00000,1,0,0,0,0,0,0,12,46,12,2,4172.78600
AllFleetRetreatPanorama,1355,2.39590,2.30060,2.42100,0.66867,,15169.00000,440701388.00000,1,0,0,0,0,0,0,12,46,12,2,4172.78600
AllFleetRetreatPanorama,1356,2.14760,2.98420,2.15570,0.85299,,13881.00000,440685004.00000,1,0,0,0,0,0,0,12,46,12,2,4172.78600
AllFleetRetreatPanorama,1357,2.17120,2.28610,2.12870,0.81818,,13881.00000,440603084.00000,1,0,0,0,0,0,0,12,46,12,2,4172.78600
AllFleetRetreatPanorama,1358,2.00660,2.42510,2.04790,0.62976,,13881.00000,440603084.00000,1,0,0,0,0,0,0,12,46,12,2,4172.78600
AllFleetRetreatPanorama,1359,2.02430,2.15950,2.02050,0.64614,,13881.00000,440603084.00000,1,0,0,0,0,0,0,12,46,12,2,4172.78600
AllFleetRetreatPanorama,1360,2.29510,2.13180,2.28790,0.64614,,13881.00000,440603084.00000,1,0,0,0,0,0,0,12,46,12,2,4172.78600
AllFleetRetreatPanorama,1361,1.93250,2.05130,1.93360,0.64717,,13881.00000,440603084.00000,1,0,0,0,0,0,0,12,46,12,2,4172.78600
AllFleetRetreatPanorama,1362,1.91139,2.02370,1.84790,0.64614,,13881.00000,440603084.00000,1,0,0,0,0,0,0,12,46,12,2,4172.78600
AllFleetRetreatPanorama,1363,1.77540,2.29220,1.83540,0.65126,,13881.00000,440603084.00000,1,0,0,0,0,0,0,12,46,12,2,4200.74600
AllFleetRetreatPanorama,1364,2.01490,1.93710,2.01160,0.63693,,16577.00000,440605464.00000,1,0,0,0,0,0,0,12,46,12,2,4200.74600
AllFleetRetreatPanorama,1365,1.81920,1.85120,1.81800,0.65331,,13881.00000,440605464.00000,1,0,0,0,0,0,0,12,46,12,2,4200.74600
AllFleetRetreatPanorama,1366,1.78850,1.83820,1.78780,0.65331,,13881.00000,440605464.00000,1,0,0,0,0,0,0,12,46,12,2,4200.74600
AllFleetRetreatPanorama,1367,1.89090,2.01400,1.89040,0.63898,,13881.00000,440687384.00000,1,0,0,0,0,0,0,12,46,12,2,4200.74600
AllFleetRetreatPanorama,1368,2.32530,1.82180,2.15520,0.63898,,13881.00000,440687384.00000,1,0,0,0,0,0,0,12,46,12,2,4200.74600
AllFleetRetreatPanorama,1369,2.87900,1.79060,3.02320,0.64819,,13881.00000,440605464.00000,1,0,0,0,0,0,0,12,46,12,2,4200.74600
AllFleetRetreatPanorama,1370,1.92350,1.89350,1.93130,0.63181,,13881.00000,440621848.00000,1,0,0,0,0,0,0,12,46,12,2,4200.74600
AllFleetRetreatPanorama,1371,1.84910,2.15930,1.84630,0.64717,,13881.00000,440621848.00000,1,0,0,0,0,0,0,12,46,12,2,4200.74600
AllFleetRetreatPanorama,1372,2.46060,3.02660,2.43060,0.63898,,13881.00000,440605464.00000,1,0,0,0,0,0,0,12,46,12,2,4200.74600
AllFleetRetreatPanorama,1373,2.62730,1.93440,2.51070,0.65126,,13881.00000,440605464.00000,1,0,0,0,0,0,0,12,46,12,2,4228.70700
AllFleetRetreatPanorama,1374,2.82070,1.84910,2.88380,0.63488,,16577.00000,440607844.00000,1,0,0,0,0,0,0,12,46,12,2,4228.70700
AllFleetRetreatPanorama,1375,2.14030,2.43360,2.18900,0.63181,,13881.00000,440607844.00000,1,0,0,0,0,0,0,12,46,12,2,4228.70700
AllFleetRetreatPanorama,1376,2.20930,2.51990,2.21170,0.61952,,13881.00000,440607844.00000,1,0,0,0,0,0,0,12,46,12,2,4228.70700
AllFleetRetreatPanorama,1377,1.97940,2.88920,1.97680,0.64614,,13881.00000,440607844.00000,1,0,0,0,0,0,0,12,46,12,2,4228.70700
AllFleetRetreatPanorama,1378,1.88900,2.19260,1.85800,0.65024,,13881.00000,440607844.00000,1,0,0,0,0,0,0,12,46,12,2,4228.70700
AllFleetRetreatPanorama,1379,1.91200,2.21520,1.94400,0.65229,,13881.00000,440624228.00000,1,0,0,0,0,0,0,12,46,12,2,4228.70700
AllFleetRetreatPanorama,1380,1.85870,1.97960,1.83990,0.64922,,13881.00000,440624228.00000,1,0,0,0,0,0,0,12,46,12,2,4228.70700
AllFleetRetreatPanorama,1381,1.90860,1.86150,1.87830,0.64819,,13881.00000,440689764.00000,1,0,0,0,0,0,0,12,46,12,2,4228.70700
AllFleetRetreatPanorama,1382,1.98980,1.94740,2.02690,0.64819,,13969.00000,440689764.00000,1,0,0,0,0,0,0,12,46,12,2,4256.66900
AllFleetRetreatPanorama,1383,1.88530,1.84330,1.89010,0.64307,,13881.00000,440607844.00000,1,0,0,0,0,0,0,12,46,12,2,4256.66900
AllFleetRetreatPanorama,1384,2.10760,1.88110,2.01770,0.62157,,13881.00000,440689764.00000,1,0,0,0,0,0,0,12,46,12,2,4256.66900
AllFleetRetreatPanorama,1385,2.01250,2.03010,2.08930,0.66253,,13881.00000,440689764.00000,1,0,0,0,0,0,0,12,46,12,2,4256.66900
AllFleetRetreatPanorama,1386,1.98820,1.89270,1.94340,0.63386,,13881.00000,440624228.00000,1,0,0,0,0,0,0,12,46,12,2,4256.66900
AllFleetRetreatPanorama,1387,2.20310,2.02120,2.21260,0.62259,,13881.00000,440624228.00000,1,0,0,0,0,0,0,12,46,12,2,4256.66900
AllFleetRetreatPanorama,1388,2.06570,2.09290,2.07460,0.63693,,13881.00000,440607844.00000,1,0,0,0,0,0,0,12,46,12,2,4256.66900
AllFleetRetreatPanorama,1389,2.22980,1.94840,2.15730,0.65536,,13881.00000,440607844.00000,1,0,0,0,0,0,0,12,46,12,2,4256.66900
AllFleetRetreatPanorama,1390,1.93580,2.21660,2.01380,0.63898,,13881.00000,440689764.00000,1,0,0,0,0,0,0,12,46,12,2,4256.66900
AllFleetRetreatPanorama,1391,2.14270,2.08020,2.13570,0.65638,,13881.00000,440771684.00000,1,0,0,0,0,0,0,12,46,12,2,4256.66900
AllFleetRetreatPanorama,1392,2.09930,2.16190,2.09210,0.86630,,13879.00000,440729264.00000,1,0,0,0,0,0,0,12,46,12,2,4284.63000
AllFleetRetreatPanorama,1393,2.07930,2.01780,2.07470,0.64717,,16575.00000,440649724.00000,1,0,0,0,0,0,0,12,46,12,2,4284.63000
AllFleetRetreatPanorama,1394,1.82610,2.13960,1.78730,0.63590,,13879.00000,440610224.00000,1,0,0,0,0,0,0,12,46,12,2,4284.63000
AllFleetRetreatPanorama,1395,1.85910,2.09610,1.87480,0.64000,,13879.00000,440610224.00000,1,0,0,0,0,0,0,12,46,12,2,4284.63000
AllFleetRetreatPanorama,1396,2.01430,2.07790,2.02750,0.64717,,13879.00000,440610224.00000,1,0,0,0,0,0,0,12,46,12,2,4284.63000
AllFleetRetreatPanorama,1397,2.14980,1.79070,2.03830,0.67379,,13879.00000,440610224.00000,1,0,0,0,0,0,0,12,46,12,2,4284.63000
AllFleetRetreatPanorama,1398,2.34050,1.87880,2.40010,0.64922,,13879.00000,440610224.00000,1,0,0,0,0,0,0,12,46,12,2,4284.63000
AllFleetRetreatPanorama,1399,2.38750,2.03020,2.37890,0.64102,,13879.00000,440610224.00000,1,0,0,0,0,0,0,12,46,12,2,4284.63000
AllFleetRetreatPanorama,1400,2.07390,2.04980,2.10980,0.63795,,13879.00000,440610224.00000,1,0,0,0,0,0,0,12,46,12,2,4284.63000
AllFleetRetreatPanorama,1401,2.23440,2.40410,2.19890,0.67379,,13879.00000,440692144.00000,1,0,0,0,0,0,0,12,46,12,2,4312.59300
AllFleetRetreatPanorama,1402,2.08970,2.38310,2.05800,0.64205,,16575.00000,440694524.00000,1,0,0,0,0,0,0,12,46,12,2,4312.59300
AllFleetRetreatPanorama,1403,2.08020,2.11320,2.14330,0.63693,,13879.00000,440612604.00000,1,0,0,0,0,0,0,12,46,12,2,4312.59300
AllFleetRetreatPanorama,1404,2.44880,2.20260,2.40570,0.66048,,13879.00000,440612604.00000,1,0,0,0,0,0,0,12,46,12,2,4312.59300
AllFleetRetreatPanorama,1405,1.97130,2.06210,2.00700,0.65536,,13879.00000,440612604.00000,1,0,0,0,0,0,0,12,46,12,2,4312.59300
AllFleetRetreatPanorama,1406,1.88420,2.14710,1.87360,0.64410,,13879.00000,440612604.00000,1,0,0,0,0,0,0,12,46,12,2,4312.59300
AllFleetRetreatPanorama,1407,2.13090,2.40890,2.12320,0.63693,,13879.00000,440612604.00000,1,0,0,0,0,0,0,12,46,12,2,4312.59300
AllFleetRetreatPanorama,1408,1.80270,2.00990,1.80980,0.64205,,13879.00000,440612604.00000,1,0,0,0,0,0,0,12,46,12,2,4312.59300
AllFleetRetreatPanorama,1409,1.78480,1.87760,1.78190,0.64000,,13879.00000,440694524.00000,1,0,0,0,0,0,0,12,46,12,2,4312.59300
AllFleetRetreatPanorama,1410,1.83640,2.12680,1.80040,0.64819,,13879.00000,440776444.00000,1,0,0,0,0,0,0,12,46,12,2,4312.59300
AllFleetRetreatPanorama,1411,1.72270,1.81330,1.73910,0.64307,,13879.00000,440694524.00000,1,0,0,0,0,0,0,12,46,12,2,4339.45800
AllFleetRetreatPanorama,1412,1.99370,1.78520,2.00190,1.20934,,13879.00000,440612604.00000,1,0,0,0,0,0,0,12,46,12,2,4339.45800
AllFleetRetreatPanorama,1413,1.81480,1.80340,1.78550,0.65331,,13879.00000,440694524.00000,1,0,0,0,0,0,0,12,46,12,2,4339.45800
AllFleetRetreatPanorama,1414,1.81660,1.74190,1.81440,0.64102,,13879.00000,440694524.00000,1,0,0,0,0,0,0,12,46,12,2,4339.45800
AllFleetRetreatPanorama,1415,4.95651,2.00560,2.38290,0.64102,,13879.00000,440694524.00000,1,0,0,0,0,0,0,12,46,12,2,4339.45800
AllFleetRetreatPanorama,1416,2.43360,1.78800,4.97340,0.64205,,13879.00000,440694524.00000,1,0,0,0,0,0,0,12,46,12,2,4339.45800
AllFleetRetreatPanorama,1417,1.95850,1.81760,2.00460,0.65024,,13879.00000,440612604.00000,1,0,0,0,0,0,0,12,46,12,2,4339.45800
AllFleetRetreatPanorama,1418,2.46480,2.38700,2.45560,0.64205,,13879.00000,440612604.00000,1,0,0,0,0,0,0,12,46,12,2,4339.45800
AllFleetRetreatPanorama,1419,2.02580,4.97710,2.03470,0.66970,,13879.00000,440612604.00000,1,0,0,0,0,0,0,12,46,12,2,4361.95300
AllFleetRetreatPanorama,1420,2.76120,2.00830,2.70520,0.66048,,16575.00000,440614984.00000,1,0,0,0,0,0,0,12,46,12,2,4361.95300
AllFleetRetreatPanorama,1421,2.40020,2.45880,2.37560,0.67994,,13879.00000,440614984.00000,1,0,0,0,0,0,0,12,46,12,2,4361.95300
AllFleetRetreatPanorama,1422,2.20980,2.03810,2.25270,0.64819,,13879.00000,440614984.00000,1,0,0,0,0,0,0,12,46,12,2,4361.95300
AllFleetRetreatPanorama,1423,2.09120,2.71190,2.09290,0.66560,,13879.00000,440696904.00000,1,0,0,0,0,0,0,12,46,12,2,4361.95300
AllFleetRetreatPanorama,1424,2.01500,2.38090,2.02290,0.67174,,13931.00000,440696904.00000,1,0,0,0,0,0,0,12,46,12,2,4361.95300
AllFleetRetreatPanorama,1425,2.25700,2.25720,2.24950,0.69427,,13879.00000,440614984.00000,1,0,0,0,0,0,0,12,46,12,2,4361.95300
AllFleetRetreatPanorama,1426,2.13310,2.09650,2.09840,0.66560,,13879.00000,440631368.00000,1,0,0,0,0,0,0,12,46,12,2,4361.95300
AllFleetRetreatPanorama,1427,1.92880,2.02640,1.95130,0.68608,,13879.00000,440631368.00000,1,0,0,0,0,0,0,12,46,12,2,4361.95300
AllFleetRetreatPanorama,1428,1.82730,2.25300,1.83600,1.23085,,13879.00000,440614984.00000,1,0,0,0,0,0,0,12,46,12,2,4361.95300
AllFleetRetreatPanorama,1429,2.05220,2.10190,2.04740,0.67174,,13879.00000,440696904.00000,1,0,0,0,0,0,0,12,46,12,2,4389.88700
AllFleetRetreatPanorama,1430,2.01790,1.95500,2.00710,0.63795,,16575.00000,440696904.00000,1,0,0,0,0,0,0,12,46,12,2,4389.88700
AllFleetRetreatPanorama,1431,1.95370,1.83940,1.94970,0.64614,,13879.00000,440617364.00000,1,0,0,0,0,0,0,12,46,12,2,4389.88700
AllFleetRetreatPanorama,1432,1.84540,2.05090,1.80850,0.65946,,13879.00000,440699284.00000,1,0,0,0,0,0,0,12,46,12,2,4389.88700
AllFleetRetreatPanorama,1433,2.73190,2.01720,2.74640,0.65946,,13879.00000,440699284.00000,1,0,0,0,0,0,0,12,46,12,2,4389.88700
AllFleetRetreatPanorama,1434,2.63130,1.95300,2.31560,0.66355,,13879.00000,440617364.00000,1,0,0,0,0,0,0,12,46,12,2,4389.88700
AllFleetRetreatPanorama,1435,2.47060,1.81130,2.79090,0.83456,,13879.00000,440617364.00000,1,0,0,0,0,0,0,12,46,12,2,4389.88700
AllFleetRetreatPanorama,1436,2.06680,2.75090,2.06490,0.82842,,13879.00000,440617364.00000,1,0,0,0,0,0,0,12,46,12,2,4389.88700
AllFleetRetreatPanorama,1437,2.25940,2.32120,2.21680,0.64410,,13879.00000,440699284.00000,1,0,0,0,0,0,0,12,46,12,2,4389.88700
AllFleetRetreatPanorama,1438,1.90080,2.79420,1.94200,0.65331,,13879.00000,440699284.00000,1,0,0,0,0,0,0,12,46,12,2,4417.82100
AllFleetRetreatPanorama,1439,2.54370,2.06800,2.51080,0.66355,,13879.00000,440617364.00000,1,0,0,0,0,0,0,12,46,12,2,4417.82100
AllFleetRetreatPanorama,1440,2.24880,2.21990,2.26480,0.64922,,13879.00000,440617364.00000,1,0,0,0,0,0,0,12,46,12,2,4417.82100
AllFleetRetreatPanorama,1441,2.00930,1.94470,2.00930,0.67277,,13879.00000,440617364.00000,1,0,0,0,0,0,0,12,46,12,2,4417.82100
AllFleetRetreatPanorama,1442,2.02670,2.51510,1.98730,0.64922,,13879.00000,440617364.00000,1,0,0,0,0,0,0,12,46,12,2,4417.82100
AllFleetRetreatPanorama,1443,2.11790,2.26910,2.14990,0.66355,,13879.00000,440617364.00000,1,0,0,0,0,0,0,12,46,12,2,4417.82100
AllFleetRetreatPanorama,1444,1.95790,2.01310,1.95910,0.71475,,13879.00000,440699284.00000,1,0,0,0,0,0,0,12,46,12,2,4417.82100
AllFleetRetreatPanorama,1445,4.82520,1.99030,1.83170,0.71475,,13879.00000,440699284.00000,1,0,0,0,0,0,0,12,46,12,2,4417.82100
AllFleetRetreatPanorama,1446,3.46910,2.15370,6.31030,0.68915,,13879.00000,440617364.00000,1,0,0,0,0,0,0,12,46,12,2,4445.75700
AllFleetRetreatPanorama,1447,2.39480,1.96200,2.43560,0.63283,,16575.00000,440619744.00000,1,0,0,0,0,0,0,12,46,12,2,4445.75700
AllFleetRetreatPanorama,1448,2.17000,1.83530,2.24460,0.66765,,13879.00000,440619744.00000,1,0,0,0,0,0,0,12,46,12,2,4445.75700
AllFleetRetreatPanorama,1449,2.08720,6.31960,2.00680,0.63898,,13879.00000,440619744.00000,1,0,0,0,0,0,0,12,46,12,2,4445.75700
AllFleetRetreatPanorama,1450,2.22650,2.44000,2.30750,0.63181,,13967.00000,440619744.00000,1,0,0,0,0,0,0,12,46,12,2,4445.75700
AllFleetRetreatPanorama,1451,2.04080,2.24910,1.94610,0.64512,,13879.00000,440619744.00000,1,0,0,0,0,0,0,12,46,12,2,4445.75700
AllFleetRetreatPanorama,1452,3.14320,2.01110,3.20420,0.66970,,13879.00000,440619744.00000,1,0,0,0,0,0,0,12,46,12,2,4445.75700
AllFleetRetreatPanorama,1453,2.68660,2.31140,2.69020,0.62566,,13879.00000,440619744.00000,1,0,0,0,0,0,0,12,46,12,2,4445.75700
AllFleetRetreatPanorama,1454,2.53290,1.94990,2.53360,1.21856,,13879.00000,440619744.00000,1,0,0,0,0,0,0,12,46,12,2,4473.69300
AllFleetRetreatPanorama,1455,2.31040,3.20910,2.25690,0.82944,,16575.00000,440622124.00000,1,0,0,0,0,0,0,12,46,12,2,4473.69300
AllFleetRetreatPanorama,1456,1.92060,2.69550,1.97740,0.66662,,13879.00000,440622124.00000,1,0,0,0,0,0,0,12,46,12,2,4473.69300
AllFleetRetreatPanorama,1457,1.89490,2.53830,1.89410,0.65024,,13879.00000,440704044.00000,1,0,0,0,0,0,0,12,46,12,2,4473.69300
AllFleetRetreatPanorama,1458,2.51800,2.26090,2.46610,0.64410,,13879.00000,440704044.00000,1,0,0,0,0,0,0,12,46,12,2,4473.69300
AllFleetRetreatPanorama,1459,2.45810,1.98100,2.49260,1.21958,,13879.00000,440622124.00000,1,0,0,0,0,0,0,12,46,12,2,4473.69300
AllFleetRetreatPanorama,1460,1.95970,1.89750,1.92690,0.66150,,13879.00000,440622124.00000,1,0,0,0,0,0,0,12,46,12,2,4473.69300
AllFleetRetreatPanorama,1461,1.84259,2.47210,1.87790,0.63181,,13879.00000,440622124.00000,1,0,0,0,0,0,0,12,46,12,2,4473.69300
AllFleetRetreatPanorama,1462,2.13910,2.49670,2.13390,0.65536,,13879.00000,440622124.00000,1,0,0,0,0,0,0,12,46,12,2,4473.69300
AllFleetRetreatPanorama,1463,1.79390,1.93040,1.78910,0.63488,,13879.00000,440638508.00000,1,0,0,0,0,0,0,12,46,12,2,4501.63000
AllFleetRetreatPanorama,1464,1.85000,1.88100,1.85410,0.67482,,13879.00000,440638508.00000,1,0,0,0,0,0,0,12,46,12,2,4501.63000
AllFleetRetreatPanorama,1465,1.88800,2.13720,1.88650,0.64410,,13879.00000,440622124.00000,1,0,0,0,0,0,0,12,46,12,2,4501.63000
AllFleetRetreatPanorama,1466,1.99600,1.79210,1.89060,0.64614,,13879.00000,440704044.00000,1,0,0,0,0,0,0,12,46,12,2,4501.63000
AllFleetRetreatPanorama,1467,2.22150,1.85700,2.31880,0.64614,,13879.00000,440704044.00000,1,0,0,0,0,0,0,12,46,12,2,4501.63000
AllFleetRetreatPanorama,1468,1.90760,1.88920,1.89420,0.66458,,13879.00000,440622124.00000,1,0,0,0,0,0,0,12,46,12,2,4501.63000
AllFleetRetreatPanorama,1469,1.99630,1.89440,1.97400,0.64512,,13879.00000,440704044.00000,1,0,0,0,0,0,0,12,46,12,2,4501.63000
AllFleetRetreatPanorama,1470,2.50160,2.32190,2.51870,0.64819,,13879.00000,440704044.00000,1,0,0,0,0,0,0,12,46,12,2,4501.63000
AllFleetRetreatPanorama,1471,2.14810,1.89710,2.10050,0.63693,,13879.00000,440622124.00000,1,0,0,0,0,0,0,12,46,12,2,4501.63000
AllFleetRetreatPanorama,1472,2.01380,1.97790,2.04020,0.65434,,13879.00000,440622124.00000,1,0,0,0,0,0,0,12,46,12,2,4501.63000
AllFleetRetreatPanorama,1473,2.16390,2.52280,2.09700,0.63693,,13879.00000,440622124.00000,1,0,0,0,0,0,0,12,46,12,2,4529.56800
AllFleetRetreatPanorama,1474,3.08970,2.10380,3.08530,0.63386,,16575.00000,440624504.00000,1,0,0,0,0,0,0,12,46,12,2,4529.56800
AllFleetRetreatPanorama,1475,2.58370,2.04360,2.61800,0.62771,,13879.00000,440624504.00000,1,0,0,0,0,0,0,12,46,12,2,4529.56800
AllFleetRetreatPanorama,1476,2.54200,2.10270,2.53580,0.87757,,13879.00000,440624504.00000,1,0,0,0,0,0,0,12,46,12,2,4529.56800
AllFleetRetreatPanorama,1477,1.98980,3.09060,2.02460,0.64000,,13879.00000,440624504.00000,1,0,0,0,0,0,0,12,46,12,2,4529.56800
AllFleetRetreatPanorama,1478,1.91541,2.62440,1.91270,0.64410,,13879.00000,440624504.00000,1,0,0,0,0,0,0,12,46,12,2,4529.56800
AllFleetRetreatPanorama,1479,2.71370,2.54110,2.69630,0.63795,,13879.00000,440624504.00000,1,0,0,0,0,0,0,12,46,12,2,4529.56800
AllFleetRetreatPanorama,1480,2.02740,2.02780,2.04180,0.64512,,13879.00000,440624504.00000,1,0,0,0,0,0,0,12,46,12,2,4529.56800
AllFleetRetreatPanorama,1481,2.12430,1.91650,2.06490,0.64410,,13879.00000,440624504.00000,1,0,0,0,0,0,0,12,46,12,2,4557.50600
AllFleetRetreatPanorama,1482,2.50190,2.69970,2.49090,0.64102,,16575.00000,440708804.00000,1,0,0,0,0,0,0,12,46,12,2,4557.50600
AllFleetRetreatPanorama,1483,2.29320,2.04500,2.34060,0.64410,,13879.00000,440708804.00000,1,0,0,0,0,0,0,12,46,12,2,4557.50600
AllFleetRetreatPanorama,1484,1.96120,2.06900,1.96580,0.63898,,13879.00000,440626884.00000,1,0,0,0,0,0,0,12,46,12,2,4557.50600
AllFleetRetreatPanorama,1485,2.18020,2.49500,2.17570,0.62976,,13879.00000,440626884.00000,1,0,0,0,0,0,0,12,46,12,2,4557.50600
AllFleetRetreatPanorama,1486,2.92060,2.34420,2.79040,0.64922,,13879.00000,440626884.00000,1,0,0,0,0,0,0,12,46,12,2,4557.50600
AllFleetRetreatPanorama,1487,2.76310,1.96910,2.86120,0.65229,,13879.00000,440626884.00000,1,0,0,0,0,0,0,12,46,12,2,4557.50600
AllFleetRetreatPanorama,1488,2.17190,2.17890,2.16630,0.65434,,13879.00000,440626884.00000,1,0,0,0,0,0,0,12,46,12,2,4557.50600
AllFleetRetreatPanorama,1489,2.04350,2.79920,2.04800,0.63898,,13879.00000,440626884.00000,1,0,0,0,0,0,0,12,46,12,2,4557.50600
AllFleetRetreatPanorama,1490,1.94770,2.86550,1.95480,0.65229,,13879.00000,440626884.00000,1,0,0,0,0,0,0,12,46,12,2,4585.44600
AllFleetRetreatPanorama,1491,2.42850,2.17100,2.32510,0.64614,,16575.00000,440629264.00000,1,0,0,0,0,0,0,12,46,12,2,4585.44600
AllFleetRetreatPanorama,1492,2.12380,2.05200,2.22040,0.64819,,13879.00000,440629264.00000,1,0,0,0,0,0,0,12,46,12,2,4585.44600
AllFleetRetreatPanorama,1493,1.80730,1.95910,1.80920,0.64819,,13879.00000,440629264.00000,1,0,0,0,0,0,0,12,46,12,2,4585.44600
AllFleetRetreatPanorama,1494,2.60200,2.32890,2.58440,0.64410,,13879.00000,440629264.00000,1,0,0,0,0,0,0,12,46,12,2,4585.44600
AllFleetRetreatPanorama,1495,2.21550,2.22340,2.16920,0.63898,,13879.00000,440629264.00000,1,0,0,0,0,0,0,12,46,12,2,4585.44600
AllFleetRetreatPanorama,1496,2.19240,1.81200,2.19400,0.63488,,13879.00000,440629264.00000,1,0,0,0,0,0,0,12,46,12,2,4585.44600
AllFleetRetreatPanorama,1497,1.90120,2.58870,1.94630,0.64819,,13879.00000,440711184.00000,1,0,0,0,0,0,0,12,46,12,2,4585.44600
AllFleetRetreatPanorama,1498,1.86760,2.17340,1.86450,0.64000,,13879.00000,440793104.00000,1,0,0,0,0,0,0,12,46,12,2,4585.44600
AllFleetRetreatPanorama,1499,1.78670,2.19800,1.78810,0.87040,,13879.00000,440711184.00000,1,0,0,0,0,0,0,12,46,12,2,4613.38600
AllFleetRetreatPanorama,1500,2.05960,1.95000,2.01890,0.64410,,13879.00000,440629264.00000,1,0,0,0,0,0,0,12,46,12,2,4613.38600
AllFleetRetreatPanorama,1501,2.20000,1.86760,2.22570,0.64922,,13879.00000,440629264.00000,1,0,0,0,0,0,0,12,46,12,2,4613.38600
AllFleetRetreatPanorama,1502,2.03250,1.79090,1.97960,0.63590,,13879.00000,440629264.00000,1,0,0,0,0,0,0,12,46,12,2,4613.38600
AllFleetRetreatPanorama,1503,1.76901,2.02280,1.82420,0.63590,,13879.00000,440629264.00000,1,0,0,0,0,0,0,12,46,12,2,4613.38600
AllFleetRetreatPanorama,1504,1.81139,2.22880,1.80790,0.66253,,13879.00000,440629264.00000,1,0,0,0,0,0,0,12,46,12,2,4613.38600
AllFleetRetreatPanorama,1505,1.73720,1.98230,1.73760,0.63795,,13879.00000,440629264.00000,1,0,0,0,0,0,0,12,46,12,2,4613.38600
AllFleetRetreatPanorama,1506,1.71820,1.82690,1.70920,0.64102,,13879.00000,440629264.00000,1,0,0,0,0,0,0,12,46,12,2,4613.38600
AllFleetRetreatPanorama,1507,1.71740,1.81040,1.71900,0.65024,,13879.00000,440711184.00000,1,0,0,0,0,0,0,12,46,12,2,4613.38600
AllFleetRetreatPanorama,1508,1.78750,1.74000,1.74550,0.64102,,13879.00000,440793104.00000,1,0,0,0,0,0,0,12,46,12,2,4613.38600
AllFleetRetreatPanorama,1509,1.83870,1.71150,1.86420,0.63181,,13879.00000,440711184.00000,1,0,0,0,0,0,0,12,46,12,2,4613.38600
AllFleetRetreatPanorama,1510,2.08270,1.72170,2.08900,1.20013,,13879.00000,440629264.00000,1,0,0,0,0,0,0,12,46,12,2,4641.32700
AllFleetRetreatPanorama,1511,2.02170,1.74830,2.01440,0.64307,,16575.00000,440713564.00000,1,0,0,0,0,0,0,12,46,12,2,4641.32700
AllFleetRetreatPanorama,1512,1.72400,1.86650,1.73310,0.65024,,13879.00000,440729948.00000,1,0,0,0,0,0,0,12,46,12,2,4641.32700
AllFleetRetreatPanorama,1513,1.71370,2.09180,1.70830,0.63795,,13879.00000,440648028.00000,1,0,0,0,0,0,0,12,46,12,2,4641.32700
AllFleetRetreatPanorama,1514,1.81679,2.01670,1.77590,0.63693,,13879.00000,440631644.00000,1,0,0,0,0,0,0,12,46,12,2,4641.32700
AllFleetRetreatPanorama,1515,1.88870,1.73560,1.91130,0.63693,,13879.00000,440631644.00000,1,0,0,0,0,0,0,12,46,12,2,4641.32700
AllFleetRetreatPanorama,1516,1.95480,1.71130,1.95720,0.63693,,13931.00000,440631644.00000,1,0,0,0,0,0,0,12,46,12,2,4641.32700
AllFleetRetreatPanorama,1517,2.27800,1.77900,2.13260,0.63795,,13879.00000,440631644.00000,1,0,0,0,0,0,0,12,46,12,2,4641.32700
AllFleetRetreatPanorama,1518,2.11171,1.91400,2.21910,0.64410,,13879.00000,440631644.00000,1,0,0,0,0,0,0,12,46,12,2,4641.32700
AllFleetRetreatPanorama,1519,2.20990,1.96030,2.14890,0.65536,,13879.00000,440631644.00000,1,0,0,0,0,0,0,12,46,12,2,4641.32700
AllFleetRetreatPanorama,1520,2.11460,2.14470,2.10960,0.63283,,13879.00000,440631644.00000,1,0,0,0,0,0,0,12,46,12,2,4669.26800
AllFleetRetreatPanorama,1521,2.06540,2.22450,2.11480,0.63693,,16663.00000,440631644.00000,1,0,0,0,0,0,0,12,46,12,2,4669.26800
AllFleetRetreatPanorama,1522,2.23860,2.15400,2.24720,0.65638,,13879.00000,440634024.00000,1,0,0,0,0,0,0,12,46,12,2,4669.26800
AllFleetRetreatPanorama,1523,2.21960,2.11520,2.21820,0.65024,,13879.00000,440715944.00000,1,0,0,0,0,0,0,12,46,12,2,4669.26800
AllFleetRetreatPanorama,1524,1.93951,2.12050,1.90220,0.63181,,13879.00000,440715944.00000,1,0,0,0,0,0,0,12,46,12,2,4669.26800
AllFleetRetreatPanorama,1525,2.23909,2.25130,2.27500,0.64410,,13879.00000,440634024.00000,1,0,0,0,0,0,0,12,46,12,2,4669.26800
AllFleetRetreatPanorama,1526,1.85101,2.22210,1.85050,0.65434,,13879.00000,440715944.00000,1,0,0,0,0,0,0,12,46,12,2,4669.26800
AllFleetRetreatPanorama,1527,1.71560,1.90510,1.71780,0.63181,,13879.00000,440715944.00000,1,0,0,0,0,0,0,12,46,12,2,4669.26800
AllFleetRetreatPanorama,1528,1.76000,2.27870,1.73850,0.63386,,13879.00000,440634024.00000,1,0,0,0,0,0,0,12,46,12,2,4669.26800
AllFleetRetreatPanorama,1529,1.72190,1.85410,1.73520,0.64102,,13879.00000,440634024.00000,1,0,0,0,0,0,0,12,46,12,2,4669.26800
AllFleetRetreatPanorama,1530,1.71230,1.72090,1.67310,0.64512,,13879.00000,440715944.00000,1,0,0,0,0,0,0,12,46,12,2,4697.21100
AllFleetRetreatPanorama,1531,1.77330,1.74160,1.80770,0.63488,,13879.00000,440715944.00000,1,0,0,0,0,0,0,12,46,12,2,4697.21100
AllFleetRetreatPanorama,1532,2.30789,1.73810,2.30100,0.63795,,13879.00000,440634024.00000,1,0,0,0,0,0,0,12,46,12,2,4697.21100
AllFleetRetreatPanorama,1533,2.09540,1.67590,2.08460,0.62976,,13879.00000,440634024.00000,1,0,0,0,0,0,0,12,46,12,2,4697.21100
AllFleetRetreatPanorama,1534,1.76640,1.81020,1.76500,0.63386,,13879.00000,440634024.00000,1,0,0,0,0,0,0,12,46,12,2,4697.21100
AllFleetRetreatPanorama,1535,2.78510,2.30430,2.56960,0.65331,,13879.00000,440634024.00000,1,0,0,0,0,0,0,12,46,12,2,4697.21100
AllFleetRetreatPanorama,1536,2.72710,2.08780,2.89420,0.63795,,13879.00000,440634024.00000,1,0,0,0,0,0,0,12,46,12,2,4697.21100
AllFleetRetreatPanorama,1537,2.33020,1.76780,2.31740,0.62157,,13879.00000,440634024.00000,1,0,0,0,0,0,0,12,46,12,2,4697.21100
AllFleetRetreatPanorama,1538,1.94950,2.57920,1.98620,0.64922,,13879.00000,440715944.00000,1,0,0,0,0,0,0,12,46,12,2,4697.21100
AllFleetRetreatPanorama,1539,1.77420,2.90040,1.77470,0.63488,,13879.00000,440732328.00000,1,0,0,0,0,0,0,12,46,12,2,4697.21100
AllFleetRetreatPanorama,1540,2.59480,2.32140,2.47070,0.63795,,13879.00000,440650408.00000,1,0,0,0,0,0,0,12,46,12,2,4725.15300
AllFleetRetreatPanorama,1541,2.78240,1.99030,2.88680,0.64717,,16575.00000,440636404.00000,1,0,0,0,0,0,0,12,46,12,2,4725.15300
AllFleetRetreatPanorama,1542,1.90140,1.77810,1.90540,0.64205,,13879.00000,440636404.00000,1,0,0,0,0,0,0,12,46,12,2,4725.15300
AllFleetRetreatPanorama,1543,1.79730,2.47520,1.79750,1.21651,,13879.00000,440636404.00000,1,0,0,0,0,0,0,12,46,12,2,4725.15300
AllFleetRetreatPanorama,1544,1.73650,2.89110,1.73650,0.63386,,13879.00000,440718324.00000,1,0,0,0,0,0,0,12,46,12,2,4725.15300
AllFleetRetreatPanorama,1545,1.78090,1.90940,1.73280,0.63693,,13879.00000,440718324.00000,1,0,0,0,0,0,0,12,46,12,2,4725.15300
AllFleetRetreatPanorama,1546,2.41800,1.80100,2.45090,0.64717,,13879.00000,440636404.00000,1,0,0,0,0,0,0,12,46,12,2,4725.15300
AllFleetRetreatPanorama,1547,2.01420,1.74070,2.01880,0.64819,,13879.00000,440636404.00000,1,0,0,0,0,0,0,12,46,12,2,4725.15300
AllFleetRetreatPanorama,1548,2.95970,1.73670,2.94450,0.64000,,13879.00000,440636404.00000,1,0,0,0,0,0,0,12,46,12,2,4725.15300
AllFleetRetreatPanorama,1549,2.07080,2.45390,2.07160,0.62976,,13879.00000,440718324.00000,1,0,0,0,0,0,0,12,46,12,2,4753.09700
AllFleetRetreatPanorama,1550,2.05690,2.02220,2.01530,0.64410,,16575.00000,440720704.00000,1,0,0,0,0,0,0,12,46,12,2,4753.09700
AllFleetRetreatPanorama,1551,1.83450,2.94830,1.87660,1.21139,,13879.00000,440638784.00000,1,0,0,0,0,0,0,12,46,12,2,4753.09700
AllFleetRetreatPanorama,1552,2.07100,2.07510,2.04860,0.64410,,13879.00000,440720704.00000,1,0,0,0,0,0,0,12,46,12,2,4753.09700
AllFleetRetreatPanorama,1553,2.05310,2.01800,2.06540,0.64410,,13879.00000,440720704.00000,1,0,0,0,0,0,0,12,46,12,2,4753.09700
AllFleetRetreatPanorama,1554,2.24920,1.87910,2.24290,1.21958,,13879.00000,440638784.00000,1,0,0,0,0,0,0,12,46,12,2,4753.09700
AllFleetRetreatPanorama,1555,2.50710,2.05160,2.46670,0.64614,,13879.00000,440655168.00000,1,0,0,0,0,0,0,12,46,12,2,4753.09700
AllFleetRetreatPanorama,1556,1.86500,2.06840,1.89400,0.64205,,13879.00000,440655168.00000,1,0,0,0,0,0,0,12,46,12,2,4753.09700
AllFleetRetreatPanorama,1557,2.22790,2.24640,2.21790,0.63283,,13879.00000,440638784.00000,1,0,0,0,0,0,0,12,46,12,2,4753.09700
AllFleetRetreatPanorama,1558,2.33030,2.47040,2.33320,0.63181,,13879.00000,440638784.00000,1,0,0,0,0,0,0,12,46,12,2,4781.04200
AllFleetRetreatPanorama,1559,2.45870,1.89870,2.44970,0.63590,,13879.00000,440638784.00000,1,0,0,0,0,0,0,12,46,12,2,4781.04200
AllFleetRetreatPanorama,1560,2.00500,2.22150,1.97150,0.64614,,13879.00000,440638784.00000,1,0,0,0,0,0,0,12,46,12,2,4781.04200
AllFleetRetreatPanorama,1561,1.74670,2.33660,1.79300,0.63590,,13879.00000,440638784.00000,1,0,0,0,0,0,0,12,46,12,2,4781.04200
AllFleetRetreatPanorama,1562,1.89550,2.45320,1.88830,0.63693,,13879.00000,440638784.00000,1,0,0,0,0,0,0,12,46,12,2,4781.04200
AllFleetRetreatPanorama,1563,1.95440,1.97490,1.94540,0.64512,,13879.00000,440720704.00000,1,0,0,0,0,0,0,12,46,12,2,4781.04200
AllFleetRetreatPanorama,1564,2.49260,1.79670,2.40260,0.62362,,13879.00000,440720704.00000,1,0,0,0,0,0,0,12,46,12,2,4781.04200
AllFleetRetreatPanorama,1565,1.97000,1.89170,2.00580,0.63283,,13879.00000,440638784.00000,1,0,0,0,0,0,0,12,46,12,2,4781.04200
AllFleetRetreatPanorama,1566,2.17800,1.94970,2.21670,0.64614,,13879.00000,440638784.00000,1,0,0,0,0,0,0,12,46,12,2,4781.04200
AllFleetRetreatPanorama,1567,1.85220,2.40660,1.86000,0.61952,,13879.00000,440638784.00000,1,0,0,0,0,0,0,12,46,12,2,4781.04200
AllFleetRetreatPanorama,1568,1.94180,2.00960,1.93200,0.63283,,13879.00000,440638784.00000,1,0,0,0,0,0,0,12,46,12,2,4808.98600
AllFleetRetreatPanorama,1569,2.39440,2.22080,2.32150,0.63693,,16575.00000,440641164.00000,1,0,0,0,0,0,0,12,46,12,2,4808.98600
AllFleetRetreatPanorama,1570,2.11390,1.86290,2.14460,0.64512,,13879.00000,440641164.00000,1,0,0,0,0,0,0,12,46,12,2,4808.98600
AllFleetRetreatPanorama,1571,2.02450,1.93480,2.05980,0.63693,,13879.00000,440641164.00000,1,0,0,0,0,0,0,12,46,12,2,4808.98600
AllFleetRetreatPanorama,1572,2.09070,2.32490,2.08840,0.64819,,13879.00000,440723084.00000,1,0,0,0,0,0,0,12,46,12,2,4808.98600
AllFleetRetreatPanorama,1573,1.82930,2.14790,1.83000,0.63693,,13879.00000,440723084.00000,1,0,0,0,0,0,0,12,46,12,2,4808.98600
AllFleetRetreatPanorama,1574,1.91640,2.06310,1.90300,0.63386,,13879.00000,440641164.00000,1,0,0,0,0,0,0,12,46,12,2,4808.98600
AllFleetRetreatPanorama,1575,2.18390,2.09190,2.15080,0.65741,,13879.00000,440723084.00000,1,0,0,0,0,0,0,12,46,12,2,4808.98600
AllFleetRetreatPanorama,1576,1.81280,1.83360,1.82650,0.64410,,13879.00000,440723084.00000,1,0,0,0,0,0,0,12,46,12,2,4808.98600
AllFleetRetreatPanorama,1577,2.00870,1.90610,1.93790,0.64000,,13879.00000,440641164.00000,1,0,0,0,0,0,0,12,46,12,2,4836.93200
AllFleetRetreatPanorama,1578,2.61830,2.15360,2.69550,0.66253,,16575.00000,440643340.00000,1,0,0,0,0,0,0,12,46,12,2,4836.93200
AllFleetRetreatPanorama,1579,2.02480,1.82990,2.02530,0.63386,,13879.00000,440643544.00000,1,0,0,0,0,0,0,12,46,12,2,4836.93200
AllFleetRetreatPanorama,1580,2.65060,1.94210,2.60000,0.64410,,13879.00000,440643544.00000,1,0,0,0,0,0,0,12,46,12,2,4836.93200
AllFleetRetreatPanorama,1581,1.92749,2.69870,1.97320,0.63078,,13879.00000,440643544.00000,1,0,0,0,0,0,0,12,46,12,2,4836.93200
AllFleetRetreatPanorama,1582,1.90461,2.02840,1.89150,0.64205,,13879.00000,440643544.00000,1,0,0,0,0,0,0,12,46,12,2,4836.93200
AllFleetRetreatPanorama,1583,2.33580,2.60400,2.34130,0.64717,,13879.00000,440659928.00000,1,0,0,0,0,0,0,12,46,12,2,4836.93200
AllFleetRetreatPanorama,1584,1.81980,1.97620,1.82080,0.64614,,13879.00000,440741848.00000,1,0,0,0,0,0,0,12,46,12,2,4836.93200
AllFleetRetreatPanorama,1585,2.25030,1.89480,2.11660,0.62669,,13879.00000,440725464.00000,1,0,0,0,0,0,0,12,46,12,2,4836.93200
AllFleetRetreatPanorama,1586,2.52160,2.34400,2.64320,0.64102,,13879.00000,440643544.00000,1,0,0,0,0,0,0,12,46,12,2,4864.87800
AllFleetRetreatPanorama,1587,2.03830,1.82390,2.03130,0.63078,,16575.00000,440725464.00000,1,0,0,0,0,0,0,12,46,12,2,4864.87800
AllFleetRetreatPanorama,1588,1.84980,2.11960,1.85230,0.63795,,13879.00000,440809764.00000,1,0,0,0,0,0,0,12,46,12,2,4864.87800
AllFleetRetreatPanorama,1589,1.95300,2.64750,1.93310,0.64410,,13879.00000,440727844.00000,1,0,0,0,0,0,0,12,46,12,2,4864.87800
AllFleetRetreatPanorama,1590,1.95530,2.03500,1.91830,0.63283,,13879.00000,440645924.00000,1,0,0,0,0,0,0,12,46,12,2,4864.87800
AllFleetRetreatPanorama,1591,1.72560,1.85600,1.76370,0.63283,,13879.00000,440645924.00000,1,0,0,0,0,0,0,12,46,12,2,4864.87800
AllFleetRetreatPanorama,1592,2.25140,1.94600,2.18610,0.63488,,13879.00000,440645924.00000,1,0,0,0,0,0,0,12,46,12,2,4864.87800
AllFleetRetreatPanorama,1593,1.82460,1.92190,1.88260,0.62566,,13967.00000,440645924.00000,1,0,0,0,0,0,0,12,46,12,2,4864.87800
AllFleetRetreatPanorama,1594,1.75420,1.76700,1.75280,0.63590,,13879.00000,440645924.00000,1,0,0,0,0,0,0,12,46,12,2,4864.87800
AllFleetRetreatPanorama,1595,1.79900,2.19000,1.79160,0.64614,,13879.00000,440645924.00000,1,0,0,0,0,0,0,12,46,12,2,4864.87800
AllFleetRetreatPanorama,1596,1.75940,1.88600,1.72100,0.64717,,13879.00000,440727844.00000,1,0,0,0,0,0,0,12,46,12,2,4864.87800
AllFleetRetreatPanorama,1597,1.69750,1.75570,1.73300,0.64205,,13879.00000,440809764.00000,1,0,0,0,0,0,0,12,46,12,2,4892.82400
AllFleetRetreatPanorama,1598,2.26120,1.79510,2.25460,0.64410,,13879.00000,440727844.00000,1,0,0,0,0,0,0,12,46,12,2,4892.82400
AllFleetRetreatPanorama,1599,2.07860,1.72400,2.07520,0.62771,,13879.00000,440727844.00000,1,0,0,0,0,0,0,12,46,12,2,4892.82400
AllFleetRetreatPanorama,1600,1.78640,1.73580,1.78920,0.62976,,13879.00000,440727844.00000,1,0,0,0,0,0,0,12,46,12,2,4892.82400
AllFleetRetreatPanorama,1601,2.30220,2.25750,2.17140,0.62464,,13879.00000,440645924.00000,1,0,0,0,0,0,0,12,46,12,2,4892.82400
AllFleetRetreatPanorama,1602,2.31690,2.07810,2.43350,0.65229,,13879.00000,440645924.00000,1,0,0,0,0,0,0,12,46,12,2,4892.82400
AllFleetRetreatPanorama,1603,1.82820,1.79180,1.82200,0.64205,,13879.00000,440645924.00000,1,0,0,0,0,0,0,12,46,12,2,4892.82400
AllFleetRetreatPanorama,1604,2.07490,2.17530,2.07720,1.21958,,13879.00000,440645924.00000,1,0,0,0,0,0,0,12,46,12,2,4892.82400
AllFleetRetreatPanorama,1605,1.74040,2.43720,1.74010,0.66048,,13879.00000,440727844.00000,1,0,0,0,0,0,0,12,46,12,2,4892.82400
AllFleetRetreatPanorama,1606,1.76460,1.82530,1.75940,0.65638,,13879.00000,440809764.00000,1,0,0,0,0,0,0,12,46,12,2,4892.82400
AllFleetRetreatPanorama,1607,2.34250,2.08030,2.29130,1.21139,,13879.00000,440727844.00000,1,0,0,0,0,0,0,12,46,12,2,4920.77200
AllFleetRetreatPanorama,1608,3.27960,1.74320,3.19970,0.64205,,16575.00000,440648304.00000,1,0,0,0,0,0,0,12,46,12,2,4920.77200
AllFleetRetreatPanorama,1609,2.49050,1.76200,2.58490,0.61645,,13879.00000,440648304.00000,1,0,0,0,0,0,0,12,46,12,2,4920.77200
AllFleetRetreatPanorama,1610,2.34841,2.29480,2.36220,0.62874,,13879.00000,440730224.00000,1,0,0,0,0,0,0,12,46,12,2,4920.77200
AllFleetRetreatPanorama,1611,2.09989,3.20490,2.03860,0.64000,,13879.00000,440730224.00000,1,0,0,0,0,0,0,12,46,12,2,4920.77200
AllFleetRetreatPanorama,1612,2.15450,2.58920,2.21130,0.64205,,13931.00000,440648304.00000,1,0,0,0,0,0,0,12,46,12,2,4920.77200
AllFleetRetreatPanorama,1613,2.16920,2.36630,2.16650,0.64512,,13879.00000,440730224.00000,1,0,0,0,0,0,0,12,46,12,2,4920.77200
AllFleetRetreatPanorama,1614,1.88910,2.04300,1.88730,0.64102,,13879.00000,440730224.00000,1,0,0,0,0,0,0,12,46,12,2,4920.77200
AllFleetRetreatPanorama,1615,2.61420,2.21520,2.60290,0.63078,,13879.00000,440648304.00000,1,0,0,0,0,0,0,12,46,12,2,4948.72000
AllFleetRetreatPanorama,1616,2.02130,2.17020,1.98560,0.64717,,16575.00000,440730224.00000,1,0,0,0,0,0,0,12,46,12,2,4948.72000
AllFleetRetreatPanorama,1617,1.71470,1.89070,1.75320,0.65126,,13879.00000,440814524.00000,1,0,0,0,0,0,0,12,46,12,2,4948.72000
AllFleetRetreatPanorama,1618,1.78160,2.60640,1.77320,0.63078,,13879.00000,440732604.00000,1,0,0,0,0,0,0,12,46,12,2,4948.72000
AllFleetRetreatPanorama,1619,1.78560,1.98840,1.78920,0.64819,,13879.00000,440732604.00000,1,0,0,0,0,0,0,12,46,12,2,4948.72000
AllFleetRetreatPanorama,1620,1.74970,1.75640,1.74880,0.64512,,13879.00000,440732604.00000,1,0,0,0,0,0,0,12,46,12,2,4948.72000
AllFleetRetreatPanorama,1621,1.74230,1.77680,1.73810,0.64512,,13879.00000,440667068.00000,1,0,0,0,0,0,0,12,46,12,2,4948.72000
AllFleetRetreatPanorama,1622,1.79860,1.79170,1.75850,0.63898,,13879.00000,440748988.00000,1,0,0,0,0,0,0,12,46,12,2,4948.72000
AllFleetRetreatPanorama,1623,1.96290,1.75130,1.99390,0.64000,,13879.00000,440732604.00000,1,0,0,0,0,0,0,12,46,12,2,4948.72000
AllFleetRetreatPanorama,1624,1.72580,1.74070,1.72500,0.63693,,13879.00000,440732604.00000,1,0,0,0,0,0,0,12,46,12,2,4948.72000
AllFleetRetreatPanorama,1625,1.81600,1.76110,1.78810,0.62054,,13879.00000,440732604.00000,1,0,0,0,0,0,0,12,46,12,2,4948.72000
AllFleetRetreatPanorama,1626,2.09790,1.99670,2.07090,0.64000,,13879.00000,440650684.00000,1,0,0,0,0,0,0,12,46,12,2,4976.66800
AllFleetRetreatPanorama,1627,2.02260,1.72890,2.00640,0.63488,,13879.00000,440650684.00000,1,0,0,0,0,0,0,12,46,12,2,4976.66800
AllFleetRetreatPanorama,1628,1.98640,1.79130,1.99510,0.65024,,13879.00000,440650684.00000,1,0,0,0,0,0,0,12,46,12,2,4976.66800
AllFleetRetreatPanorama,1629,1.90410,2.07350,1.89990,0.63386,,13879.00000,440667068.00000,1,0,0,0,0,0,0,12,46,12,2,4976.66800
AllFleetRetreatPanorama,1630,2.08630,2.00970,2.12570,0.62874,,13879.00000,440667068.00000,1,0,0,0,0,0,0,12,46,12,2,4976.66800
AllFleetRetreatPanorama,1631,2.07680,1.99980,2.07200,0.63181,,13879.00000,440650684.00000,1,0,0,0,0,0,0,12,46,12,2,4976.66800
AllFleetRetreatPanorama,1632,1.89090,1.90350,1.88980,0.63386,,13879.00000,440667068.00000,1,0,0,0,0,0,0,12,46,12,2,4976.66800
AllFleetRetreatPanorama,1633,1.71790,2.12960,1.71990,0.64819,,13879.00000,440748988.00000,1,0,0,0,0,0,0,12,46,12,2,4976.66800
AllFleetRetreatPanorama,1634,2.68190,2.07560,2.60910,0.62976,,13879.00000,440732604.00000,1,0,0,0,0,0,0,12,46,12,2,4976.66800
AllFleetRetreatPanorama,1635,2.15169,1.89390,2.20010,0.63283,,13879.00000,440667068.00000,1,0,0,0,0,0,0,12,46,12,2,4976.66800
AllFleetRetreatPanorama,1636,1.91070,1.72350,1.88530,0.66355,,13879.00000,440667068.00000,1,0,0,0,0,0,0,12,46,12,2,5004.61700
AllFleetRetreatPanorama,1637,2.35150,2.61340,2.31070,0.64614,,16575.00000,440653064.00000,1,0,0,0,0,0,0,12,46,12,2,5004.61700
AllFleetRetreatPanorama,1638,2.02200,2.20380,2.09090,0.64922,,13879.00000,440653064.00000,1,0,0,0,0,0,0,12,46,12,2,5004.61700
AllFleetRetreatPanorama,1639,2.05360,1.88920,2.01040,0.63181,,13879.00000,440653064.00000,1,0,0,0,0,0,0,12,46,12,2,5004.61700
AllFleetRetreatPanorama,1640,2.05330,2.31420,2.08750,0.64614,,13879.00000,440653064.00000,1,0,0,0,0,0,0,12,46,12,2,5004.61700
AllFleetRetreatPanorama,1641,1.91409,2.09420,1.91170,0.64307,,13879.00000,440669448.00000,1,0,0,0,0,0,0,12,46,12,2,5004.61700
AllFleetRetreatPanorama,1642,1.95930,2.01370,1.95870,0.64717,,13879.00000,440669448.00000,1,0,0,0,0,0,0,12,46,12,2,5004.61700
AllFleetRetreatPanorama,1643,2.02140,2.09150,2.01680,0.63283,,13879.00000,440653064.00000,1,0,0,0,0,0,0,12,46,12,2,5004.61700
AllFleetRetreatPanorama,1644,1.88189,1.91550,1.87960,0.63283,,13879.00000,440653064.00000,1,0,0,0,0,0,0,12,46,12,2,5004.61700
AllFleetRetreatPanorama,1645,1.93000,1.96230,1.88500,0.63181,,13879.00000,440653064.00000,1,0,0,0,0,0,0,12,46,12,2,5004.61700
AllFleetRetreatPanorama,1646,2.20020,2.02000,2.23510,0.64512,,13879.00000,440653064.00000,1,0,0,0,0,0,0,12,46,12,2,5032.56700
AllFleetRetreatPanorama,1647,2.01610,1.88270,2.01560,0.63795,,16575.00000,440655444.00000,1,0,0,0,0,0,0,12,46,12,2,5032.56700
AllFleetRetreatPanorama,1648,2.04680,1.88940,2.04400,0.63386,,13879.00000,440655444.00000,1,0,0,0,0,0,0,12,46,12,2,5032.56700
AllFleetRetreatPanorama,1649,2.11890,2.23820,2.10880,0.65229,,13879.00000,440655444.00000,1,0,0,0,0,0,0,12,46,12,2,5032.56700
AllFleetRetreatPanorama,1650,2.77230,2.01840,2.69090,0.64410,,13879.00000,440655444.00000,1,0,0,0,0,0,0,12,46,12,2,5032.56700
AllFleetRetreatPanorama,1651,2.13090,2.04750,2.18220,0.64922,,13879.00000,440655444.00000,1,0,0,0,0,0,0,12,46,12,2,5032.56700
AllFleetRetreatPanorama,1652,2.07161,2.11210,2.09290,0.65434,,13879.00000,440737364.00000,1,0,0,0,0,0,0,12,46,12,2,5032.56700
AllFleetRetreatPanorama,1653,1.94280,2.69640,1.93720,0.63590,,13879.00000,440737364.00000,1,0,0,0,0,0,0,12,46,12,2,5032.56700
AllFleetRetreatPanorama,1654,2.44860,2.18640,2.43150,1.22675,,13879.00000,440655444.00000,1,0,0,0,0,0,0,12,46,12,2,5032.56700
AllFleetRetreatPanorama,1655,1.81850,2.09670,1.79120,0.63795,,13879.00000,440737364.00000,1,0,0,0,0,0,0,12,46,12,2,5060.51700
AllFleetRetreatPanorama,1656,1.82050,1.94090,1.85780,0.85914,,13879.00000,440737364.00000,1,0,0,0,0,0,0,12,46,12,2,5060.51700
AllFleetRetreatPanorama,1657,1.73650,2.43550,1.72830,0.63898,,13879.00000,440737364.00000,1,0,0,0,0,0,0,12,46,12,2,5060.51700
AllFleetRetreatPanorama,1658,1.94899,1.79480,1.94210,0.64205,,13879.00000,440819284.00000,1,0,0,0,0,0,0,12,46,12,2,5060.51700
AllFleetRetreatPanorama,1659,1.75471,1.86070,1.75900,0.63181,,13879.00000,440737364.00000,1,0,0,0,0,0,0,12,46,12,2,5060.51700
AllFleetRetreatPanorama,1660,1.77020,1.73110,1.76530,1.22061,,13879.00000,440655444.00000,1,0,0,0,0,0,0,12,46,12,2,5060.51700
AllFleetRetreatPanorama,1661,2.25731,1.94670,2.20890,0.64000,,13879.00000,440655444.00000,1,0,0,0,0,0,0,12,46,12,2,5060.51700
AllFleetRetreatPanorama,1662,1.91970,1.76240,1.95770,0.63386,,13879.00000,440655444.00000,1,0,0,0,0,0,0,12,46,12,2,5060.51700
AllFleetRetreatPanorama,1663,1.87399,1.76930,1.87210,0.64102,,13879.00000,440655444.00000,1,0,0,0,0,0,0,12,46,12,2,5060.51700
AllFleetRetreatPanorama,1664,1.86070,2.21330,1.84940,0.63181,,13879.00000,440655444.00000,1,0,0,0,0,0,0,12,46,12,2,5060.51700
AllFleetRetreatPanorama,1665,1.82521,1.96200,1.83070,0.62669,,13879.00000,440655444.00000,1,0,0,0,0,0,0,12,46,12,2,5060.51700
AllFleetRetreatPanorama,1666,1.99799,1.87630,1.99160,0.63693,,13879.00000,440737364.00000,1,0,0,0,0,0,0,12,46,12,2,5088.46800
AllFleetRetreatPanorama,1667,2.30000,1.85280,2.21410,0.64000,,16575.00000,440739744.00000,1,0,0,0,0,0,0,12,46,12,2,5088.46800
AllFleetRetreatPanorama,1668,2.06520,1.83380,2.14490,0.63693,,13967.00000,440657824.00000,1,0,0,0,0,0,0,12,46,12,2,5088.46800
AllFleetRetreatPanorama,1669,2.61010,1.99490,2.60440,0.62259,,13879.00000,440657824.00000,1,0,0,0,0,0,0,12,46,12,2,5088.46800
AllFleetRetreatPanorama,1670,2.15050,2.21700,2.15070,0.64717,,13879.00000,440739744.00000,1,0,0,0,0,0,0,12,46,12,2,5088.46800
AllFleetRetreatPanorama,1671,1.86250,2.14740,1.86260,0.62362,,13879.00000,440739744.00000,1,0,0,0,0,0,0,12,46,12,2,5088.46800
AllFleetRetreatPanorama,1672,1.99290,2.60710,1.94820,0.64307,,13879.00000,440657824.00000,1,0,0,0,0,0,0,12,46,12,2,5088.46800
AllFleetRetreatPanorama,1673,2.10700,2.15320,2.14280,0.63488,,13879.00000,440739744.00000,1,0,0,0,0,0,0,12,46,12,2,5088.46800
AllFleetRetreatPanorama,1674,1.80500,1.86520,1.80340,0.64922,,13879.00000,440739744.00000,1,0,0,0,0,0,0,12,46,12,2,5088.46800
AllFleetRetreatPanorama,1675,1.87180,1.95150,1.87370,0.65946,,13879.00000,440657824.00000,1,0,0,0,0,0,0,12,46,12,2,5116.41900
AllFleetRetreatPanorama,1676,2.61570,2.14570,2.52290,0.64614,,16575.00000,440742124.00000,1,0,0,0,0,0,0,12,46,12,2,5116.41900
AllFleetRetreatPanorama,1677,2.82760,1.80570,2.84390,0.63590,,13879.00000,440742124.00000,1,0,0,0,0,0,0,12,46,12,2,5116.41900
AllFleetRetreatPanorama,1678,2.00230,1.87640,2.05130,0.62259,,13879.00000,440660204.00000,1,0,0,0,0,0,0,12,46,12,2,5116.41900
AllFleetRetreatPanorama,1679,1.80660,2.52650,1.80740,0.85914,,13879.00000,440676588.00000,1,0,0,0,0,0,0,12,46,12,2,5116.41900
AllFleetRetreatPanorama,1680,1.75689,2.84820,1.75340,0.65638,,13879.00000,440676588.00000,1,0,0,0,0,0,0,12,46,12,2,5116.41900
AllFleetRetreatPanorama,1681,1.91140,2.05510,1.86250,0.64410,,13879.00000,440660204.00000,1,0,0,0,0,0,0,12,46,12,2,5116.41900
AllFleetRetreatPanorama,1682,2.57960,1.81190,2.56380,0.64000,,13879.00000,440660204.00000,1,0,0,0,0,0,0,12,46,12,2,5116.41900
AllFleetRetreatPanorama,1683,2.26120,1.75800,2.30870,0.64717,,13879.00000,440660204.00000,1,0,0,0,0,0,0,12,46,12,2,5116.41900
AllFleetRetreatPanorama,1684,2.63760,1.86590,2.63540,1.20627,,13879.00000,440660204.00000,1,0,0,0,0,0,0,12,46,12,2,5144.37100
AllFleetRetreatPanorama,1685,2.04850,2.56720,2.05110,0.63283,,13879.00000,440660204.00000,1,0,0,0,0,0,0,12,46,12,2,5144.37100
AllFleetRetreatPanorama,1686,2.10260,2.31250,2.09900,0.64410,,13879.00000,440660204.00000,1,0,0,0,0,0,0,12,46,12,2,5144.37100
AllFleetRetreatPanorama,1687,2.12250,2.64010,2.08440,0.64512,,13879.00000,440742124.00000,1,0,0,0,0,0,0,12,46,12,2,5144.37100
AllFleetRetreatPanorama,1688,1.83430,2.05520,1.87270,0.65229,,13879.00000,440742124.00000,1,0,0,0,0,0,0,12,46,12,2,5144.37100
AllFleetRetreatPanorama,1689,2.03010,2.10280,2.01900,1.23085,,13879.00000,440660204.00000,1,0,0,0,0,0,0,12,46,12,2,5144.37100
AllFleetRetreatPanorama,1690,2.54840,2.08730,2.35820,0.63693,,13879.00000,440742124.00000,1,0,0,0,0,0,0,12,46,12,2,5144.37100
AllFleetRetreatPanorama,1691,2.25330,1.87610,2.40570,0.63181,,13879.00000,440742124.00000,1,0,0,0,0,0,0,12,46,12,2,5144.37100
AllFleetRetreatPanorama,1692,1.99970,2.02220,1.97250,1.23187,,13879.00000,440660204.00000,1,0,0,0,0,0,0,12,46,12,2,5144.37100
AllFleetRetreatPanorama,1693,2.14530,2.36440,2.16490,0.62976,,13879.00000,440660204.00000,1,0,0,0,0,0,0,12,46,12,2,5144.37100
AllFleetRetreatPanorama,1694,2.14600,2.41080,2.15840,0.64000,,13879.00000,440660204.00000,1,0,0,0,0,0,0,12,46,12,2,5172.32400
AllFleetRetreatPanorama,1695,2.51181,1.97720,2.46530,0.64410,,16575.00000,440662584.00000,1,0,0,0,0,0,0,12,46,12,2,5172.32400
AllFleetRetreatPanorama,1696,1.94430,2.16940,1.96000,0.65024,,13879.00000,440662584.00000,1,0,0,0,0,0,0,12,46,12,2,5172.32400
AllFleetRetreatPanorama,1697,2.25760,2.16140,2.24670,0.63693,,13879.00000,440662584.00000,1,0,0,0,0,0,0,12,46,12,2,5172.32400
AllFleetRetreatPanorama,1698,2.88729,2.46960,2.91630,0.64512,,13879.00000,440662584.00000,1,0,0,0,0,0,0,12,46,12,2,5172.32400
AllFleetRetreatPanorama,1699,1.93051,1.96380,1.91360,0.64102,,13879.00000,440662584.00000,1,0,0,0,0,0,0,12,46,12,2,5172.32400
AllFleetRetreatPanorama,1700,2.33890,2.25080,2.34450,0.62771,,13879.00000,440662584.00000,1,0,0,0,0,0,0,12,46,12,2,5172.32400
AllFleetRetreatPanorama,1701,2.80480,2.92060,2.81020,0.62566,,13879.00000,440662584.00000,1,0,0,0,0,0,0,12,46,12,2,5172.32400
AllFleetRetreatPanorama,1702,2.05710,1.91690,2.01140,0.62976,,13879.00000,440662584.00000,1,0,0,0,0,0,0,12,46,12,2,5200.29900
AllFleetRetreatPanorama,1703,2.89860,2.34830,2.93780,0.63283,,16575.00000,440664964.00000,1,0,0,0,0,0,0,12,46,12,2,5200.29900
AllFleetRetreatPanorama,1704,2.61040,2.81430,2.60310,0.65126,,13879.00000,440664964.00000,1,0,0,0,0,0,0,12,46,12,2,5200.29900
AllFleetRetreatPanorama,1705,1.91830,2.01510,1.91380,0.64102,,13879.00000,440664964.00000,1,0,0,0,0,0,0,12,46,12,2,5200.29900
AllFleetRetreatPanorama,1706,1.78230,2.94140,1.78570,0.63386,,13879.00000,440681348.00000,1,0,0,0,0,0,0,12,46,12,2,5200.29900
AllFleetRetreatPanorama,1707,1.84311,2.60700,1.78830,0.64000,,13879.00000,440763268.00000,1,0,0,0,0,0,0,12,46,12,2,5200.29900
AllFleetRetreatPanorama,1708,1.72320,1.91870,1.77450,0.65126,,13931.00000,440746884.00000,1,0,0,0,0,0,0,12,46,12,2,5200.29900
AllFleetRetreatPanorama,1709,1.77579,1.78940,1.77080,0.63386,,13879.00000,440746884.00000,1,0,0,0,0,0,0,12,46,12,2,5200.29900
AllFleetRetreatPanorama,1710,1.75950,1.79150,1.76030,0.62976,,13879.00000,440746884.00000,1,0,0,0,0,0,0,12,46,12,2,5200.29900
AllFleetRetreatPanorama,1711,1.82630,1.77770,1.82220,0.64922,,13879.00000,440664964.00000,1,0,0,0,0,0,0,12,46,12,2,5200.29900
AllFleetRetreatPanorama,1712,1.96550,1.77400,1.94280,0.64512,,13879.00000,440664964.00000,1,0,0,0,0,0,0,12,46,12,2,5228.27400
AllFleetRetreatPanorama,1713,2.31210,1.76310,2.28740,0.65331,,16575.00000,440664964.00000,1,0,0,0,0,0,0,12,46,12,2,5228.27400
AllFleetRetreatPanorama,1714,2.71340,1.82490,2.71580,0.65946,,13879.00000,440667344.00000,1,0,0,0,0,0,0,12,46,12,2,5228.27400
AllFleetRetreatPanorama,1715,2.52850,1.94720,2.55030,0.65126,,13879.00000,440667344.00000,1,0,0,0,0,0,0,12,46,12,2,5228.27400
AllFleetRetreatPanorama,1716,2.01020,2.29010,2.00690,0.63283,,13879.00000,440667344.00000,1,0,0,0,0,0,0,12,46,12,2,5228.27400
AllFleetRetreatPanorama,1717,1.92290,2.72100,1.91530,1.21344,,13879.00000,440667344.00000,1,0,0,0,0,0,0,12,46,12,2,5228.27400
AllFleetRetreatPanorama,1718,1.87701,2.55410,1.84620,0.63488,,13879.00000,440683728.00000,1,0,0,0,0,0,0,12,46,12,2,5228.27400
AllFleetRetreatPanorama,1719,1.90509,2.01080,1.93450,0.64819,,13879.00000,440683728.00000,1,0,0,0,0,0,0,12,46,12,2,5228.27400
AllFleetRetreatPanorama,1720,1.99260,1.91890,1.98780,0.66970,,13879.00000,440749264.00000,1,0,0,0,0,0,0,12,46,12,2,5228.27400
AllFleetRetreatPanorama,1721,2.47550,1.84930,2.45350,0.62771,,13879.00000,440749264.00000,1,0,0,0,0,0,0,12,46,12,2,5256.25000
AllFleetRetreatPanorama,1722,2.51540,1.93830,2.49740,0.87757,,13879.00000,440667344.00000,1,0,0,0,0,0,0,12,46,12,2,5256.25000
AllFleetRetreatPanorama,1723,2.61560,1.99110,2.59100,0.64614,,13879.00000,440667344.00000,1,0,0,0,0,0,0,12,46,12,2,5256.25000
AllFleetRetreatPanorama,1724,2.07980,2.45690,2.11260,0.65229,,13879.00000,440667344.00000,1,0,0,0,0,0,0,12,46,12,2,5256.25000
AllFleetRetreatPanorama,1725,2.07350,2.50010,2.08560,0.65024,,13879.00000,440667344.00000,1,0,0,0,0,0,0,12,46,12,2,5256.25000
AllFleetRetreatPanorama,1726,2.51180,2.59440,2.51030,0.66355,,13879.00000,440667344.00000,1,0,0,0,0,0,0,12,46,12,2,5256.25000
AllFleetRetreatPanorama,1727,1.86260,2.11660,1.86260,0.62464,,13879.00000,440667344.00000,1,0,0,0,0,0,0,12,46,12,2,5256.25000
AllFleetRetreatPanorama,1728,1.91950,2.08900,1.86610,1.22061,,13879.00000,440749264.00000,1,0,0,0,0,0,0,12,46,12,2,5256.25000
AllFleetRetreatPanorama,1729,2.26340,2.51480,2.30350,0.64819,,13879.00000,440831184.00000,1,0,0,0,0,0,0,12,46,12,2,5256.25000
AllFleetRetreatPanorama,1730,2.37010,1.86630,2.36160,0.65331,,13879.00000,440749264.00000,1,0,0,0,0,0,0,12,46,12,2,5284.22700
AllFleetRetreatPanorama,1731,2.82560,1.87040,2.76140,0.63488,,16575.00000,440669724.00000,1,0,0,0,0,0,0,12,46,12,2,5284.22700
AllFleetRetreatPanorama,1732,2.67800,2.30810,2.57390,0.64307,,13879.00000,440669724.00000,1,0,0,0,0,0,0,12,46,12,2,5284.22700
AllFleetRetreatPanorama,1733,2.41830,2.36690,2.54570,0.63795,,13879.00000,440669724.00000,1,0,0,0,0,0,0,12,46,12,2,5284.22700
AllFleetRetreatPanorama,1734,2.03490,2.76560,2.04600,0.64102,,13879.00000,440751644.00000,1,0,0,0,0,0,0,12,46,12,2,5284.22700
AllFleetRetreatPanorama,1735,1.88970,2.58240,1.88500,0.63283,,13879.00000,440751644.00000,1,0,0,0,0,0,0,12,46,12,2,5284.22700
AllFleetRetreatPanorama,1736,1.87300,2.55370,1.82090,0.64410,,13879.00000,440669724.00000,1,0,0,0,0,0,0,12,46,12,2,5284.22700
AllFleetRetreatPanorama,1737,3.10689,2.05070,2.98620,0.64410,,13967.00000,440669724.00000,1,0,0,0,0,0,0,12,46,12,2,5284.22700
AllFleetRetreatPanorama,1738,2.55160,1.88880,2.70970,0.64205,,13879.00000,440669724.00000,1,0,0,0,0,0,0,12,46,12,2,5284.22700
AllFleetRetreatPanorama,1739,2.38790,1.82410,2.37770,1.23085,,13879.00000,440751644.00000,1,0,0,0,0,0,0,12,46,12,2,5312.20300
AllFleetRetreatPanorama,1740,2.25980,2.98970,2.25600,0.63693,,16575.00000,440754024.00000,1,0,0,0,0,0,0,12,46,12,2,5312.20300
AllFleetRetreatPanorama,1741,1.96640,2.71400,1.96730,1.22163,,13879.00000,440672104.00000,1,0,0,0,0,0,0,12,46,12,2,5312.20300
AllFleetRetreatPanorama,1742,1.94540,2.38580,1.90630,0.82330,,13879.00000,440754024.00000,1,0,0,0,0,0,0,12,46,12,2,5312.20300
AllFleetRetreatPanorama,1743,1.79600,2.26240,1.83790,0.63488,,13879.00000,440754024.00000,1,0,0,0,0,0,0,12,46,12,2,5312.20300
AllFleetRetreatPanorama,1744,2.33861,1.97200,2.26570,0.65434,,13879.00000,440672104.00000,1,0,0,0,0,0,0,12,46,12,2,5312.20300
AllFleetRetreatPanorama,1745,2.12330,1.91040,2.16620,0.65126,,13879.00000,440688488.00000,1,0,0,0,0,0,0,12,46,12,2,5312.20300
AllFleetRetreatPanorama,1746,1.85519,1.84180,1.84640,0.64410,,13879.00000,440688488.00000,1,0,0,0,0,0,0,12,46,12,2,5312.20300
AllFleetRetreatPanorama,1747,1.98411,2.26910,1.96570,0.63590,,13879.00000,440672104.00000,1,0,0,0,0,0,0,12,46,12,2,5312.20300
AllFleetRetreatPanorama,1748,1.89190,2.17020,1.92070,0.64614,,13879.00000,440754024.00000,1,0,0,0,0,0,0,12,46,12,2,5340.18000
AllFleetRetreatPanorama,1749,1.86120,1.84940,1.86880,0.65126,,13879.00000,440754024.00000,1,0,0,0,0,0,0,12,46,12,2,5340.18000
AllFleetRetreatPanorama,1750,1.78380,1.96960,1.76980,1.23085,,13879.00000,440672104.00000,1,0,0,0,0,0,0,12,46,12,2,5340.18000
AllFleetRetreatPanorama,1751,2.02080,1.92480,2.01100,0.65024,,13879.00000,440672104.00000,1,0,0,0,0,0,0,12,46,12,2,5340.18000
AllFleetRetreatPanorama,1752,2.34401,1.87230,2.35170,0.62874,,13879.00000,440672104.00000,1,0,0,0,0,0,0,12,46,12,2,5340.18000
AllFleetRetreatPanorama,1753,1.89570,1.77360,1.85680,0.64614,,13879.00000,440672104.00000,1,0,0,0,0,0,0,12,46,12,2,5340.18000
AllFleetRetreatPanorama,1754,2.19210,2.01500,2.22640,0.64205,,13879.00000,440672104.00000,1,0,0,0,0,0,0,12,46,12,2,5340.18000
AllFleetRetreatPanorama,1755,1.79820,2.35420,1.80010,0.64307,,13879.00000,440672104.00000,1,0,0,0,0,0,0,12,46,12,2,5340.18000
AllFleetRetreatPanorama,1756,1.98880,1.85970,1.98390,1.23085,,13879.00000,440672104.00000,1,0,0,0,0,0,0,12,46,12,2,5340.18000
AllFleetRetreatPanorama,1757,2.42870,2.22920,2.42380,0.64614,,13879.00000,440672104.00000,1,0,0,0,0,0,0,12,46,12,2,5340.18000
AllFleetRetreatPanorama,1758,1.90400,1.80290,1.86420,0.64717,,13879.00000,440672104.00000,1,0,0,0,0,0,0,12,46,12,2,5368.15700
AllFleetRetreatPanorama,1759,2.13330,1.98690,2.16110,0.63488,,16575.00000,440674484.00000,1,0,0,0,0,0,0,12,46,12,2,5368.15700
AllFleetRetreatPanorama,1760,2.29160,2.42690,2.29580,0.64614,,13879.00000,440674484.00000,1,0,0,0,0,0,0,12,46,12,2,5368.15700
AllFleetRetreatPanorama,1761,2.40010,1.86720,2.18140,0.64512,,13879.00000,440674484.00000,1,0,0,0,0,0,0,12,46,12,2,5368.15700
AllFleetRetreatPanorama,1762,3.02510,2.16420,3.18430,0.64205,,13879.00000,440674484.00000,1,0,0,0,0,0,0,12,46,12,2,5368.15700
AllFleetRetreatPanorama,1763,2.19600,2.29940,2.16460,0.63283,,13879.00000,440756404.00000,1,0,0,0,0,0,0,12,46,12,2,5368.15700
AllFleetRetreatPanorama,1764,2.15560,2.19290,2.20070,0.67891,,13879.00000,440756404.00000,1,0,0,0,0,0,0,12,46,12,2,5368.15700
AllFleetRetreatPanorama,1765,1.83100,3.19140,1.83140,0.64000,,13879.00000,440756404.00000,1,0,0,0,0,0,0,12,46,12,2,5368.15700
AllFleetRetreatPanorama,1766,1.94899,2.17040,1.94850,0.89805,,13879.00000,440756404.00000,1,0,0,0,0,0,0,12,46,12,2,5368.15700
AllFleetRetreatPanorama,1767,1.81770,2.20620,1.81380,1.22163,,13879.00000,440674484.00000,1,0,0,0,0,0,0,12,46,12,2,5396.13400
AllFleetRetreatPanorama,1768,2.95440,1.83660,2.78990,0.65126,,16575.00000,440758784.00000,1,0,0,0,0,0,0,12,46,12,2,5396.13400
AllFleetRetreatPanorama,1769,2.43690,1.95270,2.58340,0.63386,,13879.00000,440758784.00000,1,0,0,0,0,0,0,12,46,12,2,5396.13400
AllFleetRetreatPanorama,1770,2.02710,1.81770,1.99270,1.21856,,13879.00000,440693248.00000,1,0,0,0,0,0,0,12,46,12,2,5396.13400
AllFleetRetreatPanorama,1771,1.88060,2.79580,1.90430,0.62976,,13879.00000,440693248.00000,1,0,0,0,0,0,0,12,46,12,2,5396.13400
AllFleetRetreatPanorama,1772,1.86560,2.58890,1.87410,0.62464,,13879.00000,440676864.00000,1,0,0,0,0,0,0,12,46,12,2,5396.13400
AllFleetRetreatPanorama,1773,1.99629,1.99700,1.93110,0.65331,,13879.00000,440676864.00000,1,0,0,0,0,0,0,12,46,12,2,5396.13400
AllFleetRetreatPanorama,1774,2.02161,1.90920,2.07530,0.61850,,13879.00000,440676864.00000,1,0,0,0,0,0,0,12,46,12,2,5396.13400
AllFleetRetreatPanorama,1775,1.81270,1.87860,1.81400,0.65434,,13879.00000,440676864.00000,1,0,0,0,0,0,0,12,46,12,2,5396.13400
AllFleetRetreatPanorama,1776,2.10470,1.93650,2.08870,0.66253,,13879.00000,440676864.00000,1,0,0,0,0,0,0,12,46,12,2,5396.13400
AllFleetRetreatPanorama,1777,2.00380,2.07950,2.00560,0.64205,,13879.00000,440693248.00000,1,0,0,0,0,0,0,12,46,12,2,5424.11100
AllFleetRetreatPanorama,1778,1.93250,1.81730,1.92640,0.63693,,13879.00000,440693248.00000,1,0,0,0,0,0,0,12,46,12,2,5424.11100
AllFleetRetreatPanorama,1779,1.94340,2.09290,1.85250,0.65536,,13879.00000,440676864.00000,1,0,0,0,0,0,0,12,46,12,2,5424.11100
AllFleetRetreatPanorama,1780,2.65480,2.00990,2.73970,0.63488,,13879.00000,440676864.00000,1,0,0,0,0,0,0,12,46,12,2,5424.11100
AllFleetRetreatPanorama,1781,2.02910,1.92990,2.02410,0.63283,,13879.00000,440676864.00000,1,0,0,0,0,0,0,12,46,12,2,5424.11100
AllFleetRetreatPanorama,1782,1.89240,1.85690,1.88620,0.65331,,13879.00000,440676864.00000,1,0,0,0,0,0,0,12,46,12,2,5424.11100
AllFleetRetreatPanorama,1783,2.25620,2.74450,2.21830,0.63693,,13879.00000,440676864.00000,1,0,0,0,0,0,0,12,46,12,2,5424.11100
AllFleetRetreatPanorama,1784,2.52930,2.02810,2.44380,0.64819,,13879.00000,440676864.00000,1,0,0,0,0,0,0,12,46,12,2,5424.11100
AllFleetRetreatPanorama,1785,2.59480,1.88960,2.70100,0.64717,,13879.00000,440676864.00000,1,0,0,0,0,0,0,12,46,12,2,5424.11100
AllFleetRetreatPanorama,1786,2.44990,2.22190,2.42770,0.87450,,13879.00000,440676864.00000,1,0,0,0,0,0,0,12,46,12,2,5452.08900
AllFleetRetreatPanorama,1787,2.44259,2.44910,2.45760,0.65946,,16575.00000,440679244.00000,1,0,0,0,0,0,0,12,46,12,2,5452.08900
AllFleetRetreatPanorama,1788,1.99940,2.70480,2.00450,0.63386,,13879.00000,440679244.00000,1,0,0,0,0,0,0,12,46,12,2,5452.08900
AllFleetRetreatPanorama,1789,1.93490,2.43170,1.89120,0.64614,,13879.00000,440679244.00000,1,0,0,0,0,0,0,12,46,12,2,5452.08900
AllFleetRetreatPanorama,1790,2.07990,2.46220,2.10710,0.64819,,13879.00000,440679244.00000,1,0,0,0,0,0,0,12,46,12,2,5452.08900
AllFleetRetreatPanorama,1791,1.90800,2.00850,1.91250,0.64717,,13879.00000,440679244.00000,1,0,0,0,0,0,0,12,46,12,2,5452.08900
AllFleetRetreatPanorama,1792,1.82830,1.89490,1.81390,0.63386,,13879.00000,440679244.00000,1,0,0,0,0,0,0,12,46,12,2,5452.08900
AllFleetRetreatPanorama,1793,1.85570,2.11130,1.86040,0.64819,,13879.00000,440761164.00000,1,0,0,0,0,0,0,12,46,12,2,5452.08900
AllFleetRetreatPanorama,1794,1.79810,1.91680,1.79870,0.64205,,13879.00000,440777548.00000,1,0,0,0,0,0,0,12,46,12,2,5452.08900
AllFleetRetreatPanorama,1795,1.84130,1.81760,1.76130,0.64614,,13879.00000,440695628.00000,1,0,0,0,0,0,0,12,46,12,2,5452.08900
AllFleetRetreatPanorama,1796,1.82521,1.86480,1.89590,0.64000,,13879.00000,440679244.00000,1,0,0,0,0,0,0,12,46,12,2,5480.06700
AllFleetRetreatPanorama,1797,1.93200,1.80340,1.92790,0.63488,,16575.00000,440761164.00000,1,0,0,0,0,0,0,12,46,12,2,5480.06700
AllFleetRetreatPanorama,1798,2.35470,1.76530,2.11610,0.65638,,13879.00000,440845464.00000,1,0,0,0,0,0,0,12,46,12,2,5480.06700
AllFleetRetreatPanorama,1799,2.01790,1.89900,2.23210,0.64614,,13879.00000,440763544.00000,1,0,0,0,0,0,0,12,46,12,2,5480.06700
AllFleetRetreatPanorama,1800,2.26120,1.93200,2.21310,0.63386,,13879.00000,440763544.00000,1,0,0,0,0,0,0,12,46,12,2,5480.06700
AllFleetRetreatPanorama,1801,1.79820,2.12210,1.83550,0.64307,,13879.00000,440763544.00000,1,0,0,0,0,0,0,12,46,12,2,5480.06700
AllFleetRetreatPanorama,1802,1.83700,2.23740,1.80370,0.63488,,13931.00000,440681624.00000,1,0,0,0,0,0,0,12,46,12,2,5480.06700
AllFleetRetreatPanorama,1803,2.53910,2.21790,2.55100,0.64717,,13879.00000,440681624.00000,1,0,0,0,0,0,0,12,46,12,2,5480.06700
AllFleetRetreatPanorama,1804,2.18459,1.84110,2.15860,0.63488,,13879.00000,440681624.00000,1,0,0,0,0,0,0,12,46,12,2,5480.06700
AllFleetRetreatPanorama,1805,2.27500,1.80780,2.21490,0.63795,,13879.00000,440681624.00000,1,0,0,0,0,0,0,12,46,12,2,5508.04500
AllFleetRetreatPanorama,1806,2.62910,2.55520,2.68390,0.62771,,13879.00000,440681624.00000,1,0,0,0,0,0,0,12,46,12,2,5508.04500
AllFleetRetreatPanorama,1807,2.57870,2.16290,2.51560,0.62976,,13879.00000,440681624.00000,1,0,0,0,0,0,0,12,46,12,2,5508.04500
AllFleetRetreatPanorama,1808,2.38600,2.21890,2.47660,0.86733,,13967.00000,440681624.00000,1,0,0,0,0,0,0,12,46,12,2,5508.04500
AllFleetRetreatPanorama,1809,1.87640,2.68860,1.88120,0.85504,,13879.00000,440681624.00000,1,0,0,0,0,0,0,12,46,12,2,5508.04500
AllFleetRetreatPanorama,1810,1.89200,2.51910,1.84820,1.21651,,13879.00000,440698008.00000,1,0,0,0,0,0,0,12,46,12,2,5508.04500
AllFleetRetreatPanorama,1811,1.86240,2.47990,1.89760,0.63795,,13879.00000,440779928.00000,1,0,0,0,0,0,0,12,46,12,2,5508.04500
AllFleetRetreatPanorama,1812,2.23940,1.88480,2.21310,0.64000,,13879.00000,440763544.00000,1,0,0,0,0,0,0,12,46,12,2,5508.04500
AllFleetRetreatPanorama,1813,2.50490,1.85140,2.51410,0.63795,,13879.00000,440681624.00000,1,0,0,0,0,0,0,12,46,12,2,5508.04500
AllFleetRetreatPanorama,1814,2.06589,1.90110,2.05270,0.64102,,13879.00000,440763544.00000,1,0,0,0,0,0,0,12,46,12,2,5536.02300
AllFleetRetreatPanorama,1815,2.40260,2.21790,2.36000,0.64102,,28727.00000,440765924.00000,1,0,0,0,0,0,0,12,46,12,2,5536.02300
AllFleetRetreatPanorama,1816,2.23000,2.51730,2.26530,1.41824,,13879.00000,440684004.00000,1,0,0,0,0,0,0,12,46,12,2,5536.02300
AllFleetRetreatPanorama,1817,2.07860,2.05810,2.07020,0.64922,,13879.00000,440684004.00000,1,0,0,0,0,0,0,12,46,12,2,5536.02300
AllFleetRetreatPanorama,1818,2.01850,2.36480,2.02590,0.64102,,13879.00000,440684004.00000,1,0,0,0,0,0,0,12,46,12,2,5536.02300
AllFleetRetreatPanorama,1819,2.80480,2.27090,2.76870,0.64922,,13879.00000,440684004.00000,1,0,0,0,0,0,0,12,46,12,2,5536.02300
AllFleetRetreatPanorama,1820,1.91650,2.07670,1.91030,0.65024,,13879.00000,440684004.00000,1,0,0,0,0,0,0,12,46,12,2,5536.02300
AllFleetRetreatPanorama,1821,1.88061,2.03010,1.91760,0.66560,,13879.00000,440765924.00000,1,0,0,0,0,0,0,12,46,12,2,5536.02300
AllFleetRetreatPanorama,1822,1.93990,2.77440,1.92570,0.64205,,13879.00000,440847844.00000,1,0,0,0,0,0,0,12,46,12,2,5536.02300
AllFleetRetreatPanorama,1823,1.77140,1.91460,1.77810,1.05370,,13879.00000,440765924.00000,1,0,0,0,0,0,0,12,46,12,2,5536.02300
AllFleetRetreatPanorama,1824,1.92670,1.92120,1.91560,1.21856,,13879.00000,440684004.00000,1,0,0,0,0,0,0,12,46,12,2,5564.00100
AllFleetRetreatPanorama,1825,2.71770,1.92960,2.65810,0.63590,,17863.00000,440687224.00000,1,0,0,0,0,0,0,12,46,12,2,5564.00100
AllFleetRetreatPanorama,1826,2.38590,1.78190,2.33200,0.63795,,13879.00000,440687224.00000,1,0,0,0,0,0,0,12,46,12,2,5564.00100
AllFleetRetreatPanorama,1827,3.04450,1.91960,2.96400,0.66662,,13879.00000,440687224.00000,1,0,0,0,0,0,0,12,46,12,2,5564.00100
AllFleetRetreatPanorama,1828,2.60970,2.66230,2.73190,0.64410,,13879.00000,440687224.00000,1,0,0,0,0,0,0,12,46,12,2,5564.00100
AllFleetRetreatPanorama,1829,3.00300,2.33980,2.78760,0.63590,,13879.00000,440687224.00000,1,0,0,0,0,0,0,12,46,12,2,5564.00100
AllFleetRetreatPanorama,1830,3.39020,2.97190,3.57760,0.83354,,13879.00000,440687224.00000,1,0,0,0,0,0,0,12,46,12,2,5564.00100
AllFleetRetreatPanorama,1831,2.43570,2.73930,2.46140,0.63693,,13879.00000,440687224.00000,1,0,0,0,0,0,0,12,46,12,2,5591.98000
AllFleetRetreatPanorama,1832,2.29450,2.79650,2.28660,1.23597,,13879.00000,440687224.00000,1,0,0,0,0,0,0,12,46,12,2,5591.98000
AllFleetRetreatPanorama,1833,2.08580,3.58620,2.04460,0.65946,,13879.00000,440687224.00000,1,0,0,0,0,0,0,12,46,12,2,5591.98000
AllFleetRetreatPanorama,1834,1.90690,2.46750,1.96490,0.65024,,13879.00000,440687224.00000,1,0,0,0,0,0,0,12,46,12,2,5591.98000
AllFleetRetreatPanorama,1835,1.84570,2.29240,1.84510,0.63795,,13879.00000,440703608.00000,1,0,0,0,0,0,0,12,46,12,2,5591.98000
AllFleetRetreatPanorama,1836,1.84250,2.04900,1.83830,0.63181,,13879.00000,440703608.00000,1,0,0,0,0,0,0,12,46,12,2,5591.98000
AllFleetRetreatPanorama,1837,1.83950,1.96840,1.83280,0.63795,,13879.00000,440703608.00000,1,0,0,0,0,0,0,12,46,12,2,5591.98000
AllFleetRetreatPanorama,1838,1.81690,1.84850,1.81750,0.63693,,13879.00000,440703608.00000,1,0,0,0,0,0,0,12,46,12,2,5591.98000
AllFleetRetreatPanorama,1839,2.18790,1.84310,2.05890,0.63590,,13879.00000,440687224.00000,1,0,0,0,0,0,0,12,46,12,2,5591.98000
AllFleetRetreatPanorama,1840,2.30420,1.83780,2.38500,0.64819,,13879.00000,440687224.00000,1,0,0,0,0,0,0,12,46,12,2,5591.98000
AllFleetRetreatPanorama,1841,3.03750,1.82270,3.00150,0.63386,,13879.00000,440687224.00000,1,0,0,0,0,0,0,12,46,12,2,5619.95800
AllFleetRetreatPanorama,1842,3.01890,2.06500,3.03450,0.65024,,16575.00000,440689604.00000,1,0,0,0,0,0,0,12,46,12,2,5619.95800
AllFleetRetreatPanorama,1843,2.76801,2.39140,2.69580,0.64922,,13879.00000,440689604.00000,1,0,0,0,0,0,0,12,46,12,2,5619.95800
AllFleetRetreatPanorama,1844,1.88289,3.00700,1.98130,0.87962,,13879.00000,440689604.00000,1,0,0,0,0,0,0,12,46,12,2,5619.95800
AllFleetRetreatPanorama,1845,2.07760,3.04040,2.07350,0.65536,,13879.00000,440771524.00000,1,0,0,0,0,0,0,12,46,12,2,5619.95800
AllFleetRetreatPanorama,1846,1.99390,2.70220,1.98020,0.64614,,13879.00000,440771524.00000,1,0,0,0,0,0,0,12,46,12,2,5619.95800
AllFleetRetreatPanorama,1847,2.39921,1.98570,2.40590,1.20115,,13879.00000,440689604.00000,1,0,0,0,0,0,0,12,46,12,2,5619.95800
AllFleetRetreatPanorama,1848,2.01020,2.07710,1.96150,0.65331,,13879.00000,440771524.00000,1,0,0,0,0,0,0,12,46,12,2,5619.95800
AllFleetRetreatPanorama,1849,1.77160,1.98500,1.81070,0.63590,,13879.00000,440771524.00000,1,0,0,0,0,0,0,12,46,12,2,5647.93800
AllFleetRetreatPanorama,1850,2.57790,2.41050,2.56000,1.21754,,16575.00000,440691984.00000,1,0,0,0,0,0,0,12,46,12,2,5647.93800
AllFleetRetreatPanorama,1851,1.96550,1.97300,1.97000,0.63693,,13879.00000,440773904.00000,1,0,0,0,0,0,0,12,46,12,2,5647.93800
AllFleetRetreatPanorama,1852,1.85100,1.81470,1.85610,0.63693,,13879.00000,440773904.00000,1,0,0,0,0,0,0,12,46,12,2,5647.93800
AllFleetRetreatPanorama,1853,1.76690,2.56390,1.75670,0.63795,,13879.00000,440691984.00000,1,0,0,0,0,0,0,12,46,12,2,5647.93800
AllFleetRetreatPanorama,1854,2.23330,1.97360,2.17990,0.64922,,13879.00000,440773904.00000,1,0,0,0,0,0,0,12,46,12,2,5647.93800
AllFleetRetreatPanorama,1855,1.96170,1.85950,2.01000,0.64717,,13879.00000,440773904.00000,1,0,0,0,0,0,0,12,46,12,2,5647.93800
AllFleetRetreatPanorama,1856,1.81060,1.76000,1.80740,1.21242,,13879.00000,440773904.00000,1,0,0,0,0,0,0,12,46,12,2,5647.93800
AllFleetRetreatPanorama,1857,1.79300,2.18360,1.78960,0.65126,,13879.00000,440855824.00000,1,0,0,0,0,0,0,12,46,12,2,5647.93800
AllFleetRetreatPanorama,1858,1.80280,2.01420,1.75440,1.07930,,13879.00000,440790288.00000,1,0,0,0,0,0,0,12,46,12,2,5647.93800
AllFleetRetreatPanorama,1859,2.24150,1.81090,2.27460,1.21242,,13879.00000,440708368.00000,1,0,0,0,0,0,0,12,46,12,2,5675.91700
AllFleetRetreatPanorama,1860,2.51460,1.79260,2.47790,0.64205,,13879.00000,440773904.00000,1,0,0,0,0,0,0,12,46,12,2,5675.91700
AllFleetRetreatPanorama,1861,2.65440,1.75720,2.67740,0.64205,,13879.00000,440773904.00000,1,0,0,0,0,0,0,12,46,12,2,5675.91700
AllFleetRetreatPanorama,1862,2.02470,2.27790,1.98540,0.65741,,13879.00000,440773904.00000,1,0,0,0,0,0,0,12,46,12,2,5675.91700
AllFleetRetreatPanorama,1863,2.91780,2.48100,2.91640,1.07213,,13879.00000,440773904.00000,1,0,0,0,0,0,0,12,46,12,2,5675.91700
AllFleetRetreatPanorama,1864,2.53690,2.68480,2.49490,0.85094,,13879.00000,440691984.00000,1,0,0,0,0,0,0,12,46,12,2,5675.91700
AllFleetRetreatPanorama,1865,2.05470,1.98890,2.13090,0.64614,,13879.00000,440708368.00000,1,0,0,0,0,0,0,12,46,12,2,5675.91700
AllFleetRetreatPanorama,1866,1.86960,2.92010,1.82010,0.64717,,13879.00000,440708368.00000,1,0,0,0,0,0,0,12,46,12,2,5675.91700
AllFleetRetreatPanorama,1867,2.08430,2.49880,2.12320,0.64205,,13879.00000,440691984.00000,1,0,0,0,0,0,0,12,46,12,2,5675.91700
AllFleetRetreatPanorama,1868,2.06990,2.13460,2.05710,0.64205,,13879.00000,440773904.00000,1,0,0,0,0,0,0,12,46,12,2,5703.00900
AllFleetRetreatPanorama,1869,2.08580,1.82640,2.04210,0.63283,,16575.00000,440776284.00000,1,0,0,0,0,0,0,12,46,12,2,5703.00900
AllFleetRetreatPanorama,1870,1.79160,2.12690,1.84110,1.22266,,13879.00000,440694364.00000,1,0,0,0,0,0,0,12,46,12,2,5703.00900
AllFleetRetreatPanorama,1871,1.73750,2.06090,1.73650,0.65946,,13879.00000,440776284.00000,1,0,0,0,0,0,0,12,46,12,2,5703.00900
AllFleetRetreatPanorama,1872,1.74670,2.04580,1.74440,0.65024,,13879.00000,440776284.00000,1,0,0,0,0,0,0,12,46,12,2,5703.00900
AllFleetRetreatPanorama,1873,1.72660,1.84470,1.72290,1.23392,,13879.00000,440710748.00000,1,0,0,0,0,0,0,12,46,12,2,5703.00900
AllFleetRetreatPanorama,1874,1.80660,1.73980,1.79890,0.64819,,13879.00000,440710748.00000,1,0,0,0,0,0,0,12,46,12,2,5703.00900
AllFleetRetreatPanorama,1875,1.80450,1.74690,1.77040,0.64717,,13879.00000,440710748.00000,1,0,0,0,0,0,0,12,46,12,2,5703.00900
AllFleetRetreatPanorama,1876,2.01370,1.72590,1.90000,0.63898,,13879.00000,440727132.00000,1,0,0,0,0,0,0,12,46,12,2,5703.00900
AllFleetRetreatPanorama,1877,2.33210,1.80200,2.36290,0.63488,,13879.00000,440710748.00000,1,0,0,0,0,0,0,12,46,12,2,5703.00900
AllFleetRetreatPanorama,1878,2.00930,1.77310,2.11910,0.64614,,13967.00000,440694364.00000,1,0,0,0,0,0,0,12,46,12,2,5703.00900
AllFleetRetreatPanorama,1879,1.98920,1.90290,1.97670,0.62669,,16575.00000,440696744.00000,1,0,0,0,0,0,0,12,46,12,2,5703.00900
AllFleetRetreatPanorama,1880,1.87580,2.36720,1.83450,0.68096,,13879.00000,440696744.00000,1,0,0,0,0,0,0,12,46,12,2,5703.00900
AllFleetRetreatPanorama,1881,1.83310,2.12180,1.85850,0.65229,,13879.00000,440696744.00000,1,0,0,0,0,0,0,12,46,12,2,5703.00900
AllFleetRetreatPanorama,1882,1.84460,1.97930,1.85900,0.64205,,13879.00000,440696744.00000,1,0,0,0,0,0,0,12,46,12,2,5703.00900
AllFleetRetreatPanorama,1883,1.80180,1.83730,1.80120,0.65331,,13879.00000,440696744.00000,1,0,0,0,0,0,0,12,46,12,2,5703.00900
AllFleetRetreatPanorama,1884,2.18560,1.86110,2.12720,0.64102,,13879.00000,440778664.00000,1,0,0,0,0,0,0,12,46,12,2,5703.00900
AllFleetRetreatPanorama,1885,2.69820,1.86160,2.65020,0.65024,,13879.00000,440778664.00000,1,0,0,0,0,0,0,12,46,12,2,5703.00900
AllFleetRetreatPanorama,1886,2.49310,1.80370,2.58120,0.64410,,13879.00000,440696744.00000,1,0,0,0,0,0,0,12,46,12,2,5703.00900
AllFleetRetreatPanorama,1887,2.04590,2.13090,2.01510,0.86733,,13879.00000,440696744.00000,1,0,0,0,0,0,0,12,46,12,2,5703.00900
AllFleetRetreatPanorama,1888,2.06950,2.65560,2.07040,0.63078,,13879.00000,440696744.00000,1,0,0,0,0,0,0,12,46,12,2,5703.00900
AllFleetRetreatPanorama,1889,2.05410,2.58530,2.05190,0.63590,,13879.00000,440778664.00000,1,0,0,0,0,0,0,12,46,12,2,5703.00900
AllFleetRetreatPanorama,1890,1.88560,2.01840,1.87270,0.63898,,13879.00000,440778664.00000,1,0,0,0,0,0,0,12,46,12,2,5703.00900
AllFleetRetreatPanorama,1891,2.07960,2.07480,2.10070,0.63693,,13879.00000,440696744.00000,1,0,0,0,0,0,0,12,46,12,2,5703.00900
AllFleetRetreatPanorama,1892,2.21180,2.05540,2.15600,0.64205,,13879.00000,440778664.00000,1,0,0,0,0,0,0,12,46,12,2,5703.00900
AllFleetRetreatPanorama,1893,1.97740,1.87600,2.03480,0.64819,,13879.00000,440778664.00000,1,0,0,0,0,0,0,12,46,12,2,5703.00900
AllFleetRetreatPanorama,1894,1.88760,2.10390,1.87610,0.63590,,13879.00000,440696744.00000,1,0,0,0,0,0,0,12,46,12,2,5703.00900
AllFleetRetreatPanorama,1895,1.94770,2.16330,1.90690,0.63488,,13931.00000,440778664.00000,1,0,0,0,0,0,0,12,46,12,2,5703.00900
AllFleetRetreatPanorama,1896,1.82810,2.03790,1.87180,0.64307,,13879.00000,440778664.00000,1,0,0,0,0,0,0,12,46,12,2,5703.00900
AllFleetRetreatPanorama,1897,1.81669,1.87940,1.81610,0.64614,,13879.00000,440696744.00000,1,0,0,0,0,0,0,12,46,12,2,5703.00900
AllFleetRetreatPanorama,1898,1.83310,1.90980,1.82100,0.64307,,13879.00000,440696744.00000,1,0,0,0,0,0,0,12,46,12,2,5703.00900
AllFleetRetreatPanorama,1899,2.95840,1.87460,2.83350,0.63590,,16575.00000,440699124.00000,1,0,0,0,0,0,0,12,46,12,2,5703.00900
AllFleetRetreatPanorama,1900,2.44440,1.81880,2.44410,0.64102,,13879.00000,440699124.00000,1,0,0,0,0,0,0,12,46,12,2,5703.00900
AllFleetRetreatPanorama,1901,2.18530,1.82440,2.28390,0.64307,,13879.00000,440781044.00000,1,0,0,0,0,0,0,12,46,12,2,5703.00900
AllFleetRetreatPanorama,1902,1.96630,2.84410,1.96620,0.63078,,13879.00000,440781044.00000,1,0,0,0,0,0,0,12,46,12,2,5703.00900
AllFleetRetreatPanorama,1903,1.88570,2.44890,1.88400,1.22163,,13879.00000,440699124.00000,1,0,0,0,0,0,0,12,46,12,2,5703.00900
AllFleetRetreatPanorama,1904,1.86350,2.28760,1.86490,0.63386,,13879.00000,440781044.00000,1,0,0,0,0,0,0,12,46,12,2,5703.00900
AllFleetRetreatPanorama,1905,1.71410,1.96940,1.71520,0.63795,,13879.00000,440781044.00000,1,0,0,0,0,0,0,12,46,12,2,5703.00900
AllFleetRetreatPanorama,1906,1.82380,1.88790,1.73770,0.82944,,13879.00000,440715508.00000,1,0,0,0,0,0,0,12,46,12,2,5703.00900
AllFleetRetreatPanorama,1907,6.39640,1.86910,6.37500,0.63181,,14079.00000,440715508.00000,1,0,0,0,0,0,0,12,46,12,2,5703.00900
AllFleetRetreatPanorama,1908,3.17660,1.71840,3.24180,0.64307,,33909.00000,440745428.00000,1,0,0,0,0,0,0,12,46,12,2,5703.00900
AllFleetRetreatPanorama,1909,2.10869,1.74160,2.07070,0.63693,,13881.00000,440745428.00000,1,0,0,0,0,0,0,12,46,12,2,5703.00900
AllFleetRetreatPanorama,1910,2.00830,6.38190,2.04820,1.23187,,13881.00000,440705928.00000,1,0,0,0,0,0,0,12,46,12,2,5703.00900
AllFleetRetreatPanorama,1911,1.91470,3.24680,1.91840,0.63078,,13881.00000,440705928.00000,1,0,0,0,0,0,0,12,46,12,2,5703.00900
AllFleetRetreatPanorama,1912,2.03220,2.07480,1.98620,0.63898,,13881.00000,440705928.00000,1,0,0,0,0,0,0,12,46,12,2,5703.00900
AllFleetRetreatPanorama,1913,2.23440,2.05190,2.25660,0.65536,,13881.00000,440705928.00000,1,0,0,0,0,0,0,12,46,12,2,5703.00900
AllFleetRetreatPanorama,1914,1.89140,1.92200,1.86560,0.64102,,13881.00000,440705928.00000,1,0,0,0,0,0,0,12,46,12,2,5703.00900
AllFleetRetreatPanorama,1915,1.89100,1.99010,1.90770,0.64205,,13881.00000,440705928.00000,1,0,0,0,0,0,0,12,46,12,2,5703.00900
AllFleetRetreatPanorama,1916,2.07510,2.26000,2.07730,0.66253,,13881.00000,440705928.00000,1,0,0,0,0,0,0,12,46,12,2,5703.00900
AllFleetRetreatPanorama,1917,1.95300,1.86860,1.96180,0.63693,,13881.00000,440722312.00000,1,0,0,0,0,0,0,12,46,12,2,5703.00900
AllFleetRetreatPanorama,1918,2.02420,1.91220,2.01990,0.64410,,13881.00000,440722312.00000,1,0,0,0,0,0,0,12,46,12,2,5703.00900
AllFleetRetreatPanorama,1919,2.08790,2.08140,2.01960,0.63693,,13881.00000,440722312.00000,1,0,0,0,0,0,0,12,46,12,2,5703.00900
AllFleetRetreatPanorama,1920,2.10780,1.96470,2.17480,0.64717,,13881.00000,440722312.00000,1,0,0,0,0,0,0,12,46,12,2,5703.00900
AllFleetRetreatPanorama,1921,1.89340,2.02310,1.88680,0.65434,,13881.00000,440722312.00000,1,0,0,0,0,0,0,12,46,12,2,5703.00900
AllFleetRetreatPanorama,1922,1.89320,2.02360,1.88930,0.65843,,13881.00000,440722312.00000,1,0,0,0,0,0,0,12,46,12,2,5703.00900
AllFleetRetreatPanorama,1923,1.88170,2.17920,1.88320,0.64410,,13881.00000,440705928.00000,1,0,0,0,0,0,0,12,46,12,2,5703.00900
AllFleetRetreatPanorama,1924,2.08490,1.89080,2.04010,0.64307,,13881.00000,440705928.00000,1,0,0,0,0,0,0,12,46,12,2,5703.00900
AllFleetRetreatPanorama,1925,2.76880,1.89330,2.68140,0.62874,,13881.00000,440705928.00000,1,0,0,0,0,0,0,12,46,12,2,5703.00900
AllFleetRetreatPanorama,1926,2.61680,1.88710,2.71390,0.64717,,16577.00000,440708308.00000,1,0,0,0,0,0,0,12,46,12,2,5703.00900
AllFleetRetreatPanorama,1927,2.38560,2.04430,2.38440,0.64819,,13881.00000,440790228.00000,1,0,0,0,0,0,0,12,46,12,2,5703.00900
AllFleetRetreatPanorama,1928,1.99430,2.68640,1.99750,0.65638,,13881.00000,440872148.00000,1,0,0,0,0,0,0,12,46,12,2,5703.00900
AllFleetRetreatPanorama,1929,1.85210,2.71840,1.84140,0.85811,,13881.00000,440790228.00000,1,0,0,0,0,0,0,12,46,12,2,5703.00900
AllFleetRetreatPanorama,1930,1.90490,2.38830,1.87410,1.23290,,13881.00000,440790228.00000,1,0,0,0,0,0,0,12,46,12,2,5703.00900
AllFleetRetreatPanorama,1931,2.41730,2.00140,2.45210,0.63386,,13881.00000,440806612.00000,1,0,0,0,0,0,0,12,46,12,2,5703.00900
AllFleetRetreatPanorama,1932,2.51650,1.84890,2.50860,0.65126,,13881.00000,440724692.00000,1,0,0,0,0,0,0,12,46,12,2,5703.00900
AllFleetRetreatPanorama,1933,2.01410,1.87760,1.99390,1.20730,,13881.00000,440708308.00000,1,0,0,0,0,0,0,12,46,12,2,5703.00900
AllFleetRetreatPanorama,1934,1.96970,2.45560,1.97030,0.64410,,13881.00000,440708308.00000,1,0,0,0,0,0,0,12,46,12,2,5703.00900
AllFleetRetreatPanorama,1935,2.41020,2.51210,2.37580,0.63693,,16577.00000,440710688.00000,1,0,0,0,0,0,0,12,46,12,2,5703.00900
AllFleetRetreatPanorama,1936,1.85570,2.00050,1.87200,0.63795,,13881.00000,440710688.00000,1,0,0,0,0,0,0,12,46,12,2,5703.00900
AllFleetRetreatPanorama,1937,1.88750,1.97380,1.90960,0.64410,,13881.00000,440710688.00000,1,0,0,0,0,0,0,12,46,12,2,5703.00900
AllFleetRetreatPanorama,1938,1.85410,2.37960,1.84460,0.63590,,13881.00000,440792608.00000,1,0,0,0,0,0,0,12,46,12,2,5703.00900
AllFleetRetreatPanorama,1939,2.00950,1.87620,1.99390,0.65434,,13881.00000,440792608.00000,1,0,0,0,0,0,0,12,46,12,2,5703.00900
AllFleetRetreatPanorama,1940,1.91460,1.91410,1.93060,0.62976,,13881.00000,440710688.00000,1,0,0,0,0,0,0,12,46,12,2,5703.00900
AllFleetRetreatPanorama,1941,1.81890,1.84780,1.77210,0.64614,,13881.00000,440710688.00000,1,0,0,0,0,0,0,12,46,12,2,5703.00900
AllFleetRetreatPanorama,1942,2.28410,1.99810,2.07600,0.64717,,13881.00000,440710688.00000,1,0,0,0,0,0,0,12,46,12,2,5703.00900
AllFleetRetreatPanorama,1943,2.85150,1.93320,3.05760,0.63590,,13881.00000,440710688.00000,1,0,0,0,0,0,0,12,46,12,2,5703.00900
AllFleetRetreatPanorama,1944,2.60730,1.77490,2.59270,0.63590,,13881.00000,440710688.00000,1,0,0,0,0,0,0,12,46,12,2,5703.00900
AllFleetRetreatPanorama,1945,2.81800,2.09050,2.78410,0.65229,,13881.00000,440710688.00000,1,0,0,0,0,0,0,12,46,12,2,5703.00900
AllFleetRetreatPanorama,1946,2.61060,3.06140,2.52470,0.89190,,13881.00000,440710688.00000,1,0,0,0,0,0,0,12,46,12,2,5703.00900
AllFleetRetreatPanorama,1947,3.47450,2.59860,3.58700,0.64000,,19893.00000,440710688.00000,1,0,0,0,0,0,0,12,46,12,2,5703.00900
AllFleetRetreatPanorama,1948,2.85731,2.78880,2.85290,0.63590,,18117.00000,440710688.00000,1,0,0,0,0,0,0,12,46,12,2,5703.00900
AllFleetRetreatPanorama,1949,2.17530,2.53180,2.13590,0.64410,,13881.00000,440792608.00000,1,0,0,0,0,0,0,12,46,12,2,5703.00900
AllFleetRetreatPanorama,1950,2.13430,3.59120,2.16450,0.03482,,13881.00000,440792608.00000,1,0,0,0,0,0,0,12,46,12,2,5703.00900
AllFleetRetreatPanorama,1951,1.94661,2.85750,1.95750,0.03277,,13881.00000,440710688.00000,1,0,0,0,0,0,0,12,46,12,2,5703.00900
AllFleetRetreatPanorama,1952,2.15540,2.14090,2.14090,0.64614,,16577.00000,440794988.00000,1,0,0,0,0,0,0,12,46,12,2,5703.00900
AllFleetRetreatPanorama,1953,1.95180,2.16940,1.96390,0.66560,,13881.00000,440794988.00000,1,0,0,0,0,0,0,12,46,12,2,5703.00900
AllFleetRetreatPanorama,1954,2.04150,1.96160,1.96000,0.70861,,13881.00000,440713068.00000,1,0,0,0,0,0,0,12,46,12,2,5703.00900
AllFleetRetreatPanorama,1955,2.26380,2.14420,2.33180,0.66970,,13881.00000,440794988.00000,1,0,0,0,0,0,0,12,46,12,2,5703.00900
AllFleetRetreatPanorama,1956,2.02229,1.96760,2.00460,0.67891,,13881.00000,440794988.00000,1,0,0,0,0,0,0,12,46,12,2,5703.00900
AllFleetRetreatPanorama,1957,1.95181,1.96350,1.96070,1.26157,,13881.00000,440713068.00000,1,0,0,0,0,0,0,12,46,12,2,5703.00900
AllFleetRetreatPanorama,1958,1.87129,2.33490,1.88150,0.69018,,13881.00000,440794988.00000,1,0,0,0,0,0,0,12,46,12,2,5703.00900
AllFleetRetreatPanorama,1959,2.15960,2.00770,2.07800,0.67072,,13881.00000,440794988.00000,1,0,0,0,0,0,0,12,46,12,2,5703.00900
AllFleetRetreatPanorama,1960,2.14960,1.96360,2.20500,0.66560,,13881.00000,440713068.00000,1,0,0,0,0,0,0,12,46,12,2,5703.00900
AllFleetRetreatPanorama,1961,1.93170,1.88470,1.93990,0.65843,,13881.00000,440794988.00000,1,0,0,0,0,0,0,12,46,12,2,5703.00900
AllFleetRetreatPanorama,1962,1.94470,2.08140,1.94480,0.66458,,16577.00000,440797368.00000,1,0,0,0,0,0,0,12,46,12,2,5703.00900
AllFleetRetreatPanorama,1963,2.29380,2.20910,2.28150,0.66765,,13881.00000,440715448.00000,1,0,0,0,0,0,0,12,46,12,2,5703.00900
AllFleetRetreatPanorama,1964,2.58220,1.94320,2.55190,0.67482,,13881.00000,440715448.00000,1,0,0,0,0,0,0,12,46,12,2,5703.00900
AllFleetRetreatPanorama,1965,2.11120,1.94890,2.14400,0.69427,,13881.00000,440715448.00000,1,0,0,0,0,0,0,12,46,12,2,5703.00900
AllFleetRetreatPanorama,1966,2.10280,2.28520,2.08990,1.28717,,13881.00000,440715448.00000,1,0,0,0,0,0,0,12,46,12,2,5703.00900
AllFleetRetreatPanorama,1967,1.93830,2.55610,1.94360,0.69018,,13881.00000,440715448.00000,1,0,0,0,0,0,0,12,46,12,2,5703.00900
AllFleetRetreatPanorama,1968,2.04130,2.14800,2.03180,0.65843,,13881.00000,440715448.00000,1,0,0,0,0,0,0,12,46,12,2,5703.00900
AllFleetRetreatPanorama,1969,1.90920,2.09360,1.86860,0.68506,,13881.00000,440797368.00000,1,0,0,0,0,0,0,12,46,12,2,5703.00900
AllFleetRetreatPanorama,1970,1.96811,1.94700,1.95590,0.68506,,13881.00000,440797368.00000,1,0,0,0,0,0,0,12,46,12,2,5703.00900
AllFleetRetreatPanorama,1971,6.49120,2.03600,3.26220,0.00000,,13881.00000,440797368.00000,1,0,0,0,0,0,0,12,46,12,2,5703.00900
AllFleetRetreatPanorama,1972,2.21300,1.87270,5.42100,0.65126,,13881.00000,440797368.00000,1,0,0,0,0,0,0,12,46,12,2,5703.00900
AllFleetRetreatPanorama,1973,2.00390,1.96000,2.04970,0.66662,,13881.00000,440797368.00000,1,0,0,0,0,0,0,12,46,12,2,5703.00900
AllFleetRetreatPanorama,1974,1.95950,3.26760,1.96270,0.66765,,13881.00000,440797368.00000,1,0,0,0,0,0,0,12,46,12,2,5703.00900
AllFleetRetreatPanorama,1975,2.83710,5.42590,2.82780,1.26566,,13881.00000,440715448.00000,1,0,0,0,0,0,0,12,46,12,2,5703.00900
AllFleetRetreatPanorama,1976,2.29570,2.05460,2.26140,0.69837,,13881.00000,440797368.00000,1,0,0,0,0,0,0,12,46,12,2,5703.00900
AllFleetRetreatPanorama,1977,2.13050,1.96630,2.08240,0.64717,,13881.00000,440797368.00000,1,0,0,0,0,0,0,12,46,12,2,5703.00900
AllFleetRetreatPanorama,1978,2.34420,2.83260,2.41840,0.69427,,16577.00000,440717828.00000,1,0,0,0,0,0,0,12,46,12,2,5703.00900
AllFleetRetreatPanorama,1979,2.15080,2.26480,2.14730,0.68403,,13881.00000,440717828.00000,1,0,0,0,0,0,0,12,46,12,2,5703.00900
AllFleetRetreatPanorama,1980,2.28600,2.08630,2.25100,0.69837,,13881.00000,440717828.00000,1,0,0,0,0,0,0,12,46,12,2,5703.00900
AllFleetRetreatPanorama,1981,2.45460,2.42230,2.44190,0.66662,,13881.00000,440799748.00000,1,0,0,0,0,0,0,12,46,12,2,5703.00900
AllFleetRetreatPanorama,1982,3.81210,2.15110,3.75080,0.69325,,13881.00000,440799748.00000,1,0,0,0,0,0,0,12,46,12,2,5703.00900
AllFleetRetreatPanorama,1983,2.62560,2.25400,2.69040,0.69325,,13933.00000,440799748.00000,1,0,0,0,0,0,0,12,46,12,2,5703.00900
AllFleetRetreatPanorama,1984,2.51261,2.44520,2.53230,0.66560,,13881.00000,440799748.00000,1,0,0,0,0,0,0,12,46,12,2,5703.00900
AllFleetRetreatPanorama,1985,1.92540,3.75550,1.93110,1.25747,,13881.00000,440734212.00000,1,0,0,0,0,0,0,12,46,12,2,5706.69600
AllFleetRetreatPanorama,1986,2.17300,2.69500,2.17230,0.70349,,13881.00000,440734212.00000,1,0,0,0,0,0,0,12,46,12,2,5706.69600
AllFleetRetreatPanorama,1987,2.37950,2.53640,2.33120,0.66150,,13881.00000,440717828.00000,1,0,0,0,0,0,0,12,46,12,2,5706.69600
AllFleetRetreatPanorama,1988,2.42090,1.93450,2.45780,0.65434,,13881.00000,440799748.00000,1,0,0,0,0,0,0,12,46,12,2,5706.69600
AllFleetRetreatPanorama,1989,1.95660,2.17520,1.95250,0.67994,,13881.00000,440799748.00000,1,0,0,0,0,0,0,12,46,12,2,5706.69600
AllFleetRetreatPanorama,1990,2.04330,2.33490,2.03910,0.67584,,13881.00000,440717828.00000,1,0,0,0,0,0,0,12,46,12,2,5706.69600
AllFleetRetreatPanorama,1991,1.90970,2.46250,1.90200,0.66867,,13881.00000,440734212.00000,1,0,0,0,0,0,0,12,46,12,2,5706.69600
AllFleetRetreatPanorama,1992,1.95110,1.95750,1.90820,0.67584,,13881.00000,440816132.00000,1,0,0,0,0,0,0,12,46,12,2,5706.69600
AllFleetRetreatPanorama,1993,2.01340,2.04320,2.04760,0.66458,,13881.00000,440799748.00000,1,0,0,0,0,0,0,12,46,12,2,5706.69600
AllFleetRetreatPanorama,1994,2.03560,1.90590,2.03340,0.69939,,13881.00000,440734212.00000,1,0,0,0,0,0,0,12,46,12,2,5706.69600
AllFleetRetreatPanorama,1995,1.96130,1.91200,1.96620,0.66662,,13881.00000,440734212.00000,1,0,0,0,0,0,0,12,46,12,2,5733.45400
AllFleetRetreatPanorama,1996,2.73380,2.05260,2.71660,0.67072,,16577.00000,440720208.00000,1,0,0,0,0,0,0,12,46,12,2,5733.45400
AllFleetRetreatPanorama,1997,2.07150,2.03780,2.03600,0.67277,,13881.00000,440802128.00000,1,0,0,0,0,0,0,12,46,12,2,5733.45400
AllFleetRetreatPanorama,1998,1.88360,1.96970,1.91330,0.66970,,13881.00000,440802128.00000,1,0,0,0,0,0,0,12,46,12,2,5733.45400
AllFleetRetreatPanorama,1999,1.85911,2.72050,1.86070,1.28922,,13881.00000,440720208.00000,1,0,0,0,0,0,0,12,46,12,2,5733.45400
AllFleetRetreatPanorama,2000,1.98310,2.03960,1.97300,0.66765,,13881.00000,440802128.00000,1,0,0,0,0,0,0,12,46,12,2,5733.45400
AllFleetRetreatPanorama,2001,4.93369,1.91690,1.75280,0.66765,,13881.00000,440802128.00000,1,0,0,0,0,0,0,12,46,12,2,5733.45400
AllFleetRetreatPanorama,2002,4.44780,1.86430,7.31570,1.28512,,13881.00000,440720208.00000,1,0,0,0,0,0,0,12,46,12,2,5760.22400
AllFleetRetreatPanorama,2003,3.23150,1.97610,3.47470,0.68813,,16577.00000,440722588.00000,1,0,0,0,0,0,0,12,46,12,2,5760.22400
AllFleetRetreatPanorama,2004,2.31070,1.75610,2.31970,0.71168,,13881.00000,440722588.00000,1,0,0,0,0,0,0,12,46,12,2,5760.22400
AllFleetRetreatPanorama,2005,2.10090,7.32790,2.11080,0.69632,,13881.00000,440722588.00000,1,0,0,0,0,0,0,12,46,12,2,5760.22400
AllFleetRetreatPanorama,2006,1.91550,3.48040,1.92920,0.73728,,13881.00000,440804508.00000,1,0,0,0,0,0,0,12,46,12,2,5760.22400
AllFleetRetreatPanorama,2007,2.36570,2.32780,2.29650,0.65126,,13881.00000,440804508.00000,1,0,0,0,0,0,0,12,46,12,2,5760.22400
AllFleetRetreatPanorama,2008,2.36960,2.11450,2.42560,0.67789,,13881.00000,440722588.00000,1,0,0,0,0,0,0,12,46,12,2,5760.22400
AllFleetRetreatPanorama,2009,1.94200,1.93260,1.94430,0.66253,,13881.00000,440722588.00000,1,0,0,0,0,0,0,12,46,12,2,5760.22400
AllFleetRetreatPanorama,2010,2.03780,2.30060,1.96640,0.64717,,13881.00000,440722588.00000,1,0,0,0,0,0,0,12,46,12,2,5760.22400
AllFleetRetreatPanorama,2011,1.98151,2.42910,2.04200,0.65946,,13969.00000,440722588.00000,1,0,0,0,0,0,0,12,46,12,2,5787.00600
AllFleetRetreatPanorama,2012,2.38450,1.94780,2.23540,0.64614,,13881.00000,440738972.00000,1,0,0,0,0,0,0,12,46,12,2,5787.00600
AllFleetRetreatPanorama,2013,2.08880,1.96950,2.23860,0.67686,,13881.00000,440738972.00000,1,0,0,0,0,0,0,12,46,12,2,5787.00600
AllFleetRetreatPanorama,2014,1.88280,2.04610,1.88050,0.65638,,13881.00000,440804508.00000,1,0,0,0,0,0,0,12,46,12,2,5787.00600
AllFleetRetreatPanorama,2015,2.11130,2.24070,2.10870,0.65434,,13881.00000,440804508.00000,1,0,0,0,0,0,0,12,46,12,2,5787.00600
AllFleetRetreatPanorama,2016,1.86230,2.24240,1.85870,0.64922,,13881.00000,440804508.00000,1,0,0,0,0,0,0,12,46,12,2,5787.00600
AllFleetRetreatPanorama,2017,1.95410,1.88490,1.90390,0.66150,,13881.00000,440886428.00000,1,0,0,0,0,0,0,12,46,12,2,5787.00600
AllFleetRetreatPanorama,2018,1.89330,2.11260,1.93780,0.85299,,13881.00000,440804508.00000,1,0,0,0,0,0,0,12,46,12,2,5787.00600
AllFleetRetreatPanorama,2019,1.99390,1.86260,1.90380,0.64000,,13881.00000,440722588.00000,1,0,0,0,0,0,0,12,46,12,2,5787.00600
AllFleetRetreatPanorama,2020,2.86800,1.90770,2.93090,0.64819,,13881.00000,440722588.00000,1,0,0,0,0,0,0,12,46,12,2,5813.79800
AllFleetRetreatPanorama,2021,2.29240,1.94120,2.28270,0.66355,,16577.00000,440724968.00000,1,0,0,0,0,0,0,12,46,12,2,5813.79800
AllFleetRetreatPanorama,2022,2.66340,1.90860,2.62020,0.64410,,13881.00000,440724968.00000,1,0,0,0,0,0,0,12,46,12,2,5813.79800
AllFleetRetreatPanorama,2023,1.96620,2.93600,2.01560,0.66970,,13881.00000,440806888.00000,1,0,0,0,0,0,0,12,46,12,2,5813.79800
AllFleetRetreatPanorama,2024,1.79200,2.28840,1.79180,0.64205,,13881.00000,440806888.00000,1,0,0,0,0,0,0,12,46,12,2,5813.79800
AllFleetRetreatPanorama,2025,1.79900,2.62500,1.77740,0.66662,,13881.00000,440741352.00000,1,0,0,0,0,0,0,12,46,12,2,5813.79800
AllFleetRetreatPanorama,2026,1.83580,2.01920,1.85230,0.63181,,13881.00000,440823272.00000,1,0,0,0,0,0,0,12,46,12,2,5813.79800
AllFleetRetreatPanorama,2027,1.74300,1.79540,1.74520,0.66355,,13881.00000,440806888.00000,1,0,0,0,0,0,0,12,46,12,2,5813.79800
AllFleetRetreatPanorama,2028,2.03860,1.78060,1.98660,0.64819,,13881.00000,440724968.00000,1,0,0,0,0,0,0,12,46,12,2,5813.79800
AllFleetRetreatPanorama,2029,2.21020,1.85540,2.24940,0.65638,,13881.00000,440806888.00000,1,0,0,0,0,0,0,12,46,12,2,5813.79800
AllFleetRetreatPanorama,2030,1.95500,1.74770,1.94180,0.64307,,13881.00000,440806888.00000,1,0,0,0,0,0,0,12,46,12,2,5840.60300
AllFleetRetreatPanorama,2031,2.12120,1.99040,2.11370,1.24211,,16577.00000,440727144.00000,1,0,0,0,0,0,0,12,46,12,2,5840.60300
AllFleetRetreatPanorama,2032,2.29930,2.25320,2.31020,0.65126,,13881.00000,440727348.00000,1,0,0,0,0,0,0,12,46,12,2,5840.60300
AllFleetRetreatPanorama,2033,2.02320,1.94570,1.98400,0.67277,,13881.00000,440727348.00000,1,0,0,0,0,0,0,12,46,12,2,5840.60300
AllFleetRetreatPanorama,2034,1.94180,2.11780,1.97360,0.64922,,13881.00000,440727348.00000,1,0,0,0,0,0,0,12,46,12,2,5840.60300
AllFleetRetreatPanorama,2035,2.24790,2.31360,2.24390,0.65536,,13881.00000,440809268.00000,1,0,0,0,0,0,0,12,46,12,2,5840.60300
AllFleetRetreatPanorama,2036,2.09160,1.98740,2.08880,0.65638,,13881.00000,440809268.00000,1,0,0,0,0,0,0,12,46,12,2,5840.60300
AllFleetRetreatPanorama,2037,2.12630,1.97680,2.06450,0.68096,,13881.00000,440727348.00000,1,0,0,0,0,0,0,12,46,12,2,5840.60300
AllFleetRetreatPanorama,2038,2.26780,2.24760,2.26630,0.64819,,13881.00000,440727348.00000,1,0,0,0,0,0,0,12,46,12,2,5840.60300
AllFleetRetreatPanorama,2039,1.84180,2.09290,1.89140,0.64205,,13881.00000,440727348.00000,1,0,0,0,0,0,0,12,46,12,2,5840.60300
AllFleetRetreatPanorama,2040,1.96650,2.06960,1.92830,0.66662,,13881.00000,440727348.00000,1,0,0,0,0,0,0,12,46,12,2,5867.41800
AllFleetRetreatPanorama,2041,1.93160,2.27030,1.96240,0.67789,,13881.00000,440727348.00000,1,0,0,0,0,0,0,12,46,12,2,5867.41800
AllFleetRetreatPanorama,2042,2.68860,1.89580,2.68260,0.64102,,13881.00000,440727348.00000,1,0,0,0,0,0,0,12,46,12,2,5867.41800
AllFleetRetreatPanorama,2043,1.99130,1.93290,1.94850,0.64614,,13881.00000,440809268.00000,1,0,0,0,0,0,0,12,46,12,2,5867.41800
AllFleetRetreatPanorama,2044,1.78200,1.96610,1.81210,0.65024,,13881.00000,440825652.00000,1,0,0,0,0,0,0,12,46,12,2,5867.41800
AllFleetRetreatPanorama,2045,1.98830,2.68610,1.98760,0.67482,,13881.00000,440825652.00000,1,0,0,0,0,0,0,12,46,12,2,5867.41800
AllFleetRetreatPanorama,2046,1.96910,1.95270,1.94990,0.64614,,13881.00000,440809268.00000,1,0,0,0,0,0,0,12,46,12,2,5867.41800
AllFleetRetreatPanorama,2047,1.89030,1.81620,1.90920,0.62976,,13881.00000,440727348.00000,1,0,0,0,0,0,0,12,46,12,2,5867.41800
AllFleetRetreatPanorama,2048,1.82930,1.99110,1.82540,0.64205,,13881.00000,440727348.00000,1,0,0,0,0,0,0,12,46,12,2,5867.41800
AllFleetRetreatPanorama,2049,1.84220,1.95340,1.80050,0.67891,,13881.00000,440727348.00000,1,0,0,0,0,0,0,12,46,12,2,5867.41800
AllFleetRetreatPanorama,2050,1.91560,1.91350,1.93560,0.65331,,13881.00000,440727348.00000,1,0,0,0,0,0,0,12,46,12,2,5894.24500
AllFleetRetreatPanorama,2051,2.04460,1.82850,2.05140,0.64205,,16577.00000,440746112.00000,1,0,0,0,0,0,0,12,46,12,2,5894.24500
AllFleetRetreatPanorama,2052,1.79750,1.80420,1.79930,0.64205,,13881.00000,440746112.00000,1,0,0,0,0,0,0,12,46,12,2,5894.24500
AllFleetRetreatPanorama,2053,1.84770,1.93890,1.84610,0.66970,,13881.00000,440811648.00000,1,0,0,0,0,0,0,12,46,12,2,5894.24500
AllFleetRetreatPanorama,2054,2.48110,2.05390,2.39420,0.64307,,13881.00000,440811648.00000,1,0,0,0,0,0,0,12,46,12,2,5894.24500
AllFleetRetreatPanorama,2055,2.05660,1.80320,2.12670,0.64410,,13881.00000,440729728.00000,1,0,0,0,0,0,0,12,46,12,2,5894.24500
AllFleetRetreatPanorama,2056,1.86820,1.84940,1.86900,0.63795,,13881.00000,440746112.00000,1,0,0,0,0,0,0,12,46,12,2,5894.24500
AllFleetRetreatPanorama,2057,1.79340,2.39800,1.78960,0.66560,,13881.00000,440746112.00000,1,0,0,0,0,0,0,12,46,12,2,5894.24500
AllFleetRetreatPanorama,2058,2.16830,2.13040,2.15400,0.65638,,13881.00000,440729728.00000,1,0,0,0,0,0,0,12,46,12,2,5894.24500
AllFleetRetreatPanorama,2059,1.91240,1.87280,1.91980,0.64102,,13881.00000,440811648.00000,1,0,0,0,0,0,0,12,46,12,2,5894.24500
AllFleetRetreatPanorama,2060,1.97580,1.79270,1.92530,0.65638,,13881.00000,440811648.00000,1,0,0,0,0,0,0,12,46,12,2,5921.08300
AllFleetRetreatPanorama,2061,2.43970,2.15670,2.45750,0.68096,,13881.00000,440729728.00000,1,0,0,0,0,0,0,12,46,12,2,5921.08300
AllFleetRetreatPanorama,2062,2.35420,1.92350,2.36890,0.65126,,13881.00000,440811648.00000,1,0,0,0,0,0,0,12,46,12,2,5921.08300
AllFleetRetreatPanorama,2063,1.94210,1.92870,1.94520,0.65434,,13881.00000,440811648.00000,1,0,0,0,0,0,0,12,46,12,2,5921.08300
AllFleetRetreatPanorama,2064,1.89330,2.46200,1.88310,0.66048,,13881.00000,440729728.00000,1,0,0,0,0,0,0,12,46,12,2,5921.08300
AllFleetRetreatPanorama,2065,1.84420,2.37210,1.78280,0.66048,,13881.00000,440811648.00000,1,0,0,0,0,0,0,12,46,12,2,5921.08300
AllFleetRetreatPanorama,2066,2.33180,1.94900,2.38460,0.65434,,13881.00000,440811648.00000,1,0,0,0,0,0,0,12,46,12,2,5921.08300
AllFleetRetreatPanorama,2067,2.27140,1.88640,2.27350,0.65331,,13881.00000,440729728.00000,1,0,0,0,0,0,0,12,46,12,2,5921.08300
AllFleetRetreatPanorama,2068,2.02440,1.78700,1.98210,0.65229,,13881.00000,440729728.00000,1,0,0,0,0,0,0,12,46,12,2,5921.08300
AllFleetRetreatPanorama,2069,2.00460,2.38790,2.04120,0.67584,,13881.00000,440729728.00000,1,0,0,0,0,0,0,12,46,12,2,5947.93100
AllFleetRetreatPanorama,2070,2.46430,2.27760,2.42070,0.65229,,16577.00000,440732108.00000,1,0,0,0,0,0,0,12,46,12,2,5947.93100
AllFleetRetreatPanorama,2071,1.94931,1.98650,1.96010,0.65843,,13881.00000,440732108.00000,1,0,0,0,0,0,0,12,46,12,2,5947.93100
AllFleetRetreatPanorama,2072,2.03299,2.04540,2.05950,0.65331,,13881.00000,440732108.00000,1,0,0,0,0,0,0,12,46,12,2,5947.93100
AllFleetRetreatPanorama,2073,2.13920,2.42430,2.12880,0.66253,,13881.00000,440814028.00000,1,0,0,0,0,0,0,12,46,12,2,5947.93100
AllFleetRetreatPanorama,2074,2.16001,1.96350,2.14520,0.65024,,13881.00000,440814028.00000,1,0,0,0,0,0,0,12,46,12,2,5947.93100
AllFleetRetreatPanorama,2075,2.48750,2.06220,2.15490,0.65434,,13881.00000,440732108.00000,1,0,0,0,0,0,0,12,46,12,2,5947.93100
AllFleetRetreatPanorama,2076,2.41949,2.13300,2.75310,0.65536,,13933.00000,440732108.00000,1,0,0,0,0,0,0,12,46,12,2,5947.93100
AllFleetRetreatPanorama,2077,1.86700,2.15010,1.82070,0.68096,,13881.00000,440814028.00000,1,0,0,0,0,0,0,12,46,12,2,5947.93100
AllFleetRetreatPanorama,2078,2.81390,2.16180,2.77710,0.65126,,13881.00000,440814028.00000,1,0,0,0,0,0,0,12,46,12,2,5974.78900
AllFleetRetreatPanorama,2079,2.43340,2.75710,2.47100,0.65024,,16577.00000,440734488.00000,1,0,0,0,0,0,0,12,46,12,2,5974.78900
AllFleetRetreatPanorama,2080,2.47660,1.82540,2.43910,0.63795,,13881.00000,440734488.00000,1,0,0,0,0,0,0,12,46,12,2,5974.78900
AllFleetRetreatPanorama,2081,2.35030,2.78180,2.35360,0.68710,,13881.00000,440816408.00000,1,0,0,0,0,0,0,12,46,12,2,5974.78900
AllFleetRetreatPanorama,2082,2.60320,2.47500,2.58280,0.63386,,13881.00000,440816408.00000,1,0,0,0,0,0,0,12,46,12,2,5974.78900
AllFleetRetreatPanorama,2083,2.15020,2.44430,2.20810,1.23290,,13969.00000,440734488.00000,1,0,0,0,0,0,0,12,46,12,2,5974.78900
AllFleetRetreatPanorama,2084,1.95270,2.36330,1.91570,0.86323,,13881.00000,440734488.00000,1,0,0,0,0,0,0,12,46,12,2,5974.78900
AllFleetRetreatPanorama,2085,2.12540,2.58830,2.11510,0.67277,,13881.00000,440734488.00000,1,0,0,0,0,0,0,12,46,12,2,5974.78900
AllFleetRetreatPanorama,2086,1.98450,2.21200,2.01720,0.65024,,13881.00000,440734488.00000,1,0,0,0,0,0,0,12,46,12,2,5974.78900
AllFleetRetreatPanorama,2087,2.14401,1.91970,2.11430,0.64819,,13881.00000,440734488.00000,1,0,0,0,0,0,0,12,46,12,2,6001.65800
AllFleetRetreatPanorama,2088,2.77440,2.11860,2.13870,0.64102,,13881.00000,440734488.00000,1,0,0,0,0,0,0,12,46,12,2,6001.65800
AllFleetRetreatPanorama,2089,2.30290,2.02060,2.93990,0.69734,,13881.00000,440734488.00000,1,0,0,0,0,0,0,12,46,12,2,6001.65800
AllFleetRetreatPanorama,2090,2.11631,2.11840,1.94100,0.65229,,13881.00000,440734488.00000,1,0,0,0,0,0,0,12,46,12,2,6001.65800
AllFleetRetreatPanorama,2091,1.96780,2.14310,2.14410,0.93594,,13881.00000,440734488.00000,1,0,0,0,0,0,0,12,46,12,2,6001.65800
AllFleetRetreatPanorama,2092,2.25110,2.94370,2.24530,0.64102,,13881.00000,440734488.00000,1,0,0,0,0,0,0,12,46,12,2,6001.65800
AllFleetRetreatPanorama,2093,2.10380,1.94390,2.09800,0.66970,,13881.00000,440734488.00000,1,0,0,0,0,0,0,12,46,12,2,6001.65800
AllFleetRetreatPanorama,2094,1.94490,2.14780,1.95150,0.64922,,13881.00000,440734488.00000,1,0,0,0,0,0,0,12,46,12,2,6001.65800
AllFleetRetreatPanorama,2095,2.37200,2.24870,2.22690,0.65638,,13881.00000,440734488.00000,1,0,0,0,0,0,0,12,46,12,2,6001.65800
AllFleetRetreatPanorama,2096,2.21020,2.10240,2.34540,0.63590,,13881.00000,440734488.00000,1,0,0,0,0,0,0,12,46,12,2,6028.53800
AllFleetRetreatPanorama,2097,2.15160,1.95490,2.11990,0.67891,,16577.00000,440736868.00000,1,0,0,0,0,0,0,12,46,12,2,6028.53800
AllFleetRetreatPanorama,2098,2.37200,2.23170,2.37800,0.64205,,13881.00000,440736868.00000,1,0,0,0,0,0,0,12,46,12,2,6028.53800
AllFleetRetreatPanorama,2099,2.60440,2.34830,2.62520,0.65331,,13881.00000,440736868.00000,1,0,0,0,0,0,0,12,46,12,2,6028.53800
AllFleetRetreatPanorama,2100,1.99760,2.12390,1.95170,0.63590,,13881.00000,440818788.00000,1,0,0,0,0,0,0,12,46,12,2,6028.53800
AllFleetRetreatPanorama,2101,2.82630,2.38180,2.83060,0.65331,,13881.00000,440818788.00000,1,0,0,0,0,0,0,12,46,12,2,6028.53800
AllFleetRetreatPanorama,2102,2.37669,2.62820,2.40400,0.64205,,13881.00000,440736868.00000,1,0,0,0,0,0,0,12,46,12,2,6028.53800
AllFleetRetreatPanorama,2103,2.14520,1.95450,2.14980,0.64819,,13881.00000,440736868.00000,1,0,0,0,0,0,0,12,46,12,2,6028.53800
AllFleetRetreatPanorama,2104,1.98050,2.83400,1.97600,0.68710,,13881.00000,440736868.00000,1,0,0,0,0,0,0,12,46,12,2,6028.53800
AllFleetRetreatPanorama,2105,1.94660,2.40810,1.89990,0.64819,,13881.00000,440818788.00000,1,0,0,0,0,0,0,12,46,12,2,6055.42800
AllFleetRetreatPanorama,2106,1.87071,2.15380,1.91490,0.66970,,13881.00000,440818788.00000,1,0,0,0,0,0,0,12,46,12,2,6055.42800
AllFleetRetreatPanorama,2107,1.73279,1.97940,1.73130,0.64000,,13881.00000,440753252.00000,1,0,0,0,0,0,0,12,46,12,2,6055.42800
AllFleetRetreatPanorama,2108,2.16120,1.90310,2.14550,0.68403,,13881.00000,440753252.00000,1,0,0,0,0,0,0,12,46,12,2,6055.42800
AllFleetRetreatPanorama,2109,1.78840,1.91760,1.79560,0.63181,,13881.00000,440753252.00000,1,0,0,0,0,0,0,12,46,12,2,6055.42800
AllFleetRetreatPanorama,2110,2.49600,1.73450,2.44700,0.67379,,13881.00000,440753252.00000,1,0,0,0,0,0,0,12,46,12,2,6055.42800
AllFleetRetreatPanorama,2111,1.98380,2.14910,2.02020,0.65638,,13881.00000,440736868.00000,1,0,0,0,0,0,0,12,46,12,2,6055.42800
AllFleetRetreatPanorama,2112,1.78140,1.79820,1.78560,0.67277,,13881.00000,440818788.00000,1,0,0,0,0,0,0,12,46,12,2,6055.42800
AllFleetRetreatPanorama,2113,1.75070,2.45220,1.74840,0.64614,,13881.00000,440818788.00000,1,0,0,0,0,0,0,12,46,12,2,6055.42800
AllFleetRetreatPanorama,2114,1.77620,2.02470,1.77190,0.67686,,13881.00000,440736868.00000,1,0,0,0,0,0,0,12,46,12,2,6055.42800
AllFleetRetreatPanorama,2115,1.74549,1.78850,1.74350,0.63590,,13881.00000,440753252.00000,1,0,0,0,0,0,0,12,46,12,2,6082.32700
AllFleetRetreatPanorama,2116,2.06340,1.75110,2.00990,0.65126,,16577.00000,440753252.00000,1,0,0,0,0,0,0,12,46,12,2,6082.32700
AllFleetRetreatPanorama,2117,1.79070,1.77490,1.83590,0.63590,,13881.00000,440821168.00000,1,0,0,0,0,0,0,12,46,12,2,6082.32700
AllFleetRetreatPanorama,2118,2.01410,1.74700,2.00680,0.65741,,13881.00000,440903088.00000,1,0,0,0,0,0,0,12,46,12,2,6082.32700
AllFleetRetreatPanorama,2119,1.80100,2.01320,1.80160,0.64614,,13881.00000,440821168.00000,1,0,0,0,0,0,0,12,46,12,2,6082.32700
AllFleetRetreatPanorama,2120,1.74630,1.83910,1.74720,1.22266,,13881.00000,440739248.00000,1,0,0,0,0,0,0,12,46,12,2,6082.32700
AllFleetRetreatPanorama,2121,1.85740,2.01070,1.85090,0.65536,,13881.00000,440821168.00000,1,0,0,0,0,0,0,12,46,12,2,6082.32700
AllFleetRetreatPanorama,2122,1.82300,1.80420,1.78180,0.65946,,13881.00000,440821168.00000,1,0,0,0,0,0,0,12,46,12,2,6082.32700
AllFleetRetreatPanorama,2123,1.86570,1.74970,1.89440,0.64102,,13881.00000,440739248.00000,1,0,0,0,0,0,0,12,46,12,2,6082.32700
AllFleetRetreatPanorama,2124,1.82090,1.85390,1.80280,0.64717,,13881.00000,440739248.00000,1,0,0,0,0,0,0,12,46,12,2,6082.32700
AllFleetRetreatPanorama,2125,1.74530,1.78420,1.76300,0.63590,,13881.00000,440821168.00000,1,0,0,0,0,0,0,12,46,12,2,6082.32700
AllFleetRetreatPanorama,2126,1.76480,1.89730,1.76130,0.65843,,13881.00000,440821168.00000,1,0,0,0,0,0,0,12,46,12,2,6109.23600
AllFleetRetreatPanorama,2127,2.16670,1.80650,2.14920,0.63386,,16577.00000,440739248.00000,1,0,0,0,0,0,0,12,46,12,2,6109.23600
AllFleetRetreatPanorama,2128,1.89460,1.76610,1.86820,0.63693,,13881.00000,440823548.00000,1,0,0,0,0,0,0,12,46,12,2,6109.23600
AllFleetRetreatPanorama,2129,1.74030,1.76410,1.77680,0.63078,,13881.00000,440823548.00000,1,0,0,0,0,0,0,12,46,12,2,6109.23600
AllFleetRetreatPanorama,2130,1.73720,2.15290,1.72960,0.64205,,13881.00000,440823548.00000,1,0,0,0,0,0,0,12,46,12,2,6109.23600
AllFleetRetreatPanorama,2131,1.77470,1.87210,1.77430,0.64205,,13881.00000,440905468.00000,1,0,0,0,0,0,0,12,46,12,2,6109.23600
AllFleetRetreatPanorama,2132,1.74830,1.78040,1.74620,0.87654,,13881.00000,440823548.00000,1,0,0,0,0,0,0,12,46,12,2,6109.23600
AllFleetRetreatPanorama,2133,1.95790,1.73290,1.89190,1.24109,,13881.00000,440741628.00000,1,0,0,0,0,0,0,12,46,12,2,6109.23600
AllFleetRetreatPanorama,2134,2.78970,1.77770,2.79510,0.66253,,13881.00000,440741628.00000,1,0,0,0,0,0,0,12,46,12,2,6109.23600
AllFleetRetreatPanorama,2135,2.01080,1.74900,2.05130,0.63693,,13881.00000,440741628.00000,1,0,0,0,0,0,0,12,46,12,2,6109.23600
AllFleetRetreatPanorama,2136,1.86510,1.89550,1.85530,0.64307,,13881.00000,440741628.00000,1,0,0,0,0,0,0,12,46,12,2,6136.15600
AllFleetRetreatPanorama,2137,1.85340,2.79950,1.85560,0.65126,,13881.00000,440823548.00000,1,0,0,0,0,0,0,12,46,12,2,6136.15600
AllFleetRetreatPanorama,2138,1.72920,2.05600,1.73220,0.64205,,13881.00000,440905468.00000,1,0,0,0,0,0,0,12,46,12,2,6136.15600
AllFleetRetreatPanorama,2139,2.12930,1.85920,2.12060,1.21856,,13881.00000,440823548.00000,1,0,0,0,0,0,0,12,46,12,2,6136.15600
AllFleetRetreatPanorama,2140,2.18870,1.85900,2.14180,0.62669,,13881.00000,440741628.00000,1,0,0,0,0,0,0,12,46,12,2,6136.15600
AllFleetRetreatPanorama,2141,1.89931,1.73570,1.94030,0.63283,,13881.00000,440741628.00000,1,0,0,0,0,0,0,12,46,12,2,6136.15600
AllFleetRetreatPanorama,2142,1.88080,2.12450,1.87480,0.65434,,13881.00000,440758012.00000,1,0,0,0,0,0,0,12,46,12,2,6136.15600
AllFleetRetreatPanorama,2143,2.43980,2.14630,2.42520,0.63693,,13881.00000,440758012.00000,1,0,0,0,0,0,0,12,46,12,2,6136.15600
AllFleetRetreatPanorama,2144,1.83080,1.94430,1.84190,0.64922,,13881.00000,440741628.00000,1,0,0,0,0,0,0,12,46,12,2,6136.15600
AllFleetRetreatPanorama,2145,1.77650,1.87910,1.76930,0.63795,,13881.00000,440758012.00000,1,0,0,0,0,0,0,12,46,12,2,6136.15600
AllFleetRetreatPanorama,2146,1.86910,2.42860,1.83050,0.65741,,13881.00000,440758012.00000,1,0,0,0,0,0,0,12,46,12,2,6163.08400
AllFleetRetreatPanorama,2147,2.31930,1.84470,2.34610,0.63795,,16577.00000,440744008.00000,1,0,0,0,0,0,0,12,46,12,2,6163.08400
AllFleetRetreatPanorama,2148,1.98630,1.77240,1.99100,0.64512,,13881.00000,440744008.00000,1,0,0,0,0,0,0,12,46,12,2,6163.08400
AllFleetRetreatPanorama,2149,1.95079,1.83330,1.94510,0.63795,,13881.00000,440825928.00000,1,0,0,0,0,0,0,12,46,12,2,6163.08400
AllFleetRetreatPanorama,2150,2.00250,2.34970,1.97390,0.65843,,13881.00000,440825928.00000,1,0,0,0,0,0,0,12,46,12,2,6163.08400
AllFleetRetreatPanorama,2151,2.13970,1.99430,2.11180,0.64410,,13881.00000,440744008.00000,1,0,0,0,0,0,0,12,46,12,2,6163.08400
AllFleetRetreatPanorama,2152,2.78130,1.94840,2.79160,0.64512,,13881.00000,440744008.00000,1,0,0,0,0,0,0,12,46,12,2,6163.08400
AllFleetRetreatPanorama,2153,2.11860,1.97710,2.14060,0.84480,,13881.00000,440744008.00000,1,0,0,0,0,0,0,12,46,12,2,6163.08400
AllFleetRetreatPanorama,2154,1.88700,2.11610,1.89030,0.65331,,13881.00000,440825928.00000,1,0,0,0,0,0,0,12,46,12,2,6163.08400
AllFleetRetreatPanorama,2155,2.01980,2.79550,2.01740,0.64819,,13881.00000,440907848.00000,1,0,0,0,0,0,0,12,46,12,2,6163.08400
AllFleetRetreatPanorama,2156,1.96260,2.14430,1.86340,0.63795,,13881.00000,440825928.00000,1,0,0,0,0,0,0,12,46,12,2,6190.02200
AllFleetRetreatPanorama,2157,2.01080,1.89390,2.10410,1.19910,,13969.00000,440744008.00000,1,0,0,0,0,0,0,12,46,12,2,6190.02200
AllFleetRetreatPanorama,2158,2.77200,2.02060,2.75190,0.65229,,13881.00000,440744008.00000,1,0,0,0,0,0,0,12,46,12,2,6190.02200
AllFleetRetreatPanorama,2159,2.09650,1.86650,2.10500,0.64922,,13881.00000,440744008.00000,1,0,0,0,0,0,0,12,46,12,2,6190.02200
AllFleetRetreatPanorama,2160,1.80560,2.10790,1.80570,1.21958,,13881.00000,440744008.00000,1,0,0,0,0,0,0,12,46,12,2,6190.02200
AllFleetRetreatPanorama,2161,1.80050,2.75720,1.75780,0.66150,,13881.00000,440760392.00000,1,0,0,0,0,0,0,12,46,12,2,6190.02200
AllFleetRetreatPanorama,2162,1.73150,2.11080,1.76860,0.65229,,13881.00000,440760392.00000,1,0,0,0,0,0,0,12,46,12,2,6190.02200
AllFleetRetreatPanorama,2163,1.72370,1.81050,1.71840,0.63795,,13881.00000,440760392.00000,1,0,0,0,0,0,0,12,46,12,2,6190.02200
AllFleetRetreatPanorama,2164,1.73830,1.76150,1.73510,0.64205,,13881.00000,440842312.00000,1,0,0,0,0,0,0,12,46,12,2,6190.02200
AllFleetRetreatPanorama,2165,1.86110,1.77210,1.80650,0.64819,,13881.00000,440825928.00000,1,0,0,0,0,0,0,12,46,12,2,6190.02200
AllFleetRetreatPanorama,2166,2.20830,1.72220,2.24980,1.22573,,13881.00000,440744008.00000,1,0,0,0,0,0,0,12,46,12,2,6216.97000
AllFleetRetreatPanorama,2167,2.04380,1.73900,1.99370,0.64410,,16577.00000,440825928.00000,1,0,0,0,0,0,0,12,46,12,2,6216.97000
AllFleetRetreatPanorama,2168,1.70680,1.81070,1.75760,0.65434,,13881.00000,440910228.00000,1,0,0,0,0,0,0,12,46,12,2,6216.97000
AllFleetRetreatPanorama,2169,1.80560,2.25350,1.73680,0.63283,,13881.00000,440828308.00000,1,0,0,0,0,0,0,12,46,12,2,6216.97000
AllFleetRetreatPanorama,2170,2.25360,1.99670,2.28950,0.65024,,13881.00000,440828308.00000,1,0,0,0,0,0,0,12,46,12,2,6216.97000
AllFleetRetreatPanorama,2171,2.39630,1.76040,2.41400,0.64102,,13881.00000,440828308.00000,1,0,0,0,0,0,0,12,46,12,2,6216.97000
AllFleetRetreatPanorama,2172,2.04020,1.73960,1.97190,0.63898,,13881.00000,440746388.00000,1,0,0,0,0,0,0,12,46,12,2,6216.97000
AllFleetRetreatPanorama,2173,2.72440,2.29280,2.74290,0.64410,,13881.00000,440746388.00000,1,0,0,0,0,0,0,12,46,12,2,6216.97000
AllFleetRetreatPanorama,2174,2.51730,2.41880,2.50450,0.65229,,13933.00000,440746388.00000,1,0,0,0,0,0,0,12,46,12,2,6216.97000
AllFleetRetreatPanorama,2175,2.44470,1.97550,2.47740,0.65434,,13881.00000,440746388.00000,1,0,0,0,0,0,0,12,46,12,2,6243.92700
AllFleetRetreatPanorama,2176,2.04590,2.74920,2.04670,0.65843,,13881.00000,440746388.00000,1,0,0,0,0,0,0,12,46,12,2,6243.92700
AllFleetRetreatPanorama,2177,2.14940,2.50940,2.09190,0.63386,,13881.00000,440746388.00000,1,0,0,0,0,0,0,12,46,12,2,6243.92700
AllFleetRetreatPanorama,2178,2.27260,2.48120,2.30910,0.66150,,13881.00000,440762772.00000,1,0,0,0,0,0,0,12,46,12,2,6243.92700
AllFleetRetreatPanorama,2179,1.99390,2.05140,1.96500,0.64000,,13881.00000,440762772.00000,1,0,0,0,0,0,0,12,46,12,2,6243.92700
AllFleetRetreatPanorama,2180,2.25210,2.10310,2.26810,0.65229,,13881.00000,440746388.00000,1,0,0,0,0,0,0,12,46,12,2,6243.92700
AllFleetRetreatPanorama,2181,1.95969,2.31360,1.96720,0.64717,,13881.00000,440828308.00000,1,0,0,0,0,0,0,12,46,12,2,6243.92700
AllFleetRetreatPanorama,2182,2.36740,1.96960,2.31930,0.66560,,13881.00000,440828308.00000,1,0,0,0,0,0,0,12,46,12,2,6243.92700
AllFleetRetreatPanorama,2183,1.98660,2.27310,2.02560,1.22675,,13881.00000,440746388.00000,1,0,0,0,0,0,0,12,46,12,2,6243.92700
AllFleetRetreatPanorama,2184,1.94580,1.97100,1.94640,0.64922,,13881.00000,440828308.00000,1,0,0,0,0,0,0,12,46,12,2,6243.92700
AllFleetRetreatPanorama,2185,1.85970,2.32260,1.85760,0.63488,,13881.00000,440828308.00000,1,0,0,0,0,0,0,12,46,12,2,6270.89300
AllFleetRetreatPanorama,2186,2.18230,2.02910,2.17050,1.21139,,16577.00000,440746388.00000,1,0,0,0,0,0,0,12,46,12,2,6270.89300
AllFleetRetreatPanorama,2187,2.27090,1.94970,2.22810,0.64205,,13881.00000,440830688.00000,1,0,0,0,0,0,0,12,46,12,2,6270.89300
AllFleetRetreatPanorama,2188,1.86790,1.86090,1.90750,0.64922,,13881.00000,440830688.00000,1,0,0,0,0,0,0,12,46,12,2,6270.89300
AllFleetRetreatPanorama,2189,2.02150,2.17520,1.99700,1.22778,,13881.00000,440765152.00000,1,0,0,0,0,0,0,12,46,12,2,6270.89300
AllFleetRetreatPanorama,2190,1.82450,2.23240,1.84260,0.66765,,13881.00000,440847072.00000,1,0,0,0,0,0,0,12,46,12,2,6270.89300
AllFleetRetreatPanorama,2191,1.72710,1.91140,1.72940,0.65434,,13881.00000,440830688.00000,1,0,0,0,0,0,0,12,46,12,2,6270.89300
AllFleetRetreatPanorama,2192,2.64470,2.00150,2.57470,1.22573,,13881.00000,440748768.00000,1,0,0,0,0,0,0,12,46,12,2,6270.89300
AllFleetRetreatPanorama,2193,2.20290,1.84610,2.24360,0.64819,,13881.00000,440748768.00000,1,0,0,0,0,0,0,12,46,12,2,6270.89300
AllFleetRetreatPanorama,2194,2.57030,1.73240,2.37360,0.64614,,13881.00000,440748768.00000,1,0,0,0,0,0,0,12,46,12,2,6297.86800
AllFleetRetreatPanorama,2195,2.84200,2.57850,2.98160,0.65946,,16577.00000,440751148.00000,1,0,0,0,0,0,0,12,46,12,2,6297.86800
AllFleetRetreatPanorama,2196,2.19140,2.24950,2.20840,0.63898,,13881.00000,440751148.00000,1,0,0,0,0,0,0,12,46,12,2,6297.86800
AllFleetRetreatPanorama,2197,2.55270,2.38510,2.45500,0.64205,,13881.00000,440751148.00000,1,0,0,0,0,0,0,12,46,12,2,6297.86800
AllFleetRetreatPanorama,2198,1.97750,2.98800,2.05860,0.65024,,13881.00000,440751148.00000,1,0,0,0,0,0,0,12,46,12,2,6297.86800
AllFleetRetreatPanorama,2199,1.90470,2.21360,1.93730,0.87347,,13881.00000,440751148.00000,1,0,0,0,0,0,0,12,46,12,2,6297.86800
AllFleetRetreatPanorama,2200,1.91830,2.45980,1.91090,0.65843,,13881.00000,440751148.00000,1,0,0,0,0,0,0,12,46,12,2,6297.86800
AllFleetRetreatPanorama,2201,2.06120,2.06310,2.05860,0.63795,,13881.00000,440751148.00000,1,0,0,0,0,0,0,12,46,12,2,6297.86800
AllFleetRetreatPanorama,2202,1.93540,1.94070,1.92780,0.64512,,13881.00000,440751148.00000,1,0,0,0,0,0,0,12,46,12,2,6297.86800
AllFleetRetreatPanorama,2203,2.67450,1.91470,2.43820,0.65946,,13881.00000,440751148.00000,1,0,0,0,0,0,0,12,46,12,2,6324.85200
AllFleetRetreatPanorama,2204,2.07490,2.06240,2.31400,0.63795,,13881.00000,440751148.00000,1,0,0,0,0,0,0,12,46,12,2,6324.85200
AllFleetRetreatPanorama,2205,2.04570,1.93100,2.04000,0.65024,,13881.00000,440751148.00000,1,0,0,0,0,0,0,12,46,12,2,6324.85200
AllFleetRetreatPanorama,2206,2.67580,2.44190,2.59510,0.66253,,13881.00000,440751148.00000,1,0,0,0,0,0,0,12,46,12,2,6324.85200
AllFleetRetreatPanorama,2207,2.06710,2.31710,2.14400,0.64307,,13881.00000,440751148.00000,1,0,0,0,0,0,0,12,46,12,2,6324.85200
AllFleetRetreatPanorama,2208,2.48671,2.04340,2.42950,0.64922,,13881.00000,440751148.00000,1,0,0,0,0,0,0,12,46,12,2,6324.85200
AllFleetRetreatPanorama,2209,2.02790,2.59970,2.06100,0.63386,,13881.00000,440833068.00000,1,0,0,0,0,0,0,12,46,12,2,6324.85200
AllFleetRetreatPanorama,2210,1.74290,2.14710,1.75850,0.64410,,13881.00000,440849452.00000,1,0,0,0,0,0,0,12,46,12,2,6324.85200
AllFleetRetreatPanorama,2211,2.00720,2.43380,1.99920,1.22163,,13881.00000,440767532.00000,1,0,0,0,0,0,0,12,46,12,2,6324.85200
AllFleetRetreatPanorama,2212,2.04680,2.06460,2.03660,0.65229,,13881.00000,440751148.00000,1,0,0,0,0,0,0,12,46,12,2,6351.84400
AllFleetRetreatPanorama,2213,2.11790,1.76140,2.11620,0.65126,,16577.00000,440753324.00000,1,0,0,0,0,0,0,12,46,12,2,6351.84400
AllFleetRetreatPanorama,2214,1.90520,2.00250,1.86740,0.65229,,13881.00000,440753528.00000,1,0,0,0,0,0,0,12,46,12,2,6351.84400
AllFleetRetreatPanorama,2215,1.75790,2.04090,1.79580,0.62874,,13881.00000,440835448.00000,1,0,0,0,0,0,0,12,46,12,2,6351.84400
AllFleetRetreatPanorama,2216,2.16740,2.11970,2.11880,0.65126,,13881.00000,440835448.00000,1,0,0,0,0,0,0,12,46,12,2,6351.84400
AllFleetRetreatPanorama,2217,2.68270,1.87170,2.69560,1.21344,,13881.00000,440753528.00000,1,0,0,0,0,0,0,12,46,12,2,6351.84400
AllFleetRetreatPanorama,2218,2.04220,1.79920,2.05900,0.66458,,13881.00000,440835448.00000,1,0,0,0,0,0,0,12,46,12,2,6351.84400
AllFleetRetreatPanorama,2219,2.71621,2.12300,2.59320,0.87859,,13881.00000,440835448.00000,1,0,0,0,0,0,0,12,46,12,2,6351.84400
AllFleetRetreatPanorama,2220,2.15200,2.70060,2.24440,0.65536,,13881.00000,440753528.00000,1,0,0,0,0,0,0,12,46,12,2,6351.84400
AllFleetRetreatPanorama,2221,1.88960,2.06200,1.88350,0.64307,,13881.00000,440753528.00000,1,0,0,0,0,0,0,12,46,12,2,6351.84400
AllFleetRetreatPanorama,2222,1.88540,2.60320,1.90350,0.65126,,13881.00000,440753528.00000,1,0,0,0,0,0,0,12,46,12,2,6378.84600
AllFleetRetreatPanorama,2223,2.41830,2.24820,2.40160,0.63898,,13881.00000,440753528.00000,1,0,0,0,0,0,0,12,46,12,2,6378.84600
AllFleetRetreatPanorama,2224,2.13160,1.88710,2.09360,0.63488,,13881.00000,440753528.00000,1,0,0,0,0,0,0,12,46,12,2,6378.84600
AllFleetRetreatPanorama,2225,1.90689,1.90690,1.94410,0.64205,,13881.00000,440835448.00000,1,0,0,0,0,0,0,12,46,12,2,6378.84600
AllFleetRetreatPanorama,2226,1.84450,2.40780,1.84320,0.65638,,13881.00000,440835448.00000,1,0,0,0,0,0,0,12,46,12,2,6378.84600
AllFleetRetreatPanorama,2227,1.81540,2.09800,1.76850,1.08954,,13881.00000,440769912.00000,1,0,0,0,0,0,0,12,46,12,2,6378.84600
AllFleetRetreatPanorama,2228,1.74900,1.94810,1.79460,0.63693,,13969.00000,440851832.00000,1,0,0,0,0,0,0,12,46,12,2,6378.84600
AllFleetRetreatPanorama,2229,1.77500,1.84660,1.77350,0.66662,,13881.00000,440835448.00000,1,0,0,0,0,0,0,12,46,12,2,6378.84600
AllFleetRetreatPanorama,2230,1.78520,1.77170,1.74490,0.66765,,13881.00000,440753528.00000,1,0,0,0,0,0,0,12,46,12,2,6378.84600
AllFleetRetreatPanorama,2231,2.05860,1.79780,2.04820,0.66458,,13881.00000,440753528.00000,1,0,0,0,0,0,0,12,46,12,2,6378.84600
AllFleetRetreatPanorama,2232,2.38660,1.77640,2.41160,0.65331,,13881.00000,440753528.00000,1,0,0,0,0,0,0,12,46,12,2,6405.85500
AllFleetRetreatPanorama,2233,2.18530,1.74730,2.19410,0.66970,,16577.00000,440837828.00000,1,0,0,0,0,0,0,12,46,12,2,6405.85500
AllFleetRetreatPanorama,2234,1.82600,2.05090,1.82330,0.65536,,13881.00000,440837828.00000,1,0,0,0,0,0,0,12,46,12,2,6405.85500
AllFleetRetreatPanorama,2235,1.94020,2.41600,1.87430,0.64307,,13881.00000,440755908.00000,1,0,0,0,0,0,0,12,46,12,2,6405.85500
AllFleetRetreatPanorama,2236,2.53990,2.19820,2.52450,0.63386,,13881.00000,440755908.00000,1,0,0,0,0,0,0,12,46,12,2,6405.85500
AllFleetRetreatPanorama,2237,2.24160,1.82680,2.29350,0.63488,,13881.00000,440755908.00000,1,0,0,0,0,0,0,12,46,12,2,6405.85500
AllFleetRetreatPanorama,2238,2.79260,1.87700,2.77270,0.65843,,13881.00000,440755908.00000,1,0,0,0,0,0,0,12,46,12,2,6405.85500
AllFleetRetreatPanorama,2239,2.91400,2.53010,2.88530,0.64717,,13881.00000,440755908.00000,1,0,0,0,0,0,0,12,46,12,2,6405.85500
AllFleetRetreatPanorama,2240,2.56950,2.29710,2.61170,0.64000,,13881.00000,440837828.00000,1,0,0,0,0,0,0,12,46,12,2,6432.87500
AllFleetRetreatPanorama,2241,2.35420,2.77920,2.33120,0.88269,,13881.00000,440837828.00000,1,0,0,0,0,0,0,12,46,12,2,6432.87500
AllFleetRetreatPanorama,2242,2.06010,2.88910,2.07610,1.09568,,13881.00000,440755908.00000,1,0,0,0,0,0,0,12,46,12,2,6432.87500
AllFleetRetreatPanorama,2243,2.00590,2.61490,2.00660,0.65331,,13881.00000,440837828.00000,1,0,0,0,0,0,0,12,46,12,2,6432.87500
AllFleetRetreatPanorama,2244,2.17860,2.33780,2.12780,0.62669,,13881.00000,440837828.00000,1,0,0,0,0,0,0,12,46,12,2,6432.87500
AllFleetRetreatPanorama,2245,2.95530,2.07980,2.92200,1.19603,,13881.00000,440755908.00000,1,0,0,0,0,0,0,12,46,12,2,6432.87500
AllFleetRetreatPanorama,2246,2.14560,2.01090,2.20970,0.65434,,13881.00000,440772292.00000,1,0,0,0,0,0,0,12,46,12,2,6432.87500
AllFleetRetreatPanorama,2247,1.87980,2.13260,1.88610,0.63898,,13881.00000,440772292.00000,1,0,0,0,0,0,0,12,46,12,2,6432.87500
AllFleetRetreatPanorama,2248,1.91499,2.92680,1.90410,0.67072,,13881.00000,440755908.00000,1,0,0,0,0,0,0,12,46,12,2,6432.87500
AllFleetRetreatPanorama,2249,1.92900,2.21320,1.88360,0.64307,,13881.00000,440772292.00000,1,0,0,0,0,0,0,12,46,12,2,6432.87500
AllFleetRetreatPanorama,2250,1.89450,1.88900,1.94600,0.65638,,13881.00000,440772292.00000,1,0,0,0,0,0,0,12,46,12,2,6459.90100
AllFleetRetreatPanorama,2251,2.75700,1.90860,2.70220,0.64512,,16577.00000,440758288.00000,1,0,0,0,0,0,0,12,46,12,2,6459.90100
AllFleetRetreatPanorama,2252,2.48999,1.88600,2.52830,0.62669,,13881.00000,440758288.00000,1,0,0,0,0,0,0,12,46,12,2,6459.90100
AllFleetRetreatPanorama,2253,2.34650,1.94840,2.31930,0.63898,,13881.00000,440758288.00000,1,0,0,0,0,0,0,12,46,12,2,6459.90100
AllFleetRetreatPanorama,2254,2.27080,2.70560,2.24860,0.66355,,13881.00000,440840208.00000,1,0,0,0,0,0,0,12,46,12,2,6459.90100
AllFleetRetreatPanorama,2255,1.90270,2.53310,1.94630,0.64307,,13881.00000,440840208.00000,1,0,0,0,0,0,0,12,46,12,2,6459.90100
AllFleetRetreatPanorama,2256,1.97170,2.32370,1.95710,0.66765,,13881.00000,440758288.00000,1,0,0,0,0,0,0,12,46,12,2,6459.90100
AllFleetRetreatPanorama,2257,2.13130,2.25370,2.11550,0.64410,,13881.00000,440840208.00000,1,0,0,0,0,0,0,12,46,12,2,6459.90100
AllFleetRetreatPanorama,2258,2.20980,1.94970,2.12720,0.64307,,13881.00000,440840208.00000,1,0,0,0,0,0,0,12,46,12,2,6459.90100
AllFleetRetreatPanorama,2259,3.80550,1.96070,3.81540,0.84480,,13881.00000,440758288.00000,1,0,0,0,0,0,0,12,46,12,2,6486.93600
AllFleetRetreatPanorama,2260,2.80030,2.11960,2.85230,0.64922,,13881.00000,440758288.00000,1,0,0,0,0,0,0,12,46,12,2,6486.93600
AllFleetRetreatPanorama,2261,2.07090,2.13320,2.07020,0.64614,,13881.00000,440758288.00000,1,0,0,0,0,0,0,12,46,12,2,6486.93600
AllFleetRetreatPanorama,2262,2.15120,3.82250,2.13680,0.66150,,13881.00000,440758288.00000,1,0,0,0,0,0,0,12,46,12,2,6486.93600
AllFleetRetreatPanorama,2263,2.18340,2.86000,2.16510,0.65843,,13881.00000,440758288.00000,1,0,0,0,0,0,0,12,46,12,2,6486.93600
AllFleetRetreatPanorama,2264,4.01090,2.07550,3.92070,0.64819,,13881.00000,440758288.00000,1,0,0,0,0,0,0,12,46,12,2,6486.93600
AllFleetRetreatPanorama,2265,2.24300,2.14150,2.34030,0.63898,,13933.00000,440758288.00000,1,0,0,0,0,0,0,12,46,12,2,6486.93600
AllFleetRetreatPanorama,2266,2.14110,2.17000,2.13220,1.22982,,13881.00000,440758288.00000,1,0,0,0,0,0,0,12,46,12,2,6513.97900
AllFleetRetreatPanorama,2267,2.21190,3.92720,2.20620,0.65229,,16577.00000,440760668.00000,1,0,0,0,0,0,0,12,46,12,2,6513.97900
AllFleetRetreatPanorama,2268,1.97611,2.34600,1.98350,0.64819,,13881.00000,440760668.00000,1,0,0,0,0,0,0,12,46,12,2,6513.97900
AllFleetRetreatPanorama,2269,2.00710,2.13890,1.95590,0.63898,,13881.00000,440842588.00000,1,0,0,0,0,0,0,12,46,12,2,6513.97900
AllFleetRetreatPanorama,2270,1.99290,2.21060,2.03520,0.65536,,13881.00000,440842588.00000,1,0,0,0,0,0,0,12,46,12,2,6513.97900
AllFleetRetreatPanorama,2271,1.91200,1.98800,1.91570,1.22061,,13881.00000,440760668.00000,1,0,0,0,0,0,0,12,46,12,2,6513.97900
AllFleetRetreatPanorama,2272,2.02880,1.96030,2.00510,0.64614,,13881.00000,440842588.00000,1,0,0,0,0,0,0,12,46,12,2,6513.97900
AllFleetRetreatPanorama,2273,2.04280,2.03870,2.05360,0.63078,,13881.00000,440842588.00000,1,0,0,0,0,0,0,12,46,12,2,6513.97900
AllFleetRetreatPanorama,2274,2.19600,1.91940,2.15410,1.24314,,13881.00000,440760668.00000,1,0,0,0,0,0,0,12,46,12,2,6513.97900
AllFleetRetreatPanorama,2275,2.17190,2.00890,2.17220,0.66253,,13881.00000,440760668.00000,1,0,0,0,0,0,0,12,46,12,2,6513.97900
AllFleetRetreatPanorama,2276,2.21100,2.05740,2.18180,0.64819,,13881.00000,440760668.00000,1,0,0,0,0,0,0,12,46,12,2,6541.93000
AllFleetRetreatPanorama,2277,3.04600,2.15730,3.00450,0.64410,,16577.00000,440763048.00000,1,0,0,0,0,0,0,12,46,12,2,6541.93000
AllFleetRetreatPanorama,2278,2.43241,2.17720,2.50680,0.66458,,13881.00000,440763048.00000,1,0,0,0,0,0,0,12,46,12,2,6541.93000
AllFleetRetreatPanorama,2279,2.30500,2.18660,2.21140,0.62874,,13881.00000,440763048.00000,1,0,0,0,0,0,0,12,46,12,2,6541.93000
AllFleetRetreatPanorama,2280,2.78340,3.01260,2.85570,0.64512,,13881.00000,440763048.00000,1,0,0,0,0,0,0,12,46,12,2,6541.93000
AllFleetRetreatPanorama,2281,2.06820,2.51160,2.05820,0.63693,,13881.00000,440779432.00000,1,0,0,0,0,0,0,12,46,12,2,6541.93000
AllFleetRetreatPanorama,2282,2.84890,2.21700,2.80860,1.23187,,13881.00000,440779432.00000,1,0,0,0,0,0,0,12,46,12,2,6541.93000
AllFleetRetreatPanorama,2283,2.00540,2.86220,2.04840,0.64307,,13881.00000,440763048.00000,1,0,0,0,0,0,0,12,46,12,2,6541.93000
AllFleetRetreatPanorama,2284,2.07960,2.06300,2.04160,0.64717,,13881.00000,440763048.00000,1,0,0,0,0,0,0,12,46,12,2,6569.88100
AllFleetRetreatPanorama,2285,2.55640,2.81920,2.54830,0.64512,,15169.00000,440845808.00000,1,0,0,0,0,0,0,12,46,12,2,6569.88100
AllFleetRetreatPanorama,2286,2.88990,2.05160,2.91910,0.65024,,13881.00000,440845808.00000,1,0,0,0,0,0,0,12,46,12,2,6569.88100
AllFleetRetreatPanorama,2287,2.48220,2.04560,2.48610,0.64307,,13881.00000,440845808.00000,1,0,0,0,0,0,0,12,46,12,2,6569.88100
AllFleetRetreatPanorama,2288,2.20410,2.55260,2.17050,0.63898,,13881.00000,440845808.00000,1,0,0,0,0,0,0,12,46,12,2,6569.88100
AllFleetRetreatPanorama,2289,2.02791,2.92440,2.03910,0.88678,,13881.00000,440763888.00000,1,0,0,0,0,0,0,12,46,12,2,6569.88100
AllFleetRetreatPanorama,2290,2.08130,2.49110,2.10260,0.64512,,13881.00000,440845808.00000,1,0,0,0,0,0,0,12,46,12,2,6569.88100
AllFleetRetreatPanorama,2291,1.99510,2.17520,1.96050,0.63078,,13881.00000,440845808.00000,1,0,0,0,0,0,0,12,46,12,2,6569.88100
AllFleetRetreatPanorama,2292,2.08880,2.04480,2.08560,1.23904,,13881.00000,440763888.00000,1,0,0,0,0,0,0,12,46,12,2,6597.83300
AllFleetRetreatPanorama,2293,3.26280,2.10570,3.14890,0.64000,,16577.00000,440766268.00000,1,0,0,0,0,0,0,12,46,12,2,6597.83300
AllFleetRetreatPanorama,2294,2.20930,1.96330,2.34050,0.64819,,13969.00000,440766268.00000,1,0,0,0,0,0,0,12,46,12,2,6597.83300
AllFleetRetreatPanorama,2295,2.38960,2.08850,2.36620,1.23904,,13881.00000,440766268.00000,1,0,0,0,0,0,0,12,46,12,2,6597.83300
AllFleetRetreatPanorama,2296,2.30250,3.15230,2.28310,0.64819,,13881.00000,440766268.00000,1,0,0,0,0,0,0,12,46,12,2,6597.83300
AllFleetRetreatPanorama,2297,2.55670,2.34470,2.55390,0.64205,,13881.00000,440766268.00000,1,0,0,0,0,0,0,12,46,12,2,6597.83300
AllFleetRetreatPanorama,2298,2.32530,2.36990,2.19800,0.65536,,13881.00000,440848188.00000,1,0,0,0,0,0,0,12,46,12,2,6597.83300
AllFleetRetreatPanorama,2299,2.76830,2.28880,2.88300,0.65843,,13881.00000,440848188.00000,1,0,0,0,0,0,0,12,46,12,2,6597.83300
AllFleetRetreatPanorama,2300,2.42190,2.55910,2.43800,1.22573,,13881.00000,440766268.00000,1,0,0,0,0,0,0,12,46,12,2,6624.18500
AllFleetRetreatPanorama,2301,2.36250,2.20360,2.36860,0.64000,,13881.00000,440782652.00000,1,0,0,0,0,0,0,12,46,12,2,6624.18500
AllFleetRetreatPanorama,2302,2.16390,2.88820,2.15200,0.64410,,13881.00000,440782652.00000,1,0,0,0,0,0,0,12,46,12,2,6624.18500
AllFleetRetreatPanorama,2303,2.10380,2.44240,2.05740,0.84275,,13881.00000,440848188.00000,1,0,0,0,0,0,0,12,46,12,2,6624.18500
AllFleetRetreatPanorama,2304,2.06310,2.37310,2.09250,0.64102,,13881.00000,440848188.00000,1,0,0,0,0,0,0,12,46,12,2,6624.18500
AllFleetRetreatPanorama,2305,2.03580,2.15600,1.98960,0.63898,,13881.00000,440766268.00000,1,0,0,0,0,0,0,12,46,12,2,6624.18500
AllFleetRetreatPanorama,2306,2.47600,2.06080,2.51480,0.65229,,13881.00000,440766268.00000,1,0,0,0,0,0,0,12,46,12,2,6624.18500
AllFleetRetreatPanorama,2307,2.50590,2.09630,2.51600,0.64410,,13881.00000,440766268.00000,1,0,0,0,0,0,0,12,46,12,2,6624.18500
AllFleetRetreatPanorama,2308,2.18510,1.99600,2.13360,0.65843,,13881.00000,440766268.00000,1,0,0,0,0,0,0,12,46,12,2,6624.18500
AllFleetRetreatPanorama,2309,2.14950,2.51920,2.19320,0.65024,,13881.00000,440766268.00000,1,0,0,0,0,0,0,12,46,12,2,6624.18500
AllFleetRetreatPanorama,2310,2.26020,2.51920,2.19110,0.65638,,16577.00000,440768648.00000,1,0,0,0,0,0,0,12,46,12,2,6624.18500
AllFleetRetreatPanorama,2311,2.09850,2.13730,2.14200,0.65843,,13881.00000,440850568.00000,1,0,0,0,0,0,0,12,46,12,2,6624.18500
AllFleetRetreatPanorama,2312,2.28220,2.19740,2.27280,0.65024,,13881.00000,440850568.00000,1,0,0,0,0,0,0,12,46,12,2,6624.18500
AllFleetRetreatPanorama,2313,2.50690,2.19380,2.46580,1.23290,,13881.00000,440768648.00000,1,0,0,0,0,0,0,12,46,12,2,6624.18500
AllFleetRetreatPanorama,2314,2.39810,2.14480,2.45590,0.65126,,13881.00000,440850568.00000,1,0,0,0,0,0,0,12,46,12,2,6624.18500
AllFleetRetreatPanorama,2315,2.02170,2.27570,2.02210,0.64307,,13881.00000,440850568.00000,1,0,0,0,0,0,0,12,46,12,2,6624.18500
AllFleetRetreatPanorama,2316,1.90720,2.46980,1.90330,0.64000,,13881.00000,440850568.00000,1,0,0,0,0,0,0,12,46,12,2,6624.18500
AllFleetRetreatPanorama,2317,2.03920,2.46190,2.04000,0.64410,,13881.00000,440866952.00000,1,0,0,0,0,0,0,12,46,12,2,6624.18500
AllFleetRetreatPanorama,2318,1.96530,2.02560,1.90160,0.64512,,13881.00000,440785032.00000,1,0,0,0,0,0,0,12,46,12,2,6624.18500
AllFleetRetreatPanorama,2319,2.12670,1.90680,2.17220,0.90726,,13881.00000,440768648.00000,1,0,0,0,0,0,0,12,46,12,2,6624.18500
AllFleetRetreatPanorama,2320,2.82340,2.04340,2.80240,0.65434,,13881.00000,440768648.00000,1,0,0,0,0,0,0,12,46,12,2,6624.18500
AllFleetRetreatPanorama,2321,2.27210,1.90560,2.28710,0.64922,,13881.00000,440850568.00000,1,0,0,0,0,0,0,12,46,12,2,6624.18500
AllFleetRetreatPanorama,2322,2.22390,2.17580,2.22270,0.66765,,13881.00000,440850568.00000,1,0,0,0,0,0,0,12,46,12,2,6624.18500
AllFleetRetreatPanorama,2323,2.10860,2.80950,2.02470,0.87654,,13881.00000,440768648.00000,1,0,0,0,0,0,0,12,46,12,2,6624.18500
AllFleetRetreatPanorama,2324,2.09880,2.29250,2.11900,0.65946,,13881.00000,440768648.00000,1,0,0,0,0,0,0,12,46,12,2,6624.18500
AllFleetRetreatPanorama,2325,2.61880,2.22790,2.66270,0.63078,,13881.00000,440768648.00000,1,0,0,0,0,0,0,12,46,12,2,6624.18500
AllFleetRetreatPanorama,2326,2.05030,2.03090,2.04000,0.66150,,13881.00000,440785032.00000,1,0,0,0,0,0,0,12,46,12,2,6624.18500
AllFleetRetreatPanorama,2327,2.09310,2.12260,2.09510,0.65024,,13881.00000,440785032.00000,1,0,0,0,0,0,0,12,46,12,2,6624.18500
AllFleetRetreatPanorama,2328,2.19020,2.66620,2.14980,0.64512,,16577.00000,440768648.00000,1,0,0,0,0,0,0,12,46,12,2,6624.18500
AllFleetRetreatPanorama,2329,1.78670,2.04610,1.82870,0.64922,,13881.00000,440852948.00000,1,0,0,0,0,0,0,12,46,12,2,6624.18500
AllFleetRetreatPanorama,2330,2.41990,2.09870,2.40970,0.66458,,13881.00000,440852948.00000,1,0,0,0,0,0,0,12,46,12,2,6624.18500
AllFleetRetreatPanorama,2331,1.88890,2.15350,1.89570,0.63795,,13881.00000,440787412.00000,1,0,0,0,0,0,0,12,46,12,2,6624.18500
AllFleetRetreatPanorama,2332,1.89450,1.83230,1.88180,0.65331,,13881.00000,440787412.00000,1,0,0,0,0,0,0,12,46,12,2,6624.18500
AllFleetRetreatPanorama,2333,2.16680,2.41290,2.10850,0.63898,,13881.00000,440852948.00000,1,0,0,0,0,0,0,12,46,12,2,6624.18500
AllFleetRetreatPanorama,2334,2.28940,1.89850,2.16450,0.64307,,13881.00000,440852948.00000,1,0,0,0,0,0,0,12,46,12,2,6624.18500
AllFleetRetreatPanorama,2335,2.08440,1.88550,2.25550,0.63795,,13881.00000,440771028.00000,1,0,0,0,0,0,0,12,46,12,2,6624.18500
AllFleetRetreatPanorama,2336,1.83440,2.11190,1.83450,0.66458,,13881.00000,440852948.00000,1,0,0,0,0,0,0,12,46,12,2,6624.18500
AllFleetRetreatPanorama,2337,1.82430,2.16840,1.81630,0.63693,,13881.00000,440934868.00000,1,0,0,0,0,0,0,12,46,12,2,6624.18500
AllFleetRetreatPanorama,2338,2.20510,2.25990,2.14650,1.24518,,13881.00000,440934868.00000,1,0,0,0,0,0,0,12,46,12,2,6624.18500
AllFleetRetreatPanorama,2339,1.97900,1.83930,2.02940,0.64102,,13881.00000,440852948.00000,1,0,0,0,0,0,0,12,46,12,2,6624.18500
AllFleetRetreatPanorama,2340,1.92570,1.82240,1.92520,0.87040,,13881.00000,440771028.00000,1,0,0,0,0,0,0,12,46,12,2,6624.18500
AllFleetRetreatPanorama,2341,1.94870,2.15040,1.94370,0.64000,,13881.00000,440787412.00000,1,0,0,0,0,0,0,12,46,12,2,6624.18500
AllFleetRetreatPanorama,2342,2.21130,2.03300,2.17650,0.66458,,13881.00000,440869332.00000,1,0,0,0,0,0,0,12,46,12,2,6624.18500
AllFleetRetreatPanorama,2343,2.13620,1.92810,2.09070,0.62976,,13881.00000,440852948.00000,1,0,0,0,0,0,0,12,46,12,2,6624.18500
AllFleetRetreatPanorama,2344,2.08120,1.94640,2.10790,0.64307,,13881.00000,440771028.00000,1,0,0,0,0,0,0,12,46,12,2,6624.18500
AllFleetRetreatPanorama,2345,2.64020,2.18000,2.66710,0.63590,,13881.00000,440771028.00000,1,0,0,0,0,0,0,12,46,12,2,6624.18500
AllFleetRetreatPanorama,2346,1.95120,2.09500,1.95660,0.68301,,13881.00000,440771028.00000,1,0,0,0,0,0,0,12,46,12,2,6624.18500
AllFleetRetreatPanorama,2347,1.96020,2.11140,1.95520,0.64717,,13881.00000,440771028.00000,1,0,0,0,0,0,0,12,46,12,2,6624.18500
AllFleetRetreatPanorama,2348,2.29780,2.67050,2.25180,0.65126,,16577.00000,440773408.00000,1,0,0,0,0,0,0,12,46,12,2,6624.18500
AllFleetRetreatPanorama,2349,2.26010,1.95900,2.29770,0.65741,,13881.00000,440773408.00000,1,0,0,0,0,0,0,12,46,12,2,6624.18500
AllFleetRetreatPanorama,2350,1.82680,1.95840,1.83120,0.65946,,13881.00000,440773408.00000,1,0,0,0,0,0,0,12,46,12,2,6624.18500
AllFleetRetreatPanorama,2351,1.82370,2.25500,1.82830,0.63078,,13881.00000,440855328.00000,1,0,0,0,0,0,0,12,46,12,2,6624.18500
AllFleetRetreatPanorama,2352,1.91030,2.30060,1.90710,0.63693,,13881.00000,440855328.00000,1,0,0,0,0,0,0,12,46,12,2,6624.18500
AllFleetRetreatPanorama,2353,2.02090,1.83430,2.00000,0.64205,,13881.00000,440773408.00000,1,0,0,0,0,0,0,12,46,12,2,6624.18500
AllFleetRetreatPanorama,2354,1.97990,1.83110,1.95000,0.63795,,13881.00000,440789792.00000,1,0,0,0,0,0,0,12,46,12,2,6624.18500
AllFleetRetreatPanorama,2355,1.79020,1.91010,1.82410,0.64000,,13881.00000,440789792.00000,1,0,0,0,0,0,0,12,46,12,2,6624.18500
AllFleetRetreatPanorama,2356,1.92000,2.00360,1.92150,0.64819,,13933.00000,440789792.00000,1,0,0,0,0,0,0,12,46,12,2,6624.18500
AllFleetRetreatPanorama,2357,2.84870,1.95300,2.76220,0.67277,,13881.00000,440871712.00000,1,0,0,0,0,0,0,12,46,12,2,6624.18500
AllFleetRetreatPanorama,2358,2.79780,1.82660,2.81210,0.66458,,13881.00000,440855328.00000,1,0,0,0,0,0,0,12,46,12,2,6624.18500
AllFleetRetreatPanorama,2359,2.46270,1.92440,2.40850,1.29331,,13881.00000,440789792.00000,1,0,0,0,0,0,0,12,46,12,2,6624.18500
AllFleetRetreatPanorama,2360,2.01170,2.77130,2.09590,0.65229,,13881.00000,440789792.00000,1,0,0,0,0,0,0,12,46,12,2,6624.18500
AllFleetRetreatPanorama,2361,2.11690,2.81730,2.11310,0.66150,,13881.00000,440773408.00000,1,0,0,0,0,0,0,12,46,12,2,6624.18500
AllFleetRetreatPanorama,2362,2.17770,2.41450,2.13670,0.66970,,13881.00000,440855328.00000,1,0,0,0,0,0,0,12,46,12,2,6624.18500
AllFleetRetreatPanorama,2363,1.83010,2.10040,1.87980,0.63898,,13969.00000,440855328.00000,1,0,0,0,0,0,0,12,46,12,2,6624.18500
AllFleetRetreatPanorama,2364,2.26650,2.11740,2.20420,1.21037,,13881.00000,440773408.00000,1,0,0,0,0,0,0,12,46,12,2,6624.18500
AllFleetRetreatPanorama,2365,2.06100,2.14090,2.11000,0.64819,,13881.00000,440855328.00000,1,0,0,0,0,0,0,12,46,12,2,6624.18500
AllFleetRetreatPanorama,2366,2.07230,1.88260,2.06080,0.66048,,16577.00000,440857708.00000,1,0,0,0,0,0,0,12,46,12,2,6624.18500
AllFleetRetreatPanorama,2367,1.87860,2.20830,1.88900,0.65024,,13881.00000,440775788.00000,1,0,0,0,0,0,0,12,46,12,2,6624.18500
AllFleetRetreatPanorama,2368,2.09320,2.11300,2.09250,0.66355,,13881.00000,440857708.00000,1,0,0,0,0,0,0,12,46,12,2,6624.18500
AllFleetRetreatPanorama,2369,1.87530,2.06430,1.84030,0.64512,,13881.00000,440857708.00000,1,0,0,0,0,0,0,12,46,12,2,6624.18500
AllFleetRetreatPanorama,2370,2.07100,1.89150,2.09490,0.65331,,13881.00000,440775788.00000,1,0,0,0,0,0,0,12,46,12,2,6624.18500
AllFleetRetreatPanorama,2371,2.68330,2.09520,2.57160,0.62259,,13881.00000,440775788.00000,1,0,0,0,0,0,0,12,46,12,2,6624.18500
AllFleetRetreatPanorama,2372,2.54810,1.84270,2.63560,0.64614,,13881.00000,440775788.00000,1,0,0,0,0,0,0,12,46,12,2,6624.18500
AllFleetRetreatPanorama,2373,2.24570,2.09810,2.24110,0.63795,,13881.00000,440775788.00000,1,0,0,0,0,0,0,12,46,12,2,6624.18500
AllFleetRetreatPanorama,2374,2.36160,2.58130,2.31850,0.64717,,13881.00000,440775788.00000,1,0,0,0,0,0,0,12,46,12,2,6624.18500
AllFleetRetreatPanorama,2375,2.01560,2.63980,2.05910,0.64307,,13881.00000,440775788.00000,1,0,0,0,0,0,0,12,46,12,2,6624.18500
AllFleetRetreatPanorama,2376,2.28270,2.24490,2.26500,0.65536,,13881.00000,440857708.00000,1,0,0,0,0,0,0,12,46,12,2,6624.18500
AllFleetRetreatPanorama,2377,1.92420,2.32260,1.91890,0.62874,,13881.00000,440857708.00000,1,0,0,0,0,0,0,12,46,12,2,6624.18500
AllFleetRetreatPanorama,2378,2.45291,2.06360,2.43160,1.20934,,13881.00000,440775788.00000,1,0,0,0,0,0,0,12,46,12,2,6624.18500
AllFleetRetreatPanorama,2379,2.54380,2.26870,2.52010,0.63386,,13881.00000,440775788.00000,1,0,0,0,0,0,0,12,46,12,2,6624.18500
AllFleetRetreatPanorama,2380,2.30519,1.92290,2.35500,0.64000,,13881.00000,440775788.00000,1,0,0,0,0,0,0,12,46,12,2,6624.18500
AllFleetRetreatPanorama,2381,2.49140,2.43690,2.44130,0.62976,,13881.00000,440775788.00000,1,0,0,0,0,0,0,12,46,12,2,6624.18500
AllFleetRetreatPanorama,2382,1.85380,2.52550,1.89720,0.62771,,13881.00000,440775788.00000,1,0,0,0,0,0,0,12,46,12,2,6624.18500
AllFleetRetreatPanorama,2383,1.93770,2.35990,1.92780,0.62771,,13881.00000,440775788.00000,1,0,0,0,0,0,0,12,46,12,2,6624.18500
AllFleetRetreatPanorama,2384,2.33000,2.44560,2.28470,0.65638,,13881.00000,440857708.00000,1,0,0,0,0,0,0,12,46,12,2,6624.18500
AllFleetRetreatPanorama,2385,2.23620,1.90100,2.27350,0.64410,,16577.00000,440860088.00000,1,0,0,0,0,0,0,12,46,12,2,6624.18500
AllFleetRetreatPanorama,2386,2.04381,1.93150,2.04960,0.64000,,13881.00000,440778168.00000,1,0,0,0,0,0,0,12,46,12,2,6624.18500
AllFleetRetreatPanorama,2387,1.85619,2.28890,1.85470,0.65434,,13881.00000,440860088.00000,1,0,0,0,0,0,0,12,46,12,2,6624.18500
AllFleetRetreatPanorama,2388,1.78630,2.27700,1.78420,0.64614,,13881.00000,440860088.00000,1,0,0,0,0,0,0,12,46,12,2,6624.18500
AllFleetRetreatPanorama,2389,1.93630,2.05290,1.93140,0.64717,,13881.00000,440778168.00000,1,0,0,0,0,0,0,12,46,12,2,6624.18500
AllFleetRetreatPanorama,2390,1.80750,1.85790,1.76600,0.63386,,13881.00000,440778168.00000,1,0,0,0,0,0,0,12,46,12,2,6624.18500
AllFleetRetreatPanorama,2391,1.86460,1.78680,1.90360,0.62669,,13881.00000,440794552.00000,1,0,0,0,0,0,0,12,46,12,2,6624.18500
AllFleetRetreatPanorama,2392,1.82690,1.93400,1.82390,0.64922,,13881.00000,440794552.00000,1,0,0,0,0,0,0,12,46,12,2,6624.18500
AllFleetRetreatPanorama,2393,2.10400,1.76910,2.06350,0.64717,,13881.00000,440778168.00000,1,0,0,0,0,0,0,12,46,12,2,6624.18500
AllFleetRetreatPanorama,2394,2.67270,1.90620,2.63830,0.65331,,13881.00000,440778168.00000,1,0,0,0,0,0,0,12,46,12,2,6624.18500
AllFleetRetreatPanorama,2395,2.66560,1.82660,2.65010,0.64922,,13881.00000,440778168.00000,1,0,0,0,0,0,0,12,46,12,2,6624.18500
AllFleetRetreatPanorama,2396,2.06270,2.06710,2.10090,0.65434,,13881.00000,440860088.00000,1,0,0,0,0,0,0,12,46,12,2,6624.18500
AllFleetRetreatPanorama,2397,2.14540,2.64360,2.13870,0.65126,,13881.00000,440860088.00000,1,0,0,0,0,0,0,12,46,12,2,6624.18500
AllFleetRetreatPanorama,2398,2.09930,2.65470,2.10780,1.21549,,13881.00000,440778168.00000,1,0,0,0,0,0,0,12,46,12,2,6624.18500
AllFleetRetreatPanorama,2399,2.01520,2.10450,2.02740,0.63488,,13881.00000,440778168.00000,1,0,0,0,0,0,0,12,46,12,2,6624.18500
AllFleetRetreatPanorama,2400,2.04700,2.14300,1.99990,0.63898,,13881.00000,440778168.00000,1,0,0,0,0,0,0,12,46,12,2,6624.18500
AllFleetRetreatPanorama,2401,1.90000,2.11140,1.94150,0.63590,,13881.00000,440778168.00000,1,0,0,0,0,0,0,12,46,12,2,6624.18500
AllFleetRetreatPanorama,2402,1.92790,2.03180,1.92710,0.64512,,13881.00000,440860088.00000,1,0,0,0,0,0,0,12,46,12,2,6624.18500
AllFleetRetreatPanorama,2403,1.85190,2.00400,1.81410,0.65126,,13881.00000,440876472.00000,1,0,0,0,0,0,0,12,46,12,2,6624.18500
AllFleetRetreatPanorama,2404,2.12670,1.94490,2.14940,0.64000,,16577.00000,440813316.00000,1,0,0,0,0,0,0,12,46,12,2,6624.18500
AllFleetRetreatPanorama,2405,1.88050,1.93020,1.88660,0.63488,,13881.00000,440878852.00000,1,0,0,0,0,0,0,12,46,12,2,6624.18500
AllFleetRetreatPanorama,2406,1.87530,1.81730,1.81050,0.87347,,13881.00000,440862468.00000,1,0,0,0,0,0,0,12,46,12,2,6624.18500
AllFleetRetreatPanorama,2407,1.80790,2.15280,1.86820,0.63693,,13881.00000,440780548.00000,1,0,0,0,0,0,0,12,46,12,2,6624.18500
AllFleetRetreatPanorama,2408,2.04280,1.88940,2.01040,0.63898,,13881.00000,440862468.00000,1,0,0,0,0,0,0,12,46,12,2,6624.18500
AllFleetRetreatPanorama,2409,1.97460,1.81390,1.99540,0.63795,,13881.00000,440862468.00000,1,0,0,0,0,0,0,12,46,12,2,6624.18500
AllFleetRetreatPanorama,2410,1.83050,1.87150,1.82950,1.23085,,13881.00000,440780548.00000,1,0,0,0,0,0,0,12,46,12,2,6624.18500
AllFleetRetreatPanorama,2411,1.77750,2.01420,1.77430,0.65126,,13881.00000,440862468.00000,1,0,0,0,0,0,0,12,46,12,2,6624.18500
AllFleetRetreatPanorama,2412,1.75740,2.00000,1.71890,0.64410,,13881.00000,440878852.00000,1,0,0,0,0,0,0,12,46,12,2,6624.18500
AllFleetRetreatPanorama,2413,1.69670,1.83360,1.73090,0.64307,,13881.00000,440796932.00000,1,0,0,0,0,0,0,12,46,12,2,6624.18500
AllFleetRetreatPanorama,2414,1.74540,1.77850,1.74000,0.65434,,13881.00000,440780548.00000,1,0,0,0,0,0,0,12,46,12,2,6624.18500
AllFleetRetreatPanorama,2415,1.83850,1.72250,1.83580,0.64614,,13881.00000,440862468.00000,1,0,0,0,0,0,0,12,46,12,2,6624.18500
AllFleetRetreatPanorama,2416,1.72479,1.73400,1.72510,0.64000,,13881.00000,440862468.00000,1,0,0,0,0,0,0,12,46,12,2,6624.18500
AllFleetRetreatPanorama,2417,2.13560,1.74310,2.10450,0.63898,,13881.00000,440780548.00000,1,0,0,0,0,0,0,12,46,12,2,6624.18500
AllFleetRetreatPanorama,2418,1.85870,1.83900,1.84040,0.64205,,13881.00000,440862468.00000,1,0,0,0,0,0,0,12,46,12,2,6624.18500
AllFleetRetreatPanorama,2419,1.92150,1.72800,1.92990,0.64922,,13881.00000,440862468.00000,1,0,0,0,0,0,0,12,46,12,2,6624.18500
AllFleetRetreatPanorama,2420,2.96850,2.11050,2.96140,1.21958,,13881.00000,440780548.00000,1,0,0,0,0,0,0,12,46,12,2,6624.18500
AllFleetRetreatPanorama,2421,2.32480,1.84340,2.33750,0.62464,,13881.00000,440780548.00000,1,0,0,0,0,0,0,12,46,12,2,6624.18500
AllFleetRetreatPanorama,2422,2.00640,1.93260,1.99490,0.64922,,13881.00000,440796932.00000,1,0,0,0,0,0,0,12,46,12,2,6624.18500
AllFleetRetreatPanorama,2423,2.10430,2.96570,2.06620,0.83046,,13881.00000,440796932.00000,1,0,0,0,0,0,0,12,46,12,2,6624.18500
AllFleetRetreatPanorama,2424,2.39740,2.34030,2.43180,0.64307,,16577.00000,440782928.00000,1,0,0,0,0,0,0,12,46,12,2,6624.18500
AllFleetRetreatPanorama,2425,2.06330,1.99840,2.06790,0.65331,,13881.00000,440782928.00000,1,0,0,0,0,0,0,12,46,12,2,6624.18500
AllFleetRetreatPanorama,2426,1.96499,2.06990,1.95670,0.64819,,13881.00000,440864848.00000,1,0,0,0,0,0,0,12,46,12,2,6624.18500
AllFleetRetreatPanorama,2427,2.16200,2.43550,2.16300,0.64922,,13881.00000,440864848.00000,1,0,0,0,0,0,0,12,46,12,2,6624.18500
AllFleetRetreatPanorama,2428,1.96750,2.07160,1.89780,0.63590,,13881.00000,440782928.00000,1,0,0,0,0,0,0,12,46,12,2,6624.18500
AllFleetRetreatPanorama,2429,1.93200,1.95980,1.99410,0.65126,,13881.00000,440864848.00000,1,0,0,0,0,0,0,12,46,12,2,6624.18500
AllFleetRetreatPanorama,2430,1.74430,2.16550,1.75370,0.64205,,13881.00000,440881232.00000,1,0,0,0,0,0,0,12,46,12,2,6624.18500
AllFleetRetreatPanorama,2431,1.79890,1.90030,1.79600,0.64307,,13881.00000,440799312.00000,1,0,0,0,0,0,0,12,46,12,2,6624.18500
AllFleetRetreatPanorama,2432,2.06730,1.99680,2.04260,0.64819,,13881.00000,440782928.00000,1,0,0,0,0,0,0,12,46,12,2,6624.18500
AllFleetRetreatPanorama,2433,1.78770,1.75640,1.80800,0.64819,,13881.00000,440864848.00000,1,0,0,0,0,0,0,12,46,12,2,6624.18500
AllFleetRetreatPanorama,2434,1.90860,1.79860,1.86690,0.64819,,13881.00000,440864848.00000,1,0,0,0,0,0,0,12,46,12,2,6624.18500
AllFleetRetreatPanorama,2435,1.89490,2.04600,1.84440,0.64205,,13881.00000,440782928.00000,1,0,0,0,0,0,0,12,46,12,2,6624.18500
AllFleetRetreatPanorama,2436,1.86410,1.81100,1.94700,0.65126,,13969.00000,440799312.00000,1,0,0,0,0,0,0,12,46,12,2,6624.18500
AllFleetRetreatPanorama,2437,1.68670,1.87060,1.68540,0.66253,,13881.00000,440799312.00000,1,0,0,0,0,0,0,12,46,12,2,6624.18500
AllFleetRetreatPanorama,2438,2.05120,1.84780,2.04340,0.64717,,13881.00000,440782928.00000,1,0,0,0,0,0,0,12,46,12,2,6624.18500
AllFleetRetreatPanorama,2439,1.80810,1.95070,1.80660,0.63898,,13881.00000,440864848.00000,1,0,0,0,0,0,0,12,46,12,2,6624.18500
AllFleetRetreatPanorama,2440,1.88231,1.68880,1.79640,0.62874,,13881.00000,440864848.00000,1,0,0,0,0,0,0,12,46,12,2,6624.18500
AllFleetRetreatPanorama,2441,2.36240,2.04650,2.43010,1.24416,,13881.00000,440782928.00000,1,0,0,0,0,0,0,12,46,12,2,6624.18500
AllFleetRetreatPanorama,2442,1.90249,1.80970,1.90310,0.65434,,13881.00000,440864848.00000,1,0,0,0,0,0,0,12,46,12,2,6624.18500
AllFleetRetreatPanorama,2443,1.90590,1.80090,1.89570,0.64819,,13881.00000,440864848.00000,1,0,0,0,0,0,0,12,46,12,2,6624.18500
AllFleetRetreatPanorama,2444,1.89540,2.43450,1.89930,1.22778,,13881.00000,440799312.00000,1,0,0,0,0,0,0,12,46,12,2,6624.18500
AllFleetRetreatPanorama,2445,2.21300,1.90680,2.13650,0.65229,,16577.00000,440883612.00000,1,0,0,0,0,0,0,12,46,12,2,6624.18500
AllFleetRetreatPanorama,2446,2.12521,1.89890,2.19670,0.89395,,13881.00000,440867228.00000,1,0,0,0,0,0,0,12,46,12,2,6624.18500
AllFleetRetreatPanorama,2447,1.83250,1.90300,1.82410,0.63795,,13881.00000,440801692.00000,1,0,0,0,0,0,0,12,46,12,2,6624.18500
AllFleetRetreatPanorama,2448,1.98640,2.14140,1.88850,0.65946,,13881.00000,440883612.00000,1,0,0,0,0,0,0,12,46,12,2,6624.18500
AllFleetRetreatPanorama,2449,2.43459,2.20100,2.51420,0.67379,,13881.00000,440867228.00000,1,0,0,0,0,0,0,12,46,12,2,6624.18500
AllFleetRetreatPanorama,2450,2.65700,1.82730,2.60300,1.22982,,13881.00000,440785308.00000,1,0,0,0,0,0,0,12,46,12,2,6624.18500
AllFleetRetreatPanorama,2451,2.03990,1.89540,2.09530,0.64512,,13881.00000,440785308.00000,1,0,0,0,0,0,0,12,46,12,2,6624.18500
AllFleetRetreatPanorama,2452,1.86460,2.51750,1.85850,0.65024,,13881.00000,440801692.00000,1,0,0,0,0,0,0,12,46,12,2,6624.18500
AllFleetRetreatPanorama,2453,1.95400,2.60720,1.94550,0.64819,,13933.00000,440801692.00000,1,0,0,0,0,0,0,12,46,12,2,6624.18500
AllFleetRetreatPanorama,2454,2.43410,2.09840,2.43300,0.63078,,13881.00000,440785308.00000,1,0,0,0,0,0,0,12,46,12,2,6624.18500
AllFleetRetreatPanorama,2455,2.26100,1.86110,2.18490,0.64102,,13881.00000,440785308.00000,1,0,0,0,0,0,0,12,46,12,2,6624.18500
AllFleetRetreatPanorama,2456,2.18640,1.94860,2.25720,0.64717,,13881.00000,440785308.00000,1,0,0,0,0,0,0,12,46,12,2,6624.18500
AllFleetRetreatPanorama,2457,1.90510,2.43640,1.87630,0.64000,,13881.00000,440785308.00000,1,0,0,0,0,0,0,12,46,12,2,6624.18500
AllFleetRetreatPanorama,2458,2.06500,2.19050,2.08640,0.65741,,13881.00000,440785308.00000,1,0,0,0,0,0,0,12,46,12,2,6624.18500
AllFleetRetreatPanorama,2459,2.03819,2.26130,2.03610,0.63898,,13881.00000,440867228.00000,1,0,0,0,0,0,0,12,46,12,2,6624.18500
AllFleetRetreatPanorama,2460,1.92810,1.88010,1.87770,0.63693,,13881.00000,440867228.00000,1,0,0,0,0,0,0,12,46,12,2,6624.18500
AllFleetRetreatPanorama,2461,1.88660,2.09020,1.92700,0.64512,,13881.00000,440785308.00000,1,0,0,0,0,0,0,12,46,12,2,6624.18500
AllFleetRetreatPanorama,2462,2.16330,2.03940,2.16250,0.64614,,13881.00000,440785308.00000,1,0,0,0,0,0,0,12,46,12,2,6624.18500
AllFleetRetreatPanorama,2463,2.37270,1.88160,2.23120,0.64512,,13881.00000,440785308.00000,1,0,0,0,0,0,0,12,46,12,2,6624.18500
AllFleetRetreatPanorama,2464,2.59030,1.93060,2.69520,0.65024,,16577.00000,440785308.00000,1,0,0,0,0,0,0,12,46,12,2,6624.18500
AllFleetRetreatPanorama,2465,1.98900,2.16690,1.91810,0.65741,,13881.00000,440804072.00000,1,0,0,0,0,0,0,12,46,12,2,6624.18500
AllFleetRetreatPanorama,2466,1.96830,2.23730,2.03160,0.87245,,13881.00000,440804072.00000,1,0,0,0,0,0,0,12,46,12,2,6624.18500
AllFleetRetreatPanorama,2467,1.96310,2.70080,1.97580,0.63078,,13881.00000,440787688.00000,1,0,0,0,0,0,0,12,46,12,2,6624.18500
AllFleetRetreatPanorama,2468,2.02040,1.92310,2.01690,0.65331,,13881.00000,440804072.00000,1,0,0,0,0,0,0,12,46,12,2,6624.18500
AllFleetRetreatPanorama,2469,2.01430,2.03650,2.01190,0.65638,,13881.00000,440804072.00000,1,0,0,0,0,0,0,12,46,12,2,6624.18500
AllFleetRetreatPanorama,2470,2.08070,1.97930,2.01870,0.65229,,13881.00000,440787688.00000,1,0,0,0,0,0,0,12,46,12,2,6624.18500
AllFleetRetreatPanorama,2471,2.50880,2.02000,2.56720,0.64717,,13881.00000,440787688.00000,1,0,0,0,0,0,0,12,46,12,2,6624.18500
AllFleetRetreatPanorama,2472,2.03560,2.01470,2.02730,0.64102,,13881.00000,440804072.00000,1,0,0,0,0,0,0,12,46,12,2,6624.18500
AllFleetRetreatPanorama,2473,2.34500,2.02380,2.34080,0.66253,,13881.00000,440804072.00000,1,0,0,0,0,0,0,12,46,12,2,6624.18500
AllFleetRetreatPanorama,2474,1.89400,2.57080,1.89640,0.64410,,13881.00000,440787688.00000,1,0,0,0,0,0,0,12,46,12,2,6624.18500
AllFleetRetreatPanorama,2475,1.98710,2.03080,1.94960,0.63386,,13881.00000,440787688.00000,1,0,0,0,0,0,0,12,46,12,2,6624.18500
AllFleetRetreatPanorama,2476,2.05101,2.34420,2.07270,0.65229,,13881.00000,440787688.00000,1,0,0,0,0,0,0,12,46,12,2,6624.18500
AllFleetRetreatPanorama,2477,1.85339,1.89940,1.86400,0.64307,,13881.00000,440787688.00000,1,0,0,0,0,0,0,12,46,12,2,6624.18500
AllFleetRetreatPanorama,2478,2.27530,1.95210,2.24780,0.65331,,13881.00000,440787688.00000,1,0,0,0,0,0,0,12,46,12,2,6624.18500
AllFleetRetreatPanorama,2479,1.87380,2.07610,1.89470,0.64205,,13881.00000,440804072.00000,1,0,0,0,0,0,0,12,46,12,2,6624.18500
AllFleetRetreatPanorama,2480,2.03110,1.86650,1.94870,0.64102,,13881.00000,440804072.00000,1,0,0,0,0,0,0,12,46,12,2,6624.18500
AllFleetRetreatPanorama,2481,2.10000,2.25130,2.13710,0.65126,,13881.00000,440787688.00000,1,0,0,0,0,0,0,12,46,12,2,6624.18500
AllFleetRetreatPanorama,2482,2.07600,1.89900,2.07150,0.65741,,13881.00000,440787688.00000,1,0,0,0,0,0,0,12,46,12,2,6624.18500
AllFleetRetreatPanorama,2483,2.07340,1.95190,2.10640,0.64410,,13881.00000,440787688.00000,1,0,0,0,0,0,0,12,46,12,2,6624.18500
AllFleetRetreatPanorama,2484,1.94870,2.14050,1.94870,0.64512,,13881.00000,440787688.00000,1,0,0,0,0,0,0,12,46,12,2,6624.18500
AllFleetRetreatPanorama,2485,1.98800,2.07580,1.92610,0.68301,,13881.00000,440787688.00000,1,0,0,0,0,0,0,12,46,12,2,6624.18500
AllFleetRetreatPanorama,2486,2.12910,2.11020,2.17260,0.65741,,13881.00000,440787688.00000,1,0,0,0,0,0,0,12,46,12,2,6624.18500
AllFleetRetreatPanorama,2487,2.27230,1.95180,2.25210,0.66458,,13881.00000,440787688.00000,1,0,0,0,0,0,0,12,46,12,2,6624.18500
AllFleetRetreatPanorama,2488,1.84770,1.92960,1.86130,0.65843,,13881.00000,440787688.00000,1,0,0,0,0,0,0,12,46,12,2,6624.18500
AllFleetRetreatPanorama,2489,1.84210,2.17750,1.84330,0.67482,,13881.00000,440787688.00000,1,0,0,0,0,0,0,12,46,12,2,6624.18500
AllFleetRetreatPanorama,2490,1.95630,2.25660,1.90470,0.66355,,13881.00000,440787688.00000,1,0,0,0,0,0,0,12,46,12,2,6624.18500
AllFleetRetreatPanorama,2491,1.81550,1.86520,1.86000,0.65331,,13881.00000,440787688.00000,1,0,0,0,0,0,0,12,46,12,2,6624.18500
AllFleetRetreatPanorama,2492,2.10790,1.84700,2.09400,0.64922,,13881.00000,440869608.00000,1,0,0,0,0,0,0,12,46,12,2,6624.18500
AllFleetRetreatPanorama,2493,2.04270,1.90820,2.04390,0.64000,,16577.00000,440871988.00000,1,0,0,0,0,0,0,12,46,12,2,6624.18500
AllFleetRetreatPanorama,2494,3.20330,1.86340,3.19140,0.64102,,13881.00000,440790068.00000,1,0,0,0,0,0,0,12,46,12,2,6624.18500
AllFleetRetreatPanorama,2495,1.98690,2.09780,1.95430,0.65126,,13881.00000,440790068.00000,1,0,0,0,0,0,0,12,46,12,2,6624.18500
AllFleetRetreatPanorama,2496,1.86860,2.04700,1.90170,0.65229,,13881.00000,440790068.00000,1,0,0,0,0,0,0,12,46,12,2,6624.18500
AllFleetRetreatPanorama,2497,1.84200,3.19650,1.84190,0.65024,,13881.00000,440871988.00000,1,0,0,0,0,0,0,12,46,12,2,6624.18500
AllFleetRetreatPanorama,2498,1.74790,1.95810,1.75030,0.64205,,13881.00000,440888372.00000,1,0,0,0,0,0,0,12,46,12,2,6624.18500
AllFleetRetreatPanorama,2499,1.75850,1.90500,1.75090,1.24314,,13881.00000,440888372.00000,1,0,0,0,0,0,0,12,46,12,2,6624.18500
AllFleetRetreatPanorama,2500,1.84350,1.84490,1.84100,0.65434,,13881.00000,440871988.00000,1,0,0,0,0,0,0,12,46,12,2,6624.18500
AllFleetRetreatPanorama,2501,1.79370,1.75300,1.75810,0.63590,,13881.00000,440790068.00000,1,0,0,0,0,0,0,12,46,12,2,6624.18500
AllFleetRetreatPanorama,2502,1.87129,1.75410,1.89700,0.64102,,13881.00000,440790068.00000,1,0,0,0,0,0,0,12,46,12,2,6624.18500
AllFleetRetreatPanorama,2503,1.90480,1.84390,1.90590,0.64102,,13881.00000,440790068.00000,1,0,0,0,0,0,0,12,46,12,2,6624.18500
AllFleetRetreatPanorama,2504,1.77080,1.76110,1.76890,0.64102,,13881.00000,440871988.00000,1,0,0,0,0,0,0,12,46,12,2,6624.18500
AllFleetRetreatPanorama,2505,2.23580,1.90170,2.22620,0.64205,,13881.00000,440871988.00000,1,0,0,0,0,0,0,12,46,12,2,6624.18500
AllFleetRetreatPanorama,2506,2.29860,1.90880,2.21740,0.64819,,13881.00000,440790068.00000,1,0,0,0,0,0,0,12,46,12,2,6624.18500
AllFleetRetreatPanorama,2507,2.11220,1.77220,2.16750,0.63181,,13881.00000,440790068.00000,1,0,0,0,0,0,0,12,46,12,2,6624.18500
AllFleetRetreatPanorama,2508,2.04990,2.22920,2.06980,0.64000,,13881.00000,440790068.00000,1,0,0,0,0,0,0,12,46,12,2,6624.18500
AllFleetRetreatPanorama,2509,2.48780,2.22020,2.40710,0.64000,,13881.00000,440790068.00000,1,0,0,0,0,0,0,12,46,12,2,6624.18500
AllFleetRetreatPanorama,2510,2.02380,2.17060,2.09470,0.63386,,13969.00000,440790068.00000,1,0,0,0,0,0,0,12,46,12,2,6624.18500
AllFleetRetreatPanorama,2511,1.93920,2.07390,1.89670,0.62976,,13881.00000,440871988.00000,1,0,0,0,0,0,0,12,46,12,2,6624.18500
AllFleetRetreatPanorama,2512,2.13070,2.41100,2.16510,0.88371,,16577.00000,440871988.00000,1,0,0,0,0,0,0,12,46,12,2,6624.18500
AllFleetRetreatPanorama,2513,1.91420,2.09790,1.91680,0.63386,,13881.00000,440874368.00000,1,0,0,0,0,0,0,12,46,12,2,6624.18500
AllFleetRetreatPanorama,2514,1.78900,1.90010,1.78890,0.64922,,13881.00000,440874368.00000,1,0,0,0,0,0,0,12,46,12,2,6624.18500
AllFleetRetreatPanorama,2515,1.75150,2.16840,1.75080,0.64819,,13881.00000,440874368.00000,1,0,0,0,0,0,0,12,46,12,2,6624.18500
AllFleetRetreatPanorama,2516,1.85910,1.92050,1.85450,0.65229,,13881.00000,440956288.00000,1,0,0,0,0,0,0,12,46,12,2,6624.18500
AllFleetRetreatPanorama,2517,1.88750,1.79150,1.81600,0.64922,,13881.00000,440874368.00000,1,0,0,0,0,0,0,12,46,12,2,6624.18500
AllFleetRetreatPanorama,2518,2.23780,1.75390,2.29560,0.64922,,13881.00000,440792448.00000,1,0,0,0,0,0,0,12,46,12,2,6624.18500
AllFleetRetreatPanorama,2519,1.84090,1.85760,1.84110,0.65126,,13881.00000,440874368.00000,1,0,0,0,0,0,0,12,46,12,2,6624.18500
AllFleetRetreatPanorama,2520,1.89470,1.81990,1.87630,0.64614,,13881.00000,440874368.00000,1,0,0,0,0,0,0,12,46,12,2,6624.18500
AllFleetRetreatPanorama,2521,1.99020,2.29990,1.99740,0.64307,,13881.00000,440792448.00000,1,0,0,0,0,0,0,12,46,12,2,6624.18500
AllFleetRetreatPanorama,2522,1.78900,1.84520,1.78780,0.64512,,13881.00000,440874368.00000,1,0,0,0,0,0,0,12,46,12,2,6624.18500
AllFleetRetreatPanorama,2523,1.83710,1.88060,1.79900,0.64000,,13881.00000,440890752.00000,1,0,0,0,0,0,0,12,46,12,2,6624.18500
AllFleetRetreatPanorama,2524,1.74030,2.00070,1.76900,0.64410,,13881.00000,440890752.00000,1,0,0,0,0,0,0,12,46,12,2,6624.18500
AllFleetRetreatPanorama,2525,1.80641,1.79040,1.76100,0.64512,,13881.00000,440956288.00000,1,0,0,0,0,0,0,12,46,12,2,6624.18500
AllFleetRetreatPanorama,2526,2.34240,1.80180,2.38640,0.64205,,13881.00000,440874368.00000,1,0,0,0,0,0,0,12,46,12,2,6624.18500
AllFleetRetreatPanorama,2527,1.77030,1.77160,1.76860,0.64000,,13881.00000,440792448.00000,1,0,0,0,0,0,0,12,46,12,2,6624.18500
AllFleetRetreatPanorama,2528,1.83810,1.76410,1.83410,0.65843,,13881.00000,440792448.00000,1,0,0,0,0,0,0,12,46,12,2,6624.18500
AllFleetRetreatPanorama,2529,1.83469,2.38990,1.78950,0.64922,,13881.00000,440792448.00000,1,0,0,0,0,0,0,12,46,12,2,6624.18500
AllFleetRetreatPanorama,2530,2.23640,1.77160,2.27410,0.65331,,13881.00000,440792448.00000,1,0,0,0,0,0,0,12,46,12,2,6624.18500
AllFleetRetreatPanorama,2531,1.93640,1.83690,1.92580,0.64410,,13881.00000,440874368.00000,1,0,0,0,0,0,0,12,46,12,2,6624.18500
AllFleetRetreatPanorama,2532,1.84620,1.79240,1.83310,0.65536,,13881.00000,440874368.00000,1,0,0,0,0,0,0,12,46,12,2,6624.18500
AllFleetRetreatPanorama,2533,2.11880,2.27720,2.07970,0.65434,,16577.00000,440794828.00000,1,0,0,0,0,0,0,12,46,12,2,6624.18500
AllFleetRetreatPanorama,2534,2.16040,1.92970,2.15720,0.63898,,13881.00000,440794828.00000,1,0,0,0,0,0,0,12,46,12,2,6624.18500
AllFleetRetreatPanorama,2535,1.83380,1.83630,1.88450,0.63795,,13881.00000,440794828.00000,1,0,0,0,0,0,0,12,46,12,2,6624.18500
AllFleetRetreatPanorama,2536,2.00980,2.08240,1.92300,0.64205,,13881.00000,440794828.00000,1,0,0,0,0,0,0,12,46,12,2,6624.18500
AllFleetRetreatPanorama,2537,2.36790,2.16070,2.37910,0.63386,,13881.00000,440794828.00000,1,0,0,0,0,0,0,12,46,12,2,6624.18500
AllFleetRetreatPanorama,2538,2.17560,1.88720,2.24170,0.63488,,13881.00000,440794828.00000,1,0,0,0,0,0,0,12,46,12,2,6624.18500
AllFleetRetreatPanorama,2539,1.91160,1.92670,1.86440,0.63693,,13881.00000,440876748.00000,1,0,0,0,0,0,0,12,46,12,2,6624.18500
AllFleetRetreatPanorama,2540,1.87260,2.38160,1.91130,0.64717,,13881.00000,440876748.00000,1,0,0,0,0,0,0,12,46,12,2,6624.18500
AllFleetRetreatPanorama,2541,1.97340,2.24450,1.97040,0.63386,,13881.00000,440794828.00000,1,0,0,0,0,0,0,12,46,12,2,6624.18500
AllFleetRetreatPanorama,2542,1.80381,1.86740,1.80150,0.65229,,13881.00000,440794828.00000,1,0,0,0,0,0,0,12,46,12,2,6624.18500
AllFleetRetreatPanorama,2543,1.94590,1.91450,1.94520,0.64819,,13881.00000,440794828.00000,1,0,0,0,0,0,0,12,46,12,2,6624.18500
AllFleetRetreatPanorama,2544,1.82940,1.97330,1.82480,0.64410,,13881.00000,440811212.00000,1,0,0,0,0,0,0,12,46,12,2,6624.18500
AllFleetRetreatPanorama,2545,2.05930,1.80440,2.00940,0.64512,,13881.00000,440811212.00000,1,0,0,0,0,0,0,12,46,12,2,6624.18500
AllFleetRetreatPanorama,2546,1.78170,1.94810,1.82850,0.64614,,13881.00000,440876748.00000,1,0,0,0,0,0,0,12,46,12,2,6624.18500
AllFleetRetreatPanorama,2547,1.98390,1.82780,1.97070,0.63386,,13881.00000,440876748.00000,1,0,0,0,0,0,0,12,46,12,2,6624.18500
AllFleetRetreatPanorama,2548,2.11050,2.01260,2.10590,0.63795,,13881.00000,440794828.00000,1,0,0,0,0,0,0,12,46,12,2,6624.18500
AllFleetRetreatPanorama,2549,2.23750,1.83120,2.24440,0.63590,,13881.00000,440794828.00000,1,0,0,0,0,0,0,12,46,12,2,6624.18500
AllFleetRetreatPanorama,2550,1.76570,1.97390,1.76540,0.64205,,13881.00000,440876748.00000,1,0,0,0,0,0,0,12,46,12,2,6624.18500
AllFleetRetreatPanorama,2551,1.73610,2.10990,1.68830,0.64307,,13881.00000,440958668.00000,1,0,0,0,0,0,0,12,46,12,2,6624.18500
AllFleetRetreatPanorama,2552,1.79120,2.24770,1.82140,0.64410,,13881.00000,440876748.00000,1,0,0,0,0,0,0,12,46,12,2,6624.18500
AllFleetRetreatPanorama,2553,1.98980,1.76910,1.98140,0.64512,,13933.00000,440876748.00000,1,0,0,0,0,0,0,12,46,12,2,6624.18500
AllFleetRetreatPanorama,2554,2.07210,1.69190,2.06870,0.64102,,16577.00000,440879128.00000,1,0,0,0,0,0,0,12,46,12,2,6624.18500
AllFleetRetreatPanorama,2555,1.82220,1.82530,1.82730,0.64000,,13881.00000,440797208.00000,1,0,0,0,0,0,0,12,46,12,2,6624.18500
AllFleetRetreatPanorama,2556,1.92950,1.98480,1.92960,0.65024,,13881.00000,440879128.00000,1,0,0,0,0,0,0,12,46,12,2,6624.18500
AllFleetRetreatPanorama,2557,2.63270,2.07290,2.45920,0.64819,,13881.00000,440879128.00000,1,0,0,0,0,0,0,12,46,12,2,6624.18500
AllFleetRetreatPanorama,2558,2.32610,1.82990,2.39550,1.21958,,13881.00000,440797208.00000,1,0,0,0,0,0,0,12,46,12,2,6624.18500
AllFleetRetreatPanorama,2559,2.03250,1.93220,2.10360,0.65638,,13881.00000,440797208.00000,1,0,0,0,0,0,0,12,46,12,2,6624.18500
AllFleetRetreatPanorama,2560,1.93231,2.46500,1.93230,0.64205,,13881.00000,440797208.00000,1,0,0,0,0,0,0,12,46,12,2,6624.18500
AllFleetRetreatPanorama,2561,2.02880,2.40010,2.02390,0.64819,,13881.00000,440797208.00000,1,0,0,0,0,0,0,12,46,12,2,6624.18500
AllFleetRetreatPanorama,2562,1.95690,2.10810,1.90110,0.65843,,13881.00000,440797208.00000,1,0,0,0,0,0,0,12,46,12,2,6624.18500
AllFleetRetreatPanorama,2563,2.11840,1.93570,2.17220,0.63795,,13881.00000,440797208.00000,1,0,0,0,0,0,0,12,46,12,2,6624.18500
AllFleetRetreatPanorama,2564,1.91640,2.02860,1.90940,0.64410,,13881.00000,440797208.00000,1,0,0,0,0,0,0,12,46,12,2,6624.18500
AllFleetRetreatPanorama,2565,1.80651,1.90520,1.80830,0.68096,,13881.00000,440813592.00000,1,0,0,0,0,0,0,12,46,12,2,6624.18500
AllFleetRetreatPanorama,2566,1.76270,2.17640,1.76330,0.63795,,13881.00000,440813592.00000,1,0,0,0,0,0,0,12,46,12,2,6624.18500
AllFleetRetreatPanorama,2567,1.74420,1.91400,1.73960,0.65229,,13881.00000,440879128.00000,1,0,0,0,0,0,0,12,46,12,2,6624.18500
AllFleetRetreatPanorama,2568,1.85541,1.81240,1.81520,0.63795,,13881.00000,440961048.00000,1,0,0,0,0,0,0,12,46,12,2,6624.18500
AllFleetRetreatPanorama,2569,1.74459,1.76670,1.78230,0.64819,,13881.00000,440879128.00000,1,0,0,0,0,0,0,12,46,12,2,6624.18500
AllFleetRetreatPanorama,2570,1.77820,1.74300,1.77450,1.21037,,13881.00000,440797208.00000,1,0,0,0,0,0,0,12,46,12,2,6624.18500
AllFleetRetreatPanorama,2571,1.77240,1.81800,1.76830,0.64102,,13881.00000,440879128.00000,1,0,0,0,0,0,0,12,46,12,2,6624.18500
AllFleetRetreatPanorama,2572,1.76630,1.78530,1.76800,0.65331,,13881.00000,440879128.00000,1,0,0,0,0,0,0,12,46,12,2,6624.18500
AllFleetRetreatPanorama,2573,1.95950,1.77730,1.89070,0.64717,,13881.00000,440797208.00000,1,0,0,0,0,0,0,12,46,12,2,6624.18500
AllFleetRetreatPanorama,2574,2.35380,1.77090,2.33840,0.65536,,13881.00000,440797208.00000,1,0,0,0,0,0,0,12,46,12,2,6624.18500
AllFleetRetreatPanorama,2575,1.91440,1.77060,1.96670,0.63795,,13881.00000,440797208.00000,1,0,0,0,0,0,0,12,46,12,2,6624.18500
AllFleetRetreatPanorama,2576,1.89481,1.89550,1.89900,0.64205,,13881.00000,440797208.00000,1,0,0,0,0,0,0,12,46,12,2,6624.18500
AllFleetRetreatPanorama,2577,2.09760,2.34320,2.04960,0.64819,,13881.00000,440797208.00000,1,0,0,0,0,0,0,12,46,12,2,6624.18500
AllFleetRetreatPanorama,2578,2.73260,1.97000,2.73240,0.64102,,13881.00000,440797208.00000,1,0,0,0,0,0,0,12,46,12,2,6624.18500
AllFleetRetreatPanorama,2579,2.56490,1.90210,2.54280,0.64717,,13881.00000,440797208.00000,1,0,0,0,0,0,0,12,46,12,2,6624.18500
AllFleetRetreatPanorama,2580,2.66790,2.05540,2.68660,0.62771,,13881.00000,440797208.00000,1,0,0,0,0,0,0,12,46,12,2,6624.18500
AllFleetRetreatPanorama,2581,2.56590,2.73930,2.58300,0.88474,,13881.00000,440797208.00000,1,0,0,0,0,0,0,12,46,12,2,6624.18500
AllFleetRetreatPanorama,2582,2.33650,2.54850,2.33050,0.66048,,13881.00000,440797208.00000,1,0,0,0,0,0,0,12,46,12,2,6624.18500
AllFleetRetreatPanorama,2583,2.25500,2.69200,2.17470,0.64410,,16577.00000,440799588.00000,1,0,0,0,0,0,0,12,46,12,2,6624.18500
AllFleetRetreatPanorama,2584,2.11960,2.58760,2.09740,0.64410,,13881.00000,440799588.00000,1,0,0,0,0,0,0,12,46,12,2,6624.18500
AllFleetRetreatPanorama,2585,2.55580,2.33530,2.65460,0.64819,,13969.00000,440799588.00000,1,0,0,0,0,0,0,12,46,12,2,6624.18500
AllFleetRetreatPanorama,2586,2.12800,2.17830,2.08760,0.62771,,13881.00000,440799588.00000,1,0,0,0,0,0,0,12,46,12,2,6624.18500
AllFleetRetreatPanorama,2587,2.30030,2.10190,2.32080,1.20730,,13881.00000,440799588.00000,1,0,0,0,0,0,0,12,46,12,2,6624.18500
AllFleetRetreatPanorama,2588,2.33360,2.65890,2.34030,0.65229,,13881.00000,440799588.00000,1,0,0,0,0,0,0,12,46,12,2,6624.18500
AllFleetRetreatPanorama,2589,2.02580,2.09300,1.98520,0.64410,,13881.00000,440799588.00000,1,0,0,0,0,0,0,12,46,12,2,6624.18500
AllFleetRetreatPanorama,2590,2.23300,2.32570,2.26690,0.65024,,13881.00000,440799588.00000,1,0,0,0,0,0,0,12,46,12,2,6624.18500
AllFleetRetreatPanorama,2591,1.90570,2.34440,1.90370,0.63181,,13881.00000,440799588.00000,1,0,0,0,0,0,0,12,46,12,2,6624.18500
AllFleetRetreatPanorama,2592,2.09391,1.99000,2.09510,0.64205,,13881.00000,440799588.00000,1,0,0,0,0,0,0,12,46,12,2,6624.18500
AllFleetRetreatPanorama,2593,2.72080,2.27060,2.37900,0.64717,,13881.00000,440881508.00000,1,0,0,0,0,0,0,12,46,12,2,6624.18500
AllFleetRetreatPanorama,2594,2.31980,1.90660,2.60080,0.64614,,13881.00000,440881508.00000,1,0,0,0,0,0,0,12,46,12,2,6624.18500
AllFleetRetreatPanorama,2595,1.95290,2.09810,1.95130,0.63795,,13881.00000,440799588.00000,1,0,0,0,0,0,0,12,46,12,2,6624.18500
AllFleetRetreatPanorama,2596,2.00540,2.38570,2.04430,0.65126,,13881.00000,440815972.00000,1,0,0,0,0,0,0,12,46,12,2,6624.18500
AllFleetRetreatPanorama,2597,1.94140,2.60630,1.93290,0.64717,,13881.00000,440815972.00000,1,0,0,0,0,0,0,12,46,12,2,6624.18500
AllFleetRetreatPanorama,2598,1.96280,1.95440,1.96640,0.64922,,13881.00000,440799588.00000,1,0,0,0,0,0,0,12,46,12,2,6624.18500
AllFleetRetreatPanorama,2599,1.94830,2.04740,1.93990,0.65024,,13881.00000,440881508.00000,1,0,0,0,0,0,0,12,46,12,2,6624.18500
AllFleetRetreatPanorama,2600,2.20990,1.93620,2.02940,0.65331,,13881.00000,440881508.00000,1,0,0,0,0,0,0,12,46,12,2,6624.18500
AllFleetRetreatPanorama,2601,2.72380,1.96890,2.88890,1.32506,,16577.00000,440801968.00000,1,0,0,0,0,0,0,12,46,12,2,6624.18500
AllFleetRetreatPanorama,2602,1.88040,1.94320,1.88040,0.62976,,13881.00000,440883888.00000,1,0,0,0,0,0,0,12,46,12,2,6624.18500
AllFleetRetreatPanorama,2603,1.76590,2.03200,1.77260,0.64102,,13881.00000,440883888.00000,1,0,0,0,0,0,0,12,46,12,2,6624.18500
AllFleetRetreatPanorama,2604,1.82690,2.89470,1.82030,0.65229,,13881.00000,440883888.00000,1,0,0,0,0,0,0,12,46,12,2,6624.18500
AllFleetRetreatPanorama,2605,1.79900,1.88450,1.75690,0.64410,,13881.00000,440900272.00000,1,0,0,0,0,0,0,12,46,12,2,6624.18500
AllFleetRetreatPanorama,2606,1.72720,1.77720,1.76680,0.63898,,13881.00000,440818352.00000,1,0,0,0,0,0,0,12,46,12,2,6624.18500
AllFleetRetreatPanorama,2607,1.77160,1.82430,1.74750,0.64512,,13881.00000,440818352.00000,1,0,0,0,0,0,0,12,46,12,2,6624.18500
AllFleetRetreatPanorama,2608,1.86420,1.76050,1.76490,0.64102,,13881.00000,440900272.00000,1,0,0,0,0,0,0,12,46,12,2,6624.18500
AllFleetRetreatPanorama,2609,1.95050,1.77040,2.05750,0.64819,,13881.00000,440883888.00000,1,0,0,0,0,0,0,12,46,12,2,6624.18500
AllFleetRetreatPanorama,2610,4.92260,1.75100,1.96070,0.64819,,13881.00000,440883888.00000,1,0,0,0,0,0,0,12,46,12,2,6624.18500
AllFleetRetreatPanorama,2611,2.67620,1.76790,5.53490,0.64819,,13881.00000,440883888.00000,1,0,0,0,0,0,0,12,46,12,2,6624.18500
AllFleetRetreatPanorama,2612,2.71720,2.06050,2.76510,0.66355,,13881.00000,440801968.00000,1,0,0,0,0,0,0,12,46,12,2,6624.18500
AllFleetRetreatPanorama,2613,2.08660,1.96400,2.12140,0.68301,,13881.00000,440801968.00000,1,0,0,0,0,0,0,12,46,12,2,6624.18500
AllFleetRetreatPanorama,2614,2.25300,5.53990,2.19340,0.67789,,13881.00000,440801968.00000,1,0,0,0,0,0,0,12,46,12,2,6624.18500
AllFleetRetreatPanorama,2615,2.47580,2.77010,2.51780,0.67174,,13881.00000,440818352.00000,1,0,0,0,0,0,0,12,46,12,2,6624.18500
AllFleetRetreatPanorama,2616,1.99010,2.12510,1.94290,0.68710,,13881.00000,440818352.00000,1,0,0,0,0,0,0,12,46,12,2,6624.18500
AllFleetRetreatPanorama,2617,1.91820,2.19790,1.96800,1.39162,,13881.00000,440818352.00000,1,0,0,0,0,0,0,12,46,12,2,6624.18500
AllFleetRetreatPanorama,2618,2.02500,2.52200,2.01660,0.67891,,13881.00000,440900272.00000,1,0,0,0,0,0,0,12,46,12,2,6624.18500
AllFleetRetreatPanorama,2619,2.09131,1.94740,2.07330,0.63386,,16577.00000,440886268.00000,1,0,0,0,0,0,0,12,46,12,2,6624.18500
AllFleetRetreatPanorama,2620,1.84960,1.97140,1.86080,0.69018,,13881.00000,440804348.00000,1,0,0,0,0,0,0,12,46,12,2,6624.18500
AllFleetRetreatPanorama,2621,1.92370,2.01960,1.92700,0.63488,,13881.00000,440886268.00000,1,0,0,0,0,0,0,12,46,12,2,6624.18500
AllFleetRetreatPanorama,2622,1.94850,2.07780,1.90790,0.70042,,13881.00000,440886268.00000,1,0,0,0,0,0,0,12,46,12,2,6624.18500
AllFleetRetreatPanorama,2623,2.02130,1.86360,2.04650,1.23904,,13881.00000,440804348.00000,1,0,0,0,0,0,0,12,46,12,2,6624.18500
AllFleetRetreatPanorama,2624,2.16210,1.93040,2.16530,0.66458,,13881.00000,440886268.00000,1,0,0,0,0,0,0,12,46,12,2,6624.18500
AllFleetRetreatPanorama,2625,1.85920,1.91130,1.85260,0.65126,,13881.00000,440886268.00000,1,0,0,0,0,0,0,12,46,12,2,6624.18500
AllFleetRetreatPanorama,2626,1.75520,2.05100,1.75990,1.27898,,13881.00000,440804348.00000,1,0,0,0,0,0,0,12,46,12,2,6624.18500
AllFleetRetreatPanorama,2627,2.23030,2.16900,2.18890,0.74342,,13881.00000,440886268.00000,1,0,0,0,0,0,0,12,46,12,2,6624.18500
AllFleetRetreatPanorama,2628,1.87240,1.85590,1.90420,0.68096,,13881.00000,440886268.00000,1,0,0,0,0,0,0,12,46,12,2,6624.18500
AllFleetRetreatPanorama,2629,2.41810,1.76270,2.31350,1.23392,,13881.00000,440804348.00000,1,0,0,0,0,0,0,12,46,12,2,6624.18500
AllFleetRetreatPanorama,2630,2.00890,2.19300,2.07520,0.67891,,13881.00000,440886268.00000,1,0,0,0,0,0,0,12,46,12,2,6624.18500
AllFleetRetreatPanorama,2631,1.89310,1.90790,1.91990,0.64102,,13881.00000,440886268.00000,1,0,0,0,0,0,0,12,46,12,2,6624.18500
AllFleetRetreatPanorama,2632,2.07210,2.32230,1.99550,1.23494,,13881.00000,440804348.00000,1,0,0,0,0,0,0,12,46,12,2,6624.18500
AllFleetRetreatPanorama,2633,2.06510,2.07880,2.12580,0.64819,,13881.00000,440886268.00000,1,0,0,0,0,0,0,12,46,12,2,6624.18500
AllFleetRetreatPanorama,2634,1.81260,1.92330,1.81610,0.69427,,13881.00000,440886268.00000,1,0,0,0,0,0,0,12,46,12,2,6624.18500
AllFleetRetreatPanorama,2635,1.77410,1.99850,1.77010,1.27078,,13881.00000,440804348.00000,1,0,0,0,0,0,0,12,46,12,2,6624.18500
AllFleetRetreatPanorama,2636,1.90910,2.12910,1.90790,0.68301,,13881.00000,440886268.00000,1,0,0,0,0,0,0,12,46,12,2,6624.18500
AllFleetRetreatPanorama,2637,1.73080,1.81960,1.72780,0.65843,,13881.00000,440902652.00000,1,0,0,0,0,0,0,12,46,12,2,6624.18500
AllFleetRetreatPanorama,2638,2.28420,1.77370,2.20680,0.79360,,13881.00000,440820732.00000,1,0,0,0,0,0,0,12,46,12,2,6624.18500
AllFleetRetreatPanorama,2639,2.11260,1.91200,2.17030,0.68096,,13881.00000,440804348.00000,1,0,0,0,0,0,0,12,46,12,2,6624.18500
AllFleetRetreatPanorama,2640,5.94440,1.73080,1.79880,0.68096,,13881.00000,440804348.00000,1,0,0,0,0,0,0,12,46,12,2,6624.18500
AllFleetRetreatPanorama,2641,2.54320,2.21140,6.61550,0.64205,,13881.00000,440886268.00000,1,0,0,0,0,0,0,12,46,12,2,6624.18500
AllFleetRetreatPanorama,2642,2.02930,2.17390,2.08010,0.71168,,13881.00000,440886268.00000,1,0,0,0,0,0,0,12,46,12,2,6624.18500
AllFleetRetreatPanorama,2643,2.15030,1.80320,2.11910,0.65024,,13881.00000,440886268.00000,1,0,0,0,0,0,0,12,46,12,2,6624.18500
AllFleetRetreatPanorama,2644,2.18700,6.62020,2.21550,0.66662,,13881.00000,440886268.00000,1,0,0,0,0,0,0,12,46,12,2,6624.18500
AllFleetRetreatPanorama,2645,1.94720,2.08400,1.94590,1.23699,,13881.00000,440804348.00000,1,0,0,0,0,0,0,12,46,12,2,6624.18500
AllFleetRetreatPanorama,2646,1.88770,2.12260,1.85870,0.67277,,13933.00000,440886268.00000,1,0,0,0,0,0,0,12,46,12,2,6624.18500
AllFleetRetreatPanorama,2647,2.02510,2.21910,2.06030,0.64819,,16577.00000,440886268.00000,1,0,0,0,0,0,0,12,46,12,2,6624.18500
AllFleetRetreatPanorama,2648,1.93460,1.94930,1.91860,0.66458,,13881.00000,440806728.00000,1,0,0,0,0,0,0,12,46,12,2,6624.18500
AllFleetRetreatPanorama,2649,1.82080,1.86160,1.83220,0.64819,,13881.00000,440888648.00000,1,0,0,0,0,0,0,12,46,12,2,6624.18500
AllFleetRetreatPanorama,2650,1.73510,2.06320,1.73450,0.66355,,13881.00000,440970568.00000,1,0,0,0,0,0,0,12,46,12,2,6624.18500
AllFleetRetreatPanorama,2651,2.11080,1.92150,2.10330,0.64922,,13881.00000,440888648.00000,1,0,0,0,0,0,0,12,46,12,2,6624.18500
AllFleetRetreatPanorama,2652,2.37100,1.83480,2.32910,0.65126,,13881.00000,440888648.00000,1,0,0,0,0,0,0,12,46,12,2,6624.18500
AllFleetRetreatPanorama,2653,1.88880,1.73700,1.91190,0.62054,,13881.00000,440888648.00000,1,0,0,0,0,0,0,12,46,12,2,6624.18500
AllFleetRetreatPanorama,2654,2.26620,2.10660,2.20110,1.24211,,13881.00000,440806728.00000,1,0,0,0,0,0,0,12,46,12,2,6624.18500
AllFleetRetreatPanorama,2655,2.03401,2.33210,2.09570,0.63488,,13969.00000,440888648.00000,1,0,0,0,0,0,0,12,46,12,2,6624.18500
AllFleetRetreatPanorama,2656,1.96390,1.91490,1.94860,0.64614,,13881.00000,440888648.00000,1,0,0,0,0,0,0,12,46,12,2,6624.18500
AllFleetRetreatPanorama,2657,2.16780,2.20640,2.13570,1.23597,,13881.00000,440806728.00000,1,0,0,0,0,0,0,12,46,12,2,6624.18500
AllFleetRetreatPanorama,2658,2.19350,2.09890,2.22780,0.65843,,13881.00000,440888648.00000,1,0,0,0,0,0,0,12,46,12,2,6624.18500
AllFleetRetreatPanorama,2659,1.99070,1.95210,1.98760,0.63078,,13881.00000,440970568.00000,1,0,0,0,0,0,0,12,46,12,2,6624.18500
AllFleetRetreatPanorama,2660,2.02230,2.13950,2.00740,1.24621,,13881.00000,440888648.00000,1,0,0,0,0,0,0,12,46,12,2,6624.18500
AllFleetRetreatPanorama,2661,2.55281,2.23200,2.55450,0.86630,,13881.00000,440806728.00000,1,0,0,0,0,0,0,12,46,12,2,6624.18500
AllFleetRetreatPanorama,2662,2.00750,1.99210,1.95970,0.66867,,13881.00000,440806728.00000,1,0,0,0,0,0,0,12,46,12,2,6624.18500
AllFleetRetreatPanorama,2663,2.14990,2.01260,2.00560,1.21139,,13881.00000,440806728.00000,1,0,0,0,0,0,0,12,46,12,2,6624.18500
AllFleetRetreatPanorama,2664,2.09250,2.56060,2.28480,0.66867,,13881.00000,440806728.00000,1,0,0,0,0,0,0,12,46,12,2,6624.18500
AllFleetRetreatPanorama,2665,2.29410,1.96390,2.24360,0.65331,,13881.00000,440806728.00000,1,0,0,0,0,0,0,12,46,12,2,6624.18500
AllFleetRetreatPanorama,2666,2.29690,2.00970,2.25990,0.69325,,16577.00000,440809108.00000,1,0,0,0,0,0,0,12,46,12,2,6624.18500
AllFleetRetreatPanorama,2667,2.87170,2.28840,2.89120,0.63693,,13881.00000,440809108.00000,1,0,0,0,0,0,0,12,46,12,2,6624.18500
AllFleetRetreatPanorama,2668,1.95820,2.24720,1.99690,0.64819,,13881.00000,440809108.00000,1,0,0,0,0,0,0,12,46,12,2,6624.18500
AllFleetRetreatPanorama,2669,2.44650,2.26520,2.45430,0.63386,,13881.00000,440809108.00000,1,0,0,0,0,0,0,12,46,12,2,6624.18500
AllFleetRetreatPanorama,2670,1.88060,2.89640,1.86590,0.67277,,13881.00000,440809108.00000,1,0,0,0,0,0,0,12,46,12,2,6624.18500
AllFleetRetreatPanorama,2671,1.83180,2.00120,1.83910,0.64000,,13881.00000,440809108.00000,1,0,0,0,0,0,0,12,46,12,2,6624.18500
AllFleetRetreatPanorama,2672,2.28810,2.45750,2.21080,0.65126,,13881.00000,440891028.00000,1,0,0,0,0,0,0,12,46,12,2,6624.18500
AllFleetRetreatPanorama,2673,2.24520,1.86960,2.29470,0.64410,,13881.00000,440891028.00000,1,0,0,0,0,0,0,12,46,12,2,6624.18500
AllFleetRetreatPanorama,2674,2.25580,1.84270,2.25780,0.65843,,13881.00000,440809108.00000,1,0,0,0,0,0,0,12,46,12,2,6624.18500
AllFleetRetreatPanorama,2675,2.14690,2.21690,2.10130,0.63898,,13881.00000,440809108.00000,1,0,0,0,0,0,0,12,46,12,2,6624.18500
AllFleetRetreatPanorama,2676,2.28350,2.30000,2.29650,0.65536,,13881.00000,440809108.00000,1,0,0,0,0,0,0,12,46,12,2,6624.18500
AllFleetRetreatPanorama,2677,1.88770,2.26190,1.87670,0.64922,,13881.00000,440891028.00000,1,0,0,0,0,0,0,12,46,12,2,6624.18500
AllFleetRetreatPanorama,2678,1.85190,2.10470,1.82900,0.65741,,13881.00000,440907412.00000,1,0,0,0,0,0,0,12,46,12,2,6624.18500
AllFleetRetreatPanorama,2679,2.23600,2.30040,2.28320,0.64000,,13881.00000,440825492.00000,1,0,0,0,0,0,0,12,46,12,2,6624.18500
AllFleetRetreatPanorama,2680,2.34820,1.88000,2.34050,0.68198,,13881.00000,440891028.00000,1,0,0,0,0,0,0,12,46,12,2,6624.18500
AllFleetRetreatPanorama,2681,1.93750,1.83490,1.94180,0.63386,,13881.00000,440891028.00000,1,0,0,0,0,0,0,12,46,12,2,6624.18500
AllFleetRetreatPanorama,2682,2.07300,2.28690,2.02080,0.89190,,13881.00000,440825492.00000,1,0,0,0,0,0,0,12,46,12,2,6624.18500
AllFleetRetreatPanorama,2683,1.99860,2.34550,2.04650,0.65331,,13881.00000,440907412.00000,1,0,0,0,0,0,0,12,46,12,2,6624.18500
AllFleetRetreatPanorama,2684,1.94410,1.94570,1.92520,0.88781,,13881.00000,440891028.00000,1,0,0,0,0,0,0,12,46,12,2,6624.18500
AllFleetRetreatPanorama,2685,2.04170,2.02470,2.05250,1.23187,,13881.00000,440809108.00000,1,0,0,0,0,0,0,12,46,12,2,6624.18500
AllFleetRetreatPanorama,2686,2.45010,2.05050,2.43890,0.67379,,13881.00000,440891028.00000,1,0,0,0,0,0,0,12,46,12,2,6624.18500
AllFleetRetreatPanorama,2687,2.99650,1.92840,2.93550,0.63590,,13881.00000,440891028.00000,1,0,0,0,0,0,0,12,46,12,2,6624.18500
AllFleetRetreatPanorama,2688,2.27450,2.05640,2.32610,1.30970,,13881.00000,440809108.00000,1,0,0,0,0,0,0,12,46,12,2,6624.18500
AllFleetRetreatPanorama,2689,1.90590,2.44280,1.90800,0.63898,,13881.00000,440809108.00000,1,0,0,0,0,0,0,12,46,12,2,6624.18500
AllFleetRetreatPanorama,2690,1.94550,2.93920,1.94620,0.67072,,13881.00000,440809108.00000,1,0,0,0,0,0,0,12,46,12,2,6624.18500
AllFleetRetreatPanorama,2691,2.16030,2.32960,2.15420,0.64512,,13881.00000,440891028.00000,1,0,0,0,0,0,0,12,46,12,2,6624.18500
AllFleetRetreatPanorama,2692,1.85350,1.91180,1.82030,0.66765,,13881.00000,440891028.00000,1,0,0,0,0,0,0,12,46,12,2,6624.18500
AllFleetRetreatPanorama,2693,2.04600,1.94950,2.06220,0.64102,,13881.00000,440809108.00000,1,0,0,0,0,0,0,12,46,12,2,6624.18500
AllFleetRetreatPanorama,2694,2.97400,2.15700,2.97880,0.66458,,16577.00000,440811488.00000,1,0,0,0,0,0,0,12,46,12,2,6624.18500
AllFleetRetreatPanorama,2695,1.91030,1.82330,1.91520,0.63488,,13881.00000,440893408.00000,1,0,0,0,0,0,0,12,46,12,2,6624.18500
AllFleetRetreatPanorama,2696,1.90280,2.06580,1.89090,0.67789,,13881.00000,440893408.00000,1,0,0,0,0,0,0,12,46,12,2,6624.18500
AllFleetRetreatPanorama,2697,1.81451,2.98160,1.78420,0.65024,,13881.00000,440893408.00000,1,0,0,0,0,0,0,12,46,12,2,6624.18500
AllFleetRetreatPanorama,2698,1.73680,1.91780,1.77320,0.66560,,13881.00000,440893408.00000,1,0,0,0,0,0,0,12,46,12,2,6624.18500
AllFleetRetreatPanorama,2699,2.14410,1.89400,2.12390,1.22573,,13881.00000,440811488.00000,1,0,0,0,0,0,0,12,46,12,2,6624.18500
AllFleetRetreatPanorama,2700,2.32840,1.78720,2.28510,0.65843,,13881.00000,440893408.00000,1,0,0,0,0,0,0,12,46,12,2,6624.18500
AllFleetRetreatPanorama,2701,3.04050,1.77610,3.04390,0.65126,,13881.00000,440893408.00000,1,0,0,0,0,0,0,12,46,12,2,6624.18500
AllFleetRetreatPanorama,2702,2.75300,2.12750,2.68780,0.67994,,13881.00000,440811488.00000,1,0,0,0,0,0,0,12,46,12,2,6624.18500
AllFleetRetreatPanorama,2703,2.12080,2.28890,2.21150,0.64102,,13881.00000,440811488.00000,1,0,0,0,0,0,0,12,46,12,2,6624.18500
AllFleetRetreatPanorama,2704,2.03860,3.04900,2.03070,0.66458,,13881.00000,440893408.00000,1,0,0,0,0,0,0,12,46,12,2,6624.18500
AllFleetRetreatPanorama,2705,2.04440,2.69350,2.04520,0.64205,,13881.00000,440975328.00000,1,0,0,0,0,0,0,12,46,12,2,6624.18500
AllFleetRetreatPanorama,2706,1.83640,2.21620,1.83450,0.67482,,13881.00000,440893408.00000,1,0,0,0,0,0,0,12,46,12,2,6624.18500
AllFleetRetreatPanorama,2707,1.91290,2.03480,1.87350,1.25338,,13881.00000,440811488.00000,1,0,0,0,0,0,0,12,46,12,2,6624.18500
AllFleetRetreatPanorama,2708,2.32120,2.05010,2.30540,0.66970,,13881.00000,440893408.00000,1,0,0,0,0,0,0,12,46,12,2,6624.18500
AllFleetRetreatPanorama,2709,2.80010,1.83830,2.82560,0.63590,,13881.00000,440893408.00000,1,0,0,0,0,0,0,12,46,12,2,6624.18500
AllFleetRetreatPanorama,2710,2.20760,1.87770,2.20390,0.67482,,13881.00000,440893408.00000,1,0,0,0,0,0,0,12,46,12,2,6624.18500
AllFleetRetreatPanorama,2711,2.08681,2.30940,2.09720,0.64614,,13881.00000,440975328.00000,1,0,0,0,0,0,0,12,46,12,2,6624.18500
AllFleetRetreatPanorama,2712,1.94790,2.82970,1.90500,0.66765,,13881.00000,440909792.00000,1,0,0,0,0,0,0,12,46,12,2,6624.18500
AllFleetRetreatPanorama,2713,1.84221,2.20800,1.88290,0.65331,,13881.00000,440909792.00000,1,0,0,0,0,0,0,12,46,12,2,6624.18500
AllFleetRetreatPanorama,2714,1.87680,2.10070,1.86930,0.67072,,13881.00000,440909792.00000,1,0,0,0,0,0,0,12,46,12,2,6624.18500
AllFleetRetreatPanorama,2715,2.18310,1.90820,2.15270,0.64512,,13881.00000,440827872.00000,1,0,0,0,0,0,0,12,46,12,2,6624.18500
AllFleetRetreatPanorama,2716,2.03890,1.88580,2.05180,0.65741,,13881.00000,440811488.00000,1,0,0,0,0,0,0,12,46,12,2,6624.18500
AllFleetRetreatPanorama,2717,2.03780,1.87260,1.94190,0.63488,,13881.00000,440893408.00000,1,0,0,0,0,0,0,12,46,12,2,6624.18500
AllFleetRetreatPanorama,2718,1.99570,2.15640,2.05110,0.67789,,13881.00000,440893408.00000,1,0,0,0,0,0,0,12,46,12,2,6624.18500
AllFleetRetreatPanorama,2719,4.88820,2.05480,1.90250,0.67789,,13881.00000,440893408.00000,1,0,0,0,0,0,0,12,46,12,2,6624.18500
AllFleetRetreatPanorama,2720,2.74200,1.94480,5.74510,0.66458,,16577.00000,440893408.00000,1,0,0,0,0,0,0,12,46,12,2,6624.18500
AllFleetRetreatPanorama,2721,2.18810,2.05440,2.19210,0.64205,,13881.00000,440895788.00000,1,0,0,0,0,0,0,12,46,12,2,6624.18500
AllFleetRetreatPanorama,2722,1.95840,1.90660,1.89870,0.67379,,13881.00000,440977708.00000,1,0,0,0,0,0,0,12,46,12,2,6624.18500
AllFleetRetreatPanorama,2723,1.90500,5.74970,1.91230,0.71680,,13881.00000,440977708.00000,1,0,0,0,0,0,0,12,46,12,2,6624.18500
AllFleetRetreatPanorama,2724,1.86690,2.19860,1.91900,0.84685,,13969.00000,440977708.00000,1,0,0,0,0,0,0,12,46,12,2,6624.18500
AllFleetRetreatPanorama,2725,1.84950,1.90180,1.85130,0.99021,,13881.00000,440895788.00000,1,0,0,0,0,0,0,12,46,12,2,6624.18500
AllFleetRetreatPanorama,2726,1.79860,1.91580,1.79390,1.27693,,13881.00000,440813868.00000,1,0,0,0,0,0,0,12,46,12,2,6624.18500
AllFleetRetreatPanorama,2727,1.94960,1.92270,1.94690,0.68813,,13881.00000,440895788.00000,1,0,0,0,0,0,0,12,46,12,2,6624.18500
AllFleetRetreatPanorama,2728,2.36610,1.85440,2.32460,0.65024,,13881.00000,440895788.00000,1,0,0,0,0,0,0,12,46,12,2,6624.18500
AllFleetRetreatPanorama,2729,2.16900,1.79700,2.19920,0.64717,,13881.00000,440813868.00000,1,0,0,0,0,0,0,12,46,12,2,6624.18500
AllFleetRetreatPanorama,2730,2.65690,1.95040,2.58000,0.67584,,13881.00000,440895788.00000,1,0,0,0,0,0,0,12,46,12,2,6624.18500
AllFleetRetreatPanorama,2731,2.41370,2.32740,2.46520,0.70349,,13881.00000,440895788.00000,1,0,0,0,0,0,0,12,46,12,2,6624.18500
AllFleetRetreatPanorama,2732,2.30720,2.20310,2.26420,1.27078,,13881.00000,440813868.00000,1,0,0,0,0,0,0,12,46,12,2,6624.18500
AllFleetRetreatPanorama,2733,2.20510,2.58900,2.19950,0.67584,,13881.00000,440813868.00000,1,0,0,0,0,0,0,12,46,12,2,6624.18500
AllFleetRetreatPanorama,2734,2.12070,2.47070,2.16380,0.70144,,13881.00000,440813868.00000,1,0,0,0,0,0,0,12,46,12,2,6624.18500
AllFleetRetreatPanorama,2735,2.47440,2.26920,2.24380,0.72499,,13881.00000,440895788.00000,1,0,0,0,0,0,0,12,46,12,2,6624.18500
AllFleetRetreatPanorama,2736,2.26981,2.20370,2.48050,0.69427,,13881.00000,440895788.00000,1,0,0,0,0,0,0,12,46,12,2,6624.18500
AllFleetRetreatPanorama,2737,1.95240,2.16790,1.96000,0.67584,,13881.00000,440813868.00000,1,0,0,0,0,0,0,12,46,12,2,6624.18500
AllFleetRetreatPanorama,2738,1.96070,2.24750,1.90390,0.71680,,13881.00000,440895788.00000,1,0,0,0,0,0,0,12,46,12,2,6624.18500
AllFleetRetreatPanorama,2739,2.11360,2.48460,2.15370,0.69939,,16629.00000,440898168.00000,1,0,0,0,0,0,0,12,46,12,2,6624.18500
AllFleetRetreatPanorama,2740,2.01610,1.96380,2.01380,1.39264,,13881.00000,440816248.00000,1,0,0,0,0,0,0,12,46,12,2,6624.18500
AllFleetRetreatPanorama,2741,2.12210,1.90840,2.11930,0.69222,,13881.00000,440898168.00000,1,0,0,0,0,0,0,12,46,12,2,6624.18500
AllFleetRetreatPanorama,2742,2.11190,2.15720,2.09660,0.73216,,13881.00000,440898168.00000,1,0,0,0,0,0,0,12,46,12,2,6624.18500
AllFleetRetreatPanorama,2743,2.96239,2.01820,2.90540,1.28307,,13881.00000,440816248.00000,1,0,0,0,0,0,0,12,46,12,2,6624.18500
AllFleetRetreatPanorama,2744,2.17220,2.12410,2.23260,0.69530,,13881.00000,440816248.00000,1,0,0,0,0,0,0,12,46,12,2,6624.18500
AllFleetRetreatPanorama,2745,2.01060,2.10300,2.01290,0.68710,,13881.00000,440898168.00000,1,0,0,0,0,0,0,12,46,12,2,6624.18500
AllFleetRetreatPanorama,2746,2.03250,2.90980,2.00450,0.66867,,13881.00000,440980088.00000,1,0,0,0,0,0,0,12,46,12,2,6624.18500
AllFleetRetreatPanorama,2747,2.09539,2.23640,2.09840,1.14176,,13881.00000,440914552.00000,1,0,0,0,0,0,0,12,46,12,2,6624.18500
AllFleetRetreatPanorama,2748,2.09960,2.01630,2.06310,0.68096,,13881.00000,440832632.00000,1,0,0,0,0,0,0,12,46,12,2,6624.18500
AllFleetRetreatPanorama,2749,5.03720,2.00780,1.94450,0.68096,,13881.00000,440816248.00000,1,0,0,0,0,0,0,12,46,12,2,6624.18500
AllFleetRetreatPanorama,2750,2.77219,2.10200,5.87170,0.65331,,13881.00000,440898168.00000,1,0,0,0,0,0,0,12,46,12,2,6624.18500
AllFleetRetreatPanorama,2751,2.09720,2.06620,2.11760,0.71270,,13881.00000,440898168.00000,1,0,0,0,0,0,0,12,46,12,2,6624.18500
AllFleetRetreatPanorama,2752,2.02540,1.94810,1.98250,0.67072,,13881.00000,440816248.00000,1,0,0,0,0,0,0,12,46,12,2,6624.18500
AllFleetRetreatPanorama,2753,2.00810,5.87770,2.04910,0.69222,,13881.00000,440898168.00000,1,0,0,0,0,0,0,12,46,12,2,6624.18500
AllFleetRetreatPanorama,2754,1.79060,2.12160,1.79770,0.66355,,13881.00000,440898168.00000,1,0,0,0,0,0,0,12,46,12,2,6624.18500
AllFleetRetreatPanorama,2755,1.79630,1.98630,1.78650,0.67277,,13881.00000,440816248.00000,1,0,0,0,0,0,0,12,46,12,2,6624.18500
AllFleetRetreatPanorama,2756,2.35390,2.05270,2.30220,0.65229,,15169.00000,440817088.00000,1,0,0,0,0,0,0,12,46,12,2,6624.18500
AllFleetRetreatPanorama,2757,2.18940,1.80190,2.17740,0.65741,,13881.00000,440833472.00000,1,0,0,0,0,0,0,12,46,12,2,6624.18500
AllFleetRetreatPanorama,2758,2.06460,1.79030,2.10060,0.63693,,13881.00000,440833472.00000,1,0,0,0,0,0,0,12,46,12,2,6624.18500
