phase,frame,frameMs,cpuFrameMs,mainThreadMs,gpuMs,drawCalls,gcBytes,unityGraphicsBytes,focused,damagedPending,exploded,escaped,beams,reactorEffects
FleetPanorama,1,2.37750,5.90030,2.43910,0.97792,,13831.00000,439521304.00000,0,0,0,0,0,0
FleetPanorama,2,6.26020,6.70980,2.69300,0.96461,,13879.00000,439603224.00000,0,0,0,0,0,0
FleetPanorama,3,6.20699,13.10690,6.17140,0.96461,,13831.00000,439603224.00000,0,0,0,0,0,0
FleetPanorama,4,5.91891,2.44400,6.66960,0.90214,,13831.00000,439603224.00000,0,0,0,0,0,0
FleetPanorama,5,6.28630,2.69590,4.92120,0.94208,,13831.00000,439685144.00000,0,0,0,0,0,0
FleetPanorama,6,6.03220,6.17470,6.42220,0.93491,,13831.00000,439685144.00000,0,0,0,0,0,0
FleetPanorama,7,6.27630,6.67350,6.16360,0.90624,,13831.00000,439685144.00000,0,0,0,0,0,0
FleetPanorama,8,6.06480,4.92540,6.61310,0.93798,,13831.00000,439685144.00000,0,0,0,0,0,0
FleetPanorama,9,6.07900,6.42670,5.87270,0.88371,,13831.00000,439685144.00000,0,0,0,0,0,0
FleetPanorama,10,6.19290,6.16810,5.83370,0.93491,,13831.00000,439685144.00000,0,0,0,0,0,0
FleetPanorama,11,6.12920,6.61750,6.27350,0.92979,,13831.00000,439685144.00000,0,0,0,0,0,0
FleetPanorama,12,6.07080,5.87710,6.14950,0.94310,,13831.00000,439685144.00000,0,0,0,0,0,0
FleetPanorama,13,6.22050,5.83930,6.51490,0.92877,,28805.00000,439695644.00000,0,0,0,0,0,0
FleetPanorama,14,12.26550,6.27820,5.91520,0.95539,,13831.00000,439695644.00000,0,0,0,0,0,0
FleetPanorama,15,6.21480,6.15420,12.26170,0.96051,,13831.00000,439613724.00000,0,0,0,0,0,0
FleetPanorama,16,6.05900,6.51970,5.98490,0.01434,,13831.00000,439695644.00000,0,0,0,0,0,0
FleetPanorama,17,5.99010,5.92220,6.29240,0.94106,,13831.00000,439777564.00000,0,0,0,0,0,0
FleetPanorama,18,6.31660,12.26820,6.05480,0.92672,,13831.00000,439695644.00000,0,0,0,0,0,0
FleetPanorama,19,6.22510,5.99000,5.92220,0.94925,,13919.00000,439695644.00000,0,0,0,0,0,0
FleetPanorama,20,5.97010,6.29600,6.23980,0.92365,,13831.00000,439695644.00000,0,0,0,0,0,0
FleetPanorama,21,6.28960,6.05990,6.45150,0.96563,,13831.00000,439695644.00000,0,0,0,0,0,0
FleetPanorama,22,6.10720,5.92670,6.13860,0.92774,,13831.00000,439695644.00000,0,0,0,0,0,0
FleetPanorama,23,6.15011,6.24280,5.80200,0.90317,,13831.00000,439695644.00000,0,0,0,0,0,0
FleetPanorama,24,6.15879,6.45650,6.92730,0.96256,,13831.00000,439695644.00000,0,0,0,0,0,0
FleetPanorama,25,5.95760,6.14320,5.97170,0.97280,,13831.00000,439695644.00000,0,0,0,0,0,0
FleetPanorama,26,6.26640,5.80780,5.31060,0.92979,,13831.00000,439695644.00000,0,0,0,0,0,0
FleetPanorama,27,6.13100,6.93170,6.29800,0.93286,,13831.00000,439695644.00000,0,0,0,0,0,0
FleetPanorama,28,6.16240,5.97640,6.20940,0.93696,,13831.00000,439695644.00000,0,0,0,0,0,0
FleetPanorama,29,6.20130,5.31500,5.97000,0.92160,,13831.00000,439695644.00000,0,0,0,0,0,0
FleetPanorama,30,6.39460,6.30170,6.07850,0.97280,,13831.00000,439695644.00000,0,0,0,0,0,0
FleetPanorama,31,5.96850,6.21370,7.51160,0.95744,,13831.00000,439695644.00000,0,0,0,0,0,0
FleetPanorama,32,5.87090,5.97370,5.01810,0.90419,,13831.00000,439695644.00000,0,0,0,0,0,0
FleetPanorama,33,6.30641,6.08310,6.25560,0.93082,,13831.00000,439695644.00000,0,0,0,0,0,0
FleetPanorama,34,6.18240,7.51650,6.03560,0.95437,,13831.00000,439695644.00000,0,0,0,0,0,0
FleetPanorama,35,6.06380,5.02240,6.04030,0.95949,,13831.00000,439695644.00000,0,0,0,0,0,0
FleetPanorama,36,6.11240,6.26000,6.24040,0.98099,,13831.00000,439695644.00000,0,0,0,0,0,0
FleetPanorama,37,6.26790,6.03940,5.85960,0.96051,,13831.00000,439695644.00000,0,0,0,0,0,0
FleetPanorama,38,6.16600,6.04400,7.29120,0.91443,,13831.00000,439695644.00000,0,0,0,0,0,0
FleetPanorama,39,6.23200,6.24690,6.20580,0.92672,,13831.00000,439695644.00000,0,0,0,0,0,0
FleetPanorama,40,6.00050,5.86430,5.48630,0.92467,,13831.00000,439695644.00000,0,0,0,0,0,0
FleetPanorama,41,6.27680,7.29520,5.57660,0.95334,,13831.00000,439695644.00000,0,0,0,0,0,0
FleetPanorama,42,6.06939,6.20990,6.47030,0.97587,,13831.00000,439695644.00000,0,0,0,0,0,0
FleetPanorama,43,6.19080,5.49020,6.09750,0.96768,,13831.00000,439695644.00000,0,0,0,0,0,0
FleetPanorama,44,6.15690,5.58020,6.00310,0.91443,,13919.00000,439695644.00000,0,0,0,0,0,0
FleetPanorama,45,6.25470,6.47380,6.88810,0.95027,,13883.00000,439695644.00000,0,0,0,0,0,0
FleetPanorama,46,5.86040,6.10090,5.86680,0.96563,,13831.00000,439695644.00000,0,0,0,0,0,0
FleetPanorama,47,6.17290,6.00590,5.90280,0.94310,,13831.00000,439695644.00000,0,0,0,0,0,0
FleetPanorama,48,6.25800,6.89120,6.16570,0.93798,,13831.00000,439695644.00000,0,0,0,0,0,0
FleetPanorama,49,6.08460,5.87210,5.87780,0.94106,,13831.00000,439695644.00000,0,0,0,0,0,0
FleetPanorama,50,5.98490,5.90830,6.01000,0.90214,,13831.00000,439695644.00000,0,0,0,0,0,0
FleetPanorama,51,6.34170,6.17050,6.20350,0.97075,,13831.00000,439695644.00000,0,0,0,0,0,0
FleetPanorama,52,6.06970,5.88160,6.25300,0.93286,,13831.00000,439695644.00000,0,0,0,0,0,0
FleetPanorama,53,6.17390,6.01420,6.09640,0.91238,,13831.00000,439695644.00000,0,0,0,0,0,0
FleetPanorama,54,6.08909,6.21070,5.99600,0.93594,,13831.00000,439695644.00000,0,0,0,0,0,0
FleetPanorama,55,5.99330,6.25750,6.50310,0.93696,,13831.00000,439695644.00000,0,0,0,0,0,0
FleetPanorama,56,6.30020,6.10070,5.55100,0.92570,,13831.00000,439695644.00000,0,0,0,0,0,0
FleetPanorama,57,6.02220,6.00050,6.44850,0.90726,,13831.00000,439695644.00000,0,0,0,0,0,0
FleetPanorama,58,6.35570,6.50730,6.90800,0.94720,,13831.00000,439695644.00000,0,0,0,0,0,0
FleetPanorama,59,6.19980,5.55570,5.51480,0.88986,,13831.00000,439695644.00000,0,0,0,0,0,0
FleetPanorama,60,6.15530,6.45260,6.05420,0.95027,,13831.00000,439695644.00000,0,0,0,0,0,0
FleetPanorama,61,6.01040,6.91930,6.89220,0.97792,,13831.00000,439695644.00000,0,0,0,0,0,0
FleetPanorama,62,6.03960,5.52020,5.77760,0.95642,,13831.00000,439695644.00000,0,0,0,0,0,0
FleetPanorama,63,6.17890,6.05870,5.99320,0.94720,,13831.00000,439695644.00000,0,0,0,0,0,0
FleetPanorama,64,6.31770,6.89770,6.52010,0.91136,,26263.00000,439695644.00000,0,0,0,0,0,0
FleetPanorama,65,5.89450,5.78340,5.48100,0.92365,,13831.00000,439695644.00000,0,0,0,0,0,0
FleetPanorama,66,6.27940,5.99780,6.75440,0.94925,,13831.00000,439695644.00000,0,0,0,0,0,0
FleetPanorama,67,7.31690,6.52500,5.62890,0.91341,,13831.00000,439695644.00000,0,0,0,0,0,0
FleetPanorama,68,4.84040,5.48550,7.54620,0.90931,,13831.00000,439173584.00000,0,0,0,0,0,0
FleetPanorama,69,6.39360,6.75960,4.80570,0.91546,,13919.00000,439173584.00000,0,0,0,0,0,0
FleetPanorama,70,6.28780,5.63360,6.14760,0.95642,,13831.00000,439173584.00000,0,0,0,0,0,0
FleetPanorama,71,5.90630,7.55180,6.79110,0.91955,,13831.00000,439173584.00000,0,0,0,0,0,0
FleetPanorama,72,6.13520,4.81060,5.69520,0.93389,,13831.00000,439173584.00000,0,0,0,0,0,0
FleetPanorama,73,6.29940,6.15180,5.89320,0.92570,,13831.00000,439173584.00000,0,0,0,0,0,0
FleetPanorama,74,6.17830,6.79960,6.70290,0.90931,,13831.00000,439173584.00000,0,0,0,0,0,0
FleetPanorama,75,6.14380,5.70110,5.97230,0.92160,,13831.00000,439173584.00000,0,0,0,0,0,0
FleetPanorama,76,5.99710,5.89780,6.44720,0.97894,,13831.00000,439173584.00000,0,0,0,0,0,0
FleetPanorama,77,6.11510,6.70920,6.10790,0.98202,,13831.00000,439173584.00000,0,0,0,0,0,0
FleetPanorama,78,6.32520,5.97810,5.69000,0.91341,,13883.00000,439173584.00000,0,0,0,0,0,0
FleetPanorama,79,5.99560,6.45320,6.49680,0.92262,,13831.00000,439173584.00000,0,0,0,0,0,0
FleetPanorama,80,6.11110,6.11370,5.81690,0.93594,,13831.00000,439173584.00000,0,0,0,0,0,0
FleetPanorama,81,6.29180,5.69360,6.67470,0.89498,,13831.00000,439173584.00000,0,0,0,0,0,0
FleetPanorama,82,6.01580,6.50570,6.24210,0.91750,,13831.00000,439173584.00000,0,0,0,0,0,0
FleetPanorama,83,6.14560,5.82340,5.69400,0.90931,,13831.00000,439173584.00000,0,0,0,0,0,0
FleetPanorama,84,6.12420,6.68050,6.08870,0.89702,,13831.00000,439173584.00000,0,0,0,0,0,0
FleetPanorama,85,6.18530,6.24730,6.10030,0.93594,,13831.00000,439173584.00000,0,0,0,0,0,0
FleetPanorama,86,6.19150,5.70050,6.84050,0.94310,,13831.00000,439173584.00000,0,0,0,0,0,0
FleetPanorama,87,6.15800,6.09620,5.97110,0.90419,,13831.00000,439173584.00000,0,0,0,0,0,0
FleetPanorama,88,5.98540,6.10570,5.94550,0.94106,,13831.00000,439173584.00000,0,0,0,0,0,0
FleetPanorama,89,6.19940,6.84640,5.70990,0.95130,,13831.00000,439173584.00000,0,0,0,0,0,0
FleetPanorama,90,6.28660,5.97700,5.87940,0.90112,,13831.00000,439173584.00000,0,0,0,0,0,0
FleetPanorama,91,6.30330,5.95060,6.75730,0.95027,,13831.00000,439173584.00000,0,0,0,0,0,0
FleetPanorama,92,6.09300,5.71570,6.31690,0.92160,,13831.00000,439173584.00000,0,0,0,0,0,0
FleetPanorama,93,5.98870,5.88600,5.36180,0.94515,,13831.00000,439173584.00000,0,0,0,0,0,0
FleetPanorama,94,6.29630,6.76290,6.41310,0.93286,,13919.00000,439173584.00000,0,0,0,0,0,0
FleetPanorama,95,6.14520,6.32220,6.38380,0.94003,,13831.00000,439173584.00000,0,0,0,0,0,0
FleetPanorama,96,6.16780,5.36680,5.67060,0.92774,,13831.00000,439173584.00000,0,0,0,0,0,0
FleetPanorama,97,6.17399,6.41860,7.14980,0.95027,,13831.00000,439173584.00000,0,0,0,0,0,0
FleetPanorama,98,6.08610,6.39010,5.94860,0.90522,,13831.00000,439173584.00000,0,0,0,0,0,0
FleetPanorama,99,6.12860,5.67530,5.77280,0.93184,,13831.00000,439173584.00000,0,0,0,0,0,0
FleetPanorama,100,6.23840,7.15570,5.90180,0.90419,,13831.00000,439173584.00000,0,0,0,0,0,0
FleetPanorama,101,6.03970,5.95360,6.12380,0.93389,,13831.00000,439173584.00000,0,0,0,0,0,0
FleetPanorama,102,6.20930,5.77790,6.39280,0.93389,,13831.00000,439173584.00000,0,0,0,0,0,0
FleetPanorama,103,6.04880,5.90620,5.89750,0.94310,,13831.00000,439173584.00000,0,0,0,0,0,0
FleetPanorama,104,6.24201,6.12850,5.99130,0.92877,,13831.00000,439173584.00000,0,0,0,0,0,0
FleetPanorama,105,6.14070,6.39690,7.06190,0.91238,,13831.00000,439173584.00000,0,0,0,0,0,0
FleetPanorama,106,6.08020,5.90260,5.79960,0.96154,,13831.00000,439173584.00000,0,0,0,0,0,0
FleetPanorama,107,6.27700,5.99620,5.73420,0.91750,,13831.00000,439173584.00000,0,0,0,0,0,0
FleetPanorama,108,5.98600,7.06660,6.05270,0.92467,,13831.00000,439173584.00000,0,0,0,0,0,0
FleetPanorama,109,6.29550,5.80470,6.33850,0.97382,,13831.00000,439173584.00000,0,0,0,0,0,0
FleetPanorama,110,6.15400,5.73840,5.93670,0.93286,,13831.00000,439173584.00000,0,0,0,0,0,0
FleetPanorama,111,6.07610,6.05680,6.15440,0.97485,,13883.00000,439173584.00000,0,0,0,0,0,0
FleetPanorama,112,6.20300,6.34440,6.61460,0.92262,,13831.00000,439173584.00000,0,0,0,0,0,0
FleetPanorama,113,6.13170,5.94250,5.90930,0.92365,,13831.00000,439173584.00000,0,0,0,0,0,0
FleetPanorama,114,6.12050,6.15900,6.36680,0.96256,,13831.00000,439173584.00000,0,0,0,0,0,0
FleetPanorama,115,6.24580,6.61870,5.69670,0.96154,,13831.00000,439173584.00000,0,0,0,0,0,0
FleetPanorama,116,6.16340,5.91320,6.23230,0.94618,,13831.00000,439173584.00000,0,0,0,0,0,0
FleetPanorama,117,6.07400,6.37380,6.51200,0.91955,,13831.00000,439173584.00000,0,0,0,0,0,0
FleetPanorama,118,6.00640,5.70080,5.40620,0.94720,,13831.00000,439173584.00000,0,0,0,0,0,0
FleetPanorama,119,6.42130,6.23640,6.56600,0.96870,,13919.00000,439173584.00000,0,0,0,0,0,0
FleetPanorama,120,5.99400,6.51580,6.28420,0.92160,,13831.00000,439173584.00000,0,0,0,0,0,0
FleetPanorama,121,6.15230,5.40990,6.09090,0.94310,,13831.00000,439173584.00000,0,0,0,0,0,0
FleetPanorama,122,6.19050,6.57330,5.93730,0.91853,,13831.00000,439173584.00000,0,0,0,0,0,0
FleetPanorama,123,6.17000,6.28880,5.97160,0.94310,,13831.00000,439173584.00000,0,0,0,0,0,0
FleetPanorama,124,6.13810,6.09700,7.63050,0.94106,,13831.00000,439173584.00000,0,0,0,0,0,0
FleetPanorama,125,5.94890,5.94150,5.29670,0.96256,,13831.00000,439173584.00000,0,0,0,0,0,0
FleetPanorama,126,6.21740,5.97470,5.76110,0.92365,,13831.00000,439173584.00000,0,0,0,0,0,0
FleetPanorama,127,6.26270,7.63810,6.48280,0.94618,,13831.00000,439173584.00000,0,0,0,0,0,0
FleetPanorama,128,6.17890,5.30120,5.91500,0.91341,,13831.00000,439173584.00000,0,0,0,0,0,0
FleetPanorama,129,6.18670,5.76550,6.05300,0.91546,,13831.00000,439173584.00000,0,0,0,0,0,0
FleetPanorama,130,6.41631,6.48740,6.05810,0.90010,,13831.00000,439173584.00000,0,0,0,0,0,0
FleetPanorama,131,6.05810,5.92010,6.48450,0.90214,,13831.00000,439173584.00000,0,0,0,0,0,0
FleetPanorama,132,6.10970,6.05940,5.86850,0.94925,,13831.00000,439173584.00000,0,0,0,0,0,0
FleetPanorama,133,6.10860,6.06250,6.64250,0.96870,,13831.00000,439173584.00000,0,0,0,0,0,0
FleetPanorama,134,6.22580,6.48880,6.10460,0.89600,,13831.00000,439173584.00000,0,0,0,0,0,0
FleetPanorama,135,6.20920,5.87460,5.77750,0.92570,,13831.00000,439173584.00000,0,0,0,0,0,0
FleetPanorama,136,5.94050,6.64660,6.10190,0.94208,,13831.00000,439173584.00000,0,0,0,0,0,0
FleetPanorama,137,6.32990,6.10970,5.91090,0.89600,,13831.00000,439173584.00000,0,0,0,0,0,0
FleetPanorama,138,6.15810,5.78180,6.24880,0.87859,,13831.00000,439173584.00000,0,0,0,0,0,0
FleetPanorama,139,6.05870,6.10620,6.71080,0.93491,,13831.00000,439173584.00000,0,0,0,0,0,0
FleetPanorama,140,6.07470,5.91520,6.10280,0.87859,,13831.00000,439173584.00000,0,0,0,0,0,0
FleetPanorama,141,6.09169,6.25290,6.06850,0.91341,,13831.00000,439173584.00000,0,0,0,0,0,0
FleetPanorama,142,6.16721,6.71420,5.57910,0.90624,,13831.00000,439173584.00000,0,0,0,0,0,0
FleetPanorama,143,6.17780,6.10630,6.37700,0.93082,,13831.00000,439173584.00000,0,0,0,0,0,0
FleetPanorama,144,6.12790,6.07270,6.00680,0.95130,,13971.00000,439173584.00000,0,0,0,0,0,0
FleetPanorama,145,6.15500,5.58380,6.14560,0.93594,,13831.00000,439173584.00000,0,0,0,0,0,0
FleetPanorama,146,6.34360,6.38140,6.70140,0.91546,,13831.00000,439173584.00000,0,0,0,0,0,0
FleetPanorama,147,5.74850,6.01100,6.11730,0.95027,,13831.00000,439173584.00000,0,0,0,0,0,0
FleetPanorama,148,6.30370,6.14940,5.32110,0.93082,,13831.00000,439173584.00000,0,0,0,0,0,0
FleetPanorama,149,6.04460,6.70540,6.17420,0.92058,,13831.00000,439173584.00000,0,0,0,0,0,0
FleetPanorama,150,6.30680,6.12200,6.60600,0.95744,,13831.00000,439173584.00000,0,0,0,0,0,0
FleetPanorama,151,6.21310,5.32510,6.23740,0.94003,,13831.00000,439173584.00000,0,0,0,0,0,0
FleetPanorama,152,6.08280,6.17860,6.63340,0.93696,,13831.00000,439173584.00000,0,0,0,0,0,0
FleetPanorama,153,5.97540,6.61050,5.38130,0.92979,,13831.00000,439173584.00000,0,0,0,0,0,0
FleetPanorama,154,6.34700,6.24130,5.96370,0.91750,,13831.00000,439173584.00000,0,0,0,0,0,0
FleetPanorama,155,6.08160,6.63800,6.22550,0.92058,,13831.00000,439173584.00000,0,0,0,0,0,0
FleetPanorama,156,5.95461,5.38570,6.49850,0.93389,,13831.00000,439173584.00000,0,0,0,0,0,0
FleetPanorama,157,6.32140,5.96750,6.19570,0.95437,,13831.00000,439173584.00000,0,0,0,0,0,0
FleetPanorama,158,6.15170,6.23050,6.14880,0.92467,,13831.00000,439173584.00000,0,0,0,0,0,0
FleetPanorama,159,5.96040,6.50290,5.83700,0.99123,,13831.00000,439173584.00000,0,0,0,0,0,0
FleetPanorama,160,6.22960,6.20100,5.92800,0.93082,,13831.00000,439173584.00000,0,0,0,0,0,0
FleetPanorama,161,6.23280,6.15280,6.00560,0.92262,,13831.00000,439173584.00000,0,0,0,0,0,0
FleetPanorama,162,6.12160,5.84080,6.93350,0.95232,,13831.00000,439173584.00000,0,0,0,0,0,0
FleetPanorama,163,6.09000,5.93450,5.47250,0.93901,,13831.00000,439173584.00000,0,0,0,0,0,0
FleetPanorama,164,5.99400,6.00950,6.50510,0.96154,,13831.00000,439173584.00000,0,0,0,0,0,0
FleetPanorama,165,6.28591,6.93900,6.39820,0.94720,,13831.00000,439173584.00000,0,0,0,0,0,0
FleetPanorama,166,6.12820,5.47660,5.84100,0.95949,,13831.00000,439173584.00000,0,0,0,0,0,0
FleetPanorama,167,5.98080,6.50940,6.27870,0.96461,,13831.00000,439173584.00000,0,0,0,0,0,0
FleetPanorama,168,6.28340,6.40650,5.69030,0.95027,,13831.00000,439173584.00000,0,0,0,0,0,0
FleetPanorama,169,5.99640,5.84680,6.09620,0.92672,,13919.00000,439173584.00000,0,0,0,0,0,0
FleetPanorama,170,6.32940,6.28370,6.21210,0.91443,,13831.00000,439173584.00000,0,0,0,0,0,0
FleetPanorama,171,6.13970,5.69460,6.36100,0.91443,,13831.00000,439173584.00000,0,0,0,0,0,0
FleetPanorama,172,6.27390,6.10100,6.37710,0.94413,,13831.00000,439173584.00000,0,0,0,0,0,0
FleetPanorama,173,6.00670,6.21720,6.85000,0.92058,,13831.00000,439173584.00000,0,0,0,0,0,0
FleetPanorama,174,6.24660,6.36560,5.35740,0.92467,,13831.00000,439173584.00000,0,0,0,0,0,0
FleetPanorama,175,6.05340,6.38210,5.90010,0.94106,,13831.00000,439173584.00000,0,0,0,0,0,0
FleetPanorama,176,6.09169,6.85790,6.00670,0.90010,,13831.00000,439173584.00000,0,0,0,0,0,0
FleetPanorama,177,6.17320,5.36260,6.58000,0.94925,,13883.00000,439173584.00000,0,0,0,0,0,0
FleetPanorama,178,6.13710,5.90500,6.01230,0.90624,,13831.00000,439173584.00000,0,0,0,0,0,0
FleetPanorama,179,6.26150,6.01120,6.86740,0.94618,,13831.00000,439173584.00000,0,0,0,0,0,0
FleetPanorama,180,6.01560,6.58660,6.12640,0.96256,,13831.00000,439173584.00000,0,0,0,0,0,0
FleetPanorama,181,6.23710,6.01770,5.31170,0.93184,,13831.00000,439173584.00000,0,0,0,0,0,0
FleetPanorama,182,6.07560,6.87140,6.50470,0.95744,,13831.00000,439173584.00000,0,0,0,0,0,0
FleetPanorama,183,6.04301,6.13300,6.54150,0.95437,,13831.00000,439173584.00000,0,0,0,0,0,0
FleetPanorama,184,6.45350,5.31700,5.15200,0.93798,,13831.00000,439173584.00000,0,0,0,0,0,0
FleetPanorama,185,5.94230,6.50940,7.17330,0.92262,,13831.00000,439173584.00000,0,0,0,0,0,0
FleetPanorama,186,6.28890,6.54930,5.11680,0.89907,,13831.00000,439173584.00000,0,0,0,0,0,0
FleetPanorama,187,6.17241,5.15770,6.66700,0.92672,,13831.00000,439173584.00000,0,0,0,0,0,0
FleetPanorama,188,6.20120,7.17930,6.08930,0.98611,,13831.00000,439173584.00000,0,0,0,0,0,0
FleetPanorama,189,6.21940,5.12340,5.90820,0.96563,,13831.00000,439173584.00000,0,0,0,0,0,0
FleetPanorama,190,6.00410,6.67140,6.53050,0.91546,,13831.00000,439173584.00000,0,0,0,0,0,0
FleetPanorama,191,6.20430,6.09390,5.80090,0.91341,,13831.00000,439173584.00000,0,0,0,0,0,0
FleetPanorama,192,6.15420,5.91220,5.89310,0.94925,,13831.00000,439173584.00000,0,0,0,0,0,0
FleetPanorama,193,6.03720,6.53530,6.52170,0.92058,,13831.00000,439173584.00000,0,0,0,0,0,0
FleetPanorama,194,6.45840,5.80500,5.96380,0.94106,,13919.00000,439173584.00000,0,0,0,0,0,0
FleetPanorama,195,5.94750,5.89660,6.64900,0.95846,,13831.00000,439173584.00000,0,0,0,0,0,0
FleetPanorama,196,5.93690,6.52660,5.65590,0.89702,,13831.00000,439173584.00000,0,0,0,0,0,0
FleetPanorama,197,6.24590,5.96840,6.50530,0.96256,,13831.00000,439173584.00000,0,0,0,0,0,0
FleetPanorama,198,6.24480,6.65490,5.85180,0.92979,,13831.00000,439173584.00000,0,0,0,0,0,0
FleetPanorama,199,6.40620,5.66120,6.35230,0.95744,,13831.00000,439173584.00000,0,0,0,0,0,0
FleetPanorama,200,5.74650,6.50890,5.94850,0.94310,,13831.00000,439173584.00000,0,0,0,0,0,0
FleetPanorama,201,6.34170,5.85720,6.18850,0.93286,,13831.00000,439173584.00000,0,0,0,0,0,0
FleetPanorama,202,6.15090,6.35620,5.79790,0.94413,,13831.00000,439173584.00000,0,0,0,0,0,0
FleetPanorama,203,6.10820,5.95270,6.58350,0.94003,,13831.00000,439173584.00000,0,0,0,0,0,0
FleetPanorama,204,6.51400,6.19220,5.94560,0.91955,,13831.00000,439173584.00000,0,0,0,0,0,0
FleetPanorama,205,5.67630,5.80150,6.38210,0.94208,,13831.00000,439173584.00000,0,0,0,0,0,0
FleetPanorama,206,6.30000,6.58850,5.66180,0.92979,,13831.00000,439173584.00000,0,0,0,0,0,0
FleetPanorama,207,6.11660,5.95160,6.53910,0.96973,,13831.00000,439173584.00000,0,0,0,0,0,0
FleetPanorama,208,6.07270,6.38710,6.68600,0.90624,,13831.00000,439173584.00000,0,0,0,0,0,0
FleetPanorama,209,6.02430,5.66620,5.49740,0.93082,,13831.00000,439173584.00000,0,0,0,0,0,0
FleetPanorama,210,6.43510,6.54420,6.28950,0.95437,,13883.00000,439173584.00000,0,0,0,0,0,0
FleetPanorama,211,6.06520,6.69180,6.47340,0.98816,,13831.00000,439173584.00000,0,0,0,0,0,0
FleetPanorama,212,6.04210,5.50120,5.62600,0.94106,,13831.00000,439173584.00000,0,0,0,0,0,0
FleetPanorama,213,6.00970,6.29530,6.04240,0.93082,,13831.00000,439173584.00000,0,0,0,0,0,0
FleetPanorama,214,6.24480,6.47820,5.95230,0.95846,,13831.00000,439173584.00000,0,0,0,0,0,0
FleetPanorama,215,6.32870,5.63080,7.33530,0.90419,,13831.00000,439173584.00000,0,0,0,0,0,0
FleetPanorama,216,6.18330,6.04740,5.77120,0.96256,,13831.00000,439173584.00000,0,0,0,0,0,0
FleetPanorama,217,6.13320,5.95680,5.79060,0.91341,,13831.00000,439173584.00000,0,0,0,0,0,0
FleetPanorama,218,5.94050,7.34070,6.07050,0.94822,,13831.00000,439173584.00000,0,0,0,0,0,0
FleetPanorama,219,6.11450,5.77990,6.00050,0.92058,,13919.00000,439173584.00000,0,0,0,0,0,0
FleetPanorama,220,6.22910,5.79790,6.47560,0.92467,,13831.00000,439173584.00000,0,0,0,0,0,0
FleetPanorama,221,6.08900,6.07530,5.78280,0.93389,,13831.00000,439173584.00000,0,0,0,0,0,0
FleetPanorama,222,6.31020,6.00530,6.45130,0.91341,,13831.00000,439173584.00000,0,0,0,0,0,0
FleetPanorama,223,6.00560,6.48350,6.89160,0.91955,,13831.00000,439173584.00000,0,0,0,0,0,0
FleetPanorama,224,6.22070,5.78850,5.22890,0.94310,,13831.00000,439173584.00000,0,0,0,0,0,0
FleetPanorama,225,6.18550,6.45460,6.45780,0.92672,,13831.00000,439173584.00000,0,0,0,0,0,0
FleetPanorama,226,5.97990,6.89730,5.79860,0.96973,,13831.00000,439173584.00000,0,0,0,0,0,0
FleetPanorama,227,6.60281,5.23400,6.56350,0.92467,,13831.00000,439173584.00000,0,0,0,0,0,0
FleetPanorama,228,5.82489,6.46260,6.63550,0.92979,,13831.00000,439173584.00000,0,0,0,0,0,0
FleetPanorama,229,5.97820,5.80380,5.74320,0.91955,,13831.00000,439173584.00000,0,0,0,0,0,0
FleetPanorama,230,6.20060,6.56800,6.18830,0.96256,,13831.00000,439173584.00000,0,0,0,0,0,0
FleetPanorama,231,9.83110,6.64150,5.72360,0.92570,,13831.00000,439173584.00000,0,0,0,0,0,0
FleetPanorama,232,6.01660,5.74800,9.40290,0.96256,,13831.00000,439173584.00000,0,0,0,0,0,0
FleetPanorama,233,6.13620,6.19560,7.56020,0.91238,,13831.00000,439173584.00000,0,0,0,0,0,0
FleetPanorama,234,6.38920,5.72830,4.92750,0.93798,,13831.00000,439173584.00000,0,0,0,0,0,0
FleetPanorama,235,5.96440,9.40820,6.70340,0.92467,,13831.00000,439173584.00000,0,0,0,0,0,0
FleetPanorama,236,6.27490,7.56600,5.33990,0.91546,,13831.00000,439173584.00000,0,0,0,0,0,0
FleetPanorama,237,6.13160,4.93230,6.23790,0.96154,,13831.00000,439173584.00000,0,0,0,0,0,0
FleetPanorama,238,6.04540,6.70940,6.81590,0.93286,,13831.00000,439173584.00000,0,0,0,0,0,0
FleetPanorama,239,6.27290,5.34470,5.38850,0.91136,,13831.00000,439173584.00000,0,0,0,0,0,0
FleetPanorama,240,6.04580,6.24210,6.72850,0.96154,,13831.00000,439173584.00000,0,0,0,0,0,0
FleetPanorama,241,6.13170,6.82230,5.31730,0.92467,,13831.00000,439173584.00000,0,0,0,0,0,0
FleetPanorama,242,6.30990,5.39380,6.44740,0.91136,,13831.00000,439173584.00000,0,0,0,0,0,0
FleetPanorama,243,6.14300,6.73310,6.19870,0.93696,,13971.00000,439173584.00000,0,0,0,0,0,0
FleetPanorama,244,5.93540,5.32220,6.48510,0.95846,,13831.00000,439173584.00000,0,0,0,0,0,0
FleetPanorama,245,6.37840,6.45100,5.64320,0.90726,,13831.00000,439173584.00000,0,0,0,0,0,0
FleetPanorama,246,5.96500,6.20540,6.93100,0.92160,,13831.00000,439173584.00000,0,0,0,0,0,0
FleetPanorama,247,6.19750,6.48970,5.65170,0.96154,,13831.00000,439173584.00000,0,0,0,0,0,0
FleetPanorama,248,6.22090,5.64880,5.83820,0.93491,,13831.00000,439173584.00000,0,0,0,0,0,0
FleetPanorama,249,6.08620,6.93610,6.09760,0.91136,,13831.00000,439173584.00000,0,0,0,0,0,0
FleetPanorama,250,6.33050,5.65560,6.47590,0.92774,,13831.00000,439173584.00000,0,0,0,0,0,0
FleetPanorama,251,6.19960,5.84250,6.26050,0.93389,,13831.00000,439173584.00000,0,0,0,0,0,0
FleetPanorama,252,6.15710,6.10220,6.29510,0.90419,,13831.00000,439173584.00000,0,0,0,0,0,0
FleetPanorama,253,6.16000,6.47980,6.39000,0.95437,,13831.00000,439173584.00000,0,0,0,0,0,0
FleetPanorama,254,5.94410,6.26490,5.56260,0.94310,,13831.00000,439173584.00000,0,0,0,0,0,0
FleetPanorama,255,6.25820,6.30000,6.51140,0.96870,,13831.00000,439173584.00000,0,0,0,0,0,0
FleetPanorama,256,6.17020,6.39490,5.88570,0.95334,,13831.00000,439173584.00000,0,0,0,0,0,0
FleetPanorama,257,6.01250,5.56690,6.01190,0.94106,,13831.00000,439173584.00000,0,0,0,0,0,0
FleetPanorama,258,6.27790,6.51650,6.67370,0.96358,,13831.00000,439173584.00000,0,0,0,0,0,0
FleetPanorama,259,6.25590,5.88960,6.02490,0.93389,,13831.00000,439173584.00000,0,0,0,0,0,0
FleetPanorama,260,6.05210,6.01600,7.05530,0.89088,,13831.00000,439173584.00000,0,0,0,0,0,0
FleetPanorama,261,6.30660,6.67970,5.68680,0.92160,,13831.00000,439173584.00000,0,0,0,0,0,0
FleetPanorama,262,6.13130,6.03070,5.77710,0.94310,,13831.00000,439173584.00000,0,0,0,0,0,0
FleetPanorama,263,6.07659,7.06650,6.59470,0.93286,,13831.00000,439173584.00000,0,0,0,0,0,0
FleetPanorama,264,6.27511,5.69960,5.37760,0.97690,,13831.00000,439173584.00000,0,0,0,0,0,0
FleetPanorama,265,6.16090,5.78180,6.13720,0.93696,,13831.00000,439173584.00000,0,0,0,0,0,0
FleetPanorama,266,6.12130,6.60110,6.96610,0.94618,,13831.00000,439173584.00000,0,0,0,0,0,0
FleetPanorama,267,6.11460,5.38310,5.93340,0.93594,,13831.00000,439173584.00000,0,0,0,0,0,0
FleetPanorama,268,6.17800,6.14130,5.86320,0.93901,,13919.00000,439173584.00000,0,0,0,0,0,0
FleetPanorama,269,6.18771,6.97020,5.76570,0.92774,,13831.00000,439173584.00000,0,0,0,0,0,0
FleetPanorama,270,5.92890,5.93740,6.27410,0.95846,,13831.00000,439173584.00000,0,0,0,0,0,0
FleetPanorama,271,6.38570,5.86790,5.96240,0.94208,,13831.00000,439173584.00000,0,0,0,0,0,0
FleetPanorama,272,6.13410,5.77000,6.27940,0.95846,,13831.00000,439173584.00000,0,0,0,0,0,0
FleetPanorama,273,6.03090,6.27800,6.73890,0.92365,,13831.00000,439173584.00000,0,0,0,0,0,0
FleetPanorama,274,6.15000,5.96660,5.55910,0.91341,,13831.00000,439173584.00000,0,0,0,0,0,0
FleetPanorama,275,6.29050,6.28390,5.81740,0.91955,,13831.00000,439173584.00000,0,0,0,0,0,0
FleetPanorama,276,6.07670,6.74310,6.66960,0.94720,,13883.00000,439173584.00000,0,0,0,0,0,0
FleetPanorama,277,6.19060,5.56320,6.08650,0.94003,,13831.00000,439173584.00000,0,0,0,0,0,0
FleetPanorama,278,6.14530,5.82090,6.70300,0.90726,,13831.00000,439173584.00000,0,0,0,0,0,0
FleetPanorama,279,5.95680,6.67460,5.52270,0.95232,,13831.00000,439173584.00000,0,0,0,0,0,0
FleetPanorama,280,6.63390,6.09160,5.80790,0.95846,,13831.00000,439173584.00000,0,0,0,0,0,0
FleetPanorama,281,5.87640,6.70730,6.70070,0.93798,,13831.00000,439173584.00000,0,0,0,0,0,0
FleetPanorama,282,6.42000,5.52750,6.17410,0.92262,,13831.00000,439173584.00000,0,0,0,0,0,0
FleetPanorama,283,6.01939,5.81140,6.84380,0.92365,,13831.00000,439173584.00000,0,0,0,0,0,0
FleetPanorama,284,5.97820,6.70530,5.59160,0.89498,,13831.00000,439173584.00000,0,0,0,0,0,0
FleetPanorama,285,6.25820,6.17780,5.59010,0.97792,,13831.00000,439173584.00000,0,0,0,0,0,0
FleetPanorama,286,6.15570,6.84900,7.07550,0.93594,,13831.00000,439173584.00000,0,0,0,0,0,0
FleetPanorama,287,6.19110,5.60080,5.33820,0.91546,,13831.00000,439173584.00000,0,0,0,0,0,0
FleetPanorama,288,6.07839,5.59380,6.48880,0.95437,,13831.00000,439173584.00000,0,0,0,0,0,0
FleetPanorama,289,6.15760,7.08410,5.81780,0.92774,,13831.00000,439173584.00000,0,0,0,0,0,0
FleetPanorama,290,6.10150,5.34430,6.22740,0.90112,,13831.00000,439173584.00000,0,0,0,0,0,0
FleetPanorama,291,6.20110,6.49340,6.28730,0.94822,,13831.00000,439173584.00000,0,0,0,0,0,0
FleetPanorama,292,6.11030,5.82190,5.79980,0.89498,,13831.00000,439173584.00000,0,0,0,0,0,0
FleetPanorama,293,6.17330,6.23140,6.45430,0.91546,,13919.00000,439173584.00000,0,0,0,0,0,0
FleetPanorama,294,5.86670,6.29260,6.01470,0.95027,,13831.00000,439173584.00000,0,0,0,0,0,0
FleetPanorama,295,6.38520,5.80380,5.51960,0.95744,,13831.00000,439173584.00000,0,0,0,0,0,0
FleetPanorama,296,6.45310,6.45940,7.48890,0.88064,,13831.00000,439173584.00000,0,0,0,0,0,0
FleetPanorama,297,6.09460,6.01830,5.67470,0.97075,,13831.00000,439173584.00000,0,0,0,0,0,0
FleetPanorama,298,6.37260,5.52340,6.22880,0.94618,,13831.00000,439173584.00000,0,0,0,0,0,0
FleetPanorama,299,5.85060,7.49390,6.69450,0.93082,,13831.00000,439173584.00000,0,0,0,0,0,0
FleetPanorama,300,6.13900,5.67900,5.42800,0.94822,,13831.00000,439173584.00000,0,0,0,0,0,0
FleetPanorama,301,10.84990,6.23330,6.51790,0.96973,,13831.00000,439173584.00000,0,0,0,0,0,0
FleetPanorama,302,6.36610,6.69840,10.22450,0.93901,,13831.00000,439173584.00000,0,0,0,0,0,0
FleetPanorama,303,5.88320,5.43150,6.67070,0.88371,,13831.00000,439173584.00000,0,0,0,0,0,0
FleetPanorama,304,6.58510,6.52270,6.16700,0.90829,,13831.00000,439173584.00000,0,0,0,0,0,0
FleetPanorama,305,5.80580,10.22790,6.78830,0.90931,,13831.00000,439173584.00000,0,0,0,0,0,0
FleetPanorama,306,6.41769,6.67480,5.14280,0.96666,,13831.00000,439173584.00000,0,0,0,0,0,0
FleetPanorama,307,6.06081,6.17080,6.68830,0.91648,,13831.00000,439173584.00000,0,0,0,0,0,0
FleetPanorama,308,6.01710,6.79260,5.59630,0.92262,,13883.00000,439173584.00000,0,0,0,0,0,0
FleetPanorama,309,6.16020,5.14680,6.07850,0.90931,,13831.00000,439173584.00000,0,0,0,0,0,0
FleetPanorama,310,6.32380,6.69200,6.54630,0.96154,,13831.00000,439173584.00000,0,0,0,0,0,0
FleetPanorama,311,6.10180,5.60040,6.24970,0.91955,,13831.00000,439173584.00000,0,0,0,0,0,0
FleetPanorama,312,6.02130,6.08200,5.97140,0.96256,,13831.00000,439173584.00000,0,0,0,0,0,0
FleetPanorama,313,6.30080,6.55120,6.08350,0.92672,,13831.00000,439173584.00000,0,0,0,0,0,0
FleetPanorama,314,6.18360,6.25360,6.12100,0.93798,,13831.00000,439173584.00000,0,0,0,0,0,0
FleetPanorama,315,6.12780,5.97530,6.12970,0.96768,,13831.00000,439173584.00000,0,0,0,0,0,0
FleetPanorama,316,6.10460,6.08780,5.99110,0.93901,,13831.00000,439173584.00000,0,0,0,0,0,0
FleetPanorama,317,6.00721,6.12480,6.80000,0.95949,,13919.00000,439173584.00000,0,0,0,0,0,0
FleetPanorama,318,6.28639,6.13440,5.36480,0.95334,,13831.00000,439173584.00000,0,0,0,0,0,0
FleetPanorama,319,6.13760,5.99580,6.54180,0.92467,,13831.00000,439173584.00000,0,0,0,0,0,0
FleetPanorama,320,6.13810,6.80380,6.41580,0.92774,,13831.00000,439173584.00000,0,0,0,0,0,0
FleetPanorama,321,6.08760,5.36930,5.88610,0.95949,,13831.00000,439173584.00000,0,0,0,0,0,0
FleetPanorama,322,5.99320,6.54530,5.81700,0.93389,,13831.00000,439173584.00000,0,0,0,0,0,0
FleetPanorama,323,6.35840,6.42350,6.61350,0.92262,,13831.00000,439173584.00000,0,0,0,0,0,0
FleetPanorama,324,6.08160,5.89270,6.57560,0.96870,,13831.00000,439173584.00000,0,0,0,0,0,0
FleetPanorama,325,6.03200,5.82100,5.83450,0.95539,,13831.00000,439173584.00000,0,0,0,0,0,0
FleetPanorama,326,6.18480,6.61920,5.77230,0.93082,,13831.00000,439173584.00000,0,0,0,0,0,0
FleetPanorama,327,6.17320,6.58010,6.14670,0.94618,,13831.00000,439173584.00000,0,0,0,0,0,0
FleetPanorama,328,6.23380,5.84120,6.82250,0.96768,,13831.00000,439173584.00000,0,0,0,0,0,0
FleetPanorama,329,6.16450,5.77640,5.61640,0.92877,,13831.00000,439173584.00000,0,0,0,0,0,0
FleetPanorama,330,6.14480,6.15050,6.88550,0.93594,,19157.00000,439697872.00000,0,0,0,0,0,0
FleetPanorama,331,6.00050,6.82880,5.95380,0.93594,,13831.00000,440074704.00000,0,0,0,0,0,0
FleetPanorama,332,6.53400,5.62120,5.86150,0.94106,,13831.00000,440238544.00000,0,0,0,0,0,0
FleetPanorama,333,5.91510,6.89040,6.94000,1.00147,,13831.00000,440238544.00000,0,0,0,0,0,0
FleetPanorama,334,6.10410,5.95990,5.34630,1.00045,,13831.00000,440402384.00000,0,0,0,0,0,0
FleetPanorama,335,5.99359,5.86660,6.12190,0.91034,,13831.00000,440238544.00000,0,0,0,0,0,0
FleetPanorama,336,10.24530,6.94470,5.48650,1.77869,,13831.00000,440320464.00000,0,0,0,0,0,0
FleetPanorama,337,6.12960,5.35100,10.28090,1.76333,,13831.00000,440238544.00000,0,0,0,0,0,0
FleetPanorama,338,6.12230,6.12630,5.90790,0.90624,,13831.00000,440156624.00000,0,0,0,0,0,0
FleetPanorama,339,6.23570,5.49090,6.06190,0.96358,,13831.00000,440074704.00000,0,0,0,0,0,0
FleetPanorama,340,6.08800,10.44420,6.42220,1.77664,,13883.00000,440074704.00000,0,0,0,0,0,0
FleetPanorama,341,6.02500,5.91210,6.29180,0.94003,,13919.00000,440074704.00000,0,0,0,0,0,0
FleetPanorama,342,6.17820,6.22840,5.71540,0.90624,,13831.00000,440074704.00000,0,0,0,0,0,0
FleetPanorama,343,6.25911,6.42710,6.21080,0.99021,,13831.00000,439812560.00000,0,0,0,0,0,0
FleetPanorama,344,6.52550,6.29670,6.26500,0.94515,,13831.00000,439812560.00000,0,0,0,0,0,0
FleetPanorama,345,5.66190,5.71900,6.45380,0.93696,,13831.00000,439812560.00000,0,0,0,0,0,0
FleetPanorama,346,6.16091,6.21550,5.50780,0.95539,,13831.00000,439812560.00000,0,0,0,0,0,0
FleetPanorama,347,5.95640,6.26890,6.00960,0.94618,,13831.00000,439173584.00000,0,0,0,0,0,0
FleetPanorama,348,7.41960,6.45890,6.23330,0.96358,,13831.00000,439173584.00000,0,0,0,0,0,0
FleetPanorama,349,4.87840,5.51180,7.16410,0.92365,,13831.00000,439173584.00000,0,0,0,0,0,0
FleetPanorama,350,6.35470,6.01330,5.63190,0.96358,,13831.00000,439173584.00000,0,0,0,0,0,0
FleetPanorama,351,5.97210,6.24060,5.78260,0.97997,,13831.00000,439173584.00000,0,0,0,0,0,0
FleetPanorama,352,6.19760,7.16990,6.12020,0.95949,,13831.00000,439173584.00000,0,0,0,0,0,0
FleetPanorama,353,6.19380,5.63690,5.80590,0.96461,,13831.00000,439173584.00000,0,0,0,0,0,0
FleetPanorama,354,5.95350,5.78700,6.43710,0.95334,,13831.00000,439173584.00000,0,0,0,0,0,0
FleetPanorama,355,6.12600,6.12430,6.15630,0.95949,,13831.00000,439173584.00000,0,0,0,0,0,0
FleetPanorama,356,6.25740,5.81050,6.07880,0.92160,,13831.00000,439173584.00000,0,0,0,0,0,0
FleetPanorama,357,6.13330,6.44050,5.97680,0.98816,,13831.00000,439173584.00000,0,0,0,0,0,0
FleetPanorama,358,6.16049,6.16100,6.07270,0.96768,,13831.00000,439173584.00000,0,0,0,0,0,0
FleetPanorama,359,6.12071,6.08310,6.31770,0.96461,,13831.00000,439173584.00000,0,0,0,0,0,0
FleetPanorama,360,5.99140,5.98040,6.23820,0.94720,,13831.00000,439173584.00000,0,0,0,0,0,0
FleetPanorama,361,6.24000,6.07760,5.84440,0.92160,,13831.00000,439173584.00000,0,0,0,0,0,0
FleetPanorama,362,5.97780,6.32160,6.04780,0.95130,,13831.00000,439173584.00000,0,0,0,0,0,0
FleetPanorama,363,6.38560,6.24280,6.17850,0.95949,,13831.00000,439173584.00000,0,0,0,0,0,0
FleetPanorama,364,6.06200,5.84880,6.66740,0.92467,,13831.00000,439173584.00000,0,0,0,0,0,0
FleetPanorama,365,6.13630,6.05010,5.53530,0.93286,,13831.00000,439173584.00000,0,0,0,0,0,0
FleetPanorama,366,6.17580,6.18260,6.78650,0.95027,,13919.00000,439173584.00000,0,0,0,0,0,0
FleetPanorama,367,9.46950,6.67140,5.85890,0.93594,,13831.00000,439173584.00000,0,0,0,0,0,0
FleetPanorama,368,2.64560,5.54050,9.23150,0.90829,,13831.00000,439091664.00000,0,0,0,0,0,0
FleetPanorama,369,6.34830,6.79090,2.45610,0.94515,,13831.00000,439091664.00000,0,0,0,0,0,0
FleetPanorama,370,6.11510,5.88090,6.99850,0.94106,,13831.00000,439091664.00000,0,0,0,0,0,0
FleetPanorama,371,6.08360,9.23610,5.54030,0.95027,,13831.00000,439173584.00000,0,0,0,0,0,0
FleetPanorama,372,6.06870,2.45980,6.63750,0.90522,,13831.00000,439173584.00000,0,0,0,0,0,0
FleetPanorama,373,6.35640,7.00330,5.69530,0.94003,,13883.00000,439173584.00000,0,0,0,0,0,0
FleetPanorama,374,6.12060,5.54490,6.89170,0.92160,,13831.00000,439173584.00000,0,0,0,0,0,0
FleetPanorama,375,6.08570,6.64180,5.78360,0.90419,,13831.00000,439173584.00000,0,0,0,0,0,0
FleetPanorama,376,5.96531,5.70210,5.65120,0.93696,,13831.00000,439173584.00000,0,0,0,0,0,0
FleetPanorama,377,6.17410,6.89680,6.10690,0.93696,,13831.00000,439173584.00000,0,0,0,0,0,0
FleetPanorama,378,6.26960,5.78840,6.28950,0.90112,,13831.00000,439173584.00000,0,0,0,0,0,0
FleetPanorama,379,6.01160,5.65580,6.41560,0.90829,,13831.00000,439173584.00000,0,0,0,0,0,0
FleetPanorama,380,6.25010,6.11120,5.71820,0.89907,,13831.00000,439173584.00000,0,0,0,0,0,0
FleetPanorama,381,6.81100,6.29510,7.54590,0.92979,,13831.00000,439173584.00000,0,0,0,0,0,0
FleetPanorama,382,5.91980,6.41990,6.78320,0.92262,,13831.00000,439173584.00000,0,0,0,0,0,0
FleetPanorama,383,6.28170,5.72300,5.20760,0.94822,,13831.00000,439173584.00000,0,0,0,0,0,0
FleetPanorama,384,6.02970,7.55190,6.04120,0.90931,,13831.00000,439173584.00000,0,0,0,0,0,0
FleetPanorama,385,6.25270,6.79170,6.07010,0.91443,,13831.00000,439173584.00000,0,0,0,0,0,0
FleetPanorama,386,6.12770,5.21300,6.28440,0.91853,,13831.00000,439173584.00000,0,0,0,0,0,0
FleetPanorama,387,6.05010,6.04570,5.77720,0.89805,,13831.00000,439173584.00000,0,0,0,0,0,0
FleetPanorama,388,6.19750,6.08020,6.01330,0.92160,,13831.00000,439173584.00000,0,0,0,0,0,0
FleetPanorama,389,6.21940,6.29090,6.23720,0.93798,,13831.00000,439173584.00000,0,0,0,0,0,0
FleetPanorama,390,6.16220,5.78190,6.77790,0.90317,,13831.00000,439173584.00000,0,0,0,0,0,0
FleetPanorama,391,6.07680,6.01850,6.02240,0.90624,,13919.00000,439173584.00000,0,0,0,0,0,0
FleetPanorama,392,6.14889,6.24220,5.93230,0.89805,,13831.00000,439173584.00000,0,0,0,0,0,0
FleetPanorama,393,6.31390,6.78370,5.69870,0.92467,,13831.00000,439173584.00000,0,0,0,0,0,0
FleetPanorama,394,6.15420,6.02740,6.39040,0.92570,,13831.00000,439173584.00000,0,0,0,0,0,0
FleetPanorama,395,6.00560,5.93630,6.23700,0.93184,,13831.00000,439173584.00000,0,0,0,0,0,0
FleetPanorama,396,6.40450,5.70310,6.29660,0.91341,,13831.00000,439173584.00000,0,0,0,0,0,0
FleetPanorama,397,6.08770,6.39430,6.57850,0.94413,,13831.00000,439173584.00000,0,0,0,0,0,0
FleetPanorama,398,6.04401,6.24940,5.39350,0.92672,,13831.00000,439173584.00000,0,0,0,0,0,0
FleetPanorama,399,6.16460,6.30310,6.57300,0.93082,,13831.00000,439173584.00000,0,0,0,0,0,0
FleetPanorama,400,6.16980,6.58280,5.93360,0.91750,,13831.00000,439173584.00000,0,0,0,0,0,0
FleetPanorama,401,5.92940,5.39810,5.83500,0.93491,,13831.00000,439173584.00000,0,0,0,0,0,0
FleetPanorama,402,6.36930,6.57730,6.15510,0.91955,,13831.00000,439173584.00000,0,0,0,0,0,0
FleetPanorama,403,6.22370,5.93780,6.18370,0.91341,,13831.00000,439173584.00000,0,0,0,0,0,0
FleetPanorama,404,5.87070,5.83930,6.20260,0.94003,,13831.00000,439173584.00000,0,0,0,0,0,0
FleetPanorama,405,6.40100,6.15850,7.05290,0.94720,,13831.00000,439173584.00000,0,0,0,0,0,0
FleetPanorama,406,6.07220,6.18790,5.72610,0.93594,,13883.00000,439173584.00000,0,0,0,0,0,0
FleetPanorama,407,6.14900,6.20600,6.10000,0.97382,,13831.00000,439173584.00000,0,0,0,0,0,0
FleetPanorama,408,6.32420,7.05850,5.62360,0.91648,,13831.00000,439173584.00000,0,0,0,0,0,0
FleetPanorama,409,5.99970,5.73080,6.33480,0.98099,,13831.00000,439173584.00000,0,0,0,0,0,0
FleetPanorama,410,6.24670,6.10630,6.09280,0.94208,,13831.00000,439173584.00000,0,0,0,0,0,0
FleetPanorama,411,6.08640,5.62730,7.03540,0.94720,,13831.00000,439173584.00000,0,0,0,0,0,0
FleetPanorama,412,6.24940,6.33840,5.72720,0.90624,,13831.00000,439173584.00000,0,0,0,0,0,0
FleetPanorama,413,5.94520,6.09640,5.91170,0.96666,,13831.00000,439173584.00000,0,0,0,0,0,0
FleetPanorama,414,6.10000,7.04010,5.70370,0.94515,,13831.00000,439173584.00000,0,0,0,0,0,0
FleetPanorama,415,6.36040,5.73130,6.53380,0.93798,,13831.00000,439173584.00000,0,0,0,0,0,0
FleetPanorama,416,5.89449,5.91600,5.90990,0.91443,,13919.00000,439173584.00000,0,0,0,0,0,0
FleetPanorama,417,6.40760,5.71490,6.67970,0.91750,,13831.00000,439173584.00000,0,0,0,0,0,0
FleetPanorama,418,6.00390,6.53690,6.18580,0.91034,,13831.00000,439173584.00000,0,0,0,0,0,0
FleetPanorama,419,6.13130,5.91390,5.52240,0.95130,,13831.00000,439173584.00000,0,0,0,0,0,0
FleetPanorama,420,5.99530,6.68380,6.11580,0.91955,,13831.00000,439173584.00000,0,0,0,0,0,0
FleetPanorama,421,6.22140,6.19060,6.22570,0.96666,,13831.00000,439173584.00000,0,0,0,0,0,0
FleetPanorama,422,6.17630,5.52760,6.08590,0.91443,,13831.00000,439173584.00000,0,0,0,0,0,0
FleetPanorama,423,6.19420,6.11980,6.34470,0.91853,,13831.00000,439173584.00000,0,0,0,0,0,0
FleetPanorama,424,6.17400,6.23020,6.27100,0.92262,,13831.00000,439173584.00000,0,0,0,0,0,0
FleetPanorama,425,5.89910,6.08970,5.76480,0.95744,,13831.00000,439173584.00000,0,0,0,0,0,0
FleetPanorama,426,6.35910,6.35090,6.26220,0.93491,,13831.00000,439173584.00000,0,0,0,0,0,0
FleetPanorama,427,6.01090,6.27590,5.99550,0.91443,,13831.00000,439173584.00000,0,0,0,0,0,0
FleetPanorama,428,6.10551,5.76860,6.10290,0.91443,,13831.00000,439173584.00000,0,0,0,0,0,0
FleetPanorama,429,6.03780,6.26800,6.49440,0.94413,,13831.00000,439173584.00000,0,0,0,0,0,0
FleetPanorama,430,6.12250,5.99960,6.14620,0.93491,,13831.00000,439173584.00000,0,0,0,0,0,0
FleetPanorama,431,6.33320,6.10830,5.60880,0.93696,,13831.00000,439173584.00000,0,0,0,0,0,0
FleetPanorama,432,5.97890,6.50050,6.79510,0.94208,,13831.00000,439173584.00000,0,0,0,0,0,0
FleetPanorama,433,6.19539,6.15100,5.60430,0.95437,,13831.00000,439173584.00000,0,0,0,0,0,0
FleetPanorama,434,6.30840,5.61410,6.33930,0.91648,,13831.00000,439173584.00000,0,0,0,0,0,0
FleetPanorama,435,6.45810,6.79950,6.39230,0.93696,,13831.00000,439173584.00000,0,0,0,0,0,0
FleetPanorama,436,6.19450,5.60910,6.01580,0.94822,,13831.00000,439173584.00000,0,0,0,0,0,0
FleetPanorama,437,6.13770,6.34530,6.28120,0.93286,,13831.00000,439173584.00000,0,0,0,0,0,0
FleetPanorama,438,6.14200,6.39770,5.95240,0.89395,,13831.00000,439173584.00000,0,0,0,0,0,0
FleetPanorama,439,5.98950,6.02070,6.20910,0.90726,,13883.00000,439173584.00000,0,0,0,0,0,0
FleetPanorama,440,6.25570,6.28650,5.92920,0.89088,,13831.00000,439173584.00000,0,0,0,0,0,0
FleetPanorama,441,5.98900,5.95610,6.80230,0.91546,,13919.00000,439173584.00000,0,0,0,0,0,0
FleetPanorama,442,6.24260,6.21350,5.53390,0.93594,,13831.00000,439173584.00000,0,0,0,0,0,0
FleetPanorama,443,6.06990,5.93320,6.28790,0.93696,,13831.00000,439173584.00000,0,0,0,0,0,0
FleetPanorama,444,6.36610,6.80690,6.11350,0.92160,,13831.00000,439173584.00000,0,0,0,0,0,0
FleetPanorama,445,6.26361,5.53800,6.22090,0.92467,,13831.00000,439173584.00000,0,0,0,0,0,0
FleetPanorama,446,6.02990,6.29160,6.34690,0.91443,,13831.00000,439173584.00000,0,0,0,0,0,0
FleetPanorama,447,6.05810,6.11940,5.82750,0.94925,,13831.00000,439173584.00000,0,0,0,0,0,0
FleetPanorama,448,6.06670,6.22490,6.00600,0.96051,,13831.00000,439173584.00000,0,0,0,0,0,0
FleetPanorama,449,6.35560,6.35150,6.38890,0.94618,,13831.00000,439173584.00000,0,0,0,0,0,0
FleetPanorama,450,6.17910,5.83130,6.24100,0.93184,,13831.00000,439173584.00000,0,0,0,0,0,0
FleetPanorama,451,6.09840,6.00970,6.76940,0.90317,,13831.00000,439173584.00000,0,0,0,0,0,0
FleetPanorama,452,6.13300,6.39350,5.41840,0.90829,,13831.00000,439173584.00000,0,0,0,0,0,0
FleetPanorama,453,5.90670,6.24410,6.07490,0.94822,,13831.00000,439173584.00000,0,0,0,0,0,0
FleetPanorama,454,6.36120,6.77400,6.36860,0.92877,,13831.00000,439173584.00000,0,0,0,0,0,0
FleetPanorama,455,6.22500,5.42210,6.17280,0.92877,,13831.00000,439173584.00000,0,0,0,0,0,0
FleetPanorama,456,6.05160,6.07930,6.63430,0.95744,,13831.00000,439173584.00000,0,0,0,0,0,0
FleetPanorama,457,6.17209,6.37280,5.89120,0.91853,,13831.00000,439173584.00000,0,0,0,0,0,0
FleetPanorama,458,5.99100,6.17670,5.84300,0.96154,,13831.00000,439173584.00000,0,0,0,0,0,0
FleetPanorama,459,6.29080,6.63930,5.85660,0.96256,,13831.00000,439173584.00000,0,0,0,0,0,0
FleetPanorama,460,6.00030,5.89580,6.24620,0.92570,,13831.00000,439173584.00000,0,0,0,0,0,0
FleetPanorama,461,6.27190,5.84690,6.66110,0.92979,,13831.00000,439173584.00000,0,0,0,0,0,0
FleetPanorama,462,5.94260,5.86170,6.17990,0.97075,,13831.00000,439173584.00000,0,0,0,0,0,0
FleetPanorama,463,6.20700,6.25030,6.25900,0.94106,,13831.00000,439173584.00000,0,0,0,0,0,0
FleetPanorama,464,6.23530,6.66550,5.40480,0.93082,,13831.00000,439173584.00000,0,0,0,0,0,0
FleetPanorama,465,6.37790,6.18380,6.30050,0.95437,,13831.00000,439173584.00000,0,0,0,0,0,0
FleetPanorama,466,5.75700,6.26270,6.39430,0.94003,,13919.00000,439173584.00000,0,0,0,0,0,0
FleetPanorama,467,6.33930,5.40940,6.22720,0.95130,,13831.00000,439173584.00000,0,0,0,0,0,0
FleetPanorama,468,6.02790,6.30430,5.73000,0.92570,,13831.00000,439173584.00000,0,0,0,0,0,0
FleetPanorama,469,6.24810,6.39860,6.01700,0.89907,,13831.00000,439173584.00000,0,0,0,0,0,0
FleetPanorama,470,6.03070,6.22980,6.90220,0.92262,,13831.00000,439173584.00000,0,0,0,0,0,0
FleetPanorama,471,6.29420,5.73360,6.05050,0.98304,,13831.00000,439173584.00000,0,0,0,0,0,0
FleetPanorama,472,6.14580,6.02120,5.79940,0.92160,,13883.00000,439173584.00000,0,0,0,0,0,0
FleetPanorama,473,5.94180,6.90620,6.22490,0.91546,,13831.00000,439173584.00000,0,0,0,0,0,0
FleetPanorama,474,6.35070,6.05590,6.11060,0.95232,,13831.00000,439173584.00000,0,0,0,0,0,0
FleetPanorama,475,6.24800,5.80310,6.17320,0.90931,,13831.00000,439173584.00000,0,0,0,0,0,0
FleetPanorama,476,6.03110,6.22880,6.36750,0.93491,,13831.00000,439173584.00000,0,0,0,0,0,0
FleetPanorama,477,5.96000,6.11500,5.74720,0.94925,,13831.00000,439173584.00000,0,0,0,0,0,0
FleetPanorama,478,6.24990,6.17690,5.66620,0.92467,,13831.00000,439173584.00000,0,0,0,0,0,0
FleetPanorama,479,6.10760,6.37230,6.99240,0.95949,,13831.00000,439173584.00000,0,0,0,0,0,0
FleetPanorama,480,6.25190,5.75150,5.78710,0.95437,,13831.00000,439173584.00000,0,0,0,0,0,0
FleetPanorama,481,6.14391,5.67030,6.89020,0.92467,,13831.00000,439173584.00000,0,0,0,0,0,0
FleetPanorama,482,6.10470,6.99730,5.17130,0.93389,,13831.00000,439173584.00000,0,0,0,0,0,0
FleetPanorama,483,6.14140,5.79150,6.07690,0.96768,,13831.00000,439173584.00000,0,0,0,0,0,0
FleetPanorama,484,6.11550,6.89490,6.40340,0.94822,,13831.00000,439173584.00000,0,0,0,0,0,0
FleetPanorama,485,6.00249,5.17430,5.84230,0.96768,,13831.00000,439173584.00000,0,0,0,0,0,0
FleetPanorama,486,6.25291,6.08040,6.52670,0.92262,,13831.00000,439173584.00000,0,0,0,0,0,0
FleetPanorama,487,6.13580,6.40770,6.00690,0.93696,,13831.00000,439173584.00000,0,0,0,0,0,0
FleetPanorama,488,6.00330,5.84580,5.76110,0.92672,,13831.00000,439173584.00000,0,0,0,0,0,0
FleetPanorama,489,6.27691,6.53040,6.14920,0.92058,,13831.00000,439173584.00000,0,0,0,0,0,0
FleetPanorama,490,6.08940,6.01060,6.32570,0.93696,,13831.00000,439173584.00000,0,0,0,0,0,0
FleetPanorama,491,6.14250,5.76410,6.08200,0.96563,,13919.00000,439173584.00000,0,0,0,0,0,0
FleetPanorama,492,6.13170,6.15880,6.34760,0.95130,,13831.00000,439173584.00000,0,0,0,0,0,0
FleetPanorama,493,6.44120,6.33040,5.81310,0.98304,,13831.00000,439173584.00000,0,0,0,0,0,0
FleetPanorama,494,6.23360,6.08620,6.67830,0.90931,,13831.00000,439173584.00000,0,0,0,0,0,0
FleetPanorama,495,6.25630,6.35150,6.22220,0.97690,,13831.00000,439173584.00000,0,0,0,0,0,0
FleetPanorama,496,6.19320,5.81700,6.53760,0.95642,,13831.00000,439173584.00000,0,0,0,0,0,0
FleetPanorama,497,6.00490,6.68370,6.43230,0.93798,,13831.00000,439173584.00000,0,0,0,0,0,0
FleetPanorama,498,5.96660,6.22620,5.34610,0.93082,,13831.00000,439173584.00000,0,0,0,0,0,0
FleetPanorama,499,6.12990,6.54230,5.99640,0.90931,,13831.00000,439173584.00000,0,0,0,0,0,0
FleetPanorama,500,6.30020,6.43630,6.52790,0.92262,,13831.00000,439173584.00000,0,0,0,0,0,0
FleetPanorama,501,6.15040,5.35120,5.86430,0.96358,,13831.00000,439173584.00000,0,0,0,0,0,0
FleetPanorama,502,6.18840,6.00050,6.30080,0.93594,,13831.00000,439173584.00000,0,0,0,0,0,0
FleetPanorama,503,5.95220,6.53160,5.96170,0.94822,,13831.00000,439173584.00000,0,0,0,0,0,0
FleetPanorama,504,6.33240,5.86810,6.89720,0.96256,,13831.00000,439173584.00000,0,0,0,0,0,0
FleetPanorama,505,6.12910,6.30480,6.47410,0.94822,,13883.00000,439173584.00000,0,0,0,0,0,0
FleetPanorama,506,5.96830,5.96590,4.86970,0.93389,,13831.00000,439173584.00000,0,0,0,0,0,0
FleetPanorama,507,6.24280,6.90180,6.31190,0.94822,,13831.00000,439173584.00000,0,0,0,0,0,0
FleetPanorama,508,6.22820,6.48130,6.54570,0.93798,,13831.00000,439173584.00000,0,0,0,0,0,0
FleetPanorama,509,6.21059,4.87380,6.99620,0.94310,,13831.00000,439173584.00000,0,0,0,0,0,0
FleetPanorama,510,6.15960,6.31640,5.19600,0.94515,,13831.00000,439173584.00000,0,0,0,0,0,0
FleetPanorama,511,6.16440,6.55000,5.80110,0.93286,,13831.00000,439173584.00000,0,0,0,0,0,0
FleetPanorama,512,6.11150,7.00070,6.63420,0.91955,,13831.00000,439173584.00000,0,0,0,0,0,0
FleetPanorama,513,5.95130,5.19960,5.71070,0.95539,,13831.00000,439173584.00000,0,0,0,0,0,0
FleetPanorama,514,6.37380,5.80560,6.79670,0.91955,,13831.00000,439173584.00000,0,0,0,0,0,0
FleetPanorama,515,6.19800,6.64010,5.70880,0.92877,,13831.00000,439173584.00000,0,0,0,0,0,0
FleetPanorama,516,5.90980,5.71530,5.94840,0.94515,,13919.00000,439173584.00000,0,0,0,0,0,0
FleetPanorama,517,6.29910,6.80080,6.83050,0.94106,,13831.00000,439173584.00000,0,0,0,0,0,0
FleetPanorama,518,6.15130,5.71250,5.51890,0.90829,,13831.00000,439173584.00000,0,0,0,0,0,0
FleetPanorama,519,5.91780,5.95230,6.13110,0.93798,,13831.00000,439173584.00000,0,0,0,0,0,0
FleetPanorama,520,6.31860,6.83570,6.05820,0.95846,,13831.00000,439173584.00000,0,0,0,0,0,0
FleetPanorama,521,6.38470,5.52370,5.91310,0.91648,,13831.00000,439173584.00000,0,0,0,0,0,0
FleetPanorama,522,5.96180,6.13510,7.28720,0.97485,,13831.00000,439173584.00000,0,0,0,0,0,0
FleetPanorama,523,5.95550,6.06240,5.36450,0.93594,,13831.00000,439173584.00000,0,0,0,0,0,0
FleetPanorama,524,6.25790,5.91660,6.05270,0.96973,,13831.00000,439173584.00000,0,0,0,0,0,0
FleetPanorama,525,6.19131,7.29310,6.18950,0.93594,,13831.00000,439173584.00000,0,0,0,0,0,0
FleetPanorama,526,6.07430,5.36950,6.08360,0.93901,,13831.00000,439173584.00000,0,0,0,0,0,0
FleetPanorama,527,6.19690,6.05720,6.51850,0.93696,,13831.00000,439173584.00000,0,0,0,0,0,0
FleetPanorama,528,5.93870,6.19370,5.59500,0.95232,,13831.00000,439173584.00000,0,0,0,0,0,0
FleetPanorama,529,6.16070,6.08760,6.39100,0.94618,,13831.00000,439173584.00000,0,0,0,0,0,0
FleetPanorama,530,10.55020,6.52340,6.36720,0.93594,,13831.00000,439173584.00000,0,0,0,0,0,0
FleetPanorama,531,6.12670,5.59890,10.06910,0.99328,,13831.00000,439173584.00000,0,0,0,0,0,0
FleetPanorama,532,6.19620,6.39560,6.03080,0.90522,,13831.00000,439173584.00000,0,0,0,0,0,0
FleetPanorama,533,6.13060,6.37270,6.47580,0.90726,,13831.00000,439173584.00000,0,0,0,0,0,0
FleetPanorama,534,6.01490,10.07330,6.42650,0.92058,,13831.00000,439173584.00000,0,0,0,0,0,0
FleetPanorama,535,6.30710,6.03540,5.86730,0.91955,,13831.00000,439173584.00000,0,0,0,0,0,0
FleetPanorama,536,6.09940,6.47990,5.99300,0.93798,,13831.00000,439173584.00000,0,0,0,0,0,0
FleetPanorama,537,6.27230,6.43030,6.11610,0.92979,,13883.00000,439173584.00000,0,0,0,0,0,0
FleetPanorama,538,5.84210,5.87300,6.12380,0.95130,,13831.00000,439173584.00000,0,0,0,0,0,0
FleetPanorama,539,6.37640,5.99660,6.03150,0.91546,,13831.00000,439173584.00000,0,0,0,0,0,0
FleetPanorama,540,6.14520,6.11990,6.15000,0.94720,,13919.00000,439173584.00000,0,0,0,0,0,0
FleetPanorama,541,5.99210,6.12720,6.06490,0.93389,,13831.00000,439173584.00000,0,0,0,0,0,0
FleetPanorama,542,6.08230,6.03550,6.39420,0.91955,,13831.00000,439173584.00000,0,0,0,0,0,0
FleetPanorama,543,6.93980,6.15350,6.11880,0.93389,,13831.00000,439173584.00000,0,0,0,0,0,0
FleetPanorama,544,6.11260,6.06820,6.96830,0.92877,,13831.00000,439173584.00000,0,0,0,0,0,0
FleetPanorama,545,5.96230,6.39800,6.18260,0.91955,,13831.00000,439173584.00000,0,0,0,0,0,0
FleetPanorama,546,6.31310,6.12250,5.92580,0.92877,,13831.00000,439173584.00000,0,0,0,0,0,0
FleetPanorama,547,6.16790,6.97350,5.76110,0.92774,,13831.00000,439173584.00000,0,0,0,0,0,0
FleetPanorama,548,6.12460,6.18630,6.42440,0.91443,,13831.00000,439173584.00000,0,0,0,0,0,0
FleetPanorama,549,6.27630,5.92970,6.62190,0.94720,,13831.00000,439173584.00000,0,0,0,0,0,0
FleetPanorama,550,5.80650,5.76580,6.09570,0.95130,,13831.00000,439173584.00000,0,0,0,0,0,0
FleetPanorama,551,6.28890,6.42750,5.57960,0.93389,,13831.00000,439173584.00000,0,0,0,0,0,0
FleetPanorama,552,6.06430,6.62700,5.95820,0.95744,,13831.00000,439173584.00000,0,0,0,0,0,0
FleetPanorama,553,6.15850,6.10070,6.01070,0.93901,,13831.00000,439173584.00000,0,0,0,0,0,0
FleetPanorama,554,6.24600,5.58370,7.08240,0.95437,,13831.00000,439173584.00000,0,0,0,0,0,0
FleetPanorama,555,6.17410,5.96270,5.67930,0.88474,,13831.00000,439173584.00000,0,0,0,0,0,0
FleetPanorama,556,6.02240,6.01410,6.02740,0.94208,,13831.00000,439173584.00000,0,0,0,0,0,0
FleetPanorama,557,6.11020,7.08820,6.09410,0.95232,,13831.00000,439173584.00000,0,0,0,0,0,0
FleetPanorama,558,6.20420,5.68360,5.93820,0.95334,,13831.00000,439173584.00000,0,0,0,0,0,0
FleetPanorama,559,6.13140,6.03080,6.39450,0.94208,,13831.00000,439173584.00000,0,0,0,0,0,0
FleetPanorama,560,6.18690,6.09810,6.09670,0.93901,,13831.00000,439173584.00000,0,0,0,0,0,0
FleetPanorama,561,6.22980,5.94140,6.50670,0.96358,,13831.00000,439173584.00000,0,0,0,0,0,0
FleetPanorama,562,5.97990,6.39800,6.23880,0.89702,,13831.00000,439173584.00000,0,0,0,0,0,0
FleetPanorama,563,6.23650,6.10000,5.59470,0.93184,,13831.00000,439173584.00000,0,0,0,0,0,0
FleetPanorama,564,6.16310,6.51060,6.05030,0.90112,,13831.00000,439173584.00000,0,0,0,0,0,0
FleetPanorama,565,6.12209,6.24300,6.17770,0.94003,,13919.00000,439173584.00000,0,0,0,0,0,0
FleetPanorama,566,5.92650,5.59860,6.05880,0.93389,,13831.00000,439173584.00000,0,0,0,0,0,0
FleetPanorama,567,6.36100,6.05380,6.49340,0.90931,,13831.00000,439173584.00000,0,0,0,0,0,0
FleetPanorama,568,6.08600,6.18080,6.56890,0.95539,,13831.00000,439173584.00000,0,0,0,0,0,0
FleetPanorama,569,6.05710,6.06150,5.95440,0.92570,,13831.00000,439173584.00000,0,0,0,0,0,0
FleetPanorama,570,6.25880,6.50010,5.81240,0.93901,,13883.00000,439173584.00000,0,0,0,0,0,0
FleetPanorama,571,6.15910,6.57330,6.11180,0.96666,,13831.00000,439173584.00000,0,0,0,0,0,0
FleetPanorama,572,6.15730,5.95940,6.32890,0.92365,,13831.00000,439173584.00000,0,0,0,0,0,0
FleetPanorama,573,6.11940,5.81670,5.87190,0.92365,,13831.00000,439173584.00000,0,0,0,0,0,0
FleetPanorama,574,5.99970,6.11570,5.99230,0.92979,,13831.00000,439173584.00000,0,0,0,0,0,0
FleetPanorama,575,6.12770,6.33320,5.98550,0.92160,,13831.00000,439173584.00000,0,0,0,0,0,0
FleetPanorama,576,6.25370,5.87620,7.02510,0.95027,,13831.00000,439173584.00000,0,0,0,0,0,0
FleetPanorama,577,6.29970,5.99610,5.96010,0.93184,,13831.00000,439173584.00000,0,0,0,0,0,0
FleetPanorama,578,6.14480,5.98920,6.00250,0.91238,,13831.00000,439173584.00000,0,0,0,0,0,0
FleetPanorama,579,5.98210,7.02900,6.45770,0.89293,,13831.00000,439173584.00000,0,0,0,0,0,0
FleetPanorama,580,6.21520,5.96620,5.77790,0.95949,,13831.00000,439173584.00000,0,0,0,0,0,0
FleetPanorama,581,6.13760,6.00710,5.82420,0.92672,,13831.00000,439173584.00000,0,0,0,0,0,0
FleetPanorama,582,6.27330,6.46680,6.49790,0.91238,,13831.00000,439173584.00000,0,0,0,0,0,0
FleetPanorama,583,6.00631,5.78230,6.26820,0.94208,,13831.00000,439173584.00000,0,0,0,0,0,0
FleetPanorama,584,6.30169,5.82930,6.12480,0.95846,,13831.00000,439173584.00000,0,0,0,0,0,0
FleetPanorama,585,6.07971,6.50290,6.35970,0.94618,,13831.00000,439173584.00000,0,0,0,0,0,0
FleetPanorama,586,6.49970,6.27210,5.59770,0.95642,,13831.00000,439173584.00000,0,0,0,0,0,0
FleetPanorama,587,5.86400,6.12850,6.98550,0.95027,,13831.00000,439173584.00000,0,0,0,0,0,0
FleetPanorama,588,6.13850,6.36360,5.61270,0.89088,,13831.00000,439173584.00000,0,0,0,0,0,0
FleetPanorama,589,6.15220,5.60140,5.80080,0.98406,,13831.00000,439173584.00000,0,0,0,0,0,0
FleetPanorama,590,5.91730,6.99010,6.52590,0.92979,,13919.00000,439173584.00000,0,0,0,0,0,0
FleetPanorama,591,6.24100,5.61700,6.10620,0.93184,,13831.00000,439173584.00000,0,0,0,0,0,0
FleetPanorama,592,6.31330,5.80410,5.77060,0.95437,,13831.00000,439173584.00000,0,0,0,0,0,0
FleetPanorama,593,6.22440,6.52970,6.35620,0.92160,,13831.00000,439173584.00000,0,0,0,0,0,0
FleetPanorama,594,6.22660,6.10900,6.42040,0.95539,,13831.00000,439173584.00000,0,0,0,0,0,0
FleetPanorama,595,5.96570,5.77520,6.14570,0.91136,,13831.00000,439173584.00000,0,0,0,0,0,0
FleetPanorama,596,6.27860,6.36020,5.64320,0.95130,,13831.00000,439173584.00000,0,0,0,0,0,0
FleetPanorama,597,6.03450,6.42550,6.81180,0.92160,,13831.00000,439173584.00000,0,0,0,0,0,0
FleetPanorama,598,6.25910,6.15130,6.10070,0.93594,,13831.00000,439173584.00000,0,0,0,0,0,0
FleetPanorama,599,6.21910,5.64810,5.69120,0.92262,,13831.00000,439173584.00000,0,0,0,0,0,0
FleetPanorama,600,6.11190,6.81720,6.59780,0.95232,,13831.00000,439173584.00000,0,0,0,0,0,0
FleetPanorama,601,6.23600,6.10560,6.47550,0.91341,,13831.00000,439173584.00000,0,0,0,0,0,0
FleetPanorama,602,6.03061,5.69550,6.23300,0.96973,,13831.00000,439173584.00000,0,0,0,0,0,0
FleetPanorama,603,6.23580,6.60490,6.43530,0.94618,,13883.00000,439173584.00000,0,0,0,0,0,0
FleetPanorama,604,6.02940,6.48060,5.49290,0.94208,,13831.00000,439173584.00000,0,0,0,0,0,0
FleetPanorama,605,6.15620,6.23840,5.91930,0.93696,,13831.00000,439173584.00000,0,0,0,0,0,0
FleetPanorama,606,6.35740,6.44150,6.19370,0.94208,,13831.00000,439173584.00000,0,0,0,0,0,0
FleetPanorama,607,6.09880,5.49900,6.28530,0.96870,,13831.00000,439173584.00000,0,0,0,0,0,0
FleetPanorama,608,6.19910,5.92520,6.20660,0.90829,,13831.00000,439173584.00000,0,0,0,0,0,0
FleetPanorama,609,5.91520,6.19850,5.75270,0.94106,,13831.00000,439173584.00000,0,0,0,0,0,0
FleetPanorama,610,6.20699,6.29090,6.07530,0.92570,,13831.00000,439173584.00000,0,0,0,0,0,0
FleetPanorama,611,6.38480,6.21100,5.96480,0.93491,,13831.00000,439173584.00000,0,0,0,0,0,0
FleetPanorama,612,5.91210,5.75670,6.87430,0.93082,,13831.00000,439173584.00000,0,0,0,0,0,0
FleetPanorama,613,6.27650,6.07940,5.47390,0.89190,,13831.00000,439173584.00000,0,0,0,0,0,0
FleetPanorama,614,5.98100,5.96760,6.32600,0.91955,,13831.00000,439173584.00000,0,0,0,0,0,0
FleetPanorama,615,6.46410,6.87800,6.35320,0.91546,,13919.00000,439173584.00000,0,0,0,0,0,0
FleetPanorama,616,6.05990,5.47660,6.24890,0.94208,,13831.00000,439173584.00000,0,0,0,0,0,0
FleetPanorama,617,5.99131,6.32950,6.26380,0.91443,,13831.00000,439173584.00000,0,0,0,0,0,0
FleetPanorama,618,15.10090,6.35770,5.96080,0.92877,,13831.00000,439173584.00000,0,0,0,0,0,0
FleetPanorama,619,6.10519,6.25300,15.28890,0.96973,,13831.00000,439173584.00000,0,0,0,0,0,0
FleetPanorama,620,6.20340,6.26810,5.71520,0.89190,,13831.00000,439173584.00000,0,0,0,0,0,0
FleetPanorama,621,6.22000,5.96450,6.09860,0.91546,,13831.00000,439173584.00000,0,0,0,0,0,0
FleetPanorama,622,6.12900,15.29310,6.20890,0.90522,,13831.00000,439173584.00000,0,0,0,0,0,0
FleetPanorama,623,6.14520,5.71840,6.08850,0.90010,,13831.00000,439173584.00000,0,0,0,0,0,0
FleetPanorama,624,6.12340,6.10290,6.11740,0.92058,,13831.00000,439173584.00000,0,0,0,0,0,0
FleetPanorama,625,5.95150,6.21200,5.94780,0.92774,,13831.00000,439173584.00000,0,0,0,0,0,0
FleetPanorama,626,6.11679,6.09200,7.31410,0.93286,,13831.00000,439173584.00000,0,0,0,0,0,0
FleetPanorama,627,6.32000,6.12200,5.38750,0.92979,,13831.00000,439173584.00000,0,0,0,0,0,0
FleetPanorama,628,6.10860,5.95150,5.97010,0.92979,,13831.00000,439173584.00000,0,0,0,0,0,0
FleetPanorama,629,5.94720,7.32230,6.57280,0.96666,,13831.00000,439173584.00000,0,0,0,0,0,0
FleetPanorama,630,6.36290,5.39180,5.50100,0.92979,,13831.00000,439173584.00000,0,0,0,0,0,0
FleetPanorama,631,5.99760,5.97360,6.29250,0.94720,,13831.00000,439173584.00000,0,0,0,0,0,0
FleetPanorama,632,6.32280,6.57740,5.97780,0.92877,,13831.00000,439173584.00000,0,0,0,0,0,0
FleetPanorama,633,5.91810,5.50470,6.87550,0.90522,,13831.00000,439173584.00000,0,0,0,0,0,0
FleetPanorama,634,6.34720,6.29820,5.19020,0.94720,,13831.00000,439173584.00000,0,0,0,0,0,0
FleetPanorama,635,6.04750,5.98200,6.81100,0.94515,,13883.00000,439173584.00000,0,0,0,0,0,0
FleetPanorama,636,6.25390,6.87960,5.98590,0.93594,,13831.00000,439173584.00000,0,0,0,0,0,0
FleetPanorama,637,6.11860,5.19490,6.12400,0.94003,,13831.00000,439173584.00000,0,0,0,0,0,0
FleetPanorama,638,5.93690,6.81540,6.73670,0.90214,,13919.00000,439173584.00000,0,0,0,0,0,0
FleetPanorama,639,6.25180,5.99020,5.24040,0.94310,,13831.00000,439173584.00000,0,0,0,0,0,0
FleetPanorama,640,6.18671,6.12760,6.13610,0.92774,,13831.00000,439173584.00000,0,0,0,0,0,0
FleetPanorama,641,5.91419,6.74370,6.41300,0.92365,,13831.00000,439173584.00000,0,0,0,0,0,0
FleetPanorama,642,6.26010,5.24580,6.32730,0.94618,,13831.00000,439173584.00000,0,0,0,0,0,0
FleetPanorama,643,6.14570,6.14090,5.89170,0.94106,,13831.00000,439173584.00000,0,0,0,0,0,0
FleetPanorama,644,6.28470,6.41810,6.68940,0.93184,,13831.00000,439173584.00000,0,0,0,0,0,0
FleetPanorama,645,6.12650,6.33160,5.34650,0.93286,,13831.00000,439173584.00000,0,0,0,0,0,0
FleetPanorama,646,6.05820,5.89570,6.27950,0.94003,,13831.00000,439173584.00000,0,0,0,0,0,0
FleetPanorama,647,6.09420,6.69560,6.34080,0.93594,,13831.00000,439173584.00000,0,0,0,0,0,0
FleetPanorama,648,6.26240,5.35090,5.66720,0.94003,,13831.00000,439173584.00000,0,0,0,0,0,0
FleetPanorama,649,5.97210,6.28240,6.43330,0.92365,,13831.00000,439173584.00000,0,0,0,0,0,0
FleetPanorama,650,6.36190,6.34610,6.11130,0.94925,,13831.00000,439173584.00000,0,0,0,0,0,0
FleetPanorama,651,6.16590,5.67040,6.32750,0.91136,,13831.00000,439173584.00000,0,0,0,0,0,0
FleetPanorama,652,6.22410,6.43900,6.20930,0.91238,,13831.00000,439173584.00000,0,0,0,0,0,0
FleetPanorama,653,6.16820,6.11620,5.95370,0.95949,,13831.00000,439173584.00000,0,0,0,0,0,0
FleetPanorama,654,6.05720,6.33220,6.87940,0.91648,,13831.00000,439173584.00000,0,0,0,0,0,0
FleetPanorama,655,6.17421,6.21350,5.78700,0.95642,,13831.00000,439173584.00000,0,0,0,0,0,0
FleetPanorama,656,6.00619,5.95700,5.95430,0.92365,,13831.00000,439173584.00000,0,0,0,0,0,0
FleetPanorama,657,6.14330,6.88380,6.07190,0.99328,,13831.00000,439173584.00000,0,0,0,0,0,0
FleetPanorama,658,6.21110,5.79080,6.11230,0.88474,,13831.00000,439173584.00000,0,0,0,0,0,0
FleetPanorama,659,6.12730,5.95830,6.26290,0.90419,,13831.00000,439173584.00000,0,0,0,0,0,0
FleetPanorama,660,6.23860,6.07740,5.99940,0.96358,,13831.00000,439173584.00000,0,0,0,0,0,0
FleetPanorama,661,6.16450,6.11660,6.03010,0.94310,,13831.00000,439173584.00000,0,0,0,0,0,0
FleetPanorama,662,6.14590,6.26770,6.14770,0.92979,,13831.00000,439173584.00000,0,0,0,0,0,0
FleetPanorama,663,6.09650,6.00300,6.48560,0.96666,,13919.00000,439173584.00000,0,0,0,0,0,0
FleetPanorama,664,5.94770,6.03380,6.44160,0.92262,,13831.00000,439173584.00000,0,0,0,0,0,0
FleetPanorama,665,6.28160,6.15150,5.77340,0.91238,,13831.00000,439173584.00000,0,0,0,0,0,0
FleetPanorama,666,6.15830,6.48940,5.96580,0.92979,,13831.00000,439173584.00000,0,0,0,0,0,0
FleetPanorama,667,6.26370,6.44490,6.15290,0.95744,,13831.00000,439173584.00000,0,0,0,0,0,0
FleetPanorama,668,6.72050,5.77730,6.43150,0.91750,,13883.00000,439173584.00000,0,0,0,0,0,0
FleetPanorama,669,6.20641,5.96920,6.95140,0.96051,,13831.00000,439173584.00000,0,0,0,0,0,0
FleetPanorama,670,6.08150,6.15800,5.78550,0.91648,,13831.00000,439173584.00000,0,0,0,0,0,0
FleetPanorama,671,6.16010,6.43600,5.88680,0.91341,,13831.00000,439173584.00000,0,0,0,0,0,0
FleetPanorama,672,5.93610,6.95590,6.30450,0.96973,,13831.00000,439173584.00000,0,0,0,0,0,0
FleetPanorama,673,6.35640,5.78910,6.27840,0.91853,,13831.00000,439173584.00000,0,0,0,0,0,0
FleetPanorama,674,6.06600,5.89050,6.80510,0.90931,,13831.00000,439173584.00000,0,0,0,0,0,0
FleetPanorama,675,6.26070,6.30880,5.08750,0.93389,,13831.00000,439173584.00000,0,0,0,0,0,0
FleetPanorama,676,5.90609,6.28210,6.38900,0.92262,,13831.00000,439173584.00000,0,0,0,0,0,0
FleetPanorama,677,6.13151,6.81020,6.13240,0.94106,,13831.00000,439173584.00000,0,0,0,0,0,0
FleetPanorama,678,6.33530,5.09170,5.78870,0.93798,,13831.00000,439173584.00000,0,0,0,0,0,0
FleetPanorama,679,6.16920,6.39300,7.12390,0.94106,,13831.00000,439173584.00000,0,0,0,0,0,0
FleetPanorama,680,5.89970,6.13820,5.55450,0.89395,,13831.00000,439173584.00000,0,0,0,0,0,0
FleetPanorama,681,6.27490,5.79380,5.97350,0.93491,,13831.00000,439173584.00000,0,0,0,0,0,0
FleetPanorama,682,6.30240,7.12780,6.13180,0.94310,,13831.00000,439173584.00000,0,0,0,0,0,0
FleetPanorama,683,6.02190,5.55850,6.45690,0.93184,,13831.00000,439173584.00000,0,0,0,0,0,0
FleetPanorama,684,6.16130,5.97650,6.02520,0.94413,,13831.00000,439173584.00000,0,0,0,0,0,0
FleetPanorama,685,6.07380,6.13660,6.01960,0.96870,,13831.00000,439173584.00000,0,0,0,0,0,0
FleetPanorama,686,6.39470,6.46140,5.76960,0.90931,,13831.00000,439173584.00000,0,0,0,0,0,0
FleetPanorama,687,12.64380,6.04030,6.73140,0.91443,,13831.00000,439173584.00000,0,0,0,0,0,0
FleetPanorama,688,6.11650,6.02400,13.04200,0.93901,,13919.00000,439173584.00000,0,0,0,0,0,0
FleetPanorama,689,6.23430,5.77480,5.53310,0.87654,,13831.00000,439173584.00000,0,0,0,0,0,0
FleetPanorama,690,6.01440,6.73600,6.16360,0.95334,,13831.00000,439173584.00000,0,0,0,0,0,0
FleetPanorama,691,6.30470,13.04750,6.07070,0.91034,,13831.00000,439173584.00000,0,0,0,0,0,0
FleetPanorama,692,5.90930,5.53680,6.79970,0.89600,,13831.00000,439173584.00000,0,0,0,0,0,0
FleetPanorama,693,6.25869,6.16650,5.68390,0.90931,,13831.00000,439173584.00000,0,0,0,0,0,0
FleetPanorama,694,6.28450,6.07510,6.36250,0.91546,,13831.00000,439173584.00000,0,0,0,0,0,0
FleetPanorama,695,5.95610,6.80370,6.38570,0.90931,,13831.00000,439173584.00000,0,0,0,0,0,0
FleetPanorama,696,6.31320,5.69150,5.97250,0.93389,,13831.00000,439173584.00000,0,0,0,0,0,0
FleetPanorama,697,6.11409,6.36690,5.77100,0.94413,,13831.00000,439173584.00000,0,0,0,0,0,0
FleetPanorama,698,5.95000,6.38970,6.46950,0.88166,,13831.00000,439173584.00000,0,0,0,0,0,0
FleetPanorama,699,6.21680,5.97740,6.44110,0.90624,,13831.00000,439173584.00000,0,0,0,0,0,0
FleetPanorama,700,6.13350,5.77510,5.66520,0.94925,,13883.00000,439173584.00000,0,0,0,0,0,0
FleetPanorama,701,6.19490,6.47610,5.76600,0.89907,,13831.00000,439173584.00000,0,0,0,0,0,0
FleetPanorama,702,6.11190,6.44460,6.31300,0.94618,,13831.00000,439173584.00000,0,0,0,0,0,0
FleetPanorama,703,6.47550,5.66880,6.21050,0.91750,,13831.00000,439173584.00000,0,0,0,0,0,0
FleetPanorama,704,6.09230,5.77060,7.06660,0.89190,,13831.00000,439173584.00000,0,0,0,0,0,0
FleetPanorama,705,6.11110,6.31640,5.64410,0.97280,,13831.00000,439173584.00000,0,0,0,0,0,0
FleetPanorama,706,6.23580,6.21410,6.15940,0.95130,,13831.00000,439173584.00000,0,0,0,0,0,0
FleetPanorama,707,6.11110,7.07110,6.05160,0.89907,,13831.00000,439173584.00000,0,0,0,0,0,0
FleetPanorama,708,6.17800,5.64760,6.38360,0.95846,,13831.00000,439173584.00000,0,0,0,0,0,0
FleetPanorama,709,6.04950,6.16390,5.90460,0.91238,,13831.00000,439173584.00000,0,0,0,0,0,0
FleetPanorama,710,6.18790,6.05670,5.86050,0.87757,,13831.00000,439173584.00000,0,0,0,0,0,0
FleetPanorama,711,6.21020,6.38690,7.38220,0.95027,,13831.00000,439173584.00000,0,0,0,0,0,0
FleetPanorama,712,6.09900,5.90900,4.96610,0.92467,,13919.00000,439173584.00000,0,0,0,0,0,0
FleetPanorama,713,5.92150,5.86520,6.66030,0.89498,,13831.00000,439173584.00000,0,0,0,0,0,0
FleetPanorama,714,6.35210,7.38860,5.80850,0.95027,,13831.00000,439173584.00000,0,0,0,0,0,0
FleetPanorama,715,6.12630,4.97220,6.06660,0.94208,,13831.00000,439173584.00000,0,0,0,0,0,0
FleetPanorama,716,6.15320,6.66310,6.33980,0.91034,,13831.00000,439173584.00000,0,0,0,0,0,0
FleetPanorama,717,6.14841,5.81340,5.66800,0.94106,,13831.00000,439173584.00000,0,0,0,0,0,0
FleetPanorama,718,6.14920,6.07100,6.25710,0.93389,,13831.00000,439173584.00000,0,0,0,0,0,0
FleetPanorama,719,6.07820,6.34570,6.21480,0.96666,,13831.00000,439173584.00000,0,0,0,0,0,0
FleetPanorama,720,6.13930,5.67230,5.88710,0.96870,,13831.00000,439173584.00000,0,0,0,0,0,0
FleetPanorama,721,6.05880,6.26080,6.71600,0.95539,,13831.00000,439173584.00000,0,0,0,0,0,0
FleetPanorama,722,6.14590,6.21930,5.86890,0.90419,,13831.00000,439173584.00000,0,0,0,0,0,0
FleetPanorama,723,6.07331,5.89130,6.13360,0.95130,,13831.00000,439173584.00000,0,0,0,0,0,0
FleetPanorama,724,6.27479,6.71990,5.79110,0.89702,,13831.00000,439173584.00000,0,0,0,0,0,0
FleetPanorama,725,6.20140,5.87250,6.27900,0.91341,,13831.00000,439173584.00000,0,0,0,0,0,0
FleetPanorama,726,6.05370,6.13700,6.42560,0.98202,,13831.00000,439173584.00000,0,0,0,0,0,0
FleetPanorama,727,6.17840,5.79840,6.29790,0.92672,,13831.00000,439173584.00000,0,0,0,0,0,0
FleetPanorama,728,5.93130,6.28260,5.55890,0.90419,,13831.00000,439173584.00000,0,0,0,0,0,0
FleetPanorama,729,6.20710,6.43020,6.70190,0.94208,,13831.00000,439173584.00000,0,0,0,0,0,0
FleetPanorama,730,6.16040,6.30170,5.86250,0.97075,,13831.00000,439173584.00000,0,0,0,0,0,0
FleetPanorama,731,6.27739,5.56280,6.39910,0.88883,,13831.00000,439173584.00000,0,0,0,0,0,0
FleetPanorama,732,6.08110,6.70660,6.60900,0.93696,,13831.00000,439173584.00000,0,0,0,0,0,0
FleetPanorama,733,6.08590,5.86840,5.94070,0.95642,,13883.00000,439173584.00000,0,0,0,0,0,0
FleetPanorama,734,6.23010,6.40350,5.69980,0.90829,,13831.00000,439173584.00000,0,0,0,0,0,0
FleetPanorama,735,6.00620,6.61350,5.90210,0.94003,,13831.00000,439173584.00000,0,0,0,0,0,0
FleetPanorama,736,6.11790,5.94490,6.62680,0.92570,,13831.00000,439173584.00000,0,0,0,0,0,0
FleetPanorama,737,5.98740,5.70540,6.16170,0.92262,,13919.00000,439173584.00000,0,0,0,0,0,0
FleetPanorama,738,6.17490,5.90580,5.64670,0.99123,,13831.00000,439173584.00000,0,0,0,0,0,0
FleetPanorama,739,6.25860,6.63050,6.03700,0.90829,,13831.00000,439173584.00000,0,0,0,0,0,0
FleetPanorama,740,6.09330,6.16520,6.16730,0.89805,,13831.00000,439173584.00000,0,0,0,0,0,0
FleetPanorama,741,6.16480,5.64960,6.39870,0.94413,,13831.00000,439173584.00000,0,0,0,0,0,0
FleetPanorama,742,6.19000,6.04150,6.12770,0.91955,,13831.00000,439173584.00000,0,0,0,0,0,0
FleetPanorama,743,5.93260,6.17110,6.00520,0.90726,,13831.00000,439173584.00000,0,0,0,0,0,0
FleetPanorama,744,6.25080,6.40430,5.96770,0.96154,,13831.00000,439173584.00000,0,0,0,0,0,0
FleetPanorama,745,6.07110,6.13160,5.89180,0.91648,,13831.00000,439173584.00000,0,0,0,0,0,0
FleetPanorama,746,6.17780,6.01070,6.60980,0.92262,,13831.00000,439173584.00000,0,0,0,0,0,0
FleetPanorama,747,6.01960,5.97160,6.09000,0.91136,,13831.00000,439173584.00000,0,0,0,0,0,0
FleetPanorama,748,6.46930,5.89550,5.91850,0.95334,,13831.00000,439173584.00000,0,0,0,0,0,0
FleetPanorama,749,5.85920,6.61350,6.41310,0.95539,,13831.00000,439173584.00000,0,0,0,0,0,0
FleetPanorama,750,6.21820,6.09370,5.58740,0.90931,,13831.00000,439173584.00000,0,0,0,0,0,0
FleetPanorama,751,6.02000,5.92200,6.21300,0.91648,,13831.00000,439173584.00000,0,0,0,0,0,0
FleetPanorama,752,6.31290,6.41880,6.32770,0.92672,,13831.00000,439173584.00000,0,0,0,0,0,0
FleetPanorama,753,5.94279,5.59300,6.13850,0.96768,,13831.00000,439173584.00000,0,0,0,0,0,0
FleetPanorama,754,6.14190,6.21680,6.36920,0.94618,,13831.00000,439173584.00000,0,0,0,0,0,0
FleetPanorama,755,6.23160,6.33240,6.07250,0.91136,,13831.00000,439173584.00000,0,0,0,0,0,0
FleetPanorama,756,6.28220,6.14240,5.81560,0.94515,,13831.00000,439173584.00000,0,0,0,0,0,0
FleetPanorama,757,6.07320,6.37330,6.37810,0.90726,,13831.00000,439173584.00000,0,0,0,0,0,0
FleetPanorama,758,6.13250,6.07640,5.96180,0.90419,,13831.00000,439173584.00000,0,0,0,0,0,0
FleetPanorama,759,6.22060,5.81920,6.51310,0.94310,,13831.00000,439173584.00000,0,0,0,0,0,0
FleetPanorama,760,5.90201,6.38290,6.60220,0.91546,,13831.00000,439173584.00000,0,0,0,0,0,0
FleetPanorama,761,6.29899,5.96600,5.76180,0.91341,,13831.00000,439173584.00000,0,0,0,0,0,0
FleetPanorama,762,5.97151,6.51690,5.90380,0.96768,,13919.00000,439173584.00000,0,0,0,0,0,0
FleetPanorama,763,6.34089,6.60650,6.21860,0.94208,,13831.00000,439173584.00000,0,0,0,0,0,0
FleetPanorama,764,6.28411,5.76730,6.37580,0.94515,,13831.00000,439173584.00000,0,0,0,0,0,0
FleetPanorama,765,6.05940,5.90840,5.82090,0.94310,,13831.00000,439173584.00000,0,0,0,0,0,0
FleetPanorama,766,6.14940,6.22200,6.31540,0.92570,,13883.00000,439173584.00000,0,0,0,0,0,0
FleetPanorama,767,6.04761,6.38060,6.45920,0.92774,,13831.00000,439173584.00000,0,0,0,0,0,0
FleetPanorama,768,6.08510,5.82670,5.87060,0.91955,,13831.00000,439173584.00000,0,0,0,0,0,0
FleetPanorama,769,6.06910,6.32050,6.60950,0.95642,,13831.00000,439173584.00000,0,0,0,0,0,0
FleetPanorama,770,6.29080,6.46470,5.85960,0.94106,,13831.00000,439173584.00000,0,0,0,0,0,0
FleetPanorama,771,6.17710,5.87580,5.47630,0.92979,,13831.00000,439173584.00000,0,0,0,0,0,0
FleetPanorama,772,6.11900,6.61540,6.76850,0.91341,,13831.00000,439173584.00000,0,0,0,0,0,0
FleetPanorama,773,6.13989,5.86450,5.64080,0.90317,,13831.00000,439173584.00000,0,0,0,0,0,0
FleetPanorama,774,6.11870,5.47980,6.45420,0.93491,,13831.00000,439173584.00000,0,0,0,0,0,0
FleetPanorama,775,6.82660,6.77360,5.62450,0.92365,,13831.00000,439173584.00000,0,0,0,0,0,0
FleetPanorama,776,6.32520,5.64550,6.85500,0.90829,,13831.00000,439173584.00000,0,0,0,0,0,0
FleetPanorama,777,5.96721,6.45850,6.78430,0.92979,,13831.00000,439173584.00000,0,0,0,0,0,0
FleetPanorama,778,6.31690,5.62820,6.09230,0.95539,,13831.00000,439173584.00000,0,0,0,0,0,0
FleetPanorama,779,6.21280,6.85870,5.86910,0.97075,,13831.00000,439173584.00000,0,0,0,0,0,0
FleetPanorama,780,6.35960,6.78980,6.59920,0.93491,,13831.00000,439173584.00000,0,0,0,0,0,0
FleetPanorama,781,6.12740,6.09690,5.75960,0.98816,,13831.00000,439173584.00000,0,0,0,0,0,0
FleetPanorama,782,6.13340,5.87410,6.12490,0.94720,,13831.00000,439173584.00000,0,0,0,0,0,0
FleetPanorama,783,6.12140,6.60330,6.13020,0.97075,,13831.00000,439173584.00000,0,0,0,0,0,0
FleetPanorama,784,5.96560,5.76310,6.54850,0.94208,,13831.00000,439173584.00000,0,0,0,0,0,0
FleetPanorama,785,6.31830,6.12860,6.03370,0.90214,,13831.00000,439173584.00000,0,0,0,0,0,0
FleetPanorama,786,6.10100,6.13340,5.94670,0.93594,,13831.00000,439173584.00000,0,0,0,0,0,0
FleetPanorama,787,6.12720,6.55320,6.18630,0.92672,,13919.00000,439173584.00000,0,0,0,0,0,0
FleetPanorama,788,6.29190,6.03770,5.85020,0.92262,,13831.00000,439173584.00000,0,0,0,0,0,0
FleetPanorama,789,5.98370,5.95120,6.41200,0.93594,,13831.00000,439173584.00000,0,0,0,0,0,0
FleetPanorama,790,6.15840,6.19070,5.98140,0.93594,,13831.00000,439173584.00000,0,0,0,0,0,0
FleetPanorama,791,6.09470,5.85440,5.92900,0.90931,,13831.00000,439173584.00000,0,0,0,0,0,0
FleetPanorama,792,6.16390,6.41630,6.86460,0.91341,,13831.00000,439173584.00000,0,0,0,0,0,0
FleetPanorama,793,6.13020,5.98530,5.70600,0.95642,,13831.00000,439173584.00000,0,0,0,0,0,0
FleetPanorama,794,6.17380,5.93300,6.88580,0.93389,,13831.00000,439173584.00000,0,0,0,0,0,0
FleetPanorama,795,5.98930,6.86900,5.49060,0.92058,,13831.00000,439173584.00000,0,0,0,0,0,0
FleetPanorama,796,6.38450,5.70990,5.89980,0.92160,,13831.00000,439173584.00000,0,0,0,0,0,0
FleetPanorama,797,5.92700,6.89030,6.65110,0.92467,,13831.00000,439173584.00000,0,0,0,0,0,0
FleetPanorama,798,6.33370,5.49520,5.65730,0.91853,,13831.00000,439173584.00000,0,0,0,0,0,0
FleetPanorama,799,6.13040,5.90330,6.74120,0.94413,,13883.00000,439173584.00000,0,0,0,0,0,0
FleetPanorama,800,6.19520,6.65620,5.75400,0.90931,,13831.00000,439173584.00000,0,0,0,0,0,0
FleetPanorama,801,6.17450,5.66140,6.16450,0.89190,,13831.00000,439173584.00000,0,0,0,0,0,0
FleetPanorama,802,6.08890,6.74660,6.49740,0.92262,,13831.00000,439173584.00000,0,0,0,0,0,0
FleetPanorama,803,6.13430,5.75920,5.66800,0.93901,,13831.00000,439173584.00000,0,0,0,0,0,0
FleetPanorama,804,6.12670,6.16850,6.19860,0.89293,,13831.00000,439173584.00000,0,0,0,0,0,0
FleetPanorama,805,6.16210,6.50230,5.95950,0.91034,,13831.00000,439173584.00000,0,0,0,0,0,0
FleetPanorama,806,5.93120,5.67260,6.05540,0.93901,,13831.00000,439173584.00000,0,0,0,0,0,0
FleetPanorama,807,6.27050,6.20490,5.99330,0.92672,,13831.00000,439173584.00000,0,0,0,0,0,0
FleetPanorama,808,6.20450,5.96400,6.53900,0.96666,,13831.00000,439173584.00000,0,0,0,0,0,0
FleetPanorama,809,6.18189,6.05910,6.53990,0.93798,,13831.00000,439173584.00000,0,0,0,0,0,0
FleetPanorama,810,6.06400,5.99850,5.51450,0.95642,,13831.00000,439173584.00000,0,0,0,0,0,0
FleetPanorama,811,6.10100,6.54250,6.11630,0.91136,,13831.00000,439173584.00000,0,0,0,0,0,0
FleetPanorama,812,6.31770,6.54400,6.08050,0.94310,,13919.00000,439173584.00000,0,0,0,0,0,0
FleetPanorama,813,6.10240,5.51890,7.36030,0.93082,,13831.00000,439173584.00000,0,0,0,0,0,0
FleetPanorama,814,5.91910,6.11920,5.87060,0.94413,,13831.00000,439173584.00000,0,0,0,0,0,0
FleetPanorama,815,6.22130,6.08480,5.66820,0.93286,,13831.00000,439173584.00000,0,0,0,0,0,0
FleetPanorama,816,6.15170,7.36860,6.06570,0.94618,,13831.00000,439173584.00000,0,0,0,0,0,0
FleetPanorama,817,6.32490,5.87520,5.73900,0.93798,,13831.00000,439173584.00000,0,0,0,0,0,0
FleetPanorama,818,6.10670,5.67610,6.55060,0.89498,,13831.00000,439173584.00000,0,0,0,0,0,0
FleetPanorama,819,6.21640,6.06960,6.32110,0.93082,,13831.00000,439173584.00000,0,0,0,0,0,0
FleetPanorama,820,5.92200,5.74340,6.60340,0.91443,,13831.00000,439173584.00000,0,0,0,0,0,0
FleetPanorama,821,6.32830,6.55630,5.88690,0.91238,,13831.00000,439173584.00000,0,0,0,0,0,0
FleetPanorama,822,6.01250,6.32800,5.78660,0.95744,,13831.00000,439173584.00000,0,0,0,0,0,0
FleetPanorama,823,6.26640,6.60930,6.21070,0.91648,,13831.00000,439173584.00000,0,0,0,0,0,0
FleetPanorama,824,6.05740,5.89200,5.89990,0.93901,,13831.00000,439173584.00000,0,0,0,0,0,0
FleetPanorama,825,6.32100,5.79100,6.16850,0.95130,,13831.00000,439173584.00000,0,0,0,0,0,0
FleetPanorama,826,6.21820,6.21640,6.17030,0.95130,,13831.00000,439173584.00000,0,0,0,0,0,0
FleetPanorama,827,5.99491,5.90340,6.50820,0.93491,,13831.00000,439173584.00000,0,0,0,0,0,0
FleetPanorama,828,6.17190,6.17480,5.55430,0.88474,,13831.00000,439173584.00000,0,0,0,0,0,0
FleetPanorama,829,6.26130,6.17680,6.46590,0.94310,,13831.00000,439173584.00000,0,0,0,0,0,0
FleetPanorama,830,6.33100,6.51220,6.42810,0.90726,,13831.00000,439173584.00000,0,0,0,0,0,0
FleetPanorama,831,6.18890,5.55790,6.14710,0.92570,,13831.00000,439173584.00000,0,0,0,0,0,0
FleetPanorama,832,6.00100,6.46940,6.89020,0.92467,,13883.00000,439173584.00000,0,0,0,0,0,0
FleetPanorama,833,6.16660,6.43300,5.60710,0.89907,,13831.00000,439173584.00000,0,0,0,0,0,0
FleetPanorama,834,5.94510,6.15360,5.62490,0.92365,,13831.00000,439173584.00000,0,0,0,0,0,0
FleetPanorama,835,6.26220,6.89610,6.56490,0.94413,,13831.00000,439173584.00000,0,0,0,0,0,0
FleetPanorama,836,6.18370,5.61230,5.88140,0.89805,,13831.00000,439173584.00000,0,0,0,0,0,0
FleetPanorama,837,6.19860,5.62840,6.98560,0.94003,,13919.00000,439173584.00000,0,0,0,0,0,0
FleetPanorama,838,6.11920,6.56870,5.21260,0.90522,,13831.00000,439173584.00000,0,0,0,0,0,0
FleetPanorama,839,6.18800,5.88530,6.05920,0.90829,,13831.00000,439173584.00000,0,0,0,0,0,0
FleetPanorama,840,6.11451,6.98980,6.23220,0.93286,,13831.00000,439173584.00000,0,0,0,0,0,0
FleetPanorama,841,5.98600,5.21630,6.44740,0.93082,,13831.00000,439173584.00000,0,0,0,0,0,0
FleetPanorama,842,6.29650,6.06240,6.30990,0.89907,,13831.00000,439173584.00000,0,0,0,0,0,0
FleetPanorama,843,6.26260,6.23680,6.02670,0.91750,,13831.00000,439173584.00000,0,0,0,0,0,0
FleetPanorama,844,6.40730,6.45130,6.05650,0.94822,,13831.00000,439173584.00000,0,0,0,0,0,0
FleetPanorama,845,6.09300,6.31530,6.37100,0.92877,,13831.00000,439173584.00000,0,0,0,0,0,0
FleetPanorama,846,6.11600,6.03140,6.36910,0.94413,,13831.00000,439173584.00000,0,0,0,0,0,0
FleetPanorama,847,6.16541,6.06080,6.31460,0.93901,,13831.00000,439173584.00000,0,0,0,0,0,0
FleetPanorama,848,6.02910,6.37570,5.95260,0.89702,,13831.00000,439173584.00000,0,0,0,0,0,0
FleetPanorama,849,6.22850,6.37300,6.12150,0.96051,,13831.00000,439173584.00000,0,0,0,0,0,0
FleetPanorama,850,6.12620,6.31970,6.13460,0.91034,,13831.00000,439173584.00000,0,0,0,0,0,0
FleetPanorama,851,5.97100,5.95860,5.56500,0.94310,,13831.00000,439173584.00000,0,0,0,0,0,0
FleetPanorama,852,6.36220,6.12670,6.62380,0.94515,,13831.00000,439173584.00000,0,0,0,0,0,0
FleetPanorama,853,5.93760,6.13860,5.78170,0.95744,,13831.00000,439173584.00000,0,0,0,0,0,0
FleetPanorama,854,6.34290,5.56890,6.31520,0.90317,,13831.00000,439173584.00000,0,0,0,0,0,0
FleetPanorama,855,6.05520,6.62850,6.03170,0.91136,,13831.00000,439173584.00000,0,0,0,0,0,0
FleetPanorama,856,6.34010,5.78580,6.28290,0.93798,,13831.00000,439173584.00000,0,0,0,0,0,0
FleetPanorama,857,6.12370,6.31890,6.14650,0.92058,,13831.00000,439173584.00000,0,0,0,0,0,0
FleetPanorama,858,6.15240,6.03680,6.00910,0.95232,,13831.00000,439173584.00000,0,0,0,0,0,0
FleetPanorama,859,5.91920,6.28900,6.15260,0.92365,,13831.00000,439173584.00000,0,0,0,0,0,0
FleetPanorama,860,6.16170,6.15100,5.87250,0.91034,,13831.00000,439173584.00000,0,0,0,0,0,0
FleetPanorama,861,6.24100,6.01290,6.35430,0.92774,,13831.00000,439173584.00000,0,0,0,0,0,0
FleetPanorama,862,6.07840,6.15650,6.53720,0.93286,,13919.00000,439173584.00000,0,0,0,0,0,0
FleetPanorama,863,6.34070,5.87680,6.07330,0.94720,,13831.00000,439173584.00000,0,0,0,0,0,0
FleetPanorama,864,6.07640,6.35790,6.30900,0.94515,,13831.00000,439173584.00000,0,0,0,0,0,0
FleetPanorama,865,6.20640,6.54160,5.59360,0.93491,,13883.00000,439173584.00000,0,0,0,0,0,0
FleetPanorama,866,6.11991,6.07680,6.20100,0.91341,,13831.00000,439173584.00000,0,0,0,0,0,0
FleetPanorama,867,6.13989,6.31280,6.13950,0.92570,,13831.00000,439173584.00000,0,0,0,0,0,0
FleetPanorama,868,6.12550,5.59780,6.53410,0.92058,,13831.00000,439173584.00000,0,0,0,0,0,0
FleetPanorama,869,6.04560,6.20410,6.25940,0.92877,,13831.00000,439173584.00000,0,0,0,0,0,0
FleetPanorama,870,6.25200,6.14290,5.81300,0.95539,,13831.00000,439173584.00000,0,0,0,0,0,0
FleetPanorama,871,6.11410,6.53810,6.08840,0.91238,,13831.00000,439173584.00000,0,0,0,0,0,0
FleetPanorama,872,6.15240,6.26280,6.03230,0.90829,,13831.00000,439173584.00000,0,0,0,0,0,0
FleetPanorama,873,6.10290,5.81760,6.14790,0.93696,,13831.00000,439173584.00000,0,0,0,0,0,0
FleetPanorama,874,6.28490,6.09220,6.09780,0.94720,,13831.00000,439173584.00000,0,0,0,0,0,0
FleetPanorama,875,5.93110,6.03610,7.06850,0.93082,,13831.00000,439173584.00000,0,0,0,0,0,0
FleetPanorama,876,6.32270,6.15200,5.19120,0.92877,,13831.00000,439173584.00000,0,0,0,0,0,0
FleetPanorama,877,6.23190,6.10130,6.17840,0.95846,,13831.00000,439173584.00000,0,0,0,0,0,0
FleetPanorama,878,6.13870,7.07620,6.69110,0.90112,,13831.00000,439173584.00000,0,0,0,0,0,0
FleetPanorama,879,6.16410,5.19580,5.81400,0.91238,,13831.00000,439173584.00000,0,0,0,0,0,0
FleetPanorama,880,6.09860,6.18380,6.67630,0.96666,,13831.00000,439173584.00000,0,0,0,0,0,0
FleetPanorama,881,6.28289,6.69620,5.87930,0.88781,,13831.00000,439173584.00000,0,0,0,0,0,0
FleetPanorama,882,5.89160,5.81750,5.77460,0.94618,,13831.00000,439173584.00000,0,0,0,0,0,0
FleetPanorama,883,6.10270,6.68160,6.78180,0.89702,,13831.00000,439173584.00000,0,0,0,0,0,0
FleetPanorama,884,6.12770,5.88640,5.72230,0.90522,,13831.00000,439173584.00000,0,0,0,0,0,0
FleetPanorama,885,6.31980,5.77790,6.57650,0.93798,,13831.00000,439173584.00000,0,0,0,0,0,0
FleetPanorama,886,6.28730,6.78630,5.64950,0.90829,,13831.00000,439173584.00000,0,0,0,0,0,0
FleetPanorama,887,5.95590,5.72710,6.53870,0.90829,,13919.00000,439173584.00000,0,0,0,0,0,0
FleetPanorama,888,6.37330,6.58180,6.19320,0.93798,,13831.00000,439173584.00000,0,0,0,0,0,0
FleetPanorama,889,5.96320,5.65480,5.59100,0.94618,,13831.00000,439173584.00000,0,0,0,0,0,0
FleetPanorama,890,6.21679,6.54310,6.67670,0.93491,,13831.00000,439173584.00000,0,0,0,0,0,0
FleetPanorama,891,6.06820,6.21680,6.38810,0.92672,,13831.00000,439173584.00000,0,0,0,0,0,0
FleetPanorama,892,6.14300,5.59600,5.90820,0.92058,,13831.00000,439173584.00000,0,0,0,0,0,0
FleetPanorama,893,6.26770,6.68170,6.64150,0.90931,,13831.00000,439173584.00000,0,0,0,0,0,0
FleetPanorama,894,6.15800,6.39310,5.37260,0.91136,,13831.00000,439173584.00000,0,0,0,0,0,0
FleetPanorama,895,6.22839,5.91250,7.05350,0.92058,,13831.00000,439173584.00000,0,0,0,0,0,0
FleetPanorama,896,6.05541,6.64700,5.61090,0.91341,,13831.00000,439173584.00000,0,0,0,0,0,0
FleetPanorama,897,6.15860,5.37750,5.97170,0.94003,,13831.00000,439173584.00000,0,0,0,0,0,0
FleetPanorama,898,6.21450,7.05930,5.86110,0.91546,,13883.00000,439173584.00000,0,0,0,0,0,0
FleetPanorama,899,6.00551,5.61550,6.42700,0.89907,,13831.00000,439173584.00000,0,0,0,0,0,0
FleetPanorama,900,6.35470,5.97640,6.12210,0.90829,,13831.00000,439173584.00000,0,0,0,0,0,0
FleetPanorama,901,6.14340,5.86730,5.92370,0.92774,,13831.00000,439173584.00000,0,0,0,0,0,0
FleetPanorama,902,5.98450,6.43230,5.93450,0.90317,,13831.00000,439173584.00000,0,0,0,0,0,0
FleetPanorama,903,6.22700,6.12880,6.35370,0.92262,,13831.00000,439173584.00000,0,0,0,0,0,0
FleetPanorama,904,6.24830,5.92820,5.79370,0.95130,,13831.00000,439173584.00000,0,0,0,0,0,0
FleetPanorama,905,6.09831,5.93810,6.96160,0.91238,,13831.00000,439173584.00000,0,0,0,0,0,0
FleetPanorama,906,6.39210,6.35880,5.96090,0.96358,,13831.00000,439173584.00000,0,0,0,0,0,0
FleetPanorama,907,6.06100,5.79670,5.92190,0.90624,,13831.00000,439173584.00000,0,0,0,0,0,0
FleetPanorama,908,6.05860,6.96650,6.09830,0.91648,,13831.00000,439173584.00000,0,0,0,0,0,0
FleetPanorama,909,6.22820,5.96540,6.02980,0.92774,,13831.00000,439173584.00000,0,0,0,0,0,0
FleetPanorama,910,6.10010,5.92630,6.96300,0.95949,,13831.00000,439173584.00000,0,0,0,0,0,0
FleetPanorama,911,6.23070,6.10290,5.94790,0.89395,,13831.00000,439173584.00000,0,0,0,0,0,0
FleetPanorama,912,5.96490,6.03390,5.86550,0.93184,,13919.00000,439173584.00000,0,0,0,0,0,0
FleetPanorama,913,6.21550,6.96780,5.79850,0.93696,,13831.00000,439173584.00000,0,0,0,0,0,0
FleetPanorama,914,6.20970,5.95200,6.34690,0.94310,,13831.00000,439173584.00000,0,0,0,0,0,0
FleetPanorama,915,6.04660,5.86910,6.13530,0.93901,,13831.00000,439173584.00000,0,0,0,0,0,0
FleetPanorama,916,6.22890,5.80250,6.04940,0.93082,,13831.00000,439173584.00000,0,0,0,0,0,0
FleetPanorama,917,6.15250,6.35460,6.02170,0.92262,,13831.00000,439173584.00000,0,0,0,0,0,0
FleetPanorama,918,6.03860,6.13970,6.28130,0.93389,,13831.00000,439173584.00000,0,0,0,0,0,0
FleetPanorama,919,6.20860,6.05380,6.30140,0.98509,,13831.00000,439173584.00000,0,0,0,0,0,0
FleetPanorama,920,6.15750,6.02660,5.72370,0.91853,,13831.00000,439173584.00000,0,0,0,0,0,0
FleetPanorama,921,6.07360,6.28670,7.02630,0.92467,,13831.00000,439173584.00000,0,0,0,0,0,0
FleetPanorama,922,6.19020,6.30570,5.27630,0.93491,,13831.00000,439173584.00000,0,0,0,0,0,0
FleetPanorama,923,6.05300,5.72740,6.88590,0.92570,,13831.00000,439173584.00000,0,0,0,0,0,0
FleetPanorama,924,6.17280,7.03170,5.62040,0.91546,,13831.00000,439173584.00000,0,0,0,0,0,0
FleetPanorama,925,6.10329,5.28070,5.92250,0.92160,,13831.00000,439173584.00000,0,0,0,0,0,0
FleetPanorama,926,6.08620,6.89200,6.31840,0.91136,,13831.00000,439173584.00000,0,0,0,0,0,0
FleetPanorama,927,6.17960,5.62650,5.82570,0.92979,,13831.00000,439173584.00000,0,0,0,0,0,0
FleetPanorama,928,6.17400,5.92610,7.02860,0.95539,,13831.00000,439173584.00000,0,0,0,0,0,0
FleetPanorama,929,6.14450,6.32330,6.23130,0.93082,,13831.00000,439173584.00000,0,0,0,0,0,0
FleetPanorama,930,6.15820,5.83030,5.48660,0.95027,,13831.00000,439173584.00000,0,0,0,0,0,0
FleetPanorama,931,6.14880,7.03420,6.67720,0.95437,,13883.00000,439173584.00000,0,0,0,0,0,0
FleetPanorama,932,6.28720,6.23570,6.01830,0.92672,,13831.00000,439173584.00000,0,0,0,0,0,0
FleetPanorama,933,5.89980,5.49100,6.03500,0.94720,,13831.00000,439173584.00000,0,0,0,0,0,0
FleetPanorama,934,6.16480,6.68260,5.68070,0.92877,,13831.00000,439173584.00000,0,0,0,0,0,0
FleetPanorama,935,6.11300,6.02300,6.47060,0.91750,,13831.00000,439173584.00000,0,0,0,0,0,0
FleetPanorama,936,6.24040,6.04160,6.08660,0.90931,,13831.00000,439173584.00000,0,0,0,0,0,0
FleetPanorama,937,5.99920,5.68620,6.60890,0.96461,,13919.00000,439173584.00000,0,0,0,0,0,0
FleetPanorama,938,6.25960,6.47460,6.28640,0.93082,,13831.00000,439173584.00000,0,0,0,0,0,0
FleetPanorama,939,5.99730,6.09220,5.41030,0.91955,,13831.00000,439173584.00000,0,0,0,0,0,0
FleetPanorama,940,6.25560,6.61970,6.13690,0.92877,,13831.00000,439173584.00000,0,0,0,0,0,0
FleetPanorama,941,6.15230,6.29270,5.78980,0.91136,,13831.00000,439173584.00000,0,0,0,0,0,0
FleetPanorama,942,6.15280,5.41580,6.08620,0.92672,,13831.00000,439173584.00000,0,0,0,0,0,0
FleetPanorama,943,6.03280,6.14100,6.74670,0.91341,,13831.00000,439173584.00000,0,0,0,0,0,0
FleetPanorama,944,6.09450,5.79400,5.74070,0.92160,,13831.00000,439173584.00000,0,0,0,0,0,0
FleetPanorama,945,6.23170,6.08970,6.09790,0.94925,,13831.00000,439173584.00000,0,0,0,0,0,0
FleetPanorama,946,5.97410,6.75090,5.89350,0.93901,,13831.00000,439173584.00000,0,0,0,0,0,0
FleetPanorama,947,6.16970,5.74440,6.75480,0.92672,,13831.00000,439173584.00000,0,0,0,0,0,0
FleetPanorama,948,6.29110,6.10130,5.84410,0.90214,,13831.00000,439173584.00000,0,0,0,0,0,0
FleetPanorama,949,6.12220,5.89770,6.07950,0.94106,,13831.00000,439173584.00000,0,0,0,0,0,0
FleetPanorama,950,5.97620,6.76040,5.81010,0.93696,,13831.00000,439173584.00000,0,0,0,0,0,0
FleetPanorama,951,6.11820,5.84910,6.70570,0.91853,,13831.00000,439173584.00000,0,0,0,0,0,0
FleetPanorama,952,6.28750,6.08480,5.84470,0.93696,,13831.00000,439173584.00000,0,0,0,0,0,0
FleetPanorama,953,6.25200,5.81360,6.27380,0.89907,,13831.00000,439173584.00000,0,0,0,0,0,0
FleetPanorama,954,5.99470,6.71050,6.06670,0.91955,,13831.00000,439173584.00000,0,0,0,0,0,0
FleetPanorama,955,6.22700,5.84900,5.94170,0.94208,,13831.00000,439173584.00000,0,0,0,0,0,0
FleetPanorama,956,6.25371,6.27740,6.25410,0.95744,,13831.00000,439173584.00000,0,0,0,0,0,0
FleetPanorama,957,6.04210,6.07020,6.13670,0.92672,,13831.00000,439173584.00000,0,0,0,0,0,0
FleetPanorama,958,6.23580,5.94550,6.58260,0.95949,,13831.00000,439173584.00000,0,0,0,0,0,0
FleetPanorama,959,6.15010,6.25890,5.96090,0.95437,,13831.00000,439173584.00000,0,0,0,0,0,0
FleetPanorama,960,6.17500,6.14380,5.96610,0.94106,,13831.00000,439173584.00000,0,0,0,0,0,0
FleetPanorama,961,6.14780,6.58770,6.17410,0.94003,,13831.00000,439173584.00000,0,0,0,0,0,0
FleetPanorama,962,6.13960,5.96540,6.17700,0.94515,,13919.00000,439173584.00000,0,0,0,0,0,0
FleetPanorama,963,5.98520,5.96970,6.01220,0.94208,,13831.00000,439173584.00000,0,0,0,0,0,0
FleetPanorama,964,6.28310,6.17870,5.95120,0.96870,,13883.00000,439173584.00000,0,0,0,0,0,0
FleetPanorama,965,6.08380,6.18260,6.68450,0.93901,,13831.00000,439173584.00000,0,0,0,0,0,0
FleetPanorama,966,6.22100,6.01540,5.98810,0.92672,,13831.00000,439173584.00000,0,0,0,0,0,0
FleetPanorama,967,6.09860,5.95560,6.08710,0.97178,,13831.00000,439173584.00000,0,0,0,0,0,0
FleetPanorama,968,6.07640,6.68760,6.02090,0.93696,,13831.00000,439173584.00000,0,0,0,0,0,0
FleetPanorama,969,6.43740,5.99270,6.20760,0.92570,,13831.00000,439173584.00000,0,0,0,0,0,0
FleetPanorama,970,5.86769,6.09060,6.79790,0.93798,,13831.00000,439173584.00000,0,0,0,0,0,0
NearLaserCombat,1,5.19680,7.01700,2.40710,0.96154,,13817.00000,447502816.00000,0,0,0,0,0,0
NearLaserCombat,2,5.96620,5.93500,5.59590,0.94515,,13817.00000,447502816.00000,0,0,0,0,0,0
NearLaserCombat,3,6.20540,10.26060,5.59940,1.00454,,13817.00000,447486432.00000,0,0,0,0,0,0
NearLaserCombat,4,8.11710,2.41270,6.19800,0.97280,,13817.00000,447568352.00000,0,0,0,0,0,0
NearLaserCombat,5,5.99750,5.59970,8.09010,0.99123,,13817.00000,447568352.00000,0,0,0,0,0,0
NearLaserCombat,6,6.36630,5.60410,5.81340,0.92672,,13817.00000,447568352.00000,0,0,0,0,0,0
NearLaserCombat,7,6.10980,6.20400,6.15540,0.94720,,13817.00000,447568352.00000,0,0,0,0,0,0
NearLaserCombat,8,5.97440,8.09520,6.54160,0.95539,,13817.00000,447486432.00000,0,0,0,0,0,0
NearLaserCombat,9,6.31970,5.81790,5.87730,0.92467,,13817.00000,447568352.00000,0,0,0,0,0,0
NearLaserCombat,10,6.10510,6.15960,6.19300,0.97178,,13817.00000,447568352.00000,0,0,0,0,0,0
NearLaserCombat,11,6.21850,6.54740,6.80210,1.00045,,13817.00000,447568352.00000,0,0,0,0,0,0
NearLaserCombat,12,6.03780,5.88170,6.12750,0.97075,,29071.00000,447579132.00000,0,0,0,0,0,0
NearLaserCombat,13,12.39670,6.19720,5.48370,1.00966,,13817.00000,447579132.00000,0,0,0,0,0,0
NearLaserCombat,14,5.92890,6.80730,13.17200,0.93798,,13817.00000,447497212.00000,0,0,0,0,0,0
NearLaserCombat,15,6.25350,6.13240,4.74390,0.02867,,13817.00000,447579132.00000,0,0,0,0,0,0
NearLaserCombat,16,6.29630,5.48930,6.76750,0.96563,,13817.00000,447579132.00000,0,0,0,0,0,0
NearLaserCombat,17,5.92990,13.17780,6.43350,0.93082,,13905.00000,447579132.00000,0,0,0,0,0,0
NearLaserCombat,18,6.42151,4.74800,5.59240,0.99123,,13817.00000,447579132.00000,0,0,0,0,0,0
NearLaserCombat,19,6.04160,6.77270,6.75330,0.96461,,13817.00000,447579132.00000,0,0,0,0,0,0
NearLaserCombat,20,6.18430,6.43780,6.02490,0.97485,,13817.00000,447579132.00000,0,0,0,0,0,0
NearLaserCombat,21,6.13360,5.59720,5.53010,0.97690,,13817.00000,447579132.00000,0,0,0,0,0,0
NearLaserCombat,22,6.09740,6.76110,6.92220,0.95232,,13817.00000,447579132.00000,0,0,0,0,0,0
NearLaserCombat,23,6.20420,6.03020,5.91790,0.95539,,13817.00000,447579132.00000,0,0,0,0,0,0
NearLaserCombat,24,6.07770,5.53410,5.79610,0.99226,,13817.00000,447579132.00000,0,0,0,0,0,0
NearLaserCombat,25,6.25370,6.92630,6.40220,0.97280,,13817.00000,447579132.00000,0,0,0,0,0,0
NearLaserCombat,26,6.19390,5.92230,6.57480,0.95846,,13817.00000,447579132.00000,0,0,0,0,0,0
NearLaserCombat,27,6.11640,5.79970,5.76470,0.97690,,13817.00000,447579132.00000,0,0,0,0,0,0
NearLaserCombat,28,6.03120,6.40820,6.09360,0.98406,,13817.00000,447579132.00000,0,0,0,0,0,0
NearLaserCombat,29,6.09910,6.57920,5.95960,0.92877,,13817.00000,447579132.00000,0,0,0,0,0,0
NearLaserCombat,30,6.28170,5.77020,6.83230,1.76845,,13817.00000,447579132.00000,0,0,0,0,0,0
NearLaserCombat,31,6.17590,6.09770,5.41300,0.95437,,13817.00000,447579132.00000,0,0,0,0,0,0
NearLaserCombat,32,6.33920,5.96330,6.35630,1.01274,,13817.00000,447579132.00000,0,0,0,0,0,0
NearLaserCombat,33,6.03050,6.83730,7.56370,0.98918,,13817.00000,447579132.00000,0,0,0,0,0,0
NearLaserCombat,34,6.10220,5.41780,4.99910,0.94822,,13817.00000,447579132.00000,0,0,0,0,0,0
NearLaserCombat,35,6.10280,6.36060,5.63210,0.99123,,13817.00000,447579132.00000,0,0,0,0,0,0
NearLaserCombat,36,6.07860,7.57180,6.37370,1.01376,,13817.00000,447579132.00000,0,0,0,0,0,0
NearLaserCombat,37,6.21600,5.00430,5.65190,0.94208,,13817.00000,447579132.00000,0,0,0,0,0,0
NearLaserCombat,38,6.04700,5.63720,6.91480,0.93798,,13817.00000,447579132.00000,0,0,0,0,0,0
NearLaserCombat,39,6.09350,6.37870,6.36810,0.97485,,13817.00000,447579132.00000,0,0,0,0,0,0
NearLaserCombat,40,6.17640,5.65620,5.45330,0.95949,,13817.00000,447579132.00000,0,0,0,0,0,0
NearLaserCombat,41,6.32659,6.92030,6.14840,0.99226,,13817.00000,447579132.00000,0,0,0,0,0,0
NearLaserCombat,42,5.92930,6.37430,6.76990,1.01069,,13905.00000,447579132.00000,0,0,0,0,0,0
NearLaserCombat,43,6.25680,5.45850,5.99000,0.96256,,13817.00000,447579132.00000,0,0,0,0,0,0
NearLaserCombat,44,6.01590,6.15320,5.83550,0.98918,,13869.00000,447579132.00000,0,0,0,0,0,0
NearLaserCombat,45,6.30000,6.77690,6.11770,1.01171,,13817.00000,447579132.00000,0,0,0,0,0,0
NearLaserCombat,46,6.13850,5.99480,6.71500,0.95539,,13817.00000,447579132.00000,0,0,0,0,0,0
NearLaserCombat,47,6.14900,5.84060,5.61870,0.95949,,13817.00000,447579132.00000,0,0,0,0,0,0
NearLaserCombat,48,6.26980,6.12230,5.89890,0.92979,,13817.00000,447579132.00000,0,0,0,0,0,0
NearLaserCombat,49,6.23540,6.71940,6.91920,0.94310,,13817.00000,447579132.00000,0,0,0,0,0,0
NearLaserCombat,50,5.99970,5.63020,6.19420,0.95232,,13817.00000,447579132.00000,0,0,0,0,0,0
NearLaserCombat,51,6.13260,5.90420,5.46780,0.99430,,13817.00000,447579132.00000,0,0,0,0,0,0
NearLaserCombat,52,6.11489,6.92520,6.55980,0.98099,,13817.00000,447579132.00000,0,0,0,0,0,0
NearLaserCombat,53,6.11380,6.19850,5.70490,0.98202,,13817.00000,447579132.00000,0,0,0,0,0,0
NearLaserCombat,54,6.17110,5.47180,6.09580,0.96666,,13817.00000,447579132.00000,0,0,0,0,0,0
NearLaserCombat,55,6.39690,6.57320,6.31490,0.93082,,13817.00000,447579132.00000,0,0,0,0,0,0
NearLaserCombat,56,5.79120,5.70980,6.20390,0.96768,,13817.00000,447579132.00000,0,0,0,0,0,0
NearLaserCombat,57,6.28740,6.10080,6.02730,0.99226,,13817.00000,447579132.00000,0,0,0,0,0,0
NearLaserCombat,58,6.17540,6.31990,6.39370,0.96973,,13817.00000,447579132.00000,0,0,0,0,0,0
NearLaserCombat,59,5.99930,6.20820,6.45070,0.96768,,16385.00000,447581372.00000,0,0,0,0,0,0
NearLaserCombat,60,6.22320,6.03240,5.68900,0.98816,,13817.00000,447581372.00000,0,0,0,0,0,0
NearLaserCombat,61,6.17400,6.39780,5.95080,0.97280,,13817.00000,447581372.00000,0,0,0,0,0,0
NearLaserCombat,62,6.16679,6.45580,6.12030,0.99021,,13817.00000,447581372.00000,0,0,0,0,0,0
NearLaserCombat,63,6.13951,5.69420,6.21650,0.98304,,13817.00000,447581372.00000,0,0,0,0,0,0
NearLaserCombat,64,6.23440,5.95510,5.98590,0.94515,,13817.00000,447581372.00000,0,0,0,0,0,0
NearLaserCombat,65,6.05020,6.12450,6.99560,0.93594,,13817.00000,447581372.00000,0,0,0,0,0,0
NearLaserCombat,66,6.08190,6.22020,5.57490,0.98099,,13817.00000,447581372.00000,0,0,0,0,0,0
NearLaserCombat,67,6.23520,5.99190,5.47140,0.94003,,13905.00000,447581372.00000,0,0,0,0,0,0
NearLaserCombat,68,6.07910,7.00100,6.55570,0.97485,,13817.00000,447581372.00000,0,0,0,0,0,0
NearLaserCombat,69,6.41460,5.57950,6.20290,0.99430,,13817.00000,447581372.00000,0,0,0,0,0,0
NearLaserCombat,70,5.94201,5.47510,6.62250,0.94413,,13817.00000,447581372.00000,0,0,0,0,0,0
NearLaserCombat,71,6.11290,6.55970,6.01460,0.94720,,13817.00000,447581372.00000,0,0,0,0,0,0
NearLaserCombat,72,6.09720,6.20730,5.96570,0.99328,,13817.00000,447581372.00000,0,0,0,0,0,0
NearLaserCombat,73,6.01130,6.62780,6.09130,0.94618,,13817.00000,447581372.00000,0,0,0,0,0,0
NearLaserCombat,74,6.46981,6.02050,5.88150,0.97075,,13817.00000,447581372.00000,0,0,0,0,0,0
NearLaserCombat,75,5.85660,5.97000,6.77830,1.00352,,13817.00000,447581372.00000,0,0,0,0,0,0
NearLaserCombat,76,6.20070,6.09600,5.42010,0.98816,,13817.00000,447581372.00000,0,0,0,0,0,0
NearLaserCombat,77,6.20370,5.88620,6.04650,0.96768,,13869.00000,447581372.00000,0,0,0,0,0,0
NearLaserCombat,78,6.08130,6.78440,6.70610,0.98099,,13817.00000,447581372.00000,0,0,0,0,0,0
NearLaserCombat,79,6.26200,5.42490,5.54250,0.98406,,13817.00000,447581372.00000,0,0,0,0,0,0
NearLaserCombat,80,6.02440,6.05080,6.43690,0.97485,,13817.00000,447581372.00000,0,0,0,0,0,0
NearLaserCombat,81,6.09970,6.71190,6.07760,0.98714,,13817.00000,447581372.00000,0,0,0,0,0,0
NearLaserCombat,82,6.08141,5.54750,6.59730,0.98304,,13817.00000,447581372.00000,0,0,0,0,0,0
NearLaserCombat,83,6.26880,6.44380,6.03870,0.98816,,13817.00000,447581372.00000,0,0,0,0,0,0
NearLaserCombat,84,6.11090,6.08190,5.91830,0.97894,,13817.00000,447581372.00000,0,0,0,0,0,0
NearLaserCombat,85,6.13760,6.60160,6.13910,0.96563,,13817.00000,447581372.00000,0,0,0,0,0,0
NearLaserCombat,86,6.12140,6.04380,6.05280,0.95437,,13817.00000,447581372.00000,0,0,0,0,0,0
NearLaserCombat,87,6.06130,5.92450,6.17340,0.99840,,13817.00000,447581372.00000,0,0,0,0,0,0
NearLaserCombat,88,6.23650,6.14480,6.26810,0.98611,,13817.00000,447581372.00000,0,0,0,0,0,0
NearLaserCombat,89,6.09770,6.06010,5.69370,0.98509,,13817.00000,447581372.00000,0,0,0,0,0,0
NearLaserCombat,90,6.17340,6.18020,6.53980,0.95130,,13817.00000,447581372.00000,0,0,0,0,0,0
NearLaserCombat,91,6.19280,6.27370,6.28480,0.95334,,13817.00000,447581372.00000,0,0,0,0,0,0
NearLaserCombat,92,5.89990,5.69840,5.58020,0.98918,,13905.00000,447581372.00000,0,0,0,0,0,0
NearLaserCombat,93,6.27370,6.54420,6.08450,0.96051,,13817.00000,447581372.00000,0,0,0,0,0,0
NearLaserCombat,94,6.14179,6.29060,5.96490,0.95232,,13817.00000,447581372.00000,0,0,0,0,0,0
NearLaserCombat,95,5.97380,5.58450,6.81160,0.96461,,13817.00000,447581372.00000,0,0,0,0,0,0
NearLaserCombat,96,6.29390,6.08980,5.50520,0.93696,,13817.00000,447581372.00000,0,0,0,0,0,0
NearLaserCombat,97,5.94740,5.96970,6.08880,0.93594,,13817.00000,447581372.00000,0,0,0,0,0,0
NearLaserCombat,98,6.23220,6.81620,6.32890,1.00045,,13817.00000,447581372.00000,0,0,0,0,0,0
NearLaserCombat,99,6.24751,5.50930,6.19620,0.97997,,13817.00000,447581372.00000,0,0,0,0,0,0
NearLaserCombat,100,6.06100,6.09260,5.97300,0.94720,,13817.00000,447581372.00000,0,0,0,0,0,0
NearLaserCombat,101,6.28510,6.33330,6.56990,0.94618,,13817.00000,447581372.00000,0,0,0,0,0,0
NearLaserCombat,102,5.94810,6.20070,5.89060,0.95642,,13817.00000,447581372.00000,0,0,0,0,0,0
NearLaserCombat,103,6.28180,5.97760,6.24100,0.96870,,13817.00000,447581372.00000,0,0,0,0,0,0
NearLaserCombat,104,6.14410,6.57420,6.78400,0.94515,,13817.00000,447581372.00000,0,0,0,0,0,0
NearLaserCombat,105,6.03350,5.89360,5.87030,0.98406,,13817.00000,447581372.00000,0,0,0,0,0,0
NearLaserCombat,106,6.08540,6.25060,5.55540,0.94208,,13817.00000,447581372.00000,0,0,0,0,0,0
NearLaserCombat,107,6.10750,6.78880,6.10700,0.98509,,13817.00000,447581372.00000,0,0,0,0,0,0
NearLaserCombat,108,6.40840,5.87510,6.28200,0.95334,,13817.00000,447581372.00000,0,0,0,0,0,0
NearLaserCombat,109,5.96410,5.55980,6.14110,0.95949,,13817.00000,447581372.00000,0,0,0,0,0,0
NearLaserCombat,110,6.00040,6.11090,5.75910,0.96461,,13869.00000,447581372.00000,0,0,0,0,0,0
NearLaserCombat,111,6.29750,6.28910,6.45410,0.99226,,13817.00000,447581372.00000,0,0,0,0,0,0
NearLaserCombat,112,5.95641,6.14600,5.78030,0.95949,,13817.00000,447581372.00000,0,0,0,0,0,0
NearLaserCombat,113,6.28680,5.76280,6.77350,0.97178,,13817.00000,447581372.00000,0,0,0,0,0,0
NearLaserCombat,114,6.17280,6.45850,6.41570,0.95642,,15105.00000,447582212.00000,0,0,0,0,0,0
NearLaserCombat,115,6.08421,5.78410,5.54010,0.96666,,13817.00000,447582212.00000,0,0,0,0,0,0
NearLaserCombat,116,6.21280,6.77930,6.48340,0.98304,,13817.00000,447582212.00000,0,0,0,0,0,0
NearLaserCombat,117,5.90370,6.42040,5.89460,0.99840,,13905.00000,447582212.00000,0,0,0,0,0,0
NearLaserCombat,118,6.34470,5.54450,6.98380,0.92467,,13817.00000,447582212.00000,0,0,0,0,0,0
NearLaserCombat,119,6.16310,6.48870,5.64880,0.95130,,13817.00000,447582212.00000,0,0,0,0,0,0
NearLaserCombat,120,5.96870,5.89910,6.10180,0.96256,,13817.00000,447582212.00000,0,0,0,0,0,0
NearLaserCombat,121,6.27400,6.98940,6.06730,0.94720,,13817.00000,447582212.00000,0,0,0,0,0,0
NearLaserCombat,122,6.16110,5.65310,5.75870,0.95130,,13817.00000,447582212.00000,0,0,0,0,0,0
NearLaserCombat,123,6.10100,6.10560,7.31310,1.76845,,13817.00000,447582212.00000,0,0,0,0,0,0
NearLaserCombat,124,6.26370,6.07200,5.09840,0.94515,,16385.00000,447582212.00000,0,0,0,0,0,0
NearLaserCombat,125,5.98040,5.76270,6.06900,0.95744,,13817.00000,447584452.00000,0,0,0,0,0,0
NearLaserCombat,126,11.78180,7.31800,6.00610,1.00557,,13817.00000,447584452.00000,0,0,0,0,0,0
NearLaserCombat,127,6.17580,5.10270,12.48090,0.95642,,13817.00000,447584452.00000,0,0,0,0,0,0
NearLaserCombat,128,5.91230,6.07270,5.85660,0.92774,,13817.00000,447584452.00000,0,0,0,0,0,0
NearLaserCombat,129,6.40370,6.01130,5.57440,1.00352,,13817.00000,447584452.00000,0,0,0,0,0,0
NearLaserCombat,130,6.23780,12.48600,6.71000,0.92365,,13817.00000,447584452.00000,0,0,0,0,0,0
NearLaserCombat,131,5.95650,5.86000,5.74030,0.97792,,13817.00000,447584452.00000,0,0,0,0,0,0
NearLaserCombat,132,6.09380,5.57850,5.87950,0.97075,,13817.00000,447584452.00000,0,0,0,0,0,0
NearLaserCombat,133,6.24300,6.71410,6.72030,0.90522,,13817.00000,447584452.00000,0,0,0,0,0,0
NearLaserCombat,134,6.01820,5.74690,5.72550,0.93082,,13817.00000,447584452.00000,0,0,0,0,0,0
NearLaserCombat,135,6.04300,5.88360,6.11800,0.96563,,13817.00000,447584452.00000,0,0,0,0,0,0
NearLaserCombat,136,6.33591,6.72460,6.64730,0.94720,,13817.00000,447584452.00000,0,0,0,0,0,0
NearLaserCombat,137,6.18459,5.72990,5.67120,0.97280,,13817.00000,447584452.00000,0,0,0,0,0,0
NearLaserCombat,138,6.10510,6.12310,5.97200,1.00966,,13817.00000,447584452.00000,0,0,0,0,0,0
NearLaserCombat,139,6.13680,6.65180,6.46600,0.93901,,13817.00000,447584452.00000,0,0,0,0,0,0
NearLaserCombat,140,5.97200,5.67470,6.33630,0.96358,,13817.00000,447584452.00000,0,0,0,0,0,0
NearLaserCombat,141,6.37210,5.97690,6.03680,1.00659,,13905.00000,447584452.00000,0,0,0,0,0,0
NearLaserCombat,142,6.10350,6.47050,5.90440,0.92365,,13869.00000,447584452.00000,0,0,0,0,0,0
NearLaserCombat,143,6.21270,6.34070,6.36550,0.98509,,13817.00000,447584452.00000,0,0,0,0,0,0
NearLaserCombat,144,6.07520,6.04090,5.76060,0.95232,,13817.00000,447584452.00000,0,0,0,0,0,0
NearLaserCombat,145,6.21220,5.90830,6.59610,0.94003,,13817.00000,447584452.00000,0,0,0,0,0,0
NearLaserCombat,146,6.11620,6.37030,6.42280,0.96358,,13817.00000,447584452.00000,0,0,0,0,0,0
NearLaserCombat,147,5.92380,5.76450,5.37220,1.01786,,13817.00000,447584452.00000,0,0,0,0,0,0
NearLaserCombat,148,6.21480,6.60410,6.50700,0.93389,,13817.00000,447584452.00000,0,0,0,0,0,0
NearLaserCombat,149,6.21910,6.42710,6.11340,0.98202,,13817.00000,447584452.00000,0,0,0,0,0,0
NearLaserCombat,150,6.10560,5.37680,5.96390,0.95642,,13817.00000,447584452.00000,0,0,0,0,0,0
NearLaserCombat,151,6.12930,6.51140,6.02300,0.93594,,13817.00000,447584452.00000,0,0,0,0,0,0
NearLaserCombat,152,5.99840,6.11750,6.83960,0.95846,,13817.00000,447584452.00000,0,0,0,0,0,0
NearLaserCombat,153,6.09600,5.96750,5.29380,0.98099,,13817.00000,447584452.00000,0,0,0,0,0,0
NearLaserCombat,154,6.33870,6.02710,6.90310,0.94618,,13817.00000,447584452.00000,0,0,0,0,0,0
NearLaserCombat,155,6.08560,6.84360,5.94270,0.97894,,13817.00000,447584452.00000,0,0,0,0,0,0
NearLaserCombat,156,6.14269,5.29860,6.96390,0.95744,,13817.00000,447584452.00000,0,0,0,0,0,0
NearLaserCombat,157,6.03780,6.91090,5.14640,0.91443,,13817.00000,447584452.00000,0,0,0,0,0,0
NearLaserCombat,158,6.24390,5.94810,5.52770,0.97997,,13817.00000,447584452.00000,0,0,0,0,0,0
NearLaserCombat,159,5.89700,6.97100,6.76190,1.00045,,13817.00000,447584452.00000,0,0,0,0,0,0
NearLaserCombat,160,6.33500,5.15080,5.57680,0.92365,,13817.00000,447584452.00000,0,0,0,0,0,0
NearLaserCombat,161,6.15500,5.53250,6.44100,0.97280,,13817.00000,447584452.00000,0,0,0,0,0,0
NearLaserCombat,162,6.08930,6.76650,6.18380,0.97178,,13817.00000,447584452.00000,0,0,0,0,0,0
NearLaserCombat,163,6.24751,5.58110,6.24530,0.97792,,13817.00000,447584452.00000,0,0,0,0,0,0
NearLaserCombat,164,5.93960,6.44700,5.85380,0.98099,,13817.00000,447584452.00000,0,0,0,0,0,0
NearLaserCombat,165,6.28250,6.18830,6.41860,0.97792,,13817.00000,447584452.00000,0,0,0,0,0,0
NearLaserCombat,166,6.00750,6.24990,6.31690,0.92570,,13905.00000,447584452.00000,0,0,0,0,0,0
NearLaserCombat,167,6.16570,5.85930,6.21930,0.97587,,13817.00000,447584452.00000,0,0,0,0,0,0
NearLaserCombat,168,6.35720,6.42300,5.58720,0.95130,,13817.00000,447584452.00000,0,0,0,0,0,0
NearLaserCombat,169,6.37961,6.32130,6.80760,1.02195,,13817.00000,447584452.00000,0,0,0,0,0,0
NearLaserCombat,170,5.92919,6.22390,5.84140,0.97382,,13817.00000,447584452.00000,0,0,0,0,0,0
NearLaserCombat,171,6.00640,5.59280,5.98000,1.01478,,13817.00000,447584452.00000,0,0,0,0,1,0
NearLaserCombat,172,6.39380,6.81260,9.97550,0.93491,,14469.00000,447518916.00000,0,0,0,0,1,0
NearLaserCombat,173,5.86250,5.84770,2.75560,0.97587,,13867.00000,447627428.00000,0,0,0,0,1,0
NearLaserCombat,174,6.24460,5.98530,6.25880,0.95949,,13867.00000,447627428.00000,0,0,0,0,1,0
NearLaserCombat,175,6.08580,9.98510,5.98720,0.96768,,13919.00000,447545508.00000,0,0,0,0,1,0
NearLaserCombat,176,6.40631,2.76060,6.00550,0.99840,,13867.00000,447627428.00000,0,0,0,0,1,0
NearLaserCombat,177,6.13510,6.26310,6.06720,0.99123,,13867.00000,447584452.00000,0,0,0,0,1,0
NearLaserCombat,178,6.06780,5.99190,6.82090,0.94822,,13867.00000,447584452.00000,0,0,0,0,1,0
NearLaserCombat,179,6.11890,6.01100,5.94470,0.98816,,13867.00000,447584452.00000,0,0,0,0,1,0
NearLaserCombat,180,6.10130,6.07240,5.81660,0.98611,,13867.00000,447584452.00000,0,0,0,0,1,0
NearLaserCombat,181,6.10830,6.82670,5.94140,0.95334,,13867.00000,447584452.00000,0,0,0,0,1,0
NearLaserCombat,182,6.25430,5.95020,6.52090,0.96666,,13867.00000,447584452.00000,0,0,0,0,1,0
NearLaserCombat,183,6.06139,5.82240,6.53140,1.00966,,13867.00000,447584452.00000,0,0,0,0,1,0
NearLaserCombat,184,6.08990,5.94790,5.70220,0.94413,,13867.00000,447584452.00000,0,0,0,0,1,0
NearLaserCombat,185,6.25470,6.52680,5.86900,0.98816,,13867.00000,447584452.00000,0,0,0,0,1,0
NearLaserCombat,186,6.21970,6.53780,5.99210,0.99123,,13867.00000,447584452.00000,0,0,0,0,1,0
NearLaserCombat,187,6.00360,5.70730,6.37060,0.97997,,13867.00000,447584452.00000,0,0,0,0,1,0
NearLaserCombat,188,6.30070,5.87470,7.30040,0.98611,,16435.00000,447586692.00000,0,0,0,0,1,0
NearLaserCombat,189,6.17160,5.99700,5.14800,0.98714,,13867.00000,447586692.00000,0,0,0,0,1,0
NearLaserCombat,190,6.20510,6.37610,6.19270,0.94413,,13867.00000,447586692.00000,0,0,0,0,1,0
NearLaserCombat,191,5.95380,7.30880,6.82960,0.99226,,18627.00000,447586692.00000,0,0,0,0,0,0
NearLaserCombat,192,12.27280,5.15430,5.88310,1.00454,,17659.00000,447504772.00000,0,0,0,0,0,0
NearLaserCombat,193,12.44120,6.19900,12.22110,0.96768,,13867.00000,447504772.00000,0,0,0,0,0,0
NearLaserCombat,194,11.12770,6.83710,12.67320,0.06042,,13867.00000,447586692.00000,0,0,0,0,0,0
NearLaserCombat,195,6.01110,5.88840,11.86270,0.07373,,13867.00000,447586692.00000,0,0,0,0,0,0
NearLaserCombat,196,6.31290,12.22730,4.78770,0.91238,,13867.00000,447586692.00000,0,0,0,0,0,0
NearLaserCombat,197,6.07080,12.68100,5.70850,0.94925,,13867.00000,447586692.00000,0,0,0,0,0,0
NearLaserCombat,198,6.26960,11.87280,7.49010,0.95539,,13867.00000,447586692.00000,0,0,0,0,0,0
NearLaserCombat,199,6.20680,4.79250,5.04200,0.98714,,13867.00000,447586692.00000,0,0,0,0,0,0
NearLaserCombat,200,6.01370,5.71400,6.07450,0.98611,,13867.00000,447586692.00000,0,0,0,0,0,0
NearLaserCombat,201,6.24430,7.49870,6.38250,0.96768,,13867.00000,447586692.00000,0,0,0,0,0,0
NearLaserCombat,202,6.14430,5.04740,6.23150,0.97792,,13867.00000,447586692.00000,0,0,0,0,0,0
NearLaserCombat,203,6.27870,6.08130,6.62620,0.98611,,13867.00000,447586692.00000,0,0,0,0,0,0
NearLaserCombat,204,5.98970,6.39020,6.09860,0.98918,,13867.00000,447586692.00000,0,0,0,0,0,0
NearLaserCombat,205,6.19730,6.23720,6.97090,1.00557,,13919.00000,447586692.00000,0,0,0,0,0,0
NearLaserCombat,206,6.12300,6.63580,4.81630,0.95642,,13867.00000,447586692.00000,0,0,0,0,0,0
NearLaserCombat,207,6.24780,6.10620,5.88030,0.95744,,13867.00000,447586692.00000,0,0,0,0,0,0
NearLaserCombat,208,6.03810,6.98050,7.34720,0.96461,,13867.00000,447586692.00000,0,0,0,0,0,0
NearLaserCombat,209,6.14230,4.82300,4.69920,0.98099,,13867.00000,447586692.00000,0,0,0,0,0,0
NearLaserCombat,210,6.17640,5.88620,6.34030,0.98816,,13867.00000,447586692.00000,0,0,0,0,0,0
NearLaserCombat,211,6.27780,7.35590,7.14300,0.97587,,13867.00000,447586692.00000,0,0,0,0,0,0
NearLaserCombat,212,5.98930,4.70470,5.39710,1.80122,,13867.00000,447586692.00000,0,0,0,0,0,0
NearLaserCombat,213,6.20920,6.34540,7.10350,0.98406,,18627.00000,447586692.00000,0,0,0,0,0,0
NearLaserCombat,214,12.58050,7.14970,5.69570,0.95949,,17659.00000,447504772.00000,0,0,0,0,0,0
NearLaserCombat,215,12.05390,5.40280,12.84750,0.96051,,13867.00000,447504772.00000,0,0,0,0,0,0
NearLaserCombat,216,6.43390,7.10940,11.79840,0.05837,,13867.00000,447586692.00000,0,0,0,0,0,0
NearLaserCombat,217,5.93410,5.70100,5.77530,0.06758,,13867.00000,447586692.00000,0,0,0,0,0,0
NearLaserCombat,218,6.06490,12.85560,5.66810,0.99840,,13867.00000,447668612.00000,0,0,0,0,0,0
NearLaserCombat,219,6.13740,11.81250,6.61500,0.95334,,13867.00000,447586692.00000,0,0,0,0,0,0
NearLaserCombat,220,6.07910,5.78260,5.95680,1.00250,,13867.00000,447586692.00000,0,0,0,0,0,0
NearLaserCombat,221,6.36470,5.67320,6.05190,0.96666,,13867.00000,447586692.00000,0,0,0,0,0,0
NearLaserCombat,222,5.95720,6.62200,6.74970,0.94003,,13867.00000,447586692.00000,0,0,0,0,0,0
NearLaserCombat,223,6.07520,5.96240,5.17200,0.98918,,13867.00000,447586692.00000,0,0,0,0,0,0
NearLaserCombat,224,6.35960,6.05720,6.80320,0.96461,,13867.00000,447586692.00000,0,0,0,0,0,0
NearLaserCombat,225,6.02970,6.75630,6.00680,0.99226,,13867.00000,447586692.00000,0,0,0,0,0,0
NearLaserCombat,226,6.03750,5.17760,6.44610,0.99226,,13867.00000,447586692.00000,0,0,0,0,0,0
NearLaserCombat,227,6.27700,6.80900,5.92370,1.00454,,13867.00000,447586692.00000,0,0,0,0,0,0
NearLaserCombat,228,6.11020,6.01170,6.51020,0.94106,,13867.00000,447586692.00000,0,0,0,0,0,0
NearLaserCombat,229,6.28160,6.45140,6.12590,0.97075,,13867.00000,447586692.00000,0,0,0,0,0,0
NearLaserCombat,230,5.81090,5.93150,5.66690,1.75104,,13867.00000,447586692.00000,0,0,0,0,0,0
NearLaserCombat,231,6.34690,6.51610,5.43110,0.96973,,13867.00000,447586692.00000,0,0,0,0,0,0
NearLaserCombat,232,6.38720,6.13230,8.00190,0.95744,,13867.00000,447586692.00000,0,0,0,0,0,0
NearLaserCombat,233,5.88090,5.67230,5.17160,0.98304,,13867.00000,447586692.00000,0,0,0,0,0,0
NearLaserCombat,234,6.22820,5.43680,6.13590,0.94310,,13867.00000,447586692.00000,0,0,0,0,0,0
NearLaserCombat,235,6.14960,8.04050,6.26060,0.99123,,13867.00000,447586692.00000,0,0,0,0,0,0
NearLaserCombat,236,6.33680,5.17800,5.28410,0.96358,,14007.00000,447586692.00000,0,0,0,0,0,0
NearLaserCombat,237,5.98790,6.14820,7.41080,0.96461,,13867.00000,447586692.00000,0,0,0,0,0,0
NearLaserCombat,238,5.97850,6.26630,5.15260,0.95846,,13867.00000,447586692.00000,0,0,0,0,0,0
NearLaserCombat,239,6.31849,5.28950,6.69020,0.98611,,13867.00000,447586692.00000,0,0,0,0,0,0
NearLaserCombat,240,6.15790,7.41870,5.62410,0.93696,,13867.00000,447586692.00000,0,0,0,0,0,0
NearLaserCombat,241,6.12550,5.15800,5.88140,0.99021,,13867.00000,447586692.00000,0,0,0,0,0,0
NearLaserCombat,242,6.00860,6.69650,6.82770,0.96154,,13867.00000,447586692.00000,0,0,0,0,0,0
NearLaserCombat,243,6.43660,5.62890,5.24250,0.96256,,13867.00000,447586692.00000,0,0,0,0,0,0
NearLaserCombat,244,5.85760,5.88560,6.70370,0.96154,,13867.00000,447586692.00000,0,0,0,0,0,0
NearLaserCombat,245,6.07600,6.83440,6.41780,0.95334,,13867.00000,447586692.00000,0,0,0,0,0,0
NearLaserCombat,246,6.23680,5.24780,5.23890,0.98304,,13867.00000,447586692.00000,0,0,0,0,0,0
NearLaserCombat,247,6.16390,6.71060,6.34320,0.97075,,13867.00000,447586692.00000,0,0,0,0,0,0
NearLaserCombat,248,6.17150,6.42310,6.62870,0.97894,,13867.00000,447586692.00000,0,0,0,0,0,0
NearLaserCombat,249,6.01060,5.24340,6.49390,0.95334,,16435.00000,447588932.00000,0,0,0,0,0,0
NearLaserCombat,250,6.29220,6.34890,5.21750,0.94106,,13867.00000,447588932.00000,0,0,0,0,0,0
NearLaserCombat,251,6.02150,6.63620,6.13090,0.94720,,13867.00000,447588932.00000,0,0,0,0,0,0
NearLaserCombat,252,6.09320,6.49840,6.48740,0.97792,,13867.00000,447588932.00000,0,0,0,0,0,0
NearLaserCombat,253,6.32690,5.22210,5.67410,0.95437,,13867.00000,447588932.00000,0,0,0,0,0,0
NearLaserCombat,254,6.17960,6.13490,6.45000,0.95846,,13867.00000,447588932.00000,0,0,0,0,0,0
NearLaserCombat,255,6.12490,6.49320,6.90440,0.91955,,13867.00000,447588932.00000,0,0,0,0,0,0
NearLaserCombat,256,5.97910,5.67840,5.14170,0.91136,,13867.00000,447588932.00000,0,0,0,0,0,0
NearLaserCombat,257,6.27740,6.45700,6.52650,1.78074,,13867.00000,447588932.00000,0,0,0,0,0,0
NearLaserCombat,258,6.18030,6.91020,6.16810,0.94618,,13867.00000,447588932.00000,0,0,0,0,0,0
NearLaserCombat,259,6.14080,5.14640,5.86700,0.95846,,13867.00000,447588932.00000,0,0,0,0,0,0
NearLaserCombat,260,6.15360,6.53180,6.39170,0.96461,,13867.00000,447588932.00000,0,0,0,0,0,0
NearLaserCombat,261,5.97340,6.17240,6.92110,0.96666,,13955.00000,447588932.00000,0,0,0,0,0,0
NearLaserCombat,262,6.32550,5.87180,5.79970,0.91341,,13867.00000,447588932.00000,0,0,0,0,0,0
NearLaserCombat,263,7.08810,6.39710,6.05860,0.99123,,13867.00000,447588932.00000,0,0,0,0,0,0
NearLaserCombat,264,6.21170,6.92600,6.50380,0.96154,,13867.00000,447588932.00000,0,0,0,0,0,0
NearLaserCombat,265,6.08450,5.80510,6.71110,0.95949,,13867.00000,447588932.00000,0,0,0,0,0,0
NearLaserCombat,266,5.98330,6.06320,5.57640,0.94208,,13867.00000,447588932.00000,0,0,0,0,0,0
NearLaserCombat,267,6.37590,6.50850,6.42440,0.96563,,13867.00000,447588932.00000,0,0,0,0,0,0
NearLaserCombat,268,6.10020,6.71650,5.97280,0.93798,,13867.00000,447588932.00000,0,0,0,0,0,0
NearLaserCombat,269,5.97400,5.58020,6.28460,0.97587,,13919.00000,447588932.00000,0,0,0,0,0,0
NearLaserCombat,270,6.17640,6.43060,6.15940,0.94618,,13867.00000,447588932.00000,0,0,0,0,0,0
NearLaserCombat,271,6.24740,5.97670,6.49580,0.97792,,15155.00000,447589772.00000,0,0,0,0,0,0
NearLaserCombat,272,5.99610,6.29010,5.67240,0.94208,,13867.00000,447589772.00000,0,0,0,0,0,0
NearLaserCombat,273,6.33080,6.16570,5.53560,0.95949,,13867.00000,447589772.00000,0,0,0,0,0,0
NearLaserCombat,274,5.94850,6.50170,7.28650,0.96051,,13867.00000,447589772.00000,0,0,0,0,0,0
NearLaserCombat,275,6.09640,5.67690,5.31850,0.95949,,13867.00000,447589772.00000,0,0,0,0,0,0
NearLaserCombat,276,6.19110,5.54000,6.25190,0.94106,,13867.00000,447589772.00000,0,0,0,0,0,0
NearLaserCombat,277,6.32200,7.29110,6.09900,0.93491,,13867.00000,447589772.00000,0,0,0,0,0,0
NearLaserCombat,278,6.09940,5.32420,6.50520,0.93696,,13867.00000,447589772.00000,0,0,0,0,0,0
NearLaserCombat,279,6.09131,6.25830,6.45560,0.95437,,13867.00000,447589772.00000,0,0,0,0,0,0
NearLaserCombat,280,6.13490,6.10430,5.83420,0.95437,,13867.00000,447589772.00000,0,0,0,0,0,0
NearLaserCombat,281,6.26960,6.51120,6.51380,0.94618,,13867.00000,447589772.00000,0,0,0,0,0,0
NearLaserCombat,282,6.03250,6.46070,5.86960,0.97178,,13867.00000,447589772.00000,0,0,0,0,0,0
NearLaserCombat,283,6.17640,5.83980,5.55540,0.97280,,13867.00000,447589772.00000,0,0,0,0,0,0
NearLaserCombat,284,6.14300,6.52200,6.87030,0.94925,,13867.00000,447589772.00000,0,0,0,0,0,0
NearLaserCombat,285,6.20600,5.87550,5.96800,0.95744,,13867.00000,447589772.00000,0,0,0,0,0,0
NearLaserCombat,286,6.18200,5.56100,6.16260,0.97792,,13955.00000,447589772.00000,0,0,0,0,0,0
NearLaserCombat,287,6.10471,6.87580,7.10530,0.94413,,13867.00000,447589772.00000,0,0,0,0,0,0
NearLaserCombat,288,6.20259,5.97480,6.55410,0.93901,,13867.00000,447589772.00000,0,0,0,0,0,0
NearLaserCombat,289,6.17030,6.16890,4.62370,0.96256,,13867.00000,447589772.00000,0,0,0,0,0,0
NearLaserCombat,290,6.17270,7.11190,6.05970,0.92877,,13867.00000,447589772.00000,0,0,0,0,0,0
NearLaserCombat,291,6.07700,6.56080,6.95760,0.92467,,13867.00000,447589772.00000,0,0,0,0,0,0
NearLaserCombat,292,6.29260,4.62980,5.65400,0.93184,,13867.00000,447589772.00000,0,0,0,0,0,0
NearLaserCombat,293,6.03240,6.06630,5.99910,0.99635,,13867.00000,447589772.00000,0,0,0,0,0,0
NearLaserCombat,294,6.09870,6.96470,5.97490,0.96768,,13867.00000,447589772.00000,0,0,0,0,0,0
NearLaserCombat,295,6.12100,5.66150,5.84670,0.96256,,13867.00000,447589772.00000,0,0,0,0,0,0
NearLaserCombat,296,6.09240,6.00440,6.57900,0.96051,,13867.00000,447589772.00000,0,0,0,0,0,0
NearLaserCombat,297,6.32740,5.98110,6.13970,0.94310,,13867.00000,447589772.00000,0,0,0,0,0,0
NearLaserCombat,298,8.72460,5.85290,5.83630,0.94720,,13867.00000,447589772.00000,0,0,0,0,0,0
NearLaserCombat,299,6.19889,6.58370,8.57330,0.98202,,13867.00000,447589772.00000,0,0,0,0,0,0
NearLaserCombat,300,6.25620,6.14460,7.47490,0.90317,,13867.00000,447589772.00000,0,0,0,0,0,0
NearLaserCombat,301,5.97300,5.84110,5.14160,0.94925,,13919.00000,447589772.00000,0,0,0,0,0,0
NearLaserCombat,302,6.28130,8.57810,6.70030,0.94106,,13867.00000,447589772.00000,0,0,0,0,0,0
NearLaserCombat,303,6.04460,7.48090,6.66380,0.94413,,13867.00000,447589772.00000,0,0,0,0,0,0
NearLaserCombat,304,6.31800,5.14660,5.44430,0.94106,,13867.00000,447589772.00000,0,0,0,0,0,0
NearLaserCombat,305,6.11830,6.70580,6.10700,0.98611,,13867.00000,447589772.00000,0,0,0,0,0,0
NearLaserCombat,306,6.14410,6.66950,6.32510,0.94720,,13867.00000,447589772.00000,0,0,0,0,0,0
NearLaserCombat,307,6.18350,5.44990,6.43930,0.95437,,13867.00000,447589772.00000,0,0,0,0,0,0
NearLaserCombat,308,5.96490,6.11290,6.36960,0.92262,,13867.00000,447589772.00000,0,0,0,0,0,0
NearLaserCombat,309,6.22100,6.33140,5.67870,0.95334,,13867.00000,447589772.00000,0,0,0,0,0,0
NearLaserCombat,310,6.19180,6.44940,7.14050,0.94925,,13955.00000,447589772.00000,0,0,0,0,0,0
NearLaserCombat,311,6.18360,6.37620,4.78290,0.95437,,13867.00000,447589772.00000,0,0,0,0,0,0
NearLaserCombat,312,6.17460,5.68690,8.50340,0.94208,,13867.00000,447589772.00000,0,0,0,0,0,0
NearLaserCombat,313,6.04090,7.15080,3.99830,0.96051,,13867.00000,447589772.00000,0,0,0,0,0,0
NearLaserCombat,314,6.25950,4.78980,6.24230,0.95846,,13867.00000,447589772.00000,0,0,0,0,0,0
NearLaserCombat,315,6.23350,8.50990,5.91350,0.96768,,13867.00000,447589772.00000,0,0,0,0,0,0
NearLaserCombat,316,6.32970,4.00410,6.58210,0.90214,,13867.00000,447589772.00000,0,0,0,0,0,0
NearLaserCombat,317,5.75730,6.24880,6.40620,0.99021,,13867.00000,447589772.00000,0,0,0,0,0,0
NearLaserCombat,318,6.15750,5.92140,5.61190,0.91546,,13867.00000,447589772.00000,0,0,0,0,0,0
NearLaserCombat,319,6.21110,6.58910,5.98150,0.96051,,13867.00000,447589772.00000,0,0,0,0,0,0
NearLaserCombat,320,6.07330,6.41260,6.01470,0.93389,,13867.00000,447589772.00000,0,0,0,0,0,0
NearLaserCombat,321,6.31250,5.61760,5.95640,0.94208,,13867.00000,447589772.00000,0,0,0,0,0,0
NearLaserCombat,322,5.98270,5.98780,6.60270,0.93594,,13867.00000,447589772.00000,0,0,0,0,0,0
NearLaserCombat,323,6.13210,6.02110,6.24360,0.98714,,13867.00000,447589772.00000,0,0,0,0,0,0
NearLaserCombat,324,6.16980,5.96210,5.86000,0.93082,,13867.00000,447589772.00000,0,0,0,0,0,0
NearLaserCombat,325,6.19680,6.60760,6.39450,0.96870,,13867.00000,447589772.00000,0,0,0,0,0,0
NearLaserCombat,326,6.17100,6.24880,6.11070,0.97690,,13867.00000,447589772.00000,0,0,0,0,0,0
NearLaserCombat,327,5.97890,5.86570,6.30310,0.97178,,13867.00000,447589772.00000,0,0,0,0,0,0
NearLaserCombat,328,7.08430,6.40000,6.22210,0.97075,,13867.00000,447589772.00000,0,0,0,0,0,0
NearLaserCombat,329,6.04000,6.12200,6.74760,0.98509,,13867.00000,447589772.00000,0,0,0,0,0,0
NearLaserCombat,330,6.34760,6.31140,5.61030,0.97587,,13867.00000,447589772.00000,0,0,0,0,0,0
NearLaserCombat,331,5.92270,6.22890,6.53500,0.97792,,13867.00000,447589772.00000,0,0,0,0,0,0
NearLaserCombat,332,6.17680,6.75380,7.10940,0.98816,,13867.00000,447589772.00000,0,0,0,0,0,0
NearLaserCombat,333,7.97040,5.61680,4.81130,0.95744,,13867.00000,447589772.00000,0,0,0,0,0,0
NearLaserCombat,334,6.22840,6.53980,7.98250,0.96870,,13919.00000,447589772.00000,0,0,0,0,0,0
NearLaserCombat,335,6.36250,7.11810,6.83740,0.91750,,13955.00000,447589772.00000,0,0,0,0,0,0
NearLaserCombat,336,6.08570,4.81770,6.11460,0.91955,,13867.00000,447589772.00000,0,0,0,0,0,0
NearLaserCombat,337,6.19590,7.99120,5.66410,0.97894,,13867.00000,447589772.00000,0,0,0,0,0,0
NearLaserCombat,338,5.86990,6.84370,6.39540,0.96154,,13867.00000,447589772.00000,0,0,0,0,0,0
NearLaserCombat,339,6.26579,6.12360,5.86480,0.95130,,13867.00000,447589772.00000,0,0,0,0,0,0
NearLaserCombat,340,5.97971,5.67000,5.70920,0.96768,,13867.00000,447589772.00000,0,0,0,0,0,0
NearLaserCombat,341,6.56020,6.40140,6.37590,1.00966,,13867.00000,447589772.00000,0,0,0,0,0,0
NearLaserCombat,342,5.76650,5.87000,7.17500,0.97894,,13867.00000,447589772.00000,0,0,0,0,0,0
NearLaserCombat,343,6.28681,5.71490,4.76050,0.99738,,13867.00000,447589772.00000,0,0,0,0,0,0
NearLaserCombat,344,6.16520,6.38070,6.36700,0.98509,,13867.00000,447589772.00000,0,0,0,0,0,0
NearLaserCombat,345,6.03160,7.18100,7.11580,0.96870,,13867.00000,447589772.00000,0,0,0,0,0,0
NearLaserCombat,346,6.24870,4.76550,5.05460,0.96563,,13867.00000,447589772.00000,0,0,0,0,0,0
NearLaserCombat,347,6.00000,6.37170,6.82680,0.98202,,13867.00000,447589772.00000,0,0,0,0,0,0
NearLaserCombat,348,6.23940,7.12180,6.10340,0.99635,,13867.00000,447589772.00000,0,0,0,0,0,0
NearLaserCombat,349,6.28690,5.05940,5.43750,0.97280,,13867.00000,447589772.00000,0,0,0,0,0,0
NearLaserCombat,350,6.06550,6.83230,6.58010,0.96768,,13867.00000,447589772.00000,0,0,0,0,0,0
NearLaserCombat,351,6.03570,6.10990,5.87520,0.95027,,13867.00000,447589772.00000,0,0,0,0,0,0
NearLaserCombat,352,6.38750,5.44450,7.62080,0.95949,,13867.00000,447589772.00000,0,0,0,0,0,0
NearLaserCombat,353,6.15240,6.58540,5.06600,0.99226,,13867.00000,447589772.00000,0,0,0,0,0,0
NearLaserCombat,354,6.09750,5.88020,6.17260,0.98202,,13867.00000,447589772.00000,0,0,0,0,0,0
NearLaserCombat,355,6.19620,7.62770,7.21450,0.96666,,13867.00000,447589772.00000,0,0,0,0,0,0
NearLaserCombat,356,6.09410,5.07250,5.91830,0.97587,,13867.00000,447589772.00000,0,0,0,0,0,0
NearLaserCombat,357,6.33690,6.17950,5.28170,0.95334,,13867.00000,447589772.00000,0,0,0,0,0,0
NearLaserCombat,358,6.12370,7.22240,7.86970,0.90931,,13867.00000,447589772.00000,0,0,0,0,0,0
NearLaserCombat,359,6.09610,5.92850,4.94650,0.97792,,13955.00000,447589772.00000,0,0,0,0,0,0
NearLaserCombat,360,6.33040,5.28890,6.49990,0.96768,,13867.00000,447589772.00000,0,0,0,0,0,0
NearLaserCombat,361,6.06330,7.87960,6.52280,0.97690,,13867.00000,447589772.00000,0,0,0,0,0,0
NearLaserCombat,362,6.25400,4.95340,5.27410,0.98099,,13867.00000,447589772.00000,0,0,0,0,0,0
NearLaserCombat,363,6.14360,6.50660,5.89750,0.94413,,13867.00000,447589772.00000,0,0,0,0,0,0
NearLaserCombat,364,6.14170,6.52950,6.12180,0.94208,,13867.00000,447589772.00000,0,0,0,0,0,0
NearLaserCombat,365,6.22460,5.27910,7.17420,0.98304,,13867.00000,447589772.00000,0,0,0,0,0,0
NearLaserCombat,366,5.99440,5.90320,5.55470,0.96768,,13919.00000,447589772.00000,0,0,0,0,0,0
NearLaserCombat,367,6.16080,6.12940,5.44930,0.96461,,13867.00000,447589772.00000,0,0,0,0,0,0
NearLaserCombat,368,6.27490,7.18040,6.99010,0.96870,,13867.00000,447589772.00000,0,0,0,0,0,0
NearLaserCombat,369,6.07380,5.55970,6.15170,0.96461,,13867.00000,447589772.00000,0,0,0,0,0,0
NearLaserCombat,370,6.11220,5.45460,6.00750,0.94106,,13867.00000,447589772.00000,0,0,0,0,0,0
NearLaserCombat,371,5.95419,6.99560,6.00000,1.00659,,13867.00000,447589772.00000,0,0,0,0,0,0
NearLaserCombat,372,6.22870,6.15700,5.64310,0.99328,,13867.00000,447589772.00000,0,0,0,0,0,0
NearLaserCombat,373,6.15770,6.01320,6.64080,0.97690,,13867.00000,447589772.00000,0,0,0,0,0,0
NearLaserCombat,374,6.83230,6.00550,6.37340,1.01683,,13867.00000,447589772.00000,0,0,0,0,0,0
NearLaserCombat,375,5.47800,5.64980,6.42710,0.95539,,13867.00000,447589772.00000,0,0,0,0,0,0
NearLaserCombat,376,6.24560,6.64610,5.29060,0.94618,,13867.00000,447589772.00000,0,0,0,0,0,0
NearLaserCombat,377,6.03440,6.37870,5.96480,0.99840,,13867.00000,447589772.00000,0,0,0,0,0,0
NearLaserCombat,378,6.25370,6.43350,6.72460,0.97587,,16435.00000,447589772.00000,0,0,0,0,0,0
NearLaserCombat,379,5.96390,5.29620,5.92900,0.99021,,13867.00000,447592012.00000,0,0,0,0,0,0
NearLaserCombat,380,6.38550,5.96980,5.66170,1.76947,,13867.00000,447592012.00000,0,0,0,0,0,0
NearLaserCombat,381,6.07450,6.73120,7.01210,0.96051,,13867.00000,447592012.00000,0,0,0,0,0,0
NearLaserCombat,382,6.06770,5.93450,5.16690,0.96870,,13867.00000,447592012.00000,0,0,0,0,0,0
NearLaserCombat,383,6.22930,5.66630,7.41380,1.00454,,13867.00000,447592012.00000,0,0,0,0,0,0
NearLaserCombat,384,6.23470,7.01780,5.50900,0.94106,,13955.00000,447592012.00000,0,0,0,0,0,0
NearLaserCombat,385,6.15660,5.17200,6.04020,0.96358,,13867.00000,447592012.00000,0,0,0,0,0,0
NearLaserCombat,386,6.15190,7.42060,6.31380,0.95949,,13867.00000,447592012.00000,0,0,0,0,0,0
NearLaserCombat,387,6.03920,5.51500,6.53290,0.98202,,13867.00000,447592012.00000,0,0,0,0,0,0
NearLaserCombat,388,6.13040,6.04620,5.28920,0.96154,,13867.00000,447592012.00000,0,0,0,0,0,0
NearLaserCombat,389,6.09250,6.31930,6.69680,0.95642,,13867.00000,447592012.00000,0,0,0,0,0,0
NearLaserCombat,390,6.34510,6.53730,6.08820,0.95949,,13867.00000,447592012.00000,0,0,0,0,0,0
NearLaserCombat,391,6.14950,5.29600,7.44850,0.98509,,13867.00000,447592012.00000,0,0,0,0,0,0
NearLaserCombat,392,6.02160,6.70200,4.71790,0.99533,,13867.00000,447592012.00000,0,0,0,0,0,0
NearLaserCombat,393,6.26830,6.09450,6.33600,0.98918,,13867.00000,447592012.00000,0,0,0,0,0,0
NearLaserCombat,394,6.16400,7.45450,6.36490,0.95846,,13867.00000,447592012.00000,0,0,0,0,0,0
NearLaserCombat,395,6.18160,4.72320,5.66880,0.97690,,13867.00000,447592012.00000,0,0,0,0,0,0
NearLaserCombat,396,6.09100,6.34270,6.73910,0.99123,,13867.00000,447592012.00000,0,0,0,0,0,0
NearLaserCombat,397,6.21690,6.37150,6.13910,0.97485,,13867.00000,447592012.00000,0,0,0,0,0,0
NearLaserCombat,398,6.17400,5.67520,6.00990,0.99635,,13867.00000,447592012.00000,0,0,0,0,0,0
NearLaserCombat,399,6.05970,6.74430,6.08550,0.94208,,13919.00000,447592012.00000,0,0,0,0,0,0
NearLaserCombat,400,6.17940,6.14430,5.90990,0.99123,,13867.00000,447592012.00000,0,0,0,0,0,0
NearLaserCombat,401,6.59780,6.01590,5.79670,0.95437,,13867.00000,447592012.00000,0,0,0,0,0,0
NearLaserCombat,402,5.63550,6.09140,6.42650,0.95846,,13867.00000,447592012.00000,0,0,0,0,0,0
NearLaserCombat,403,6.04650,5.91560,5.86980,1.00045,,13867.00000,447592012.00000,0,0,0,0,0,0
NearLaserCombat,404,6.34500,5.80220,6.16260,0.96973,,13867.00000,447592012.00000,0,0,0,0,0,0
NearLaserCombat,405,6.12520,6.43110,6.87790,0.99123,,13867.00000,447592012.00000,0,0,0,0,0,0
NearLaserCombat,406,6.11320,5.87750,5.48800,0.96870,,13867.00000,447592012.00000,0,0,0,0,0,0
NearLaserCombat,407,6.42780,6.16840,7.45790,0.99328,,13867.00000,447592012.00000,0,0,0,0,0,0
NearLaserCombat,408,5.87100,6.88570,5.13530,0.95437,,13867.00000,447592012.00000,0,0,0,0,0,0
NearLaserCombat,409,6.14480,5.49370,5.58630,0.96358,,13955.00000,447592012.00000,0,0,0,0,0,0
NearLaserCombat,410,6.06460,7.46670,6.60430,0.97280,,13867.00000,447592012.00000,0,0,0,0,0,0
NearLaserCombat,411,6.16940,5.14030,6.07860,0.97485,,13867.00000,447592012.00000,0,0,0,0,0,0
NearLaserCombat,412,6.18160,5.59140,6.02380,0.98611,,13867.00000,447592012.00000,0,0,0,0,0,0
NearLaserCombat,413,6.26910,6.60930,6.73170,1.76845,,13867.00000,447592012.00000,0,0,0,0,0,0
NearLaserCombat,414,6.09380,6.08320,5.29080,0.96051,,13867.00000,447592012.00000,0,0,0,0,0,0
NearLaserCombat,415,5.93210,6.02890,6.07470,0.94515,,13867.00000,447592012.00000,0,0,0,0,0,0
NearLaserCombat,416,6.21040,6.73770,5.81060,0.98611,,13867.00000,447592012.00000,0,0,0,0,0,0
NearLaserCombat,417,6.13180,5.29540,6.71320,0.94208,,13867.00000,447592012.00000,0,0,0,0,0,0
NearLaserCombat,418,6.05490,6.07880,5.72610,0.99328,,13867.00000,447592012.00000,0,0,0,0,0,0
NearLaserCombat,419,6.23510,5.81590,5.91870,0.99738,,13867.00000,447592012.00000,0,0,0,0,0,0
NearLaserCombat,420,6.17140,6.71810,6.98710,0.98509,,13867.00000,447592012.00000,0,0,0,0,0,0
NearLaserCombat,421,6.14320,5.73070,5.55610,1.00352,,13867.00000,447592012.00000,0,0,0,0,0,0
NearLaserCombat,422,6.06820,5.92220,6.22600,0.99840,,13867.00000,447592012.00000,0,0,0,0,0,0
NearLaserCombat,423,6.16190,6.99110,6.45600,1.00250,,13867.00000,447592012.00000,0,0,0,0,0,0
NearLaserCombat,424,6.26250,5.56160,5.67540,0.97690,,13867.00000,447592012.00000,0,0,0,0,0,0
NearLaserCombat,425,5.89910,6.23030,7.29320,1.01171,,13867.00000,447592012.00000,0,0,0,0,0,0
NearLaserCombat,426,6.27210,6.46160,5.72790,0.97485,,13867.00000,447592012.00000,0,0,0,0,0,0
NearLaserCombat,427,6.04250,5.68000,5.76280,0.98509,,13867.00000,447592012.00000,0,0,0,0,0,0
NearLaserCombat,428,6.34930,7.30030,6.27680,0.99840,,13867.00000,447592012.00000,0,0,0,0,0,0
NearLaserCombat,429,5.92920,5.73370,6.02320,0.97894,,13867.00000,447592012.00000,0,0,0,0,0,0
NearLaserCombat,430,6.23050,5.76780,6.17390,1.00045,,13867.00000,447592012.00000,0,0,0,0,0,0
NearLaserCombat,431,6.10890,6.28200,6.83530,0.97997,,13867.00000,447592012.00000,0,0,0,0,0,0
NearLaserCombat,432,6.22720,6.02840,5.19800,0.97178,,13919.00000,447592012.00000,0,0,0,0,0,0
NearLaserCombat,433,6.16560,6.17950,6.98490,0.97075,,15155.00000,447592012.00000,0,0,0,0,0,0
NearLaserCombat,434,5.94780,6.84080,5.40230,0.93696,,13955.00000,447592852.00000,0,0,0,0,0,0
NearLaserCombat,435,6.17220,5.20250,6.17680,0.95437,,13867.00000,447592852.00000,0,0,0,0,0,0
NearLaserCombat,436,6.31300,6.99030,6.17080,1.77664,,13867.00000,447592852.00000,0,0,0,0,0,0
NearLaserCombat,437,5.96140,5.40610,6.17880,0.97280,,13867.00000,447592852.00000,0,0,0,0,0,0
NearLaserCombat,438,6.39210,6.18050,5.85100,0.96563,,13867.00000,447592852.00000,0,0,0,0,0,0
NearLaserCombat,439,5.85940,6.17650,6.74700,0.99430,,13867.00000,447592852.00000,0,0,0,0,0,0
NearLaserCombat,440,6.14780,6.18480,5.22770,0.98509,,13867.00000,447592852.00000,0,0,0,0,0,0
NearLaserCombat,441,6.12290,5.85740,6.64950,0.95437,,13867.00000,447592852.00000,0,0,0,0,0,0
NearLaserCombat,442,6.30520,6.75090,5.61660,0.96973,,13867.00000,447592852.00000,0,0,0,0,0,0
NearLaserCombat,443,6.11350,5.23740,6.55670,0.96051,,16435.00000,447595092.00000,0,0,0,0,0,0
NearLaserCombat,444,6.26840,6.65500,6.12730,0.98509,,13867.00000,447595092.00000,0,0,0,0,0,0
NearLaserCombat,445,6.13530,5.62230,5.91750,0.97997,,13867.00000,447595092.00000,0,0,0,0,0,0
NearLaserCombat,446,6.13900,6.56130,6.60320,0.99635,,13867.00000,447595092.00000,0,0,0,0,0,0
NearLaserCombat,447,6.13490,6.17830,6.15490,0.93901,,13867.00000,447595092.00000,0,0,0,0,0,0
NearLaserCombat,448,6.09550,5.92210,5.58180,0.98611,,13867.00000,447595092.00000,0,0,0,0,0,0
NearLaserCombat,449,6.16570,6.60740,6.51100,1.77152,,13867.00000,447595092.00000,0,0,0,0,0,0
NearLaserCombat,450,6.03960,6.16180,5.83600,0.97075,,13867.00000,447595092.00000,0,0,0,0,0,0
NearLaserCombat,451,6.30340,5.58680,6.96160,0.97690,,13867.00000,447595092.00000,0,0,0,0,0,0
NearLaserCombat,452,6.06330,6.51690,5.98840,0.95232,,13867.00000,447595092.00000,0,0,0,0,0,0
NearLaserCombat,453,5.98120,5.83960,5.39420,0.97894,,13867.00000,447595092.00000,0,0,0,0,0,0
NearLaserCombat,454,6.31040,6.96800,6.06940,0.98714,,13867.00000,447595092.00000,0,0,0,0,0,0
NearLaserCombat,455,6.26510,5.99270,6.11300,1.00659,,13867.00000,447595092.00000,0,0,0,0,0,0
NearLaserCombat,456,5.80810,5.39770,6.59370,0.94822,,13867.00000,447595092.00000,0,0,0,0,0,0
NearLaserCombat,457,6.29160,6.07450,6.29670,0.98611,,13867.00000,447595092.00000,0,0,0,0,0,0
NearLaserCombat,458,6.07020,6.11730,5.72750,1.00864,,13867.00000,447595092.00000,0,0,0,0,0,0
NearLaserCombat,459,6.19770,6.59860,7.05790,0.96154,,13955.00000,447595092.00000,0,0,0,0,0,0
NearLaserCombat,460,6.21550,6.30130,4.95470,0.99123,,13867.00000,447595092.00000,0,0,0,0,0,0
NearLaserCombat,461,5.97590,5.73190,6.59130,1.00659,,13867.00000,447595092.00000,0,0,0,0,0,0
NearLaserCombat,462,6.36030,7.06520,6.04400,0.92160,,13867.00000,447595092.00000,0,0,0,0,0,0
NearLaserCombat,463,5.98740,4.95980,5.80080,0.96666,,13867.00000,447595092.00000,0,0,0,0,0,0
NearLaserCombat,464,6.05330,6.59620,6.54090,0.94925,,13867.00000,447595092.00000,0,0,0,0,2,0
NearLaserCombat,465,6.15720,6.04830,6.69280,0.95027,,14819.00000,447595092.00000,0,0,0,0,2,0
NearLaserCombat,466,6.30570,5.80520,5.60170,0.96563,,13867.00000,447595092.00000,0,0,0,0,2,0
NearLaserCombat,467,6.16830,6.54650,6.08280,0.96358,,13867.00000,447595092.00000,0,0,0,0,2,0
NearLaserCombat,468,5.95680,6.69780,5.96800,0.99123,,13867.00000,447595092.00000,0,0,0,0,2,0
NearLaserCombat,469,6.38200,5.60760,6.79820,0.97997,,13867.00000,447595092.00000,0,0,0,0,2,0
NearLaserCombat,470,6.07660,6.08760,5.56190,1.74490,,13867.00000,447595092.00000,0,0,0,0,2,0
NearLaserCombat,471,6.16530,5.97190,6.33920,0.98816,,13867.00000,447595092.00000,0,0,0,0,2,0
NearLaserCombat,472,6.03370,6.80410,6.37320,1.00454,,13867.00000,447595092.00000,0,0,0,0,2,0
NearLaserCombat,473,6.17350,5.56700,6.11870,1.78893,,13867.00000,447595092.00000,0,0,0,0,2,0
NearLaserCombat,474,6.05360,6.34560,6.26710,1.00250,,13867.00000,447595092.00000,0,0,0,0,2,0
NearLaserCombat,475,6.18150,6.37830,6.09820,0.99635,,13867.00000,447595092.00000,0,0,0,0,2,0
NearLaserCombat,476,5.94710,6.12310,5.46770,1.01478,,13867.00000,447595092.00000,0,0,0,0,2,0
NearLaserCombat,477,6.33140,6.27220,6.07420,0.97792,,13867.00000,447595092.00000,0,0,0,0,2,0
NearLaserCombat,478,6.58910,6.10370,6.85560,0.97485,,13867.00000,447595092.00000,0,0,0,0,2,0
NearLaserCombat,479,6.15910,5.47180,6.02350,0.99840,,13867.00000,447595092.00000,0,0,0,0,2,0
NearLaserCombat,480,6.28030,6.07920,6.09680,0.96256,,13867.00000,447595092.00000,0,0,0,0,2,0
NearLaserCombat,481,6.28420,6.85910,6.14400,0.97178,,13867.00000,447595092.00000,0,0,0,0,2,0
NearLaserCombat,482,5.92450,6.03000,6.92590,0.95130,,13867.00000,447595092.00000,0,0,0,0,2,0
NearLaserCombat,483,6.26120,6.10750,5.44920,0.99123,,13867.00000,447595092.00000,0,0,0,0,2,0
NearLaserCombat,484,6.00670,6.14860,6.81510,0.99840,,18627.00000,447595092.00000,0,0,0,0,0,0
NearLaserCombat,485,12.33190,6.93100,6.25770,1.02400,,17659.00000,447513172.00000,0,0,0,0,0,0
NearLaserCombat,486,12.61910,5.45570,11.93770,0.99840,,13867.00000,447513172.00000,0,0,0,0,0,0
NearLaserCombat,487,6.08920,6.82050,12.56820,0.05734,,13867.00000,447513172.00000,0,0,0,0,0,0
NearLaserCombat,488,6.11670,6.26240,6.15320,0.06656,,13867.00000,447595092.00000,0,0,0,0,0,0
NearLaserCombat,489,6.16610,11.94330,6.14080,0.97997,,13867.00000,447677012.00000,0,0,0,0,0,0
NearLaserCombat,490,5.99480,12.57410,5.95080,0.93286,,13867.00000,447595092.00000,0,0,0,0,0,0
NearLaserCombat,491,6.27570,6.15850,5.33060,0.94822,,13867.00000,447595092.00000,0,0,0,0,0,0
NearLaserCombat,492,6.13989,6.14660,7.40700,0.96666,,13867.00000,447595092.00000,0,0,0,0,0,0
NearLaserCombat,493,6.13570,5.95730,5.43850,0.98918,,13867.00000,447595092.00000,0,0,0,0,0,0
NearLaserCombat,494,6.03810,5.33520,5.76660,0.96870,,13867.00000,447595092.00000,0,0,0,0,0,0
NearLaserCombat,495,6.25140,7.41230,6.55290,0.98304,,13867.00000,447595092.00000,0,0,0,0,0,0
NearLaserCombat,496,5.99300,5.44270,6.59130,0.99840,,13919.00000,447595092.00000,0,0,0,0,0,0
NearLaserCombat,497,6.10810,5.77060,5.74120,0.93594,,13867.00000,447595092.00000,0,0,0,0,0,0
NearLaserCombat,498,6.26360,6.55790,5.78910,0.94515,,13867.00000,447595092.00000,0,0,0,0,0,0
NearLaserCombat,499,6.15330,6.59520,6.68000,1.00762,,13867.00000,447595092.00000,0,0,0,0,0,0
NearLaserCombat,500,6.06240,5.74580,5.77150,0.98406,,13867.00000,447595092.00000,0,0,0,0,0,0
NearLaserCombat,501,6.18430,5.79310,5.77190,0.96973,,13867.00000,447595092.00000,0,0,0,0,0,0
NearLaserCombat,502,6.16680,6.68300,7.09670,0.95846,,13867.00000,447595092.00000,0,0,0,0,0,0
NearLaserCombat,503,5.97170,5.77740,5.36780,0.93901,,13867.00000,447595092.00000,0,0,0,0,0,0
NearLaserCombat,504,6.10720,5.77500,6.37920,0.99021,,13867.00000,447595092.00000,0,0,0,0,0,0
NearLaserCombat,505,6.14050,7.10190,6.15460,0.99123,,13867.00000,447595092.00000,0,0,0,0,0,0
NearLaserCombat,506,6.23760,5.37390,6.57930,0.94310,,16435.00000,447595092.00000,0,0,0,0,0,0
NearLaserCombat,507,6.15230,6.38350,5.91190,0.97587,,18627.00000,447597332.00000,0,0,0,0,0,0
NearLaserCombat,508,12.11090,6.16040,6.39560,0.94822,,17659.00000,447515412.00000,0,0,0,0,0,0
NearLaserCombat,509,12.42390,6.58490,11.62520,0.96666,,13867.00000,447515412.00000,0,0,0,0,0,0
NearLaserCombat,510,6.05460,5.91890,12.95790,0.05734,,13867.00000,447597332.00000,0,0,0,0,0,0
NearLaserCombat,511,6.05390,6.39870,5.36560,0.05837,,13867.00000,447597332.00000,0,0,0,0,0,0
NearLaserCombat,512,6.23710,11.62990,6.55480,0.97894,,13867.00000,447679252.00000,0,0,0,0,3,0
NearLaserCombat,513,6.28590,12.96370,6.21960,0.98714,,13867.00000,447597332.00000,0,0,0,0,3,0
NearLaserCombat,514,6.05530,5.37120,5.52620,0.93594,,13867.00000,447597332.00000,0,0,0,0,3,0
NearLaserCombat,515,6.23570,6.56080,5.87410,0.97485,,13867.00000,447597332.00000,0,0,0,0,3,0
NearLaserCombat,516,6.07820,6.22440,7.13890,0.99226,,13867.00000,447597332.00000,0,0,0,0,3,0
NearLaserCombat,517,6.14790,5.53000,6.10660,0.98918,,13867.00000,447597332.00000,0,0,0,0,3,0
NearLaserCombat,518,6.00530,5.87810,5.57360,0.99635,,13867.00000,447597332.00000,0,0,0,0,3,0
NearLaserCombat,519,6.20660,7.14340,6.05710,0.99533,,13867.00000,447597332.00000,0,0,0,0,3,0
NearLaserCombat,520,6.22970,6.11140,7.15810,0.99226,,13867.00000,447597332.00000,0,0,0,0,3,0
NearLaserCombat,521,6.13860,5.58030,5.42940,1.00250,,13867.00000,447597332.00000,0,0,0,0,3,0
NearLaserCombat,522,6.39211,6.06130,5.71120,1.76128,,13867.00000,447597332.00000,0,0,0,0,3,0
NearLaserCombat,523,5.90590,7.16380,8.09530,0.96051,,13867.00000,447597332.00000,0,0,0,0,3,0
NearLaserCombat,524,6.09230,5.43350,5.14580,0.98509,,13867.00000,447597332.00000,0,0,0,0,3,0
NearLaserCombat,525,6.08690,5.71470,5.45650,0.95334,,13867.00000,447597332.00000,0,0,0,0,3,0
NearLaserCombat,526,6.18920,8.10260,6.42190,0.97587,,13867.00000,447597332.00000,0,0,0,0,3,0
NearLaserCombat,527,5.99370,5.15060,5.76410,0.99123,,13919.00000,447597332.00000,0,0,0,0,3,0
NearLaserCombat,528,6.17240,5.46090,6.35620,1.00454,,13867.00000,447597332.00000,0,0,0,0,3,0
NearLaserCombat,529,6.30030,6.42770,5.93950,0.96563,,13867.00000,447597332.00000,0,0,0,0,3,0
NearLaserCombat,530,6.03870,5.76820,6.75830,0.98918,,18627.00000,447597332.00000,0,0,0,0,3,0
NearLaserCombat,531,12.36980,6.36240,5.90440,0.93082,,17659.00000,447515412.00000,0,0,0,0,0,0
NearLaserCombat,532,12.32000,5.94410,12.56710,0.96358,,13867.00000,447515412.00000,0,0,0,0,0,0
NearLaserCombat,533,6.02790,6.76230,11.79380,0.05120,,13867.00000,447597332.00000,0,0,0,0,0,0
NearLaserCombat,534,6.16040,5.91050,6.15850,0.05734,,13867.00000,447597332.00000,0,0,0,0,0,0
NearLaserCombat,535,6.12590,12.57270,5.79300,0.93901,,13867.00000,447597332.00000,0,0,0,0,0,0
NearLaserCombat,536,6.50860,11.79840,6.15660,0.97382,,13867.00000,447597332.00000,0,0,0,0,0,0
NearLaserCombat,537,5.93420,6.16500,7.19210,0.97485,,13867.00000,447597332.00000,0,0,0,0,0,0
NearLaserCombat,538,6.09140,5.79770,5.01720,1.00659,,13867.00000,447597332.00000,0,0,0,0,0,0
NearLaserCombat,539,13.12230,6.16230,6.17560,0.96461,,13867.00000,447597332.00000,0,0,0,0,0,0
NearLaserCombat,540,6.12840,7.19780,14.02090,0.94310,,13867.00000,447597332.00000,0,0,0,0,0,0
NearLaserCombat,541,6.09300,5.02130,5.45580,0.92467,,13867.00000,447597332.00000,0,0,0,0,0,0
NearLaserCombat,542,6.24490,6.18100,5.55190,0.97485,,13867.00000,447597332.00000,0,0,0,0,0,0
NearLaserCombat,543,6.35830,14.02770,7.38750,0.93491,,13867.00000,447597332.00000,0,0,0,0,0,0
NearLaserCombat,544,6.05770,5.46190,5.43730,0.99942,,13867.00000,447597332.00000,0,0,0,0,0,0
NearLaserCombat,545,6.17860,5.55620,6.77600,0.96461,,13867.00000,447597332.00000,0,0,0,0,0,0
NearLaserCombat,546,6.21410,7.39360,6.04390,0.95130,,13867.00000,447597332.00000,0,0,0,0,0,0
NearLaserCombat,547,6.03260,5.44300,5.50580,0.94925,,13867.00000,447597332.00000,0,0,0,0,0,0
NearLaserCombat,548,6.29890,6.78090,6.12240,0.95846,,13867.00000,447597332.00000,0,0,0,0,0,0
NearLaserCombat,549,6.00820,6.04920,6.59680,0.94106,,13867.00000,447597332.00000,0,0,0,0,0,0
NearLaserCombat,550,6.04380,5.51110,5.64610,0.99635,,13867.00000,447597332.00000,0,0,0,0,0,0
NearLaserCombat,551,6.26590,6.12730,6.69170,1.75923,,13867.00000,447597332.00000,0,0,0,0,0,0
NearLaserCombat,552,5.94979,6.60130,6.15030,0.96870,,18627.00000,447597332.00000,0,0,0,0,0,0
NearLaserCombat,553,12.32020,5.65020,7.39090,0.95539,,17659.00000,447515412.00000,0,0,0,0,0,0
NearLaserCombat,554,12.35470,6.69680,10.43140,0.98611,,13867.00000,447515412.00000,0,0,0,0,0,0
NearLaserCombat,555,6.18130,6.15600,12.96350,0.06656,,13867.00000,447597332.00000,0,0,0,0,0,0
NearLaserCombat,556,6.12850,7.39570,6.70520,0.04506,,13919.00000,447597332.00000,0,0,0,0,0,0
NearLaserCombat,557,5.98560,10.43640,5.53540,0.96154,,13867.00000,447679252.00000,0,0,0,0,0,0
NearLaserCombat,558,6.29280,12.96840,5.44770,0.92058,,13867.00000,447597332.00000,0,0,0,0,0,0
NearLaserCombat,559,6.05170,6.71310,6.49100,0.93184,,13867.00000,447597332.00000,0,0,0,0,0,0
NearLaserCombat,560,6.13930,5.54050,6.42500,1.75309,,13867.00000,447597332.00000,0,0,0,0,0,0
NearLaserCombat,561,6.31110,5.45290,5.94050,0.98406,,13867.00000,447597332.00000,0,0,0,0,0,0
NearLaserCombat,562,6.08710,6.49800,5.80770,0.99738,,13867.00000,447597332.00000,0,0,0,0,0,0
NearLaserCombat,563,5.97830,6.43100,6.17100,0.97485,,13867.00000,447597332.00000,0,0,0,0,0,0
NearLaserCombat,564,6.27720,5.94570,6.61070,0.97690,,16435.00000,447599572.00000,0,0,0,0,0,0
NearLaserCombat,565,6.09700,5.81540,5.57330,0.96870,,13867.00000,447599572.00000,0,0,0,0,0,0
NearLaserCombat,566,6.25990,6.17500,6.75110,1.00864,,13867.00000,447599572.00000,0,0,0,0,0,0
NearLaserCombat,567,6.06310,6.61650,6.09990,0.96358,,13867.00000,447599572.00000,0,0,0,0,0,0
NearLaserCombat,568,6.22890,5.57770,5.87260,0.96768,,13867.00000,447599572.00000,0,0,0,0,0,0
NearLaserCombat,569,6.20470,6.75530,6.46040,0.95130,,13867.00000,447599572.00000,0,0,0,0,0,0
NearLaserCombat,570,6.08340,6.10380,6.17130,0.92979,,13867.00000,447599572.00000,0,0,0,0,0,0
NearLaserCombat,571,6.08480,5.87650,5.57200,0.97280,,13867.00000,447599572.00000,0,0,0,0,0,0
NearLaserCombat,572,6.27389,6.46870,6.21130,0.99533,,13867.00000,447599572.00000,0,0,0,0,0,0
NearLaserCombat,573,6.06320,6.17630,6.45180,0.96563,,13867.00000,447599572.00000,0,0,0,0,0,0
NearLaserCombat,574,5.97440,5.57670,5.68240,1.00454,,13867.00000,447599572.00000,0,0,0,0,0,0
NearLaserCombat,575,6.31230,6.21630,6.26360,0.95232,,13955.00000,447599572.00000,0,0,0,0,0,0
NearLaserCombat,576,6.11170,6.45610,6.22770,0.94925,,13867.00000,447599572.00000,0,0,0,0,0,0
NearLaserCombat,577,6.16260,5.68850,6.13250,0.97280,,13867.00000,447599572.00000,0,0,0,0,0,0
NearLaserCombat,578,5.92590,6.26810,6.05070,0.98202,,13867.00000,447599572.00000,0,0,0,0,0,0
NearLaserCombat,579,6.35780,6.23220,5.71200,0.93286,,13867.00000,447599572.00000,0,0,0,0,0,0
NearLaserCombat,580,6.07880,6.13670,6.66110,0.99021,,13867.00000,447599572.00000,0,0,0,0,0,0
NearLaserCombat,581,6.18130,6.05450,5.97170,0.96768,,13867.00000,447599572.00000,0,0,0,0,0,0
NearLaserCombat,582,6.10700,5.71640,5.98900,0.97894,,13867.00000,447599572.00000,0,0,0,0,0,0
NearLaserCombat,583,6.22650,6.66520,6.68770,0.95744,,13867.00000,447599572.00000,0,0,0,0,0,0
NearLaserCombat,584,5.91910,5.97620,5.61170,0.97792,,13867.00000,447599572.00000,0,0,0,0,0,0
NearLaserCombat,585,6.37820,5.99340,6.29180,0.97485,,13867.00000,447599572.00000,0,0,0,0,0,0
NearLaserCombat,586,6.16130,6.69210,7.61990,0.97997,,15155.00000,447600412.00000,0,0,0,0,0,0
NearLaserCombat,587,6.05830,5.61620,5.11690,0.97690,,13867.00000,447600412.00000,0,0,0,0,0,0
NearLaserCombat,588,6.10910,6.29730,5.54770,0.98406,,13867.00000,447600412.00000,0,0,0,0,0,0
NearLaserCombat,589,6.13740,7.62540,6.92970,0.97280,,13919.00000,447600412.00000,0,0,0,0,0,0
NearLaserCombat,590,6.05190,5.12330,6.01610,0.99328,,13867.00000,447600412.00000,0,0,0,0,0,0
NearLaserCombat,591,6.36420,5.55360,5.52280,0.94106,,13867.00000,447600412.00000,0,0,0,0,0,0
NearLaserCombat,592,6.19500,6.93470,6.38130,0.98406,,13867.00000,447600412.00000,0,0,0,0,0,0
NearLaserCombat,593,6.05150,6.02130,6.41900,0.96461,,13867.00000,447600412.00000,0,0,0,0,0,0
NearLaserCombat,594,6.20590,5.52890,6.33020,0.97280,,13867.00000,447600412.00000,0,0,0,0,0,0
NearLaserCombat,595,5.88189,6.38590,5.37860,0.96051,,13867.00000,447600412.00000,0,0,0,0,0,0
NearLaserCombat,596,6.13330,6.42290,6.67090,0.96461,,13867.00000,447600412.00000,0,0,0,0,0,0
NearLaserCombat,597,6.28630,6.33520,6.20080,0.95437,,13867.00000,447600412.00000,0,0,0,0,0,0
NearLaserCombat,598,6.14700,5.38220,5.85620,0.99635,,13867.00000,447600412.00000,0,0,0,0,0,0
NearLaserCombat,599,6.15730,6.67470,6.90140,0.98509,,13867.00000,447600412.00000,0,0,0,0,0,0
NearLaserCombat,600,6.12350,6.20540,5.14110,0.98406,,13955.00000,447600412.00000,0,0,0,0,0,0
NearLaserCombat,601,6.14400,5.86010,5.82460,0.95846,,13867.00000,447600412.00000,0,0,0,0,0,0
NearLaserCombat,602,6.22510,6.90650,6.58720,0.97894,,13867.00000,447600412.00000,0,0,0,0,0,0
NearLaserCombat,603,6.08600,5.14500,6.61520,1.76947,,13867.00000,447600412.00000,0,0,0,0,0,0
NearLaserCombat,604,6.18140,5.82850,5.62660,0.99430,,13867.00000,447600412.00000,0,0,0,0,0,0
NearLaserCombat,605,5.92701,6.59190,6.26430,0.96973,,13867.00000,447600412.00000,0,0,0,0,0,0
NearLaserCombat,606,6.42790,6.62000,6.18760,0.98611,,13867.00000,447600412.00000,0,0,0,0,0,0
NearLaserCombat,607,6.16450,5.63270,6.14850,0.98406,,13867.00000,447600412.00000,0,0,0,0,0,0
NearLaserCombat,608,6.19570,6.26910,6.31730,1.00762,,13867.00000,447600412.00000,0,0,0,0,0,0
NearLaserCombat,609,6.12120,6.19130,6.36580,0.98406,,13867.00000,447600412.00000,0,0,0,0,0,0
NearLaserCombat,610,6.14940,6.15400,5.95000,0.99123,,13867.00000,447600412.00000,0,0,0,0,0,0
NearLaserCombat,611,5.93061,6.32400,5.53880,0.99021,,13867.00000,447600412.00000,0,0,0,0,0,0
NearLaserCombat,612,6.27680,6.37060,6.66820,0.96666,,13867.00000,447600412.00000,0,0,0,0,0,0
NearLaserCombat,613,6.23050,5.95450,5.92730,0.96666,,13867.00000,447600412.00000,0,0,0,0,0,0
NearLaserCombat,614,6.05990,5.54380,6.89780,1.01069,,13867.00000,447600412.00000,0,0,0,0,0,0
NearLaserCombat,615,6.00150,6.67470,5.48530,0.93594,,13867.00000,447600412.00000,0,0,0,0,0,0
NearLaserCombat,616,6.70540,5.93070,6.18550,0.93082,,13867.00000,447600412.00000,0,0,0,0,0,0
NearLaserCombat,617,5.91740,6.90470,6.41950,0.97792,,13867.00000,447600412.00000,0,0,0,0,0,0
NearLaserCombat,618,6.17710,5.49030,6.06710,0.98406,,13867.00000,447600412.00000,0,0,0,0,0,0
NearLaserCombat,619,6.18810,6.18990,6.22230,0.96256,,13867.00000,447600412.00000,0,0,0,0,0,0
NearLaserCombat,620,6.16060,6.42460,5.93640,0.99840,,13867.00000,447600412.00000,0,0,0,0,0,0
NearLaserCombat,621,5.98760,6.07130,6.00910,0.94925,,13867.00000,447600412.00000,0,0,0,0,0,0
NearLaserCombat,622,6.34160,6.22600,6.83570,0.98611,,13919.00000,447600412.00000,0,0,0,0,0,0
NearLaserCombat,623,6.11110,5.94060,5.47150,0.97690,,13867.00000,447600412.00000,0,0,0,0,0,0
NearLaserCombat,624,6.06440,6.01300,5.89270,0.93798,,13867.00000,447600412.00000,0,0,0,0,0,0
NearLaserCombat,625,26.07580,6.84190,6.78830,0.97792,,13955.00000,447600412.00000,0,0,0,0,0,0
NearLaserCombat,626,6.15870,5.47570,26.44290,0.95539,,16435.00000,447600412.00000,0,0,0,0,0,0
NearLaserCombat,627,6.04200,5.89730,5.22850,0.89190,,13867.00000,447602652.00000,0,0,0,0,0,0
NearLaserCombat,628,6.16070,6.79550,6.20940,0.96768,,13867.00000,447602652.00000,0,0,0,0,0,0
NearLaserCombat,629,6.25000,26.44890,6.88860,0.96051,,13867.00000,447602652.00000,0,0,0,0,0,0
NearLaserCombat,630,6.03850,5.23350,5.45880,0.94106,,13867.00000,447602652.00000,0,0,0,0,0,0
NearLaserCombat,631,6.14080,6.21330,5.90750,0.96973,,13867.00000,447602652.00000,0,0,0,0,0,0
NearLaserCombat,632,6.01440,6.89410,7.06950,1.01171,,13867.00000,447602652.00000,0,0,0,0,0,0
NearLaserCombat,633,6.52230,5.46330,5.59440,0.93798,,13867.00000,447602652.00000,0,0,0,0,0,0
NearLaserCombat,634,5.76140,5.91130,6.20910,0.99328,,13867.00000,447602652.00000,0,0,0,0,0,0
NearLaserCombat,635,6.13549,7.07460,6.27050,1.01069,,13867.00000,447602652.00000,0,0,0,0,0,0
NearLaserCombat,636,6.45410,5.59940,5.71640,0.92570,,13867.00000,447602652.00000,0,0,0,0,0,0
NearLaserCombat,637,6.24720,6.21370,6.50360,0.99533,,13867.00000,447602652.00000,0,0,0,0,0,0
NearLaserCombat,638,6.17570,6.27410,6.56830,1.01069,,13867.00000,447602652.00000,0,0,0,0,0,0
NearLaserCombat,639,5.92330,5.72050,5.88990,0.94310,,13867.00000,447602652.00000,0,0,0,0,0,0
NearLaserCombat,640,6.30030,6.50970,6.38540,0.99942,,13867.00000,447602652.00000,0,0,0,0,0,0
NearLaserCombat,641,6.21100,6.57240,5.71620,0.93286,,13867.00000,447602652.00000,0,0,0,0,0,0
NearLaserCombat,642,6.11981,5.89670,6.34830,0.96051,,13867.00000,447602652.00000,0,0,0,0,0,0
NearLaserCombat,643,6.60470,6.39080,5.81280,0.96870,,13867.00000,447602652.00000,0,0,0,0,0,0
NearLaserCombat,644,5.75560,5.72060,6.83910,0.98611,,13867.00000,447602652.00000,0,0,0,0,0,0
NearLaserCombat,645,6.11280,6.35360,6.22530,1.00659,,13867.00000,447602652.00000,0,0,0,0,0,0
NearLaserCombat,646,5.90520,5.81690,5.20050,0.98509,,13955.00000,447602652.00000,0,0,0,0,0,0
NearLaserCombat,647,6.30070,6.84440,5.98750,0.96768,,13867.00000,447602652.00000,0,0,0,0,0,0
NearLaserCombat,648,6.06020,6.23030,6.61220,0.94310,,13867.00000,447602652.00000,0,0,0,0,0,0
NearLaserCombat,649,6.25260,5.20490,5.74420,0.94720,,13867.00000,447602652.00000,0,0,0,0,0,0
NearLaserCombat,650,6.19410,5.99150,6.76340,0.96870,,13867.00000,447602652.00000,0,0,0,0,0,0
NearLaserCombat,651,6.12460,6.62050,6.06420,0.96256,,13867.00000,447602652.00000,0,0,0,0,0,0
NearLaserCombat,652,6.12071,5.75030,6.41060,0.97792,,13919.00000,447602652.00000,0,0,0,0,0,0
NearLaserCombat,653,6.27119,6.76770,5.42950,0.94925,,13867.00000,447602652.00000,0,0,0,0,0,0
NearLaserCombat,654,5.98440,6.06840,6.18420,0.97690,,13867.00000,447602652.00000,0,0,0,0,0,0
NearLaserCombat,655,6.16570,6.41640,6.66990,0.93491,,13867.00000,447602652.00000,0,0,0,0,0,0
NearLaserCombat,656,6.28951,5.43420,6.09980,0.99942,,13867.00000,447602652.00000,0,0,0,0,0,0
NearLaserCombat,657,6.13090,6.18840,5.96920,0.97997,,13867.00000,447602652.00000,0,0,0,0,0,0
NearLaserCombat,658,6.71600,6.67380,6.24080,0.99123,,13867.00000,447602652.00000,0,0,0,0,0,0
NearLaserCombat,659,5.94950,6.10430,7.19890,0.96870,,13867.00000,447602652.00000,0,0,0,0,0,0
NearLaserCombat,660,6.19590,5.97380,5.35520,0.94720,,13867.00000,447602652.00000,0,0,0,0,0,0
NearLaserCombat,661,6.07210,6.24500,6.23870,0.95744,,13867.00000,447602652.00000,0,0,0,0,0,0
NearLaserCombat,662,6.15070,7.20380,5.76780,0.99942,,13867.00000,447602652.00000,0,0,0,0,0,0
NearLaserCombat,663,6.40079,5.35990,6.21780,0.96666,,13867.00000,447602652.00000,0,0,0,0,0,0
NearLaserCombat,664,5.85991,6.24300,6.61140,0.97280,,13867.00000,447602652.00000,0,0,0,0,0,0
NearLaserCombat,665,6.06910,5.77210,5.49650,0.96256,,13867.00000,447602652.00000,0,0,0,0,0,0
NearLaserCombat,666,6.09410,6.22230,6.25110,0.95642,,13867.00000,447602652.00000,0,0,0,0,0,0
NearLaserCombat,667,6.13230,6.61560,6.39560,0.93286,,13867.00000,447602652.00000,0,0,0,0,0,0
NearLaserCombat,668,5.99720,5.50090,6.79030,1.00250,,13867.00000,447602652.00000,0,0,0,0,0,0
NearLaserCombat,669,6.35500,6.25730,6.04330,1.00864,,13867.00000,447602652.00000,0,0,0,0,0,0
NearLaserCombat,670,6.02470,6.40140,6.24720,1.00454,,13867.00000,447602652.00000,0,0,0,0,0,0
NearLaserCombat,671,6.14510,6.79760,5.75870,0.98304,,13955.00000,447602652.00000,0,0,0,0,0,0
NearLaserCombat,672,6.29070,6.04890,5.90420,0.95846,,13867.00000,447602652.00000,0,0,0,0,0,0
NearLaserCombat,673,6.05760,6.25460,5.87490,0.93389,,13867.00000,447602652.00000,0,0,0,0,0,0
NearLaserCombat,674,6.17300,5.76610,7.72500,1.77971,,13867.00000,447602652.00000,0,0,0,0,0,0
NearLaserCombat,675,6.08400,5.91050,4.44470,0.94515,,13867.00000,447602652.00000,0,0,0,0,0,0
NearLaserCombat,676,6.10360,5.88060,6.30470,0.99021,,13867.00000,447602652.00000,0,0,0,0,0,0
NearLaserCombat,677,6.26280,7.73030,6.47080,0.96154,,13867.00000,447602652.00000,0,0,0,0,0,0
NearLaserCombat,678,6.17040,4.44970,5.76860,0.99123,,13867.00000,447602652.00000,0,0,0,0,0,0
NearLaserCombat,679,6.01140,6.30940,7.37770,0.95846,,13867.00000,447602652.00000,0,0,0,0,0,0
NearLaserCombat,680,6.27010,6.47550,4.91370,0.93594,,13867.00000,447602652.00000,0,0,0,0,0,0
NearLaserCombat,681,6.13780,5.77290,6.41550,0.98611,,13867.00000,447602652.00000,0,0,0,0,0,0
NearLaserCombat,682,6.06630,7.38490,6.49900,0.98099,,13867.00000,447602652.00000,0,0,0,0,0,0
NearLaserCombat,683,6.03470,4.91830,5.60080,0.97587,,13867.00000,447602652.00000,0,0,0,0,0,0
NearLaserCombat,684,6.20310,6.41940,7.22210,0.98611,,13867.00000,447602652.00000,0,0,0,0,0,0
NearLaserCombat,685,6.08430,6.50590,4.93850,0.98099,,13919.00000,447602652.00000,0,0,0,0,0,0
NearLaserCombat,686,6.18920,5.60570,5.92450,0.95642,,13867.00000,447602652.00000,0,0,0,0,0,0
NearLaserCombat,687,6.18180,7.22840,6.75590,0.94106,,13867.00000,447602652.00000,0,0,0,0,0,0
NearLaserCombat,688,6.38840,4.94340,5.67610,0.98714,,13867.00000,447602652.00000,0,0,0,0,0,0
NearLaserCombat,689,6.12100,5.92880,7.39310,0.92672,,13867.00000,447602652.00000,0,0,0,0,0,0
NearLaserCombat,690,6.10450,6.76090,5.53050,0.97178,,13867.00000,447602652.00000,0,0,0,0,0,0
NearLaserCombat,691,6.08420,5.68250,6.17940,0.96768,,13867.00000,447602652.00000,0,0,0,0,0,0
NearLaserCombat,692,6.22020,7.39800,5.47360,0.97178,,13867.00000,447602652.00000,0,0,0,0,0,0
NearLaserCombat,693,6.31380,5.53540,6.01340,0.98304,,13867.00000,447602652.00000,0,0,0,0,0,0
NearLaserCombat,694,6.16420,6.18320,7.40270,0.92774,,13867.00000,447602652.00000,0,0,0,0,0,0
NearLaserCombat,695,6.09670,5.48030,5.92460,0.97997,,13867.00000,447602652.00000,0,0,0,0,0,0
NearLaserCombat,696,6.06290,6.01710,5.56510,0.96358,,13955.00000,447602652.00000,0,0,0,0,0,0
NearLaserCombat,697,6.22590,7.40750,6.60890,0.97894,,13867.00000,447602652.00000,0,0,0,0,0,0
NearLaserCombat,698,6.22750,5.92830,5.76740,0.95232,,13867.00000,447602652.00000,0,0,0,0,0,0
NearLaserCombat,699,6.01960,5.56940,6.39820,0.98099,,13867.00000,447602652.00000,0,0,0,0,0,0
NearLaserCombat,700,6.36380,6.61710,6.09690,0.97382,,13867.00000,447602652.00000,0,0,0,0,0,0
NearLaserCombat,701,5.96440,5.77500,5.96480,0.96973,,13867.00000,447602652.00000,0,0,0,0,0,0
NearLaserCombat,702,6.19221,6.40610,6.52710,0.97075,,13867.00000,447602652.00000,0,0,0,0,0,0
NearLaserCombat,703,6.03770,6.10210,6.09550,0.97382,,13867.00000,447602652.00000,0,0,0,0,0,0
NearLaserCombat,704,6.21660,5.97150,5.63600,0.99430,,13867.00000,447602652.00000,0,0,0,0,0,0
NearLaserCombat,705,6.31110,6.53360,6.21250,0.98509,,13867.00000,447602652.00000,0,0,0,0,0,0
NearLaserCombat,706,6.12000,6.10070,6.02890,0.96461,,13867.00000,447602652.00000,0,0,0,0,0,0
NearLaserCombat,707,6.09570,5.64080,7.15440,0.95130,,13867.00000,447602652.00000,0,0,0,0,0,0
NearLaserCombat,708,5.97830,6.21740,5.68500,0.98611,,13867.00000,447602652.00000,0,0,0,0,0,0
NearLaserCombat,709,6.30520,6.03350,5.60370,0.96154,,13867.00000,447602652.00000,0,0,0,0,0,0
NearLaserCombat,710,13.43930,7.15910,6.91650,1.00045,,13867.00000,447602652.00000,0,0,0,0,0,0
NearLaserCombat,711,6.04330,5.69010,12.81750,0.96870,,13867.00000,447602652.00000,0,0,0,0,0,0
NearLaserCombat,712,6.13671,5.60970,6.20530,0.93696,,13867.00000,447602652.00000,0,0,0,0,0,0
NearLaserCombat,713,6.28030,6.92150,5.76860,0.96768,,13867.00000,447602652.00000,0,0,0,0,0,0
NearLaserCombat,714,6.03209,12.82810,6.54760,0.94720,,13867.00000,447602652.00000,0,0,0,0,0,0
NearLaserCombat,715,6.16430,6.20990,6.37830,0.97075,,13867.00000,447602652.00000,0,0,0,0,0,0
NearLaserCombat,716,6.24720,5.77310,5.38690,0.99328,,13867.00000,447602652.00000,0,0,0,0,0,0
NearLaserCombat,717,6.07310,6.55290,6.53350,0.99123,,13919.00000,447602652.00000,0,0,0,0,0,0
NearLaserCombat,718,6.25890,6.38290,6.32800,0.99840,,13867.00000,447602652.00000,0,0,0,0,0,0
NearLaserCombat,719,5.83770,5.39150,6.44660,0.96256,,13867.00000,447602652.00000,0,0,0,0,0,0
NearLaserCombat,720,6.35970,6.54040,5.31410,0.94822,,13955.00000,447602652.00000,0,0,0,0,0,0
NearLaserCombat,721,6.19370,6.33280,7.62580,0.98406,,13867.00000,447602652.00000,0,0,0,0,0,0
NearLaserCombat,722,5.99330,6.45150,5.43300,1.01274,,13867.00000,447602652.00000,0,0,0,0,0,0
NearLaserCombat,723,6.15390,5.31740,5.28000,0.96666,,13867.00000,447602652.00000,0,0,0,0,0,0
NearLaserCombat,724,6.28080,7.63020,6.55910,0.97485,,13867.00000,447602652.00000,0,0,0,0,0,0
NearLaserCombat,725,6.33690,5.43780,6.29530,0.93491,,13867.00000,447602652.00000,0,0,0,0,0,0
NearLaserCombat,726,5.99470,5.28380,5.97530,0.99021,,13867.00000,447602652.00000,0,0,0,0,0,0
NearLaserCombat,727,6.11620,6.56400,6.09870,0.97178,,13867.00000,447602652.00000,0,0,0,0,0,0
NearLaserCombat,728,6.18740,6.29980,6.35670,0.93286,,13867.00000,447602652.00000,0,0,0,0,0,0
NearLaserCombat,729,5.91200,5.98030,6.30840,0.95539,,13867.00000,447602652.00000,0,0,0,0,0,0
NearLaserCombat,730,6.41740,6.10300,5.47270,0.98509,,13867.00000,447602652.00000,0,0,0,0,0,0
NearLaserCombat,731,5.88780,6.36200,6.30690,0.93798,,13867.00000,447602652.00000,0,0,0,0,0,0
NearLaserCombat,732,6.12250,6.31260,6.55030,0.93082,,13867.00000,447602652.00000,0,0,0,0,0,0
NearLaserCombat,733,6.30840,5.47720,5.70140,0.98099,,13867.00000,447602652.00000,0,0,0,0,0,0
NearLaserCombat,734,6.17160,6.31310,6.23680,0.99533,,13867.00000,447602652.00000,0,0,0,0,0,0
NearLaserCombat,735,6.20880,6.55500,6.68690,0.96461,,13867.00000,447602652.00000,0,0,0,0,0,0
NearLaserCombat,736,5.99080,5.70580,5.66310,0.99430,,13867.00000,447602652.00000,0,0,0,0,0,0
NearLaserCombat,737,6.05050,6.24150,5.97320,0.94720,,13867.00000,447602652.00000,0,0,0,0,0,0
NearLaserCombat,738,6.22430,6.69150,6.28960,0.94003,,13867.00000,447602652.00000,0,0,0,0,0,0
NearLaserCombat,739,6.15710,5.66710,5.68660,0.97178,,13867.00000,447602652.00000,0,0,0,0,0,0
NearLaserCombat,740,6.30170,5.97920,6.49910,0.94925,,13867.00000,447602652.00000,0,0,0,0,0,0
NearLaserCombat,741,6.01590,6.29540,7.00090,0.96870,,13867.00000,447602652.00000,0,0,0,0,0,0
NearLaserCombat,742,6.25600,5.69090,5.24090,0.99942,,13867.00000,447602652.00000,0,0,0,0,0,0
NearLaserCombat,743,6.14790,6.50380,6.34120,0.97382,,13867.00000,447602652.00000,0,0,0,0,0,0
NearLaserCombat,744,6.13200,7.00650,6.44210,0.96461,,13867.00000,447602652.00000,0,0,0,0,0,0
NearLaserCombat,745,6.06210,5.24580,6.19210,0.97178,,13955.00000,447602652.00000,0,0,0,0,0,0
NearLaserCombat,746,6.24040,6.34730,6.19270,0.96768,,13867.00000,447602652.00000,0,0,0,0,0,0
NearLaserCombat,747,6.17150,6.44700,5.71310,0.99430,,13867.00000,447602652.00000,0,0,0,0,0,0
NearLaserCombat,748,6.12780,6.19760,6.56930,0.95949,,13867.00000,447602652.00000,0,0,0,0,0,0
NearLaserCombat,749,6.19221,6.19830,6.09200,0.96870,,13867.00000,447602652.00000,0,0,0,0,0,0
NearLaserCombat,750,6.21170,5.71740,5.42650,0.99021,,13919.00000,447602652.00000,0,0,0,0,0,0
NearLaserCombat,751,5.89330,6.57560,6.92330,0.96358,,13867.00000,447602652.00000,0,0,0,0,0,0
NearLaserCombat,752,6.10250,6.09740,5.93400,0.96870,,13867.00000,447602652.00000,0,0,0,0,0,0
NearLaserCombat,753,6.24770,5.43100,6.35110,0.96768,,13867.00000,447602652.00000,0,0,0,0,0,0
NearLaserCombat,754,6.07680,6.92950,6.39400,0.99021,,16435.00000,447604892.00000,0,0,0,0,0,0
NearLaserCombat,755,6.32860,5.93810,5.43280,0.96666,,13867.00000,447604892.00000,0,0,0,0,0,0
NearLaserCombat,756,6.02961,6.35550,6.59250,1.00966,,13867.00000,447604892.00000,0,0,0,0,0,0
NearLaserCombat,757,6.26250,6.40030,5.59470,0.92774,,13867.00000,447604892.00000,0,0,0,0,0,0
NearLaserCombat,758,5.95850,5.43720,7.12030,0.97178,,13867.00000,447604892.00000,0,0,0,0,0,0
NearLaserCombat,759,6.37570,6.59730,5.01440,0.92774,,13867.00000,447604892.00000,0,0,0,0,0,0
NearLaserCombat,760,5.90240,5.60000,6.55990,0.97485,,13867.00000,447604892.00000,0,0,0,0,0,0
NearLaserCombat,761,6.32990,7.12430,6.39130,0.94925,,13867.00000,447604892.00000,0,0,0,0,0,0
NearLaserCombat,762,6.15940,5.01900,5.69930,0.99942,,13867.00000,447604892.00000,0,0,0,0,0,0
NearLaserCombat,763,6.03970,6.56450,6.23560,0.96563,,13867.00000,447604892.00000,0,0,0,0,0,0
NearLaserCombat,764,6.17510,6.39580,6.49220,0.98714,,13867.00000,447604892.00000,0,0,0,0,0,0
NearLaserCombat,765,6.20000,5.70370,5.63000,0.96870,,13867.00000,447604892.00000,0,0,0,0,0,0
NearLaserCombat,766,6.18730,6.24200,6.25410,0.98406,,13867.00000,447604892.00000,0,0,0,0,0,0
NearLaserCombat,767,6.09830,6.50000,6.33320,0.98714,,13867.00000,447604892.00000,0,0,0,0,0,0
NearLaserCombat,768,6.09160,5.63480,5.66340,0.98202,,13867.00000,447604892.00000,0,0,0,0,0,0
NearLaserCombat,769,6.20530,6.25900,6.30800,0.95130,,13867.00000,447604892.00000,0,0,0,0,0,0
NearLaserCombat,770,6.11820,6.33820,6.60730,0.99226,,13955.00000,447604892.00000,0,0,0,0,0,0
NearLaserCombat,771,6.08430,5.66700,6.06910,0.94208,,13867.00000,447604892.00000,0,0,0,0,0,0
NearLaserCombat,772,6.21631,6.31320,5.65820,0.97587,,13867.00000,447604892.00000,0,0,0,0,0,0
NearLaserCombat,773,6.31700,6.61180,6.33360,0.97997,,13867.00000,447604892.00000,0,0,0,0,0,0
NearLaserCombat,774,6.09630,6.07690,6.68890,0.96666,,13867.00000,447604892.00000,0,0,0,0,0,0
NearLaserCombat,775,6.02680,5.66260,5.74170,0.97792,,13867.00000,447604892.00000,0,0,0,0,0,0
NearLaserCombat,776,6.25650,6.33790,6.11180,0.98099,,13867.00000,447604892.00000,0,0,0,0,0,0
NearLaserCombat,777,6.14490,6.69390,6.14900,1.00147,,13867.00000,447604892.00000,0,0,0,0,0,0
NearLaserCombat,778,6.44050,5.74750,5.92030,1.00864,,13867.00000,447604892.00000,0,0,0,0,0,0
NearLaserCombat,779,5.99661,6.12270,7.71010,0.97997,,13867.00000,447604892.00000,0,0,0,0,0,0
NearLaserCombat,780,6.06010,6.15330,5.21880,0.97997,,13867.00000,447604892.00000,0,0,0,0,0,0
NearLaserCombat,781,6.15460,5.92420,5.49010,0.96154,,13867.00000,447604892.00000,0,0,0,0,0,0
NearLaserCombat,782,6.21830,7.72040,6.50420,0.98099,,13867.00000,447604892.00000,0,0,0,0,0,0
NearLaserCombat,783,6.12960,5.22440,6.02280,0.95846,,13919.00000,447604892.00000,0,0,0,0,0,0
NearLaserCombat,784,5.96950,5.49470,7.40700,0.99635,,13867.00000,447604892.00000,0,0,0,0,0,0
NearLaserCombat,785,6.15140,6.50950,4.65370,0.96256,,13867.00000,447604892.00000,0,0,0,0,0,0
NearLaserCombat,786,6.17750,6.02760,6.01990,0.99021,,13867.00000,447604892.00000,0,0,0,0,0,0
NearLaserCombat,787,6.26410,7.41220,6.68320,0.96563,,13867.00000,447604892.00000,0,0,0,0,0,0
NearLaserCombat,788,6.03720,4.65830,6.23450,0.96256,,13867.00000,447604892.00000,0,0,0,0,0,0
NearLaserCombat,789,6.21680,6.02440,5.60240,0.99328,,13867.00000,447604892.00000,0,0,0,0,0,0
NearLaserCombat,790,6.12720,6.68800,7.18470,1.01376,,13867.00000,447604892.00000,0,0,0,0,0,0
NearLaserCombat,791,6.09360,6.23910,5.20080,0.96051,,13867.00000,447604892.00000,0,0,0,0,0,0
NearLaserCombat,792,6.23469,5.60650,6.31620,1.76230,,13867.00000,447604892.00000,0,0,0,0,0,0
NearLaserCombat,793,6.16271,7.18950,6.38810,0.94822,,13867.00000,447604892.00000,0,0,0,0,0,0
NearLaserCombat,794,6.15170,5.20390,5.78000,0.98099,,13867.00000,447604892.00000,0,0,0,0,0,0
NearLaserCombat,795,5.98810,6.32220,6.49230,1.01478,,13955.00000,447604892.00000,0,0,0,0,0,0
NearLaserCombat,796,6.18420,6.39510,5.64630,0.99226,,13867.00000,447604892.00000,0,0,0,0,0,0
NearLaserCombat,797,6.24539,5.78470,6.67240,0.97075,,13867.00000,447604892.00000,0,0,0,0,0,0
NearLaserCombat,798,6.16030,6.49670,5.54590,1.01171,,13867.00000,447604892.00000,0,0,0,0,0,0
NearLaserCombat,799,6.13290,5.65070,6.59400,0.99021,,13867.00000,447604892.00000,0,0,0,0,0,0
NearLaserCombat,800,6.13310,6.67680,6.12450,1.01581,,13867.00000,447604892.00000,0,0,0,0,0,0
NearLaserCombat,801,6.30030,5.55110,5.77800,1.00966,,13867.00000,447604892.00000,0,0,0,0,0,0
NearLaserCombat,802,5.79090,6.59820,6.43540,1.00147,,13867.00000,447604892.00000,0,0,0,0,0,0
NearLaserCombat,803,6.14240,6.12890,6.20050,0.98509,,13867.00000,447604892.00000,0,0,0,0,0,0
NearLaserCombat,804,6.18990,5.78170,6.14450,0.96256,,13867.00000,447604892.00000,0,0,0,0,0,0
NearLaserCombat,805,6.22870,6.44150,6.30380,0.96768,,13867.00000,447604892.00000,0,0,0,0,0,0
NearLaserCombat,806,5.96160,6.20720,6.24220,0.99840,,13867.00000,447604892.00000,0,0,0,0,0,0
NearLaserCombat,807,6.22740,6.14910,5.39250,0.96973,,13867.00000,447604892.00000,0,0,0,0,0,0
NearLaserCombat,808,6.25390,6.30870,6.23990,0.95130,,13867.00000,447604892.00000,0,0,0,0,0,0
NearLaserCombat,809,6.11780,6.24670,6.50970,0.99533,,13867.00000,447604892.00000,0,0,0,0,0,0
NearLaserCombat,810,6.21890,5.39680,6.18920,1.00864,,13867.00000,447604892.00000,0,0,0,0,0,0
NearLaserCombat,811,6.02331,6.24410,5.60500,1.00557,,13867.00000,447604892.00000,0,0,0,0,0,0
NearLaserCombat,812,6.31170,6.51540,6.47180,0.97894,,13867.00000,447604892.00000,0,0,0,0,2,0
NearLaserCombat,813,6.17820,6.19470,6.83510,1.76026,,14767.00000,447604892.00000,0,0,0,0,2,0
NearLaserCombat,814,6.03580,5.61070,5.67150,0.98099,,13867.00000,447604892.00000,0,0,0,0,2,0
NearLaserCombat,815,6.10111,6.47770,5.81260,0.98816,,13867.00000,447604892.00000,0,0,0,0,2,0
NearLaserCombat,816,6.11059,6.84000,6.22610,0.99635,,13919.00000,447604892.00000,0,0,0,0,2,0
NearLaserCombat,817,6.28520,5.67690,5.89410,1.00557,,13867.00000,447604892.00000,0,0,0,0,2,0
NearLaserCombat,818,6.03810,5.81870,6.18570,1.78483,,13867.00000,447604892.00000,0,0,0,0,2,0
NearLaserCombat,819,6.10220,6.23060,6.93770,0.98611,,16435.00000,447604892.00000,0,0,0,0,2,0
NearLaserCombat,820,6.09540,5.90050,6.83880,0.97997,,18627.00000,447607132.00000,0,0,0,0,2,0
NearLaserCombat,821,12.40040,6.19120,5.54300,0.97894,,17659.00000,447525212.00000,0,0,0,0,2,0
NearLaserCombat,822,12.30920,6.94320,12.44890,0.99942,,13867.00000,447525212.00000,0,0,0,0,2,0
NearLaserCombat,823,6.15410,6.84370,12.05090,0.05427,,13867.00000,447607132.00000,0,0,0,0,2,0
NearLaserCombat,824,5.90960,5.54760,6.01770,0.06042,,13867.00000,447607132.00000,0,0,0,0,2,0
NearLaserCombat,825,6.21980,12.45590,5.52700,0.96461,,13867.00000,447689052.00000,0,0,0,0,2,0
NearLaserCombat,826,6.10110,12.05560,6.36210,1.78790,,13867.00000,447607132.00000,0,0,0,0,2,0
NearLaserCombat,827,6.25270,6.02230,6.24960,0.97075,,13867.00000,447607132.00000,0,0,0,0,2,0
NearLaserCombat,828,6.23660,5.53250,6.12720,1.76845,,13867.00000,447607132.00000,0,0,0,0,2,0
NearLaserCombat,829,6.18990,6.36780,5.90680,1.01069,,13867.00000,447607132.00000,0,0,0,0,0,0
NearLaserCombat,830,6.13760,6.25400,7.03480,0.97997,,13867.00000,447607132.00000,0,0,0,0,0,0
NearLaserCombat,831,6.17360,6.13430,5.29860,0.96358,,13867.00000,447607132.00000,0,0,0,0,0,0
NearLaserCombat,832,5.93199,5.91200,6.37920,1.05472,,13867.00000,447607132.00000,0,0,0,0,0,0
NearLaserCombat,833,6.37140,7.04170,5.78990,0.96563,,13867.00000,447607132.00000,0,0,0,0,0,0
NearLaserCombat,834,6.25590,5.30670,6.59850,0.95949,,13867.00000,447607132.00000,0,0,0,0,0,0
NearLaserCombat,835,6.01840,6.38520,5.93890,0.99430,,13867.00000,447607132.00000,0,0,0,0,0,0
NearLaserCombat,836,6.13800,5.79890,6.19550,0.96154,,13867.00000,447607132.00000,0,0,0,0,0,0
NearLaserCombat,837,6.01220,6.60410,6.52080,0.96563,,13867.00000,447607132.00000,0,0,0,0,0,0
NearLaserCombat,838,6.03760,5.94430,5.74320,1.00454,,13867.00000,447607132.00000,0,0,0,0,0,0
NearLaserCombat,839,6.14110,6.20020,5.97760,0.98304,,13867.00000,447607132.00000,0,0,0,0,0,0
NearLaserCombat,840,6.33070,6.52600,7.12070,0.98406,,13867.00000,447607132.00000,0,0,0,0,0,0
NearLaserCombat,841,6.23070,5.74850,5.22810,0.94925,,13867.00000,447607132.00000,0,0,0,0,0,0
NearLaserCombat,842,6.10140,5.98190,6.04570,0.98918,,13867.00000,447607132.00000,0,0,0,0,0,0
NearLaserCombat,843,6.01470,7.12620,7.06350,0.96768,,18627.00000,447607132.00000,0,0,0,0,0,0
NearLaserCombat,844,12.42080,5.23370,5.30390,0.95744,,17659.00000,447525212.00000,0,0,0,0,0,0
NearLaserCombat,845,12.30550,6.05030,12.64090,1.76230,,13867.00000,447525212.00000,0,0,0,0,0,0
NearLaserCombat,846,6.22100,7.07090,12.65100,0.05530,,13919.00000,447607132.00000,0,0,0,0,0,0
NearLaserCombat,847,6.17880,5.30840,5.34570,0.05734,,13867.00000,447607132.00000,0,0,0,0,0,0
NearLaserCombat,848,5.94690,12.64650,7.21730,0.98714,,13867.00000,447607132.00000,0,0,0,0,0,0
NearLaserCombat,849,6.30249,12.65700,4.99780,0.99738,,13867.00000,447607132.00000,0,0,0,0,0,0
NearLaserCombat,850,5.99140,5.35030,5.99540,1.00250,,13867.00000,447607132.00000,0,0,0,0,0,0
NearLaserCombat,851,6.29540,7.22330,6.73780,0.95232,,13867.00000,447607132.00000,0,0,0,0,0,0
NearLaserCombat,852,6.14269,5.00330,5.47710,1.01581,,13867.00000,447607132.00000,0,0,0,0,0,0
NearLaserCombat,853,6.06621,5.99990,6.66630,0.98099,,13867.00000,447607132.00000,0,0,0,0,0,0
NearLaserCombat,854,6.29670,6.74290,6.36810,0.95334,,13867.00000,447607132.00000,0,0,0,0,0,0
NearLaserCombat,855,5.95520,5.48140,6.35940,1.00659,,13867.00000,447607132.00000,0,0,0,0,0,0
NearLaserCombat,856,6.29449,6.67260,5.58700,1.01376,,13865.00000,447607132.00000,0,0,0,0,0,0
NearLaserCombat,857,6.08270,6.37460,5.95050,0.99738,,13865.00000,447607132.00000,0,0,0,0,0,0
NearLaserCombat,858,6.15410,6.36350,6.93830,0.97075,,13865.00000,447607132.00000,0,0,0,0,0,0
NearLaserCombat,859,6.07950,5.59280,5.79100,1.01274,,13865.00000,447607132.00000,0,0,0,0,0,0
NearLaserCombat,860,6.11660,5.95500,5.43010,0.94822,,13865.00000,447607132.00000,0,0,0,0,2,0
NearLaserCombat,861,6.24460,6.94300,7.16170,1.00659,,13865.00000,447607132.00000,0,0,0,0,2,0
NearLaserCombat,862,6.09650,5.79540,5.47860,0.99226,,13865.00000,447607132.00000,0,0,0,0,2,0
NearLaserCombat,863,5.93180,5.43410,6.37180,0.97997,,13865.00000,447607132.00000,0,0,0,0,2,0
NearLaserCombat,864,6.14770,7.16690,6.06420,0.97178,,13865.00000,447607132.00000,0,0,0,0,2,0
NearLaserCombat,865,6.33430,5.48570,5.56300,0.95539,,13865.00000,447607132.00000,0,0,0,0,2,0
NearLaserCombat,866,6.07180,6.37640,8.02860,0.95642,,18625.00000,447607132.00000,0,0,0,0,2,0
NearLaserCombat,867,12.39320,6.07130,5.39280,1.01990,,17657.00000,447525212.00000,0,0,0,0,2,0
NearLaserCombat,868,12.23950,5.56770,11.83600,1.00454,,13865.00000,447525212.00000,0,0,0,0,2,0
NearLaserCombat,869,6.21400,8.03390,12.59570,0.04813,,13865.00000,447607132.00000,0,0,0,0,2,0
NearLaserCombat,870,6.09730,5.39750,6.38900,0.06451,,13865.00000,447607132.00000,0,0,0,0,2,0
NearLaserCombat,871,6.10599,11.84120,5.13560,1.00045,,13865.00000,447689052.00000,0,0,0,0,2,0
NearLaserCombat,872,6.15790,12.60200,6.66340,0.97894,,13865.00000,447607132.00000,0,0,0,0,2,0
NearLaserCombat,873,6.03120,6.39440,5.54100,1.01888,,13865.00000,447607132.00000,0,0,0,0,2,0
NearLaserCombat,874,6.11270,5.14010,5.96960,1.01581,,13865.00000,447607132.00000,0,0,0,0,2,0
NearLaserCombat,875,6.04590,6.66900,6.84420,0.98406,,13865.00000,447607132.00000,0,0,0,0,2,0
NearLaserCombat,876,6.27389,5.54630,5.58040,0.96051,,13917.00000,447607132.00000,0,0,0,0,2,0
NearLaserCombat,877,6.04770,5.97810,5.98210,0.98816,,13865.00000,447607132.00000,0,0,0,0,0,0
NearLaserCombat,878,6.25610,6.85100,6.71390,0.97997,,16433.00000,447609180.00000,0,0,0,0,0,0
NearLaserCombat,879,6.19750,5.58530,5.54510,0.96666,,13865.00000,447609372.00000,0,0,0,0,0,0
NearLaserCombat,880,6.04240,5.98860,6.61940,0.98406,,13865.00000,447609372.00000,0,0,0,0,0,0
NearLaserCombat,881,6.15210,6.72030,5.67600,0.97280,,13865.00000,447609372.00000,0,0,0,0,0,0
NearLaserCombat,882,6.03980,5.54940,6.54870,0.97997,,13865.00000,447609372.00000,0,0,0,0,0,0
NearLaserCombat,883,6.14640,6.62400,5.87940,0.96768,,13865.00000,447609372.00000,0,0,0,0,0,0
NearLaserCombat,884,6.21670,5.68010,5.99150,0.96973,,13865.00000,447609372.00000,0,0,0,0,0,0
NearLaserCombat,885,6.14790,6.55450,6.77640,0.95539,,13865.00000,447609372.00000,0,0,0,0,0,0
NearLaserCombat,886,6.23469,5.90080,5.44260,1.00352,,13865.00000,447609372.00000,0,0,0,0,0,0
NearLaserCombat,887,6.01230,5.99550,6.87720,1.00762,,13865.00000,447609372.00000,0,0,0,0,0,0
NearLaserCombat,888,6.00630,6.78110,5.66460,0.97382,,13865.00000,447609372.00000,0,0,0,0,0,0
NearLaserCombat,889,6.19190,5.44680,6.52020,0.94720,,18625.00000,447609372.00000,0,0,0,0,0,0
NearLaserCombat,890,12.43270,6.88230,5.79290,0.98816,,17657.00000,447527452.00000,0,0,0,0,0,0
NearLaserCombat,891,12.25320,5.66890,12.91390,0.96870,,13865.00000,447527452.00000,0,0,0,0,0,0
NearLaserCombat,892,6.17940,6.52600,11.34190,0.05734,,13865.00000,447609372.00000,0,0,0,0,0,0
NearLaserCombat,893,6.16850,5.79790,7.15440,0.04506,,13865.00000,447609372.00000,0,0,0,0,0,0
NearLaserCombat,894,5.98520,12.91870,5.15830,0.99942,,13865.00000,447609372.00000,0,0,0,0,0,0
NearLaserCombat,895,6.28970,11.34760,6.59700,0.97587,,13865.00000,447609372.00000,0,0,0,0,1,0
NearLaserCombat,896,5.95680,7.16040,6.61420,1.01683,,13865.00000,447609372.00000,0,0,0,0,1,0
NearLaserCombat,897,6.26380,5.16300,4.98610,0.97178,,13865.00000,447609372.00000,0,0,0,0,1,0
NearLaserCombat,898,6.31610,6.60310,6.62760,0.98202,,13865.00000,447609372.00000,0,0,0,0,1,0
NearLaserCombat,899,6.13630,6.61860,6.40430,0.98509,,13865.00000,447609372.00000,0,0,0,0,1,0
NearLaserCombat,900,6.06390,4.99240,6.29090,0.98918,,13865.00000,447609372.00000,0,0,0,0,1,0
NearLaserCombat,901,6.21120,6.63380,5.53290,0.95744,,13865.00000,447609372.00000,0,0,0,0,1,0
NearLaserCombat,902,6.04210,6.40910,6.37420,0.97075,,13865.00000,447609372.00000,0,0,0,0,1,0
NearLaserCombat,903,6.23710,6.32870,6.58820,0.96666,,13865.00000,447609372.00000,0,0,0,0,1,0
NearLaserCombat,904,6.16270,5.53800,5.54560,0.98918,,13865.00000,447609372.00000,0,0,0,0,1,0
NearLaserCombat,905,6.14150,6.37870,7.02230,1.01581,,13865.00000,447609372.00000,0,0,0,0,1,0
NearLaserCombat,906,6.19230,6.59300,5.82300,0.97997,,13865.00000,447609372.00000,0,0,0,0,1,0
NearLaserCombat,907,6.14430,5.55010,5.56260,0.97075,,13917.00000,447609372.00000,0,0,0,0,1,0
NearLaserCombat,908,6.09230,7.02850,6.15090,0.96666,,13865.00000,447609372.00000,0,0,0,0,1,0
NearLaserCombat,909,6.15570,5.82810,6.47080,0.96563,,13865.00000,447609372.00000,0,0,0,0,1,0
NearLaserCombat,910,6.01060,5.56730,6.19980,0.99738,,13865.00000,447609372.00000,0,0,0,0,1,0
NearLaserCombat,911,6.35460,6.15640,5.72540,0.99226,,13865.00000,447609372.00000,0,0,0,0,1,0
NearLaserCombat,912,6.27940,6.47530,6.92970,0.99738,,18625.00000,447609372.00000,0,0,0,0,1,0
NearLaserCombat,913,12.24050,6.20410,6.30910,0.97894,,17657.00000,447527452.00000,0,0,0,0,0,0
NearLaserCombat,914,12.21920,5.72990,12.75470,1.00557,,13865.00000,447527452.00000,0,0,0,0,0,0
NearLaserCombat,915,6.20910,6.93440,11.71950,0.06963,,13865.00000,447609372.00000,0,0,0,0,0,0
NearLaserCombat,916,5.96490,6.31390,6.12810,0.06758,,13865.00000,447609372.00000,0,0,0,0,0,0
NearLaserCombat,917,6.14760,12.76320,6.31860,1.00762,,13865.00000,447691292.00000,0,0,0,0,0,0
NearLaserCombat,918,6.10350,11.72800,5.46320,0.98714,,13865.00000,447609372.00000,0,0,0,0,0,0
NearLaserCombat,919,6.17410,6.13560,5.81480,0.98509,,13865.00000,447609372.00000,0,0,0,0,0,0
NearLaserCombat,920,6.07890,6.32530,6.27630,0.96973,,13865.00000,447609372.00000,0,0,0,0,0,0
NearLaserCombat,921,6.39500,5.46860,6.36410,1.00147,,13865.00000,447609372.00000,0,0,0,0,0,0
NearLaserCombat,922,6.01730,5.82150,7.01870,0.96768,,13865.00000,447609372.00000,0,0,0,0,0,0
NearLaserCombat,923,6.13080,6.28160,5.30770,0.97587,,13865.00000,447609372.00000,0,0,0,0,0,0
NearLaserCombat,924,6.23279,6.37000,5.49810,0.99430,,13865.00000,447609372.00000,0,0,0,0,0,0
NearLaserCombat,925,6.14280,7.02320,6.25350,0.99840,,13865.00000,447609372.00000,0,0,0,0,0,0
NearLaserCombat,926,6.14720,5.31420,6.54280,0.98611,,13865.00000,447609372.00000,0,0,0,0,0,0
NearLaserCombat,927,5.94860,5.50250,6.56810,0.99021,,13865.00000,447609372.00000,0,0,0,0,0,0
NearLaserCombat,928,6.13590,6.25850,5.15090,1.00045,,13865.00000,447609372.00000,0,0,0,0,0,0
NearLaserCombat,929,6.28670,6.54860,6.20820,0.97075,,13865.00000,447609372.00000,0,0,0,0,0,0
NearLaserCombat,930,6.06080,6.57280,6.72760,0.96870,,13865.00000,447609372.00000,0,0,0,0,0,0
NearLaserCombat,931,6.21170,5.15520,6.43750,1.00659,,13865.00000,447609372.00000,0,0,0,0,0,0
NearLaserCombat,932,6.20210,6.21320,5.71380,0.95846,,13865.00000,447609372.00000,0,0,0,0,0,0
NearLaserCombat,933,6.41210,6.73150,6.26090,1.00250,,13865.00000,447609372.00000,0,0,0,0,0,0
NearLaserCombat,934,5.95040,6.44920,6.49410,1.01478,,13865.00000,447609372.00000,0,0,0,0,0,0
NearLaserCombat,935,5.95590,5.71950,5.89170,0.97587,,18625.00000,447609372.00000,0,0,0,0,0,0
NearLaserCombat,936,12.57000,6.26570,6.54230,0.96051,,17657.00000,447527452.00000,0,0,0,0,0,0
NearLaserCombat,937,12.29530,6.49940,12.03760,1.76128,,13865.00000,447527452.00000,0,0,0,0,0,0
NearLaserCombat,938,5.94480,5.89650,12.69490,0.05632,,16485.00000,447609372.00000,0,0,0,0,0,0
NearLaserCombat,939,6.27220,6.54640,5.12650,0.06758,,13865.00000,447611612.00000,0,0,0,0,0,0
NearLaserCombat,940,6.19320,12.04350,6.67230,0.98304,,13865.00000,447693532.00000,0,0,0,0,0,0
NearLaserCombat,941,6.09120,12.70280,6.64310,0.97792,,13865.00000,447611612.00000,0,0,0,0,0,0
NearLaserCombat,942,6.26100,5.13160,5.83990,0.98509,,13865.00000,447611612.00000,0,0,0,0,0,0
NearLaserCombat,943,6.06900,6.67710,5.47330,1.00250,,13865.00000,447611612.00000,0,0,0,0,0,0
ConcentratedDelayedExplosions,1,6.33460,6.00330,3.72960,0.99021,,13537.00000,563109548.00000,0,12,0,0,0,0
ConcentratedDelayedExplosions,2,2.99730,5.83080,5.93110,0.95232,,13387.00000,546469516.00000,0,12,0,0,0,0
ConcentratedDelayedExplosions,3,2.73750,85.26190,1.89590,74.26150,,13387.00000,538162828.00000,0,12,0,0,0,0
ConcentratedDelayedExplosions,4,6.27400,3.73780,2.81820,1.74182,,13387.00000,538162828.00000,0,12,0,0,0,0
ConcentratedDelayedExplosions,5,6.08980,5.93710,7.42270,0.95539,,13387.00000,538119852.00000,0,12,0,0,0,0
ConcentratedDelayedExplosions,6,6.17320,1.90020,5.31720,0.99430,,13387.00000,538201772.00000,0,12,0,0,0,0
ConcentratedDelayedExplosions,7,6.23980,2.82180,6.20100,0.96461,,13387.00000,538201772.00000,0,12,0,0,0,0
ConcentratedDelayedExplosions,8,6.11100,7.42650,6.05240,0.91034,,13387.00000,480140972.00000,0,12,0,0,0,0
ConcentratedDelayedExplosions,9,6.96520,5.32090,6.78800,0.98918,,13475.00000,480140972.00000,0,12,0,0,0,0
ConcentratedDelayedExplosions,10,5.34990,6.20600,6.17280,0.96666,,13387.00000,480140972.00000,0,12,0,0,0,0
ConcentratedDelayedExplosions,11,6.16160,6.05690,5.24030,0.93389,,13387.00000,480140972.00000,0,12,0,0,0,0
ConcentratedDelayedExplosions,12,6.02800,6.79370,6.83150,0.98099,,13387.00000,447656972.00000,0,12,0,0,0,0
ConcentratedDelayedExplosions,13,9.08090,6.18010,5.64760,0.95334,,13387.00000,447656972.00000,0,12,0,0,0,0
ConcentratedDelayedExplosions,14,3.25500,5.24440,9.02540,0.88986,,13387.00000,447656972.00000,0,12,0,0,0,0
ConcentratedDelayedExplosions,15,6.16090,6.83620,3.36440,0.98202,,13387.00000,447656972.00000,0,12,0,0,0,0
ConcentratedDelayedExplosions,16,6.18840,5.65190,5.99140,0.93798,,13387.00000,447656972.00000,0,12,0,0,0,0
ConcentratedDelayedExplosions,17,6.06320,9.03140,6.15430,0.92979,,13387.00000,447656972.00000,0,12,0,0,0,0
ConcentratedDelayedExplosions,18,6.19430,3.36990,6.54300,0.98406,,13387.00000,447656972.00000,0,12,0,0,0,0
ConcentratedDelayedExplosions,19,6.18610,5.99620,5.69140,0.92979,,13387.00000,447656972.00000,0,12,0,0,0,0
ConcentratedDelayedExplosions,20,6.04910,6.15890,7.00060,0.91238,,30601.00000,447669712.00000,0,12,0,0,0,0
ConcentratedDelayedExplosions,21,12.25599,6.54730,5.38690,1.00352,,13387.00000,447669712.00000,0,12,0,0,0,0
ConcentratedDelayedExplosions,22,6.17720,5.69630,13.34610,0.95846,,13387.00000,447587792.00000,0,12,0,0,0,0
ConcentratedDelayedExplosions,23,6.09970,7.00520,5.23470,0.02867,,13387.00000,447669712.00000,0,12,0,0,0,0
ConcentratedDelayedExplosions,24,6.25020,5.39090,6.09150,0.96870,,13387.00000,447669712.00000,0,12,0,0,0,0
ConcentratedDelayedExplosions,25,6.25030,13.35340,6.51890,0.96461,,13387.00000,447669712.00000,0,12,0,0,0,0
ConcentratedDelayedExplosions,26,6.09540,5.24030,6.00820,0.96973,,13387.00000,447669712.00000,0,12,0,0,0,0
ConcentratedDelayedExplosions,27,6.03370,6.09600,6.32780,0.98406,,13387.00000,447669712.00000,0,12,0,0,0,0
ConcentratedDelayedExplosions,28,6.38780,6.52290,5.73660,0.90522,,13387.00000,447669712.00000,0,12,0,0,0,0
ConcentratedDelayedExplosions,29,5.96950,6.01330,6.11320,0.96768,,13387.00000,447669712.00000,0,12,0,0,0,0
ConcentratedDelayedExplosions,30,6.23750,6.33200,6.42880,0.96768,,13387.00000,447587792.00000,0,12,0,0,0,0
ConcentratedDelayedExplosions,31,6.01950,5.74240,6.56620,0.95846,,13387.00000,447669712.00000,0,12,0,0,0,0
ConcentratedDelayedExplosions,32,6.25830,6.12450,5.51580,0.98714,,13387.00000,447587792.00000,0,12,0,0,0,0
ConcentratedDelayedExplosions,33,6.14530,6.43600,6.53310,0.96768,,13475.00000,447669712.00000,0,12,0,0,0,0
ConcentratedDelayedExplosions,34,5.96640,6.57410,6.13560,0.90829,,13387.00000,447669712.00000,0,12,0,0,0,0
ConcentratedDelayedExplosions,35,6.23820,5.52020,5.84980,0.96358,,13387.00000,447669712.00000,0,12,0,0,0,0
ConcentratedDelayedExplosions,36,6.28250,6.53900,6.07020,0.98202,,13387.00000,447669712.00000,0,12,0,0,0,0
ConcentratedDelayedExplosions,37,6.06680,6.14260,6.63030,0.95130,,13387.00000,447669712.00000,0,12,0,0,0,0
ConcentratedDelayedExplosions,38,6.32880,5.85440,5.31150,0.95130,,13387.00000,447669712.00000,0,12,0,0,0,0
ConcentratedDelayedExplosions,39,6.10320,6.07730,6.25920,0.97382,,13387.00000,447669712.00000,0,12,0,0,0,0
ConcentratedDelayedExplosions,40,6.09100,6.63460,6.60950,0.89498,,13387.00000,447669712.00000,0,12,0,0,0,0
ConcentratedDelayedExplosions,41,6.23090,5.31710,5.53570,0.94925,,13387.00000,447669712.00000,0,12,0,0,0,0
ConcentratedDelayedExplosions,42,6.06700,6.26370,6.43570,0.97792,,13387.00000,447669712.00000,0,12,0,0,0,0
ConcentratedDelayedExplosions,43,6.16550,6.61360,6.39690,0.90317,,13387.00000,447669712.00000,0,12,0,0,0,0
ConcentratedDelayedExplosions,44,6.17990,5.54300,5.86830,0.93696,,13387.00000,447669712.00000,0,12,0,0,0,0
ConcentratedDelayedExplosions,45,6.14080,6.43980,5.95050,0.95437,,13387.00000,447669712.00000,0,12,0,0,0,0
ConcentratedDelayedExplosions,46,5.92380,6.40060,6.51690,0.90419,,13387.00000,447669712.00000,0,12,0,0,0,0
ConcentratedDelayedExplosions,47,6.16720,5.87330,6.28800,0.95539,,13387.00000,447669712.00000,0,12,0,0,0,0
ConcentratedDelayedExplosions,48,6.14280,5.95520,5.81500,0.97587,,13387.00000,447669712.00000,0,12,0,0,0,0
ConcentratedDelayedExplosions,49,6.08250,6.52170,5.71910,0.96256,,13387.00000,447669712.00000,0,12,0,0,0,0
ConcentratedDelayedExplosions,50,6.26670,6.29300,6.79940,0.93082,,13387.00000,447669712.00000,0,12,0,0,0,0
ConcentratedDelayedExplosions,51,6.26710,5.81920,6.48320,0.95744,,13387.00000,447669712.00000,0,12,0,0,0,0
ConcentratedDelayedExplosions,52,6.13040,5.72300,5.53670,0.94515,,13439.00000,447669712.00000,0,12,0,0,0,0
ConcentratedDelayedExplosions,53,5.94890,6.80410,6.38420,0.95130,,13387.00000,447669712.00000,0,12,0,0,0,0
ConcentratedDelayedExplosions,54,14.54890,6.48960,5.58670,0.97894,,13387.00000,447669712.00000,0,12,0,0,0,0
ConcentratedDelayedExplosions,55,6.11300,5.54110,15.55400,0.97382,,13387.00000,447669712.00000,0,12,0,0,0,0
ConcentratedDelayedExplosions,56,6.21660,6.38920,4.86140,0.90419,,13475.00000,447669712.00000,0,12,0,0,0,0
ConcentratedDelayedExplosions,57,6.19550,5.59130,6.45890,0.95744,,13387.00000,447669712.00000,0,12,0,0,0,0
ConcentratedDelayedExplosions,58,6.07220,15.55920,6.75750,0.92160,,13387.00000,447669712.00000,0,12,0,0,0,0
ConcentratedDelayedExplosions,59,6.16640,4.86620,5.45300,0.95539,,13387.00000,447669712.00000,0,12,0,0,0,0
ConcentratedDelayedExplosions,60,6.15310,6.46380,6.24770,0.97075,,13387.00000,447669712.00000,0,12,0,0,0,0
ConcentratedDelayedExplosions,61,5.92780,6.76300,6.51120,0.94515,,13387.00000,447669712.00000,0,12,0,0,0,0
ConcentratedDelayedExplosions,62,6.19410,5.45750,5.90890,0.96461,,13387.00000,447669712.00000,0,12,0,0,0,0
ConcentratedDelayedExplosions,63,6.27480,6.25240,5.84410,0.93286,,13387.00000,447669712.00000,0,12,0,0,0,0
ConcentratedDelayedExplosions,64,6.15020,6.51510,6.24020,0.94208,,13387.00000,447669712.00000,0,12,0,0,0,0
ConcentratedDelayedExplosions,65,6.03300,5.91530,7.44710,0.96563,,13387.00000,447669712.00000,0,12,0,0,0,0
ConcentratedDelayedExplosions,66,6.29210,5.84950,4.95470,0.95642,,13387.00000,447669712.00000,0,12,0,0,0,0
ConcentratedDelayedExplosions,67,5.91190,6.24470,5.97010,0.95846,,13387.00000,447669712.00000,0,12,0,0,0,0
ConcentratedDelayedExplosions,68,6.14349,7.45580,6.26210,0.97178,,13387.00000,447669712.00000,0,12,0,0,0,0
ConcentratedDelayedExplosions,69,6.17760,4.96050,5.64180,0.95437,,13387.00000,447669712.00000,0,12,0,0,0,0
ConcentratedDelayedExplosions,70,6.19270,5.97410,6.64260,0.93491,,13387.00000,447669712.00000,0,12,0,0,0,0
ConcentratedDelayedExplosions,71,6.37190,6.26670,6.42710,0.98304,,13387.00000,447669712.00000,0,12,0,0,0,0
ConcentratedDelayedExplosions,72,6.35381,5.64630,5.52830,0.98099,,13387.00000,447669712.00000,0,12,0,0,0,0
ConcentratedDelayedExplosions,73,6.18030,6.64820,6.89230,0.94413,,13387.00000,447669712.00000,0,12,0,0,0,0
ConcentratedDelayedExplosions,74,6.06570,6.43040,5.93390,0.97587,,13387.00000,447669712.00000,0,12,0,0,0,0
ConcentratedDelayedExplosions,75,6.18230,5.53280,6.95540,0.96358,,13387.00000,447669712.00000,0,12,0,0,0,0
ConcentratedDelayedExplosions,76,6.01801,6.90130,5.50270,0.90010,,13387.00000,447669712.00000,0,12,0,0,0,0
ConcentratedDelayedExplosions,77,6.27730,5.93910,5.95240,0.97382,,13387.00000,447669712.00000,0,12,0,0,0,0
ConcentratedDelayedExplosions,78,5.92060,6.96040,6.50530,0.96563,,13387.00000,447669712.00000,0,12,0,0,0,0
ConcentratedDelayedExplosions,79,6.28040,5.50750,5.39070,0.94106,,13387.00000,447669712.00000,0,12,0,0,0,0
ConcentratedDelayedExplosions,80,6.06320,5.95720,6.96120,0.98714,,13387.00000,447669712.00000,0,12,0,0,0,0
ConcentratedDelayedExplosions,81,6.08170,6.51050,5.85340,0.93798,,13475.00000,447669712.00000,0,12,0,0,0,0
ConcentratedDelayedExplosions,82,6.13600,5.39450,6.04120,0.91034,,13387.00000,447669712.00000,0,12,0,0,0,0
ConcentratedDelayedExplosions,83,6.21570,6.96590,6.18750,0.96973,,13387.00000,447669712.00000,0,12,0,0,0,0
ConcentratedDelayedExplosions,84,6.16190,5.85790,6.30150,0.96666,,13439.00000,447669712.00000,0,12,0,0,0,0
ConcentratedDelayedExplosions,85,6.10360,6.04530,5.80860,0.94003,,13387.00000,447669712.00000,0,12,0,0,0,0
ConcentratedDelayedExplosions,86,6.19130,6.19330,6.04230,0.95437,,13387.00000,447669712.00000,0,12,0,0,0,0
ConcentratedDelayedExplosions,87,6.08990,6.30610,6.03700,0.94413,,13387.00000,447669712.00000,0,12,0,0,0,0
ConcentratedDelayedExplosions,88,6.27260,5.81300,6.68260,0.92774,,13387.00000,447669712.00000,0,12,0,0,0,0
ConcentratedDelayedExplosions,89,5.89970,6.04660,6.09160,0.97587,,13387.00000,447669712.00000,0,12,0,0,0,0
ConcentratedDelayedExplosions,90,6.18940,6.04110,5.40300,0.95539,,13387.00000,447669712.00000,0,12,0,0,0,0
ConcentratedDelayedExplosions,91,6.17500,6.68790,7.10780,0.94720,,13387.00000,447669712.00000,0,12,0,0,0,0
ConcentratedDelayedExplosions,92,6.09350,6.09620,5.60290,0.95027,,13387.00000,447669712.00000,0,12,0,0,0,0
ConcentratedDelayedExplosions,93,6.25330,5.40870,5.78680,0.97792,,13387.00000,447669712.00000,0,12,0,0,0,0
ConcentratedDelayedExplosions,94,6.16271,7.11490,6.72040,0.91341,,13387.00000,447669712.00000,0,12,0,0,0,0
ConcentratedDelayedExplosions,95,6.15720,5.60720,5.72140,0.94515,,13387.00000,447669712.00000,0,12,0,0,0,0
ConcentratedDelayedExplosions,96,6.18760,5.79100,6.31830,0.96666,,13387.00000,447669712.00000,0,12,0,0,0,0
ConcentratedDelayedExplosions,97,6.12510,6.72470,6.64840,0.95130,,13387.00000,447669712.00000,0,12,0,0,0,0
ConcentratedDelayedExplosions,98,6.11930,5.72510,5.51300,0.93798,,13387.00000,447669712.00000,0,12,0,0,0,0
ConcentratedDelayedExplosions,99,6.04410,6.32210,6.34090,0.93286,,13387.00000,447669712.00000,0,12,0,0,0,0
ConcentratedDelayedExplosions,100,6.26200,6.65250,6.13350,0.91034,,13387.00000,447669712.00000,0,12,0,0,0,0
ConcentratedDelayedExplosions,101,6.13520,5.51900,6.55070,0.97485,,13387.00000,447669712.00000,0,12,0,0,0,0
ConcentratedDelayedExplosions,102,6.13999,6.34530,5.66080,0.98406,,13387.00000,447669712.00000,0,12,0,0,0,0
ConcentratedDelayedExplosions,103,6.01250,6.13800,6.32590,0.94106,,13387.00000,447669712.00000,0,12,0,0,0,0
ConcentratedDelayedExplosions,104,6.19370,6.55630,6.31100,0.98202,,13387.00000,447669712.00000,0,12,0,0,0,0
ConcentratedDelayedExplosions,105,6.19590,5.66470,6.00890,0.98611,,13387.00000,447669712.00000,0,12,0,0,0,0
ConcentratedDelayedExplosions,106,6.17620,6.33180,6.31140,0.92877,,13475.00000,447669712.00000,0,12,0,0,0,0
ConcentratedDelayedExplosions,107,5.98420,6.31680,6.04640,1.76947,,13387.00000,447669712.00000,0,12,0,0,0,0
ConcentratedDelayedExplosions,108,6.32681,6.01370,7.25360,0.99226,,13387.00000,447669712.00000,0,12,0,0,0,0
ConcentratedDelayedExplosions,109,6.18520,6.31700,4.78370,0.91955,,13387.00000,447669712.00000,0,12,0,0,0,0
ConcentratedDelayedExplosions,110,6.05510,6.05050,6.71070,1.00045,,13387.00000,447669712.00000,0,12,0,0,0,0
ConcentratedDelayedExplosions,111,6.20820,7.25940,5.67420,1.00454,,13387.00000,447669712.00000,0,12,0,0,0,0
ConcentratedDelayedExplosions,112,6.11260,4.78860,5.86260,0.93901,,13387.00000,447669712.00000,0,12,0,0,0,0
ConcentratedDelayedExplosions,113,5.95700,6.71520,6.64270,0.99840,,13387.00000,447669712.00000,0,12,0,0,0,0
ConcentratedDelayedExplosions,114,6.26400,5.67900,6.58320,0.97280,,13387.00000,447669712.00000,0,12,0,0,0,0
ConcentratedDelayedExplosions,115,6.20600,5.86850,5.03120,0.98714,,13387.00000,447669712.00000,0,12,0,0,0,0
ConcentratedDelayedExplosions,116,6.20570,6.64700,6.45570,0.97382,,13387.00000,447669712.00000,0,12,0,0,0,0
ConcentratedDelayedExplosions,117,6.15330,6.58710,6.41290,0.97382,,13439.00000,447669712.00000,0,12,0,0,0,0
ConcentratedDelayedExplosions,118,6.23880,5.03460,6.08280,0.89498,,13387.00000,447669712.00000,0,12,0,0,0,0
ConcentratedDelayedExplosions,119,5.87100,6.46080,6.51260,0.98202,,13387.00000,447669712.00000,0,12,0,0,0,0
ConcentratedDelayedExplosions,120,6.17820,6.41800,5.91400,1.01171,,13387.00000,447669712.00000,0,12,0,0,0,0
ConcentratedDelayedExplosions,121,6.25530,6.09050,5.54160,0.93798,,13387.00000,447669712.00000,0,12,0,0,0,0
ConcentratedDelayedExplosions,122,6.16380,6.51700,6.74510,0.96666,,13387.00000,447669712.00000,0,12,0,0,0,0
ConcentratedDelayedExplosions,123,6.19380,5.91830,6.23480,0.98816,,13387.00000,447669712.00000,0,12,0,0,0,0
ConcentratedDelayedExplosions,124,6.14630,5.54780,5.70650,0.92979,,13387.00000,447669712.00000,0,12,0,0,0,0
ConcentratedDelayedExplosions,125,6.09460,6.75060,5.99900,0.97894,,13387.00000,447669712.00000,0,12,0,0,0,0
ConcentratedDelayedExplosions,126,6.12770,6.23970,6.15390,1.00250,,13387.00000,447669712.00000,0,12,0,0,0,0
ConcentratedDelayedExplosions,127,5.98270,5.71090,6.64550,0.95744,,13387.00000,447669712.00000,0,12,0,0,0,0
ConcentratedDelayedExplosions,128,6.27020,6.00250,6.56850,0.94003,,13387.00000,447669712.00000,0,12,0,0,0,0
ConcentratedDelayedExplosions,129,6.13591,6.16150,5.42960,0.97690,,13387.00000,447669712.00000,0,12,0,0,0,0
ConcentratedDelayedExplosions,130,6.10500,6.65000,6.64620,0.94413,,13387.00000,447669712.00000,0,12,0,0,0,0
ConcentratedDelayedExplosions,131,6.20630,6.57740,5.86790,0.96461,,13475.00000,447669712.00000,0,12,0,0,0,0
ConcentratedDelayedExplosions,132,6.05930,5.43370,5.63060,0.98099,,13387.00000,447669712.00000,0,12,0,0,0,0
ConcentratedDelayedExplosions,133,6.10020,6.65660,6.82230,0.94106,,13387.00000,447669712.00000,0,12,0,0,0,0
ConcentratedDelayedExplosions,134,6.22890,5.87480,6.07190,0.95027,,13387.00000,447669712.00000,0,12,0,0,0,0
ConcentratedDelayedExplosions,135,5.97520,5.63490,6.02880,0.99021,,13387.00000,447669712.00000,0,12,0,0,0,0
ConcentratedDelayedExplosions,136,6.31981,6.82750,6.22740,0.95642,,13611.00000,447669712.00000,0,12,0,0,0,0
ConcentratedDelayedExplosions,137,6.17080,6.07710,5.70410,0.96768,,13387.00000,447669712.00000,0,12,0,0,0,0
ConcentratedDelayedExplosions,138,6.14400,6.03340,6.34810,0.99226,,13387.00000,447669712.00000,0,12,0,0,0,0
ConcentratedDelayedExplosions,139,6.07780,6.23190,5.90250,0.95437,,13387.00000,447669712.00000,0,12,0,0,0,0
ConcentratedDelayedExplosions,140,5.98380,5.70830,6.65700,0.98406,,13387.00000,447669712.00000,0,12,0,0,0,0
ConcentratedDelayedExplosions,141,6.39250,6.35690,5.35260,0.97280,,13387.00000,447669712.00000,0,12,0,0,0,0
ConcentratedDelayedExplosions,142,6.15760,5.90720,6.20440,0.89190,,13387.00000,447669712.00000,0,12,0,0,0,0
ConcentratedDelayedExplosions,143,5.96510,6.66130,7.15000,0.98406,,13387.00000,447669712.00000,0,12,0,0,0,0
ConcentratedDelayedExplosions,144,6.27790,5.35780,5.41580,0.97997,,13387.00000,447669712.00000,0,12,0,0,0,0
ConcentratedDelayedExplosions,145,6.06991,6.20930,5.83740,0.94925,,13387.00000,447669712.00000,0,12,0,0,0,0
ConcentratedDelayedExplosions,146,6.14330,7.15510,6.57670,0.95232,,13387.00000,447669712.00000,0,12,0,0,0,0
ConcentratedDelayedExplosions,147,6.23241,5.42010,5.63080,0.95744,,13387.00000,447669712.00000,0,12,0,0,0,0
ConcentratedDelayedExplosions,148,6.11700,5.84120,6.27790,0.91546,,13387.00000,447669712.00000,0,12,0,0,0,0
ConcentratedDelayedExplosions,149,6.17990,6.58300,6.67700,0.98202,,13387.00000,447669712.00000,0,12,0,0,0,0
ConcentratedDelayedExplosions,150,6.10420,5.63470,5.54230,0.97894,,13439.00000,447669712.00000,0,12,0,0,0,0
ConcentratedDelayedExplosions,151,5.99460,6.28230,6.62940,0.91341,,13387.00000,447669712.00000,0,12,0,0,0,0
ConcentratedDelayedExplosions,152,6.29930,6.68320,5.84170,0.97485,,13387.00000,447669712.00000,0,12,0,0,0,0
ConcentratedDelayedExplosions,153,6.09190,5.54700,6.71300,0.98714,,13611.00000,447669712.00000,0,12,0,0,0,0
ConcentratedDelayedExplosions,154,6.34320,6.63500,5.74070,0.90010,,13387.00000,447669712.00000,0,12,0,0,0,0
ConcentratedDelayedExplosions,155,6.00831,5.84600,6.71600,0.96973,,13387.00000,447669712.00000,0,12,0,0,0,0
ConcentratedDelayedExplosions,156,6.14979,6.71710,6.15880,0.99840,,13475.00000,447669712.00000,0,12,0,0,0,0
ConcentratedDelayedExplosions,157,6.16960,5.74530,5.51860,0.91443,,13387.00000,447669712.00000,0,12,0,0,0,0
ConcentratedDelayedExplosions,158,6.12590,6.71980,6.08500,0.98816,,13387.00000,447669712.00000,0,12,0,0,0,0
ConcentratedDelayedExplosions,159,5.99960,6.16320,6.84620,0.95744,,13387.00000,447669712.00000,0,12,0,0,0,0
ConcentratedDelayedExplosions,160,6.22030,5.52310,5.63990,0.92570,,13387.00000,447669712.00000,0,12,0,0,0,0
ConcentratedDelayedExplosions,161,5.98670,6.08890,6.23090,0.99226,,13387.00000,447669712.00000,0,12,0,0,0,0
ConcentratedDelayedExplosions,162,6.28780,6.85140,6.05130,1.00250,,13387.00000,447669712.00000,0,12,0,0,0,0
ConcentratedDelayedExplosions,163,6.02000,5.64700,5.66800,0.93389,,13387.00000,447669712.00000,0,12,0,0,0,0
ConcentratedDelayedExplosions,164,6.26410,6.23890,6.65420,0.96870,,13387.00000,447669712.00000,0,12,0,0,0,0
ConcentratedDelayedExplosions,165,6.16550,6.05790,6.45550,1.00250,,13387.00000,447669712.00000,0,12,0,0,0,0
ConcentratedDelayedExplosions,166,5.94320,5.67330,6.22090,0.94515,,13387.00000,447669712.00000,0,12,0,0,0,0
ConcentratedDelayedExplosions,167,6.13420,6.65880,4.89320,0.99430,,13387.00000,447669712.00000,0,12,0,0,0,0
ConcentratedDelayedExplosions,168,6.26880,6.45990,6.58980,0.95949,,13387.00000,447669712.00000,0,12,0,0,0,0
ConcentratedDelayedExplosions,169,6.15830,6.22780,6.45490,0.94720,,13387.00000,447669712.00000,0,12,0,0,0,0
ConcentratedDelayedExplosions,170,6.17230,4.89710,5.64940,0.94515,,13387.00000,447669712.00000,0,12,0,0,0,0
ConcentratedDelayedExplosions,171,6.17180,6.59430,6.59890,1.00659,,13387.00000,447669712.00000,0,12,0,0,0,0
ConcentratedDelayedExplosions,172,6.18530,6.45920,6.10580,0.91546,,13387.00000,447669712.00000,0,12,0,0,0,0
ConcentratedDelayedExplosions,173,6.06840,5.65320,6.76070,0.94413,,13387.00000,447669712.00000,0,12,0,0,0,0
ConcentratedDelayedExplosions,174,6.21020,6.60400,5.02580,0.98202,,13387.00000,447669712.00000,0,12,0,0,0,0
ConcentratedDelayedExplosions,175,6.03009,6.11180,6.54510,0.95539,,13387.00000,447669712.00000,0,12,0,0,0,0
ConcentratedDelayedExplosions,176,6.23660,6.76540,6.24350,0.95949,,13387.00000,447669712.00000,0,12,0,0,0,0
ConcentratedDelayedExplosions,177,14.32140,5.03100,5.76580,0.98611,,13387.00000,447669712.00000,0,12,0,0,0,0
ConcentratedDelayedExplosions,178,6.15910,6.54900,15.13390,0.93798,,13387.00000,447669712.00000,0,12,0,0,0,0
ConcentratedDelayedExplosions,179,6.17580,6.24920,5.19830,0.92365,,13387.00000,447669712.00000,0,12,0,0,0,0
ConcentratedDelayedExplosions,180,6.05890,5.76990,6.54210,1.00557,,13475.00000,447669712.00000,0,12,0,0,0,0
ConcentratedDelayedExplosions,181,6.18470,15.14080,6.36000,0.93798,,13387.00000,447669712.00000,0,12,0,0,0,0
ConcentratedDelayedExplosions,182,6.14330,5.20350,5.75620,0.96051,,13439.00000,447669712.00000,0,12,0,0,0,0
ConcentratedDelayedExplosions,183,6.18400,6.54780,6.54350,0.96973,,13387.00000,447669712.00000,0,12,0,0,0,0
ConcentratedDelayedExplosions,184,5.98660,6.36470,6.02700,0.92877,,13387.00000,447669712.00000,0,12,0,0,0,0
ConcentratedDelayedExplosions,185,6.34680,5.76580,5.97920,0.97997,,13387.00000,447669712.00000,0,12,0,0,0,0
ConcentratedDelayedExplosions,186,6.01190,6.54840,5.93940,0.95949,,13387.00000,447669712.00000,0,12,0,0,0,0
ConcentratedDelayedExplosions,187,6.04730,6.03150,6.27130,0.95334,,13387.00000,447669712.00000,0,12,0,0,0,0
ConcentratedDelayedExplosions,188,6.36560,5.98500,7.33500,0.99942,,13387.00000,447669712.00000,0,12,0,0,0,0
ConcentratedDelayedExplosions,189,6.07160,5.94360,5.18410,0.97997,,13387.00000,447669712.00000,0,12,0,0,0,0
ConcentratedDelayedExplosions,190,6.16320,6.27550,6.03130,0.92365,,13387.00000,447669712.00000,0,12,0,0,0,0
ConcentratedDelayedExplosions,191,6.12190,7.34200,5.72100,0.99226,,13387.00000,447669712.00000,0,12,0,0,0,0
ConcentratedDelayedExplosions,192,6.01910,5.19030,6.20020,0.97894,,13387.00000,447669712.00000,0,12,0,0,0,0
ConcentratedDelayedExplosions,193,6.30020,6.03580,7.08600,0.94822,,13387.00000,447669712.00000,0,12,0,0,0,0
ConcentratedDelayedExplosions,194,6.06750,5.72600,5.96670,0.96563,,13611.00000,447669712.00000,0,12,0,0,0,0
ConcentratedDelayedExplosions,195,6.16080,6.20440,5.41010,0.97382,,13387.00000,447669712.00000,0,12,0,0,0,0
ConcentratedDelayedExplosions,196,6.03830,7.09330,6.81640,0.92570,,13387.00000,447669712.00000,0,12,0,0,0,0
ConcentratedDelayedExplosions,197,6.16489,5.97200,6.86230,0.96154,,13387.00000,447669712.00000,0,12,0,0,0,0
ConcentratedDelayedExplosions,198,6.17650,5.41440,5.36260,0.97792,,13387.00000,447669712.00000,0,12,0,0,0,0
ConcentratedDelayedExplosions,199,6.08580,6.82400,5.96040,0.92979,,13387.00000,447669712.00000,0,12,0,0,0,0
ConcentratedDelayedExplosions,200,6.39370,6.86940,6.76310,0.94106,,13611.00000,447669712.00000,0,12,0,0,0,0
ConcentratedDelayedExplosions,201,6.07510,5.36960,6.21170,1.00659,,13387.00000,447669712.00000,0,12,0,0,0,0
ConcentratedDelayedExplosions,202,5.92390,5.96770,5.88500,0.94413,,13387.00000,447669712.00000,0,12,0,0,0,0
ConcentratedDelayedExplosions,203,6.20140,6.77050,5.71720,0.96870,,13387.00000,447669712.00000,0,12,0,0,0,0
ConcentratedDelayedExplosions,204,6.31181,6.21940,5.55500,1.00045,,13387.00000,447669712.00000,0,12,0,0,0,0
ConcentratedDelayedExplosions,205,6.24650,5.89170,7.03660,0.96154,,13475.00000,447669712.00000,0,12,0,0,0,0
ConcentratedDelayedExplosions,206,5.99330,5.72250,5.68670,0.93798,,13387.00000,447669712.00000,0,12,0,0,0,0
ConcentratedDelayedExplosions,207,6.29020,5.56040,6.11130,0.95539,,13387.00000,447669712.00000,0,12,0,0,0,0
ConcentratedDelayedExplosions,208,6.00780,7.04380,6.30290,0.93798,,13387.00000,447669712.00000,0,12,0,0,0,0
ConcentratedDelayedExplosions,209,6.06010,5.69290,5.58860,0.95334,,13387.00000,447669712.00000,0,12,0,0,0,0
ConcentratedDelayedExplosions,210,6.26181,6.11590,6.89120,0.98714,,13387.00000,447669712.00000,0,12,0,0,0,0
ConcentratedDelayedExplosions,211,6.19340,6.30840,5.99730,0.99533,,13387.00000,447669712.00000,0,12,0,0,0,0
ConcentratedDelayedExplosions,212,6.08400,5.59370,5.72970,0.94618,,13387.00000,447669712.00000,0,12,0,0,0,0
ConcentratedDelayedExplosions,213,6.17500,6.89580,7.66220,0.95232,,13611.00000,447669712.00000,0,12,0,0,0,0
ConcentratedDelayedExplosions,214,6.12950,6.00220,4.56590,0.95027,,13387.00000,447669712.00000,0,12,0,0,0,0
ConcentratedDelayedExplosions,215,6.00680,5.73400,5.93930,0.97485,,13439.00000,447669712.00000,0,12,0,0,0,0
ConcentratedDelayedExplosions,216,6.27910,7.66700,6.52430,0.97997,,13387.00000,447669712.00000,0,12,0,0,0,0
ConcentratedDelayedExplosions,217,5.95930,4.56990,6.32270,0.95232,,13387.00000,447669712.00000,0,12,0,0,0,0
ConcentratedDelayedExplosions,218,6.25790,5.94240,5.93320,0.93389,,13387.00000,447669712.00000,0,12,0,0,0,0
ConcentratedDelayedExplosions,219,6.02890,6.52840,5.99760,0.98918,,13387.00000,447669712.00000,0,12,0,0,0,0
ConcentratedDelayedExplosions,220,6.15220,6.32660,6.36720,0.92365,,13387.00000,447669712.00000,0,12,0,0,0,0
ConcentratedDelayedExplosions,221,6.21090,5.93700,5.45830,0.95744,,13387.00000,447669712.00000,0,12,0,0,0,0
ConcentratedDelayedExplosions,222,6.05400,6.00140,6.10660,0.96461,,13387.00000,447669712.00000,0,12,0,0,0,0
ConcentratedDelayedExplosions,223,6.22330,6.37110,6.74270,0.91443,,13387.00000,447669712.00000,0,12,0,0,0,0
ConcentratedDelayedExplosions,224,6.00490,5.46200,5.63720,0.94515,,13387.00000,447669712.00000,0,12,0,0,0,0
ConcentratedDelayedExplosions,225,6.50280,6.11010,6.54660,0.97485,,13387.00000,447669712.00000,0,12,0,0,0,0
ConcentratedDelayedExplosions,226,6.05010,6.74670,6.82370,0.94720,,13387.00000,447669712.00000,0,12,0,0,0,0
ConcentratedDelayedExplosions,227,6.13940,5.64340,5.47150,0.97690,,13387.00000,447669712.00000,0,12,0,0,0,0
ConcentratedDelayedExplosions,228,6.09370,6.55100,6.02790,0.96768,,13387.00000,447669712.00000,0,12,0,0,0,0
ConcentratedDelayedExplosions,229,6.08150,6.82870,6.41640,0.95539,,13611.00000,447669712.00000,0,12,0,0,0,0
ConcentratedDelayedExplosions,230,6.15281,5.47630,5.42900,0.97997,,13475.00000,447669712.00000,0,12,0,0,0,0
ConcentratedDelayedExplosions,231,6.31560,6.03170,6.43910,0.97382,,13387.00000,447669712.00000,0,12,0,0,0,0
ConcentratedDelayedExplosions,232,6.03140,6.42220,7.29100,0.97587,,13387.00000,447669712.00000,0,12,0,0,0,0
ConcentratedDelayedExplosions,233,6.24200,5.43180,6.13650,0.97485,,13387.00000,447669712.00000,0,12,0,0,0,0
ConcentratedDelayedExplosions,234,6.27230,6.44420,5.23630,0.98816,,13387.00000,447669712.00000,0,12,0,0,0,0
ConcentratedDelayedExplosions,235,5.94090,7.29630,6.24870,0.95232,,13387.00000,447669712.00000,0,12,0,0,0,0
ConcentratedDelayedExplosions,236,6.28550,6.14230,6.20430,0.97382,,13387.00000,447669712.00000,0,12,0,0,0,0
ConcentratedDelayedExplosions,237,5.98550,5.24280,5.92800,0.95949,,13387.00000,447669712.00000,0,12,0,0,0,0
ConcentratedDelayedExplosions,238,6.34870,6.25280,5.93400,0.94413,,13387.00000,447669712.00000,0,12,0,0,0,0
ConcentratedDelayedExplosions,239,5.96060,6.20830,7.48080,0.95027,,13387.00000,447669712.00000,0,12,0,0,0,0
ConcentratedDelayedExplosions,240,6.33890,5.93210,5.11430,0.97587,,13387.00000,447669712.00000,0,12,0,0,0,0
ConcentratedDelayedExplosions,241,6.16310,5.93810,6.32600,0.95539,,13387.00000,447669712.00000,0,12,0,0,0,0
ConcentratedDelayedExplosions,242,6.12670,7.48770,6.51820,0.96666,,13387.00000,447669712.00000,0,12,0,0,0,0
ConcentratedDelayedExplosions,243,6.18150,5.11890,5.57170,0.94515,,13387.00000,447669712.00000,0,12,0,0,0,0
ConcentratedDelayedExplosions,244,6.12590,6.33070,6.12160,0.95744,,13387.00000,447669712.00000,0,12,0,0,0,0
ConcentratedDelayedExplosions,245,6.11140,6.52280,6.60410,0.94106,,13387.00000,447669712.00000,0,12,0,0,0,0
ConcentratedDelayedExplosions,246,6.35240,5.57540,7.00620,0.98099,,13387.00000,447669712.00000,0,12,0,0,0,0
ConcentratedDelayedExplosions,247,6.45150,6.12630,5.25520,0.96666,,13387.00000,447669712.00000,0,12,0,0,0,0
ConcentratedDelayedExplosions,248,5.95980,6.60820,6.06540,0.91238,,13439.00000,447669712.00000,0,12,0,0,0,0
ConcentratedDelayedExplosions,249,6.11430,7.01130,6.43030,0.96973,,13387.00000,447669712.00000,0,12,0,0,0,0
ConcentratedDelayedExplosions,250,6.58739,5.26000,6.10220,0.93798,,13387.00000,447669712.00000,0,12,0,0,0,0
ConcentratedDelayedExplosions,251,5.82961,6.06880,6.75840,0.96154,,13387.00000,447669712.00000,0,12,0,0,0,0
ConcentratedDelayedExplosions,252,6.33160,6.43480,5.75640,1.00147,,13387.00000,447669712.00000,0,12,0,0,0,0
ConcentratedDelayedExplosions,253,6.09780,6.10710,5.92010,0.96358,,13387.00000,447669712.00000,0,12,0,0,0,0
ConcentratedDelayedExplosions,254,5.92049,6.76350,6.09740,0.97178,,13387.00000,447669712.00000,0,12,0,0,0,0
ConcentratedDelayedExplosions,255,6.32490,5.76170,6.22110,0.96870,,13923.00000,447669712.00000,0,12,0,0,0,0
ConcentratedDelayedExplosions,256,6.05780,5.92450,6.16670,0.93798,,13387.00000,447669712.00000,0,12,0,0,0,0
ConcentratedDelayedExplosions,257,6.16880,6.10180,5.63060,0.97280,,13387.00000,447669712.00000,0,12,0,0,0,0
ConcentratedDelayedExplosions,258,6.08620,6.22690,6.62850,0.94720,,13387.00000,447669712.00000,0,12,0,0,0,0
ConcentratedDelayedExplosions,259,6.09259,6.17090,6.34600,0.96051,,13387.00000,447669712.00000,0,12,0,0,0,0
ConcentratedDelayedExplosions,260,6.36160,5.63410,5.77320,0.95232,,13387.00000,447669712.00000,0,12,0,0,0,0
ConcentratedDelayedExplosions,261,6.16840,6.63260,6.47200,0.94925,,13387.00000,447669712.00000,0,12,0,0,0,0
ConcentratedDelayedExplosions,262,6.12210,6.34980,6.17960,0.94310,,13611.00000,447669712.00000,0,12,0,0,0,0
ConcentratedDelayedExplosions,263,6.20550,5.77820,5.77570,0.95027,,13387.00000,447669712.00000,0,12,0,0,0,0
ConcentratedDelayedExplosions,264,6.11330,6.47730,6.62820,0.96973,,13387.00000,447669712.00000,0,12,0,0,0,0
ConcentratedDelayedExplosions,265,6.09800,6.18350,6.23330,0.92365,,13387.00000,447669712.00000,0,12,0,0,0,0
ConcentratedDelayedExplosions,266,6.12780,5.78120,5.99350,0.93696,,13387.00000,447669712.00000,0,12,0,0,0,0
ConcentratedDelayedExplosions,267,6.01400,6.63640,5.84090,0.95846,,13387.00000,447669712.00000,0,12,0,0,0,0
ConcentratedDelayedExplosions,268,6.23241,6.23770,6.25620,0.95539,,13387.00000,447669712.00000,0,12,0,0,0,0
ConcentratedDelayedExplosions,269,6.28530,5.99770,5.94560,0.96666,,13387.00000,447669712.00000,0,12,0,0,0,0
ConcentratedDelayedExplosions,270,6.02420,5.84450,6.60400,0.99840,,13387.00000,447669712.00000,0,12,0,0,0,0
ConcentratedDelayedExplosions,271,6.18730,6.26030,5.59270,0.93389,,13387.00000,447669712.00000,0,12,0,0,0,0
ConcentratedDelayedExplosions,272,6.17700,5.95070,6.62970,0.97382,,13387.00000,447669712.00000,0,12,0,0,0,0
ConcentratedDelayedExplosions,273,6.09600,6.60810,5.95010,0.97792,,13387.00000,447669712.00000,0,12,0,0,0,0
ConcentratedDelayedExplosions,274,6.39410,5.59700,6.10760,0.96358,,13387.00000,447669712.00000,0,12,0,0,0,0
ConcentratedDelayedExplosions,275,5.80600,6.63360,6.99880,0.99942,,13387.00000,447669712.00000,0,12,0,0,0,0
ConcentratedDelayedExplosions,276,6.49650,5.95430,5.19200,0.98304,,13387.00000,447669712.00000,0,12,0,0,0,0
ConcentratedDelayedExplosions,277,5.99350,6.11300,6.21600,0.94720,,13387.00000,447669712.00000,0,12,0,0,0,0
ConcentratedDelayedExplosions,278,6.15050,7.00560,6.62110,0.96461,,13387.00000,447669712.00000,0,12,0,0,0,0
ConcentratedDelayedExplosions,279,6.17150,5.19700,5.47510,0.95539,,13387.00000,447669712.00000,0,12,0,0,0,0
ConcentratedDelayedExplosions,280,6.05660,6.22020,6.06500,0.94003,,13475.00000,447669712.00000,0,12,0,0,0,0
ConcentratedDelayedExplosions,281,6.33990,6.62570,6.65240,0.99533,,13439.00000,447669712.00000,0,12,0,0,0,0
ConcentratedDelayedExplosions,282,6.12280,5.47960,6.05310,0.98509,,13387.00000,447669712.00000,0,12,0,0,0,0
ConcentratedDelayedExplosions,283,5.89410,6.06890,5.93790,0.98714,,13387.00000,447669712.00000,0,12,0,0,0,0
ConcentratedDelayedExplosions,284,6.37230,6.65620,6.48700,0.97178,,13387.00000,447669712.00000,0,12,0,0,0,0
ConcentratedDelayedExplosions,285,5.86870,6.05720,6.37110,0.95744,,13387.00000,447669712.00000,0,12,0,0,0,0
ConcentratedDelayedExplosions,286,6.16010,5.94200,5.64210,0.93491,,13387.00000,447669712.00000,0,12,0,0,0,0
ConcentratedDelayedExplosions,287,6.32420,6.49170,5.81540,0.97280,,13387.00000,447669712.00000,0,12,0,0,0,0
ConcentratedDelayedExplosions,288,6.08210,6.37450,6.74280,0.99533,,13387.00000,447669712.00000,0,12,0,0,0,0
ConcentratedDelayedExplosions,289,6.32520,5.64570,6.47970,0.94822,,13387.00000,447669712.00000,0,12,0,0,0,0
ConcentratedDelayedExplosions,290,6.04180,5.82200,5.77780,0.93286,,13387.00000,447669712.00000,0,12,0,0,0,0
ConcentratedDelayedExplosions,291,6.09280,6.74770,6.15020,0.95437,,13387.00000,447669712.00000,0,12,0,0,0,0
ConcentratedDelayedExplosions,292,6.20540,6.48550,5.58780,0.93798,,13387.00000,447669712.00000,0,12,0,0,0,0
ConcentratedDelayedExplosions,293,6.14480,5.78200,6.13960,0.99430,,13387.00000,447669712.00000,0,12,0,0,0,0
ConcentratedDelayedExplosions,294,6.12250,6.15560,7.13390,0.98509,,13387.00000,447669712.00000,0,12,0,0,0,0
ConcentratedDelayedExplosions,295,6.21200,5.59210,5.12640,0.92877,,13387.00000,447669712.00000,0,12,0,0,0,0
ConcentratedDelayedExplosions,296,5.94700,6.14380,6.39700,0.99942,,13387.00000,447669712.00000,0,12,0,0,0,0
ConcentratedDelayedExplosions,297,6.31490,7.13870,6.05580,0.95232,,13387.00000,447669712.00000,0,12,0,0,0,0
ConcentratedDelayedExplosions,298,5.91800,5.13040,6.70650,0.95027,,13387.00000,447669712.00000,0,12,0,0,0,0
ConcentratedDelayedExplosions,299,6.27560,6.40130,5.38260,1.77357,,13387.00000,447669712.00000,0,12,0,0,0,0
ConcentratedDelayedExplosions,300,6.21229,6.06430,6.35980,0.99021,,13387.00000,447669712.00000,0,12,0,0,0,0
ConcentratedDelayedExplosions,301,6.32350,6.71170,6.63930,0.95027,,13387.00000,447669712.00000,0,12,0,0,0,0
ConcentratedDelayedExplosions,302,5.97040,5.38650,6.17420,0.97894,,13387.00000,447669712.00000,0,12,0,0,0,0
ConcentratedDelayedExplosions,303,6.19619,6.36470,5.33160,0.98304,,13387.00000,447669712.00000,0,12,0,0,0,0
ConcentratedDelayedExplosions,304,6.14730,6.64510,6.76710,0.97690,,13387.00000,447669712.00000,0,12,0,0,0,0
ConcentratedDelayedExplosions,305,6.11600,6.17880,5.84800,0.97690,,13475.00000,447669712.00000,0,12,0,0,0,0
ConcentratedDelayedExplosions,306,6.16330,5.33580,6.02970,0.97894,,13387.00000,447669712.00000,0,12,0,0,0,0
ConcentratedDelayedExplosions,307,6.32380,6.77100,6.75540,0.95334,,13387.00000,447669712.00000,0,12,0,0,0,0
ConcentratedDelayedExplosions,308,6.08260,5.85230,5.60820,0.96154,,13387.00000,447669712.00000,0,12,0,0,0,0
ConcentratedDelayedExplosions,309,6.25960,6.03370,6.39710,0.93491,,13387.00000,447669712.00000,0,12,0,0,0,0
ConcentratedDelayedExplosions,310,6.12960,6.76100,6.14380,0.95232,,13387.00000,447669712.00000,0,12,0,0,0,0
ConcentratedDelayedExplosions,311,5.92620,5.61270,6.42120,0.99635,,13611.00000,447669712.00000,0,12,0,0,0,0
ConcentratedDelayedExplosions,312,6.27800,6.40120,5.78670,0.99533,,13387.00000,447669712.00000,0,12,0,0,0,0
ConcentratedDelayedExplosions,313,6.26510,6.14810,5.95100,0.96563,,13387.00000,447669712.00000,0,12,0,0,0,0
ConcentratedDelayedExplosions,314,5.97940,6.42570,6.54420,0.96973,,13439.00000,447669712.00000,0,12,0,0,0,0
ConcentratedDelayedExplosions,315,6.40660,5.79280,5.80290,0.95334,,13387.00000,447669712.00000,0,12,0,0,0,0
ConcentratedDelayedExplosions,316,6.42560,5.95520,6.44330,0.94618,,13387.00000,447669712.00000,0,11,1,0,0,1
ConcentratedDelayedExplosions,317,6.15290,6.54920,7.92550,0.96870,,22011.00000,447678392.00000,0,11,1,0,0,1
ConcentratedDelayedExplosions,318,5.89690,5.80770,5.17020,0.98509,,13387.00000,447678392.00000,0,11,1,0,0,1
ConcentratedDelayedExplosions,319,6.17250,6.44750,5.06350,0.95130,,13387.00000,447678392.00000,0,11,1,0,0,1
ConcentratedDelayedExplosions,320,6.36460,7.93080,6.67710,0.95642,,13387.00000,447678392.00000,0,11,1,0,0,1
ConcentratedDelayedExplosions,321,6.11590,5.17520,6.28350,0.96154,,13387.00000,447678392.00000,0,11,1,0,0,1
ConcentratedDelayedExplosions,322,6.12590,5.06770,6.46530,0.96768,,13387.00000,447678392.00000,0,11,1,0,0,1
ConcentratedDelayedExplosions,323,6.17490,6.68230,5.64620,0.97997,,13387.00000,447678392.00000,0,11,1,0,0,1
ConcentratedDelayedExplosions,324,5.92840,6.28750,6.49320,0.96870,,13387.00000,447678392.00000,0,11,1,0,0,1
ConcentratedDelayedExplosions,325,6.10080,6.47050,5.60880,0.94822,,13387.00000,447678392.00000,0,11,1,0,0,1
ConcentratedDelayedExplosions,326,6.25069,5.65050,5.90470,0.94208,,13387.00000,447678392.00000,0,11,1,0,0,1
ConcentratedDelayedExplosions,327,6.19050,6.49740,7.22390,0.96256,,13387.00000,447678392.00000,0,11,1,0,0,1
ConcentratedDelayedExplosions,328,6.09280,5.61460,5.14410,0.94208,,13387.00000,447678392.00000,0,11,1,0,0,1
ConcentratedDelayedExplosions,329,6.17649,5.90960,6.37150,0.96973,,13387.00000,447678392.00000,0,11,1,0,0,1
ConcentratedDelayedExplosions,330,6.29580,7.22870,7.16000,0.95130,,18371.00000,447678392.00000,0,11,1,0,0,1
ConcentratedDelayedExplosions,331,12.27360,5.14770,6.15070,0.93184,,17179.00000,447596472.00000,0,11,1,0,0,1
ConcentratedDelayedExplosions,332,12.18500,6.37530,11.77560,0.98202,,13387.00000,447596472.00000,0,11,1,0,0,1
ConcentratedDelayedExplosions,333,6.15890,7.16560,11.95170,0.05734,,13387.00000,447596472.00000,0,11,1,0,0,1
ConcentratedDelayedExplosions,334,6.25060,6.15500,6.28780,0.04506,,13387.00000,447678392.00000,0,11,1,0,0,1
ConcentratedDelayedExplosions,335,6.28000,11.78060,7.16540,0.95539,,13387.00000,447678392.00000,0,11,1,0,0,1
ConcentratedDelayedExplosions,336,6.02270,11.95790,5.09930,0.96666,,13387.00000,447678392.00000,0,11,1,0,0,1
ConcentratedDelayedExplosions,337,6.04530,6.29260,6.00370,0.95539,,13387.00000,447678392.00000,0,11,1,0,0,1
ConcentratedDelayedExplosions,338,6.21550,7.17850,6.35300,0.94720,,13387.00000,447678392.00000,0,11,1,0,0,1
ConcentratedDelayedExplosions,339,6.14360,5.10430,6.33450,0.98509,,13387.00000,447678392.00000,0,11,1,0,0,1
ConcentratedDelayedExplosions,340,5.99370,6.00990,5.97150,0.95949,,13387.00000,447678392.00000,0,11,1,0,0,1
ConcentratedDelayedExplosions,341,6.34880,6.35690,6.10670,0.92160,,13387.00000,447678392.00000,0,11,1,0,0,1
ConcentratedDelayedExplosions,342,6.01070,6.33880,5.87250,0.97485,,13387.00000,447678392.00000,0,11,1,0,0,1
ConcentratedDelayedExplosions,343,6.30191,5.97650,5.95570,0.94413,,13387.00000,447678392.00000,0,11,1,0,0,1
ConcentratedDelayedExplosions,344,6.11120,6.11050,6.68250,0.92979,,13387.00000,447678392.00000,0,11,1,0,0,1
ConcentratedDelayedExplosions,345,6.12890,5.87600,5.83780,1.00250,,13439.00000,447678392.00000,0,11,1,0,0,1
ConcentratedDelayedExplosions,346,5.96200,5.95980,5.92010,0.96154,,13387.00000,447678392.00000,0,11,1,0,0,1
ConcentratedDelayedExplosions,347,6.35950,6.68750,6.41270,0.92877,,13387.00000,447678392.00000,0,10,2,0,0,2
ConcentratedDelayedExplosions,348,6.03289,5.84450,6.77100,0.96768,,22011.00000,447678392.00000,0,10,2,0,0,2
ConcentratedDelayedExplosions,349,6.36280,5.92350,5.47130,0.93798,,13387.00000,447687072.00000,0,10,2,0,0,2
ConcentratedDelayedExplosions,350,6.02280,6.41610,6.20820,0.93491,,13387.00000,447687072.00000,0,10,2,0,0,2
ConcentratedDelayedExplosions,351,6.27791,6.77580,6.77280,0.98202,,13611.00000,447687072.00000,0,10,2,0,0,2
ConcentratedDelayedExplosions,352,6.52170,5.47510,5.78070,0.93901,,13387.00000,447687072.00000,0,10,2,0,0,2
ConcentratedDelayedExplosions,353,5.77990,6.21260,6.60440,0.94413,,18147.00000,447687072.00000,0,10,2,0,0,2
ConcentratedDelayedExplosions,354,12.40021,6.77760,6.30480,0.97792,,17179.00000,447605152.00000,0,10,2,0,0,2
ConcentratedDelayedExplosions,355,12.41390,5.78540,11.79710,0.93594,,13387.00000,447605152.00000,0,10,2,0,0,2
ConcentratedDelayedExplosions,356,5.95520,6.60800,12.67400,0.05837,,13387.00000,447687072.00000,0,10,2,0,0,2
ConcentratedDelayedExplosions,357,6.27080,6.30860,5.52120,0.05837,,13387.00000,447687072.00000,0,10,2,0,0,2
ConcentratedDelayedExplosions,358,6.13500,11.80270,6.44030,1.01376,,13387.00000,447687072.00000,0,10,2,0,0,2
ConcentratedDelayedExplosions,359,6.24291,12.67880,6.27700,0.93389,,13387.00000,447687072.00000,0,10,2,0,0,2
ConcentratedDelayedExplosions,360,6.10079,5.52680,5.94250,0.93594,,13387.00000,447687072.00000,0,10,2,0,0,2
ConcentratedDelayedExplosions,361,6.18280,6.44430,6.18540,0.96973,,13387.00000,447687072.00000,0,10,2,0,0,2
ConcentratedDelayedExplosions,362,6.09650,6.28350,6.54690,0.93696,,13387.00000,447687072.00000,0,10,2,0,0,2
ConcentratedDelayedExplosions,363,6.23600,5.94650,5.43250,0.96768,,13387.00000,447687072.00000,0,10,2,0,0,2
ConcentratedDelayedExplosions,364,6.12360,6.19040,6.43360,0.98816,,13387.00000,447687072.00000,0,10,2,0,0,2
ConcentratedDelayedExplosions,365,5.93560,6.55100,6.69800,0.94310,,13387.00000,447687072.00000,0,10,2,0,0,2
ConcentratedDelayedExplosions,366,6.36070,5.43650,5.80400,0.93184,,13387.00000,447687072.00000,0,10,2,0,0,2
ConcentratedDelayedExplosions,367,6.00550,6.43950,5.95680,0.95437,,13387.00000,447687072.00000,0,10,2,0,0,2
ConcentratedDelayedExplosions,368,6.13120,6.70270,6.36170,0.92160,,13387.00000,447687072.00000,0,10,2,0,0,2
ConcentratedDelayedExplosions,369,6.24520,5.80890,6.70500,0.96666,,13387.00000,447687072.00000,0,10,2,0,0,2
ConcentratedDelayedExplosions,370,6.09780,5.96080,5.20250,0.99226,,13387.00000,447687072.00000,0,10,2,0,0,2
ConcentratedDelayedExplosions,371,6.21110,6.36650,6.41620,0.96666,,13387.00000,447687072.00000,0,10,2,0,0,2
ConcentratedDelayedExplosions,372,5.90169,6.71530,6.50720,0.94413,,13387.00000,447687072.00000,0,10,2,0,0,2
ConcentratedDelayedExplosions,373,6.12270,5.20850,5.52470,0.95232,,13387.00000,447687072.00000,0,10,2,0,0,2
ConcentratedDelayedExplosions,374,6.15020,6.42250,5.95560,0.92672,,13387.00000,447687072.00000,0,10,2,0,0,2
ConcentratedDelayedExplosions,375,6.25570,6.51220,7.12820,0.97894,,18713.00000,448145824.00000,0,10,2,0,0,2
ConcentratedDelayedExplosions,376,5.98930,5.52920,8.50080,0.95334,,18199.00000,448752032.00000,0,10,2,0,0,2
ConcentratedDelayedExplosions,377,12.69931,5.96300,3.56780,0.94925,,17179.00000,448752032.00000,0,10,2,0,0,2
ConcentratedDelayedExplosions,378,12.02760,7.13310,13.00540,1.01990,,13387.00000,448752032.00000,0,10,2,0,0,2
ConcentratedDelayedExplosions,379,6.29750,8.50800,11.47580,0.10547,,13387.00000,448752032.00000,0,10,2,0,0,2
ConcentratedDelayedExplosions,380,6.15680,3.57260,6.32530,0.09523,,13387.00000,448833952.00000,0,10,2,0,0,2
ConcentratedDelayedExplosions,381,6.24391,13.01060,5.53100,0.09523,,13387.00000,448752032.00000,0,10,2,0,0,2
ConcentratedDelayedExplosions,382,5.90249,11.48070,6.65000,0.99533,,13387.00000,448670112.00000,0,10,2,0,0,2
ConcentratedDelayedExplosions,383,6.27580,6.33280,5.82150,1.03526,,13387.00000,448506272.00000,0,10,2,0,0,2
ConcentratedDelayedExplosions,384,6.02360,5.53640,5.57420,0.93594,,13387.00000,448588192.00000,0,10,2,0,0,2
ConcentratedDelayedExplosions,385,6.23520,6.65670,6.12820,1.78790,,13387.00000,448588192.00000,0,10,2,0,0,2
ConcentratedDelayedExplosions,386,6.18880,5.82610,6.81250,0.99738,,13387.00000,448588192.00000,0,10,2,0,0,2
ConcentratedDelayedExplosions,387,6.12219,5.57820,6.06090,0.93696,,13387.00000,448588192.00000,0,10,2,0,0,2
ConcentratedDelayedExplosions,388,6.14500,6.13360,5.80870,0.96666,,13387.00000,448326048.00000,0,10,2,0,0,2
ConcentratedDelayedExplosions,389,6.58640,6.81700,6.60270,0.91750,,13387.00000,448326048.00000,0,10,2,0,0,2
ConcentratedDelayedExplosions,390,5.62129,6.06560,6.05810,0.95334,,13387.00000,448326048.00000,0,10,2,0,0,2
ConcentratedDelayedExplosions,391,5.92341,5.81240,5.45330,0.94822,,13387.00000,448326048.00000,0,10,2,0,0,2
ConcentratedDelayedExplosions,392,6.39030,6.60620,6.66850,1.74490,,13387.00000,447687072.00000,0,10,2,0,0,2
ConcentratedDelayedExplosions,393,7.11550,6.06440,6.10150,0.96051,,13387.00000,447687072.00000,0,10,2,0,0,2
ConcentratedDelayedExplosions,394,5.03100,5.45750,6.98060,0.96666,,13387.00000,447687072.00000,0,10,2,0,0,2
ConcentratedDelayedExplosions,395,6.18440,6.67410,5.06570,0.93389,,13387.00000,447687072.00000,0,10,2,0,0,2
ConcentratedDelayedExplosions,396,6.18980,6.10600,6.36650,0.97792,,13387.00000,447687072.00000,0,10,2,0,0,2
ConcentratedDelayedExplosions,397,6.15060,6.98510,5.69880,0.98099,,13387.00000,447687072.00000,0,10,2,0,0,2
ConcentratedDelayedExplosions,398,6.18189,5.07030,6.27800,0.96051,,13387.00000,447687072.00000,0,10,2,0,0,2
ConcentratedDelayedExplosions,399,5.98300,6.37080,6.37550,0.92877,,13475.00000,447687072.00000,0,10,2,0,0,2
ConcentratedDelayedExplosions,400,6.27431,5.70390,5.93970,0.96461,,13387.00000,447687072.00000,0,10,2,0,0,2
ConcentratedDelayedExplosions,401,5.97450,6.28200,5.83180,0.93594,,13387.00000,447687072.00000,0,10,2,0,0,2
ConcentratedDelayedExplosions,402,6.18730,6.37970,6.96010,0.96461,,13387.00000,447687072.00000,0,10,2,0,0,2
ConcentratedDelayedExplosions,403,6.28270,5.94800,5.74290,0.99226,,13387.00000,447687072.00000,0,10,2,0,0,2
ConcentratedDelayedExplosions,404,5.95350,5.83570,6.36720,0.96870,,13387.00000,447687072.00000,0,10,2,0,0,2
ConcentratedDelayedExplosions,405,6.32251,6.96550,5.80310,0.95232,,13387.00000,447687072.00000,0,10,2,0,0,2
ConcentratedDelayedExplosions,406,5.89840,5.74680,6.02860,0.91853,,13387.00000,447687072.00000,0,10,2,0,0,2
ConcentratedDelayedExplosions,407,6.27500,6.37120,5.71670,0.98816,,13439.00000,447687072.00000,0,10,2,0,0,2
ConcentratedDelayedExplosions,408,6.27770,5.80760,6.68900,0.98918,,13387.00000,447687072.00000,0,10,2,0,0,2
ConcentratedDelayedExplosions,409,6.20160,6.03310,6.28300,0.98611,,13387.00000,447687072.00000,0,10,2,0,0,2
ConcentratedDelayedExplosions,410,6.02450,5.72090,6.05310,0.94925,,13387.00000,447687072.00000,0,10,2,0,0,2
ConcentratedDelayedExplosions,411,5.99110,6.69640,5.80340,0.94925,,13387.00000,447605152.00000,0,10,2,0,0,2
ConcentratedDelayedExplosions,412,6.25090,6.28770,6.54110,0.95744,,13387.00000,447687072.00000,0,10,2,0,0,2
ConcentratedDelayedExplosions,413,6.15780,6.05700,5.87900,0.94822,,13387.00000,447605152.00000,0,10,2,0,0,2
ConcentratedDelayedExplosions,414,6.25540,5.80780,6.32460,0.95642,,13387.00000,447687072.00000,0,10,2,0,0,2
ConcentratedDelayedExplosions,415,6.10730,6.54530,6.42650,0.99635,,13387.00000,447605152.00000,0,10,2,0,0,2
ConcentratedDelayedExplosions,416,5.96140,5.88520,6.07360,1.75514,,13387.00000,447687072.00000,0,10,2,0,0,2
ConcentratedDelayedExplosions,417,6.21050,6.33040,6.96930,0.96768,,13387.00000,447687072.00000,0,10,2,0,0,2
ConcentratedDelayedExplosions,418,6.24369,6.43040,5.39910,0.95949,,13387.00000,447687072.00000,0,10,2,0,0,2
ConcentratedDelayedExplosions,419,6.11361,6.07870,5.66090,1.01069,,13387.00000,447687072.00000,0,10,2,0,0,2
ConcentratedDelayedExplosions,420,6.22100,6.97510,6.86710,0.99226,,13387.00000,447687072.00000,0,10,2,0,0,2
ConcentratedDelayedExplosions,421,5.88480,5.40320,5.56970,0.95232,,13387.00000,447687072.00000,0,10,2,0,0,2
ConcentratedDelayedExplosions,422,6.20540,5.66510,6.12310,0.94618,,13387.00000,447687072.00000,0,10,2,0,0,2
ConcentratedDelayedExplosions,423,6.17740,6.87280,6.49000,0.94720,,13387.00000,447687072.00000,0,10,2,0,0,2
ConcentratedDelayedExplosions,424,6.07650,5.57420,6.01220,0.92262,,13475.00000,447687072.00000,0,10,2,0,0,2
ConcentratedDelayedExplosions,425,6.31880,6.12740,6.43700,0.99430,,13387.00000,447687072.00000,0,10,2,0,0,2
ConcentratedDelayedExplosions,426,6.18320,6.49680,5.58590,1.00352,,13387.00000,447687072.00000,0,10,2,0,0,2
ConcentratedDelayedExplosions,427,6.15990,6.01930,6.08320,0.95846,,13387.00000,447687072.00000,0,10,2,0,0,2
ConcentratedDelayedExplosions,428,6.18050,6.44230,6.54230,0.96768,,13387.00000,447687072.00000,0,10,2,0,0,2
ConcentratedDelayedExplosions,429,6.09650,5.59060,5.68620,0.95539,,13387.00000,447687072.00000,0,10,2,0,0,2
ConcentratedDelayedExplosions,430,6.01800,6.08730,6.33700,0.98406,,13387.00000,447687072.00000,0,10,2,0,0,2
ConcentratedDelayedExplosions,431,6.18660,6.54710,5.72710,0.96358,,13387.00000,447687072.00000,0,10,2,0,0,2
ConcentratedDelayedExplosions,432,6.19730,5.69120,6.89170,0.94515,,13387.00000,447687072.00000,0,10,2,0,0,2
ConcentratedDelayedExplosions,433,6.06060,6.34230,5.61530,0.94618,,13387.00000,447687072.00000,0,10,2,0,0,2
ConcentratedDelayedExplosions,434,6.05400,5.73120,5.81410,0.96154,,13387.00000,447687072.00000,0,10,2,0,0,2
ConcentratedDelayedExplosions,435,6.28380,6.89540,7.12850,0.97894,,13387.00000,447687072.00000,0,10,2,0,0,2
ConcentratedDelayedExplosions,436,6.19889,5.61950,5.39720,0.96256,,13387.00000,447687072.00000,0,10,2,0,0,2
ConcentratedDelayedExplosions,437,6.07850,5.81890,6.01600,1.01171,,13387.00000,447687072.00000,0,10,2,0,0,2
ConcentratedDelayedExplosions,438,6.05080,7.13280,6.65880,1.00045,,13387.00000,447687072.00000,0,10,2,0,0,2
ConcentratedDelayedExplosions,439,6.35570,5.40060,5.50130,0.94822,,13387.00000,447687072.00000,0,10,2,0,0,2
ConcentratedDelayedExplosions,440,6.15339,6.01930,7.98080,0.96870,,13439.00000,447687072.00000,0,9,3,0,0,3
ConcentratedDelayedExplosions,441,6.12180,6.66360,5.65560,0.96973,,25609.00000,447697992.00000,0,9,3,0,0,3
ConcentratedDelayedExplosions,442,6.01440,5.50600,4.94390,0.97894,,13377.00000,447697992.00000,0,9,3,0,0,3
ConcentratedDelayedExplosions,443,6.33570,7.98780,6.09780,0.97382,,13377.00000,447697992.00000,0,9,3,0,0,3
ConcentratedDelayedExplosions,444,6.15620,5.66030,7.16120,0.94822,,13377.00000,447697992.00000,0,9,3,0,0,3
ConcentratedDelayedExplosions,445,6.10240,4.94840,6.29220,0.97382,,13377.00000,447697992.00000,0,9,3,0,0,3
ConcentratedDelayedExplosions,446,6.14150,6.10250,5.28970,0.96358,,13377.00000,447697992.00000,0,9,3,0,0,3
ConcentratedDelayedExplosions,447,6.14420,7.16520,6.29280,0.94208,,13377.00000,447697992.00000,0,9,3,0,0,3
ConcentratedDelayedExplosions,448,6.07650,6.29900,6.40720,0.95232,,13377.00000,447697992.00000,0,9,3,0,0,3
ConcentratedDelayedExplosions,449,6.34580,5.29410,5.83620,0.96461,,18137.00000,447697992.00000,0,9,3,0,0,3
ConcentratedDelayedExplosions,450,12.28960,6.29680,6.85990,0.95437,,17169.00000,447616072.00000,0,9,3,0,0,3
ConcentratedDelayedExplosions,451,12.04770,6.41290,11.86140,0.98099,,13377.00000,447616072.00000,0,8,4,0,0,4
ConcentratedDelayedExplosions,452,6.28280,5.84130,13.10210,0.05530,,25813.00000,447699112.00000,0,8,4,0,0,4
ConcentratedDelayedExplosions,453,6.21930,6.86470,5.44880,0.06554,,13377.00000,447708912.00000,0,8,4,0,0,4
ConcentratedDelayedExplosions,454,6.11800,11.86640,5.96710,0.92365,,13377.00000,447708912.00000,0,8,4,0,0,4
ConcentratedDelayedExplosions,455,5.95600,13.10730,5.82020,0.95027,,13377.00000,447708912.00000,0,8,4,0,0,4
ConcentratedDelayedExplosions,456,6.32760,5.45490,6.37380,0.93696,,13377.00000,447708912.00000,0,8,4,0,0,4
ConcentratedDelayedExplosions,457,6.21460,5.97300,5.93110,0.94925,,13377.00000,447708912.00000,0,8,4,0,0,4
ConcentratedDelayedExplosions,458,6.08860,5.82420,7.27770,0.93184,,13377.00000,447708912.00000,0,8,4,0,0,4
ConcentratedDelayedExplosions,459,6.09030,6.38030,5.66200,0.97280,,13377.00000,447708912.00000,0,8,4,0,0,4
ConcentratedDelayedExplosions,460,6.10980,5.93590,5.59580,0.97690,,13377.00000,447708912.00000,0,8,4,0,0,4
ConcentratedDelayedExplosions,461,6.26660,7.28200,5.74270,0.96768,,13377.00000,447708912.00000,0,8,4,0,0,4
ConcentratedDelayedExplosions,462,6.11510,5.66640,7.29180,0.97178,,13377.00000,447708912.00000,0,8,4,0,0,4
ConcentratedDelayedExplosions,463,5.96280,5.59970,5.14770,0.93082,,13377.00000,447708912.00000,0,8,4,0,0,4
ConcentratedDelayedExplosions,464,6.08980,5.74670,6.70310,0.93184,,13377.00000,447708912.00000,0,8,4,0,0,4
ConcentratedDelayedExplosions,465,6.39610,7.29620,5.96020,0.96666,,13377.00000,447708912.00000,0,8,4,0,0,4
ConcentratedDelayedExplosions,466,6.09270,5.15180,5.82280,0.95334,,13377.00000,447708912.00000,0,8,4,0,0,4
ConcentratedDelayedExplosions,467,6.13830,6.70900,6.41410,0.91750,,13377.00000,447708912.00000,0,8,4,0,0,4
ConcentratedDelayedExplosions,468,6.11490,5.96530,5.96180,0.99533,,13377.00000,447708912.00000,0,8,4,0,0,4
ConcentratedDelayedExplosions,469,6.13870,5.82850,6.42650,0.96768,,13377.00000,447708912.00000,0,8,4,0,0,4
ConcentratedDelayedExplosions,470,6.14630,6.41860,5.76530,0.94106,,13377.00000,447708912.00000,0,8,4,0,0,4
ConcentratedDelayedExplosions,471,6.15540,5.96620,6.52240,0.98202,,13429.00000,447708912.00000,0,8,4,0,0,4
ConcentratedDelayedExplosions,472,6.13070,6.43140,6.45450,0.97997,,18137.00000,447708912.00000,0,8,4,0,0,4
ConcentratedDelayedExplosions,473,12.22810,5.76980,5.80020,0.94106,,17169.00000,447626992.00000,0,8,4,0,0,4
ConcentratedDelayedExplosions,474,12.28680,6.52670,12.28670,0.97792,,13377.00000,447626992.00000,0,8,4,0,0,4
ConcentratedDelayedExplosions,475,6.18910,6.45850,12.07440,0.05530,,13377.00000,447708912.00000,0,8,4,0,0,4
ConcentratedDelayedExplosions,476,5.91800,5.80370,6.28720,0.06656,,13377.00000,447708912.00000,0,8,4,0,0,4
ConcentratedDelayedExplosions,477,6.30870,12.29110,5.51940,0.93389,,13377.00000,447708912.00000,0,8,4,0,0,4
ConcentratedDelayedExplosions,478,6.10280,12.07950,6.29470,0.94925,,13377.00000,447708912.00000,0,8,4,0,0,4
ConcentratedDelayedExplosions,479,6.17770,6.29270,6.35330,0.96154,,13377.00000,447708912.00000,0,7,5,0,0,5
ConcentratedDelayedExplosions,480,6.07620,5.52480,6.68720,0.95232,,25609.00000,447719832.00000,0,7,5,0,0,5
ConcentratedDelayedExplosions,481,6.11400,6.30020,5.49740,0.98816,,13377.00000,447719832.00000,0,7,5,0,0,5
ConcentratedDelayedExplosions,482,6.10930,6.35930,6.46070,0.97178,,13377.00000,447719832.00000,0,7,5,0,0,5
ConcentratedDelayedExplosions,483,6.21540,6.69180,6.20560,0.97690,,13377.00000,447719832.00000,0,7,5,0,0,5
ConcentratedDelayedExplosions,484,6.22210,5.50150,5.98570,0.97280,,13377.00000,447719832.00000,0,7,5,0,0,5
ConcentratedDelayedExplosions,485,5.90930,6.46620,5.79440,0.95027,,13377.00000,447719832.00000,0,7,5,0,0,5
ConcentratedDelayedExplosions,486,6.15910,6.21070,6.10080,0.99840,,13377.00000,447719832.00000,0,7,5,0,0,5
ConcentratedDelayedExplosions,487,6.41150,5.99070,5.97970,0.98509,,13377.00000,447719832.00000,0,7,5,0,0,5
ConcentratedDelayedExplosions,488,5.83909,5.79840,6.35380,0.95642,,13377.00000,447719832.00000,0,7,5,0,0,5
ConcentratedDelayedExplosions,489,6.11510,6.10450,6.24400,0.97280,,13377.00000,447719832.00000,0,7,5,0,0,5
ConcentratedDelayedExplosions,490,6.32270,5.98620,6.09550,0.96768,,13377.00000,447719832.00000,0,7,5,0,0,5
ConcentratedDelayedExplosions,491,6.36510,6.35760,6.08780,0.96358,,13377.00000,447719832.00000,0,7,5,0,0,5
ConcentratedDelayedExplosions,492,6.05290,6.24820,6.52570,0.95744,,13377.00000,447719832.00000,0,7,5,0,0,5
ConcentratedDelayedExplosions,493,6.18010,6.09960,6.00130,1.00557,,13377.00000,447719832.00000,0,7,5,0,0,5
ConcentratedDelayedExplosions,494,6.17940,6.09180,5.77940,0.94310,,13377.00000,447719832.00000,0,7,5,0,0,5
ConcentratedDelayedExplosions,495,5.93660,6.52930,6.94800,0.95949,,18137.00000,447719832.00000,0,7,5,0,0,5
ConcentratedDelayedExplosions,496,12.40670,6.00580,6.26250,0.97075,,17169.00000,447637912.00000,0,7,5,0,0,5
ConcentratedDelayedExplosions,497,12.18820,5.78550,11.56530,0.97894,,13377.00000,447637912.00000,0,7,5,0,0,5
ConcentratedDelayedExplosions,498,6.41040,6.95390,13.22370,0.06758,,13377.00000,447719832.00000,0,7,5,0,0,5
ConcentratedDelayedExplosions,499,6.12010,6.26550,5.86590,0.04608,,13377.00000,447719832.00000,0,7,5,0,0,5
ConcentratedDelayedExplosions,500,5.99720,11.56910,5.99150,0.95846,,13429.00000,447801752.00000,0,7,5,0,0,5
ConcentratedDelayedExplosions,501,6.31640,13.22960,5.39960,0.94208,,13377.00000,447719832.00000,0,7,5,0,0,5
ConcentratedDelayedExplosions,502,6.06570,5.87000,6.56020,0.93286,,13377.00000,447719832.00000,0,7,5,0,0,5
ConcentratedDelayedExplosions,503,6.18480,5.99830,6.02230,1.00966,,13377.00000,447719832.00000,0,7,5,0,0,5
ConcentratedDelayedExplosions,504,6.19340,5.40380,6.86490,0.97997,,13377.00000,447719832.00000,0,7,5,0,0,5
ConcentratedDelayedExplosions,505,6.04050,6.56430,5.56050,0.95642,,13377.00000,447719832.00000,0,7,5,0,0,5
ConcentratedDelayedExplosions,506,6.18900,6.02610,6.23570,0.96768,,13377.00000,447719832.00000,0,7,5,0,0,5
ConcentratedDelayedExplosions,507,6.19031,6.86850,6.24060,0.95949,,13377.00000,447719832.00000,0,7,5,0,0,5
ConcentratedDelayedExplosions,508,6.12759,5.56410,6.01070,0.98918,,13377.00000,447719832.00000,0,7,5,0,0,5
ConcentratedDelayedExplosions,509,6.17511,6.23930,6.23170,0.98918,,13377.00000,447719832.00000,0,7,5,0,0,5
ConcentratedDelayedExplosions,510,6.18099,6.24450,7.11590,0.94003,,13377.00000,447719832.00000,0,7,5,0,0,5
ConcentratedDelayedExplosions,511,6.10060,6.01520,4.85440,0.94720,,13377.00000,447719832.00000,0,7,5,0,0,5
ConcentratedDelayedExplosions,512,5.98190,6.24520,6.05240,0.94413,,13377.00000,447719832.00000,0,6,6,0,0,6
ConcentratedDelayedExplosions,513,6.28650,7.12210,6.74840,0.94310,,24705.00000,447730332.00000,0,6,6,0,0,6
ConcentratedDelayedExplosions,514,6.16580,4.85870,5.44200,0.92774,,13377.00000,447730332.00000,0,6,6,0,0,6
ConcentratedDelayedExplosions,515,6.07690,6.05620,6.92980,0.98304,,13377.00000,447730332.00000,0,6,6,0,0,6
ConcentratedDelayedExplosions,516,6.15450,6.75340,5.94620,0.95027,,13377.00000,447730332.00000,0,6,6,0,0,6
ConcentratedDelayedExplosions,517,5.96100,5.44670,5.87070,0.93389,,13377.00000,447730332.00000,0,6,6,0,0,6
ConcentratedDelayedExplosions,518,6.24950,6.93520,6.39440,0.95437,,18137.00000,447730332.00000,0,6,6,0,0,6
ConcentratedDelayedExplosions,519,12.40690,5.95100,6.04200,0.93696,,17169.00000,447648412.00000,0,6,6,0,0,6
ConcentratedDelayedExplosions,520,12.33220,5.87490,12.66400,0.97587,,13377.00000,447648412.00000,0,6,6,0,0,6
ConcentratedDelayedExplosions,521,6.33980,6.39950,12.30030,0.04608,,13377.00000,447730332.00000,0,6,6,0,0,6
ConcentratedDelayedExplosions,522,6.06750,6.04640,5.70550,0.04813,,13377.00000,447730332.00000,0,6,6,0,0,6
ConcentratedDelayedExplosions,523,6.18810,12.66890,7.33670,0.98714,,13377.00000,447730332.00000,0,6,6,0,0,6
ConcentratedDelayedExplosions,524,6.08730,12.30880,5.36620,0.97690,,13377.00000,447730332.00000,0,6,6,0,0,6
ConcentratedDelayedExplosions,525,6.17690,5.71040,5.45360,0.96461,,13377.00000,447730332.00000,0,6,6,0,0,6
ConcentratedDelayedExplosions,526,6.08350,7.34300,7.00970,0.99328,,13377.00000,447730332.00000,0,6,6,0,0,6
ConcentratedDelayedExplosions,527,5.97360,5.37350,5.44750,0.97178,,13377.00000,447730332.00000,0,6,6,0,0,6
ConcentratedDelayedExplosions,528,6.25820,5.45790,7.31230,0.94822,,13377.00000,447730332.00000,0,6,6,0,0,6
ConcentratedDelayedExplosions,529,6.03230,7.01480,5.31740,0.99021,,13377.00000,447730332.00000,0,6,6,0,0,6
ConcentratedDelayedExplosions,530,6.19170,5.45210,6.30170,0.97178,,13377.00000,447730332.00000,0,6,6,0,0,6
ConcentratedDelayedExplosions,531,6.17690,7.32920,6.62690,0.99533,,13429.00000,447730332.00000,0,6,6,0,0,6
ConcentratedDelayedExplosions,532,6.32740,5.32420,5.50620,0.98304,,13377.00000,447730332.00000,0,6,6,0,0,6
ConcentratedDelayedExplosions,533,6.07690,6.30720,6.83480,0.93082,,13377.00000,447730332.00000,0,6,6,0,0,6
ConcentratedDelayedExplosions,534,9.01220,6.63330,5.46680,0.95744,,13377.00000,447730332.00000,0,6,6,0,0,6
ConcentratedDelayedExplosions,535,5.98300,5.51320,8.78450,0.98099,,13377.00000,447730332.00000,0,6,6,0,0,6
ConcentratedDelayedExplosions,536,6.28970,6.84090,5.78770,0.93286,,13377.00000,447730332.00000,0,6,6,0,0,6
ConcentratedDelayedExplosions,537,6.10780,5.47140,6.80230,0.93696,,13377.00000,447730332.00000,0,6,6,0,0,6
ConcentratedDelayedExplosions,538,6.24830,8.78880,6.46530,0.97485,,13377.00000,447730332.00000,0,6,6,0,0,6
ConcentratedDelayedExplosions,539,6.12919,5.79290,5.41600,0.94720,,13377.00000,447730332.00000,0,6,6,0,0,6
ConcentratedDelayedExplosions,540,6.20320,6.80650,7.26860,0.94106,,18137.00000,447730332.00000,0,6,6,0,0,6
ConcentratedDelayedExplosions,541,12.22540,6.47010,5.29600,0.93901,,17169.00000,447648412.00000,0,6,6,0,0,6
ConcentratedDelayedExplosions,542,12.17230,5.42060,12.86780,0.95846,,13377.00000,447648412.00000,0,6,6,0,0,6
ConcentratedDelayedExplosions,543,6.12320,7.27580,11.20000,0.04608,,13377.00000,447730332.00000,0,6,6,0,0,6
ConcentratedDelayedExplosions,544,6.14290,5.30040,6.02530,0.05734,,13377.00000,447730332.00000,0,6,6,0,0,6
ConcentratedDelayedExplosions,545,6.18270,12.87340,6.58310,0.99021,,13377.00000,447812252.00000,0,6,6,0,0,6
ConcentratedDelayedExplosions,546,6.24980,11.20540,6.21420,0.94413,,13377.00000,447730332.00000,0,6,6,0,0,6
ConcentratedDelayedExplosions,547,6.23350,6.03090,5.83190,1.01786,,13377.00000,447730332.00000,0,6,6,0,0,6
ConcentratedDelayedExplosions,548,6.13360,6.58740,6.50380,0.99430,,13377.00000,447730332.00000,0,6,6,0,0,6
ConcentratedDelayedExplosions,549,6.24510,6.22100,6.68850,0.91034,,13377.00000,447730332.00000,0,6,6,0,0,6
ConcentratedDelayedExplosions,550,6.16940,5.83830,5.73440,0.97280,,13377.00000,447730332.00000,0,6,6,0,0,6
ConcentratedDelayedExplosions,551,6.08870,6.50840,6.29130,0.96461,,13377.00000,447730332.00000,0,6,6,0,0,6
ConcentratedDelayedExplosions,552,6.06350,6.69360,5.57890,0.96358,,13377.00000,447730332.00000,0,6,6,0,0,6
ConcentratedDelayedExplosions,553,6.03400,5.73990,5.95540,0.97894,,13377.00000,447730332.00000,0,6,6,0,0,6
ConcentratedDelayedExplosions,554,6.28470,6.29590,6.86880,0.96461,,13377.00000,447730332.00000,0,6,6,0,0,6
ConcentratedDelayedExplosions,555,6.09770,5.58300,5.73370,0.91546,,13377.00000,447730332.00000,0,6,6,0,0,6
ConcentratedDelayedExplosions,556,6.22460,5.95950,6.27290,0.95539,,13377.00000,447730332.00000,0,6,6,0,0,6
ConcentratedDelayedExplosions,557,6.07170,6.87370,6.38620,0.95539,,13377.00000,447730332.00000,0,6,6,0,0,6
ConcentratedDelayedExplosions,558,6.30160,5.73790,6.28130,0.93184,,13377.00000,447730332.00000,0,6,6,0,0,6
ConcentratedDelayedExplosions,559,6.14650,6.27730,5.55630,1.01581,,13377.00000,447730332.00000,0,6,6,0,0,6
ConcentratedDelayedExplosions,560,6.01680,6.39150,6.65270,0.97382,,13377.00000,447730332.00000,0,6,6,0,0,6
ConcentratedDelayedExplosions,561,6.13209,6.28600,5.72750,0.92672,,13377.00000,447730332.00000,0,6,6,0,0,6
ConcentratedDelayedExplosions,562,6.27380,5.56150,5.88500,0.95949,,13429.00000,447730332.00000,0,6,6,0,0,6
ConcentratedDelayedExplosions,563,6.41670,6.65740,6.13550,0.96563,,13465.00000,447730332.00000,0,5,7,0,0,7
ConcentratedDelayedExplosions,564,5.78720,5.73260,7.47510,0.96256,,24705.00000,447740832.00000,0,5,7,0,0,7
ConcentratedDelayedExplosions,565,6.28819,5.89180,4.71810,0.97178,,13377.00000,447740832.00000,0,5,7,0,0,7
ConcentratedDelayedExplosions,566,5.94770,6.13970,6.44180,0.93901,,13377.00000,447740832.00000,0,4,8,0,0,8
ConcentratedDelayedExplosions,567,6.31310,7.48010,6.86100,0.92365,,25109.00000,447751332.00000,0,4,8,0,0,8
ConcentratedDelayedExplosions,568,6.43730,4.72260,5.18530,0.99430,,13377.00000,447751332.00000,0,4,8,0,0,8
ConcentratedDelayedExplosions,569,5.61750,6.44550,6.80930,0.97587,,13377.00000,447751332.00000,0,4,8,0,0,8
ConcentratedDelayedExplosions,570,6.35240,6.86500,5.89570,0.97485,,13377.00000,447751332.00000,0,4,8,0,0,8
ConcentratedDelayedExplosions,571,6.01610,5.18860,6.22370,0.99942,,13377.00000,447751332.00000,0,4,8,0,0,8
ConcentratedDelayedExplosions,572,6.06940,6.81350,6.09020,0.98304,,13377.00000,447751332.00000,0,4,8,0,0,8
ConcentratedDelayedExplosions,573,6.24830,5.90700,5.77500,0.95437,,13377.00000,447751332.00000,0,4,8,0,0,8
ConcentratedDelayedExplosions,574,6.20430,6.22770,7.26120,0.99738,,13377.00000,447751332.00000,0,4,8,0,0,8
ConcentratedDelayedExplosions,575,6.12310,6.09520,4.99130,0.99738,,13377.00000,447751332.00000,0,4,8,0,0,8
ConcentratedDelayedExplosions,576,6.04140,5.77940,6.24160,0.95949,,13377.00000,447751332.00000,0,4,8,0,0,8
ConcentratedDelayedExplosions,577,8.94320,7.26680,9.52590,1.00045,,13377.00000,447751332.00000,0,4,8,0,0,8
ConcentratedDelayedExplosions,578,5.09070,4.99640,5.28660,0.99738,,13377.00000,447751332.00000,0,4,8,0,0,8
ConcentratedDelayedExplosions,579,5.31020,6.24590,5.21470,0.92262,,13377.00000,447751332.00000,0,3,9,0,0,9
ConcentratedDelayedExplosions,580,6.13490,9.53050,6.15730,0.97485,,24705.00000,447679912.00000,0,3,9,0,0,9
ConcentratedDelayedExplosions,581,5.25320,5.29200,5.25840,0.97997,,13377.00000,447761832.00000,0,3,9,0,0,9
ConcentratedDelayedExplosions,582,5.96981,5.22050,5.50620,0.95539,,13377.00000,447761832.00000,0,3,9,0,0,9
ConcentratedDelayedExplosions,583,6.10130,6.16200,6.10310,0.98509,,13377.00000,447761832.00000,0,3,9,0,0,9
ConcentratedDelayedExplosions,584,6.19060,5.26240,6.42170,0.98714,,13377.00000,447761832.00000,0,3,9,0,0,9
ConcentratedDelayedExplosions,585,6.06290,5.51070,5.49200,0.95846,,13377.00000,447761832.00000,0,3,9,0,0,9
ConcentratedDelayedExplosions,586,6.28640,6.10730,6.73840,1.00762,,13377.00000,447761832.00000,0,3,9,0,0,9
ConcentratedDelayedExplosions,587,6.17720,6.42640,6.32680,0.97075,,13377.00000,447761832.00000,0,3,9,0,0,9
ConcentratedDelayedExplosions,588,6.37690,5.49570,6.59540,0.98509,,18137.00000,447761832.00000,0,3,9,0,0,9
ConcentratedDelayedExplosions,589,12.19491,6.74250,6.02320,0.99328,,17169.00000,447679912.00000,0,3,9,0,0,9
ConcentratedDelayedExplosions,590,25.60190,6.33170,12.03490,0.97690,,13377.00000,447679912.00000,0,3,9,0,0,9
ConcentratedDelayedExplosions,591,3.99730,6.59990,26.54860,0.06144,,13377.00000,447597992.00000,0,3,9,0,0,9
ConcentratedDelayedExplosions,592,2.59870,6.02740,2.75010,0.05632,,13429.00000,447516072.00000,0,3,9,0,0,9
ConcentratedDelayedExplosions,593,3.17600,12.03950,3.17730,1.00250,,13377.00000,447450536.00000,0,3,9,0,0,9
ConcentratedDelayedExplosions,594,3.02331,26.55640,2.97160,0.95539,,13377.00000,447450536.00000,0,3,9,0,0,9
ConcentratedDelayedExplosions,595,4.85230,2.75960,2.30900,0.99226,,13377.00000,447532456.00000,0,3,9,0,0,9
ConcentratedDelayedExplosions,596,6.30140,3.18480,5.40210,0.94003,,13377.00000,447597992.00000,0,3,9,0,0,9
ConcentratedDelayedExplosions,597,6.12530,2.97900,6.36680,0.98714,,13377.00000,447679912.00000,0,3,9,0,0,9
ConcentratedDelayedExplosions,598,6.15930,2.31330,6.36610,0.93286,,13377.00000,447761832.00000,0,3,9,0,0,9
ConcentratedDelayedExplosions,599,6.00440,5.40670,5.79720,0.98406,,13377.00000,447761832.00000,0,3,9,0,0,9
ConcentratedDelayedExplosions,600,6.36840,6.37220,6.05240,0.97997,,13377.00000,447761832.00000,0,3,9,0,0,9
ConcentratedDelayedExplosions,601,6.06840,6.37050,6.58290,0.94925,,13377.00000,447761832.00000,0,3,9,0,0,9
ConcentratedDelayedExplosions,602,6.08050,5.80280,6.04820,1.77050,,13377.00000,447761832.00000,0,3,9,0,0,9
ConcentratedDelayedExplosions,603,5.98710,6.05770,5.60290,1.80634,,13377.00000,447761832.00000,0,3,9,0,0,9
ConcentratedDelayedExplosions,604,6.18520,6.58830,6.62280,0.94208,,13377.00000,447761832.00000,0,3,9,0,0,9
ConcentratedDelayedExplosions,605,6.24540,6.05520,5.54090,0.98714,,13377.00000,447761832.00000,0,3,9,0,0,9
ConcentratedDelayedExplosions,606,6.13340,5.60710,6.07030,1.01581,,13377.00000,447761832.00000,0,3,9,0,0,9
ConcentratedDelayedExplosions,607,6.17330,6.62730,6.00700,0.93798,,13377.00000,447761832.00000,0,3,9,0,0,9
ConcentratedDelayedExplosions,608,5.97580,5.54490,6.68790,0.97894,,13377.00000,447761832.00000,0,3,9,0,0,9
ConcentratedDelayedExplosions,609,6.44240,6.07500,5.36090,0.99430,,13377.00000,447761832.00000,0,3,9,0,0,9
ConcentratedDelayedExplosions,610,6.13501,6.01070,6.64560,0.92570,,13377.00000,447761832.00000,0,3,9,0,0,9
ConcentratedDelayedExplosions,611,6.21510,6.69340,6.81260,0.95130,,18137.00000,447761832.00000,0,3,9,0,0,9
ConcentratedDelayedExplosions,612,12.34250,5.36710,5.90140,0.98918,,17169.00000,447679912.00000,0,3,9,0,0,9
ConcentratedDelayedExplosions,613,12.29840,6.65150,12.24940,0.95744,,13377.00000,447679912.00000,0,3,9,0,0,9
ConcentratedDelayedExplosions,614,6.00970,6.81740,12.62790,0.06554,,13377.00000,447761832.00000,0,3,9,0,0,9
ConcentratedDelayedExplosions,615,6.26200,5.90530,5.87060,0.05837,,13377.00000,447761832.00000,0,3,9,0,0,9
ConcentratedDelayedExplosions,616,6.13950,12.25350,5.86260,1.00250,,13377.00000,447843752.00000,0,3,9,0,0,9
ConcentratedDelayedExplosions,617,6.08930,12.63350,6.11080,0.99430,,13377.00000,447761832.00000,0,3,9,0,0,9
ConcentratedDelayedExplosions,618,6.24330,5.87980,6.24360,0.93184,,13377.00000,447761832.00000,0,3,9,0,0,9
ConcentratedDelayedExplosions,619,6.10340,5.86680,6.15200,0.98816,,13377.00000,447761832.00000,0,3,9,0,0,9
ConcentratedDelayedExplosions,620,6.21090,6.11480,5.76100,0.96461,,13377.00000,447761832.00000,0,3,9,0,0,9
ConcentratedDelayedExplosions,621,6.11470,6.24770,6.67200,0.94822,,13377.00000,447761832.00000,0,3,9,0,0,9
ConcentratedDelayedExplosions,622,6.22710,6.15710,6.31030,0.98611,,13377.00000,447761832.00000,0,3,9,0,0,9
ConcentratedDelayedExplosions,623,6.17170,5.76530,5.51340,0.98816,,13377.00000,447761832.00000,0,3,9,0,0,9
ConcentratedDelayedExplosions,624,6.19840,6.67730,6.29320,0.96154,,13377.00000,447761832.00000,0,3,9,0,0,9
ConcentratedDelayedExplosions,625,6.11920,6.31540,6.89670,0.99635,,13429.00000,447761832.00000,0,3,9,0,0,9
ConcentratedDelayedExplosions,626,5.94850,5.51770,5.76990,0.99430,,13377.00000,447761832.00000,0,3,9,0,0,9
ConcentratedDelayedExplosions,627,6.62860,6.29700,5.45900,0.95846,,13377.00000,447761832.00000,0,3,9,0,0,9
ConcentratedDelayedExplosions,628,6.10980,6.90080,7.34550,0.99635,,13377.00000,447761832.00000,0,3,9,0,0,9
ConcentratedDelayedExplosions,629,6.12579,5.77350,5.51410,1.00352,,13377.00000,447761832.00000,0,3,9,0,0,9
ConcentratedDelayedExplosions,630,6.15620,5.46290,5.92960,0.97792,,13377.00000,447761832.00000,0,3,9,0,0,9
ConcentratedDelayedExplosions,631,6.16750,7.35010,6.31710,0.98406,,13377.00000,447761832.00000,0,3,9,0,0,9
ConcentratedDelayedExplosions,632,6.23990,5.51870,6.52490,0.98918,,13377.00000,447761832.00000,0,3,9,0,0,9
ConcentratedDelayedExplosions,633,5.91670,5.93370,5.72330,0.95846,,13377.00000,447761832.00000,0,3,9,0,0,9
ConcentratedDelayedExplosions,634,6.16500,6.32080,5.81740,0.95130,,13465.00000,447761832.00000,0,3,9,0,0,9
ConcentratedDelayedExplosions,635,6.30010,6.52860,7.28700,0.96870,,13377.00000,447761832.00000,0,3,9,0,0,9
ConcentratedDelayedExplosions,636,6.07270,5.72720,5.78940,0.98099,,13377.00000,447761832.00000,0,3,9,0,0,9
ConcentratedDelayedExplosions,637,6.18620,5.82150,6.08760,1.76845,,13377.00000,447761832.00000,0,3,9,0,0,9
ConcentratedDelayedExplosions,638,6.12390,7.29040,6.75530,0.96870,,13377.00000,447761832.00000,0,3,9,0,0,9
ConcentratedDelayedExplosions,639,6.11380,5.79560,5.33610,0.98918,,13377.00000,447761832.00000,0,3,9,0,0,9
ConcentratedDelayedExplosions,640,5.98029,6.09290,5.99020,0.95232,,13377.00000,447761832.00000,0,3,9,0,0,9
ConcentratedDelayedExplosions,641,6.08710,6.76150,6.38290,0.99533,,13377.00000,447761832.00000,0,3,9,0,0,9
ConcentratedDelayedExplosions,642,6.22180,5.34170,6.13860,0.96768,,13377.00000,447761832.00000,0,3,9,0,0,9
ConcentratedDelayedExplosions,643,6.12030,5.99570,5.99330,1.76538,,13377.00000,447761832.00000,0,3,9,0,0,9
ConcentratedDelayedExplosions,644,6.21360,6.39070,6.25330,0.99021,,13377.00000,447761832.00000,0,3,9,0,0,9
ConcentratedDelayedExplosions,645,6.20600,6.14340,6.08260,0.95027,,13377.00000,447761832.00000,0,3,9,0,0,9
ConcentratedDelayedExplosions,646,6.12090,5.99780,6.24440,0.98918,,13377.00000,447761832.00000,0,3,9,0,0,9
ConcentratedDelayedExplosions,647,6.12560,6.25910,5.63870,1.01171,,13377.00000,447761832.00000,0,3,9,0,0,9
ConcentratedDelayedExplosions,648,5.99510,6.08680,6.87810,0.96358,,13377.00000,447761832.00000,0,3,9,0,0,9
ConcentratedDelayedExplosions,649,6.17640,6.24980,5.68260,1.77152,,13377.00000,447761832.00000,0,3,9,0,0,9
ConcentratedDelayedExplosions,650,6.05930,5.64280,5.59450,0.94003,,13377.00000,447761832.00000,0,3,9,0,0,9
ConcentratedDelayedExplosions,651,6.17160,6.88230,7.24160,0.92058,,13377.00000,447761832.00000,0,3,9,0,0,9
ConcentratedDelayedExplosions,652,6.30450,5.68710,5.44610,0.95437,,13377.00000,447761832.00000,0,3,9,0,0,9
ConcentratedDelayedExplosions,653,6.20290,5.59840,7.13500,0.99226,,13377.00000,447761832.00000,0,3,9,0,0,9
ConcentratedDelayedExplosions,654,6.12110,7.24630,5.51750,0.96563,,13377.00000,447761832.00000,0,3,9,0,0,9
ConcentratedDelayedExplosions,655,6.07030,5.45030,5.63270,0.97485,,13377.00000,447761832.00000,0,3,9,0,0,9
ConcentratedDelayedExplosions,656,6.18540,7.14100,6.50090,0.98304,,13377.00000,447761832.00000,0,3,9,0,0,9
ConcentratedDelayedExplosions,657,6.02220,5.52160,6.08290,0.92979,,13377.00000,447761832.00000,0,3,9,0,0,9
ConcentratedDelayedExplosions,658,6.30460,5.63640,7.16610,1.01683,,13429.00000,447761832.00000,0,3,9,0,0,9
ConcentratedDelayedExplosions,659,6.06260,6.50560,5.07690,1.00045,,13465.00000,447761832.00000,0,3,9,0,0,9
ConcentratedDelayedExplosions,660,6.10370,6.08730,5.98240,0.94720,,13377.00000,447761832.00000,0,3,9,0,0,9
ConcentratedDelayedExplosions,661,6.21820,7.17030,6.63960,0.96563,,13375.00000,447761832.00000,0,3,9,0,0,9
ConcentratedDelayedExplosions,662,6.15570,5.08190,6.45910,0.96461,,13375.00000,447761832.00000,0,3,9,0,0,9
ConcentratedDelayedExplosions,663,6.15380,5.98630,5.62270,0.92774,,13375.00000,447761832.00000,0,3,9,0,0,9
ConcentratedDelayedExplosions,664,6.06470,6.64420,6.15380,1.78176,,13375.00000,447761832.00000,0,3,9,0,0,9
ConcentratedDelayedExplosions,665,6.06580,6.46610,5.65290,0.99942,,13375.00000,447761832.00000,0,3,9,0,0,9
ConcentratedDelayedExplosions,666,6.21440,5.62760,6.35570,0.94208,,13375.00000,447761832.00000,0,3,9,0,0,9
ConcentratedDelayedExplosions,667,6.20630,6.15880,6.88650,0.96973,,13375.00000,447761832.00000,0,3,9,0,0,9
ConcentratedDelayedExplosions,668,6.29880,5.65780,5.38040,0.95027,,13375.00000,447761832.00000,0,3,9,0,0,9
ConcentratedDelayedExplosions,669,5.99060,6.36060,6.38860,0.94925,,13375.00000,447761832.00000,0,3,9,0,0,9
ConcentratedDelayedExplosions,670,6.12460,6.89120,5.76280,0.96563,,13375.00000,447761832.00000,0,3,9,0,0,9
ConcentratedDelayedExplosions,671,5.97251,5.38690,6.58020,1.78381,,13375.00000,447761832.00000,0,3,9,0,0,9
ConcentratedDelayedExplosions,672,6.10790,6.39360,5.73240,0.95027,,13375.00000,447761832.00000,0,3,9,0,0,9
ConcentratedDelayedExplosions,673,6.21110,5.76970,6.17830,0.96973,,13375.00000,447761832.00000,0,3,9,0,0,9
ConcentratedDelayedExplosions,674,6.16310,6.58480,6.73500,0.98918,,13375.00000,447761832.00000,0,3,9,0,0,9
ConcentratedDelayedExplosions,675,6.36560,5.73830,5.76120,0.96870,,13375.00000,447761832.00000,0,3,9,0,0,9
ConcentratedDelayedExplosions,676,6.10820,6.18270,6.40340,0.99635,,13375.00000,447761832.00000,0,3,9,0,0,9
ConcentratedDelayedExplosions,677,6.14100,6.74270,6.09210,0.97587,,13375.00000,447761832.00000,0,3,9,0,0,9
ConcentratedDelayedExplosions,678,6.25060,5.76560,5.59850,0.94925,,13375.00000,447761832.00000,0,3,9,0,0,9
ConcentratedDelayedExplosions,679,5.85330,6.40770,6.82830,0.97075,,13375.00000,447761832.00000,0,3,9,0,0,9
ConcentratedDelayedExplosions,680,6.55540,6.09650,5.57170,0.99226,,13375.00000,447761832.00000,0,3,9,0,0,9
ConcentratedDelayedExplosions,681,5.94730,5.60230,7.36650,0.99226,,13375.00000,447761832.00000,0,3,9,0,0,9
ConcentratedDelayedExplosions,682,6.12270,6.83310,5.34470,0.96768,,13375.00000,447761832.00000,0,3,9,0,0,9
ConcentratedDelayedExplosions,683,6.16850,5.57620,5.77270,0.95744,,13375.00000,447761832.00000,0,3,9,0,0,9
ConcentratedDelayedExplosions,684,6.11610,7.37110,6.64440,0.96154,,13463.00000,447761832.00000,0,3,9,0,0,9
ConcentratedDelayedExplosions,685,6.10130,5.35110,5.36850,0.97587,,13375.00000,447761832.00000,0,3,9,0,0,9
ConcentratedDelayedExplosions,686,5.97380,5.78410,7.83200,0.96666,,13375.00000,447761832.00000,0,3,9,0,0,9
ConcentratedDelayedExplosions,687,6.28280,6.64980,4.77260,0.96870,,13375.00000,447761832.00000,0,3,9,0,0,9
ConcentratedDelayedExplosions,688,6.15090,5.37240,6.36770,0.98509,,13375.00000,447761832.00000,0,3,9,0,0,9
ConcentratedDelayedExplosions,689,6.12310,7.83770,5.67550,0.96768,,13375.00000,447761832.00000,0,2,10,0,0,10
ConcentratedDelayedExplosions,690,14.03580,4.77670,17.64310,0.98304,,26071.00000,447599220.00000,0,2,10,0,0,10
ConcentratedDelayedExplosions,691,6.86490,6.37180,2.56250,0.98304,,13437.00000,447608836.00000,0,2,10,0,0,10
ConcentratedDelayedExplosions,692,3.61500,5.68070,8.14100,0.97894,,13385.00000,447526916.00000,0,2,10,0,0,10
ConcentratedDelayedExplosions,693,2.67510,17.65190,2.16910,1.00045,,13385.00000,447608836.00000,0,2,10,0,0,10
ConcentratedDelayedExplosions,694,6.24671,2.56810,2.86470,0.98816,,13385.00000,447608836.00000,0,2,10,0,0,10
ConcentratedDelayedExplosions,695,6.00230,8.14710,6.40020,0.97587,,13385.00000,447690756.00000,0,2,10,0,0,10
ConcentratedDelayedExplosions,696,6.35460,2.17380,6.27740,0.93798,,13385.00000,447772676.00000,0,2,10,0,0,10
ConcentratedDelayedExplosions,697,6.03400,2.87060,6.34950,0.96461,,13385.00000,447772676.00000,0,2,10,0,0,10
ConcentratedDelayedExplosions,698,6.07730,6.40520,5.93860,0.97280,,13385.00000,447772676.00000,0,2,10,0,0,10
ConcentratedDelayedExplosions,699,6.25550,6.28340,6.17300,1.01478,,13385.00000,447772676.00000,0,2,10,0,0,10
ConcentratedDelayedExplosions,700,5.93900,6.35530,6.20970,0.94720,,13385.00000,447772676.00000,0,2,10,0,0,10
ConcentratedDelayedExplosions,701,6.34720,5.94740,5.56280,0.96870,,13385.00000,447772676.00000,0,2,10,0,0,10
ConcentratedDelayedExplosions,702,6.13620,6.17860,6.48100,0.96154,,13385.00000,447782984.00000,0,2,10,0,0,10
ConcentratedDelayedExplosions,703,6.02480,6.21430,6.04430,0.99021,,13385.00000,447782984.00000,0,2,10,0,0,10
ConcentratedDelayedExplosions,704,6.31440,5.56790,6.42480,0.97382,,13385.00000,447782984.00000,0,2,10,0,0,10
ConcentratedDelayedExplosions,705,6.13070,6.48540,5.71910,0.97894,,13385.00000,447783944.00000,0,2,10,0,0,10
ConcentratedDelayedExplosions,706,6.16380,6.04900,6.77480,0.93184,,13385.00000,447783944.00000,0,2,10,0,0,10
ConcentratedDelayedExplosions,707,6.13840,6.43080,5.43680,0.96051,,13385.00000,447783944.00000,0,2,10,0,0,10
ConcentratedDelayedExplosions,708,6.10410,5.72450,6.37280,0.98304,,13385.00000,447783944.00000,0,2,10,0,0,10
ConcentratedDelayedExplosions,709,6.16030,6.77960,7.15300,0.96768,,18145.00000,447783944.00000,0,2,10,0,0,10
ConcentratedDelayedExplosions,710,12.34430,5.44150,5.29840,0.97280,,17177.00000,447702024.00000,0,2,10,0,0,10
ConcentratedDelayedExplosions,711,12.18009,6.37670,12.84940,0.95744,,13385.00000,447702024.00000,0,2,10,0,0,10
ConcentratedDelayedExplosions,712,6.05060,7.15810,12.77520,0.06554,,13385.00000,447783944.00000,0,2,10,0,0,10
ConcentratedDelayedExplosions,713,6.34100,5.30320,4.57290,0.04506,,13385.00000,447783944.00000,0,2,10,0,0,10
ConcentratedDelayedExplosions,714,6.22370,12.85420,7.10520,0.94106,,13385.00000,447865864.00000,0,2,10,0,0,10
ConcentratedDelayedExplosions,715,6.05680,12.78050,5.71810,0.94106,,13385.00000,447783944.00000,0,2,10,0,0,10
ConcentratedDelayedExplosions,716,6.09630,4.57840,6.26070,0.97792,,13385.00000,447783944.00000,0,2,10,0,0,10
ConcentratedDelayedExplosions,717,6.24910,7.11100,6.13330,0.93286,,13385.00000,447783944.00000,0,2,10,0,0,10
ConcentratedDelayedExplosions,718,5.93970,5.72330,6.03660,0.97997,,13385.00000,447783944.00000,0,2,10,0,0,10
ConcentratedDelayedExplosions,719,6.39200,6.26510,6.13140,0.98099,,13385.00000,447783944.00000,0,2,10,0,0,10
ConcentratedDelayedExplosions,720,5.87650,6.13850,6.22920,0.99533,,13385.00000,447783944.00000,0,2,10,0,0,10
ConcentratedDelayedExplosions,721,6.11500,6.04180,6.15070,0.97075,,13385.00000,447783944.00000,0,2,10,0,0,10
ConcentratedDelayedExplosions,722,6.31670,6.13660,5.66130,1.01888,,13385.00000,447783944.00000,0,2,10,0,0,10
ConcentratedDelayedExplosions,723,6.13960,6.23440,6.11800,0.99226,,13385.00000,447783944.00000,0,2,10,0,0,10
ConcentratedDelayedExplosions,724,6.15560,6.15530,6.72390,0.96051,,13437.00000,447783944.00000,0,2,10,0,0,10
ConcentratedDelayedExplosions,725,5.96210,5.66740,6.52350,0.93286,,13385.00000,447783944.00000,0,2,10,0,0,10
ConcentratedDelayedExplosions,726,6.09810,6.12420,5.40370,0.96768,,13385.00000,447783944.00000,0,2,10,0,0,10
ConcentratedDelayedExplosions,727,6.35640,6.72830,6.26900,0.96666,,13385.00000,447783944.00000,0,2,10,0,0,10
ConcentratedDelayedExplosions,728,6.08260,6.53050,5.58500,0.95642,,13385.00000,447783944.00000,0,2,10,0,0,10
ConcentratedDelayedExplosions,729,6.16830,5.40790,6.45780,1.01376,,13385.00000,447783944.00000,0,1,11,0,0,11
ConcentratedDelayedExplosions,730,6.12530,6.27340,6.76410,0.97382,,24841.00000,447794584.00000,0,1,11,0,0,11
ConcentratedDelayedExplosions,731,6.04490,5.58840,5.33590,0.93286,,13385.00000,447794584.00000,0,1,11,0,0,11
ConcentratedDelayedExplosions,732,6.22390,6.46280,7.49130,0.98202,,18145.00000,447794584.00000,0,1,11,0,0,10
ConcentratedDelayedExplosions,733,12.15320,6.76840,5.79750,0.96461,,17177.00000,447712664.00000,0,1,11,0,0,10
ConcentratedDelayedExplosions,734,12.27290,5.34010,11.61930,0.98099,,13385.00000,447712664.00000,0,1,11,0,0,10
ConcentratedDelayedExplosions,735,17.93200,7.49800,12.67250,0.05734,,13385.00000,447712664.00000,0,1,11,0,0,10
ConcentratedDelayedExplosions,736,6.12270,5.80190,17.64150,0.05734,,13385.00000,447794584.00000,0,1,11,0,0,10
ConcentratedDelayedExplosions,737,6.79580,11.62380,5.73840,0.91750,,13385.00000,447876504.00000,0,1,11,0,0,10
ConcentratedDelayedExplosions,738,5.58550,12.68250,6.96860,1.01786,,13385.00000,447794584.00000,0,1,11,0,0,10
ConcentratedDelayedExplosions,739,6.14730,17.64860,5.45290,0.96768,,13385.00000,447794584.00000,0,1,11,0,0,10
ConcentratedDelayedExplosions,740,6.02500,5.74440,5.83310,0.96256,,13385.00000,447794584.00000,0,1,11,0,0,10
ConcentratedDelayedExplosions,741,6.19349,6.97430,5.97890,0.97382,,13385.00000,447794584.00000,0,1,11,0,0,10
ConcentratedDelayedExplosions,742,6.18390,5.45750,6.32090,0.98611,,13385.00000,447794584.00000,0,1,11,0,0,10
ConcentratedDelayedExplosions,743,6.24651,5.83680,6.50110,0.98816,,13385.00000,447794584.00000,0,1,11,0,0,10
ConcentratedDelayedExplosions,744,6.08160,5.98310,6.31350,0.92877,,13385.00000,447794584.00000,0,1,11,0,0,10
ConcentratedDelayedExplosions,745,6.02810,6.32590,5.79670,0.96256,,13385.00000,447794584.00000,0,1,11,0,0,10
ConcentratedDelayedExplosions,746,6.17380,6.50650,6.87090,0.97485,,13385.00000,447794584.00000,0,1,11,0,0,10
ConcentratedDelayedExplosions,747,6.28230,6.31820,5.27360,0.98202,,13385.00000,447794584.00000,0,1,11,0,0,10
ConcentratedDelayedExplosions,748,6.13151,5.80120,6.09170,0.97587,,13385.00000,447794584.00000,0,1,11,0,0,10
ConcentratedDelayedExplosions,749,6.10220,6.87700,7.16360,0.99738,,13385.00000,447794584.00000,0,1,11,0,0,10
ConcentratedDelayedExplosions,750,6.31220,5.27760,5.38140,0.93389,,13385.00000,447794584.00000,0,1,11,0,0,10
ConcentratedDelayedExplosions,751,6.08790,6.10750,6.10320,0.98304,,13385.00000,447794584.00000,0,1,11,0,0,10
ConcentratedDelayedExplosions,752,6.00070,7.17210,5.92470,1.00454,,13385.00000,447794584.00000,0,1,11,0,0,10
ConcentratedDelayedExplosions,753,6.32350,5.38690,6.68770,0.96870,,18197.00000,447794584.00000,0,1,11,0,0,10
ConcentratedDelayedExplosions,754,12.23110,6.11000,6.47130,1.02605,,17177.00000,447712664.00000,0,1,11,0,0,10
ConcentratedDelayedExplosions,755,12.21580,5.92880,12.77880,0.97485,,13385.00000,447712664.00000,0,1,11,0,0,10
ConcentratedDelayedExplosions,756,6.27390,6.69040,11.52000,0.04608,,13385.00000,447794584.00000,0,1,11,0,0,10
ConcentratedDelayedExplosions,757,6.15450,6.47410,6.55650,0.04710,,13385.00000,447794584.00000,0,1,11,0,0,10
ConcentratedDelayedExplosions,758,6.12350,12.78430,5.38380,0.97587,,13385.00000,447794584.00000,0,1,11,0,0,10
ConcentratedDelayedExplosions,759,6.08210,11.52660,6.28920,0.95437,,13385.00000,447794584.00000,0,1,11,0,0,9
ConcentratedDelayedExplosions,760,6.20710,6.56240,5.75500,0.96768,,13385.00000,447794584.00000,0,1,11,0,0,9
ConcentratedDelayedExplosions,761,6.00650,5.38840,6.82760,0.97382,,13385.00000,447794584.00000,0,1,11,0,0,9
ConcentratedDelayedExplosions,762,6.27950,6.29500,5.58500,0.95334,,13385.00000,447794584.00000,0,1,11,0,0,9
ConcentratedDelayedExplosions,763,6.17110,5.75880,6.25980,0.99533,,13385.00000,447794584.00000,0,1,11,0,0,9
ConcentratedDelayedExplosions,764,6.23890,6.83190,6.44200,0.96154,,13385.00000,447794584.00000,0,1,11,0,0,9
ConcentratedDelayedExplosions,765,6.05440,5.59190,5.87620,0.97587,,13385.00000,447794584.00000,0,1,11,0,0,9
ConcentratedDelayedExplosions,766,6.22850,6.26540,5.84950,0.99226,,13385.00000,447794584.00000,0,1,11,0,0,9
ConcentratedDelayedExplosions,767,6.07160,6.44730,6.27740,0.95642,,13385.00000,447794584.00000,0,1,11,0,0,9
ConcentratedDelayedExplosions,768,6.01230,5.88000,6.44160,0.96870,,13385.00000,447794584.00000,0,1,11,0,0,9
ConcentratedDelayedExplosions,769,6.24640,5.85450,6.26570,1.76230,,13385.00000,447794584.00000,0,0,12,0,0,10
ConcentratedDelayedExplosions,770,6.26970,6.28200,7.21720,0.96870,,49729.00000,447827204.00000,0,0,12,0,0,10
ConcentratedDelayedExplosions,771,6.08160,6.44600,4.89530,0.91034,,15481.00000,447827204.00000,0,0,12,0,0,10
ConcentratedDelayedExplosions,772,6.33190,6.27210,6.31200,0.97382,,15481.00000,447827204.00000,0,0,12,0,0,10
ConcentratedDelayedExplosions,773,5.90960,7.22220,6.33410,0.96666,,15481.00000,447827204.00000,0,0,12,0,0,10
ConcentratedDelayedExplosions,774,6.21870,4.89960,6.12710,1.01990,,15481.00000,447827204.00000,0,0,12,0,0,10
ConcentratedDelayedExplosions,775,6.08170,6.32010,5.52580,0.96563,,15481.00000,447827204.00000,0,0,12,0,0,10
ConcentratedDelayedExplosions,776,6.31531,6.33950,6.88170,0.95232,,20241.00000,447827204.00000,0,0,12,0,0,10
ConcentratedDelayedExplosions,777,12.25820,6.13270,6.48080,0.93184,,19273.00000,447745284.00000,0,0,12,0,0,10
ConcentratedDelayedExplosions,778,12.20059,5.52960,12.04310,0.97382,,15481.00000,447745284.00000,0,0,12,0,0,10
ConcentratedDelayedExplosions,779,6.13020,6.88550,11.58640,0.04506,,15481.00000,447827204.00000,0,0,12,0,0,10
ConcentratedDelayedExplosions,780,6.29041,6.48540,6.97910,0.05734,,15481.00000,447827204.00000,0,0,12,0,0,10
ConcentratedDelayedExplosions,781,5.99979,12.04760,6.28480,0.94106,,15481.00000,447827204.00000,0,0,12,0,0,10
ConcentratedDelayedExplosions,782,6.37510,11.59060,5.39250,0.99123,,15533.00000,447827204.00000,0,0,12,0,0,10
ConcentratedDelayedExplosions,783,6.05800,6.98430,6.13330,0.99942,,15481.00000,447827204.00000,0,0,12,0,0,10
ConcentratedDelayedExplosions,784,5.97400,6.28930,5.96650,0.99430,,15481.00000,447827204.00000,0,0,12,0,0,10
ConcentratedDelayedExplosions,785,6.31620,5.39700,5.99800,0.98099,,15481.00000,447827204.00000,0,0,12,0,0,10
ConcentratedDelayedExplosions,786,6.17310,6.13690,6.22080,1.01581,,15481.00000,447827204.00000,0,0,12,0,0,10
ConcentratedDelayedExplosions,787,6.02630,5.97030,6.44860,0.93798,,15481.00000,447827204.00000,0,0,12,0,0,10
ConcentratedDelayedExplosions,788,6.21710,6.00330,6.51350,1.76845,,15481.00000,447827204.00000,0,0,12,0,0,10
ConcentratedDelayedExplosions,789,6.06340,6.22540,5.38190,1.00659,,15481.00000,447827204.00000,0,0,12,0,0,10
ConcentratedDelayedExplosions,790,6.25410,6.45330,6.07710,0.99430,,15481.00000,447827204.00000,0,0,12,0,0,10
ConcentratedDelayedExplosions,791,6.13970,6.51870,6.37780,1.00762,,15481.00000,447827204.00000,0,0,12,0,0,10
ConcentratedDelayedExplosions,792,6.28280,5.38620,6.06830,0.98918,,15481.00000,447827204.00000,0,0,12,0,0,10
ConcentratedDelayedExplosions,793,6.13369,6.08100,6.73650,0.94720,,15481.00000,447827204.00000,0,0,12,0,0,10
ConcentratedDelayedExplosions,794,6.07521,6.38120,5.57620,1.01171,,15481.00000,447827204.00000,0,0,12,0,0,10
ConcentratedDelayedExplosions,795,6.11340,6.07350,6.51850,1.76742,,15481.00000,447827204.00000,0,0,12,0,0,10
ConcentratedDelayedExplosions,796,6.13130,6.74080,6.03610,1.01376,,15481.00000,447827204.00000,0,0,12,0,0,10
ConcentratedDelayedExplosions,797,6.05480,5.58180,6.03370,0.99021,,15481.00000,447827204.00000,0,0,12,0,0,10
ConcentratedDelayedExplosions,798,6.28330,6.52440,6.00200,0.96666,,15481.00000,447827204.00000,0,0,12,0,0,10
ConcentratedDelayedExplosions,799,6.01101,6.04090,6.60450,0.95744,,20241.00000,447827204.00000,0,0,12,0,0,10
ConcentratedDelayedExplosions,800,12.39050,6.03770,6.93880,0.99123,,19273.00000,447745284.00000,0,0,12,0,0,10
ConcentratedDelayedExplosions,801,12.25190,6.00630,11.77780,1.74080,,15481.00000,447745284.00000,0,0,12,0,0,10
ConcentratedDelayedExplosions,802,6.37020,6.60820,11.91880,0.06451,,15481.00000,447745284.00000,0,0,12,0,0,10
ConcentratedDelayedExplosions,803,5.96980,6.94380,6.21970,0.06758,,15481.00000,447827204.00000,0,0,12,0,0,10
ConcentratedDelayedExplosions,804,6.20540,11.78190,5.85790,0.96051,,15481.00000,447909124.00000,0,0,12,0,0,10
ConcentratedDelayedExplosions,805,6.01060,11.92370,6.00400,0.97894,,15481.00000,447827204.00000,0,0,12,0,0,10
ConcentratedDelayedExplosions,806,6.26660,6.22580,6.38940,0.99021,,15481.00000,447827204.00000,0,0,12,0,0,10
ConcentratedDelayedExplosions,807,5.90120,5.86230,6.31530,0.98099,,15481.00000,447827204.00000,0,0,12,0,0,10
ConcentratedDelayedExplosions,808,6.24390,6.00840,6.06800,0.95949,,15481.00000,447827204.00000,0,0,12,0,0,10
ConcentratedDelayedExplosions,809,6.00120,6.39500,5.94420,0.99123,,15481.00000,447827204.00000,0,0,12,0,0,10
ConcentratedDelayedExplosions,810,6.39560,6.31930,6.54460,0.96051,,15481.00000,447827204.00000,0,0,12,0,0,10
ConcentratedDelayedExplosions,811,6.01531,6.07420,5.59480,0.96358,,15481.00000,447827204.00000,0,0,12,0,0,10
ConcentratedDelayedExplosions,812,6.30040,5.94820,6.38830,0.98816,,15481.00000,447827204.00000,0,0,12,0,0,10
ConcentratedDelayedExplosions,813,5.96920,6.54740,6.53200,1.00454,,15533.00000,447827204.00000,0,0,12,0,0,10
ConcentratedDelayedExplosions,814,6.29130,5.59980,5.88910,0.96358,,15481.00000,447827204.00000,0,0,12,0,0,10
ConcentratedDelayedExplosions,815,5.93780,6.39460,5.91800,0.99021,,15481.00000,447827204.00000,0,0,12,0,0,10
ConcentratedDelayedExplosions,816,6.23510,6.53640,6.05460,1.00352,,15481.00000,447827204.00000,0,0,12,0,0,10
ConcentratedDelayedExplosions,817,6.11940,5.89380,5.68220,0.93594,,15481.00000,447827204.00000,0,0,12,0,0,10
ConcentratedDelayedExplosions,818,6.17700,5.92190,6.69090,0.95642,,15481.00000,447827204.00000,0,0,12,0,0,10
ConcentratedDelayedExplosions,819,6.16531,6.05950,5.72450,0.96870,,15481.00000,447827204.00000,0,0,12,0,0,10
ConcentratedDelayedExplosions,820,5.95120,5.68650,6.35100,0.95846,,15481.00000,447827204.00000,0,0,12,0,0,10
ConcentratedDelayedExplosions,821,6.36520,6.69570,5.91220,0.99635,,15481.00000,447827204.00000,0,0,12,0,0,10
ConcentratedDelayedExplosions,822,5.86640,5.72860,6.63450,1.00659,,15569.00000,447827204.00000,0,0,12,0,0,10
ConcentratedDelayedExplosions,823,6.29131,6.35420,5.42210,0.98816,,15481.00000,447827204.00000,0,0,12,0,0,10
ConcentratedDelayedExplosions,824,6.13360,5.91970,6.70130,1.00045,,15481.00000,447827204.00000,0,0,12,0,0,10
ConcentratedDelayedExplosions,825,6.50010,6.63890,5.54290,0.98611,,15481.00000,447827204.00000,0,0,12,0,0,10
ConcentratedDelayedExplosions,826,5.68950,5.42620,7.21110,0.94925,,15481.00000,447827204.00000,0,0,12,0,0,10
ConcentratedDelayedExplosions,827,6.23290,6.70550,5.40010,0.96666,,15481.00000,447827204.00000,0,0,12,0,0,10
ConcentratedDelayedExplosions,828,6.12850,5.54700,6.17370,0.99840,,15481.00000,447827204.00000,0,0,12,0,0,10
ConcentratedDelayedExplosions,829,6.13850,7.21580,6.14500,0.96461,,15481.00000,447827204.00000,0,0,12,0,0,10
ConcentratedDelayedExplosions,830,6.32540,5.40450,5.91500,0.96870,,15481.00000,447827204.00000,0,0,12,0,0,10
ConcentratedDelayedExplosions,831,5.87040,6.17900,6.79670,0.95744,,15481.00000,447827204.00000,0,0,12,0,0,10
ConcentratedDelayedExplosions,832,6.24190,6.15060,5.39290,0.92672,,15481.00000,447827204.00000,0,0,12,0,0,10
ConcentratedDelayedExplosions,833,6.17919,5.91940,6.52540,0.99123,,15481.00000,447827204.00000,0,0,12,0,0,10
ConcentratedDelayedExplosions,834,6.11541,6.80190,6.09470,0.98406,,15481.00000,447827204.00000,0,0,12,0,0,10
ConcentratedDelayedExplosions,835,6.24330,5.39740,6.73680,0.99738,,20807.00000,448417028.00000,0,0,12,0,0,10
ConcentratedDelayedExplosions,836,6.02560,6.52950,7.33030,0.97690,,15481.00000,448892164.00000,0,0,12,0,0,10
ConcentratedDelayedExplosions,837,6.51760,6.09950,4.89050,0.99226,,15481.00000,448974084.00000,0,0,12,0,0,10
ConcentratedDelayedExplosions,838,6.05731,6.74070,6.32110,1.26464,,15481.00000,448728324.00000,0,0,12,0,0,10
ConcentratedDelayedExplosions,839,6.16460,7.33540,6.17930,1.77766,,15481.00000,449056004.00000,0,0,12,0,0,10
ConcentratedDelayedExplosions,840,6.14120,4.89520,5.97180,0.98304,,15481.00000,448892164.00000,0,0,12,0,0,10
ConcentratedDelayedExplosions,841,5.95890,6.32660,5.81750,1.00966,,15481.00000,448974084.00000,0,0,12,0,0,10
ConcentratedDelayedExplosions,842,6.32820,6.18380,6.10090,1.00250,,15481.00000,448892164.00000,0,0,12,0,0,10
ConcentratedDelayedExplosions,843,6.19240,5.97750,5.98120,1.00762,,15481.00000,448810244.00000,0,0,12,0,0,10
ConcentratedDelayedExplosions,844,6.01140,5.82140,6.67150,1.00352,,15481.00000,448728324.00000,0,0,12,0,0,10
ConcentratedDelayedExplosions,845,6.26420,6.10480,5.74430,1.00659,,15481.00000,448728324.00000,0,0,12,0,0,10
ConcentratedDelayedExplosions,846,6.06160,5.98450,6.39100,1.01274,,15533.00000,448728324.00000,0,0,12,0,0,10
ConcentratedDelayedExplosions,847,6.23980,6.68030,5.97200,0.96051,,15569.00000,448728324.00000,0,0,12,0,0,10
ConcentratedDelayedExplosions,848,5.95101,5.75000,6.13650,1.76640,,15481.00000,448466180.00000,0,0,12,0,0,10
ConcentratedDelayedExplosions,849,6.84080,6.39530,6.06400,0.97587,,15481.00000,448466180.00000,0,0,12,0,0,10
ConcentratedDelayedExplosions,850,5.65240,5.97590,6.84320,0.99738,,15481.00000,448466180.00000,0,0,12,0,0,10
ConcentratedDelayedExplosions,851,6.14360,6.14090,5.88210,0.98918,,15481.00000,448466180.00000,0,0,12,0,0,10
ConcentratedDelayedExplosions,852,6.07180,6.06960,5.95490,1.76947,,15481.00000,447827204.00000,0,0,12,0,0,9
ConcentratedDelayedExplosions,853,7.64530,6.84880,6.11740,1.76026,,15481.00000,447827204.00000,0,0,12,0,0,9
ConcentratedDelayedExplosions,854,4.61590,5.88860,7.43350,0.97894,,15481.00000,447827204.00000,0,0,12,0,0,9
ConcentratedDelayedExplosions,855,6.20400,5.96020,4.74730,0.98816,,15481.00000,447827204.00000,0,0,12,0,0,9
ConcentratedDelayedExplosions,856,6.13800,6.12210,6.02250,1.00045,,15481.00000,447827204.00000,0,0,12,0,0,9
ConcentratedDelayedExplosions,857,6.09660,7.43860,6.66340,0.97382,,15481.00000,447827204.00000,0,0,12,0,0,9
ConcentratedDelayedExplosions,858,6.15030,4.75190,5.94510,1.00557,,15481.00000,447827204.00000,0,0,12,0,0,9
ConcentratedDelayedExplosions,859,6.17050,6.02730,6.52960,0.98714,,15481.00000,447827204.00000,0,0,12,0,0,9
ConcentratedDelayedExplosions,860,6.10000,6.66790,5.75450,1.01376,,15481.00000,447827204.00000,0,0,12,0,0,9
ConcentratedDelayedExplosions,861,6.12260,5.94940,5.92690,0.98816,,15481.00000,447827204.00000,0,0,12,0,0,9
ConcentratedDelayedExplosions,862,6.16010,6.53560,6.08980,1.75206,,15481.00000,447827204.00000,0,0,12,0,0,9
ConcentratedDelayedExplosions,863,6.12830,5.75850,5.82600,0.96666,,15481.00000,447827204.00000,0,0,12,0,0,9
ConcentratedDelayedExplosions,864,6.14080,5.93170,6.88600,1.79302,,15481.00000,447827204.00000,0,0,12,0,0,8
ConcentratedDelayedExplosions,865,5.92190,6.09430,5.38290,0.98714,,15481.00000,447827204.00000,0,0,12,0,0,8
ConcentratedDelayedExplosions,866,6.32600,5.83090,5.91820,0.96973,,15481.00000,447827204.00000,0,0,12,0,0,8
ConcentratedDelayedExplosions,867,5.96300,6.89070,6.61880,1.01069,,15481.00000,447827204.00000,0,0,12,0,0,8
ConcentratedDelayedExplosions,868,6.29720,5.38710,5.61680,0.99840,,15481.00000,447827204.00000,0,0,12,0,0,8
ConcentratedDelayedExplosions,869,6.09080,5.92190,6.75650,0.99328,,15481.00000,447827204.00000,0,0,12,0,0,8
ConcentratedDelayedExplosions,870,6.15030,6.62380,5.98770,0.99942,,15481.00000,447827204.00000,0,0,12,0,0,8
ConcentratedDelayedExplosions,871,6.16901,5.62080,5.83920,0.97894,,15481.00000,447827204.00000,0,0,12,0,0,8
ConcentratedDelayedExplosions,872,6.21840,6.76180,6.88280,1.76538,,20241.00000,447745284.00000,0,0,12,0,0,8
ConcentratedDelayedExplosions,873,12.21350,5.99180,6.15170,0.99021,,19273.00000,447663364.00000,0,0,12,0,0,8
ConcentratedDelayedExplosions,874,12.46330,5.84330,11.78050,0.96870,,15481.00000,447745284.00000,0,0,12,0,0,8
ConcentratedDelayedExplosions,875,6.04330,6.88770,12.88390,0.05632,,15481.00000,447827204.00000,0,0,12,0,0,8
ConcentratedDelayedExplosions,876,6.07000,6.15530,5.82050,0.06042,,15481.00000,447827204.00000,0,0,12,0,0,8
ConcentratedDelayedExplosions,877,6.17020,11.78580,5.79730,0.93594,,15533.00000,447909124.00000,0,0,12,0,0,8
ConcentratedDelayedExplosions,878,6.08560,12.89150,6.20270,0.92979,,15481.00000,447827204.00000,0,0,12,0,0,8
ConcentratedDelayedExplosions,879,6.09910,5.82570,5.80850,0.97280,,15481.00000,447827204.00000,0,0,12,0,0,8
ConcentratedDelayedExplosions,880,6.09840,5.80160,6.63270,0.99635,,15481.00000,447827204.00000,0,0,12,0,0,8
ConcentratedDelayedExplosions,881,6.23960,6.20720,5.74450,0.97178,,15481.00000,447827204.00000,0,0,12,0,0,8
ConcentratedDelayedExplosions,882,5.96870,5.81260,7.50730,0.95642,,15481.00000,447827204.00000,0,0,12,0,0,8
ConcentratedDelayedExplosions,883,6.21160,6.63860,4.96940,0.95130,,15481.00000,447827204.00000,0,0,12,0,0,8
ConcentratedDelayedExplosions,884,6.73070,5.75030,6.04800,0.91136,,15481.00000,447827204.00000,0,0,12,0,0,8
ConcentratedDelayedExplosions,885,5.64340,7.51320,7.00670,0.96358,,15481.00000,447827204.00000,0,0,12,0,0,8
ConcentratedDelayedExplosions,886,5.97810,4.97430,5.23610,0.98304,,15481.00000,447827204.00000,0,0,12,0,0,8
ConcentratedDelayedExplosions,887,6.19470,6.05290,5.96550,0.95846,,15481.00000,447827204.00000,0,0,12,0,0,8
ConcentratedDelayedExplosions,888,6.26870,7.01350,6.11870,0.97382,,15481.00000,447827204.00000,0,0,12,0,0,8
ConcentratedDelayedExplosions,889,6.34989,5.24080,6.08080,0.93594,,15481.00000,447827204.00000,0,0,12,0,0,8
ConcentratedDelayedExplosions,890,5.85140,5.96930,6.58800,0.96461,,15481.00000,447827204.00000,0,0,12,0,0,8
ConcentratedDelayedExplosions,891,6.03220,6.12260,6.17900,0.97997,,15481.00000,447827204.00000,0,0,12,0,0,8
ConcentratedDelayedExplosions,892,6.23010,6.08450,5.97070,0.96256,,15481.00000,447827204.00000,0,0,12,0,0,8
ConcentratedDelayedExplosions,893,6.21500,6.59230,6.03960,1.75514,,15481.00000,447827204.00000,0,0,12,0,0,7
ConcentratedDelayedExplosions,894,6.12770,6.18350,6.07430,0.96461,,15481.00000,447827204.00000,0,0,12,0,0,7
ConcentratedDelayedExplosions,895,6.27870,5.97700,7.52460,0.94925,,20241.00000,447827204.00000,0,0,12,0,0,7
ConcentratedDelayedExplosions,896,12.08500,6.04430,5.29580,0.94925,,19273.00000,447745284.00000,0,0,12,0,0,7
ConcentratedDelayedExplosions,897,12.42390,6.07880,12.52360,0.93901,,15481.00000,447745284.00000,0,0,12,0,0,7
ConcentratedDelayedExplosions,898,6.28610,7.53020,12.65450,0.04710,,15481.00000,447827204.00000,0,0,12,0,0,7
ConcentratedDelayedExplosions,899,5.97540,5.29960,5.34100,0.04710,,15481.00000,447827204.00000,0,0,12,0,0,7
ConcentratedDelayedExplosions,900,6.41409,12.53080,5.75440,0.94106,,15481.00000,447909124.00000,0,0,12,0,0,7
ConcentratedDelayedExplosions,901,6.09360,12.65960,6.98410,0.96051,,15481.00000,447827204.00000,0,0,12,0,0,7
ConcentratedDelayedExplosions,902,6.32040,5.34730,5.99730,0.93594,,15481.00000,447827204.00000,0,0,12,0,0,7
ConcentratedDelayedExplosions,903,5.99000,5.75860,6.35300,0.95437,,15481.00000,447827204.00000,0,0,12,0,0,7
ConcentratedDelayedExplosions,904,6.18650,6.98900,5.64690,0.93286,,15481.00000,447827204.00000,0,0,12,0,0,7
ConcentratedDelayedExplosions,905,6.11250,6.00260,6.11470,0.97485,,15481.00000,447827204.00000,0,0,12,0,0,7
ConcentratedDelayedExplosions,906,6.17460,6.35850,6.16340,0.95949,,15481.00000,447827204.00000,0,0,12,0,0,7
ConcentratedDelayedExplosions,907,5.97190,5.65120,6.21560,0.99226,,15481.00000,447827204.00000,0,0,12,0,0,7
ConcentratedDelayedExplosions,908,6.27180,6.11870,6.99810,0.97587,,15533.00000,447827204.00000,0,0,12,0,0,7
ConcentratedDelayedExplosions,909,6.16770,6.16930,5.03810,0.97485,,15481.00000,447827204.00000,0,0,12,0,0,7
ConcentratedDelayedExplosions,910,6.18200,6.22010,5.90270,0.99328,,15481.00000,447827204.00000,0,0,12,0,0,7
ConcentratedDelayedExplosions,911,6.02350,7.00480,7.17490,0.98099,,15481.00000,447827204.00000,0,0,12,0,0,7
ConcentratedDelayedExplosions,912,6.35410,5.04240,5.38620,0.96358,,15481.00000,447827204.00000,0,0,12,0,0,7
ConcentratedDelayedExplosions,913,6.09020,5.90620,6.32000,1.78176,,15481.00000,447827204.00000,0,0,12,0,0,7
ConcentratedDelayedExplosions,914,6.18280,7.18080,5.91650,0.95334,,15481.00000,447827204.00000,0,0,12,0,0,7
ConcentratedDelayedExplosions,915,6.29420,5.39100,6.62010,1.04346,,15481.00000,447827204.00000,0,0,12,0,0,7
ConcentratedDelayedExplosions,916,6.06710,6.32680,6.41570,1.00250,,15481.00000,447827204.00000,0,0,12,0,0,7
ConcentratedDelayedExplosions,917,6.14060,5.92060,5.86730,0.95744,,15481.00000,447827204.00000,0,0,12,0,0,7
ConcentratedDelayedExplosions,918,6.14810,6.62450,6.14570,0.94106,,15569.00000,447827204.00000,0,0,12,0,0,7
ConcentratedDelayedExplosions,919,9.98559,6.42050,5.84600,1.02707,,15481.00000,447827204.00000,0,0,12,0,0,7
ConcentratedDelayedExplosions,920,6.25040,5.87120,10.35970,0.93184,,15481.00000,447827204.00000,0,0,12,0,0,7
ConcentratedDelayedExplosions,921,6.16780,6.15000,6.52360,0.93082,,15481.00000,447827204.00000,0,0,12,0,0,7
ConcentratedDelayedExplosions,922,6.05980,5.84970,5.39170,0.99840,,15481.00000,447827204.00000,0,0,12,0,0,7
ConcentratedDelayedExplosions,923,6.23970,10.36760,6.30740,0.99021,,15481.00000,447827204.00000,0,0,12,0,0,7
ConcentratedDelayedExplosions,924,6.01490,6.52980,6.37200,0.95027,,15481.00000,447827204.00000,0,0,12,0,0,7
ConcentratedDelayedExplosions,925,6.30840,5.39610,5.69800,1.79405,,15481.00000,447827204.00000,0,0,12,0,0,6
ConcentratedDelayedExplosions,926,6.21001,6.31360,6.43310,0.97280,,15481.00000,447827204.00000,0,0,12,0,0,6
ConcentratedDelayedExplosions,927,6.12370,6.37900,6.00700,1.01683,,15481.00000,447827204.00000,0,0,12,0,0,6
ConcentratedDelayedExplosions,928,6.21070,5.70320,6.82020,0.96666,,15481.00000,447827204.00000,0,0,12,0,0,6
ConcentratedDelayedExplosions,929,6.22150,6.43760,5.95480,0.96666,,15481.00000,447827204.00000,0,0,12,0,0,6
ConcentratedDelayedExplosions,930,6.00270,6.01120,6.91930,0.99328,,15481.00000,447827204.00000,0,0,12,0,0,6
ConcentratedDelayedExplosions,931,6.20240,6.82880,5.44060,1.01478,,15481.00000,447827204.00000,0,0,12,0,0,6
ConcentratedDelayedExplosions,932,6.14480,5.95930,5.52050,0.95744,,15481.00000,447827204.00000,0,0,12,0,0,6
ConcentratedDelayedExplosions,933,6.07890,6.92650,6.43470,0.97894,,15481.00000,447827204.00000,0,0,12,0,0,6
ConcentratedDelayedExplosions,934,6.07450,5.44620,5.96760,0.99021,,15481.00000,447827204.00000,0,0,12,0,0,6
ConcentratedDelayedExplosions,935,6.20380,5.52520,5.94980,0.97587,,15481.00000,447827204.00000,0,0,12,0,0,6
ConcentratedDelayedExplosions,936,5.93410,6.43970,6.26160,0.96358,,15481.00000,447827204.00000,0,0,12,0,0,6
