phase,frame,renderedFrameMs,mainThreadMs,gcAllocatedBytes,focused,destroyed,effects
Near,0,4.7671981155872345,4.6803,12613,1,0,0
Near,1,5.7681053876876831,5.6188,12613,1,0,0
Near,2,5.8479947037994862,5.9313,12613,1,0,0
Near,3,5.5053005926311016,5.6638,12613,1,0,0
Near,4,5.74240367859602,5.5804,12613,1,0,0
Near,5,4.8597999848425388,5.0122,12613,1,0,0
Near,6,4.9080001190304756,4.8113,12613,1,0,0
Near,7,5.01549756154418,4.8676,12665,1,0,0
Near,8,5.2631022408604622,5.4513,12613,1,0,0
Near,9,4.4883005321025848,4.4366,12613,1,0,0
Near,10,4.8869969323277473,4.2356,12701,1,0,0
Near,11,6.8409014493227005,7.492,12613,1,0,0
Near,12,4.8472010530531406,4.7863,12613,1,0,0
Near,13,5.1438990049064159,5.1479,12613,1,0,0
Near,14,5.1746033132076263,5.1552,12613,1,0,0
Near,15,4.0901997126638889,4.1836,12613,1,0,0
Near,16,4.694898147135973,4.5558,12613,1,0,0
Near,17,6.405300460755825,6.4749,12613,1,0,0
Near,18,5.189498420804739,5.1835,12613,1,0,0
Near,19,5.3573981858789921,5.2793,12613,1,0,0
Near,20,5.8066044002771378,5.9208,12613,1,0,0
Near,21,4.4305981136858463,4.3437,12613,1,0,0
Near,22,4.9899020232260227,4.9649,12613,1,0,0
Near,23,4.7589000314474106,4.8516,12613,1,0,0
Near,24,4.4089001603424549,4.2898,12613,1,0,0
Near,25,5.4194941185414791,5.4568,12613,1,0,0
Near,26,4.3819020502269268,4.4263,12613,1,0,0
Near,27,4.3357000686228275,4.2653,12613,1,0,0
Near,28,4.0721017867326736,4.1379,12613,1,0,0
Near,29,5.6824972853064537,5.6233,12613,1,0,0
Near,30,4.7873016446828842,4.7502,12613,1,0,0
Near,31,4.9562002532184124,4.9939,12613,1,0,0
Near,32,4.6785003505647182,4.681,12613,1,0,0
Near,33,6.0955001972615719,6.0482,25715,1,0,0
Near,34,4.850899800658226,4.907,12613,1,0,0
Near,35,4.7553996555507183,4.6806,12613,1,0,0
Near,36,4.21739649027586,4.2326,12613,1,0,0
Near,37,4.3869046494364738,4.4262,12613,1,0,0
Near,38,4.73120016977191,4.6358,12613,1,0,0
Near,39,5.0026997923851013,5.0317,12613,1,0,0
Near,40,4.8005953431129456,4.7934,12613,1,0,0
Near,41,4.7499006614089012,4.7151,12701,1,0,0
Near,42,4.7071995213627815,4.6985,12613,1,0,0
Near,43,5.1004039123654366,5.1366,12613,1,0,0
Near,44,5.050701554864645,4.9073,12613,1,0,0
Near,45,5.3500994108617306,5.5171,12613,1,0,0
Near,46,4.4705001637339592,4.4051,12613,1,0,0
Near,47,4.8178997822105885,4.7995,12613,1,0,0
Near,48,6.2163975089788437,6.2439,12665,1,0,0
Near,49,4.8987031914293766,4.8578,12613,1,0,0
Near,50,4.8635983839631081,4.86,12613,1,0,0
Near,51,4.9857995472848415,5.0068,12613,1,0,0
Near,52,4.2375992052257061,4.2042,12613,1,0,0
Near,53,4.3915035203099251,4.4363,12613,1,0,0
Near,54,5.548497661948204,5.4781,12613,1,0,0
Near,55,5.0769983790814877,5.0425,12613,1,0,0
Near,56,4.465901292860508,4.5359,12613,1,0,0
Near,57,5.3535997867584229,5.2984,12613,1,0,0
Near,58,4.8467968590557575,4.8414,12613,1,0,0
Near,59,5.71140181273222,5.7541,17939,1,0,0
Near,60,14.998100697994232,6.3876,12613,1,0,0
Near,61,9.7619965672492981,15.6079,12613,1,0,0
Near,62,8.2891015335917473,9.8491,12613,1,0,0
Near,63,6.27930136397481,7.3496,12613,1,0,0
Near,64,5.8492985554039478,5.8967,12613,1,0,0
Near,65,5.0415038131177425,4.9488,12613,1,0,0
Near,66,5.2404976449906826,5.26,12613,1,0,0
Near,67,15.130201354622841,15.1278,12749,1,0,0
Near,68,5.7635982520878315,5.8438,12661,1,0,0
Near,69,4.7874008305370808,4.6646,12613,1,0,0
Near,70,5.586699116975069,5.5965,12613,1,0,0
Near,71,4.4466978870332241,4.4883,12613,1,0,0
Near,72,5.58040663599968,5.4955,12613,1,0,0
Near,73,4.9329930916428566,4.9946,12613,1,0,0
Near,74,4.63710306212306,4.6346,12613,1,0,0
Near,75,4.6485969796776772,4.6498,12613,1,0,0
Near,76,6.4254039898514748,6.3404,12613,1,0,0
Near,77,5.27349766343832,5.342,12613,1,0,0
Near,78,5.0855018198490143,4.9493,12613,1,0,0
Near,79,6.1141015030443668,6.177,12613,1,0,0
Near,80,6.518098060041666,6.4299,12613,1,0,0
Near,81,6.5473001450300217,6.552,12665,1,0,0
Near,82,5.3112031891942024,5.2697,12613,1,0,0
Near,83,5.8242985978722572,5.7248,12613,1,0,0
Near,84,5.8946004137396812,6.0821,12613,1,0,0
Near,85,5.3598992526531219,5.3898,12613,1,0,0
Near,86,5.8844955638051033,5.7861,12613,1,0,0
Near,87,5.1212017424404621,5.2183,12613,1,0,0
Near,88,5.5330004543066025,5.4554,12613,1,0,0
Near,89,5.8095026761293411,5.8624,12613,1,0,0
Near,90,5.5101970210671425,5.3316,12613,1,0,0
Near,91,5.2864016033709049,5.4264,12613,1,0,0
Near,92,5.627097561955452,5.4632,12613,1,0,0
Near,93,4.7832056879997253,4.9623,12701,1,0,0
Near,94,4.8149945214390755,4.7879,12613,1,0,0
Near,95,12.189802713692188,5.2111,12613,1,0,0
Near,96,14.959197491407394,13.0346,12613,1,0,0
Near,97,6.2169996090233326,14.8841,12613,1,0,0
Near,98,5.7030045427381992,5.8674,12613,1,0,0
Near,99,5.3092972375452518,5.2703,12613,1,0,0
Near,100,5.6534013710916042,5.6789,12613,1,0,0
Near,101,5.53499860689044,5.484,12613,1,0,0
Near,102,5.1722009666264057,5.206,12613,1,0,0
Near,103,5.0811013206839561,5.0042,12613,1,0,0
Near,104,5.339398980140686,5.3659,12613,1,0,0
Near,105,5.1081986166536808,5.1238,12613,1,0,0
Near,106,6.0198977589607239,5.9619,12613,1,0,0
Near,107,5.252402275800705,5.2331,12613,1,0,0
Near,108,4.9250000156462193,5.0264,12613,1,0,0
Near,109,5.9339995495975018,5.8542,12613,1,0,0
Near,110,4.3297973461449146,4.3931,12613,1,0,0
Near,111,4.5645055361092091,4.5169,12613,1,0,0
Near,112,6.4275013282895088,6.3801,12613,1,0,0
Near,113,4.9699973315000534,5.0189,12613,1,0,0
Near,114,5.4673966951668262,5.3701,12613,1,0,0
Near,115,5.7314056903123856,5.7523,12665,1,0,0
Near,116,5.4723001085221767,5.4689,12613,1,0,0
Near,117,4.570698831230402,4.5443,12613,1,0,0
Near,118,5.31369773671031,5.2141,12613,1,0,0
Near,119,5.7319020852446556,5.8199,12701,1,0,0
Near,120,5.1899021491408348,5.2263,12613,1,0,0
Near,121,4.5512965880334377,4.5674,12613,1,0,0
Near,122,4.5380028896033764,4.4451,12613,1,0,0
Near,123,4.5261974446475506,4.6082,12613,1,0,0
Near,124,5.1376982592046261,5.0911,12613,1,0,0
Near,125,4.4863023795187473,4.4554,12613,1,0,0
Near,126,4.3754959478974342,4.429,12613,1,0,0
Near,127,4.6261055395007133,4.6266,12613,1,0,0
Near,128,4.911394789814949,4.81,12613,1,0,0
Near,129,4.7049038112163544,4.7554,12613,1,0,0
Near,130,4.630697425454855,4.6621,12613,1,0,0
Near,131,5.2405046299099922,5.0593,12613,1,0,0
Near,132,4.8552933149039745,5.0015,12613,1,0,0
Near,133,4.919104278087616,4.8904,12613,1,0,0
Near,134,6.0240007005631924,5.901,12613,1,0,0
Near,135,4.98179579153657,5.1094,12613,1,0,0
Near,136,4.755605012178421,4.7604,12613,1,0,0
Near,137,5.1330002024769783,4.9451,12613,1,0,0
Near,138,4.476495087146759,4.6415,12613,1,0,0
Near,139,4.9369046464562416,4.9159,12613,1,0,0
Near,140,5.8351969346404076,5.7493,12613,1,0,0
Near,141,4.5284014195203781,4.6023,12613,1,0,0
Near,142,4.2511974461376667,4.2467,12613,1,0,0
Near,143,4.08880366012454,4.0152,12613,1,0,0
Near,144,6.3767004758119583,6.3907,12613,1,0,0
Near,145,4.5947986654937267,4.5767,12613,1,0,0
Near,146,4.7063985839486122,4.7396,12613,1,0,0
Near,147,6.2151006422936916,6.1709,12613,1,0,0
Near,148,4.6760984696447849,4.6926,12613,1,0,0
Near,149,5.21099753677845,5.0385,12613,1,0,0
Near,150,5.0834040157496929,5.2139,12701,1,0,0
Near,151,4.3767006136476994,4.4349,12613,1,0,0
Near,152,4.2330995202064514,4.2081,12613,1,0,0
Near,153,5.4285004734992981,5.3199,12613,1,0,0
Near,154,4.5959963463246822,4.6526,12613,1,0,0
Near,155,5.0785006023943424,5.0875,12613,1,0,0
Near,156,4.719203338027,4.6822,12665,1,0,0
Near,157,4.8730936832726,4.9046,12613,1,0,0
Near,158,4.9553005956113338,4.8884,12613,1,0,0
Near,159,5.1131024956703186,5.1229,12613,1,0,0
Near,160,4.5300028286874294,4.5525,12613,1,0,0
Near,161,4.642899613827467,4.679,12613,1,0,0
Near,162,5.8820010162889957,5.6732,12613,1,0,0
Near,163,5.304393358528614,5.4272,12613,1,0,0
Near,164,5.5329012684524059,5.4781,12613,1,0,0
Near,165,5.7272040285170078,5.7926,12613,1,0,0
Near,166,4.6534012071788311,4.6249,12613,1,0,0
Near,167,4.4729947112500668,4.4702,12613,1,0,0
Near,168,4.9535003490746021,4.9731,12613,1,0,0
Near,169,4.1712019592523575,4.1214,12613,1,0,0
Near,170,4.2830994352698326,4.3106,12613,1,0,0
Near,171,4.7643990255892277,4.7194,12613,1,0,0
Near,172,4.7665038146078587,4.7464,12613,1,0,0
Near,173,4.0678004734218121,4.1524,12613,1,0,0
Near,174,3.9545991457998753,3.9483,12613,1,0,0
Near,175,4.0347008034586906,3.9418,12613,1,0,0
Near,176,4.11219522356987,4.1998,12613,1,0,0
Near,177,3.8878046907484531,3.8756,12613,1,0,0
Near,178,3.8888959679752588,3.789,12613,1,0,0
Near,179,4.8669995740056038,4.8739,12613,1,0,0
Near,180,4.83360281214118,4.8927,12613,1,0,0
Near,181,4.49599651619792,4.3473,12613,1,0,0
Near,182,4.1498015634715557,4.1368,12701,1,0,0
Near,183,4.7619049437344074,4.7899,12613,1,0,0
Near,184,4.13499865680933,4.1706,12613,1,0,0
Near,185,4.10970114171505,4.186,12613,1,0,0
Near,186,4.6807965263724327,4.6557,12613,1,0,0
Near,187,3.8749007508158684,3.8425,12613,1,0,0
Near,188,3.8016014732420444,3.842,12613,1,0,0
Near,189,3.8623015861958265,3.8214,12613,1,0,0
Near,190,4.1934950277209282,4.132,12613,1,0,0
Near,191,3.9193029515445232,3.9912,12613,1,0,0
Near,192,4.1794995777308941,4.1828,12613,1,0,0
Near,193,3.9216978475451469,3.8068,12613,1,0,0
Near,194,4.2764032259583473,4.3485,12613,1,0,0
Near,195,4.2904973961412907,4.2823,12613,1,0,0
Near,196,3.9142998866736889,3.8566,12613,1,0,0
Near,197,3.7251983303576708,3.7112,12613,1,0,0
Near,198,4.3871030211448669,4.4259,12613,1,0,0
Near,199,3.9870962500572205,3.9412,12613,1,0,0
Near,200,4.1084042750298977,4.1675,12613,1,0,0
Near,201,4.1249007917940617,3.9115,12613,1,0,0
Near,202,4.3710954487323761,4.5309,12665,1,0,0
Near,203,3.8391014095395803,3.8699,12613,1,0,0
Near,204,4.2689978145062923,4.2655,12613,1,0,0
Near,205,4.2121033184230328,4.1451,12613,1,0,0
Near,206,4.3005030602216721,4.3421,12613,1,0,0
Near,207,4.1261976584792137,4.1396,12613,1,0,0
Near,208,3.9546983316540718,3.8976,12613,1,0,0
Near,209,4.7379038296639919,4.6125,12613,1,0,0
Near,210,4.238499328494072,4.4063,12613,1,0,0
Near,211,3.9303996600210667,3.8151,12613,1,0,0
Near,212,4.7734975814819336,4.8559,12613,1,0,0
Near,213,3.8588009774684906,3.8585,12613,1,0,0
Near,214,4.0800026617944241,4.0352,12613,1,0,0
Near,215,4.137095995247364,4.1743,12613,1,0,0
Near,216,4.5430981554090977,4.5298,12613,1,0,0
Near,217,4.6082059852778912,4.4864,12613,1,0,0
Near,218,4.0777991525828838,4.1761,12701,1,0,0
Near,219,3.8627975154668093,3.8697,12613,1,0,0
Near,220,4.2867986485362053,4.1988,12613,1,0,0
Near,221,3.7757016252726316,3.8177,12613,1,0,0
Near,222,4.0725977160036564,4.0337,12613,1,0,0
Near,223,4.4567035511136055,4.3866,12613,1,0,0
Near,224,4.5574973337352276,4.6514,12613,1,0,0
Near,225,3.8880030624568462,3.9177,12613,1,0,0
Near,226,3.596300957724452,3.5402,12613,1,0,0
Near,227,4.0562995709478855,4.047,12613,1,0,0
Near,228,4.2869970202445984,4.3317,12613,1,0,0
Near,229,4.2083049193024635,4.1681,12613,1,0,0
Near,230,3.9892997592687607,4.0302,12613,1,0,0
Near,231,4.2723002843558788,4.2443,12613,1,0,0
Near,232,4.6404972672462463,4.5779,12613,1,0,0
Near,233,3.6104025784879923,3.6641,12613,1,0,0
Near,234,4.07819589599967,4.0608,12613,1,0,0
Near,235,4.3437997810542583,4.2373,12613,1,0,0
Near,236,4.4606011360883713,4.5527,12613,1,0,0
Near,237,3.8287981878966093,3.8159,12613,1,0,0
Near,238,3.6821996327489614,3.658,12613,1,0,0
Near,239,4.5329011045396328,4.5592,12613,1,0,0
Near,240,3.6589994560927153,3.6792,12613,1,0,0
Near,241,3.8183035794645548,3.7155,12613,1,0,0
Near,242,3.935196902602911,3.9976,12613,1,0,0
Near,243,4.1052014566957951,4.1023,12613,1,0,0
Near,244,3.59510350972414,3.5592,12613,1,0,0
Near,245,4.2831986211240292,4.2975,12613,1,0,0
Near,246,3.6406959407031536,3.6066,12613,1,0,0
Near,247,4.3886052444577217,4.3341,12613,1,0,0
Near,248,4.4345948845148087,4.5306,12613,1,0,0
Near,249,3.5986041184514761,3.5948,12613,1,0,0
Near,250,3.8241993170231581,3.7186,12613,1,0,0
Near,251,5.2074971608817577,5.2723,12665,1,0,0
Near,252,3.871499327942729,3.8666,12613,1,0,0
Near,253,4.2172051034867764,4.1296,12613,1,0,0
Near,254,4.6561933122575283,4.6416,12613,1,0,0
Near,255,4.1634072549641132,4.2502,12701,1,0,0
Near,256,3.6337939091026783,3.5743,12613,1,0,0
Near,257,3.7604025565087795,3.8178,12613,1,0,0
Near,258,4.0636975318193436,3.7885,12613,1,0,0
Near,259,4.3628048151731491,4.5446,12613,1,0,0
Near,260,3.7528981920331717,3.7854,12613,1,0,0
Near,261,3.6024022847414017,3.644,12613,1,0,0
Near,262,3.9530964568257332,3.8673,12613,1,0,0
Near,263,3.9040036499500275,3.9709,12613,1,0,0
Near,264,4.5355940237641335,4.4356,12613,1,0,0
Near,265,3.8855017628520727,3.9165,12613,1,0,0
Near,266,4.2901006527245045,4.3119,12613,1,0,0
Near,267,3.6412982735782862,3.664,12613,1,0,0
Near,268,3.5997023805975914,3.5505,12613,1,0,0
Near,269,4.1385982185602188,4.1397,12613,1,0,0
Near,270,3.7197987549006939,3.7435,12613,1,0,0
Near,271,4.1418015025556087,4.0577,12613,1,0,0
Near,272,4.1996031068265438,4.268,12613,1,0,0
Near,273,3.7289964966475964,3.6967,12613,1,0,0
Near,274,4.5643988996744156,4.4792,12613,1,0,0
Near,275,4.0026004426181316,4.1073,12613,1,0,0
Near,276,3.6457057576626539,3.6573,12613,1,0,0
Near,277,4.1579930111765862,4.033,12613,1,0,0
Near,278,3.6421059630811214,3.7522,12613,1,0,0
Near,279,3.9509991183876991,3.8605,12613,1,0,0
Near,280,4.1544996201992035,4.1601,12613,1,0,0
Near,281,3.8404974620789289,3.8764,12613,1,0,0
Near,282,4.0927012450993061,4.0951,12613,1,0,0
Near,283,3.9650015532970428,3.9208,12613,1,0,0
Near,284,3.7424957845360041,3.7689,12613,1,0,0
Near,285,3.6287060938775539,3.6414,12613,1,0,0
Near,286,4.1411989368498325,3.9344,12613,1,0,0
Near,287,4.9101971089839935,5.0942,12613,1,0,0
Near,288,3.6565971095114946,3.6593,12613,1,0,0
Near,289,3.7812003865838051,3.4908,12613,1,0,0
Near,290,4.1887047700583935,4.4692,12613,1,0,0
Near,291,3.6790957674384117,3.681,12613,1,0,0
Near,292,4.10350039601326,3.9846,12613,1,0,0
Near,293,3.628401318565011,3.7372,12701,1,0,0
Near,294,4.3218042701482773,4.3079,12613,1,0,0
Near,295,4.5681972987949848,4.5297,12613,1,0,0
Near,296,3.62949981354177,3.6697,12613,1,0,0
Near,297,3.8402990903705359,3.8388,12613,1,0,0
Near,298,3.6881023552268744,3.6263,12613,1,0,0
Near,299,3.6617985460907221,3.6815,12613,1,0,0
Panorama,0,4.9902000464499,4.9538,12613,1,0,0
Panorama,1,4.31060092523694,4.3109,12613,1,0,0
Panorama,2,3.9158943109214306,3.9445,12613,1,0,0
Panorama,3,4.3601049110293388,4.2973,12613,1,0,0
Panorama,4,5.2013960666954517,5.2327,12613,1,0,0
Panorama,5,4.91249980404973,4.8878,12665,1,0,0
Panorama,6,4.5589003711938858,4.5963,12613,1,0,0
Panorama,7,4.81899781152606,4.7252,12613,1,0,0
Panorama,8,5.0217048265039921,4.936,12701,1,0,0
Panorama,9,4.6112951822578907,4.7321,12613,1,0,0
Panorama,10,5.3971018642187119,5.3569,12613,1,0,0
Panorama,11,4.6759992837905884,4.7347,12613,1,0,0
Panorama,12,4.3888040818274021,4.3563,12613,1,0,0
Panorama,13,5.3119966760277748,5.1882,12613,1,0,0
Panorama,14,4.5549036003649235,4.691,12613,1,0,0
Panorama,15,4.6839993447065353,4.6695,12613,1,0,0
Panorama,16,4.5565972104668617,4.3842,12613,1,0,0
Panorama,17,5.9099984355270863,6.0341,12613,1,0,0
Panorama,18,4.4107991270720959,4.3539,12613,1,0,0
Panorama,19,4.2757014743983746,4.3229,12613,1,0,0
Panorama,20,4.8675029538571835,4.8777,12613,1,0,0
Panorama,21,5.6542023085057735,4.3892,12613,1,0,0
Panorama,22,4.5006945729255676,5.7598,12613,1,0,0
Panorama,23,4.827005323022604,4.7323,12613,1,0,0
Panorama,24,4.0730936452746391,4.1357,12613,1,0,0
Panorama,25,4.34760469943285,4.3337,12613,1,0,0
Panorama,26,4.8067956231534481,4.7381,12613,1,0,0
Panorama,27,5.8810021728277206,5.9491,12613,1,0,0
Panorama,28,4.9955002032220364,4.9561,12613,1,0,0
Panorama,29,4.3982001952826977,4.3507,12613,1,0,0
Panorama,30,6.1993976123631,6.0951,12613,1,0,0
Panorama,31,5.5258008651435375,5.6716,26275,1,0,0
Panorama,32,5.1378048956394196,5.0026,12613,1,0,0
Panorama,33,4.2946003377437592,4.4312,12613,1,0,0
Panorama,34,4.5228954404592514,4.5038,12613,1,0,0
Panorama,35,4.5472010970115662,4.4429,12613,1,0,0
Panorama,36,5.1523027941584587,5.1985,12613,1,0,0
Panorama,37,4.4737951830029488,4.4925,12613,1,0,0
Panorama,38,4.1219033300876617,3.9702,12613,1,0,0
Panorama,39,4.9737952649593353,5.05,12701,1,0,0
Panorama,40,4.3687005527317524,4.4241,12613,1,0,0
Panorama,41,4.3013039976358414,4.2443,12613,1,0,0
Panorama,42,4.2946003377437592,4.364,12613,1,0,0
Panorama,43,5.0165955908596516,4.9317,12613,1,0,0
Panorama,44,4.7398027963936329,4.7038,12613,1,0,0
Panorama,45,4.6177012845873833,4.6773,12613,1,0,0
Panorama,46,4.7125993296504021,4.7276,12613,1,0,0
Panorama,47,4.6397959813475609,4.6065,12665,1,0,0
Panorama,48,4.3346015736460686,4.3659,12613,1,0,0
Panorama,49,5.06660295650363,4.9926,12613,1,0,0
Panorama,50,5.3482991643249989,5.3144,12613,1,0,0
Panorama,51,4.3895975686609745,4.4704,12613,1,0,0
Panorama,52,4.6455003321170807,4.2994,12613,1,0,0
Panorama,53,4.2986040934920311,4.3931,12613,1,0,0
Panorama,54,3.8719954900443554,3.9288,12613,1,0,0
Panorama,55,4.13500564172864,4.1329,12613,1,0,0
Panorama,56,5.0531956367194653,4.9583,12613,1,0,0
Panorama,57,4.193898756057024,4.2786,12613,1,0,0
Panorama,58,4.3910006061196327,4.3819,12613,1,0,0
Panorama,59,5.0124009139835835,4.1972,12613,1,0,0
Panorama,60,5.2002975717186928,5.8792,12613,1,0,0
Panorama,61,5.1948060281574726,5.2312,12613,1,0,0
Panorama,62,5.4096938110888,4.8924,12613,1,0,0
Panorama,63,5.03780459985137,5.5368,12613,1,0,0
Panorama,64,4.0135984309017658,4.0102,12613,1,0,0
Panorama,65,3.8354024291038513,3.8794,12613,1,0,0
Panorama,66,4.2398949153721333,4.1949,12613,1,0,0
Panorama,67,3.566305385902524,3.5748,12613,1,0,0
Panorama,68,4.2264950461685658,4.2246,12613,1,0,0
Panorama,69,4.4953017495572567,4.4321,12613,1,0,0
Panorama,70,4.586096853017807,4.6519,12613,1,0,0
Panorama,71,4.3927012011408806,4.3163,12613,1,0,0
Panorama,72,4.7461027279496193,4.7475,12701,1,0,0
Panorama,73,4.9534011632204056,5.0139,12613,1,0,0
Panorama,74,4.2368974536657333,4.2303,12613,1,0,0
Panorama,75,4.2601968161761761,4.2115,12613,1,0,0
Panorama,76,4.2897039093077183,4.2672,12613,1,0,0
Panorama,77,5.31070027500391,5.3366,12613,1,0,0
Panorama,78,4.3660998344421387,4.3503,12613,1,0,0
Panorama,79,4.1843964718282223,4.1464,12613,1,0,0
Panorama,80,31.407207250595093,5.2076,12613,1,0,0
Panorama,81,4.7270976938307285,30.8851,12613,1,0,0
Panorama,82,4.4408021494746208,4.5041,12613,1,0,0
Panorama,83,3.9089000783860683,3.9045,12613,1,0,0
Panorama,84,4.4583971612155437,4.4323,12613,1,0,0
Panorama,85,4.6108984388411045,4.6167,12613,1,0,0
Panorama,86,4.08930005505681,4.1412,12665,1,0,0
Panorama,87,4.0432042442262173,3.9921,12613,1,0,0
Panorama,88,4.5148949138820171,4.4306,12613,1,0,0
Panorama,89,3.7161989603191614,3.8163,12613,1,0,0
Panorama,90,4.1745039634406567,4.0797,12613,1,0,0
Panorama,91,3.906498197466135,3.9875,12613,1,0,0
Panorama,92,5.01549756154418,4.879,12613,1,0,0
Panorama,93,4.5398031361401081,4.5899,12613,1,0,0
Panorama,94,3.7865007761865854,3.8238,12613,1,0,0
Panorama,95,3.9597009308636189,3.9546,12613,1,0,0
Panorama,96,4.7758999280631542,4.7162,12613,1,0,0
Panorama,97,4.2655966244637966,4.2603,12613,1,0,0
Panorama,98,4.2077028192579746,4.2725,12613,1,0,0
Panorama,99,4.1413973085582256,3.8307,12613,1,0,0
Panorama,100,4.581002052873373,4.7245,12613,1,0,0
Panorama,101,4.050899762660265,4.1669,12701,1,0,0
Panorama,102,4.6089994721114635,4.546,12613,1,0,0
Panorama,103,4.4267005287110806,4.4755,12613,1,0,0
Panorama,104,4.12329938262701,4.1073,12613,1,0,0
Panorama,105,4.601700697094202,4.5326,12613,1,0,0
Panorama,106,4.5258998870849609,4.4551,12613,1,0,0
Panorama,107,4.5947986654937267,4.6949,12613,1,0,0
Panorama,108,3.9595025591552258,3.9288,12613,1,0,0
Panorama,109,4.4630952179431915,4.449,12613,1,0,0
Panorama,110,4.6537062153220177,4.6954,12613,1,0,0
Panorama,111,4.3975976295769215,4.3221,12613,1,0,0
Panorama,112,3.8742984179407358,3.9468,12613,1,0,0
Panorama,113,3.8588009774684906,3.8471,12613,1,0,0
Panorama,114,4.8631024546921253,4.8041,12613,1,0,0
Panorama,115,3.8928005378693342,3.9509,12613,1,0,0
Panorama,116,3.9276997558772564,3.9218,12613,1,0,0
Panorama,117,4.4533940963447094,4.3721,12613,1,0,0
Panorama,118,3.9919004775583744,4.0372,12613,1,0,0
Panorama,119,4.3484056368470192,4.3709,12613,1,0,0
Panorama,120,3.7964994553476572,3.7383,12613,1,0,0
Panorama,121,4.5906957238912582,4.5802,12613,1,0,0
Panorama,122,4.5658019371330738,4.6148,12613,1,0,0
Panorama,123,4.0802010335028172,4.0132,12613,1,0,0
Panorama,124,3.6080994177609682,3.6414,12613,1,0,0
Panorama,125,5.7131024077534676,5.7166,12613,1,0,0
Panorama,126,4.274595994502306,4.2356,12613,1,0,0
Panorama,127,3.899397561326623,3.9367,12613,1,0,0
Panorama,128,4.4105015695095062,4.3981,12613,1,0,0
Panorama,129,4.52349754050374,4.3867,12613,1,0,0
Panorama,130,3.9565050974488258,4.0668,12613,1,0,0
Panorama,131,3.9947987534105778,3.9976,12613,1,0,0
Panorama,132,4.78550186380744,4.6889,12613,1,0,0
Panorama,133,4.0362952277064323,4.0771,12665,1,0,0
Panorama,134,3.7306051235646009,3.7479,12613,1,0,0
Panorama,135,4.0457979775965214,3.9935,12613,1,0,0
Panorama,136,5.11150062084198,5.0106,12613,1,0,0
Panorama,137,5.0129960291087627,5.084,12701,1,0,0
Panorama,138,4.3630031868815422,4.3778,12613,1,0,0
Panorama,139,4.6962019987404346,4.7237,12613,1,0,0
Panorama,140,5.11150062084198,4.9942,12613,1,0,0
Panorama,141,4.4089993461966515,4.5163,12613,1,0,0
Panorama,142,4.7803004272282124,4.7235,12613,1,0,0
Panorama,143,4.2687994427978992,4.2477,12613,1,0,0
Panorama,144,3.6819940432906151,3.7449,12613,1,0,0
Panorama,145,4.2208051308989525,4.1748,12613,1,0,0
Panorama,146,4.192800261080265,4.1767,12613,1,0,0
Panorama,147,4.159899428486824,4.215,12613,1,0,0
Panorama,148,3.9093964733183384,3.9079,12613,1,0,0
Panorama,149,3.8597008679062128,3.7725,12613,1,0,0
Panorama,150,4.5522036962211132,4.6202,12613,1,0,0
Panorama,151,4.272697027772665,4.2652,12613,1,0,0
Panorama,152,3.8118977099657059,3.7451,12613,1,0,0
Panorama,153,3.7973993457853794,3.8409,12613,1,0,0
Panorama,154,4.0371031500399113,4.0364,12613,1,0,0
Panorama,155,4.1452026925981045,4.0817,12613,1,0,0
Panorama,156,3.795096417888999,3.8437,12613,1,0,0
Panorama,157,3.9634993299841881,3.964,12613,1,0,0
Panorama,158,4.5720026828348637,4.4479,12613,1,0,0
Panorama,159,4.0584960952401161,4.1634,12613,1,0,0
Panorama,160,3.7300027906894684,3.7339,12613,1,0,0
Panorama,161,4.9386974424123764,4.8528,12613,1,0,0
Panorama,162,4.5350058935582638,4.6158,12613,1,0,0
Panorama,163,4.5508998446166515,4.5466,12613,1,0,0
Panorama,164,3.8973994087427855,3.8011,12613,1,0,0
Panorama,165,4.1809948161244392,4.265,12613,1,0,0
Panorama,166,3.8982001133263111,3.8715,12613,1,0,0
Panorama,167,4.6329009346663952,4.5055,12613,1,0,0
Panorama,168,5.0562005490064621,5.0962,12613,1,0,0
Panorama,169,4.4113025069236755,4.4495,12613,1,0,0
Panorama,170,4.1777989827096462,4.0748,12613,1,0,0
Panorama,171,4.4997022487223148,4.54,12613,1,0,0
Panorama,172,5.36179868504405,5.2561,12701,1,0,0
Panorama,173,4.8636975698173046,4.77,12613,1,0,0
Panorama,174,4.64850477874279,4.7091,12613,1,0,0
Panorama,175,4.3640942312777042,4.3484,12613,1,0,0
Panorama,176,4.2788051068782806,4.242,12613,1,0,0
Panorama,177,4.0791952051222324,4.1382,12613,1,0,0
Panorama,178,4.003599751740694,3.7593,12613,1,0,0
Panorama,179,5.6916028261184692,5.5623,12613,1,0,0
Panorama,180,4.5632016845047474,4.8669,12665,1,0,0
Panorama,181,4.5200963504612446,4.4949,12613,1,0,0
Panorama,182,4.5179990120232105,4.5041,12613,1,0,0
Panorama,183,4.2356010526418686,4.2479,12613,1,0,0
Panorama,184,4.74880263209343,4.7587,12613,1,0,0
Panorama,185,4.967899527400732,4.8892,12613,1,0,0
Panorama,186,4.4188988395035267,4.4489,12613,1,0,0
Panorama,187,4.2086024768650532,4.2302,12613,1,0,0
Panorama,188,4.1021965444087982,4.0316,12613,1,0,0
Panorama,189,4.8468043096363544,4.8867,12613,1,0,0
Panorama,190,4.3237954378128052,4.3465,12613,1,0,0
Panorama,191,4.7629037871956825,4.6316,12613,1,0,0
Panorama,192,5.65710011869669,5.697,12613,1,0,0
Panorama,193,4.97879832983017,4.9745,12613,1,0,0
Panorama,194,4.2071002535521984,4.2373,12613,1,0,0
Panorama,195,4.9652988091111183,4.7356,12613,1,0,0
Panorama,196,5.5749006569385529,5.7424,12613,1,0,0
Panorama,197,4.6363025903701782,4.6685,12613,1,0,0
Panorama,198,6.02379534393549,5.7711,12613,1,0,0
Panorama,199,4.948299378156662,5.1477,12613,1,0,0
Panorama,200,4.1194017976522446,4.157,12613,1,0,0
Panorama,201,4.6271965838968754,4.5606,12613,1,0,0
Panorama,202,4.4209039770066738,4.454,12613,1,0,0
Panorama,203,4.8419996164739132,3.7723,12613,1,0,0
Panorama,204,4.4702026061713696,5.4417,12613,1,0,0
Panorama,205,4.7193947248160839,4.8012,12701,1,0,0
Panorama,206,4.7908020205795765,4.7782,12613,1,0,0
Panorama,207,4.7838008031249046,4.6931,12613,1,0,0
Panorama,208,5.239902064204216,5.3177,12613,1,0,0
Panorama,209,4.1482993401587009,4.1495,12613,1,0,0
Panorama,210,4.3818950653076172,4.3239,12613,1,0,0
Panorama,211,4.2941044084727764,4.3594,12613,1,0,0
Panorama,212,4.6771964989602566,4.6647,12613,1,0,0
Panorama,213,4.3007014319300652,4.2569,12613,1,0,0
Panorama,214,4.4027990661561489,4.4114,12613,1,0,0
Panorama,215,4.8299035988748074,4.7836,12613,1,0,0
Panorama,216,5.1602963358163834,5.1404,12613,1,0,0
Panorama,217,4.2623016051948071,4.3284,12613,1,0,0
Panorama,218,4.1160006076097488,4.1013,12613,1,0,0
Panorama,219,4.5228954404592514,4.4341,12613,1,0,0
Panorama,220,4.4106999412178993,4.513,12613,1,0,0
Panorama,221,4.0417020209133625,4.0347,12613,1,0,0
Panorama,222,4.7348993830382824,4.4329,12613,1,0,0
Panorama,223,5.1347007974982262,5.3251,12613,1,0,0
Panorama,224,4.5846016146242619,4.6275,12665,1,0,0
Panorama,225,4.769196268171072,4.6352,12613,1,0,0
Panorama,226,5.05460612475872,5.1307,12613,1,0,0
Panorama,227,4.81109693646431,4.81,12613,1,0,0
Panorama,228,4.4394982978701591,4.3731,12613,1,0,0
Panorama,229,4.9272039905190468,4.9992,12613,1,0,0
Panorama,230,4.8290956765413284,4.7813,12613,1,0,0
Panorama,231,4.3942034244537354,4.3618,12613,1,0,0
Panorama,232,3.923795185983181,3.9538,12613,1,0,0
Panorama,233,5.2900016307830811,5.3233,12613,1,0,0
Panorama,234,3.9964993484318256,3.7723,12613,1,0,0
Panorama,235,4.0632016025483608,4.2475,12613,1,0,0
Panorama,236,4.6419003047049046,4.5691,12613,1,0,0
Panorama,237,4.5713009312748909,4.5401,12613,1,0,0
Panorama,238,4.23450255766511,4.3248,12701,1,0,0
Panorama,239,3.921095747500658,3.9298,12613,1,0,0
Panorama,240,4.7769984230399132,4.69,12613,1,0,0
Panorama,241,4.517899826169014,4.595,12613,1,0,0
Panorama,242,4.1071996092796326,4.1112,12613,1,0,0
Panorama,243,4.1610049083828926,4.0908,12613,1,0,0
Panorama,244,3.9634993299841881,4.0146,12613,1,0,0
Panorama,245,4.0886974893510342,4.077,12613,1,0,0
Panorama,246,3.8665037136524916,3.7788,12613,1,0,0
Panorama,247,5.3395973518490791,5.3918,12613,1,0,0
Panorama,248,5.040398333221674,4.8864,12613,1,0,0
Panorama,249,4.4118054211139679,4.5458,12613,1,0,0
Panorama,250,4.782496951520443,4.7542,12613,1,0,0
Panorama,251,4.863400012254715,4.8386,12613,1,0,0
Panorama,252,4.4431975111365318,4.4956,12613,1,0,0
Panorama,253,4.7559025697410107,4.6571,12613,1,0,0
Panorama,254,4.8800026997923851,4.8796,12613,1,0,0
Panorama,255,4.4491994194686413,4.5322,12613,1,0,0
Panorama,256,3.8019982166588306,3.7823,12613,1,0,0
Panorama,257,5.0705000758171082,5.0154,12613,1,0,0
Panorama,258,4.4776997528970242,4.4664,12613,1,0,0
Panorama,259,4.5823981054127216,4.5833,12613,1,0,0
Panorama,260,4.5357993803918362,4.454,12613,1,0,0
Panorama,261,5.0756023265421391,5.1531,12613,1,0,0
Panorama,262,5.1622022874653339,4.9943,12613,1,0,0
Panorama,263,5.2919997833669186,5.4418,12613,1,0,0
Panorama,264,5.1107993349432945,5.0251,12613,1,0,0
Panorama,265,4.2772958986461163,4.3545,12613,1,0,0
Panorama,266,4.90160146728158,4.809,12613,1,0,0
Panorama,267,5.4659014567732811,5.4812,12613,1,0,0
Panorama,268,5.0786989741027355,5.1488,12665,1,0,0
Panorama,269,4.7234976664185524,4.4932,12613,1,0,0
Panorama,270,6.3333050347864628,6.3088,12613,1,0,0
Panorama,271,4.4454010203480721,4.6386,12701,1,0,0
Panorama,272,4.355293232947588,4.309,12613,1,0,0
Panorama,273,5.77910291031003,5.7646,12613,1,0,0
Panorama,274,4.63489955291152,4.7111,12613,1,0,0
Panorama,275,4.0968041867017746,4.0845,12613,1,0,0
Panorama,276,4.5800949446856976,4.5312,12613,1,0,0
Panorama,277,4.851105622947216,4.9005,12613,1,0,0
Panorama,278,4.0103956125676632,3.9409,12613,1,0,0
Panorama,279,5.5497023276984692,5.4875,12613,1,0,0
Panorama,280,4.3643992394208908,4.4506,12613,1,0,0
Panorama,281,4.1843964718282223,4.1691,12613,1,0,0
Panorama,282,4.2537059634923935,4.2184,12613,1,0,0
Panorama,283,5.1221940666437149,5.1655,12613,1,0,0
Panorama,284,4.7691045328974724,4.7521,12613,1,0,0
Panorama,285,4.1642007417976856,4.1133,12613,1,0,0
Panorama,286,4.9741994589567184,4.9369,12613,1,0,0
Panorama,287,4.9538975581526756,4.9274,12613,1,0,0
Panorama,288,4.4501982629299164,4.4716,12613,1,0,0
Panorama,289,4.9551022239029408,4.9938,12613,1,0,0
Panorama,290,5.7572987861931324,5.2688,12613,1,0,0
Panorama,291,5.4890024475753307,5.9726,12613,1,0,0
Panorama,292,4.3985969386994839,4.3293,12613,1,0,0
Panorama,293,5.2694017067551613,5.2848,12613,1,0,0
Panorama,294,4.6775015071034431,4.7072,12613,1,0,0
Panorama,295,4.0308036841452122,4.0346,12613,1,0,0
Panorama,296,4.1851969435811043,4.101,12613,1,0,0
Panorama,297,4.2571993544697762,4.3235,12613,1,0,0
Panorama,298,4.0215984918177128,4.0125,12613,1,0,0
Panorama,299,4.5455005019903183,4.4966,12613,1,0,0
Penetrations,0,20.145302638411522,19.9487,19527,1,1,1
Penetrations,1,5.7041952386498451,5.8568,18575,1,1,1
Penetrations,2,6.1045987531542778,6.0712,16761,1,1,1
Penetrations,3,3.8994047790765762,3.9638,12613,1,1,1
Penetrations,4,3.9663976058363914,3.9623,12613,1,1,1
Penetrations,5,4.421598743647337,4.1575,12613,1,1,1
Penetrations,6,4.3543013744056225,4.5777,12613,1,1,1
Penetrations,7,4.4880029745399952,4.4596,12613,1,1,1
Penetrations,8,4.3879961594939232,4.3713,12613,1,1,1
Penetrations,9,4.3054986745119095,4.3456,12613,1,1,1
Penetrations,10,4.4520054943859577,4.4477,12613,1,1,1
Penetrations,11,3.8843962829560041,3.8266,12613,1,1,1
Penetrations,12,5.2830995991826057,5.1841,16573,1,2,2
Penetrations,13,4.5134001411497593,4.5542,12613,1,2,2
Penetrations,14,4.6110046096146107,4.5358,12613,1,2,2
Penetrations,15,4.9548964016139507,5.0143,12613,1,2,2
Penetrations,16,4.9860971048474312,4.9997,12613,1,2,2
Penetrations,17,3.7181051447987556,3.7751,12613,1,2,2
Penetrations,18,3.6793013568967581,3.6831,12613,1,2,2
Penetrations,19,4.7544003464281559,4.7025,12613,1,2,2
Penetrations,20,3.9618974551558495,4.002,12613,1,2,2
Penetrations,21,3.6372023168951273,3.5959,12613,1,2,2
Penetrations,22,4.164994228631258,4.0791,12613,1,2,2
Penetrations,23,5.1124999299645424,4.8842,12613,1,2,2
Penetrations,24,5.5837016552686691,5.7016,16625,1,3,3
Penetrations,25,4.8917019739747047,5.0047,12613,1,3,3
Penetrations,26,4.6157948672771454,4.655,12613,1,3,3
Penetrations,27,3.925899975001812,3.8769,12613,1,3,3
Penetrations,28,4.3814061209559441,4.4268,12613,1,3,3
Penetrations,29,4.6930979005992413,4.5311,12613,1,3,3
Penetrations,30,4.5751985162496567,4.645,12613,1,3,3
Penetrations,31,4.1399020701646805,4.2057,12613,1,3,3
Penetrations,32,3.6635983269661665,3.649,12613,1,3,3
Penetrations,33,5.1660998724401,5.1039,12613,1,3,3
Penetrations,34,4.16600052267313,4.1043,12613,1,3,3
Penetrations,35,5.7641016319394112,5.7934,18575,1,3,3
Penetrations,36,7.3853954672813416,7.3326,20925,1,4,4
Penetrations,37,4.5978031121194363,4.7041,12613,1,4,4
Penetrations,38,4.41339984536171,4.4164,12613,1,4,4
Penetrations,39,4.8965988680720329,4.8345,26835,1,4,4
Penetrations,40,3.7419004365801811,3.7863,12613,1,4,4
Penetrations,41,4.3633999302983284,4.3372,12613,1,4,4
Penetrations,42,4.2865006253123283,3.8982,12613,1,4,4
Penetrations,43,4.7900015488266945,5.1844,12613,1,4,4
Penetrations,44,3.8621951825916767,3.8398,12613,1,4,4
Penetrations,45,4.4769062660634518,4.45,12613,1,4,4
Penetrations,46,4.026197362691164,4.0689,12613,1,4,4
Penetrations,47,3.6120961885899305,3.618,12613,1,4,4
Penetrations,48,5.0699049606919289,4.9525,19771,1,5,5
Penetrations,49,4.0007014758884907,4.097,12595,1,5,5
Penetrations,50,5.8000991120934486,5.7826,12595,1,5,5
Penetrations,51,4.4786990620195866,4.4203,12595,1,5,5
Penetrations,52,4.2188987135887146,4.2516,12595,1,5,5
Penetrations,53,4.9475976265966892,4.9528,12595,1,5,5
Penetrations,54,3.9584040641784668,3.924,12595,1,5,5
Penetrations,55,4.3027992360293865,4.3326,12595,1,5,5
Penetrations,56,3.7930980324745178,3.7874,12595,1,5,5
Penetrations,57,4.7098002396523952,4.6729,12595,1,5,5
Penetrations,58,3.6484976299107075,3.6892,12595,1,5,5
Penetrations,59,3.3705001696944237,3.3666,12595,1,5,5
Penetrations,60,5.4721017368137836,5.2557,15669,1,6,6
Penetrations,61,4.6964995563030243,4.742,12613,1,6,6
Penetrations,62,4.5068026520311832,4.5828,12613,1,6,6
Penetrations,63,4.2975977994501591,4.2472,12613,1,6,6
Penetrations,64,4.6755028888583183,4.7424,12613,1,6,6
Penetrations,65,4.1027991101145744,4.1134,12613,1,6,6
Penetrations,66,4.1584963910281658,4.1051,12613,1,6,6
Penetrations,67,4.9285995773971081,4.7723,12613,1,6,6
Penetrations,68,5.12589979916811,5.1512,12613,1,6,6
Penetrations,69,5.0142006948590279,5.1134,18627,1,6,6
Penetrations,70,5.2018989808857441,5.1759,16761,1,6,6
Penetrations,71,4.6701035462319851,4.6752,12613,1,6,6
Penetrations,72,5.2515021525323391,5.1905,20727,1,7,7
Penetrations,73,4.1452948935329914,4.144,12791,1,7,7
Penetrations,74,4.6512046828866005,4.7307,12791,1,7,7
Penetrations,75,5.0852959975600243,5.0282,12791,1,7,7
Penetrations,76,4.7331987880170345,4.7403,12791,1,7,7
Penetrations,77,5.8003049343824387,5.7635,12791,1,7,7
Penetrations,78,4.2189978994429111,4.2656,12791,1,7,7
Penetrations,79,4.1668014600872993,4.1712,12791,1,7,7
Penetrations,80,4.3422975577414036,4.2827,12791,1,7,7
Penetrations,81,4.2875991202890873,4.3466,12791,1,7,7
Penetrations,82,4.2719035409390926,4.2428,12791,1,7,7
Penetrations,83,4.9801021814346313,4.8559,12791,1,7,7
Penetrations,84,5.0794999115169048,5.161,16073,1,8,8
Penetrations,85,4.1646966710686684,4.1791,12613,1,8,8
Penetrations,86,3.9217970333993435,3.8879,12613,1,8,8
Penetrations,87,4.9778060056269169,5.0232,12613,1,8,8
Penetrations,88,3.621293930336833,3.6149,12613,1,8,8
Penetrations,89,3.6320011131465435,3.5356,12613,1,8,8
Penetrations,90,4.1839992627501488,4.1892,12613,1,8,8
Penetrations,91,5.2405046299099922,5.3007,12613,1,8,8
Penetrations,92,4.2701954953372478,4.2283,12613,1,8,8
Penetrations,93,3.9973994717001915,3.9795,12613,1,8,8
Penetrations,94,5.0412062555551529,5.0157,12613,1,8,8
Penetrations,95,5.2803005091845989,5.2656,12613,1,8,8
Penetrations,96,4.7014951705932617,4.7619,15669,1,9,9
Penetrations,97,4.18039970099926,4.1491,12613,1,9,9
Penetrations,98,4.7946996055543423,4.7624,12613,1,9,9
Penetrations,99,4.2783021926879883,4.3074,12613,1,9,9
Penetrations,100,6.0328016988933086,5.6942,12613,1,9,9
Penetrations,101,5.6978953070938587,5.8289,12613,1,9,9
Penetrations,102,5.4592047818005085,5.5319,18575,1,9,9
Penetrations,103,7.5775012373924255,7.5897,16761,1,9,9
Penetrations,104,4.2471936903893948,4.2162,12613,1,9,9
Penetrations,105,3.8970026653259993,3.9602,12613,1,9,9
Penetrations,106,4.3327026069164276,4.3494,12613,1,9,9
Penetrations,107,3.7740999832749367,3.697,12613,1,9,9
Penetrations,108,4.3707978911697865,4.4359,19439,1,10,10
Penetrations,109,3.7935019936412573,3.7838,12791,1,10,10
Penetrations,110,4.6144984662532806,4.5138,12791,1,10,10
Penetrations,111,4.574900958687067,4.6295,12791,1,10,10
Penetrations,112,3.69749846868217,3.7137,12843,1,10,10
Penetrations,113,3.805902786552906,3.7506,12791,1,10,10
Penetrations,114,5.205994937568903,5.1783,12791,1,10,10
Penetrations,115,5.3151007741689682,5.2906,12791,1,10,10
Penetrations,116,4.2068026959896088,4.2494,12791,1,10,10
Penetrations,117,4.9939979799091816,5.0087,12791,1,10,10
Penetrations,118,4.431901965290308,4.3886,12791,1,10,10
Penetrations,119,4.73659997805953,4.7896,12791,1,10,10
Penetrations,120,5.4013961926102638,5.2761,15669,1,11,11
Penetrations,121,4.55470522865653,4.6601,12613,1,11,11
Penetrations,122,3.8768991362303495,3.86,12613,1,11,11
Penetrations,123,3.8975977804511786,3.8675,12613,1,11,11
Penetrations,124,4.8415036872029305,4.8615,12613,1,11,11
Penetrations,125,3.8669004570692778,3.8655,12613,1,11,11
Penetrations,126,4.2886976152658463,4.2076,12613,1,11,11
Penetrations,127,4.5122024603188038,4.4785,12613,1,11,11
Penetrations,128,5.4119969718158245,5.4577,12613,1,11,11
Penetrations,129,4.9973991699516773,4.9909,12613,1,11,11
Penetrations,130,4.3493974953889847,4.1217,12613,1,11,11
Penetrations,131,4.95269987732172,5.2205,12613,1,11,11
Penetrations,132,4.4647036120295525,4.3738,15669,1,12,12
Penetrations,133,3.9703017100691795,4.0604,12613,1,12,12
Penetrations,134,3.8839995395392179,3.7054,12613,1,12,12
Penetrations,135,5.0321994349360466,5.1337,18575,1,12,12
Penetrations,136,4.3205996043980122,4.3745,16761,1,12,12
Penetrations,137,3.36529896594584,3.3701,12613,1,12,12
Penetrations,138,3.9330003783106804,3.8117,12613,1,12,12
Penetrations,139,3.6580003798007965,3.7663,12613,1,12,12
Penetrations,140,3.9105014875531197,3.8816,12613,1,12,12
Penetrations,141,3.9294995367527008,3.9098,12613,1,12,12
Penetrations,142,4.7781956382095814,4.7991,12613,1,12,12
Penetrations,143,4.1830004192888737,4.1883,12613,1,12,12
Penetrations,144,4.5718043111264706,4.5172,16957,1,13,13
Penetrations,145,3.9307964034378529,3.7862,12613,1,13,13
Penetrations,146,4.3759993277490139,4.5293,12613,1,13,13
Penetrations,147,4.7982991673052311,4.7163,12613,1,13,13
Penetrations,148,4.1017006151378155,4.1889,12613,1,13,13
Penetrations,149,4.1544004343450069,4.141,12613,1,13,13
Penetrations,150,4.58080368116498,4.456,12613,1,13,13
Penetrations,151,3.9967969059944153,4.0839,12613,1,13,13
Penetrations,152,3.6854024510830641,3.6491,12613,1,13,13
Penetrations,153,4.1202949360013008,4.0921,12613,1,13,13
Penetrations,154,3.8923043757677078,3.9419,12613,1,13,13
Penetrations,155,3.684700932353735,3.7047,12613,1,13,13
Penetrations,156,4.1639953851699829,4.0848,15669,1,14,14
Penetrations,157,4.5459042303264141,4.5947,12613,1,14,14
Penetrations,158,4.2634992860257626,4.2665,12613,1,14,14
Penetrations,159,4.1312994435429573,4.096,12665,1,14,14
Penetrations,160,3.6923964507877827,3.6238,12613,1,14,14
Penetrations,161,4.6685021370649338,4.7583,12613,1,14,14
Penetrations,162,4.0189982391893864,3.9441,12613,1,14,14
Penetrations,163,4.0175030007958412,4.0966,12613,1,14,14
Penetrations,164,4.4243978336453438,4.3778,12613,1,14,14
Penetrations,165,4.4356007128953934,4.3884,12613,1,14,14
Penetrations,166,3.9941044524312019,4.0794,12613,1,14,14
Penetrations,167,3.8070010486990213,3.7929,12613,1,14,14
Penetrations,168,4.7242986038327217,4.6605,17963,1,15,15
Penetrations,169,4.1733984835445881,4.1133,12595,1,15,15
Penetrations,170,4.6053002588450909,4.4478,12595,1,15,15
Penetrations,171,4.9142008647322655,5.1245,18557,1,15,15
Penetrations,172,4.1502974927425385,4.1703,16743,1,15,15
Penetrations,173,3.2002977095544338,3.2248,12595,1,15,15
Penetrations,174,3.3485048916190863,3.3013,12595,1,15,15
Penetrations,175,3.9567956700921059,3.9005,12595,1,15,15
Penetrations,176,3.8407030515372753,3.9293,12595,1,15,15
Penetrations,177,4.1346019133925438,4.0584,12595,1,15,15
Penetrations,178,3.8154975045472383,3.85,12595,1,15,15
Penetrations,179,3.8604023866355419,3.8767,12595,1,15,15
Penetrations,180,5.2626985125243664,5.2132,15669,1,16,16
Penetrations,181,39.967000484466553,3.9916,12613,1,16,16
Penetrations,182,5.3119966760277748,41.1485,12613,1,16,16
Penetrations,183,3.9722011424601078,4.1052,12613,1,16,16
Penetrations,184,4.1113025508821011,4.1304,12613,1,16,16
Penetrations,185,4.15729871019721,4.0523,12613,1,16,16
Penetrations,186,4.8036989755928516,4.8892,12613,1,16,16
Penetrations,187,4.2460034601390362,4.2265,12613,1,16,16
Penetrations,188,4.38509788364172,4.2853,12613,1,16,16
Penetrations,189,4.54980181530118,4.5725,12613,1,16,16
Penetrations,190,4.6964995563030243,4.7471,12613,1,16,16
Penetrations,191,4.2882016859948635,4.2475,12613,1,16,16
Penetrations,192,4.6340986154973507,4.6775,15669,1,17,16
Penetrations,193,4.1530965827405453,4.1421,12613,1,17,16
Penetrations,194,5.5106999352574348,5.2314,12613,1,17,16
Penetrations,195,4.561103880405426,4.7749,12613,1,17,16
Penetrations,196,5.55209768936038,5.4195,12613,1,17,16
Penetrations,197,5.2964002825319767,5.3468,12613,1,17,16
Penetrations,198,5.938598420470953,5.9411,18627,1,17,16
Penetrations,199,5.1386053673923016,5.1954,16761,1,17,16
Penetrations,200,4.0080994367599487,4.0404,12613,1,17,16
Penetrations,201,4.4119968079030514,4.3315,12613,1,17,16
Penetrations,202,4.2767999693751335,4.3293,12613,1,17,16
Penetrations,203,4.5435018837451935,4.3363,12613,1,17,16
Penetrations,204,4.8599983565509319,4.7173,16473,1,18,16
Penetrations,205,4.6570012345910072,4.9078,12613,1,18,16
Penetrations,206,5.361196119338274,5.3896,12613,1,18,16
Penetrations,207,4.8242062330245972,4.8444,12613,1,18,16
Penetrations,208,4.2044995352625847,4.0372,12613,1,18,16
Penetrations,209,5.2188988775014877,5.3066,12613,1,18,16
Penetrations,210,3.8141014520078897,3.8741,12613,1,18,16
Penetrations,211,3.4573979210108519,3.4772,12613,1,18,16
Penetrations,212,3.9090984500944614,3.7707,12613,1,18,16
Penetrations,213,3.7720026448369026,3.8828,12613,1,18,16
Penetrations,214,4.3296981602907181,4.3108,12613,1,18,16
Penetrations,215,4.3230014853179455,4.2719,12613,1,18,16
Penetrations,216,4.6201953664422035,4.6246,16957,1,19,16
Penetrations,217,4.4428994879126549,4.4618,12613,1,19,16
Penetrations,218,3.8290037773549557,3.8237,12613,1,19,16
Penetrations,219,3.7008998915553093,3.7187,12613,1,19,16
Penetrations,220,4.464002326130867,4.4592,12613,1,19,16
Penetrations,221,4.2614936828613281,4.227,12613,1,19,16
Penetrations,222,4.0077026933431625,3.9988,12613,1,19,16
Penetrations,223,4.5553995296359062,4.5594,12613,1,19,16
Penetrations,224,4.2961025610566139,4.2074,12613,1,19,16
Penetrations,225,3.901700722053647,3.969,12613,1,19,16
Penetrations,226,3.6401997786015272,3.6673,12613,1,19,16
Penetrations,227,3.3846939913928509,3.2911,12613,1,19,16
Penetrations,228,5.17150666564703,5.2385,19439,1,20,16
Penetrations,229,3.8265944458544254,3.8281,12791,1,20,16
Penetrations,230,3.5824051592499018,3.502,12791,1,20,16
Penetrations,231,4.16029617190361,4.2363,12791,1,20,16
Penetrations,232,4.5106010511517525,4.4017,12791,1,20,16
Penetrations,233,4.4071003794670105,4.4517,18753,1,20,16
Penetrations,234,4.9956985749304295,5.0514,16939,1,20,16
Penetrations,235,4.2093042284250259,4.1993,12791,1,20,16
Penetrations,236,3.708595409989357,3.6293,12791,1,20,16
Penetrations,237,7.03150499612093,4.004,12791,1,20,16
Penetrations,238,4.4616991654038429,7.3924,12791,1,20,16
Penetrations,239,4.07819589599967,4.2296,12791,1,20,16
Penetrations,240,4.2603034526109695,4.253,15669,1,21,16
Penetrations,241,3.96429980173707,3.9031,12613,1,21,16
Penetrations,242,3.7121952045708895,3.7373,12613,1,21,16
Penetrations,243,3.2595025841146708,3.2906,12613,1,21,16
Penetrations,244,3.2917021308094263,3.237,12613,1,21,16
Penetrations,245,3.8557965308427811,3.9135,12665,1,21,16
Penetrations,246,3.9482992142438889,3.868,12613,1,21,16
Penetrations,247,3.8516013883054256,3.8494,12613,1,21,16
Penetrations,248,3.3287981059402227,3.3803,12613,1,21,16
Penetrations,249,3.3583049662411213,3.3615,12613,1,21,16
Penetrations,250,3.9629959501326084,3.8452,12613,1,21,16
Penetrations,251,4.8608984798192978,4.905,12613,1,21,16
Penetrations,252,3.7355017848312855,3.7983,15669,1,22,16
Penetrations,253,3.3440052065998316,3.2897,12613,1,22,16
Penetrations,254,3.2220946159213781,3.2704,12613,1,22,16
Penetrations,255,7.0779053494334221,4.8768,12613,1,22,16
Penetrations,256,3.4929988905787468,5.6793,12613,1,22,16
Penetrations,257,3.1476970762014389,3.1443,12613,1,22,16
Penetrations,258,3.6877975799143314,3.6268,12613,1,22,16
Penetrations,259,3.3315049950033426,3.3803,12613,1,22,16
Penetrations,260,3.0218963511288166,3.0206,12613,1,22,16
Penetrations,261,3.7258006632328033,3.6825,12613,1,22,16
Penetrations,262,3.8662981241941452,3.9033,12613,1,22,16
Penetrations,263,3.9830994792282581,3.9422,12613,1,22,16
Penetrations,264,3.9006022270768881,3.8658,15669,1,23,16
Penetrations,265,3.616999601945281,3.6529,12613,1,23,16
Penetrations,266,4.1834041476249695,3.9976,12613,1,23,16
Penetrations,267,5.3564980626106262,5.4869,12613,1,23,16
Penetrations,268,4.2815972119569778,4.3425,12613,1,23,16
Penetrations,269,3.6088009364902973,3.5736,12613,1,23,16
Penetrations,270,3.9651999250054359,3.6552,12613,1,23,16
Penetrations,271,5.38980308920145,5.6891,18575,1,23,16
Penetrations,272,4.9423966556787491,4.8986,16761,1,23,16
Penetrations,273,4.399801604449749,4.1959,12613,1,23,16
Penetrations,274,3.2496030908077955,3.4778,12613,1,23,16
Penetrations,275,3.4831985831260681,3.4475,12613,1,23,16
Penetrations,276,4.242495633661747,4.2718,15669,1,24,16
Penetrations,277,3.6292020231485367,3.637,12613,1,24,16
Penetrations,278,3.7985970266163349,3.7189,12613,1,24,16
Penetrations,279,3.2701033633202314,3.338,12613,1,24,16
Penetrations,280,3.0971018131822348,3.0899,12613,1,24,16
Penetrations,281,3.7894982378929853,3.7472,12613,1,24,16
Penetrations,282,3.4566964022815228,3.3758,12613,1,24,16
Penetrations,283,3.7001064047217369,3.8045,12613,1,24,16
Penetrations,284,3.3582979813218117,3.3151,12613,1,24,16
Penetrations,285,3.06150084361434,3.1066,12613,1,24,16
Penetrations,286,3.00170062109828,2.9951,12613,1,24,16
Penetrations,287,3.6898951511830091,3.6705,12613,1,24,16
Penetrations,288,4.4056051410734653,4.3582,16939,1,25,16
Penetrations,289,3.4059949684888124,3.4549,12595,1,25,16
Penetrations,290,3.7865007761865854,3.6858,12595,1,25,16
Penetrations,291,4.79370029643178,4.7693,12595,1,25,16
Penetrations,292,3.9472011849284172,4.0333,12595,1,25,16
Penetrations,293,3.5847008693963289,3.588,12595,1,25,16
Penetrations,294,3.2748016528785229,3.2274,12595,1,25,16
Penetrations,295,3.6919005215168,3.7175,12595,1,25,16
Penetrations,296,3.3502976875752211,3.3286,12595,1,25,16
Penetrations,297,3.9491001516580582,3.9148,12595,1,25,16
Penetrations,298,4.1010985150933266,4.1225,12647,1,25,16
Penetrations,299,4.8586027696728706,4.8518,12595,1,25,16
ReflectionRefresh,0,5.9689981862902641,6.0377,12613,1,0,0
ReflectionRefresh,1,4.6618976630270481,4.7721,12701,1,0,0
ReflectionRefresh,2,3.6363024264574051,3.645,12665,1,0,0
ReflectionRefresh,3,4.259197972714901,4.2042,12613,1,0,0
ReflectionRefresh,4,3.9262045174837112,3.9555,12613,1,0,0
ReflectionRefresh,5,4.5410003513097763,4.4828,12613,1,0,0
ReflectionRefresh,6,4.8711947165429592,4.7595,12613,1,0,0
ReflectionRefresh,7,4.9543012864887714,5.1048,12613,1,0,0
ReflectionRefresh,8,4.4806050136685371,4.4506,12613,1,0,0
ReflectionRefresh,9,4.329499788582325,4.2811,12613,1,0,0
ReflectionRefresh,10,4.4510983861982822,4.5116,12613,1,0,0
ReflectionRefresh,11,4.7388961538672447,4.7288,12613,1,0,0
ReflectionRefresh,12,4.4525014236569405,4.413,12613,1,0,0
ReflectionRefresh,13,4.4766012579202652,4.4552,12613,1,0,0
ReflectionRefresh,14,5.3177010267972946,5.0106,12613,1,0,0
ReflectionRefresh,15,4.3712016195058823,4.6388,12613,1,0,0
ReflectionRefresh,16,4.9592969007790089,4.9669,12613,1,0,0
ReflectionRefresh,17,4.3741990812122822,4.4456,12613,1,0,0
ReflectionRefresh,18,4.1330005042254925,4.0894,12613,1,0,0
ReflectionRefresh,19,4.0577026084065437,4.0222,12613,1,0,0
ReflectionRefresh,20,4.6060942113399506,4.6453,12613,1,0,0
ReflectionRefresh,21,4.5074052177369595,4.4245,12613,1,0,0
ReflectionRefresh,22,3.76559654250741,3.8203,12613,1,0,0
ReflectionRefresh,23,5.7151997461915016,5.5233,27675,1,0,0
ReflectionRefresh,24,4.7187004238367081,4.8443,12613,1,0,0
ReflectionRefresh,25,4.0616001933813095,4.1196,12613,1,0,0
ReflectionRefresh,26,4.7281035222113132,4.5978,12613,1,0,0
ReflectionRefresh,27,5.0006946548819542,5.0297,12613,1,0,0
ReflectionRefresh,28,4.0762047283351421,4.1381,12613,1,0,0
ReflectionRefresh,29,3.8797974120825529,3.9021,12613,1,0,0
ReflectionRefresh,30,4.1184029541909695,4.0344,12613,1,0,0
ReflectionRefresh,31,3.8973002228885889,3.9748,12613,1,0,0
ReflectionRefresh,32,4.0787979960441589,4.0235,12613,1,0,0
ReflectionRefresh,33,4.2176018469035625,4.185,12613,1,0,0
ReflectionRefresh,34,3.9253965951502323,3.8309,12613,1,0,0
ReflectionRefresh,35,5.6612030602991581,5.8045,12701,1,0,0
ReflectionRefresh,36,4.1341977193951607,4.0674,12613,1,0,0
ReflectionRefresh,37,3.9908019825816154,4.0475,12613,1,0,0
ReflectionRefresh,38,3.8948978763073683,3.8986,12613,1,0,0
ReflectionRefresh,39,3.6484976299107075,3.58,12613,1,0,0
ReflectionRefresh,40,4.468204453587532,4.4214,12613,1,0,0
ReflectionRefresh,41,5.0589996390044689,5.0294,12613,1,0,0
ReflectionRefresh,42,5.2071996033191681,5.2313,12613,1,0,0
ReflectionRefresh,43,4.8459963873028755,4.8803,12613,1,0,0
ReflectionRefresh,44,4.3615009635686874,4.385,12613,1,0,0
ReflectionRefresh,45,4.210601095110178,4.1378,12613,1,0,0
ReflectionRefresh,46,4.1010985150933266,4.1582,12613,1,0,0
ReflectionRefresh,47,5.0360048189759254,5.0157,12613,1,0,0
ReflectionRefresh,48,4.3740007095038891,4.1893,12665,1,0,0
ReflectionRefresh,49,4.9017998389899731,5.0696,12613,1,0,0
ReflectionRefresh,50,4.50119748711586,4.5076,12613,1,0,0
ReflectionRefresh,51,4.5429989695549011,4.3914,12613,1,0,0
ReflectionRefresh,52,4.3445010669529438,4.4023,12613,1,0,0
ReflectionRefresh,53,3.9752977900207043,4.0253,12613,1,0,0
ReflectionRefresh,54,4.4449050910770893,4.3467,12613,1,0,0
ReflectionRefresh,55,4.8151998780667782,4.8234,12613,1,0,0
ReflectionRefresh,56,4.7764950431883335,4.8435,12613,1,0,0
ReflectionRefresh,57,4.278798121958971,4.2084,12613,1,0,0
ReflectionRefresh,58,4.2126062326133251,4.2793,12613,1,0,0
ReflectionRefresh,59,3.8426942192018032,3.8367,12613,1,0,0
ReflectionRefresh,60,3.9614015258848667,3.8695,12613,1,0,0
ReflectionRefresh,61,3.956901840865612,4.0411,12613,1,0,0
ReflectionRefresh,62,4.811401478946209,4.6331,12613,1,0,0
ReflectionRefresh,63,5.6797973811626434,5.7349,12613,1,0,0
ReflectionRefresh,64,5.1526008173823357,5.2084,12613,1,0,0
ReflectionRefresh,65,4.729896318167448,4.6853,12613,1,0,0
ReflectionRefresh,66,4.937903955578804,4.9108,12613,1,0,0
ReflectionRefresh,67,3.8800027687102556,3.954,12613,1,0,0
ReflectionRefresh,68,4.4049955904483795,4.3404,12613,1,0,0
ReflectionRefresh,69,4.3011973612010479,4.3043,12701,1,0,0
ReflectionRefresh,70,4.0044006891548634,4.0567,12613,1,0,0
ReflectionRefresh,71,4.4462019577622414,4.3859,12613,1,0,0
ReflectionRefresh,72,5.5632013827562332,5.4585,12613,1,0,0
ReflectionRefresh,73,4.49790246784687,4.6354,12613,1,0,0
ReflectionRefresh,74,4.8857992514967918,4.5563,12613,1,0,0
ReflectionRefresh,75,4.1422974318265915,4.3874,12613,1,0,0
ReflectionRefresh,76,4.5430981554090977,4.5785,12613,1,0,0
ReflectionRefresh,77,4.5235049910843372,4.5373,12613,1,0,0
ReflectionRefresh,78,4.9627977423369884,4.8943,12613,1,0,0
ReflectionRefresh,79,4.8566963523626328,4.8845,12613,1,0,0
ReflectionRefresh,80,4.2220023460686207,4.2194,12613,1,0,0
ReflectionRefresh,81,5.00680273398757,4.9268,12613,1,0,0
ReflectionRefresh,82,5.808298010379076,5.816,12613,1,0,0
ReflectionRefresh,83,5.72529761120677,5.6887,12613,1,0,0
ReflectionRefresh,84,4.664604552090168,4.7723,12613,1,0,0
ReflectionRefresh,85,4.9350978806614876,4.8295,12613,1,0,0
ReflectionRefresh,86,5.916801281273365,5.8662,12613,1,0,0
ReflectionRefresh,87,5.1454012282192707,5.1476,12613,1,0,0
ReflectionRefresh,88,4.6951957046985626,4.6387,12613,1,0,0
ReflectionRefresh,89,4.9726050347089767,5.0582,12613,1,0,0
ReflectionRefresh,90,3.9381943643093109,3.9846,12613,1,0,0
ReflectionRefresh,91,3.733800956979394,3.7381,12665,1,0,0
ReflectionRefresh,92,4.7542019747197628,4.6623,12613,1,0,0
ReflectionRefresh,93,4.7119967639446259,4.7094,12613,1,0,0
ReflectionRefresh,94,4.8434026539325714,4.9045,12613,1,0,0
ReflectionRefresh,95,5.5051022209227085,5.3963,12613,1,0,0
ReflectionRefresh,96,4.50419494882226,4.5621,12613,1,0,0
ReflectionRefresh,97,4.4309026561677456,4.4683,12613,1,0,0
ReflectionRefresh,98,4.4497023336589336,4.3274,12613,1,0,0
ReflectionRefresh,99,4.1244970634579659,4.1965,12613,1,0,0
ReflectionRefresh,100,4.1799037717282772,4.1215,12613,1,0,0
ReflectionRefresh,101,4.1236961260437965,4.1254,12701,1,0,0
ReflectionRefresh,102,4.3212017044425011,4.265,12613,1,0,0
ReflectionRefresh,103,4.5605017803609371,4.6636,12613,1,0,0
ReflectionRefresh,104,4.30000014603138,4.2493,12613,1,0,0
ReflectionRefresh,105,4.1872942820191383,4.1939,12613,1,0,0
ReflectionRefresh,106,4.49520256370306,4.5203,12613,1,0,0
ReflectionRefresh,107,4.6827024780213833,4.5672,12613,1,0,0
ReflectionRefresh,108,4.81379684060812,4.8642,12613,1,0,0
ReflectionRefresh,109,4.4435020536184311,4.4405,12613,1,0,0
ReflectionRefresh,110,5.4814978502690792,5.4498,12613,1,0,0
ReflectionRefresh,111,4.1932044550776482,4.2579,12613,1,0,0
ReflectionRefresh,112,4.4506946578621864,4.3557,12613,1,0,0
ReflectionRefresh,113,4.595599602907896,4.5958,12613,1,0,0
ReflectionRefresh,114,4.4782031327486038,4.5026,12613,1,0,0
ReflectionRefresh,115,4.35980036854744,4.3922,12613,1,0,0
ReflectionRefresh,116,4.4807964004576206,4.4242,12613,1,0,0
ReflectionRefresh,117,3.84520273655653,3.8822,12613,1,0,0
ReflectionRefresh,118,4.5223995111882687,4.5202,12613,1,0,0
ReflectionRefresh,119,4.2220023460686207,4.1026,12613,1,0,0
ReflectionRefresh,120,4.52400092035532,4.6064,12613,1,0,0
ReflectionRefresh,121,4.076899029314518,4.1137,12613,1,0,0
ReflectionRefresh,122,3.8855017628520727,3.8142,12613,1,0,0
ReflectionRefresh,123,4.2895972728729248,4.2912,12613,1,0,0
ReflectionRefresh,124,5.3024021908640862,4.9911,12613,1,0,0
ReflectionRefresh,125,5.6193950586020947,5.8373,12613,1,0,0
ReflectionRefresh,126,4.6415035612881184,4.6632,12613,1,0,0
ReflectionRefresh,127,5.06629841402173,5.0817,12613,1,0,0
ReflectionRefresh,128,5.0625000149011612,5.0197,12613,1,0,0
ReflectionRefresh,129,5.1990007050335407,5.1419,12613,1,0,0
ReflectionRefresh,130,5.5624009110033512,5.5728,12613,1,0,0
ReflectionRefresh,131,4.7803004272282124,4.8461,12613,1,0,0
ReflectionRefresh,132,4.069699440151453,4.1167,12613,1,0,0
ReflectionRefresh,133,4.1837017051875591,4.0609,12613,1,0,0
ReflectionRefresh,134,3.7205994594842196,3.8354,12701,1,0,0
ReflectionRefresh,135,3.6513959057629108,3.6401,12613,1,0,0
ReflectionRefresh,136,4.2008007876574993,4.0482,12665,1,0,0
ReflectionRefresh,137,4.1910996660590172,4.2991,12613,1,0,0
ReflectionRefresh,138,4.0082978084683418,3.9617,12613,1,0,0
ReflectionRefresh,139,5.218402948230505,5.1886,12613,1,0,0
ReflectionRefresh,140,4.8788972198963165,4.925,12613,1,0,0
ReflectionRefresh,141,4.1038054041564465,4.1131,12613,1,0,0
ReflectionRefresh,142,4.78229857981205,4.6851,12613,1,0,0
ReflectionRefresh,143,4.174496978521347,4.2184,12613,1,0,0
ReflectionRefresh,144,4.4549037702381611,4.4789,12613,1,0,0
ReflectionRefresh,145,4.4508008286356926,4.3765,12613,1,0,0
ReflectionRefresh,146,4.8077949322760105,4.7986,12613,1,0,0
ReflectionRefresh,147,5.5931052193045616,5.4833,12613,1,0,0
ReflectionRefresh,148,4.5206989161670208,4.6758,12613,1,0,0
ReflectionRefresh,149,4.1584963910281658,4.1431,12613,1,0,0
ReflectionRefresh,150,4.2267008684575558,4.1918,12613,1,0,0
ReflectionRefresh,151,4.7061010263860226,4.7025,12613,1,0,0
ReflectionRefresh,152,4.1766013018786907,4.2102,12613,1,0,0
ReflectionRefresh,153,4.5901997946202755,4.5296,12613,1,0,0
ReflectionRefresh,154,5.636302288621664,5.3122,12613,1,0,0
ReflectionRefresh,155,6.0851969756186008,6.1103,12613,1,0,0
ReflectionRefresh,156,4.3201036751270294,4.6272,12613,1,0,0
ReflectionRefresh,157,4.9780965782701969,4.4866,12613,1,0,0
ReflectionRefresh,158,5.7121030986309052,6.0874,12613,1,0,0
ReflectionRefresh,159,5.35639887675643,5.4252,12613,1,0,0
ReflectionRefresh,160,5.3202947601675987,5.1922,12613,1,0,0
ReflectionRefresh,161,5.1784012466669083,5.3238,12613,1,0,0
ReflectionRefresh,162,4.599603358656168,4.5516,12613,1,0,0
ReflectionRefresh,163,5.3100977092981339,5.0632,12613,1,0,0
ReflectionRefresh,164,5.5300029926002026,5.6813,12613,1,0,0
ReflectionRefresh,165,5.2526998333632946,5.1464,12613,1,0,0
ReflectionRefresh,166,5.3564980626106262,5.4694,12701,1,0,0
ReflectionRefresh,167,5.593098234385252,5.5434,12613,1,0,0
ReflectionRefresh,168,4.5562996529042721,4.6311,12613,1,0,0
ReflectionRefresh,169,5.9148031286895275,5.8368,12613,1,0,0
ReflectionRefresh,170,5.6839003227651119,5.5233,12613,1,0,0
ReflectionRefresh,171,5.017502699047327,5.1667,12613,1,0,0
ReflectionRefresh,172,66.0334974527359,5.3367,12613,1,0,0
ReflectionRefresh,173,5.8578019961714745,66.5224,12665,1,0,0
ReflectionRefresh,174,4.4128969311714172,4.4557,12613,1,0,0
ReflectionRefresh,175,4.7121034003794193,4.7316,12613,1,0,0
ReflectionRefresh,176,4.7832978889346123,4.8068,12613,1,0,0
ReflectionRefresh,177,3.9357002824544907,3.8971,12613,1,0,0
ReflectionRefresh,178,3.9989016950130463,4.0473,12613,1,0,0
ReflectionRefresh,179,4.5508998446166515,4.4256,12613,1,0,0
ReflectionRefresh,180,5.3802011534571648,5.3061,12613,1,0,0
ReflectionRefresh,181,4.8152990639209747,4.9411,12613,1,0,0
ReflectionRefresh,182,4.4903983362019062,4.4838,12613,1,0,0
ReflectionRefresh,183,4.6390024945139885,4.5269,12613,1,0,0
ReflectionRefresh,184,5.0012967549264431,5.0272,12613,1,0,0
ReflectionRefresh,185,3.8644983433187008,3.961,12701,1,0,0
ReflectionRefresh,186,5.1635061390697956,5.0619,12613,1,0,0
ReflectionRefresh,187,5.061096977442503,5.0969,12613,1,0,0
ReflectionRefresh,188,4.1267005726695061,4.1708,12613,1,0,0
ReflectionRefresh,189,4.5571997761726379,4.467,12613,1,0,0
ReflectionRefresh,190,5.3486963734030724,5.3974,12613,1,0,0
ReflectionRefresh,191,5.1899021491408348,5.0278,12613,1,0,0
ReflectionRefresh,192,4.427699837833643,4.5452,12613,1,0,0
ReflectionRefresh,193,4.8539042472839355,4.8742,12613,1,0,0
ReflectionRefresh,194,4.67409985139966,4.584,12613,1,0,0
ReflectionRefresh,195,3.8422972429543734,3.9295,12613,1,0,0
ReflectionRefresh,196,4.0225978009402752,4.0188,12613,1,0,0
ReflectionRefresh,197,4.1581988334655762,4.115,12613,1,0,0
ReflectionRefresh,198,4.1195009835064411,4.0933,12613,1,0,0
ReflectionRefresh,199,4.9803005531430244,5.0121,17939,1,0,0
ReflectionRefresh,200,21.338902413845062,5.6428,12613,1,0,0
ReflectionRefresh,201,13.09499703347683,21.8642,12613,1,0,0
ReflectionRefresh,202,7.2096018120646477,13.9225,12613,1,0,0
ReflectionRefresh,203,5.8333971537649632,5.8262,12613,1,0,0
ReflectionRefresh,204,5.5813989602029324,5.7133,12613,1,0,0
ReflectionRefresh,205,5.1027070730924606,5.0469,12613,1,0,0
ReflectionRefresh,206,4.98149823397398,4.9406,12613,1,0,0
ReflectionRefresh,207,5.47220092266798,5.5462,12613,1,0,0
ReflectionRefresh,208,4.7407951205968857,4.7423,12613,1,0,0
ReflectionRefresh,209,4.8503046855330467,4.7437,12613,1,0,0
ReflectionRefresh,210,4.9990010447800159,5.044,12665,1,0,0
ReflectionRefresh,211,4.1297972202301025,4.1032,12701,1,0,0
ReflectionRefresh,212,5.0450963899493217,5.0502,12613,1,0,0
ReflectionRefresh,213,5.620904266834259,5.6311,12613,1,0,0
ReflectionRefresh,214,4.5196996070444584,4.5105,12613,1,0,0
ReflectionRefresh,215,5.6649022735655308,5.5613,12613,1,0,0
ReflectionRefresh,216,5.3057963959872723,5.4486,12613,1,0,0
ReflectionRefresh,217,4.8026004806160927,4.6838,12613,1,0,0
ReflectionRefresh,218,4.8871031031012535,4.9136,12613,1,0,0
ReflectionRefresh,219,5.8406959287822247,5.7939,12613,1,0,0
ReflectionRefresh,220,4.8162983730435371,4.8721,12613,1,0,0
ReflectionRefresh,221,4.4951033778488636,4.4699,12613,1,0,0
ReflectionRefresh,222,5.6015024892985821,5.5175,12613,1,0,0
ReflectionRefresh,223,4.7965985722839832,4.7672,12613,1,0,0
ReflectionRefresh,224,4.7204010188579559,4.83,12613,1,0,0
ReflectionRefresh,225,4.422895610332489,4.3536,12613,1,0,0
ReflectionRefresh,226,4.8322989605367184,4.8662,12613,1,0,0
ReflectionRefresh,227,5.2924035117030144,5.2802,12613,1,0,0
ReflectionRefresh,228,4.8607992939651012,4.915,12613,1,0,0
ReflectionRefresh,229,5.0257015973329544,5.03,12613,1,0,0
ReflectionRefresh,230,4.5008007436990738,4.4434,12613,1,0,0
ReflectionRefresh,231,4.8589995130896568,4.7839,12613,1,0,0
ReflectionRefresh,232,4.5627974905073643,4.6575,12613,1,0,0
ReflectionRefresh,233,4.4211028143763542,4.3482,12613,1,0,0
ReflectionRefresh,234,4.2475978843867779,4.2602,12613,1,0,0
ReflectionRefresh,235,9.5540033653378487,4.7297,12613,1,0,0
ReflectionRefresh,236,10.303699411451817,9.6058,12613,1,0,0
ReflectionRefresh,237,5.3586945869028568,10.7932,12613,1,0,0
ReflectionRefresh,238,5.7179066352546215,5.7904,12613,1,0,0
ReflectionRefresh,239,5.0979945808649063,4.9724,12613,1,0,0
ReflectionRefresh,240,4.3304990977048874,4.4876,12701,1,0,0
ReflectionRefresh,241,3.5371030680835247,3.5335,12613,1,0,0
ReflectionRefresh,242,5.50399674102664,5.286,12613,1,0,0
ReflectionRefresh,243,5.472902674227953,5.6505,12613,1,0,0
ReflectionRefresh,244,3.9020974654704332,3.9105,12613,1,0,0
ReflectionRefresh,245,5.0398032180964947,4.9275,12613,1,0,0
ReflectionRefresh,246,4.4142999686300755,4.5094,12613,1,0,0
ReflectionRefresh,247,3.5850978456437588,3.587,12613,1,0,0
ReflectionRefresh,248,3.6844033747911453,3.5673,12613,1,0,0
ReflectionRefresh,249,5.6160003878176212,5.7008,12613,1,0,0
ReflectionRefresh,250,4.4774021953344345,4.3602,12665,1,0,0
ReflectionRefresh,251,5.5048963986337185,5.544,12613,1,0,0
ReflectionRefresh,252,5.7938988320529461,5.7822,12613,1,0,0
ReflectionRefresh,253,4.8121032305061817,4.8211,12613,1,0,0
ReflectionRefresh,254,4.79939766228199,4.5581,12613,1,0,0
ReflectionRefresh,255,6.105201318860054,6.2665,12613,1,0,0
ReflectionRefresh,256,4.6561011113226414,4.6712,12613,1,0,0
ReflectionRefresh,257,5.8501982130110264,5.7635,12613,1,0,0
ReflectionRefresh,258,5.0203017890453339,5.1632,12613,1,0,0
ReflectionRefresh,259,4.0821004658937454,4.0655,12613,1,0,0
ReflectionRefresh,260,4.9701957032084465,4.939,12613,1,0,0
ReflectionRefresh,261,4.7542019747197628,4.7962,12613,1,0,0
ReflectionRefresh,262,4.3057966977357864,4.2109,12613,1,0,0
ReflectionRefresh,263,4.645202774554491,4.6565,12613,1,0,0
ReflectionRefresh,264,5.1265023648738861,5.0979,12613,1,0,0
ReflectionRefresh,265,5.1323981024324894,4.8349,12613,1,0,0
ReflectionRefresh,266,4.3722009286284447,4.6684,12613,1,0,0
ReflectionRefresh,267,4.8170988447964191,4.8173,12613,1,0,0
ReflectionRefresh,268,4.1767996735870838,4.1381,12613,1,0,0
ReflectionRefresh,269,4.3786987662315369,4.3962,12613,1,0,0
ReflectionRefresh,270,4.419699776917696,4.4557,12613,1,0,0
ReflectionRefresh,271,4.290199838578701,4.1817,12613,1,0,0
ReflectionRefresh,272,3.8702026940882206,3.8918,12701,1,0,0
ReflectionRefresh,273,3.89049737714231,3.9611,12613,1,0,0
ReflectionRefresh,274,3.7146045360714197,3.7249,12613,1,0,0
ReflectionRefresh,275,4.1316966526210308,4.0573,12613,1,0,0
ReflectionRefresh,276,4.7452026046812534,4.7561,12613,1,0,0
ReflectionRefresh,277,4.2125992476940155,4.1826,12613,1,0,0
ReflectionRefresh,278,4.8374999314546585,4.7813,12613,1,0,0
ReflectionRefresh,279,4.1576954536139965,4.224,12613,1,0,0
ReflectionRefresh,280,3.6551021039485931,3.6733,12613,1,0,0
ReflectionRefresh,281,3.6945012398064137,3.6399,12613,1,0,0
ReflectionRefresh,282,3.9907027967274189,4.0508,12613,1,0,0
ReflectionRefresh,283,4.54689608886838,4.5013,12613,1,0,0
ReflectionRefresh,284,4.3323980644345284,4.3164,12613,1,0,0
ReflectionRefresh,285,4.2384001426398754,4.2443,12613,1,0,0
ReflectionRefresh,286,4.4376063160598278,4.4529,12613,1,0,0
ReflectionRefresh,287,4.0389951318502426,3.9661,12613,1,0,0
ReflectionRefresh,288,3.7672051694244146,3.8216,12613,1,0,0
ReflectionRefresh,289,4.3692956678569317,4.2077,12613,1,0,0
ReflectionRefresh,290,5.2504041232168674,5.343,12613,1,0,0
ReflectionRefresh,291,4.5770974829792976,4.589,12613,1,0,0
ReflectionRefresh,292,4.0723993442952633,4.112,12613,1,0,0
ReflectionRefresh,293,4.70260065048933,4.5631,12613,1,0,0
ReflectionRefresh,294,6.7133009433746338,6.6483,12613,1,0,0
ReflectionRefresh,295,7.5231008231639862,7.5677,12665,1,0,0
ReflectionRefresh,296,5.1428996957838535,5.1582,12613,1,0,0
ReflectionRefresh,297,5.3368974477052689,5.3085,12613,1,0,0
ReflectionRefresh,298,6.1157029122114182,6.1227,12613,1,0,0
ReflectionRefresh,299,5.7999007403850555,5.7777,12613,1,0,0
ReflectionRefresh,300,5.0641936250030994,5.1675,12613,1,0,0
ReflectionRefresh,301,4.5524020679295063,4.5281,12613,1,0,0
ReflectionRefresh,302,5.2782031707465649,5.2471,12613,1,0,0
ReflectionRefresh,303,5.593098234385252,4.9381,12613,1,0,0
ReflectionRefresh,304,55.267296731472015,12.7356,12613,0,0,0
ReflectionRefresh,305,5.4995040409266949,48.5376,15352,0,0,0
ReflectionRefresh,306,51.999397575855255,4.5556,12613,0,0,0
ReflectionRefresh,307,6.4136977307498455,53.0002,12613,0,0,0
ReflectionRefresh,308,5.929003469645977,5.2401,12613,0,0,0
ReflectionRefresh,309,11.790398508310318,6.0307,12613,0,0,0
ReflectionRefresh,310,41.747003793716431,12.7658,12613,0,0,0
ReflectionRefresh,311,108.44159871339798,41.4026,30017,0,0,0
ReflectionRefresh,312,9.65800043195486,110.2874,38343,0,0,0
ReflectionRefresh,313,21.481405943632126,6.3551,13409,0,0,0
ReflectionRefresh,314,22.381199523806572,22.0108,13409,0,0,0
ReflectionRefresh,315,9.2358989641070366,22.64,13409,0,0,0
ReflectionRefresh,316,13.972598128020763,8.5673,13409,0,0,0
ReflectionRefresh,317,41.735097765922546,16.3638,24483,0,0,0
ReflectionRefresh,318,30.6606013327837,42.6763,24933,0,0,0
ReflectionRefresh,319,16.456702724099159,29.5791,24823,0,0,0
ReflectionRefresh,320,5.1754959858953953,14.6533,13507,0,0,0
ReflectionRefresh,321,9.81130264699459,4.2174,13385,0,0,0
ReflectionRefresh,322,12.586401775479317,11.7567,13385,0,0,0
ReflectionRefresh,323,10.622696951031685,11.283,13385,0,0,0
ReflectionRefresh,324,11.235501617193222,10.6646,13385,0,0,0
ReflectionRefresh,325,9.2336023226380348,11.7894,13385,0,0,0
ReflectionRefresh,326,8.7627973407506943,8.4064,13385,0,0,0
ReflectionRefresh,327,8.1753963604569435,9.1823,13385,0,0,0
ReflectionRefresh,328,4.7918013297021389,7.8203,13385,0,0,0
ReflectionRefresh,329,7.3945010080933571,5.1945,13385,0,0,0
ReflectionRefresh,330,9.6928002312779427,7.7189,13385,0,0,0
ReflectionRefresh,331,9.1244969516992569,9.1421,13385,0,0,0
ReflectionRefresh,332,12.27130088955164,11.0237,13385,0,0,0
ReflectionRefresh,333,7.1586025878787041,10.5014,13385,0,0,0
ReflectionRefresh,334,12.85579614341259,7.8972,13385,0,0,0
ReflectionRefresh,335,5.52630377933383,12.4703,13385,0,0,0
ReflectionRefresh,336,8.2166949287056923,5.8216,13385,0,0,0
ReflectionRefresh,337,5.381604190915823,7.73,13473,0,0,0
ReflectionRefresh,338,8.4641017019748688,4.9776,13437,0,0,0
ReflectionRefresh,339,8.5548963397741318,8.3207,14765,0,0,0
ReflectionRefresh,340,4.637598991394043,8.4357,13385,0,0,0
ReflectionRefresh,341,4.407199565321207,4.451,13385,0,0,0
ReflectionRefresh,342,4.2353034950792789,4.84,13385,0,0,0
ReflectionRefresh,343,4.5881024561822414,3.7987,12613,0,0,0
ReflectionRefresh,344,4.1136974468827248,5.1896,13385,0,0,0
ReflectionRefresh,345,5.2672973833978176,4.224,12613,0,0,0
ReflectionRefresh,346,5.4606008343398571,6.3596,13385,0,0,0
ReflectionRefresh,347,5.8447988703846931,4.5081,12613,0,0,0
ReflectionRefresh,348,3.7481009494513273,5.1131,13385,0,0,0
ReflectionRefresh,349,7.7428002841770649,4.5652,12613,0,0,0
ReflectionRefresh,350,4.3828017078340054,6.7025,13385,0,0,0
ReflectionRefresh,351,10.789795778691769,4.2622,13385,0,0,0
ReflectionRefresh,352,6.470103282481432,11.7298,13385,0,0,0
ReflectionRefresh,353,6.3975979574024677,7.4335,13385,0,0,0
ReflectionRefresh,354,5.4733986034989357,5.3645,13385,0,0,0
ReflectionRefresh,355,6.6958051174879074,5.9522,13385,0,0,0
ReflectionRefresh,356,6.0830996371805668,6.3842,13385,0,0,0
ReflectionRefresh,357,6.9632013328373432,6.4714,13385,0,0,0
ReflectionRefresh,358,4.9198977649211884,5.6268,13385,0,0,0
ReflectionRefresh,359,6.8026008084416389,5.909,13385,0,0,0
ReflectionRefresh,360,5.1395976915955544,6.3605,13385,0,0,0
ReflectionRefresh,361,6.3573978841304779,6.3829,13385,0,0,0
ReflectionRefresh,362,6.343204528093338,5.1903,13385,0,0,0
ReflectionRefresh,363,9.424298070371151,6.0759,13473,0,0,0
ReflectionRefresh,364,4.2188987135887146,9.5793,13385,0,0,0
ReflectionRefresh,365,13.606604188680649,4.2369,12613,0,0,0
ReflectionRefresh,366,16.819898039102554,13.3941,13385,0,0,0
ReflectionRefresh,367,4.8265024088323116,16.8942,13385,0,0,0
ReflectionRefresh,368,5.2547971718013287,4.8261,13385,0,0,0
ReflectionRefresh,369,5.3887967951595783,5.2687,13437,0,0,0
ReflectionRefresh,370,6.115306168794632,5.1157,13385,0,0,0
ReflectionRefresh,371,5.4259989410638809,6.6593,13385,0,0,0
ReflectionRefresh,372,8.42869933694601,4.9085,13385,0,0,0
ReflectionRefresh,373,5.9752976521849632,9.1384,13385,0,0,0
ReflectionRefresh,374,4.9829012714326382,5.0094,13385,0,0,0
ReflectionRefresh,375,3.6009992472827435,4.9893,13385,0,0,0
ReflectionRefresh,376,6.4867986366152763,3.7423,12613,0,0,0
ReflectionRefresh,377,3.4886053763329983,6.2084,13385,0,0,0
ReflectionRefresh,378,3.2207979820668697,3.2116,12613,0,0,0
ReflectionRefresh,379,5.0527988933026791,3.2912,12613,0,0,0
ReflectionRefresh,380,6.0440972447395325,6.6963,12613,0,0,0
ReflectionRefresh,381,6.3851047307252884,5.4455,12613,0,0,0
ReflectionRefresh,382,6.0740010812878609,5.5881,12613,0,0,0
ReflectionRefresh,383,6.2100975774228573,6.1256,12613,0,0,0
ReflectionRefresh,384,6.1065973713994026,6.5112,12613,0,0,0
ReflectionRefresh,385,6.0981009155511856,6.0436,12613,0,0,0
ReflectionRefresh,386,6.2135984189808369,6.0891,12613,0,0,0
ReflectionRefresh,387,6.1690052971243858,5.8508,12701,0,0,0
ReflectionRefresh,388,6.2624006532132626,6.2287,12613,0,0,0
ReflectionRefresh,389,6.2256944365799427,6.9195,12613,0,0,0
ReflectionRefresh,390,5.9517999179661274,6.6285,12613,0,0,0
ReflectionRefresh,391,6.1996029689908028,5.864,12613,0,0,0
ReflectionRefresh,392,6.2266015447676182,5.6239,12613,0,0,0
ReflectionRefresh,393,6.0868975706398487,5.9516,12613,0,0,0
ReflectionRefresh,394,6.2603033147752285,6.4683,12613,0,0,0
ReflectionRefresh,395,6.1483983881771564,5.9686,12613,0,0,0
ReflectionRefresh,396,6.1705997213721275,6.3539,12613,0,0,0
ReflectionRefresh,397,6.0069020837545395,5.4877,12613,0,0,0
ReflectionRefresh,398,6.3781957142055035,6.5081,12613,0,0,0
ReflectionRefresh,399,6.0534011572599411,6.9488,12613,0,0,0
ReflectionRefresh,400,6.1328019946813583,5.6234,12613,0,0,0
ReflectionRefresh,401,6.1607002280652523,6.8164,12613,0,0,0
ReflectionRefresh,402,6.0719954781234264,5.1987,12613,0,0,0
ReflectionRefresh,403,6.0999998822808266,7.0889,12613,0,0,0
ReflectionRefresh,404,6.2720025889575481,5.0883,12665,0,0,0
ReflectionRefresh,405,6.0624009929597378,6.1891,12613,0,0,0
ReflectionRefresh,406,6.2171979807317257,6.9046,12613,0,0,0
ReflectionRefresh,407,6.3093039207160473,5.3948,12613,0,0,0
ReflectionRefresh,408,6.05179974809289,7.0635,12613,0,0,0
ReflectionRefresh,409,6.10069464892149,5.6234,12613,0,0,0
ReflectionRefresh,410,6.2250001356005669,6.392,12613,0,0,0
ReflectionRefresh,411,6.0008005239069462,6.0329,12613,0,0,0
ReflectionRefresh,412,6.1656036414206028,5.9022,12701,0,0,0
ReflectionRefresh,413,6.2826955690979958,6.3638,12613,0,0,0
ReflectionRefresh,414,6.13090256229043,6.974,12613,0,0,0
ReflectionRefresh,415,6.0796979814767838,6.5327,12613,0,0,0
ReflectionRefresh,416,6.2517006881535053,5.3859,12613,0,0,0
ReflectionRefresh,417,5.9883007779717445,6.0306,12613,0,0,0
ReflectionRefresh,418,6.2740007415413857,6.5104,12613,0,0,0
ReflectionRefresh,419,6.0768988914787769,6.1709,12613,0,0,0
ReflectionRefresh,420,6.27550296485424,6.1924,12613,0,0,0
ReflectionRefresh,421,6.1497944407165051,5.3874,12613,0,0,0
ReflectionRefresh,422,6.1780046671628952,6.0655,12613,0,0,0
ReflectionRefresh,423,6.0660005547106266,6.6047,12613,0,0,0
ReflectionRefresh,424,6.2312004156410694,5.1067,12613,0,0,0
ReflectionRefresh,425,5.99499698728323,6.2892,12613,0,0,0
ReflectionRefresh,426,6.3650012016296387,6.1745,12613,0,0,0
ReflectionRefresh,427,5.9678996913135052,6.028,12613,0,0,0
ReflectionRefresh,428,6.2754959799349308,6.6298,12613,0,0,0
ReflectionRefresh,429,6.2140021473169327,5.9893,12613,0,0,0
ReflectionRefresh,430,6.1231008730828762,6.3613,12613,0,0,0
ReflectionRefresh,431,6.0854023322463036,6.5681,12613,0,0,0
ReflectionRefresh,432,6.2669995240867138,5.3543,12613,0,0,0
ReflectionRefresh,433,6.1546983197331429,6.343,12613,0,0,0
ReflectionRefresh,434,6.1249006539583206,6.344,12613,0,0,0
ReflectionRefresh,435,6.2531959265470505,6.0174,12613,0,0,0
ReflectionRefresh,436,6.0721016488969326,7.029,12613,0,0,0
ReflectionRefresh,437,6.2877978198230267,4.9534,12753,0,0,0
ReflectionRefresh,438,6.0278060846030712,6.9359,12613,0,0,0
ReflectionRefresh,439,6.2650935724377632,5.9479,12613,0,0,0
ReflectionRefresh,440,6.0785007663071156,5.6375,12613,0,0,0
ReflectionRefresh,441,6.1203017830848694,6.5682,12613,0,0,0
ReflectionRefresh,442,6.2144980765879154,5.6142,12613,0,0,0
ReflectionRefresh,443,6.4138039015233517,7.0858,12613,0,0,0
ReflectionRefresh,444,5.8566965162754059,5.5764,12613,0,0,0
ReflectionRefresh,445,6.5593039616942406,5.5568,12613,0,0,0
ReflectionRefresh,446,5.9589003212749958,7.2248,12613,0,0,0
ReflectionRefresh,447,6.08279462903738,5.5328,12613,0,0,0
ReflectionRefresh,448,6.1998018063604832,6.7012,12613,0,0,0
ReflectionRefresh,449,5.9584043920040131,5.3857,12613,0,0,0
ReflectionRefresh,450,6.2973992899060249,6.0594,12613,0,0,0
ReflectionRefresh,451,6.1044995673000813,8.1622,12613,0,0,0
ReflectionRefresh,452,6.1983983032405376,4.6639,12613,0,0,0
ReflectionRefresh,453,6.1325961723923683,6.3801,12613,0,0,0
ReflectionRefresh,454,6.3317036256194115,5.8736,12613,0,0,0
ReflectionRefresh,455,6.0756024904549122,5.6468,12613,0,0,0
ReflectionRefresh,456,6.0289967805147171,6.927,12613,0,0,0
ReflectionRefresh,457,6.3213012181222439,5.181,12613,0,0,0
ReflectionRefresh,458,6.0848994180560112,6.6482,12613,0,0,0
ReflectionRefresh,459,6.1810021288692951,5.8744,12613,0,0,0
ReflectionRefresh,460,6.3996952958405018,7.418,12613,0,0,0
ReflectionRefresh,461,5.8269063010811806,5.8205,12613,0,0,0
ReflectionRefresh,462,6.2839994207024574,5.2747,12701,0,0,0
ReflectionRefresh,463,5.9540956281125546,7.029,12613,0,0,0
ReflectionRefresh,464,6.29590405151248,5.7806,12613,0,0,0
ReflectionRefresh,465,6.1682965606451035,5.9635,12613,0,0,0
ReflectionRefresh,466,6.1294995248317719,6.8598,12613,0,0,0
ReflectionRefresh,467,6.0079009272158146,5.8709,12613,0,0,0
ReflectionRefresh,468,6.2668011523783207,5.7188,12613,0,0,0
ReflectionRefresh,469,6.0552014037966728,6.8646,12613,0,0,0
ReflectionRefresh,470,6.1466977931559086,5.4101,12665,0,0,0
ReflectionRefresh,471,6.1391014605760574,6.5378,12613,0,0,0
ReflectionRefresh,472,6.3022957183420658,5.589,12613,0,0,0
ReflectionRefresh,473,6.0747023671865463,6.466,12613,0,0,0
ReflectionRefresh,474,6.1203017830848694,6.3664,12613,0,0,0
ReflectionRefresh,475,6.2401005998253822,5.913,12613,0,0,0
ReflectionRefresh,476,6.2142005190253258,6.4143,12613,0,0,0
ReflectionRefresh,477,6.0573979280889034,6.2778,12613,0,0,0
ReflectionRefresh,478,6.1164963990449905,5.8587,12613,0,0,0
ReflectionRefresh,479,6.3509992323815823,6.2403,12613,0,0,0
ReflectionRefresh,480,6.0364017263054848,5.5881,12613,0,0,0
ReflectionRefresh,481,6.0616000555455685,7.0742,12613,0,0,0
ReflectionRefresh,482,6.3186013139784336,5.4999,12613,0,0,0
ReflectionRefresh,483,6.1231008730828762,6.7087,12613,0,0,0
ReflectionRefresh,484,6.2152990140020847,6.3845,12613,0,0,0
ReflectionRefresh,485,6.0795987956225872,5.4345,12613,0,0,0
ReflectionRefresh,486,6.1051021330058575,6.8372,12613,0,0,0
ReflectionRefresh,487,6.2295990064740181,5.6051,12701,0,0,0
ReflectionRefresh,488,6.1656036414206028,5.6135,12613,0,0,0
ReflectionRefresh,489,6.070996169000864,7.4943,12613,0,0,0
ReflectionRefresh,490,6.2580001540482044,5.6747,12613,0,0,0
ReflectionRefresh,491,6.0744970105588436,6.0481,12613,0,0,0
ReflectionRefresh,492,6.1753047630190849,6.1548,12613,0,0,0
ReflectionRefresh,493,6.218799389898777,5.3051,12613,0,0,0
ReflectionRefresh,494,6.2223002314567566,7.708,12613,0,0,0
ReflectionRefresh,495,6.2660998664796352,5.9249,12613,0,0,0
ReflectionRefresh,496,5.9546981938183308,5.7859,12613,0,0,0
ReflectionRefresh,497,6.24749856069684,6.6112,12613,0,0,0
ReflectionRefresh,498,6.251105573028326,5.539,12613,0,0,0
ReflectionRefresh,499,6.0203941538929939,7.2023,12613,0,0,0
ReflectionRefresh,500,6.1757015064358711,5.4732,12613,0,0,0
ReflectionRefresh,501,6.1897039413452148,5.2179,12613,0,0,0
ReflectionRefresh,502,6.1153983697295189,7.2683,12613,0,0,0
ReflectionRefresh,503,6.1428998596966267,4.9575,12665,0,0,0
ReflectionRefresh,504,6.24749856069684,6.6972,12613,0,0,0
ReflectionRefresh,505,6.1406036838889122,5.6928,12613,0,0,0
ReflectionRefresh,506,6.04059686884284,6.3639,12613,0,0,0
ReflectionRefresh,507,6.1045987531542778,6.63,12613,0,0,0
ReflectionRefresh,508,6.2239016406238079,5.6354,12613,0,0,0
ReflectionRefresh,509,6.2176021747291088,5.6463,12613,0,0,0
ReflectionRefresh,510,6.0039968229830265,7.2763,12613,0,0,0
ReflectionRefresh,511,6.1316043138504028,5.0808,12613,0,0,0
ReflectionRefresh,512,6.3419006764888763,7.1249,12701,0,0,0
ReflectionRefresh,513,6.116397213190794,6.0608,12613,0,0,0
ReflectionRefresh,514,6.1634001322090626,5.6602,12613,0,0,0
ReflectionRefresh,515,6.2390021048486233,5.7054,12613,0,0,0
ReflectionRefresh,516,6.0571003705263138,6.775,12613,0,0,0
ReflectionRefresh,517,6.1298967339098454,6.4808,12613,0,0,0
ReflectionRefresh,518,6.2412982806563377,5.2411,12613,0,0,0
ReflectionRefresh,519,6.3009001314640045,6.3873,12613,0,0,0
ReflectionRefresh,520,6.0947989113628864,6.7921,12613,0,0,0
ReflectionRefresh,521,6.201006006449461,5.7917,12613,0,0,0
ReflectionRefresh,522,6.0339001938700676,6.5581,12613,0,0,0
ReflectionRefresh,523,6.3316966407001019,5.6886,12613,0,0,0
ReflectionRefresh,524,6.158800795674324,6.4925,12613,0,0,0
ReflectionRefresh,525,6.0900012031197548,6.0133,12613,0,0,0
ReflectionRefresh,526,6.2736961990594864,5.994,12613,0,0,0
ReflectionRefresh,527,6.103904452174902,5.8187,12613,0,0,0
ReflectionRefresh,528,5.99820027127862,6.1441,12613,0,0,0
ReflectionRefresh,529,6.2526999972760677,6.3126,12613,0,0,0
ReflectionRefresh,530,5.9861959889531136,6.0978,12613,0,0,0
ReflectionRefresh,531,6.1982991173863411,6.7877,12613,0,0,0
ReflectionRefresh,532,6.2569021247327328,5.4042,12613,0,0,0
ReflectionRefresh,533,5.9801018796861172,6.4143,12613,0,0,0
ReflectionRefresh,534,6.2018991447985172,6.2122,12613,0,0,0
ReflectionRefresh,535,6.2484978698194027,6.1626,12613,0,0,0
ReflectionRefresh,536,6.138102151453495,5.9307,12665,0,0,0
ReflectionRefresh,537,6.1808954924345016,5.97,12701,0,0,0
ReflectionRefresh,538,6.2564057298004627,5.8274,12613,0,0,0
ReflectionRefresh,539,6.0455994680523872,6.672,12613,0,0,0
ReflectionRefresh,540,6.2515945173799992,5.9208,12613,0,0,0
ReflectionRefresh,541,6.0752052813768387,6.7321,12613,0,0,0
ReflectionRefresh,542,6.2457979656755924,5.5847,12613,0,0,0
ReflectionRefresh,543,6.2239016406238079,6.0069,12613,0,0,0
ReflectionRefresh,544,6.1457976698875427,6.9567,12613,0,0,0
ReflectionRefresh,545,6.1059026047587395,5.9391,12613,0,0,0
ReflectionRefresh,546,6.1975978314876556,6.4769,12613,0,0,0
ReflectionRefresh,547,5.9983986429870129,5.7664,12613,0,0,0
ReflectionRefresh,548,6.21349923312664,7.0332,12613,0,0,0
ReflectionRefresh,549,6.1525013297796249,5.2169,12613,0,0,0
ReflectionRefresh,550,6.3075041398406029,5.9658,12613,0,0,0
ReflectionRefresh,551,6.4532952383160591,6.0596,12613,0,0,0
ReflectionRefresh,552,5.7714004069566727,7.4762,12613,0,0,0
ReflectionRefresh,553,6.2544997781515121,4.8777,12613,0,0,0
ReflectionRefresh,554,5.9708049520850182,6.8816,12613,0,0,0
ReflectionRefresh,555,6.1872946098446846,5.313,12613,0,0,0
ReflectionRefresh,556,6.2196003273129463,7.4752,12613,0,0,0
ReflectionRefresh,557,6.1224987730383873,5.6832,12613,0,0,0
ReflectionRefresh,558,6.0943025164306164,6.1292,12613,0,0,0
ReflectionRefresh,559,6.2589994631707668,5.4749,12613,0,0,0
ReflectionRefresh,560,6.1946003697812557,6.2898,12613,0,0,0
ReflectionRefresh,561,6.0018990188837051,6.138,12613,0,0,0
ReflectionRefresh,562,6.2235048972070217,6.0795,12701,0,0,0
ReflectionRefresh,563,6.2362952157855034,5.8589,12613,0,0,0
ReflectionRefresh,564,6.018402986228466,6.3422,12613,0,0,0
ReflectionRefresh,565,6.3064978457987309,6.5777,12613,0,0,0
ReflectionRefresh,566,6.2079010531306267,5.8329,12613,0,0,0
ReflectionRefresh,567,5.98920090124011,6.5782,12613,0,0,0
ReflectionRefresh,568,6.434297189116478,5.4443,12613,0,0,0
ReflectionRefresh,569,5.8771045878529549,7.0254,12665,0,0,0
ReflectionRefresh,570,6.3236961141228676,6.1972,12613,0,0,0
ReflectionRefresh,571,6.1758006922900677,5.7088,12613,0,0,0
ReflectionRefresh,572,6.370896939188242,6.943,12613,0,0,0
ReflectionRefresh,573,5.8196005411446095,5.5053,12613,0,0,0
ReflectionRefresh,574,6.1111040413379669,5.8395,12613,0,0,0
ReflectionRefresh,575,6.3230018131434917,5.7702,12613,0,0,0
ReflectionRefresh,576,6.1376984231173992,6.2184,12613,0,0,0
ReflectionRefresh,577,6.0015022754669189,6.6869,12613,0,0,0
ReflectionRefresh,578,6.2074973247945309,6.453,12613,0,0,0
ReflectionRefresh,579,6.1391014605760574,5.5126,12613,0,0,0
ReflectionRefresh,580,6.261500995606184,6.1371,12613,0,0,0
ReflectionRefresh,581,6.1844955198466778,6.3193,12613,0,0,0
ReflectionRefresh,582,6.0527990572154522,6.594,12613,0,0,0
ReflectionRefresh,583,6.1241993680596352,5.7888,12613,0,0,0
ReflectionRefresh,584,6.2891016714274883,5.7507,12613,0,0,0
ReflectionRefresh,585,6.1414046213030815,6.3481,12613,0,0,0
ReflectionRefresh,586,6.0053998604416847,5.9977,12613,0,0,0
ReflectionRefresh,587,6.34779641404748,6.6501,12701,0,0,0
ReflectionRefresh,588,6.0455994680523872,6.6369,12613,0,0,0
ReflectionRefresh,589,6.27850042656064,5.6585,12613,0,0,0
ReflectionRefresh,590,6.0161990113556385,7.6399,12613,0,0,0
ReflectionRefresh,591,6.34700246155262,4.4451,12613,0,0,0
ReflectionRefresh,592,6.12570159137249,6.9099,12613,0,0,0
ReflectionRefresh,593,6.1632017605006695,5.4009,12613,0,0,0
ReflectionRefresh,594,6.1468961648643017,6.4123,12613,0,0,0
ReflectionRefresh,595,6.0835033655166626,6.511,12613,0,0,0
ReflectionRefresh,596,6.0328938998281956,5.8327,12613,0,0,0
ReflectionRefresh,597,6.1455001123249531,6.6942,12613,0,0,0
ReflectionRefresh,598,6.452600471675396,5.7416,12613,0,0,0
ReflectionRefresh,599,6.0812993906438351,7.6356,12613,0,0,0
ReflectionRefresh,600,5.9470026753842831,5.7233,12613,0,0,0
ReflectionRefresh,601,6.272696889936924,4.4375,12613,0,0,0
ReflectionRefresh,602,6.115306168794632,7.0172,12665,0,0,0
ReflectionRefresh,603,6.1475979164242744,5.4051,12613,0,0,0
ReflectionRefresh,604,6.1372024938464165,6.7265,12613,0,0,0
ReflectionRefresh,605,6.3178995624184608,6.1321,12613,0,0,0
ReflectionRefresh,606,6.1693950556218624,5.69,12613,0,0,0
ReflectionRefresh,607,6.1780046671628952,7.498,12613,0,0,0
ReflectionRefresh,608,6.10859552398324,5.079,12613,0,0,0
ReflectionRefresh,609,6.11130241304636,7.3678,12613,0,0,0
ReflectionRefresh,610,6.29370054230094,5.3973,12613,0,0,0
ReflectionRefresh,611,6.2489015981554985,5.7779,12613,0,0,0
ReflectionRefresh,612,6.0265944339334965,6.2425,12701,0,0,0
ReflectionRefresh,613,6.0947067104279995,6.4065,12613,0,0,0
ReflectionRefresh,614,6.28769863396883,5.945,12613,0,0,0
ReflectionRefresh,615,6.0184947215020657,6.3073,12613,0,0,0
ReflectionRefresh,616,6.1890021897852421,6.6796,12613,0,0,0
ReflectionRefresh,617,6.3294004648923874,5.6796,12613,0,0,0
ReflectionRefresh,618,6.007801741361618,6.555,12613,0,0,0
ReflectionRefresh,619,6.0919006355106831,5.7198,12613,0,0,0
ReflectionRefresh,620,6.29640044644475,5.7291,12613,0,0,0
ReflectionRefresh,621,6.08059810474515,6.2522,12613,0,0,0
ReflectionRefresh,622,6.3112033531069756,6.2433,12613,0,0,0
ReflectionRefresh,623,6.0491994954645634,5.8355,12613,0,0,0
ReflectionRefresh,624,6.194395013153553,5.9775,12613,0,0,0
ReflectionRefresh,625,6.0636056587100029,7.0124,12613,0,0,0
ReflectionRefresh,626,6.1671980656683445,6.1099,12613,0,0,0
ReflectionRefresh,627,6.4455997198820114,5.4859,12613,0,0,0
ReflectionRefresh,628,5.9258006513118744,7.5822,12613,0,0,0
ReflectionRefresh,629,6.28769863396883,4.5775,12613,0,0,0
ReflectionRefresh,630,6.3129039481282234,7.2504,12613,0,0,0
ReflectionRefresh,631,5.906498059630394,5.8729,12613,0,0,0
ReflectionRefresh,632,6.4907949417829514,5.6554,12613,0,0,0
ReflectionRefresh,633,5.9486040845513344,7.2486,12613,0,0,0
ReflectionRefresh,634,6.0695009306073189,5.0433,12613,0,0,0
ReflectionRefresh,635,6.2132016755640507,5.7188,12665,0,0,0
ReflectionRefresh,636,6.0997945256531239,6.1091,12613,0,0,0
ReflectionRefresh,637,6.271804217249155,6.6083,12701,0,0,0
ReflectionRefresh,638,5.9996955096721649,7.4975,17939,0,0,0
ReflectionRefresh,639,11.571705341339111,5.3952,12613,0,0,0
ReflectionRefresh,640,5.4564978927373886,12.2632,12613,0,0,0
ReflectionRefresh,641,4.6112034469842911,4.6761,12613,0,0,0
ReflectionRefresh,642,4.5477962121367455,4.598,12613,0,0,0
ReflectionRefresh,643,5.1416028290987015,5.0524,12613,0,0,0
ReflectionRefresh,644,5.9553994797170162,3.9508,12613,0,0,0
ReflectionRefresh,645,6.21349923312664,5.9648,12613,0,0,0
ReflectionRefresh,646,6.1296978965401649,6.6893,12613,0,0,0
ReflectionRefresh,647,6.0708969831466675,6.642,12613,0,0,0
ReflectionRefresh,648,6.4211026765406132,6.7904,12613,0,0,0
ReflectionRefresh,649,6.1563989147543907,4.7528,12613,0,0,0
ReflectionRefresh,650,5.9766015037894249,6.9355,12613,0,0,0
ReflectionRefresh,651,6.1167022213339806,5.1376,12613,0,0,0
ReflectionRefresh,652,7.1358983404934406,6.2045,12613,0,0,0
ReflectionRefresh,653,5.1654973067343235,7.0943,12613,0,0,0
ReflectionRefresh,654,6.125899963080883,4.8428,12613,0,0,0
ReflectionRefresh,655,6.2116994522511959,6.8242,12613,0,0,0
ReflectionRefresh,656,8.45350045710802,5.7716,12613,0,0,0
ReflectionRefresh,657,3.7144061643630266,8.0325,12613,0,0,0
ReflectionRefresh,658,6.3287983648478985,4.3435,12613,0,0,0
ReflectionRefresh,659,6.0633006505668163,6.9455,12613,0,0,0
ReflectionRefresh,660,6.1475979164242744,5.0999,12613,0,0,0
ReflectionRefresh,661,6.19669770821929,6.2455,12613,0,0,0
ReflectionRefresh,662,6.2386053614318371,6.8541,12701,0,0,0
ReflectionRefresh,663,6.0978955589234829,5.9718,12613,0,0,0
ReflectionRefresh,664,6.1546983197331429,6.4138,12613,0,0,0
ReflectionRefresh,665,6.1971019022166729,5.4029,12613,0,0,0
ReflectionRefresh,666,6.2952027656137943,6.2667,12613,0,0,0
ReflectionRefresh,667,5.9856008738279343,6.8774,12613,0,0,0
ReflectionRefresh,668,6.1948979273438454,5.703,12665,0,0,0
ReflectionRefresh,669,6.29340298473835,6.4185,12613,0,0,0
ReflectionRefresh,670,6.1373938806355,5.9104,12613,0,0,0
ReflectionRefresh,671,6.1007016338407993,6.7612,12613,0,0,0
ReflectionRefresh,672,6.0418015345931053,5.1165,12613,0,0,0
ReflectionRefresh,673,6.2064980156719685,7.0458,12613,0,0,0
ReflectionRefresh,674,6.1109056696295738,5.6804,12613,0,0,0
ReflectionRefresh,675,6.2385983765125275,6.1806,12613,0,0,0
ReflectionRefresh,676,8.0933952704072,5.8023,12613,0,0,0
ReflectionRefresh,677,4.5875990763306618,8.6378,12613,0,0,0
ReflectionRefresh,678,5.7785003446042538,4.7673,12613,0,0,0
ReflectionRefresh,679,6.3129039481282234,5.3884,12613,0,0,0
ReflectionRefresh,680,6.0817957855761051,7.0585,12613,0,0,0
ReflectionRefresh,681,6.1347009614109993,5.1651,12613,0,0,0
ReflectionRefresh,682,6.1619048938155174,6.1908,12613,0,0,0
ReflectionRefresh,683,6.3169999048113823,7.5425,12613,0,0,0
ReflectionRefresh,684,6.038095336407423,4.9442,12613,0,0,0
ReflectionRefresh,685,6.2413052655756474,6.0488,12613,0,0,0
ReflectionRefresh,686,6.0696001164615154,6.254,12613,0,0,0
ReflectionRefresh,687,6.1549958772957325,5.7235,12701,0,0,0
ReflectionRefresh,688,6.4525012858211994,7.1557,12613,0,0,0
ReflectionRefresh,689,5.9445011429488659,5.7803,12613,0,0,0
ReflectionRefresh,690,6.070195697247982,5.865,12613,0,0,0
ReflectionRefresh,691,6.2159015797078609,5.9847,12613,0,0,0
ReflectionRefresh,692,6.0509000904858112,6.6349,12613,0,0,0
ReflectionRefresh,693,6.2456987798213959,5.998,12613,0,0,0
ReflectionRefresh,694,6.1326036229729652,6.0762,12613,0,0,0
ReflectionRefresh,695,6.2783020548522472,6.6409,12613,0,0,0
ReflectionRefresh,696,6.1314981430768967,5.5103,12613,0,0,0
ReflectionRefresh,697,6.1667021363973618,6.1421,12613,0,0,0
ReflectionRefresh,698,6.0571003705263138,6.1566,12613,0,0,0
ReflectionRefresh,699,6.2361960299313068,6.0984,12613,0,0,0
ReflectionRefresh,700,6.1210035346448421,6.6401,12613,0,0,0
ReflectionRefresh,701,6.2201954424381256,6.7879,12665,0,0,0
ReflectionRefresh,702,6.2590986490249634,4.9277,12613,0,0,0
ReflectionRefresh,703,6.19990099221468,6.5355,12613,0,0,0
ReflectionRefresh,704,6.1674034222960472,6.0873,12613,0,0,0
ReflectionRefresh,705,6.1508007347583771,6.2614,12613,0,0,0
ReflectionRefresh,706,5.9904973022639751,6.2286,12613,0,0,0
ReflectionRefresh,707,6.2795989215373993,6.5882,12613,0,0,0
ReflectionRefresh,708,6.23660022392869,5.3675,12613,0,0,0
ReflectionRefresh,709,6.1470023356378078,6.4145,12613,0,0,0
ReflectionRefresh,710,6.2324972823262215,5.8517,12613,0,0,0
ReflectionRefresh,711,5.9862034395337105,7.1863,12613,0,0,0
ReflectionRefresh,712,6.1049959622323513,5.4935,12701,0,0,0
ReflectionRefresh,713,6.1390022747218609,6.6234,12613,0,0,0
ReflectionRefresh,714,6.1635985039174557,5.7756,12613,0,0,0
ReflectionRefresh,715,6.4656035974621773,5.9382,12613,0,0,0
ReflectionRefresh,716,5.9350975789129734,7.0721,12613,0,0,0
ReflectionRefresh,717,6.3066044822335243,5.3308,12613,0,0,0
ReflectionRefresh,718,6.3483985140919685,8.0321,12613,0,0,0
ReflectionRefresh,719,5.8797975070774555,4.8019,12613,0,0,0
ReflectionRefresh,720,6.4176018349826336,5.32,12613,0,0,0
ReflectionRefresh,721,5.9563987888395786,7.5909,12613,0,0,0
ReflectionRefresh,722,6.2774023972451687,5.2676,12613,0,0,0
ReflectionRefresh,723,6.0318950563669205,6.2825,12613,0,0,0
ReflectionRefresh,724,6.1712018214166164,5.8502,12613,0,0,0
ReflectionRefresh,725,6.1064981855452061,5.7596,12613,0,0,0
ReflectionRefresh,726,6.2220026738941669,6.953,12613,0,0,0
ReflectionRefresh,727,6.3190972432494164,5.7109,12613,0,0,0
ReflectionRefresh,728,6.0841059312224388,7.5179,12613,0,0,0
ReflectionRefresh,729,6.4038974232971668,4.7082,12613,0,0,0
ReflectionRefresh,730,6.022200919687748,6.1436,12613,0,0,0
ReflectionRefresh,731,6.1669996939599514,6.9966,12613,0,0,0
ReflectionRefresh,732,6.1068027280271053,5.971,12613,0,0,0
ReflectionRefresh,733,6.1967968940734863,6.0814,12613,0,0,0
ReflectionRefresh,734,6.1244969256222248,5.8034,12665,0,0,0
ReflectionRefresh,735,6.2200040556490421,6.6437,12613,0,0,0
ReflectionRefresh,736,6.148497574031353,5.7674,12613,0,0,0
ReflectionRefresh,737,6.2139029614627361,6.3974,12701,0,0,0
ReflectionRefresh,738,6.0383006930351257,5.7682,12613,0,0,0
ReflectionRefresh,739,6.1935940757393837,6.53,12613,0,0,0
ReflectionRefresh,740,6.0751060955226421,5.3438,12613,0,0,0
ReflectionRefresh,741,6.254393607378006,6.8525,12613,0,0,0
ReflectionRefresh,742,6.0761054046452045,5.7251,12613,0,0,0
ReflectionRefresh,743,6.6392999142408371,6.045,12613,0,0,0
ReflectionRefresh,744,5.7197986170649529,7.4015,12613,0,0,0
ReflectionRefresh,745,6.1642997898161411,4.7996,12613,0,0,0
ReflectionRefresh,746,6.1385985463857651,6.457,12613,0,0,0
ReflectionRefresh,747,6.3009001314640045,5.9508,12613,0,0,0
ReflectionRefresh,748,6.1885984614491463,6.5289,12613,0,0,0
ReflectionRefresh,749,6.0435021296143532,6.7746,12613,0,0,0
ReflectionRefresh,750,6.3014030456542969,4.7395,12613,0,0,0
ReflectionRefresh,751,6.0423966497182846,7.4348,12613,0,0,0
ReflectionRefresh,752,6.1441045254468918,5.7455,12613,0,0,0
ReflectionRefresh,753,6.2498939223587513,5.3056,12613,0,0,0
ReflectionRefresh,754,6.0466057620942593,7.4643,12613,0,0,0
ReflectionRefresh,755,6.2756943516433239,5.0645,12613,0,0,0
ReflectionRefresh,756,6.0778059996664524,7.2036,12613,0,0,0
ReflectionRefresh,757,6.1825965531170368,5.1882,12613,0,0,0
ReflectionRefresh,758,6.0902000404894352,5.9249,12613,0,0,0
ReflectionRefresh,759,6.2590986490249634,6.6974,12613,0,0,0
ReflectionRefresh,760,6.0514030046761036,6.2622,12613,0,0,0
ReflectionRefresh,761,6.2509989365935326,5.7449,12613,0,0,0
ReflectionRefresh,762,6.2119970098137856,6.0066,12701,0,0,0
ReflectionRefresh,763,6.0469033196568489,6.5365,12613,0,0,0
ReflectionRefresh,764,6.1291027814149857,6.145,12613,0,0,0
ReflectionRefresh,765,6.1143990606069565,6.2882,12613,0,0,0
ReflectionRefresh,766,6.137095857411623,5.3746,12613,0,0,0
ReflectionRefresh,767,6.2616001814603806,6.3117,12665,0,0,0
ReflectionRefresh,768,6.223001517355442,6.3749,12613,0,0,0
ReflectionRefresh,769,6.2713008373975754,6.8781,12613,0,0,0
ReflectionRefresh,770,6.0303998179733753,5.6398,12613,0,0,0
ReflectionRefresh,771,6.2539963982999325,5.7862,12613,0,0,0
ReflectionRefresh,772,6.0905045829713345,6.3403,12613,0,0,0
ReflectionRefresh,773,6.1242985539138317,6.2805,12613,0,0,0
ReflectionRefresh,774,6.2417020089924335,7.7685,12613,0,0,0
ReflectionRefresh,775,6.0706986114382744,4.6261,12613,0,0,0
ReflectionRefresh,776,6.2950965948402882,5.8367,12613,0,0,0
ReflectionRefresh,777,6.1239018104970455,6.0079,12613,0,0,0
ReflectionRefresh,778,6.1358986422419548,6.4494,12613,0,0,0
ReflectionRefresh,779,6.1388039030134678,6.2348,12613,0,0,0
ReflectionRefresh,780,6.1807963065803051,6.4906,12613,0,0,0
ReflectionRefresh,781,6.2829009257256985,5.7154,12613,0,0,0
ReflectionRefresh,782,5.9500993229448795,6.5468,12613,0,0,0
ReflectionRefresh,783,6.11699977889657,5.9844,12613,0,0,0
ReflectionRefresh,784,6.4132013358175755,6.2328,12613,0,0,0
ReflectionRefresh,785,5.9485970996320248,6.0307,12613,0,0,0
ReflectionRefresh,786,6.1532030813395977,5.6208,12613,0,0,0
ReflectionRefresh,787,6.1033023521304131,6.7056,12701,0,0,0
ReflectionRefresh,788,6.2327948398888111,6.1885,12613,0,0,0
ReflectionRefresh,789,6.1387047171592712,5.7777,12613,0,0,0
ReflectionRefresh,790,6.1178994365036488,6.194,12613,0,0,0
ReflectionRefresh,791,6.1366991139948368,6.7956,12613,0,0,0
ReflectionRefresh,792,6.2630032189190388,5.8682,12613,0,0,0
ReflectionRefresh,793,6.15699402987957,7.6041,12613,0,0,0
ReflectionRefresh,794,6.1616990715265274,4.8956,12613,0,0,0
ReflectionRefresh,795,6.21050177142024,6.1554,12613,0,0,0
ReflectionRefresh,796,6.0129039920866489,6.0521,12613,0,0,0
ReflectionRefresh,797,6.0904975980520248,5.9632,12613,0,0,0
ReflectionRefresh,798,6.2569021247327328,5.5187,12613,0,0,0
ReflectionRefresh,799,6.0630952939391136,6.6778,12613,0,0,0
ReflectionRefresh,800,6.2713008373975754,5.7975,12665,0,0,0
ReflectionRefresh,801,6.2143988907337189,5.9594,12613,0,0,0
ReflectionRefresh,802,6.2654050998389721,6.8917,12613,0,0,0
ReflectionRefresh,803,6.0352962464094162,5.9079,12613,0,0,0
ReflectionRefresh,804,6.177402101457119,6.5728,12613,0,0,0
ReflectionRefresh,805,6.0406960546970367,5.2947,12613,0,0,0
ReflectionRefresh,806,6.23360276222229,6.4409,12613,0,0,0
ReflectionRefresh,807,6.1151008121669292,6.5516,12613,0,0,0
ReflectionRefresh,808,6.0939979739487171,5.7323,12613,0,0,0
ReflectionRefresh,809,6.3164043240249157,6.5355,12613,0,0,0
ReflectionRefresh,810,6.004698108881712,6.3065,12613,0,0,0
ReflectionRefresh,811,6.2882015481591225,6.0216,12613,0,0,0
ReflectionRefresh,812,6.0981009155511856,6.2355,12701,0,0,0
ReflectionRefresh,813,6.0620959848165512,5.725,12613,0,0,0
ReflectionRefresh,814,6.185898557305336,6.7803,12613,0,0,0
ReflectionRefresh,815,6.2750000506639481,5.7788,12613,0,0,0
ReflectionRefresh,816,6.259105633944273,6.3075,12613,0,0,0
ReflectionRefresh,817,6.0991994105279446,6.787,12613,0,0,0
ReflectionRefresh,818,6.1743976548314095,5.2292,12613,0,0,0
ReflectionRefresh,819,6.0141016729176044,6.2846,12613,0,0,0
ReflectionRefresh,820,6.1615006998181343,6.4197,12613,0,0,0
ReflectionRefresh,821,6.6102962009608746,5.8532,12613,0,0,0
ReflectionRefresh,822,5.7837017811834812,7.6129,12613,0,0,0
ReflectionRefresh,823,6.1977962031960487,4.5952,12613,0,0,0
ReflectionRefresh,824,6.00390462204814,6.1355,12613,0,0,0
ReflectionRefresh,825,6.2150014564394951,5.8206,12613,0,0,0
ReflectionRefresh,826,6.064895074814558,6.4628,12613,0,0,0
ReflectionRefresh,827,6.1481008306145668,7.5882,12613,0,0,0
ReflectionRefresh,828,6.1196004971861839,4.814,12613,0,0,0
ReflectionRefresh,829,6.3017997890710831,6.1548,12613,0,0,0
ReflectionRefresh,830,6.3285003416240215,5.9296,12613,0,0,0
ReflectionRefresh,831,6.0649020597338676,6.0833,12613,0,0,0
ReflectionRefresh,832,6.0901008546352386,6.7701,12613,0,0,0
ReflectionRefresh,833,6.2112952582538128,5.4874,12665,0,0,0
ReflectionRefresh,834,6.2321005389094353,6.5316,12613,0,0,0
ReflectionRefresh,835,6.152699701488018,6.1877,12613,0,0,0
ReflectionRefresh,836,6.0311011038720608,5.9579,12613,0,0,0
ReflectionRefresh,837,6.2185018323361874,6.1856,12701,0,0,0
ReflectionRefresh,838,6.3468962907791138,5.9129,12613,0,0,0
ReflectionRefresh,839,6.0522039420902729,7.0608,12613,0,0,0
ReflectionRefresh,840,6.1645973473787308,5.5386,12613,0,0,0
ReflectionRefresh,841,6.1201034113764763,5.9555,12613,0,0,0
ReflectionRefresh,842,6.2568946741521358,6.4945,12613,0,0,0
ReflectionRefresh,843,6.1584040522575378,5.8073,12613,0,0,0
ReflectionRefresh,844,6.1299959197640419,5.9494,12613,0,0,0
ReflectionRefresh,845,6.2315049581229687,6.9125,12613,0,0,0
ReflectionRefresh,846,5.9833968989551067,5.8396,12613,0,0,0
ReflectionRefresh,847,6.2319017015397549,6.4985,12613,0,0,0
ReflectionRefresh,848,6.11459743231535,6.1138,12613,0,0,0
ReflectionRefresh,849,6.0765021480619907,5.6948,12613,0,0,0
ReflectionRefresh,850,6.1974986456334591,6.7833,12613,0,0,0
ReflectionRefresh,851,6.37010345235467,5.8276,12613,0,0,0
ReflectionRefresh,852,6.1262967064976692,5.8306,12613,0,0,0
ReflectionRefresh,853,5.9377974830567837,6.1682,12613,0,0,0
ReflectionRefresh,854,6.1781038530170918,6.0313,12613,0,0,0
ReflectionRefresh,855,6.1700963415205479,6.3036,12613,0,0,0
ReflectionRefresh,856,6.2194019556045532,6.0545,12613,0,0,0
ReflectionRefresh,857,6.1326036229729652,6.5471,12613,0,0,0
ReflectionRefresh,858,6.1773951165378094,5.8128,12613,0,0,0
ReflectionRefresh,859,6.1892997473478317,5.7602,12613,0,0,0
ReflectionRefresh,860,6.0357991605997086,6.5349,12613,0,0,0
ReflectionRefresh,861,6.14230427891016,5.942,12613,0,0,0
ReflectionRefresh,862,6.356795784085989,6.6009,12701,0,0,0
ReflectionRefresh,863,6.0080992989242077,6.7205,12613,0,0,0
ReflectionRefresh,864,6.1287060379981995,5.2255,12613,0,0,0
ReflectionRefresh,865,6.334998644888401,6.2378,12613,0,0,0
ReflectionRefresh,866,6.0474984347820282,6.39,12665,0,0,0
ReflectionRefresh,867,6.1601968482136726,5.8212,12613,0,0,0
ReflectionRefresh,868,6.1383005231618881,6.5584,12613,0,0,0
ReflectionRefresh,869,6.2494049780070782,5.6265,12613,0,0,0
ReflectionRefresh,870,6.2156957574188709,7.6728,12613,0,0,0
ReflectionRefresh,871,6.0333050787448883,5.2736,12613,0,0,0
ReflectionRefresh,872,6.1584962531924248,5.869,12613,0,0,0
ReflectionRefresh,873,6.2241991981863976,6.8343,12613,0,0,0
ReflectionRefresh,874,6.1446004547178745,5.6064,12613,0,0,0
ReflectionRefresh,875,6.15369901061058,6.9006,12613,0,0,0
ReflectionRefresh,876,6.3003045506775379,5.175,12613,0,0,0
ReflectionRefresh,877,5.98109420388937,6.9931,12613,0,0,0
ReflectionRefresh,878,6.3366000540554523,5.0654,12613,0,0,0
ReflectionRefresh,879,5.9833051636815071,6.7412,12613,0,0,0
ReflectionRefresh,880,6.367899477481842,6.259,12613,0,0,0
ReflectionRefresh,881,5.970698781311512,6.3658,12613,0,0,0
ReflectionRefresh,882,6.2829009257256985,5.2775,12613,0,0,0
ReflectionRefresh,883,6.0204011388123035,6.8991,12613,0,0,0
ReflectionRefresh,884,6.1196004971861839,5.6363,12613,0,0,0
ReflectionRefresh,885,6.186997052282095,5.5871,12613,0,0,0
ReflectionRefresh,886,6.1587016098201275,6.712,12613,0,0,0
ReflectionRefresh,887,6.1250990256667137,6.2298,12701,0,0,0
ReflectionRefresh,888,6.1896964907646179,6.3775,12613,0,0,0
ReflectionRefresh,889,6.1173043213784695,5.325,12613,0,0,0
ReflectionRefresh,890,6.2599987722933292,6.1422,12613,0,0,0
ReflectionRefresh,891,6.0419007204473019,6.8917,12613,0,0,0
ReflectionRefresh,892,6.3123013824224472,5.5946,12613,0,0,0
ReflectionRefresh,893,6.1047971248626709,6.6302,12613,0,0,0
ReflectionRefresh,894,6.2957978807389736,5.705,12613,0,0,0
ReflectionRefresh,895,6.0651004314422607,6.2791,12613,0,0,0
ReflectionRefresh,896,6.2312004156410694,6.1797,12613,0,0,0
ReflectionRefresh,897,5.9629040770232677,6.5079,12613,0,0,0
ReflectionRefresh,898,6.2258006073534489,6.1705,12613,0,0,0
ReflectionRefresh,899,6.4168935641646385,6.0822,12665,0,0,0
ReflectionRefresh,900,6.2322067096829414,5.8929,12613,0,0,0
ReflectionRefresh,901,5.9710955247282982,6.3401,12613,0,0,0
ReflectionRefresh,902,6.294401828199625,6.1477,12613,0,0,0
ReflectionRefresh,903,6.3813989982008934,6.6895,12613,0,0,0
ReflectionRefresh,904,5.8503970503807068,5.6951,12613,0,0,0
ReflectionRefresh,905,6.1202025972306728,5.5896,12613,0,0,0
ReflectionRefresh,906,7.0006023161113262,6.8152,12613,0,0,0
ReflectionRefresh,907,5.9744967147707939,6.4374,12613,0,0,0
ReflectionRefresh,908,6.15670345723629,6.5596,12613,0,0,0
ReflectionRefresh,909,6.1527988873422146,5.5694,12613,0,0,0
ReflectionRefresh,910,6.18820171803236,6.0209,12613,0,0,0
ReflectionRefresh,911,6.4547974616289139,6.6733,12613,0,0,0
ReflectionRefresh,912,5.9419996105134487,6.8232,12701,0,0,0
ReflectionRefresh,913,6.1489017680287361,5.7559,12613,0,0,0
ReflectionRefresh,914,6.1750002205371857,5.8205,12613,0,0,0
ReflectionRefresh,915,6.3458969816565514,6.1543,12613,0,0,0
ReflectionRefresh,916,6.021400447934866,6.4376,12613,0,0,0
ReflectionRefresh,917,6.1749005690217018,5.6836,12613,0,0,0
ReflectionRefresh,918,6.144501268863678,7.0352,12613,0,0,0
ReflectionRefresh,919,6.2123015522956848,5.6428,12613,0,0,0
ReflectionRefresh,920,6.1297975480556488,6.0765,12613,0,0,0
ReflectionRefresh,921,6.089597474783659,6.1007,12613,0,0,0
ReflectionRefresh,922,6.216900423169136,5.6266,12613,0,0,0
ReflectionRefresh,923,6.1221015639603138,6.3922,12613,0,0,0
ReflectionRefresh,924,6.1429990455508232,6.4056,12613,0,0,0
ReflectionRefresh,925,6.08600489795208,5.6285,12613,0,0,0
ReflectionRefresh,926,6.0972999781370163,6.586,12613,0,0,0
ReflectionRefresh,927,6.1955996789038181,6.3371,12613,0,0,0
ReflectionRefresh,928,6.1392998322844505,6.332,12613,0,0,0
ReflectionRefresh,929,6.405300460755825,5.7883,12613,0,0,0
ReflectionRefresh,930,6.0620959848165512,6.9476,12613,0,0,0
ReflectionRefresh,931,6.239703856408596,5.3072,12613,0,0,0
ReflectionRefresh,932,6.0318950563669205,6.5788,12665,0,0,0
ReflectionRefresh,933,6.1196004971861839,5.9884,12613,0,0,0
ReflectionRefresh,934,6.2504038214683533,5.6577,12613,0,0,0
ReflectionRefresh,935,6.3342968933284283,6.2671,12613,0,0,0
ReflectionRefresh,936,6.2864017672836781,6.6473,12613,0,0,0
ReflectionRefresh,937,5.9458971954882145,6.3585,12701,0,0,0
ReflectionRefresh,938,6.2263039872050285,6.2618,12613,0,0,0
ReflectionRefresh,939,6.3610970973968506,6.2948,12613,0,0,0
ReflectionRefresh,940,5.897201132029295,6.1811,12613,0,0,0
ReflectionRefresh,941,6.1885984614491463,5.3229,12613,0,0,0
ReflectionRefresh,942,6.19119917973876,5.8531,12613,0,0,0
ReflectionRefresh,943,6.1971019022166729,7.7989,12613,0,0,0
ReflectionRefresh,944,6.42910273745656,5.0781,12613,0,0,0
ReflectionRefresh,945,6.0813990421593189,7.5047,12613,0,0,0
ReflectionRefresh,946,6.0980017296969891,5.4115,12613,0,0,0
ReflectionRefresh,947,6.1885984614491463,5.1231,12613,0,0,0
ReflectionRefresh,948,6.1587016098201275,6.4717,12613,0,0,0
ReflectionRefresh,949,6.1817956157028675,6.3206,12613,0,0,0
ReflectionRefresh,950,6.1015021055936813,6.6594,12613,0,0,0
ReflectionRefresh,951,6.2773032113909721,5.9851,12613,0,0,0
ReflectionRefresh,952,6.0058957897126675,6.0319,12613,0,0,0
ReflectionRefresh,953,6.1284014955163,6.2053,12613,0,0,0
ReflectionRefresh,954,6.2267007306218147,5.6595,12613,0,0,0
ReflectionRefresh,955,6.14280067384243,6.2438,12613,0,0,0
ReflectionRefresh,956,6.219897884875536,6.1162,12613,0,0,0
ReflectionRefresh,957,6.1464002355933189,6.1894,12613,0,0,0
ReflectionRefresh,958,6.0681970790028572,6.1286,12613,0,0,0
ReflectionRefresh,959,6.2045068480074406,6.5742,12613,0,0,0
ReflectionRefresh,960,6.1313989572227,6.1504,12613,0,0,0
ReflectionRefresh,961,6.2719956040382385,5.7671,12613,0,0,0
ReflectionRefresh,962,6.24180119484663,6.7703,12701,0,0,0
ReflectionRefresh,963,5.9669995680451393,6.1486,12613,0,0,0
ReflectionRefresh,964,6.1603034846484661,5.5173,12613,0,0,0
ReflectionRefresh,965,6.2139951623976231,6.166,12665,0,0,0
ReflectionRefresh,966,6.1472011730074883,6.5048,12613,0,0,0
ReflectionRefresh,967,6.0891015455126762,5.7605,12613,0,0,0
ReflectionRefresh,968,6.2417020089924335,6.2337,12613,0,0,0
ReflectionRefresh,969,6.1853951774537563,6.3207,12613,0,0,0
ReflectionRefresh,970,5.974900908768177,6.7443,12613,0,0,0
ReflectionRefresh,971,6.2838010489940643,5.469,12613,0,0,0
ReflectionRefresh,972,6.223001517355442,6.178,12613,0,0,0
ReflectionRefresh,973,6.0923965647816658,7.046,12613,0,0,0
ReflectionRefresh,974,6.1566042713820934,5.6485,12613,0,0,0
ReflectionRefresh,975,6.126998458057642,5.8899,12613,0,0,0
ReflectionRefresh,976,6.2330001965165138,6.0898,12613,0,0,0
ReflectionRefresh,977,6.0006021521985531,7.096,12613,0,0,0
ReflectionRefresh,978,6.2196995131671429,5.2162,12613,0,0,0
ReflectionRefresh,979,6.1359978280961514,5.8828,12613,0,0,0
ReflectionRefresh,980,6.219097413122654,6.1276,12613,0,0,0
ReflectionRefresh,981,6.2577025964856148,6.5856,12613,0,0,0
ReflectionRefresh,982,6.0290037654340267,5.8637,12613,0,0,0
ReflectionRefresh,983,6.3780965283513069,6.5291,12613,0,0,0
ReflectionRefresh,984,6.06619892641902,6.2955,12613,0,0,0
ReflectionRefresh,985,6.0383998788893223,6.3116,12613,0,0,0
ReflectionRefresh,986,6.1535006389021873,5.3636,12613,0,0,0
ReflectionRefresh,987,6.0999998822808266,6.4758,12701,0,0,0
ReflectionRefresh,988,6.25350046902895,6.2031,12613,0,0,0
ReflectionRefresh,989,6.0426020063459873,6.2317,12613,0,0,0
ReflectionRefresh,990,6.1325961723923683,6.9732,12613,0,0,0
ReflectionRefresh,991,6.3596018590033054,5.2938,12613,0,0,0
ReflectionRefresh,992,5.9785996563732624,5.8087,12613,0,0,0
ReflectionRefresh,993,6.2329010106623173,6.8817,12613,0,0,0
ReflectionRefresh,994,6.1688986606895924,5.2673,12613,0,0,0
ReflectionRefresh,995,6.1323978006839752,6.8372,12613,0,0,0
ReflectionRefresh,996,6.2378048896789551,5.8637,12613,0,0,0
ReflectionRefresh,997,6.1946995556354523,5.8296,12613,0,0,0
ReflectionRefresh,998,6.0456986539065838,6.5707,12665,0,0,0
ReflectionRefresh,999,6.3499007374048233,5.3515,12613,0,0,0
ReflectionRefresh,1000,5.8831986971199512,7.3187,12613,0,0,0
ReflectionRefresh,1001,6.2794005498290062,5.0302,12613,0,0,0
ReflectionRefresh,1002,6.04360131546855,6.7705,12613,0,0,0
ReflectionRefresh,1003,6.3674957491457462,5.8053,12613,0,0,0
ReflectionRefresh,1004,6.0871033929288387,6.2805,12613,0,0,0
ReflectionRefresh,1005,6.1769983731210232,6.1924,12613,0,0,0
ReflectionRefresh,1006,6.1821993440389633,5.8317,12613,0,0,0
ReflectionRefresh,1007,6.216900423169136,5.9,12613,0,0,0
ReflectionRefresh,1008,6.196201778948307,6.8925,12613,0,0,0
ReflectionRefresh,1009,5.9572989121079445,5.5934,12613,0,0,0
ReflectionRefresh,1010,6.06099795550108,6.495,12613,0,0,0
ReflectionRefresh,1011,6.2964996322989464,5.7915,12613,0,0,0
ReflectionRefresh,1012,6.0082059353590012,6.8219,12701,0,0,0
ReflectionRefresh,1013,6.2940972857177258,5.5684,12613,0,0,0
ReflectionRefresh,1014,6.08000298961997,6.0486,12613,0,0,0
ReflectionRefresh,1015,6.0995961539447308,6.1862,12613,0,0,0
ReflectionRefresh,1016,6.1218040063977242,6.1431,12613,0,0,0
ReflectionRefresh,1017,6.2698977999389172,5.8051,12613,0,0,0
ReflectionRefresh,1018,6.0735968872904778,7.2821,12613,0,0,0
ReflectionRefresh,1019,6.1533022671937943,5.2203,12613,0,0,0
ReflectionRefresh,1020,6.2083969824016094,5.9725,12613,0,0,0
ReflectionRefresh,1021,6.1244047246873379,6.6416,12613,0,0,0
ReflectionRefresh,1022,6.3993977382779121,5.7148,12613,0,0,0
ReflectionRefresh,1023,6.1838012188673019,7.0425,12613,0,0,0
ReflectionRefresh,1024,6.2035005539655685,5.3287,12613,0,0,0
ReflectionRefresh,1025,5.9196003712713718,6.713,12613,0,0,0
ReflectionRefresh,1026,6.268700584769249,7.0777,12613,0,0,0
ReflectionRefresh,1027,6.1670988798141479,4.7001,12613,0,0,0
ReflectionRefresh,1028,6.0913972556591034,6.9508,12613,0,0,0
ReflectionRefresh,1029,6.1695012263953686,5.5515,12613,0,0,0
ReflectionRefresh,1030,6.190100684762001,6.1085,12613,0,0,0
ReflectionRefresh,1031,6.1873015947639942,6.6611,12665,0,0,0
ReflectionRefresh,1032,6.0031958855688572,6.1772,12613,0,0,0
ReflectionRefresh,1033,6.3948058523237705,5.8582,12613,0,0,0
ReflectionRefresh,1034,6.0779973864555359,6.8052,12613,0,0,0
ReflectionRefresh,1035,6.0160006396472454,6.0768,12613,0,0,0
ReflectionRefresh,1036,6.30759634077549,6.0839,12613,0,0,0
ReflectionRefresh,1037,6.0133999213576317,6.239,12701,0,0,0
ReflectionRefresh,1038,6.31570303812623,5.5326,12613,0,0,0
ReflectionRefresh,1039,6.1125992797315121,6.8457,12613,0,0,0
ReflectionRefresh,1040,6.2799034640192986,5.4282,12613,0,0,0
ReflectionRefresh,1041,6.03789696469903,7.2567,12613,0,0,0
ReflectionRefresh,1042,6.1830994673073292,5.467,12613,0,0,0
ReflectionRefresh,1043,6.353599950671196,6.5877,12613,0,0,0
ReflectionRefresh,1044,5.9365010820329189,6.2453,12613,0,0,0
ReflectionRefresh,1045,6.3316966407001019,5.8826,12613,0,0,0
ReflectionRefresh,1046,6.2945010140538216,6.3102,12613,0,0,0
ReflectionRefresh,1047,6.1195013113319874,5.8548,12613,0,0,0
ReflectionRefresh,1048,6.0506025329232216,6.0207,12613,0,0,0
ReflectionRefresh,1049,6.1239018104970455,6.1631,12613,0,0,0
ReflectionRefresh,1050,6.0778982006013393,6.2619,12613,0,0,0
ReflectionRefresh,1051,6.0794004239141941,6.433,12613,0,0,0
ReflectionRefresh,1052,6.10559806227684,5.2298,12613,0,0,0
ReflectionRefresh,1053,6.32169796153903,6.2082,12613,0,0,0
ReflectionRefresh,1054,5.9704012237489223,7.4595,12613,0,0,0
ReflectionRefresh,1055,6.2566041015088558,4.8189,12613,0,0,0
ReflectionRefresh,1056,6.10859552398324,6.7945,12613,0,0,0
ReflectionRefresh,1057,6.5819020383059978,5.5387,12613,0,0,0
ReflectionRefresh,1058,6.0633006505668163,6.3564,12613,0,0,0
ReflectionRefresh,1059,6.0360967181622982,6.5265,12613,0,0,0
ReflectionRefresh,1060,6.2452028505504131,5.6694,12613,0,0,0
ReflectionRefresh,1061,6.3194017857313156,6.516,12613,0,0,0
ReflectionRefresh,1062,5.9251985512673855,6.7069,12701,0,0,0
ReflectionRefresh,1063,6.2226969748735428,4.9874,12613,0,0,0
ReflectionRefresh,1064,6.3047050498425961,6.7486,12665,0,0,0
ReflectionRefresh,1065,6.2777991406619549,6.2401,12613,0,0,0
ReflectionRefresh,1066,6.3253967091441154,6.2321,12613,0,0,0
ReflectionRefresh,1067,5.9097008779644966,6.8897,12613,0,0,0
ReflectionRefresh,1068,6.2587019056081772,5.5668,12613,0,0,0
ReflectionRefresh,1069,6.17410009726882,6.3587,12613,0,0,0
ReflectionRefresh,1070,5.9744967147707939,5.6878,12613,0,0,0
ReflectionRefresh,1071,6.144501268863678,5.9681,12613,0,0,0
ReflectionRefresh,1072,6.1931973323225975,6.6,12613,0,0,0
ReflectionRefresh,1073,6.299702450633049,5.5332,12613,0,0,0
ReflectionRefresh,1074,6.0467971488833427,6.2116,12613,0,0,0
ReflectionRefresh,1075,6.5053002908825874,6.213,12613,0,0,0
ReflectionRefresh,1076,5.7907029986381531,6.5364,12613,0,0,0
ReflectionRefresh,1077,6.3304989598691463,5.7664,12613,0,0,0
ReflectionRefresh,1078,6.0093039646744728,6.7298,12613,0,0,0
ReflectionRefresh,1079,6.17109565064311,5.5076,12613,0,0,0
ReflectionRefresh,1080,6.1804987490177155,6.6595,12613,0,0,0
ReflectionRefresh,1081,6.1139031313359737,5.5074,12613,0,0,0
ReflectionRefresh,1082,6.2616993673145771,6.4781,12613,0,0,0
ReflectionRefresh,1083,6.2178997322916985,5.9136,12613,0,0,0
ReflectionRefresh,1084,5.9958971105515957,7.0828,12613,0,0,0
ReflectionRefresh,1085,6.1151008121669292,6.2402,12613,0,0,0
ReflectionRefresh,1086,6.1451033689081669,5.9695,12613,0,0,0
ReflectionRefresh,1087,6.2057962641119957,6.5394,12701,0,0,0
ReflectionRefresh,1088,6.1987033113837242,4.8467,12613,0,0,0
ReflectionRefresh,1089,6.3011976890265942,6.5129,12613,0,0,0
ReflectionRefresh,1090,6.0358983464539051,6.1589,12613,0,0,0
ReflectionRefresh,1091,6.2269060872495174,6.3841,12613,0,0,0
ReflectionRefresh,1092,6.0538975521922112,6.2665,12613,0,0,0
ReflectionRefresh,1093,6.0902992263436317,5.9069,12613,0,0,0
ReflectionRefresh,1094,6.190100684762001,5.4693,12613,0,0,0
ReflectionRefresh,1095,6.1804987490177155,7.0305,12613,0,0,0
ReflectionRefresh,1096,6.2526008114218712,5.4539,12613,0,0,0
ReflectionRefresh,1097,5.9169004671275616,7.2381,12665,0,0,0
ReflectionRefresh,1098,6.207603495568037,4.8661,12613,0,0,0
ReflectionRefresh,1099,6.1634001322090626,6.7738,12613,0,0,0
ReflectionRefresh,1100,6.7046983167529106,5.9823,12613,0,0,0
ReflectionRefresh,1101,5.7807965204119682,6.2914,12613,0,0,0
ReflectionRefresh,1102,6.0995039530098438,7.0529,12613,0,0,0
ReflectionRefresh,1103,6.3117984682321548,5.0919,12613,0,0,0
ReflectionRefresh,1104,5.9973993338644505,6.2284,12613,0,0,0
ReflectionRefresh,1105,6.2492983415722847,6.5518,12613,0,0,0
ReflectionRefresh,1106,5.9866001829504967,6.1831,12613,0,0,0
ReflectionRefresh,1107,6.1603034846484661,5.6689,12613,0,0,0
ReflectionRefresh,1108,6.2053995206952095,5.78,12613,0,0,0
ReflectionRefresh,1109,6.30160141736269,6.513,12613,0,0,0
ReflectionRefresh,1110,6.0294996947050095,6.6239,12613,0,0,0
ReflectionRefresh,1111,6.0742986388504505,5.5665,12613,0,0,0
ReflectionRefresh,1112,6.2303994782269,6.1515,12701,0,0,0
ReflectionRefresh,1113,6.2333969399333,6.0952,12613,0,0,0
ReflectionRefresh,1114,6.1203017830848694,6.1999,12613,0,0,0
ReflectionRefresh,1115,6.1390022747218609,6.9294,12613,0,0,0
ReflectionRefresh,1116,6.14800164476037,5.4125,12613,0,0,0
ReflectionRefresh,1117,6.1053996905684471,5.8048,12613,0,0,0
ReflectionRefresh,1118,6.2063988298177719,6.6711,12613,0,0,0
ReflectionRefresh,1119,6.3119968399405479,5.8922,12613,0,0,0
ReflectionRefresh,1120,6.1058034189045429,6.5859,12613,0,0,0
ReflectionRefresh,1121,6.1065973713994026,5.8736,12613,0,0,0
ReflectionRefresh,1122,6.0966978780925274,6.5439,12613,0,0,0
ReflectionRefresh,1123,6.0954010114073753,5.4267,12613,0,0,0
ReflectionRefresh,1124,6.3400012440979481,6.1808,12613,0,0,0
ReflectionRefresh,1125,6.0871033929288387,8.493,17939,0,0,0
ReflectionRefresh,1126,8.6195999756455421,4.7647,12613,0,0,0
ReflectionRefresh,1127,4.9561932682991028,9.1901,12613,0,0,0
ReflectionRefresh,1128,4.729903768748045,4.2303,12613,0,0,0
ReflectionRefresh,1129,6.1393990181386471,5.2133,12613,0,0,0
ReflectionRefresh,1130,22.422300651669502,11.0389,12665,0,0,0
ReflectionRefresh,1131,5.3266016766428947,18.0314,12613,0,0,0
ReflectionRefresh,1132,4.2154975235462189,4.2316,12613,0,0,0
ReflectionRefresh,1133,4.68250410631299,4.7154,12613,0,0,0
ReflectionRefresh,1134,3.786599962040782,3.6766,12613,0,0,0
ReflectionRefresh,1135,6.0732993297278881,3.6775,12701,0,0,0
ReflectionRefresh,1136,6.1106011271476746,6.4952,12613,0,0,0
ReflectionRefresh,1137,6.1304988339543343,6.2619,12613,0,0,0
ReflectionRefresh,1138,6.4713009633123875,5.7794,12613,0,0,0
ReflectionRefresh,1139,6.8682963028550148,6.9327,12613,0,0,0
ReflectionRefresh,1140,5.1158019341528416,6.2679,12613,0,0,0
ReflectionRefresh,1141,6.2709962949156761,5.0841,12613,0,0,0
ReflectionRefresh,1142,6.1615006998181343,6.5699,12613,0,0,0
ReflectionRefresh,1143,7.9129040241241455,6.1808,12613,0,0,0
ReflectionRefresh,1144,4.180598072707653,7.4168,12613,0,0,0
ReflectionRefresh,1145,6.2660006806254387,4.6748,12613,0,0,0
ReflectionRefresh,1146,6.1640022322535515,6.7724,12613,0,0,0
ReflectionRefresh,1147,6.1972932890057564,5.4797,12613,0,0,0
ReflectionRefresh,1148,6.1668013222515583,6.0804,12613,0,0,0
ReflectionRefresh,1149,5.9455996379256248,7.2117,12613,0,0,0
ReflectionRefresh,1150,6.317205261439085,4.652,12613,0,0,0
ReflectionRefresh,1151,5.9493975713849068,6.7638,12613,0,0,0
ReflectionRefresh,1152,6.2991990707814693,5.8932,12613,0,0,0
ReflectionRefresh,1153,6.1268992722034454,6.0001,12613,0,0,0
ReflectionRefresh,1154,6.0300026088953018,7.2854,12613,0,0,0
ReflectionRefresh,1155,6.3562993891537189,4.8101,12613,0,0,0
ReflectionRefresh,1156,5.97239937633276,6.8659,12613,0,0,0
ReflectionRefresh,1157,6.3145975582301617,6.2623,12613,0,0,0
ReflectionRefresh,1158,5.9800026938319206,5.6136,12613,0,0,0
ReflectionRefresh,1159,6.0771969147026539,6.6055,12613,0,0,0
ReflectionRefresh,1160,12.993502430617809,5.5477,12701,0,0,0
ReflectionRefresh,1161,8.2416031509637833,13.1999,12613,0,0,0
ReflectionRefresh,1162,4.4200965203344822,8.5625,12665,0,0,0
ReflectionRefresh,1163,4.2962017469108105,4.3391,12613,0,0,0
ReflectionRefresh,1164,4.7753970138728619,4.7815,12613,0,0,0
ReflectionRefresh,1165,3.7987031973898411,3.8115,12613,0,0,0
ReflectionRefresh,1166,4.8128967173397541,3.7012,12613,0,0,0
ReflectionRefresh,1167,6.08820142224431,5.4898,12613,0,0,0
ReflectionRefresh,1168,6.1198980547487736,5.9558,12613,0,0,0
ReflectionRefresh,1169,6.32740231230855,6.6824,12613,0,0,0
ReflectionRefresh,1170,6.2531037256121635,5.1436,12613,0,0,0
ReflectionRefresh,1171,6.0607991181313992,7.0022,12613,0,0,0
ReflectionRefresh,1172,6.2686013989150524,5.2631,12613,0,0,0
ReflectionRefresh,1173,6.0203941538929939,7.1372,12613,0,0,0
ReflectionRefresh,1174,6.09960313886404,6.3949,12613,0,0,0
ReflectionRefresh,1175,6.2123015522956848,4.5219,12613,0,0,0
ReflectionRefresh,1176,6.7130951210856438,6.1411,12613,0,0,0
ReflectionRefresh,1177,5.4817036725580692,6.9894,12613,0,0,0
ReflectionRefresh,1178,6.510700099170208,5.7448,12613,0,0,0
ReflectionRefresh,1179,5.7606007903814316,6.8304,12613,0,0,0
ReflectionRefresh,1180,6.1739017255604267,5.1363,12613,0,0,0
ReflectionRefresh,1181,6.2413974665105343,6.4691,12613,0,0,0
ReflectionRefresh,1182,5.9884991496801376,6.3811,12613,0,0,0
ReflectionRefresh,1183,6.5544997341930866,5.7602,12613,0,0,0
ReflectionRefresh,1184,6.0749007388949394,6.6455,12613,0,0,0
ReflectionRefresh,1185,6.1348001472651958,5.8231,12701,0,0,0
ReflectionRefresh,1186,6.1723003163933754,6.3509,12613,0,0,0
ReflectionRefresh,1187,5.938598420470953,6.2239,12613,0,0,0
ReflectionRefresh,1188,6.300800945609808,5.457,12613,0,0,0
ReflectionRefresh,1189,6.0185021720826626,6.9995,12613,0,0,0
ReflectionRefresh,1190,6.173398345708847,5.7922,12613,0,0,0
ReflectionRefresh,1191,6.13169651478529,6.3562,12613,0,0,0
ReflectionRefresh,1192,6.4088008366525173,6.0894,12613,0,0,0
ReflectionRefresh,1193,6.08900235965848,7.1626,12613,0,0,0
ReflectionRefresh,1194,6.1832978390157223,5.4453,12613,0,0,0
ReflectionRefresh,1195,5.9776999987661839,6.0666,12613,0,0,0
ReflectionRefresh,1196,6.1906035989522934,5.2031,12665,0,0,0
ReflectionRefresh,1197,6.2404973432421684,7.3025,12613,0,0,0
ReflectionRefresh,1198,6.2371031381189823,5.578,12613,0,0,0
ReflectionRefresh,1199,5.9824972413480282,6.3362,12613,0,0,0
ReflectionRefresh,1200,6.4794006757438183,6.2938,12613,0,0,0
ReflectionRefresh,1201,5.9785996563732624,5.8164,12613,0,0,0
ReflectionRefresh,1202,6.1392998322844505,6.3206,12613,0,0,0
ReflectionRefresh,1203,6.1234976164996624,6.3178,12613,0,0,0
ReflectionRefresh,1204,6.1850058846175671,5.8842,12613,0,0,0
ReflectionRefresh,1205,6.2317955307662487,6.1996,12613,0,0,0
ReflectionRefresh,1206,6.1706989072263241,6.4871,12613,0,0,0
ReflectionRefresh,1207,6.1523029580712318,6.3874,12613,0,0,0
ReflectionRefresh,1208,5.9899021871387959,6.2029,12613,0,0,0
ReflectionRefresh,1209,6.181696429848671,6.1698,12613,0,0,0
ReflectionRefresh,1210,6.1087016947567463,5.6718,12701,0,0,0
ReflectionRefresh,1211,6.3287983648478985,5.802,12613,0,0,0
ReflectionRefresh,1212,6.0455994680523872,7.2189,12613,0,0,0
ReflectionRefresh,1213,6.3067036680877209,6.017,12613,0,0,0
ReflectionRefresh,1214,6.056696642190218,6.3686,12613,0,0,0
ReflectionRefresh,1215,6.1384993605315685,6.1177,12613,0,0,0
ReflectionRefresh,1216,6.1720027588307858,5.7118,12613,0,0,0
ReflectionRefresh,1217,6.2661990523338318,6.1524,12613,0,0,0
ReflectionRefresh,1218,6.1345025897026062,5.9447,12613,0,0,0
ReflectionRefresh,1219,6.0933958739042282,7.5561,12613,0,0,0
ReflectionRefresh,1220,6.1089992523193359,4.222,12613,0,0,0
ReflectionRefresh,1221,6.2289047054946423,6.7044,12613,0,0,0
ReflectionRefresh,1222,6.2152990140020847,5.6088,12613,0,0,0
ReflectionRefresh,1223,5.9320009313523769,6.5021,12613,0,0,0
ReflectionRefresh,1224,6.1864014714956284,5.7542,12613,0,0,0
ReflectionRefresh,1225,6.2929987907409668,6.4969,12613,0,0,0
ReflectionRefresh,1226,6.0768988914787769,6.5154,12613,0,0,0
ReflectionRefresh,1227,6.1174957081675529,6.0504,12613,0,0,0
ReflectionRefresh,1228,6.279804278165102,5.6573,12613,0,0,0
ReflectionRefresh,1229,6.0344953089952469,7.078,12665,0,0,0
ReflectionRefresh,1230,6.21650367975235,5.1337,12613,0,0,0
ReflectionRefresh,1231,6.3481009565293789,6.8627,12613,0,0,0
ReflectionRefresh,1232,7.5232991948723793,5.9376,12613,0,0,0
ReflectionRefresh,1233,6.0135982930660248,7.1621,12613,0,0,0
ReflectionRefresh,1234,6.2312004156410694,6.493,12613,0,0,0
ReflectionRefresh,1235,6.2457979656755924,6.481,12701,0,0,0
ReflectionRefresh,1236,6.003599613904953,6.454,12613,0,0,0
ReflectionRefresh,1237,6.3089001923799515,5.4106,12613,0,0,0
ReflectionRefresh,1238,5.9814057312905788,6.3828,12613,0,0,0
ReflectionRefresh,1239,6.184800062328577,6.1983,12613,0,0,0
ReflectionRefresh,1240,6.116397213190794,5.8989,12613,0,0,0
ReflectionRefresh,1241,6.3475975766777992,5.9585,12613,0,0,0
ReflectionRefresh,1242,6.01179851219058,6.8528,12613,0,0,0
ReflectionRefresh,1243,6.1492063105106354,6.0687,12613,0,0,0
ReflectionRefresh,1244,6.32119458168745,6.6995,12613,0,0,0
ReflectionRefresh,1245,6.0554989613592625,5.1499,12613,0,0,0
ReflectionRefresh,1246,6.2579009681940079,6.2397,12613,0,0,0
ReflectionRefresh,1247,6.14530174061656,6.6961,12613,0,0,0
ReflectionRefresh,1248,6.0572987422347069,6.43,12613,0,0,0
ReflectionRefresh,1249,6.2457979656755924,5.7258,12613,0,0,0
ReflectionRefresh,1250,6.1837020330131054,5.8647,12613,0,0,0
ReflectionRefresh,1251,6.1088008806109428,6.1798,12613,0,0,0
ReflectionRefresh,1252,6.1837020330131054,5.9646,12613,0,0,0
ReflectionRefresh,1253,6.0323979705572128,6.3111,12613,0,0,0
ReflectionRefresh,1254,6.1276005581021309,6.3829,12613,0,0,0
ReflectionRefresh,1255,6.1247022822499275,5.8336,12613,0,0,0
ReflectionRefresh,1256,6.2520974315702915,6.533,12613,0,0,0
ReflectionRefresh,1257,6.2130033038556576,5.4327,12613,0,0,0
ReflectionRefresh,1258,6.229194812476635,6.3077,12613,0,0,0
ReflectionRefresh,1259,6.037804763764143,7.1812,12613,0,0,0
ReflectionRefresh,1260,6.4041949808597565,5.1353,12701,0,0,0
ReflectionRefresh,1261,6.0553997755050659,6.6223,12613,0,0,0
ReflectionRefresh,1262,6.1207059770822525,6.4638,12665,0,0,0
ReflectionRefresh,1263,6.2062996439635754,5.2984,12613,0,0,0
ReflectionRefresh,1264,6.1573977582156658,6.7704,12613,0,0,0
ReflectionRefresh,1265,6.2652989290654659,5.3519,12613,0,0,0
ReflectionRefresh,1266,5.9818029403686523,6.8854,12613,0,0,0
ReflectionRefresh,1267,6.3798963092267513,5.4325,12613,0,0,0
ReflectionRefresh,1268,6.3465987332165241,7.3034,12613,0,0,0
ReflectionRefresh,1269,5.7380031794309616,6.7033,12613,0,0,0
ReflectionRefresh,1270,6.3095027580857277,4.7635,12613,0,0,0
ReflectionRefresh,1271,6.2147960998117924,6.7885,12613,0,0,0
ReflectionRefresh,1272,6.197300273925066,5.1626,12613,0,0,0
ReflectionRefresh,1273,6.0775014571845531,6.4932,12613,0,0,0
ReflectionRefresh,1274,6.2098000198602676,6.9587,12613,0,0,0
ReflectionRefresh,1275,6.2854024581611156,5.4636,12613,0,0,0
ReflectionRefresh,1276,5.9747942723333836,6.5908,12613,0,0,0
ReflectionRefresh,1277,6.1329011805355549,5.5199,12613,0,0,0
ReflectionRefresh,1278,6.72730291262269,6.078,12613,0,0,0
ReflectionRefresh,1279,5.6728953495621681,7.5661,12613,0,0,0
ReflectionRefresh,1280,6.0883997939527035,5.3605,12613,0,0,0
ReflectionRefresh,1281,6.1101047322154045,5.7732,12613,0,0,0
ReflectionRefresh,1282,6.4232000149786472,6.0613,12613,0,0,0
ReflectionRefresh,1283,6.0713011771440506,6.1346,12613,0,0,0
ReflectionRefresh,1284,6.3448981381952763,6.3819,12613,0,0,0
ReflectionRefresh,1285,6.0141016729176044,6.8511,12701,0,0,0
ReflectionRefresh,1286,6.1431974172592163,5.651,12613,0,0,0
ReflectionRefresh,1287,6.5297973342239857,6.3425,12613,0,0,0
ReflectionRefresh,1288,6.1122025363147259,5.8067,12613,0,0,0
ReflectionRefresh,1289,5.87589992210269,7.3198,12613,0,0,0
ReflectionRefresh,1290,6.0252975672483444,4.6841,12613,0,0,0
ReflectionRefresh,1291,6.3580996356904507,6.391,12613,0,0,0
ReflectionRefresh,1292,6.0466057620942593,6.0981,12613,0,0,0
ReflectionRefresh,1293,6.28719525411725,6.4727,12613,0,0,0
ReflectionRefresh,1294,6.3184029422700405,6.3851,12613,0,0,0
ReflectionRefresh,1295,6.1333971098065376,5.8761,12665,0,0,0
ReflectionRefresh,1296,5.9275012463331223,5.7772,12613,0,0,0
ReflectionRefresh,1297,6.438499316573143,6.1929,12613,0,0,0
ReflectionRefresh,1298,5.8928006328642368,6.3558,12613,0,0,0
ReflectionRefresh,1299,6.19669770821929,6.3199,12613,0,0,0
ReflectionRefresh,1300,6.0850055888295174,6.1851,12613,0,0,0
ReflectionRefresh,1301,6.1874999664723873,6.2164,12613,0,0,0
ReflectionRefresh,1302,6.3217971473932266,5.4704,12613,0,0,0
ReflectionRefresh,1303,6.0706986114382744,6.1865,12613,0,0,0
ReflectionRefresh,1304,6.1508007347583771,6.4588,12613,0,0,0
ReflectionRefresh,1305,6.0749007388949394,6.0419,12613,0,0,0
ReflectionRefresh,1306,6.5497024916112423,6.0038,12613,0,0,0
ReflectionRefresh,1307,5.9192958287894726,7.1598,12613,0,0,0
ReflectionRefresh,1308,6.314300000667572,5.2726,12613,0,0,0
ReflectionRefresh,1309,6.0333050787448883,6.7009,12613,0,0,0
ReflectionRefresh,1310,6.21379679068923,5.6478,12701,0,0,0
ReflectionRefresh,1311,6.2446994706988335,6.5835,12613,0,0,0
ReflectionRefresh,1312,6.0503045096993446,6.4575,12613,0,0,0
ReflectionRefresh,1313,6.2776999548077583,6.1387,12613,0,0,0
ReflectionRefresh,1314,6.070996169000864,6.0321,12613,0,0,0
ReflectionRefresh,1315,5.9858984313905239,6.1064,12613,0,0,0
ReflectionRefresh,1316,6.4481007866561413,5.8069,12613,0,0,0
ReflectionRefresh,1317,5.89819997549057,6.6362,12613,0,0,0
ReflectionRefresh,1318,6.265703123062849,5.4656,12613,0,0,0
ReflectionRefresh,1319,6.00090017542243,6.3896,12613,0,0,0
ReflectionRefresh,1320,6.3788974657654762,6.2776,12613,0,0,0
ReflectionRefresh,1321,6.4026997424662113,6.3437,12613,0,0,0
ReflectionRefresh,1322,5.8285007253289223,6.626,12613,0,0,0
ReflectionRefresh,1323,6.23910129070282,5.0931,12613,0,0,0
ReflectionRefresh,1324,6.0240007005631924,6.662,12613,0,0,0
ReflectionRefresh,1325,6.22519850730896,5.5193,12613,0,0,0
ReflectionRefresh,1326,6.0958969406783581,6.3383,12613,0,0,0
ReflectionRefresh,1327,6.3240998424589634,6.0777,12613,0,0,0
ReflectionRefresh,1328,6.2740007415413857,6.3979,12665,0,0,0
ReflectionRefresh,1329,5.9893992729485035,6.0567,12613,0,0,0
ReflectionRefresh,1330,6.2977042980492115,6.115,12613,0,0,0
ReflectionRefresh,1331,5.9716976247727871,6.0035,12613,0,0,0
ReflectionRefresh,1332,6.1504039913415909,6.8546,12613,0,0,0
ReflectionRefresh,1333,6.25619338825345,5.6804,12613,0,0,0
ReflectionRefresh,1334,6.1217048205435276,6.6654,12613,0,0,0
ReflectionRefresh,1335,6.30160141736269,5.4906,12701,0,0,0
ReflectionRefresh,1336,6.0881944373250008,6.3432,12613,0,0,0
ReflectionRefresh,1337,6.3524022698402405,6.8427,12613,0,0,0
ReflectionRefresh,1338,5.9529975987970829,5.7997,12613,0,0,0
ReflectionRefresh,1339,6.211401429027319,5.3349,12613,0,0,0
ReflectionRefresh,1340,6.2490999698638916,6.4665,12613,0,0,0
ReflectionRefresh,1341,6.2911990098655224,6.2353,12613,0,0,0
ReflectionRefresh,1342,5.9035005979239941,7.104,12613,0,0,0
ReflectionRefresh,1343,6.3059027306735516,5.4032,12613,0,0,0
ReflectionRefresh,1344,6.3280966132879257,6.2727,12613,0,0,0
ReflectionRefresh,1345,6.0307043604552746,7.2127,12613,0,0,0
ReflectionRefresh,1346,6.2978952191770077,5.6134,13532,0,0,0
ReflectionRefresh,1347,6.1481008306145668,6.9855,120818,0,0,0
ReflectionRefresh,1348,7.6864017173647881,8.6112,12613,0,0,0
ReflectionRefresh,1349,4.4820010662078857,4.345,16478,0,0,0
ReflectionRefresh,1350,6.1759990639984608,4.8553,12613,0,0,0
ReflectionRefresh,1351,6.1489017680287361,5.5643,12613,0,0,0
ReflectionRefresh,1352,6.1868978664278984,7.3429,12613,0,0,0
ReflectionRefresh,1353,6.2483986839652061,5.0577,12613,0,0,0
ReflectionRefresh,1354,6.02320022881031,6.6445,12613,0,0,0
ReflectionRefresh,1355,6.3714995048940182,5.9076,12613,0,0,0
ReflectionRefresh,1356,5.967502947896719,7.1438,12613,0,0,0
ReflectionRefresh,1357,6.1678998172283173,5.2522,12613,0,0,0
ReflectionRefresh,1358,6.4014028757810593,6.1383,12613,0,0,0
ReflectionRefresh,1359,6.066794041544199,5.8513,12613,0,0,0
ReflectionRefresh,1360,6.0498015955090523,7.5151,12701,0,0,0
ReflectionRefresh,1361,6.2306975014507771,4.7736,12665,0,0,0
ReflectionRefresh,1362,6.2216059304773808,6.2699,12613,0,0,0
ReflectionRefresh,1363,6.00339425727725,6.1482,12613,0,0,0
ReflectionRefresh,1364,6.1286068521440029,6.2494,12613,0,0,0
ReflectionRefresh,1365,6.3314978033304214,6.9674,12613,0,0,0
ReflectionRefresh,1366,6.2236962839961052,5.3062,12613,0,0,0
ReflectionRefresh,1367,6.2542022205889225,6.9955,12613,0,0,0
ReflectionRefresh,1368,5.9458971954882145,5.8117,12613,0,0,0
ReflectionRefresh,1369,6.2257014214992523,6.389,12613,0,0,0
ReflectionRefresh,1370,6.0008005239069462,5.866,12613,0,0,0
ReflectionRefresh,1371,6.1625000089406967,5.4309,12613,0,0,0
ReflectionRefresh,1372,6.7910999059677124,6.6848,12613,0,0,0
ReflectionRefresh,1373,5.7242983020842075,7.4759,12613,0,0,0
ReflectionRefresh,1374,6.1085033230483532,5.0363,12613,0,0,0
ReflectionRefresh,1375,6.0394983738660812,6.1153,12613,0,0,0
ReflectionRefresh,1376,6.1059026047587395,6.2526,12613,0,0,0
ReflectionRefresh,1377,6.1467969790101051,6.2631,12613,0,0,0
ReflectionRefresh,1378,6.406398955732584,7.0346,12613,0,0,0
ReflectionRefresh,1379,6.1159012839198112,4.762,12613,0,0,0
ReflectionRefresh,1380,5.9484979137778282,6.5582,12613,0,0,0
ReflectionRefresh,1381,6.2349066138267517,6.118,12613,0,0,0
ReflectionRefresh,1382,6.1530964449048042,5.6846,12613,0,0,0
ReflectionRefresh,1383,6.4086024649441242,7.5779,12613,0,0,0
ReflectionRefresh,1384,6.03219959884882,5.1238,12613,0,0,0
ReflectionRefresh,1385,6.0856007039546967,6.5868,12701,0,0,0
ReflectionRefresh,1386,6.3270973041653633,5.4958,12613,0,0,0
ReflectionRefresh,1387,6.0573979280889034,6.1244,12613,0,0,0
ReflectionRefresh,1388,6.186904851347208,7.404,12613,0,0,0
ReflectionRefresh,1389,6.2370961531996727,5.0891,12613,0,0,0
ReflectionRefresh,1390,6.0910005122423172,6.6367,12613,0,0,0
ReflectionRefresh,1391,6.0496032238006592,6.3256,12613,0,0,0
ReflectionRefresh,1392,6.1587938107550144,5.4573,12613,0,0,0
ReflectionRefresh,1393,6.2013040296733379,6.36,12613,0,0,0
ReflectionRefresh,1394,6.0992985963821411,5.8458,12665,0,0,0
ReflectionRefresh,1395,6.4348992891609669,6.7672,12613,0,0,0
ReflectionRefresh,1396,6.23309938237071,6.6319,12613,0,0,0
ReflectionRefresh,1397,6.2079010531306267,5.2216,12613,0,0,0
ReflectionRefresh,1398,5.9802010655403137,7.0113,12613,0,0,0
ReflectionRefresh,1399,6.2292022630572319,5.9096,12613,0,0,0
ReflectionRefresh,1400,6.2723001465201378,5.1187,12613,0,0,0
ReflectionRefresh,1401,6.1861961148679256,7.6745,12613,0,0,0
ReflectionRefresh,1402,6.0307043604552746,5.7765,12613,0,0,0
ReflectionRefresh,1403,6.136295385658741,6.0895,12613,0,0,0
ReflectionRefresh,1404,6.3342051580548286,5.5289,12613,0,0,0
ReflectionRefresh,1405,6.0981931164860725,6.6058,12613,0,0,0
ReflectionRefresh,1406,6.143402773886919,5.6451,12613,0,0,0
ReflectionRefresh,1407,6.1198980547487736,6.171,12613,0,0,0
ReflectionRefresh,1408,6.1796060763299465,6.9806,12613,0,0,0
ReflectionRefresh,1409,6.0999998822808266,5.9999,12613,0,0,0
ReflectionRefresh,1410,6.1841979622840881,5.0096,12701,0,0,0
ReflectionRefresh,1411,6.4601968042552471,6.8926,12613,0,0,0
ReflectionRefresh,1412,5.99220534786582,5.7675,12613,0,0,0
ReflectionRefresh,1413,6.1268000863492489,7.418,12613,0,0,0
ReflectionRefresh,1414,6.0443948023021221,5.5884,12613,0,0,0
ReflectionRefresh,1415,6.3657029531896114,5.443,12613,0,0,0
ReflectionRefresh,1416,6.0447985306382179,6.3608,12613,0,0,0
ReflectionRefresh,1417,6.1510982923209667,5.693,12613,0,0,0
ReflectionRefresh,1418,6.1247022822499275,7.2321,12613,0,0,0
ReflectionRefresh,1419,6.2754959799349308,5.2127,12613,0,0,0
ReflectionRefresh,1420,6.6541028209030628,6.4141,12613,0,0,0
ReflectionRefresh,1421,5.71660278365016,7.1737,12613,0,0,0
ReflectionRefresh,1422,6.1665959656238556,4.9743,12613,0,0,0
ReflectionRefresh,1423,6.191999651491642,6.7014,12613,0,0,0
ReflectionRefresh,1424,6.1210035346448421,5.5776,12613,0,0,0
ReflectionRefresh,1425,6.3625001348555088,5.9576,12613,0,0,0
ReflectionRefresh,1426,5.9287981130182743,7.2492,12613,0,0,0
ReflectionRefresh,1427,6.1731999740004539,5.8088,12665,0,0,0
ReflectionRefresh,1428,6.2535996548831463,6.0356,12613,0,0,0
ReflectionRefresh,1429,6.2313987873494625,5.8554,12613,0,0,0
ReflectionRefresh,1430,6.024504080414772,6.9271,12613,0,0,0
ReflectionRefresh,1431,6.1756945215165615,5.7388,12613,0,0,0
ReflectionRefresh,1432,6.3518071547150612,5.3362,12613,0,0,0
ReflectionRefresh,1433,6.031497847288847,7.2829,12613,0,0,0
ReflectionRefresh,1434,6.078195758163929,5.9128,12613,0,0,0
ReflectionRefresh,1435,6.2409015372395515,5.4556,12701,0,0,0
ReflectionRefresh,1436,6.2981010414659977,6.8084,12613,0,0,0
ReflectionRefresh,1437,5.9835035353899,6.0395,12613,0,0,0
ReflectionRefresh,1438,6.1218962073326111,5.7713,12613,0,0,0
ReflectionRefresh,1439,6.396804004907608,6.1007999999999996,12613,0,0,0
ReflectionRefresh,1440,5.9083970263600349,6.5618,12613,0,0,0
ReflectionRefresh,1441,6.1934026889503,6.0605,12613,0,0,0
ReflectionRefresh,1442,6.1185942031443119,5.6425,12613,0,0,0
ReflectionRefresh,1443,6.2065050005912781,6.8782,12613,0,0,0
ReflectionRefresh,1444,6.1706989072263241,5.4822,12613,0,0,0
ReflectionRefresh,1445,5.9822988696396351,6.2902,12613,0,0,0
ReflectionRefresh,1446,6.2854024581611156,6.0312,12613,0,0,0
ReflectionRefresh,1447,5.9699970297515392,6.1863,12613,0,0,0
ReflectionRefresh,1448,6.3190972432494164,6.0518,12613,0,0,0
ReflectionRefresh,1449,6.0335034504532814,6.1511,12613,0,0,0
ReflectionRefresh,1450,6.2041031196713448,5.9899,12613,0,0,0
ReflectionRefresh,1451,6.243998184800148,6.3598,12613,0,0,0
ReflectionRefresh,1452,6.0594952665269375,6.5966,12613,0,0,0
ReflectionRefresh,1453,6.0724066570401192,6.1036,12613,0,0,0
ReflectionRefresh,1454,6.3101970590651035,5.6881,12613,0,0,0
ReflectionRefresh,1455,6.0740010812878609,5.9267,12613,0,0,0
ReflectionRefresh,1456,6.2089003622531891,6.6308,12613,0,0,0
ReflectionRefresh,1457,6.0062995180487633,5.7558,12613,0,0,0
ReflectionRefresh,1458,6.3101970590651035,6.3693,12613,0,0,0
ReflectionRefresh,1459,6.0464995913207531,6.4066,12613,0,0,0
ReflectionRefresh,1460,6.1625000089406967,5.3499,12753,0,0,0
ReflectionRefresh,1461,6.210600957274437,6.4744,12613,0,0,0
ReflectionRefresh,1462,6.0023032128810883,6.1472,12613,0,0,0
ReflectionRefresh,1463,6.2043014913797379,6.7698,12613,0,0,0
ReflectionRefresh,1464,6.3799959607422352,5.8764,12613,0,0,0
ReflectionRefresh,1465,6.120599340647459,6.1149,12613,0,0,0
ReflectionRefresh,1466,6.0013039037585258,5.8631,12613,0,0,0
ReflectionRefresh,1467,6.1571002006530762,6.321,12613,0,0,0
ReflectionRefresh,1468,6.2839994207024574,5.796,12613,0,0,0
ReflectionRefresh,1469,6.0727964155375957,6.3943,12613,0,0,0
ReflectionRefresh,1470,6.123504601418972,6.5235,12613,0,0,0
ReflectionRefresh,1471,6.314300000667572,5.6432,12613,0,0,0
ReflectionRefresh,1472,6.067800335586071,6.2675,12613,0,0,0
ReflectionRefresh,1473,6.0785007663071156,6.6192,12613,0,0,0
ReflectionRefresh,1474,6.2530967406928539,5.154,12613,0,0,0
ReflectionRefresh,1475,6.0071004554629326,6.8462,12613,0,0,0
ReflectionRefresh,1476,6.2033021822571754,5.9732,12613,0,0,0
ReflectionRefresh,1477,6.106299813836813,6.0275,12613,0,0,0
ReflectionRefresh,1478,6.2888958491384983,6.2357,12613,0,0,0
ReflectionRefresh,1479,6.3604023307561874,5.9505,12613,0,0,0
ReflectionRefresh,1480,5.8892997913062572,6.6713,12613,0,0,0
ReflectionRefresh,1481,6.27009617164731,7.1959,12613,0,0,0
ReflectionRefresh,1482,6.0642999596893787,4.7959,12613,0,0,0
ReflectionRefresh,1483,6.0631022788584232,6.8486,12613,0,0,0
ReflectionRefresh,1484,6.0734977014362812,5.6147,12613,0,0,0
ReflectionRefresh,1485,6.143402773886919,5.8341,12701,0,0,0
ReflectionRefresh,1486,6.1948979273438454,6.911,12613,0,0,0
ReflectionRefresh,1487,6.0923043638467789,5.5376,12613,0,0,0
ReflectionRefresh,1488,6.1910999938845634,5.6329,12613,0,0,0
ReflectionRefresh,1489,6.3483985140919685,6.5693,12613,0,0,0
ReflectionRefresh,1490,5.9570013545453548,6.3412,12613,0,0,0
ReflectionRefresh,1491,6.2412982806563377,6.4999,12613,0,0,0
ReflectionRefresh,1492,6.1393990181386471,5.6683,12613,0,0,0
ReflectionRefresh,1493,6.0603031888604164,6.3822,12665,0,0,0
ReflectionRefresh,1494,6.1623016372323036,5.4481,12613,0,0,0
ReflectionRefresh,1495,6.2694940716028214,6.1456,12613,0,0,0
ReflectionRefresh,1496,6.0246032662689686,7.3509,12613,0,0,0
ReflectionRefresh,1497,6.17680000141263,4.9408,12613,0,0,0
ReflectionRefresh,1498,6.3391015864908695,6.4882,12613,0,0,0
ReflectionRefresh,1499,6.0478951781988144,6.9568,12613,0,0,0
ReflectionRefresh,1500,6.1053005047142506,5.6084,12613,0,0,0
ReflectionRefresh,1501,6.1848992481827736,6.5085,12613,0,0,0
ReflectionRefresh,1502,6.2843039631843567,5.6647,12613,0,0,0
ReflectionRefresh,1503,6.0212016105651855,5.9373,12613,0,0,0
ReflectionRefresh,1504,6.25919783487916,5.9353,12613,0,0,0
ReflectionRefresh,1505,6.0328016988933086,6.3772,12613,0,0,0
ReflectionRefresh,1506,6.2903980724513531,7.1142,12613,0,0,0
ReflectionRefresh,1507,6.1062006279826164,5.1561,12613,0,0,0
ReflectionRefresh,1508,6.0902000404894352,7.0201,12613,0,0,0
ReflectionRefresh,1509,6.2557966448366642,5.9268,12613,0,0,0
ReflectionRefresh,1510,6.0266014188528061,5.6514,12701,0,0,0
ReflectionRefresh,1511,6.2723001465201378,5.9646,12613,0,0,0
ReflectionRefresh,1512,6.07760064303875,6.7112,12613,0,0,0
ReflectionRefresh,1513,6.22220104560256,6.1919,12613,0,0,0
ReflectionRefresh,1514,6.10319571569562,5.2135,12613,0,0,0
ReflectionRefresh,1515,6.2049035914242268,6.5955,12613,0,0,0
ReflectionRefresh,1516,6.0485969297587872,6.2089,12613,0,0,0
ReflectionRefresh,1517,6.4613022841513157,5.9112,12613,0,0,0
ReflectionRefresh,1518,6.0085034929215908,7.0105,12613,0,0,0
ReflectionRefresh,1519,6.0879960656166077,5.9072,12613,0,0,0
ReflectionRefresh,1520,6.294401828199625,6.4164,12613,0,0,0
ReflectionRefresh,1521,5.9977960772812366,6.1332,12613,0,0,0
ReflectionRefresh,1522,6.1015021055936813,5.1143,12613,0,0,0
ReflectionRefresh,1523,6.4041027799248695,6.0974,12613,0,0,0
ReflectionRefresh,1524,6.096995435655117,7.0103,12613,0,0,0
ReflectionRefresh,1525,6.04280037805438,6.2414,12613,0,0,0
ReflectionRefresh,1526,6.17410009726882,5.8932,12665,0,0,0
ReflectionRefresh,1527,6.3956985250115395,6.0363,12613,0,0,0
ReflectionRefresh,1528,6.1987033113837242,6.1557,12613,0,0,0
ReflectionRefresh,1529,5.9687006287276745,6.6684,12613,0,0,0
ReflectionRefresh,1530,6.132001057267189,5.2815,12613,0,0,0
ReflectionRefresh,1531,6.3332980498671532,6.7301,12613,0,0,0
ReflectionRefresh,1532,5.9449970722198486,5.7797,12613,0,0,0
ReflectionRefresh,1533,6.1901998706161976,6.5648,12613,0,0,0
ReflectionRefresh,1534,6.2130033038556576,7.4266,12613,0,0,0
ReflectionRefresh,1535,6.2529975548386574,4.6679,12701,0,0,0
ReflectionRefresh,1536,6.0914047062397,5.9146,12613,0,0,0
ReflectionRefresh,1537,6.1856009997427464,5.8627,12613,0,0,0
ReflectionRefresh,1538,6.0696001164615154,6.605,12613,0,0,0
ReflectionRefresh,1539,6.0880952514708042,6.6755,12613,0,0,0
ReflectionRefresh,1540,6.374298594892025,5.5224,12613,0,0,0
ReflectionRefresh,1541,5.96370454877615,6.1692,12613,0,0,0
ReflectionRefresh,1542,6.27899682149291,6.2601,12613,0,0,0
ReflectionRefresh,1543,6.0987030155956745,5.7767,12613,0,0,0
ReflectionRefresh,1544,6.3272961415350437,6.3165,12613,0,0,0
ReflectionRefresh,1545,6.058503407984972,6.0803,12613,0,0,0
ReflectionRefresh,1546,6.2303002923727036,6.2343,12613,0,0,0
ReflectionRefresh,1547,6.1449971981346607,6.1178,12613,0,0,0
ReflectionRefresh,1548,6.2544997781515121,6.4103,12613,0,0,0
ReflectionRefresh,1549,6.0220025479793549,6.1402,12613,0,0,0
ReflectionRefresh,1550,6.3312994316220284,6.3097,12613,0,0,0
ReflectionRefresh,1551,5.9268991462886333,6.1589,12613,0,0,0
ReflectionRefresh,1552,6.1195013113319874,6.2469,12613,0,0,0
ReflectionRefresh,1553,6.1215986497700214,6.283,12613,0,0,0
ReflectionRefresh,1554,6.2938989140093327,6.2664,12613,0,0,0
ReflectionRefresh,1555,6.2151998281478882,5.9898,12613,0,0,0
ReflectionRefresh,1556,6.0708047822117805,6.3084,12613,0,0,0
ReflectionRefresh,1557,6.8028983660042286,5.4955,12613,0,0,0
ReflectionRefresh,1558,5.5802012793719769,6.5059,12613,0,0,0
ReflectionRefresh,1559,6.2285996973514557,6.6123,12665,0,0,0
ReflectionRefresh,1560,6.3566965982317924,5.8463,12701,0,0,0
ReflectionRefresh,1561,5.9579010121524334,5.8452,12613,0,0,0
ReflectionRefresh,1562,6.1723995022475719,5.9528,12613,0,0,0
ReflectionRefresh,1563,6.2544005922973156,6.5623,12613,0,0,0
ReflectionRefresh,1564,6.116603035479784,6.284,12613,0,0,0
ReflectionRefresh,1565,6.0369968414306641,5.7826,12613,0,0,0
ReflectionRefresh,1566,6.4667020924389362,5.7082,12613,0,0,0
ReflectionRefresh,1567,5.9991991147398949,7.0029,12613,0,0,0
ReflectionRefresh,1568,6.1952024698257446,6.0536,12613,0,0,0
ReflectionRefresh,1569,6.0790958814322948,6.6396,12613,0,0,0
ReflectionRefresh,1570,6.3046980649232864,5.5135,12613,0,0,0
ReflectionRefresh,1571,6.0315052978694439,7.2999,12613,0,0,0
ReflectionRefresh,1572,6.3303005881607533,4.6355,12613,0,0,0
ReflectionRefresh,1573,6.1973994597792625,6.6401,12613,0,0,0
ReflectionRefresh,1574,6.21109688654542,6.974,12613,0,0,0
ReflectionRefresh,1575,6.0649020597338676,5.5726,12613,0,0,0
ReflectionRefresh,1576,6.0861962847411633,6.5768,12613,0,0,0
ReflectionRefresh,1577,6.152699701488018,6.2723,12613,0,0,0
ReflectionRefresh,1578,6.1819017864763737,5.611,12613,0,0,0
ReflectionRefresh,1579,6.0937004163861275,6.7541,12613,0,0,0
ReflectionRefresh,1580,6.2217968516051769,5.2483,12613,0,0,0
ReflectionRefresh,1581,6.0559026896953583,5.9403,12613,0,0,0
ReflectionRefresh,1582,6.3746031373739243,6.1044,12613,0,0,0
ReflectionRefresh,1583,5.9923967346549034,7.0614,12613,0,0,0
ReflectionRefresh,1584,6.425198633223772,6.2452,12613,0,0,0
ReflectionRefresh,1585,6.2567032873630524,6.0968,12701,0,0,0
ReflectionRefresh,1586,6.0710953548550606,5.2987,12613,0,0,0
ReflectionRefresh,1587,6.0573057271540165,6.2266,12613,0,0,0
ReflectionRefresh,1588,6.1921980232000351,6.5569,12613,0,0,0
ReflectionRefresh,1589,6.0629961080849171,6.4793,12613,0,0,0
ReflectionRefresh,1590,6.1481008306145668,5.4186,12613,0,0,0
ReflectionRefresh,1591,6.144501268863678,6.0673,12613,0,0,0
ReflectionRefresh,1592,6.2062996439635754,6.2452,12665,0,0,0
ReflectionRefresh,1593,6.073901429772377,7.1404,12613,0,0,0
ReflectionRefresh,1594,6.1071994714438915,5.8236,12613,0,0,0
ReflectionRefresh,1595,6.1184028163552284,5.5583,12613,0,0,0
ReflectionRefresh,1596,6.2557966448366642,7.2761,12613,0,0,0
ReflectionRefresh,1597,6.2347999773919582,5.3315,12613,0,0,0
ReflectionRefresh,1598,6.13710330799222,6.7679,12613,0,0,0
ReflectionRefresh,1599,6.1513958498835564,5.7975,12613,0,0,0
ReflectionRefresh,1600,6.0740010812878609,6.557,12613,0,0,0
ReflectionRefresh,1601,6.171301007270813,5.9369,12613,0,0,0
ReflectionRefresh,1602,6.1169005930423737,5.9694,12613,0,0,0
ReflectionRefresh,1603,6.38939905911684,5.7128,12613,0,0,0
ReflectionRefresh,1604,6.0333972796797752,6.801,12613,0,0,0
ReflectionRefresh,1605,6.962804589420557,5.369,12613,0,0,0
ReflectionRefresh,1606,5.5508008226752281,6.9728,12613,0,0,0
ReflectionRefresh,1607,6.0593960806727409,5.9062,12613,0,0,0
ReflectionRefresh,1608,6.3354023732244968,5.8899,12613,0,0,0
ReflectionRefresh,1609,5.94409741461277,6.0467,12613,0,0,0
ReflectionRefresh,1610,6.225998979061842,5.6385,12701,0,0,0
ReflectionRefresh,1611,6.04060385376215,7.4462,17939,0,0,0
ReflectionRefresh,1612,9.43409837782383,6.1034,12613,0,0,0
ReflectionRefresh,1613,6.2456987798213959,10.8314,12613,0,0,0
ReflectionRefresh,1614,4.6910997480154037,4.7603,12613,0,0,0
ReflectionRefresh,1615,5.8845025487244129,5.867,12613,0,0,0
ReflectionRefresh,1616,4.9029975198209286,4.8813,12613,0,0,0
ReflectionRefresh,1617,6.1321994289755821,4.1271,12613,0,0,0
ReflectionRefresh,1618,6.348299328237772,6.6771,12613,0,0,0
ReflectionRefresh,1619,6.0087018646299839,5.961,12613,0,0,0
ReflectionRefresh,1620,5.9837019070982933,5.3064,12613,0,0,0
ReflectionRefresh,1621,6.1207977123558521,7.0163,12613,0,0,0
ReflectionRefresh,1622,6.1812996864318848,5.6562,12613,0,0,0
ReflectionRefresh,1623,6.3974987715482712,5.6749,12613,0,0,0
ReflectionRefresh,1624,5.866107065230608,7.3049,12613,0,0,0
ReflectionRefresh,1625,7.178096566349268,4.774,12665,0,0,0
ReflectionRefresh,1626,5.215001292526722,7.6918,12613,0,0,0
ReflectionRefresh,1627,6.2245959416031837,5.0233,12613,0,0,0
ReflectionRefresh,1628,6.1571002006530762,6.1338,12613,0,0,0
ReflectionRefresh,1629,8.0038048326969147,6.3219,12613,0,0,0
ReflectionRefresh,1630,4.15239529684186,7.854,12613,0,0,0
ReflectionRefresh,1631,6.2250001356005669,5.1296,12613,0,0,0
ReflectionRefresh,1632,6.35269982740283,6.275,12613,0,0,0
ReflectionRefresh,1633,6.0878046788275242,5.3068,12613,0,0,0
ReflectionRefresh,1634,6.1376984231173992,6.9695,12613,0,0,0
ReflectionRefresh,1635,6.0607991181313992,5.2825,12701,0,0,0
ReflectionRefresh,1636,6.33589830249548,6.175,12613,0,0,0
ReflectionRefresh,1637,6.171301007270813,6.7641,12613,0,0,0
ReflectionRefresh,1638,6.3858986832201481,5.579,12613,0,0,0
ReflectionRefresh,1639,5.816503893584013,6.6933,12613,0,0,0
ReflectionRefresh,1640,6.221194751560688,5.6946,12613,0,0,0
ReflectionRefresh,1641,6.117403507232666,6.5352,12613,0,0,0
ReflectionRefresh,1642,6.2807966023683548,5.8311,12613,0,0,0
ReflectionRefresh,1643,5.942800547927618,5.9831,12613,0,0,0
ReflectionRefresh,1644,6.1512044630944729,6.4696,12613,0,0,0
ReflectionRefresh,1645,6.1397957615554333,5.466,12613,0,0,0
ReflectionRefresh,1646,6.5260985866189,6.3651,12613,0,0,0
ReflectionRefresh,1647,5.95230283215642,6.4562,12613,0,0,0
ReflectionRefresh,1648,14.18010238558054,5.6252,12613,0,0,0
ReflectionRefresh,1649,4.3778982944786549,14.8845,12613,0,0,0
ReflectionRefresh,1650,4.570698831230402,4.7424,12613,0,0,0
ReflectionRefresh,1651,4.4085034169256687,4.3654,12613,0,0,0
ReflectionRefresh,1652,3.9689978584647179,3.9774,12613,0,0,0
ReflectionRefresh,1653,5.8751986362040043,3.3256,12613,0,0,0
ReflectionRefresh,1654,6.1123017221689224,6.2208,12613,0,0,0
ReflectionRefresh,1655,6.208701990544796,6.2481,12613,0,0,0
ReflectionRefresh,1656,6.2516015022993088,6.2192,12613,0,0,0
ReflectionRefresh,1657,5.9547973796725273,6.7444,12613,0,0,0
ReflectionRefresh,1658,6.2271966598927975,5.3667,12665,0,0,0
ReflectionRefresh,1659,6.1199050396680832,6.3455,12613,0,0,0
ReflectionRefresh,1660,6.2354947440326214,5.8579,12701,0,0,0
ReflectionRefresh,1661,6.3377055339515209,6.295,12613,0,0,0
ReflectionRefresh,1662,6.2136976048350334,7.0256,12613,0,0,0
ReflectionRefresh,1663,5.9782029129564762,5.2555,12613,0,0,0
ReflectionRefresh,1664,6.1950962990522385,6.6806,12613,0,0,0
ReflectionRefresh,1665,6.031703669577837,6.4936,12613,0,0,0
ReflectionRefresh,1666,6.3331988640129566,5.631,12613,0,0,0
ReflectionRefresh,1667,5.94139751046896,6.9508,12613,0,0,0
ReflectionRefresh,1668,6.2497025355696678,4.8116,12613,0,0,0
ReflectionRefresh,1669,6.0869967564940453,7.6637,12613,0,0,0
ReflectionRefresh,1670,6.3132015056908131,5.3362,12613,0,0,0
ReflectionRefresh,1671,6.3278982415795326,6.492,12613,0,0,0
ReflectionRefresh,1672,5.9244045987725258,5.948,12613,0,0,0
ReflectionRefresh,1673,6.1842971481382847,6.0683,12613,0,0,0
ReflectionRefresh,1674,6.1326036229729652,5.7749,12613,0,0,0
ReflectionRefresh,1675,6.1527988873422146,6.7609,12613,0,0,0
ReflectionRefresh,1676,6.3109975308179855,5.1259,12613,0,0,0
ReflectionRefresh,1677,6.1884000897407532,6.9534,12613,0,0,0
ReflectionRefresh,1678,5.9239016845822334,6.7254,12613,0,0,0
ReflectionRefresh,1679,6.1279973015189171,5.5511,12613,0,0,0
ReflectionRefresh,1680,6.2906038947403431,5.779,12613,0,0,0
ReflectionRefresh,1681,6.030697375535965,6.6436,12613,0,0,0
ReflectionRefresh,1682,6.3759000040590763,5.7623,12613,0,0,0
ReflectionRefresh,1683,6.11459743231535,6.058,12613,0,0,0
ReflectionRefresh,1684,6.6560017876327038,6.322,12613,0,0,0
ReflectionRefresh,1685,5.5696996860206127,6.7417,12701,0,0,0
ReflectionRefresh,1686,6.0545988380908966,5.3971,12613,0,0,0
ReflectionRefresh,1687,6.1721019446849823,6.116,12613,0,0,0
ReflectionRefresh,1688,6.1133005656301975,5.6498,12613,0,0,0
ReflectionRefresh,1689,6.2634991481900215,6.8797,12613,0,0,0
ReflectionRefresh,1690,6.18820171803236,6.131,12613,0,0,0
ReflectionRefresh,1691,6.0017998330295086,6.9191,12665,0,0,0
ReflectionRefresh,1692,6.1431974172592163,5.0809,12613,0,0,0
ReflectionRefresh,1693,6.4728031866252422,6.1852,12613,0,0,0
ReflectionRefresh,1694,6.02869875729084,6.3765,12613,0,0,0
ReflectionRefresh,1695,6.293601356446743,6.2396,12613,0,0,0
ReflectionRefresh,1696,6.2016015872359276,6.3715,12613,0,0,0
ReflectionRefresh,1697,6.0414965264499187,6.2503,12613,0,0,0
ReflectionRefresh,1698,6.295500323176384,6.1799,12613,0,0,0
ReflectionRefresh,1699,6.11699977889657,5.624,12613,0,0,0
ReflectionRefresh,1700,6.0247024521231651,7.3689,12613,0,0,0
ReflectionRefresh,1701,6.3652992248535156,4.5821,12613,0,0,0
ReflectionRefresh,1702,6.0974988155066967,7.1152,12613,0,0,0
ReflectionRefresh,1703,6.1528980731964111,5.7477,12613,0,0,0
ReflectionRefresh,1704,6.0721016488969326,5.9316,12613,0,0,0
ReflectionRefresh,1705,6.2692034989595413,6.2732,12613,0,0,0
ReflectionRefresh,1706,6.01209606975317,6.4299,12613,0,0,0
ReflectionRefresh,1707,6.1535998247563839,5.8828,12613,0,0,0
ReflectionRefresh,1708,6.2417020089924335,6.488,12613,0,0,0
ReflectionRefresh,1709,6.1940969899296761,6.1696,12613,0,0,0
ReflectionRefresh,1710,6.4562996849417686,6.5025,12701,0,0,0
ReflectionRefresh,1711,5.6928005069494247,5.7196,12613,0,0,0
ReflectionRefresh,1712,6.1749005690217018,6.2492,12613,0,0,0
ReflectionRefresh,1713,6.3278982415795326,5.6258,12613,0,0,0
ReflectionRefresh,1714,5.9509989805519581,6.8418,12613,0,0,0
ReflectionRefresh,1715,6.2430058605968952,5.8349,12613,0,0,0
ReflectionRefresh,1716,6.3741994090378284,5.9421,12613,0,0,0
ReflectionRefresh,1717,6.4430981874465942,6.1353,12613,0,0,0
ReflectionRefresh,1718,5.9796981513500214,6.1837,12613,0,0,0
ReflectionRefresh,1719,5.95230283215642,6.2118,12613,0,0,0
ReflectionRefresh,1720,6.0870959423482418,6.2788,12613,0,0,0
ReflectionRefresh,1721,6.2223994173109531,6.3767,12613,0,0,0
ReflectionRefresh,1722,6.7493054084479809,5.4943,12613,0,0,0
ReflectionRefresh,1723,5.6348992511630058,7.4356,12613,0,0,0
ReflectionRefresh,1724,6.2175947241485119,5.288,12665,0,0,0
ReflectionRefresh,1725,6.0170069336891174,6.8727,12613,0,0,0
ReflectionRefresh,1726,6.2669995240867138,5.2006,12613,0,0,0
ReflectionRefresh,1727,6.0235969722270966,6.5011,12613,0,0,0
ReflectionRefresh,1728,6.3936011865735054,6.9669,12613,0,0,0
ReflectionRefresh,1729,6.0606007464230061,5.4237,12613,0,0,0
ReflectionRefresh,1730,6.1177010647952557,6.7115,12613,0,0,0
ReflectionRefresh,1731,6.1795990914106369,5.592,12613,0,0,0
ReflectionRefresh,1732,6.2680980190634727,5.841,12613,0,0,0
ReflectionRefresh,1733,5.97539683803916,6.4424,12613,0,0,0
ReflectionRefresh,1734,6.1194021254777908,6.0502,12613,0,0,0
ReflectionRefresh,1735,6.1665037646889687,5.6987,12701,0,0,0
ReflectionRefresh,1736,6.3859978690743446,6.4065,12613,0,0,0
ReflectionRefresh,1737,5.91289671137929,6.3102,12613,0,0,0
ReflectionRefresh,1738,6.1761052347719669,6.8345,12613,0,0,0
ReflectionRefresh,1739,6.2951957806944847,5.3724,12613,0,0,0
ReflectionRefresh,1740,6.0798046179115772,6.2084,12613,0,0,0
ReflectionRefresh,1741,6.141596008092165,5.6491,12613,0,0,0
ReflectionRefresh,1742,6.0468041338026524,6.5303,12613,0,0,0
ReflectionRefresh,1743,6.2433956190943718,6.8979,12613,0,0,0
ReflectionRefresh,1744,6.1126984655857086,5.5356,12613,0,0,0
ReflectionRefresh,1745,6.2422053888440132,6.0143,12613,0,0,0
ReflectionRefresh,1746,6.2362952157855034,6.2763,12613,0,0,0
ReflectionRefresh,1747,6.1533022671937943,6.3551,12613,0,0,0
ReflectionRefresh,1748,6.0672974213957787,5.8854,12613,0,0,0
ReflectionRefresh,1749,6.1799036338925362,6.2325,12613,0,0,0
ReflectionRefresh,1750,6.2191965989768505,6.7697,12613,0,0,0
ReflectionRefresh,1751,6.40680268406868,6.1398,12613,0,0,0
ReflectionRefresh,1752,6.0330000706017017,5.3667,12613,0,0,0
ReflectionRefresh,1753,6.12570159137249,6.1777,12613,0,0,0
ReflectionRefresh,1754,5.8913975954055786,6.3233,12613,0,0,0
ReflectionRefresh,1755,6.3129039481282234,5.5178,12613,0,0,0
ReflectionRefresh,1756,6.1521967872977257,8.4921,12613,0,0,0
ReflectionRefresh,1757,6.0417018830776215,3.8007,12665,0,0,0
ReflectionRefresh,1758,6.6188988275825977,6.6466,12613,0,0,0
ReflectionRefresh,1759,5.8752978220582008,5.9609,12613,0,0,0
ReflectionRefresh,1760,6.0772038996219635,6.4024,12701,0,0,0
ReflectionRefresh,1761,6.1981999315321445,6.3439,12613,0,0,0
ReflectionRefresh,1762,6.1574969440698624,5.7162,12613,0,0,0
ReflectionRefresh,1763,6.2506021931767464,6.5223,12613,0,0,0
ReflectionRefresh,1764,5.9977960772812366,6.8689,12613,0,0,0
ReflectionRefresh,1765,6.3044005073606968,4.7239,12613,0,0,0
ReflectionRefresh,1766,5.99170196801424,7.4182,12613,0,0,0
ReflectionRefresh,1767,6.2672975473105907,4.8913,12613,0,0,0
ReflectionRefresh,1768,6.0442034155130386,6.6207,12613,0,0,0
ReflectionRefresh,1769,6.2025012448430061,6.0488,12613,0,0,0
ReflectionRefresh,1770,7.1082981303334236,5.8417,12613,0,0,0
ReflectionRefresh,1771,5.136699415743351,7.4849,12613,0,0,0
ReflectionRefresh,1772,6.1948979273438454,5.2983,12613,0,0,0
ReflectionRefresh,1773,6.3193025998771191,6.53,12613,0,0,0
ReflectionRefresh,1774,5.8996030129492283,6.7825,12613,0,0,0
ReflectionRefresh,1775,6.2963929958641529,4.7864,12613,0,0,0
ReflectionRefresh,1776,6.0902070254087448,6.7228,12613,0,0,0
ReflectionRefresh,1777,6.1348993331193924,5.5832,12613,0,0,0
ReflectionRefresh,1778,6.2428005039691925,6.7767,12613,0,0,0
ReflectionRefresh,1779,6.2171979807317257,5.5965,12613,0,0,0
ReflectionRefresh,1780,5.9294998645782471,6.1723,12613,0,0,0
ReflectionRefresh,1781,6.3547971658408642,6.2962,12613,0,0,0
ReflectionRefresh,1782,5.9963008388876915,6.4362,12613,0,0,0
ReflectionRefresh,1783,6.0981009155511856,5.7052,12613,0,0,0
ReflectionRefresh,1784,6.3716978766024113,6.0049,12613,0,0,0
ReflectionRefresh,1785,6.0664042830467224,6.5667,12701,0,0,0
ReflectionRefresh,1786,6.1868978664278984,6.4277,12613,0,0,0
ReflectionRefresh,1787,6.055598147213459,6.3929,12613,0,0,0
ReflectionRefresh,1788,6.3009993173182011,5.6241,12613,0,0,0
ReflectionRefresh,1789,6.0079009272158146,6.4354,12613,0,0,0
ReflectionRefresh,1790,6.1491993255913258,5.5998,12665,0,0,0
ReflectionRefresh,1791,6.1490009538829327,6.5049,12613,0,0,0
ReflectionRefresh,1792,6.2918011099100113,5.5973,12613,0,0,0
ReflectionRefresh,1793,5.9095025062561035,6.712,12613,0,0,0
ReflectionRefresh,1794,6.3876984640955925,5.1853,12613,0,0,0
ReflectionRefresh,1795,6.1946003697812557,6.8975,12613,0,0,0
ReflectionRefresh,1796,6.1751985922455788,5.7851,12613,0,0,0
ReflectionRefresh,1797,6.3509000465273857,6.8902,12613,0,0,0
ReflectionRefresh,1798,5.9793014079332352,5.9475,12613,0,0,0
ReflectionRefresh,1799,6.0670990496873856,5.7811,12613,0,0,0
ReflectionRefresh,1800,6.0954010114073753,6.2094,12613,0,0,0
ReflectionRefresh,1801,6.1627975665032864,5.7872,12613,0,0,0
ReflectionRefresh,1802,6.2816045247018337,6.2284,12613,0,0,0
ReflectionRefresh,1803,5.9491000138223171,6.4732,12613,0,0,0
ReflectionRefresh,1804,6.19069579988718,6.4384,12613,0,0,0
ReflectionRefresh,1805,6.2791029922664165,6.2162,12613,0,0,0
ReflectionRefresh,1806,6.1029973439872265,5.7213,12613,0,0,0
ReflectionRefresh,1807,6.3465987332165241,6.1645,12613,0,0,0
ReflectionRefresh,1808,6.0673044063150883,6.6184,12613,0,0,0
ReflectionRefresh,1809,6.1413971707224846,6.6159,12613,0,0,0
ReflectionRefresh,1810,6.1922972090542316,5.3391,12701,0,0,0
ReflectionRefresh,1811,6.2403059564530849,6.7228,12613,0,0,0
ReflectionRefresh,1812,6.9367983378469944,5.2768,12613,0,0,0
ReflectionRefresh,1813,5.549596156924963,6.914,12613,0,0,0
ReflectionRefresh,1814,6.1414046213030815,6.1595,12613,0,0,0
ReflectionRefresh,1815,6.138400174677372,5.4788,12613,0,0,0
ReflectionRefresh,1816,6.1214994639158249,6.6627,12613,0,0,0
ReflectionRefresh,1817,6.1808954924345016,6.0224,12613,0,0,0
ReflectionRefresh,1818,6.2834043055772781,6.1974,12613,0,0,0
ReflectionRefresh,1819,6.0240998864173889,6.1345,12613,0,0,0
ReflectionRefresh,1820,6.2191965989768505,6.1094,12613,0,0,0
ReflectionRefresh,1821,6.3391015864908695,6.5002,12613,0,0,0
ReflectionRefresh,1822,6.1760982498526573,6.5887,12613,0,0,0
ReflectionRefresh,1823,5.9899021871387959,5.7723,12665,0,0,0
ReflectionRefresh,1824,6.1108986847102642,5.592,12613,0,0,0
ReflectionRefresh,1825,6.0634990222752094,6.4111,12613,0,0,0
ReflectionRefresh,1826,6.3223992474377155,5.872,12613,0,0,0
ReflectionRefresh,1827,6.0221017338335514,7.233,12613,0,0,0
ReflectionRefresh,1828,6.2311012297868729,5.0186,12613,0,0,0
ReflectionRefresh,1829,6.2429988756775856,7.2147,12613,0,0,0
ReflectionRefresh,1830,6.2716980464756489,5.6941,12613,0,0,0
ReflectionRefresh,1831,5.9953019954264164,6.0347,12613,0,0,0
ReflectionRefresh,1832,6.0767005197703838,6.5514,12613,0,0,0
ReflectionRefresh,1833,6.406398955732584,5.6025,12613,0,0,0
ReflectionRefresh,1834,6.133099552243948,6.3713,12613,0,0,0
ReflectionRefresh,1835,6.021102424710989,6.7101,12701,0,0,0
ReflectionRefresh,1836,6.3273031264543533,5.8521,12613,0,0,0
ReflectionRefresh,1837,5.96939492970705,6.3529,12613,0,0,0
ReflectionRefresh,1838,6.2973992899060249,5.0403,12613,0,0,0
ReflectionRefresh,1839,6.120599340647459,6.8956,12613,0,0,0
ReflectionRefresh,1840,6.19990099221468,5.6476,12613,0,0,0
ReflectionRefresh,1841,6.095904391258955,6.8393,12613,0,0,0
ReflectionRefresh,1842,6.08629547059536,5.7782,12613,0,0,0
ReflectionRefresh,1843,6.2973992899060249,6.3776,12613,0,0,0
ReflectionRefresh,1844,6.0556051321327686,6.3614,12613,0,0,0
ReflectionRefresh,1845,6.1857001855969429,5.7544,12613,0,0,0
ReflectionRefresh,1846,6.0683959163725376,6.371,12613,0,0,0
ReflectionRefresh,1847,6.2457057647407055,6.9193,12613,0,0,0
ReflectionRefresh,1848,6.2415958382189274,5.2653,12613,0,0,0
ReflectionRefresh,1849,6.1393990181386471,6.2124,12613,0,0,0
ReflectionRefresh,1850,6.1891013756394386,5.986,12613,0,0,0
ReflectionRefresh,1851,6.6517004743218422,6.3685,12613,0,0,0
ReflectionRefresh,1852,5.5836024694144726,6.9939,12613,0,0,0
ReflectionRefresh,1853,6.2315971590578556,4.92,12613,0,0,0
ReflectionRefresh,1854,6.1033023521304131,6.7735,12613,0,0,0
ReflectionRefresh,1855,6.1319940723478794,6.0006,12613,0,0,0
ReflectionRefresh,1856,6.32740231230855,6.1405,12665,0,0,0
ReflectionRefresh,1857,6.2310020439326763,6.254,12613,0,0,0
ReflectionRefresh,1858,5.7903984561562538,5.6962,12613,0,0,0
ReflectionRefresh,1859,6.3943029381334782,6.719,12613,0,0,0
ReflectionRefresh,1860,6.0132015496492386,5.9983,12701,0,0,0
ReflectionRefresh,1861,6.113697774708271,5.6703,12613,0,0,0
ReflectionRefresh,1862,6.1534014530479908,6.8613,12613,0,0,0
ReflectionRefresh,1863,6.27059955149889,5.3681,12613,0,0,0
ReflectionRefresh,1864,6.0143000446259975,7.599,12613,0,0,0
ReflectionRefresh,1865,6.2582977116107941,4.8964,12613,0,0,0
ReflectionRefresh,1866,5.9376982972025871,6.4219,12613,0,0,0
ReflectionRefresh,1867,6.5246033482253551,6.3407,12613,0,0,0
ReflectionRefresh,1868,6.0646967031061649,5.5198,12613,0,0,0
ReflectionRefresh,1869,6.2371031381189823,6.5946,12613,0,0,0
ReflectionRefresh,1870,6.0141016729176044,7.0444,12613,0,0,0
ReflectionRefresh,1871,6.4776996150612831,4.5483,12613,0,0,0
ReflectionRefresh,1872,5.9079010970890522,7.0014,12613,0,0,0
ReflectionRefresh,1873,6.1044995673000813,6.0643,12613,0,0,0
ReflectionRefresh,1874,6.4227962866425514,5.3469,12613,0,0,0
ReflectionRefresh,1875,5.9563987888395786,7.3968,12613,0,0,0
ReflectionRefresh,1876,5.9801018796861172,5.4921,12613,0,0,0
ReflectionRefresh,1877,6.2074973247945309,6.6458,12613,0,0,0
ReflectionRefresh,1878,6.3879038207232952,6.0541,12613,0,0,0
ReflectionRefresh,1879,5.9450962580740452,5.7344,12613,0,0,0
ReflectionRefresh,1880,6.2062996439635754,6.2435,12613,0,0,0
ReflectionRefresh,1881,6.2328018248081207,5.5395,12613,0,0,0
ReflectionRefresh,1882,6.1078020371496677,6.5549,12613,0,0,0
ReflectionRefresh,1883,6.0569019988179207,6.3797,12613,0,0,0
ReflectionRefresh,1884,6.2563987448811531,5.7728,12613,0,0,0
ReflectionRefresh,1885,6.2740007415413857,6.67,12701,0,0,0
ReflectionRefresh,1886,6.15669647231698,5.9218,12613,0,0,0
ReflectionRefresh,1887,5.9983986429870129,6.8331,12613,0,0,0
ReflectionRefresh,1888,6.06560381129384,5.1926,12613,0,0,0
ReflectionRefresh,1889,6.2515023164451122,6.3204,12665,0,0,0
ReflectionRefresh,1890,6.2894984148442745,7.5471,12613,0,0,0
ReflectionRefresh,1891,6.21050177142024,5.1709,12613,0,0,0
ReflectionRefresh,1892,6.0050948522984982,6.4029,12613,0,0,0
ReflectionRefresh,1893,6.2660006806254387,5.6299,12613,0,0,0
ReflectionRefresh,1894,6.196201778948307,6.9167,12613,0,0,0
ReflectionRefresh,1895,6.0185021720826626,6.0592,12613,0,0,0
ReflectionRefresh,1896,6.0926941223442554,5.847,12613,0,0,0
ReflectionRefresh,1897,6.4683035016059875,6.3891,12613,0,0,0
ReflectionRefresh,1898,6.0443026013672352,5.7137,12613,0,0,0
ReflectionRefresh,1899,6.1066965572535992,5.9693,12613,0,0,0
ReflectionRefresh,1900,5.9320009313523769,6.8039,12613,0,0,0
ReflectionRefresh,1901,6.3729025423526764,5.2231,12613,0,0,0
ReflectionRefresh,1902,5.9419996105134487,6.2517,12613,0,0,0
ReflectionRefresh,1903,6.1191963031888008,6.3398,12613,0,0,0
ReflectionRefresh,1904,6.2898029573261738,6.0685,12613,0,0,0
ReflectionRefresh,1905,6.1794007197022438,7.0012,12613,0,0,0
ReflectionRefresh,1906,6.1796982772648335,5.0719,12613,0,0,0
ReflectionRefresh,1907,6.1571993865072727,6.6936,12613,0,0,0
ReflectionRefresh,1908,6.02079788222909,6.055,12613,0,0,0
ReflectionRefresh,1909,6.2782028689980507,5.7376,12613,0,0,0
ReflectionRefresh,1910,6.0239015147089958,6.6022,12701,0,0,0
ReflectionRefresh,1911,6.1016934923827648,5.6805,12613,0,0,0
ReflectionRefresh,1912,6.2265023589134216,6.7359,12613,0,0,0
ReflectionRefresh,1913,6.3263038173317909,6.3313,12613,0,0,0
ReflectionRefresh,1914,6.161798257380724,5.6781,12613,0,0,0
ReflectionRefresh,1915,6.1778980307281017,7.9031,12613,0,0,0
ReflectionRefresh,1916,5.9643993154168129,4.6906,12613,0,0,0
ReflectionRefresh,1917,6.18769833818078,5.6199,12613,0,0,0
ReflectionRefresh,1918,6.1055058613419533,6.3719,12613,0,0,0
ReflectionRefresh,1919,6.1437995173037052,5.8971,12613,0,0,0
ReflectionRefresh,1920,6.1610969714820385,7.0455,12613,0,0,0
ReflectionRefresh,1921,6.1534014530479908,5.3102,12613,0,0,0
ReflectionRefresh,1922,6.2236962839961052,7.7414,12665,0,0,0
ReflectionRefresh,1923,6.2071997672319412,4.5957,12613,0,0,0
ReflectionRefresh,1924,6.0168011114001274,6.2014,12613,0,0,0
ReflectionRefresh,1925,6.12220074981451,6.6791,12613,0,0,0
ReflectionRefresh,1926,6.1437003314495087,6.0515,12613,0,0,0
ReflectionRefresh,1927,6.1622024513781071,5.6513,12613,0,0,0
ReflectionRefresh,1928,6.3694017007946968,6.0399,12613,0,0,0
ReflectionRefresh,1929,5.9681972488760948,6.1633,12613,0,0,0
ReflectionRefresh,1930,6.2801018357276917,5.9839,12613,0,0,0
ReflectionRefresh,1931,6.0518989339470863,5.9219,12613,0,0,0
ReflectionRefresh,1932,6.18200097233057,6.9437,12613,0,0,0
ReflectionRefresh,1933,6.1107994988560677,6.3362,12613,0,0,0
ReflectionRefresh,1934,6.2433956190943718,5.8239,12613,0,0,0
ReflectionRefresh,1935,6.0132015496492386,6.1438,12701,0,0,0
ReflectionRefresh,1936,6.4699971117079258,6.2846,12613,0,0,0
ReflectionRefresh,1937,5.9481007046997547,5.457,12613,0,0,0
ReflectionRefresh,1938,6.2239016406238079,6.6807,12613,0,0,0
ReflectionRefresh,1939,6.3630030490458012,5.9586,12613,0,0,0
ReflectionRefresh,1940,6.1353952623903751,6.4903,12613,0,0,0
ReflectionRefresh,1941,6.8664043210446835,5.8283,12613,0,0,0
ReflectionRefresh,1942,5.3830994293093681,6.625,12613,0,0,0
ReflectionRefresh,1943,6.2237954698503017,5.7319,12613,0,0,0
ReflectionRefresh,1944,6.1699049547314644,6.2666,12613,0,0,0
ReflectionRefresh,1945,6.0020973905920982,5.7983,12613,0,0,0
ReflectionRefresh,1946,6.1928005889058113,6.1319,12613,0,0,0
ReflectionRefresh,1947,6.2267007306218147,6.7706,12613,0,0,0
ReflectionRefresh,1948,6.0923965647816658,6.8603,12613,0,0,0
ReflectionRefresh,1949,6.2710032798349857,4.8841,12613,0,0,0
ReflectionRefresh,1950,6.0266014188528061,6.2036,12613,0,0,0
ReflectionRefresh,1951,6.2206988222897053,7.0563,12613,0,0,0
ReflectionRefresh,1952,6.1042020097374916,5.2962,12613,0,0,0
ReflectionRefresh,1953,6.2616993673145771,6.3871,12613,0,0,0
ReflectionRefresh,1954,6.0220947489142418,6.3746,12613,0,0,0
ReflectionRefresh,1955,6.2307044863700867,5.5923,12665,0,0,0
ReflectionRefresh,1956,6.2658023089170456,6.2337,12613,0,0,0
ReflectionRefresh,1957,5.95229584723711,6.8627,12613,0,0,0
ReflectionRefresh,1958,6.1993976123631,5.7649,12613,0,0,0
ReflectionRefresh,1959,6.4367065206170082,5.8264,12613,0,0,0
ReflectionRefresh,1960,5.8815972879529,6.2988,12701,0,0,0
ReflectionRefresh,1961,6.3423966057598591,6.1796,12613,0,0,0
ReflectionRefresh,1962,6.2196003273129463,6.7053,12613,0,0,0
ReflectionRefresh,1963,6.0143000446259975,5.4646,12613,0,0,0
ReflectionRefresh,1964,6.0082059353590012,6.3991,12613,0,0,0
ReflectionRefresh,1965,6.2634991481900215,6.0571,12613,0,0,0
ReflectionRefresh,1966,6.3080997206270695,6.212,12613,0,0,0
ReflectionRefresh,1967,5.96369756385684,6.1878,12613,0,0,0
ReflectionRefresh,1968,6.23910129070282,6.9256,12613,0,0,0
ReflectionRefresh,1969,6.1080004088580608,5.4906,12613,0,0,0
ReflectionRefresh,1970,6.1348001472651958,5.9049,12613,0,0,0
ReflectionRefresh,1971,6.1468961648643017,6.3341,12613,0,0,0
ReflectionRefresh,1972,6.1922050081193447,5.6635,12613,0,0,0
ReflectionRefresh,1973,10.474397800862789,7.7763,48844,0,0,0
ReflectionRefresh,1974,6.02079788222909,10.9478,37240,0,0,0
ReflectionRefresh,1975,14.336103573441505,4.2091,29033,0,0,0
ReflectionRefresh,1976,6.13659992814064,14.8552,12613,0,0,0
ReflectionRefresh,1977,6.2848995439708233,6.1254,12613,0,0,0
ReflectionRefresh,1978,6.1428998596966267,6.1159,12613,0,0,0
ReflectionRefresh,1979,6.218799389898777,5.9989,12613,0,0,0
ReflectionRefresh,1980,6.00939616560936,6.8118,12613,0,0,0
ReflectionRefresh,1981,6.3023031689226627,5.1793,12613,0,0,0
ReflectionRefresh,1982,6.1151999980211258,6.2906,12613,0,0,0
ReflectionRefresh,1983,6.1498014256358147,6.3749,12701,0,0,0
ReflectionRefresh,1984,6.4929989166557789,6.644,12613,0,0,0
ReflectionRefresh,1985,5.76500128954649,5.6205,12613,0,0,0
ReflectionRefresh,1986,6.1195013113319874,6.9924,12665,0,0,0
ReflectionRefresh,1987,6.25049602240324,4.7946,12613,0,0,0
ReflectionRefresh,1988,6.0165035538375378,6.9882,12613,0,0,0
ReflectionRefresh,1989,6.2641934491693974,6.6219,12613,0,0,0
ReflectionRefresh,1990,6.0277068987488747,4.8609,12613,0,0,0
ReflectionRefresh,1991,6.1179990880191326,6.7737,12613,0,0,0
ReflectionRefresh,1992,6.3445009291172028,5.3005,12613,0,0,0
ReflectionRefresh,1993,6.0340985655784607,6.3805,12613,0,0,0
ReflectionRefresh,1994,6.2690973281860352,6.5524,12613,0,0,0
ReflectionRefresh,1995,5.9960032813251019,6.4269,12613,0,0,0
ReflectionRefresh,1996,6.1182966455817223,5.4705,12613,0,0,0
ReflectionRefresh,1997,6.1656036414206028,6.4448,12613,0,0,0
ReflectionRefresh,1998,6.2710954807698727,5.7419,12613,0,0,0
ReflectionRefresh,1999,6.2009990215301514,7.0521,12613,0,0,0
ReflectionRefresh,2000,6.2803006730973721,5.6544,12613,0,0,0
ReflectionRefresh,2001,6.3196993432939053,6.0878,12613,0,0,0
ReflectionRefresh,2002,5.7989014312624931,6.7419,12613,0,0,0
ReflectionRefresh,2003,6.29019970074296,5.3643,12613,0,0,0
ReflectionRefresh,2004,6.1305980198085308,7.4204,12613,0,0,0
ReflectionRefresh,2005,6.219005212187767,5.7609,12613,0,0,0
ReflectionRefresh,2006,6.1787981539964676,5.7293,12613,0,0,0
ReflectionRefresh,2007,6.0901008546352386,5.9617,12613,0,0,0
ReflectionRefresh,2008,6.1019985005259514,7.0764,12701,0,0,0
ReflectionRefresh,2009,6.2250001356005669,6.5057,12613,0,0,0
ReflectionRefresh,2010,6.06590136885643,4.9062,12613,0,0,0
ReflectionRefresh,2011,7.1181971579790115,5.9878,12613,0,0,0
ReflectionRefresh,2012,5.2928002551198006,7.42,12613,0,0,0
ReflectionRefresh,2013,6.2107001431286335,5.0932,12613,0,0,0
ReflectionRefresh,2014,6.0415035113692284,7.1755,12613,0,0,0
ReflectionRefresh,2015,6.3677011057734489,4.8637,12613,0,0,0
ReflectionRefresh,2016,6.0770977288484573,6.6612,12613,0,0,0
ReflectionRefresh,2017,6.1137969605624676,6.7876,12613,0,0,0
ReflectionRefresh,2018,6.073901429772377,5.6292,12613,0,0,0
ReflectionRefresh,2019,6.2377974390983582,6.3102,12665,0,0,0
ReflectionRefresh,2020,6.35539973154664,6.2967,12613,0,0,0
ReflectionRefresh,2021,6.0526998713612556,5.6882,12613,0,0,0
ReflectionRefresh,2022,6.0964003205299377,6.4872,12613,0,0,0
ReflectionRefresh,2023,6.2846019864082336,5.5012,12613,0,0,0
ReflectionRefresh,2024,6.1134989373385906,6.8443,12613,0,0,0
ReflectionRefresh,2025,6.0868053697049618,5.5289,12613,0,0,0
ReflectionRefresh,2026,6.530598271638155,6.729,12613,0,0,0
ReflectionRefresh,2027,5.9548965655267239,6.8828,12613,0,0,0
ReflectionRefresh,2028,5.9700044803321362,5.6193,12613,0,0,0
ReflectionRefresh,2029,6.243998184800148,5.6625,12613,0,0,0
ReflectionRefresh,2030,6.0821995139122009,6.447,12613,0,0,0
ReflectionRefresh,2031,6.708397064357996,6.3102,12613,0,0,0
ReflectionRefresh,2032,5.9891012497246265,6.4767,12613,0,0,0
ReflectionRefresh,2033,6.1313989572227,5.5051,12701,0,0,0
ReflectionRefresh,2034,6.1316043138504028,7.4617,12613,0,0,0
ReflectionRefresh,2035,6.1741992831230164,5.7806,12613,0,0,0
ReflectionRefresh,2036,6.2843961641192436,5.5368,12613,0,0,0
ReflectionRefresh,2037,6.0900012031197548,7.6738,12613,0,0,0
ReflectionRefresh,2038,6.0987030155956745,4.8744,12613,0,0,0
ReflectionRefresh,2039,6.1280964873731136,5.9539,12613,0,0,0
ReflectionRefresh,2040,6.1221015639603138,5.3307,12613,0,0,0
ReflectionRefresh,2041,6.3278982415795326,6.6656,12613,0,0,0
ReflectionRefresh,2042,6.1143990606069565,6.8279,12613,0,0,0
ReflectionRefresh,2043,6.2689059413969517,5.3944,12613,0,0,0
ReflectionRefresh,2044,6.0174958780407906,6.7304,12613,0,0,0
ReflectionRefresh,2045,6.1380029655992985,6.1692,12613,0,0,0
ReflectionRefresh,2046,6.1916951090097427,6.6355,12613,0,0,0
ReflectionRefresh,2047,6.2528061680495739,5.6471,12613,0,0,0
ReflectionRefresh,2048,6.1850976198911667,6.0349,12613,0,0,0
ReflectionRefresh,2049,6.3071995973587036,6.3857,12613,0,0,0
ReflectionRefresh,2050,6.1586024239659309,5.6234,12613,0,0,0
ReflectionRefresh,2051,6.052196491509676,7.2942,12613,0,0,0
ReflectionRefresh,2052,6.4665037207305431,5.5547,12665,0,0,0
ReflectionRefresh,2053,5.8869970962405205,5.7254,12613,0,0,0
ReflectionRefresh,2054,6.1033023521304131,7.1993,12613,0,0,0
ReflectionRefresh,2055,6.1122942715883255,5.1528,12613,0,0,0
ReflectionRefresh,2056,6.1165038496255875,5.6515,12613,0,0,0
ReflectionRefresh,2057,6.410601083189249,6.5213,12613,0,0,0
ReflectionRefresh,2058,6.1054988764226437,5.8767,12701,0,0,0
ReflectionRefresh,2059,6.1467969790101051,7.783,12613,0,0,0
ReflectionRefresh,2060,6.0766013339161873,4.7226,12613,0,0,0
ReflectionRefresh,2061,6.1319018714129925,6.394,12613,0,0,0
ReflectionRefresh,2062,6.2444019131362438,6.5674,12613,0,0,0
ReflectionRefresh,2063,6.1976970173418522,5.2198,12613,0,0,0
ReflectionRefresh,2064,6.1418013647198677,8.2366,12613,0,0,0
ReflectionRefresh,2065,6.1874007806181908,4.5835,12613,0,0,0
ReflectionRefresh,2066,6.1348001472651958,6,12613,0,0,0
ReflectionRefresh,2067,6.2812995165586472,8.0873,12613,0,0,0
ReflectionRefresh,2068,6.0299956239759922,4.9604,12613,0,0,0
ReflectionRefresh,2069,6.08900235965848,5.9401,12613,0,0,0
ReflectionRefresh,2070,6.2810019589960575,6.4103,12613,0,0,0
ReflectionRefresh,2071,6.0355016030371189,5.7562,12613,0,0,0
ReflectionRefresh,2072,6.2100975774228573,6.5993,12613,0,0,0
ReflectionRefresh,2073,6.0949972830712795,5.9689,12613,0,0,0
ReflectionRefresh,2074,6.3783023506402969,5.2516,12613,0,0,0
ReflectionRefresh,2075,6.0341977514326572,6.9694,12613,0,0,0
ReflectionRefresh,2076,6.11699977889657,6.3038,12613,0,0,0
ReflectionRefresh,2077,6.14559929817915,6.5135,12613,0,0,0
ReflectionRefresh,2078,6.1549036763608456,5.0715,12613,0,0,0
ReflectionRefresh,2079,6.4492984674870968,5.7658,12613,0,0,0
ReflectionRefresh,2080,6.0290037654340267,7.5259,12613,0,0,0
ReflectionRefresh,2081,6.2369969673454762,5.2621,12613,0,0,0
ReflectionRefresh,2082,6.0008005239069462,6.9965,12613,0,0,0
ReflectionRefresh,2083,6.3459961675107479,5.1774,12701,0,0,0
ReflectionRefresh,2084,6.0373013839125633,7.0223,12613,0,0,0
ReflectionRefresh,2085,6.2269982881844044,5.2976,12665,0,0,0
ReflectionRefresh,2086,6.0609057545661926,5.9359,12613,0,0,0
ReflectionRefresh,2087,6.1224987730383873,6.5693,12613,0,0,0
ReflectionRefresh,2088,6.42639584839344,6.0687,12613,0,0,0
ReflectionRefresh,2089,6.37550326064229,5.9309,12613,0,0,0
ReflectionRefresh,2090,5.6910999119281769,7.0294,12613,0,0,0
ReflectionRefresh,2091,6.3027990981936455,5.1323,12613,0,0,0
ReflectionRefresh,2092,6.0376985929906368,6.7151,12613,0,0,0
ReflectionRefresh,2093,6.3323057256639,5.4439,12613,0,0,0
ReflectionRefresh,2094,5.9192958287894726,6.6444,12613,0,0,0
ReflectionRefresh,2095,6.18520425632596,6.1881,12613,0,0,0
ReflectionRefresh,2096,6.2295990064740181,7.0008,17939,0,0,0
ReflectionRefresh,2097,9.528295136988163,7.1726,12613,0,0,0
ReflectionRefresh,2098,6.07700552791357,9.4804,12613,0,0,0
ReflectionRefresh,2099,5.1298965699970722,5.138,12613,0,0,0
ReflectionRefresh,2100,5.9334039688110352,5.8844,12613,0,0,0
ReflectionRefresh,2101,4.49009332805872,4.5443,12613,0,0,0
ReflectionRefresh,2102,5.8292020112276077,3.8791,12613,0,0,0
ReflectionRefresh,2103,6.2168012373149395,6.3619,12613,0,0,0
ReflectionRefresh,2104,6.180597934871912,5.5306,12613,0,0,0
ReflectionRefresh,2105,6.0342047363519669,6.5253,12613,0,0,0
ReflectionRefresh,2106,6.2117986381053925,5.6757,12613,0,0,0
ReflectionRefresh,2107,6.04630121961236,6.4751,12613,0,0,0
ReflectionRefresh,2108,6.1501986347138882,6.1308,12701,0,0,0
ReflectionRefresh,2109,6.3373018056154251,6.1531,12613,0,0,0
ReflectionRefresh,2110,7.0493975654244423,5.8896,12613,0,0,0
ReflectionRefresh,2111,5.0188987515866756,7.0578,12613,0,0,0
ReflectionRefresh,2112,6.3367984257638454,5.3474,12613,0,0,0
ReflectionRefresh,2113,5.9201032854616642,6.0064,12613,0,0,0
ReflectionRefresh,2114,8.7535008788108826,5.7754,12613,0,0,0
ReflectionRefresh,2115,6.0548963956534863,10.9099,12613,0,0,0
ReflectionRefresh,2116,4.0660998784005642,3.9584,12613,0,0,0
ReflectionRefresh,2117,6.43180264160037,4.3741,12613,0,0,0
ReflectionRefresh,2118,6.1099985614418983,5.9876,12665,0,0,0
ReflectionRefresh,2119,6.2178997322916985,6.2207,12613,0,0,0
ReflectionRefresh,2120,5.9970025904476643,7.1273,12613,0,0,0
ReflectionRefresh,2121,6.3812006264925,4.985,12613,0,0,0
ReflectionRefresh,2122,6.0799955390393734,6.2522,12613,0,0,0
ReflectionRefresh,2123,6.27850042656064,6.1488,12613,0,0,0
ReflectionRefresh,2124,6.0690050013363361,6.176,12613,0,0,0
ReflectionRefresh,2125,5.9882937930524349,6.4295,12613,0,0,0
ReflectionRefresh,2126,6.2117064371705055,6.2357,12613,0,0,0
ReflectionRefresh,2127,7.1319942362606525,6.9115,12613,0,0,0
ReflectionRefresh,2128,5.071400199085474,6.2403,12613,0,0,0
ReflectionRefresh,2129,6.0963011346757412,4.7438,12613,0,0,0
ReflectionRefresh,2130,6.3363024964928627,6.342,12613,0,0,0
ReflectionRefresh,2131,6.2192957848310471,6.5142,12613,0,0,0
ReflectionRefresh,2132,6.0163051821291447,6.627,12613,0,0,0
ReflectionRefresh,2133,6.1363945715129375,6.314,12701,0,0,0
ReflectionRefresh,2134,7.7344034798443317,4.7971,12613,0,0,0
ReflectionRefresh,2135,4.7812005504965782,8.5803,12613,0,0,0
ReflectionRefresh,2136,6.022200919687748,4.572,12613,0,0,0
ReflectionRefresh,2137,6.3474983908236027,6.2659,12613,0,0,0
ReflectionRefresh,2138,5.9541030786931515,6.7819,12613,0,0,0
ReflectionRefresh,2139,6.0133999213576317,5.3507999999999996,12613,0,0,0
ReflectionRefresh,2140,6.3398950733244419,6.4049,12613,0,0,0
ReflectionRefresh,2141,6.465299054980278,5.952,12613,0,0,0
ReflectionRefresh,2142,5.80220390111208,5.9986,12613,0,0,0
ReflectionRefresh,2143,6.0790958814322948,7.0083,12613,0,0,0
ReflectionRefresh,2144,6.2709040939807892,4.8497,12613,0,0,0
ReflectionRefresh,2145,6.0154972597956657,5.9592,12613,0,0,0
ReflectionRefresh,2146,6.1806053854525089,7.4853,12613,0,0,0
ReflectionRefresh,2147,6.2328940257430077,5.4036,12613,0,0,0
ReflectionRefresh,2148,6.097803357988596,7.6031,12613,0,0,0
ReflectionRefresh,2149,6.1660995706915855,4.941,12613,0,0,0
ReflectionRefresh,2150,6.2063988298177719,6.0262,12613,0,0,0
ReflectionRefresh,2151,6.0417018830776215,6.2189,12665,0,0,0
ReflectionRefresh,2152,6.1796982772648335,6.1208,12613,0,0,0
ReflectionRefresh,2153,6.1295987106859684,6.429,12613,0,0,0
ReflectionRefresh,2154,6.5176021307706833,5.7347,12613,0,0,0
ReflectionRefresh,2155,5.9726969338953495,6.9356,12613,0,0,0
ReflectionRefresh,2156,6.1107994988560677,5.8946,12613,0,0,0
ReflectionRefresh,2157,6.3081067055463791,5.7634,12613,0,0,0
ReflectionRefresh,2158,5.88679825887084,6.9598,12701,0,0,0
ReflectionRefresh,2159,6.3125994056463242,4.8975,12613,0,0,0
ReflectionRefresh,2160,6.7086024209856987,6.0347,12613,0,0,0
ReflectionRefresh,2161,6.0761976055800915,7.4284,12613,0,0,0
ReflectionRefresh,2162,6.08879653736949,5.6309,12613,0,0,0
ReflectionRefresh,2163,6.095698568969965,5.9191,12613,0,0,0
ReflectionRefresh,2164,6.2012048438191414,6.4857,12613,0,0,0
ReflectionRefresh,2165,6.7154974676668644,6.0393,12613,0,0,0
ReflectionRefresh,2166,6.0398029163479805,7.3123,12613,0,0,0
ReflectionRefresh,2167,6.0499007813632488,5.716,12613,0,0,0
ReflectionRefresh,2168,6.2349988147616386,6.231,12613,0,0,0
ReflectionRefresh,2169,6.9501982070505619,5.9353,12613,0,0,0
ReflectionRefresh,2170,5.4943026043474674,7.1256,12613,0,0,0
ReflectionRefresh,2171,6.0454010963439941,5.4714,12613,0,0,0
ReflectionRefresh,2172,6.2467972747981548,5.4611,12613,0,0,0
ReflectionRefresh,2173,6.0361963696777821,6.7044,12613,0,0,0
ReflectionRefresh,2174,6.238406989723444,5.7402,12613,0,0,0
ReflectionRefresh,2175,6.2464992515742779,7.0997,12613,0,0,0
ReflectionRefresh,2176,6.1871954239904881,5.5051,12613,0,0,0
ReflectionRefresh,2177,6.210600957274437,6.2027,12613,0,0,0
ReflectionRefresh,2178,6.0294005088508129,7.7895,12613,0,0,0
ReflectionRefresh,2179,6.1364015564322472,4.9343,12613,0,0,0
ReflectionRefresh,2180,6.1703016981482506,5.6001,12613,0,0,0
ReflectionRefresh,2181,6.1571993865072727,6.1458,12613,0,0,0
ReflectionRefresh,2182,6.169494241476059,6.1497,12613,0,0,0
ReflectionRefresh,2183,6.1025014147162437,6.2353,12701,0,0,0
ReflectionRefresh,2184,6.0233986005187035,5.6232,12665,0,0,0
ReflectionRefresh,2185,6.2466058880090714,6.3693,12613,0,0,0
ReflectionRefresh,2186,6.251197773963213,5.8059,12613,0,0,0
ReflectionRefresh,2187,5.9295990504324436,6.8284,12613,0,0,0
ReflectionRefresh,2188,6.1705997213721275,7.1237,12613,0,0,0
ReflectionRefresh,2189,6.3238022848963737,4.7797,12613,0,0,0
ReflectionRefresh,2190,6.0022957623004913,6.053,12613,0,0,0
ReflectionRefresh,2191,6.3468040898442268,5.9064,12613,0,0,0
ReflectionRefresh,2192,6.1241001822054386,6.5041,12613,0,0,0
ReflectionRefresh,2193,6.0075963847339153,7.1803,12613,0,0,0
ReflectionRefresh,2194,6.2551018781960011,5.0228,12613,0,0,0
ReflectionRefresh,2195,6.0751982964575291,6.3754,12613,0,0,0
ReflectionRefresh,2196,6.1619048938155174,6.4258,12613,0,0,0
ReflectionRefresh,2197,6.2091979198157787,5.7707,12613,0,0,0
ReflectionRefresh,2198,6.0111959464848042,7.1903,12613,0,0,0
ReflectionRefresh,2199,6.2707057222723961,4.6599,12613,0,0,0
ReflectionRefresh,2200,6.067800335586071,6.7225,12613,0,0,0
ReflectionRefresh,2201,6.1403983272612095,5.6313,12613,0,0,0
ReflectionRefresh,2202,6.0623018071055412,6.6397,12613,0,0,0
ReflectionRefresh,2203,6.3026007264852524,5.7186,12613,0,0,0
ReflectionRefresh,2204,6.2432964332401752,6.2773,12613,0,0,0
ReflectionRefresh,2205,6.1290035955607891,7.1375,12613,0,0,0
ReflectionRefresh,2206,6.0289967805147171,5.3673,12613,0,0,0
ReflectionRefresh,2207,6.1184028163552284,5.6271,12613,0,0,0
ReflectionRefresh,2208,6.1910999938845634,6.8626,12701,0,0,0
ReflectionRefresh,2209,6.09990069642663,5.6859,12613,0,0,0
ReflectionRefresh,2210,6.151693407446146,6.4493,12613,0,0,0
ReflectionRefresh,2211,6.1695012263953686,5.9432,12613,0,0,0
ReflectionRefresh,2212,6.4574051648378372,6.0661,12613,0,0,0
ReflectionRefresh,2213,5.98979601636529,7.5974,12613,0,0,0
ReflectionRefresh,2214,6.1544002965092659,5.0917,12613,0,0,0
ReflectionRefresh,2215,6.3339001499116421,6.3236,12613,0,0,0
ReflectionRefresh,2216,6.0062995180487633,6.8965,12613,0,0,0
ReflectionRefresh,2217,6.0931975021958351,4.9602,12665,0,0,0
ReflectionRefresh,2218,6.2235048972070217,7.418,12613,0,0,0
ReflectionRefresh,2219,6.3801021315157413,5.1862,12613,0,0,0
ReflectionRefresh,2220,6.4869970083236694,5.7201,12613,0,0,0
ReflectionRefresh,2221,5.5144983343780041,7.22,12613,0,0,0
ReflectionRefresh,2222,6.2533020973205566,5.0985,12613,0,0,0
ReflectionRefresh,2223,6.2231007032096386,6.4264,12613,0,0,0
ReflectionRefresh,2224,6.2173963524401188,6.3078,12613,0,0,0
ReflectionRefresh,2225,6.1658020131289959,6.1551,12613,0,0,0
ReflectionRefresh,2226,6.1194021254777908,6.5915,12613,0,0,0
ReflectionRefresh,2227,6.2285996973514557,5.5996,12613,0,0,0
ReflectionRefresh,2228,6.1273952014744282,7.1358,12613,0,0,0
ReflectionRefresh,2229,6.1007016338407993,4.9605,12613,0,0,0
ReflectionRefresh,2230,6.2009990215301514,5.9411,12613,0,0,0
ReflectionRefresh,2231,6.1380029655992985,7.2616,12613,0,0,0
ReflectionRefresh,2232,5.995599552989006,5.1982,12613,0,0,0
ReflectionRefresh,2233,6.1618974432349205,6.1509,12701,0,0,0
ReflectionRefresh,2234,6.2795989215373993,6.8415,12613,0,0,0
ReflectionRefresh,2235,6.2333052046597,5.4864,12613,0,0,0
ReflectionRefresh,2236,6.1491001397371292,6.6949,12613,0,0,0
ReflectionRefresh,2237,6.2419995665550232,5.6256,12613,0,0,0
ReflectionRefresh,2238,6.2340986914932728,6.467,12613,0,0,0
ReflectionRefresh,2239,5.9187994338572025,6.8815,12613,0,0,0
ReflectionRefresh,2240,6.163300946354866,4.7261,12613,0,0,0
ReflectionRefresh,2241,6.2347999773919582,7.0564,12613,0,0,0
ReflectionRefresh,2242,6.0985968448221684,5.8752,12613,0,0,0
ReflectionRefresh,2243,6.3788052648305893,6.5017,12613,0,0,0
ReflectionRefresh,2244,6.1146966181695461,6.4307,12613,0,0,0
ReflectionRefresh,2245,6.1153983697295189,5.1079,12613,0,0,0
ReflectionRefresh,2246,6.08870480209589,7.4497,12613,0,0,0
ReflectionRefresh,2247,6.4460956491529942,5.6485,12613,0,0,0
ReflectionRefresh,2248,6.130704190582037,6.4377,12613,0,0,0
ReflectionRefresh,2249,5.900396965444088,6.4041,12613,0,0,0
ReflectionRefresh,2250,6.3562993891537189,5.5776,12665,0,0,0
ReflectionRefresh,2251,5.9207980521023273,6.2771,12613,0,0,0
ReflectionRefresh,2252,6.3800029456615448,5.5192,12613,0,0,0
ReflectionRefresh,2253,6.0672974213957787,6.7556,12613,0,0,0
ReflectionRefresh,2254,6.0713011771440506,6.3035,12613,0,0,0
ReflectionRefresh,2255,6.1813988722860813,5.9042,12613,0,0,0
ReflectionRefresh,2256,6.1857001855969429,6.0791,12613,0,0,0
ReflectionRefresh,2257,6.1922050081193447,6.0353,12613,0,0,0
ReflectionRefresh,2258,6.2205004505813122,5.7614,12701,0,0,0
ReflectionRefresh,2259,6.185898557305336,6.963,12613,0,0,0
ReflectionRefresh,2260,6.029598880559206,5.7773,12613,0,0,0
ReflectionRefresh,2261,6.3056973740458488,5.9494,12613,0,0,0
ReflectionRefresh,2262,6.2428005039691925,6.0046,12613,0,0,0
ReflectionRefresh,2263,6.0372021980583668,7.2227,12613,0,0,0
ReflectionRefresh,2264,6.5586026757955551,5.8185,12613,0,0,0
ReflectionRefresh,2265,6.0362955555319786,5.638,12613,0,0,0
ReflectionRefresh,2266,5.95279922708869,7.0389,12613,0,0,0
ReflectionRefresh,2267,6.0611041262745857,5.2126,12613,0,0,0
ReflectionRefresh,2268,6.27879798412323,6.1263,12613,0,0,0
ReflectionRefresh,2269,6.0958969406783581,6.1025,12613,0,0,0
ReflectionRefresh,2270,6.3023031689226627,6.2665,12613,0,0,0
ReflectionRefresh,2271,6.5693026408553123,6.0625,12613,0,0,0
ReflectionRefresh,2272,5.8380952104926109,6.4581,12613,0,0,0
ReflectionRefresh,2273,6.033801008015871,6.0791,12613,0,0,0
ReflectionRefresh,2274,6.0740010812878609,6.8306,12613,0,0,0
ReflectionRefresh,2275,6.3343043439090252,5.1152,12613,0,0,0
ReflectionRefresh,2276,6.1375000514090061,6.7367,12613,0,0,0
ReflectionRefresh,2277,6.2098992057144642,6.319,12613,0,0,0
ReflectionRefresh,2278,6.1217970214784145,5.5097,12613,0,0,0
ReflectionRefresh,2279,6.1796982772648335,6.5534,12613,0,0,0
ReflectionRefresh,2280,6.1123017221689224,5.7985,12613,0,0,0
ReflectionRefresh,2281,6.1551020480692387,6.1396,12613,0,0,0
ReflectionRefresh,2282,6.0826954431831837,6.2217,12613,0,0,0
ReflectionRefresh,2283,6.21620612218976,6.6888,12753,0,0,0
ReflectionRefresh,2284,6.0105938464403152,6.7355,12613,0,0,0
ReflectionRefresh,2285,6.2647038139402866,5.0668,12613,0,0,0
ReflectionRefresh,2286,6.1448980122804642,6.3359,12613,0,0,0
ReflectionRefresh,2287,6.1589004471898079,6.1613,12613,0,0,0
ReflectionRefresh,2288,6.0234977863729,6.1146,12613,0,0,0
ReflectionRefresh,2289,6.1952024698257446,6.2551,12613,0,0,0
ReflectionRefresh,2290,6.2946993857622147,6.1083,12613,0,0,0
ReflectionRefresh,2291,6.1046979390084743,6.0339,12613,0,0,0
ReflectionRefresh,2292,6.0413051396608353,6.1532,12613,0,0,0
ReflectionRefresh,2293,6.1451955698430538,6.3921,12613,0,0,0
ReflectionRefresh,2294,6.3453018665313721,6.0583,12613,0,0,0
ReflectionRefresh,2295,5.9567033313214779,5.6065,12613,0,0,0
ReflectionRefresh,2296,6.2314979732036591,6.5898,12613,0,0,0
ReflectionRefresh,2297,6.1796982772648335,6.0321,12613,0,0,0
ReflectionRefresh,2298,6.1936010606586933,6.3029,12613,0,0,0
ReflectionRefresh,2299,6.01780042052269,7.0569,12613,0,0,0
ReflectionRefresh,2300,6.2402989715337753,4.786,12613,0,0,0
ReflectionRefresh,2301,6.43259659409523,6.8969,12613,0,0,0
ReflectionRefresh,2302,6.0354024171829224,6.8613,12613,0,0,0
ReflectionRefresh,2303,6.0196002013981342,5.1882,12613,0,0,0
ReflectionRefresh,2304,6.2895976006984711,5.8021,12613,0,0,0
ReflectionRefresh,2305,5.9800026938319206,6.7867,12613,0,0,0
ReflectionRefresh,2306,6.3344035297632217,5.7834,12613,0,0,0
ReflectionRefresh,2307,6.0630952939391136,6.5606,12613,0,0,0
ReflectionRefresh,2308,6.1335032805800438,5.9823,12701,0,0,0
ReflectionRefresh,2309,6.2526999972760677,6.0391,12613,0,0,0
ReflectionRefresh,2310,6.1609977856278419,6.0441,12613,0,0,0
ReflectionRefresh,2311,5.94929838553071,6.6917,12613,0,0,0
ReflectionRefresh,2312,6.226204801350832,6.5594,12613,0,0,0
ReflectionRefresh,2313,6.3760983757674694,4.7042,12613,0,0,0
ReflectionRefresh,2314,5.8763958513736725,6.3217,12613,0,0,0
ReflectionRefresh,2315,6.3449051231145859,6.6198,12613,0,0,0
ReflectionRefresh,2316,6.1294995248317719,5.6393,12665,0,0,0
ReflectionRefresh,2317,6.0884989798069,7.3737,12613,0,0,0
ReflectionRefresh,2318,6.1661987565457821,5.449,12613,0,0,0
ReflectionRefresh,2319,6.1348993331193924,6.8545,12613,0,0,0
ReflectionRefresh,2320,6.1279973015189171,5.8186,12613,0,0,0
ReflectionRefresh,2321,6.3308035023510456,5.5685,12613,0,0,0
ReflectionRefresh,2322,5.9975977055728436,6.9171,12613,0,0,0
ReflectionRefresh,2323,6.1542019248008728,5.5797,12613,0,0,0
ReflectionRefresh,2324,6.2339995056390762,5.767,12613,0,0,0
ReflectionRefresh,2325,6.2187002040445805,6.6489,12613,0,0,0
ReflectionRefresh,2326,6.0605015605688095,6.4698,12613,0,0,0
ReflectionRefresh,2327,6.2714992091059685,5.5739,12613,0,0,0
ReflectionRefresh,2328,6.0435021296143532,6.6166,12613,0,0,0
ReflectionRefresh,2329,6.2268991023302078,5.8625,12613,0,0,0
ReflectionRefresh,2330,6.093799602240324,7.4621,12613,0,0,0
ReflectionRefresh,2331,6.12819567322731,5.0006,12613,0,0,0
ReflectionRefresh,2332,6.1152991838753223,6.4557,12613,0,0,0
ReflectionRefresh,2333,6.1156037263572216,5.7327,12701,0,0,0
ReflectionRefresh,2334,6.1878967098891735,6.1303,12613,0,0,0
ReflectionRefresh,2335,6.1347009614109993,6.1896,12613,0,0,0
ReflectionRefresh,2336,6.2863025814294815,5.4087,12613,0,0,0
ReflectionRefresh,2337,5.992197897285223,6.578,12613,0,0,0
ReflectionRefresh,2338,6.237400695681572,6.6007,12613,0,0,0
ReflectionRefresh,2339,6.34700246155262,5.6984,12613,0,0,0
ReflectionRefresh,2340,6.02299440652132,6.2186,12613,0,0,0
ReflectionRefresh,2341,6.0892999172210693,6.1954,12613,0,0,0
ReflectionRefresh,2342,6.2327026389539242,5.9657,12613,0,0,0
ReflectionRefresh,2343,6.246903445571661,6.2353,12613,0,0,0
ReflectionRefresh,2344,6.0683959163725376,6.2785,12613,0,0,0
ReflectionRefresh,2345,6.2050027772784233,6.71,12613,0,0,0
ReflectionRefresh,2346,6.0290959663689137,5.1214,12613,0,0,0
ReflectionRefresh,2347,6.2104025855660439,6.2656,12613,0,0,0
ReflectionRefresh,2348,6.2882015481591225,6.2544,12613,0,0,0
ReflectionRefresh,2349,5.9026996605098248,6.6735,12665,0,0,0
ReflectionRefresh,2350,6.2595023773610592,6.325,12613,0,0,0
ReflectionRefresh,2351,6.1665959656238556,6.3509,12613,0,0,0
ReflectionRefresh,2352,6.3080000691115856,5.5626,12613,0,0,0
ReflectionRefresh,2353,6.0449973680078983,6.0717,12613,0,0,0
ReflectionRefresh,2354,6.7498018033802509,6.3936,12613,0,0,0
ReflectionRefresh,2355,5.5730016902089119,6.5856,12613,0,0,0
ReflectionRefresh,2356,5.936203058809042,5.2155,12613,0,0,0
ReflectionRefresh,2357,6.2083969824016094,6.1273,12613,0,0,0
ReflectionRefresh,2358,6.0732993297278881,6.7677,12701,0,0,0
ReflectionRefresh,2359,6.4000990241765976,5.3868,12613,0,0,0
ReflectionRefresh,2360,6.1846016906201839,7.4037,12613,0,0,0
ReflectionRefresh,2361,6.3555981032550335,5.1358,12613,0,0,0
ReflectionRefresh,2362,6.0588009655475616,6.0309,12613,0,0,0
ReflectionRefresh,2363,6.0229026712477207,6.8206,12613,0,0,0
ReflectionRefresh,2364,6.4690974541008472,5.8531,12613,0,0,0
ReflectionRefresh,2365,5.8466978371143341,6.7933,12613,0,0,0
ReflectionRefresh,2366,6.2833051197230816,4.7258,12613,0,0,0
ReflectionRefresh,2367,6.0104946605861187,7.0895,12613,0,0,0
ReflectionRefresh,2368,6.3060019165277481,5.7899,12613,0,0,0
ReflectionRefresh,2369,6.0179987922310829,6.9224,12613,0,0,0
ReflectionRefresh,2370,6.2424037605524063,5.7538,12613,0,0,0
ReflectionRefresh,2371,6.0689980164170265,5.5458,12613,0,0,0
ReflectionRefresh,2372,6.27580052241683,6.8541,12613,0,0,0
ReflectionRefresh,2373,6.2121031805872917,6.2608,12613,0,0,0
ReflectionRefresh,2374,6.454995833337307,5.617,12613,0,0,0
ReflectionRefresh,2375,5.9795989654958248,6.6941,12613,0,0,0
ReflectionRefresh,2376,5.9692035429179668,6.0422,12613,0,0,0
ReflectionRefresh,2377,6.590298842638731,6.542,12613,0,0,0
ReflectionRefresh,2378,6.242701318114996,5.9519,12613,0,0,0
ReflectionRefresh,2379,6.4886976033449173,6.125,12613,0,0,0
ReflectionRefresh,2380,5.7832980528473854,6.9027,12613,0,0,0
ReflectionRefresh,2381,6.2053995206952095,5.3657,12613,0,0,0
ReflectionRefresh,2382,6.073901429772377,6.1304,12665,0,0,0
ReflectionRefresh,2383,6.0562994331121445,6.865,12701,0,0,0
ReflectionRefresh,2384,6.5965987741947174,5.5373,12613,0,0,0
ReflectionRefresh,2385,5.7638040743768215,7.2372,12613,0,0,0
ReflectionRefresh,2386,6.2514031305909157,4.7758,12613,0,0,0
ReflectionRefresh,2387,6.0180979780852795,7.0922,12613,0,0,0
ReflectionRefresh,2388,6.17709755897522,4.8277,12613,0,0,0
ReflectionRefresh,2389,6.20780186727643,6.2565,12613,0,0,0
ReflectionRefresh,2390,6.2870960682630539,6.6462,12613,0,0,0
ReflectionRefresh,2391,6.0611041262745857,6.1951,12613,0,0,0
ReflectionRefresh,2392,6.1135981231927872,6.2778,12613,0,0,0
ReflectionRefresh,2393,6.2362030148506165,5.6753,12613,0,0,0
ReflectionRefresh,2394,6.1431974172592163,6.0988,12613,0,0,0
ReflectionRefresh,2395,6.0817035846412182,7.2519,12613,0,0,0
ReflectionRefresh,2396,5.9796981513500214,5.3914,12613,0,0,0
ReflectionRefresh,2397,6.1772959306836128,6.1256,12613,0,0,0
ReflectionRefresh,2398,6.222803145647049,5.6676,12613,0,0,0
ReflectionRefresh,2399,6.0751982964575291,6.6052,12613,0,0,0
ReflectionsOff,0,6.0794996097683907,5.4542,12613,0,0,0
ReflectionsOff,1,6.8621030077338219,5.3334,12613,0,0,0
ReflectionsOff,2,5.6005953811109066,6.5096,12613,0,0,0
ReflectionsOff,3,6.1406036838889122,6.1322,12613,0,0,0
ReflectionsOff,4,5.9736962430179119,5.5175,12613,0,0,0
ReflectionsOff,5,6.1645056121051311,6.0026,12665,0,0,0
ReflectionsOff,6,6.9821001961827278,6.3623,12613,0,0,0
ReflectionsOff,7,5.4812994785606861,6.8061,12613,0,0,0
ReflectionsOff,8,6.2678004615008831,5.904,12613,0,0,0
ReflectionsOff,9,6.4565972425043583,5.4755,12613,0,0,0
ReflectionsOff,10,5.7028983719646931,6.5823,12613,0,0,0
ReflectionsOff,11,6.3862032257020473,7.0352,12613,0,0,0
ReflectionsOff,12,5.7236962020397186,5.9108,12613,0,0,0
ReflectionsOff,13,6.5839993767440319,5.3109,12613,0,0,0
ReflectionsOff,14,5.9332055971026421,6.604,12701,0,0,0
ReflectionsOff,15,6.0110967606306076,5.7962,12613,0,0,0
ReflectionsOff,16,6.4874999225139618,6.0288,12613,0,0,0
ReflectionsOff,17,6.0077025555074215,6.2582,12613,0,0,0
ReflectionsOff,18,5.99769689142704,7.1228,27255,0,0,0
ReflectionsOff,19,12.330902740359306,4.8991,12613,0,0,0
ReflectionsOff,20,6.1116991564631462,13.1861,12613,0,0,0
ReflectionsOff,21,6.28769863396883,5.6711,12613,0,0,0
ReflectionsOff,22,6.2063988298177719,6.6114,12613,0,0,0
ReflectionsOff,23,5.9824050404131413,5.9498,12613,0,0,0
ReflectionsOff,24,6.232596468180418,5.6243,12613,0,0,0
ReflectionsOff,25,6.1110970564186573,6.5197,12613,0,0,0
ReflectionsOff,26,6.1919004656374454,6.2305,12613,0,0,0
ReflectionsOff,27,6.1943028122186661,6.1323,12613,0,0,0
ReflectionsOff,28,6.2762969173491,5.9052,12613,0,0,0
ReflectionsOff,29,5.8745038695633411,6.1981,12613,0,0,0
ReflectionsOff,30,6.1635985039174557,6.2465,12613,0,0,0
ReflectionsOff,31,6.0923043638467789,5.9101,12613,0,0,0
ReflectionsOff,32,6.18279492482543,6.223,12613,0,0,0
ReflectionsOff,33,6.1862030997872353,6.3497,12613,0,0,0
ReflectionsOff,34,6.2182964757084846,6.2826,12613,0,0,0
ReflectionsOff,35,6.3002053648233414,6.0888,12613,0,0,0
ReflectionsOff,36,5.8594956062734127,6.1771,12613,0,0,0
ReflectionsOff,37,6.2953019514679909,6.4077,12665,0,0,0
ReflectionsOff,38,6.0963011346757412,5.7964,12701,0,0,0
ReflectionsOff,39,6.2128966674208641,5.7544,12613,0,0,0
ReflectionsOff,40,6.0456986539065838,7.4898,12613,0,0,0
ReflectionsOff,41,6.1680059880018234,5.0013,12613,0,0,0
ReflectionsOff,42,6.0930978506803513,7.0359,12613,0,0,0
ReflectionsOff,43,6.466397549957037,5.5339,12613,0,0,0
ReflectionsOff,44,6.0296980664134026,5.9587,12613,0,0,0
ReflectionsOff,45,6.123802624642849,6.6712,12613,0,0,0
ReflectionsOff,46,5.9941043145954609,5.4676,12613,0,0,0
ReflectionsOff,47,6.2245959416031837,6.5484,12613,0,0,0
ReflectionsOff,48,6.3122021965682507,5.6575,12613,0,0,0
ReflectionsOff,49,6.1020976863801479,6.1921,12613,0,0,0
ReflectionsOff,50,6.2332977540791035,6.3938,12613,0,0,0
ReflectionsOff,51,5.9247021563351154,6.0361,12613,0,0,0
ReflectionsOff,52,6.296797189861536,6.277,12613,0,0,0
ReflectionsOff,53,6.1471019871532917,5.9748,12613,0,0,0
ReflectionsOff,54,6.1577027663588524,6.2213,12613,0,0,0
ReflectionsOff,55,6.2201954424381256,6.3077,12613,0,0,0
ReflectionsOff,56,6.0851047746837139,5.9511,12613,0,0,0
ReflectionsOff,57,6.21050177142024,6.3615,12613,0,0,0
ReflectionsOff,58,5.938598420470953,6.0383,12613,0,0,0
ReflectionsOff,59,6.300800945609808,5.7409,12613,0,0,0
ReflectionsOff,60,6.0326955281198025,6.8502,12613,0,0,0
ReflectionsOff,61,6.3303005881607533,5.5852,12613,0,0,0
ReflectionsOff,62,6.1093042604625225,6.3623,12613,0,0,0
ReflectionsOff,63,6.3455002382397652,6.1118,12701,0,0,0
ReflectionsOff,64,5.9405965730547905,6.5155,12613,0,0,0
ReflectionsOff,65,6.163300946354866,5.7486,12613,0,0,0
ReflectionsOff,66,6.1499006114900112,6.5681,12613,0,0,0
ReflectionsOff,67,6.5930979326367378,5.4015,12613,0,0,0
ReflectionsOff,68,5.9839994646608829,8.8687,21397,0,0,0
ReflectionsOff,69,5.9378049336373806,3.7331,12613,0,0,0
ReflectionsOff,70,7.1043935604393482,5.9925,12665,0,0,0
ReflectionsOff,71,5.1179067231714725,7.2495,12613,0,0,0
ReflectionsOff,72,6.1757937073707581,5.2881,12613,0,0,0
ReflectionsOff,73,6.15970091894269,5.7908,12613,0,0,0
ReflectionsOff,74,6.2647038139402866,6.717,12613,0,0,0
ReflectionsOff,75,6.0681970790028572,6.4392,12613,0,0,0
ReflectionsOff,76,6.2365010380744934,5.5837,12613,0,0,0
ReflectionsOff,77,5.9918011538684368,6.6323,12613,0,0,0
ReflectionsOff,78,6.0485969297587872,5.4659,12613,0,0,0
ReflectionsOff,79,6.35570427402854,5.9808,12613,0,0,0
ReflectionsOff,80,5.9788972139358521,7.1093,12613,0,0,0
ReflectionsOff,81,6.4140022732317448,4.8736,12613,0,0,0
ReflectionsOff,82,6.2811011448502541,6.9513,12613,0,0,0
ReflectionsOff,83,6.0548963956534863,6.3731,12613,0,0,0
ReflectionsOff,84,6.1829010955989361,5.6323,12613,0,0,0
ReflectionsOff,85,5.9584961272776127,6.7714,12613,0,0,0
ReflectionsOff,86,6.3288053497672081,5.3248,12613,0,0,0
ReflectionsOff,87,6.20289845392108,6.8315,12613,0,0,0
ReflectionsOff,88,6.08300045132637,6.2888,12701,0,0,0
ReflectionsOff,89,6.2253968790173531,5.4163,12613,0,0,0
ReflectionsOff,90,5.9941043145954609,6.8042,12613,0,0,0
ReflectionsOff,91,6.2801940366625786,5.2088,12613,0,0,0
ReflectionsOff,92,6.1517008580267429,6.2699,12613,0,0,0
ReflectionsOff,93,6.0971016064286232,6.519,12613,0,0,0
ReflectionsOff,94,5.9600980021059513,6.0922,12613,0,0,0
ReflectionsOff,95,6.2044006772339344,6.586,12613,0,0,0
ReflectionsOff,96,6.4460034482181072,5.6864,12613,0,0,0
ReflectionsOff,97,6.0909013263881207,6.69,12613,0,0,0
ReflectionsOff,98,6.1038974672555923,5.8226,12613,0,0,0
ReflectionsOff,99,6.0437996871769428,6.6436,12613,0,0,0
ReflectionsOff,100,6.3240006566047668,5.2275,12613,0,0,0
ReflectionsOff,101,6.0587017796933651,6.1108,12613,0,0,0
ReflectionsOff,102,6.1120958998799324,6.4933,12613,0,0,0
ReflectionsOff,103,6.1378045938909054,7.0577,12665,0,0,0
ReflectionsOff,104,6.2512969598174095,4.9822,12613,0,0,0
ReflectionsOff,105,6.1444020830094814,6.2945,12613,0,0,0
ReflectionsOff,106,6.2200962565839291,7.8282,12613,0,0,0
ReflectionsOff,107,6.0088010504841805,4.5957,12613,0,0,0
ReflectionsOff,108,6.1369049362838268,6.2126,12613,0,0,0
ReflectionsOff,109,6.4563988707959652,6.0297,12613,0,0,0
ReflectionsOff,110,6.059594452381134,5.8958,12613,0,0,0
ReflectionsOff,111,6.3059027306735516,8.3174,12613,0,0,0
ReflectionsOff,112,5.9801018796861172,4.4725,12613,0,0,0
ReflectionsOff,113,6.1084963381290436,6.4849,12701,0,0,0
ReflectionsOff,114,6.1154053546488285,5.3879,12613,0,0,0
ReflectionsOff,115,5.99199952557683,6.7667,12613,0,0,0
ReflectionsOff,116,6.218799389898777,5.583,12613,0,0,0
ReflectionsOff,117,6.2799956649541855,6.5299,12613,0,0,0
ReflectionsOff,118,6.1345025897026062,6.3029,12613,0,0,0
ReflectionsOff,119,6.16510072723031,5.7691,12613,0,0,0
ReflectionsOff,120,6.0124006122350693,6.4332,12613,0,0,0
ReflectionsOff,121,6.3398950733244419,5.7469,12613,0,0,0
ReflectionsOff,122,5.9339003637433052,6.3635,12613,0,0,0
ReflectionsOff,123,6.2370039522647858,6.3659,12613,0,0,0
ReflectionsOff,124,6.1296978965401649,6.2591,12613,0,0,0
ReflectionsOff,125,6.167297251522541,5.5794,12613,0,0,0
ReflectionsOff,126,6.15150248631835,8.2766,12613,0,0,0
ReflectionsOff,127,6.4131021499633789,4.3828,12613,0,0,0
ReflectionsOff,128,5.8769984170794487,7.2675,12613,0,0,0
ReflectionsOff,129,6.1295987106859684,5.0585,12613,0,0,0
ReflectionsOff,130,6.3453018665313721,6.339,12613,0,0,0
ReflectionsOff,131,6.1321994289755821,5.68,12613,0,0,0
ReflectionsOff,132,6.1408020555973053,6.357,12613,0,0,0
ReflectionsOff,133,5.9824972413480282,5.928,12613,0,0,0
ReflectionsOff,134,6.2957978807389736,5.8697,12613,0,0,0
ReflectionsOff,135,6.1101047322154045,6.5402,12613,0,0,0
ReflectionsOff,136,6.1187995597720146,7.1996,12665,0,0,0
ReflectionsOff,137,6.2513961456716061,4.949,12613,0,0,0
ReflectionsOff,138,6.0021043755114079,6.0551,12701,0,0,0
ReflectionsOff,139,6.1194938607513905,6.3237,12613,0,0,0
ReflectionsOff,140,7.1186013519763947,5.8892,12613,0,0,0
ReflectionsOff,141,5.2103032357990742,7.6014,12613,0,0,0
ReflectionsOff,142,6.2798964790999889,4.8195,12613,0,0,0
ReflectionsOff,143,6.1089000664651394,6.7103,12613,0,0,0
ReflectionsOff,144,6.2392004765570164,5.8588,12613,0,0,0
ReflectionsOff,145,6.154804490506649,6.1609,12613,0,0,0
ReflectionsOff,146,6.201296579092741,7.6475,12613,0,0,0
ReflectionsOff,147,6.1252973973751068,4.2585,12613,0,0,0
ReflectionsOff,148,6.1982991173863411,6.469,12613,0,0,0
ReflectionsOff,149,6.1077028512954712,5.8315,12613,0,0,0
ReflectionsOff,150,6.2268991023302078,6.6311,12613,0,0,0
ReflectionsOff,151,5.9990007430315018,7.0855,12613,0,0,0
ReflectionsOff,152,6.3285999931395054,4.7848,12613,0,0,0
ReflectionsOff,153,5.9719034470617771,6.6901,12613,0,0,0
ReflectionsOff,154,6.385494489222765,5.8147,12613,0,0,0
ReflectionsOff,155,6.481504999101162,6.1821,12613,0,0,0
ReflectionsOff,156,5.77040109783411,7.4834,12613,0,0,0
ReflectionsOff,157,6.2552932649850845,4.7779,12613,0,0,0
ReflectionsOff,158,6.1603034846484661,6.5683,12613,0,0,0
ReflectionsOff,159,6.0347011312842369,6.6988,12613,0,0,0
ReflectionsOff,160,6.70229597017169,4.934,12613,0,0,0
ReflectionsOff,161,5.5859056301414967,7.3839,12613,0,0,0
ReflectionsOff,162,6.2079010531306267,5.5742,12613,0,0,0
ReflectionsOff,163,6.1349985189735889,6.5389,12701,0,0,0
ReflectionsOff,164,6.4054988324642181,5.639,12613,0,0,0
ReflectionsOff,165,5.9820013120770454,5.9206,12613,0,0,0
ReflectionsOff,166,6.2134000472724438,6.3893,12613,0,0,0
ReflectionsOff,167,6.0164965689182281,5.7136,12613,0,0,0
ReflectionsOff,168,6.2305978499352932,6.2601,12613,0,0,0
ReflectionsOff,169,6.0363025404512882,6.6565,12665,0,0,0
ReflectionsOff,170,6.1781038530170918,5.2826,12613,0,0,0
ReflectionsOff,171,6.1325961723923683,6.7614,12613,0,0,0
ReflectionsOff,172,6.3598994165658951,6.5098,12613,0,0,0
ReflectionsOff,173,6.11159997060895,6.6881,12613,0,0,0
ReflectionsOff,174,6.1783022247254848,5.3518,12613,0,0,0
ReflectionsOff,175,6.0165957547724247,6.1763,12613,0,0,0
ReflectionsOff,176,6.1203017830848694,6.131,12613,0,0,0
ReflectionsOff,177,6.2812003307044506,5.5886,12613,0,0,0
ReflectionsOff,178,6.0419007204473019,6.0487,12613,0,0,0
ReflectionsOff,179,6.3430978916585445,6.3108,12613,0,0,0
ReflectionsOff,180,6.1690052971243858,6.5387,12613,0,0,0
ReflectionsOff,181,6.1194938607513905,7.9394,12613,0,0,0
ReflectionsOff,182,6.1964001506567,4.1295,12613,0,0,0
ReflectionsOff,183,6.0807042755186558,5.9341,12613,0,0,0
ReflectionsOff,184,6.1285998672246933,6.7733,12613,0,0,0
ReflectionsOff,185,6.15970091894269,6.1236,12613,0,0,0
ReflectionsOff,186,6.1018993146717548,7.0619,12613,0,0,0
ReflectionsOff,187,6.3102962449193,4.9184,12613,0,0,0
ReflectionsOff,188,5.9886053204536438,5.9241,12701,0,0,0
ReflectionsOff,189,6.261500995606184,5.914,12613,0,0,0
ReflectionsOff,190,6.0470947064459324,6.1816,12613,0,0,0
ReflectionsOff,191,6.0388040728867054,7.4864,12613,0,0,0
ReflectionsOff,192,6.2029976397752762,5.0571,12613,0,0,0
ReflectionsOff,193,6.09960313886404,6.3552,12613,0,0,0
ReflectionsOff,194,6.2426943331956863,6.4565,12613,0,0,0
ReflectionsOff,195,6.1787059530615807,5.8195,12613,0,0,0
ReflectionsOff,196,6.1547975055873394,6.9714,12613,0,0,0
ReflectionsOff,197,6.092502735555172,5.0194,12613,0,0,0
ReflectionsOff,198,6.0890945605933666,6.3558,12613,0,0,0
ReflectionsOff,199,6.0763037763535976,5.9904,12613,0,0,0
ReflectionsOff,200,6.2795989215373993,5.8566,12613,0,0,0
ReflectionsOff,201,6.2233987264335155,6.6694,12613,0,0,0
ReflectionsOff,202,6.1610047705471516,6.1794,12665,0,0,0
ReflectionsOff,203,6.0777990147471428,5.7434,12613,0,0,0
ReflectionsOff,204,6.2279975973069668,6.694,12613,0,0,0
ReflectionsOff,205,6.0768988914787769,5.6035,12613,0,0,0
ReflectionsOff,206,6.0540037229657173,7.0598,12613,0,0,0
ReflectionsOff,207,6.2724985182285309,5.9868,12613,0,0,0
ReflectionsOff,208,6.0939979739487171,6.4308,12613,0,0,0
ReflectionsOff,209,6.2565971165895462,5.4263,12613,0,0,0
ReflectionsOff,210,6.2083047814667225,5.9923,12613,0,0,0
ReflectionsOff,211,6.1108986847102642,6.4327,12613,0,0,0
ReflectionsOff,212,6.0137966647744179,5.9151,12613,0,0,0
ReflectionsOff,213,6.4600058831274509,6.3845,12701,0,0,0
ReflectionsOff,214,6.0015944764018059,6.1465,12613,0,0,0
ReflectionsOff,215,6.294401828199625,6.2272,12613,0,0,0
ReflectionsOff,216,6.0107000172138214,7.0136,12613,0,0,0
ReflectionsOff,217,6.1720027588307858,5.3425,12613,0,0,0
ReflectionsOff,218,6.2546981498599052,6.2922,12613,0,0,0
ReflectionsOff,219,6.2061012722551823,6.8211,12613,0,0,0
ReflectionsOff,220,5.9927012771368027,5.1835,12613,0,0,0
ReflectionsOff,221,6.3084964640438557,6.0109,12613,0,0,0
ReflectionsOff,222,6.1778980307281017,6.174,12613,0,0,0
ReflectionsOff,223,6.2767998315393925,6.0849,12613,0,0,0
ReflectionsOff,224,6.0435021296143532,6.9991,12613,0,0,0
ReflectionsOff,225,6.0671982355415821,5.1416,12613,0,0,0
ReflectionsOff,226,6.1678006313741207,6.323,12613,0,0,0
ReflectionsOff,227,6.3167018815875053,6.4429,12613,0,0,0
ReflectionsOff,228,6.4788972958922386,6.2031,12613,0,0,0
ReflectionsOff,229,5.8259000070393085,6.6157,12613,0,0,0
ReflectionsOff,230,6.1494046822190285,6.0718,12613,0,0,0
ReflectionsOff,231,6.1535998247563839,6.404,12613,0,0,0
ReflectionsOff,232,6.1402991414070129,5.2189,12613,0,0,0
ReflectionsOff,233,6.268700584769249,5.9537,12613,0,0,0
ReflectionsOff,234,6.0905967839062214,7.3519,12613,0,0,0
ReflectionsOff,235,6.2178005464375019,4.9923,12665,0,0,0
ReflectionsOff,236,5.97509928047657,7.4364,12613,0,0,0
ReflectionsOff,237,6.2573058530688286,5.2741,12613,0,0,0
ReflectionsOff,238,6.1958972364664078,5.699,12701,0,0,0
ReflectionsOff,239,6.084502674639225,6.6402,12613,0,0,0
ReflectionsOff,240,6.1419997364282608,6.4707,12613,0,0,0
ReflectionsOff,241,6.1769983731210232,5.8936,12613,0,0,0
ReflectionsOff,242,6.052196491509676,6.3044,12613,0,0,0
ReflectionsOff,243,6.4333048649132252,5.9935,12613,0,0,0
ReflectionsOff,244,5.875694565474987,5.9691,12613,0,0,0
ReflectionsOff,245,6.1293011531233788,6.1242,12613,0,0,0
ReflectionsOff,246,6.1482000164687634,5.8148,12613,0,0,0
ReflectionsOff,247,6.37010345235467,5.9813,12613,0,0,0
ReflectionsOff,248,6.4089000225067139,6.9723,12613,0,0,0
ReflectionsOff,249,6.0855015181005,6.3038,12613,0,0,0
ReflectionsOff,250,6.2640942633152008,5.5306,12613,0,0,0
ReflectionsOff,251,6.0698059387505054,6.3037,12613,0,0,0
ReflectionsOff,252,5.913896020501852,6.4737,12613,0,0,0
ReflectionsOff,253,6.2969033606350422,5.8602,12613,0,0,0
ReflectionsOff,254,6.2151998281478882,6.596,12613,0,0,0
ReflectionsOff,255,6.0050948522984982,6.6163,12613,0,0,0
ReflectionsOff,256,6.7181051708757877,5.2303,12613,0,0,0
ReflectionsOff,257,5.7860971428453922,6.4839,12613,0,0,0
ReflectionsOff,258,5.94929838553071,6.7174,12613,0,0,0
ReflectionsOff,259,6.2747024931013584,5.651,12613,0,0,0
ReflectionsOff,260,6.0205003246665,5.8891,12613,0,0,0
ReflectionsOff,261,6.2142997048795223,6.266,12613,0,0,0
ReflectionsOff,262,6.3054990023374557,5.8355,12613,0,0,0
ReflectionsOff,263,6.1318026855587959,6.1859,12701,0,0,0
ReflectionsOff,264,6.1322986148297787,6.2621,12613,0,0,0
ReflectionsOff,265,6.0804989188909531,5.778,12613,0,0,0
ReflectionsOff,266,6.2062004581093788,6.1263,12613,0,0,0
ReflectionsOff,267,5.9922975488007069,6.8332,12613,0,0,0
ReflectionsOff,268,6.1502056196331978,5.8214,12665,0,0,0
ReflectionsOff,269,6.3451956957578659,6.4484,12613,0,0,0
ReflectionsOff,270,6.1693028546869755,5.8896,12613,0,0,0
ReflectionsOff,271,6.1830002814531326,6.2149,12613,0,0,0
ReflectionsOff,272,5.9448978863656521,6.5256,12613,0,0,0
ReflectionsOff,273,6.2509989365935326,6.0017,12613,0,0,0
ReflectionsOff,274,6.0393991880118847,6.1006,12613,0,0,0
ReflectionsOff,275,6.3468040898442268,5.4365,12613,0,0,0
ReflectionsOff,276,6.0421982780098915,7.4586,12613,0,0,0
ReflectionsOff,277,6.842899601906538,5.7412,12613,0,0,0
ReflectionsOff,278,5.562896840274334,6.1089,12613,0,0,0
ReflectionsOff,279,6.0576032847166061,5.7105,12613,0,0,0
ReflectionsOff,280,6.310898344963789,6.0392,12613,0,0,0
ReflectionsOff,281,6.1035007238388062,6.3468,12613,0,0,0
ReflectionsOff,282,6.1558037996292114,5.9693,12613,0,0,0
ReflectionsOff,283,6.14309823140502,6.6718,12613,0,0,0
ReflectionsOff,284,6.0607991181313992,5.907,12613,0,0,0
ReflectionsOff,285,6.31330069154501,6.6061,12613,0,0,0
ReflectionsOff,286,6.1232000589370728,5.5715,12613,0,0,0
ReflectionsOff,287,6.0965986922383308,6.2872,12613,0,0,0
ReflectionsOff,288,6.3374009914696217,5.7923,12701,0,0,0
ReflectionsOff,289,6.219097413122654,6.301,12613,0,0,0
ReflectionsOff,290,6.1062006279826164,6.3245,12613,0,0,0
ReflectionsOff,291,6.14230427891016,6.6222,12613,0,0,0
ReflectionsOff,292,6.1481008306145668,5.6168,12613,0,0,0
ReflectionsOff,293,6.3331988640129566,6.3946,12613,0,0,0
ReflectionsOff,294,6.2304986640810966,6.4681,12613,0,0,0
ReflectionsOff,295,6.1088008806109428,5.7072,12613,0,0,0
ReflectionsOff,296,6.109495647251606,6.1036,12613,0,0,0
ReflectionsOff,297,6.052402313798666,6.2822,12613,0,0,0
ReflectionsOff,298,6.3637965358793736,5.8976,12613,0,0,0
ReflectionsOff,299,6.0877054929733276,6.6344,12613,0,0,0
ReflectionsOff,300,6.2554990872740746,5.9139,12613,0,0,0
ReflectionsOff,301,6.1227963306009769,6.4035,12665,0,0,0
ReflectionsOff,302,6.160905584692955,6.1297,12613,0,0,0
ReflectionsOff,303,6.125899963080883,5.7381,12613,0,0,0
ReflectionsOff,304,6.1162980273365974,6.4715,12613,0,0,0
ReflectionsOff,305,6.0982992872595787,6.2218,12613,0,0,0
ReflectionsOff,306,6.0913972556591034,6.2118,12613,0,0,0
ReflectionsOff,307,6.2050027772784233,6.5231,12613,0,0,0
ReflectionsOff,308,6.3372021540999413,5.7233,12613,0,0,0
ReflectionsOff,309,6.1834962107241154,6.6709,12613,0,0,0
ReflectionsOff,310,5.9624006971716881,6.0331,12613,0,0,0
ReflectionsOff,311,6.1021968722343445,5.5133,12613,0,0,0
ReflectionsOff,312,6.2566041015088558,6.0379,12613,0,0,0
ReflectionsOff,313,6.1660995706915855,6.5599,12701,0,0,0
ReflectionsOff,314,6.0590985231101513,5.9,12613,0,0,0
ReflectionsOff,315,6.3203019089996815,6.1322,12613,0,0,0
ReflectionsOff,316,5.9377974830567837,6.0256,12613,0,0,0
ReflectionsOff,317,6.3185021281242371,6.029,12613,0,0,0
ReflectionsOff,318,6.1051021330058575,6.3173,12613,0,0,0
ReflectionsOff,319,6.0732993297278881,5.8297,12613,0,0,0
ReflectionsOff,320,6.342998705804348,6.9884,12613,0,0,0
ReflectionsOff,321,6.0837017372250557,5.3552,12613,0,0,0
ReflectionsOff,322,6.1467969790101051,6.5081,12613,0,0,0
ReflectionsOff,323,6.3883005641400814,6.1309,12613,0,0,0
ReflectionsOff,324,5.9189978055655956,6.4051,12613,0,0,0
ReflectionsOff,325,6.2146047130227089,5.6987,12613,0,0,0
ReflectionsOff,326,6.1619970947504044,6.6303,12613,0,0,0
ReflectionsOff,327,6.3089001923799515,6.4149,12613,0,0,0
ReflectionsOff,328,6.4723994582891464,5.5592,12613,0,0,0
ReflectionsOff,329,5.7598995044827461,6.6413,12613,0,0,0
ReflectionsOff,330,6.1959042213857174,5.6513,12613,0,0,0
ReflectionsOff,331,6.0764951631426811,5.9029,12613,0,0,0
ReflectionsOff,332,6.0153980739414692,6.5886,12613,0,0,0
ReflectionsOff,333,6.1935018748044968,6.0071,12613,0,0,0
ReflectionsOff,334,6.1490009538829327,6.4429,12665,0,0,0
ReflectionsOff,335,6.31030322983861,6.0025,12613,0,0,0
ReflectionsOff,336,6.1378967948257923,5.7912,12613,0,0,0
ReflectionsOff,337,6.0594035312533379,7.7301,12613,0,0,0
ReflectionsOff,338,6.2697986140847206,4.431,12701,0,0,0
ReflectionsOff,339,5.9996955096721649,6.7828,12613,0,0,0
ReflectionsOff,340,6.1335032805800438,5.7856,12613,0,0,0
ReflectionsOff,341,6.3180979341268539,6.3858,12613,0,0,0
ReflectionsOff,342,6.071804091334343,6.1957,12613,0,0,0
ReflectionsOff,343,6.7126983776688576,5.7763,12613,0,0,0
ReflectionsOff,344,5.6593962945044041,6.3009,12613,0,0,0
ReflectionsOff,345,6.2377057038247585,6.2093,12613,0,0,0
ReflectionsOff,346,6.2000001780688763,6.0156,12613,0,0,0
ReflectionsOff,347,6.0649942606687546,6.5489,12613,0,0,0
ReflectionsOff,348,6.2552010640501976,6.3881,12613,0,0,0
ReflectionsOff,349,6.1531038954854012,5.7045,12613,0,0,0
ReflectionsOff,350,6.0535003431141376,6.6062,12613,0,0,0
ReflectionsOff,351,6.2421979382634163,5.7283,12613,0,0,0
ReflectionsOff,352,6.27059955149889,5.9311,12613,0,0,0
ReflectionsOff,353,5.9857000596821308,7.3119,12613,0,0,0
ReflectionsOff,354,6.2294998206198215,5.3078,12613,0,0,0
ReflectionsOff,355,6.202302873134613,6.101,12613,0,0,0
ReflectionsOff,356,6.08279462903738,6.7871,12613,0,0,0
ReflectionsOff,357,6.00040378049016,5.3343,12613,0,0,0
ReflectionsOff,358,6.1128968372941017,6.5484,12613,0,0,0
ReflectionsOff,359,6.3656037673354149,6.0908,12613,0,0,0
ReflectionsOff,360,6.1964001506567,6.8397,12613,0,0,0
ReflectionsOff,361,6.1853951774537563,5.379,12613,0,0,0
ReflectionsOff,362,6.1193029396235943,6.5795,12613,0,0,0
ReflectionsOff,363,6.1667021363973618,5.385,12701,0,0,0
ReflectionsOff,364,5.9922975488007069,7.0463,12613,0,0,0
ReflectionsOff,365,6.22490094974637,5.7335,12613,0,0,0
ReflectionsOff,366,6.3066962175071239,5.9095,12613,0,0,0
ReflectionsOff,367,6.196201778948307,6.3282,12665,0,0,0
ReflectionsOff,368,5.94330346211791,7.2723,12613,0,0,0
ReflectionsOff,369,6.376197561621666,4.7925,12613,0,0,0
ReflectionsOff,370,6.0340985655784607,7.7153,12613,0,0,0
ReflectionsOff,371,6.1703016981482506,4.8498,12613,0,0,0
ReflectionsOff,372,6.5072989091277122,6.0116,12613,0,0,0
ReflectionsOff,373,5.8197989128530025,6.3548,12613,0,0,0
ReflectionsOff,374,6.2274020165205,6.1484,12613,0,0,0
ReflectionsOff,375,5.9599983505904675,6.7866,12613,0,0,0
ReflectionsOff,376,6.15670345723629,4.8186,12613,0,0,0
ReflectionsOff,377,6.2039964832365513,6.6948,12613,0,0,0
ReflectionsOff,378,6.3839000649750233,5.8575,12613,0,0,0
ReflectionsOff,379,5.89870335534215,6.6058,12613,0,0,0
ReflectionsOff,380,6.2117986381053925,5.7832,12613,0,0,0
ReflectionsOff,381,6.0317954048514366,6.0662,12613,0,0,0
ReflectionsOff,382,6.2957056798040867,6.114,12613,0,0,0
ReflectionsOff,383,6.1747943982481956,6.9966,12613,0,0,0
ReflectionsOff,384,5.9934025630354881,5.9128,12613,0,0,0
ReflectionsOff,385,6.2396968714892864,5.8677,12613,0,0,0
ReflectionsOff,386,6.1138039454817772,5.97,12613,0,0,0
ReflectionsOff,387,6.0438988730311394,5.8995,12613,0,0,0
ReflectionsOff,388,6.23880373314023,6.6672,12701,0,0,0
ReflectionsOff,389,6.1308955773711205,6.0006,12613,0,0,0
ReflectionsOff,390,6.4301020465791225,6.0714,12613,0,0,0
ReflectionsOff,391,5.8797975070774555,7.5704,12613,0,0,0
ReflectionsOff,392,6.4631025306880474,5.5483,12613,0,0,0
ReflectionsOff,393,5.9876982122659683,5.6978,12613,0,0,0
ReflectionsOff,394,6.0980017296969891,6.2615,12613,0,0,0
ReflectionsOff,395,6.1531956307590008,6.4765,12613,0,0,0
ReflectionsOff,396,6.2132016755640507,5.4336,12613,0,0,0
ReflectionsOff,397,5.9866993688046932,6.6018,12613,0,0,0
ReflectionsOff,398,77.085301280021667,78.6103,12613,0,0,0
ReflectionsOff,399,4.0823980234563351,4.215,12665,0,0,0
ReflectionsOff,400,3.1615009065717459,3.1732,12613,0,0,0
ReflectionsOff,401,4.0848995558917522,3.9731,12613,0,0,0
ReflectionsOff,402,3.70030477643013,3.7636,12701,0,0,0
ReflectionsOff,403,5.1203938201069832,4.1844,12613,0,0,0
ReflectionsOff,404,6.2490999698638916,5.1804,12613,0,0,0
ReflectionsOff,405,6.0588009655475616,6.3682,12613,0,0,0
ReflectionsOff,406,6.1026997864246368,5.9526,12613,0,0,0
ReflectionsOff,407,6.1044003814458847,5.4027,12613,0,0,0
ReflectionsOff,408,6.21050177142024,7.147,12613,0,0,0
ReflectionsOff,409,6.3476972281932831,5.2805,12613,0,0,0
ReflectionsOff,410,6.0595027171075344,6.5981,12613,0,0,0
ReflectionsOff,411,6.082397885620594,6.46,12613,0,0,0
ReflectionsOff,412,6.1211027204990387,5.6771,12613,0,0,0
ReflectionsOff,413,6.1818026006221771,6.6149,12613,0,0,0
ReflectionsOff,414,6.3377977348864079,5.6054,12613,0,0,0
ReflectionsOff,415,6.9471015594899654,6.2345,12613,0,0,0
ReflectionsOff,416,5.2041951566934586,7.4639,12613,0,0,0
ReflectionsOff,417,6.3665038906037807,4.8311,12613,0,0,0
ReflectionsOff,418,6.206597201526165,6.7961,12613,0,0,0
ReflectionsOff,419,6.0723000206053257,5.2318,12613,0,0,0
ReflectionsOff,420,6.0514030046761036,6.7726,12613,0,0,0
ReflectionsOff,421,6.2142005190253258,6.4218,12613,0,0,0
ReflectionsOff,422,6.0221939347684383,5.2369,12613,0,0,0
ReflectionsOff,423,6.006504874676466,6.9177,12613,0,0,0
ReflectionsOff,424,6.1679990030825138,5.8886,12613,0,0,0
ReflectionsOff,425,6.5301018767058849,5.9122,12613,0,0,0
ReflectionsOff,426,6.3004959374666214,6.3015,12613,0,0,0
ReflectionsOff,427,5.780399776995182,6.6094,12613,0,0,0
ReflectionsOff,428,6.1349985189735889,5.1223,12701,0,0,0
ReflectionsOff,429,6.2841055914759636,6.8209,12613,0,0,0
ReflectionsOff,430,6.1410004273056984,6.2072,12613,0,0,0
ReflectionsOff,431,6.059594452381134,6.4041,12613,0,0,0
ReflectionsOff,432,6.2700044363737106,5.5211,12613,0,0,0
ReflectionsOff,433,6.1379959806799889,6.0318,12613,0,0,0
ReflectionsOff,434,6.1916029080748558,5.9952,12665,0,0,0
ReflectionsOff,435,6.1676022596657276,6.0738,12613,0,0,0
ReflectionsOff,436,6.1175948940217495,6.5656,12613,0,0,0
ReflectionsOff,437,6.1106011271476746,5.9608,12613,0,0,0
ReflectionsOff,438,6.0337018221616745,6.1191,12613,0,0,0
ReflectionsOff,439,6.1410004273056984,5.8775,12613,0,0,0
ReflectionsOff,440,6.2625990249216557,6.442,12613,0,0,0
ReflectionsOff,441,6.0056974180042744,7.3099,12613,0,0,0
ReflectionsOff,442,6.3292020931839943,4.5971,12613,0,0,0
ReflectionsOff,443,6.024298258125782,6.5646,12613,0,0,0
ReflectionsOff,444,6.3732992857694626,6.7995,12613,0,0,0
ReflectionsOff,445,5.9059029445052147,5.6046,12613,0,0,0
ReflectionsOff,446,6.2475977465510368,6.1233,12613,0,0,0
ReflectionsOff,447,6.0053998604416847,6.4547,12613,0,0,0
ReflectionsOff,448,6.2184026464819908,5.9573,12613,0,0,0
ReflectionsOff,449,6.1208968982100487,6.6449,12613,0,0,0
ReflectionsOff,450,6.2693026848137379,4.9899,12613,0,0,0
ReflectionsOff,451,6.237400695681572,6.658,12613,0,0,0
ReflectionsOff,452,6.0839992947876453,6.0927,12613,0,0,0
ReflectionsOff,453,6.5591977909207344,6.1242,12701,0,0,0
ReflectionsOff,454,6.085303146392107,6.5698,12613,0,0,0
ReflectionsOff,455,6.0938987880945206,6.6482,12613,0,0,0
ReflectionsOff,456,6.320401094853878,5.9477,12613,0,0,0
ReflectionsOff,457,6.0919006355106831,5.7182,12613,0,0,0
ReflectionsOff,458,6.3820010982453823,6.3334,12613,0,0,0
ReflectionsOff,459,6.0167941264808178,6.9803,12613,0,0,0
ReflectionsOff,460,6.2353033572435379,5.79,12613,0,0,0
ReflectionsOff,461,6.0456986539065838,5.9995,12613,0,0,0
ReflectionsOff,462,6.1175026930868626,6.073,12613,0,0,0
ReflectionsOff,463,6.3190972432494164,6.293,12613,0,0,0
ReflectionsOff,464,6.1533022671937943,6.3395,12613,0,0,0
ReflectionsOff,465,6.0518989339470863,6.7139,12613,0,0,0
ReflectionsOff,466,6.1087016947567463,4.9953,12613,0,0,0
ReflectionsOff,467,6.2253968790173531,6.3113,12665,0,0,0
ReflectionsOff,468,6.3260984607040882,6.4853,12613,0,0,0
ReflectionsOff,469,5.9030046686530113,7.2664,12613,0,0,0
ReflectionsOff,470,6.099100224673748,4.6614,12613,0,0,0
ReflectionsOff,471,6.1929989606142044,7.2626,12613,0,0,0
ReflectionsOff,472,6.2578017823398113,5.1384,12613,0,0,0
ReflectionsOff,473,6.3627976924180984,6.0394,12613,0,0,0
ReflectionsOff,474,5.9669995680451393,7.0278,12613,0,0,0
ReflectionsOff,475,6.3259000889956951,4.9489,12613,0,0,0
ReflectionsOff,476,6.13980321213603,7.2752,12613,0,0,0
ReflectionsOff,477,6.1402991414070129,5.5422,12613,0,0,0
ReflectionsOff,478,6.2747946940362453,5.9268,12701,0,0,0
ReflectionsOff,479,5.9068026021122932,7.1151,12613,0,0,0
ReflectionsOff,480,6.4215986058115959,6.0579,12613,0,0,0
ReflectionsOff,481,6.0451035387814045,5.4032,12613,0,0,0
ReflectionsOff,482,6.0750991106033325,6.3222,12613,0,0,0
ReflectionsOff,483,6.5156957134604454,6.3441,12613,0,0,0
ReflectionsOff,484,5.7405047118663788,6.9753,12613,0,0,0
ReflectionsOff,485,6.4030964858829975,4.5532,12613,0,0,0
ReflectionsOff,486,6.3870041631162167,6.5173,12613,0,0,0
ReflectionsOff,487,5.8661988005042076,6.7336,12613,0,0,0
ReflectionsOff,488,6.4187003299593925,5.2577,12613,0,0,0
ReflectionsOff,489,6.106299813836813,6.7711,12613,0,0,0
ReflectionsOff,490,6.1859977431595325,6.0313,12613,0,0,0
ReflectionsOff,491,5.9206988662481308,5.8845,12613,0,0,0
ReflectionsOff,492,6.1365007422864437,6.328,12613,0,0,0
ReflectionsOff,493,6.4542018808424473,6.7298,12613,0,0,0
ReflectionsOff,494,6.0361963696777821,6.2607,12613,0,0,0
ReflectionsOff,495,6.2441043555736542,5.6117,12613,0,0,0
ReflectionsOff,496,6.0186013579368591,5.9833,12613,0,0,0
ReflectionsOff,497,6.2442957423627377,6.4665,12613,0,0,0
ReflectionsOff,498,6.14010076969862,5.6007999999999996,12613,0,0,0
ReflectionsOff,499,5.9485048986971378,6.7001,12613,0,0,0
ReflectionsOff,500,6.1699971556663513,5.4513,12665,0,0,0
ReflectionsOff,501,6.2525016255676746,6.7489,12613,0,0,0
ReflectionsOff,502,6.1884000897407532,6.405,12613,0,0,0
ReflectionsOff,503,6.1925947666168213,5.6627,12701,0,0,0
ReflectionsOff,504,5.9898030012845993,6.4655,12613,0,0,0
ReflectionsOff,505,6.1475979164242744,6.1288,12613,0,0,0
ReflectionsOff,506,6.0955993831157684,6.4627,12613,0,0,0
ReflectionsOff,507,6.1292019672691822,6.5425,12613,0,0,0
ReflectionsOff,508,6.3039045780897141,4.837,12613,0,0,0
ReflectionsOff,509,5.9458971954882145,6.6672,12613,0,0,0
ReflectionsOff,510,6.3634989783167839,5.9475,12613,0,0,0
ReflectionsOff,511,5.9563987888395786,6.465,12613,0,0,0
ReflectionsOff,512,6.1667021363973618,5.8605,12613,0,0,0
ReflectionsOff,513,6.2694018706679344,5.9235,12613,0,0,0
ReflectionsOff,514,6.05800049379468,7.1603,12613,0,0,0
ReflectionsOff,515,6.1241001822054386,6.7735,12613,0,0,0
ReflectionsOff,516,6.125899963080883,4.4292,12613,0,0,0
ReflectionsOff,517,6.2885982915759087,6.8818,12613,0,0,0
ReflectionsOff,518,6.1997021548449993,5.994,12613,0,0,0
ReflectionsOff,519,6.1657950282096863,5.5754,12613,0,0,0
ReflectionsOff,520,6.0170991346240044,6.6883,12613,0,0,0
ReflectionsOff,521,6.07460318133235,5.9078,12613,0,0,0
ReflectionsOff,522,6.2555982731282711,6.1966,12613,0,0,0
ReflectionsOff,523,6.15670345723629,6.8633,12613,0,0,0
ReflectionsOff,524,6.2485970556735992,5.2727,12613,0,0,0
ReflectionsOff,525,6.07730308547616,7.1463,12613,0,0,0
ReflectionsOff,526,6.1961947940289974,4.8871,12613,0,0,0
ReflectionsOff,527,6.0641015879809856,6.8941,12613,0,0,0
ReflectionsOff,528,6.0862032696604729,6.1624,12701,0,0,0
ReflectionsOff,529,6.2478953041136265,5.0104,12613,0,0,0
ReflectionsOff,530,6.2689059413969517,6.6602,12613,0,0,0
ReflectionsOff,531,6.1080995947122574,6.3246,12613,0,0,0
ReflectionsOff,532,6.0924957506358624,6.3406,12613,0,0,0
ReflectionsOff,533,6.0981009155511856,5.4243,12665,0,0,0
ReflectionsOff,534,6.2332977540791035,6.4524,12613,0,0,0
ReflectionsOff,535,6.0916030779480934,7.1856,12613,0,0,0
ReflectionsOff,536,6.1815972439944744,5.4109,12613,0,0,0
ReflectionsOff,537,6.09690323472023,6.4834,12613,0,0,0
ReflectionsOff,538,6.3946996815502644,6.295,12613,0,0,0
ReflectionsOff,539,6.0091977939009666,5.3997,12613,0,0,0
ReflectionsOff,540,6.0977041721343994,6.602,12613,0,0,0
ReflectionsOff,541,6.1029973439872265,5.9877,12613,0,0,0
ReflectionsOff,542,6.0983984731137753,5.7762,12613,0,0,0
ReflectionsOff,543,6.2330001965165138,6.5452,12613,0,0,0
ReflectionsOff,544,6.2956986948847771,5.7416,12613,0,0,0
ReflectionsOff,545,6.23580627143383,7.048,12613,0,0,0
ReflectionsOff,546,6.0932966880500317,5.1102,12613,0,0,0
ReflectionsOff,547,6.0927011072635651,6.7329,12613,0,0,0
ReflectionsOff,548,6.6651999950408936,5.9413,12613,0,0,0
ReflectionsOff,549,6.1634001322090626,6.4824,12613,0,0,0
ReflectionsOff,550,6.3124005682766438,6.4041,12613,0,0,0
ReflectionsOff,551,5.9787980280816555,6.5184,12613,0,0,0
ReflectionsOff,552,6.1646965332329273,6.611,12613,0,0,0
ReflectionsOff,553,6.2993057072162628,5.5136,12701,0,0,0
ReflectionsOff,554,6.2168012373149395,6.0603,12613,0,0,0
ReflectionsOff,555,6.08009472489357,7.3246,12613,0,0,0
ReflectionsOff,556,6.06320146471262,5.0489,12613,0,0,0
ReflectionsOff,557,6.2103033997118473,5.8281,12613,0,0,0
ReflectionsOff,558,6.0986960306763649,6.4881,12613,0,0,0
ReflectionsOff,559,6.0849986039102077,5.9532,12613,0,0,0
ReflectionsOff,560,6.3120038248598576,6.2239,12613,0,0,0
ReflectionsOff,561,5.9877973981201649,6.2059,12613,0,0,0
ReflectionsOff,562,6.2250993214547634,5.7361,12613,0,0,0
ReflectionsOff,563,6.2079010531306267,6.811,12613,0,0,0
ReflectionsOff,564,6.3297972083091736,5.7012,12613,0,0,0
ReflectionsOff,565,6.0555059462785721,6.696,12613,0,0,0
ReflectionsOff,566,6.2440973706543446,5.6699,12665,0,0,0
ReflectionsOff,567,6.2246033921837807,6.5732,12613,0,0,0
ReflectionsOff,568,6.092793308198452,6.1619,12613,0,0,0
ReflectionsOff,569,5.9215063229203224,6.2692,12613,0,0,0
ReflectionsOff,570,6.2055978924036026,5.7963,12613,0,0,0
ReflectionsOff,571,6.27009617164731,6.0767,12613,0,0,0
ReflectionsOff,572,6.3527990132570267,6.3643,12613,0,0,0
ReflectionsOff,573,6.0301022604107857,6.504,12613,0,0,0
ReflectionsOff,574,6.2403981573879719,5.028,12613,0,0,0
ReflectionsOff,575,5.9883999638259411,8.0041,12613,0,0,0
ReflectionsOff,576,6.2225055880844593,4.5272,12613,0,0,0
ReflectionsOff,577,6.2333969399333,6.264,12613,0,0,0
ReflectionsOff,578,5.9720026329159737,6.7218,12701,0,0,0
ReflectionsOff,579,6.2350980006158352,5.5477,12613,0,0,0
ReflectionsOff,580,6.1303996481001377,6.9336,12613,0,0,0
ReflectionsOff,581,6.4749009907245636,5.7329,12613,0,0,0
ReflectionsOff,582,5.87589992210269,5.9841,12613,0,0,0
ReflectionsOff,583,6.2214992940425873,5.8373,12613,0,0,0
ReflectionsOff,584,6.0195010155439377,6.9331,12613,0,0,0
ReflectionsOff,585,6.3494970090687275,5.8312,12613,0,0,0
ReflectionsOff,586,6.0426020063459873,6.0569,12613,0,0,0
ReflectionsOff,587,6.3067036680877209,5.6032,12613,0,0,0
ReflectionsOff,588,6.1372946947813034,7.2331,12613,0,0,0
ReflectionsOff,589,6.1842049472033978,5.4026,12613,0,0,0
ReflectionsOff,590,5.9769982472062111,6.5319,12613,0,0,0
ReflectionsOff,591,6.1921980232000351,6.5456,12613,0,0,0
ReflectionsOff,592,6.1607994139194489,5.8378,12613,0,0,0
ReflectionsOff,593,6.3702026382088661,6.6101,12613,0,0,0
ReflectionsOff,594,5.9368978254497051,5.5047,12613,0,0,0
ReflectionsOff,595,6.2052011489868164,6.5045,12613,0,0,0
ReflectionsOff,596,6.1752977780997753,5.6802,12613,0,0,0
ReflectionsOff,597,6.5503045916557312,6.4059,12613,0,0,0
ReflectionsOff,598,5.7541951537132263,6.7607,12613,0,0,0
ReflectionsOff,599,6.2556052580475807,5.3433,12665,0,0,0
ReflectionsOff,600,6.0860970988869667,6.7289,12613,0,0,0
ReflectionsOff,601,6.3259000889956951,5.6065,12613,0,0,0
ReflectionsOff,602,6.2071001157164574,6.807,12613,0,0,0
ReflectionsOff,603,5.9742983430624008,6.2308,12701,0,0,0
ReflectionsOff,604,6.2321005389094353,5.0061,12613,0,0,0
ReflectionsOff,605,6.0651996172964573,7.3485,12613,0,0,0
ReflectionsOff,606,6.1410004273056984,5.8323,12613,0,0,0
ReflectionsOff,607,6.2407031655311584,5.671,12613,0,0,0
ReflectionsOff,608,6.3717970624566078,6.2691,12613,0,0,0
ReflectionsOff,609,6.0365009121596813,6.8428,12613,0,0,0
ReflectionsOff,610,6.0904975980520248,5.5381,12613,0,0,0
ReflectionsOff,611,6.23390031978488,5.6549,12613,0,0,0
ReflectionsOff,612,5.9865009970963,6.4374,12613,0,0,0
ReflectionsOff,613,6.3176020048558712,6.0872,12613,0,0,0
ReflectionsOff,614,6.1720027588307858,6.179,12613,0,0,0
ReflectionsOff,615,6.0840984806418419,6.5319,12613,0,0,0
ReflectionsOff,616,6.3884989358484745,6.2023,12613,0,0,0
ReflectionsOff,617,5.9147961437702179,6.5248,12613,0,0,0
ReflectionsOff,618,6.2708049081265926,6.1022,12613,0,0,0
ReflectionsOff,619,5.9982994571328163,6.9166,12613,0,0,0
ReflectionsOff,620,6.2008006498217583,4.5455,12613,0,0,0
ReflectionsOff,621,6.3245962373912334,6.5745,12613,0,0,0
ReflectionsOff,622,6.0312994755804539,6.3575,12613,0,0,0
ReflectionsOff,623,6.1818026006221771,6.1799,12613,0,0,0
ReflectionsOff,624,6.1714993789792061,5.6916,12613,0,0,0
ReflectionsOff,625,6.1657028272747993,6.1158,12613,0,0,0
ReflectionsOff,626,6.2035005539655685,6.6807,12613,0,0,0
ReflectionsOff,627,6.2145977281033993,6.2272,12613,0,0,0
ReflectionsOff,628,5.9195011854171753,5.7434,12701,0,0,0
ReflectionsOff,629,6.3625001348555088,6.0633,12613,0,0,0
ReflectionsOff,630,6.2518990598618984,5.8284,12613,0,0,0
ReflectionsOff,631,5.8820010162889957,6.6248,12613,0,0,0
ReflectionsOff,632,6.2762969173491,5.9452,12665,0,0,0
ReflectionsOff,633,6.1097010038793087,6.5772,12613,0,0,0
ReflectionsOff,634,6.2055978924036026,5.8978,12613,0,0,0
ReflectionsOff,635,6.0012047179043293,6.4203,12613,0,0,0
ReflectionsOff,636,6.2642008997499943,5.2653,12613,0,0,0
ReflectionsOff,637,5.9933955781161785,6.3341,12613,0,0,0
ReflectionsOff,638,6.3542020507156849,6.0026,12613,0,0,0
ReflectionsOff,639,6.1379959806799889,7.3443,12613,0,0,0
ReflectionsOff,640,6.116603035479784,5.1695,12613,0,0,0
ReflectionsOff,641,6.2358984723687172,6.7447,12613,0,0,0
ReflectionsOff,642,6.1668013222515583,5.4223,12613,0,0,0
ReflectionsOff,643,6.52859965339303,6.807,12613,0,0,0
ReflectionsOff,644,5.8642998337745667,7.2159,12613,0,0,0
ReflectionsOff,645,6.3962019048631191,5.0193,12613,0,0,0
ReflectionsOff,646,6.2468964606523514,6.6153,12613,0,0,0
ReflectionsOff,647,5.9422054328024387,6.1615,12613,0,0,0
ReflectionsOff,648,6.1236959882080555,6.53,12613,0,0,0
ReflectionsOff,649,6.1479024589061737,5.4713,12613,0,0,0
ReflectionsOff,650,6.2865009531378746,6.0889,12613,0,0,0
ReflectionsOff,651,6.0500991530716419,6.3985,12613,0,0,0
ReflectionsOff,652,6.1422972939908504,6.543,12613,0,0,0
ReflectionsOff,653,6.3878046348690987,5.7089,12701,0,0,0
ReflectionsOff,654,5.9544998221099377,6.2719,12613,0,0,0
ReflectionsOff,655,6.152699701488018,5.6302,12613,0,0,0
ReflectionsOff,656,6.0796979814767838,6.8461,12613,0,0,0
ReflectionsOff,657,6.138102151453495,5.5709,12613,0,0,0
ReflectionsOff,658,6.1473995447158813,6.4271,12613,0,0,0
ReflectionsOff,659,6.2498939223587513,6.0087,12613,0,0,0
ReflectionsOff,660,6.3444017432630062,5.715,12613,0,0,0
ReflectionsOff,661,6.11429987475276,6.816,12613,0,0,0
ReflectionsOff,662,6.2819020822644234,5.5698,12613,0,0,0
ReflectionsOff,663,6.0016014613211155,7.3804,12613,0,0,0
ReflectionsOff,664,6.127798929810524,5.1511,12613,0,0,0
ReflectionsOff,665,6.2725977040827274,6.1225,12665,0,0,0
ReflectionsOff,666,6.3521047122776508,6.8328,12613,0,0,0
ReflectionsOff,667,6.0332980938255787,6.0907,12613,0,0,0
ReflectionsOff,668,5.9801018796861172,5.8877,12613,0,0,0
ReflectionsOff,669,6.32989639416337,5.7812,12613,0,0,0
ReflectionsOff,670,6.1699971556663513,6.4632,12613,0,0,0
ReflectionsOff,671,5.9461025521159172,7.2056,12613,0,0,0
ReflectionsOff,672,6.37580081820488,4.747,12613,0,0,0
ReflectionsOff,673,6.1123017221689224,6.6539,12613,0,0,0
ReflectionsOff,674,6.0235969722270966,5.7702,12613,0,0,0
ReflectionsOff,675,6.4282030798494816,6.1013,12613,0,0,0
ReflectionsOff,676,5.9147961437702179,7.0313,12613,0,0,0
ReflectionsOff,677,6.4303004182875156,5.8348,12613,0,0,0
ReflectionsOff,678,6.1044003814458847,6.5266,12701,0,0,0
ReflectionsOff,679,6.0597010888159275,5.5521,12613,0,0,0
ReflectionsOff,680,6.2185018323361874,6.4513,12613,0,0,0
ReflectionsOff,681,6.0951956547796726,6.0423,12613,0,0,0
ReflectionsOff,682,6.3934028148651123,5.5483,12613,0,0,0
ReflectionsOff,683,5.9505030512809753,6.6049,12613,0,0,0
ReflectionsOff,684,6.5117985941469669,6.6079,12613,0,0,0
ReflectionsOff,685,6.036798469722271,6.2909,12613,0,0,0
ReflectionsOff,686,6.0483985580503941,6.0697,12613,0,0,0
ReflectionsOff,687,6.0943025164306164,5.4347,12613,0,0,0
ReflectionsOff,688,6.27359701320529,7.9573,12613,0,0,0
ReflectionsOff,689,6.03160448372364,4.6725,12613,0,0,0
ReflectionsOff,690,6.2893000431358814,5.6451,12613,0,0,0
ReflectionsOff,691,6.0572987422347069,8.2488,12613,0,0,0
ReflectionsOff,692,6.2723001465201378,4.2716,12613,0,0,0
ReflectionsOff,693,6.4553003758192062,6.8209,12613,0,0,0
ReflectionsOff,694,5.9704012237489223,5.8307,12613,0,0,0
ReflectionsOff,695,6.0647958889603615,6.3185,12613,0,0,0
ReflectionsOff,696,6.11130241304636,7.1032,12613,0,0,0
ReflectionsOff,697,6.210600957274437,5.0505,12613,0,0,0
ReflectionsOff,698,6.23660022392869,6.0167,12665,0,0,0
ReflectionsOff,699,6.2909014523029327,6.8524,12613,0,0,0
ReflectionsOff,700,5.8408943004906178,5.6328,12613,0,0,0
ReflectionsOff,701,6.1607002280652523,6.2179,12613,0,0,0
ReflectionsOff,702,6.0744048096239567,6.3537,12613,0,0,0
ReflectionsOff,703,6.208496168255806,5.2533,12701,0,0,0
ReflectionsOff,704,6.2303002923727036,6.8571,12613,0,0,0
ReflectionsOff,705,6.0282028280198574,6.372,12613,0,0,0
ReflectionsOff,706,6.4567956142127514,5.7209,12613,0,0,0
ReflectionsOff,707,6.037804763764143,6.1094,12613,0,0,0
ReflectionsOff,708,6.1554987914860249,6.2743,12613,0,0,0
ReflectionsOff,709,6.1875991523265839,5.9787,12613,0,0,0
ReflectionsOff,710,6.237400695681572,5.8946,12613,0,0,0
ReflectionsOff,711,6.23689778149128,7.0968,12613,0,0,0
ReflectionsOff,712,6.118502002209425,5.611,12613,0,0,0
ReflectionsOff,713,6.1056972481310368,6.3936,12613,0,0,0
ReflectionsOff,714,6.1740009114146233,7.0118,12613,0,0,0
ReflectionsOff,715,6.0466979630291462,5.1512,12613,0,0,0
ReflectionsOff,716,6.1535998247563839,6.6138,12613,0,0,0
ReflectionsOff,717,6.3615008257329464,5.4404,12613,0,0,0
ReflectionsOff,718,5.9969034045934677,6.0666,12613,0,0,0
ReflectionsOff,719,6.3080997206270695,6.6864,12613,0,0,0
ReflectionsOff,720,6.0663972981274128,5.9148,12613,0,0,0
ReflectionsOff,721,6.1804987490177155,6.1806,12613,0,0,0
ReflectionsOff,722,6.237606517970562,5.9933,12613,0,0,0
ReflectionsOff,723,6.2580001540482044,5.7721,12613,0,0,0
ReflectionsOff,724,5.9779975563287735,7.066,12613,0,0,0
ReflectionsOff,725,6.3881021924316883,5.2754,12613,0,0,0
ReflectionsOff,726,5.957398097962141,7.4464,12613,0,0,0
ReflectionsOff,727,6.316198967397213,4.9821,12613,0,0,0
ReflectionsOff,728,6.0133007355034351,6.7666,12701,0,0,0
ReflectionsOff,729,6.198597140610218,5.648,12613,0,0,0
ReflectionsOff,730,6.1146044172346592,6.1568,12613,0,0,0
ReflectionsOff,731,6.1348993331193924,7.2681,12665,0,0,0
ReflectionsOff,732,6.335799116641283,4.8692,12613,0,0,0
ReflectionsOff,733,6.191999651491642,6.4191,12613,0,0,0
ReflectionsOff,734,5.9308959171175957,6.4675,12613,0,0,0
ReflectionsOff,735,6.1190049163997173,5.7881,12613,0,0,0
ReflectionsOff,736,6.2485970556735992,6.0852,12613,0,0,0
ReflectionsOff,737,6.1728032305836678,6.2229,12613,0,0,0
ReflectionsOff,738,6.1635985039174557,6.32,12613,0,0,0
ReflectionsOff,739,6.19910005480051,6.4049,12613,0,0,0
ReflectionsOff,740,6.1895973049104214,5.706,12613,0,0,0
ReflectionsOff,741,6.1866994947195053,5.8354,12613,0,0,0
ReflectionsOff,742,5.9901997447013855,7.2644,12613,0,0,0
ReflectionsOff,743,6.0586025938391685,5.6268,12613,0,0,0
ReflectionsOff,744,6.1400015838444233,6.7641,12613,0,0,0
ReflectionsOff,745,6.5214000642299652,5.689,12613,0,0,0
ReflectionsOff,746,6.2799956649541855,5.746,12613,0,0,0
ReflectionsOff,747,5.8851046487689018,7.3061,12613,0,0,0
ReflectionsOff,748,6.2151998281478882,4.9504,12613,0,0,0
ReflectionsOff,749,6.0548963956534863,7.2126,12613,0,0,0
ReflectionsOff,750,6.34730001911521,5.2389,12613,0,0,0
ReflectionsOff,751,5.9879040345549583,7.2216,12613,0,0,0
ReflectionsOff,752,6.2927012331783772,6.0831,12613,0,0,0
ReflectionsOff,753,6.2810941599309444,5.3646,12701,0,0,0
ReflectionsOff,754,5.91609999537468,7.1359,12613,0,0,0
ReflectionsOff,755,6.2335035763680935,5.2668,12613,0,0,0
ReflectionsOff,756,6.1446996405720711,6.1107,12613,0,0,0
ReflectionsOff,757,6.11429987475276,6.996,12613,0,0,0
ReflectionsOff,758,6.1669005081057549,5.1816,12613,0,0,0
ReflectionsOff,759,6.3733984716236591,6.8784,12613,0,0,0
ReflectionsOff,760,6.0954010114073753,5.7626,12613,0,0,0
ReflectionsOff,761,6.0598002746701241,5.9917,12613,0,0,0
ReflectionsOff,762,6.1254962347447872,6.6275,12613,0,0,0
ReflectionsOff,763,6.1947065405547619,5.6714,12613,0,0,0
ReflectionsOff,764,6.3218963332474232,6.604,12665,0,0,0
ReflectionsOff,765,6.0478034429252148,5.6232,12613,0,0,0
ReflectionsOff,766,6.0004959814250469,6.9234,12613,0,0,0
ReflectionsOff,767,6.2149022705852985,6.1436,12613,0,0,0
ReflectionsOff,768,6.1437003314495087,5.3825,12613,0,0,0
ReflectionsOff,769,6.1714001931250095,6.7346,12613,0,0,0
ReflectionsOff,770,6.1795990914106369,5.2799,12613,0,0,0
ReflectionsOff,771,6.1279973015189171,6.9558,12613,0,0,0
ReflectionsOff,772,6.2891016714274883,6.024,12613,0,0,0
ReflectionsOff,773,6.1129038222134113,5.5545,12613,0,0,0
ReflectionsOff,774,6.23089587315917,5.9667,12613,0,0,0
ReflectionsOff,775,6.0569019988179207,6.2043,12613,0,0,0
ReflectionsOff,776,6.0352962464094162,6.9486,12613,0,0,0
ReflectionsOff,777,6.1612031422555447,6.3051,12613,0,0,0
ReflectionsOff,778,6.2061012722551823,5.1093,12701,0,0,0
ReflectionsOff,779,6.1235968023538589,6.8979,12613,0,0,0
ReflectionsOff,780,6.0553997755050659,5.1954,12613,0,0,0
ReflectionsOff,781,6.3184029422700405,6.4051,12613,0,0,0
ReflectionsOff,782,6.1158020980656147,6.2846,12613,0,0,0
ReflectionsOff,783,6.0769980773329735,6.2386,12613,0,0,0
ReflectionsOff,784,6.1884000897407532,6.2634,12613,0,0,0
ReflectionsOff,785,6.2965988181531429,5.7456,12613,0,0,0
ReflectionsOff,786,5.9548965655267239,6.921,12613,0,0,0
ReflectionsOff,787,6.1333049088716507,6.5181,12613,0,0,0
ReflectionsOff,788,6.1883009038865566,4.6763,12613,0,0,0
ReflectionsOff,789,6.4198980107903481,6.4629,12613,0,0,0
ReflectionsOff,790,5.869097076356411,7.0059,12613,0,0,0
ReflectionsOff,791,6.20809942483902,5.4895,12613,0,0,0
ReflectionsOff,792,6.2481011264026165,7.0493,12613,0,0,0
ReflectionsOff,793,6.1887046322226524,5.2083,12613,0,0,0
ReflectionsOff,794,6.3305981457233429,5.7474,12613,0,0,0
ReflectionsOff,795,5.990298930555582,6.6636,12613,0,0,0
ReflectionsOff,796,6.1389030888676643,6.7807,12613,0,0,0
ReflectionsOff,797,6.1363945715129375,5.7809,12665,0,0,0
ReflectionsOff,798,6.166206207126379,5.7384,12613,0,0,0
ReflectionsOff,799,6.2138959765434265,6.5275,12613,0,0,0
ReflectionsOff,800,6.1350977048277855,6.4341,12613,0,0,0
ReflectionsOff,801,6.15100609138608,5.8454,12613,0,0,0
ReflectionsOff,802,6.109495647251606,6.5195,12613,0,0,0
ReflectionsOff,803,6.1421981081366539,6.2224,12701,0,0,0
ReflectionsOff,804,6.7241000942885876,4.7409,12613,0,0,0
ReflectionsOff,805,5.753103643655777,7.7435,12613,0,0,0
ReflectionsOff,806,6.0271965339779854,5.2541,12613,0,0,0
ReflectionsOff,807,6.1883009038865566,7.3038,12613,0,0,0
ReflectionsOff,808,6.3682044856250286,5.1179,12613,0,0,0
ReflectionsOff,809,5.9022959321737289,6.3012,12613,0,0,0
ReflectionsOff,810,6.105201318860054,5.8189,12613,0,0,0
ReflectionsOff,811,6.1678998172283173,5.8977,12613,0,0,0
ReflectionsOff,812,6.2323980964720249,6.8108,12613,0,0,0
ReflectionsOff,813,6.2153059989213943,5.8939,12613,0,0,0
ReflectionsOff,814,6.1016934923827648,6.587,12613,0,0,0
ReflectionsOff,815,6.1594033613801,6.5827,12613,0,0,0
ReflectionsOff,816,6.1807963065803051,5.2802,12613,0,0,0
ReflectionsOff,817,6.1646047979593277,6.136,12613,0,0,0
ReflectionsOff,818,6.3373018056154251,6.4904,12613,0,0,0
ReflectionsOff,819,5.9238946996629238,6.6304,12613,0,0,0
ReflectionsOff,820,6.1410996131598949,5.5782,12613,0,0,0
ReflectionsOff,821,6.2999008223414421,6.0493,12613,0,0,0
ReflectionsOff,822,6.27280306071043,5.9751,12613,0,0,0
ReflectionsOff,823,5.9794005937874317,7.3991,12613,0,0,0
ReflectionsOff,824,6.0395975597202778,5.0612,12613,0,0,0
ReflectionsOff,825,6.2710032798349857,6.1065,12613,0,0,0
ReflectionsOff,826,6.082397885620594,6.3504,12613,0,0,0
ReflectionsOff,827,6.3623017631471157,6.06,12613,0,0,0
ReflectionsOff,828,6.08329800888896,7.3986,12701,0,0,0
ReflectionsOff,829,5.9798965230584145,5.1667,12613,0,0,0
ReflectionsOff,830,6.1697065830230713,6.2369,12665,0,0,0
ReflectionsOff,831,6.1050951480865479,5.6805,12613,0,0,0
ReflectionsOff,832,6.4731007441878319,5.6846,12613,0,0,0
ReflectionsOff,833,6.0389032587409019,7.4553,12613,0,0,0
ReflectionsOff,834,6.0765943489968777,5.6404,12613,0,0,0
ReflectionsOff,835,6.1895055696368217,6.19,12613,0,0,0
ReflectionsOff,836,6.3576954416930676,5.9106,12613,0,0,0
ReflectionsOff,837,5.859800148755312,6.7881,12613,0,0,0
ReflectionsOff,838,6.1248014681041241,6.641,12613,0,0,0
ReflectionsOff,839,6.2196995131671429,4.5896,12613,0,0,0
ReflectionsOff,840,6.1411987990140915,5.9811,12613,0,0,0
ReflectionsOff,841,6.382298655807972,6.5439,12613,0,0,0
ReflectionsOff,842,5.8844033628702164,7.1106,12613,0,0,0
ReflectionsOff,843,6.1348993331193924,5.1647,12613,0,0,0
ReflectionsOff,844,6.1848992481827736,5.9066,12613,0,0,0
ReflectionsOff,845,6.1599984765052795,6.7254,12613,0,0,0
ReflectionsOff,846,6.1469031497836113,6.1316,12613,0,0,0
ReflectionsOff,847,6.1472011730074883,6.4451,12613,0,0,0
ReflectionsOff,848,6.2286988832056522,5.2913,12613,0,0,0
ReflectionsOff,849,6.284098606556654,6.3727,12613,0,0,0
ReflectionsOff,850,6.120599340647459,6.0126,12613,0,0,0
ReflectionsOff,851,6.0501983389258385,6.9528,12613,0,0,0
ReflectionsOff,852,6.139200646430254,5.7224,12613,0,0,0
ReflectionsOff,853,6.3154054805636406,6.4899,12701,0,0,0
ReflectionsOff,854,6.0605937615036964,5.6493,12613,0,0,0
ReflectionsOff,855,6.8366001360118389,6.5699,12613,0,0,0
ReflectionsOff,856,5.55160129442811,6.0821,12613,0,0,0
ReflectionsOff,857,6.0946005396544933,6.252,12613,0,0,0
ReflectionsOff,858,6.2509989365935326,6.1148,12613,0,0,0
ReflectionsOff,859,6.0926019214093685,7.0721,12613,0,0,0
ReflectionsOff,860,6.2226969748735428,5.661,12613,0,0,0
ReflectionsOff,861,6.3633006066083908,5.3963,12613,0,0,0
ReflectionsOff,862,5.9196003712713718,6.168,12613,0,0,0
ReflectionsOff,863,6.248802412301302,6.1834,12665,0,0,0
ReflectionsOff,864,6.0267006047070026,5.9674,12613,0,0,0
ReflectionsOff,865,6.3369967974722385,6.1436,12613,0,0,0
ReflectionsOff,866,6.0499999672174454,6.3727,12613,0,0,0
ReflectionsOff,867,6.1972010880708694,6.1235,12613,0,0,0
ReflectionsOff,868,6.2266015447676182,6.0439,12613,0,0,0
ReflectionsOff,869,6.2367985956370831,6.4037,12613,0,0,0
ReflectionsOff,870,6.1232992447912693,6.3001,12613,0,0,0
ReflectionsOff,871,6.1717047356069088,6.9831,12613,0,0,0
ReflectionsOff,872,6.2742982991039753,5.5019,12613,0,0,0
ReflectionsOff,873,6.0071996413171291,5.9371,12613,0,0,0
ReflectionsOff,874,6.1289966106414795,5.8424,12613,0,0,0
ReflectionsOff,875,6.7520053125917912,6.1491,12613,0,0,0
ReflectionsOff,876,5.6250994093716145,7.1981,12613,0,0,0
ReflectionsOff,877,6.0499007813632488,4.9177,12613,0,0,0
ReflectionsOff,878,6.23959768563509,7.2828,12701,0,0,0
ReflectionsOff,879,6.1208968982100487,5.7589,12613,0,0,0
ReflectionsOff,880,6.27850042656064,6.4086,12613,0,0,0
ReflectionsOff,881,5.9775016270577908,6.2089,12613,0,0,0
ReflectionsOff,882,6.2515023164451122,4.8928,12613,0,0,0
ReflectionsOff,883,6.1620962806046009,6.7816,12613,0,0,0
ReflectionsOff,884,6.0491994954645634,6.1866,12613,0,0,0
ReflectionsOff,885,6.2258997932076454,5.4727,12613,0,0,0
ReflectionsOff,886,6.1699049547314644,6.6561,12613,0,0,0
ReflectionsOff,887,6.0165957547724247,6.249,12613,0,0,0
ReflectionsOff,888,6.1800028197467327,5.4092,12613,0,0,0
ReflectionsOff,889,6.1884000897407532,6.9574,12613,0,0,0
ReflectionsOff,890,6.2276008538901806,5.5587,12613,0,0,0
ReflectionsOff,891,6.2062004581093788,6.9334,12613,0,0,0
ReflectionsOff,892,6.0165957547724247,5.4317,12613,0,0,0
ReflectionsOff,893,6.1668013222515583,5.849,12613,0,0,0
ReflectionsOff,894,6.2802010215818882,6.2035,12613,0,0,0
ReflectionsOff,895,6.1823981814086437,6.3658,12613,0,0,0
ReflectionsOff,896,6.1951032839715481,6.2254,12665,0,0,0
ReflectionsOff,897,5.9759989380836487,6.3175,12613,0,0,0
ReflectionsOff,898,6.161196157336235,5.5693,12613,0,0,0
ReflectionsOff,899,6.3737030141055584,6.7567,12613,0,0,0
ReflectionsOff,900,6.0593960806727409,6.3516,12613,0,0,0
ReflectionsOff,901,6.371903233230114,5.9472,12613,0,0,0
ReflectionsOff,902,6.06019701808691,6.1124,12613,0,0,0
ReflectionsOff,903,6.131200585514307,5.872,12701,0,0,0
ReflectionsOff,904,6.110005546361208,6.6973,12613,0,0,0
ReflectionsOff,905,5.9809950180351734,5.4537,12613,0,0,0
ReflectionsOff,906,6.4226048998534679,6.2073,12613,0,0,0
ReflectionsOff,907,6.0759992338716984,6.0682,12613,0,0,0
ReflectionsOff,908,6.1659011989831924,6.8358,12613,0,0,0
ReflectionsOff,909,6.0198977589607239,6.5316,12613,0,0,0
ReflectionsOff,910,6.0663972981274128,5.0384,12613,0,0,0
ReflectionsOff,911,6.3730017282068729,6.421,12613,0,0,0
ReflectionsOff,912,6.0779973864555359,5.8042,12613,0,0,0
ReflectionsOff,913,6.1045987531542778,6.7282,12613,0,0,0
ReflectionsOff,914,6.3151996582746506,6.5838,12613,0,0,0
ReflectionsOff,915,5.9653059579432011,5.4572,12613,0,0,0
ReflectionsOff,916,6.3975979574024677,6.625,12613,0,0,0
ReflectionsOff,917,5.9341979213058949,6.0826,12613,0,0,0
ReflectionsOff,918,6.3555981032550335,5.3602,12613,0,0,0
ReflectionsOff,919,5.9760063886642456,7.341,12613,0,0,0
ReflectionsOff,920,6.1796982772648335,5.7922,12613,0,0,0
ReflectionsOff,921,6.3067954033613205,6.7696,12613,0,0,0
ReflectionsOff,922,6.0490998439490795,4.9169,12613,0,0,0
ReflectionsOff,923,6.3238022848963737,6.3054,12613,0,0,0
ReflectionsOff,924,5.8910995721817017,6.5954,12613,0,0,0
ReflectionsOff,925,6.26760208979249,5.2293,12613,0,0,0
ReflectionsOff,926,6.2337019480764866,7.2279,12613,0,0,0
ReflectionsOff,927,5.9714000672101974,6.3552,12613,0,0,0
ReflectionsOff,928,6.3849985599517822,5.3686,12701,0,0,0
ReflectionsOff,929,5.8790957555174828,7.2654,12665,0,0,0
ReflectionsOff,930,6.3416031189262867,4.7962,12613,0,0,0
ReflectionsOff,931,6.103096529841423,6.5468,12613,0,0,0
ReflectionsOff,932,6.1704008840024471,5.6317,12613,0,0,0
ReflectionsOff,933,6.1883009038865566,6.6571,12613,0,0,0
ReflectionsOff,934,6.0093039646744728,6.5465,12613,0,0,0
ReflectionsOff,935,6.3669006340205669,5.7281,12613,0,0,0
ReflectionsOff,936,6.021598819643259,6.6212,12613,0,0,0
ReflectionsOff,937,6.217998918145895,6.4347,12613,0,0,0
ReflectionsOff,938,6.094898097217083,5.7453,12613,0,0,0
ReflectionsOff,939,6.253004539757967,5.5574,12613,0,0,0
ReflectionsOff,940,6.0833971947431564,6.4879,12613,0,0,0
ReflectionsOff,941,6.1110970564186573,6.7199,12613,0,0,0
ReflectionsOff,942,6.4112031832337379,5.4976,12613,0,0,0
ReflectionsOff,943,6.1248014681041241,6.8045,12613,0,0,0
ReflectionsOff,944,6.1790957115590572,5.9648,12613,0,0,0
ReflectionsOff,945,6.0080001130700111,6.0366,12613,0,0,0
ReflectionsOff,946,6.1571993865072727,6.4401,12613,0,0,0
ReflectionsOff,947,6.2370039522647858,5.2156,12613,0,0,0
ReflectionsOff,948,6.1472011730074883,6.3671,12613,0,0,0
ReflectionsOff,949,6.2099983915686607,6.652,12613,0,0,0
ReflectionsOff,950,5.9958971105515957,6.0594,12613,0,0,0
ReflectionsOff,951,6.1535006389021873,6.4624,12613,0,0,0
ReflectionsOff,952,6.1148027889430523,5.6083,12613,0,0,0
ReflectionsOff,953,6.4273951575160027,6.0061,12701,0,0,0
ReflectionsOff,954,5.9254039078950882,6.4188,12613,0,0,0
ReflectionsOff,955,6.4359977841377258,5.8603,12613,0,0,0
ReflectionsOff,956,6.1121033504605293,6.6637,12613,0,0,0
ReflectionsOff,957,6.2460955232381821,5.8294,12613,0,0,0
ReflectionsOff,958,6.124603096395731,6.0547,12613,0,0,0
ReflectionsOff,959,6.2267999164760113,6.212,12613,0,0,0
ReflectionsOff,960,6.0243974439799786,6.5142,12613,0,0,0
ReflectionsOff,961,6.2257014214992523,6.1387,12613,0,0,0
ReflectionsOff,962,6.04280037805438,6.6924,12665,0,0,0
ReflectionsOff,963,6.3258009031414986,5.3278,12613,0,0,0
ReflectionsOff,964,6.1177010647952557,7.0504,12613,0,0,0
ReflectionsOff,965,6.0308957472443581,6.0339,12613,0,0,0
ReflectionsOff,966,6.242701318114996,5.611,12613,0,0,0
ReflectionsOff,967,6.21950114145875,5.549,12613,0,0,0
ReflectionsOff,968,6.3463011756539345,6.4594,12613,0,0,0
ReflectionsOff,969,5.8299959637224674,6.7772,12613,0,0,0
ReflectionsOff,970,6.2041031196713448,5.1857,12613,0,0,0
ReflectionsOff,971,6.1482000164687634,7.0383,12613,0,0,0
ReflectionsOff,972,6.14530174061656,5.6402,12613,0,0,0
ReflectionsOff,973,6.0303006321191788,5.8005,12613,0,0,0
ReflectionsOff,974,6.1544002965092659,6.4662,12613,0,0,0
ReflectionsOff,975,6.1394982039928436,5.9285,12613,0,0,0
ReflectionsOff,976,6.1959964223206043,6.4081,12613,0,0,0
ReflectionsOff,977,6.4932042732834816,6.2175,12613,0,0,0
ReflectionsOff,978,6.1276997439563274,6.1015,12701,0,0,0
ReflectionsOff,979,5.993296392261982,7.0068,12613,0,0,0
ReflectionsOff,980,6.2049035914242268,5.3973,12613,0,0,0
ReflectionsOff,981,6.0776998288929462,6.5209,12613,0,0,0
ReflectionsOff,982,6.2740007415413857,5.6335,12613,0,0,0
ReflectionsOff,983,6.0780965723097324,6.8507,12613,0,0,0
ReflectionsOff,984,6.2839994207024574,5.3531,12613,0,0,0
ReflectionsOff,985,6.0419999063014984,6.5595,12613,0,0,0
ReflectionsOff,986,6.2976046465337276,5.2931,12613,0,0,0
ReflectionsOff,987,6.03739358484745,7.0862,12613,0,0,0
ReflectionsOff,988,6.28200126811862,6.0443,12613,0,0,0
ReflectionsOff,989,6.1298045329749584,6.9408,12613,0,0,0
ReflectionsOff,990,6.0960953123867512,5.3327,12613,0,0,0
ReflectionsOff,991,6.1807045713067055,5.8142,12613,0,0,0
ReflectionsOff,992,5.9544998221099377,6.995,12613,0,0,0
ReflectionsOff,993,6.2154973857104778,5.7531,12613,0,0,0
ReflectionsOff,994,6.1492985114455223,5.7059,12613,0,0,0
ReflectionsOff,995,6.3516013324260712,6.3022,12665,0,0,0
ReflectionsOff,996,5.9720026329159737,6.8022,12613,0,0,0
ReflectionsOff,997,6.1458973214030266,6.0485,12613,0,0,0
ReflectionsOff,998,6.2712016515433788,5.6838,12613,0,0,0
ReflectionsOff,999,6.09769718721509,6.8082,12613,0,0,0
ReflectionsOff,1000,6.109205074608326,5.6313,12613,0,0,0
ReflectionsOff,1001,6.5540960058569908,6.1312,12613,0,0,0
ReflectionsOff,1002,5.7260985486209393,7.5125,12613,0,0,0
ReflectionsOff,1003,6.3566043972969055,4.4278,12701,0,0,0
ReflectionsOff,1004,6.0942955315113068,6.8842,12613,0,0,0
ReflectionsOff,1005,6.0008005239069462,5.6942,12613,0,0,0
ReflectionsOff,1006,6.3870041631162167,6.4897,12613,0,0,0
ReflectionsOff,1007,6.1099985614418983,6.1147,12613,0,0,0
ReflectionsOff,1008,6.1393990181386471,5.7568,12613,0,0,0
ReflectionsOff,1009,5.9900013729929924,6.7059,12613,0,0,0
ReflectionsOff,1010,6.3852961175143719,5.576,12613,0,0,0
ReflectionsOff,1011,5.9660999104380608,6.5281,12613,0,0,0
ReflectionsOff,1012,6.1177010647952557,6.3261,12613,0,0,0
ReflectionsOff,1013,6.1384993605315685,5.6931,12613,0,0,0
ReflectionsOff,1014,6.1904052272439,6.3382,12613,0,0,0
ReflectionsOff,1015,6.195195484906435,6.0732,12613,0,0,0
ReflectionsOff,1016,6.1758998781442642,5.9541,12613,0,0,0
ReflectionsOff,1017,6.11100485548377,6.8175,12613,0,0,0
ReflectionsOff,1018,6.4893988892436028,5.6786,12613,0,0,0
ReflectionsOff,1019,5.9062005020678043,6.6326,12613,0,0,0
ReflectionsOff,1020,6.0985968448221684,6.3709,12613,0,0,0
ReflectionsOff,1021,6.0936012305319309,5.5824,12613,0,0,0
ReflectionsOff,1022,6.2592970207333565,5.9639,12613,0,0,0
ReflectionsOff,1023,6.2731010839343071,6.0092,12613,0,0,0
ReflectionsOff,1024,5.960303358733654,6.6884,12613,0,0,0
ReflectionsOff,1025,6.342998705804348,6.0797,12613,0,0,0
ReflectionsOff,1026,6.1714001931250095,5.4821,12613,0,0,0
ReflectionsOff,1027,6.0990010388195515,6.9244,12613,0,0,0
ReflectionsOff,1028,6.0696997679769993,5.6626,12753,0,0,0
ReflectionsOff,1029,6.1671980656683445,6.6427,12613,0,0,0
ReflectionsOff,1030,6.3394983299076557,5.7154,12613,0,0,0
ReflectionsOff,1031,6.0794996097683907,5.9715,12613,0,0,0
ReflectionsOff,1032,6.15670345723629,6.6856,12613,0,0,0
ReflectionsOff,1033,6.2724985182285309,5.8098,12613,0,0,0
ReflectionsOff,1034,6.1383005231618881,6.0221,12613,0,0,0
ReflectionsOff,1035,6.2162983231246471,6.0643,12613,0,0,0
ReflectionsOff,1036,6.0544004663825035,6.7717,12613,0,0,0
ReflectionsOff,1037,6.2001985497772694,6.237,12613,0,0,0
ReflectionsOff,1038,6.285104900598526,5.3632,12613,0,0,0
ReflectionsOff,1039,6.0572987422347069,6.1274,12613,0,0,0
ReflectionsOff,1040,10.931696742773056,6.3969,12613,0,0,0
ReflectionsOff,1041,5.9513039886951447,11.6526,12613,0,0,0
ReflectionsOff,1042,6.2132016755640507,5.3439,12613,0,0,0
ReflectionsOff,1043,6.2684947624802589,7.2609,12613,0,0,0
ReflectionsOff,1044,6.1658020131289959,5.1804,12613,0,0,0
ReflectionsOff,1045,6.1796982772648335,6.2759,12613,0,0,0
ReflectionsOff,1046,6.1902990564703941,6.7162,12613,0,0,0
ReflectionsOff,1047,6.0298042371869087,5.6814,12613,0,0,0
ReflectionsOff,1048,6.0921981930732727,6.1712,12613,0,0,0
ReflectionsOff,1049,6.4734979532659054,6.2422,12613,0,0,0
ReflectionsOff,1050,5.8694020844995975,5.9868,12613,0,0,0
ReflectionsOff,1051,6.2714992091059685,6.4876,12613,0,0,0
ReflectionsOff,1052,6.0304990038275719,6.1102,12701,0,0,0
ReflectionsOff,1053,6.2407031655311584,5.205,12613,0,0,0
ReflectionsOff,1054,6.0684029012918472,6.8163,12613,0,0,0
ReflectionsOff,1055,6.2494967132806778,5.5617,12613,0,0,0
ReflectionsOff,1056,6.444600410759449,6.6554,12613,0,0,0
ReflectionsOff,1057,6.1258007772266865,7.1859,12613,0,0,0
ReflectionsOff,1058,6.0350978747010231,5.0569,12613,0,0,0
ReflectionsOff,1059,6.11429987475276,6.5608,12613,0,0,0
ReflectionsOff,1060,6.0753049328923225,5.4171,12665,0,0,0
ReflectionsOff,1061,6.2803998589515686,6.1569,12613,0,0,0
ReflectionsOff,1062,6.228394340723753,7.653,12613,0,0,0
ReflectionsOff,1063,6.1390022747218609,4.913,12613,0,0,0
ReflectionsOff,1064,6.0641015879809856,6.4169,12613,0,0,0
ReflectionsOff,1065,6.4276996999979019,5.6419,12613,0,0,0
ReflectionsOff,1066,6.0048964805901051,7.0865,12613,0,0,0
ReflectionsOff,1067,6.2074051238596439,5.4457,12613,0,0,0
ReflectionsOff,1068,6.0536991804838181,6.1882,12613,0,0,0
ReflectionsOff,1069,6.1061009764671326,6.2282,12613,0,0,0
ReflectionsOff,1070,6.238697562366724,5.8482,12613,0,0,0
ReflectionsOff,1071,6.0756024904549122,6.3975,12613,0,0,0
ReflectionsOff,1072,6.2121953815221786,6.8889,12613,0,0,0
ReflectionsOff,1073,5.9338011778891087,5.2543,12613,0,0,0
ReflectionsOff,1074,6.1474987305700779,6.3731,12613,0,0,0
ReflectionsOff,1075,6.1629037372767925,6.3199,12613,0,0,0
ReflectionsOff,1076,6.15399656817317,6.287,12613,0,0,0
ReflectionsOff,1077,6.5792021341621876,6.0687,12701,0,0,0
ReflectionsOff,1078,5.9704012237489223,6.13,12613,0,0,0
ReflectionsOff,1079,6.0350978747010231,5.8946,12613,0,0,0
ReflectionsOff,1080,6.1130030080676079,6.1338,12613,0,0,0
ReflectionsOff,1081,6.1369966715574265,6.3743,12613,0,0,0
ReflectionsOff,1082,6.0973991639912128,5.8845,12613,0,0,0
ReflectionsOff,1083,6.1464002355933189,6.3572,12613,0,0,0
ReflectionsOff,1084,6.2223994173109531,5.6851,12613,0,0,0
ReflectionsOff,1085,6.3148029148578644,6.5563,12613,0,0,0
ReflectionsOff,1086,6.2016015872359276,6.0831,12613,0,0,0
ReflectionsOff,1087,6.1572985723614693,6.5047,12613,0,0,0
ReflectionsOff,1088,5.964597687125206,5.9834,12613,0,0,0
ReflectionsOff,1089,6.2580001540482044,5.8523,12613,0,0,0
ReflectionsOff,1090,6.17380253970623,6.096,12613,0,0,0
ReflectionsOff,1091,6.0724983923137188,6.563,12613,0,0,0
ReflectionsOff,1092,6.1925030313432217,6.491,12613,0,0,0
ReflectionsOff,1093,6.1090984381735325,4.9632,12665,0,0,0
ReflectionsOff,1094,6.2373015098273754,6.5326,12613,0,0,0
ReflectionsOff,1095,5.940695758908987,6.4828,12613,0,0,0
ReflectionsOff,1096,6.299702450633049,5.4338,12613,0,0,0
ReflectionsOff,1097,6.0480018146336079,6.9717,12613,0,0,0
ReflectionsOff,1098,6.158000323921442,5.6304,12613,0,0,0
ReflectionsOff,1099,6.3062994740903378,5.8264,12613,0,0,0
ReflectionsOff,1100,6.2837940640747547,6.3482,12613,0,0,0
ReflectionsOff,1101,6.0136052779853344,6.6621,12613,0,0,0
ReflectionsOff,1102,6.1270976439118385,6.3902,12701,0,0,0
ReflectionsOff,1103,6.1080004088580608,5.4901,12613,0,0,0
ReflectionsOff,1104,6.245897151529789,5.8245,12613,0,0,0
ReflectionsOff,1105,6.2611042521893978,7.2756,12613,0,0,0
ReflectionsOff,1106,6.22519850730896,5.7334,12613,0,0,0
ReflectionsOff,1107,6.0103032737970352,7.0246,12613,0,0,0
ReflectionsOff,1108,6.4824973233044147,5.22,12613,0,0,0
ReflectionsOff,1109,5.8521968312561512,6.5589,12613,0,0,0
ReflectionsOff,1110,6.22790539637208,5.3828,12613,0,0,0
ReflectionsOff,1111,6.2457979656755924,6.6373,12613,0,0,0
ReflectionsOff,1112,6.0990010388195515,6.2546,12613,0,0,0
ReflectionsOff,1113,6.1775012873113155,5.8848,12613,0,0,0
ReflectionsOff,1114,6.2120961956679821,6.2582,12613,0,0,0
ReflectionsOff,1115,6.3032028265297413,6.0279,12613,0,0,0
ReflectionsOff,1116,5.9304987080395222,6.5374,12613,0,0,0
ReflectionsOff,1117,5.9931972064077854,6.2188,12613,0,0,0
ReflectionsOff,1118,6.3080997206270695,5.1628,12613,0,0,0
ReflectionsOff,1119,6.04280037805438,6.5223,12613,0,0,0
ReflectionsOff,1120,6.3589001074433327,6.3829,12613,0,0,0
ReflectionsOff,1121,6.1851050704717636,6.108,12613,0,0,0
ReflectionsOff,1122,6.0201957821846008,7.6605,12613,0,0,0
ReflectionsOff,1123,6.190100684762001,4.4293,12613,0,0,0
ReflectionsOff,1124,6.3619045540690422,7.0337,12613,0,0,0
ReflectionsOff,1125,6.0613946989178658,5.9648,12613,0,0,0
ReflectionsOff,1126,6.0580996796488762,5.8822,12665,0,0,0
ReflectionsOff,1127,6.2651997432112694,6.1221,12701,0,0,0
ReflectionsOff,1128,6.0267997905611992,6.6269,12613,0,0,0
ReflectionsOff,1129,6.3364016823470592,5.2167,12613,0,0,0
ReflectionsOff,1130,23.2309028506279,25.7776,12613,0,0,0
ReflectionsOff,1131,4.4945012778043747,4.6254,12613,0,0,0
ReflectionsOff,1132,4.2187003418803215,4.1773,12613,0,0,0
ReflectionsOff,1133,3.4911988768726587,3.4621,12613,0,0,0
ReflectionsOff,1134,3.5653982777148485,3.5638,12613,0,0,0
ReflectionsOff,1135,4.28560096770525,4.043,12613,0,0,0
ReflectionsOff,1136,6.2681972049176693,4.3532,12613,0,0,0
ReflectionsOff,1137,6.2277992255985737,6.2144,12613,0,0,0
ReflectionsOff,1138,6.0415035113692284,5.6962,12613,0,0,0
ReflectionsOff,1139,6.1330003663897514,6.34,12613,0,0,0
ReflectionsOff,1140,6.1585954390466213,6.2387,12613,0,0,0
ReflectionsOff,1141,6.263399962335825,5.8278,12613,0,0,0
ReflectionsOff,1142,6.1687002889811993,6.3036,12613,0,0,0
ReflectionsOff,1143,6.1256024055182934,6.4765,12613,0,0,0
ReflectionsOff,1144,6.1485967598855495,5.7291,12613,0,0,0
ReflectionsOff,1145,5.9800026938319206,6.181,12613,0,0,0
ReflectionsOff,1146,6.1929989606142044,5.7597,12613,0,0,0
ReflectionsOff,1147,6.3628046773374081,6.2572,12613,0,0,0
ReflectionsOff,1148,6.06099795550108,6.3429,12613,0,0,0
ReflectionsOff,1149,6.1196996830403805,7.1224,12613,0,0,0
ReflectionsOff,1150,6.2171979807317257,5.3773,12613,0,0,0
ReflectionsOff,1151,6.0625993646681309,6.0336,12701,0,0,0
ReflectionsOff,1152,6.1578019522130489,6.6348,12613,0,0,0
ReflectionsOff,1153,6.2516015022993088,5.5186,12613,0,0,0
ReflectionsOff,1154,6.0664964839816093,6.8496,12613,0,0,0
ReflectionsOff,1155,6.2556052580475807,6.996,12613,0,0,0
ReflectionsOff,1156,6.2305978499352932,4.7328,12613,0,0,0
ReflectionsOff,1157,6.0069020837545395,7.8802,12613,0,0,0
ReflectionsOff,1158,6.109495647251606,4.7939,12665,0,0,0
ReflectionsOff,1159,6.2029054388403893,6.5291,12613,0,0,0
ReflectionsOff,1160,6.1863944865763187,5.4097,12613,0,0,0
ReflectionsOff,1161,6.2750000506639481,6.7791,12613,0,0,0
ReflectionsOff,1162,5.91010507196188,6.5277,12613,0,0,0
ReflectionsOff,1163,6.3683958724141121,4.9235,12613,0,0,0
ReflectionsOff,1164,5.9264032170176506,7.7712,12613,0,0,0
ReflectionsOff,1165,6.1740009114146233,5.0689,12613,0,0,0
ReflectionsOff,1166,6.173398345708847,5.7089,12613,0,0,0
ReflectionsOff,1167,6.2859975732862949,7.0004,12613,0,0,0
ReflectionsOff,1168,6.1057042330503464,5.6201,12613,0,0,0
ReflectionsOff,1169,6.1677931807935238,6.3162,12613,0,0,0
ReflectionsOff,1170,6.112400908023119,6.9706,12613,0,0,0
ReflectionsOff,1171,6.2258006073534489,5.9842,12613,0,0,0
ReflectionsOff,1172,6.1325044371187687,5.9126,12613,0,0,0
ReflectionsOff,1173,6.7769982852041721,5.6306,12613,0,0,0
ReflectionsOff,1174,5.5895973928272724,6.8468,12613,0,0,0
ReflectionsOff,1175,6.3389032147824764,6.1703,12613,0,0,0
ReflectionsOff,1176,6.2007014639675617,5.9983,12701,0,0,0
ReflectionsOff,1177,6.1595947481691837,6.6773,12613,0,0,0
ReflectionsOff,1178,6.063804030418396,5.9376,12613,0,0,0
ReflectionsOff,1179,6.2314979732036591,5.2103,12613,0,0,0
ReflectionsOff,1180,6.1046979390084743,8.4256,12613,0,0,0
ReflectionsOff,1181,6.0812993906438351,4.7406,12613,0,0,0
ReflectionsOff,1182,6.4155044965445995,6.2953,12613,0,0,0
ReflectionsOff,1183,5.9883999638259411,5.8408,12613,0,0,0
ReflectionsOff,1184,6.0014952905476093,6.5624,12613,0,0,0
ReflectionsOff,1185,6.1914045363664627,6.563,12613,0,0,0
ReflectionsOff,1186,6.140497513115406,5.7097,12613,0,0,0
ReflectionsOff,1187,6.3460036180913448,5.8483,12613,0,0,0
ReflectionsOff,1188,6.272696889936924,6.1785,12613,0,0,0
ReflectionsOff,1189,6.0126986354589462,6.0999,12613,0,0,0
ReflectionsOff,1190,6.1672050505876541,6.8868,12613,0,0,0
ReflectionsOff,1191,6.2298965640366077,6.2971,12665,0,0,0
ReflectionsOff,1192,6.0507017187774181,5.7527,12613,0,0,0
ReflectionsOff,1193,6.0905967839062214,5.9228,12613,0,0,0
ReflectionsOff,1194,6.1873015947639942,5.6004,12613,0,0,0
ReflectionsOff,1195,6.4174034632742405,6.5492,12613,0,0,0
ReflectionsOff,1196,5.8840988203883171,6.2239,12613,0,0,0
ReflectionsOff,1197,6.2948977574706078,5.6152,12613,0,0,0
ReflectionsOff,1198,6.119798868894577,6.3879,12613,0,0,0
ReflectionsOff,1199,6.1522037722170353,5.9433,12613,0,0,0
ReflectionsOff,1200,5.9857992455363274,6.6854,12613,0,0,0
ReflectionsOff,1201,6.238697562366724,6.308,12701,0,0,0
ReflectionsOff,1202,6.3820010982453823,5.4779,12613,0,0,0
ReflectionsOff,1203,6.2455995939671993,7.5515,12613,0,0,0
ReflectionsOff,1204,6.060402374714613,5.2093,12613,0,0,0
ReflectionsOff,1205,6.2058959156274796,6.5312,12613,0,0,0
ReflectionsOff,1206,6.078401580452919,6.298,12613,0,0,0
ReflectionsOff,1207,6.2134000472724438,5.8414,12613,0,0,0
ReflectionsOff,1208,6.3169007189571857,6.9355,12613,0,0,0
ReflectionsOff,1209,6.0084043070673943,5.7694,12613,0,0,0
ReflectionsOff,1210,6.3080997206270695,6.5305,12613,0,0,0
ReflectionsOff,1211,6.06589438393712,5.8765,12613,0,0,0
ReflectionsOff,1212,6.3437004573643208,5.6149,12613,0,0,0
ReflectionsOff,1213,5.933503620326519,6.7964,12613,0,0,0
ReflectionsOff,1214,6.120599340647459,6.035,12613,0,0,0
ReflectionsOff,1215,6.20240205898881,6.1475,12613,0,0,0
ReflectionsOff,1216,6.1528980731964111,5.943,12613,0,0,0
ReflectionsOff,1217,6.2152990140020847,6.0823,12613,0,0,0
ReflectionsOff,1218,6.2000001780688763,6.9406,12613,0,0,0
ReflectionsOff,1219,6.1105014756321907,5.5463,12613,0,0,0
ReflectionsOff,1220,6.1618974432349205,6.3458,12613,0,0,0
ReflectionsOff,1221,6.1077028512954712,6.2404,12613,0,0,0
ReflectionsOff,1222,6.1986963264644146,5.5405,12613,0,0,0
ReflectionsOff,1223,6.1151999980211258,6.1072,12613,0,0,0
ReflectionsOff,1224,6.212904118001461,6.3686,12665,0,0,0
ReflectionsOff,1225,6.2869968824088573,6.4639,12613,0,0,0
ReflectionsOff,1226,6.2739015556871891,5.4793,12701,0,0,0
ReflectionsOff,1227,6.1339992098510265,7.0307,12613,0,0,0
ReflectionsOff,1228,6.18820171803236,5.8698,12613,0,0,0
ReflectionsOff,1229,6.5325964242219925,7.7259,12613,0,0,0
ReflectionsOff,1230,5.7825041003525257,5.2723,12613,0,0,0
ReflectionsOff,1231,6.1814980581402779,5.7201,12613,0,0,0
ReflectionsOff,1232,6.13959738984704,5.9932,12613,0,0,0
ReflectionsOff,1233,6.4080003648996353,5.6496,12613,0,0,0
ReflectionsOff,1234,5.8807041496038437,6.6094,12613,0,0,0
ReflectionsOff,1235,6.2242983840405941,6.1666,12613,0,0,0
ReflectionsOff,1236,6.1249006539583206,5.6983,12613,0,0,0
ReflectionsOff,1237,6.1307963915169239,6.3664,12613,0,0,0
ReflectionsOff,1238,6.3039045780897141,6.262,12613,0,0,0
ReflectionsOff,1239,6.0638957656919956,6.2472,12613,0,0,0
ReflectionsOff,1240,6.1111040413379669,6.3349,12613,0,0,0
ReflectionsOff,1241,6.187797524034977,5.2975,12613,0,0,0
ReflectionsOff,1242,6.4420988783240318,7.4232,12613,0,0,0
ReflectionsOff,1243,5.8790035545825958,4.9888,12613,0,0,0
ReflectionsOff,1244,6.1464002355933189,5.912,12613,0,0,0
ReflectionsOff,1245,6.2614935450255871,6.3847,12613,0,0,0
ReflectionsOff,1246,6.1249998398125172,6.7793,12613,0,0,0
ReflectionsOff,1247,6.2503046356141567,6.6974,12613,0,0,0
ReflectionsOff,1248,6.0500991530716419,6.0396,12613,0,0,0
ReflectionsOff,1249,6.1885984614491463,4.8619,12613,0,0,0
ReflectionsOff,1250,6.17980444803834,6.5371,12613,0,0,0
ReflectionsOff,1251,6.077395286411047,6.4707,12701,0,0,0
ReflectionsOff,1252,6.3974987715482712,5.6944,12613,0,0,0
ReflectionsOff,1253,6.0355016030371189,6.9135,12613,0,0,0
ReflectionsOff,1254,6.1963009648025036,5.3297,12613,0,0,0
ReflectionsOff,1255,6.1722011305391788,7.4851,12613,0,0,0
ReflectionsOff,1256,6.3127977773547173,5,12613,0,0,0
ReflectionsOff,1257,6.1361039988696575,6.9182,12665,0,0,0
ReflectionsOff,1258,5.9756943956017494,6.5515,12613,0,0,0
ReflectionsOff,1259,6.1690052971243858,5.3426,12613,0,0,0
ReflectionsOff,1260,6.0932966880500317,6.1185,12613,0,0,0
ReflectionsOff,1261,6.0795987956225872,6.3902,12613,0,0,0
ReflectionsOff,1262,6.3416031189262867,5.2746,12613,0,0,0
ReflectionsOff,1263,6.0419999063014984,6.5673,12613,0,0,0
ReflectionsOff,1264,6.275602150708437,6.4885,12613,0,0,0
ReflectionsOff,1265,6.0692955739796162,6.494,12613,0,0,0
ReflectionsOff,1266,6.1993054114282131,5.0367,12613,0,0,0
ReflectionsOff,1267,6.1375000514090061,6.1867,12613,0,0,0
ReflectionsOff,1268,6.2112952582538128,6.6164,12613,0,0,0
ReflectionsOff,1269,6.1179990880191326,5.6904,12613,0,0,0
ReflectionsOff,1270,6.1937994323670864,6.1781,12613,0,0,0
ReflectionsOff,1271,6.2905047088861465,6.1085,12613,0,0,0
ReflectionsOff,1272,6.0198977589607239,6.2586,12613,0,0,0
ReflectionsOff,1273,6.0669006779789925,7.388,12613,0,0,0
ReflectionsOff,1274,6.3256025314331055,5.2626,12613,0,0,0
ReflectionsOff,1275,6.00639870390296,5.5996,12613,0,0,0
ReflectionsOff,1276,6.2071997672319412,6.2482,12701,0,0,0
ReflectionsOff,1277,6.1358986422419548,5.9091,12613,0,0,0
ReflectionsOff,1278,6.0640024021267891,6.7856,12613,0,0,0
ReflectionsOff,1279,6.1669996939599514,6.0684,12613,0,0,0
ReflectionsOff,1280,6.1561013571918011,6.1456,12613,0,0,0
ReflectionsOff,1281,6.129095796495676,6.261,12613,0,0,0
ReflectionsOff,1282,6.2804990448057652,5.7926,12613,0,0,0
ReflectionsOff,1283,6.0985046438872814,6.8698,12613,0,0,0
ReflectionsOff,1284,6.1945011839270592,5.5862,12613,0,0,0
ReflectionsOff,1285,6.1723003163933754,6.8397,12613,0,0,0
ReflectionsOff,1286,6.0723992064595222,6.6645,12613,0,0,0
ReflectionsOff,1287,6.2694940716028214,4.9627,12613,0,0,0
ReflectionsOff,1288,6.1327028088271618,5.8476,12613,0,0,0
ReflectionsOff,1289,6.3308035023510456,6.0689,12613,0,0,0
ReflectionsOff,1290,5.92649495229125,6.3637,12665,0,0,0
ReflectionsOff,1291,6.1748013831675053,6.6962,12613,0,0,0
ReflectionsOff,1292,6.2006022781133652,6.2452,12613,0,0,0
ReflectionsOff,1293,6.1709964647889137,5.2626,12613,0,0,0
ReflectionsOff,1294,6.1303996481001377,6.8462,12613,0,0,0
ReflectionsOff,1295,6.2362030148506165,5.6153,12613,0,0,0
ReflectionsOff,1296,6.1403983272612095,6.271,12613,0,0,0
ReflectionsOff,1297,6.019203457981348,6.9451,12613,0,0,0
ReflectionsOff,1298,6.18249736726284,5.8244,12613,0,0,0
ReflectionsOff,1299,6.19669770821929,6.6415,12613,0,0,0
ReflectionsOff,1300,6.0885981656610966,5.2602,12613,0,0,0
ReflectionsOff,1301,6.3339001499116421,6.0035,12701,0,0,0
ReflectionsOff,1302,6.0868053697049618,7.0673,12613,0,0,0
ReflectionsOff,1303,6.0485969297587872,5.5511,12613,0,0,0
ReflectionsOff,1304,6.1347009614109993,6.052,12613,0,0,0
ReflectionsOff,1305,6.1044995673000813,5.415,12613,0,0,0
ReflectionsOff,1306,6.3160997815430164,6.5276,12613,0,0,0
ReflectionsOff,1307,6.09720079228282,5.8715,12613,0,0,0
ReflectionsOff,1308,6.1167022213339806,6.5656,12613,0,0,0
ReflectionsOff,1309,6.1562005430459976,6.2987,12613,0,0,0
ReflectionsOff,1310,6.1078937724232674,5.8558,12613,0,0,0
ReflectionsOff,1311,6.2699052505195141,6.2471,12613,0,0,0
ReflectionsOff,1312,6.2093962915241718,5.887,12613,0,0,0
ReflectionsOff,1313,6.0594035312533379,6.8094,12613,0,0,0
ReflectionsOff,1314,6.4440970309078693,6.2234,12613,0,0,0
ReflectionsOff,1315,5.9655043296515942,6.2159,12613,0,0,0
ReflectionsOff,1316,5.9752976521849632,5.9885,12613,0,0,0
ReflectionsOff,1317,6.1950962990522385,5.6548,12613,0,0,0
ReflectionsOff,1318,6.2689059413969517,6.472,12613,0,0,0
ReflectionsOff,1319,6.5518990159034729,6.3453,12613,0,0,0
ReflectionsOff,1320,5.81389619037509,6.094,12613,0,0,0
ReflectionsOff,1321,6.0281036421656609,6.4741,12613,0,0,0
ReflectionsOff,1322,6.1682965606451035,5.3808,12613,0,0,0
ReflectionsOff,1323,6.2795989215373993,6.3591,12665,0,0,0
ReflectionsOff,1324,5.9431050904095173,6.9195,12613,0,0,0
ReflectionsOff,1325,6.2924958765506744,4.8642,12613,0,0,0
ReflectionsOff,1326,6.2322989106178284,7.5446,12701,0,0,0
ReflectionsOff,1327,6.0863024555146694,5.4491,12613,0,0,0
ReflectionsOff,1328,6.1403983272612095,6.4118,12613,0,0,0
ReflectionsOff,1329,6.1868056654930115,5.5826,12613,0,0,0
ReflectionsOff,1330,6.0294996947050095,6.3492,12613,0,0,0
ReflectionsOff,1331,6.2571996822953224,5.4447,12613,0,0,0
ReflectionsOff,1332,6.7143989726901054,6.5114,12613,0,0,0
ReflectionsOff,1333,5.5429986678063869,6.3303,12613,0,0,0
ReflectionsOff,1334,6.2834965065121651,7.704,12613,0,0,0
ReflectionsOff,1335,6.2727038748562336,5.4147,12613,0,0,0
ReflectionsOff,1336,5.8776005171239376,5.8728,12613,0,0,0
ReflectionsOff,1337,6.1665959656238556,6.1061,12613,0,0,0
ReflectionsOff,1338,6.1728032305836678,5.3913,12613,0,0,0
ReflectionsOff,1339,6.0827028937637806,6.4525,12613,0,0,0
ReflectionsOff,1340,6.1739939264953136,6.0623,12613,0,0,0
ReflectionsOff,1341,6.2395054847002029,6.4595,12613,0,0,0
ReflectionsOff,1342,6.0671982355415821,6.2628,12613,0,0,0
ReflectionsOff,1343,6.204698234796524,5.7519,12613,0,0,0
ReflectionsOff,1344,6.03489950299263,6.2103,12613,0,0,0
ReflectionsOff,1345,6.3076033256947994,5.9841,12613,0,0,0
ReflectionsOff,1346,6.0098003596067429,6.6743,12613,0,0,0
ReflectionsOff,1347,6.2229945324361324,5.1651,12613,0,0,0
ReflectionsOff,1348,6.3971015624701977,6.7355,12613,0,0,0
ReflectionsOff,1349,5.9491991996765137,7.6926,12613,0,0,0
ReflectionsOff,1350,6.397902499884367,4.3291,12613,0,0,0
ReflectionsOff,1351,5.9253969229757786,7.249,12701,0,0,0
ReflectionsOff,1352,6.2668011523783207,5.6323,12613,0,0,0
ReflectionsOff,1353,6.14580512046814,5.7279,12613,0,0,0
ReflectionsOff,1354,6.0109975747764111,7.5755,12613,0,0,0
ReflectionsOff,1355,6.1209960840642452,5.2439,12613,0,0,0
ReflectionsOff,1356,6.3035995699465275,6.4524,12665,0,0,0
ReflectionsOff,1357,6.2667019665241241,5.0711,12613,0,0,0
ReflectionsOff,1358,5.9644985012710094,7.2431,12613,0,0,0
ReflectionsOff,1359,6.2044006772339344,6.4752,12613,0,0,0
ReflectionsOff,1360,6.274801678955555,5.1417,12613,0,0,0
ReflectionsOff,1361,5.9527000412344933,5.7122,12613,0,0,0
ReflectionsOff,1362,6.22519850730896,7.1031,12613,0,0,0
ReflectionsOff,1363,6.1571993865072727,5.365,12613,0,0,0
ReflectionsOff,1364,7.0785004645586014,6.3088,12613,0,0,0
ReflectionsOff,1365,5.2517005242407322,6.7202,12613,0,0,0
ReflectionsOff,1366,6.3835033215582371,5.7064,12613,0,0,0
ReflectionsOff,1367,5.8973995037376881,6.616,12613,0,0,0
ReflectionsOff,1368,6.1908019706606865,5.7203,12613,0,0,0
ReflectionsOff,1369,6.1358986422419548,7.3155,12613,0,0,0
ReflectionsOff,1370,6.3823978416621685,4.2976,12613,0,0,0
ReflectionsOff,1371,5.9553994797170162,7.7647,12613,0,0,0
ReflectionsOff,1372,6.3499007374048233,4.8906,12613,0,0,0
ReflectionsOff,1373,5.9651006013154984,6.7974,12613,0,0,0
ReflectionsOff,1374,6.1178994365036488,6.3878,12613,0,0,0
ReflectionsOff,1375,6.1802011914551258,5.588,12613,0,0,0
ReflectionsOff,1376,6.1350977048277855,6.2943,12701,0,0,0
ReflectionsOff,1377,6.2550026923418045,6.7707,12613,0,0,0
ReflectionsOff,1378,6.1753969639539719,5.2466,12613,0,0,0
ReflectionsOff,1379,6.1996029689908028,7.1207,12613,0,0,0
ReflectionsOff,1380,5.9800948947668076,5.4131,12613,0,0,0
ReflectionsOff,1381,6.3677011057734489,5.5448,12613,0,0,0
ReflectionsOff,1382,5.9536988846957684,7.1639,12613,0,0,0
ReflectionsOff,1383,6.071003619581461,5.6283,12613,0,0,0
ReflectionsOff,1384,6.3132015056908131,6.7548,12613,0,0,0
ReflectionsOff,1385,6.1884000897407532,5.4458,12613,0,0,0
ReflectionsOff,1386,6.7651006393134594,5.9749,12613,0,0,0
ReflectionsOff,1387,5.553798284381628,6.9267,12613,0,0,0
ReflectionsOff,1388,6.0905967839062214,5.9973,12613,0,0,0
ReflectionsOff,1389,6.105201318860054,5.9769,12665,0,0,0
ReflectionsOff,1390,6.1683035455644131,5.9437,12613,0,0,0
ReflectionsOff,1391,6.2163975089788437,5.5828,12613,0,0,0
ReflectionsOff,1392,6.054301280528307,7.2391,12613,0,0,0
ReflectionsOff,1393,6.3154976814985275,5.0156,12613,0,0,0
ReflectionsOff,1394,6.0727042146027088,7.6958,12613,0,0,0
ReflectionsOff,1395,6.2563987448811531,4.6867,12613,0,0,0
ReflectionsOff,1396,6.1220945790410042,6.2431,12613,0,0,0
ReflectionsOff,1397,6.2581067904829979,6.1509,12613,0,0,0
ReflectionsOff,1398,5.96070010215044,6.4266,12613,0,0,0
ReflectionsOff,1399,6.1466977931559086,6.8879,12613,0,0,0
ReflectionsOff,1400,6.0933958739042282,5.385,12613,0,0,0
ReflectionsOff,1401,6.4820009283721447,6.0625,12701,0,0,0
ReflectionsOff,1402,6.1500989831984043,6.0729,12613,0,0,0
ReflectionsOff,1403,6.0626063495874405,6.351,12613,0,0,0
ReflectionsOff,1404,6.1976970173418522,6.9609,12613,0,0,0
ReflectionsOff,1405,5.9845023788511753,4.9432,12613,0,0,0
ReflectionsOff,1406,6.6384989768266678,6.0013,12613,0,0,0
ReflectionsOff,1407,5.7954010553658009,6.8794,12613,0,0,0
ReflectionsOff,1408,6.0960953123867512,5.7387,12613,0,0,0
ReflectionsOff,1409,6.1436011455953121,6.0679,12613,0,0,0
ReflectionsOff,1410,6.4376983791589737,5.7955,12613,0,0,0
ReflectionsOff,1411,6.61990512162447,7.1629,12613,0,0,0
ReflectionsOff,1412,6.0298964381217957,5.9793,12613,0,0,0
ReflectionsOff,1413,6.0069020837545395,6.5696,12613,0,0,0
ReflectionsOff,1414,6.167297251522541,5.9518,12613,0,0,0
ReflectionsOff,1415,6.3873017206788063,5.9478,12613,0,0,0
ReflectionsOff,1416,6.1334962956607342,6.7662,12613,0,0,0
ReflectionsOff,1417,6.2155043706297874,5.5158,12613,0,0,0
ReflectionsOff,1418,6.1411987990140915,6.2858,12613,0,0,0
ReflectionsOff,1419,6.0753966681659222,6.4766,12613,0,0,0
ReflectionsOff,1420,6.1160004697740078,5.699,12613,0,0,0
ReflectionsOff,1421,6.4379037357866764,5.9953,12613,0,0,0
ReflectionsOff,1422,5.87589992210269,7.0315,12665,0,0,0
ReflectionsOff,1423,6.242701318114996,5.3407,12613,0,0,0
ReflectionsOff,1424,6.1116991564631462,6.1475,12613,0,0,0
ReflectionsOff,1425,11.727197095751762,14.2382,12613,0,0,0
ReflectionsOff,1426,4.6044006012380123,4.7177,12701,0,0,0
ReflectionsOff,1427,4.658503457903862,4.66,12613,0,0,0
ReflectionsOff,1428,3.7551941350102425,3.4612,12613,0,0,0
ReflectionsOff,1429,6.2093040905892849,4.403,12613,0,0,0
ReflectionsOff,1430,6.2731010839343071,6.0507,12613,0,0,0
ReflectionsOff,1431,6.4986962825059891,5.6947,12613,0,0,0
ReflectionsOff,1432,5.7355016469955444,7.2006,12613,0,0,0
ReflectionsOff,1433,6.0562994331121445,5.9071,12613,0,0,0
ReflectionsOff,1434,6.1551020480692387,6.4156,12613,0,0,0
ReflectionsOff,1435,6.1349985189735889,5.3492,12613,0,0,0
ReflectionsOff,1436,6.2818028964102268,6.4922,12613,0,0,0
ReflectionsOff,1437,6.1252973973751068,6.565,12613,0,0,0
ReflectionsOff,1438,5.9887967072427273,5.9838,12613,0,0,0
ReflectionsOff,1439,6.150602363049984,5.8344,12613,0,0,0
ReflectionsOff,1440,6.3356999307870865,6.1803,12613,0,0,0
ReflectionsOff,1441,6.1493976972997189,6.0793,12613,0,0,0
ReflectionsOff,1442,6.0095023363828659,7.062,12613,0,0,0
ReflectionsOff,1443,6.2376982532441616,4.9563,12613,0,0,0
ReflectionsOff,1444,6.3714995048940182,5.99,12613,0,0,0
ReflectionsOff,1445,5.92970522120595,6.3152,12613,0,0,0
ReflectionsOff,1446,6.0449973680078983,6.2207,12613,0,0,0
ReflectionsOff,1447,6.1450963839888573,6.0229,12613,0,0,0
ReflectionsOff,1448,6.3910004682838917,6.0418,12613,0,0,0
ReflectionsOff,1449,6.032504141330719,6.6827,12613,0,0,0
ReflectionsOff,1450,6.2886974774301052,5.9253,12613,0,0,0
ReflectionsOff,1451,6.095904391258955,6.2621,12613,0,0,0
ReflectionsOff,1452,6.0562994331121445,6.3125,12701,0,0,0
ReflectionsOff,1453,6.1678998172283173,6.0615,12613,0,0,0
ReflectionsOff,1454,6.172597873955965,5.6531,12613,0,0,0
ReflectionsOff,1455,6.0883997939527035,6.6064,12665,0,0,0
ReflectionsOff,1456,6.2097008340060711,5.6145,12613,0,0,0
ReflectionsOff,1457,6.0362955555319786,8.0663,12613,0,0,0
ReflectionsOff,1458,6.2419003807008266,5.0278,12613,0,0,0
ReflectionsOff,1459,6.141305435448885,5.9439,12613,0,0,0
ReflectionsOff,1460,6.2152990140020847,5.6935,12613,0,0,0
ReflectionsOff,1461,6.2096016481518745,5.926,12613,0,0,0
ReflectionsOff,1462,6.1321002431213856,7.9013,12613,0,0,0
ReflectionsOff,1463,6.218799389898777,4.9328,12613,0,0,0
ReflectionsOff,1464,6.67050015181303,5.8068,12613,0,0,0
ReflectionsOff,1465,5.9334961697459221,8.0596,12613,0,0,0
ReflectionsOff,1466,6.3304989598691463,5.193,12613,0,0,0
ReflectionsOff,1467,6.3592051155865192,7.2077,12613,0,0,0
ReflectionsOff,1468,5.84789551794529,4.7546,12613,0,0,0
ReflectionsOff,1469,6.2202028930187225,6.0004,12613,0,0,0
ReflectionsOff,1470,6.0597010888159275,7.5044,12613,0,0,0
ReflectionsOff,1471,6.4058955758810043,4.5934,12613,0,0,0
ReflectionsOff,1472,6.1074048280715942,6.6366,12613,0,0,0
ReflectionsOff,1473,6.289399228990078,5.8226,12613,0,0,0
ReflectionsOff,1474,5.9992983005940914,7.0905,12613,0,0,0
ReflectionsOff,1475,6.2538972124457359,5.6027,12613,0,0,0
ReflectionsOff,1476,5.978698842227459,7.1543,12613,0,0,0
ReflectionsOff,1477,6.188003346323967,4.9528,12701,0,0,0
ReflectionsOff,1478,6.4664967358112335,6.2464,12613,0,0,0
ReflectionsOff,1479,6.0474062338471413,7.0208,12613,0,0,0
ReflectionsOff,1480,6.0934950597584248,6.7282,12613,0,0,0
ReflectionsOff,1481,6.2673045322299,4.5905,12613,0,0,0
ReflectionsOff,1482,6.5422975458204746,6.1177,12613,0,0,0
ReflectionsOff,1483,5.69949671626091,7.201,12613,0,0,0
ReflectionsOff,1484,6.058503407984972,6.0183,12613,0,0,0
ReflectionsOff,1485,6.2671983614563942,5.9006,12613,0,0,0
ReflectionsOff,1486,6.3331988640129566,5.8671,12613,0,0,0
ReflectionsOff,1487,6.1647039838135242,6.1183,12613,0,0,0
ReflectionsOff,1488,5.9593962505459785,6.8597,12665,0,0,0
ReflectionsOff,1489,6.1535006389021873,5.1373,12613,0,0,0
ReflectionsOff,1490,6.1294995248317719,5.8615,12613,0,0,0
ReflectionsOff,1491,6.2732002697885036,6.741,12613,0,0,0
ReflectionsOff,1492,6.2022036872804165,5.9045,12613,0,0,0
ReflectionsOff,1493,6.1225979588925838,6.4354,12613,0,0,0
ReflectionsOff,1494,6.2442035414278507,5.7459,12613,0,0,0
ReflectionsOff,1495,6.02379534393549,6.5737,12613,0,0,0
ReflectionsOff,1496,6.2514031305909157,6.1791,12613,0,0,0
ReflectionsOff,1497,6.6584963351488113,5.6699,12613,0,0,0
ReflectionsOff,1498,5.7029053568840027,7.0181,12613,0,0,0
ReflectionsOff,1499,6.2692956998944283,6.171,12613,0,0,0
ReflectionsOff,1500,6.03759940713644,6.2972,12613,0,0,0
ReflectionsOff,1501,6.2422053888440132,6.002,12613,0,0,0
ReflectionsOff,1502,6.0901008546352386,5.6036,12701,0,0,0
ReflectionsOff,1503,6.2070931307971478,6.3867,12613,0,0,0
ReflectionsOff,1504,6.0734055005013943,6.1854,12613,0,0,0
ReflectionsOff,1505,6.1708972789347172,6.0668,12613,0,0,0
ReflectionsOff,1506,6.2703019939363,6.0951,12613,0,0,0
ReflectionsOff,1507,5.95499575138092,6.4192,12613,0,0,0
ReflectionsOff,1508,6.3235047273337841,6.2889,12613,0,0,0
ReflectionsOff,1509,5.9886975213885307,6.7675,12613,0,0,0
ReflectionsOff,1510,6.12300168722868,4.7824,12613,0,0,0
ReflectionsOff,1511,6.2677012756466866,6.6815,12613,0,0,0
ReflectionsOff,1512,6.208496168255806,6.1507,12613,0,0,0
ReflectionsOff,1513,6.0186013579368591,6.9235,12613,0,0,0
ReflectionsOff,1514,6.237400695681572,5.039,12613,0,0,0
ReflectionsOff,1515,6.2917019240558147,6.4861,12613,0,0,0
ReflectionsOff,1516,5.9256944805383682,6.7245,12613,0,0,0
ReflectionsOff,1517,6.2247025780379772,5.2231,12613,0,0,0
ReflectionsOff,1518,6.0538975521922112,6.5435,12613,0,0,0
ReflectionsOff,1519,6.14800164476037,5.8693,12613,0,0,0
ReflectionsOff,1520,6.2317033298313618,5.9035,12613,0,0,0
ReflectionsOff,1521,6.1701955273747444,6.4543,12665,0,0,0
ReflectionsOff,1522,6.2317033298313618,6.0306,12613,0,0,0
ReflectionsOff,1523,6.0244970954954624,6.6371,12613,0,0,0
ReflectionsOff,1524,6.3227042555809021,5.4425,12613,0,0,0
ReflectionsOff,1525,6.1504961922764778,7.7923,12613,0,0,0
ReflectionsOff,1526,6.148703396320343,4.9541,12613,0,0,0
ReflectionsOff,1527,5.9555978514254093,6.3126,12701,0,0,0
ReflectionsOff,1528,6.19669770821929,6.2649,12613,0,0,0
ReflectionsOff,1529,6.1125992797315121,6.2553,12613,0,0,0
ReflectionsOff,1530,6.2472010031342506,6.3619,12613,0,0,0
ReflectionsOff,1531,6.1819017864763737,5.4159,12613,0,0,0
ReflectionsOff,1532,6.2659014947712421,5.9928,12613,0,0,0
ReflectionsOff,1533,6.0650012455880642,7.0671,12613,0,0,0
ReflectionsOff,1534,6.0964995063841343,5.399,12613,0,0,0
ReflectionsOff,1535,6.2636975198984146,5.9836,12613,0,0,0
ReflectionsOff,1536,6.1522037722170353,6.2625,12613,0,0,0
ReflectionsOff,1537,5.9564979746937752,7.0176,12613,0,0,0
ReflectionsOff,1538,6.3190972432494164,6.509,12613,0,0,0
ReflectionsOff,1539,6.1065051704645157,5.7071,12613,0,0,0
ReflectionsOff,1540,6.2410999089479446,4.9973,12613,0,0,0
ReflectionsOff,1541,6.063598208129406,7.3064,12613,0,0,0
ReflectionsOff,1542,6.1878967098891735,5.7577,12613,0,0,0
ReflectionsOff,1543,6.1160004697740078,5.8012,12613,0,0,0
ReflectionsOff,1544,6.219897884875536,6.7715,12613,0,0,0
ReflectionsOff,1545,6.5781036391854286,5.6187,12613,0,0,0
ReflectionsOff,1546,5.7435021735727787,7.3272,12613,0,0,0
ReflectionsOff,1547,6.3334964215755463,4.9592,12613,0,0,0
ReflectionsOff,1548,5.982100497931242,6.7805,12613,0,0,0
ReflectionsOff,1549,6.2132016755640507,5.041,12613,0,0,0
ReflectionsOff,1550,5.9661990962922573,6.2654,12613,0,0,0
ReflectionsOff,1551,6.148497574031353,6.8316,12613,0,0,0
ReflectionsOff,1552,6.2884991057217121,5.1432,12701,0,0,0
ReflectionsOff,1553,16.511600464582443,19.277,12613,0,0,0
ReflectionsOff,1554,4.6630031429231167,4.6916,12665,0,0,0
ReflectionsOff,1555,4.018799401819706,4.0994,12613,0,0,0
ReflectionsOff,1556,3.7863024044781923,3.7168,12613,0,0,0
ReflectionsOff,1557,3.5486961714923382,3.5951,12613,0,0,0
ReflectionsOff,1558,4.265299066901207,3.7471,12613,0,0,0
ReflectionsOff,1559,6.3847010023891926,4.7175,12613,0,0,0
ReflectionsOff,1560,6.13060500472784,6.0792,12613,0,0,0
ReflectionsOff,1561,6.4288973808288574,6.3143,12613,0,0,0
ReflectionsOff,1562,6.0354024171829224,6.0665,12613,0,0,0
ReflectionsOff,1563,6.09989371150732,6.0943,12613,0,0,0
ReflectionsOff,1564,6.0303006321191788,6.6829,12613,0,0,0
ReflectionsOff,1565,6.1819017864763737,5.3019,12613,0,0,0
ReflectionsOff,1566,6.114498246461153,7.7326,12613,0,0,0
ReflectionsOff,1567,6.3185021281242371,5.0372,12613,0,0,0
ReflectionsOff,1568,6.3328016549348831,5.725,12613,0,0,0
ReflectionsOff,1569,6.353599950671196,6.4948,12613,0,0,0
ReflectionsOff,1570,5.999397486448288,6.4514,12613,0,0,0
ReflectionsOff,1571,6.0855015181005,6.2735,12613,0,0,0
ReflectionsOff,1572,6.3997022807598114,5.7404,12613,0,0,0
ReflectionsOff,1573,6.2398952431976795,5.9695,12613,0,0,0
ReflectionsOff,1574,5.8008008636534214,6.6869,12613,0,0,0
ReflectionsOff,1575,6.141297984868288,5.8396,12613,0,0,0
ReflectionsOff,1576,6.2561011873185635,5.8412,12613,0,0,0
ReflectionsOff,1577,6.1915037222206593,6.6579,12701,0,0,0
ReflectionsOff,1578,6.2740007415413857,5.7071,12613,0,0,0
ReflectionsOff,1579,6.250899750739336,6.4411,12613,0,0,0
ReflectionsOff,1580,6.0825962573289871,5.9702,12613,0,0,0
ReflectionsOff,1581,5.9973001480102539,6.1882,12613,0,0,0
ReflectionsOff,1582,6.20480440557003,5.8529,12613,0,0,0
ReflectionsOff,1583,6.07759365811944,6.9952,12613,0,0,0
ReflectionsOff,1584,6.4410995692014694,5.2257999999999996,12613,0,0,0
ReflectionsOff,1585,5.9735048562288284,6.871,12613,0,0,0
ReflectionsOff,1586,6.1101969331502914,6.6524,12613,0,0,0
ReflectionsOff,1587,6.216099951416254,5.3556,12613,0,0,0
ReflectionsOff,1588,5.947604775428772,5.9308,12613,0,0,0
ReflectionsOff,1589,6.2897959724068642,6.3241,12665,0,0,0
ReflectionsOff,1590,5.9758997522294521,6.8619,12613,0,0,0
ReflectionsOff,1591,6.2797972932457924,5.2524,12613,0,0,0
ReflectionsOff,1592,6.2608062289655209,6.4384,12613,0,0,0
ReflectionsOff,1593,6.1276997439563274,6.3906,12613,0,0,0
ReflectionsOff,1594,6.1689978465437889,5.9528,12613,0,0,0
ReflectionsOff,1595,6.14530174061656,6.1956,12613,0,0,0
ReflectionsOff,1596,6.0267997905611992,5.7139,12613,0,0,0
ReflectionsOff,1597,6.2157949432730675,6.0898,12613,0,0,0
ReflectionsOff,1598,5.9656035155057907,6.9239,12613,0,0,0
ReflectionsOff,1599,6.3223992474377155,5.9851,12613,0,0,0
ReflectionsOff,1600,6.1409012414515018,5.7125,12613,0,0,0
ReflectionsOff,1601,6.1097010038793087,6.0222,12613,0,0,0
ReflectionsOff,1602,6.2175947241485119,6.6585,12701,0,0,0
ReflectionsOff,1603,6.071003619581461,5.8203,12613,0,0,0
ReflectionsOff,1604,6.2154973857104778,6.3811,12613,0,0,0
ReflectionsOff,1605,6.1803995631635189,6.6145,12613,0,0,0
ReflectionsOff,1606,6.21079932898283,5.7358,12613,0,0,0
ReflectionsOff,1607,6.2606008723378181,6.4546,12613,0,0,0
ReflectionsOff,1608,6.1603034846484661,5.994,12613,0,0,0
ReflectionsOff,1609,6.0999998822808266,6.8553,12613,0,0,0
ReflectionsOff,1610,6.0386974364519119,5.2286,12613,0,0,0
ReflectionsOff,1611,6.1599984765052795,6.4601,12613,0,0,0
ReflectionsOff,1612,6.1068027280271053,5.5608,12613,0,0,0
ReflectionsOff,1613,6.3230018131434917,6.1415,12613,0,0,0
ReflectionsOff,1614,6.2683955766260624,6.9132999999999996,12613,0,0,0
ReflectionsOff,1615,6.3255033455789089,5.3085,12613,0,0,0
ReflectionsOff,1616,6.0042021796107292,6.265,12613,0,0,0
ReflectionsOff,1617,6.0410997830331326,7.1008,12613,0,0,0
ReflectionsOff,1618,6.3279974274337292,5.8904,12613,0,0,0
ReflectionsOff,1619,6.1557963490486145,5.5134,12613,0,0,0
ReflectionsOff,1620,6.0332058928906918,6.7214,12613,0,0,0
ReflectionsOff,1621,6.1865998432040215,5.4495,12613,0,0,0
ReflectionsOff,1622,6.4169997349381447,6.5531,12665,0,0,0
ReflectionsOff,1623,6.1078937724232674,6.5214,12613,0,0,0
ReflectionsOff,1624,6.2800026498734951,6.4623,12613,0,0,0
ReflectionsOff,1625,5.9389029629528522,6.6421,12613,0,0,0
ReflectionsOff,1626,6.1843963339924812,4.8119,12613,0,0,0
ReflectionsOff,1627,6.2035005539655685,6.3428,12701,0,0,0
ReflectionsOff,1628,6.190901156514883,5.9257,12613,0,0,0
ReflectionsOff,1629,6.0973991639912128,6.8774,12613,0,0,0
ReflectionsOff,1630,6.26410124823451,5.3237,12613,0,0,0
ReflectionsOff,1631,6.1322986148297787,6.8982,12613,0,0,0
ReflectionsOff,1632,6.13959738984704,5.4106,12613,0,0,0
ReflectionsOff,1633,6.1770053580403328,6.7385,12613,0,0,0
ReflectionsOff,1634,6.22169766575098,6.041,12613,0,0,0
ReflectionsOff,1635,6.2365010380744934,5.9116,12613,0,0,0
ReflectionsOff,1636,6.1020976863801479,6.2106,12613,0,0,0
ReflectionsOff,1637,6.380399689078331,6.4491,12613,0,0,0
ReflectionsOff,1638,6.046003196388483,6.4497,12613,0,0,0
ReflectionsOff,1639,5.9815971180796623,6.6757,12613,0,0,0
ReflectionsOff,1640,6.314300000667572,5.1549,12613,0,0,0
ReflectionsOff,1641,6.13740086555481,5.9455,12613,0,0,0
ReflectionsOff,1642,6.0083973221480846,6.6184,12613,0,0,0
ReflectionsOff,1643,6.2550026923418045,6.385,12613,0,0,0
ReflectionsOff,1644,6.1157029122114182,6.5302,12613,0,0,0
ReflectionsOff,1645,6.1268000863492489,6.003,12613,0,0,0
ReflectionsOff,1646,6.1367982998490334,5.3934,12613,0,0,0
ReflectionsOff,1647,6.1005954630672932,6.6367,12613,0,0,0
ReflectionsOff,1648,6.4003048464655876,6.0348,12613,0,0,0
ReflectionsOff,1649,5.9061013162136078,6.5126,12613,0,0,0
ReflectionsOff,1650,6.1459965072572231,5.776,12613,0,0,0
ReflectionsOff,1651,6.5331985242664814,5.8298,12613,0,0,0
ReflectionsOff,1652,5.8761052787303925,7.391,12701,0,0,0
ReflectionsOff,1653,14.179796911776066,15.283,12613,0,0,0
ReflectionsOff,1654,3.7306973244994879,3.8425,12665,0,0,0
ReflectionsOff,1655,3.79100046120584,3.7913,12613,0,0,0
ReflectionsOff,1656,3.71730444021523,3.6119,12613,0,0,0
ReflectionsOff,1657,5.4581984877586365,3.9107,12613,0,0,0
ReflectionsOff,1658,6.1317957006394863,5.6548,12613,0,0,0
ReflectionsOff,1659,6.2056053429841995,7.4219,12613,0,0,0
ReflectionsOff,1660,6.3076955266296864,4.5874,12613,0,0,0
ReflectionsOff,1661,6.1294003389775753,6.7384,12613,0,0,0
ReflectionsOff,1662,6.0093039646744728,6.1197,12613,0,0,0
ReflectionsOff,1663,6.3464995473623276,5.5163,12613,0,0,0
ReflectionsOff,1664,6.1557963490486145,6.5498,12613,0,0,0
ReflectionsOff,1665,6.0921981930732727,6.0568,12613,0,0,0
ReflectionsOff,1666,6.0684029012918472,6.6182,12613,0,0,0
ReflectionsOff,1667,6.1775012873113155,6.4643,12613,0,0,0
ReflectionsOff,1668,6.1758006922900677,5.3914,12613,0,0,0
ReflectionsOff,1669,6.0954010114073753,7.021,12613,0,0,0
ReflectionsOff,1670,6.066999863833189,4.9591,12613,0,0,0
ReflectionsOff,1671,6.5287980251014233,6.7281,12613,0,0,0
ReflectionsOff,1672,5.79869607463479,6.1362,12613,0,0,0
ReflectionsOff,1673,6.3392007723450661,5.6678,12613,0,0,0
ReflectionsOff,1674,6.0155047103762627,6.9695,12613,0,0,0
ReflectionsOff,1675,6.3106007874011993,5.3586,12613,0,0,0
ReflectionsOff,1676,6.206597201526165,6.4303,12613,0,0,0
ReflectionsOff,1677,6.0386974364519119,5.9226,12701,0,0,0
ReflectionsOff,1678,6.2115010805428028,6.4425,12613,0,0,0
ReflectionsOff,1679,5.9656035155057907,7.0325,12613,0,0,0
ReflectionsOff,1680,6.22490094974637,5.1335,12613,0,0,0
ReflectionsOff,1681,6.3513959757983685,5.8889,12613,0,0,0
ReflectionsOff,1682,5.9383008629083633,6.7492,12613,0,0,0
ReflectionsOff,1683,6.1742984689772129,5.5386,12613,0,0,0
ReflectionsOff,1684,6.1981999315321445,6.2418,12613,0,0,0
ReflectionsOff,1685,6.1508007347583771,6.5343,12613,0,0,0
ReflectionsOff,1686,6.31030322983861,6.8832,12613,0,0,0
ReflectionsOff,1687,5.884700920432806,5.7377,12613,0,0,0
ReflectionsOff,1688,6.3310940749943256,5.1958,12613,0,0,0
ReflectionsOff,1689,6.0709039680659771,7.0454,12665,0,0,0
ReflectionsOff,1690,6.3037984073162079,5.7329,12613,0,0,0
ReflectionsOff,1691,6.2176021747291088,6.2436,12613,0,0,0
ReflectionsOff,1692,5.9244967997074127,6.6981,12613,0,0,0
ReflectionsOff,1693,6.3739018514752388,5.0363,12613,0,0,0
ReflectionsOff,1694,6.135196890681982,6.7842,12613,0,0,0
ReflectionsOff,1695,6.1169005930423737,5.8442,12613,0,0,0
ReflectionsOff,1696,6.1730016022920609,5.9689,12613,0,0,0
ReflectionsOff,1697,6.116397213190794,7.9264,12613,0,0,0
ReflectionsOff,1698,6.2410999089479446,5.3621,12613,0,0,0
ReflectionsOff,1699,6.1646047979593277,6.5229,12613,0,0,0
ReflectionsOff,1700,6.1239018104970455,5.17,12613,0,0,0
ReflectionsOff,1701,6.3634989783167839,6.2708,12613,0,0,0
ReflectionsOff,1702,5.9307962656021118,6.213,12701,0,0,0
ReflectionsOff,1703,6.1840987764298916,5.6856,12613,0,0,0
ReflectionsOff,1704,6.16540526971221,7.1466,12613,0,0,0
ReflectionsOff,1705,6.3676941208541393,5.8799,12613,0,0,0
ReflectionsOff,1706,6.0958052054047585,5.9793,12613,0,0,0
ReflectionsOff,1707,6.0397959314286709,6.8826,12613,0,0,0
ReflectionsOff,1708,6.1466055922210217,5.7486,12613,0,0,0
ReflectionsOff,1709,6.1464994214475155,6.166,12613,0,0,0
ReflectionsOff,1710,6.1345947906374931,5.8998,12613,0,0,0
ReflectionsOff,1711,6.2750000506639481,5.5915,12613,0,0,0
ReflectionsOff,1712,6.0491994954645634,6.9487,12613,0,0,0
ReflectionsOff,1713,6.2444019131362438,5.4443,12613,0,0,0
ReflectionsOff,1714,6.0704010538756847,6.1262,12613,0,0,0
ReflectionsOff,1715,6.234403233975172,6.2796,12613,0,0,0
ReflectionsOff,1716,6.0567958280444145,6.9754,12613,0,0,0
ReflectionsOff,1717,6.2182042747735977,6.1908,12613,0,0,0
ReflectionsOff,1718,6.2102964147925377,5.2255,12613,0,0,0
ReflectionsOff,1719,6.3127977773547173,6.7911,12613,0,0,0
ReflectionsOff,1720,5.9535005129873753,6.0455,12613,0,0,0
ReflectionsOff,1721,6.1549036763608456,5.9667,12613,0,0,0
ReflectionsOff,1722,6.1912983655929565,6.8733,12665,0,0,0
ReflectionsOff,1723,6.1971019022166729,5.466,12613,0,0,0
ReflectionsOff,1724,6.1546983197331429,5.9608,12613,0,0,0
ReflectionsOff,1725,6.3000991940498352,6.0517,12613,0,0,0
ReflectionsOff,1726,5.9533021412789822,6.3252,12613,0,0,0
ReflectionsOff,1727,6.6813989542424679,6.796,12701,0,0,0
ReflectionsOff,1728,5.667602177709341,5.3341,12613,0,0,0
ReflectionsOff,1729,6.1450963839888573,6.6752,12613,0,0,0
ReflectionsOff,1730,6.1634993180632591,6.5827,12613,0,0,0
ReflectionsOff,1731,6.2516015022993088,5.1454,12613,0,0,0
ReflectionsOff,1732,6.0836025513708591,7.3657,12613,0,0,0
ReflectionsOff,1733,6.2419995665550232,4.5915,12613,0,0,0
ReflectionsOff,1734,6.23309938237071,7.8202,12613,0,0,0
ReflectionsOff,1735,5.9697986580431461,6.2339,12613,0,0,0
ReflectionsOff,1736,6.2890024855732918,4.4827,12613,0,0,0
ReflectionsOff,1737,6.0383998788893223,5.9821,12613,0,0,0
ReflectionsOff,1738,6.2688989564776421,7.0215,12613,0,0,0
ReflectionsOff,1739,6.159899290651083,5.6312,12613,0,0,0
ReflectionsOff,1740,5.9846015647053719,7.457,12613,0,0,0
ReflectionsOff,1741,6.173696368932724,5.486,12613,0,0,0
ReflectionsOff,1742,6.8002054467797279,5.4797,12613,0,0,0
ReflectionsOff,1743,5.6368978694081306,7.1168,12613,0,0,0
ReflectionsOff,1744,6.13390002399683,5.5683,12613,0,0,0
ReflectionsOff,1745,6.2288972549140453,6.6644,12613,0,0,0
ReflectionsOff,1746,6.047101691365242,5.1875,12613,0,0,0
ReflectionsOff,1747,6.0699973255395889,6.1613,12613,0,0,0
ReflectionsOff,1748,6.1346017755568027,6.8283,12613,0,0,0
ReflectionsOff,1749,6.2900013290345669,5.4144,12613,0,0,0
ReflectionsOff,1750,6.2099983915686607,6.8126,12613,0,0,0
ReflectionsOff,1751,6.1928997747600079,5.7487,12613,0,0,0
ReflectionsOff,1752,6.05179974809289,6.7695,12701,0,0,0
ReflectionsOff,1753,6.28170371055603,6.064,12613,0,0,0
ReflectionsOff,1754,6.2732002697885036,5.412,12613,0,0,0
ReflectionsOff,1755,5.9601971879601479,6.4642,12665,0,0,0
ReflectionsOff,1756,6.271804217249155,5.8768,12613,0,0,0
ReflectionsOff,1757,6.4112953841686249,6.6403,12613,0,0,0
ReflectionsOff,1758,5.8018988929688931,6.179,12613,0,0,0
ReflectionsOff,1759,5.9809028171002865,6.1191,12613,0,0,0
ReflectionsOff,1760,6.1661987565457821,6.2397,12613,0,0,0
ReflectionsOff,1761,6.4466977491974831,5.478,12613,0,0,0
ReflectionsOff,1762,5.8691045269370079,6.6706,12613,0,0,0
ReflectionsOff,1763,6.2516015022993088,6.4255,12613,0,0,0
ReflectionsOff,1764,6.16569584235549,5.3713,12613,0,0,0
ReflectionsOff,1765,6.2349988147616386,5.7469,12613,0,0,0
ReflectionsOff,1766,6.0204011388123035,7.9521,12613,0,0,0
ReflectionsOff,1767,6.25320291146636,4.8313,12613,0,0,0
ReflectionsOff,1768,6.059601902961731,6.9098,12613,0,0,0
ReflectionsOff,1769,6.2041948549449444,5.4645,12613,0,0,0
ReflectionsOff,1770,6.1553004197776318,5.989,12613,0,0,0
ReflectionsOff,1771,6.216900423169136,6.4216,12613,0,0,0
ReflectionsOff,1772,6.1834040097892284,6.2207,12613,0,0,0
ReflectionsOff,1773,6.0496954247355461,6.5406,12613,0,0,0
ReflectionsOff,1774,6.1889030039310455,5.4759,12613,0,0,0
ReflectionsOff,1775,6.1492985114455223,6.0963,12613,0,0,0
ReflectionsOff,1776,6.3184029422700405,5.9267,12613,0,0,0
ReflectionsOff,1777,6.0353954322636127,6.6035,12701,0,0,0
ReflectionsOff,1778,6.190901156514883,6.7949,12613,0,0,0
ReflectionsOff,1779,6.2880031764507294,5.4941,12613,0,0,0
ReflectionsOff,1780,6.2148952856659889,6.845,12613,0,0,0
ReflectionsOff,1781,5.9271045029163361,6.6396,12613,0,0,0
ReflectionsOff,1782,6.1974986456334591,4.5511,12613,0,0,0
ReflectionsOff,1783,6.13740086555481,6.9892,12613,0,0,0
ReflectionsOff,1784,6.1394982039928436,6.2504,12613,0,0,0
ReflectionsOff,1785,6.5122023224830627,6.8139,12613,0,0,0
ReflectionsOff,1786,6.19149673730135,5.6785,12613,0,0,0
ReflectionsOff,1787,6.1720027588307858,5.8468,12613,0,0,0
ReflectionsOff,1788,6.3139949925243855,6.5738,12665,0,0,0
ReflectionsOff,1789,6.0187005437910557,6.375,12613,0,0,0
ReflectionsOff,1790,6.3740010373294353,5.7123,12613,0,0,0
ReflectionsOff,1791,6.0533019714057446,6.8561,12613,0,0,0
ReflectionsOff,1792,6.0794004239141941,4.9884,12613,0,0,0
ReflectionsOff,1793,6.0304990038275719,7.2471,12613,0,0,0
ReflectionsOff,1794,6.2866993248462677,4.948,12613,0,0,0
ReflectionsOff,1795,6.1236042529344559,7.1957,12613,0,0,0
ReflectionsOff,1796,6.074199452996254,6.9334,12613,0,0,0
ReflectionsOff,1797,6.3229948282241821,4.5384,12613,0,0,0
ReflectionsOff,1798,6.041000597178936,7.0038,12613,0,0,0
ReflectionsOff,1799,6.1625991947948933,5.8691,12613,0,0,0
ReflectionsOff,1800,6.0498015955090523,5.7537,12613,0,0,0
ReflectionsOff,1801,6.190100684762001,7.1531,12613,0,0,0
ReflectionsOff,1802,6.1623016372323036,4.981,12701,0,0,0
ReflectionsOff,1803,6.3642999157309532,6.2478,12613,0,0,0
ReflectionsOff,1804,6.1750994063913822,6.7122,12613,0,0,0
ReflectionsOff,1805,6.1350977048277855,5.5519,12613,0,0,0
ReflectionsOff,1806,6.2710032798349857,7.1876,12613,0,0,0
ReflectionsOff,1807,5.9263957664370537,5.4387,12613,0,0,0
ReflectionsOff,1808,6.16020429879427,5.8886,12613,0,0,0
ReflectionsOff,1809,6.3092969357967377,6.1345,12613,0,0,0
ReflectionsOff,1810,6.073100958019495,5.9336,12613,0,0,0
ReflectionsOff,1811,6.0759992338716984,7.4608,12613,0,0,0
ReflectionsOff,1812,6.1845025047659874,4.7102,12613,0,0,0
ReflectionsOff,1813,6.0902000404894352,6.5069,12613,0,0,0
ReflectionsOff,1814,6.2935021705925465,6.0586,12613,0,0,0
ReflectionsOff,1815,6.0482993721961975,6.6484,12613,0,0,0
ReflectionsOff,1816,6.2044006772339344,5.6095,12613,0,0,0
ReflectionsOff,1817,6.1139953322708607,6.2245,12613,0,0,0
ReflectionsOff,1818,6.1555057764053345,6.5393,12613,0,0,0
ReflectionsOff,1819,5.9815971180796623,6.225,12613,0,0,0
ReflectionsOff,1820,6.2744966708123684,5.6889,12613,0,0,0
ReflectionsOff,1821,6.0801021754741669,7.9129,12665,0,0,0
ReflectionsOff,1822,6.2897037714719772,4.8035,12613,0,0,0
ReflectionsOff,1823,6.0953940264880657,5.765,12613,0,0,0
ReflectionsOff,1824,6.1865006573498249,6.3435,12613,0,0,0
ReflectionsOff,1825,6.3654053956270218,6.49,12613,0,0,0
ReflectionsOff,1826,5.9369970113039017,6.1952,12613,0,0,0
ReflectionsOff,1827,6.314300000667572,5.3806,12701,0,0,0
ReflectionsOff,1828,5.9798965230584145,6.603,12613,0,0,0
ReflectionsOff,1829,6.1715063638985157,6.2592,12613,0,0,0
ReflectionsOff,1830,6.2322989106178284,5.2631,12613,0,0,0
ReflectionsOff,1831,6.0932966880500317,7.5366,12613,0,0,0
ReflectionsOff,1832,6.3120038248598576,5.9896,12613,0,0,0
ReflectionsOff,1833,6.2098992057144642,5.3587,12613,0,0,0
ReflectionsOff,1834,6.1334962956607342,6.579,12613,0,0,0
ReflectionsOff,1835,6.226204801350832,6.2232,12613,0,0,0
ReflectionsOff,1836,6.0394983738660812,6.8397,12613,0,0,0
ReflectionsOff,1837,6.2750992365181446,5.2315,12613,0,0,0
ReflectionsOff,1838,6.0581988655030727,6.6458,12613,0,0,0
ReflectionsOff,1839,6.2843039631843567,5.7744,12613,0,0,0
ReflectionsOff,1840,5.8978954330086708,5.8815,12613,0,0,0
ReflectionsOff,1841,6.241602823138237,7.0466,12613,0,0,0
ReflectionsOff,1842,6.0534011572599411,5.5151,12613,0,0,0
ReflectionsOff,1843,6.1604944057762623,6.203,12613,0,0,0
ReflectionsOff,1844,6.0821003280580044,5.8785,12613,0,0,0
ReflectionsOff,1845,6.3616000115871429,6.2416,12613,0,0,0
ReflectionsOff,1846,6.1389030888676643,6.3233,12613,0,0,0
ReflectionsOff,1847,6.0708969831466675,6.3444,12613,0,0,0
ReflectionsOff,1848,6.1372024938464165,5.3717,12613,0,0,0
ReflectionsOff,1849,6.150602363049984,6.9983,12613,0,0,0
ReflectionsOff,1850,6.2217968516051769,4.952,12613,0,0,0
ReflectionsOff,1851,6.2426021322607994,6.9953,12613,0,0,0
ReflectionsOff,1852,6.223001517355442,5.8892,12701,0,0,0
ReflectionsOff,1853,5.9994966723024845,6.8098,12613,0,0,0
ReflectionsOff,1854,6.2570013105869293,5.9033,12665,0,0,0
ReflectionsOff,1855,6.0717971064150333,5.9163,12613,0,0,0
ReflectionsOff,1856,6.4026997424662113,6.6593,12613,0,0,0
ReflectionsOff,1857,5.961401853710413,5.5638,12613,0,0,0
ReflectionsOff,1858,7.149099837988615,6.7919,12613,0,0,0
ReflectionsOff,1859,5.1610968075692654,6.8622,12613,0,0,0
ReflectionsOff,1860,6.09199982136488,5.3466,12613,0,0,0
ReflectionsOff,1861,6.2727038748562336,5.0532,12613,0,0,0
ReflectionsOff,1862,6.2704011797904968,7.3002,12613,0,0,0
ReflectionsOff,1863,6.0235969722270966,5.963,12613,0,0,0
ReflectionsOff,1864,6.1989016830921173,6.4954,12613,0,0,0
ReflectionsOff,1865,6.0511976480484009,5.9322,12613,0,0,0
ReflectionsOff,1866,6.6809025593101978,5.9714,12613,0,0,0
ReflectionsOff,1867,5.9155966155231,7.147,12613,0,0,0
ReflectionsOff,1868,6.0012047179043293,5.4469,12613,0,0,0
ReflectionsOff,1869,6.0531958006322384,5.4788,12613,0,0,0
ReflectionsOff,1870,6.2461025081574917,7.1541,12613,0,0,0
ReflectionsOff,1871,6.0881022363901138,5.8518,12613,0,0,0
ReflectionsOff,1872,6.3249999657273293,6.0274,12613,0,0,0
ReflectionsOff,1873,6.0144984163343906,5.8113,12613,0,0,0
ReflectionsOff,1874,6.323596928268671,5.8479,12613,0,0,0
ReflectionsOff,1875,5.9472010470926762,6.4216,12613,0,0,0
ReflectionsOff,1876,6.173398345708847,5.6197,12613,0,0,0
ReflectionsOff,1877,6.1970027163624763,7.9819,12701,0,0,0
ReflectionsOff,1878,6.2490007840096951,4.992,12613,0,0,0
ReflectionsOff,1879,6.211897823959589,6.7583,12613,0,0,0
ReflectionsOff,1880,6.1229025013744831,5.4934,12613,0,0,0
ReflectionsOff,1881,5.9699970297515392,6.3254,12613,0,0,0
ReflectionsOff,1882,6.1366991139948368,5.8893,12613,0,0,0
ReflectionsOff,1883,6.3006021082401276,5.4457,12613,0,0,0
ReflectionsOff,1884,6.071003619581461,6.7589,12613,0,0,0
ReflectionsOff,1885,6.3918936066329479,5.8143,12613,0,0,0
ReflectionsOff,1886,6.098603829741478,6.2771,12613,0,0,0
ReflectionsOff,1887,6.0470025055110455,8.1542,12665,0,0,0
ReflectionsOff,1888,6.3290959224104881,4.829,12613,0,0,0
ReflectionsOff,1889,6.1010983772575855,6.1235,12613,0,0,0
ReflectionsOff,1890,6.086401641368866,5.3953,12613,0,0,0
ReflectionsOff,1891,6.0768988914787769,6.3973,12613,0,0,0
ReflectionsOff,1892,6.3182045705616474,7.8708,12613,0,0,0
ReflectionsOff,1893,6.16269838064909,4.0374,12613,0,0,0
ReflectionsOff,1894,6.4462018199265,6.9825,12613,0,0,0
ReflectionsOff,1895,5.98920090124011,6.761,12613,0,0,0
ReflectionsOff,1896,6.0821995139122009,4.9915,12613,0,0,0
ReflectionsOff,1897,6.1487951315939426,6.7507,12613,0,0,0
ReflectionsOff,1898,6.0963011346757412,6.5031,12613,0,0,0
ReflectionsOff,1899,6.3147037290036678,5.543,12613,0,0,0
ReflectionsOff,1900,6.104195024818182,7.1744,12613,0,0,0
ReflectionsOff,1901,6.2843039631843567,5.2134,12613,0,0,0
ReflectionsOff,1902,5.970698781311512,7.2277,12701,0,0,0
ReflectionsOff,1903,6.1207977123558521,4.772,12613,0,0,0
ReflectionsOff,1904,6.2248017638921738,6.7684,12613,0,0,0
ReflectionsOff,1905,6.1535006389021873,5.5863,12613,0,0,0
ReflectionsOff,1906,6.0814982280135155,6.7895,12613,0,0,0
ReflectionsOff,1907,6.2571996822953224,5.8878,12613,0,0,0
ReflectionsOff,1908,6.2816045247018337,5.7644,12613,0,0,0
ReflectionsOff,1909,6.1011975631117821,6.5455,12613,0,0,0
ReflectionsOff,1910,6.1312997713685036,6.2345,12613,0,0,0
ReflectionsOff,1911,6.1603034846484661,6.817,12613,0,0,0
ReflectionsOff,1912,6.0480940155684948,5.3922,12613,0,0,0
ReflectionsOff,1913,6.2153059989213943,6.3572,12613,0,0,0
ReflectionsOff,1914,6.3245962373912334,5.8018,12613,0,0,0
ReflectionsOff,1915,6.05420209467411,6.8986,12613,0,0,0
ReflectionsOff,1916,6.1499006114900112,5.498,12613,0,0,0
ReflectionsOff,1917,6.3652000389993191,6.297,12613,0,0,0
ReflectionsOff,1918,5.9775016270577908,6.5632,12613,0,0,0
ReflectionsOff,1919,6.02299440652132,5.2014,17262,0,0,0
ReflectionsOff,1920,6.1928997747600079,7.2111,12665,0,0,0
ReflectionsOff,1921,6.31270557641983,5.1504,12613,0,0,0
ReflectionsOff,1922,6.0820933431386948,6.3601,12613,0,0,0
ReflectionsOff,1923,6.201502401381731,5.9897,12613,0,0,0
ReflectionsOff,1924,6.1772037297487259,7.3561,12613,0,0,0
ReflectionsOff,1925,6.1458973214030266,6.0416,12613,0,0,0
ReflectionsOff,1926,6.2644984573125839,5.7519,12613,0,0,0
ReflectionsOff,1927,6.0129039920866489,5.8079,12701,0,0,0
ReflectionsOff,1928,6.1267009004950523,6.3306,12613,0,0,0
ReflectionsOff,1929,6.3149943016469479,6.4546,12613,0,0,0
ReflectionsOff,1930,5.99490525200963,5.9913,12613,0,0,0
ReflectionsOff,1931,6.1441962607204914,6.3585,12613,0,0,0
ReflectionsOff,1932,6.2624998390674591,5.2184,12613,0,0,0
ReflectionsOff,1933,6.063804030418396,7.4997,12613,0,0,0
ReflectionsOff,1934,6.4039966091513634,5.4343,12613,0,0,0
ReflectionsOff,1935,5.9456988237798214,6.5926,12613,0,0,0
ReflectionsOff,1936,6.1270054429769516,5.5215,12613,0,0,0
ReflectionsOff,1937,6.3369967974722385,6.8958,12613,0,0,0
ReflectionsOff,1938,6.04659877717495,5.7239,12613,0,0,0
ReflectionsOff,1939,6.3255033455789089,5.7143,12613,0,0,0
ReflectionsOff,1940,5.9973001480102539,6.4149,12613,0,0,0
ReflectionsOff,1941,6.229400634765625,5.7975,12613,0,0,0
ReflectionsOff,1942,6.1982991173863411,6.6094,12613,0,0,0
ReflectionsOff,1943,5.9971017763018608,6.946,12613,0,0,0
ReflectionsOff,1944,6.204698234796524,5.1157,12613,0,0,0
ReflectionsOff,1945,6.261500995606184,7.1053,12613,0,0,0
ReflectionsOff,1946,6.2759993597865105,5.4333,12613,0,0,0
ReflectionsOff,1947,6.3972007483243942,6.12,12613,0,0,0
ReflectionsOff,1948,6.1238943599164486,7.7737,12613,0,0,0
ReflectionsOff,1949,6.0981009155511856,4.9315,12613,0,0,0
ReflectionsOff,1950,6.3194017857313156,5.908,12613,0,0,0
ReflectionsOff,1951,6.0482993721961975,6.325,12613,0,0,0
ReflectionsOff,1952,6.5320013090968132,5.5303,12701,0,0,0
ReflectionsOff,1953,5.8515020646154881,7.1043,12665,0,0,0
ReflectionsOff,1954,6.18499843403697,6.0404,12613,0,0,0
ReflectionsOff,1955,6.0372021980583668,6.8943,12613,0,0,0
ReflectionsOff,1956,6.2252976931631565,4.9093,12613,0,0,0
ReflectionsOff,1957,6.3314978033304214,5.9955,12613,0,0,0
ReflectionsOff,1958,5.9640021063387394,7.0856,12613,0,0,0
ReflectionsOff,1959,6.2784012407064438,5.1525,12613,0,0,0
ReflectionsOff,1960,5.9874998405575752,6.8968,12613,0,0,0
ReflectionsOff,1961,6.1758006922900677,6.1953,12613,0,0,0
ReflectionsOff,1962,6.1014951206743717,5.8948,12613,0,0,0
ReflectionsOff,1963,6.2205004505813122,6.2288,12613,0,0,0
ReflectionsOff,1964,6.0807042755186558,5.7174,12613,0,0,0
ReflectionsOff,1965,6.18499843403697,6.2162,12613,0,0,0
ReflectionsOff,1966,6.14559929817915,6.1407,12613,0,0,0
ReflectionsOff,1967,6.2667019665241241,6.2314,12613,0,0,0
ReflectionsOff,1968,6.2319939024746418,7.0769,12613,0,0,0
ReflectionsOff,1969,6.0435021296143532,5.405,12613,0,0,0
ReflectionsOff,1970,6.222803145647049,6.1439,12613,0,0,0
ReflectionsOff,1971,6.0162981972098351,6.2239,12613,0,0,0
ReflectionsOff,1972,6.2490999698638916,5.7059,12613,0,0,0
ReflectionsOff,1973,6.0462020337581635,7.2764,12613,0,0,0
ReflectionsOff,1974,6.1977962031960487,4.7865,12613,0,0,0
ReflectionsOff,1975,6.2517006881535053,6.6535,12613,0,0,0
ReflectionsOff,1976,6.1041028238832951,6.7505,12613,0,0,0
ReflectionsOff,1977,6.17359671741724,5.8606,12701,0,0,0
ReflectionsOff,1978,6.2301019206643105,5.9373,12613,0,0,0
ReflectionsOff,1979,6.158800795674324,5.9603,12613,0,0,0
ReflectionsOff,1980,6.0523953288793564,6.8334,12613,0,0,0
ReflectionsOff,1981,6.0329008847475052,5.4806,12613,0,0,0
ReflectionsOff,1982,6.1178002506494522,5.9235,12613,0,0,0
ReflectionsOff,1983,6.4703016541898251,6.6847,12613,0,0,0
ReflectionsOff,1984,6.2151998281478882,6.171,12613,0,0,0
ReflectionsOff,1985,6.0049956664443016,5.9085,12613,0,0,0
ReflectionsOff,1986,6.1383005231618881,6.514,12665,0,0,0
ReflectionsOff,1987,6.1744046397507191,5.4015,12613,0,0,0
ReflectionsOff,1988,6.1003966256976128,7.3253,12613,0,0,0
ReflectionsOff,1989,6.175503134727478,5.5335,12613,0,0,0
ReflectionsOff,1990,6.43480010330677,6.1631,12613,0,0,0
ReflectionsOff,1991,6.044196430593729,6.7638,12613,0,0,0
ReflectionsOff,1992,6.1308033764362335,5.6139,12613,0,0,0
ReflectionsOff,1993,6.1294995248317719,5.6169,12613,0,0,0
ReflectionsOff,1994,6.2451953999698162,6.331,12613,0,0,0
ReflectionsOff,1995,6.0553997755050659,6.7318,12613,0,0,0
ReflectionsOff,1996,6.2046060338616371,6.1788,12613,0,0,0
ReflectionsOff,1997,6.2279975973069668,5.5198,12613,0,0,0
ReflectionsOff,1998,6.1059026047587395,7.6107,12613,0,0,0
ReflectionsOff,1999,6.2742982991039753,5.9332,12613,0,0,0
ReflectionsOff,2000,5.99820027127862,5.7882,12613,0,0,0
ReflectionsOff,2001,6.1463010497391224,5.4123,12613,0,0,0
ReflectionsOff,2002,6.1496952548623085,5.9019,12701,0,0,0
ReflectionsOff,2003,6.161798257380724,6.1993,12613,0,0,0
ReflectionsOff,2004,6.0915038920938969,6.5824,12613,0,0,0
ReflectionsOff,2005,6.2903980724513531,5.749,12613,0,0,0
ReflectionsOff,2006,6.2746033072471619,7.7854,12613,0,0,0
ReflectionsOff,2007,5.9959962964057922,4.6007,12613,0,0,0
ReflectionsOff,2008,6.0674035921692848,5.7482,12613,0,0,0
ReflectionsOff,2009,6.2889950349926949,6.8607,12613,0,0,0
ReflectionsOff,2010,6.1327028088271618,6.0225,12613,0,0,0
ReflectionsOff,2011,6.04659877717495,7.8913,12613,0,0,0
ReflectionsOff,2012,6.1635985039174557,3.8608,12613,0,0,0
ReflectionsOff,2013,6.322505883872509,6.2198,12613,0,0,0
ReflectionsOff,2014,6.0491994954645634,6.5616,12613,0,0,0
ReflectionsOff,2015,6.0933958739042282,6.8216,12613,0,0,0
ReflectionsOff,2016,6.1985049396753311,5.4246,12613,0,0,0
ReflectionsOff,2017,6.03789696469903,5.92,12613,0,0,0
ReflectionsOff,2018,6.1624008230865,7.0486,12613,0,0,0
ReflectionsOff,2019,6.2238024547696114,5.4871,12665,0,0,0
ReflectionsOff,2020,6.0696001164615154,6.3245,12613,0,0,0
ReflectionsOff,2021,6.1546983197331429,6.4503,12613,0,0,0
ReflectionsOff,2022,6.1553004197776318,6.6141,12613,0,0,0
ReflectionsOff,2023,6.2172971665859222,6.037,12613,0,0,0
ReflectionsOff,2024,6.2764030881226063,5.4531,12613,0,0,0
ReflectionsOff,2025,6.0968962498009205,6.4579,12613,0,0,0
ReflectionsOff,2026,6.1300029046833515,5.8082,12613,0,0,0
ReflectionsOff,2027,6.165199913084507,5.6959,12701,0,0,0
ReflectionsOff,2028,6.1675026081502438,5.9389,12613,0,0,0
ReflectionsOff,2029,6.360997911542654,7.0781,12613,0,0,0
ReflectionsOff,2030,6.1853951774537563,6.0045,12613,0,0,0
ReflectionsOff,2031,6.0468041338026524,6.4623,12613,0,0,0
ReflectionsOff,2032,6.1101969331502914,5.6452,12613,0,0,0
ReflectionsOff,2033,6.4111039973795414,6.285,12613,0,0,0
ReflectionsOff,2034,5.89849753305316,6.9101,12613,0,0,0
ReflectionsOff,2035,6.3212020322680473,4.9181,12613,0,0,0
ReflectionsOff,2036,6.2132016755640507,6.6292,12613,0,0,0
ReflectionsOff,2037,6.1013959348201752,6.124,12613,0,0,0
ReflectionsOff,2038,6.1603034846484661,6.0416,12613,0,0,0
ReflectionsOff,2039,6.1157951131463051,6.8466,12613,0,0,0
ReflectionsOff,2040,6.15100609138608,5.2073,12613,0,0,0
ReflectionsOff,2041,6.15099910646677,7.1124,12613,0,0,0
ReflectionsOff,2042,6.04959623888135,5.4283,12613,0,0,0
ReflectionsOff,2043,6.7357993684709072,5.7023,12613,0,0,0
ReflectionsOff,2044,6.4379037357866764,7.3979,12613,0,0,0
ReflectionsOff,2045,5.8025014586746693,6.117,12613,0,0,0
ReflectionsOff,2046,6.1482000164687634,6.3262,12613,0,0,0
ReflectionsOff,2047,6.2627973966300488,5.3138,12613,0,0,0
ReflectionsOff,2048,6.1161988414824009,6.3159,12613,0,0,0
ReflectionsOff,2049,6.2035005539655685,6.4324,12613,0,0,0
ReflectionsOff,2050,6.0727964155375957,6.6117,12613,0,0,0
ReflectionsOff,2051,6.371102761477232,5.4959,12613,0,0,0
ReflectionsOff,2052,5.8294003829360008,6.2715,12753,0,0,0
ReflectionsOff,2053,6.1753969639539719,5.9578,12613,0,0,0
ReflectionsOff,2054,6.1099063605070114,6.8426,12613,0,0,0
ReflectionsOff,2055,6.338194478303194,5.2909,12613,0,0,0
ReflectionsOff,2056,5.9830001555383205,7.537,12613,0,0,0
ReflectionsOff,2057,6.1477040871977806,4.5648,12613,0,0,0
ReflectionsOff,2058,6.1420989222824574,6.8295,12613,0,0,0
ReflectionsOff,2059,6.44679693505168,7.2873,12613,0,0,0
ReflectionsOff,2060,6.1331987380981445,4.719,12613,0,0,0
ReflectionsOff,2061,6.062705535441637,5.9343,12613,0,0,0
ReflectionsOff,2062,6.1011975631117821,6.4258,12613,0,0,0
ReflectionsOff,2063,6.2359976582229137,5.8137,12613,0,0,0
ReflectionsOff,2064,6.0360049828886986,7.1354,12613,0,0,0
ReflectionsOff,2065,6.2186010181903839,5.212,12613,0,0,0
ReflectionsOff,2066,6.1065973713994026,6.3953,12613,0,0,0
ReflectionsOff,2067,6.2169996090233326,5.9908,12613,0,0,0
ReflectionsOff,2068,6.1357994563877583,6.2094,12613,0,0,0
ReflectionsOff,2069,6.2794997356832027,6.1824,12613,0,0,0
ReflectionsOff,2070,6.1127976514399052,7.1519,12613,0,0,0
ReflectionsOff,2071,6.1595025472342968,5.3136,12613,0,0,0
ReflectionsOff,2072,6.1794007197022438,5.801,12613,0,0,0
ReflectionsOff,2073,6.0939979739487171,7.429,12613,0,0,0
ReflectionsOff,2074,6.0666031204164028,6.4653,12613,0,0,0
ReflectionsOff,2075,6.3143991865217686,4.5132,12613,0,0,0
ReflectionsOff,2076,6.1457976698875427,6.9138,12613,0,0,0
ReflectionsOff,2077,6.3319019973278046,5.7671,12701,0,0,0
ReflectionsOff,2078,5.8684027753770351,5.8389,12613,0,0,0
ReflectionsOff,2079,6.1984979547560215,7.0566,12613,0,0,0
ReflectionsOff,2080,6.2571004964411259,5.896,12613,0,0,0
ReflectionsOff,2081,6.0330000706017017,6.5563,12613,0,0,0
ReflectionsOff,2082,6.33609713986516,5.6515,12613,0,0,0
ReflectionsOff,2083,5.9955003671348095,6.0593,12613,0,0,0
ReflectionsOff,2084,6.3040037639439106,6.0796,12613,0,0,0
ReflectionsOff,2085,6.0317954048514366,6.5745,12665,0,0,0
ReflectionsOff,2086,6.15449994802475,5.5173,12613,0,0,0
ReflectionsOff,2087,6.1096018180251122,6.1734,12613,0,0,0
ReflectionsOff,2088,6.3686012290418148,6.8496,12613,0,0,0
ReflectionsOff,2089,6.06889883056283,5.9142,12613,0,0,0
ReflectionsOff,2090,6.3478033989667892,6.1513,12613,0,0,0
ReflectionsOff,2091,5.865100771188736,5.454,12613,0,0,0
ReflectionsOff,2092,6.24809367582202,6.5218,12613,0,0,0
ReflectionsOff,2093,6.0401996597647667,7.1104,12613,0,0,0
ReflectionsOff,2094,6.1518070288002491,5.0266,12613,0,0,0
ReflectionsOff,2095,6.2098992057144642,5.8803,12613,0,0,0
ReflectionsOff,2096,6.0946005396544933,6.2641,12613,0,0,0
ReflectionsOff,2097,6.5545989200472832,6.092,12613,0,0,0
ReflectionsOff,2098,5.9430981054902077,7.0267,12613,0,0,0
ReflectionsOff,2099,6.1264028772711754,6.6727,12613,0,0,0
ReflectionsOff,2100,6.3576954416930676,4.9836,12613,0,0,0
ReflectionsOff,2101,6.0580996796488762,5.6643,12613,0,0,0
ReflectionsOff,2102,6.1712018214166164,6.4168,12701,0,0,0
ReflectionsOff,2103,6.099100224673748,6.6769,12613,0,0,0
ReflectionsOff,2104,6.0578016564249992,7.1729,12613,0,0,0
ReflectionsOff,2105,6.1490009538829327,5.2426,12613,0,0,0
ReflectionsOff,2106,6.2072989530861378,6.1829,12613,0,0,0
ReflectionsOff,2107,6.1692954041063786,5.4609,12613,0,0,0
ReflectionsOff,2108,6.0660997405648232,6.68,12613,0,0,0
ReflectionsOff,2109,6.232305895537138,6.6421,12613,0,0,0
ReflectionsOff,2110,6.2357001006603241,5.8691,12613,0,0,0
ReflectionsOff,2111,6.2794997356832027,5.7839,12613,0,0,0
ReflectionsOff,2112,5.9154974296689034,6.604,12613,0,0,0
ReflectionsOff,2113,6.2569021247327328,5.466,12613,0,0,0
ReflectionsOff,2114,6.0187997296452522,6.9853,12613,0,0,0
ReflectionsOff,2115,6.1003966256976128,5.4918,12613,0,0,0
ReflectionsOff,2116,6.3580996356904507,5.4206,12613,0,0,0
ReflectionsOff,2117,5.9931050054728985,7.3549,12613,0,0,0
ReflectionsOff,2118,6.3335956074297428,5.3729,12665,0,0,0
ReflectionsOff,2119,6.0103032737970352,6.8671,12613,0,0,0
ReflectionsOff,2120,6.3136974349617958,5.4864,12613,0,0,0
ReflectionsOff,2121,6.0080992989242077,6.8848,12613,0,0,0
ReflectionsOff,2122,6.223001517355442,5.7696,12613,0,0,0
ReflectionsOff,2123,6.2011973932385445,6.26,12613,0,0,0
ReflectionsOff,2124,6.1003048904240131,7.2875,12613,0,0,0
ReflectionsOff,2125,6.3011976890265942,4.5097,12613,0,0,0
ReflectionsOff,2126,6.0312994755804539,6.9676,12613,0,0,0
ReflectionsOff,2127,6.2473001889884472,5.5755,12701,0,0,0
ReflectionsOff,2128,5.9387967921793461,6.2418,12613,0,0,0
ReflectionsOff,2129,6.2058037146925926,6.2017,12613,0,0,0
ReflectionsOff,2130,6.1804987490177155,6.2765,12613,0,0,0
ReflectionsOff,2131,6.0678995214402676,6.6103,12613,0,0,0
ReflectionsOff,2132,6.1552012339234352,5.5188,12613,0,0,0
ReflectionsOff,2133,6.3080000691115856,5.6293,12613,0,0,0
ReflectionsOff,2134,6.2977960333228111,5.9885,12613,0,0,0
ReflectionsOff,2135,5.8997021988034248,7.1462,12613,0,0,0
ReflectionsOff,2136,6.12270412966609,5.2717,12613,0,0,0
ReflectionsOff,2137,6.15969393402338,6.9613,12613,0,0,0
ReflectionsOff,2138,6.1112032271921635,6.1447,12613,0,0,0
ReflectionsOff,2139,6.2333969399333,5.5059,12613,0,0,0
ReflectionsOff,2140,6.1747021973133087,7.1645,12613,0,0,0
ReflectionsOff,2141,6.1438987031579018,5.4502,12613,0,0,0
ReflectionsOff,2142,6.1500989831984043,6.2133,12613,0,0,0
ReflectionsOff,2143,6.2255030497908592,5.9719,12613,0,0,0
ReflectionsOff,2144,6.4195012673735619,6.089,12613,0,0,0
ReflectionsOff,2145,6.0376985929906368,7.1127,12613,0,0,0
ReflectionsOff,2146,6.1798966489732265,5.4671,12613,0,0,0
ReflectionsOff,2147,6.0964003205299377,6.4388,12613,0,0,0
ReflectionsOff,2148,6.0691041871905327,5.7064,12613,0,0,0
ReflectionsOff,2149,6.2483986839652061,6.071,12613,0,0,0
ReflectionsOff,2150,6.1868978664278984,6.5097,12613,0,0,0
ReflectionsOff,2151,6.2425029464066029,6.0536,12665,0,0,0
ReflectionsOff,2152,6.0285003855824471,6.3721,12701,0,0,0
ReflectionsOff,2153,6.296797189861536,5.5139,12613,0,0,0
ReflectionsOff,2154,7.1022040210664272,7.2078,12613,0,0,0
ReflectionsOff,2155,5.0244969315826893,6.8363,12613,0,0,0
ReflectionsOff,2156,6.1921980232000351,4.6762,12613,0,0,0
ReflectionsOff,2157,6.3275014981627464,6.4092,12613,0,0,0
ReflectionsOff,2158,6.222803145647049,6.4431,12613,0,0,0
ReflectionsOff,2159,6.3041951507329941,5.3448,12613,0,0,0
ReflectionsOff,2160,6.0499999672174454,6.5461,12613,0,0,0
ReflectionsOff,2161,6.0798046179115772,6.7358,12613,0,0,0
ReflectionsOff,2162,6.2740999273955822,6.0788,12613,0,0,0
ReflectionsOff,2163,6.322300061583519,6.0535,12613,0,0,0
ReflectionsOff,2164,6.1750002205371857,6.1815,12613,0,0,0
ReflectionsOff,2165,6.22469512745738,6.6976,12613,0,0,0
ReflectionsOff,2166,5.9716058894991875,5.4881,12613,0,0,0
ReflectionsOff,2167,6.2468964606523514,6.0663,12613,0,0,0
ReflectionsOff,2168,52.637699991464615,54.693,12613,0,0,0
ReflectionsOff,2169,4.574404563754797,4.7036,12701,0,0,0
ReflectionsOff,2170,4.6831988729536533,4.7234,12613,0,0,0
ReflectionsOff,2171,4.9444017931818962,4.8989,12613,0,0,0
ReflectionsOff,2172,3.9054988883435726,3.9063,12613,0,0,0
ReflectionsOff,2173,4.9312002956867218,4.9507,12613,0,0,0
ReflectionsOff,2174,5.3612953051924706,5.2935,12613,0,0,0
ReflectionsOff,2175,4.8551019281148911,4.3682,12613,0,0,0
ReflectionsOff,2176,6.13689748570323,5.1327,12613,0,0,0
ReflectionsOff,2177,6.3471016474068165,6.2036,12613,0,0,0
ReflectionsOff,2178,6.3596018590033054,6.0227,12665,0,0,0
ReflectionsOff,2179,6.1897961422801018,7.4218,12613,0,0,0
ReflectionsOff,2180,5.9826034121215343,4.8793,12613,0,0,0
ReflectionsOff,2181,6.2608984299004078,7.2069,12613,0,0,0
ReflectionsOff,2182,6.0499999672174454,5.4093,12613,0,0,0
ReflectionsOff,2183,6.308198906481266,5.7684,12613,0,0,0
ReflectionsOff,2184,6.2130033038556576,8.1738,12613,0,0,0
ReflectionsOff,2185,5.9220027178525925,5.1764,12613,0,0,0
ReflectionsOff,2186,6.2613943591713905,5.7591,12613,0,0,0
ReflectionsOff,2187,6.0457056388258934,5.5762,12613,0,0,0
ReflectionsOff,2188,6.1947987414896488,6.7103,12613,0,0,0
ReflectionsOff,2189,6.23609684407711,5.8022,12613,0,0,0
ReflectionsOff,2190,6.1707980930805206,5.77,12613,0,0,0
ReflectionsOff,2191,6.04060385376215,7.2056,12613,0,0,0
ReflectionsOff,2192,6.1211027204990387,5.5032,12613,0,0,0
ReflectionsOff,2193,7.1151996962726116,5.3582,12613,0,0,0
ReflectionsOff,2194,5.3099985234439373,7.3848,12613,0,0,0
ReflectionsOff,2195,6.1931973323225975,6.1581,12613,0,0,0
ReflectionsOff,2196,6.9507015869021416,6.0047,12701,0,0,0
ReflectionsOff,2197,5.4908022284507751,6.9186,12613,0,0,0
ReflectionsOff,2198,6.2341978773474693,5.7015,12613,0,0,0
ReflectionsOff,2199,6.0981009155511856,5.5349,12613,0,0,0
ReflectionsOff,2200,6.1758006922900677,5.8588,12613,0,0,0
ReflectionsOff,2201,6.0240998864173889,7.2434,12613,0,0,0
ReflectionsOff,2202,6.26189773902297,5.8924,12613,0,0,0
ReflectionsOff,2203,6.2345024198293686,5.7222,12613,0,0,0
ReflectionsOff,2204,6.0500991530716419,6.8713,12613,0,0,0
ReflectionsOff,2205,6.2082977965474129,5.1402,12613,0,0,0
ReflectionsOff,2206,6.1098993755877018,6.7488,12613,0,0,0
ReflectionsOff,2207,6.3800029456615448,5.8276,12613,0,0,0
ReflectionsOff,2208,5.8688987046480179,6.2997,12613,0,0,0
ReflectionsOff,2209,6.2798964790999889,6.2744,12613,0,0,0
ReflectionsOff,2210,6.0648028738796711,5.9838,12613,0,0,0
ReflectionsOff,2211,6.3516013324260712,6.1754,12665,0,0,0
ReflectionsOff,2212,6.1547975055873394,6.2307,12613,0,0,0
ReflectionsOff,2213,6.024504080414772,6.4749,12613,0,0,0
ReflectionsOff,2214,6.1981999315321445,6.3461,12613,0,0,0
ReflectionsOff,2215,6.0877976939082146,5.5776,12613,0,0,0
ReflectionsOff,2216,6.1730016022920609,6.0941,12613,0,0,0
ReflectionsOff,2217,6.1490009538829327,6.1071,12613,0,0,0
ReflectionsOff,2218,6.1959964223206043,5.461,12613,0,0,0
ReflectionsOff,2219,6.4419005066156387,7.7236,12613,0,0,0
ReflectionsOff,2220,6.05500303208828,5.9174,12613,0,0,0
ReflectionsOff,2221,6.2066963873803616,5.4548,12701,0,0,0
ReflectionsOff,2222,6.0240998864173889,6.6998,12613,0,0,0
ReflectionsOff,2223,6.258099339902401,5.3958,12613,0,0,0
ReflectionsOff,2224,6.0704010538756847,6.9486,12613,0,0,0
ReflectionsOff,2225,6.2260981649160385,5.4743,12613,0,0,0
ReflectionsOff,2226,6.2085036188364029,6.3239,12613,0,0,0
ReflectionsOff,2227,6.2744966708123684,6.7218,12613,0,0,0
ReflectionsOff,2228,5.9424038045108318,5.4199,12613,0,0,0
ReflectionsOff,2229,6.1595947481691837,6.887,12613,0,0,0
ReflectionsOff,2230,6.1904052272439,5.3827,12613,0,0,0
ReflectionsOff,2231,6.1061009764671326,5.8761,12613,0,0,0
ReflectionsOff,2232,6.172597873955965,6.5242,12613,0,0,0
ReflectionsOff,2233,6.1470023356378078,6.5481,12613,0,0,0
ReflectionsOff,2234,6.1896964907646179,5.6005,12613,0,0,0
ReflectionsOff,2235,6.2714000232517719,6.4234,12613,0,0,0
ReflectionsOff,2236,6.107100285589695,6.374,12613,0,0,0
ReflectionsOff,2237,6.0759992338716984,6.3121,12613,0,0,0
ReflectionsOff,2238,6.1860969290137291,5.129,12613,0,0,0
ReflectionsOff,2239,6.1658020131289959,7.3529,12613,0,0,0
ReflectionsOff,2240,6.1792018823325634,5.158,12613,0,0,0
ReflectionsOff,2241,6.1661987565457821,5.9003,12613,0,0,0
ReflectionsOff,2242,6.1607994139194489,6.8914,12613,0,0,0
ReflectionsOff,2243,6.1159012839198112,5.2265,12613,0,0,0
ReflectionsOff,2244,6.3119968399405479,7.0686,12665,0,0,0
ReflectionsOff,2245,5.9600058011710644,6.0202,12613,0,0,0
ReflectionsOff,2246,6.4458972774446011,6.0672,12701,0,0,0
ReflectionsOff,2247,5.9700962156057358,6.6279,12613,0,0,0
ReflectionsOff,2248,6.071003619581461,5.535,12613,0,0,0
ReflectionsOff,2249,6.2000001780688763,6.351,12613,0,0,0
ReflectionsOff,2250,6.1093964613974094,6.4278,12613,0,0,0
ReflectionsOff,2251,6.1771045438945293,5.5323,12613,0,0,0
ReflectionsOff,2252,6.1910999938845634,6.4613,12613,0,0,0
ReflectionsOff,2253,6.0828020796179771,6.0837,12613,0,0,0
ReflectionsOff,2254,6.3566965982317924,6.6673,12613,0,0,0
ReflectionsOff,2255,6.0126986354589462,5.8675,12613,0,0,0
ReflectionsOff,2256,6.0935020446777344,5.5733,12613,0,0,0
ReflectionsOff,2257,6.2140021473169327,7.6978,12613,0,0,0
ReflectionsOff,2258,6.3209962099790573,4.8134,12613,0,0,0
ReflectionsOff,2259,6.0062995180487633,6.9448,12613,0,0,0
ReflectionsOff,2260,6.2656039372086525,4.8514,12613,0,0,0
ReflectionsOff,2261,6.132001057267189,6.4279,12613,0,0,0
ReflectionsOff,2262,6.06889883056283,6.3911,12613,0,0,0
ReflectionsOff,2263,6.2589994631707668,6.0307,12613,0,0,0
ReflectionsOff,2264,6.0970024205744267,6.4389,12613,0,0,0
ReflectionsOff,2265,6.1699971556663513,6.5382,12613,0,0,0
ReflectionsOff,2266,6.1983983032405376,5.3198,12613,0,0,0
ReflectionsOff,2267,6.0141016729176044,7.6236,12613,0,0,0
ReflectionsOff,2268,6.1382013373076916,4.7608,12613,0,0,0
ReflectionsOff,2269,6.2535996548831463,6.3781,12613,0,0,0
ReflectionsOff,2270,6.100999191403389,5.7958,12613,0,0,0
ReflectionsOff,2271,6.217998918145895,6.3623,12701,0,0,0
ReflectionsOff,2272,6.1128968372941017,6.2238,12613,0,0,0
ReflectionsOff,2273,6.1780046671628952,6.325,12613,0,0,0
ReflectionsOff,2274,6.1737955547869205,6.1983,12613,0,0,0
ReflectionsOff,2275,6.1372024938464165,5.6494,12613,0,0,0
ReflectionsOff,2276,6.2250001356005669,6.4304,12613,0,0,0
ReflectionsOff,2277,6.0573979280889034,6.8827,12665,0,0,0
ReflectionsOff,2278,6.2816045247018337,5.5674,12613,0,0,0
ReflectionsOff,2279,6.2716980464756489,6.545,12613,0,0,0
ReflectionsOff,2280,6.1158020980656147,6.0503,12613,0,0,0
ReflectionsOff,2281,6.1057964339852333,5.8385,12613,0,0,0
ReflectionsOff,2282,6.0393991880118847,6.3665,12613,0,0,0
ReflectionsOff,2283,6.1625000089406967,5.8873,12613,0,0,0
ReflectionsOff,2284,6.1370041221380234,6.1722,12613,0,0,0
ReflectionsOff,2285,6.23609684407711,5.9286,12613,0,0,0
ReflectionsOff,2286,6.0516013763844967,6.5537,12613,0,0,0
ReflectionsOff,2287,6.2500000931322575,5.7831,12613,0,0,0
ReflectionsOff,2288,6.1475979164242744,6.2047,12613,0,0,0
ReflectionsOff,2289,6.2287058681249619,6.7288,12613,0,0,0
ReflectionsOff,2290,6.1162980273365974,6.0685,12613,0,0,0
ReflectionsOff,2291,6.2279975973069668,5.3805,12613,0,0,0
ReflectionsOff,2292,6.126998458057642,6.6267,12613,0,0,0
ReflectionsOff,2293,6.1648031696677208,5.574,12613,0,0,0
ReflectionsOff,2294,6.1176018789410591,6.3478,12613,0,0,0
ReflectionsOff,2295,6.0675949789583683,6.3994,12613,0,0,0
ReflectionsOff,2296,6.1800028197467327,5.8016,12701,0,0,0
ReflectionsOff,2297,6.175503134727478,7.289,12613,0,0,0
ReflectionsOff,2298,6.3375001773238182,5.5325,12613,0,0,0
ReflectionsOff,2299,5.9657949022948742,5.9264,12613,0,0,0
ReflectionsOff,2300,6.3607995398342609,6.1891,12613,0,0,0
ReflectionsOff,2301,6.092502735555172,5.8878,12613,0,0,0
ReflectionsOff,2302,6.0935020446777344,6.8097,12613,0,0,0
ReflectionsOff,2303,6.1847008764743805,5.6859,12613,0,0,0
ReflectionsOff,2304,6.2527991831302643,6.0659,12613,0,0,0
ReflectionsOff,2305,5.9820013120770454,6.4674,12613,0,0,0
ReflectionsOff,2306,6.1840987764298916,5.8203,12613,0,0,0
ReflectionsOff,2307,6.1073978431522846,6.5264,12613,0,0,0
ReflectionsOff,2308,6.3071995973587036,6.1141,12613,0,0,0
ReflectionsOff,2309,6.0086026787757874,5.7223,12613,0,0,0
ReflectionsOff,2310,6.3952947966754436,6.9221,12665,0,0,0
ReflectionsOff,2311,6.0158022679388523,5.756,12613,0,0,0
ReflectionsOff,2312,6.0349986888468266,6.5606,12613,0,0,0
ReflectionsOff,2313,6.2860050238668919,5.5225,12613,0,0,0
ReflectionsOff,2314,6.0031958855688572,6.7095,12613,0,0,0
ReflectionsOff,2315,6.1526005156338215,6.1354,12613,0,0,0
ReflectionsOff,2316,6.180803757160902,5.1976,12613,0,0,0
ReflectionsOff,2317,6.3922973349690437,6.3397,12613,0,0,0
ReflectionsOff,2318,6.1219031922519207,6.967,12613,0,0,0
ReflectionsOff,2319,6.0159936547279358,5.6755,12613,0,0,0
ReflectionsOff,2320,6.2313065864145756,6.6367,12613,0,0,0
ReflectionsOff,2321,6.0807964764535427,5.3507,12701,0,0,0
ReflectionsOff,2322,6.1973994597792625,6.2208,12613,0,0,0
ReflectionsOff,2323,6.1971019022166729,6.5873,12613,0,0,0
ReflectionsOff,2324,6.0174958780407906,6.7882,12613,0,0,0
ReflectionsOff,2325,6.1671058647334576,5.6831,12613,0,0,0
ReflectionsOff,2326,6.1313989572227,6.1593,12613,0,0,0
ReflectionsOff,2327,6.2146969139575958,5.2331,12613,0,0,0
ReflectionsOff,2328,6.2320013530552387,6.8084,12613,0,0,0
ReflectionsOff,2329,5.9526008553802967,6.3819,12613,0,0,0
ReflectionsOff,2330,6.126998458057642,5.6863,12613,0,0,0
ReflectionsOff,2331,6.1569018289446831,6.4815,12613,0,0,0
ReflectionsOff,2332,6.2312004156410694,6.0604,12613,0,0,0
ReflectionsOff,2333,6.2437006272375584,6.7331,12613,0,0,0
ReflectionsOff,2334,6.0779973864555359,5.3412,12613,0,0,0
ReflectionsOff,2335,6.101799663156271,6.6056,12613,0,0,0
ReflectionsOff,2336,6.2621030956506729,5.525,12613,0,0,0
ReflectionsOff,2337,6.0898950323462486,6.3643,12613,0,0,0
ReflectionsOff,2338,6.1489017680287361,6.4362,12613,0,0,0
ReflectionsOff,2339,6.2025012448430061,5.3544,12613,0,0,0
ReflectionsOff,2340,6.0694017447531223,6.988,12613,0,0,0
ReflectionsOff,2341,6.3924957066774368,5.2045,12613,0,0,0
ReflectionsOff,2342,6.0229026712477207,7.1498,12613,0,0,0
ReflectionsOff,2343,6.1061009764671326,6.2636,12665,0,0,0
ReflectionsOff,2344,6.1545991338789463,5.2237,12613,0,0,0
ReflectionsOff,2345,6.2658023089170456,6.4036,12613,0,0,0
ReflectionsOff,2346,6.1448980122804642,6.3227,12701,0,0,0
ReflectionsOff,2347,6.1983983032405376,5.8673,12613,0,0,0
ReflectionsOff,2348,6.1508007347583771,7.0417,12613,0,0,0
ReflectionsOff,2349,6.3464995473623276,5.1743,12613,0,0,0
ReflectionsOff,2350,5.9464001096785069,7.1088,12613,0,0,0
ReflectionsOff,2351,6.2241991981863976,5.0802,12613,0,0,0
ReflectionsOff,2352,6.1686011031270027,6.7595,12613,0,0,0
ReflectionsOff,2353,6.27550296485424,7.3716,12613,0,0,0
ReflectionsOff,2354,6.201594602316618,5.1231,12613,0,0,0
ReflectionsOff,2355,6.1136055737733841,5.5802,12613,0,0,0
ReflectionsOff,2356,6.0987952165305614,6.0239,12613,0,0,0
ReflectionsOff,2357,6.159899290651083,6.5194,12613,0,0,0
ReflectionsOff,2358,6.1776996590197086,6.4234,12613,0,0,0
ReflectionsOff,2359,6.4166029915213585,5.9889,12613,0,0,0
ReflectionsOff,2360,5.9315972030162811,6.023,12613,0,0,0
ReflectionsOff,2361,6.1049037612974644,6.415,12613,0,0,0
ReflectionsOff,2362,6.1285006813704967,5.7207,12613,0,0,0
ReflectionsOff,2363,6.1886976473033428,5.9729,12613,0,0,0
ReflectionsOff,2364,6.3023031689226627,6.7186,12613,0,0,0
ReflectionsOff,2365,6.1504961922764778,6.6893,12613,0,0,0
ReflectionsOff,2366,6.2186010181903839,5.694,12613,0,0,0
ReflectionsOff,2367,5.9124999679625034,5.6085,12613,0,0,0
ReflectionsOff,2368,6.3170990906655788,6.8312,12613,0,0,0
ReflectionsOff,2369,6.0059027746319771,6.1543,12613,0,0,0
ReflectionsOff,2370,6.360501516610384,5.7829,12613,0,0,0
ReflectionsOff,2371,6.0808956623077393,6.7533,12701,0,0,0
ReflectionsOff,2372,6.1212019063532352,5.5373,12613,0,0,0
ReflectionsOff,2373,6.02920213714242,6.3814,12613,0,0,0
ReflectionsOff,2374,6.3775014132261276,5.5772,12613,0,0,0
ReflectionsOff,2375,6.1690970323979855,6.01,12613,0,0,0
ReflectionsOff,2376,5.8768992312252522,6.4598,12665,0,0,0
ReflectionsOff,2377,6.2403981573879719,5.7491,12613,0,0,0
ReflectionsOff,2378,6.1752055771648884,7.0347,12613,0,0,0
ReflectionsOff,2379,6.2407949008047581,5.9363,12613,0,0,0
ReflectionsOff,2380,6.123504601418972,6.4586,12613,0,0,0
ReflectionsOff,2381,6.1912983655929565,6.331,12613,0,0,0
ReflectionsOff,2382,6.2102964147925377,5.1607,12613,0,0,0
ReflectionsOff,2383,6.1210035346448421,7.5007,12613,0,0,0
ReflectionsOff,2384,6.25620037317276,5.1244,12613,0,0,0
ReflectionsOff,2385,6.3873017206788063,6.6156,12613,0,0,0
ReflectionsOff,2386,5.8593964204192162,6.199,12613,0,0,0
ReflectionsOff,2387,6.1841979622840881,5.682,12613,0,0,0
ReflectionsOff,2388,6.0847010463476181,6.1735,12613,0,0,0
ReflectionsOff,2389,6.0940049588680267,5.7477,12613,0,0,0
ReflectionsOff,2390,6.1759990639984608,6.6637,12613,0,0,0
ReflectionsOff,2391,6.1107003130018711,6.0666,12613,0,0,0
ReflectionsOff,2392,6.2146969139575958,5.5638,12613,0,0,0
ReflectionsOff,2393,6.0892007313668728,6.9124,12613,0,0,0
ReflectionsOff,2394,6.19990099221468,6.4655,12613,0,0,0
ReflectionsOff,2395,6.2917019240558147,5.3648,12613,0,0,0
ReflectionsOff,2396,6.0206986963748932,7.3166,12701,0,0,0
ReflectionsOff,2397,6.2226969748735428,4.8456,12613,0,0,0
ReflectionsOff,2398,6.1613023281097412,7.3327,12613,0,0,0
ReflectionsOff,2399,6.05420209467411,5.2033,12613,0,0,0
