phase,frame,renderedFrameMs,mainThreadMs,gcAllocatedBytes,focused,destroyed,effects
Near,0,0.1993976766243577,0.199,,1,0,0
Near,1,0.64780330285429955,0.6465,,1,0,0
Near,2,0.14919925888534635,0.1482,,1,0,0
Near,3,0.13470096746459603,0.134,,1,0,0
Near,4,0.16799886361695826,0.1671,,1,0,0
Near,5,0.13629534805659205,0.1356,,1,0,0
Near,6,0.12160572805441916,0.1198,,1,0,0
Near,7,0.0465986377093941,0.0457,,1,0,0
Near,8,0.046201814257074147,0.0467,,1,0,0
Near,9,0.10579648369457573,0.1046,,1,0,0
Near,10,0.065702944993972778,0.066,,1,0,0
Near,11,0.12549603707157075,0.1244,,1,0,0
Near,12,0.12360402615740895,0.1238,,1,0,0
Near,13,0.16189768211916089,0.16,,1,0,0
Near,14,0.14139739505480975,0.1404,,1,0,0
Near,15,0.067899658461101353,0.0669,,1,0,0
Near,16,0.07080499199219048,0.0714,,1,0,0
Near,17,0.18629535043146461,0.1846,,1,0,0
Near,18,0.14050453319214284,0.1386,,1,0,0
Near,19,0.055300453823292628,0.0541,,1,0,0
Near,20,0.0574971672904212,0.0579,,1,0,0
Near,21,0.11580215505091473,0.1139,,1,0,0
Near,22,0.074199262598995119,0.0741,,1,0,0
Near,23,0.14299886242952198,0.1411,,1,0,0
Near,24,0.073596936999820173,0.0734,,1,0,0
Near,25,0.12260487710591406,0.1226,,1,0,0
Near,26,0.13459466572385281,0.1328,,1,0,0
Near,27,0.13550170115195215,0.1338,,1,0,0
Near,28,0.077699827670585364,0.0772,,1,0,0
Near,29,0.13030045374762267,0.1293,,1,0,0
Near,30,0.17589994240552187,0.1747,,1,0,0
Near,31,0.12640305794775486,0.125,,1,0,0
Near,32,0.0784013609518297,0.0774,,1,0,0
Near,33,0.040993480070028454,0.0397,,1,0,0
Near,34,0.034105723898392171,0.0338,,1,0,0
Near,35,0.029499717129510827,0.029,,1,0,0
Near,36,0.073894560046028346,0.0748,,1,0,0
Near,37,0.17980442498810589,0.1794,,1,0,0
Near,38,0.15530045493505895,0.153,,1,0,0
Near,39,0.130796484882012,0.1309,,1,0,0
Near,40,0.64640020718798041,0.6447,,1,0,0
Near,41,0.18210033886134624,0.1798,,1,0,0
Near,42,0.12450397480279207,0.1229,,1,0,0
Near,43,0.045996315748197958,0.0452,,1,0,0
Near,44,0.035204080631956458,0.0347,,1,0,0
Near,45,0.0366992644558195,0.0363,,1,0,0
Near,46,0.0524943316122517,0.053,,1,0,0
Near,47,0.12800453987438232,0.1268,,1,0,0
Near,48,0.10639880929375067,0.1073,,1,0,0
Near,49,0.14569869381375611,0.1436,,1,0,0
Near,50,0.14260204625315964,0.1421,,1,0,0
Near,51,0.11559665290405974,0.1132,,1,0,0
Near,52,0.1171060066553764,0.118,,1,0,0
Near,53,0.180399656528607,0.1799,,1,0,0
Near,54,0.18909438222181052,0.186,,1,0,0
Near,55,0.14100056432653219,0.1407,,1,0,0
Near,56,0.20369897538330406,0.2017,,1,0,0
Near,57,0.19030612020287663,0.1895,,1,0,0
Near,58,0.11219529551453888,0.1108,,1,0,0
Near,59,0.053202948038233444,0.0523,,1,0,0
Near,60,0.040596656617708504,0.0396,,1,0,0
Near,61,0.038102323742350563,0.0374,,1,0,0
Near,62,0.056101191148627549,0.0563,,1,0,0
Near,63,0.12149943358963355,0.121,,1,0,0
Near,64,0.14129818009678274,0.14,,1,0,0
Near,65,0.12599915498867631,0.1243,,1,0,0
Near,66,0.058503403124632314,0.0576,,1,0,0
Near,67,0.048299320042133331,0.0482,,1,0,0
Near,68,0.066198976128362119,0.0662,,1,0,0
Near,69,0.1119968801504001,0.1113,,1,0,0
Near,70,0.146903345012106,0.1459,,1,0,0
Near,71,0.060196995036676526,0.0591,,1,0,0
Near,72,0.052005387260578573,0.0523,,1,0,0
Near,73,0.13539541396312416,0.1346,,1,0,0
Near,74,0.11670209642034024,0.1156,,1,0,0
Near,75,0.049702379328664392,0.0486,,1,0,0
Near,76,0.0357001117663458,0.0354,,1,0,0
Near,77,0.037195295590208843,0.0368,,1,0,0
Near,78,0.049603175284573808,0.0502,,1,0,0
Near,79,0.12239937495905906,0.1222,,1,0,0
Near,80,0.15160147449932992,0.1503,,1,0,0
Near,81,0.15250142314471304,0.1515,,1,0,0
Near,82,0.0881944433785975,0.0869,,1,0,0
Near,83,0.060005670093232766,0.0599,,1,0,0
Near,84,0.096797055448405445,0.0954,,1,0,0
Near,85,0.049596088501857594,0.0488,,1,0,0
Near,86,0.039002268749754876,0.0385,,1,0,0
Near,87,0.035898527130484581,0.0354,,1,0,0
Near,88,0.062903913203626871,0.0642,,1,0,0
Near,89,0.19029903342016041,0.1892,,1,0,0
Near,90,0.16860119649209082,0.1672,,1,0,0
Near,91,0.14069586177356541,0.1394,,1,0,0
Near,92,0.083304985309951007,0.0817,,1,0,0
Near,93,0.0425949547206983,0.0419,,1,0,0
Near,94,0.0308035705529619,0.0304,,1,0,0
Near,95,0.047399375034729019,0.048,,1,0,0
Near,96,0.086699263192713261,0.0859,,1,0,0
Near,97,0.13520408538170159,0.1347,,1,0,0
Near,98,0.1595946669112891,0.158,,1,0,0
Near,99,0.10899943299591541,0.1079,,1,0,0
Near,100,0.0844033420435153,0.0832,,1,0,0
Near,101,0.078996599768288434,0.0781,,1,0,0
Near,102,0.067304419644642621,0.0666,,1,0,0
Near,103,0.044295633415458724,0.0435,,1,0,0
Near,104,0.040299037209479138,0.0398,,1,0,0
Near,105,0.056306689657503739,0.0559,,1,0,0
Near,106,0.038095236959634349,0.0376,,1,0,0
Near,107,0.035501700040185824,0.0351,,1,0,0
Near,108,0.03540249599609524,0.035,,1,0,0
Near,109,0.035196993849240243,0.0348,,1,0,0
Near,110,0.090702946181409061,0.092,,1,0,0
Near,111,0.1527990389149636,0.151,,1,0,0
Near,112,0.081795631558634341,0.0805,,1,0,0
Near,113,0.042106010369025171,0.0413,,1,0,0
Near,114,0.035997731174575165,0.0355,,1,0,0
Near,115,0.035296201531309634,0.0347,,1,0,0
Near,116,0.034601758670760319,0.0342,,1,0,0
Near,117,0.034403343306621537,0.034,,1,0,0
Near,118,0.034594671888044104,0.0342,,1,0,0
Near,119,0.034403343306621537,0.034,,1,0,0
Near,120,0.034800170396920294,0.0344,,1,0,0
Near,121,0.034396260161884129,0.034,,1,0,0
Near,122,0.034502550988690928,0.0341,,1,0,0
Near,123,0.034601758670760319,0.0342,,1,0,0
Near,124,0.0347009627148509,0.0344,,1,0,0
Near,125,0.034396260161884129,0.0341,,1,0,0
Near,126,0.034601758670760319,0.0343,,1,0,0
Near,127,0.034800170396920294,0.0343,,1,0,0
Near,128,0.034197844797745347,0.0338,,1,0,0
Near,129,0.0347009627148509,0.0343,,1,0,0
Near,130,0.034502550988690928,0.0341,,1,0,0
Near,131,0.034297052479814738,0.034,,1,0,0
Near,132,0.034098640753654763,0.0338,,1,0,0
Near,133,0.064399093389511108,0.0658,,1,0,0
Near,134,0.18880385323427618,0.1864,,1,0,0
Near,135,0.10219671094091609,0.1007,,1,0,0
Near,136,0.087804706708993763,0.0882,,1,0,0
Near,137,0.17149942868854851,0.1686,,1,0,0
Near,138,0.087499996880069375,0.0875,,1,0,0
Near,139,0.15970096865203232,0.1582,,1,0,0
Near,140,0.10949546413030475,0.1087,,1,0,0
Near,141,0.13830073294229805,0.1376,,1,0,0
Near,142,0.17220096196979284,0.1721,,1,0,0
Near,143,0.1547973370179534,0.1534,,1,0,0
Near,144,0.11070011532865465,0.1097,,1,0,0
Near,145,0.063102321291808039,0.0619,,1,0,0
Near,146,0.0395975039282348,0.0391,,1,0,0
Near,147,0.055704364058328792,0.0562,,1,0,0
Near,148,0.10639880929375067,0.1059,,1,0,0
Near,149,0.053599771490553394,0.0519,,1,0,0
Near,150,0.038803853385616094,0.0382,,1,0,0
Near,151,0.036295350582804531,0.0358,,1,0,0
Near,152,0.035600907722255215,0.0352,,1,0,0
Near,153,0.03010204090969637,0.0297,,1,0,0
Near,154,0.031498017051490024,0.0312,,1,0,0
Near,155,0.043098072637803853,0.0433,,1,0,0
Near,156,0.070500282163266093,0.0693,,1,0,0
Near,157,0.042205214413115755,0.0416,,1,0,0
Near,158,0.045996315748197958,0.0463,,1,0,0
Near,159,0.10060232307296246,0.0998,,1,0,0
Near,160,0.048398527724202722,0.0474,,1,0,0
Near,161,0.036996883864048868,0.0365,,1,0,0
Near,162,0.034800170396920294,0.0345,,1,0,0
Near,163,0.0347009627148509,0.0344,,1,0,0
Near,164,0.0308035705529619,0.0303,,1,0,0
Near,165,0.0258007366937818,0.0255,,1,0,0
Near,166,0.036096938856644556,0.0358,,1,0,0
Near,167,0.034601758670760319,0.0343,,1,0,0
Near,168,0.053096653573447838,0.0534,,1,0,0
Near,169,0.1268990890821442,0.126,,1,0,0
Near,170,0.083304985309951007,0.0826,,1,0,0
Near,171,0.077699827670585364,0.0763,,1,0,0
Near,172,0.043898809963138774,0.0432,,1,0,0
Near,173,0.0366992644558195,0.0362,,1,0,0
Near,174,0.03650084909168072,0.0361,,1,0,0
Near,175,0.036600056773750111,0.0361,,1,0,0
Near,176,0.036600056773750111,0.0362,,1,0,0
Near,177,0.034998582123080269,0.0346,,1,0,0
Near,178,0.048100908315973356,0.0485,,1,0,0
Near,179,0.10179988748859614,0.101,,1,0,0
Near,180,0.067899658461101353,0.0669,,1,0,0
Near,181,0.043296484363963827,0.0433,,1,0,0
Near,182,0.061401646235026419,0.0604,,1,0,0
Near,183,0.040199829527409747,0.0397,,1,0,0
Near,184,0.048604026233078912,0.0492,,1,0,0
Near,185,0.11849489965243265,0.1176,,1,0,0
Near,186,0.11010487651219591,0.1094,,1,0,0
Near,187,0.097895404906012118,0.0965,,1,0,0
Near,188,0.0477040812256746,0.047,,1,0,0
Near,189,0.036798468499910086,0.0362,,1,0,0
Near,190,0.052097504521952942,0.0528,,1,0,0
Near,191,0.12140022590756416,0.1208,,1,0,0
Near,192,0.10809949162648991,0.1069,,1,0,0
Near,193,0.049900794692803174,0.049,,1,0,0
Near,194,0.054102889407658949,0.0543,,1,0,0
Near,195,0.085898529505357146,0.0849,,1,0,0
Near,196,0.040199829527409747,0.0392,,1,0,0
Near,197,0.055598073231521994,0.0561,,1,0,0
Near,198,0.11050169996451586,0.1099,,1,0,0
Near,199,0.11200396693311632,0.1114,,1,0,0
Near,200,0.11699971946654841,0.1163,,1,0,0
Near,201,0.11619897850323468,0.1155,,1,0,0
Near,202,0.12059949222020805,0.1197,,1,0,0
Near,203,0.093601192929781973,0.0935,,1,0,0
Near,204,0.10189909517066553,0.1008,,1,0,0
Near,205,0.049900794692803174,0.0488,,1,0,0
Near,206,0.032397958420915529,0.0318,,1,0,0
Near,207,0.0494968808197882,0.0501,,1,0,0
Near,208,0.11969954357482493,0.119,,1,0,0
Near,209,0.12200255150673911,0.1213,,1,0,0
Near,210,0.11670209642034024,0.1161,,1,0,0
Near,211,0.11529903713380918,0.1146,,1,0,0
Near,212,0.10700113489292562,0.1056,,1,0,0
Near,213,0.044097221689298749,0.0432,,1,0,0
Near,214,0.035204080631956458,0.0347,,1,0,0
Near,215,0.030895691452315077,0.0304,,1,0,0
Near,216,0.027600623070611618,0.0273,,1,0,0
Near,217,0.03270266461186111,0.0324,,1,0,0
Near,218,0.0663973914925009,0.0679,,1,0,0
Near,219,0.19280044944025576,0.1899,,1,0,0
Near,220,0.10170067980652675,0.1009,,1,0,0
Near,221,0.12419925769791007,0.1233,,1,0,0
Near,222,0.10749716602731496,0.1064,,1,0,0
Near,223,0.0526006224390585,0.0518,,1,0,0
Near,224,0.0407029474445153,0.0394,,1,0,0
Near,225,0.039299888157984242,0.0384,,1,0,0
Near,226,0.039002268749754876,0.038,,1,0,0
Near,227,0.038697562558809295,0.0379,,1,0,0
Near,228,0.038201531424419954,0.0373,,1,0,0
Near,229,0.038201531424419954,0.0372,,1,0,0
Near,230,0.037393707316368818,0.0366,,1,0,0
Near,231,0.063803854573052377,0.0648,,1,0,0
Near,232,0.71850197855383158,0.7167,,1,0,0
Near,233,0.11319444456603378,0.1121,,1,0,0
Near,234,0.11789966083597392,0.1173,,1,0,0
Near,235,0.11560373968677595,0.1145,,1,0,0
Near,236,0.064200678025372326,0.064,,1,0,0
Near,237,0.12609835539478809,0.1258,,1,0,0
Near,238,0.16670209879521281,0.166,,1,0,0
Near,239,0.21889881463721395,0.2176,,1,0,0
Near,240,0.16459749895147979,0.1624,,1,0,0
Near,241,0.0874007964739576,0.087,,1,0,0
Near,242,0.094501134299207479,0.0931,,1,0,0
Near,243,0.046400225983234122,0.0455,,1,0,0
Near,244,0.0376984135073144,0.0372,,1,0,0
Near,245,0.053798186854692176,0.0545,,1,0,0
Near,246,0.16360543668270111,0.1622,,1,0,0
Near,247,0.082100341387558728,0.0815,,1,0,0
Near,248,0.086699263192713261,0.0861,,1,0,0
Near,249,0.046301021939143538,0.0449,,1,0,0
Near,250,0.042495747038628906,0.042,,1,0,0
Near,251,0.036203229683451355,0.0358,,1,0,0
Near,252,0.0357001117663458,0.0353,,1,0,0
Near,253,0.035600907722255215,0.0353,,1,0,0
Near,254,0.035600907722255215,0.0352,,1,0,0
Near,255,0.035196993849240243,0.0347,,1,0,0
Near,256,0.034998582123080269,0.0347,,1,0,0
Near,257,0.035303288314025849,0.0349,,1,0,0
Near,258,0.035395409213379025,0.035,,1,0,0
Near,259,0.035204080631956458,0.0349,,1,0,0
Near,260,0.035196993849240243,0.0349,,1,0,0
Near,261,0.03540249599609524,0.035,,1,0,0
Near,262,0.034601758670760319,0.0342,,1,0,0
Near,263,0.034693875932134688,0.0343,,1,0,0
Near,264,0.0347009627148509,0.0344,,1,0,0
Near,265,0.035501700040185824,0.0351,,1,0,0
Near,266,0.0347009627148509,0.0342,,1,0,0
Near,267,0.034899378078989685,0.0345,,1,0,0
Near,268,0.034800170396920294,0.0343,,1,0,0
Near,269,0.034998582123080269,0.0347,,1,0,0
Near,270,0.12480159057304263,0.1251,,1,0,0
Near,271,0.091602887550834566,0.0908,,1,0,0
Near,272,0.047399375034729019,0.0463,,1,0,0
Near,273,0.037294499634299427,0.0369,,1,0,0
Near,274,0.035104876587865874,0.0346,,1,0,0
Near,275,0.034998582123080269,0.0345,,1,0,0
Near,276,0.034899378078989685,0.0346,,1,0,0
Near,277,0.034800170396920294,0.0344,,1,0,0
Near,278,0.034403343306621537,0.0341,,1,0,0
Near,279,0.034793083614204079,0.0344,,1,0,0
Near,280,0.034906461223727092,0.0346,,1,0,0
Near,281,0.10029762051999569,0.1019,,1,0,0
Near,282,0.18889598140958697,0.1874,,1,0,0
Near,283,0.17340561316814274,0.1712,,1,0,0
Near,284,0.0852962039061822,0.0838,,1,0,0
Near,285,0.079499717685393989,0.0796,,1,0,0
Near,286,0.11960034316871315,0.1186,,1,0,0
Near,287,0.0554988655494526,0.0541,,1,0,0
Near,288,0.0378047043341212,0.0372,,1,0,0
Near,289,0.035494613257469609,0.0351,,1,0,0
Near,290,0.0357001117663458,0.0351,,1,0,0
Near,291,0.034800170396920294,0.0344,,1,0,0
Near,292,0.035104876587865874,0.0348,,1,0,0
Near,293,0.034800170396920294,0.0345,,1,0,0
Near,294,0.034495464205974713,0.034,,1,0,0
Near,295,0.042304422095185146,0.0419,,1,0,0
Near,296,0.036600056773750111,0.0363,,1,0,0
Near,297,0.03650084909168072,0.036,,1,0,0
Near,298,0.034998582123080269,0.0347,,1,0,0
Near,299,0.052097504521952942,0.0523,,1,0,0
Panorama,0,0.12019557470921427,0.1195,,1,0,0
Panorama,1,0.10970096627715975,0.108,,1,0,0
Panorama,2,0.077203796536196023,0.0772,,1,0,0
Panorama,3,0.093601192929781973,0.0923,,1,0,0
Panorama,4,0.060898524679942057,0.061,,1,0,0
Panorama,5,0.10330215445719659,0.1028,,1,0,0
Panorama,6,0.10749716602731496,0.1063,,1,0,0
Panorama,7,0.061196144088171422,0.0611,,1,0,0
Panorama,8,0.11790674761869013,0.117,,1,0,0
Panorama,9,0.090596651716623455,0.0895,,1,0,0
Panorama,10,0.0574971672904212,0.0566,,1,0,0
Panorama,11,0.03870464934152551,0.0381,,1,0,0
Panorama,12,0.029195010938565247,0.0288,,1,0,0
Panorama,13,0.030505952963721938,0.0303,,1,0,0
Panorama,14,0.034396260161884129,0.0341,,1,0,0
Panorama,15,0.0338010213454254,0.0334,,1,0,0
Panorama,16,0.063300736655946821,0.0628,,1,0,0
Panorama,17,0.050999151426367462,0.0514,,1,0,0
Panorama,18,0.11770124547183514,0.1166,,1,0,0
Panorama,19,0.0672973328619264,0.0673,,1,0,0
Panorama,20,0.09060373849933967,0.0891,,1,0,0
Panorama,21,0.059998583310516551,0.0602,,1,0,0
Panorama,22,0.0921981263672933,0.0911,,1,0,0
Panorama,23,0.078004537499509752,0.0777,,1,0,0
Panorama,24,0.10629960161168128,0.1056,,1,0,0
Panorama,25,0.097300173365511,0.0967,,1,0,0
Panorama,26,0.087896827608346939,0.0868,,1,0,0
Panorama,27,0.056901928473962471,0.0563,,1,0,0
Panorama,28,0.062797618738841265,0.0629,,1,0,0
Panorama,29,0.09370039333589375,0.0924,,1,0,0
Panorama,30,0.045301869249669835,0.0447,,1,0,0
Panorama,31,0.03509778980514966,0.0346,,1,0,0
Panorama,32,0.049000849685398862,0.0496,,1,0,0
Panorama,33,0.12609835539478809,0.1258,,1,0,0
Panorama,34,0.15649801935069263,0.1552,,1,0,0
Panorama,35,0.12250566214788705,0.1214,,1,0,0
Panorama,36,0.11549745249794796,0.115,,1,0,0
Panorama,37,0.11760203778976575,0.1169,,1,0,0
Panorama,38,0.11330073903081939,0.1125,,1,0,0
Panorama,39,0.10969387949444354,0.1089,,1,0,0
Panorama,40,0.086805557657498866,0.086,,1,0,0
Panorama,41,0.040100621845340356,0.0393,,1,0,0
Panorama,42,0.026296767828171141,0.0258,,1,0,0
Panorama,43,0.037903912016190588,0.0375,,1,0,0
Panorama,44,0.060196995036676526,0.061,,1,0,0
Panorama,45,0.14540107804350555,0.1443,,1,0,0
Panorama,46,0.12140022590756416,0.1197,,1,0,0
Panorama,47,0.053401359764393419,0.0526,,1,0,0
Panorama,48,0.050694445235421881,0.0511,,1,0,0
Panorama,49,0.11420068040024489,0.1134,,1,0,0
Panorama,50,0.12429847265593708,0.1237,,1,0,0
Panorama,51,0.11060090764658526,0.1102,,1,0,0
Panorama,52,0.10530045256018639,0.1035,,1,0,0
Panorama,53,0.051899092795792967,0.051,,1,0,0
Panorama,54,0.03910147279384546,0.0378,,1,0,0
Panorama,55,0.069699548475909978,0.0711,,1,0,0
Panorama,56,0.196400229469873,0.1951,,1,0,0
Panorama,57,0.16820436576381326,0.1666,,1,0,0
Panorama,58,0.1060941067407839,0.1047,,1,0,0
Panorama,59,0.10730583744589239,0.1078,,1,0,0
Panorama,60,0.19029903342016041,0.189,,1,0,0
Panorama,61,0.17570152704138309,0.1734,,1,0,0
Panorama,62,0.073894560046028346,0.0729,,1,0,0
Panorama,63,0.052203798986738548,0.0525,,1,0,0
Panorama,64,0.12739512021653354,0.1262,,1,0,0
Panorama,65,0.06980583566473797,0.0698,,1,0,0
Panorama,66,0.099496879556681961,0.0983,,1,0,0
Panorama,67,0.059700963902287185,0.0596,,1,0,0
Panorama,68,0.11469671153463423,0.1136,,1,0,0
Panorama,69,0.052905328630004078,0.052,,1,0,0
Panorama,70,0.03849915083264932,0.038,,1,0,0
Panorama,71,0.034197844797745347,0.0337,,1,0,0
Panorama,72,0.058999434259021655,0.0593,,1,0,0
Panorama,73,0.098100907052867115,0.0969,,1,0,0
Panorama,74,0.042502833821345121,0.0421,,1,0,0
Panorama,75,0.034800170396920294,0.0344,,1,0,0
Panorama,76,0.033397107472410426,0.0331,,1,0,0
Panorama,77,0.037599205825245008,0.0372,,1,0,0
Panorama,78,0.033999433071585372,0.0336,,1,0,0
Panorama,79,0.034601758670760319,0.0342,,1,0,0
Panorama,80,0.033397107472410426,0.033,,1,0,0
Panorama,81,0.033000284020090476,0.0326,,1,0,0
Panorama,82,0.033000284020090476,0.0326,,1,0,0
Panorama,83,0.033198695746250451,0.0328,,1,0,0
Panorama,84,0.033000284020090476,0.0325,,1,0,0
Panorama,85,0.032901076338021085,0.0325,,1,0,0
Panorama,86,0.089299886894878,0.0895,,1,0,0
Panorama,87,0.046102606575004756,0.0453,,1,0,0
Panorama,88,0.035196993849240243,0.0347,,1,0,0
Panorama,89,0.033304990211036056,0.0329,,1,0,0
Panorama,90,0.033297903428319842,0.0329,,1,0,0
Panorama,91,0.032901076338021085,0.0325,,1,0,0
Panorama,92,0.03309948806418106,0.0327,,1,0,0
Panorama,93,0.033397107472410426,0.033,,1,0,0
Panorama,94,0.033503401937196031,0.0331,,1,0,0
Panorama,95,0.039200680475914851,0.0388,,1,0,0
Panorama,96,0.033694726880639791,0.0333,,1,0,0
Panorama,97,0.049999998736893758,0.0506,,1,0,0
Panorama,98,0.129202104290016,0.1292,,1,0,0
Panorama,99,0.12570152466651052,0.1238,,1,0,0
Panorama,100,0.060196995036676526,0.0597,,1,0,0
Panorama,101,0.055803571740398183,0.0548,,1,0,0
Panorama,102,0.036897676181979477,0.0365,,1,0,0
Panorama,103,0.0338010213454254,0.0335,,1,0,0
Panorama,104,0.033297903428319842,0.0329,,1,0,0
Panorama,105,0.052699830121127889,0.0533,,1,0,0
Panorama,106,0.090001420176122338,0.089,,1,0,0
Panorama,107,0.051098355470458046,0.0501,,1,0,0
Panorama,108,0.034601758670760319,0.0342,,1,0,0
Panorama,109,0.051899092795792967,0.0527,,1,0,0
Panorama,110,0.13849914830643684,0.1374,,1,0,0
Panorama,111,0.11360544158378616,0.1117,,1,0,0
Panorama,112,0.05659722228301689,0.0562,,1,0,0
Panorama,113,0.069997164246160537,0.0699,,1,0,0
Panorama,114,0.08890306344255805,0.0876,,1,0,0
Panorama,115,0.071896261943038553,0.0713,,1,0,0
Panorama,116,0.058801018894882873,0.0584,,1,0,0
Panorama,117,0.063399944338016212,0.0635,,1,0,0
Panorama,118,0.12380244152154773,0.1232,,1,0,0
Panorama,119,0.10590277815936133,0.1048,,1,0,0
Panorama,120,0.048299320042133331,0.0473,,1,0,0
Panorama,121,0.037096087908139452,0.0364,,1,0,0
Panorama,122,0.034304139262530953,0.0339,,1,0,0
Panorama,123,0.033397107472410426,0.0331,,1,0,0
Panorama,124,0.0328018722939305,0.0324,,1,0,0
Panorama,125,0.032901076338021085,0.0325,,1,0,0
Panorama,126,0.032901076338021085,0.0325,,1,0,0
Panorama,127,0.032794785511214286,0.0325,,1,0,0
Panorama,128,0.03309948806418106,0.0327,,1,0,0
Panorama,129,0.032901076338021085,0.0325,,1,0,0
Panorama,130,0.12470237561501563,0.1245,,1,0,0
Panorama,131,0.0672973328619264,0.0672,,1,0,0
Panorama,132,0.071704933361615986,0.0702,,1,0,0
Panorama,133,0.05589569263975136,0.0558,,1,0,0
Panorama,134,0.091702095232903957,0.0902,,1,0,0
Panorama,135,0.043799602281069383,0.0431,,1,0,0
Panorama,136,0.038201531424419954,0.0374,,1,0,0
Panorama,137,0.13319870049599558,0.1333,,1,0,0
Panorama,138,0.10980016668327153,0.1085,,1,0,0
Panorama,139,0.050602324336068705,0.0495,,1,0,0
Panorama,140,0.035997731174575165,0.0354,,1,0,0
Panorama,141,0.033496315154479817,0.0331,,1,0,0
Panorama,142,0.03309948806418106,0.0328,,1,0,0
Panorama,143,0.032901076338021085,0.0325,,1,0,0
Panorama,144,0.03270266461186111,0.0325,,1,0,0
Panorama,145,0.0328018722939305,0.0324,,1,0,0
Panorama,146,0.032596370147075504,0.0323,,1,0,0
Panorama,147,0.032603456929791719,0.0323,,1,0,0
Panorama,148,0.0395975039282348,0.0392,,1,0,0
Panorama,149,0.0338010213454254,0.0337,,1,0,0
Panorama,150,0.049100057367468253,0.0484,,1,0,0
Panorama,151,0.0347009627148509,0.0341,,1,0,0
Panorama,152,0.036798468499910086,0.0364,,1,0,0
Panorama,153,0.0318027196044568,0.0315,,1,0,0
Panorama,154,0.032199546694755554,0.0319,,1,0,0
Panorama,155,0.089200679212808609,0.0895,,1,0,0
Panorama,156,0.11789966083597392,0.1171,,1,0,0
Panorama,157,0.11079932301072404,0.1113,,1,0,0
Panorama,158,0.069196430558804423,0.0668,,1,0,0
Panorama,159,0.053202948038233444,0.0527,,1,0,0
Panorama,160,0.0782950664870441,0.0792,,1,0,0
Panorama,161,0.15480442380066961,0.1525,,1,0,0
Panorama,162,0.065398242441006,0.0646,,1,0,0
Panorama,163,0.064299885707441717,0.0643,,1,0,0
Panorama,164,0.092899659648537636,0.0915,,1,0,0
Panorama,165,0.049503967602504417,0.0486,,1,0,0
Panorama,166,0.032794785511214286,0.0325,,1,0,0
Panorama,167,0.0328018722939305,0.0324,,1,0,0
Panorama,168,0.032603456929791719,0.0321,,1,0,0
Panorama,169,0.033297903428319842,0.0329,,1,0,0
Panorama,170,0.032397958420915529,0.0321,,1,0,0
Panorama,171,0.032397958420915529,0.0321,,1,0,0
Panorama,172,0.032199546694755554,0.0318,,1,0,0
Panorama,173,0.032206633477471769,0.0318,,1,0,0
Panorama,174,0.037500001781154424,0.0373,,1,0,0
Panorama,175,0.036493765946943313,0.0362,,1,0,0
Panorama,176,0.073703231464605778,0.0735,,1,0,0
Panorama,177,0.048299320042133331,0.0484,,1,0,0
Panorama,178,0.076098353019915521,0.0747,,1,0,0
Panorama,179,0.0407029474445153,0.0401,,1,0,0
Panorama,180,0.034396260161884129,0.034,,1,0,0
Panorama,181,0.033205782528966665,0.0329,,1,0,0
Panorama,182,0.028996599212405272,0.0285,,1,0,0
Panorama,183,0.03010204090969637,0.0298,,1,0,0
Panorama,184,0.046201814257074147,0.0467,,1,0,0
Panorama,185,0.073398528911639,0.0722,,1,0,0
Panorama,186,0.038598354876739904,0.0379,,1,0,0
Panorama,187,0.033900225389515981,0.0335,,1,0,0
Panorama,188,0.033000284020090476,0.0326,,1,0,0
Panorama,189,0.032298754376824945,0.0319,,1,0,0
Panorama,190,0.03249716610298492,0.0321,,1,0,0
Panorama,191,0.049305555876344442,0.0499,,1,0,0
Panorama,192,0.11449829617049545,0.1139,,1,0,0
Panorama,193,0.10099914652528241,0.0997,,1,0,0
Panorama,194,0.042998864955734462,0.0425,,1,0,0
Panorama,195,0.054202097089728341,0.0541,,1,0,0
Panorama,196,0.070500282163266093,0.0702,,1,0,0
Panorama,197,0.10620039392961189,0.105,,1,0,0
Panorama,198,0.0415958056692034,0.041,,1,0,0
Panorama,199,0.033602605981286615,0.0331,,1,0,0
Panorama,200,0.03910147279384546,0.0388,,1,0,0
Panorama,201,0.033297903428319842,0.033,,1,0,0
Panorama,202,0.032504252885701135,0.0321,,1,0,0
Panorama,203,0.032695577829144895,0.0322,,1,0,0
Panorama,204,0.039200680475914851,0.0389,,1,0,0
Panorama,205,0.034197844797745347,0.0338,,1,0,0
Panorama,206,0.03309948806418106,0.0327,,1,0,0
Panorama,207,0.072002549131866544,0.0732,,1,0,0
Panorama,208,0.14100056432653219,0.1393,,1,0,0
Panorama,209,0.0911989773157984,0.0908,,1,0,0
Panorama,210,0.11529903713380918,0.1138,,1,0,0
Panorama,211,0.06889880751259625,0.0674,,1,0,0
Panorama,212,0.064505387854296714,0.0652,,1,0,0
Panorama,213,0.11369756248313934,0.1122,,1,0,0
Panorama,214,0.08620323205832392,0.0856,,1,0,0
Panorama,215,0.093998016382101923,0.0934,,1,0,0
Panorama,216,0.10029762051999569,0.0995,,1,0,0
Panorama,217,0.093601192929781973,0.0925,,1,0,0
Panorama,218,0.047399375034729019,0.0465,,1,0,0
Panorama,219,0.047002551582409069,0.0476,,1,0,0
Panorama,220,0.070996313297655433,0.069,,1,0,0
Panorama,221,0.040199829527409747,0.0394,,1,0,0
Panorama,222,0.033503401937196031,0.0331,,1,0,0
Panorama,223,0.032298754376824945,0.032,,1,0,0
Panorama,224,0.033198695746250451,0.0327,,1,0,0
Panorama,225,0.0437003982369788,0.0443,,1,0,0
Panorama,226,0.11459750385256484,0.1139,,1,0,0
Panorama,227,0.10260062117595226,0.1013,,1,0,0
Panorama,228,0.074305557063780725,0.0738,,1,0,0
Panorama,229,0.09460034198127687,0.0934,,1,0,0
Panorama,230,0.045195578422863036,0.0445,,1,0,0
Panorama,231,0.035204080631956458,0.0348,,1,0,0
Panorama,232,0.027997448341920972,0.0276,,1,0,0
Panorama,233,0.040901359170675278,0.0415,,1,0,0
Panorama,234,0.080895690189208835,0.0796,,1,0,0
Panorama,235,0.049801587010733783,0.0497,,1,0,0
Panorama,236,0.10089994611917064,0.101,,1,0,0
Panorama,237,0.13810231757815927,0.1362,,1,0,0
Panorama,238,0.074000847234856337,0.0726,,1,0,0
Panorama,239,0.037195295590208843,0.0365,,1,0,0
Panorama,240,0.053004536312073469,0.0535,,1,0,0
Panorama,241,0.097994612588081509,0.0974,,1,0,0
Panorama,242,0.11690051178447902,0.1175,,1,0,0
Panorama,243,0.1976048806682229,0.1946,,1,0,0
Panorama,244,0.1231009082403034,0.1223,,1,0,0
Panorama,245,0.10269982885802165,0.1016,,1,0,0
Panorama,246,0.049695296183926985,0.0485,,1,0,0
Panorama,247,0.1438988110749051,0.144,,1,0,0
Panorama,248,0.067403627326712012,0.066,,1,0,0
Panorama,249,0.040802155126584694,0.0402,,1,0,0
Panorama,250,0.034899378078989685,0.0343,,1,0,0
Panorama,251,0.033694726880639791,0.0333,,1,0,0
Panorama,252,0.033503401937196031,0.0331,,1,0,0
Panorama,253,0.039399092202074826,0.0392,,1,0,0
Panorama,254,0.0338010213454254,0.0333,,1,0,0
Panorama,255,0.03309948806418106,0.0326,,1,0,0
Panorama,256,0.033297903428319842,0.0328,,1,0,0
Panorama,257,0.032901076338021085,0.0332,,1,0,0
Panorama,258,0.0338010213454254,0.0327,,1,0,0
Panorama,259,0.033297903428319842,0.0329,,1,0,0
Panorama,260,0.03340419425512664,0.0329,,1,0,0
Panorama,261,0.032901076338021085,0.0326,,1,0,0
Panorama,262,0.03309948806418106,0.0327,,1,0,0
Panorama,263,0.03309948806418106,0.0326,,1,0,0
Panorama,264,0.033198695746250451,0.0328,,1,0,0
Panorama,265,0.03309948806418106,0.0328,,1,0,0
Panorama,266,0.032901076338021085,0.0325,,1,0,0
Panorama,267,0.032596370147075504,0.0324,,1,0,0
Panorama,268,0.03270266461186111,0.0323,,1,0,0
Panorama,269,0.03270266461186111,0.0323,,1,0,0
Panorama,270,0.03289398955530487,0.0326,,1,0,0
Panorama,271,0.032901076338021085,0.0325,,1,0,0
Panorama,272,0.03600481795729138,0.0355,,1,0,0
Panorama,273,0.045500284613808617,0.0451,,1,0,0
Panorama,274,0.076693591836374253,0.0779,,1,0,0
Panorama,275,0.16210316971410066,0.1606,,1,0,0
Panorama,276,0.12030186917399988,0.1184,,1,0,0
Panorama,277,0.051998300477862358,0.051,,1,0,0
Panorama,278,0.040596656617708504,0.0399,,1,0,0
Panorama,279,0.038201531424419954,0.0374,,1,0,0
Panorama,280,0.0366992644558195,0.0361,,1,0,0
Panorama,281,0.037202382372925058,0.0362,,1,0,0
Panorama,282,0.051899092795792967,0.052,,1,0,0
Panorama,283,0.13830073294229805,0.1376,,1,0,0
Panorama,284,0.16120323562063277,0.1587,,1,0,0
Panorama,285,0.042396542994538322,0.0418,,1,0,0
Panorama,286,0.034197844797745347,0.0339,,1,0,0
Panorama,287,0.033602605981286615,0.0332,,1,0,0
Panorama,288,0.03249716610298492,0.032,,1,0,0
Panorama,289,0.028004535124637187,0.0275,,1,0,0
Panorama,290,0.029499717129510827,0.0292,,1,0,0
Panorama,291,0.036600056773750111,0.0362,,1,0,0
Panorama,292,0.053302155720302835,0.0545,,1,0,0
Panorama,293,0.15989936946425587,0.1578,,1,0,0
Panorama,294,0.080796482507139444,0.0797,,1,0,0
Panorama,295,0.058701814850792289,0.0588,,1,0,0
Panorama,296,0.11670209642034024,0.1155,,1,0,0
Panorama,297,0.048497731768293306,0.0476,,1,0,0
Panorama,298,0.036196146538713947,0.0356,,1,0,0
Panorama,299,0.033602605981286615,0.0333,,1,0,0
Penetrations,0,11.369097046554089,11.3678,,1,1,1
Penetrations,1,0.39860402466729283,0.3974,,1,1,1
Penetrations,2,0.23679847072344273,0.2364,,1,1,1
Penetrations,3,0.24559948360547423,0.2445,,1,1,1
Penetrations,4,0.20569727348629385,0.2051,,1,1,1
Penetrations,5,0.16900509945116937,0.1682,,1,1,1
Penetrations,6,0.18489937065169215,0.1855,,1,1,1
Penetrations,7,0.33859835821203887,0.3371,,1,1,1
Penetrations,8,0.20859552023466676,0.2075,,1,1,1
Penetrations,9,0.21980583551339805,0.2198,,1,1,1
Penetrations,10,0.25029762764461339,0.2493,,1,1,1
Penetrations,11,0.19509637786541134,0.1945,,1,1,1
Penetrations,12,0.51580218132585287,0.5157,,1,2,2
Penetrations,13,0.21560373716056347,0.2146,,1,2,2
Penetrations,14,0.25009919772855937,0.2499,,1,2,2
Penetrations,15,0.21250000281725079,0.2126,,1,2,2
Penetrations,16,0.23730158864054829,0.236,,1,2,2
Penetrations,17,0.2460955292917788,0.2455,,1,2,2
Penetrations,18,0.22990362776909024,0.2292,,1,2,2
Penetrations,19,0.22699829423800111,0.2263,,1,2,2
Penetrations,20,0.16209608293138444,0.162,,1,2,2
Penetrations,21,0.2224064664915204,0.2215,,1,2,2
Penetrations,22,0.19199971575289965,0.1914,,1,2,2
Penetrations,23,0.18769841699395329,0.1871,,1,2,2
Penetrations,24,0.42599914013408124,0.4258,,1,3,3
Penetrations,25,0.22750141215510666,0.2267,,1,3,3
Penetrations,26,0.17789824050851166,0.1774,,1,3,3
Penetrations,27,0.21099773584865034,0.2102,,1,3,3
Penetrations,28,0.20430130825843662,0.2036,,1,3,3
Penetrations,29,0.21760203526355326,0.2172,,1,3,3
Penetrations,30,0.21089852089062333,0.2099,,1,3,3
Penetrations,31,0.19070295093115419,0.1903,,1,3,3
Penetrations,32,0.19339569553267211,0.1932,,1,3,3
Penetrations,33,0.22760062711313367,0.2279,,1,3,3
Penetrations,34,0.28640165692195296,0.2848,,1,3,3
Penetrations,35,0.16739654529374093,0.1667,,1,3,3
Penetrations,36,0.378500553779304,0.3787,,1,4,4
Penetrations,37,0.18700397049542516,0.1862,,1,4,4
Penetrations,38,0.1776006247382611,0.1769,,1,4,4
Penetrations,39,0.17989653861150146,0.1793,,1,4,4
Penetrations,40,0.21960033336654305,0.2189,,1,4,4
Penetrations,41,0.210402489756234,0.2102,,1,4,4
Penetrations,42,0.23269557277671993,0.232,,1,4,4
Penetrations,43,0.2391014713793993,0.2382,,1,4,4
Penetrations,44,0.21570295211859047,0.2149,,1,4,4
Penetrations,45,0.18480017024558038,0.184,,1,4,4
Penetrations,46,0.34469953970983624,0.3446,,1,4,4
Penetrations,47,0.2152990346075967,0.215,,1,4,4
Penetrations,48,0.470401078928262,0.4696,,1,5,5
Penetrations,49,0.21339993691071868,0.2124,,1,5,5
Penetrations,50,0.22159864602144808,0.2211,,1,5,5
Penetrations,51,0.194600346731022,0.1944,,1,5,5
Penetrations,52,0.29170210473239422,0.291,,1,5,5
Penetrations,53,0.25879393797367811,0.2579,,1,5,5
Penetrations,54,0.21700680372305214,0.2163,,1,5,5
Penetrations,55,0.23709608649369329,0.2365,,1,5,5
Penetrations,56,0.23769841936882585,0.2369,,1,5,5
Penetrations,57,0.30359977972693741,0.3028,,1,5,5
Penetrations,58,0.20570436026901007,0.2054,,1,5,5
Penetrations,59,0.21269841818138957,0.2118,,1,5,5
Penetrations,60,0.49170211423188448,0.4915,,1,6,6
Penetrations,61,0.2463010314386338,0.2457,,1,6,6
Penetrations,62,0.24059665156528354,0.2393,,1,6,6
Penetrations,63,0.20749717077706009,0.2074,,1,6,6
Penetrations,64,0.27030188357457519,0.2706,,1,6,6
Penetrations,65,0.28810231015086174,0.286,,1,6,6
Penetrations,66,0.20769557158928365,0.2069,,1,6,6
Penetrations,67,0.19100056670140475,0.1902,,1,6,6
Penetrations,68,0.18450255447532982,0.1838,,1,6,6
Penetrations,69,0.18229875422548503,0.1819,,1,6,6
Penetrations,70,0.19530186546035111,0.1945,,1,6,6
Penetrations,71,0.19489796250127256,0.1943,,1,6,6
Penetrations,72,0.38740079617127776,0.3868,,1,7,7
Penetrations,73,0.23599773703608662,0.2352,,1,7,7
Penetrations,74,0.19370039808563888,0.1934,,1,7,7
Penetrations,75,0.21670210117008537,0.2161,,1,7,7
Penetrations,76,0.18570011889096349,0.1848,,1,7,7
Penetrations,77,0.22079789778217673,0.221,,1,7,7
Penetrations,78,0.258000276517123,0.2569,,1,7,7
Penetrations,79,0.18080357403960079,0.1804,,1,7,7
Penetrations,80,0.19499716290738434,0.1946,,1,7,7
Penetrations,81,0.23149802291300148,0.2309,,1,7,7
Penetrations,82,0.25120464852079749,0.2507,,1,7,7
Penetrations,83,0.27499999850988388,0.2742,,1,7,7
Penetrations,84,0.43799603008665144,0.4375,,1,8,8
Penetrations,85,0.22070578415878117,0.2196,,1,8,8
Penetrations,86,0.20169359049759805,0.2009,,1,8,8
Penetrations,87,0.18000284035224468,0.1794,,1,8,8
Penetrations,88,0.19270124903414398,0.1922,,1,8,8
Penetrations,89,0.19090136629529297,0.1906,,1,8,8
Penetrations,90,0.22879819152876735,0.2282,,1,8,8
Penetrations,91,0.20269982633180916,0.2026,,1,8,8
Penetrations,92,0.23550170590169728,0.2349,,1,8,8
Penetrations,93,0.2340986393392086,0.2331,,1,8,8
Penetrations,94,0.23949830210767686,0.2388,,1,8,8
Penetrations,95,0.19129818247165531,0.1912,,1,8,8
Penetrations,96,0.52170490380376577,0.5206,,1,9,9
Penetrations,97,0.22009637905284762,0.2193,,1,9,9
Penetrations,98,0.21380385442171246,0.2136,,1,9,9
Penetrations,99,0.25839710724540055,0.2573,,1,9,9
Penetrations,100,0.22429846285376698,0.2238,,1,9,9
Penetrations,101,0.22589994478039443,0.226,,1,9,9
Penetrations,102,0.26160007109865546,0.26,,1,9,9
Penetrations,103,0.25020548491738737,0.2499,,1,9,9
Penetrations,104,0.21619898325297982,0.216,,1,9,9
Penetrations,105,0.2827947901096195,0.2824,,1,9,9
Penetrations,106,0.30600198078900576,0.304,,1,9,9
Penetrations,107,0.24299886717926711,0.2423,,1,9,9
Penetrations,108,0.5174036487005651,0.517,,1,10,10
Penetrations,109,0.37629678263328969,0.3748,,1,10,10
Penetrations,110,0.28330498025752604,0.2823,,1,10,10
Penetrations,111,0.28389313956722617,0.2826,,1,10,10
Penetrations,112,0.2519061672501266,0.2519,,1,10,10
Penetrations,113,0.26780046755447984,0.2667,,1,10,10
Penetrations,114,0.22589994478039443,0.2258,,1,10,10
Penetrations,115,0.32489371369592845,0.3247,,1,10,10
Penetrations,116,0.21339993691071868,0.2123,,1,10,10
Penetrations,117,0.2638038422446698,0.2631,,1,10,10
Penetrations,118,0.37349772173911333,0.3728,,1,10,10
Penetrations,119,0.29550027102231979,0.2947,,1,10,10
Penetrations,120,0.44990080641582608,0.4499,,1,11,11
Penetrations,121,0.30940334545448422,0.3086,,1,11,11
Penetrations,122,0.31839570146985352,0.3171,,1,11,11
Penetrations,123,0.509304110892117,0.5087,,1,11,11
Penetrations,124,0.24709466379135847,0.2462,,1,11,11
Penetrations,125,0.24750566808506846,0.2468,,1,11,11
Penetrations,126,0.25479734176769853,0.2535,,1,11,11
Penetrations,127,0.21670210117008537,0.2166,,1,11,11
Penetrations,128,0.24730016593821347,0.246,,1,11,11
Penetrations,129,0.21619898325297982,0.2158,,1,11,11
Penetrations,130,0.22689909383188933,0.2268,,1,11,11
Penetrations,131,0.26760203763842583,0.267,,1,11,11
Penetrations,132,0.46619898057542741,0.4654,,1,12,12
Penetrations,133,0.2340986393392086,0.2331,,1,12,12
Penetrations,134,0.21619898325297982,0.2155,,1,12,12
Penetrations,135,0.23849915305618197,0.2382,,1,12,12
Penetrations,136,0.20729875541292131,0.2069,,1,12,12
Penetrations,137,0.2312996075488627,0.2308,,1,12,12
Penetrations,138,0.22060656920075417,0.2199,,1,12,12
Penetrations,139,0.19379959849175066,0.1937,,1,12,12
Penetrations,140,0.23339710605796427,0.2324,,1,12,12
Penetrations,141,0.18869756604544818,0.1882,,1,12,12
Penetrations,142,0.18860543787013739,0.1884,,1,12,12
Penetrations,143,0.22709750919602811,0.2261,,1,12,12
Penetrations,144,0.42560233850963414,0.4253,,1,13,13
Penetrations,145,0.27549604419618845,0.2745,,1,13,13
Penetrations,146,0.19520266505423933,0.1949,,1,13,13
Penetrations,147,0.25499574257992208,0.2543,,1,13,13
Penetrations,148,0.25590276345610619,0.2549,,1,13,13
Penetrations,149,0.24520265287719667,0.2445,,1,13,13
Penetrations,150,0.17279620806220919,0.1721,,1,13,13
Penetrations,151,0.24469953496009111,0.2442,,1,13,13
Penetrations,152,0.19919926126021892,0.1991,,1,13,13
Penetrations,153,0.2638038422446698,0.2631,,1,13,13
Penetrations,154,0.22739512496627867,0.2269,,1,13,13
Penetrations,155,0.30350056476891041,0.3033,,1,13,13
Penetrations,156,0.573001685552299,0.5718,,1,14,14
Penetrations,157,0.2908021560870111,0.2897,,1,14,14
Penetrations,158,0.3054988628719002,0.3054,,1,14,14
Penetrations,159,0.26690051890909672,0.2653,,1,14,14
Penetrations,160,0.24319728254340589,0.2423,,1,14,14
Penetrations,161,0.21609976829495281,0.2159,,1,14,14
Penetrations,162,0.25350056239403784,0.2529,,1,14,14
Penetrations,163,0.25340134743601084,0.2526,,1,14,14
Penetrations,164,0.23859835346229374,0.238,,1,14,14
Penetrations,165,0.22679989342577755,0.2261,,1,14,14
Penetrations,166,0.46860118163749576,0.469,,1,14,14
Penetrations,167,0.29070294112898409,0.2893,,1,14,14
Penetrations,168,0.44820012408308685,0.4467,,1,15,15
Penetrations,169,0.25559807545505464,0.2549,,1,15,15
Penetrations,170,0.26940193492919207,0.2681,,1,15,15
Penetrations,171,0.22769982751924545,0.2269,,1,15,15
Penetrations,172,0.19619472732301801,0.196,,1,15,15
Penetrations,173,0.32020267099142075,0.3192,,1,15,15
Penetrations,174,0.28710317565128207,0.2859,,1,15,15
Penetrations,175,0.23349632101599127,0.2323,,1,15,15
Penetrations,176,0.29320435714907944,0.2933,,1,15,15
Penetrations,177,0.31899800524115562,0.3174,,1,15,15
Penetrations,178,0.25659720995463431,0.2553,,1,15,15
Penetrations,179,0.26050169253721833,0.2599,,1,15,15
Penetrations,180,0.43959749746136367,0.4389,,1,16,16
Penetrations,181,0.24640021729283035,0.2454,,1,16,16
Penetrations,182,0.21630527044180781,0.2154,,1,16,16
Penetrations,183,0.18779761740006506,0.1872,,1,16,16
Penetrations,184,0.20139597472734749,0.2009,,1,16,16
Penetrations,185,0.16920351481530815,0.1694,,1,16,16
Penetrations,186,0.29219812131486833,0.2913,,1,16,16
Penetrations,187,0.23300028988160193,0.2326,,1,16,16
Penetrations,188,0.25230299797840416,0.2517,,1,16,16
Penetrations,189,0.22069869737606496,0.2199,,1,16,16
Penetrations,190,0.25500284391455352,0.2536,,1,16,16
Penetrations,191,0.21709891734644771,0.217,,1,16,16
Penetrations,192,0.39309807470999658,0.3922,,1,17,16
Penetrations,193,0.23380102356895804,0.2329,,1,17,16
Penetrations,194,0.19119898206554353,0.1909,,1,17,16
Penetrations,195,0.23990220506675541,0.239,,1,17,16
Penetrations,196,0.2399943332420662,0.2396,,1,17,16
Penetrations,197,0.26510062161833048,0.2646,,1,17,16
Penetrations,198,0.23140589473769069,0.2306,,1,17,16
Penetrations,199,0.37659439840354025,0.3757,,1,17,16
Penetrations,200,0.24090135411825031,0.2406,,1,17,16
Penetrations,201,0.24659864720888436,0.2455,,1,17,16
Penetrations,202,0.24170210235752165,0.2413,,1,17,16
Penetrations,203,0.20559807308018208,0.205,,1,17,16
Penetrations,204,0.35880101495422423,0.3587,,1,18,16
Penetrations,205,0.20999858679715544,0.2092,,1,18,16
Penetrations,206,0.19990079454146326,0.1997,,1,18,16
Penetrations,207,0.2133007365046069,0.213,,1,18,16
Penetrations,208,0.21560373716056347,0.2148,,1,18,16
Penetrations,209,0.18669926794245839,0.1863,,1,18,16
Penetrations,210,0.20629960636142641,0.2058,,1,18,16
Penetrations,211,0.21979874873068184,0.2195,,1,18,16
Penetrations,212,0.22290249762590975,0.2221,,1,18,16
Penetrations,213,0.22389455989468843,0.2238,,1,18,16
Penetrations,214,0.20170067728031427,0.2006,,1,18,16
Penetrations,215,0.19690334738697857,0.197,,1,18,16
Penetrations,216,0.3598993644118309,0.3589,,1,19,16
Penetrations,217,0.18969671509694308,0.1893,,1,19,16
Penetrations,218,0.20930414029862732,0.2089,,1,19,16
Penetrations,219,0.22609836014453322,0.2253,,1,19,16
Penetrations,220,0.2142998855561018,0.2133,,1,19,16
Penetrations,221,0.20870180742349476,0.2081,,1,19,16
Penetrations,222,0.23359552142210305,0.2333,,1,19,16
Penetrations,223,0.25359977735206485,0.2532,,1,19,16
Penetrations,224,0.20280612807255238,0.2021,,1,19,16
Penetrations,225,0.19889455870725214,0.1984,,1,19,16
Penetrations,226,0.18980300228577107,0.1897,,1,19,16
Penetrations,227,0.25189909501932561,0.2508,,1,19,16
Penetrations,228,0.93419785844162107,0.9342,,1,20,16
Penetrations,229,0.26650368818081915,0.2658,,1,20,16
Penetrations,230,0.25029762764461339,0.2497,,1,20,16
Penetrations,231,0.26280470774509013,0.2621,,1,20,16
Penetrations,232,0.24699547793716192,0.2463,,1,20,16
Penetrations,233,0.2353032905375585,0.2346,,1,20,16
Penetrations,234,0.23519698879681528,0.2339,,1,20,16
Penetrations,235,0.21960033336654305,0.2194,,1,20,16
Penetrations,236,0.3722009714692831,0.3714,,1,20,16
Penetrations,237,0.29869613354094326,0.2983,,1,20,16
Penetrations,238,0.30650509870611131,0.3057,,1,20,16
Penetrations,239,0.29129817266948521,0.29,,1,20,16
Penetrations,240,0.43789681512862444,0.4376,,1,21,16
Penetrations,241,0.22960601199883968,0.2291,,1,21,16
Penetrations,242,0.24640021729283035,0.2459,,1,21,16
Penetrations,243,0.25559807545505464,0.2547,,1,21,16
Penetrations,244,0.23259637237060815,0.2319,,1,21,16
Penetrations,245,0.24640021729283035,0.2462,,1,21,16
Penetrations,246,0.23939908714964986,0.2386,,1,21,16
Penetrations,247,0.24550029775127769,0.2451,,1,21,16
Penetrations,248,0.26550452457740903,0.2648,,1,21,16
Penetrations,249,0.25160147924907506,0.2505,,1,21,16
Penetrations,250,0.20989937183912843,0.2092,,1,21,16
Penetrations,251,0.21780045062769204,0.2174,,1,21,16
Penetrations,252,0.42279620538465679,0.4222,,1,22,16
Penetrations,253,0.26410148711875081,0.2636,,1,22,16
Penetrations,254,0.22699829423800111,0.2264,,1,22,16
Penetrations,255,0.22890447871759534,0.228,,1,22,16
Penetrations,256,0.23379393678624183,0.2338,,1,22,16
Penetrations,257,0.28470097458921373,0.2836,,1,22,16
Penetrations,258,0.25070153060369194,0.2501,,1,22,16
Penetrations,259,0.21060090512037277,0.2099,,1,22,16
Penetrations,260,0.18750000162981451,0.1869,,1,22,16
Penetrations,261,0.19499716290738434,0.1948,,1,22,16
Penetrations,262,0.21280470537021756,0.2118,,1,22,16
Penetrations,263,0.20209750800859183,0.202,,1,22,16
Penetrations,264,0.47339851153083146,0.4727,,1,23,16
Penetrations,265,0.25670352624729276,0.2561,,1,23,16
Penetrations,266,0.26690051890909672,0.2668,,1,23,16
Penetrations,267,0.25039681349880993,0.2486,,1,23,16
Penetrations,268,0.20400367793627083,0.204,,1,23,16
Penetrations,269,0.24009353364817798,0.2391,,1,23,16
Penetrations,270,0.20800028869416565,0.2079,,1,23,16
Penetrations,271,0.25160147924907506,0.2507,,1,23,16
Penetrations,272,0.25279904366470873,0.2524,,1,23,16
Penetrations,273,0.24510346702300012,0.2444,,1,23,16
Penetrations,274,0.21389596804510802,0.2128,,1,23,16
Penetrations,275,0.21370465401560068,0.213,,1,23,16
Penetrations,276,0.37940050242468715,0.3794,,1,24,16
Penetrations,277,0.32199546694755554,0.3214,,1,24,16
Penetrations,278,0.25089993141591549,0.2504,,1,24,16
Penetrations,279,0.21400226978585124,0.213,,1,24,16
Penetrations,280,0.22879819152876735,0.2288,,1,24,16
Penetrations,281,0.23990220506675541,0.239,,1,24,16
Penetrations,282,0.22699829423800111,0.2261,,1,24,16
Penetrations,283,0.19270124903414398,0.1921,,1,24,16
Penetrations,284,0.18910146900452673,0.189,,1,24,16
Penetrations,285,0.26950112078338861,0.2687,,1,24,16
Penetrations,286,0.63120038248598576,0.631,,1,24,16
Penetrations,287,0.24759778170846403,0.2464,,1,24,16
Penetrations,288,0.38149801548570395,0.3813,,1,25,16
Penetrations,289,0.2392006863374263,0.2387,,1,25,16
Penetrations,290,0.26040250668302178,0.2597,,1,25,16
Penetrations,291,0.22079789778217673,0.2197,,1,25,16
Penetrations,292,0.17419926007278264,0.1736,,1,25,16
Penetrations,293,0.22300169803202152,0.2226,,1,25,16
Penetrations,294,0.17549602489452809,0.175,,1,25,16
Penetrations,295,0.21060090512037277,0.2099,,1,25,16
Penetrations,296,0.19690334738697857,0.1965,,1,25,16
Penetrations,297,0.26310232351534069,0.2626,,1,25,16
Penetrations,298,0.2142998855561018,0.2135,,1,25,16
Penetrations,299,0.19569869618862867,0.1953,,1,25,16
ReflectionRefresh,0,0.13000283797737211,0.1301,,1,0,0
ReflectionRefresh,1,0.15059523866511881,0.1484,,1,0,0
ReflectionRefresh,2,0.053202948038233444,0.0521,,1,0,0
ReflectionRefresh,3,0.038697562558809295,0.0382,,1,0,0
ReflectionRefresh,4,0.035898527130484581,0.0355,,1,0,0
ReflectionRefresh,5,0.035204080631956458,0.0348,,1,0,0
ReflectionRefresh,6,0.034800170396920294,0.0342,,1,0,0
ReflectionRefresh,7,0.034800170396920294,0.0344,,1,0,0
ReflectionRefresh,8,0.035296201531309634,0.0349,,1,0,0
ReflectionRefresh,9,0.035905613913200796,0.0355,,1,0,0
ReflectionRefresh,10,0.03509778980514966,0.0347,,1,0,0
ReflectionRefresh,11,0.039399092202074826,0.0389,,1,0,0
ReflectionRefresh,12,0.03540249599609524,0.035,,1,0,0
ReflectionRefresh,13,0.035395409213379025,0.035,,1,0,0
ReflectionRefresh,14,0.035600907722255215,0.0352,,1,0,0
ReflectionRefresh,15,0.035303288314025849,0.0347,,1,0,0
ReflectionRefresh,16,0.035600907722255215,0.0352,,1,0,0
ReflectionRefresh,17,0.0632936498732306,0.0646,,1,0,0
ReflectionRefresh,18,0.164604585734196,0.1626,,1,0,0
ReflectionRefresh,19,0.0861961452756077,0.0851,,1,0,0
ReflectionRefresh,20,0.066099775722250342,0.0656,,1,0,0
ReflectionRefresh,21,0.069600340793840587,0.0686,,1,0,0
ReflectionRefresh,22,0.042304422095185146,0.0417,,1,0,0
ReflectionRefresh,23,0.036798468499910086,0.0362,,1,0,0
ReflectionRefresh,24,0.035997731174575165,0.0356,,1,0,0
ReflectionRefresh,25,0.035898527130484581,0.0355,,1,0,0
ReflectionRefresh,26,0.035104876587865874,0.0347,,1,0,0
ReflectionRefresh,27,0.032298754376824945,0.032,,1,0,0
ReflectionRefresh,28,0.050602324336068705,0.0501,,1,0,0
ReflectionRefresh,29,0.039200680475914851,0.0387,,1,0,0
ReflectionRefresh,30,0.0357001117663458,0.0352,,1,0,0
ReflectionRefresh,31,0.034998582123080269,0.0345,,1,0,0
ReflectionRefresh,32,0.035494613257469609,0.0351,,1,0,0
ReflectionRefresh,33,0.034906461223727092,0.0345,,1,0,0
ReflectionRefresh,34,0.034495464205974713,0.0342,,1,0,0
ReflectionRefresh,35,0.034998582123080269,0.0345,,1,0,0
ReflectionRefresh,36,0.0347009627148509,0.0344,,1,0,0
ReflectionRefresh,37,0.034998582123080269,0.0346,,1,0,0
ReflectionRefresh,38,0.034906461223727092,0.0345,,1,0,0
ReflectionRefresh,39,0.035296201531309634,0.0349,,1,0,0
ReflectionRefresh,40,0.0347009627148509,0.0344,,1,0,0
ReflectionRefresh,41,0.049100057367468253,0.0491,,1,0,0
ReflectionRefresh,42,0.0407029474445153,0.0397,,1,0,0
ReflectionRefresh,43,0.033397107472410426,0.033,,1,0,0
ReflectionRefresh,44,0.035898527130484581,0.0355,,1,0,0
ReflectionRefresh,45,0.035204080631956458,0.0347,,1,0,0
ReflectionRefresh,46,0.035196993849240243,0.0347,,1,0,0
ReflectionRefresh,47,0.034998582123080269,0.0347,,1,0,0
ReflectionRefresh,48,0.034899378078989685,0.0345,,1,0,0
ReflectionRefresh,49,0.0347009627148509,0.0343,,1,0,0
ReflectionRefresh,50,0.0347009627148509,0.0343,,1,0,0
ReflectionRefresh,51,0.034601758670760319,0.0342,,1,0,0
ReflectionRefresh,52,0.0347009627148509,0.0343,,1,0,0
ReflectionRefresh,53,0.03509778980514966,0.0348,,1,0,0
ReflectionRefresh,54,0.034998582123080269,0.0346,,1,0,0
ReflectionRefresh,55,0.037599205825245008,0.0374,,1,0,0
ReflectionRefresh,56,0.049999998736893758,0.0495,,1,0,0
ReflectionRefresh,57,0.037003967008786276,0.0365,,1,0,0
ReflectionRefresh,58,0.039399092202074826,0.0388,,1,0,0
ReflectionRefresh,59,0.034601758670760319,0.0342,,1,0,0
ReflectionRefresh,60,0.034693875932134688,0.0343,,1,0,0
ReflectionRefresh,61,0.034502550988690928,0.0341,,1,0,0
ReflectionRefresh,62,0.034601758670760319,0.0342,,1,0,0
ReflectionRefresh,63,0.14730017574038357,0.1481,,1,0,0
ReflectionRefresh,64,0.11950113548664376,0.1186,,1,0,0
ReflectionRefresh,65,0.12359693937469274,0.1227,,1,0,0
ReflectionRefresh,66,0.12740220699924976,0.1268,,1,0,0
ReflectionRefresh,67,0.12079790030838922,0.1199,,1,0,0
ReflectionRefresh,68,0.089703797129914165,0.0885,,1,0,0
ReflectionRefresh,69,0.061196144088171422,0.0604,,1,0,0
ReflectionRefresh,70,0.040603739762445912,0.04,,1,0,0
ReflectionRefresh,71,0.040299037209479138,0.0399,,1,0,0
ReflectionRefresh,72,0.047300170990638435,0.0479,,1,0,0
ReflectionRefresh,73,0.10219671094091609,0.1006,,1,0,0
ReflectionRefresh,74,0.12930130469612777,0.1289,,1,0,0
ReflectionRefresh,75,0.05680272079189308,0.0576,,1,0,0
ReflectionRefresh,76,0.12609835539478809,0.1245,,1,0,0
ReflectionRefresh,77,0.12089710799045861,0.1206,,1,0,0
ReflectionRefresh,78,0.082504251622594893,0.0815,,1,0,0
ReflectionRefresh,79,0.064795916841831058,0.0647,,1,0,0
ReflectionRefresh,80,0.1221017591888085,0.1221,,1,0,0
ReflectionRefresh,81,0.20099914399906993,0.1984,,1,0,0
ReflectionRefresh,82,0.062103172240313143,0.0607,,1,0,0
ReflectionRefresh,83,0.047193876525852829,0.0459,,1,0,0
ReflectionRefresh,84,0.062301587604451925,0.0624,,1,0,0
ReflectionRefresh,85,0.1428004470653832,0.141,,1,0,0
ReflectionRefresh,86,0.05019841410103254,0.0493,,1,0,0
ReflectionRefresh,87,0.047002551582409069,0.0465,,1,0,0
ReflectionRefresh,88,0.048001700633903965,0.0486,,1,0,0
ReflectionRefresh,89,0.11789966083597392,0.1171,,1,0,0
ReflectionRefresh,90,0.11739654291886836,0.1168,,1,0,0
ReflectionRefresh,91,0.12120181054342538,0.1205,,1,0,0
ReflectionRefresh,92,0.11240079038543627,0.1111,,1,0,0
ReflectionRefresh,93,0.054202097089728341,0.0542,,1,0,0
ReflectionRefresh,94,0.040299037209479138,0.0389,,1,0,0
ReflectionRefresh,95,0.035501700040185824,0.0351,,1,0,0
ReflectionRefresh,96,0.035997731174575165,0.0356,,1,0,0
ReflectionRefresh,97,0.03540249599609524,0.035,,1,0,0
ReflectionRefresh,98,0.035196993849240243,0.0347,,1,0,0
ReflectionRefresh,99,0.034998582123080269,0.0346,,1,0,0
ReflectionRefresh,100,0.03509778980514966,0.0348,,1,0,0
ReflectionRefresh,101,0.035204080631956458,0.0349,,1,0,0
ReflectionRefresh,102,0.0357001117663458,0.0354,,1,0,0
ReflectionRefresh,103,0.035296201531309634,0.035,,1,0,0
ReflectionRefresh,104,0.035303288314025849,0.0349,,1,0,0
ReflectionRefresh,105,0.035196993849240243,0.0347,,1,0,0
ReflectionRefresh,106,0.035005668905796483,0.0346,,1,0,0
ReflectionRefresh,107,0.034998582123080269,0.0345,,1,0,0
ReflectionRefresh,108,0.034601758670760319,0.0343,,1,0,0
ReflectionRefresh,109,0.052699830121127889,0.0532,,1,0,0
ReflectionRefresh,110,0.076594384154304862,0.0752,,1,0,0
ReflectionRefresh,111,0.042800453229574487,0.0421,,1,0,0
ReflectionRefresh,112,0.036401645047590137,0.0358,,1,0,0
ReflectionRefresh,113,0.035303288314025849,0.0351,,1,0,0
ReflectionRefresh,114,0.034998582123080269,0.0345,,1,0,0
ReflectionRefresh,115,0.034800170396920294,0.0344,,1,0,0
ReflectionRefresh,116,0.034601758670760319,0.0342,,1,0,0
ReflectionRefresh,117,0.029896542400820181,0.0294,,1,0,0
ReflectionRefresh,118,0.032100339012686163,0.0318,,1,0,0
ReflectionRefresh,119,0.034800170396920294,0.0344,,1,0,0
ReflectionRefresh,120,0.035196993849240243,0.0349,,1,0,0
ReflectionRefresh,121,0.03540249599609524,0.0349,,1,0,0
ReflectionRefresh,122,0.035196993849240243,0.0347,,1,0,0
ReflectionRefresh,123,0.0347009627148509,0.0343,,1,0,0
ReflectionRefresh,124,0.0347009627148509,0.0344,,1,0,0
ReflectionRefresh,125,0.03540249599609524,0.035,,1,0,0
ReflectionRefresh,126,0.03509778980514966,0.0347,,1,0,0
ReflectionRefresh,127,0.0347009627148509,0.0343,,1,0,0
ReflectionRefresh,128,0.034800170396920294,0.0344,,1,0,0
ReflectionRefresh,129,0.034800170396920294,0.0345,,1,0,0
ReflectionRefresh,130,0.034800170396920294,0.0344,,1,0,0
ReflectionRefresh,131,0.034899378078989685,0.0346,,1,0,0
ReflectionRefresh,132,0.035303288314025849,0.0348,,1,0,0
ReflectionRefresh,133,0.035494613257469609,0.0351,,1,0,0
ReflectionRefresh,134,0.035104876587865874,0.0347,,1,0,0
ReflectionRefresh,135,0.03509778980514966,0.0348,,1,0,0
ReflectionRefresh,136,0.035196993849240243,0.0347,,1,0,0
ReflectionRefresh,137,0.035104876587865874,0.0347,,1,0,0
ReflectionRefresh,138,0.034899378078989685,0.0345,,1,0,0
ReflectionRefresh,139,0.035296201531309634,0.0348,,1,0,0
ReflectionRefresh,140,0.035104876587865874,0.0347,,1,0,0
ReflectionRefresh,141,0.034899378078989685,0.0345,,1,0,0
ReflectionRefresh,142,0.034396260161884129,0.0341,,1,0,0
ReflectionRefresh,143,0.0347009627148509,0.0342,,1,0,0
ReflectionRefresh,144,0.034800170396920294,0.0345,,1,0,0
ReflectionRefresh,145,0.034998582123080269,0.0346,,1,0,0
ReflectionRefresh,146,0.034899378078989685,0.0346,,1,0,0
ReflectionRefresh,147,0.035005668905796483,0.0346,,1,0,0
ReflectionRefresh,148,0.035196993849240243,0.0347,,1,0,0
ReflectionRefresh,149,0.03509778980514966,0.0346,,1,0,0
ReflectionRefresh,150,0.034899378078989685,0.0346,,1,0,0
ReflectionRefresh,151,0.034403343306621537,0.0342,,1,0,0
ReflectionRefresh,152,0.035196993849240243,0.0346,,1,0,0
ReflectionRefresh,153,0.0347009627148509,0.0344,,1,0,0
ReflectionRefresh,154,0.034998582123080269,0.0346,,1,0,0
ReflectionRefresh,155,0.034899378078989685,0.0345,,1,0,0
ReflectionRefresh,156,0.035005668905796483,0.0346,,1,0,0
ReflectionRefresh,157,0.034998582123080269,0.0347,,1,0,0
ReflectionRefresh,158,0.049801587010733783,0.0495,,1,0,0
ReflectionRefresh,159,0.036196146538713947,0.0357,,1,0,0
ReflectionRefresh,160,0.054804422688903287,0.0553,,1,0,0
ReflectionRefresh,161,0.11549745249794796,0.1143,,1,0,0
ReflectionRefresh,162,0.0516014733875636,0.0506,,1,0,0
ReflectionRefresh,163,0.038095236959634349,0.0376,,1,0,0
ReflectionRefresh,164,0.036203229683451355,0.0356,,1,0,0
ReflectionRefresh,165,0.035196993849240243,0.0348,,1,0,0
ReflectionRefresh,166,0.035005668905796483,0.0345,,1,0,0
ReflectionRefresh,167,0.034998582123080269,0.0345,,1,0,0
ReflectionRefresh,168,0.034800170396920294,0.0344,,1,0,0
ReflectionRefresh,169,0.03509778980514966,0.0346,,1,0,0
ReflectionRefresh,170,0.035501700040185824,0.0351,,1,0,0
ReflectionRefresh,171,0.03509778980514966,0.0347,,1,0,0
ReflectionRefresh,172,0.038803853385616094,0.0383,,1,0,0
ReflectionRefresh,173,0.043098072637803853,0.0429,,1,0,0
ReflectionRefresh,174,0.0357001117663458,0.0353,,1,0,0
ReflectionRefresh,175,0.0347009627148509,0.0343,,1,0,0
ReflectionRefresh,176,0.034594671888044104,0.0341,,1,0,0
ReflectionRefresh,177,0.0347009627148509,0.0343,,1,0,0
ReflectionRefresh,178,0.14040533278603107,0.141,,1,0,0
ReflectionRefresh,179,0.12259779032319784,0.1225,,1,0,0
ReflectionRefresh,180,0.16279761621262878,0.1613,,1,0,0
ReflectionRefresh,181,0.12090419477317482,0.1196,,1,0,0
ReflectionRefresh,182,0.061996885051485151,0.0619,,1,0,0
ReflectionRefresh,183,0.093898808700032532,0.0921,,1,0,0
ReflectionRefresh,184,0.063704646890982985,0.0633,,1,0,0
ReflectionRefresh,185,0.042297335312468931,0.0416,,1,0,0
ReflectionRefresh,186,0.050297618145123124,0.0508,,1,0,0
ReflectionRefresh,187,0.10369897790951654,0.102,,1,0,0
ReflectionRefresh,188,0.06590136035811156,0.0656,,1,0,0
ReflectionRefresh,189,0.099100056104362011,0.099,,1,0,0
ReflectionRefresh,190,0.093998016382101923,0.093,,1,0,0
ReflectionRefresh,191,0.090802153863478452,0.0914,,1,0,0
ReflectionRefresh,192,0.16130243602674454,0.1592,,1,0,0
ReflectionRefresh,193,0.065398242441006,0.0663,,1,0,0
ReflectionRefresh,194,0.11449829617049545,0.1124,,1,0,0
ReflectionRefresh,195,0.051502269343473017,0.0506,,1,0,0
ReflectionRefresh,196,0.037400794099085033,0.0368,,1,0,0
ReflectionRefresh,197,0.037599205825245008,0.0375,,1,0,0
ReflectionRefresh,198,0.036203229683451355,0.0352,,1,0,0
ReflectionRefresh,199,0.035395409213379025,0.035,,1,0,0
ReflectionRefresh,200,0.035204080631956458,0.0348,,1,0,0
ReflectionRefresh,201,0.03509778980514966,0.0347,,1,0,0
ReflectionRefresh,202,0.0347009627148509,0.0343,,1,0,0
ReflectionRefresh,203,0.034899378078989685,0.0345,,1,0,0
ReflectionRefresh,204,0.03509778980514966,0.0347,,1,0,0
ReflectionRefresh,205,0.034502550988690928,0.0341,,1,0,0
ReflectionRefresh,206,0.034601758670760319,0.0343,,1,0,0
ReflectionRefresh,207,0.034594671888044104,0.0343,,1,0,0
ReflectionRefresh,208,0.035303288314025849,0.0349,,1,0,0
ReflectionRefresh,209,0.034601758670760319,0.0343,,1,0,0
ReflectionRefresh,210,0.034693875932134688,0.0343,,1,0,0
ReflectionRefresh,211,0.034601758670760319,0.0343,,1,0,0
ReflectionRefresh,212,0.035104876587865874,0.0347,,1,0,0
ReflectionRefresh,213,0.034594671888044104,0.0342,,1,0,0
ReflectionRefresh,214,0.034204931580461562,0.0339,,1,0,0
ReflectionRefresh,215,0.034693875932134688,0.0343,,1,0,0
ReflectionRefresh,216,0.034304139262530953,0.0339,,1,0,0
ReflectionRefresh,217,0.034601758670760319,0.0342,,1,0,0
ReflectionRefresh,218,0.045393990149023011,0.045,,1,0,0
ReflectionRefresh,219,0.03650084909168072,0.0361,,1,0,0
ReflectionRefresh,220,0.035005668905796483,0.0345,,1,0,0
ReflectionRefresh,221,0.034594671888044104,0.0342,,1,0,0
ReflectionRefresh,222,0.034304139262530953,0.0339,,1,0,0
ReflectionRefresh,223,0.034396260161884129,0.034,,1,0,0
ReflectionRefresh,224,0.034601758670760319,0.0342,,1,0,0
ReflectionRefresh,225,0.034297052479814738,0.0339,,1,0,0
ReflectionRefresh,226,0.03910147279384546,0.0386,,1,0,0
ReflectionRefresh,227,0.034403343306621537,0.034,,1,0,0
ReflectionRefresh,228,0.034297052479814738,0.0338,,1,0,0
ReflectionRefresh,229,0.033999433071585372,0.0337,,1,0,0
ReflectionRefresh,230,0.054705215006833896,0.0553,,1,0,0
ReflectionRefresh,231,0.10479733464308083,0.1036,,1,0,0
ReflectionRefresh,232,0.061600054323207587,0.0605,,1,0,0
ReflectionRefresh,233,0.073596936999820173,0.0743,,1,0,0
ReflectionRefresh,234,0.1557043578941375,0.1533,,1,0,0
ReflectionRefresh,235,0.06939483864698559,0.0692,,1,0,0
ReflectionRefresh,236,0.095103459898382425,0.0936,,1,0,0
ReflectionRefresh,237,0.06590136035811156,0.0658,,1,0,0
ReflectionRefresh,238,0.098795353551395237,0.0976,,1,0,0
ReflectionRefresh,239,0.0665036859572865,0.0657,,1,0,0
ReflectionRefresh,240,0.050297618145123124,0.0494,,1,0,0
ReflectionRefresh,241,0.035898527130484581,0.0355,,1,0,0
ReflectionRefresh,242,0.035005668905796483,0.0346,,1,0,0
ReflectionRefresh,243,0.034396260161884129,0.0339,,1,0,0
ReflectionRefresh,244,0.034899378078989685,0.0346,,1,0,0
ReflectionRefresh,245,0.071301023126579821,0.071,,1,0,0
ReflectionRefresh,246,0.039299888157984242,0.0387,,1,0,0
ReflectionRefresh,247,0.034800170396920294,0.0344,,1,0,0
ReflectionRefresh,248,0.0347009627148509,0.0342,,1,0,0
ReflectionRefresh,249,0.034502550988690928,0.0341,,1,0,0
ReflectionRefresh,250,0.075793650466948748,0.0755,,1,0,0
ReflectionRefresh,251,0.044104308472014964,0.0435,,1,0,0
ReflectionRefresh,252,0.037500001781154424,0.037,,1,0,0
ReflectionRefresh,253,0.085600906459148973,0.0864,,1,0,0
ReflectionRefresh,254,0.13460175250656903,0.1332,,1,0,0
ReflectionRefresh,255,0.089498302259016782,0.0886,,1,0,0
ReflectionRefresh,256,0.10369897790951654,0.1028,,1,0,0
ReflectionRefresh,257,0.068197281507309526,0.0671,,1,0,0
ReflectionRefresh,258,0.036600056773750111,0.036,,1,0,0
ReflectionRefresh,259,0.035204080631956458,0.0348,,1,0,0
ReflectionRefresh,260,0.035196993849240243,0.0348,,1,0,0
ReflectionRefresh,261,0.034601758670760319,0.0342,,1,0,0
ReflectionRefresh,262,0.034502550988690928,0.0341,,1,0,0
ReflectionRefresh,263,0.034495464205974713,0.034,,1,0,0
ReflectionRefresh,264,0.034403343306621537,0.034,,1,0,0
ReflectionRefresh,265,0.034297052479814738,0.0339,,1,0,0
ReflectionRefresh,266,0.034197844797745347,0.0338,,1,0,0
ReflectionRefresh,267,0.034403343306621537,0.034,,1,0,0
ReflectionRefresh,268,0.034297052479814738,0.034,,1,0,0
ReflectionRefresh,269,0.034601758670760319,0.0342,,1,0,0
ReflectionRefresh,270,0.034601758670760319,0.0343,,1,0,0
ReflectionRefresh,271,0.033999433071585372,0.0336,,1,0,0
ReflectionRefresh,272,0.034098640753654763,0.0338,,1,0,0
ReflectionRefresh,273,0.034197844797745347,0.0338,,1,0,0
ReflectionRefresh,274,0.034502550988690928,0.0341,,1,0,0
ReflectionRefresh,275,0.034098640753654763,0.0337,,1,0,0
ReflectionRefresh,276,0.042800453229574487,0.0424,,1,0,0
ReflectionRefresh,277,0.078904478868935257,0.0787,,1,0,0
ReflectionRefresh,278,0.044494048779597506,0.0436,,1,0,0
ReflectionRefresh,279,0.036302437365520746,0.0358,,1,0,0
ReflectionRefresh,280,0.034800170396920294,0.0344,,1,0,0
ReflectionRefresh,281,0.033999433071585372,0.0336,,1,0,0
ReflectionRefresh,282,0.034502550988690928,0.0342,,1,0,0
ReflectionRefresh,283,0.034098640753654763,0.0337,,1,0,0
ReflectionRefresh,284,0.0338010213454254,0.0333,,1,0,0
ReflectionRefresh,285,0.038399943150579929,0.038,,1,0,0
ReflectionRefresh,286,0.033701813663356006,0.0333,,1,0,0
ReflectionRefresh,287,0.034098640753654763,0.0337,,1,0,0
ReflectionRefresh,288,0.034197844797745347,0.0339,,1,0,0
ReflectionRefresh,289,0.034197844797745347,0.0338,,1,0,0
ReflectionRefresh,290,0.034204931580461562,0.0338,,1,0,0
ReflectionRefresh,291,0.034495464205974713,0.0341,,1,0,0
ReflectionRefresh,292,0.18860543787013739,0.1895,,1,0,0
ReflectionRefresh,293,0.11469671153463423,0.1139,,1,0,0
ReflectionRefresh,294,0.061302438552957028,0.0597,,1,0,0
ReflectionRefresh,295,0.038796770240878686,0.0382,,1,0,0
ReflectionRefresh,296,0.0357001117663458,0.0351,,1,0,0
ReflectionRefresh,297,0.03509778980514966,0.0348,,1,0,0
ReflectionRefresh,298,0.034601758670760319,0.0341,,1,0,0
ReflectionRefresh,299,0.034601758670760319,0.0342,,1,0,0
ReflectionRefresh,300,0.034601758670760319,0.0341,,1,0,0
ReflectionRefresh,301,0.034800170396920294,0.0344,,1,0,0
ReflectionRefresh,302,0.034899378078989685,0.0344,,1,0,0
ReflectionRefresh,303,0.034297052479814738,0.0339,,1,0,0
ReflectionRefresh,304,0.06359835242619738,0.0649,,1,0,0
ReflectionRefresh,305,0.11240079038543627,0.1103,,1,0,0
ReflectionRefresh,306,0.057801869843387976,0.0568,,1,0,0
ReflectionRefresh,307,0.042701245547505096,0.0424,,1,0,0
ReflectionRefresh,308,0.042701245547505096,0.0421,,1,0,0
ReflectionRefresh,309,0.0357001117663458,0.0351,,1,0,0
ReflectionRefresh,310,0.034899378078989685,0.0344,,1,0,0
ReflectionRefresh,311,0.034495464205974713,0.0342,,1,0,0
ReflectionRefresh,312,0.043105159420520067,0.0428,,1,0,0
ReflectionRefresh,313,0.036897676181979477,0.0364,,1,0,0
ReflectionRefresh,314,0.035196993849240243,0.0348,,1,0,0
ReflectionRefresh,315,0.034601758670760319,0.0341,,1,0,0
ReflectionRefresh,316,0.034601758670760319,0.0341,,1,0,0
ReflectionRefresh,317,0.034396260161884129,0.0341,,1,0,0
ReflectionRefresh,318,0.034403343306621537,0.0342,,1,0,0
ReflectionRefresh,319,0.034297052479814738,0.0339,,1,0,0
ReflectionRefresh,320,0.042205214413115755,0.042,,1,0,0
ReflectionRefresh,321,0.047094672481762245,0.0471,,1,0,0
ReflectionRefresh,322,0.0716057256795466,0.0704,,1,0,0
ReflectionRefresh,323,0.040695860661799088,0.0401,,1,0,0
ReflectionRefresh,324,0.03650084909168072,0.036,,1,0,0
ReflectionRefresh,325,0.035898527130484581,0.0355,,1,0,0
ReflectionRefresh,326,0.035104876587865874,0.0347,,1,0,0
ReflectionRefresh,327,0.034800170396920294,0.0342,,1,0,0
ReflectionRefresh,328,0.034297052479814738,0.0338,,1,0,0
ReflectionRefresh,329,0.03849915083264932,0.038,,1,0,0
ReflectionRefresh,330,0.034098640753654763,0.0337,,1,0,0
ReflectionRefresh,331,0.033900225389515981,0.0335,,1,0,0
ReflectionRefresh,332,0.034204931580461562,0.0338,,1,0,0
ReflectionRefresh,333,0.041397393943043426,0.0414,,1,0,0
ReflectionRefresh,334,0.0586026071687229,0.0578,,1,0,0
ReflectionRefresh,335,0.038293652323773131,0.0378,,1,0,0
ReflectionRefresh,336,0.035204080631956458,0.0346,,1,0,0
ReflectionRefresh,337,0.034396260161884129,0.0339,,1,0,0
ReflectionRefresh,338,0.034105723898392171,0.0337,,1,0,0
ReflectionRefresh,339,0.033999433071585372,0.0336,,1,0,0
ReflectionRefresh,340,0.033999433071585372,0.0337,,1,0,0
ReflectionRefresh,341,0.034396260161884129,0.0341,,1,0,0
ReflectionRefresh,342,0.034800170396920294,0.0344,,1,0,0
ReflectionRefresh,343,0.0347009627148509,0.0343,,1,0,0
ReflectionRefresh,344,0.034304139262530953,0.0339,,1,0,0
ReflectionRefresh,345,0.034297052479814738,0.0339,,1,0,0
ReflectionRefresh,346,0.034502550988690928,0.0341,,1,0,0
ReflectionRefresh,347,0.034098640753654763,0.0337,,1,0,0
ReflectionRefresh,348,0.034495464205974713,0.0342,,1,0,0
ReflectionRefresh,349,0.034403343306621537,0.034,,1,0,0
ReflectionRefresh,350,0.034396260161884129,0.034,,1,0,0
ReflectionRefresh,351,0.034006519854301587,0.0336,,1,0,0
ReflectionRefresh,352,0.083595521573442966,0.0841,,1,0,0
ReflectionRefresh,353,0.11279762111371383,0.1117,,1,0,0
ReflectionRefresh,354,0.063903062255121768,0.0629,,1,0,0
ReflectionRefresh,355,0.039299888157984242,0.0387,,1,0,0
ReflectionRefresh,356,0.03650084909168072,0.036,,1,0,0
ReflectionRefresh,357,0.048901645641308278,0.0485,,1,0,0
ReflectionRefresh,358,0.050701532018138096,0.0511,,1,0,0
ReflectionRefresh,359,0.11479591921670362,0.1135,,1,0,0
ReflectionRefresh,360,0.078698976722080261,0.0779,,1,0,0
ReflectionRefresh,361,0.060204081819392741,0.0592,,1,0,0
ReflectionRefresh,362,0.057794783060671762,0.0577,,1,0,0
ReflectionRefresh,363,0.078302153269760311,0.0772,,1,0,0
ReflectionRefresh,364,0.051998300477862358,0.0512,,1,0,0
ReflectionRefresh,365,0.039299888157984242,0.0388,,1,0,0
ReflectionRefresh,366,0.048703230277169496,0.0483,,1,0,0
ReflectionRefresh,367,0.0545989241800271,0.054,,1,0,0
ReflectionRefresh,368,0.05350056744646281,0.0528,,1,0,0
ReflectionRefresh,369,0.068998015194665641,0.07,,1,0,0
ReflectionRefresh,370,0.1278982381336391,0.1261,,1,0,0
ReflectionRefresh,371,0.055201246141223237,0.054,,1,0,0
ReflectionRefresh,372,0.038300735468510538,0.0377,,1,0,0
ReflectionRefresh,373,0.034899378078989685,0.0345,,1,0,0
ReflectionRefresh,374,0.034204931580461562,0.0337,,1,0,0
ReflectionRefresh,375,0.034297052479814738,0.0339,,1,0,0
ReflectionRefresh,376,0.033999433071585372,0.0336,,1,0,0
ReflectionRefresh,377,0.034098640753654763,0.0338,,1,0,0
ReflectionRefresh,378,0.033999433071585372,0.0336,,1,0,0
ReflectionRefresh,379,0.033999433071585372,0.0337,,1,0,0
ReflectionRefresh,380,0.0338010213454254,0.0335,,1,0,0
ReflectionRefresh,381,0.033701813663356006,0.0333,,1,0,0
ReflectionRefresh,382,0.034297052479814738,0.0339,,1,0,0
ReflectionRefresh,383,0.033900225389515981,0.0335,,1,0,0
ReflectionRefresh,384,0.033900225389515981,0.0335,,1,0,0
ReflectionRefresh,385,0.034105723898392171,0.0338,,1,0,0
ReflectionRefresh,386,0.034396260161884129,0.034,,1,0,0
ReflectionRefresh,387,0.0338010213454254,0.0334,,1,0,0
ReflectionRefresh,388,0.034197844797745347,0.0338,,1,0,0
ReflectionRefresh,389,0.033999433071585372,0.0336,,1,0,0
ReflectionRefresh,390,0.034204931580461562,0.0338,,1,0,0
ReflectionRefresh,391,0.034098640753654763,0.0338,,1,0,0
ReflectionRefresh,392,0.05989937562844716,0.0598,,1,0,0
ReflectionRefresh,393,0.087698412244208157,0.089,,1,0,0
ReflectionRefresh,394,0.1993976766243577,0.1979,,1,0,0
ReflectionRefresh,395,0.10540674702497199,0.1033,,1,0,0
ReflectionRefresh,396,0.056398810556856915,0.0552,,1,0,0
ReflectionRefresh,397,0.0672973328619264,0.0678,,1,0,0
ReflectionRefresh,398,0.1278982381336391,0.1274,,1,0,0
ReflectionRefresh,399,0.164703800692223,0.163,,1,0,0
ReflectionRefresh,400,0.09370039333589375,0.0929,,1,0,0
ReflectionRefresh,401,0.0982993224170059,0.097,,1,0,0
ReflectionRefresh,402,0.065001418988686055,0.0652,,1,0,0
ReflectionRefresh,403,0.13289399794302881,0.1315,,1,0,0
ReflectionRefresh,404,0.057206631026929244,0.0561,,1,0,0
ReflectionRefresh,405,0.049794500228017569,0.0503,,1,0,0
ReflectionRefresh,406,0.083503400674089789,0.0822,,1,0,0
ReflectionRefresh,407,0.064902211306616664,0.0653,,1,0,0
ReflectionRefresh,408,0.18169642135035247,0.1803,,1,0,0
ReflectionRefresh,409,0.14090136392042041,0.1397,,1,0,0
ReflectionRefresh,410,0.10890022531384602,0.108,,1,0,0
ReflectionRefresh,411,0.12429847265593708,0.1236,,1,0,0
ReflectionRefresh,412,0.20279904128983617,0.2021,,1,0,0
ReflectionRefresh,413,0.1330002851318568,0.1327,,1,0,0
ReflectionRefresh,414,0.15729875303804874,0.156,,1,0,0
ReflectionRefresh,415,0.12660147331189364,0.1251,,1,0,0
ReflectionRefresh,416,0.068303568696137518,0.0678,,1,0,0
ReflectionRefresh,417,0.092495749413501471,0.0909,,1,0,0
ReflectionRefresh,418,0.044203516154084355,0.0435,,1,0,0
ReflectionRefresh,419,0.06229450082173571,0.0628,,1,0,0
ReflectionRefresh,420,0.15860260464251041,0.1563,,1,0,0
ReflectionRefresh,421,0.1122023822972551,0.111,,1,0,0
ReflectionRefresh,422,0.070599489845335484,0.0704,,1,0,0
ReflectionRefresh,423,0.0794005100033246,0.0783,,1,0,0
ReflectionRefresh,424,0.045698696339968592,0.0451,,1,0,0
ReflectionRefresh,425,0.036401645047590137,0.0359,,1,0,0
ReflectionRefresh,426,0.051296767196618021,0.0516,,1,0,0
ReflectionRefresh,427,0.10179988748859614,0.1006,,1,0,0
ReflectionRefresh,428,0.041999715904239565,0.0412,,1,0,0
ReflectionRefresh,429,0.059800171584356576,0.0607,,1,0,0
ReflectionRefresh,430,0.12850057100877166,0.1266,,1,0,0
ReflectionRefresh,431,0.058801018894882873,0.0577,,1,0,0
ReflectionRefresh,432,0.043197280319873244,0.0421,,1,0,0
ReflectionRefresh,433,0.039299888157984242,0.0385,,1,0,0
ReflectionRefresh,434,0.03910147279384546,0.0384,,1,0,0
ReflectionRefresh,435,0.037599205825245008,0.0367,,1,0,0
ReflectionRefresh,436,0.039002268749754876,0.0382,,1,0,0
ReflectionRefresh,437,0.037896825233474374,0.037,,1,0,0
ReflectionRefresh,438,0.054003685363568366,0.0539,,1,0,0
ReflectionRefresh,439,0.10649801697582006,0.1052,,1,0,0
ReflectionRefresh,440,0.048398527724202722,0.0477,,1,0,0
ReflectionRefresh,441,0.078103737905621529,0.0784,,1,0,0
ReflectionRefresh,442,0.0991992637864314,0.0976,,1,0,0
ReflectionRefresh,443,0.049199261411558837,0.0484,,1,0,0
ReflectionRefresh,444,0.037599205825245008,0.037,,1,0,0
ReflectionRefresh,445,0.038300735468510538,0.0381,,1,0,0
ReflectionRefresh,446,0.053698979172622785,0.0531,,1,0,0
ReflectionRefresh,447,0.051502269343473017,0.0511,,1,0,0
ReflectionRefresh,448,0.070096371928229928,0.0704,,1,0,0
ReflectionRefresh,449,0.11180555884493515,0.1105,,1,0,0
ReflectionRefresh,450,0.054896543588256463,0.054,,1,0,0
ReflectionRefresh,451,0.03910147279384546,0.0386,,1,0,0
ReflectionRefresh,452,0.035600907722255215,0.0351,,1,0,0
ReflectionRefresh,453,0.034800170396920294,0.0344,,1,0,0
ReflectionRefresh,454,0.034601758670760319,0.0342,,1,0,0
ReflectionRefresh,455,0.038995181967038661,0.0385,,1,0,0
ReflectionRefresh,456,0.0347009627148509,0.0343,,1,0,0
ReflectionRefresh,457,0.034502550988690928,0.0341,,1,0,0
ReflectionRefresh,458,0.034899378078989685,0.0345,,1,0,0
ReflectionRefresh,459,0.03509778980514966,0.0347,,1,0,0
ReflectionRefresh,460,0.034601758670760319,0.0342,,1,0,0
ReflectionRefresh,461,0.034297052479814738,0.0339,,1,0,0
ReflectionRefresh,462,0.034601758670760319,0.0342,,1,0,0
ReflectionRefresh,463,0.0347009627148509,0.0343,,1,0,0
ReflectionRefresh,464,0.034601758670760319,0.0342,,1,0,0
ReflectionRefresh,465,0.034297052479814738,0.0339,,1,0,0
ReflectionRefresh,466,0.034197844797745347,0.0337,,1,0,0
ReflectionRefresh,467,0.034403343306621537,0.034,,1,0,0
ReflectionRefresh,468,0.034297052479814738,0.034,,1,0,0
ReflectionRefresh,469,0.0347009627148509,0.0343,,1,0,0
ReflectionRefresh,470,0.046804139856249094,0.0464,,1,0,0
ReflectionRefresh,471,0.035997731174575165,0.0356,,1,0,0
ReflectionRefresh,472,0.035501700040185824,0.035,,1,0,0
ReflectionRefresh,473,0.036600056773750111,0.0361,,1,0,0
ReflectionRefresh,474,0.032596370147075504,0.0322,,1,0,0
ReflectionRefresh,475,0.035303288314025849,0.0349,,1,0,0
ReflectionRefresh,476,0.034197844797745347,0.0338,,1,0,0
ReflectionRefresh,477,0.034297052479814738,0.0339,,1,0,0
ReflectionRefresh,478,0.034800170396920294,0.0342,,1,0,0
ReflectionRefresh,479,0.034403343306621537,0.034,,1,0,0
ReflectionRefresh,480,0.034998582123080269,0.0346,,1,0,0
ReflectionRefresh,481,0.034502550988690928,0.0341,,1,0,0
ReflectionRefresh,482,0.034800170396920294,0.0343,,1,0,0
ReflectionRefresh,483,0.034998582123080269,0.0347,,1,0,0
ReflectionRefresh,484,0.034800170396920294,0.0344,,1,0,0
ReflectionRefresh,485,0.034502550988690928,0.0341,,1,0,0
ReflectionRefresh,486,0.034594671888044104,0.0341,,1,0,0
ReflectionRefresh,487,0.034403343306621537,0.0341,,1,0,0
ReflectionRefresh,488,0.034601758670760319,0.0342,,1,0,0
ReflectionRefresh,489,0.034594671888044104,0.0342,,1,0,0
ReflectionRefresh,490,0.034502550988690928,0.0341,,1,0,0
ReflectionRefresh,491,0.034297052479814738,0.0339,,1,0,0
ReflectionRefresh,492,0.034204931580461562,0.0339,,1,0,0
ReflectionRefresh,493,0.034297052479814738,0.0348,,1,0,0
ReflectionRefresh,494,0.035600907722255215,0.0343,,1,0,0
ReflectionRefresh,495,0.0347009627148509,0.0343,,1,0,0
ReflectionRefresh,496,0.034396260161884129,0.034,,1,0,0
ReflectionRefresh,497,0.033900225389515981,0.0334,,1,0,0
ReflectionRefresh,498,0.041503684769850224,0.0415,,1,0,0
ReflectionRefresh,499,0.062896826420910656,0.0638,,1,0,0
ReflectionRefresh,500,0.15980016905814409,0.1585,,1,0,0
ReflectionRefresh,501,0.14420351362787187,0.1426,,1,0,0
ReflectionRefresh,502,0.078599776315968484,0.0777,,1,0,0
ReflectionRefresh,503,0.06189767736941576,0.0611,,1,0,0
ReflectionRefresh,504,0.03540249599609524,0.035,,1,0,0
ReflectionRefresh,505,0.058198696933686733,0.0596,,1,0,0
ReflectionRefresh,506,0.16760204744059592,0.1662,,1,0,0
ReflectionRefresh,507,0.20179989223834127,0.1995,,1,0,0
ReflectionRefresh,508,0.037500001781154424,0.037,,1,0,0
ReflectionRefresh,509,0.12919501750729978,0.1297,,1,0,0
ReflectionRefresh,510,0.1557043578941375,0.1557,,1,0,0
ReflectionRefresh,511,0.17069869500119239,0.1697,,1,0,0
ReflectionRefresh,512,0.11919642565771937,0.1171,,1,0,0
ReflectionRefresh,513,0.060501701227622107,0.0596,,1,0,0
ReflectionRefresh,514,0.040299037209479138,0.0397,,1,0,0
ReflectionRefresh,515,0.036401645047590137,0.0359,,1,0,0
ReflectionRefresh,516,0.047002551582409069,0.0474,,1,0,0
ReflectionRefresh,517,0.10739795834524557,0.1063,,1,0,0
ReflectionRefresh,518,0.051197563152527437,0.0504,,1,0,0
ReflectionRefresh,519,0.038201531424419954,0.0376,,1,0,0
ReflectionRefresh,520,0.0357001117663458,0.0355,,1,0,0
ReflectionRefresh,521,0.035204080631956458,0.0348,,1,0,0
ReflectionRefresh,522,0.03509778980514966,0.0347,,1,0,0
ReflectionRefresh,523,0.034800170396920294,0.0345,,1,0,0
ReflectionRefresh,524,0.034998582123080269,0.0345,,1,0,0
ReflectionRefresh,525,0.033999433071585372,0.0337,,1,0,0
ReflectionRefresh,526,0.034601758670760319,0.0342,,1,0,0
ReflectionRefresh,527,0.034297052479814738,0.0339,,1,0,0
ReflectionRefresh,528,0.034502550988690928,0.0341,,1,0,0
ReflectionRefresh,529,0.034998582123080269,0.0345,,1,0,0
ReflectionRefresh,530,0.034601758670760319,0.0342,,1,0,0
ReflectionRefresh,531,0.034800170396920294,0.0342,,1,0,0
ReflectionRefresh,532,0.034800170396920294,0.0345,,1,0,0
ReflectionRefresh,533,0.034297052479814738,0.0339,,1,0,0
ReflectionRefresh,534,0.0347009627148509,0.0343,,1,0,0
ReflectionRefresh,535,0.13250425399746746,0.1324,,1,0,0
ReflectionRefresh,536,0.038598354876739904,0.0381,,1,0,0
ReflectionRefresh,537,0.03509778980514966,0.0346,,1,0,0
ReflectionRefresh,538,0.034502550988690928,0.0341,,1,0,0
ReflectionRefresh,539,0.034594671888044104,0.0342,,1,0,0
ReflectionRefresh,540,0.034502550988690928,0.0341,,1,0,0
ReflectionRefresh,541,0.034197844797745347,0.0338,,1,0,0
ReflectionRefresh,542,0.034502550988690928,0.0341,,1,0,0
ReflectionRefresh,543,0.034098640753654763,0.0337,,1,0,0
ReflectionRefresh,544,0.034502550988690928,0.0341,,1,0,0
ReflectionRefresh,545,0.034601758670760319,0.0342,,1,0,0
ReflectionRefresh,546,0.034396260161884129,0.034,,1,0,0
ReflectionRefresh,547,0.056398810556856915,0.056,,1,0,0
ReflectionRefresh,548,0.033000284020090476,0.0327,,1,0,0
ReflectionRefresh,549,0.035303288314025849,0.0349,,1,0,0
ReflectionRefresh,550,0.034197844797745347,0.0339,,1,0,0
ReflectionRefresh,551,0.034197844797745347,0.0338,,1,0,0
ReflectionRefresh,552,0.034403343306621537,0.034,,1,0,0
ReflectionRefresh,553,0.034297052479814738,0.034,,1,0,0
ReflectionRefresh,554,0.034403343306621537,0.034,,1,0,0
ReflectionRefresh,555,0.049100057367468253,0.0488,,1,0,0
ReflectionRefresh,556,0.03579931944841519,0.0354,,1,0,0
ReflectionRefresh,557,0.0347009627148509,0.0343,,1,0,0
ReflectionRefresh,558,0.034601758670760319,0.0342,,1,0,0
ReflectionRefresh,559,0.034594671888044104,0.0342,,1,0,0
ReflectionRefresh,560,0.034502550988690928,0.0341,,1,0,0
ReflectionRefresh,561,0.052699830121127889,0.0534,,1,0,0
ReflectionRefresh,562,0.1377976150251925,0.1366,,1,0,0
ReflectionRefresh,563,0.067701250372920185,0.0669,,1,0,0
ReflectionRefresh,564,0.0417020964960102,0.0409,,1,0,0
ReflectionRefresh,565,0.036196146538713947,0.0358,,1,0,0
ReflectionRefresh,566,0.035600907722255215,0.0352,,1,0,0
ReflectionRefresh,567,0.046301021939143538,0.0468,,1,0,0
ReflectionRefresh,568,0.11519982945173979,0.1146,,1,0,0
ReflectionRefresh,569,0.11730442201951519,0.1158,,1,0,0
ReflectionRefresh,570,0.051998300477862358,0.0511,,1,0,0
ReflectionRefresh,571,0.037096087908139452,0.0366,,1,0,0
ReflectionRefresh,572,0.034800170396920294,0.0344,,1,0,0
ReflectionRefresh,573,0.034403343306621537,0.034,,1,0,0
ReflectionRefresh,574,0.034197844797745347,0.0339,,1,0,0
ReflectionRefresh,575,0.034403343306621537,0.034,,1,0,0
ReflectionRefresh,576,0.034396260161884129,0.0341,,1,0,0
ReflectionRefresh,577,0.034601758670760319,0.0342,,1,0,0
ReflectionRefresh,578,0.034197844797745347,0.0337,,1,0,0
ReflectionRefresh,579,0.034204931580461562,0.0338,,1,0,0
ReflectionRefresh,580,0.034495464205974713,0.0341,,1,0,0
ReflectionRefresh,581,0.034304139262530953,0.0338,,1,0,0
ReflectionRefresh,582,0.034396260161884129,0.0341,,1,0,0
ReflectionRefresh,583,0.034502550988690928,0.0341,,1,0,0
ReflectionRefresh,584,0.034396260161884129,0.034,,1,0,0
ReflectionRefresh,585,0.034403343306621537,0.034,,1,0,0
ReflectionRefresh,586,0.034396260161884129,0.034,,1,0,0
ReflectionRefresh,587,0.034601758670760319,0.0342,,1,0,0
ReflectionRefresh,588,0.034502550988690928,0.0341,,1,0,0
ReflectionRefresh,589,0.034197844797745347,0.0339,,1,0,0
ReflectionRefresh,590,0.034098640753654763,0.0337,,1,0,0
ReflectionRefresh,591,0.034098640753654763,0.0338,,1,0,0
ReflectionRefresh,592,0.034105723898392171,0.0337,,1,0,0
ReflectionRefresh,593,0.060700112953782082,0.0611,,1,0,0
ReflectionRefresh,594,0.060997732362011448,0.0602,,1,0,0
ReflectionRefresh,595,0.073802439146675169,0.0727,,1,0,0
ReflectionRefresh,596,0.042396542994538322,0.0416,,1,0,0
ReflectionRefresh,597,0.036600056773750111,0.0361,,1,0,0
ReflectionRefresh,598,0.035204080631956458,0.0346,,1,0,0
ReflectionRefresh,599,0.034297052479814738,0.0339,,1,0,0
ReflectionRefresh,600,0.03540249599609524,0.035,,1,0,0
ReflectionRefresh,601,0.034495464205974713,0.034,,1,0,0
ReflectionRefresh,602,0.034403343306621537,0.0339,,1,0,0
ReflectionRefresh,603,0.034601758670760319,0.0342,,1,0,0
ReflectionRefresh,604,0.041298186260974035,0.041,,1,0,0
ReflectionRefresh,605,0.035196993849240243,0.0345,,1,0,0
ReflectionRefresh,606,0.045004253479419276,0.0457,,1,0,0
ReflectionRefresh,607,0.099695294920820743,0.0982,,1,0,0
ReflectionRefresh,608,0.045401076931739226,0.0448,,1,0,0
ReflectionRefresh,609,0.035600907722255215,0.0351,,1,0,0
ReflectionRefresh,610,0.034502550988690928,0.0341,,1,0,0
ReflectionRefresh,611,0.034197844797745347,0.0337,,1,0,0
ReflectionRefresh,612,0.033701813663356006,0.0334,,1,0,0
ReflectionRefresh,613,0.033595522836549208,0.0332,,1,0,0
ReflectionRefresh,614,0.0338010213454254,0.0334,,1,0,0
ReflectionRefresh,615,0.033701813663356006,0.0332,,1,0,0
ReflectionRefresh,616,0.033900225389515981,0.0335,,1,0,0
ReflectionRefresh,617,0.034098640753654763,0.0337,,1,0,0
ReflectionRefresh,618,0.033701813663356006,0.0332,,1,0,0
ReflectionRefresh,619,0.033999433071585372,0.0335,,1,0,0
ReflectionRefresh,620,0.0338010213454254,0.0334,,1,0,0
ReflectionRefresh,621,0.033595522836549208,0.0332,,1,0,0
ReflectionRefresh,622,0.043005951738450676,0.0426,,1,0,0
ReflectionRefresh,623,0.035395409213379025,0.035,,1,0,0
ReflectionRefresh,624,0.033999433071585372,0.0335,,1,0,0
ReflectionRefresh,625,0.03309948806418106,0.0327,,1,0,0
ReflectionRefresh,626,0.033701813663356006,0.0333,,1,0,0
ReflectionRefresh,627,0.033602605981286615,0.0331,,1,0,0
ReflectionRefresh,628,0.033694726880639791,0.0333,,1,0,0
ReflectionRefresh,629,0.03340419425512664,0.0331,,1,0,0
ReflectionRefresh,630,0.0338010213454254,0.0334,,1,0,0
ReflectionRefresh,631,0.039696711610304192,0.0394,,1,0,0
ReflectionRefresh,632,0.0338010213454254,0.0335,,1,0,0
ReflectionRefresh,633,0.034098640753654763,0.0337,,1,0,0
ReflectionRefresh,634,0.050602324336068705,0.0504,,1,0,0
ReflectionRefresh,635,0.052501418394967914,0.052,,1,0,0
ReflectionRefresh,636,0.038300735468510538,0.0378,,1,0,0
ReflectionRefresh,637,0.034594671888044104,0.0341,,1,0,0
ReflectionRefresh,638,0.034304139262530953,0.0339,,1,0,0
ReflectionRefresh,639,0.034396260161884129,0.0342,,1,0,0
ReflectionRefresh,640,0.033999433071585372,0.0336,,1,0,0
ReflectionRefresh,641,0.15580357285216451,0.1558,,1,0,0
ReflectionRefresh,642,0.060196995036676526,0.0594,,1,0,0
ReflectionRefresh,643,0.038300735468510538,0.0377,,1,0,0
ReflectionRefresh,644,0.03509778980514966,0.0347,,1,0,0
ReflectionRefresh,645,0.034403343306621537,0.0341,,1,0,0
ReflectionRefresh,646,0.034502550988690928,0.0341,,1,0,0
ReflectionRefresh,647,0.034396260161884129,0.034,,1,0,0
ReflectionRefresh,648,0.034403343306621537,0.034,,1,0,0
ReflectionRefresh,649,0.034098640753654763,0.0337,,1,0,0
ReflectionRefresh,650,0.034396260161884129,0.034,,1,0,0
ReflectionRefresh,651,0.033900225389515981,0.0336,,1,0,0
ReflectionRefresh,652,0.029202097721281461,0.0286,,1,0,0
ReflectionRefresh,653,0.030498866181005724,0.0302,,1,0,0
ReflectionRefresh,654,0.034601758670760319,0.0341,,1,0,0
ReflectionRefresh,655,0.033999433071585372,0.0338,,1,0,0
ReflectionRefresh,656,0.034304139262530953,0.0338,,1,0,0
ReflectionRefresh,657,0.034297052479814738,0.0339,,1,0,0
ReflectionRefresh,658,0.034098640753654763,0.0337,,1,0,0
ReflectionRefresh,659,0.033999433071585372,0.0336,,1,0,0
ReflectionRefresh,660,0.0338010213454254,0.0334,,1,0,0
ReflectionRefresh,661,0.033999433071585372,0.0335,,1,0,0
ReflectionRefresh,662,0.033900225389515981,0.0335,,1,0,0
ReflectionRefresh,663,0.034601758670760319,0.0342,,1,0,0
ReflectionRefresh,664,0.034297052479814738,0.0339,,1,0,0
ReflectionRefresh,665,0.034098640753654763,0.0338,,1,0,0
ReflectionRefresh,666,0.033900225389515981,0.0335,,1,0,0
ReflectionRefresh,667,0.034006519854301587,0.0336,,1,0,0
ReflectionRefresh,668,0.060997732362011448,0.0624,,1,0,0
ReflectionRefresh,669,0.17529762408230454,0.1731,,1,0,0
ReflectionRefresh,670,0.11529903713380918,0.114,,1,0,0
ReflectionRefresh,671,0.074199262598995119,0.0731,,1,0,0
ReflectionRefresh,672,0.073703231464605778,0.0744,,1,0,0
ReflectionRefresh,673,0.12030186917399988,0.1179,,1,0,0
ReflectionRefresh,674,0.039299888157984242,0.0388,,1,0,0
ReflectionRefresh,675,0.03509778980514966,0.0346,,1,0,0
ReflectionRefresh,676,0.034403343306621537,0.0341,,1,0,0
ReflectionRefresh,677,0.033999433071585372,0.0336,,1,0,0
ReflectionRefresh,678,0.033694726880639791,0.0333,,1,0,0
ReflectionRefresh,679,0.033900225389515981,0.0335,,1,0,0
ReflectionRefresh,680,0.033999433071585372,0.0337,,1,0,0
ReflectionRefresh,681,0.034304139262530953,0.0339,,1,0,0
ReflectionRefresh,682,0.033999433071585372,0.0337,,1,0,0
ReflectionRefresh,683,0.034098640753654763,0.0337,,1,0,0
ReflectionRefresh,684,0.033900225389515981,0.0334,,1,0,0
ReflectionRefresh,685,0.0338010213454254,0.0336,,1,0,0
ReflectionRefresh,686,0.037096087908139452,0.0367,,1,0,0
ReflectionRefresh,687,0.061706348787993193,0.0633,,1,0,0
ReflectionRefresh,688,0.1973001635633409,0.1946,,1,0,0
ReflectionRefresh,689,0.092594957095570862,0.0932,,1,0,0
ReflectionRefresh,690,0.19540108041837811,0.1934,,1,0,0
ReflectionRefresh,691,0.17979733820538968,0.1783,,1,0,0
ReflectionRefresh,692,0.12840135605074465,0.1272,,1,0,0
ReflectionRefresh,693,0.11060090764658526,0.1104,,1,0,0
ReflectionRefresh,694,0.12720379163511097,0.1252,,1,0,0
ReflectionRefresh,695,0.090398243628442287,0.0889,,1,0,0
ReflectionRefresh,696,0.047101755626499653,0.046,,1,0,0
ReflectionRefresh,697,0.039994331018533558,0.0389,,1,0,0
ReflectionRefresh,698,0.037400794099085033,0.0367,,1,0,0
ReflectionRefresh,699,0.05040391260990873,0.0494,,1,0,0
ReflectionRefresh,700,0.041298186260974035,0.0406,,1,0,0
ReflectionRefresh,701,0.038697562558809295,0.0377,,1,0,0
ReflectionRefresh,702,0.036904762964695692,0.0362,,1,0,0
ReflectionRefresh,703,0.036798468499910086,0.0362,,1,0,0
ReflectionRefresh,704,0.050496033509261906,0.0496,,1,0,0
ReflectionRefresh,705,0.04820011236006394,0.0475,,1,0,0
ReflectionRefresh,706,0.038003119698259979,0.0375,,1,0,0
ReflectionRefresh,707,0.035303288314025849,0.035,,1,0,0
ReflectionRefresh,708,0.0485969394503627,0.0481,,1,0,0
ReflectionRefresh,709,0.036302437365520746,0.0357,,1,0,0
ReflectionRefresh,710,0.03509778980514966,0.0347,,1,0,0
ReflectionRefresh,711,0.034998582123080269,0.0345,,1,0,0
ReflectionRefresh,712,0.034098640753654763,0.0339,,1,0,0
ReflectionRefresh,713,0.033999433071585372,0.0335,,1,0,0
ReflectionRefresh,714,0.034105723898392171,0.0337,,1,0,0
ReflectionRefresh,715,0.033999433071585372,0.0336,,1,0,0
ReflectionRefresh,716,0.034396260161884129,0.034,,1,0,0
ReflectionRefresh,717,0.034098640753654763,0.0337,,1,0,0
ReflectionRefresh,718,0.034204931580461562,0.0338,,1,0,0
ReflectionRefresh,719,0.034197844797745347,0.0338,,1,0,0
ReflectionRefresh,720,0.0347009627148509,0.0344,,1,0,0
ReflectionRefresh,721,0.034502550988690928,0.034,,1,0,0
ReflectionRefresh,722,0.033999433071585372,0.0336,,1,0,0
ReflectionRefresh,723,0.033999433071585372,0.0336,,1,0,0
ReflectionRefresh,724,0.033900225389515981,0.0335,,1,0,0
ReflectionRefresh,725,0.034098640753654763,0.0336,,1,0,0
ReflectionRefresh,726,0.033701813663356006,0.0335,,1,0,0
ReflectionRefresh,727,0.034098640753654763,0.0337,,1,0,0
ReflectionRefresh,728,0.034297052479814738,0.0338,,1,0,0
ReflectionRefresh,729,0.0338010213454254,0.0334,,1,0,0
ReflectionRefresh,730,0.034197844797745347,0.0337,,1,0,0
ReflectionRefresh,731,0.034105723898392171,0.0338,,1,0,0
ReflectionRefresh,732,0.046194727474357933,0.0457,,1,0,0
ReflectionRefresh,733,0.036600056773750111,0.0361,,1,0,0
ReflectionRefresh,734,0.035204080631956458,0.0348,,1,0,0
ReflectionRefresh,735,0.034098640753654763,0.0338,,1,0,0
ReflectionRefresh,736,0.033999433071585372,0.0335,,1,0,0
ReflectionRefresh,737,0.034197844797745347,0.0337,,1,0,0
ReflectionRefresh,738,0.034098640753654763,0.0338,,1,0,0
ReflectionRefresh,739,0.034105723898392171,0.0337,,1,0,0
ReflectionRefresh,740,0.0338010213454254,0.0334,,1,0,0
ReflectionRefresh,741,0.033999433071585372,0.0336,,1,0,0
ReflectionRefresh,742,0.034297052479814738,0.0338,,1,0,0
ReflectionRefresh,743,0.0338010213454254,0.0334,,1,0,0
ReflectionRefresh,744,0.034098640753654763,0.0337,,1,0,0
ReflectionRefresh,745,0.033999433071585372,0.0336,,1,0,0
ReflectionRefresh,746,0.033900225389515981,0.0336,,1,0,0
ReflectionRefresh,747,0.034197844797745347,0.0337,,1,0,0
ReflectionRefresh,748,0.034204931580461562,0.0337,,1,0,0
ReflectionRefresh,749,0.034297052479814738,0.0339,,1,0,0
ReflectionRefresh,750,0.033999433071585372,0.0337,,1,0,0
ReflectionRefresh,751,0.033999433071585372,0.0335,,1,0,0
ReflectionRefresh,752,0.033999433071585372,0.0337,,1,0,0
ReflectionRefresh,753,0.033900225389515981,0.0335,,1,0,0
ReflectionRefresh,754,0.034304139262530953,0.0338,,1,0,0
ReflectionRefresh,755,0.033701813663356006,0.0333,,1,0,0
ReflectionRefresh,756,0.034297052479814738,0.0338,,1,0,0
ReflectionRefresh,757,0.034297052479814738,0.0339,,1,0,0
ReflectionRefresh,758,0.033999433071585372,0.0336,,1,0,0
ReflectionRefresh,759,0.034006519854301587,0.0337,,1,0,0
ReflectionRefresh,760,0.034197844797745347,0.0338,,1,0,0
ReflectionRefresh,761,0.034197844797745347,0.0339,,1,0,0
ReflectionRefresh,762,0.0347009627148509,0.0342,,1,0,0
ReflectionRefresh,763,0.034601758670760319,0.0343,,1,0,0
ReflectionRefresh,764,0.034297052479814738,0.0339,,1,0,0
ReflectionRefresh,765,0.034197844797745347,0.0338,,1,0,0
ReflectionRefresh,766,0.033900225389515981,0.0335,,1,0,0
ReflectionRefresh,767,0.034304139262530953,0.0337,,1,0,0
ReflectionRefresh,768,0.0338010213454254,0.0334,,1,0,0
ReflectionRefresh,769,0.033999433071585372,0.0336,,1,0,0
ReflectionRefresh,770,0.033999433071585372,0.0336,,1,0,0
ReflectionRefresh,771,0.033701813663356006,0.0333,,1,0,0
ReflectionRefresh,772,0.033999433071585372,0.0336,,1,0,0
ReflectionRefresh,773,0.034297052479814738,0.0339,,1,0,0
ReflectionRefresh,774,0.033701813663356006,0.0333,,1,0,0
ReflectionRefresh,775,0.05389739089878276,0.0545,,1,0,0
ReflectionRefresh,776,0.12540390889625996,0.1246,,1,0,0
ReflectionRefresh,777,0.11359835480106995,0.1125,,1,0,0
ReflectionRefresh,778,0.057397959608351812,0.0562,,1,0,0
ReflectionRefresh,779,0.039299888157984242,0.0386,,1,0,0
ReflectionRefresh,780,0.035501700040185824,0.0351,,1,0,0
ReflectionRefresh,781,0.0347009627148509,0.0342,,1,0,0
ReflectionRefresh,782,0.034998582123080269,0.0345,,1,0,0
ReflectionRefresh,783,0.034197844797745347,0.0338,,1,0,0
ReflectionRefresh,784,0.034601758670760319,0.0341,,1,0,0
ReflectionRefresh,785,0.034098640753654763,0.0337,,1,0,0
ReflectionRefresh,786,0.033999433071585372,0.0336,,1,0,0
ReflectionRefresh,787,0.033999433071585372,0.0335,,1,0,0
ReflectionRefresh,788,0.033999433071585372,0.0336,,1,0,0
ReflectionRefresh,789,0.034006519854301587,0.0335,,1,0,0
ReflectionRefresh,790,0.034197844797745347,0.0338,,1,0,0
ReflectionRefresh,791,0.034098640753654763,0.0337,,1,0,0
ReflectionRefresh,792,0.034197844797745347,0.0338,,1,0,0
ReflectionRefresh,793,0.034105723898392171,0.0345,,1,0,0
ReflectionRefresh,794,0.035593820939539,0.0345,,1,0,0
ReflectionRefresh,795,0.034601758670760319,0.0341,,1,0,0
ReflectionRefresh,796,0.034098640753654763,0.0336,,1,0,0
ReflectionRefresh,797,0.034105723898392171,0.0337,,1,0,0
ReflectionRefresh,798,0.033793934562709183,0.0334,,1,0,0
ReflectionRefresh,799,0.062400795286521316,0.0637,,1,0,0
ReflectionRefresh,800,0.15260062355082482,0.1508,,1,0,0
ReflectionRefresh,801,0.07120181544451043,0.0703,,1,0,0
ReflectionRefresh,802,0.040199829527409747,0.0397,,1,0,0
ReflectionRefresh,803,0.034998582123080269,0.0345,,1,0,0
ReflectionRefresh,804,0.034304139262530953,0.0339,,1,0,0
ReflectionRefresh,805,0.033999433071585372,0.0336,,1,0,0
ReflectionRefresh,806,0.033999433071585372,0.0336,,1,0,0
ReflectionRefresh,807,0.04149659798713401,0.0411,,1,0,0
ReflectionRefresh,808,0.034098640753654763,0.0337,,1,0,0
ReflectionRefresh,809,0.0338010213454254,0.0334,,1,0,0
ReflectionRefresh,810,0.034204931580461562,0.0338,,1,0,0
ReflectionRefresh,811,0.034495464205974713,0.034,,1,0,0
ReflectionRefresh,812,0.033999433071585372,0.0338,,1,0,0
ReflectionRefresh,813,0.034204931580461562,0.0337,,1,0,0
ReflectionRefresh,814,0.033694726880639791,0.0333,,1,0,0
ReflectionRefresh,815,0.033701813663356006,0.0333,,1,0,0
ReflectionRefresh,816,0.0338010213454254,0.0336,,1,0,0
ReflectionRefresh,817,0.033602605981286615,0.0332,,1,0,0
ReflectionRefresh,818,0.033694726880639791,0.0333,,1,0,0
ReflectionRefresh,819,0.033900225389515981,0.0334,,1,0,0
ReflectionRefresh,820,0.033999433071585372,0.0336,,1,0,0
ReflectionRefresh,821,0.033999433071585372,0.0338,,1,0,0
ReflectionRefresh,822,0.0338010213454254,0.0334,,1,0,0
ReflectionRefresh,823,0.075999152613803744,0.0774,,1,0,0
ReflectionRefresh,824,0.16370465164072812,0.1614,,1,0,0
ReflectionRefresh,825,0.0874007964739576,0.0864,,1,0,0
ReflectionRefresh,826,0.066099775722250342,0.0653,,1,0,0
ReflectionRefresh,827,0.055796484957681969,0.055,,1,0,0
ReflectionRefresh,828,0.034502550988690928,0.0341,,1,0,0
ReflectionRefresh,829,0.034098640753654763,0.0338,,1,0,0
ReflectionRefresh,830,0.033999433071585372,0.0334,,1,0,0
ReflectionRefresh,831,0.033503401937196031,0.0332,,1,0,0
ReflectionRefresh,832,0.034098640753654763,0.0339,,1,0,0
ReflectionRefresh,833,0.033595522836549208,0.0333,,1,0,0
ReflectionRefresh,834,0.034105723898392171,0.0336,,1,0,0
ReflectionRefresh,835,0.033900225389515981,0.0335,,1,0,0
ReflectionRefresh,836,0.033595522836549208,0.0332,,1,0,0
ReflectionRefresh,837,0.033602605981286615,0.0333,,1,0,0
ReflectionRefresh,838,0.034197844797745347,0.0338,,1,0,0
ReflectionRefresh,839,0.033701813663356006,0.0333,,1,0,0
ReflectionRefresh,840,0.034297052479814738,0.0339,,1,0,0
ReflectionRefresh,841,0.034105723898392171,0.0338,,1,0,0
ReflectionRefresh,842,0.033694726880639791,0.0333,,1,0,0
ReflectionRefresh,843,0.033900225389515981,0.0336,,1,0,0
ReflectionRefresh,844,0.033701813663356006,0.0333,,1,0,0
ReflectionRefresh,845,0.040497448935639113,0.0402,,1,0,0
ReflectionRefresh,846,0.035600907722255215,0.0351,,1,0,0
ReflectionRefresh,847,0.034204931580461562,0.0337,,1,0,0
ReflectionRefresh,848,0.033793934562709183,0.0334,,1,0,0
ReflectionRefresh,849,0.0338010213454254,0.0335,,1,0,0
ReflectionRefresh,850,0.034204931580461562,0.0337,,1,0,0
ReflectionRefresh,851,0.034197844797745347,0.0336,,1,0,0
ReflectionRefresh,852,0.0338010213454254,0.0335,,1,0,0
ReflectionRefresh,853,0.034098640753654763,0.0337,,1,0,0
ReflectionRefresh,854,0.0338010213454254,0.0334,,1,0,0
ReflectionRefresh,855,0.034197844797745347,0.0338,,1,0,0
ReflectionRefresh,856,0.034297052479814738,0.0339,,1,0,0
ReflectionRefresh,857,0.033701813663356006,0.0334,,1,0,0
ReflectionRefresh,858,0.033602605981286615,0.0333,,1,0,0
ReflectionRefresh,859,0.056101191148627549,0.057,,1,0,0
ReflectionRefresh,860,0.128996602143161,0.1271,,1,0,0
ReflectionRefresh,861,0.076098353019915521,0.0752,,1,0,0
ReflectionRefresh,862,0.06150085391709581,0.0608,,1,0,0
ReflectionRefresh,863,0.059601756220217794,0.0591,,1,0,0
ReflectionRefresh,864,0.059297053667251021,0.0588,,1,0,0
ReflectionRefresh,865,0.060905611462658271,0.0605,,1,0,0
ReflectionRefresh,866,0.073596936999820173,0.074,,1,0,0
ReflectionRefresh,867,0.1428996620234102,0.1412,,1,0,0
ReflectionRefresh,868,0.085204083006829023,0.0839,,1,0,0
ReflectionRefresh,869,0.16029620019253343,0.1596,,1,0,0
ReflectionRefresh,870,0.053401359764393419,0.0528,,1,0,0
ReflectionRefresh,871,0.039200680475914851,0.0388,,1,0,0
ReflectionRefresh,872,0.035296201531309634,0.0346,,1,0,0
ReflectionRefresh,873,0.034502550988690928,0.0342,,1,0,0
ReflectionRefresh,874,0.034197844797745347,0.0337,,1,0,0
ReflectionRefresh,875,0.034601758670760319,0.0341,,1,0,0
ReflectionRefresh,876,0.14550027844961733,0.1456,,1,0,0
ReflectionRefresh,877,0.056101191148627549,0.0552,,1,0,0
ReflectionRefresh,878,0.055399661505362019,0.0555,,1,0,0
ReflectionRefresh,879,0.097399373771622777,0.096,,1,0,0
ReflectionRefresh,880,0.05389739089878276,0.0531,,1,0,0
ReflectionRefresh,881,0.037202382372925058,0.0367,,1,0,0
ReflectionRefresh,882,0.034502550988690928,0.0341,,1,0,0
ReflectionRefresh,883,0.034396260161884129,0.034,,1,0,0
ReflectionRefresh,884,0.033999433071585372,0.0337,,1,0,0
ReflectionRefresh,885,0.0338010213454254,0.0335,,1,0,0
ReflectionRefresh,886,0.033900225389515981,0.0335,,1,0,0
ReflectionRefresh,887,0.034098640753654763,0.0337,,1,0,0
ReflectionRefresh,888,0.033999433071585372,0.0335,,1,0,0
ReflectionRefresh,889,0.033999433071585372,0.0337,,1,0,0
ReflectionRefresh,890,0.079903627920430154,0.0797,,1,0,0
ReflectionRefresh,891,0.039200680475914851,0.0386,,1,0,0
ReflectionRefresh,892,0.034899378078989685,0.0344,,1,0,0
ReflectionRefresh,893,0.033999433071585372,0.0343,,1,0,0
ReflectionRefresh,894,0.034998582123080269,0.0338,,1,0,0
ReflectionRefresh,895,0.033900225389515981,0.0334,,1,0,0
ReflectionRefresh,896,0.034098640753654763,0.0337,,1,0,0
ReflectionRefresh,897,0.033503401937196031,0.0331,,1,0,0
ReflectionRefresh,898,0.0338010213454254,0.0335,,1,0,0
ReflectionRefresh,899,0.033999433071585372,0.0336,,1,0,0
ReflectionRefresh,900,0.033900225389515981,0.0335,,1,0,0
ReflectionRefresh,901,0.034098640753654763,0.0336,,1,0,0
ReflectionRefresh,902,0.0338010213454254,0.0334,,1,0,0
ReflectionRefresh,903,0.033999433071585372,0.0336,,1,0,0
ReflectionRefresh,904,0.0338010213454254,0.0334,,1,0,0
ReflectionRefresh,905,0.033999433071585372,0.0336,,1,0,0
ReflectionRefresh,906,0.033999433071585372,0.0337,,1,0,0
ReflectionRefresh,907,0.05279903780319728,0.0526,,1,0,0
ReflectionRefresh,908,0.036897676181979477,0.0364,,1,0,0
ReflectionRefresh,909,0.034403343306621537,0.0339,,1,0,0
ReflectionRefresh,910,0.033900225389515981,0.0335,,1,0,0
ReflectionRefresh,911,0.0338010213454254,0.0334,,1,0,0
ReflectionRefresh,912,0.033694726880639791,0.0334,,1,0,0
ReflectionRefresh,913,0.0338010213454254,0.0333,,1,0,0
ReflectionRefresh,914,0.033701813663356006,0.0333,,1,0,0
ReflectionRefresh,915,0.033701813663356006,0.0334,,1,0,0
ReflectionRefresh,916,0.050701532018138096,0.0503,,1,0,0
ReflectionRefresh,917,0.05059523755335249,0.051,,1,0,0
ReflectionRefresh,918,0.10899943299591541,0.1085,,1,0,0
ReflectionRefresh,919,0.10400368773844093,0.1028,,1,0,0
ReflectionRefresh,920,0.042297335312468931,0.0412,,1,0,0
ReflectionRefresh,921,0.047604873543605208,0.0482,,1,0,0
ReflectionRefresh,922,0.1238945551449433,0.1232,,1,0,0
ReflectionRefresh,923,0.11169926438014954,0.1112,,1,0,0
ReflectionRefresh,924,0.11530612391652539,0.1144,,1,0,0
ReflectionRefresh,925,0.10549886792432517,0.1047,,1,0,0
ReflectionRefresh,926,0.060700112953782082,0.0597,,1,0,0
ReflectionRefresh,927,0.049199261411558837,0.049,,1,0,0
ReflectionRefresh,928,0.039895123336464167,0.0391,,1,0,0
ReflectionRefresh,929,0.042304422095185146,0.0418,,1,0,0
ReflectionRefresh,930,0.036401645047590137,0.036,,1,0,0
ReflectionRefresh,931,0.04219812763039954,0.0417,,1,0,0
ReflectionRefresh,932,0.036897676181979477,0.0364,,1,0,0
ReflectionRefresh,933,0.032901076338021085,0.0326,,1,0,0
ReflectionRefresh,934,0.037599205825245008,0.0373,,1,0,0
ReflectionRefresh,935,0.044798751332564279,0.0442,,1,0,0
ReflectionRefresh,936,0.031299601687351242,0.0305,,1,0,0
ReflectionRefresh,937,0.033701813663356006,0.0335,,1,0,0
ReflectionRefresh,938,0.031001985917100683,0.0308,,1,0,0
ReflectionRefresh,939,0.039200680475914851,0.0387,,1,0,0
ReflectionRefresh,940,0.030697279726155102,0.0305,,1,0,0
ReflectionRefresh,941,0.0586026071687229,0.0587,,1,0,0
ReflectionRefresh,942,0.10899943299591541,0.1077,,1,0,0
ReflectionRefresh,943,0.0982001147349365,0.0992,,1,0,0
ReflectionRefresh,944,0.18579931929707527,0.1833,,1,0,0
ReflectionRefresh,945,0.16549744759686291,0.165,,1,0,0
ReflectionRefresh,946,0.13640164979733527,0.1354,,1,0,0
ReflectionRefresh,947,0.18509778601583093,0.1832,,1,0,0
ReflectionRefresh,948,0.15290532610379159,0.1517,,1,0,0
ReflectionRefresh,949,0.13539541396312416,0.134,,1,0,0
ReflectionRefresh,950,0.17450396262574941,0.1739,,1,0,0
ReflectionRefresh,951,0.11709891987266019,0.1173,,1,0,0
ReflectionRefresh,952,0.15420209092553705,0.1518,,1,0,0
ReflectionRefresh,953,0.058000285207526758,0.0578,,1,0,0
ReflectionRefresh,954,0.068799599830526859,0.0679,,1,0,0
ReflectionRefresh,955,0.047696994442958385,0.047,,1,0,0
ReflectionRefresh,956,0.029698128855670802,0.0291,,1,0,0
ReflectionRefresh,957,0.049199261411558837,0.0499,,1,0,0
ReflectionRefresh,958,0.10970096627715975,0.1085,,1,0,0
ReflectionRefresh,959,0.06280470552155748,0.0628,,1,0,0
ReflectionRefresh,960,0.11129535414511338,0.11,,1,0,0
ReflectionRefresh,961,0.055704364058328792,0.0548,,1,0,0
ReflectionRefresh,962,0.038598354876739904,0.038,,1,0,0
ReflectionRefresh,963,0.03010204090969637,0.0296,,1,0,0
ReflectionRefresh,964,0.026197561965091154,0.0259,,1,0,0
ReflectionRefresh,965,0.0318027196044568,0.0315,,1,0,0
ReflectionRefresh,966,0.0891935924300924,0.09,,1,0,0
ReflectionRefresh,967,0.129202104290016,0.1274,,1,0,0
ReflectionRefresh,968,0.044600339606404305,0.044,,1,0,0
ReflectionRefresh,969,0.030697279726155102,0.0301,,1,0,0
ReflectionRefresh,970,0.044905045797349885,0.0454,,1,0,0
ReflectionRefresh,971,0.12539682211354375,0.1249,,1,0,0
ReflectionRefresh,972,0.10740504512796178,0.1069,,1,0,0
ReflectionRefresh,973,0.14049744640942663,0.1402,,1,0,0
ReflectionRefresh,974,0.17169784405268729,0.1699,,1,0,0
ReflectionRefresh,975,0.10430130350869149,0.1044,,1,0,0
ReflectionRefresh,976,0.18169642135035247,0.181,,1,0,0
ReflectionRefresh,977,0.15100624295882881,0.1489,,1,0,0
ReflectionRefresh,978,0.20710034004878253,0.2061,,1,0,0
ReflectionRefresh,979,0.14989370538387448,0.1502,,1,0,0
ReflectionRefresh,980,0.28170351288281381,0.2789,,1,0,0
ReflectionRefresh,981,0.13030045374762267,0.1286,,1,0,0
ReflectionRefresh,982,0.091702095232903957,0.0918,,1,0,0
ReflectionRefresh,983,0.12219387281220406,0.1201,,1,0,0
ReflectionRefresh,984,0.0883999455254525,0.0882,,1,0,0
ReflectionRefresh,985,0.14710176037624478,0.1461,,1,0,0
ReflectionRefresh,986,0.15289823932107538,0.1517,,1,0,0
ReflectionRefresh,987,0.15100624295882881,0.1495,,1,0,0
ReflectionRefresh,988,0.1428004470653832,0.1422,,1,0,0
ReflectionRefresh,989,0.12059949222020805,0.1186,,1,0,0
ReflectionRefresh,990,0.046499433665303513,0.0457,,1,0,0
ReflectionRefresh,991,0.034899378078989685,0.0345,,1,0,0
ReflectionRefresh,992,0.036401645047590137,0.036,,1,0,0
ReflectionRefresh,993,0.040993480070028454,0.0412,,1,0,0
ReflectionRefresh,994,0.0357001117663458,0.0344,,1,0,0
ReflectionRefresh,995,0.034502550988690928,0.0341,,1,0,0
ReflectionRefresh,996,0.034998582123080269,0.0345,,1,0,0
ReflectionRefresh,997,0.034800170396920294,0.0343,,1,0,0
ReflectionRefresh,998,0.060303289501462132,0.061,,1,0,0
ReflectionRefresh,999,0.14119897969067097,0.1406,,1,0,0
ReflectionRefresh,1000,0.10549886792432517,0.1042,,1,0,0
ReflectionRefresh,1001,0.050503116653999314,0.0497,,1,0,0
ReflectionRefresh,1002,0.037599205825245008,0.0371,,1,0,0
ReflectionRefresh,1003,0.035600907722255215,0.0352,,1,0,0
ReflectionRefresh,1004,0.035395409213379025,0.035,,1,0,0
ReflectionRefresh,1005,0.034998582123080269,0.0348,,1,0,0
ReflectionRefresh,1006,0.035204080631956458,0.0349,,1,0,0
ReflectionRefresh,1007,0.058297900977777317,0.0594,,1,0,0
ReflectionRefresh,1008,0.15230300778057426,0.1508,,1,0,0
ReflectionRefresh,1009,0.15219670603983104,0.1518,,1,0,0
ReflectionRefresh,1010,0.21020407439209521,0.2091,,1,0,0
ReflectionRefresh,1011,0.16559666255488992,0.1634,,1,0,0
ReflectionRefresh,1012,0.0982993224170059,0.0976,,1,0,0
ReflectionRefresh,1013,0.067998866143170744,0.0669,,1,0,0
ReflectionRefresh,1014,0.060402493545552716,0.0597,,1,0,0
ReflectionRefresh,1015,0.059700963902287185,0.0589,,1,0,0
ReflectionRefresh,1016,0.066801301727537066,0.0669,,1,0,0
ReflectionRefresh,1017,0.087599204562138766,0.0863,,1,0,0
ReflectionRefresh,1018,0.04419642937136814,0.0436,,1,0,0
ReflectionRefresh,1019,0.0366992644558195,0.0363,,1,0,0
ReflectionRefresh,1020,0.034403343306621537,0.034,,1,0,0
ReflectionRefresh,1021,0.040001417801249772,0.0395,,1,0,0
ReflectionRefresh,1022,0.040199829527409747,0.0402,,1,0,0
ReflectionRefresh,1023,0.046201814257074147,0.0454,,1,0,0
ReflectionRefresh,1024,0.053394272981677204,0.0538,,1,0,0
ReflectionRefresh,1025,0.11110402556369081,0.1102,,1,0,0
ReflectionRefresh,1026,0.097200965683441609,0.0967,,1,0,0
ReflectionRefresh,1027,0.10800028394442052,0.1072,,1,0,0
ReflectionRefresh,1028,0.086096937593538314,0.0849,,1,0,0
ReflectionRefresh,1029,0.059998583310516551,0.0603,,1,0,0
ReflectionRefresh,1030,0.12370322656352073,0.1228,,1,0,0
ReflectionRefresh,1031,0.12419925769791007,0.1244,,1,0,0
ReflectionRefresh,1032,0.160898533067666,0.159,,1,0,0
ReflectionRefresh,1033,0.087797619926277548,0.0867,,1,0,0
ReflectionRefresh,1034,0.044104308472014964,0.0431,,1,0,0
ReflectionRefresh,1035,0.036295350582804531,0.0359,,1,0,0
ReflectionRefresh,1036,0.035303288314025849,0.0348,,1,0,0
ReflectionRefresh,1037,0.033701813663356006,0.0334,,1,0,0
ReflectionRefresh,1038,0.034098640753654763,0.0337,,1,0,0
ReflectionRefresh,1039,0.033999433071585372,0.0336,,1,0,0
ReflectionRefresh,1040,0.052501418394967914,0.0527,,1,0,0
ReflectionRefresh,1041,0.095500283350702375,0.0949,,1,0,0
ReflectionRefresh,1042,0.093395690782926977,0.0921,,1,0,0
ReflectionRefresh,1043,0.045301869249669835,0.0444,,1,0,0
ReflectionRefresh,1044,0.0376984135073144,0.0373,,1,0,0
ReflectionRefresh,1045,0.066702094045467675,0.0678,,1,0,0
ReflectionRefresh,1046,0.16240080003626645,0.161,,1,0,0
ReflectionRefresh,1047,0.11629818618530408,0.1155,,1,0,0
ReflectionRefresh,1048,0.11339994671288878,0.1127,,1,0,0
ReflectionRefresh,1049,0.09460034198127687,0.0936,,1,0,0
ReflectionRefresh,1050,0.068998015194665641,0.0688,,1,0,0
ReflectionRefresh,1051,0.10870181722566485,0.1076,,1,0,0
ReflectionRefresh,1052,0.066198976128362119,0.0653,,1,0,0
ReflectionRefresh,1053,0.0755031214794144,0.0757,,1,0,0
ReflectionRefresh,1054,0.10409580136183649,0.1035,,1,0,0
ReflectionRefresh,1055,0.11339994671288878,0.1127,,1,0,0
ReflectionRefresh,1056,0.12670067371800542,0.1257,,1,0,0
ReflectionRefresh,1057,0.060005670093232766,0.0591,,1,0,0
ReflectionRefresh,1058,0.051296767196618021,0.0516,,1,0,0
ReflectionRefresh,1059,0.11439909576438367,0.1133,,1,0,0
ReflectionRefresh,1060,0.073100905865430832,0.0729,,1,0,0
ReflectionRefresh,1061,0.11160005669808015,0.1105,,1,0,0
ReflectionRefresh,1062,0.079003686551004648,0.0778,,1,0,0
ReflectionRefresh,1063,0.038293652323773131,0.0376,,1,0,0
ReflectionRefresh,1064,0.048802437959238887,0.0494,,1,0,0
ReflectionRefresh,1065,0.11339994671288878,0.1118,,1,0,0
ReflectionRefresh,1066,0.0465986377093941,0.0457,,1,0,0
ReflectionRefresh,1067,0.052905328630004078,0.0534,,1,0,0
ReflectionRefresh,1068,0.095996314485091716,0.0946,,1,0,0
ReflectionRefresh,1069,0.0516014733875636,0.0509,,1,0,0
ReflectionRefresh,1070,0.0634991520200856,0.0638,,1,0,0
ReflectionRefresh,1071,0.10489654232515022,0.1034,,1,0,0
ReflectionRefresh,1072,0.065702944993972778,0.0656,,1,0,0
ReflectionRefresh,1073,0.060700112953782082,0.0593,,1,0,0
ReflectionRefresh,1074,0.030498866181005724,0.03,,1,0,0
ReflectionRefresh,1075,0.046003402530914173,0.0467,,1,0,0
ReflectionRefresh,1076,0.12619755580089986,0.1254,,1,0,0
ReflectionRefresh,1077,0.11719812755472958,0.1166,,1,0,0
ReflectionRefresh,1078,0.1013038563542068,0.1001,,1,0,0
ReflectionRefresh,1079,0.051197563152527437,0.0505,,1,0,0
ReflectionRefresh,1080,0.039703798393020406,0.0392,,1,0,0
ReflectionRefresh,1081,0.037195295590208843,0.0366,,1,0,0
ReflectionRefresh,1082,0.03650084909168072,0.0361,,1,0,0
ReflectionRefresh,1083,0.035600907722255215,0.0352,,1,0,0
ReflectionRefresh,1084,0.05350056744646281,0.0541,,1,0,0
ReflectionRefresh,1085,0.10330215445719659,0.1019,,1,0,0
ReflectionRefresh,1086,0.050099206418963149,0.0493,,1,0,0
ReflectionRefresh,1087,0.038399943150579929,0.0379,,1,0,0
ReflectionRefresh,1088,0.047994613851187751,0.0486,,1,0,0
ReflectionRefresh,1089,0.11429988808231428,0.1136,,1,0,0
ReflectionRefresh,1090,0.10460600606165826,0.1036,,1,0,0
ReflectionRefresh,1091,0.056299602874787524,0.0551,,1,0,0
ReflectionRefresh,1092,0.029995748263900168,0.0294,,1,0,0
ReflectionRefresh,1093,0.027203797799302265,0.0275,,1,0,0
ReflectionRefresh,1094,0.033999433071585372,0.0329,,1,0,0
ReflectionRefresh,1095,0.030598072044085711,0.0301,,1,0,0
ReflectionRefresh,1096,0.047902492951834574,0.0485,,1,0,0
ReflectionRefresh,1097,0.10809949162648991,0.1074,,1,0,0
ReflectionRefresh,1098,0.097796204499900341,0.0963,,1,0,0
ReflectionRefresh,1099,0.047505669499514624,0.0467,,1,0,0
ReflectionRefresh,1100,0.037797617551404983,0.0372,,1,0,0
ReflectionRefresh,1101,0.055598073231521994,0.0562,,1,0,0
ReflectionRefresh,1102,0.13820153253618628,0.1385,,1,0,0
ReflectionRefresh,1103,0.1526998239569366,0.15,,1,0,0
ReflectionRefresh,1104,0.072597787948325276,0.0722,,1,0,0
ReflectionRefresh,1105,0.14710176037624478,0.1463,,1,0,0
ReflectionRefresh,1106,0.15639880439266562,0.1558,,1,0,0
ReflectionRefresh,1107,0.16539824719075114,0.1643,,1,0,0
ReflectionRefresh,1108,0.16750283248256892,0.1657,,1,0,0
ReflectionRefresh,1109,0.11050169996451586,0.1093,,1,0,0
ReflectionRefresh,1110,0.066496599174570292,0.0664,,1,0,0
ReflectionRefresh,1111,0.094005103164818138,0.0927,,1,0,0
ReflectionRefresh,1112,0.046194727474357933,0.0456,,1,0,0
ReflectionRefresh,1113,0.038102323742350563,0.0376,,1,0,0
ReflectionRefresh,1114,0.036096938856644556,0.0357,,1,0,0
ReflectionRefresh,1115,0.046605724492110312,0.0468,,1,0,0
ReflectionRefresh,1116,0.0672973328619264,0.0664,,1,0,0
ReflectionRefresh,1117,0.10829789971467108,0.1085,,1,0,0
ReflectionRefresh,1118,0.13319870049599558,0.1319,,1,0,0
ReflectionRefresh,1119,0.11980583803961053,0.1185,,1,0,0
ReflectionRefresh,1120,0.093898808700032532,0.0925,,1,0,0
ReflectionRefresh,1121,0.045996315748197958,0.0453,,1,0,0
ReflectionRefresh,1122,0.03849915083264932,0.038,,1,0,0
ReflectionRefresh,1123,0.036401645047590137,0.0361,,1,0,0
ReflectionRefresh,1124,0.035303288314025849,0.0348,,1,0,0
ReflectionRefresh,1125,0.046995464799692854,0.0472,,1,0,0
ReflectionRefresh,1126,0.10150226444238797,0.1006,,1,0,0
ReflectionRefresh,1127,0.10299745190422982,0.1025,,1,0,0
ReflectionRefresh,1128,0.10530045256018639,0.1042,,1,0,0
ReflectionRefresh,1129,0.093204362201504409,0.0937,,1,0,0
ReflectionRefresh,1130,0.16510061686858535,0.1632,,1,0,0
ReflectionRefresh,1131,0.075000003562308848,0.0735,,1,0,0
ReflectionRefresh,1132,0.062599203374702483,0.0626,,1,0,0
ReflectionRefresh,1133,0.12279620568733662,0.1221,,1,0,0
ReflectionRefresh,1134,0.085501698777079582,0.0844,,1,0,0
ReflectionRefresh,1135,0.06359835242619738,0.0638,,1,0,0
ReflectionRefresh,1136,0.11420068040024489,0.1133,,1,0,0
ReflectionRefresh,1137,0.11690051178447902,0.1163,,1,0,0
ReflectionRefresh,1138,0.1180980762001127,0.1175,,1,0,0
ReflectionRefresh,1139,0.11210317461518571,0.111,,1,0,0
ReflectionRefresh,1140,0.047200963308569044,0.0461,,1,0,0
ReflectionRefresh,1141,0.028698979804175906,0.0282,,1,0,0
ReflectionRefresh,1142,0.045797904022037983,0.0464,,1,0,0
ReflectionRefresh,1143,0.12520549353212118,0.1243,,1,0,0
ReflectionRefresh,1144,0.060196995036676526,0.0597,,1,0,0
ReflectionRefresh,1145,0.11150084901601076,0.1103,,1,0,0
ReflectionRefresh,1146,0.046301021939143538,0.0452,,1,0,0
ReflectionRefresh,1147,0.050396825827192515,0.0509,,1,0,0
ReflectionRefresh,1148,0.10649801697582006,0.1059,,1,0,0
ReflectionRefresh,1149,0.13710316852666438,0.1371,,1,0,0
ReflectionRefresh,1150,0.1428004470653832,0.1399,,1,0,0
ReflectionRefresh,1151,0.083801023720297962,0.0845,,1,0,0
ReflectionRefresh,1152,0.19699546101037413,0.1958,,1,0,0
ReflectionRefresh,1153,0.21060090512037277,0.2085,,1,0,0
ReflectionRefresh,1154,0.12080498709110543,0.1192,,1,0,0
ReflectionRefresh,1155,0.057199547882191837,0.0561,,1,0,0
ReflectionRefresh,1156,0.044394841097528115,0.0434,,1,0,0
ReflectionRefresh,1157,0.057603458117228,0.0577,,1,0,0
ReflectionRefresh,1158,0.13419784954749048,0.1337,,1,0,0
ReflectionRefresh,1159,0.13740079884883016,0.1358,,1,0,0
ReflectionRefresh,1160,0.089902212494052947,0.0882,,1,0,0
ReflectionRefresh,1161,0.052196712204022333,0.0524,,1,0,0
ReflectionRefresh,1162,0.079202094639185816,0.0779,,1,0,0
ReflectionRefresh,1163,0.087301588791888207,0.0885,,1,0,0
ReflectionRefresh,1164,0.22389455989468843,0.2223,,1,0,0
ReflectionRefresh,1165,0.16720521671231836,0.1652,,1,0,0
ReflectionRefresh,1166,0.10379818559158593,0.1024,,1,0,0
ReflectionRefresh,1167,0.04489795901463367,0.0441,,1,0,0
ReflectionRefresh,1168,0.051700681069632992,0.0522,,1,0,0
ReflectionRefresh,1169,0.13610401947516948,0.1347,,1,0,0
ReflectionRefresh,1170,0.04820011236006394,0.0475,,1,0,0
ReflectionRefresh,1171,0.040093538700602949,0.0389,,1,0,0
ReflectionRefresh,1172,0.038803853385616094,0.038,,1,0,0
ReflectionRefresh,1173,0.0376984135073144,0.0369,,1,0,0
ReflectionRefresh,1174,0.03849915083264932,0.0377,,1,0,0
ReflectionRefresh,1175,0.05040391260990873,0.0504,,1,0,0
ReflectionRefresh,1176,0.096995463536586612,0.0958,,1,0,0
ReflectionRefresh,1177,0.085005667642690241,0.0851,,1,0,0
ReflectionRefresh,1178,0.14019983063917607,0.1386,,1,0,0
ReflectionRefresh,1179,0.14939767424948514,0.1481,,1,0,0
ReflectionRefresh,1180,0.10880101763177663,0.1086,,1,0,0
ReflectionRefresh,1181,0.19769699429161847,0.1963,,1,0,0
ReflectionRefresh,1182,0.16750283248256892,0.1656,,1,0,0
ReflectionRefresh,1183,0.089399094576947391,0.0887,,1,0,0
ReflectionRefresh,1184,0.087301588791888207,0.0859,,1,0,0
ReflectionRefresh,1185,0.074794501415453851,0.0757,,1,0,0
ReflectionRefresh,1186,0.17840135842561722,0.1761,,1,0,0
ReflectionRefresh,1187,0.071102607762441039,0.071,,1,0,0
ReflectionRefresh,1188,0.13560090155806392,0.1349,,1,0,0
ReflectionRefresh,1189,0.10729875066317618,0.1062,,1,0,0
ReflectionRefresh,1190,0.051502269343473017,0.0504,,1,0,0
ReflectionRefresh,1191,0.0357001117663458,0.0343,,1,0,0
ReflectionRefresh,1192,0.035296201531309634,0.0344,,1,0,0
ReflectionRefresh,1193,0.051700681069632992,0.0526,,1,0,0
ReflectionRefresh,1194,0.11650368833215907,0.1147,,1,0,0
ReflectionRefresh,1195,0.095096373115666211,0.0945,,1,0,0
ReflectionRefresh,1196,0.12010346108581871,0.1195,,1,0,0
ReflectionRefresh,1197,0.1218962570419535,0.1212,,1,0,0
ReflectionRefresh,1198,0.10680271952878684,0.1057,,1,0,0
ReflectionRefresh,1199,0.065100626670755446,0.0651,,1,0,0
ReflectionRefresh,1200,0.11549745249794796,0.1138,,1,0,0
ReflectionRefresh,1201,0.044600339606404305,0.044,,1,0,0
ReflectionRefresh,1202,0.032298754376824945,0.0317,,1,0,0
ReflectionRefresh,1203,0.0328018722939305,0.0324,,1,0,0
ReflectionRefresh,1204,0.04820011236006394,0.0488,,1,0,0
ReflectionRefresh,1205,0.1231009082403034,0.1223,,1,0,0
ReflectionRefresh,1206,0.1100977897294797,0.1094,,1,0,0
ReflectionRefresh,1207,0.10199830285273492,0.1008,,1,0,0
ReflectionRefresh,1208,0.06320152897387743,0.063,,1,0,0
ReflectionRefresh,1209,0.12089710799045861,0.1203,,1,0,0
ReflectionRefresh,1210,0.11190475925104693,0.1108,,1,0,0
ReflectionRefresh,1211,0.046301021939143538,0.0452,,1,0,0
ReflectionRefresh,1212,0.035395409213379025,0.0351,,1,0,0
ReflectionRefresh,1213,0.050503116653999314,0.051,,1,0,0
ReflectionRefresh,1214,0.11659580195555463,0.1159,,1,0,0
ReflectionRefresh,1215,0.11770124547183514,0.117,,1,0,0
ReflectionRefresh,1216,0.11840277875307947,0.1174,,1,0,0
ReflectionRefresh,1217,0.04440192788024433,0.0435,,1,0,0
ReflectionRefresh,1218,0.034899378078989685,0.0345,,1,0,0
ReflectionRefresh,1219,0.036996883864048868,0.0366,,1,0,0
ReflectionRefresh,1220,0.030704366508871317,0.0302,,1,0,0
ReflectionRefresh,1221,0.025999150238931179,0.0257,,1,0,0
ReflectionRefresh,1222,0.051594386604847386,0.0526,,1,0,0
ReflectionRefresh,1223,0.129102889331989,0.1279,,1,0,0
ReflectionRefresh,1224,0.079698125773575157,0.0783,,1,0,0
ReflectionRefresh,1225,0.044699547288473696,0.044,,1,0,0
ReflectionRefresh,1226,0.05080073606222868,0.0513,,1,0,0
ReflectionRefresh,1227,0.13690476771444082,0.1361,,1,0,0
ReflectionRefresh,1228,0.20589568885043263,0.2054,,1,0,0
ReflectionRefresh,1229,0.10490362910786644,0.1037,,1,0,0
ReflectionRefresh,1230,0.057298751926282421,0.0567,,1,0,0
ReflectionRefresh,1231,0.097399373771622777,0.0973,,1,0,0
ReflectionRefresh,1232,0.1100977897294797,0.1089,,1,0,0
ReflectionRefresh,1233,0.12290249287616462,0.124,,1,0,0
ReflectionRefresh,1234,0.18190192349720746,0.1795,,1,0,0
ReflectionRefresh,1235,0.1367984659736976,0.1356,,1,0,0
ReflectionRefresh,1236,0.16690051415935159,0.1656,,1,0,0
ReflectionRefresh,1237,0.12379535473883152,0.1226,,1,0,0
ReflectionRefresh,1238,0.091702095232903957,0.09,,1,0,0
ReflectionRefresh,1239,0.04820011236006394,0.0471,,1,0,0
ReflectionRefresh,1240,0.051700681069632992,0.0514,,1,0,0
ReflectionRefresh,1241,0.07820294558769092,0.0779,,1,0,0
ReflectionRefresh,1242,0.10129676957149059,0.1001,,1,0,0
ReflectionRefresh,1243,0.21960033336654305,0.219,,1,0,0
ReflectionRefresh,1244,0.079797333455644548,0.0792,,1,0,0
ReflectionRefresh,1245,0.11070011532865465,0.1094,,1,0,0
ReflectionRefresh,1246,0.055704364058328792,0.055,,1,0,0
ReflectionRefresh,1247,0.14159581041894853,0.1415,,1,0,0
ReflectionRefresh,1248,0.10930413554888219,0.1086,,1,0,0
ReflectionRefresh,1249,0.11019699741154909,0.1089,,1,0,0
ReflectionRefresh,1250,0.064703795942477882,0.0648,,1,0,0
ReflectionRefresh,1251,0.11979875125689432,0.1191,,1,0,0
ReflectionRefresh,1252,0.11309523688396439,0.1124,,1,0,0
ReflectionRefresh,1253,0.10470521374372765,0.1035,,1,0,0
ReflectionRefresh,1254,0.05019841410103254,0.0492,,1,0,0
ReflectionRefresh,1255,0.03910147279384546,0.0384,,1,0,0
ReflectionRefresh,1256,0.04489795901463367,0.0452,,1,0,0
ReflectionRefresh,1257,0.086302439740393311,0.0854,,1,0,0
ReflectionRefresh,1258,0.039498299884144217,0.0388,,1,0,0
ReflectionRefresh,1259,0.028202948669786565,0.0277,,1,0,0
ReflectionRefresh,1260,0.049298469093628228,0.0498,,1,0,0
ReflectionRefresh,1261,0.11259920574957505,0.1119,,1,0,0
ReflectionRefresh,1262,0.11860118684126064,0.1179,,1,0,0
ReflectionRefresh,1263,0.10539966024225578,0.104,,1,0,0
ReflectionRefresh,1264,0.044997166696703061,0.0441,,1,0,0
ReflectionRefresh,1265,0.047002551582409069,0.0469,,1,0,0
ReflectionRefresh,1266,0.054095806262921542,0.0531,,1,0,0
ReflectionRefresh,1267,0.0526006224390585,0.053,,1,0,0
ReflectionRefresh,1268,0.1320011360803619,0.1308,,1,0,0
ReflectionRefresh,1269,0.051998300477862358,0.0509,,1,0,0
ReflectionRefresh,1270,0.038399943150579929,0.0379,,1,0,0
ReflectionRefresh,1271,0.03600481795729138,0.0355,,1,0,0
ReflectionRefresh,1272,0.050297618145123124,0.051,,1,0,0
ReflectionRefresh,1273,0.10700113489292562,0.1066,,1,0,0
ReflectionRefresh,1274,0.15819870168343186,0.1572,,1,0,0
ReflectionRefresh,1275,0.17030186427291483,0.1692,,1,0,0
ReflectionRefresh,1276,0.1864016376202926,0.1845,,1,0,0
ReflectionRefresh,1277,0.085799321823287755,0.0853,,1,0,0
ReflectionRefresh,1278,0.11449829617049545,0.1134,,1,0,0
ReflectionRefresh,1279,0.0752976193325594,0.0742,,1,0,0
ReflectionRefresh,1280,0.033304990211036056,0.0327,,1,0,0
ReflectionRefresh,1281,0.0494968808197882,0.0501,,1,0,0
ReflectionRefresh,1282,0.1190972252516076,0.1184,,1,0,0
ReflectionRefresh,1283,0.11630527296802029,0.1157,,1,0,0
ReflectionRefresh,1284,0.11829648428829387,0.1176,,1,0,0
ReflectionRefresh,1285,0.19019983301404864,0.1886,,1,0,0
ReflectionRefresh,1286,0.055399661505362019,0.0558,,1,0,0
ReflectionRefresh,1287,0.09460034198127687,0.0932,,1,0,0
ReflectionRefresh,1288,0.041198978578904644,0.0406,,1,0,0
ReflectionRefresh,1289,0.027799036615760997,0.0274,,1,0,0
ReflectionRefresh,1290,0.030399660317925736,0.0301,,1,0,0
ReflectionRefresh,1291,0.033503401937196031,0.0332,,1,0,0
ReflectionRefresh,1292,0.036096938856644556,0.0357,,1,0,0
ReflectionRefresh,1293,0.03010204090969637,0.0304,,1,0,0
ReflectionRefresh,1294,0.027097505153506063,0.0261,,1,0,0
ReflectionRefresh,1295,0.025899942556861788,0.0257,,1,0,0
ReflectionRefresh,1296,0.025899942556861788,0.0256,,1,0,0
ReflectionRefresh,1297,0.032305837521562353,0.032,,1,0,0
ReflectionRefresh,1298,0.050396825827192515,0.0509,,1,0,0
ReflectionRefresh,1299,0.10629960161168128,0.1056,,1,0,0
ReflectionRefresh,1300,0.11960034316871315,0.119,,1,0,0
ReflectionRefresh,1301,0.12259779032319784,0.1214,,1,0,0
ReflectionRefresh,1302,0.04820011236006394,0.0472,,1,0,0
ReflectionRefresh,1303,0.05110544225317426,0.0515,,1,0,0
ReflectionRefresh,1304,0.10919784836005419,0.1081,,1,0,0
ReflectionRefresh,1305,0.050297618145123124,0.0493,,1,0,0
ReflectionRefresh,1306,0.038605441659456119,0.0379,,1,0,0
ReflectionRefresh,1307,0.036897676181979477,0.0364,,1,0,0
ReflectionRefresh,1308,0.036600056773750111,0.0362,,1,0,0
ReflectionRefresh,1309,0.030201246772776358,0.0297,,1,0,0
ReflectionRefresh,1310,0.03249716610298492,0.0324,,1,0,0
ReflectionRefresh,1311,0.029903627364546992,0.0294,,1,0,0
ReflectionRefresh,1312,0.032596370147075504,0.0323,,1,0,0
ReflectionRefresh,1313,0.035600907722255215,0.0352,,1,0,0
ReflectionRefresh,1314,0.030399660317925736,0.0299,,1,0,0
ReflectionRefresh,1315,0.032397958420915529,0.0322,,1,0,0
ReflectionRefresh,1316,0.035898527130484581,0.0355,,1,0,0
ReflectionRefresh,1317,0.035806406231131405,0.0354,,1,0,0
ReflectionRefresh,1318,0.035593820939539,0.0353,,1,0,0
ReflectionRefresh,1319,0.035905613913200796,0.0354,,1,0,0
ReflectionRefresh,1320,0.030498866181005724,0.0301,,1,0,0
ReflectionRefresh,1321,0.0485969394503627,0.0492,,1,0,0
ReflectionRefresh,1322,0.13870465045329183,0.1381,,1,0,0
ReflectionRefresh,1323,0.11960034316871315,0.1185,,1,0,0
ReflectionRefresh,1324,0.04749858271679841,0.0464,,1,0,0
ReflectionRefresh,1325,0.037096087908139452,0.0366,,1,0,0
ReflectionRefresh,1326,0.0378047043341212,0.0374,,1,0,0
ReflectionRefresh,1327,0.031094103178475052,0.0307,,1,0,0
ReflectionRefresh,1328,0.055505952332168818,0.0567,,1,0,0
ReflectionRefresh,1329,0.15809948672540486,0.1563,,1,0,0
ReflectionRefresh,1330,0.10579648369457573,0.1045,,1,0,0
ReflectionRefresh,1331,0.044600339606404305,0.0438,,1,0,0
ReflectionRefresh,1332,0.062003971834201366,0.0635,,1,0,0
ReflectionRefresh,1333,0.19859694293700159,0.1963,,1,0,0
ReflectionRefresh,1334,0.093601192929781973,0.0921,,1,0,0
ReflectionRefresh,1335,0.087797619926277548,0.0875,,1,0,0
ReflectionRefresh,1336,0.12220095959492028,0.1207,,1,0,0
ReflectionRefresh,1337,0.070897105615586042,0.0699,,1,0,0
ReflectionRefresh,1338,0.059800171584356576,0.0592,,1,0,0
ReflectionRefresh,1339,0.067304419644642621,0.0674,,1,0,0
ReflectionRefresh,1340,0.13179563393350691,0.1312,,1,0,0
ReflectionRefresh,1341,0.11190475925104693,0.1109,,1,0,0
ReflectionRefresh,1342,0.10849631507880986,0.1089,,1,0,0
ReflectionRefresh,1343,0.23679847072344273,0.2352,,1,0,0
ReflectionRefresh,1344,0.15010629431344569,0.1486,,1,0,0
ReflectionRefresh,1345,0.11489512689877301,0.1128,,1,0,0
ReflectionRefresh,1346,0.052203798986738548,0.0511,,1,0,0
ReflectionRefresh,1347,0.059396257711341605,0.0599,,1,0,0
ReflectionRefresh,1348,0.10530045256018639,0.1043,,1,0,0
ReflectionRefresh,1349,0.11950113548664376,0.1177,,1,0,0
ReflectionRefresh,1350,0.066999717091675848,0.066,,1,0,0
ReflectionRefresh,1351,0.068303568696137518,0.0686,,1,0,0
ReflectionRefresh,1352,0.146797057823278,0.1449,,1,0,0
ReflectionRefresh,1353,0.16510061686858535,0.1649,,1,0,0
ReflectionRefresh,1354,0.16750283248256892,0.1664,,1,0,0
ReflectionRefresh,1355,0.13909439439885318,0.1382,,1,0,0
ReflectionRefresh,1356,0.14420351362787187,0.1424,,1,0,0
ReflectionRefresh,1357,0.047895409807097167,0.0469,,1,0,0
ReflectionRefresh,1358,0.049305555876344442,0.05,,1,0,0
ReflectionRefresh,1359,0.12379535473883152,0.123,,1,0,0
ReflectionRefresh,1360,0.11750283738365397,0.1163,,1,0,0
ReflectionRefresh,1361,0.061196144088171422,0.0602,,1,0,0
ReflectionRefresh,1362,0.038201531424419954,0.0377,,1,0,0
ReflectionRefresh,1363,0.03270266461186111,0.032,,1,0,0
ReflectionRefresh,1364,0.033198695746250451,0.0328,,1,0,0
ReflectionRefresh,1365,0.037003967008786276,0.0367,,1,0,0
ReflectionRefresh,1366,0.036996883864048868,0.0365,,1,0,0
ReflectionRefresh,1367,0.050602324336068705,0.0512,,1,0,0
ReflectionRefresh,1368,0.18079648725688457,0.18,,1,0,0
ReflectionRefresh,1369,0.12030186917399988,0.1196,,1,0,0
ReflectionRefresh,1370,0.12249858991708606,0.1217,,1,0,0
ReflectionRefresh,1371,0.12159864127170295,0.1218,,1,0,0
ReflectionRefresh,1372,0.16179846716113389,0.1597,,1,0,0
ReflectionRefresh,1373,0.10550595470704138,0.1042,,1,0,0
ReflectionRefresh,1374,0.051395974878687412,0.0505,,1,0,0
ReflectionRefresh,1375,0.039299888157984242,0.0387,,1,0,0
ReflectionRefresh,1376,0.0477040812256746,0.048,,1,0,0
ReflectionRefresh,1377,0.0961947298492305,0.0949,,1,0,0
ReflectionRefresh,1378,0.042502833821345121,0.0418,,1,0,0
ReflectionRefresh,1379,0.037400794099085033,0.037,,1,0,0
ReflectionRefresh,1380,0.05659722228301689,0.0571,,1,0,0
ReflectionRefresh,1381,0.13270266936160624,0.1321,,1,0,0
ReflectionRefresh,1382,0.11819727660622448,0.1175,,1,0,0
ReflectionRefresh,1383,0.10549886792432517,0.1044,,1,0,0
ReflectionRefresh,1384,0.0516014733875636,0.0506,,1,0,0
ReflectionRefresh,1385,0.039604590710951015,0.0391,,1,0,0
ReflectionRefresh,1386,0.049695296183926985,0.0503,,1,0,0
ReflectionRefresh,1387,0.11889880988746881,0.1182,,1,0,0
ReflectionRefresh,1388,0.12230017455294728,0.1217,,1,0,0
ReflectionRefresh,1389,0.1082057788153179,0.107,,1,0,0
ReflectionRefresh,1390,0.0455994886578992,0.0445,,1,0,0
ReflectionRefresh,1391,0.028698979804175906,0.0281,,1,0,0
ReflectionRefresh,1392,0.040596656617708504,0.041,,1,0,0
ReflectionRefresh,1393,0.072803290095180273,0.0726,,1,0,0
ReflectionRefresh,1394,0.0376984135073144,0.0363,,1,0,0
ReflectionRefresh,1395,0.027402211344451644,0.027,,1,0,0
ReflectionRefresh,1396,0.037797617551404983,0.0374,,1,0,0
ReflectionRefresh,1397,0.037103174690855667,0.0367,,1,0,0
ReflectionRefresh,1398,0.031299601687351242,0.0307,,1,0,0
ReflectionRefresh,1399,0.071095520979724824,0.0721,,1,0,0
ReflectionRefresh,1400,0.16310231876559556,0.1617,,1,0,0
ReflectionRefresh,1401,0.10690192721085623,0.1053,,1,0,0
ReflectionRefresh,1402,0.049298469093628228,0.0483,,1,0,0
ReflectionRefresh,1403,0.033000284020090476,0.0325,,1,0,0
ReflectionRefresh,1404,0.033701813663356006,0.0333,,1,0,0
ReflectionRefresh,1405,0.037393707316368818,0.037,,1,0,0
ReflectionRefresh,1406,0.048802437959238887,0.0492,,1,0,0
ReflectionRefresh,1407,0.10060232307296246,0.0999,,1,0,0
ReflectionRefresh,1408,0.1231009082403034,0.1217,,1,0,0
ReflectionRefresh,1409,0.075198411650490016,0.0744,,1,0,0
ReflectionRefresh,1410,0.070500282163266093,0.0703,,1,0,0
ReflectionRefresh,1411,0.12439767306204885,0.1235,,1,0,0
ReflectionRefresh,1412,0.1042020958266221,0.103,,1,0,0
ReflectionRefresh,1413,0.056901928473962471,0.0561,,1,0,0
ReflectionRefresh,1414,0.0376984135073144,0.0372,,1,0,0
ReflectionRefresh,1415,0.038697562558809295,0.0382,,1,0,0
ReflectionRefresh,1416,0.031001985917100683,0.0306,,1,0,0
ReflectionRefresh,1417,0.03270266461186111,0.0325,,1,0,0
ReflectionRefresh,1418,0.031094103178475052,0.0307,,1,0,0
ReflectionRefresh,1419,0.054606007324764505,0.0557,,1,0,0
ReflectionRefresh,1420,0.16739654529374093,0.1656,,1,0,0
ReflectionRefresh,1421,0.13769841461908072,0.1368,,1,0,0
ReflectionRefresh,1422,0.12820294068660587,0.1271,,1,0,0
ReflectionRefresh,1423,0.12349773896858096,0.1228,,1,0,0
ReflectionRefresh,1424,0.1131023236666806,0.1118,,1,0,0
ReflectionRefresh,1425,0.053599771490553394,0.0527,,1,0,0
ReflectionRefresh,1426,0.039002268749754876,0.0384,,1,0,0
ReflectionRefresh,1427,0.05059523755335249,0.0513,,1,0,0
ReflectionRefresh,1428,0.12380244152154773,0.1226,,1,0,0
ReflectionRefresh,1429,0.091397392679937184,0.0913,,1,0,0
ReflectionRefresh,1430,0.11969954357482493,0.1187,,1,0,0
ReflectionRefresh,1431,0.055605160014238209,0.0546,,1,0,0
ReflectionRefresh,1432,0.03509778980514966,0.0344,,1,0,0
ReflectionRefresh,1433,0.034297052479814738,0.034,,1,0,0
ReflectionRefresh,1434,0.054202097089728341,0.0548,,1,0,0
ReflectionRefresh,1435,0.14460034435614944,0.1433,,1,0,0
ReflectionRefresh,1436,0.0784013609518297,0.0782,,1,0,0
ReflectionRefresh,1437,0.11639739386737347,0.1151,,1,0,0
ReflectionRefresh,1438,0.081498015788383782,0.0812,,1,0,0
ReflectionRefresh,1439,0.15290532610379159,0.1524,,1,0,0
ReflectionRefresh,1440,0.15669643471483141,0.1553,,1,0,0
ReflectionRefresh,1441,0.095004252216313034,0.0941,,1,0,0
ReflectionRefresh,1442,0.044798751332564279,0.044,,1,0,0
ReflectionRefresh,1443,0.048497731768293306,0.048,,1,0,0
ReflectionRefresh,1444,0.065603744587861,0.0668,,1,0,0
ReflectionRefresh,1445,0.17759353795554489,0.1759,,1,0,0
ReflectionRefresh,1446,0.05750425043515861,0.0558,,1,0,0
ReflectionRefresh,1447,0.056299602874787524,0.0569,,1,0,0
ReflectionRefresh,1448,0.11690051178447902,0.1161,,1,0,0
ReflectionRefresh,1449,0.12239937495905906,0.1216,,1,0,0
ReflectionRefresh,1450,0.13329790090210736,0.1327,,1,0,0
ReflectionRefresh,1451,0.12190334382466972,0.1213,,1,0,0
ReflectionRefresh,1452,0.12259779032319784,0.1219,,1,0,0
ReflectionRefresh,1453,0.11150084901601076,0.1108,,1,0,0
ReflectionRefresh,1454,0.12709750444628298,0.1264,,1,0,0
ReflectionRefresh,1455,0.11920351244043559,0.1182,,1,0,0
ReflectionRefresh,1456,0.078599776315968484,0.0776,,1,0,0
ReflectionRefresh,1457,0.059998583310516551,0.0604,,1,0,0
ReflectionRefresh,1458,0.1377976150251925,0.1378,,1,0,0
ReflectionRefresh,1459,0.18710317090153694,0.1853,,1,0,0
ReflectionRefresh,1460,0.14959608961362392,0.1486,,1,0,0
ReflectionRefresh,1461,0.15340135723818094,0.1528,,1,0,0
ReflectionRefresh,1462,0.18200113845523447,0.1799,,1,0,0
ReflectionRefresh,1463,0.11110402556369081,0.11,,1,0,0
ReflectionRefresh,1464,0.075496034696698189,0.0759,,1,0,0
ReflectionRefresh,1465,0.16729733033571392,0.1655,,1,0,0
ReflectionRefresh,1466,0.11960034316871315,0.1186,,1,0,0
ReflectionRefresh,1467,0.071704933361615986,0.0706,,1,0,0
ReflectionRefresh,1468,0.037599205825245008,0.0368,,1,0,0
ReflectionRefresh,1469,0.10399660095572472,0.1056,,1,0,0
ReflectionRefresh,1470,0.18510487279854715,0.1829,,1,0,0
ReflectionRefresh,1471,0.12050028453813866,0.119,,1,0,0
ReflectionRefresh,1472,0.060494614444905892,0.0588,,1,0,0
ReflectionRefresh,1473,0.067098924773745239,0.0675,,1,0,0
ReflectionRefresh,1474,0.14860402734484524,0.1474,,1,0,0
ReflectionRefresh,1475,0.12429847265593708,0.1243,,1,0,0
ReflectionRefresh,1476,0.16780044825281948,0.1658,,1,0,0
ReflectionRefresh,1477,0.10739795834524557,0.1061,,1,0,0
ReflectionRefresh,1478,0.061805556470062584,0.0608,,1,0,0
ReflectionRefresh,1479,0.042998864955734462,0.0425,,1,0,0
ReflectionRefresh,1480,0.0415958056692034,0.0411,,1,0,0
ReflectionRefresh,1481,0.061004819144727662,0.0615,,1,0,0
ReflectionRefresh,1482,0.13439626491162926,0.1336,,1,0,0
ReflectionRefresh,1483,0.11740362970158458,0.1161,,1,0,0
ReflectionRefresh,1484,0.048696143494453281,0.0476,,1,0,0
ReflectionRefresh,1485,0.037301586417015642,0.0369,,1,0,0
ReflectionRefresh,1486,0.032199546694755554,0.0316,,1,0,0
ReflectionRefresh,1487,0.034098640753654763,0.0337,,1,0,0
ReflectionRefresh,1488,0.031604307878296822,0.0311,,1,0,0
ReflectionRefresh,1489,0.033793934562709183,0.0335,,1,0,0
ReflectionRefresh,1490,0.031405896152136847,0.0312,,1,0,0
ReflectionRefresh,1491,0.033900225389515981,0.0334,,1,0,0
ReflectionRefresh,1492,0.054400508815888315,0.0551,,1,0,0
ReflectionRefresh,1493,0.10699404811020941,0.1064,,1,0,0
ReflectionRefresh,1494,0.044302720198174939,0.0426,,1,0,0
ReflectionRefresh,1495,0.0357001117663458,0.0352,,1,0,0
ReflectionRefresh,1496,0.053096653573447838,0.0537,,1,0,0
ReflectionRefresh,1497,0.13120040239300579,0.1304,,1,0,0
ReflectionRefresh,1498,0.12340561079327017,0.1225,,1,0,0
ReflectionRefresh,1499,0.10759637370938435,0.1066,,1,0,0
ReflectionRefresh,1500,0.06189767736941576,0.0608,,1,0,0
ReflectionRefresh,1501,0.03910147279384546,0.0389,,1,0,0
ReflectionRefresh,1502,0.060600905271712691,0.0614,,1,0,0
ReflectionRefresh,1503,0.13370181841310114,0.1318,,1,0,0
ReflectionRefresh,1504,0.076799886301159859,0.0754,,1,0,0
ReflectionRefresh,1505,0.036096938856644556,0.0354,,1,0,0
ReflectionRefresh,1506,0.047604873543605208,0.0481,,1,0,0
ReflectionRefresh,1507,0.12569443788379431,0.1253,,1,0,0
ReflectionRefresh,1508,0.13630243483930826,0.1348,,1,0,0
ReflectionRefresh,1509,0.11560373968677595,0.1148,,1,0,0
ReflectionRefresh,1510,0.11429988808231428,0.1132,,1,0,0
ReflectionRefresh,1511,0.04820011236006394,0.047,,1,0,0
ReflectionRefresh,1512,0.036996883864048868,0.0366,,1,0,0
ReflectionRefresh,1513,0.032901076338021085,0.0323,,1,0,0
ReflectionRefresh,1514,0.033595522836549208,0.0333,,1,0,0
ReflectionRefresh,1515,0.031505103834206238,0.031,,1,0,0
ReflectionRefresh,1516,0.027395124561735429,0.0271,,1,0,0
ReflectionRefresh,1517,0.033106574846897274,0.0329,,1,0,0
ReflectionRefresh,1518,0.030796483770245686,0.0302,,1,0,0
ReflectionRefresh,1519,0.033000284020090476,0.0328,,1,0,0
ReflectionRefresh,1520,0.030697279726155102,0.0304,,1,0,0
ReflectionRefresh,1521,0.026799885745276697,0.0263,,1,0,0
ReflectionRefresh,1522,0.026403060473967344,0.026,,1,0,0
ReflectionRefresh,1523,0.026197561965091154,0.0259,,1,0,0
ReflectionRefresh,1524,0.026204648747807369,0.0257,,1,0,0
ReflectionRefresh,1525,0.02670067988219671,0.0263,,1,0,0
ReflectionRefresh,1526,0.026395975510240532,0.026,,1,0,0
ReflectionRefresh,1527,0.032901076338021085,0.0326,,1,0,0
ReflectionRefresh,1528,0.055300453823292628,0.0558,,1,0,0
ReflectionRefresh,1529,0.15629960398655385,0.1567,,1,0,0
ReflectionRefresh,1530,0.31799887074157596,0.3156,,1,0,0
ReflectionRefresh,1531,0.18710317090153694,0.1857,,1,0,0
ReflectionRefresh,1532,0.14919925888534635,0.149,,1,0,0
ReflectionRefresh,1533,0.18480017024558038,0.1827,,1,0,0
ReflectionRefresh,1534,0.13650085020344704,0.1353,,1,0,0
ReflectionRefresh,1535,0.079896541137713939,0.0783,,1,0,0
ReflectionRefresh,1536,0.048604026233078912,0.0475,,1,0,0
ReflectionRefresh,1537,0.053493480663746595,0.0527,,1,0,0
ReflectionRefresh,1538,0.059204932767897844,0.0581,,1,0,0
ReflectionRefresh,1539,0.058694728068076074,0.0575,,1,0,0
ReflectionRefresh,1540,0.060905611462658271,0.0609,,1,0,0
ReflectionRefresh,1541,0.1367984659736976,0.1358,,1,0,0
ReflectionRefresh,1542,0.14849772560410202,0.1481,,1,0,0
ReflectionRefresh,1543,0.18100198940373957,0.1799,,1,0,0
ReflectionRefresh,1544,0.18079648725688457,0.1788,,1,0,0
ReflectionRefresh,1545,0.098001699370797724,0.0974,,1,0,0
ReflectionRefresh,1546,0.11799886851804331,0.1171,,1,0,0
ReflectionRefresh,1547,0.069005101977381855,0.0675,,1,0,0
ReflectionRefresh,1548,0.036600056773750111,0.0362,,1,0,0
ReflectionRefresh,1549,0.038598354876739904,0.0382,,1,0,0
ReflectionRefresh,1550,0.0376984135073144,0.0373,,1,0,0
ReflectionRefresh,1551,0.031398809369420633,0.031,,1,0,0
ReflectionRefresh,1552,0.034098640753654763,0.0338,,1,0,0
ReflectionRefresh,1553,0.037705500290030614,0.0373,,1,0,0
ReflectionRefresh,1554,0.037797617551404983,0.0375,,1,0,0
ReflectionRefresh,1555,0.037599205825245008,0.0371,,1,0,0
ReflectionRefresh,1556,0.0376984135073144,0.0373,,1,0,0
ReflectionRefresh,1557,0.037301586417015642,0.0369,,1,0,0
ReflectionRefresh,1558,0.0991992637864314,0.1003,,1,0,0
ReflectionRefresh,1559,0.14019983063917607,0.138,,1,0,0
ReflectionRefresh,1560,0.087103173427749425,0.0873,,1,0,0
ReflectionRefresh,1561,0.13650085020344704,0.1352,,1,0,0
ReflectionRefresh,1562,0.11749575060093775,0.1163,,1,0,0
ReflectionRefresh,1563,0.054400508815888315,0.0532,,1,0,0
ReflectionRefresh,1564,0.030300452635856345,0.0299,,1,0,0
ReflectionRefresh,1565,0.027402211344451644,0.0269,,1,0,0
ReflectionRefresh,1566,0.056398810556856915,0.058,,1,0,0
ReflectionRefresh,1567,0.17940050747711211,0.178,,1,0,0
ReflectionRefresh,1568,0.14640022709500045,0.1445,,1,0,0
ReflectionRefresh,1569,0.083198698121123016,0.0818,,1,0,0
ReflectionRefresh,1570,0.054003685363568366,0.0543,,1,0,0
ReflectionRefresh,1571,0.1100977897294797,0.1088,,1,0,0
ReflectionRefresh,1572,0.074900795880239457,0.0741,,1,0,0
ReflectionRefresh,1573,0.051395974878687412,0.0506,,1,0,0
ReflectionRefresh,1574,0.058000285207526758,0.0581,,1,0,0
ReflectionRefresh,1575,0.07390164682874456,0.0727,,1,0,0
ReflectionRefresh,1576,0.0485969394503627,0.0478,,1,0,0
ReflectionRefresh,1577,0.039002268749754876,0.0386,,1,0,0
ReflectionRefresh,1578,0.04780328890774399,0.0479,,1,0,0
ReflectionRefresh,1579,0.058297900977777317,0.0571,,1,0,0
ReflectionRefresh,1580,0.050396825827192515,0.0511,,1,0,0
ReflectionRefresh,1581,0.1330002851318568,0.1318,,1,0,0
ReflectionRefresh,1582,0.087103173427749425,0.0859,,1,0,0
ReflectionRefresh,1583,0.046499433665303513,0.0457,,1,0,0
ReflectionRefresh,1584,0.0395975039282348,0.039,,1,0,0
ReflectionRefresh,1585,0.037903912016190588,0.0375,,1,0,0
ReflectionRefresh,1586,0.052196712204022333,0.0526,,1,0,0
ReflectionRefresh,1587,0.07959892536746338,0.0783,,1,0,0
ReflectionRefresh,1588,0.045500284613808617,0.0448,,1,0,0
ReflectionRefresh,1589,0.038605441659456119,0.0381,,1,0,0
ReflectionRefresh,1590,0.037797617551404983,0.0373,,1,0,0
ReflectionRefresh,1591,0.037202382372925058,0.0368,,1,0,0
ReflectionRefresh,1592,0.037294499634299427,0.0368,,1,0,0
ReflectionRefresh,1593,0.037202382372925058,0.0376,,1,0,0
ReflectionRefresh,1594,0.037599205825245008,0.0364,,1,0,0
ReflectionRefresh,1595,0.0366992644558195,0.0363,,1,0,0
ReflectionRefresh,1596,0.037301586417015642,0.0368,,1,0,0
ReflectionRefresh,1597,0.037003967008786276,0.0366,,1,0,0
ReflectionRefresh,1598,0.052898241847287863,0.0537,,1,0,0
ReflectionRefresh,1599,0.12449688802007586,0.123,,1,0,0
ReflectionRefresh,1600,0.084998580859974027,0.0845,,1,0,0
ReflectionRefresh,1601,0.062903913203626871,0.0619,,1,0,0
ReflectionRefresh,1602,0.040695860661799088,0.0401,,1,0,0
ReflectionRefresh,1603,0.037903912016190588,0.0374,,1,0,0
ReflectionRefresh,1604,0.037096087908139452,0.0366,,1,0,0
ReflectionRefresh,1605,0.037103174690855667,0.0368,,1,0,0
ReflectionRefresh,1606,0.036897676181979477,0.0364,,1,0,0
ReflectionRefresh,1607,0.0366992644558195,0.0363,,1,0,0
ReflectionRefresh,1608,0.036904762964695692,0.0365,,1,0,0
ReflectionRefresh,1609,0.036996883864048868,0.0367,,1,0,0
ReflectionRefresh,1610,0.037103174690855667,0.0366,,1,0,0
ReflectionRefresh,1611,0.037400794099085033,0.0369,,1,0,0
ReflectionRefresh,1612,0.036996883864048868,0.0365,,1,0,0
ReflectionRefresh,1613,0.03650084909168072,0.0361,,1,0,0
ReflectionRefresh,1614,0.036600056773750111,0.0362,,1,0,0
ReflectionRefresh,1615,0.049100057367468253,0.0488,,1,0,0
ReflectionRefresh,1616,0.040901359170675278,0.0405,,1,0,0
ReflectionRefresh,1617,0.038300735468510538,0.0379,,1,0,0
ReflectionRefresh,1618,0.0366992644558195,0.0364,,1,0,0
ReflectionRefresh,1619,0.036996883864048868,0.0365,,1,0,0
ReflectionRefresh,1620,0.03650084909168072,0.0361,,1,0,0
ReflectionRefresh,1621,0.036897676181979477,0.0365,,1,0,0
ReflectionRefresh,1622,0.036904762964695692,0.0365,,1,0,0
ReflectionRefresh,1623,0.0366992644558195,0.0362,,1,0,0
ReflectionRefresh,1624,0.037500001781154424,0.0371,,1,0,0
ReflectionRefresh,1625,0.037400794099085033,0.0369,,1,0,0
ReflectionRefresh,1626,0.036996883864048868,0.0366,,1,0,0
ReflectionRefresh,1627,0.0366992644558195,0.0362,,1,0,0
ReflectionRefresh,1628,0.03650084909168072,0.0361,,1,0,0
ReflectionRefresh,1629,0.036798468499910086,0.0364,,1,0,0
ReflectionRefresh,1630,0.037103174690855667,0.0367,,1,0,0
ReflectionRefresh,1631,0.0366992644558195,0.0364,,1,0,0
ReflectionRefresh,1632,0.03650084909168072,0.036,,1,0,0
ReflectionRefresh,1633,0.036401645047590137,0.036,,1,0,0
ReflectionRefresh,1634,0.036600056773750111,0.0362,,1,0,0
ReflectionRefresh,1635,0.037096087908139452,0.0366,,1,0,0
ReflectionRefresh,1636,0.037400794099085033,0.037,,1,0,0
ReflectionRefresh,1637,0.0366992644558195,0.0363,,1,0,0
ReflectionRefresh,1638,0.036798468499910086,0.0365,,1,0,0
ReflectionRefresh,1639,0.03650084909168072,0.036,,1,0,0
ReflectionRefresh,1640,0.036904762964695692,0.0365,,1,0,0
ReflectionRefresh,1641,0.036798468499910086,0.0364,,1,0,0
ReflectionRefresh,1642,0.036897676181979477,0.0365,,1,0,0
ReflectionRefresh,1643,0.055002834415063262,0.0558,,1,0,0
ReflectionRefresh,1644,0.14479875972028822,0.1447,,1,0,0
ReflectionRefresh,1645,0.18890306819230318,0.1873,,1,0,0
ReflectionRefresh,1646,0.17069869500119239,0.1691,,1,0,0
ReflectionRefresh,1647,0.12379535473883152,0.1222,,1,0,0
ReflectionRefresh,1648,0.070202666393015534,0.0689,,1,0,0
ReflectionRefresh,1649,0.060402493545552716,0.0593,,1,0,0
ReflectionRefresh,1650,0.057794783060671762,0.0567,,1,0,0
ReflectionRefresh,1651,0.056604309065733105,0.0558,,1,0,0
ReflectionRefresh,1652,0.056795634009176865,0.0558,,1,0,0
ReflectionRefresh,1653,0.069005101977381855,0.0688,,1,0,0
ReflectionRefresh,1654,0.08399943180847913,0.0817,,1,0,0
ReflectionRefresh,1655,0.041999715904239565,0.0415,,1,0,0
ReflectionRefresh,1656,0.04180130417807959,0.0415,,1,0,0
ReflectionRefresh,1657,0.049397676775697619,0.0487,,1,0,0
ReflectionRefresh,1658,0.038300735468510538,0.0377,,1,0,0
ReflectionRefresh,1659,0.036897676181979477,0.0365,,1,0,0
ReflectionRefresh,1660,0.037103174690855667,0.0366,,1,0,0
ReflectionRefresh,1661,0.036798468499910086,0.0365,,1,0,0
ReflectionRefresh,1662,0.03650084909168072,0.0361,,1,0,0
ReflectionRefresh,1663,0.036600056773750111,0.0361,,1,0,0
ReflectionRefresh,1664,0.056795634009176865,0.0573,,1,0,0
ReflectionRefresh,1665,0.1032029467751272,0.1031,,1,0,0
ReflectionRefresh,1666,0.14990079216659069,0.1483,,1,0,0
ReflectionRefresh,1667,0.073596936999820173,0.0722,,1,0,0
ReflectionRefresh,1668,0.05680272079189308,0.0564,,1,0,0
ReflectionRefresh,1669,0.061401646235026419,0.0607,,1,0,0
ReflectionRefresh,1670,0.064094390836544335,0.0639,,1,0,0
ReflectionRefresh,1671,0.051303853979334235,0.0499,,1,0,0
ReflectionRefresh,1672,0.036798468499910086,0.0363,,1,0,0
ReflectionRefresh,1673,0.054102889407658949,0.0547,,1,0,0
ReflectionRefresh,1674,0.12349773896858096,0.1218,,1,0,0
ReflectionRefresh,1675,0.049000849685398862,0.0482,,1,0,0
ReflectionRefresh,1676,0.039498299884144217,0.039,,1,0,0
ReflectionRefresh,1677,0.038102323742350563,0.0376,,1,0,0
ReflectionRefresh,1678,0.037599205825245008,0.0371,,1,0,0
ReflectionRefresh,1679,0.037896825233474374,0.0374,,1,0,0
ReflectionRefresh,1680,0.038102323742350563,0.0376,,1,0,0
ReflectionRefresh,1681,0.037003967008786276,0.0367,,1,0,0
ReflectionRefresh,1682,0.0455994886578992,0.0452,,1,0,0
ReflectionRefresh,1683,0.03889597428496927,0.0384,,1,0,0
ReflectionRefresh,1684,0.037103174690855667,0.0365,,1,0,0
ReflectionRefresh,1685,0.037400794099085033,0.0369,,1,0,0
ReflectionRefresh,1686,0.0366992644558195,0.0363,,1,0,0
ReflectionRefresh,1687,0.037096087908139452,0.0368,,1,0,0
ReflectionRefresh,1688,0.037301586417015642,0.0368,,1,0,0
ReflectionRefresh,1689,0.037202382372925058,0.0368,,1,0,0
ReflectionRefresh,1690,0.036798468499910086,0.0364,,1,0,0
ReflectionRefresh,1691,0.037096087908139452,0.0366,,1,0,0
ReflectionRefresh,1692,0.037003967008786276,0.0366,,1,0,0
ReflectionRefresh,1693,0.047902492951834574,0.0502,,1,0,0
ReflectionRefresh,1694,0.15289823932107538,0.1495,,1,0,0
ReflectionRefresh,1695,0.0782950664870441,0.0777,,1,0,0
ReflectionRefresh,1696,0.077706914453301579,0.0769,,1,0,0
ReflectionRefresh,1697,0.042396542994538322,0.0417,,1,0,0
ReflectionRefresh,1698,0.0376984135073144,0.0372,,1,0,0
ReflectionRefresh,1699,0.037400794099085033,0.0369,,1,0,0
ReflectionRefresh,1700,0.038300735468510538,0.0378,,1,0,0
ReflectionRefresh,1701,0.037500001781154424,0.0372,,1,0,0
ReflectionRefresh,1702,0.038102323742350563,0.0376,,1,0,0
ReflectionRefresh,1703,0.037500001781154424,0.0371,,1,0,0
ReflectionRefresh,1704,0.037195295590208843,0.0367,,1,0,0
ReflectionRefresh,1705,0.037202382372925058,0.0368,,1,0,0
ReflectionRefresh,1706,0.036600056773750111,0.0361,,1,0,0
ReflectionRefresh,1707,0.043799602281069383,0.0438,,1,0,0
ReflectionRefresh,1708,0.0644983010715805,0.0636,,1,0,0
ReflectionRefresh,1709,0.041503684769850224,0.0408,,1,0,0
ReflectionRefresh,1710,0.0376984135073144,0.0372,,1,0,0
ReflectionRefresh,1711,0.036897676181979477,0.0364,,1,0,0
ReflectionRefresh,1712,0.037202382372925058,0.0368,,1,0,0
ReflectionRefresh,1713,0.036600056773750111,0.0364,,1,0,0
ReflectionRefresh,1714,0.03650084909168072,0.036,,1,0,0
ReflectionRefresh,1715,0.036600056773750111,0.0362,,1,0,0
ReflectionRefresh,1716,0.045897108066128567,0.0462,,1,0,0
ReflectionRefresh,1717,0.081101192336063832,0.08,,1,0,0
ReflectionRefresh,1718,0.043501982872840017,0.0428,,1,0,0
ReflectionRefresh,1719,0.03889597428496927,0.0383,,1,0,0
ReflectionRefresh,1720,0.037103174690855667,0.0366,,1,0,0
ReflectionRefresh,1721,0.036897676181979477,0.0366,,1,0,0
ReflectionRefresh,1722,0.051700681069632992,0.0522,,1,0,0
ReflectionRefresh,1723,0.14140448183752596,0.1405,,1,0,0
ReflectionRefresh,1724,0.11989795893896371,0.1187,,1,0,0
ReflectionRefresh,1725,0.055598073231521994,0.0546,,1,0,0
ReflectionRefresh,1726,0.039703798393020406,0.0392,,1,0,0
ReflectionRefresh,1727,0.038293652323773131,0.0378,,1,0,0
ReflectionRefresh,1728,0.037400794099085033,0.037,,1,0,0
ReflectionRefresh,1729,0.0366992644558195,0.0363,,1,0,0
ReflectionRefresh,1730,0.037606292607961223,0.0372,,1,0,0
ReflectionRefresh,1731,0.0366992644558195,0.0362,,1,0,0
ReflectionRefresh,1732,0.037294499634299427,0.037,,1,0,0
ReflectionRefresh,1733,0.038102323742350563,0.0376,,1,0,0
ReflectionRefresh,1734,0.037301586417015642,0.0368,,1,0,0
ReflectionRefresh,1735,0.036996883864048868,0.0365,,1,0,0
ReflectionRefresh,1736,0.0366992644558195,0.0363,,1,0,0
ReflectionRefresh,1737,0.036600056773750111,0.0363,,1,0,0
ReflectionRefresh,1738,0.036401645047590137,0.0359,,1,0,0
ReflectionRefresh,1739,0.036600056773750111,0.0362,,1,0,0
ReflectionRefresh,1740,0.036798468499910086,0.0364,,1,0,0
ReflectionRefresh,1741,0.03650084909168072,0.0361,,1,0,0
ReflectionRefresh,1742,0.0368055552826263,0.0363,,1,0,0
ReflectionRefresh,1743,0.036493765946943313,0.0361,,1,0,0
ReflectionRefresh,1744,0.036600056773750111,0.0362,,1,0,0
ReflectionRefresh,1745,0.036600056773750111,0.0361,,1,0,0
ReflectionRefresh,1746,0.081703517935238779,0.0818,,1,0,0
ReflectionRefresh,1747,0.070500282163266093,0.0694,,1,0,0
ReflectionRefresh,1748,0.046400225983234122,0.0455,,1,0,0
ReflectionRefresh,1749,0.0417020964960102,0.0405,,1,0,0
ReflectionRefresh,1750,0.061699262005276978,0.0608,,1,0,0
ReflectionRefresh,1751,0.042899660911643878,0.0419,,1,0,0
ReflectionRefresh,1752,0.039696711610304192,0.0392,,1,0,0
ReflectionRefresh,1753,0.039703798393020406,0.0385,,1,0,0
ReflectionRefresh,1754,0.039193593693198636,0.0385,,1,0,0
ReflectionRefresh,1755,0.039703798393020406,0.0388,,1,0,0
ReflectionRefresh,1756,0.0395975039282348,0.0387,,1,0,0
ReflectionRefresh,1757,0.039604590710951015,0.0386,,1,0,0
ReflectionRefresh,1758,0.039200680475914851,0.0381,,1,0,0
ReflectionRefresh,1759,0.03849915083264932,0.0374,,1,0,0
ReflectionRefresh,1760,0.039094386011129245,0.0381,,1,0,0
ReflectionRefresh,1761,0.038903061067685485,0.038,,1,0,0
ReflectionRefresh,1762,0.038903061067685485,0.038,,1,0,0
ReflectionRefresh,1763,0.038697562558809295,0.0381,,1,0,0
ReflectionRefresh,1764,0.038903061067685485,0.0382,,1,0,0
ReflectionRefresh,1765,0.052898241847287863,0.0529,,1,0,0
ReflectionRefresh,1766,0.11089852341683581,0.1093,,1,0,0
ReflectionRefresh,1767,0.052402210712898523,0.0514,,1,0,0
ReflectionRefresh,1768,0.039200680475914851,0.0385,,1,0,0
ReflectionRefresh,1769,0.038995181967038661,0.0384,,1,0,0
ReflectionRefresh,1770,0.0376984135073144,0.0372,,1,0,0
ReflectionRefresh,1771,0.037003967008786276,0.0365,,1,0,0
ReflectionRefresh,1772,0.0465986377093941,0.0462,,1,0,0
ReflectionRefresh,1773,0.039200680475914851,0.0387,,1,0,0
ReflectionRefresh,1774,0.036897676181979477,0.0364,,1,0,0
ReflectionRefresh,1775,0.03650084909168072,0.036,,1,0,0
ReflectionRefresh,1776,0.036600056773750111,0.0361,,1,0,0
ReflectionRefresh,1777,0.0366992644558195,0.0362,,1,0,0
ReflectionRefresh,1778,0.0366992644558195,0.0363,,1,0,0
ReflectionRefresh,1779,0.0368055552826263,0.0363,,1,0,0
ReflectionRefresh,1780,0.041198978578904644,0.0407,,1,0,0
ReflectionRefresh,1781,0.03650084909168072,0.0361,,1,0,0
ReflectionRefresh,1782,0.03650084909168072,0.0359,,1,0,0
ReflectionRefresh,1783,0.035898527130484581,0.0356,,1,0,0
ReflectionRefresh,1784,0.036295350582804531,0.0358,,1,0,0
ReflectionRefresh,1785,0.036302437365520746,0.0359,,1,0,0
ReflectionRefresh,1786,0.036302437365520746,0.0359,,1,0,0
ReflectionRefresh,1787,0.037400794099085033,0.037,,1,0,0
ReflectionRefresh,1788,0.036798468499910086,0.0363,,1,0,0
ReflectionRefresh,1789,0.03650084909168072,0.0361,,1,0,0
ReflectionRefresh,1790,0.03650084909168072,0.036,,1,0,0
ReflectionRefresh,1791,0.036600056773750111,0.0362,,1,0,0
ReflectionRefresh,1792,0.036394558264873922,0.0358,,1,0,0
ReflectionRefresh,1793,0.03650084909168072,0.037,,1,0,0
ReflectionRefresh,1794,0.036798468499910086,0.0357,,1,0,0
ReflectionRefresh,1795,0.036104025639360771,0.0357,,1,0,0
ReflectionRefresh,1796,0.035997731174575165,0.0355,,1,0,0
ReflectionRefresh,1797,0.036302437365520746,0.0359,,1,0,0
ReflectionRefresh,1798,0.036600056773750111,0.0363,,1,0,0
ReflectionRefresh,1799,0.036096938856644556,0.0357,,1,0,0
ReflectionRefresh,1800,0.0366992644558195,0.0363,,1,0,0
ReflectionRefresh,1801,0.036302437365520746,0.0359,,1,0,0
ReflectionRefresh,1802,0.036203229683451355,0.0358,,1,0,0
ReflectionRefresh,1803,0.036096938856644556,0.0357,,1,0,0
ReflectionRefresh,1804,0.035898527130484581,0.0356,,1,0,0
ReflectionRefresh,1805,0.036302437365520746,0.0358,,1,0,0
ReflectionRefresh,1806,0.036401645047590137,0.036,,1,0,0
ReflectionRefresh,1807,0.035898527130484581,0.0356,,1,0,0
ReflectionRefresh,1808,0.036401645047590137,0.036,,1,0,0
ReflectionRefresh,1809,0.036096938856644556,0.0357,,1,0,0
ReflectionRefresh,1810,0.035997731174575165,0.0355,,1,0,0
ReflectionRefresh,1811,0.051700681069632992,0.0522,,1,0,0
ReflectionRefresh,1812,0.1112032332457602,0.1098,,1,0,0
ReflectionRefresh,1813,0.048497731768293306,0.0475,,1,0,0
ReflectionRefresh,1814,0.05279903780319728,0.0534,,1,0,0
ReflectionRefresh,1815,0.14270124665927142,0.1426,,1,0,0
ReflectionRefresh,1816,0.21490220387931913,0.2136,,1,0,0
ReflectionRefresh,1817,0.13319870049599558,0.1296,,1,0,0
ReflectionRefresh,1818,0.055201246141223237,0.0543,,1,0,0
ReflectionRefresh,1819,0.040901359170675278,0.0403,,1,0,0
ReflectionRefresh,1820,0.038095236959634349,0.0376,,1,0,0
ReflectionRefresh,1821,0.036401645047590137,0.036,,1,0,0
ReflectionRefresh,1822,0.035600907722255215,0.0353,,1,0,0
ReflectionRefresh,1823,0.036302437365520746,0.0359,,1,0,0
ReflectionRefresh,1824,0.035898527130484581,0.0354,,1,0,0
ReflectionRefresh,1825,0.037195295590208843,0.0368,,1,0,0
ReflectionRefresh,1826,0.03600481795729138,0.0356,,1,0,0
ReflectionRefresh,1827,0.051395974878687412,0.0519,,1,0,0
ReflectionRefresh,1828,0.10960175859509036,0.1089,,1,0,0
ReflectionRefresh,1829,0.11940192780457437,0.1182,,1,0,0
ReflectionRefresh,1830,0.0682964819134213,0.0672,,1,0,0
ReflectionRefresh,1831,0.043898809963138774,0.0428,,1,0,0
ReflectionRefresh,1832,0.0407029474445153,0.0397,,1,0,0
ReflectionRefresh,1833,0.1020975032588467,0.102,,1,0,0
ReflectionRefresh,1834,0.10860260954359546,0.1071,,1,0,0
ReflectionRefresh,1835,0.053103740356164053,0.0521,,1,0,0
ReflectionRefresh,1836,0.040993480070028454,0.0401,,1,0,0
ReflectionRefresh,1837,0.040001417801249772,0.0391,,1,0,0
ReflectionRefresh,1838,0.039200680475914851,0.0385,,1,0,0
ReflectionRefresh,1839,0.03910147279384546,0.0381,,1,0,0
ReflectionRefresh,1840,0.038796770240878686,0.038,,1,0,0
ReflectionRefresh,1841,0.03940617898479104,0.0385,,1,0,0
ReflectionRefresh,1842,0.039498299884144217,0.0385,,1,0,0
ReflectionRefresh,1843,0.03889597428496927,0.0381,,1,0,0
ReflectionRefresh,1844,0.039200680475914851,0.0382,,1,0,0
ReflectionRefresh,1845,0.039002268749754876,0.0382,,1,0,0
ReflectionRefresh,1846,0.039200680475914851,0.0383,,1,0,0
ReflectionRefresh,1847,0.03889597428496927,0.0381,,1,0,0
ReflectionRefresh,1848,0.039002268749754876,0.0381,,1,0,0
ReflectionRefresh,1849,0.03910147279384546,0.0383,,1,0,0
ReflectionRefresh,1850,0.039696711610304192,0.0388,,1,0,0
ReflectionRefresh,1851,0.039200680475914851,0.0383,,1,0,0
ReflectionRefresh,1852,0.039002268749754876,0.0381,,1,0,0
ReflectionRefresh,1853,0.039002268749754876,0.0379,,1,0,0
ReflectionRefresh,1854,0.038697562558809295,0.0379,,1,0,0
ReflectionRefresh,1855,0.038399943150579929,0.0379,,1,0,0
ReflectionRefresh,1856,0.039299888157984242,0.0383,,1,0,0
ReflectionRefresh,1857,0.056299602874787524,0.0563,,1,0,0
ReflectionRefresh,1858,0.15739795344416052,0.1573,,1,0,0
ReflectionRefresh,1859,0.18489937065169215,0.183,,1,0,0
ReflectionRefresh,1860,0.14810090942773968,0.1473,,1,0,0
ReflectionRefresh,1861,0.1360048190690577,0.1338,,1,0,0
ReflectionRefresh,1862,0.0625000029685907,0.0613,,1,0,0
ReflectionRefresh,1863,0.053996598580852151,0.0536,,1,0,0
ReflectionRefresh,1864,0.071499431214760989,0.072,,1,0,0
ReflectionRefresh,1865,0.13720238348469138,0.1353,,1,0,0
ReflectionRefresh,1866,0.071095520979724824,0.0707,,1,0,0
ReflectionRefresh,1867,0.078004537499509752,0.0764,,1,0,0
ReflectionRefresh,1868,0.04149659798713401,0.0407,,1,0,0
ReflectionRefresh,1869,0.037003967008786276,0.0367,,1,0,0
ReflectionRefresh,1870,0.037400794099085033,0.037,,1,0,0
ReflectionRefresh,1871,0.0603954067628365,0.0611,,1,0,0
ReflectionRefresh,1872,0.12930130469612777,0.1279,,1,0,0
ReflectionRefresh,1873,0.070202666393015534,0.0692,,1,0,0
ReflectionRefresh,1874,0.054095806262921542,0.0536,,1,0,0
ReflectionRefresh,1875,0.040299037209479138,0.0398,,1,0,0
ReflectionRefresh,1876,0.038803853385616094,0.0384,,1,0,0
ReflectionRefresh,1877,0.037202382372925058,0.0368,,1,0,0
ReflectionRefresh,1878,0.049199261411558837,0.0494,,1,0,0
ReflectionRefresh,1879,0.097895404906012118,0.097,,1,0,0
ReflectionRefresh,1880,0.049603175284573808,0.0488,,1,0,0
ReflectionRefresh,1881,0.039498299884144217,0.039,,1,0,0
ReflectionRefresh,1882,0.037903912016190588,0.0375,,1,0,0
ReflectionRefresh,1883,0.037294499634299427,0.0368,,1,0,0
ReflectionRefresh,1884,0.037003967008786276,0.0366,,1,0,0
ReflectionRefresh,1885,0.037096087908139452,0.0366,,1,0,0
ReflectionRefresh,1886,0.031703515560366213,0.0312,,1,0,0
ReflectionRefresh,1887,0.03910147279384546,0.0393,,1,0,0
ReflectionRefresh,1888,0.076495183748193085,0.0763,,1,0,0
ReflectionRefresh,1889,0.1131023236666806,0.1115,,1,0,0
ReflectionRefresh,1890,0.045698696339968592,0.045,,1,0,0
ReflectionRefresh,1891,0.0376984135073144,0.0372,,1,0,0
ReflectionRefresh,1892,0.0368055552826263,0.0363,,1,0,0
ReflectionRefresh,1893,0.036798468499910086,0.0371,,1,0,0
ReflectionRefresh,1894,0.041695009713293985,0.0409,,1,0,0
ReflectionRefresh,1895,0.051700681069632992,0.0508,,1,0,0
ReflectionRefresh,1896,0.056001983466558158,0.0555,,1,0,0
ReflectionRefresh,1897,0.039703798393020406,0.039,,1,0,0
ReflectionRefresh,1898,0.03819444464170374,0.0377,,1,0,0
ReflectionRefresh,1899,0.036104025639360771,0.0357,,1,0,0
ReflectionRefresh,1900,0.03650084909168072,0.036,,1,0,0
ReflectionRefresh,1901,0.03650084909168072,0.0361,,1,0,0
ReflectionRefresh,1902,0.036493765946943313,0.036,,1,0,0
ReflectionRefresh,1903,0.0357001117663458,0.0353,,1,0,0
ReflectionRefresh,1904,0.036401645047590137,0.0359,,1,0,0
ReflectionRefresh,1905,0.036401645047590137,0.036,,1,0,0
ReflectionRefresh,1906,0.036096938856644556,0.0357,,1,0,0
ReflectionRefresh,1907,0.03600481795729138,0.0355,,1,0,0
ReflectionRefresh,1908,0.035898527130484581,0.0356,,1,0,0
ReflectionRefresh,1909,0.047101755626499653,0.0467,,1,0,0
ReflectionRefresh,1910,0.051098355470458046,0.0506,,1,0,0
ReflectionRefresh,1911,0.040001417801249772,0.0395,,1,0,0
ReflectionRefresh,1912,0.036600056773750111,0.0361,,1,0,0
ReflectionRefresh,1913,0.036196146538713947,0.0358,,1,0,0
ReflectionRefresh,1914,0.035898527130484581,0.0355,,1,0,0
ReflectionRefresh,1915,0.046804139856249094,0.0463,,1,0,0
ReflectionRefresh,1916,0.038300735468510538,0.0379,,1,0,0
ReflectionRefresh,1917,0.0366992644558195,0.0363,,1,0,0
ReflectionRefresh,1918,0.062896826420910656,0.0637,,1,0,0
ReflectionRefresh,1919,0.14260204625315964,0.1411,,1,0,0
ReflectionRefresh,1920,0.13010203838348389,0.1278,,1,0,0
ReflectionRefresh,1921,0.054499716497957706,0.0536,,1,0,0
ReflectionRefresh,1922,0.039795919292373583,0.0393,,1,0,0
ReflectionRefresh,1923,0.037400794099085033,0.0368,,1,0,0
ReflectionRefresh,1924,0.0376984135073144,0.0372,,1,0,0
ReflectionRefresh,1925,0.03670634760055691,0.0363,,1,0,0
ReflectionRefresh,1926,0.036798468499910086,0.0365,,1,0,0
ReflectionRefresh,1927,0.036295350582804531,0.0358,,1,0,0
ReflectionRefresh,1928,0.036302437365520746,0.0359,,1,0,0
ReflectionRefresh,1929,0.036104025639360771,0.0358,,1,0,0
ReflectionRefresh,1930,0.0366992644558195,0.0363,,1,0,0
ReflectionRefresh,1931,0.035997731174575165,0.0356,,1,0,0
ReflectionRefresh,1932,0.036401645047590137,0.0359,,1,0,0
ReflectionRefresh,1933,0.036600056773750111,0.0361,,1,0,0
ReflectionRefresh,1934,0.035997731174575165,0.0356,,1,0,0
ReflectionRefresh,1935,0.036302437365520746,0.036,,1,0,0
ReflectionRefresh,1936,0.03650084909168072,0.036,,1,0,0
ReflectionRefresh,1937,0.036295350582804531,0.0359,,1,0,0
ReflectionRefresh,1938,0.036203229683451355,0.0357,,1,0,0
ReflectionRefresh,1939,0.036196146538713947,0.0357,,1,0,0
ReflectionRefresh,1940,0.036203229683451355,0.0358,,1,0,0
ReflectionRefresh,1941,0.036295350582804531,0.0359,,1,0,0
ReflectionRefresh,1942,0.036104025639360771,0.0358,,1,0,0
ReflectionRefresh,1943,0.036096938856644556,0.0359,,1,0,0
ReflectionRefresh,1944,0.036203229683451355,0.0357,,1,0,0
ReflectionRefresh,1945,0.036196146538713947,0.0357,,1,0,0
ReflectionRefresh,1946,0.03650084909168072,0.0361,,1,0,0
ReflectionRefresh,1947,0.076204647484701127,0.0762,,1,0,0
ReflectionRefresh,1948,0.056299602874787524,0.0554,,1,0,0
ReflectionRefresh,1949,0.038697562558809295,0.0383,,1,0,0
ReflectionRefresh,1950,0.036897676181979477,0.0365,,1,0,0
ReflectionRefresh,1951,0.036401645047590137,0.0358,,1,0,0
ReflectionRefresh,1952,0.036203229683451355,0.0358,,1,0,0
ReflectionRefresh,1953,0.03650084909168072,0.0361,,1,0,0
ReflectionRefresh,1954,0.036096938856644556,0.0357,,1,0,0
ReflectionRefresh,1955,0.12850057100877166,0.1291,,1,0,0
ReflectionRefresh,1956,0.12259779032319784,0.1213,,1,0,0
ReflectionRefresh,1957,0.054202097089728341,0.0532,,1,0,0
ReflectionRefresh,1958,0.041298186260974035,0.0407,,1,0,0
ReflectionRefresh,1959,0.037599205825245008,0.037,,1,0,0
ReflectionRefresh,1960,0.0368055552826263,0.0364,,1,0,0
ReflectionRefresh,1961,0.036493765946943313,0.0361,,1,0,0
ReflectionRefresh,1962,0.036302437365520746,0.036,,1,0,0
ReflectionRefresh,1963,0.0366992644558195,0.0362,,1,0,0
ReflectionRefresh,1964,0.036600056773750111,0.0362,,1,0,0
ReflectionRefresh,1965,0.036302437365520746,0.0359,,1,0,0
ReflectionRefresh,1966,0.036196146538713947,0.0359,,1,0,0
ReflectionRefresh,1967,0.036302437365520746,0.0359,,1,0,0
ReflectionRefresh,1968,0.035898527130484581,0.0357,,1,0,0
ReflectionRefresh,1969,0.035898527130484581,0.0355,,1,0,0
ReflectionRefresh,1970,0.036600056773750111,0.0362,,1,0,0
ReflectionRefresh,1971,0.03670634760055691,0.0362,,1,0,0
ReflectionRefresh,1972,0.036096938856644556,0.0357,,1,0,0
ReflectionRefresh,1973,0.035997731174575165,0.0357,,1,0,0
ReflectionRefresh,1974,0.036203229683451355,0.0359,,1,0,0
ReflectionRefresh,1975,0.036401645047590137,0.0359,,1,0,0
ReflectionRefresh,1976,0.036196146538713947,0.0358,,1,0,0
ReflectionRefresh,1977,0.051197563152527437,0.0518,,1,0,0
ReflectionRefresh,1978,0.10640589607646689,0.1048,,1,0,0
ReflectionRefresh,1979,0.0494968808197882,0.0488,,1,0,0
ReflectionRefresh,1980,0.097399373771622777,0.0976,,1,0,0
ReflectionRefresh,1981,0.090001420176122338,0.0889,,1,0,0
ReflectionRefresh,1982,0.061699262005276978,0.061,,1,0,0
ReflectionRefresh,1983,0.0666028936393559,0.0667,,1,0,0
ReflectionRefresh,1984,0.11229450319660828,0.1111,,1,0,0
ReflectionRefresh,1985,0.064406180172227323,0.0634,,1,0,0
ReflectionRefresh,1986,0.058900226576952264,0.0585,,1,0,0
ReflectionRefresh,1987,0.061600054323207587,0.061,,1,0,0
ReflectionRefresh,1988,0.06359835242619738,0.0628,,1,0,0
ReflectionRefresh,1989,0.056795634009176865,0.0563,,1,0,0
ReflectionRefresh,1990,0.052203798986738548,0.0516,,1,0,0
ReflectionRefresh,1991,0.06320152897387743,0.0625,,1,0,0
ReflectionRefresh,1992,0.0564980146009475,0.0557,,1,0,0
ReflectionRefresh,1993,0.049900794692803174,0.0509,,1,0,0
ReflectionRefresh,1994,0.050999151426367462,0.0488,,1,0,0
ReflectionRefresh,1995,0.036401645047590137,0.0359,,1,0,0
ReflectionRefresh,1996,0.035898527130484581,0.0355,,1,0,0
ReflectionRefresh,1997,0.03579931944841519,0.0353,,1,0,0
ReflectionRefresh,1998,0.035898527130484581,0.0355,,1,0,0
ReflectionRefresh,1999,0.030498866181005724,0.0301,,1,0,0
ReflectionRefresh,2000,0.0328018722939305,0.0325,,1,0,0
ReflectionRefresh,2001,0.035898527130484581,0.0354,,1,0,0
ReflectionRefresh,2002,0.0357001117663458,0.0353,,1,0,0
ReflectionRefresh,2003,0.074100054916925728,0.0748,,1,0,0
ReflectionRefresh,2004,0.11210317461518571,0.1108,,1,0,0
ReflectionRefresh,2005,0.054797335906187072,0.0541,,1,0,0
ReflectionRefresh,2006,0.0398030060750898,0.0393,,1,0,0
ReflectionRefresh,2007,0.036996883864048868,0.0366,,1,0,0
ReflectionRefresh,2008,0.036401645047590137,0.0358,,1,0,0
ReflectionRefresh,2009,0.053202948038233444,0.053,,1,0,0
ReflectionRefresh,2010,0.042899660911643878,0.0422,,1,0,0
ReflectionRefresh,2011,0.036798468499910086,0.0363,,1,0,0
ReflectionRefresh,2012,0.036302437365520746,0.0359,,1,0,0
ReflectionRefresh,2013,0.035898527130484581,0.0355,,1,0,0
ReflectionRefresh,2014,0.036196146538713947,0.0357,,1,0,0
ReflectionRefresh,2015,0.036203229683451355,0.0357,,1,0,0
ReflectionRefresh,2016,0.036196146538713947,0.0357,,1,0,0
ReflectionRefresh,2017,0.03600481795729138,0.0356,,1,0,0
ReflectionRefresh,2018,0.035898527130484581,0.0354,,1,0,0
ReflectionRefresh,2019,0.036096938856644556,0.0357,,1,0,0
ReflectionRefresh,2020,0.036600056773750111,0.0362,,1,0,0
ReflectionRefresh,2021,0.036203229683451355,0.0358,,1,0,0
ReflectionRefresh,2022,0.03650084909168072,0.0361,,1,0,0
ReflectionRefresh,2023,0.036096938856644556,0.0357,,1,0,0
ReflectionRefresh,2024,0.036401645047590137,0.036,,1,0,0
ReflectionRefresh,2025,0.036401645047590137,0.036,,1,0,0
ReflectionRefresh,2026,0.036096938856644556,0.0357,,1,0,0
ReflectionRefresh,2027,0.036600056773750111,0.0362,,1,0,0
ReflectionRefresh,2028,0.036104025639360771,0.0358,,1,0,0
ReflectionRefresh,2029,0.036394558264873922,0.0359,,1,0,0
ReflectionRefresh,2030,0.036302437365520746,0.0359,,1,0,0
ReflectionRefresh,2031,0.036600056773750111,0.0362,,1,0,0
ReflectionRefresh,2032,0.036203229683451355,0.0358,,1,0,0
ReflectionRefresh,2033,0.036096938856644556,0.0357,,1,0,0
ReflectionRefresh,2034,0.036196146538713947,0.0358,,1,0,0
ReflectionRefresh,2035,0.036203229683451355,0.0359,,1,0,0
ReflectionRefresh,2036,0.040398241253569722,0.0401,,1,0,0
ReflectionRefresh,2037,0.04510345752350986,0.0446,,1,0,0
ReflectionRefresh,2038,0.038300735468510538,0.0377,,1,0,0
ReflectionRefresh,2039,0.0366992644558195,0.0363,,1,0,0
ReflectionRefresh,2040,0.0366992644558195,0.0364,,1,0,0
ReflectionRefresh,2041,0.036096938856644556,0.0357,,1,0,0
ReflectionRefresh,2042,0.036203229683451355,0.0358,,1,0,0
ReflectionRefresh,2043,0.035898527130484581,0.0355,,1,0,0
ReflectionRefresh,2044,0.036302437365520746,0.0359,,1,0,0
ReflectionRefresh,2045,0.036196146538713947,0.0357,,1,0,0
ReflectionRefresh,2046,0.036104025639360771,0.0356,,1,0,0
ReflectionRefresh,2047,0.035898527130484581,0.0355,,1,0,0
ReflectionRefresh,2048,0.036096938856644556,0.0357,,1,0,0
ReflectionRefresh,2049,0.035905613913200796,0.0355,,1,0,0
ReflectionRefresh,2050,0.046499433665303513,0.0462,,1,0,0
ReflectionRefresh,2051,0.034998582123080269,0.0343,,1,0,0
ReflectionRefresh,2052,0.033900225389515981,0.0336,,1,0,0
ReflectionRefresh,2053,0.037096087908139452,0.0366,,1,0,0
ReflectionRefresh,2054,0.036104025639360771,0.0357,,1,0,0
ReflectionRefresh,2055,0.036096938856644556,0.0356,,1,0,0
ReflectionRefresh,2056,0.036104025639360771,0.0356,,1,0,0
ReflectionRefresh,2057,0.036295350582804531,0.0358,,1,0,0
ReflectionRefresh,2058,0.03600481795729138,0.0356,,1,0,0
ReflectionRefresh,2059,0.035997731174575165,0.0356,,1,0,0
ReflectionRefresh,2060,0.036096938856644556,0.0358,,1,0,0
ReflectionRefresh,2061,0.0357001117663458,0.0353,,1,0,0
ReflectionRefresh,2062,0.03600481795729138,0.0355,,1,0,0
ReflectionRefresh,2063,0.036295350582804531,0.0359,,1,0,0
ReflectionRefresh,2064,0.036302437365520746,0.0358,,1,0,0
ReflectionRefresh,2065,0.0564980146009475,0.0573,,1,0,0
ReflectionRefresh,2066,0.13489938282873482,0.1331,,1,0,0
ReflectionRefresh,2067,0.056101191148627549,0.0553,,1,0,0
ReflectionRefresh,2068,0.053698979172622785,0.0542,,1,0,0
ReflectionRefresh,2069,0.10290533100487664,0.1014,,1,0,0
ReflectionRefresh,2070,0.050999151426367462,0.0505,,1,0,0
ReflectionRefresh,2071,0.065398242441006,0.0649,,1,0,0
ReflectionRefresh,2072,0.045301869249669835,0.0445,,1,0,0
ReflectionRefresh,2073,0.037896825233474374,0.0371,,1,0,0
ReflectionRefresh,2074,0.036600056773750111,0.0363,,1,0,0
ReflectionRefresh,2075,0.036401645047590137,0.0359,,1,0,0
ReflectionRefresh,2076,0.03650084909168072,0.036,,1,0,0
ReflectionRefresh,2077,0.036096938856644556,0.0358,,1,0,0
ReflectionRefresh,2078,0.03600481795729138,0.0356,,1,0,0
ReflectionRefresh,2079,0.036096938856644556,0.0358,,1,0,0
ReflectionRefresh,2080,0.035997731174575165,0.0356,,1,0,0
ReflectionRefresh,2081,0.036302437365520746,0.0359,,1,0,0
ReflectionRefresh,2082,0.03579931944841519,0.0353,,1,0,0
ReflectionRefresh,2083,0.0357001117663458,0.0352,,1,0,0
ReflectionRefresh,2084,0.035898527130484581,0.0355,,1,0,0
ReflectionRefresh,2085,0.054003685363568366,0.0537,,1,0,0
ReflectionRefresh,2086,0.039795919292373583,0.0391,,1,0,0
ReflectionRefresh,2087,0.036798468499910086,0.0363,,1,0,0
ReflectionRefresh,2088,0.055201246141223237,0.0557,,1,0,0
ReflectionRefresh,2089,0.10590277815936133,0.1046,,1,0,0
ReflectionRefresh,2090,0.051998300477862358,0.051,,1,0,0
ReflectionRefresh,2091,0.039399092202074826,0.0389,,1,0,0
ReflectionRefresh,2092,0.037705500290030614,0.037,,1,0,0
ReflectionRefresh,2093,0.0366992644558195,0.0371,,1,0,0
ReflectionRefresh,2094,0.0376984135073144,0.0365,,1,0,0
ReflectionRefresh,2095,0.036302437365520746,0.0357,,1,0,0
ReflectionRefresh,2096,0.035997731174575165,0.0356,,1,0,0
ReflectionRefresh,2097,0.035997731174575165,0.0356,,1,0,0
ReflectionRefresh,2098,0.0366992644558195,0.0362,,1,0,0
ReflectionRefresh,2099,0.03600481795729138,0.0356,,1,0,0
ReflectionRefresh,2100,0.035898527130484581,0.0355,,1,0,0
ReflectionRefresh,2101,0.036196146538713947,0.0358,,1,0,0
ReflectionRefresh,2102,0.036104025639360771,0.0356,,1,0,0
ReflectionRefresh,2103,0.036096938856644556,0.0357,,1,0,0
ReflectionRefresh,2104,0.03579931944841519,0.0354,,1,0,0
ReflectionRefresh,2105,0.036401645047590137,0.0359,,1,0,0
ReflectionRefresh,2106,0.036302437365520746,0.0358,,1,0,0
ReflectionRefresh,2107,0.03650084909168072,0.0361,,1,0,0
ReflectionRefresh,2108,0.036295350582804531,0.0359,,1,0,0
ReflectionRefresh,2109,0.044905045797349885,0.0449,,1,0,0
ReflectionRefresh,2110,0.0455994886578992,0.0447,,1,0,0
ReflectionRefresh,2111,0.035196993849240243,0.0347,,1,0,0
ReflectionRefresh,2112,0.037301586417015642,0.0369,,1,0,0
ReflectionRefresh,2113,0.036401645047590137,0.036,,1,0,0
ReflectionRefresh,2114,0.036096938856644556,0.0357,,1,0,0
ReflectionRefresh,2115,0.036302437365520746,0.0359,,1,0,0
ReflectionRefresh,2116,0.040100621845340356,0.0397,,1,0,0
ReflectionRefresh,2117,0.035898527130484581,0.0355,,1,0,0
ReflectionRefresh,2118,0.035997731174575165,0.0356,,1,0,0
ReflectionRefresh,2119,0.0357001117663458,0.0354,,1,0,0
ReflectionRefresh,2120,0.035600907722255215,0.0352,,1,0,0
ReflectionRefresh,2121,0.035997731174575165,0.0356,,1,0,0
ReflectionRefresh,2122,0.048802437959238887,0.0494,,1,0,0
ReflectionRefresh,2123,0.12200255150673911,0.1214,,1,0,0
ReflectionRefresh,2124,0.11769415868911892,0.1168,,1,0,0
ReflectionRefresh,2125,0.12930130469612777,0.1289,,1,0,0
ReflectionRefresh,2126,0.18520408775657415,0.1842,,1,0,0
ReflectionRefresh,2127,0.1367984659736976,0.1366,,1,0,0
ReflectionRefresh,2128,0.16960034554358572,0.1675,,1,0,0
ReflectionRefresh,2129,0.14010063023306429,0.1397,,1,0,0
ReflectionRefresh,2130,0.13809524534735829,0.1365,,1,0,0
ReflectionRefresh,2131,0.12230017455294728,0.121,,1,0,0
ReflectionRefresh,2132,0.055201246141223237,0.0542,,1,0,0
ReflectionRefresh,2133,0.040199829527409747,0.0397,,1,0,0
ReflectionRefresh,2134,0.037103174690855667,0.0366,,1,0,0
ReflectionRefresh,2135,0.036401645047590137,0.0359,,1,0,0
ReflectionRefresh,2136,0.036295350582804531,0.036,,1,0,0
ReflectionRefresh,2137,0.036104025639360771,0.0358,,1,0,0
ReflectionRefresh,2138,0.048894558858592063,0.049,,1,0,0
ReflectionRefresh,2139,0.07080499199219048,0.0697,,1,0,0
ReflectionRefresh,2140,0.0425949547206983,0.0421,,1,0,0
ReflectionRefresh,2141,0.037400794099085033,0.037,,1,0,0
ReflectionRefresh,2142,0.036401645047590137,0.036,,1,0,0
ReflectionRefresh,2143,0.035898527130484581,0.0355,,1,0,0
ReflectionRefresh,2144,0.03600481795729138,0.0357,,1,0,0
ReflectionRefresh,2145,0.037195295590208843,0.0368,,1,0,0
ReflectionRefresh,2146,0.0625000029685907,0.062,,1,0,0
ReflectionRefresh,2147,0.04109977453481406,0.0405,,1,0,0
ReflectionRefresh,2148,0.036798468499910086,0.0363,,1,0,0
ReflectionRefresh,2149,0.036401645047590137,0.036,,1,0,0
ReflectionRefresh,2150,0.035898527130484581,0.0355,,1,0,0
ReflectionRefresh,2151,0.0357001117663458,0.0354,,1,0,0
ReflectionRefresh,2152,0.03600481795729138,0.0355,,1,0,0
ReflectionRefresh,2153,0.03650084909168072,0.0361,,1,0,0
ReflectionRefresh,2154,0.035898527130484581,0.0355,,1,0,0
ReflectionRefresh,2155,0.035898527130484581,0.0356,,1,0,0
ReflectionRefresh,2156,0.036096938856644556,0.0357,,1,0,0
ReflectionRefresh,2157,0.035905613913200796,0.0356,,1,0,0
ReflectionRefresh,2158,0.036196146538713947,0.0357,,1,0,0
ReflectionRefresh,2159,0.10790107626235113,0.1092,,1,0,0
ReflectionRefresh,2160,0.16349914949387312,0.1616,,1,0,0
ReflectionRefresh,2161,0.0844033420435153,0.0831,,1,0,0
ReflectionRefresh,2162,0.04749858271679841,0.0463,,1,0,0
ReflectionRefresh,2163,0.036996883864048868,0.0365,,1,0,0
ReflectionRefresh,2164,0.036104025639360771,0.0357,,1,0,0
ReflectionRefresh,2165,0.03650084909168072,0.0362,,1,0,0
ReflectionRefresh,2166,0.036798468499910086,0.0363,,1,0,0
ReflectionRefresh,2167,0.036096938856644556,0.0358,,1,0,0
ReflectionRefresh,2168,0.036302437365520746,0.0357,,1,0,0
ReflectionRefresh,2169,0.058701814850792289,0.059,,1,0,0
ReflectionRefresh,2170,0.1030966523103416,0.1032,,1,0,0
ReflectionRefresh,2171,0.15989936946425587,0.1579,,1,0,0
ReflectionRefresh,2172,0.084204933955334127,0.0833,,1,0,0
ReflectionRefresh,2173,0.060898524679942057,0.06,,1,0,0
ReflectionRefresh,2174,0.0842970548546873,0.0854,,1,0,0
ReflectionRefresh,2175,0.1986040297197178,0.1963,,1,0,0
ReflectionRefresh,2176,0.10329506767448038,0.1018,,1,0,0
ReflectionRefresh,2177,0.050205497245769948,0.0493,,1,0,0
ReflectionRefresh,2178,0.051693594286916777,0.0516,,1,0,0
ReflectionRefresh,2179,0.087103173427749425,0.0858,,1,0,0
ReflectionRefresh,2180,0.046003402530914173,0.0448,,1,0,0
ReflectionRefresh,2181,0.038293652323773131,0.0378,,1,0,0
ReflectionRefresh,2182,0.057206631026929244,0.058,,1,0,0
ReflectionRefresh,2183,0.15899943537078798,0.1585,,1,0,0
ReflectionRefresh,2184,0.16589427832514048,0.1643,,1,0,0
ReflectionRefresh,2185,0.1332057872787118,0.1329,,1,0,0
ReflectionRefresh,2186,0.14329647819977254,0.1414,,1,0,0
ReflectionRefresh,2187,0.059403344494057819,0.0582,,1,0,0
ReflectionRefresh,2188,0.045294786104932427,0.0445,,1,0,0
ReflectionRefresh,2189,0.043204363464610651,0.0424,,1,0,0
ReflectionRefresh,2190,0.04149659798713401,0.0406,,1,0,0
ReflectionRefresh,2191,0.041198978578904644,0.0403,,1,0,0
ReflectionRefresh,2192,0.0417020964960102,0.0407,,1,0,0
ReflectionRefresh,2193,0.040802155126584694,0.0407,,1,0,0
ReflectionRefresh,2194,0.041695009713293985,0.0398,,1,0,0
ReflectionRefresh,2195,0.050106293201679364,0.0498,,1,0,0
ReflectionRefresh,2196,0.080895690189208835,0.0795,,1,0,0
ReflectionRefresh,2197,0.041900511860148981,0.0414,,1,0,0
ReflectionRefresh,2198,0.036798468499910086,0.0364,,1,0,0
ReflectionRefresh,2199,0.03600481795729138,0.0355,,1,0,0
ReflectionRefresh,2200,0.035600907722255215,0.0352,,1,0,0
ReflectionRefresh,2201,0.035395409213379025,0.0351,,1,0,0
ReflectionRefresh,2202,0.035303288314025849,0.0348,,1,0,0
ReflectionRefresh,2203,0.035494613257469609,0.0351,,1,0,0
ReflectionRefresh,2204,0.035303288314025849,0.0349,,1,0,0
ReflectionRefresh,2205,0.035196993849240243,0.0348,,1,0,0
ReflectionRefresh,2206,0.064299885707441717,0.064,,1,0,0
ReflectionRefresh,2207,0.037606292607961223,0.037,,1,0,0
ReflectionRefresh,2208,0.035494613257469609,0.035,,1,0,0
ReflectionRefresh,2209,0.040100621845340356,0.0397,,1,0,0
ReflectionRefresh,2210,0.03579931944841519,0.0353,,1,0,0
ReflectionRefresh,2211,0.03600481795729138,0.0355,,1,0,0
ReflectionRefresh,2212,0.03650084909168072,0.036,,1,0,0
ReflectionRefresh,2213,0.035898527130484581,0.0354,,1,0,0
ReflectionRefresh,2214,0.035898527130484581,0.0356,,1,0,0
ReflectionRefresh,2215,0.035997731174575165,0.0354,,1,0,0
ReflectionRefresh,2216,0.0357001117663458,0.0353,,1,0,0
ReflectionRefresh,2217,0.036302437365520746,0.0359,,1,0,0
ReflectionRefresh,2218,0.035997731174575165,0.0356,,1,0,0
ReflectionRefresh,2219,0.036203229683451355,0.0358,,1,0,0
ReflectionRefresh,2220,0.036196146538713947,0.0357,,1,0,0
ReflectionRefresh,2221,0.03579931944841519,0.0355,,1,0,0
ReflectionRefresh,2222,0.036203229683451355,0.0357,,1,0,0
ReflectionRefresh,2223,0.036302437365520746,0.0357,,1,0,0
ReflectionRefresh,2224,0.03579931944841519,0.0354,,1,0,0
ReflectionRefresh,2225,0.035898527130484581,0.0355,,1,0,0
ReflectionRefresh,2226,0.035997731174575165,0.0356,,1,0,0
ReflectionRefresh,2227,0.03600481795729138,0.0355,,1,0,0
ReflectionRefresh,2228,0.036096938856644556,0.0357,,1,0,0
ReflectionRefresh,2229,0.036302437365520746,0.036,,1,0,0
ReflectionRefresh,2230,0.036096938856644556,0.0355,,1,0,0
ReflectionRefresh,2231,0.0357001117663458,0.0353,,1,0,0
ReflectionRefresh,2232,0.035997731174575165,0.0357,,1,0,0
ReflectionRefresh,2233,0.03600481795729138,0.0356,,1,0,0
ReflectionRefresh,2234,0.036196146538713947,0.0358,,1,0,0
ReflectionRefresh,2235,0.036600056773750111,0.036,,1,0,0
ReflectionRefresh,2236,0.03579931944841519,0.0354,,1,0,0
ReflectionRefresh,2237,0.040199829527409747,0.0398,,1,0,0
ReflectionRefresh,2238,0.036104025639360771,0.0357,,1,0,0
ReflectionRefresh,2239,0.035501700040185824,0.0351,,1,0,0
ReflectionRefresh,2240,0.0357001117663458,0.0353,,1,0,0
ReflectionRefresh,2241,0.035898527130484581,0.0354,,1,0,0
ReflectionRefresh,2242,0.035898527130484581,0.0355,,1,0,0
ReflectionRefresh,2243,0.0357001117663458,0.0353,,1,0,0
ReflectionRefresh,2244,0.0357001117663458,0.0352,,1,0,0
ReflectionRefresh,2245,0.035898527130484581,0.0355,,1,0,0
ReflectionRefresh,2246,0.03579931944841519,0.0355,,1,0,0
ReflectionRefresh,2247,0.0357001117663458,0.0353,,1,0,0
ReflectionRefresh,2248,0.03579931944841519,0.0353,,1,0,0
ReflectionRefresh,2249,0.03600481795729138,0.0357,,1,0,0
ReflectionRefresh,2250,0.0357001117663458,0.0353,,1,0,0
ReflectionRefresh,2251,0.03579931944841519,0.0354,,1,0,0
ReflectionRefresh,2252,0.035898527130484581,0.0355,,1,0,0
ReflectionRefresh,2253,0.035501700040185824,0.0351,,1,0,0
ReflectionRefresh,2254,0.035997731174575165,0.0355,,1,0,0
ReflectionRefresh,2255,0.035501700040185824,0.0352,,1,0,0
ReflectionRefresh,2256,0.036096938856644556,0.0356,,1,0,0
ReflectionRefresh,2257,0.035997731174575165,0.0356,,1,0,0
ReflectionRefresh,2258,0.035905613913200796,0.0356,,1,0,0
ReflectionRefresh,2259,0.03579931944841519,0.0354,,1,0,0
ReflectionRefresh,2260,0.0357001117663458,0.0353,,1,0,0
ReflectionRefresh,2261,0.084899373177904636,0.0862,,1,0,0
ReflectionRefresh,2262,0.17799745546653867,0.1759,,1,0,0
ReflectionRefresh,2263,0.081901926023419946,0.0807,,1,0,0
ReflectionRefresh,2264,0.062599203374702483,0.0617,,1,0,0
ReflectionRefresh,2265,0.049100057367468253,0.0484,,1,0,0
ReflectionRefresh,2266,0.038003119698259979,0.0375,,1,0,0
ReflectionRefresh,2267,0.0366992644558195,0.0363,,1,0,0
ReflectionRefresh,2268,0.036196146538713947,0.0359,,1,0,0
ReflectionRefresh,2269,0.036104025639360771,0.0356,,1,0,0
ReflectionRefresh,2270,0.035600907722255215,0.0352,,1,0,0
ReflectionRefresh,2271,0.035593820939539,0.0353,,1,0,0
ReflectionRefresh,2272,0.0357001117663458,0.0353,,1,0,0
ReflectionRefresh,2273,0.03650084909168072,0.0361,,1,0,0
ReflectionRefresh,2274,0.035600907722255215,0.0352,,1,0,0
ReflectionRefresh,2275,0.035898527130484581,0.0355,,1,0,0
ReflectionRefresh,2276,0.03540249599609524,0.035,,1,0,0
ReflectionRefresh,2277,0.036203229683451355,0.0358,,1,0,0
ReflectionRefresh,2278,0.0357001117663458,0.0354,,1,0,0
ReflectionRefresh,2279,0.035494613257469609,0.035,,1,0,0
ReflectionRefresh,2280,0.036302437365520746,0.0358,,1,0,0
ReflectionRefresh,2281,0.035997731174575165,0.0356,,1,0,0
ReflectionRefresh,2282,0.035501700040185824,0.035,,1,0,0
ReflectionRefresh,2283,0.035600907722255215,0.0353,,1,0,0
ReflectionRefresh,2284,0.064399093389511108,0.0655,,1,0,0
ReflectionRefresh,2285,0.12810374028049409,0.1264,,1,0,0
ReflectionRefresh,2286,0.083893137343693525,0.0827,,1,0,0
ReflectionRefresh,2287,0.045004253479419276,0.0443,,1,0,0
ReflectionRefresh,2288,0.037400794099085033,0.0368,,1,0,0
ReflectionRefresh,2289,0.055697277275612578,0.0567,,1,0,0
ReflectionRefresh,2290,0.14399801148101687,0.1425,,1,0,0
ReflectionRefresh,2291,0.0924036285141483,0.091,,1,0,0
ReflectionRefresh,2292,0.047796202125027776,0.0473,,1,0,0
ReflectionRefresh,2293,0.039505386666860431,0.0399,,1,0,0
ReflectionRefresh,2294,0.037896825233474374,0.0366,,1,0,0
ReflectionRefresh,2295,0.036798468499910086,0.0363,,1,0,0
ReflectionRefresh,2296,0.036104025639360771,0.0358,,1,0,0
ReflectionRefresh,2297,0.036196146538713947,0.0357,,1,0,0
ReflectionRefresh,2298,0.036203229683451355,0.036,,1,0,0
ReflectionRefresh,2299,0.035898527130484581,0.0355,,1,0,0
ReflectionRefresh,2300,0.0357001117663458,0.0353,,1,0,0
ReflectionRefresh,2301,0.03579931944841519,0.0355,,1,0,0
ReflectionRefresh,2302,0.03579931944841519,0.0353,,1,0,0
ReflectionRefresh,2303,0.035501700040185824,0.0351,,1,0,0
ReflectionRefresh,2304,0.03540249599609524,0.035,,1,0,0
ReflectionRefresh,2305,0.035296201531309634,0.0349,,1,0,0
ReflectionRefresh,2306,0.035898527130484581,0.0355,,1,0,0
ReflectionRefresh,2307,0.0357001117663458,0.0354,,1,0,0
ReflectionRefresh,2308,0.035806406231131405,0.0354,,1,0,0
ReflectionRefresh,2309,0.035494613257469609,0.0351,,1,0,0
ReflectionRefresh,2310,0.035600907722255215,0.0351,,1,0,0
ReflectionRefresh,2311,0.03579931944841519,0.0353,,1,0,0
ReflectionRefresh,2312,0.035600907722255215,0.0352,,1,0,0
ReflectionRefresh,2313,0.0357001117663458,0.0353,,1,0,0
ReflectionRefresh,2314,0.035501700040185824,0.0351,,1,0,0
ReflectionRefresh,2315,0.045401076931739226,0.0451,,1,0,0
ReflectionRefresh,2316,0.036996883864048868,0.0365,,1,0,0
ReflectionRefresh,2317,0.03579931944841519,0.0353,,1,0,0
ReflectionRefresh,2318,0.03579931944841519,0.0354,,1,0,0
ReflectionRefresh,2319,0.035600907722255215,0.0352,,1,0,0
ReflectionRefresh,2320,0.03600481795729138,0.0356,,1,0,0
ReflectionRefresh,2321,0.03579931944841519,0.0354,,1,0,0
ReflectionRefresh,2322,0.035997731174575165,0.0356,,1,0,0
ReflectionRefresh,2323,0.035898527130484581,0.0356,,1,0,0
ReflectionRefresh,2324,0.0357001117663458,0.0353,,1,0,0
ReflectionRefresh,2325,0.035501700040185824,0.0352,,1,0,0
ReflectionRefresh,2326,0.051395974878687412,0.0522,,1,0,0
ReflectionRefresh,2327,0.10780186858028173,0.1062,,1,0,0
ReflectionRefresh,2328,0.073604023782536387,0.0737,,1,0,0
ReflectionRefresh,2329,0.097399373771622777,0.0969,,1,0,0
ReflectionRefresh,2330,0.11320153134875,0.1121,,1,0,0
ReflectionRefresh,2331,0.0494968808197882,0.0486,,1,0,0
ReflectionRefresh,2332,0.038796770240878686,0.0384,,1,0,0
ReflectionRefresh,2333,0.036203229683451355,0.0357,,1,0,0
ReflectionRefresh,2334,0.036096938856644556,0.0357,,1,0,0
ReflectionRefresh,2335,0.035600907722255215,0.0352,,1,0,0
ReflectionRefresh,2336,0.035303288314025849,0.035,,1,0,0
ReflectionRefresh,2337,0.035296201531309634,0.0349,,1,0,0
ReflectionRefresh,2338,0.035303288314025849,0.0349,,1,0,0
ReflectionRefresh,2339,0.03540249599609524,0.0351,,1,0,0
ReflectionRefresh,2340,0.03579931944841519,0.0354,,1,0,0
ReflectionRefresh,2341,0.035593820939539,0.0353,,1,0,0
ReflectionRefresh,2342,0.03540249599609524,0.0349,,1,0,0
ReflectionRefresh,2343,0.035501700040185824,0.0351,,1,0,0
ReflectionRefresh,2344,0.0357001117663458,0.0354,,1,0,0
ReflectionRefresh,2345,0.035600907722255215,0.0351,,1,0,0
ReflectionRefresh,2346,0.035296201531309634,0.0349,,1,0,0
ReflectionRefresh,2347,0.0357001117663458,0.0353,,1,0,0
ReflectionRefresh,2348,0.03540249599609524,0.035,,1,0,0
ReflectionRefresh,2349,0.035898527130484581,0.0355,,1,0,0
ReflectionRefresh,2350,0.0398030060750898,0.0394,,1,0,0
ReflectionRefresh,2351,0.035898527130484581,0.0355,,1,0,0
ReflectionRefresh,2352,0.035196993849240243,0.0348,,1,0,0
ReflectionRefresh,2353,0.035600907722255215,0.0353,,1,0,0
ReflectionRefresh,2354,0.042998864955734462,0.0425,,1,0,0
ReflectionRefresh,2355,0.037003967008786276,0.0366,,1,0,0
ReflectionRefresh,2356,0.03579931944841519,0.0353,,1,0,0
ReflectionRefresh,2357,0.0357001117663458,0.0352,,1,0,0
ReflectionRefresh,2358,0.03579931944841519,0.0354,,1,0,0
ReflectionRefresh,2359,0.035600907722255215,0.0353,,1,0,0
ReflectionRefresh,2360,0.035395409213379025,0.0349,,1,0,0
ReflectionRefresh,2361,0.035600907722255215,0.0352,,1,0,0
ReflectionRefresh,2362,0.03600481795729138,0.0359,,1,0,0
ReflectionRefresh,2363,0.06359835242619738,0.0633,,1,0,0
ReflectionRefresh,2364,0.059998583310516551,0.0592,,1,0,0
ReflectionRefresh,2365,0.046102606575004756,0.0453,,1,0,0
ReflectionRefresh,2366,0.037096087908139452,0.0366,,1,0,0
ReflectionRefresh,2367,0.035600907722255215,0.0353,,1,0,0
ReflectionRefresh,2368,0.035898527130484581,0.0354,,1,0,0
ReflectionRefresh,2369,0.035501700040185824,0.0351,,1,0,0
ReflectionRefresh,2370,0.035600907722255215,0.0352,,1,0,0
ReflectionRefresh,2371,0.03579931944841519,0.0353,,1,0,0
ReflectionRefresh,2372,0.0357001117663458,0.0353,,1,0,0
ReflectionRefresh,2373,0.035600907722255215,0.0352,,1,0,0
ReflectionRefresh,2374,0.0357001117663458,0.0353,,1,0,0
ReflectionRefresh,2375,0.035600907722255215,0.0351,,1,0,0
ReflectionRefresh,2376,0.057100340200122446,0.0568,,1,0,0
ReflectionRefresh,2377,0.039498299884144217,0.0389,,1,0,0
ReflectionRefresh,2378,0.035997731174575165,0.0357,,1,0,0
ReflectionRefresh,2379,0.035501700040185824,0.035,,1,0,0
ReflectionRefresh,2380,0.035204080631956458,0.0348,,1,0,0
ReflectionRefresh,2381,0.03509778980514966,0.0347,,1,0,0
ReflectionRefresh,2382,0.0357001117663458,0.0353,,1,0,0
ReflectionRefresh,2383,0.03579931944841519,0.0354,,1,0,0
ReflectionRefresh,2384,0.035501700040185824,0.0351,,1,0,0
ReflectionRefresh,2385,0.035296201531309634,0.0351,,1,0,0
ReflectionRefresh,2386,0.03540249599609524,0.0349,,1,0,0
ReflectionRefresh,2387,0.03509778980514966,0.0347,,1,0,0
ReflectionRefresh,2388,0.0357001117663458,0.0352,,1,0,0
ReflectionRefresh,2389,0.03540249599609524,0.035,,1,0,0
ReflectionRefresh,2390,0.035501700040185824,0.0351,,1,0,0
ReflectionRefresh,2391,0.035296201531309634,0.0349,,1,0,0
ReflectionRefresh,2392,0.035898527130484581,0.0355,,1,0,0
ReflectionRefresh,2393,0.034998582123080269,0.0354,,1,0,0
ReflectionRefresh,2394,0.036302437365520746,0.0351,,1,0,0
ReflectionRefresh,2395,0.035303288314025849,0.0349,,1,0,0
ReflectionRefresh,2396,0.03509778980514966,0.0348,,1,0,0
ReflectionRefresh,2397,0.035303288314025849,0.0348,,1,0,0
ReflectionRefresh,2398,0.035494613257469609,0.0351,,1,0,0
ReflectionRefresh,2399,0.035204080631956458,0.0348,,1,0,0
ReflectionsOff,0,0.17940050747711211,0.1785,,1,0,0
ReflectionsOff,1,0.16690051415935159,0.165,,1,0,0
ReflectionsOff,2,0.095599491032771766,0.0942,,1,0,0
ReflectionsOff,3,0.062096085457596928,0.061,,1,0,0
ReflectionsOff,4,0.087103173427749425,0.0882,,1,0,0
ReflectionsOff,5,0.21140163880772889,0.2093,,1,0,0
ReflectionsOff,6,0.10049602860817686,0.0998,,1,0,0
ReflectionsOff,7,0.076105439802631736,0.0749,,1,0,0
ReflectionsOff,8,0.041695009713293985,0.0411,,1,0,0
ReflectionsOff,9,0.047101755626499653,0.0477,,1,0,0
ReflectionsOff,10,0.096400224720127881,0.0951,,1,0,0
ReflectionsOff,11,0.045897108066128567,0.0449,,1,0,0
ReflectionsOff,12,0.044104308472014964,0.0448,,1,0,0
ReflectionsOff,13,0.10949546413030475,0.1084,,1,0,0
ReflectionsOff,14,0.04510345752350986,0.0443,,1,0,0
ReflectionsOff,15,0.027501417207531631,0.027,,1,0,0
ReflectionsOff,16,0.03169642877765,0.0315,,1,0,0
ReflectionsOff,17,0.034998582123080269,0.0346,,1,0,0
ReflectionsOff,18,0.034403343306621537,0.0339,,1,0,0
ReflectionsOff,19,0.034098640753654763,0.0338,,1,0,0
ReflectionsOff,20,0.034502550988690928,0.0342,,1,0,0
ReflectionsOff,21,0.0347009627148509,0.0343,,1,0,0
ReflectionsOff,22,0.033793934562709183,0.0333,,1,0,0
ReflectionsOff,23,0.034502550988690928,0.035,,1,0,0
ReflectionsOff,24,0.03509778980514966,0.0339,,1,0,0
ReflectionsOff,25,0.051906179578509182,0.052,,1,0,0
ReflectionsOff,26,0.11519982945173979,0.1146,,1,0,0
ReflectionsOff,27,0.096598640084266663,0.0953,,1,0,0
ReflectionsOff,28,0.058099489251617342,0.058,,1,0,0
ReflectionsOff,29,0.12320010864641517,0.1225,,1,0,0
ReflectionsOff,30,0.12969813542440534,0.129,,1,0,0
ReflectionsOff,31,0.096499432402197272,0.0955,,1,0,0
ReflectionsOff,32,0.05279903780319728,0.0515,,1,0,0
ReflectionsOff,33,0.040100621845340356,0.0394,,1,0,0
ReflectionsOff,34,0.048504818551009521,0.0486,,1,0,0
ReflectionsOff,35,0.0743976779631339,0.073,,1,0,0
ReflectionsOff,36,0.052097504521952942,0.0512,,1,0,0
ReflectionsOff,37,0.0407029474445153,0.0398,,1,0,0
ReflectionsOff,38,0.042602041503414512,0.0419,,1,0,0
ReflectionsOff,39,0.037096087908139452,0.0361,,1,0,0
ReflectionsOff,40,0.037301586417015642,0.0366,,1,0,0
ReflectionsOff,41,0.037400794099085033,0.0366,,1,0,0
ReflectionsOff,42,0.036996883864048868,0.036,,1,0,0
ReflectionsOff,43,0.050503116653999314,0.0505,,1,0,0
ReflectionsOff,44,0.10449971887283027,0.1031,,1,0,0
ReflectionsOff,45,0.048696143494453281,0.0475,,1,0,0
ReflectionsOff,46,0.037903912016190588,0.0374,,1,0,0
ReflectionsOff,47,0.035600907722255215,0.0352,,1,0,0
ReflectionsOff,48,0.034800170396920294,0.0343,,1,0,0
ReflectionsOff,49,0.034297052479814738,0.0339,,1,0,0
ReflectionsOff,50,0.035303288314025849,0.0348,,1,0,0
ReflectionsOff,51,0.034899378078989685,0.0345,,1,0,0
ReflectionsOff,52,0.034197844797745347,0.0338,,1,0,0
ReflectionsOff,53,0.034502550988690928,0.0342,,1,0,0
ReflectionsOff,54,0.034998582123080269,0.0345,,1,0,0
ReflectionsOff,55,0.034297052479814738,0.034,,1,0,0
ReflectionsOff,56,0.05080073606222868,0.0504,,1,0,0
ReflectionsOff,57,0.036203229683451355,0.0357,,1,0,0
ReflectionsOff,58,0.0347009627148509,0.0343,,1,0,0
ReflectionsOff,59,0.034594671888044104,0.0341,,1,0,0
ReflectionsOff,60,0.034204931580461562,0.0338,,1,0,0
ReflectionsOff,61,0.034396260161884129,0.034,,1,0,0
ReflectionsOff,62,0.034403343306621537,0.034,,1,0,0
ReflectionsOff,63,0.038598354876739904,0.0386,,1,0,0
ReflectionsOff,64,0.037896825233474374,0.0367,,1,0,0
ReflectionsOff,65,0.034204931580461562,0.0336,,1,0,0
ReflectionsOff,66,0.033999433071585372,0.0336,,1,0,0
ReflectionsOff,67,0.034098640753654763,0.0337,,1,0,0
ReflectionsOff,68,0.033900225389515981,0.0336,,1,0,0
ReflectionsOff,69,0.034396260161884129,0.034,,1,0,0
ReflectionsOff,70,0.034105723898392171,0.0339,,1,0,0
ReflectionsOff,71,0.028698979804175906,0.0281,,1,0,0
ReflectionsOff,72,0.044699547288473696,0.0453,,1,0,0
ReflectionsOff,73,0.10080073843710124,0.0996,,1,0,0
ReflectionsOff,74,0.042998864955734462,0.0419,,1,0,0
ReflectionsOff,75,0.033496315154479817,0.0331,,1,0,0
ReflectionsOff,76,0.060005670093232766,0.0607,,1,0,0
ReflectionsOff,77,0.14069586177356541,0.1392,,1,0,0
ReflectionsOff,78,0.11490221368148923,0.1159,,1,0,0
ReflectionsOff,79,0.18539540178608149,0.1832,,1,0,0
ReflectionsOff,80,0.12630385754164308,0.1246,,1,0,0
ReflectionsOff,81,0.06320152897387743,0.0631,,1,0,0
ReflectionsOff,82,0.10790107626235113,0.1066,,1,0,0
ReflectionsOff,83,0.0366992644558195,0.036,,1,0,0
ReflectionsOff,84,0.032695577829144895,0.0323,,1,0,0
ReflectionsOff,85,0.035501700040185824,0.0351,,1,0,0
ReflectionsOff,86,0.034601758670760319,0.0343,,1,0,0
ReflectionsOff,87,0.029202097721281461,0.0288,,1,0,0
ReflectionsOff,88,0.031398809369420633,0.0312,,1,0,0
ReflectionsOff,89,0.059700963902287185,0.0602,,1,0,0
ReflectionsOff,90,0.12609835539478809,0.1255,,1,0,0
ReflectionsOff,91,0.11799886851804331,0.1173,,1,0,0
ReflectionsOff,92,0.10179988748859614,0.1008,,1,0,0
ReflectionsOff,93,0.0586026071687229,0.0576,,1,0,0
ReflectionsOff,94,0.034098640753654763,0.0335,,1,0,0
ReflectionsOff,95,0.038796770240878686,0.0384,,1,0,0
ReflectionsOff,96,0.03600481795729138,0.0356,,1,0,0
ReflectionsOff,97,0.02979733471875079,0.0295,,1,0,0
ReflectionsOff,98,0.031299601687351242,0.031,,1,0,0
ReflectionsOff,99,0.03509778980514966,0.0347,,1,0,0
ReflectionsOff,100,0.0347009627148509,0.0343,,1,0,0
ReflectionsOff,101,0.034899378078989685,0.0345,,1,0,0
ReflectionsOff,102,0.034998582123080269,0.0346,,1,0,0
ReflectionsOff,103,0.035204080631956458,0.0347,,1,0,0
ReflectionsOff,104,0.03540249599609524,0.0352,,1,0,0
ReflectionsOff,105,0.034998582123080269,0.0346,,1,0,0
ReflectionsOff,106,0.034495464205974713,0.0341,,1,0,0
ReflectionsOff,107,0.035204080631956458,0.0348,,1,0,0
ReflectionsOff,108,0.035196993849240243,0.0349,,1,0,0
ReflectionsOff,109,0.035204080631956458,0.0349,,1,0,0
ReflectionsOff,110,0.034998582123080269,0.0347,,1,0,0
ReflectionsOff,111,0.034800170396920294,0.0343,,1,0,0
ReflectionsOff,112,0.034800170396920294,0.0343,,1,0,0
ReflectionsOff,113,0.029195010938565247,0.0288,,1,0,0
ReflectionsOff,114,0.031604307878296822,0.0313,,1,0,0
ReflectionsOff,115,0.034899378078989685,0.0345,,1,0,0
ReflectionsOff,116,0.034800170396920294,0.0344,,1,0,0
ReflectionsOff,117,0.034800170396920294,0.0343,,1,0,0
ReflectionsOff,118,0.059601756220217794,0.0595,,1,0,0
ReflectionsOff,119,0.034297052479814738,0.0333,,1,0,0
ReflectionsOff,120,0.031597221095580608,0.0313,,1,0,0
ReflectionsOff,121,0.035204080631956458,0.0348,,1,0,0
ReflectionsOff,122,0.034601758670760319,0.0341,,1,0,0
ReflectionsOff,123,0.042098923586308956,0.0428,,1,0,0
ReflectionsOff,124,0.054896543588256463,0.0543,,1,0,0
ReflectionsOff,125,0.10430130350869149,0.1031,,1,0,0
ReflectionsOff,126,0.10389739327365533,0.1044,,1,0,0
ReflectionsOff,127,0.17140022828243673,0.169,,1,0,0
ReflectionsOff,128,0.11730442201951519,0.1174,,1,0,0
ReflectionsOff,129,0.17879818915389478,0.1771,,1,0,0
ReflectionsOff,130,0.14579790877178311,0.1447,,1,0,0
ReflectionsOff,131,0.16030328697524965,0.1577,,1,0,0
ReflectionsOff,132,0.082801867392845452,0.0822,,1,0,0
ReflectionsOff,133,0.094295632152352482,0.0929,,1,0,0
ReflectionsOff,134,0.045804987166775391,0.0451,,1,0,0
ReflectionsOff,135,0.037195295590208843,0.0366,,1,0,0
ReflectionsOff,136,0.030002835046616383,0.0296,,1,0,0
ReflectionsOff,137,0.031200397643260658,0.0309,,1,0,0
ReflectionsOff,138,0.035395409213379025,0.035,,1,0,0
ReflectionsOff,139,0.034601758670760319,0.0343,,1,0,0
ReflectionsOff,140,0.0455994886578992,0.046,,1,0,0
ReflectionsOff,141,0.075999152613803744,0.0747,,1,0,0
ReflectionsOff,142,0.032001134968595579,0.0314,,1,0,0
ReflectionsOff,143,0.033999433071585372,0.0338,,1,0,0
ReflectionsOff,144,0.036401645047590137,0.036,,1,0,0
ReflectionsOff,145,0.03509778980514966,0.0347,,1,0,0
ReflectionsOff,146,0.034601758670760319,0.0342,,1,0,0
ReflectionsOff,147,0.034502550988690928,0.0341,,1,0,0
ReflectionsOff,148,0.034800170396920294,0.0344,,1,0,0
ReflectionsOff,149,0.0347009627148509,0.0343,,1,0,0
ReflectionsOff,150,0.0545989241800271,0.0553,,1,0,0
ReflectionsOff,151,0.14309807738754898,0.1413,,1,0,0
ReflectionsOff,152,0.081101192336063832,0.082,,1,0,0
ReflectionsOff,153,0.16150085139088333,0.1597,,1,0,0
ReflectionsOff,154,0.10479733464308083,0.1033,,1,0,0
ReflectionsOff,155,0.043998017645208165,0.0431,,1,0,0
ReflectionsOff,156,0.034304139262530953,0.034,,1,0,0
ReflectionsOff,157,0.036096938856644556,0.0357,,1,0,0
ReflectionsOff,158,0.034899378078989685,0.0345,,1,0,0
ReflectionsOff,159,0.035204080631956458,0.0349,,1,0,0
ReflectionsOff,160,0.0347009627148509,0.0344,,1,0,0
ReflectionsOff,161,0.034998582123080269,0.0346,,1,0,0
ReflectionsOff,162,0.034899378078989685,0.0345,,1,0,0
ReflectionsOff,163,0.061096936406102031,0.0613,,1,0,0
ReflectionsOff,164,0.0883999455254525,0.0873,,1,0,0
ReflectionsOff,165,0.051303853979334235,0.0503,,1,0,0
ReflectionsOff,166,0.040901359170675278,0.0402,,1,0,0
ReflectionsOff,167,0.066999717091675848,0.0682,,1,0,0
ReflectionsOff,168,0.11879960220539942,0.1167,,1,0,0
ReflectionsOff,169,0.066496599174570292,0.0655,,1,0,0
ReflectionsOff,170,0.040603739762445912,0.0399,,1,0,0
ReflectionsOff,171,0.043395692046033219,0.0432,,1,0,0
ReflectionsOff,172,0.040100621845340356,0.0396,,1,0,0
ReflectionsOff,173,0.036302437365520746,0.0357,,1,0,0
ReflectionsOff,174,0.0347009627148509,0.0343,,1,0,0
ReflectionsOff,175,0.034197844797745347,0.0339,,1,0,0
ReflectionsOff,176,0.03509778980514966,0.0346,,1,0,0
ReflectionsOff,177,0.041503684769850224,0.0417,,1,0,0
ReflectionsOff,178,0.060600905271712691,0.0595,,1,0,0
ReflectionsOff,179,0.034297052479814738,0.0337,,1,0,0
ReflectionsOff,180,0.032603456929791719,0.0322,,1,0,0
ReflectionsOff,181,0.035593820939539,0.0352,,1,0,0
ReflectionsOff,182,0.029903627364546992,0.0294,,1,0,0
ReflectionsOff,183,0.03169642877765,0.0314,,1,0,0
ReflectionsOff,184,0.034601758670760319,0.0343,,1,0,0
ReflectionsOff,185,0.071704933361615986,0.0722,,1,0,0
ReflectionsOff,186,0.10779478179756552,0.1071,,1,0,0
ReflectionsOff,187,0.11460459063528106,0.1133,,1,0,0
ReflectionsOff,188,0.045393990149023011,0.0444,,1,0,0
ReflectionsOff,189,0.034800170396920294,0.0344,,1,0,0
ReflectionsOff,190,0.036203229683451355,0.0358,,1,0,0
ReflectionsOff,191,0.035196993849240243,0.0348,,1,0,0
ReflectionsOff,192,0.035104876587865874,0.0347,,1,0,0
ReflectionsOff,193,0.086394560639746487,0.0862,,1,0,0
ReflectionsOff,194,0.056703513109823689,0.0571,,1,0,0
ReflectionsOff,195,0.10579648369457573,0.1045,,1,0,0
ReflectionsOff,196,0.043601190554909408,0.0428,,1,0,0
ReflectionsOff,197,0.0338010213454254,0.0335,,1,0,0
ReflectionsOff,198,0.04820011236006394,0.0486,,1,0,0
ReflectionsOff,199,0.10950255091302097,0.1083,,1,0,0
ReflectionsOff,200,0.0663973914925009,0.0653,,1,0,0
ReflectionsOff,201,0.036203229683451355,0.0356,,1,0,0
ReflectionsOff,202,0.033297903428319842,0.0329,,1,0,0
ReflectionsOff,203,0.050297618145123124,0.0509,,1,0,0
ReflectionsOff,204,0.10910572746070102,0.1075,,1,0,0
ReflectionsOff,205,0.036897676181979477,0.0363,,1,0,0
ReflectionsOff,206,0.02670067988219671,0.0263,,1,0,0
ReflectionsOff,207,0.032001134968595579,0.0317,,1,0,0
ReflectionsOff,208,0.035196993849240243,0.0347,,1,0,0
ReflectionsOff,209,0.03540249599609524,0.035,,1,0,0
ReflectionsOff,210,0.029499717129510827,0.029,,1,0,0
ReflectionsOff,211,0.03179563645971939,0.0315,,1,0,0
ReflectionsOff,212,0.035005668905796483,0.0346,,1,0,0
ReflectionsOff,213,0.03509778980514966,0.0347,,1,0,0
ReflectionsOff,214,0.0494968808197882,0.0494,,1,0,0
ReflectionsOff,215,0.052104591304669157,0.0512,,1,0,0
ReflectionsOff,216,0.051098355470458046,0.0519,,1,0,0
ReflectionsOff,217,0.1319019211223349,0.1303,,1,0,0
ReflectionsOff,218,0.061196144088171422,0.06,,1,0,0
ReflectionsOff,219,0.060501701227622107,0.0608,,1,0,0
ReflectionsOff,220,0.10430130350869149,0.1031,,1,0,0
ReflectionsOff,221,0.071095520979724824,0.0704,,1,0,0
ReflectionsOff,222,0.059700963902287185,0.0588,,1,0,0
ReflectionsOff,223,0.039604590710951015,0.0397,,1,0,0
ReflectionsOff,224,0.036295350582804531,0.0351,,1,0,0
ReflectionsOff,225,0.035104876587865874,0.0347,,1,0,0
ReflectionsOff,226,0.035296201531309634,0.0349,,1,0,0
ReflectionsOff,227,0.03509778980514966,0.0347,,1,0,0
ReflectionsOff,228,0.035104876587865874,0.0348,,1,0,0
ReflectionsOff,229,0.0485969394503627,0.0492,,1,0,0
ReflectionsOff,230,0.10569727601250634,0.1045,,1,0,0
ReflectionsOff,231,0.049900794692803174,0.0491,,1,0,0
ReflectionsOff,232,0.038003119698259979,0.0374,,1,0,0
ReflectionsOff,233,0.035296201531309634,0.0349,,1,0,0
ReflectionsOff,234,0.035204080631956458,0.0348,,1,0,0
ReflectionsOff,235,0.02979733471875079,0.0293,,1,0,0
ReflectionsOff,236,0.025701530830701813,0.0254,,1,0,0
ReflectionsOff,237,0.031299601687351242,0.031,,1,0,0
ReflectionsOff,238,0.035303288314025849,0.035,,1,0,0
ReflectionsOff,239,0.0347009627148509,0.0343,,1,0,0
ReflectionsOff,240,0.034693875932134688,0.0342,,1,0,0
ReflectionsOff,241,0.0347009627148509,0.0344,,1,0,0
ReflectionsOff,242,0.034800170396920294,0.0344,,1,0,0
ReflectionsOff,243,0.034998582123080269,0.0346,,1,0,0
ReflectionsOff,244,0.034601758670760319,0.0343,,1,0,0
ReflectionsOff,245,0.035204080631956458,0.0348,,1,0,0
ReflectionsOff,246,0.034693875932134688,0.0344,,1,0,0
ReflectionsOff,247,0.043105159420520067,0.0431,,1,0,0
ReflectionsOff,248,0.052395123930182308,0.0519,,1,0,0
ReflectionsOff,249,0.048100908315973356,0.0474,,1,0,0
ReflectionsOff,250,0.048100908315973356,0.0486,,1,0,0
ReflectionsOff,251,0.10500283678993583,0.1035,,1,0,0
ReflectionsOff,252,0.04109977453481406,0.0404,,1,0,0
ReflectionsOff,253,0.033701813663356006,0.0334,,1,0,0
ReflectionsOff,254,0.035898527130484581,0.0355,,1,0,0
ReflectionsOff,255,0.029301303584361449,0.0289,,1,0,0
ReflectionsOff,256,0.031200397643260658,0.031,,1,0,0
ReflectionsOff,257,0.034998582123080269,0.0346,,1,0,0
ReflectionsOff,258,0.050496033509261906,0.0511,,1,0,0
ReflectionsOff,259,0.11249999806750566,0.1112,,1,0,0
ReflectionsOff,260,0.06150085391709581,0.0606,,1,0,0
ReflectionsOff,261,0.0347009627148509,0.0342,,1,0,0
ReflectionsOff,262,0.0417020964960102,0.0421,,1,0,0
ReflectionsOff,263,0.097094671218656,0.0964,,1,0,0
ReflectionsOff,264,0.11070011532865465,0.1104,,1,0,0
ReflectionsOff,265,0.092106005467940122,0.0907,,1,0,0
ReflectionsOff,266,0.047193876525852829,0.0468,,1,0,0
ReflectionsOff,267,0.0407029474445153,0.0395,,1,0,0
ReflectionsOff,268,0.0357001117663458,0.0353,,1,0,0
ReflectionsOff,269,0.0357001117663458,0.0352,,1,0,0
ReflectionsOff,270,0.034601758670760319,0.0342,,1,0,0
ReflectionsOff,271,0.034601758670760319,0.0342,,1,0,0
ReflectionsOff,272,0.034998582123080269,0.0346,,1,0,0
ReflectionsOff,273,0.034899378078989685,0.0345,,1,0,0
ReflectionsOff,274,0.034495464205974713,0.0341,,1,0,0
ReflectionsOff,275,0.035104876587865874,0.0347,,1,0,0
ReflectionsOff,276,0.034601758670760319,0.0342,,1,0,0
ReflectionsOff,277,0.034899378078989685,0.0344,,1,0,0
ReflectionsOff,278,0.034693875932134688,0.0343,,1,0,0
ReflectionsOff,279,0.0347009627148509,0.0343,,1,0,0
ReflectionsOff,280,0.049100057367468253,0.0498,,1,0,0
ReflectionsOff,281,0.10009920515585691,0.0987,,1,0,0
ReflectionsOff,282,0.0526006224390585,0.0519,,1,0,0
ReflectionsOff,283,0.037500001781154424,0.037,,1,0,0
ReflectionsOff,284,0.035303288314025849,0.0349,,1,0,0
ReflectionsOff,285,0.034899378078989685,0.0345,,1,0,0
ReflectionsOff,286,0.03509778980514966,0.0347,,1,0,0
ReflectionsOff,287,0.034204931580461562,0.034,,1,0,0
ReflectionsOff,288,0.034800170396920294,0.0343,,1,0,0
ReflectionsOff,289,0.034396260161884129,0.0341,,1,0,0
ReflectionsOff,290,0.0347009627148509,0.0343,,1,0,0
ReflectionsOff,291,0.034601758670760319,0.0342,,1,0,0
ReflectionsOff,292,0.0347009627148509,0.0343,,1,0,0
ReflectionsOff,293,0.034693875932134688,0.0343,,1,0,0
ReflectionsOff,294,0.034502550988690928,0.0341,,1,0,0
ReflectionsOff,295,0.034800170396920294,0.0344,,1,0,0
ReflectionsOff,296,0.034998582123080269,0.0345,,1,0,0
ReflectionsOff,297,0.034304139262530953,0.034,,1,0,0
ReflectionsOff,298,0.034495464205974713,0.0341,,1,0,0
ReflectionsOff,299,0.034502550988690928,0.0342,,1,0,0
ReflectionsOff,300,0.034998582123080269,0.0346,,1,0,0
ReflectionsOff,301,0.034800170396920294,0.0345,,1,0,0
ReflectionsOff,302,0.034502550988690928,0.034,,1,0,0
ReflectionsOff,303,0.034297052479814738,0.0339,,1,0,0
ReflectionsOff,304,0.034304139262530953,0.0339,,1,0,0
ReflectionsOff,305,0.034297052479814738,0.0339,,1,0,0
ReflectionsOff,306,0.034403343306621537,0.034,,1,0,0
ReflectionsOff,307,0.034594671888044104,0.0342,,1,0,0
ReflectionsOff,308,0.080102043284568936,0.0807,,1,0,0
ReflectionsOff,309,0.12550312385428697,0.1253,,1,0,0
ReflectionsOff,310,0.19599631195887923,0.1944,,1,0,0
ReflectionsOff,311,0.12609835539478809,0.1252,,1,0,0
ReflectionsOff,312,0.085799321823287755,0.0839,,1,0,0
ReflectionsOff,313,0.064200678025372326,0.0641,,1,0,0
ReflectionsOff,314,0.092899659648537636,0.0919,,1,0,0
ReflectionsOff,315,0.046102606575004756,0.0453,,1,0,0
ReflectionsOff,316,0.037202382372925058,0.0368,,1,0,0
ReflectionsOff,317,0.035395409213379025,0.035,,1,0,0
ReflectionsOff,318,0.034800170396920294,0.0345,,1,0,0
ReflectionsOff,319,0.0347009627148509,0.0343,,1,0,0
ReflectionsOff,320,0.035204080631956458,0.0349,,1,0,0
ReflectionsOff,321,0.035593820939539,0.0351,,1,0,0
ReflectionsOff,322,0.035501700040185824,0.0351,,1,0,0
ReflectionsOff,323,0.03540249599609524,0.0356,,1,0,0
ReflectionsOff,324,0.036302437365520746,0.0352,,1,0,0
ReflectionsOff,325,0.035196993849240243,0.0348,,1,0,0
ReflectionsOff,326,0.03509778980514966,0.0347,,1,0,0
ReflectionsOff,327,0.034998582123080269,0.0346,,1,0,0
ReflectionsOff,328,0.035204080631956458,0.0348,,1,0,0
ReflectionsOff,329,0.035196993849240243,0.0348,,1,0,0
ReflectionsOff,330,0.034899378078989685,0.0346,,1,0,0
ReflectionsOff,331,0.035905613913200796,0.0356,,1,0,0
ReflectionsOff,332,0.045698696339968592,0.0453,,1,0,0
ReflectionsOff,333,0.038095236959634349,0.0378,,1,0,0
ReflectionsOff,334,0.087003965745680034,0.0874,,1,0,0
ReflectionsOff,335,0.11369756248313934,0.113,,1,0,0
ReflectionsOff,336,0.0942035112529993,0.093,,1,0,0
ReflectionsOff,337,0.047994613851187751,0.0472,,1,0,0
ReflectionsOff,338,0.0378047043341212,0.0374,,1,0,0
ReflectionsOff,339,0.036196146538713947,0.0357,,1,0,0
ReflectionsOff,340,0.03600481795729138,0.0356,,1,0,0
ReflectionsOff,341,0.035395409213379025,0.035,,1,0,0
ReflectionsOff,342,0.034899378078989685,0.0345,,1,0,0
ReflectionsOff,343,0.053599771490553394,0.0542,,1,0,0
ReflectionsOff,344,0.10960175859509036,0.1084,,1,0,0
ReflectionsOff,345,0.060204081819392741,0.0592,,1,0,0
ReflectionsOff,346,0.045996315748197958,0.046,,1,0,0
ReflectionsOff,347,0.05950255217612721,0.0585,,1,0,0
ReflectionsOff,348,0.04109977453481406,0.0406,,1,0,0
ReflectionsOff,349,0.036600056773750111,0.036,,1,0,0
ReflectionsOff,350,0.035898527130484581,0.0356,,1,0,0
ReflectionsOff,351,0.03579931944841519,0.0354,,1,0,0
ReflectionsOff,352,0.040001417801249772,0.0396,,1,0,0
ReflectionsOff,353,0.055902779422467574,0.0572,,1,0,0
ReflectionsOff,354,0.18089568766299635,0.18,,1,0,0
ReflectionsOff,355,0.16380385204683989,0.1626,,1,0,0
ReflectionsOff,356,0.12489370419643819,0.1235,,1,0,0
ReflectionsOff,357,0.115206916234456,0.114,,1,0,0
ReflectionsOff,358,0.044699547288473696,0.0438,,1,0,0
ReflectionsOff,359,0.039399092202074826,0.0389,,1,0,0
ReflectionsOff,360,0.056101191148627549,0.0563,,1,0,0
ReflectionsOff,361,0.10479733464308083,0.1039,,1,0,0
ReflectionsOff,362,0.091702095232903957,0.0905,,1,0,0
ReflectionsOff,363,0.043799602281069383,0.0432,,1,0,0
ReflectionsOff,364,0.030796483770245686,0.0302,,1,0,0
ReflectionsOff,365,0.052104591304669157,0.0524,,1,0,0
ReflectionsOff,366,0.12129393144277856,0.1203,,1,0,0
ReflectionsOff,367,0.075999152613803744,0.0756,,1,0,0
ReflectionsOff,368,0.067304419644642621,0.0662,,1,0,0
ReflectionsOff,369,0.058900226576952264,0.0579,,1,0,0
ReflectionsOff,370,0.040695860661799088,0.04,,1,0,0
ReflectionsOff,371,0.049503967602504417,0.0492,,1,0,0
ReflectionsOff,372,0.039200680475914851,0.0384,,1,0,0
ReflectionsOff,373,0.033297903428319842,0.033,,1,0,0
ReflectionsOff,374,0.035600907722255215,0.0351,,1,0,0
ReflectionsOff,375,0.043799602281069383,0.0442,,1,0,0
ReflectionsOff,376,0.078698976722080261,0.0776,,1,0,0
ReflectionsOff,377,0.04219812763039954,0.0416,,1,0,0
ReflectionsOff,378,0.036104025639360771,0.0357,,1,0,0
ReflectionsOff,379,0.03509778980514966,0.0347,,1,0,0
ReflectionsOff,380,0.03509778980514966,0.0347,,1,0,0
ReflectionsOff,381,0.034800170396920294,0.0344,,1,0,0
ReflectionsOff,382,0.034906461223727092,0.0346,,1,0,0
ReflectionsOff,383,0.03509778980514966,0.0347,,1,0,0
ReflectionsOff,384,0.034800170396920294,0.0343,,1,0,0
ReflectionsOff,385,0.034495464205974713,0.0341,,1,0,0
ReflectionsOff,386,0.076204647484701127,0.076,,1,0,0
ReflectionsOff,387,0.035296201531309634,0.0347,,1,0,0
ReflectionsOff,388,0.032603456929791719,0.0322,,1,0,0
ReflectionsOff,389,0.034800170396920294,0.0344,,1,0,0
ReflectionsOff,390,0.034800170396920294,0.0345,,1,0,0
ReflectionsOff,391,0.062896826420910656,0.0635,,1,0,0
ReflectionsOff,392,0.10700113489292562,0.1054,,1,0,0
ReflectionsOff,393,0.043402778828749433,0.0428,,1,0,0
ReflectionsOff,394,0.035997731174575165,0.0356,,1,0,0
ReflectionsOff,395,0.03509778980514966,0.0346,,1,0,0
ReflectionsOff,396,0.035005668905796483,0.0347,,1,0,0
ReflectionsOff,397,0.034495464205974713,0.0342,,1,0,0
ReflectionsOff,398,0.034601758670760319,0.0342,,1,0,0
ReflectionsOff,399,0.034800170396920294,0.0344,,1,0,0
ReflectionsOff,400,0.029202097721281461,0.0288,,1,0,0
ReflectionsOff,401,0.031398809369420633,0.0311,,1,0,0
ReflectionsOff,402,0.034800170396920294,0.0344,,1,0,0
ReflectionsOff,403,0.03509778980514966,0.0348,,1,0,0
ReflectionsOff,404,0.035303288314025849,0.0349,,1,0,0
ReflectionsOff,405,0.035296201531309634,0.0349,,1,0,0
ReflectionsOff,406,0.035303288314025849,0.0349,,1,0,0
ReflectionsOff,407,0.034998582123080269,0.0346,,1,0,0
ReflectionsOff,408,0.034998582123080269,0.0346,,1,0,0
ReflectionsOff,409,0.034899378078989685,0.0345,,1,0,0
ReflectionsOff,410,0.034800170396920294,0.0345,,1,0,0
ReflectionsOff,411,0.034800170396920294,0.0344,,1,0,0
ReflectionsOff,412,0.52470236551016569,0.5253,,1,0,0
ReflectionsOff,413,0.10949546413030475,0.108,,1,0,0
ReflectionsOff,414,0.0467049321741797,0.0457,,1,0,0
ReflectionsOff,415,0.037500001781154424,0.037,,1,0,0
ReflectionsOff,416,0.035296201531309634,0.035,,1,0,0
ReflectionsOff,417,0.062202379922382534,0.0634,,1,0,0
ReflectionsOff,418,0.13270266936160624,0.131,,1,0,0
ReflectionsOff,419,0.11119614646304399,0.1099,,1,0,0
ReflectionsOff,420,0.04510345752350986,0.0442,,1,0,0
ReflectionsOff,421,0.028599773941095918,0.0281,,1,0,0
ReflectionsOff,422,0.03179563645971939,0.0316,,1,0,0
ReflectionsOff,423,0.0357001117663458,0.0361,,1,0,0
ReflectionsOff,424,0.036302437365520746,0.035,,1,0,0
ReflectionsOff,425,0.0347009627148509,0.0342,,1,0,0
ReflectionsOff,426,0.034998582123080269,0.0347,,1,0,0
ReflectionsOff,427,0.034601758670760319,0.0343,,1,0,0
ReflectionsOff,428,0.034396260161884129,0.0341,,1,0,0
ReflectionsOff,429,0.034304139262530953,0.034,,1,0,0
ReflectionsOff,430,0.034693875932134688,0.0345,,1,0,0
ReflectionsOff,431,0.034502550988690928,0.0341,,1,0,0
ReflectionsOff,432,0.029102891858201474,0.0286,,1,0,0
ReflectionsOff,433,0.030895691452315077,0.0306,,1,0,0
ReflectionsOff,434,0.065001418988686055,0.0647,,1,0,0
ReflectionsOff,435,0.037500001781154424,0.0369,,1,0,0
ReflectionsOff,436,0.04749858271679841,0.048,,1,0,0
ReflectionsOff,437,0.11460459063528106,0.114,,1,0,0
ReflectionsOff,438,0.1090986406779848,0.1079,,1,0,0
ReflectionsOff,439,0.044501135562313721,0.0434,,1,0,0
ReflectionsOff,440,0.033999433071585372,0.0338,,1,0,0
ReflectionsOff,441,0.035997731174575165,0.0355,,1,0,0
ReflectionsOff,442,0.035501700040185824,0.035,,1,0,0
ReflectionsOff,443,0.034800170396920294,0.0344,,1,0,0
ReflectionsOff,444,0.035296201531309634,0.0349,,1,0,0
ReflectionsOff,445,0.035303288314025849,0.0347,,1,0,0
ReflectionsOff,446,0.035296201531309634,0.035,,1,0,0
ReflectionsOff,447,0.035501700040185824,0.0351,,1,0,0
ReflectionsOff,448,0.041503684769850224,0.0416,,1,0,0
ReflectionsOff,449,0.050496033509261906,0.0493,,1,0,0
ReflectionsOff,450,0.035501700040185824,0.035,,1,0,0
ReflectionsOff,451,0.0366992644558195,0.0362,,1,0,0
ReflectionsOff,452,0.03540249599609524,0.035,,1,0,0
ReflectionsOff,453,0.035196993849240243,0.0349,,1,0,0
ReflectionsOff,454,0.03540249599609524,0.0349,,1,0,0
ReflectionsOff,455,0.0357001117663458,0.0355,,1,0,0
ReflectionsOff,456,0.029896542400820181,0.0294,,1,0,0
ReflectionsOff,457,0.050304704927839339,0.0516,,1,0,0
ReflectionsOff,458,0.13969671272207052,0.1382,,1,0,0
ReflectionsOff,459,0.10760346049210057,0.1061,,1,0,0
ReflectionsOff,460,0.044295633415458724,0.0431,,1,0,0
ReflectionsOff,461,0.037003967008786276,0.0367,,1,0,0
ReflectionsOff,462,0.035997731174575165,0.0355,,1,0,0
ReflectionsOff,463,0.035303288314025849,0.0349,,1,0,0
ReflectionsOff,464,0.030094954126980156,0.0297,,1,0,0
ReflectionsOff,465,0.040199829527409747,0.0403,,1,0,0
ReflectionsOff,466,0.055300453823292628,0.0543,,1,0,0
ReflectionsOff,467,0.035600907722255215,0.0351,,1,0,0
ReflectionsOff,468,0.03650084909168072,0.036,,1,0,0
ReflectionsOff,469,0.03509778980514966,0.0347,,1,0,0
ReflectionsOff,470,0.035104876587865874,0.0347,,1,0,0
ReflectionsOff,471,0.034998582123080269,0.0346,,1,0,0
ReflectionsOff,472,0.034800170396920294,0.0343,,1,0,0
ReflectionsOff,473,0.0347009627148509,0.0343,,1,0,0
ReflectionsOff,474,0.034998582123080269,0.0347,,1,0,0
ReflectionsOff,475,0.0347009627148509,0.0343,,1,0,0
ReflectionsOff,476,0.034594671888044104,0.0342,,1,0,0
ReflectionsOff,477,0.034502550988690928,0.0341,,1,0,0
ReflectionsOff,478,0.034403343306621537,0.034,,1,0,0
ReflectionsOff,479,0.03509778980514966,0.0346,,1,0,0
ReflectionsOff,480,0.034800170396920294,0.0344,,1,0,0
ReflectionsOff,481,0.034601758670760319,0.0342,,1,0,0
ReflectionsOff,482,0.034899378078989685,0.0345,,1,0,0
ReflectionsOff,483,0.034800170396920294,0.0344,,1,0,0
ReflectionsOff,484,0.034495464205974713,0.0341,,1,0,0
ReflectionsOff,485,0.034502550988690928,0.0342,,1,0,0
ReflectionsOff,486,0.0347009627148509,0.0343,,1,0,0
ReflectionsOff,487,0.034396260161884129,0.0341,,1,0,0
ReflectionsOff,488,0.034601758670760319,0.0342,,1,0,0
ReflectionsOff,489,0.034601758670760319,0.0343,,1,0,0
ReflectionsOff,490,0.034998582123080269,0.0347,,1,0,0
ReflectionsOff,491,0.034601758670760319,0.0342,,1,0,0
ReflectionsOff,492,0.04109977453481406,0.0409,,1,0,0
ReflectionsOff,493,0.08799603529041633,0.0878,,1,0,0
ReflectionsOff,494,0.049801587010733783,0.049,,1,0,0
ReflectionsOff,495,0.037400794099085033,0.0369,,1,0,0
ReflectionsOff,496,0.034998582123080269,0.0346,,1,0,0
ReflectionsOff,497,0.034800170396920294,0.0343,,1,0,0
ReflectionsOff,498,0.03600481795729138,0.0357,,1,0,0
ReflectionsOff,499,0.034998582123080269,0.0347,,1,0,0
ReflectionsOff,500,0.035296201531309634,0.0348,,1,0,0
ReflectionsOff,501,0.034502550988690928,0.034,,1,0,0
ReflectionsOff,502,0.034899378078989685,0.0345,,1,0,0
ReflectionsOff,503,0.034800170396920294,0.0344,,1,0,0
ReflectionsOff,504,0.036096938856644556,0.0357,,1,0,0
ReflectionsOff,505,0.035806406231131405,0.0353,,1,0,0
ReflectionsOff,506,0.034693875932134688,0.0342,,1,0,0
ReflectionsOff,507,0.035303288314025849,0.0349,,1,0,0
ReflectionsOff,508,0.03540249599609524,0.035,,1,0,0
ReflectionsOff,509,0.035196993849240243,0.0348,,1,0,0
ReflectionsOff,510,0.035196993849240243,0.0348,,1,0,0
ReflectionsOff,511,0.034403343306621537,0.0341,,1,0,0
ReflectionsOff,512,0.034899378078989685,0.0344,,1,0,0
ReflectionsOff,513,0.042297335312468931,0.0419,,1,0,0
ReflectionsOff,514,0.033900225389515981,0.0337,,1,0,0
ReflectionsOff,515,0.034502550988690928,0.0341,,1,0,0
ReflectionsOff,516,0.034899378078989685,0.0345,,1,0,0
ReflectionsOff,517,0.034197844797745347,0.0339,,1,0,0
ReflectionsOff,518,0.034304139262530953,0.0338,,1,0,0
ReflectionsOff,519,0.028996599212405272,0.0285,,1,0,0
ReflectionsOff,520,0.030704366508871317,0.0304,,1,0,0
ReflectionsOff,521,0.034297052479814738,0.034,,1,0,0
ReflectionsOff,522,0.034197844797745347,0.0338,,1,0,0
ReflectionsOff,523,0.034403343306621537,0.0348,,1,0,0
ReflectionsOff,524,0.035303288314025849,0.034,,1,0,0
ReflectionsOff,525,0.034197844797745347,0.0338,,1,0,0
ReflectionsOff,526,0.034396260161884129,0.0341,,1,0,0
ReflectionsOff,527,0.034105723898392171,0.0338,,1,0,0
ReflectionsOff,528,0.034396260161884129,0.0341,,1,0,0
ReflectionsOff,529,0.033701813663356006,0.0333,,1,0,0
ReflectionsOff,530,0.034297052479814738,0.0338,,1,0,0
ReflectionsOff,531,0.034098640753654763,0.0338,,1,0,0
ReflectionsOff,532,0.034304139262530953,0.0339,,1,0,0
ReflectionsOff,533,0.0338010213454254,0.0334,,1,0,0
ReflectionsOff,534,0.034495464205974713,0.0341,,1,0,0
ReflectionsOff,535,0.034304139262530953,0.0339,,1,0,0
ReflectionsOff,536,0.034396260161884129,0.0341,,1,0,0
ReflectionsOff,537,0.0347009627148509,0.0343,,1,0,0
ReflectionsOff,538,0.034403343306621537,0.034,,1,0,0
ReflectionsOff,539,0.034495464205974713,0.0342,,1,0,0
ReflectionsOff,540,0.034304139262530953,0.0339,,1,0,0
ReflectionsOff,541,0.081894839240703732,0.0835,,1,0,0
ReflectionsOff,542,0.10970096627715975,0.1071,,1,0,0
ReflectionsOff,543,0.06010487413732335,0.0593,,1,0,0
ReflectionsOff,544,0.038697562558809295,0.0381,,1,0,0
ReflectionsOff,545,0.03010204090969637,0.0296,,1,0,0
ReflectionsOff,546,0.030697279726155102,0.0304,,1,0,0
ReflectionsOff,547,0.028698979804175906,0.0283,,1,0,0
ReflectionsOff,548,0.030399660317925736,0.0301,,1,0,0
ReflectionsOff,549,0.040405328036285937,0.0405,,1,0,0
ReflectionsOff,550,0.061798469687346369,0.0608,,1,0,0
ReflectionsOff,551,0.045294786104932427,0.0453,,1,0,0
ReflectionsOff,552,0.052402210712898523,0.0515,,1,0,0
ReflectionsOff,553,0.0554988655494526,0.056,,1,0,0
ReflectionsOff,554,0.1330002851318568,0.1314,,1,0,0
ReflectionsOff,555,0.06810516060795635,0.0675,,1,0,0
ReflectionsOff,556,0.048795351176522672,0.0478,,1,0,0
ReflectionsOff,557,0.034502550988690928,0.0342,,1,0,0
ReflectionsOff,558,0.035395409213379025,0.035,,1,0,0
ReflectionsOff,559,0.0625000029685907,0.0639,,1,0,0
ReflectionsOff,560,0.19950396381318569,0.2269,,1,0,0
ReflectionsOff,561,0.15790107136126608,0.1272,,1,0,0
ReflectionsOff,562,0.099999997473787516,0.0988,,1,0,0
ReflectionsOff,563,0.046797053073532879,0.0461,,1,0,0
ReflectionsOff,564,0.037003967008786276,0.0365,,1,0,0
ReflectionsOff,565,0.0357001117663458,0.0353,,1,0,0
ReflectionsOff,566,0.035296201531309634,0.0348,,1,0,0
ReflectionsOff,567,0.034998582123080269,0.0347,,1,0,0
ReflectionsOff,568,0.029499717129510827,0.029,,1,0,0
ReflectionsOff,569,0.031604307878296822,0.0313,,1,0,0
ReflectionsOff,570,0.0634991520200856,0.0646,,1,0,0
ReflectionsOff,571,0.1527990389149636,0.151,,1,0,0
ReflectionsOff,572,0.074000847234856337,0.073,,1,0,0
ReflectionsOff,573,0.042098923586308956,0.0416,,1,0,0
ReflectionsOff,574,0.036203229683451355,0.0356,,1,0,0
ReflectionsOff,575,0.035196993849240243,0.0348,,1,0,0
ReflectionsOff,576,0.034899378078989685,0.0344,,1,0,0
ReflectionsOff,577,0.034601758670760319,0.0344,,1,0,0
ReflectionsOff,578,0.034297052479814738,0.034,,1,0,0
ReflectionsOff,579,0.034098640753654763,0.0336,,1,0,0
ReflectionsOff,580,0.034304139262530953,0.0339,,1,0,0
ReflectionsOff,581,0.034800170396920294,0.0345,,1,0,0
ReflectionsOff,582,0.034502550988690928,0.034,,1,0,0
ReflectionsOff,583,0.034197844797745347,0.034,,1,0,0
ReflectionsOff,584,0.034601758670760319,0.0342,,1,0,0
ReflectionsOff,585,0.034297052479814738,0.0339,,1,0,0
ReflectionsOff,586,0.0347009627148509,0.0343,,1,0,0
ReflectionsOff,587,0.034998582123080269,0.0347,,1,0,0
ReflectionsOff,588,0.034502550988690928,0.034,,1,0,0
ReflectionsOff,589,0.0347009627148509,0.0344,,1,0,0
ReflectionsOff,590,0.034594671888044104,0.0342,,1,0,0
ReflectionsOff,591,0.034403343306621537,0.0341,,1,0,0
ReflectionsOff,592,0.034495464205974713,0.0341,,1,0,0
ReflectionsOff,593,0.054804422688903287,0.056,,1,0,0
ReflectionsOff,594,0.1635983498999849,0.1627,,1,0,0
ReflectionsOff,595,0.15040391008369625,0.1482,,1,0,0
ReflectionsOff,596,0.04489795901463367,0.0439,,1,0,0
ReflectionsOff,597,0.034197844797745347,0.0339,,1,0,0
ReflectionsOff,598,0.036203229683451355,0.0358,,1,0,0
ReflectionsOff,599,0.035395409213379025,0.035,,1,0,0
ReflectionsOff,600,0.035303288314025849,0.035,,1,0,0
ReflectionsOff,601,0.034998582123080269,0.0345,,1,0,0
ReflectionsOff,602,0.034403343306621537,0.0341,,1,0,0
ReflectionsOff,603,0.034594671888044104,0.0342,,1,0,0
ReflectionsOff,604,0.034800170396920294,0.0344,,1,0,0
ReflectionsOff,605,0.034899378078989685,0.0345,,1,0,0
ReflectionsOff,606,0.034800170396920294,0.0344,,1,0,0
ReflectionsOff,607,0.034899378078989685,0.0345,,1,0,0
ReflectionsOff,608,0.047101755626499653,0.0477,,1,0,0
ReflectionsOff,609,0.10880101763177663,0.1074,,1,0,0
ReflectionsOff,610,0.048703230277169496,0.048,,1,0,0
ReflectionsOff,611,0.037500001781154424,0.037,,1,0,0
ReflectionsOff,612,0.035296201531309634,0.0349,,1,0,0
ReflectionsOff,613,0.083701816038228571,0.0839,,1,0,0
ReflectionsOff,614,0.062301587604451925,0.0612,,1,0,0
ReflectionsOff,615,0.05959466943750158,0.0605,,1,0,0
ReflectionsOff,616,0.13129960279911757,0.1295,,1,0,0
ReflectionsOff,617,0.046804139856249094,0.0459,,1,0,0
ReflectionsOff,618,0.033602605981286615,0.0332,,1,0,0
ReflectionsOff,619,0.036196146538713947,0.0358,,1,0,0
ReflectionsOff,620,0.034403343306621537,0.034,,1,0,0
ReflectionsOff,621,0.034800170396920294,0.0343,,1,0,0
ReflectionsOff,622,0.034495464205974713,0.0341,,1,0,0
ReflectionsOff,623,0.034204931580461562,0.0347,,1,0,0
ReflectionsOff,624,0.035196993849240243,0.0339,,1,0,0
ReflectionsOff,625,0.034297052479814738,0.0338,,1,0,0
ReflectionsOff,626,0.034204931580461562,0.0339,,1,0,0
ReflectionsOff,627,0.034396260161884129,0.034,,1,0,0
ReflectionsOff,628,0.034601758670760319,0.0343,,1,0,0
ReflectionsOff,629,0.034396260161884129,0.0339,,1,0,0
ReflectionsOff,630,0.034502550988690928,0.0342,,1,0,0
ReflectionsOff,631,0.034899378078989685,0.0345,,1,0,0
ReflectionsOff,632,0.034204931580461562,0.0338,,1,0,0
ReflectionsOff,633,0.034693875932134688,0.0343,,1,0,0
ReflectionsOff,634,0.0347009627148509,0.0343,,1,0,0
ReflectionsOff,635,0.034502550988690928,0.0342,,1,0,0
ReflectionsOff,636,0.034502550988690928,0.034,,1,0,0
ReflectionsOff,637,0.034297052479814738,0.0339,,1,0,0
ReflectionsOff,638,0.034098640753654763,0.0337,,1,0,0
ReflectionsOff,639,0.034304139262530953,0.0339,,1,0,0
ReflectionsOff,640,0.034495464205974713,0.0341,,1,0,0
ReflectionsOff,641,0.034098640753654763,0.0337,,1,0,0
ReflectionsOff,642,0.074603172834031284,0.0745,,1,0,0
ReflectionsOff,643,0.049801587010733783,0.0496,,1,0,0
ReflectionsOff,644,0.067899658461101353,0.0669,,1,0,0
ReflectionsOff,645,0.037797617551404983,0.0373,,1,0,0
ReflectionsOff,646,0.0376984135073144,0.0373,,1,0,0
ReflectionsOff,647,0.035104876587865874,0.0347,,1,0,0
ReflectionsOff,648,0.034594671888044104,0.0343,,1,0,0
ReflectionsOff,649,0.034502550988690928,0.0341,,1,0,0
ReflectionsOff,650,0.028798185667255893,0.0284,,1,0,0
ReflectionsOff,651,0.031398809369420633,0.0311,,1,0,0
ReflectionsOff,652,0.035104876587865874,0.0347,,1,0,0
ReflectionsOff,653,0.034899378078989685,0.0345,,1,0,0
ReflectionsOff,654,0.034396260161884129,0.034,,1,0,0
ReflectionsOff,655,0.034601758670760319,0.0342,,1,0,0
ReflectionsOff,656,0.028897391530335881,0.0284,,1,0,0
ReflectionsOff,657,0.031001985917100683,0.0307,,1,0,0
ReflectionsOff,658,0.034403343306621537,0.0339,,1,0,0
ReflectionsOff,659,0.034396260161884129,0.0339,,1,0,0
ReflectionsOff,660,0.034304139262530953,0.0339,,1,0,0
ReflectionsOff,661,0.0338010213454254,0.0336,,1,0,0
ReflectionsOff,662,0.034197844797745347,0.0338,,1,0,0
ReflectionsOff,663,0.034601758670760319,0.0341,,1,0,0
ReflectionsOff,664,0.034396260161884129,0.0341,,1,0,0
ReflectionsOff,665,0.034304139262530953,0.0339,,1,0,0
ReflectionsOff,666,0.034297052479814738,0.0339,,1,0,0
ReflectionsOff,667,0.033900225389515981,0.0335,,1,0,0
ReflectionsOff,668,0.034098640753654763,0.0337,,1,0,0
ReflectionsOff,669,0.034098640753654763,0.0337,,1,0,0
ReflectionsOff,670,0.046201814257074147,0.0459,,1,0,0
ReflectionsOff,671,0.03650084909168072,0.0362,,1,0,0
ReflectionsOff,672,0.034396260161884129,0.0339,,1,0,0
ReflectionsOff,673,0.034006519854301587,0.0336,,1,0,0
ReflectionsOff,674,0.034899378078989685,0.0344,,1,0,0
ReflectionsOff,675,0.034297052479814738,0.0339,,1,0,0
ReflectionsOff,676,0.034297052479814738,0.034,,1,0,0
ReflectionsOff,677,0.0338010213454254,0.0333,,1,0,0
ReflectionsOff,678,0.034304139262530953,0.034,,1,0,0
ReflectionsOff,679,0.034594671888044104,0.0341,,1,0,0
ReflectionsOff,680,0.034105723898392171,0.0337,,1,0,0
ReflectionsOff,681,0.034098640753654763,0.0337,,1,0,0
ReflectionsOff,682,0.034197844797745347,0.0338,,1,0,0
ReflectionsOff,683,0.033999433071585372,0.0336,,1,0,0
ReflectionsOff,684,0.034098640753654763,0.0337,,1,0,0
ReflectionsOff,685,0.047902492951834574,0.0479,,1,0,0
ReflectionsOff,686,0.08660005551064387,0.0855,,1,0,0
ReflectionsOff,687,0.080102043284568936,0.0806,,1,0,0
ReflectionsOff,688,0.14169501082506031,0.1401,,1,0,0
ReflectionsOff,689,0.0824050439405255,0.0814,,1,0,0
ReflectionsOff,690,0.050701532018138096,0.0503,,1,0,0
ReflectionsOff,691,0.069097222876735032,0.0679,,1,0,0
ReflectionsOff,692,0.057801869843387976,0.0576,,1,0,0
ReflectionsOff,693,0.055697277275612578,0.0547,,1,0,0
ReflectionsOff,694,0.035501700040185824,0.0352,,1,0,0
ReflectionsOff,695,0.036295350582804531,0.0358,,1,0,0
ReflectionsOff,696,0.0347009627148509,0.0343,,1,0,0
ReflectionsOff,697,0.034601758670760319,0.0341,,1,0,0
ReflectionsOff,698,0.034197844797745347,0.0339,,1,0,0
ReflectionsOff,699,0.034204931580461562,0.0338,,1,0,0
ReflectionsOff,700,0.034297052479814738,0.0339,,1,0,0
ReflectionsOff,701,0.034403343306621537,0.0341,,1,0,0
ReflectionsOff,702,0.034197844797745347,0.0338,,1,0,0
ReflectionsOff,703,0.034197844797745347,0.0338,,1,0,0
ReflectionsOff,704,0.034098640753654763,0.0337,,1,0,0
ReflectionsOff,705,0.0347009627148509,0.0343,,1,0,0
ReflectionsOff,706,0.034105723898392171,0.0338,,1,0,0
ReflectionsOff,707,0.034594671888044104,0.0342,,1,0,0
ReflectionsOff,708,0.034403343306621537,0.034,,1,0,0
ReflectionsOff,709,0.034297052479814738,0.034,,1,0,0
ReflectionsOff,710,0.047200963308569044,0.047,,1,0,0
ReflectionsOff,711,0.044699547288473696,0.044,,1,0,0
ReflectionsOff,712,0.03340419425512664,0.0331,,1,0,0
ReflectionsOff,713,0.035494613257469609,0.0351,,1,0,0
ReflectionsOff,714,0.034403343306621537,0.034,,1,0,0
ReflectionsOff,715,0.034396260161884129,0.034,,1,0,0
ReflectionsOff,716,0.036104025639360771,0.036,,1,0,0
ReflectionsOff,717,0.036798468499910086,0.0358,,1,0,0
ReflectionsOff,718,0.10739795834524557,0.1079,,1,0,0
ReflectionsOff,719,0.11460459063528106,0.1137,,1,0,0
ReflectionsOff,720,0.10519415809540078,0.1039,,1,0,0
ReflectionsOff,721,0.043601190554909408,0.0428,,1,0,0
ReflectionsOff,722,0.033198695746250451,0.0329,,1,0,0
ReflectionsOff,723,0.035600907722255215,0.036,,1,0,0
ReflectionsOff,724,0.0347009627148509,0.0336,,1,0,0
ReflectionsOff,725,0.034204931580461562,0.0338,,1,0,0
ReflectionsOff,726,0.034197844797745347,0.0338,,1,0,0
ReflectionsOff,727,0.034297052479814738,0.0339,,1,0,0
ReflectionsOff,728,0.033900225389515981,0.0335,,1,0,0
ReflectionsOff,729,0.034098640753654763,0.0338,,1,0,0
ReflectionsOff,730,0.029003684176132083,0.0284,,1,0,0
ReflectionsOff,731,0.030598072044085711,0.0304,,1,0,0
ReflectionsOff,732,0.0417020964960102,0.0419,,1,0,0
ReflectionsOff,733,0.059601756220217794,0.0586,,1,0,0
ReflectionsOff,734,0.034693875932134688,0.0343,,1,0,0
ReflectionsOff,735,0.035600907722255215,0.0351,,1,0,0
ReflectionsOff,736,0.02840136039594654,0.0281,,1,0,0
ReflectionsOff,737,0.031001985917100683,0.0306,,1,0,0
ReflectionsOff,738,0.034297052479814738,0.0339,,1,0,0
ReflectionsOff,739,0.034403343306621537,0.034,,1,0,0
ReflectionsOff,740,0.031299601687351242,0.0311,,1,0,0
ReflectionsOff,741,0.055796484957681969,0.0561,,1,0,0
ReflectionsOff,742,0.091702095232903957,0.0906,,1,0,0
ReflectionsOff,743,0.043799602281069383,0.043,,1,0,0
ReflectionsOff,744,0.03579931944841519,0.0353,,1,0,0
ReflectionsOff,745,0.034502550988690928,0.0341,,1,0,0
ReflectionsOff,746,0.034098640753654763,0.0337,,1,0,0
ReflectionsOff,747,0.034297052479814738,0.0339,,1,0,0
ReflectionsOff,748,0.033900225389515981,0.0336,,1,0,0
ReflectionsOff,749,0.034204931580461562,0.0338,,1,0,0
ReflectionsOff,750,0.033999433071585372,0.0336,,1,0,0
ReflectionsOff,751,0.033900225389515981,0.0335,,1,0,0
ReflectionsOff,752,0.033999433071585372,0.0337,,1,0,0
ReflectionsOff,753,0.033999433071585372,0.0336,,1,0,0
ReflectionsOff,754,0.034098640753654763,0.0336,,1,0,0
ReflectionsOff,755,0.033999433071585372,0.0336,,1,0,0
ReflectionsOff,756,0.034204931580461562,0.0338,,1,0,0
ReflectionsOff,757,0.033999433071585372,0.0336,,1,0,0
ReflectionsOff,758,0.033793934562709183,0.0335,,1,0,0
ReflectionsOff,759,0.033602605981286615,0.0333,,1,0,0
ReflectionsOff,760,0.033999433071585372,0.0336,,1,0,0
ReflectionsOff,761,0.033900225389515981,0.0336,,1,0,0
ReflectionsOff,762,0.033701813663356006,0.0333,,1,0,0
ReflectionsOff,763,0.033999433071585372,0.0337,,1,0,0
ReflectionsOff,764,0.034098640753654763,0.0336,,1,0,0
ReflectionsOff,765,0.037400794099085033,0.0371,,1,0,0
ReflectionsOff,766,0.033198695746250451,0.0328,,1,0,0
ReflectionsOff,767,0.053798186854692176,0.0544,,1,0,0
ReflectionsOff,768,0.16670209879521281,0.1654,,1,0,0
ReflectionsOff,769,0.11140164133394137,0.1107,,1,0,0
ReflectionsOff,770,0.10649801697582006,0.1067,,1,0,0
ReflectionsOff,771,0.21259920322336257,0.2115,,1,0,0
ReflectionsOff,772,0.19040533516090363,0.1891,,1,0,0
ReflectionsOff,773,0.15509495278820395,0.1526,,1,0,0
ReflectionsOff,774,0.045500284613808617,0.0446,,1,0,0
ReflectionsOff,775,0.029102891858201474,0.0284,,1,0,0
ReflectionsOff,776,0.03249716610298492,0.0323,,1,0,0
ReflectionsOff,777,0.029499717129510827,0.0291,,1,0,0
ReflectionsOff,778,0.0318027196044568,0.0314,,1,0,0
ReflectionsOff,779,0.034502550988690928,0.0341,,1,0,0
ReflectionsOff,780,0.034594671888044104,0.0342,,1,0,0
ReflectionsOff,781,0.050503116653999314,0.0511,,1,0,0
ReflectionsOff,782,0.1221017591888085,0.1214,,1,0,0
ReflectionsOff,783,0.10739795834524557,0.1061,,1,0,0
ReflectionsOff,784,0.045096370740793645,0.0442,,1,0,0
ReflectionsOff,785,0.034006519854301587,0.0338,,1,0,0
ReflectionsOff,786,0.036096938856644556,0.0356,,1,0,0
ReflectionsOff,787,0.034502550988690928,0.0341,,1,0,0
ReflectionsOff,788,0.034693875932134688,0.0343,,1,0,0
ReflectionsOff,789,0.034105723898392171,0.0338,,1,0,0
ReflectionsOff,790,0.033595522836549208,0.0332,,1,0,0
ReflectionsOff,791,0.033900225389515981,0.0335,,1,0,0
ReflectionsOff,792,0.034403343306621537,0.034,,1,0,0
ReflectionsOff,793,0.033900225389515981,0.0334,,1,0,0
ReflectionsOff,794,0.034098640753654763,0.0337,,1,0,0
ReflectionsOff,795,0.0338010213454254,0.0335,,1,0,0
ReflectionsOff,796,0.037599205825245008,0.0372,,1,0,0
ReflectionsOff,797,0.033297903428319842,0.033,,1,0,0
ReflectionsOff,798,0.033198695746250451,0.0329,,1,0,0
ReflectionsOff,799,0.0338010213454254,0.0334,,1,0,0
ReflectionsOff,800,0.040100621845340356,0.0402,,1,0,0
ReflectionsOff,801,0.057397959608351812,0.0564,,1,0,0
ReflectionsOff,802,0.03870464934152551,0.0381,,1,0,0
ReflectionsOff,803,0.035196993849240243,0.0346,,1,0,0
ReflectionsOff,804,0.0338010213454254,0.0334,,1,0,0
ReflectionsOff,805,0.033503401937196031,0.0332,,1,0,0
ReflectionsOff,806,0.033595522836549208,0.0333,,1,0,0
ReflectionsOff,807,0.033900225389515981,0.0335,,1,0,0
ReflectionsOff,808,0.02840136039594654,0.028,,1,0,0
ReflectionsOff,809,0.072399379860144109,0.0723,,1,0,0
ReflectionsOff,810,0.09199971827911213,0.0931,,1,0,0
ReflectionsOff,811,0.13589853188022971,0.1334,,1,0,0
ReflectionsOff,812,0.099404758657328784,0.0998,,1,0,0
ReflectionsOff,813,0.16780044825281948,0.1649,,1,0,0
ReflectionsOff,814,0.043197280319873244,0.0424,,1,0,0
ReflectionsOff,815,0.11140164133394137,0.1111,,1,0,0
ReflectionsOff,816,0.045996315748197958,0.0454,,1,0,0
ReflectionsOff,817,0.037500001781154424,0.0369,,1,0,0
ReflectionsOff,818,0.035600907722255215,0.0351,,1,0,0
ReflectionsOff,819,0.034899378078989685,0.0344,,1,0,0
ReflectionsOff,820,0.034304139262530953,0.0339,,1,0,0
ReflectionsOff,821,0.034594671888044104,0.0342,,1,0,0
ReflectionsOff,822,0.034502550988690928,0.0341,,1,0,0
ReflectionsOff,823,0.034297052479814738,0.0346,,1,0,0
ReflectionsOff,824,0.035204080631956458,0.0342,,1,0,0
ReflectionsOff,825,0.034396260161884129,0.034,,1,0,0
ReflectionsOff,826,0.046201814257074147,0.0467,,1,0,0
ReflectionsOff,827,0.0921981263672933,0.0907,,1,0,0
ReflectionsOff,828,0.045904194848844782,0.0454,,1,0,0
ReflectionsOff,829,0.0366992644558195,0.0362,,1,0,0
ReflectionsOff,830,0.034502550988690928,0.0341,,1,0,0
ReflectionsOff,831,0.034495464205974713,0.0342,,1,0,0
ReflectionsOff,832,0.034601758670760319,0.0341,,1,0,0
ReflectionsOff,833,0.033999433071585372,0.0337,,1,0,0
ReflectionsOff,834,0.034297052479814738,0.0339,,1,0,0
ReflectionsOff,835,0.034304139262530953,0.0339,,1,0,0
ReflectionsOff,836,0.033900225389515981,0.0335,,1,0,0
ReflectionsOff,837,0.0338010213454254,0.0333,,1,0,0
ReflectionsOff,838,0.0347009627148509,0.0344,,1,0,0
ReflectionsOff,839,0.053096653573447838,0.0529,,1,0,0
ReflectionsOff,840,0.038903061067685485,0.0383,,1,0,0
ReflectionsOff,841,0.03509778980514966,0.0348,,1,0,0
ReflectionsOff,842,0.0455994886578992,0.0453,,1,0,0
ReflectionsOff,843,0.034800170396920294,0.0344,,1,0,0
ReflectionsOff,844,0.028599773941095918,0.0281,,1,0,0
ReflectionsOff,845,0.030598072044085711,0.0304,,1,0,0
ReflectionsOff,846,0.034601758670760319,0.0343,,1,0,0
ReflectionsOff,847,0.034601758670760319,0.0343,,1,0,0
ReflectionsOff,848,0.034601758670760319,0.0342,,1,0,0
ReflectionsOff,849,0.033595522836549208,0.0332,,1,0,0
ReflectionsOff,850,0.034502550988690928,0.0341,,1,0,0
ReflectionsOff,851,0.034098640753654763,0.0337,,1,0,0
ReflectionsOff,852,0.033999433071585372,0.0336,,1,0,0
ReflectionsOff,853,0.048100908315973356,0.0477,,1,0,0
ReflectionsOff,854,0.037202382372925058,0.0368,,1,0,0
ReflectionsOff,855,0.034899378078989685,0.0344,,1,0,0
ReflectionsOff,856,0.034495464205974713,0.0342,,1,0,0
ReflectionsOff,857,0.034105723898392171,0.0337,,1,0,0
ReflectionsOff,858,0.034197844797745347,0.0338,,1,0,0
ReflectionsOff,859,0.033999433071585372,0.0336,,1,0,0
ReflectionsOff,860,0.034297052479814738,0.034,,1,0,0
ReflectionsOff,861,0.033900225389515981,0.0336,,1,0,0
ReflectionsOff,862,0.034304139262530953,0.0338,,1,0,0
ReflectionsOff,863,0.033999433071585372,0.0337,,1,0,0
ReflectionsOff,864,0.0338010213454254,0.0335,,1,0,0
ReflectionsOff,865,0.033999433071585372,0.0336,,1,0,0
ReflectionsOff,866,0.0338010213454254,0.0335,,1,0,0
ReflectionsOff,867,0.034098640753654763,0.0337,,1,0,0
ReflectionsOff,868,0.034098640753654763,0.0337,,1,0,0
ReflectionsOff,869,0.033900225389515981,0.0335,,1,0,0
ReflectionsOff,870,0.034197844797745347,0.0339,,1,0,0
ReflectionsOff,871,0.033900225389515981,0.0335,,1,0,0
ReflectionsOff,872,0.0338010213454254,0.0335,,1,0,0
ReflectionsOff,873,0.033900225389515981,0.0335,,1,0,0
ReflectionsOff,874,0.033900225389515981,0.0336,,1,0,0
ReflectionsOff,875,0.033900225389515981,0.0335,,1,0,0
ReflectionsOff,876,0.033701813663356006,0.0334,,1,0,0
ReflectionsOff,877,0.033694726880639791,0.0333,,1,0,0
ReflectionsOff,878,0.033900225389515981,0.0334,,1,0,0
ReflectionsOff,879,0.033900225389515981,0.0336,,1,0,0
ReflectionsOff,880,0.033900225389515981,0.0335,,1,0,0
ReflectionsOff,881,0.033999433071585372,0.0337,,1,0,0
ReflectionsOff,882,0.034204931580461562,0.0337,,1,0,0
ReflectionsOff,883,0.033900225389515981,0.0335,,1,0,0
ReflectionsOff,884,0.033999433071585372,0.0336,,1,0,0
ReflectionsOff,885,0.033999433071585372,0.0336,,1,0,0
ReflectionsOff,886,0.028302154532866552,0.0278,,1,0,0
ReflectionsOff,887,0.030094954126980156,0.0298,,1,0,0
ReflectionsOff,888,0.034304139262530953,0.034,,1,0,0
ReflectionsOff,889,0.028295067750150338,0.0278,,1,0,0
ReflectionsOff,890,0.030505952963721938,0.0302,,1,0,0
ReflectionsOff,891,0.033793934562709183,0.0335,,1,0,0
ReflectionsOff,892,0.033602605981286615,0.0334,,1,0,0
ReflectionsOff,893,0.034098640753654763,0.0337,,1,0,0
ReflectionsOff,894,0.034098640753654763,0.0337,,1,0,0
ReflectionsOff,895,0.033999433071585372,0.0336,,1,0,0
ReflectionsOff,896,0.0338010213454254,0.0334,,1,0,0
ReflectionsOff,897,0.033602605981286615,0.0332,,1,0,0
ReflectionsOff,898,0.048001700633903965,0.0476,,1,0,0
ReflectionsOff,899,0.036897676181979477,0.0365,,1,0,0
ReflectionsOff,900,0.0516014733875636,0.0524,,1,0,0
ReflectionsOff,901,0.11960034316871315,0.118,,1,0,0
ReflectionsOff,902,0.069097222876735032,0.0681,,1,0,0
ReflectionsOff,903,0.0644983010715805,0.0646,,1,0,0
ReflectionsOff,904,0.0794005100033246,0.0782,,1,0,0
ReflectionsOff,905,0.042701245547505096,0.0421,,1,0,0
ReflectionsOff,906,0.046301021939143538,0.0458,,1,0,0
ReflectionsOff,907,0.0338010213454254,0.0334,,1,0,0
ReflectionsOff,908,0.034998582123080269,0.0346,,1,0,0
ReflectionsOff,909,0.034197844797745347,0.0338,,1,0,0
ReflectionsOff,910,0.03340419425512664,0.033,,1,0,0
ReflectionsOff,911,0.033999433071585372,0.0335,,1,0,0
ReflectionsOff,912,0.033999433071585372,0.0336,,1,0,0
ReflectionsOff,913,0.034098640753654763,0.0336,,1,0,0
ReflectionsOff,914,0.033900225389515981,0.0335,,1,0,0
ReflectionsOff,915,0.034304139262530953,0.0339,,1,0,0
ReflectionsOff,916,0.034098640753654763,0.0338,,1,0,0
ReflectionsOff,917,0.034098640753654763,0.0337,,1,0,0
ReflectionsOff,918,0.034197844797745347,0.0338,,1,0,0
ReflectionsOff,919,0.0338010213454254,0.0334,,1,0,0
ReflectionsOff,920,0.033900225389515981,0.0335,,1,0,0
ReflectionsOff,921,0.034197844797745347,0.0337,,1,0,0
ReflectionsOff,922,0.033999433071585372,0.0337,,1,0,0
ReflectionsOff,923,0.033701813663356006,0.0341,,1,0,0
ReflectionsOff,924,0.068098073825240135,0.0677,,1,0,0
ReflectionsOff,925,0.078599776315968484,0.0776,,1,0,0
ReflectionsOff,926,0.041404477087780833,0.0407,,1,0,0
ReflectionsOff,927,0.035196993849240243,0.0349,,1,0,0
ReflectionsOff,928,0.034800170396920294,0.0343,,1,0,0
ReflectionsOff,929,0.033900225389515981,0.0334,,1,0,0
ReflectionsOff,930,0.033900225389515981,0.0336,,1,0,0
ReflectionsOff,931,0.03340419425512664,0.033,,1,0,0
ReflectionsOff,932,0.033793934562709183,0.0333,,1,0,0
ReflectionsOff,933,0.088704648078419268,0.0892,,1,0,0
ReflectionsOff,934,0.11099773109890521,0.1103,,1,0,0
ReflectionsOff,935,0.10330215445719659,0.1021,,1,0,0
ReflectionsOff,936,0.049000849685398862,0.0485,,1,0,0
ReflectionsOff,937,0.037400794099085033,0.0368,,1,0,0
ReflectionsOff,938,0.034800170396920294,0.0345,,1,0,0
ReflectionsOff,939,0.034495464205974713,0.0341,,1,0,0
ReflectionsOff,940,0.033900225389515981,0.0336,,1,0,0
ReflectionsOff,941,0.034403343306621537,0.0339,,1,0,0
ReflectionsOff,942,0.034098640753654763,0.0337,,1,0,0
ReflectionsOff,943,0.034098640753654763,0.0338,,1,0,0
ReflectionsOff,944,0.034197844797745347,0.0338,,1,0,0
ReflectionsOff,945,0.033701813663356006,0.0334,,1,0,0
ReflectionsOff,946,0.034098640753654763,0.0336,,1,0,0
ReflectionsOff,947,0.033701813663356006,0.0334,,1,0,0
ReflectionsOff,948,0.0338010213454254,0.0333,,1,0,0
ReflectionsOff,949,0.033701813663356006,0.0335,,1,0,0
ReflectionsOff,950,0.033694726880639791,0.0333,,1,0,0
ReflectionsOff,951,0.033602605981286615,0.0332,,1,0,0
ReflectionsOff,952,0.033701813663356006,0.0334,,1,0,0
ReflectionsOff,953,0.0338010213454254,0.0334,,1,0,0
ReflectionsOff,954,0.033999433071585372,0.0336,,1,0,0
ReflectionsOff,955,0.033595522836549208,0.0333,,1,0,0
ReflectionsOff,956,0.033900225389515981,0.0335,,1,0,0
ReflectionsOff,957,0.034800170396920294,0.0344,,1,0,0
ReflectionsOff,958,0.034403343306621537,0.034,,1,0,0
ReflectionsOff,959,0.033701813663356006,0.0334,,1,0,0
ReflectionsOff,960,0.033694726880639791,0.0333,,1,0,0
ReflectionsOff,961,0.088605440396349877,0.0899,,1,0,0
ReflectionsOff,962,0.17119472613558173,0.1693,,1,0,0
ReflectionsOff,963,0.090001420176122338,0.0891,,1,0,0
ReflectionsOff,964,0.074702380516100675,0.0736,,1,0,0
ReflectionsOff,965,0.040497448935639113,0.0398,,1,0,0
ReflectionsOff,966,0.034403343306621537,0.034,,1,0,0
ReflectionsOff,967,0.032794785511214286,0.0325,,1,0,0
ReflectionsOff,968,0.0328018722939305,0.0324,,1,0,0
ReflectionsOff,969,0.032603456929791719,0.0323,,1,0,0
ReflectionsOff,970,0.032596370147075504,0.0322,,1,0,0
ReflectionsOff,971,0.0338010213454254,0.0334,,1,0,0
ReflectionsOff,972,0.033000284020090476,0.0325,,1,0,0
ReflectionsOff,973,0.028302154532866552,0.0279,,1,0,0
ReflectionsOff,974,0.030300452635856345,0.03,,1,0,0
ReflectionsOff,975,0.027295918698655441,0.0269,,1,0,0
ReflectionsOff,976,0.029598922992590815,0.0293,,1,0,0
ReflectionsOff,977,0.032603456929791719,0.0322,,1,0,0
ReflectionsOff,978,0.03309948806418106,0.0328,,1,0,0
ReflectionsOff,979,0.03309948806418106,0.0327,,1,0,0
ReflectionsOff,980,0.033297903428319842,0.0329,,1,0,0
ReflectionsOff,981,0.0328018722939305,0.0325,,1,0,0
ReflectionsOff,982,0.027196712835575454,0.0269,,1,0,0
ReflectionsOff,983,0.029606009775307029,0.0293,,1,0,0
ReflectionsOff,984,0.032794785511214286,0.0323,,1,0,0
ReflectionsOff,985,0.033205782528966665,0.0329,,1,0,0
ReflectionsOff,986,0.032794785511214286,0.0324,,1,0,0
ReflectionsOff,987,0.028004535124637187,0.0275,,1,0,0
ReflectionsOff,988,0.029400509447441436,0.0292,,1,0,0
ReflectionsOff,989,0.037393707316368818,0.037,,1,0,0
ReflectionsOff,990,0.033503401937196031,0.0332,,1,0,0
ReflectionsOff,991,0.033900225389515981,0.0334,,1,0,0
ReflectionsOff,992,0.059998583310516551,0.0605,,1,0,0
ReflectionsOff,993,0.11480300599941984,0.1141,,1,0,0
ReflectionsOff,994,0.11160005669808015,0.1105,,1,0,0
ReflectionsOff,995,0.058000285207526758,0.0572,,1,0,0
ReflectionsOff,996,0.038399943150579929,0.0378,,1,0,0
ReflectionsOff,997,0.034899378078989685,0.0344,,1,0,0
ReflectionsOff,998,0.034297052479814738,0.034,,1,0,0
ReflectionsOff,999,0.034403343306621537,0.034,,1,0,0
ReflectionsOff,1000,0.033999433071585372,0.0336,,1,0,0
ReflectionsOff,1001,0.0338010213454254,0.0334,,1,0,0
ReflectionsOff,1002,0.034098640753654763,0.0337,,1,0,0
ReflectionsOff,1003,0.033999433071585372,0.0337,,1,0,0
ReflectionsOff,1004,0.033602605981286615,0.0332,,1,0,0
ReflectionsOff,1005,0.033900225389515981,0.0335,,1,0,0
ReflectionsOff,1006,0.027799036615760997,0.0273,,1,0,0
ReflectionsOff,1007,0.030300452635856345,0.03,,1,0,0
ReflectionsOff,1008,0.033694726880639791,0.0333,,1,0,0
ReflectionsOff,1009,0.0338010213454254,0.0334,,1,0,0
ReflectionsOff,1010,0.033900225389515981,0.0335,,1,0,0
ReflectionsOff,1011,0.0338010213454254,0.0334,,1,0,0
ReflectionsOff,1012,0.037500001781154424,0.0373,,1,0,0
ReflectionsOff,1013,0.032901076338021085,0.0322,,1,0,0
ReflectionsOff,1014,0.032901076338021085,0.0325,,1,0,0
ReflectionsOff,1015,0.032901076338021085,0.0326,,1,0,0
ReflectionsOff,1016,0.033000284020090476,0.0327,,1,0,0
ReflectionsOff,1017,0.033297903428319842,0.033,,1,0,0
ReflectionsOff,1018,0.033397107472410426,0.033,,1,0,0
ReflectionsOff,1019,0.032901076338021085,0.0324,,1,0,0
ReflectionsOff,1020,0.0328018722939305,0.0325,,1,0,0
ReflectionsOff,1021,0.032901076338021085,0.0326,,1,0,0
ReflectionsOff,1022,0.03309948806418106,0.0328,,1,0,0
ReflectionsOff,1023,0.054797335906187072,0.057,,1,0,0
ReflectionsOff,1024,0.13929988199379295,0.1364,,1,0,0
ReflectionsOff,1025,0.069104309659451246,0.0683,,1,0,0
ReflectionsOff,1026,0.054995747632347047,0.0543,,1,0,0
ReflectionsOff,1027,0.048497731768293306,0.0477,,1,0,0
ReflectionsOff,1028,0.073100905865430832,0.0743,,1,0,0
ReflectionsOff,1029,0.17599914281163365,0.174,,1,0,0
ReflectionsOff,1030,0.069104309659451246,0.0676,,1,0,0
ReflectionsOff,1031,0.033701813663356006,0.0332,,1,0,0
ReflectionsOff,1032,0.035196993849240243,0.0348,,1,0,0
ReflectionsOff,1033,0.034297052479814738,0.0339,,1,0,0
ReflectionsOff,1034,0.033503401937196031,0.0332,,1,0,0
ReflectionsOff,1035,0.033496315154479817,0.0331,,1,0,0
ReflectionsOff,1036,0.0338010213454254,0.0335,,1,0,0
ReflectionsOff,1037,0.034204931580461562,0.0337,,1,0,0
ReflectionsOff,1038,0.033793934562709183,0.0334,,1,0,0
ReflectionsOff,1039,0.033304990211036056,0.0329,,1,0,0
ReflectionsOff,1040,0.033595522836549208,0.0332,,1,0,0
ReflectionsOff,1041,0.033602605981286615,0.0332,,1,0,0
ReflectionsOff,1042,0.033701813663356006,0.0334,,1,0,0
ReflectionsOff,1043,0.033496315154479817,0.0332,,1,0,0
ReflectionsOff,1044,0.03340419425512664,0.0331,,1,0,0
ReflectionsOff,1045,0.050496033509261906,0.0501,,1,0,0
ReflectionsOff,1046,0.0376984135073144,0.0372,,1,0,0
ReflectionsOff,1047,0.034800170396920294,0.0344,,1,0,0
ReflectionsOff,1048,0.04180130417807959,0.0419,,1,0,0
ReflectionsOff,1049,0.070698697527404875,0.0697,,1,0,0
ReflectionsOff,1050,0.038903061067685485,0.0382,,1,0,0
ReflectionsOff,1051,0.029400509447441436,0.0289,,1,0,0
ReflectionsOff,1052,0.030697279726155102,0.0304,,1,0,0
ReflectionsOff,1053,0.062003971834201366,0.0634,,1,0,0
ReflectionsOff,1054,0.15569728566333652,0.1531,,1,0,0
ReflectionsOff,1055,0.039002268749754876,0.0384,,1,0,0
ReflectionsOff,1056,0.045301869249669835,0.0454,,1,0,0
ReflectionsOff,1057,0.0465986377093941,0.0456,,1,0,0
ReflectionsOff,1058,0.03309948806418106,0.0327,,1,0,0
ReflectionsOff,1059,0.034601758670760319,0.0343,,1,0,0
ReflectionsOff,1060,0.033999433071585372,0.0336,,1,0,0
ReflectionsOff,1061,0.028096656023990363,0.0277,,1,0,0
ReflectionsOff,1062,0.029804421501467004,0.0295,,1,0,0
ReflectionsOff,1063,0.033297903428319842,0.0328,,1,0,0
ReflectionsOff,1064,0.033297903428319842,0.0329,,1,0,0
ReflectionsOff,1065,0.032901076338021085,0.0326,,1,0,0
ReflectionsOff,1066,0.03309948806418106,0.0326,,1,0,0
ReflectionsOff,1067,0.03270266461186111,0.0324,,1,0,0
ReflectionsOff,1068,0.03289398955530487,0.0325,,1,0,0
ReflectionsOff,1069,0.033304990211036056,0.033,,1,0,0
ReflectionsOff,1070,0.0328018722939305,0.0326,,1,0,0
ReflectionsOff,1071,0.032397958420915529,0.0322,,1,0,0
ReflectionsOff,1072,0.033000284020090476,0.0325,,1,0,0
ReflectionsOff,1073,0.03309948806418106,0.0326,,1,0,0
ReflectionsOff,1074,0.033397107472410426,0.0331,,1,0,0
ReflectionsOff,1075,0.032901076338021085,0.0325,,1,0,0
ReflectionsOff,1076,0.03270266461186111,0.0323,,1,0,0
ReflectionsOff,1077,0.03309948806418106,0.0328,,1,0,0
ReflectionsOff,1078,0.049801587010733783,0.0496,,1,0,0
ReflectionsOff,1079,0.034594671888044104,0.0341,,1,0,0
ReflectionsOff,1080,0.033304990211036056,0.033,,1,0,0
ReflectionsOff,1081,0.043098072637803853,0.0428,,1,0,0
ReflectionsOff,1082,0.034297052479814738,0.0339,,1,0,0
ReflectionsOff,1083,0.03309948806418106,0.0329,,1,0,0
ReflectionsOff,1084,0.033000284020090476,0.0326,,1,0,0
ReflectionsOff,1085,0.033000284020090476,0.0326,,1,0,0
ReflectionsOff,1086,0.032901076338021085,0.0326,,1,0,0
ReflectionsOff,1087,0.032603456929791719,0.0323,,1,0,0
ReflectionsOff,1088,0.03309948806418106,0.0327,,1,0,0
ReflectionsOff,1089,0.033000284020090476,0.0326,,1,0,0
ReflectionsOff,1090,0.032794785511214286,0.0324,,1,0,0
ReflectionsOff,1091,0.0328018722939305,0.0324,,1,0,0
ReflectionsOff,1092,0.03309948806418106,0.0328,,1,0,0
ReflectionsOff,1093,0.032504252885701135,0.0321,,1,0,0
ReflectionsOff,1094,0.032695577829144895,0.0325,,1,0,0
ReflectionsOff,1095,0.03270266461186111,0.0324,,1,0,0
ReflectionsOff,1096,0.033198695746250451,0.0328,,1,0,0
ReflectionsOff,1097,0.03309948806418106,0.0328,,1,0,0
ReflectionsOff,1098,0.0328018722939305,0.0325,,1,0,0
ReflectionsOff,1099,0.03249716610298492,0.0322,,1,0,0
ReflectionsOff,1100,0.032603456929791719,0.0322,,1,0,0
ReflectionsOff,1101,0.032695577829144895,0.0323,,1,0,0
ReflectionsOff,1102,0.033000284020090476,0.0327,,1,0,0
ReflectionsOff,1103,0.0328018722939305,0.0325,,1,0,0
ReflectionsOff,1104,0.032901076338021085,0.0325,,1,0,0
ReflectionsOff,1105,0.03270266461186111,0.0324,,1,0,0
ReflectionsOff,1106,0.032794785511214286,0.0325,,1,0,0
ReflectionsOff,1107,0.03309948806418106,0.0327,,1,0,0
ReflectionsOff,1108,0.033304990211036056,0.0329,,1,0,0
ReflectionsOff,1109,0.033000284020090476,0.0328,,1,0,0
ReflectionsOff,1110,0.03309948806418106,0.0327,,1,0,0
ReflectionsOff,1111,0.032596370147075504,0.0322,,1,0,0
ReflectionsOff,1112,0.036904762964695692,0.0365,,1,0,0
ReflectionsOff,1113,0.03249716610298492,0.0322,,1,0,0
ReflectionsOff,1114,0.03270266461186111,0.0324,,1,0,0
ReflectionsOff,1115,0.080895690189208835,0.0825,,1,0,0
ReflectionsOff,1116,0.18200113845523447,0.1792,,1,0,0
ReflectionsOff,1117,0.0564980146009475,0.0556,,1,0,0
ReflectionsOff,1118,0.058801018894882873,0.0602,,1,0,0
ReflectionsOff,1119,0.16570294974371791,0.1637,,1,0,0
ReflectionsOff,1120,0.14529479085467756,0.1459,,1,0,0
ReflectionsOff,1121,0.2224064664915204,0.2199,,1,0,0
ReflectionsOff,1122,0.15569728566333652,0.1544,,1,0,0
ReflectionsOff,1123,0.0982001147349365,0.0974,,1,0,0
ReflectionsOff,1124,0.054400508815888315,0.0532,,1,0,0
ReflectionsOff,1125,0.060296202718745917,0.0592,,1,0,0
ReflectionsOff,1126,0.03910147279384546,0.0384,,1,0,0
ReflectionsOff,1127,0.035204080631956458,0.0348,,1,0,0
ReflectionsOff,1128,0.049695296183926985,0.0503,,1,0,0
ReflectionsOff,1129,0.1023030054057017,0.1014,,1,0,0
ReflectionsOff,1130,0.10060232307296246,0.0994,,1,0,0
ReflectionsOff,1131,0.046697845391463488,0.0459,,1,0,0
ReflectionsOff,1132,0.031001985917100683,0.0306,,1,0,0
ReflectionsOff,1133,0.039299888157984242,0.0397,,1,0,0
ReflectionsOff,1134,0.06629818381043151,0.065,,1,0,0
ReflectionsOff,1135,0.048696143494453281,0.0492,,1,0,0
ReflectionsOff,1136,0.10860260954359546,0.1075,,1,0,0
ReflectionsOff,1137,0.067701250372920185,0.0681,,1,0,0
ReflectionsOff,1138,0.093898808700032532,0.0921,,1,0,0
ReflectionsOff,1139,0.04180130417807959,0.0404,,1,0,0
ReflectionsOff,1140,0.035600907722255215,0.0351,,1,0,0
ReflectionsOff,1141,0.033999433071585372,0.0336,,1,0,0
ReflectionsOff,1142,0.0347009627148509,0.0343,,1,0,0
ReflectionsOff,1143,0.034098640753654763,0.0338,,1,0,0
ReflectionsOff,1144,0.049801587010733783,0.0503,,1,0,0
ReflectionsOff,1145,0.10269982885802165,0.1015,,1,0,0
ReflectionsOff,1146,0.05019841410103254,0.0493,,1,0,0
ReflectionsOff,1147,0.037096087908139452,0.0365,,1,0,0
ReflectionsOff,1148,0.034899378078989685,0.0346,,1,0,0
ReflectionsOff,1149,0.034304139262530953,0.0338,,1,0,0
ReflectionsOff,1150,0.033602605981286615,0.0332,,1,0,0
ReflectionsOff,1151,0.033397107472410426,0.033,,1,0,0
ReflectionsOff,1152,0.034098640753654763,0.0337,,1,0,0
ReflectionsOff,1153,0.034098640753654763,0.0337,,1,0,0
ReflectionsOff,1154,0.033602605981286615,0.0334,,1,0,0
ReflectionsOff,1155,0.034396260161884129,0.0339,,1,0,0
ReflectionsOff,1156,0.033900225389515981,0.0336,,1,0,0
ReflectionsOff,1157,0.034105723898392171,0.0338,,1,0,0
ReflectionsOff,1158,0.033694726880639791,0.0333,,1,0,0
ReflectionsOff,1159,0.0338010213454254,0.0335,,1,0,0
ReflectionsOff,1160,0.0338010213454254,0.0333,,1,0,0
ReflectionsOff,1161,0.033503401937196031,0.0331,,1,0,0
ReflectionsOff,1162,0.034098640753654763,0.0337,,1,0,0
ReflectionsOff,1163,0.028599773941095918,0.0283,,1,0,0
ReflectionsOff,1164,0.030598072044085711,0.0303,,1,0,0
ReflectionsOff,1165,0.03340419425512664,0.0331,,1,0,0
ReflectionsOff,1166,0.033999433071585372,0.0337,,1,0,0
ReflectionsOff,1167,0.033900225389515981,0.0336,,1,0,0
ReflectionsOff,1168,0.034197844797745347,0.0338,,1,0,0
ReflectionsOff,1169,0.0338010213454254,0.0335,,1,0,0
ReflectionsOff,1170,0.033198695746250451,0.0329,,1,0,0
ReflectionsOff,1171,0.042701245547505096,0.0424,,1,0,0
ReflectionsOff,1172,0.034899378078989685,0.0344,,1,0,0
ReflectionsOff,1173,0.033900225389515981,0.0336,,1,0,0
ReflectionsOff,1174,0.044097221689298749,0.0437,,1,0,0
ReflectionsOff,1175,0.034998582123080269,0.0346,,1,0,0
ReflectionsOff,1176,0.034304139262530953,0.0338,,1,0,0
ReflectionsOff,1177,0.034098640753654763,0.0337,,1,0,0
ReflectionsOff,1178,0.033503401937196031,0.0332,,1,0,0
ReflectionsOff,1179,0.033893142244778574,0.0336,,1,0,0
ReflectionsOff,1180,0.033701813663356006,0.0334,,1,0,0
ReflectionsOff,1181,0.033701813663356006,0.0333,,1,0,0
ReflectionsOff,1182,0.033397107472410426,0.0331,,1,0,0
ReflectionsOff,1183,0.028103740987717174,0.0277,,1,0,0
ReflectionsOff,1184,0.03010204090969637,0.0299,,1,0,0
ReflectionsOff,1185,0.033694726880639791,0.0334,,1,0,0
ReflectionsOff,1186,0.033503401937196031,0.0331,,1,0,0
ReflectionsOff,1187,0.0338010213454254,0.0334,,1,0,0
ReflectionsOff,1188,0.033999433071585372,0.0337,,1,0,0
ReflectionsOff,1189,0.033595522836549208,0.0332,,1,0,0
ReflectionsOff,1190,0.033701813663356006,0.0333,,1,0,0
ReflectionsOff,1191,0.033900225389515981,0.0336,,1,0,0
ReflectionsOff,1192,0.029499717129510827,0.029,,1,0,0
ReflectionsOff,1193,0.031101189961191267,0.0309,,1,0,0
ReflectionsOff,1194,0.034197844797745347,0.0339,,1,0,0
ReflectionsOff,1195,0.033602605981286615,0.0332,,1,0,0
ReflectionsOff,1196,0.033602605981286615,0.0333,,1,0,0
ReflectionsOff,1197,0.034098640753654763,0.0336,,1,0,0
ReflectionsOff,1198,0.033694726880639791,0.0333,,1,0,0
ReflectionsOff,1199,0.033503401937196031,0.0331,,1,0,0
ReflectionsOff,1200,0.028302154532866552,0.0278,,1,0,0
ReflectionsOff,1201,0.024695294996490702,0.0244,,1,0,0
ReflectionsOff,1202,0.030605158826801926,0.0304,,1,0,0
ReflectionsOff,1203,0.034197844797745347,0.0338,,1,0,0
ReflectionsOff,1204,0.034098640753654763,0.0337,,1,0,0
ReflectionsOff,1205,0.033503401937196031,0.033,,1,0,0
ReflectionsOff,1206,0.033397107472410426,0.0331,,1,0,0
ReflectionsOff,1207,0.028103740987717174,0.0277,,1,0,0
ReflectionsOff,1208,0.030094954126980156,0.0298,,1,0,0
ReflectionsOff,1209,0.033503401937196031,0.0331,,1,0,0
ReflectionsOff,1210,0.02840136039594654,0.028,,1,0,0
ReflectionsOff,1211,0.030194161809049547,0.03,,1,0,0
ReflectionsOff,1212,0.0338010213454254,0.0335,,1,0,0
ReflectionsOff,1213,0.028202948669786565,0.0278,,1,0,0
ReflectionsOff,1214,0.029995748263900168,0.0297,,1,0,0
ReflectionsOff,1215,0.033701813663356006,0.0334,,1,0,0
ReflectionsOff,1216,0.0338010213454254,0.0335,,1,0,0
ReflectionsOff,1217,0.033999433071585372,0.0337,,1,0,0
ReflectionsOff,1218,0.028103740987717174,0.0278,,1,0,0
ReflectionsOff,1219,0.030300452635856345,0.03,,1,0,0
ReflectionsOff,1220,0.027997448341920972,0.0277,,1,0,0
ReflectionsOff,1221,0.029896542400820181,0.0297,,1,0,0
ReflectionsOff,1222,0.033900225389515981,0.0337,,1,0,0
ReflectionsOff,1223,0.037500001781154424,0.0378,,1,0,0
ReflectionsOff,1224,0.035303288314025849,0.0341,,1,0,0
ReflectionsOff,1225,0.0338010213454254,0.0334,,1,0,0
ReflectionsOff,1226,0.0338010213454254,0.0334,,1,0,0
ReflectionsOff,1227,0.033595522836549208,0.0333,,1,0,0
ReflectionsOff,1228,0.033701813663356006,0.0334,,1,0,0
ReflectionsOff,1229,0.033602605981286615,0.0333,,1,0,0
ReflectionsOff,1230,0.033595522836549208,0.0332,,1,0,0
ReflectionsOff,1231,0.033701813663356006,0.0334,,1,0,0
ReflectionsOff,1232,0.033496315154479817,0.0331,,1,0,0
ReflectionsOff,1233,0.033900225389515981,0.0336,,1,0,0
ReflectionsOff,1234,0.033304990211036056,0.033,,1,0,0
ReflectionsOff,1235,0.039696711610304192,0.0394,,1,0,0
ReflectionsOff,1236,0.035104876587865874,0.0346,,1,0,0
ReflectionsOff,1237,0.034396260161884129,0.0338,,1,0,0
ReflectionsOff,1238,0.033900225389515981,0.0335,,1,0,0
ReflectionsOff,1239,0.02840136039594654,0.0279,,1,0,0
ReflectionsOff,1240,0.030498866181005724,0.0303,,1,0,0
ReflectionsOff,1241,0.033701813663356006,0.0334,,1,0,0
ReflectionsOff,1242,0.033595522836549208,0.0331,,1,0,0
ReflectionsOff,1243,0.033701813663356006,0.0334,,1,0,0
ReflectionsOff,1244,0.0338010213454254,0.0335,,1,0,0
ReflectionsOff,1245,0.033900225389515981,0.0336,,1,0,0
ReflectionsOff,1246,0.033999433071585372,0.0336,,1,0,0
ReflectionsOff,1247,0.033503401937196031,0.0331,,1,0,0
ReflectionsOff,1248,0.033793934562709183,0.0334,,1,0,0
ReflectionsOff,1249,0.033900225389515981,0.0335,,1,0,0
ReflectionsOff,1250,0.034601758670760319,0.0342,,1,0,0
ReflectionsOff,1251,0.034098640753654763,0.0336,,1,0,0
ReflectionsOff,1252,0.03309948806418106,0.0328,,1,0,0
ReflectionsOff,1253,0.033503401937196031,0.0331,,1,0,0
ReflectionsOff,1254,0.033602605981286615,0.0333,,1,0,0
ReflectionsOff,1255,0.034098640753654763,0.0337,,1,0,0
ReflectionsOff,1256,0.028295067750150338,0.0279,,1,0,0
ReflectionsOff,1257,0.030399660317925736,0.03,,1,0,0
ReflectionsOff,1258,0.052005387260578573,0.0528,,1,0,0
ReflectionsOff,1259,0.12959892046637833,0.1284,,1,0,0
ReflectionsOff,1260,0.090596651716623455,0.0899,,1,0,0
ReflectionsOff,1261,0.090100620582234114,0.0892,,1,0,0
ReflectionsOff,1262,0.041999715904239565,0.0412,,1,0,0
ReflectionsOff,1263,0.0328018722939305,0.0325,,1,0,0
ReflectionsOff,1264,0.035600907722255215,0.0352,,1,0,0
ReflectionsOff,1265,0.034098640753654763,0.0336,,1,0,0
ReflectionsOff,1266,0.028500566259026527,0.0281,,1,0,0
ReflectionsOff,1267,0.030201246772776358,0.0299,,1,0,0
ReflectionsOff,1268,0.033595522836549208,0.0332,,1,0,0
ReflectionsOff,1269,0.033701813663356006,0.0333,,1,0,0
ReflectionsOff,1270,0.033297903428319842,0.0331,,1,0,0
ReflectionsOff,1271,0.033701813663356006,0.0334,,1,0,0
ReflectionsOff,1272,0.033701813663356006,0.0335,,1,0,0
ReflectionsOff,1273,0.028202948669786565,0.0277,,1,0,0
ReflectionsOff,1274,0.04419642937136814,0.0448,,1,0,0
ReflectionsOff,1275,0.12050028453813866,0.1198,,1,0,0
ReflectionsOff,1276,0.12550312385428697,0.1248,,1,0,0
ReflectionsOff,1277,0.10929704876616597,0.1081,,1,0,0
ReflectionsOff,1278,0.0574971672904212,0.0567,,1,0,0
ReflectionsOff,1279,0.039002268749754876,0.0385,,1,0,0
ReflectionsOff,1280,0.034403343306621537,0.034,,1,0,0
ReflectionsOff,1281,0.034495464205974713,0.0341,,1,0,0
ReflectionsOff,1282,0.034098640753654763,0.0337,,1,0,0
ReflectionsOff,1283,0.033701813663356006,0.0331,,1,0,0
ReflectionsOff,1284,0.033503401937196031,0.0332,,1,0,0
ReflectionsOff,1285,0.033694726880639791,0.0334,,1,0,0
ReflectionsOff,1286,0.034204931580461562,0.0337,,1,0,0
ReflectionsOff,1287,0.033900225389515981,0.0335,,1,0,0
ReflectionsOff,1288,0.033496315154479817,0.0331,,1,0,0
ReflectionsOff,1289,0.033602605981286615,0.0333,,1,0,0
ReflectionsOff,1290,0.03309948806418106,0.0328,,1,0,0
ReflectionsOff,1291,0.033496315154479817,0.033,,1,0,0
ReflectionsOff,1292,0.033503401937196031,0.0332,,1,0,0
ReflectionsOff,1293,0.091900510597042739,0.0928,,1,0,0
ReflectionsOff,1294,0.12740220699924976,0.1256,,1,0,0
ReflectionsOff,1295,0.065100626670755446,0.0643,,1,0,0
ReflectionsOff,1296,0.038598354876739904,0.0382,,1,0,0
ReflectionsOff,1297,0.09900084842229262,0.0637,,1,0,0
ReflectionsOff,1298,0.085700114141218364,0.0841,,1,0,0
ReflectionsOff,1299,0.06229450082173571,0.0614,,1,0,0
ReflectionsOff,1300,0.058205783716402948,0.0577,,1,0,0
ReflectionsOff,1301,0.058000285207526758,0.0574,,1,0,0
ReflectionsOff,1302,0.058099489251617342,0.0574,,1,0,0
ReflectionsOff,1303,0.057596371334511787,0.057,,1,0,0
ReflectionsOff,1304,0.057901077525457367,0.0573,,1,0,0
ReflectionsOff,1305,0.057702665799297392,0.0572,,1,0,0
ReflectionsOff,1306,0.057596371334511787,0.057,,1,0,0
ReflectionsOff,1307,0.057603458117228,0.0571,,1,0,0
ReflectionsOff,1308,0.046896257117623463,0.046,,1,0,0
ReflectionsOff,1309,0.033602605981286615,0.0333,,1,0,0
ReflectionsOff,1310,0.033595522836549208,0.0332,,1,0,0
ReflectionsOff,1311,0.033602605981286615,0.0332,,1,0,0
ReflectionsOff,1312,0.033503401937196031,0.0331,,1,0,0
ReflectionsOff,1313,0.044699547288473696,0.0444,,1,0,0
ReflectionsOff,1314,0.034998582123080269,0.0345,,1,0,0
ReflectionsOff,1315,0.033701813663356006,0.0333,,1,0,0
ReflectionsOff,1316,0.033793934562709183,0.0334,,1,0,0
ReflectionsOff,1317,0.0338010213454254,0.0334,,1,0,0
ReflectionsOff,1318,0.052303003030829132,0.0531,,1,0,0
ReflectionsOff,1319,0.11719812755472958,0.1156,,1,0,0
ReflectionsOff,1320,0.046400225983234122,0.0458,,1,0,0
ReflectionsOff,1321,0.035997731174575165,0.0355,,1,0,0
ReflectionsOff,1322,0.033602605981286615,0.0332,,1,0,0
ReflectionsOff,1323,0.033602605981286615,0.034,,1,0,0
ReflectionsOff,1324,0.034197844797745347,0.0333,,1,0,0
ReflectionsOff,1325,0.033496315154479817,0.033,,1,0,0
ReflectionsOff,1326,0.033503401937196031,0.0332,,1,0,0
ReflectionsOff,1327,0.033198695746250451,0.0329,,1,0,0
ReflectionsOff,1328,0.039604590710951015,0.0392,,1,0,0
ReflectionsOff,1329,0.034098640753654763,0.0338,,1,0,0
ReflectionsOff,1330,0.033198695746250451,0.0329,,1,0,0
ReflectionsOff,1331,0.033000284020090476,0.0326,,1,0,0
ReflectionsOff,1332,0.033297903428319842,0.0329,,1,0,0
ReflectionsOff,1333,0.03309948806418106,0.0327,,1,0,0
ReflectionsOff,1334,0.037103174690855667,0.0367,,1,0,0
ReflectionsOff,1335,0.032001134968595579,0.0317,,1,0,0
ReflectionsOff,1336,0.03289398955530487,0.0324,,1,0,0
ReflectionsOff,1337,0.0328018722939305,0.0324,,1,0,0
ReflectionsOff,1338,0.032405045203631744,0.032,,1,0,0
ReflectionsOff,1339,0.032298754376824945,0.032,,1,0,0
ReflectionsOff,1340,0.03249716610298492,0.0322,,1,0,0
ReflectionsOff,1341,0.032603456929791719,0.0322,,1,0,0
ReflectionsOff,1342,0.032397958420915529,0.0321,,1,0,0
ReflectionsOff,1343,0.03270266461186111,0.0323,,1,0,0
ReflectionsOff,1344,0.03289398955530487,0.0325,,1,0,0
ReflectionsOff,1345,0.05080073606222868,0.0515,,1,0,0
ReflectionsOff,1346,0.10970096627715975,0.1084,,1,0,0
ReflectionsOff,1347,0.0714002235326916,0.0707,,1,0,0
ReflectionsOff,1348,0.063399944338016212,0.0627,,1,0,0
ReflectionsOff,1349,0.073398528911639,0.074,,1,0,0
ReflectionsOff,1350,0.13900226622354239,0.1373,,1,0,0
ReflectionsOff,1351,0.077097502071410418,0.0757,,1,0,0
ReflectionsOff,1352,0.05950255217612721,0.0587,,1,0,0
ReflectionsOff,1353,0.044501135562313721,0.0439,,1,0,0
ReflectionsOff,1354,0.033496315154479817,0.033,,1,0,0
ReflectionsOff,1355,0.03340419425512664,0.0331,,1,0,0
ReflectionsOff,1356,0.033297903428319842,0.033,,1,0,0
ReflectionsOff,1357,0.033198695746250451,0.0329,,1,0,0
ReflectionsOff,1358,0.03340419425512664,0.0329,,1,0,0
ReflectionsOff,1359,0.033297903428319842,0.033,,1,0,0
ReflectionsOff,1360,0.033198695746250451,0.0329,,1,0,0
ReflectionsOff,1361,0.033297903428319842,0.0329,,1,0,0
ReflectionsOff,1362,0.03340419425512664,0.033,,1,0,0
ReflectionsOff,1363,0.039399092202074826,0.0392,,1,0,0
ReflectionsOff,1364,0.041198978578904644,0.041,,1,0,0
ReflectionsOff,1365,0.053698979172622785,0.0533,,1,0,0
ReflectionsOff,1366,0.065199827076867223,0.0644,,1,0,0
ReflectionsOff,1367,0.03849915083264932,0.038,,1,0,0
ReflectionsOff,1368,0.078004537499509752,0.0787,,1,0,0
ReflectionsOff,1369,0.12009637430310249,0.1191,,1,0,0
ReflectionsOff,1370,0.10790107626235113,0.1063,,1,0,0
ReflectionsOff,1371,0.080598074418958277,0.0801,,1,0,0
ReflectionsOff,1372,0.10160147212445736,0.1007,,1,0,0
ReflectionsOff,1373,0.0914044794626534,0.0907,,1,0,0
ReflectionsOff,1374,0.044494048779597506,0.0436,,1,0,0
ReflectionsOff,1375,0.0516014733875636,0.0513,,1,0,0
ReflectionsOff,1376,0.066198976128362119,0.0659,,1,0,0
ReflectionsOff,1377,0.055902779422467574,0.055,,1,0,0
ReflectionsOff,1378,0.037202382372925058,0.0366,,1,0,0
ReflectionsOff,1379,0.034098640753654763,0.0336,,1,0,0
ReflectionsOff,1380,0.033496315154479817,0.0331,,1,0,0
ReflectionsOff,1381,0.039703798393020406,0.0393,,1,0,0
ReflectionsOff,1382,0.033999433071585372,0.0336,,1,0,0
ReflectionsOff,1383,0.033297903428319842,0.033,,1,0,0
ReflectionsOff,1384,0.033198695746250451,0.0329,,1,0,0
ReflectionsOff,1385,0.033000284020090476,0.0325,,1,0,0
ReflectionsOff,1386,0.03309948806418106,0.0326,,1,0,0
ReflectionsOff,1387,0.033205782528966665,0.0328,,1,0,0
ReflectionsOff,1388,0.033198695746250451,0.0328,,1,0,0
ReflectionsOff,1389,0.033397107472410426,0.033,,1,0,0
ReflectionsOff,1390,0.03309948806418106,0.0327,,1,0,0
ReflectionsOff,1391,0.0328018722939305,0.0325,,1,0,0
ReflectionsOff,1392,0.033198695746250451,0.0328,,1,0,0
ReflectionsOff,1393,0.03309948806418106,0.0326,,1,0,0
ReflectionsOff,1394,0.03309948806418106,0.0327,,1,0,0
ReflectionsOff,1395,0.052104591304669157,0.0521,,1,0,0
ReflectionsOff,1396,0.041000566852744669,0.0401,,1,0,0
ReflectionsOff,1397,0.033900225389515981,0.0334,,1,0,0
ReflectionsOff,1398,0.033297903428319842,0.033,,1,0,0
ReflectionsOff,1399,0.033198695746250451,0.0328,,1,0,0
ReflectionsOff,1400,0.033297903428319842,0.033,,1,0,0
ReflectionsOff,1401,0.033000284020090476,0.0327,,1,0,0
ReflectionsOff,1402,0.03270266461186111,0.0322,,1,0,0
ReflectionsOff,1403,0.033198695746250451,0.0328,,1,0,0
ReflectionsOff,1404,0.028698979804175906,0.0283,,1,0,0
ReflectionsOff,1405,0.043204363464610651,0.043,,1,0,0
ReflectionsOff,1406,0.034800170396920294,0.0344,,1,0,0
ReflectionsOff,1407,0.033397107472410426,0.0331,,1,0,0
ReflectionsOff,1408,0.033297903428319842,0.033,,1,0,0
ReflectionsOff,1409,0.038300735468510538,0.0381,,1,0,0
ReflectionsOff,1410,0.064399093389511108,0.0645,,1,0,0
ReflectionsOff,1411,0.10840419417945668,0.1072,,1,0,0
ReflectionsOff,1412,0.049596088501857594,0.0488,,1,0,0
ReflectionsOff,1413,0.051204649935243651,0.0515,,1,0,0
ReflectionsOff,1414,0.1190972252516076,0.1184,,1,0,0
ReflectionsOff,1415,0.10710034257499501,0.1059,,1,0,0
ReflectionsOff,1416,0.0485969394503627,0.0479,,1,0,0
ReflectionsOff,1417,0.036104025639360771,0.0354,,1,0,0
ReflectionsOff,1418,0.034197844797745347,0.0338,,1,0,0
ReflectionsOff,1419,0.03340419425512664,0.033,,1,0,0
ReflectionsOff,1420,0.03309948806418106,0.0328,,1,0,0
ReflectionsOff,1421,0.033297903428319842,0.033,,1,0,0
ReflectionsOff,1422,0.033000284020090476,0.0326,,1,0,0
ReflectionsOff,1423,0.032901076338021085,0.0333,,1,0,0
ReflectionsOff,1424,0.0338010213454254,0.0328,,1,0,0
ReflectionsOff,1425,0.060196995036676526,0.0598,,1,0,0
ReflectionsOff,1426,0.034601758670760319,0.0342,,1,0,0
ReflectionsOff,1427,0.033999433071585372,0.0337,,1,0,0
ReflectionsOff,1428,0.033000284020090476,0.0326,,1,0,0
ReflectionsOff,1429,0.0338010213454254,0.0334,,1,0,0
ReflectionsOff,1430,0.033000284020090476,0.0326,,1,0,0
ReflectionsOff,1431,0.0437003982369788,0.0436,,1,0,0
ReflectionsOff,1432,0.0465986377093941,0.0459,,1,0,0
ReflectionsOff,1433,0.042396542994538322,0.0418,,1,0,0
ReflectionsOff,1434,0.034304139262530953,0.034,,1,0,0
ReflectionsOff,1435,0.033595522836549208,0.0332,,1,0,0
ReflectionsOff,1436,0.03340419425512664,0.033,,1,0,0
ReflectionsOff,1437,0.033595522836549208,0.0332,,1,0,0
ReflectionsOff,1438,0.034304139262530953,0.0338,,1,0,0
ReflectionsOff,1439,0.033900225389515981,0.0335,,1,0,0
ReflectionsOff,1440,0.033297903428319842,0.0328,,1,0,0
ReflectionsOff,1441,0.033198695746250451,0.0328,,1,0,0
ReflectionsOff,1442,0.033503401937196031,0.033,,1,0,0
ReflectionsOff,1443,0.033595522836549208,0.0332,,1,0,0
ReflectionsOff,1444,0.032901076338021085,0.0325,,1,0,0
ReflectionsOff,1445,0.033198695746250451,0.0328,,1,0,0
ReflectionsOff,1446,0.033304990211036056,0.0329,,1,0,0
ReflectionsOff,1447,0.033198695746250451,0.0328,,1,0,0
ReflectionsOff,1448,0.033496315154479817,0.0331,,1,0,0
ReflectionsOff,1449,0.033304990211036056,0.0329,,1,0,0
ReflectionsOff,1450,0.033198695746250451,0.0328,,1,0,0
ReflectionsOff,1451,0.033397107472410426,0.033,,1,0,0
ReflectionsOff,1452,0.033198695746250451,0.0328,,1,0,0
ReflectionsOff,1453,0.033503401937196031,0.0332,,1,0,0
ReflectionsOff,1454,0.03309948806418106,0.0327,,1,0,0
ReflectionsOff,1455,0.0338010213454254,0.0335,,1,0,0
ReflectionsOff,1456,0.033397107472410426,0.033,,1,0,0
ReflectionsOff,1457,0.069699548475909978,0.0694,,1,0,0
ReflectionsOff,1458,0.037903912016190588,0.0373,,1,0,0
ReflectionsOff,1459,0.034495464205974713,0.0339,,1,0,0
ReflectionsOff,1460,0.03309948806418106,0.0328,,1,0,0
ReflectionsOff,1461,0.033000284020090476,0.0327,,1,0,0
ReflectionsOff,1462,0.033304990211036056,0.033,,1,0,0
ReflectionsOff,1463,0.033000284020090476,0.0326,,1,0,0
ReflectionsOff,1464,0.033000284020090476,0.0327,,1,0,0
ReflectionsOff,1465,0.033000284020090476,0.0327,,1,0,0
ReflectionsOff,1466,0.033000284020090476,0.0326,,1,0,0
ReflectionsOff,1467,0.03309948806418106,0.0327,,1,0,0
ReflectionsOff,1468,0.033000284020090476,0.0327,,1,0,0
ReflectionsOff,1469,0.051799885113723576,0.0524,,1,0,0
ReflectionsOff,1470,0.15629960398655385,0.1569,,1,0,0
ReflectionsOff,1471,0.26549745234660804,0.2636,,1,0,0
ReflectionsOff,1472,0.22979734058026224,0.2277,,1,0,0
ReflectionsOff,1473,0.13940618373453617,0.1378,,1,0,0
ReflectionsOff,1474,0.096499432402197272,0.0955,,1,0,0
ReflectionsOff,1475,0.093898808700032532,0.0929,,1,0,0
ReflectionsOff,1476,0.074801588198170066,0.0737,,1,0,0
ReflectionsOff,1477,0.054393425671150908,0.0533,,1,0,0
ReflectionsOff,1478,0.0477040812256746,0.048,,1,0,0
ReflectionsOff,1479,0.10839710739674047,0.107,,1,0,0
ReflectionsOff,1480,0.052905328630004078,0.0523,,1,0,0
ReflectionsOff,1481,0.037294499634299427,0.0367,,1,0,0
ReflectionsOff,1482,0.034204931580461562,0.0337,,1,0,0
ReflectionsOff,1483,0.033694726880639791,0.0332,,1,0,0
ReflectionsOff,1484,0.040199829527409747,0.0397,,1,0,0
ReflectionsOff,1485,0.076303855166770518,0.0767,,1,0,0
ReflectionsOff,1486,0.13749999925494194,0.1375,,1,0,0
ReflectionsOff,1487,0.16420068277511746,0.1633,,1,0,0
ReflectionsOff,1488,0.160898533067666,0.1583,,1,0,0
ReflectionsOff,1489,0.074000847234856337,0.073,,1,0,0
ReflectionsOff,1490,0.044295633415458724,0.0436,,1,0,0
ReflectionsOff,1491,0.039703798393020406,0.0396,,1,0,0
ReflectionsOff,1492,0.05279903780319728,0.0519,,1,0,0
ReflectionsOff,1493,0.0366992644558195,0.0362,,1,0,0
ReflectionsOff,1494,0.03340419425512664,0.0331,,1,0,0
ReflectionsOff,1495,0.032794785511214286,0.0325,,1,0,0
ReflectionsOff,1496,0.032405045203631744,0.0321,,1,0,0
ReflectionsOff,1497,0.077699827670585364,0.0794,,1,0,0
ReflectionsOff,1498,0.15649801935069263,0.1541,,1,0,0
ReflectionsOff,1499,0.11339994671288878,0.1125,,1,0,0
ReflectionsOff,1500,0.1020975032588467,0.1021,,1,0,0
ReflectionsOff,1501,0.20880102238152176,0.2166,,1,0,0
ReflectionsOff,1502,0.093799601017963141,0.0833,,1,0,0
ReflectionsOff,1503,0.088499153207521886,0.0876,,1,0,0
ReflectionsOff,1504,0.047002551582409069,0.0462,,1,0,0
ReflectionsOff,1505,0.035898527130484581,0.0355,,1,0,0
ReflectionsOff,1506,0.034304139262530953,0.0338,,1,0,0
ReflectionsOff,1507,0.03309948806418106,0.0327,,1,0,0
ReflectionsOff,1508,0.033397107472410426,0.033,,1,0,0
ReflectionsOff,1509,0.033000284020090476,0.0327,,1,0,0
ReflectionsOff,1510,0.033397107472410426,0.033,,1,0,0
ReflectionsOff,1511,0.03340419425512664,0.033,,1,0,0
ReflectionsOff,1512,0.03309948806418106,0.0328,,1,0,0
ReflectionsOff,1513,0.0328018722939305,0.0325,,1,0,0
ReflectionsOff,1514,0.033198695746250451,0.0328,,1,0,0
ReflectionsOff,1515,0.033198695746250451,0.0328,,1,0,0
ReflectionsOff,1516,0.033297903428319842,0.0328,,1,0,0
ReflectionsOff,1517,0.033304990211036056,0.0329,,1,0,0
ReflectionsOff,1518,0.03309948806418106,0.0328,,1,0,0
ReflectionsOff,1519,0.033000284020090476,0.0327,,1,0,0
ReflectionsOff,1520,0.033297903428319842,0.0328,,1,0,0
ReflectionsOff,1521,0.033000284020090476,0.0327,,1,0,0
ReflectionsOff,1522,0.033397107472410426,0.0338,,1,0,0
ReflectionsOff,1523,0.033999433071585372,0.0329,,1,0,0
ReflectionsOff,1524,0.033503401937196031,0.0331,,1,0,0
ReflectionsOff,1525,0.03309948806418106,0.0327,,1,0,0
ReflectionsOff,1526,0.033198695746250451,0.0327,,1,0,0
ReflectionsOff,1527,0.034800170396920294,0.0347,,1,0,0
ReflectionsOff,1528,0.045004253479419276,0.0445,,1,0,0
ReflectionsOff,1529,0.034998582123080269,0.0344,,1,0,0
ReflectionsOff,1530,0.0366992644558195,0.0364,,1,0,0
ReflectionsOff,1531,0.032199546694755554,0.0317,,1,0,0
ReflectionsOff,1532,0.08699687896296382,0.0876,,1,0,0
ReflectionsOff,1533,0.1431051641702652,0.142,,1,0,0
ReflectionsOff,1534,0.11589427595026791,0.1153,,1,0,0
ReflectionsOff,1535,0.0803004513727501,0.0787,,1,0,0
ReflectionsOff,1536,0.0586026071687229,0.0577,,1,0,0
ReflectionsOff,1537,0.056299602874787524,0.0557,,1,0,0
ReflectionsOff,1538,0.054499716497957706,0.0541,,1,0,0
ReflectionsOff,1539,0.057901077525457367,0.0574,,1,0,0
ReflectionsOff,1540,0.066099775722250342,0.0653,,1,0,0
ReflectionsOff,1541,0.056101191148627549,0.0556,,1,0,0
ReflectionsOff,1542,0.054095806262921542,0.0535,,1,0,0
ReflectionsOff,1543,0.047505669499514624,0.0471,,1,0,0
ReflectionsOff,1544,0.067899658461101353,0.0679,,1,0,0
ReflectionsOff,1545,0.036798468499910086,0.0353,,1,0,0
ReflectionsOff,1546,0.033297903428319842,0.0329,,1,0,0
ReflectionsOff,1547,0.032603456929791719,0.0325,,1,0,0
ReflectionsOff,1548,0.032695577829144895,0.0323,,1,0,0
ReflectionsOff,1549,0.033000284020090476,0.0327,,1,0,0
ReflectionsOff,1550,0.03309948806418106,0.0327,,1,0,0
ReflectionsOff,1551,0.0328018722939305,0.0323,,1,0,0
ReflectionsOff,1552,0.032603456929791719,0.0323,,1,0,0
ReflectionsOff,1553,0.03249716610298492,0.0323,,1,0,0
ReflectionsOff,1554,0.035303288314025849,0.0351,,1,0,0
ReflectionsOff,1555,0.070096371928229928,0.0705,,1,0,0
ReflectionsOff,1556,0.10620039392961189,0.1048,,1,0,0
ReflectionsOff,1557,0.048398527724202722,0.0476,,1,0,0
ReflectionsOff,1558,0.03650084909168072,0.0361,,1,0,0
ReflectionsOff,1559,0.034098640753654763,0.0338,,1,0,0
ReflectionsOff,1560,0.033701813663356006,0.0333,,1,0,0
ReflectionsOff,1561,0.033602605981286615,0.0332,,1,0,0
ReflectionsOff,1562,0.033000284020090476,0.0326,,1,0,0
ReflectionsOff,1563,0.033297903428319842,0.033,,1,0,0
ReflectionsOff,1564,0.03309948806418106,0.0328,,1,0,0
ReflectionsOff,1565,0.033000284020090476,0.0327,,1,0,0
ReflectionsOff,1566,0.032901076338021085,0.0327,,1,0,0
ReflectionsOff,1567,0.0338010213454254,0.0334,,1,0,0
ReflectionsOff,1568,0.033694726880639791,0.0334,,1,0,0
ReflectionsOff,1569,0.032901076338021085,0.0326,,1,0,0
ReflectionsOff,1570,0.03270266461186111,0.0323,,1,0,0
ReflectionsOff,1571,0.036798468499910086,0.0365,,1,0,0
ReflectionsOff,1572,0.032901076338021085,0.0326,,1,0,0
ReflectionsOff,1573,0.033000284020090476,0.0326,,1,0,0
ReflectionsOff,1574,0.0328018722939305,0.0326,,1,0,0
ReflectionsOff,1575,0.032794785511214286,0.0324,,1,0,0
ReflectionsOff,1576,0.0328018722939305,0.0325,,1,0,0
ReflectionsOff,1577,0.03249716610298492,0.0322,,1,0,0
ReflectionsOff,1578,0.032603456929791719,0.0323,,1,0,0
ReflectionsOff,1579,0.032397958420915529,0.032,,1,0,0
ReflectionsOff,1580,0.032603456929791719,0.0322,,1,0,0
ReflectionsOff,1581,0.032596370147075504,0.0324,,1,0,0
ReflectionsOff,1582,0.051403061661403626,0.0515,,1,0,0
ReflectionsOff,1583,0.054995747632347047,0.054,,1,0,0
ReflectionsOff,1584,0.036904762964695692,0.0364,,1,0,0
ReflectionsOff,1585,0.033595522836549208,0.0332,,1,0,0
ReflectionsOff,1586,0.033205782528966665,0.0328,,1,0,0
ReflectionsOff,1587,0.03289398955530487,0.0326,,1,0,0
ReflectionsOff,1588,0.032504252885701135,0.0321,,1,0,0
ReflectionsOff,1589,0.032695577829144895,0.0323,,1,0,0
ReflectionsOff,1590,0.0328018722939305,0.0324,,1,0,0
ReflectionsOff,1591,0.032603456929791719,0.0323,,1,0,0
ReflectionsOff,1592,0.032794785511214286,0.0324,,1,0,0
ReflectionsOff,1593,0.03270266461186111,0.0323,,1,0,0
ReflectionsOff,1594,0.032397958420915529,0.032,,1,0,0
ReflectionsOff,1595,0.032001134968595579,0.0317,,1,0,0
ReflectionsOff,1596,0.03270266461186111,0.0323,,1,0,0
ReflectionsOff,1597,0.069600340793840587,0.0695,,1,0,0
ReflectionsOff,1598,0.05019841410103254,0.0503,,1,0,0
ReflectionsOff,1599,0.077799035352654755,0.0769,,1,0,0
ReflectionsOff,1600,0.0675028350087814,0.0664,,1,0,0
ReflectionsOff,1601,0.0475977903988678,0.0474,,1,0,0
ReflectionsOff,1602,0.0666028936393559,0.0658,,1,0,0
ReflectionsOff,1603,0.053599771490553394,0.0526,,1,0,0
ReflectionsOff,1604,0.044394841097528115,0.0443,,1,0,0
ReflectionsOff,1605,0.058503403124632314,0.0576,,1,0,0
ReflectionsOff,1606,0.037797617551404983,0.0372,,1,0,0
ReflectionsOff,1607,0.040901359170675278,0.0411,,1,0,0
ReflectionsOff,1608,0.063003120885696262,0.0623,,1,0,0
ReflectionsOff,1609,0.053698979172622785,0.0531,,1,0,0
ReflectionsOff,1610,0.049695296183926985,0.0489,,1,0,0
ReflectionsOff,1611,0.039200680475914851,0.0392,,1,0,0
ReflectionsOff,1612,0.054202097089728341,0.0532,,1,0,0
ReflectionsOff,1613,0.036600056773750111,0.0361,,1,0,0
ReflectionsOff,1614,0.033397107472410426,0.0331,,1,0,0
ReflectionsOff,1615,0.03270266461186111,0.0324,,1,0,0
ReflectionsOff,1616,0.033000284020090476,0.0325,,1,0,0
ReflectionsOff,1617,0.0328018722939305,0.0324,,1,0,0
ReflectionsOff,1618,0.032695577829144895,0.0324,,1,0,0
ReflectionsOff,1619,0.032901076338021085,0.0324,,1,0,0
ReflectionsOff,1620,0.032603456929791719,0.0323,,1,0,0
ReflectionsOff,1621,0.045096370740793645,0.0456,,1,0,0
ReflectionsOff,1622,0.091000569227617234,0.0906,,1,0,0
ReflectionsOff,1623,0.044302720198174939,0.0428,,1,0,0
ReflectionsOff,1624,0.034800170396920294,0.0343,,1,0,0
ReflectionsOff,1625,0.033397107472410426,0.0331,,1,0,0
ReflectionsOff,1626,0.033297903428319842,0.0329,,1,0,0
ReflectionsOff,1627,0.032504252885701135,0.0322,,1,0,0
ReflectionsOff,1628,0.048100908315973356,0.0486,,1,0,0
ReflectionsOff,1629,0.1001984128379263,0.0989,,1,0,0
ReflectionsOff,1630,0.0465986377093941,0.0459,,1,0,0
ReflectionsOff,1631,0.03540249599609524,0.0348,,1,0,0
ReflectionsOff,1632,0.033496315154479817,0.0331,,1,0,0
ReflectionsOff,1633,0.032901076338021085,0.0324,,1,0,0
ReflectionsOff,1634,0.033000284020090476,0.0326,,1,0,0
ReflectionsOff,1635,0.032901076338021085,0.0325,,1,0,0
ReflectionsOff,1636,0.03309948806418106,0.0327,,1,0,0
ReflectionsOff,1637,0.032603456929791719,0.0322,,1,0,0
ReflectionsOff,1638,0.03249716610298492,0.0322,,1,0,0
ReflectionsOff,1639,0.033000284020090476,0.0326,,1,0,0
ReflectionsOff,1640,0.032596370147075504,0.0321,,1,0,0
ReflectionsOff,1641,0.032405045203631744,0.032,,1,0,0
ReflectionsOff,1642,0.03249716610298492,0.0323,,1,0,0
ReflectionsOff,1643,0.032901076338021085,0.0326,,1,0,0
ReflectionsOff,1644,0.0328018722939305,0.0323,,1,0,0
ReflectionsOff,1645,0.032298754376824945,0.032,,1,0,0
ReflectionsOff,1646,0.03270266461186111,0.0323,,1,0,0
ReflectionsOff,1647,0.0911989773157984,0.0915,,1,0,0
ReflectionsOff,1648,0.088697561295703053,0.0881,,1,0,0
ReflectionsOff,1649,0.043601190554909408,0.0425,,1,0,0
ReflectionsOff,1650,0.034495464205974713,0.0341,,1,0,0
ReflectionsOff,1651,0.033106574846897274,0.0327,,1,0,0
ReflectionsOff,1652,0.03249716610298492,0.0322,,1,0,0
ReflectionsOff,1653,0.032596370147075504,0.0321,,1,0,0
ReflectionsOff,1654,0.032405045203631744,0.032,,1,0,0
ReflectionsOff,1655,0.032596370147075504,0.0323,,1,0,0
ReflectionsOff,1656,0.032504252885701135,0.0322,,1,0,0
ReflectionsOff,1657,0.032397958420915529,0.032,,1,0,0
ReflectionsOff,1658,0.032596370147075504,0.0323,,1,0,0
ReflectionsOff,1659,0.032405045203631744,0.032,,1,0,0
ReflectionsOff,1660,0.032397958420915529,0.0319,,1,0,0
ReflectionsOff,1661,0.032298754376824945,0.0319,,1,0,0
ReflectionsOff,1662,0.032397958420915529,0.032,,1,0,0
ReflectionsOff,1663,0.032305837521562353,0.0318,,1,0,0
ReflectionsOff,1664,0.032596370147075504,0.0323,,1,0,0
ReflectionsOff,1665,0.032298754376824945,0.0318,,1,0,0
ReflectionsOff,1666,0.032504252885701135,0.0322,,1,0,0
ReflectionsOff,1667,0.032901076338021085,0.0323,,1,0,0
ReflectionsOff,1668,0.032596370147075504,0.0323,,1,0,0
ReflectionsOff,1669,0.032298754376824945,0.032,,1,0,0
ReflectionsOff,1670,0.032298754376824945,0.0319,,1,0,0
ReflectionsOff,1671,0.032901076338021085,0.0325,,1,0,0
ReflectionsOff,1672,0.036401645047590137,0.0361,,1,0,0
ReflectionsOff,1673,0.032199546694755554,0.0318,,1,0,0
ReflectionsOff,1674,0.032397958420915529,0.032,,1,0,0
ReflectionsOff,1675,0.032100339012686163,0.0318,,1,0,0
ReflectionsOff,1676,0.032001134968595579,0.0317,,1,0,0
ReflectionsOff,1677,0.041503684769850224,0.0411,,1,0,0
ReflectionsOff,1678,0.032596370147075504,0.0322,,1,0,0
ReflectionsOff,1679,0.032100339012686163,0.0318,,1,0,0
ReflectionsOff,1680,0.032298754376824945,0.0319,,1,0,0
ReflectionsOff,1681,0.032199546694755554,0.0317,,1,0,0
ReflectionsOff,1682,0.032405045203631744,0.032,,1,0,0
ReflectionsOff,1683,0.032298754376824945,0.0319,,1,0,0
ReflectionsOff,1684,0.032298754376824945,0.032,,1,0,0
ReflectionsOff,1685,0.032100339012686163,0.0318,,1,0,0
ReflectionsOff,1686,0.032199546694755554,0.0318,,1,0,0
ReflectionsOff,1687,0.032199546694755554,0.0318,,1,0,0
ReflectionsOff,1688,0.032100339012686163,0.0318,,1,0,0
ReflectionsOff,1689,0.032199546694755554,0.0317,,1,0,0
ReflectionsOff,1690,0.028103740987717174,0.0278,,1,0,0
ReflectionsOff,1691,0.029499717129510827,0.0292,,1,0,0
ReflectionsOff,1692,0.03249716610298492,0.0323,,1,0,0
ReflectionsOff,1693,0.03249716610298492,0.0322,,1,0,0
ReflectionsOff,1694,0.032206633477471769,0.0318,,1,0,0
ReflectionsOff,1695,0.032199546694755554,0.0319,,1,0,0
ReflectionsOff,1696,0.03249716610298492,0.0321,,1,0,0
ReflectionsOff,1697,0.03249716610298492,0.0321,,1,0,0
ReflectionsOff,1698,0.032504252885701135,0.0322,,1,0,0
ReflectionsOff,1699,0.032199546694755554,0.0318,,1,0,0
ReflectionsOff,1700,0.032596370147075504,0.0322,,1,0,0
ReflectionsOff,1701,0.032199546694755554,0.0319,,1,0,0
ReflectionsOff,1702,0.032100339012686163,0.0318,,1,0,0
ReflectionsOff,1703,0.032405045203631744,0.032,,1,0,0
ReflectionsOff,1704,0.031894840503809974,0.0316,,1,0,0
ReflectionsOff,1705,0.032199546694755554,0.0318,,1,0,0
ReflectionsOff,1706,0.032100339012686163,0.0318,,1,0,0
ReflectionsOff,1707,0.032199546694755554,0.0318,,1,0,0
ReflectionsOff,1708,0.031901927286526188,0.0316,,1,0,0
ReflectionsOff,1709,0.032001134968595579,0.0317,,1,0,0
ReflectionsOff,1710,0.032001134968595579,0.0315,,1,0,0
ReflectionsOff,1711,0.032001134968595579,0.0317,,1,0,0
ReflectionsOff,1712,0.032100339012686163,0.0317,,1,0,0
ReflectionsOff,1713,0.032199546694755554,0.0319,,1,0,0
ReflectionsOff,1714,0.032298754376824945,0.0319,,1,0,0
ReflectionsOff,1715,0.03249716610298492,0.032,,1,0,0
ReflectionsOff,1716,0.032199546694755554,0.0319,,1,0,0
ReflectionsOff,1717,0.032199546694755554,0.0319,,1,0,0
ReflectionsOff,1718,0.032206633477471769,0.0319,,1,0,0
ReflectionsOff,1719,0.032093252229969949,0.0317,,1,0,0
ReflectionsOff,1720,0.032001134968595579,0.0317,,1,0,0
ReflectionsOff,1721,0.063300736655946821,0.0638,,1,0,0
ReflectionsOff,1722,0.11240079038543627,0.1123,,1,0,0
ReflectionsOff,1723,0.13440335169434547,0.1336,,1,0,0
ReflectionsOff,1724,0.13809524534735829,0.1357,,1,0,0
ReflectionsOff,1725,0.047604873543605208,0.0469,,1,0,0
ReflectionsOff,1726,0.03509778980514966,0.0345,,1,0,0
ReflectionsOff,1727,0.033000284020090476,0.0326,,1,0,0
ReflectionsOff,1728,0.03249716610298492,0.0321,,1,0,0
ReflectionsOff,1729,0.032405045203631744,0.0321,,1,0,0
ReflectionsOff,1730,0.032199546694755554,0.0318,,1,0,0
ReflectionsOff,1731,0.032100339012686163,0.0317,,1,0,0
ReflectionsOff,1732,0.031994048185879365,0.0318,,1,0,0
ReflectionsOff,1733,0.032305837521562353,0.0319,,1,0,0
ReflectionsOff,1734,0.031894840503809974,0.0315,,1,0,0
ReflectionsOff,1735,0.031901927286526188,0.0315,,1,0,0
ReflectionsOff,1736,0.032001134968595579,0.0317,,1,0,0
ReflectionsOff,1737,0.032001134968595579,0.0316,,1,0,0
ReflectionsOff,1738,0.032100339012686163,0.0318,,1,0,0
ReflectionsOff,1739,0.032397958420915529,0.032,,1,0,0
ReflectionsOff,1740,0.032901076338021085,0.0326,,1,0,0
ReflectionsOff,1741,0.032298754376824945,0.0321,,1,0,0
ReflectionsOff,1742,0.027799036615760997,0.0273,,1,0,0
ReflectionsOff,1743,0.0318027196044568,0.0317,,1,0,0
ReflectionsOff,1744,0.065695858211256564,0.066,,1,0,0
ReflectionsOff,1745,0.10110544099006802,0.0999,,1,0,0
ReflectionsOff,1746,0.048093821533257142,0.0473,,1,0,0
ReflectionsOff,1747,0.038201531424419954,0.0378,,1,0,0
ReflectionsOff,1748,0.033900225389515981,0.0336,,1,0,0
ReflectionsOff,1749,0.032298754376824945,0.0319,,1,0,0
ReflectionsOff,1750,0.03579931944841519,0.0355,,1,0,0
ReflectionsOff,1751,0.031604307878296822,0.0313,,1,0,0
ReflectionsOff,1752,0.03179563645971939,0.0313,,1,0,0
ReflectionsOff,1753,0.031405896152136847,0.031,,1,0,0
ReflectionsOff,1754,0.041695009713293985,0.0416,,1,0,0
ReflectionsOff,1755,0.032504252885701135,0.0321,,1,0,0
ReflectionsOff,1756,0.03169642877765,0.0312,,1,0,0
ReflectionsOff,1757,0.0318027196044568,0.0315,,1,0,0
ReflectionsOff,1758,0.031597221095580608,0.0312,,1,0,0
ReflectionsOff,1759,0.032001134968595579,0.0317,,1,0,0
ReflectionsOff,1760,0.031703515560366213,0.0312,,1,0,0
ReflectionsOff,1761,0.031994048185879365,0.0316,,1,0,0
ReflectionsOff,1762,0.031405896152136847,0.0311,,1,0,0
ReflectionsOff,1763,0.03169642877765,0.0313,,1,0,0
ReflectionsOff,1764,0.031398809369420633,0.0312,,1,0,0
ReflectionsOff,1765,0.0318027196044568,0.0313,,1,0,0
ReflectionsOff,1766,0.03169642877765,0.0314,,1,0,0
ReflectionsOff,1767,0.031604307878296822,0.0313,,1,0,0
ReflectionsOff,1768,0.031398809369420633,0.0311,,1,0,0
ReflectionsOff,1769,0.058801018894882873,0.06,,1,0,0
ReflectionsOff,1770,0.15890022041276097,0.1569,,1,0,0
ReflectionsOff,1771,0.10919784836005419,0.1094,,1,0,0
ReflectionsOff,1772,0.14100056432653219,0.1388,,1,0,0
ReflectionsOff,1773,0.051799885113723576,0.0513,,1,0,0
ReflectionsOff,1774,0.052402210712898523,0.0516,,1,0,0
ReflectionsOff,1775,0.04109977453481406,0.0408,,1,0,0
ReflectionsOff,1776,0.048100908315973356,0.0476,,1,0,0
ReflectionsOff,1777,0.044699547288473696,0.044,,1,0,0
ReflectionsOff,1778,0.034594671888044104,0.0341,,1,0,0
ReflectionsOff,1779,0.049305555876344442,0.0497,,1,0,0
ReflectionsOff,1780,0.095797899120952934,0.0954,,1,0,0
ReflectionsOff,1781,0.12949972006026655,0.1278,,1,0,0
ReflectionsOff,1782,0.069699548475909978,0.0688,,1,0,0
ReflectionsOff,1783,0.057298751926282421,0.0566,,1,0,0
ReflectionsOff,1784,0.056001983466558158,0.0555,,1,0,0
ReflectionsOff,1785,0.056001983466558158,0.0554,,1,0,0
ReflectionsOff,1786,0.055697277275612578,0.0551,,1,0,0
ReflectionsOff,1787,0.055697277275612578,0.0551,,1,0,0
ReflectionsOff,1788,0.048306406824849546,0.0474,,1,0,0
ReflectionsOff,1789,0.03249716610298492,0.0323,,1,0,0
ReflectionsOff,1790,0.032397958420915529,0.0321,,1,0,0
ReflectionsOff,1791,0.032298754376824945,0.0319,,1,0,0
ReflectionsOff,1792,0.032405045203631744,0.032,,1,0,0
ReflectionsOff,1793,0.027898242478840984,0.0275,,1,0,0
ReflectionsOff,1794,0.10330215445719659,0.105,,1,0,0
ReflectionsOff,1795,0.20699405285995454,0.2055,,1,0,0
ReflectionsOff,1796,0.194600346731022,0.1927,,1,0,0
ReflectionsOff,1797,0.11990504572167993,0.1188,,1,0,0
ReflectionsOff,1798,0.12829506886191666,0.1263,,1,0,0
ReflectionsOff,1799,0.064902211306616664,0.0655,,1,0,0
ReflectionsOff,1800,0.12599915498867631,0.124,,1,0,0
ReflectionsOff,1801,0.11300311598461121,0.1124,,1,0,0
ReflectionsOff,1802,0.095599491032771766,0.0943,,1,0,0
ReflectionsOff,1803,0.044997166696703061,0.0444,,1,0,0
ReflectionsOff,1804,0.03579931944841519,0.0353,,1,0,0
ReflectionsOff,1805,0.033999433071585372,0.0337,,1,0,0
ReflectionsOff,1806,0.028904478313052095,0.0283,,1,0,0
ReflectionsOff,1807,0.030094954126980156,0.0298,,1,0,0
ReflectionsOff,1808,0.049801587010733783,0.0503,,1,0,0
ReflectionsOff,1809,0.095202667580451816,0.0939,,1,0,0
ReflectionsOff,1810,0.044302720198174939,0.0436,,1,0,0
ReflectionsOff,1811,0.035296201531309634,0.0349,,1,0,0
ReflectionsOff,1812,0.033602605981286615,0.0333,,1,0,0
ReflectionsOff,1813,0.03309948806418106,0.0327,,1,0,0
ReflectionsOff,1814,0.033900225389515981,0.0336,,1,0,0
ReflectionsOff,1815,0.032794785511214286,0.0325,,1,0,0
ReflectionsOff,1816,0.033000284020090476,0.0326,,1,0,0
ReflectionsOff,1817,0.03309948806418106,0.0327,,1,0,0
ReflectionsOff,1818,0.032603456929791719,0.0323,,1,0,0
ReflectionsOff,1819,0.03309948806418106,0.0327,,1,0,0
ReflectionsOff,1820,0.03270266461186111,0.0322,,1,0,0
ReflectionsOff,1821,0.029499717129510827,0.0292,,1,0,0
ReflectionsOff,1822,0.032100339012686163,0.0325,,1,0,0
ReflectionsOff,1823,0.033397107472410426,0.0323,,1,0,0
ReflectionsOff,1824,0.03270266461186111,0.0323,,1,0,0
ReflectionsOff,1825,0.032695577829144895,0.0323,,1,0,0
ReflectionsOff,1826,0.028302154532866552,0.028,,1,0,0
ReflectionsOff,1827,0.029003684176132083,0.0287,,1,0,0
ReflectionsOff,1828,0.032596370147075504,0.0322,,1,0,0
ReflectionsOff,1829,0.033000284020090476,0.0327,,1,0,0
ReflectionsOff,1830,0.033000284020090476,0.0326,,1,0,0
ReflectionsOff,1831,0.032199546694755554,0.0318,,1,0,0
ReflectionsOff,1832,0.091099769633729011,0.092,,1,0,0
ReflectionsOff,1833,0.13920068158768117,0.137,,1,0,0
ReflectionsOff,1834,0.065702944993972778,0.0656,,1,0,0
ReflectionsOff,1835,0.11539824481587857,0.1142,,1,0,0
ReflectionsOff,1836,0.070096371928229928,0.0687,,1,0,0
ReflectionsOff,1837,0.0378047043341212,0.0372,,1,0,0
ReflectionsOff,1838,0.058099489251617342,0.0593,,1,0,0
ReflectionsOff,1839,0.15589568647556007,0.1534,,1,0,0
ReflectionsOff,1840,0.039703798393020406,0.0392,,1,0,0
ReflectionsOff,1841,0.034297052479814738,0.0338,,1,0,0
ReflectionsOff,1842,0.033602605981286615,0.0331,,1,0,0
ReflectionsOff,1843,0.033198695746250451,0.0328,,1,0,0
ReflectionsOff,1844,0.033198695746250451,0.0327,,1,0,0
ReflectionsOff,1845,0.03340419425512664,0.0331,,1,0,0
ReflectionsOff,1846,0.032794785511214286,0.0325,,1,0,0
ReflectionsOff,1847,0.03309948806418106,0.0327,,1,0,0
ReflectionsOff,1848,0.033304990211036056,0.0329,,1,0,0
ReflectionsOff,1849,0.032901076338021085,0.0324,,1,0,0
ReflectionsOff,1850,0.032794785511214286,0.0325,,1,0,0
ReflectionsOff,1851,0.032901076338021085,0.0326,,1,0,0
ReflectionsOff,1852,0.03270266461186111,0.0323,,1,0,0
ReflectionsOff,1853,0.033496315154479817,0.0331,,1,0,0
ReflectionsOff,1854,0.033000284020090476,0.0327,,1,0,0
ReflectionsOff,1855,0.033602605981286615,0.0332,,1,0,0
ReflectionsOff,1856,0.027501417207531631,0.027,,1,0,0
ReflectionsOff,1857,0.029294216801645234,0.029,,1,0,0
ReflectionsOff,1858,0.032901076338021085,0.0326,,1,0,0
ReflectionsOff,1859,0.0328018722939305,0.0324,,1,0,0
ReflectionsOff,1860,0.032298754376824945,0.0321,,1,0,0
ReflectionsOff,1861,0.032603456929791719,0.0323,,1,0,0
ReflectionsOff,1862,0.09900084842229262,0.0996,,1,0,0
ReflectionsOff,1863,0.05919784598518163,0.0581,,1,0,0
ReflectionsOff,1864,0.082801867392845452,0.0817,,1,0,0
ReflectionsOff,1865,0.081696431152522564,0.0808,,1,0,0
ReflectionsOff,1866,0.045301869249669835,0.0448,,1,0,0
ReflectionsOff,1867,0.03540249599609524,0.0351,,1,0,0
ReflectionsOff,1868,0.033900225389515981,0.0334,,1,0,0
ReflectionsOff,1869,0.033397107472410426,0.033,,1,0,0
ReflectionsOff,1870,0.033397107472410426,0.0329,,1,0,0
ReflectionsOff,1871,0.033000284020090476,0.0327,,1,0,0
ReflectionsOff,1872,0.032901076338021085,0.0325,,1,0,0
ReflectionsOff,1873,0.033000284020090476,0.0326,,1,0,0
ReflectionsOff,1874,0.033000284020090476,0.0325,,1,0,0
ReflectionsOff,1875,0.033000284020090476,0.0326,,1,0,0
ReflectionsOff,1876,0.032603456929791719,0.0322,,1,0,0
ReflectionsOff,1877,0.033000284020090476,0.0326,,1,0,0
ReflectionsOff,1878,0.032596370147075504,0.0322,,1,0,0
ReflectionsOff,1879,0.0328018722939305,0.0324,,1,0,0
ReflectionsOff,1880,0.03309948806418106,0.0327,,1,0,0
ReflectionsOff,1881,0.032901076338021085,0.0324,,1,0,0
ReflectionsOff,1882,0.032794785511214286,0.0325,,1,0,0
ReflectionsOff,1883,0.032504252885701135,0.0321,,1,0,0
ReflectionsOff,1884,0.032695577829144895,0.0324,,1,0,0
ReflectionsOff,1885,0.033000284020090476,0.0326,,1,0,0
ReflectionsOff,1886,0.032901076338021085,0.0325,,1,0,0
ReflectionsOff,1887,0.0328018722939305,0.0324,,1,0,0
ReflectionsOff,1888,0.0328018722939305,0.0324,,1,0,0
ReflectionsOff,1889,0.044394841097528115,0.0441,,1,0,0
ReflectionsOff,1890,0.036401645047590137,0.0361,,1,0,0
ReflectionsOff,1891,0.033198695746250451,0.0329,,1,0,0
ReflectionsOff,1892,0.032603456929791719,0.0322,,1,0,0
ReflectionsOff,1893,0.03249716610298492,0.0321,,1,0,0
ReflectionsOff,1894,0.032603456929791719,0.0322,,1,0,0
ReflectionsOff,1895,0.03249716610298492,0.0321,,1,0,0
ReflectionsOff,1896,0.03270266461186111,0.0322,,1,0,0
ReflectionsOff,1897,0.032596370147075504,0.0322,,1,0,0
ReflectionsOff,1898,0.032504252885701135,0.0322,,1,0,0
ReflectionsOff,1899,0.032695577829144895,0.0324,,1,0,0
ReflectionsOff,1900,0.032603456929791719,0.0322,,1,0,0
ReflectionsOff,1901,0.032596370147075504,0.0321,,1,0,0
ReflectionsOff,1902,0.03270266461186111,0.0325,,1,0,0
ReflectionsOff,1903,0.063697560108266771,0.065,,1,0,0
ReflectionsOff,1904,0.18100198940373957,0.1793,,1,0,0
ReflectionsOff,1905,0.094401926617138088,0.0929,,1,0,0
ReflectionsOff,1906,0.068700399424415082,0.0674,,1,0,0
ReflectionsOff,1907,0.059495465393410996,0.0589,,1,0,0
ReflectionsOff,1908,0.056901928473962471,0.0563,,1,0,0
ReflectionsOff,1909,0.075800737249664962,0.0767,,1,0,0
ReflectionsOff,1910,0.1100977897294797,0.1084,,1,0,0
ReflectionsOff,1911,0.10340136213926598,0.1023,,1,0,0
ReflectionsOff,1912,0.047399375034729019,0.0465,,1,0,0
ReflectionsOff,1913,0.035600907722255215,0.0351,,1,0,0
ReflectionsOff,1914,0.033602605981286615,0.0331,,1,0,0
ReflectionsOff,1915,0.033000284020090476,0.0326,,1,0,0
ReflectionsOff,1916,0.03249716610298492,0.0321,,1,0,0
ReflectionsOff,1917,0.032901076338021085,0.0324,,1,0,0
ReflectionsOff,1918,0.032298754376824945,0.0321,,1,0,0
ReflectionsOff,1919,0.032504252885701135,0.032,,1,0,0
ReflectionsOff,1920,0.032695577829144895,0.0323,,1,0,0
ReflectionsOff,1921,0.032504252885701135,0.0321,,1,0,0
ReflectionsOff,1922,0.032695577829144895,0.0334,,1,0,0
ReflectionsOff,1923,0.074503965151961893,0.0736,,1,0,0
ReflectionsOff,1924,0.082497164839878678,0.0822,,1,0,0
ReflectionsOff,1925,0.10330215445719659,0.1021,,1,0,0
ReflectionsOff,1926,0.057794783060671762,0.0579,,1,0,0
ReflectionsOff,1927,0.11450538295321167,0.1138,,1,0,0
ReflectionsOff,1928,0.10759637370938435,0.1065,,1,0,0
ReflectionsOff,1929,0.048504818551009521,0.0476,,1,0,0
ReflectionsOff,1930,0.0366992644558195,0.0362,,1,0,0
ReflectionsOff,1931,0.033694726880639791,0.0334,,1,0,0
ReflectionsOff,1932,0.033000284020090476,0.0326,,1,0,0
ReflectionsOff,1933,0.03309948806418106,0.0328,,1,0,0
ReflectionsOff,1934,0.0328018722939305,0.0325,,1,0,0
ReflectionsOff,1935,0.032397958420915529,0.032,,1,0,0
ReflectionsOff,1936,0.03270266461186111,0.0324,,1,0,0
ReflectionsOff,1937,0.0328018722939305,0.0325,,1,0,0
ReflectionsOff,1938,0.032596370147075504,0.0321,,1,0,0
ReflectionsOff,1939,0.032298754376824945,0.032,,1,0,0
ReflectionsOff,1940,0.032504252885701135,0.0321,,1,0,0
ReflectionsOff,1941,0.032596370147075504,0.0322,,1,0,0
ReflectionsOff,1942,0.032305837521562353,0.0319,,1,0,0
ReflectionsOff,1943,0.032794785511214286,0.0324,,1,0,0
ReflectionsOff,1944,0.032603456929791719,0.0322,,1,0,0
ReflectionsOff,1945,0.032901076338021085,0.0325,,1,0,0
ReflectionsOff,1946,0.032298754376824945,0.032,,1,0,0
ReflectionsOff,1947,0.03249716610298492,0.0322,,1,0,0
ReflectionsOff,1948,0.032298754376824945,0.032,,1,0,0
ReflectionsOff,1949,0.03270266461186111,0.0322,,1,0,0
ReflectionsOff,1950,0.03249716610298492,0.0322,,1,0,0
ReflectionsOff,1951,0.032504252885701135,0.0321,,1,0,0
ReflectionsOff,1952,0.062301587604451925,0.0621,,1,0,0
ReflectionsOff,1953,0.057893990742741153,0.0578,,1,0,0
ReflectionsOff,1954,0.13050595589447767,0.1304,,1,0,0
ReflectionsOff,1955,0.0852962039061822,0.0839,,1,0,0
ReflectionsOff,1956,0.055704364058328792,0.0559,,1,0,0
ReflectionsOff,1957,0.07199546234915033,0.0707,,1,0,0
ReflectionsOff,1958,0.049298469093628228,0.0488,,1,0,0
ReflectionsOff,1959,0.04820011236006394,0.048,,1,0,0
ReflectionsOff,1960,0.12460317520890385,0.124,,1,0,0
ReflectionsOff,1961,0.063697560108266771,0.0628,,1,0,0
ReflectionsOff,1962,0.037903912016190588,0.0373,,1,0,0
ReflectionsOff,1963,0.033694726880639791,0.0333,,1,0,0
ReflectionsOff,1964,0.033106574846897274,0.0327,,1,0,0
ReflectionsOff,1965,0.032695577829144895,0.0322,,1,0,0
ReflectionsOff,1966,0.0328018722939305,0.0325,,1,0,0
ReflectionsOff,1967,0.032397958420915529,0.0319,,1,0,0
ReflectionsOff,1968,0.0328018722939305,0.0324,,1,0,0
ReflectionsOff,1969,0.0328018722939305,0.0325,,1,0,0
ReflectionsOff,1970,0.032596370147075504,0.0322,,1,0,0
ReflectionsOff,1971,0.0328018722939305,0.0323,,1,0,0
ReflectionsOff,1972,0.03249716610298492,0.0321,,1,0,0
ReflectionsOff,1973,0.032504252885701135,0.0321,,1,0,0
ReflectionsOff,1974,0.032397958420915529,0.0321,,1,0,0
ReflectionsOff,1975,0.071903341449797153,0.0721,,1,0,0
ReflectionsOff,1976,0.065695858211256564,0.0648,,1,0,0
ReflectionsOff,1977,0.039299888157984242,0.0385,,1,0,0
ReflectionsOff,1978,0.033900225389515981,0.0335,,1,0,0
ReflectionsOff,1979,0.033000284020090476,0.0326,,1,0,0
ReflectionsOff,1980,0.033000284020090476,0.0326,,1,0,0
ReflectionsOff,1981,0.032901076338021085,0.0325,,1,0,0
ReflectionsOff,1982,0.032901076338021085,0.0326,,1,0,0
ReflectionsOff,1983,0.033000284020090476,0.0326,,1,0,0
ReflectionsOff,1984,0.033000284020090476,0.0326,,1,0,0
ReflectionsOff,1985,0.033297903428319842,0.033,,1,0,0
ReflectionsOff,1986,0.028302154532866552,0.0278,,1,0,0
ReflectionsOff,1987,0.029995748263900168,0.0299,,1,0,0
ReflectionsOff,1988,0.065001418988686055,0.0648,,1,0,0
ReflectionsOff,1989,0.037202382372925058,0.0365,,1,0,0
ReflectionsOff,1990,0.03309948806418106,0.0327,,1,0,0
ReflectionsOff,1991,0.032794785511214286,0.0325,,1,0,0
ReflectionsOff,1992,0.03270266461186111,0.0322,,1,0,0
ReflectionsOff,1993,0.032397958420915529,0.032,,1,0,0
ReflectionsOff,1994,0.032405045203631744,0.032,,1,0,0
ReflectionsOff,1995,0.032397958420915529,0.032,,1,0,0
ReflectionsOff,1996,0.032397958420915529,0.0321,,1,0,0
ReflectionsOff,1997,0.032603456929791719,0.0323,,1,0,0
ReflectionsOff,1998,0.032298754376824945,0.0319,,1,0,0
ReflectionsOff,1999,0.032397958420915529,0.0321,,1,0,0
ReflectionsOff,2000,0.037003967008786276,0.0365,,1,0,0
ReflectionsOff,2001,0.032298754376824945,0.0319,,1,0,0
ReflectionsOff,2002,0.079896541137713939,0.0813,,1,0,0
ReflectionsOff,2003,0.13849914830643684,0.1367,,1,0,0
ReflectionsOff,2004,0.0953018679865636,0.0944,,1,0,0
ReflectionsOff,2005,0.04820011236006394,0.0473,,1,0,0
ReflectionsOff,2006,0.036104025639360771,0.0357,,1,0,0
ReflectionsOff,2007,0.033496315154479817,0.0331,,1,0,0
ReflectionsOff,2008,0.0328018722939305,0.0325,,1,0,0
ReflectionsOff,2009,0.032397958420915529,0.032,,1,0,0
ReflectionsOff,2010,0.032298754376824945,0.032,,1,0,0
ReflectionsOff,2011,0.046201814257074147,0.046,,1,0,0
ReflectionsOff,2012,0.079797333455644548,0.0809,,1,0,0
ReflectionsOff,2013,0.14770407869946212,0.1454,,1,0,0
ReflectionsOff,2014,0.050099206418963149,0.0491,,1,0,0
ReflectionsOff,2015,0.034800170396920294,0.0343,,1,0,0
ReflectionsOff,2016,0.033297903428319842,0.0329,,1,0,0
ReflectionsOff,2017,0.032298754376824945,0.0319,,1,0,0
ReflectionsOff,2018,0.032603456929791719,0.0322,,1,0,0
ReflectionsOff,2019,0.03249716610298492,0.0321,,1,0,0
ReflectionsOff,2020,0.032405045203631744,0.0319,,1,0,0
ReflectionsOff,2021,0.032199546694755554,0.0319,,1,0,0
ReflectionsOff,2022,0.032298754376824945,0.0326,,1,0,0
ReflectionsOff,2023,0.033297903428319842,0.0322,,1,0,0
ReflectionsOff,2024,0.032504252885701135,0.0321,,1,0,0
ReflectionsOff,2025,0.032397958420915529,0.0321,,1,0,0
ReflectionsOff,2026,0.032298754376824945,0.032,,1,0,0
ReflectionsOff,2027,0.032397958420915529,0.032,,1,0,0
ReflectionsOff,2028,0.03270266461186111,0.0324,,1,0,0
ReflectionsOff,2029,0.03249716610298492,0.0321,,1,0,0
ReflectionsOff,2030,0.032305837521562353,0.0319,,1,0,0
ReflectionsOff,2031,0.048497731768293306,0.0486,,1,0,0
ReflectionsOff,2032,0.0752976193325594,0.0741,,1,0,0
ReflectionsOff,2033,0.050999151426367462,0.0503,,1,0,0
ReflectionsOff,2034,0.040504535718355328,0.0401,,1,0,0
ReflectionsOff,2035,0.085600906459148973,0.0855,,1,0,0
ReflectionsOff,2036,0.081597223470453173,0.0809,,1,0,0
ReflectionsOff,2037,0.041298186260974035,0.0407,,1,0,0
ReflectionsOff,2038,0.034098640753654763,0.0338,,1,0,0
ReflectionsOff,2039,0.032603456929791719,0.0321,,1,0,0
ReflectionsOff,2040,0.032397958420915529,0.032,,1,0,0
ReflectionsOff,2041,0.032504252885701135,0.0321,,1,0,0
ReflectionsOff,2042,0.032298754376824945,0.0321,,1,0,0
ReflectionsOff,2043,0.032397958420915529,0.0321,,1,0,0
ReflectionsOff,2044,0.03270266461186111,0.0323,,1,0,0
ReflectionsOff,2045,0.032397958420915529,0.032,,1,0,0
ReflectionsOff,2046,0.032596370147075504,0.0322,,1,0,0
ReflectionsOff,2047,0.032405045203631744,0.0322,,1,0,0
ReflectionsOff,2048,0.032397958420915529,0.0321,,1,0,0
ReflectionsOff,2049,0.032199546694755554,0.0319,,1,0,0
ReflectionsOff,2050,0.032199546694755554,0.0317,,1,0,0
ReflectionsOff,2051,0.032397958420915529,0.0321,,1,0,0
ReflectionsOff,2052,0.032001134968595579,0.0317,,1,0,0
ReflectionsOff,2053,0.032199546694755554,0.0319,,1,0,0
ReflectionsOff,2054,0.032100339012686163,0.0318,,1,0,0
ReflectionsOff,2055,0.032001134968595579,0.0315,,1,0,0
ReflectionsOff,2056,0.032298754376824945,0.032,,1,0,0
ReflectionsOff,2057,0.032100339012686163,0.0318,,1,0,0
ReflectionsOff,2058,0.032100339012686163,0.0317,,1,0,0
ReflectionsOff,2059,0.032001134968595579,0.0317,,1,0,0
ReflectionsOff,2060,0.032001134968595579,0.0317,,1,0,0
ReflectionsOff,2061,0.032199546694755554,0.0318,,1,0,0
ReflectionsOff,2062,0.0318027196044568,0.0315,,1,0,0
ReflectionsOff,2063,0.032397958420915529,0.0321,,1,0,0
ReflectionsOff,2064,0.038598354876739904,0.0383,,1,0,0
ReflectionsOff,2065,0.0328018722939305,0.0324,,1,0,0
ReflectionsOff,2066,0.032100339012686163,0.0318,,1,0,0
ReflectionsOff,2067,0.032199546694755554,0.0319,,1,0,0
ReflectionsOff,2068,0.032397958420915529,0.0321,,1,0,0
ReflectionsOff,2069,0.032100339012686163,0.0318,,1,0,0
ReflectionsOff,2070,0.032001134968595579,0.0317,,1,0,0
ReflectionsOff,2071,0.032001134968595579,0.0316,,1,0,0
ReflectionsOff,2072,0.03179563645971939,0.0315,,1,0,0
ReflectionsOff,2073,0.032001134968595579,0.0317,,1,0,0
ReflectionsOff,2074,0.032199546694755554,0.0318,,1,0,0
ReflectionsOff,2075,0.032100339012686163,0.0318,,1,0,0
ReflectionsOff,2076,0.032001134968595579,0.0317,,1,0,0
ReflectionsOff,2077,0.032001134968595579,0.0317,,1,0,0
ReflectionsOff,2078,0.032298754376824945,0.032,,1,0,0
ReflectionsOff,2079,0.027501417207531631,0.0271,,1,0,0
ReflectionsOff,2080,0.029095805075485259,0.0289,,1,0,0
ReflectionsOff,2081,0.032504252885701135,0.0321,,1,0,0
ReflectionsOff,2082,0.04180130417807959,0.0414,,1,0,0
ReflectionsOff,2083,0.03249716610298492,0.0322,,1,0,0
ReflectionsOff,2084,0.032199546694755554,0.0319,,1,0,0
ReflectionsOff,2085,0.032100339012686163,0.0318,,1,0,0
ReflectionsOff,2086,0.032199546694755554,0.0318,,1,0,0
ReflectionsOff,2087,0.032199546694755554,0.0317,,1,0,0
ReflectionsOff,2088,0.032199546694755554,0.032,,1,0,0
ReflectionsOff,2089,0.032199546694755554,0.0318,,1,0,0
ReflectionsOff,2090,0.040901359170675278,0.0406,,1,0,0
ReflectionsOff,2091,0.032298754376824945,0.032,,1,0,0
ReflectionsOff,2092,0.031901927286526188,0.0316,,1,0,0
ReflectionsOff,2093,0.032100339012686163,0.0316,,1,0,0
ReflectionsOff,2094,0.032199546694755554,0.0318,,1,0,0
ReflectionsOff,2095,0.032397958420915529,0.032,,1,0,0
ReflectionsOff,2096,0.032603456929791719,0.0322,,1,0,0
ReflectionsOff,2097,0.032001134968595579,0.0317,,1,0,0
ReflectionsOff,2098,0.032199546694755554,0.0319,,1,0,0
ReflectionsOff,2099,0.032100339012686163,0.0317,,1,0,0
ReflectionsOff,2100,0.032397958420915529,0.0321,,1,0,0
ReflectionsOff,2101,0.032199546694755554,0.0319,,1,0,0
ReflectionsOff,2102,0.032100339012686163,0.0317,,1,0,0
ReflectionsOff,2103,0.032001134968595579,0.0316,,1,0,0
ReflectionsOff,2104,0.032001134968595579,0.0316,,1,0,0
ReflectionsOff,2105,0.032199546694755554,0.032,,1,0,0
ReflectionsOff,2106,0.032001134968595579,0.0317,,1,0,0
ReflectionsOff,2107,0.031994048185879365,0.0317,,1,0,0
ReflectionsOff,2108,0.032100339012686163,0.0317,,1,0,0
ReflectionsOff,2109,0.032001134968595579,0.0317,,1,0,0
ReflectionsOff,2110,0.032405045203631744,0.032,,1,0,0
ReflectionsOff,2111,0.031994048185879365,0.0316,,1,0,0
ReflectionsOff,2112,0.031901927286526188,0.0316,,1,0,0
ReflectionsOff,2113,0.032298754376824945,0.0319,,1,0,0
ReflectionsOff,2114,0.032405045203631744,0.0321,,1,0,0
ReflectionsOff,2115,0.032397958420915529,0.0319,,1,0,0
ReflectionsOff,2116,0.035997731174575165,0.0356,,1,0,0
ReflectionsOff,2117,0.032298754376824945,0.0321,,1,0,0
ReflectionsOff,2118,0.032305837521562353,0.0319,,1,0,0
ReflectionsOff,2119,0.031894840503809974,0.0316,,1,0,0
ReflectionsOff,2120,0.031901927286526188,0.0316,,1,0,0
ReflectionsOff,2121,0.032001134968595579,0.0316,,1,0,0
ReflectionsOff,2122,0.03179563645971939,0.0321,,1,0,0
ReflectionsOff,2123,0.033000284020090476,0.032,,1,0,0
ReflectionsOff,2124,0.032603456929791719,0.0322,,1,0,0
ReflectionsOff,2125,0.031901927286526188,0.0316,,1,0,0
ReflectionsOff,2126,0.027395124561735429,0.0271,,1,0,0
ReflectionsOff,2127,0.029705215638387017,0.0293,,1,0,0
ReflectionsOff,2128,0.032397958420915529,0.0321,,1,0,0
ReflectionsOff,2129,0.031901927286526188,0.0316,,1,0,0
ReflectionsOff,2130,0.031994048185879365,0.0317,,1,0,0
ReflectionsOff,2131,0.032206633477471769,0.0318,,1,0,0
ReflectionsOff,2132,0.032100339012686163,0.0317,,1,0,0
ReflectionsOff,2133,0.03249716610298492,0.0321,,1,0,0
ReflectionsOff,2134,0.032596370147075504,0.0322,,1,0,0
ReflectionsOff,2135,0.032199546694755554,0.0319,,1,0,0
ReflectionsOff,2136,0.032206633477471769,0.0319,,1,0,0
ReflectionsOff,2137,0.032397958420915529,0.032,,1,0,0
ReflectionsOff,2138,0.032199546694755554,0.0318,,1,0,0
ReflectionsOff,2139,0.032298754376824945,0.032,,1,0,0
ReflectionsOff,2140,0.032001134968595579,0.0316,,1,0,0
ReflectionsOff,2141,0.032298754376824945,0.032,,1,0,0
ReflectionsOff,2142,0.032100339012686163,0.0317,,1,0,0
ReflectionsOff,2143,0.0318027196044568,0.0315,,1,0,0
ReflectionsOff,2144,0.03249716610298492,0.0321,,1,0,0
ReflectionsOff,2145,0.032001134968595579,0.0316,,1,0,0
ReflectionsOff,2146,0.032100339012686163,0.0318,,1,0,0
ReflectionsOff,2147,0.032199546694755554,0.0319,,1,0,0
ReflectionsOff,2148,0.03169642877765,0.0314,,1,0,0
ReflectionsOff,2149,0.032199546694755554,0.0318,,1,0,0
ReflectionsOff,2150,0.031703515560366213,0.0315,,1,0,0
ReflectionsOff,2151,0.032199546694755554,0.0319,,1,0,0
ReflectionsOff,2152,0.038903061067685485,0.0386,,1,0,0
ReflectionsOff,2153,0.032596370147075504,0.0321,,1,0,0
ReflectionsOff,2154,0.032603456929791719,0.0321,,1,0,0
ReflectionsOff,2155,0.032298754376824945,0.0321,,1,0,0
ReflectionsOff,2156,0.032199546694755554,0.0319,,1,0,0
ReflectionsOff,2157,0.054896543588256463,0.0558,,1,0,0
ReflectionsOff,2158,0.12300170783419162,0.122,,1,0,0
ReflectionsOff,2159,0.13080357166472822,0.131,,1,0,0
ReflectionsOff,2160,0.27189624961465597,0.2695,,1,0,0
ReflectionsOff,2161,0.12650227290578187,0.1254,,1,0,0
ReflectionsOff,2162,0.1119968801504001,0.1113,,1,0,0
ReflectionsOff,2163,0.1032029467751272,0.1021,,1,0,0
ReflectionsOff,2164,0.045500284613808617,0.0447,,1,0,0
ReflectionsOff,2165,0.0328018722939305,0.0324,,1,0,0
ReflectionsOff,2166,0.034495464205974713,0.0341,,1,0,0
ReflectionsOff,2167,0.032199546694755554,0.0318,,1,0,0
ReflectionsOff,2168,0.032504252885701135,0.0322,,1,0,0
ReflectionsOff,2169,0.042495747038628906,0.0429,,1,0,0
ReflectionsOff,2170,0.073703231464605778,0.0724,,1,0,0
ReflectionsOff,2171,0.066702094045467675,0.0674,,1,0,0
ReflectionsOff,2172,0.14109977928455919,0.1397,,1,0,0
ReflectionsOff,2173,0.11889880988746881,0.1177,,1,0,0
ReflectionsOff,2174,0.078096658398862928,0.0773,,1,0,0
ReflectionsOff,2175,0.09900084842229262,0.0976,,1,0,0
ReflectionsOff,2176,0.047300170990638435,0.0467,,1,0,0
ReflectionsOff,2177,0.031398809369420633,0.0308,,1,0,0
ReflectionsOff,2178,0.044203516154084355,0.0448,,1,0,0
ReflectionsOff,2179,0.11429988808231428,0.1134,,1,0,0
ReflectionsOff,2180,0.12500000593718141,0.1235,,1,0,0
ReflectionsOff,2181,0.053096653573447838,0.0521,,1,0,0
ReflectionsOff,2182,0.037103174690855667,0.0367,,1,0,0
ReflectionsOff,2183,0.033496315154479817,0.0331,,1,0,0
ReflectionsOff,2184,0.03309948806418106,0.0327,,1,0,0
ReflectionsOff,2185,0.03270266461186111,0.0322,,1,0,0
ReflectionsOff,2186,0.032596370147075504,0.0322,,1,0,0
ReflectionsOff,2187,0.032405045203631744,0.0319,,1,0,0
ReflectionsOff,2188,0.03249716610298492,0.0322,,1,0,0
ReflectionsOff,2189,0.052203798986738548,0.0521,,1,0,0
ReflectionsOff,2190,0.034098640753654763,0.0337,,1,0,0
ReflectionsOff,2191,0.032596370147075504,0.0322,,1,0,0
ReflectionsOff,2192,0.032405045203631744,0.0319,,1,0,0
ReflectionsOff,2193,0.032397958420915529,0.0321,,1,0,0
ReflectionsOff,2194,0.03270266461186111,0.0323,,1,0,0
ReflectionsOff,2195,0.032298754376824945,0.0319,,1,0,0
ReflectionsOff,2196,0.032397958420915529,0.032,,1,0,0
ReflectionsOff,2197,0.032100339012686163,0.0318,,1,0,0
ReflectionsOff,2198,0.032100339012686163,0.0318,,1,0,0
ReflectionsOff,2199,0.032397958420915529,0.032,,1,0,0
ReflectionsOff,2200,0.032298754376824945,0.032,,1,0,0
ReflectionsOff,2201,0.032199546694755554,0.0318,,1,0,0
ReflectionsOff,2202,0.032305837521562353,0.032,,1,0,0
ReflectionsOff,2203,0.032397958420915529,0.032,,1,0,0
ReflectionsOff,2204,0.032199546694755554,0.0317,,1,0,0
ReflectionsOff,2205,0.032100339012686163,0.0318,,1,0,0
ReflectionsOff,2206,0.032298754376824945,0.0319,,1,0,0
ReflectionsOff,2207,0.032199546694755554,0.0319,,1,0,0
ReflectionsOff,2208,0.049801587010733783,0.0504,,1,0,0
ReflectionsOff,2209,0.10590277815936133,0.1046,,1,0,0
ReflectionsOff,2210,0.04349489972810261,0.0428,,1,0,0
ReflectionsOff,2211,0.034098640753654763,0.0337,,1,0,0
ReflectionsOff,2212,0.033304990211036056,0.033,,1,0,0
ReflectionsOff,2213,0.032397958420915529,0.0321,,1,0,0
ReflectionsOff,2214,0.064101470343302935,0.0652,,1,0,0
ReflectionsOff,2215,0.16690051415935159,0.1659,,1,0,0
ReflectionsOff,2216,0.15359977260231972,0.1516,,1,0,0
ReflectionsOff,2217,0.0921981263672933,0.0923,,1,0,0
ReflectionsOff,2218,0.15870181960053742,0.1573,,1,0,0
ReflectionsOff,2219,0.12949972006026655,0.1283,,1,0,0
ReflectionsOff,2220,0.11050169996451586,0.109,,1,0,0
ReflectionsOff,2221,0.097994612588081509,0.0979,,1,0,0
ReflectionsOff,2222,0.091801302914973348,0.0908,,1,0,0
ReflectionsOff,2223,0.0398030060750898,0.0385,,1,0,0
ReflectionsOff,2224,0.034297052479814738,0.0337,,1,0,0
ReflectionsOff,2225,0.03340419425512664,0.0331,,1,0,0
ReflectionsOff,2226,0.032397958420915529,0.032,,1,0,0
ReflectionsOff,2227,0.080796482507139444,0.0806,,1,0,0
ReflectionsOff,2228,0.049404763558413833,0.0498,,1,0,0
ReflectionsOff,2229,0.0921981263672933,0.0909,,1,0,0
ReflectionsOff,2230,0.045698696339968592,0.045,,1,0,0
ReflectionsOff,2231,0.043303571146680042,0.0434,,1,0,0
ReflectionsOff,2232,0.084693878307007253,0.0836,,1,0,0
ReflectionsOff,2233,0.0438066890637856,0.043,,1,0,0
ReflectionsOff,2234,0.035196993849240243,0.0347,,1,0,0
ReflectionsOff,2235,0.033000284020090476,0.0327,,1,0,0
ReflectionsOff,2236,0.032596370147075504,0.0323,,1,0,0
ReflectionsOff,2237,0.032504252885701135,0.0321,,1,0,0
ReflectionsOff,2238,0.047895409807097167,0.0485,,1,0,0
ReflectionsOff,2239,0.099801589385606349,0.0982,,1,0,0
ReflectionsOff,2240,0.052501418394967914,0.0529,,1,0,0
ReflectionsOff,2241,0.10240221308777109,0.1017,,1,0,0
ReflectionsOff,2242,0.085799321823287755,0.0855,,1,0,0
ReflectionsOff,2243,0.11709891987266019,0.1167,,1,0,0
ReflectionsOff,2244,0.13509778364095837,0.1333,,1,0,0
ReflectionsOff,2245,0.11969954357482493,0.1193,,1,0,0
ReflectionsOff,2246,0.070103458710946143,0.0689,,1,0,0
ReflectionsOff,2247,0.039795919292373583,0.0393,,1,0,0
ReflectionsOff,2248,0.045202665205579251,0.0457,,1,0,0
ReflectionsOff,2249,0.10410288814455271,0.1034,,1,0,0
ReflectionsOff,2250,0.11160005669808015,0.1108,,1,0,0
ReflectionsOff,2251,0.068197281507309526,0.067,,1,0,0
ReflectionsOff,2252,0.038300735468510538,0.0377,,1,0,0
ReflectionsOff,2253,0.033297903428319842,0.0328,,1,0,0
ReflectionsOff,2254,0.032603456929791719,0.0324,,1,0,0
ReflectionsOff,2255,0.032298754376824945,0.0319,,1,0,0
ReflectionsOff,2256,0.032298754376824945,0.0319,,1,0,0
ReflectionsOff,2257,0.0318027196044568,0.0314,,1,0,0
ReflectionsOff,2258,0.03249716610298492,0.0321,,1,0,0
ReflectionsOff,2259,0.032100339012686163,0.0318,,1,0,0
ReflectionsOff,2260,0.032199546694755554,0.0317,,1,0,0
ReflectionsOff,2261,0.031901927286526188,0.0315,,1,0,0
ReflectionsOff,2262,0.032001134968595579,0.0317,,1,0,0
ReflectionsOff,2263,0.03179563645971939,0.0315,,1,0,0
ReflectionsOff,2264,0.031901927286526188,0.0316,,1,0,0
ReflectionsOff,2265,0.032397958420915529,0.0319,,1,0,0
ReflectionsOff,2266,0.031901927286526188,0.0316,,1,0,0
ReflectionsOff,2267,0.080498866736888885,0.081,,1,0,0
ReflectionsOff,2268,0.10369897790951654,0.1025,,1,0,0
ReflectionsOff,2269,0.048901645641308278,0.0482,,1,0,0
ReflectionsOff,2270,0.03579931944841519,0.0354,,1,0,0
ReflectionsOff,2271,0.033304990211036056,0.0329,,1,0,0
ReflectionsOff,2272,0.032397958420915529,0.032,,1,0,0
ReflectionsOff,2273,0.0417020964960102,0.0413,,1,0,0
ReflectionsOff,2274,0.036600056773750111,0.0361,,1,0,0
ReflectionsOff,2275,0.03309948806418106,0.0326,,1,0,0
ReflectionsOff,2276,0.03309948806418106,0.0325,,1,0,0
ReflectionsOff,2277,0.032695577829144895,0.0323,,1,0,0
ReflectionsOff,2278,0.032504252885701135,0.0323,,1,0,0
ReflectionsOff,2279,0.032199546694755554,0.0319,,1,0,0
ReflectionsOff,2280,0.032596370147075504,0.0324,,1,0,0
ReflectionsOff,2281,0.032100339012686163,0.0317,,1,0,0
ReflectionsOff,2282,0.032199546694755554,0.0318,,1,0,0
ReflectionsOff,2283,0.032100339012686163,0.0317,,1,0,0
ReflectionsOff,2284,0.032504252885701135,0.0321,,1,0,0
ReflectionsOff,2285,0.032100339012686163,0.0318,,1,0,0
ReflectionsOff,2286,0.03249716610298492,0.0323,,1,0,0
ReflectionsOff,2287,0.032199546694755554,0.0318,,1,0,0
ReflectionsOff,2288,0.032397958420915529,0.0321,,1,0,0
ReflectionsOff,2289,0.03270266461186111,0.0323,,1,0,0
ReflectionsOff,2290,0.032397958420915529,0.032,,1,0,0
ReflectionsOff,2291,0.032199546694755554,0.0319,,1,0,0
ReflectionsOff,2292,0.032603456929791719,0.0321,,1,0,0
ReflectionsOff,2293,0.032298754376824945,0.0319,,1,0,0
ReflectionsOff,2294,0.055697277275612578,0.0563,,1,0,0
ReflectionsOff,2295,0.10370606469223276,0.1023,,1,0,0
ReflectionsOff,2296,0.063095234509091824,0.0624,,1,0,0
ReflectionsOff,2297,0.080704361607786268,0.0816,,1,0,0
ReflectionsOff,2298,0.18839995027519763,0.1868,,1,0,0
ReflectionsOff,2299,0.1266935869352892,0.1239,,1,0,0
ReflectionsOff,2300,0.045804987166775391,0.0451,,1,0,0
ReflectionsOff,2301,0.034998582123080269,0.0344,,1,0,0
ReflectionsOff,2302,0.0328018722939305,0.0324,,1,0,0
ReflectionsOff,2303,0.032596370147075504,0.0322,,1,0,0
ReflectionsOff,2304,0.032405045203631744,0.032,,1,0,0
ReflectionsOff,2305,0.032596370147075504,0.0322,,1,0,0
ReflectionsOff,2306,0.032397958420915529,0.032,,1,0,0
ReflectionsOff,2307,0.032298754376824945,0.032,,1,0,0
ReflectionsOff,2308,0.032206633477471769,0.0319,,1,0,0
ReflectionsOff,2309,0.032100339012686163,0.0318,,1,0,0
ReflectionsOff,2310,0.032596370147075504,0.0322,,1,0,0
ReflectionsOff,2311,0.03249716610298492,0.0321,,1,0,0
ReflectionsOff,2312,0.032305837521562353,0.032,,1,0,0
ReflectionsOff,2313,0.032596370147075504,0.0323,,1,0,0
ReflectionsOff,2314,0.032100339012686163,0.0316,,1,0,0
ReflectionsOff,2315,0.032298754376824945,0.032,,1,0,0
ReflectionsOff,2316,0.032504252885701135,0.0321,,1,0,0
ReflectionsOff,2317,0.044798751332564279,0.0445,,1,0,0
ReflectionsOff,2318,0.049000849685398862,0.0494,,1,0,0
ReflectionsOff,2319,0.13619614765048027,0.1355,,1,0,0
ReflectionsOff,2320,0.10300453868694603,0.1022,,1,0,0
ReflectionsOff,2321,0.048093821533257142,0.0469,,1,0,0
ReflectionsOff,2322,0.036104025639360771,0.0364,,1,0,0
ReflectionsOff,2323,0.034396260161884129,0.0333,,1,0,0
ReflectionsOff,2324,0.032901076338021085,0.0325,,1,0,0
ReflectionsOff,2325,0.0328018722939305,0.0324,,1,0,0
ReflectionsOff,2326,0.0328018722939305,0.0325,,1,0,0
ReflectionsOff,2327,0.032298754376824945,0.0319,,1,0,0
ReflectionsOff,2328,0.032397958420915529,0.032,,1,0,0
ReflectionsOff,2329,0.066900509409606457,0.0675,,1,0,0
ReflectionsOff,2330,0.09460034198127687,0.0936,,1,0,0
ReflectionsOff,2331,0.06590136035811156,0.0648,,1,0,0
ReflectionsOff,2332,0.0395975039282348,0.039,,1,0,0
ReflectionsOff,2333,0.0338010213454254,0.0333,,1,0,0
ReflectionsOff,2334,0.032504252885701135,0.032,,1,0,0
ReflectionsOff,2335,0.032298754376824945,0.0318,,1,0,0
ReflectionsOff,2336,0.032100339012686163,0.0317,,1,0,0
ReflectionsOff,2337,0.032100339012686163,0.0317,,1,0,0
ReflectionsOff,2338,0.031894840503809974,0.0315,,1,0,0
ReflectionsOff,2339,0.032100339012686163,0.0319,,1,0,0
ReflectionsOff,2340,0.032001134968595579,0.0317,,1,0,0
ReflectionsOff,2341,0.0318027196044568,0.0314,,1,0,0
ReflectionsOff,2342,0.032695577829144895,0.0326,,1,0,0
ReflectionsOff,2343,0.046499433665303513,0.0461,,1,0,0
ReflectionsOff,2344,0.032901076338021085,0.0323,,1,0,0
ReflectionsOff,2345,0.028698979804175906,0.0281,,1,0,0
ReflectionsOff,2346,0.029499717129510827,0.0292,,1,0,0
ReflectionsOff,2347,0.032603456929791719,0.0322,,1,0,0
ReflectionsOff,2348,0.032100339012686163,0.0318,,1,0,0
ReflectionsOff,2349,0.031901927286526188,0.0315,,1,0,0
ReflectionsOff,2350,0.03169642877765,0.0314,,1,0,0
ReflectionsOff,2351,0.031901927286526188,0.0316,,1,0,0
ReflectionsOff,2352,0.0318027196044568,0.0314,,1,0,0
ReflectionsOff,2353,0.032199546694755554,0.0318,,1,0,0
ReflectionsOff,2354,0.031894840503809974,0.0316,,1,0,0
ReflectionsOff,2355,0.031901927286526188,0.0316,,1,0,0
ReflectionsOff,2356,0.031498017051490024,0.0312,,1,0,0
ReflectionsOff,2357,0.031901927286526188,0.0316,,1,0,0
ReflectionsOff,2358,0.0318027196044568,0.0314,,1,0,0
ReflectionsOff,2359,0.056200395192718133,0.0561,,1,0,0
ReflectionsOff,2360,0.033694726880639791,0.0333,,1,0,0
ReflectionsOff,2361,0.048703230277169496,0.0493,,1,0,0
ReflectionsOff,2362,0.10790107626235113,0.1072,,1,0,0
ReflectionsOff,2363,0.10559807560639456,0.1048,,1,0,0
ReflectionsOff,2364,0.097498581453692168,0.0973,,1,0,0
ReflectionsOff,2365,0.13120040239300579,0.13,,1,0,0
ReflectionsOff,2366,0.057001132518053055,0.0562,,1,0,0
ReflectionsOff,2367,0.03650084909168072,0.0359,,1,0,0
ReflectionsOff,2368,0.033496315154479817,0.0331,,1,0,0
ReflectionsOff,2369,0.03270266461186111,0.0324,,1,0,0
ReflectionsOff,2370,0.03270266461186111,0.0323,,1,0,0
ReflectionsOff,2371,0.032298754376824945,0.0319,,1,0,0
ReflectionsOff,2372,0.03249716610298492,0.0323,,1,0,0
ReflectionsOff,2373,0.032603456929791719,0.0322,,1,0,0
ReflectionsOff,2374,0.03249716610298492,0.032,,1,0,0
ReflectionsOff,2375,0.032298754376824945,0.032,,1,0,0
ReflectionsOff,2376,0.032298754376824945,0.0319,,1,0,0
ReflectionsOff,2377,0.032206633477471769,0.0318,,1,0,0
ReflectionsOff,2378,0.048497731768293306,0.0492,,1,0,0
ReflectionsOff,2379,0.12470237561501563,0.1232,,1,0,0
ReflectionsOff,2380,0.049794500228017569,0.0489,,1,0,0
ReflectionsOff,2381,0.035204080631956458,0.0349,,1,0,0
ReflectionsOff,2382,0.033198695746250451,0.0328,,1,0,0
ReflectionsOff,2383,0.032596370147075504,0.0322,,1,0,0
ReflectionsOff,2384,0.031901927286526188,0.0315,,1,0,0
ReflectionsOff,2385,0.032001134968595579,0.0315,,1,0,0
ReflectionsOff,2386,0.032199546694755554,0.0318,,1,0,0
ReflectionsOff,2387,0.032100339012686163,0.0318,,1,0,0
ReflectionsOff,2388,0.032199546694755554,0.0319,,1,0,0
ReflectionsOff,2389,0.032100339012686163,0.0316,,1,0,0
ReflectionsOff,2390,0.032199546694755554,0.0318,,1,0,0
ReflectionsOff,2391,0.031703515560366213,0.0313,,1,0,0
ReflectionsOff,2392,0.031894840503809974,0.0316,,1,0,0
ReflectionsOff,2393,0.031901927286526188,0.0316,,1,0,0
ReflectionsOff,2394,0.032199546694755554,0.0317,,1,0,0
ReflectionsOff,2395,0.031703515560366213,0.0313,,1,0,0
ReflectionsOff,2396,0.03179563645971939,0.0315,,1,0,0
ReflectionsOff,2397,0.032100339012686163,0.0317,,1,0,0
ReflectionsOff,2398,0.031604307878296822,0.0313,,1,0,0
ReflectionsOff,2399,0.031894840503809974,0.0316,,1,0,0
